date,close,return,momentum_20d_positive,pos_BuyHold,ret_BuyHold,equity_BuyHold,event_BDE,pos_BDE,ret_BDE,equity_BDE,event_CSW,pos_CSW,ret_CSW,equity_CSW,event_SADF,pos_SADF,ret_SADF,equity_SADF,event_QADF,pos_QADF,ret_QADF,equity_QADF,event_CADF,pos_CADF,ret_CADF,equity_CADF,event_SMT,pos_SMT,ret_SMT,equity_SMT,event_Consensus,pos_Consensus,ret_Consensus,equity_Consensus
2017-08-17,4285.08,0.0,False,1.0,0.0,1.0,0,0.0,0.0,1.0,0,0.0,0.0,1.0,0,0.0,0.0,1.0,0,0.0,0.0,1.0,0,0.0,0.0,1.0,0,0.0,0.0,1.0,0,0.0,0.0,1.0
2017-08-18,4108.37,-0.04123843662195337,False,1.0,-0.04123843662195337,0.9587615633780466,0,0.0,-0.0,1.0,0,0.0,-0.0,1.0,0,0.0,-0.0,1.0,0,0.0,-0.0,1.0,0,0.0,-0.0,1.0,0,0.0,-0.0,1.0,0,0.0,-0.0,1.0
2017-08-19,4139.98,0.007694048978061696,False,1.0,0.007694048978061696,0.9661383218049603,0,0.0,0.0,1.0,0,0.0,0.0,1.0,0,0.0,0.0,1.0,0,0.0,0.0,1.0,0,0.0,0.0,1.0,0,0.0,0.0,1.0,0,0.0,0.0,1.0
2017-08-20,4086.29,-0.012968661684355842,False,1.0,-0.012968661684355842,0.9536088007691804,0,0.0,-0.0,1.0,0,0.0,-0.0,1.0,0,0.0,-0.0,1.0,0,0.0,-0.0,1.0,0,0.0,-0.0,1.0,0,0.0,-0.0,1.0,0,0.0,-0.0,1.0
2017-08-21,4016.0,-0.017201422317065118,False,1.0,-0.017201422317065118,0.9372053730618798,0,0.0,-0.0,1.0,0,0.0,-0.0,1.0,0,0.0,-0.0,1.0,0,0.0,-0.0,1.0,0,0.0,-0.0,1.0,0,0.0,-0.0,1.0,0,0.0,-0.0,1.0
2017-08-22,4040.0,0.005976095617529875,False,1.0,0.005976095617529875,0.9428062019845603,0,0.0,0.0,1.0,0,0.0,0.0,1.0,0,0.0,0.0,1.0,0,0.0,0.0,1.0,0,0.0,0.0,1.0,0,0.0,0.0,1.0,0,0.0,0.0,1.0
2017-08-23,4114.01,0.018319306930693058,False,1.0,0.018319306930693058,0.9600777581748765,0,0.0,0.0,1.0,0,0.0,0.0,1.0,0,0.0,0.0,1.0,0,0.0,0.0,1.0,0,0.0,0.0,1.0,0,0.0,0.0,1.0,0,0.0,0.0,1.0
2017-08-24,4316.01,0.049100512638520666,False,1.0,0.049100512638520666,1.0072180682741045,0,0.0,0.0,1.0,0,0.0,0.0,1.0,0,0.0,0.0,1.0,0,0.0,0.0,1.0,0,0.0,0.0,1.0,0,0.0,0.0,1.0,0,0.0,0.0,1.0
2017-08-25,4280.68,-0.008185801237717172,False,1.0,-0.008185801237717172,0.9989731813641752,0,0.0,-0.0,1.0,0,0.0,-0.0,1.0,0,0.0,-0.0,1.0,0,0.0,-0.0,1.0,0,0.0,-0.0,1.0,0,0.0,-0.0,1.0,0,0.0,-0.0,1.0
2017-08-26,4337.44,0.013259575581449523,False,1.0,0.013259575581449523,1.0122191417663147,0,0.0,0.0,1.0,0,0.0,0.0,1.0,0,0.0,0.0,1.0,0,0.0,0.0,1.0,0,0.0,0.0,1.0,0,0.0,0.0,1.0,0,0.0,0.0,1.0
2017-08-27,4310.01,-0.006324006787413627,False,1.0,-0.006324006787413627,1.0058178610434345,0,0.0,-0.0,1.0,0,0.0,-0.0,1.0,0,0.0,-0.0,1.0,0,0.0,-0.0,1.0,0,0.0,-0.0,1.0,0,0.0,-0.0,1.0,0,0.0,-0.0,1.0
2017-08-28,4386.69,0.017791142015911587,False,1.0,0.017791142015911587,1.0237125094513986,0,0.0,0.0,1.0,0,0.0,0.0,1.0,0,0.0,0.0,1.0,0,0.0,0.0,1.0,0,0.0,0.0,1.0,0,0.0,0.0,1.0,0,0.0,0.0,1.0
2017-08-29,4587.48,0.04577255288155757,False,1.0,0.04577255288155757,1.0705704444257746,0,0.0,0.0,1.0,0,0.0,0.0,1.0,0,0.0,0.0,1.0,0,0.0,0.0,1.0,0,0.0,0.0,1.0,0,0.0,0.0,1.0,0,0.0,0.0,1.0
2017-08-30,4555.14,-0.007049622014700718,False,1.0,-0.007049622014700718,1.0630233274524628,0,0.0,-0.0,1.0,0,0.0,-0.0,1.0,0,0.0,-0.0,1.0,0,0.0,-0.0,1.0,0,0.0,-0.0,1.0,0,0.0,-0.0,1.0,0,0.0,-0.0,1.0
2017-08-31,4724.89,0.03726559447130051,False,1.0,0.03726559447130051,1.1026375236868386,0,0.0,0.0,1.0,0,0.0,0.0,1.0,0,0.0,0.0,1.0,0,0.0,0.0,1.0,0,0.0,0.0,1.0,0,0.0,0.0,1.0,0,0.0,0.0,1.0
2017-09-01,4834.91,0.023285198173925714,False,1.0,0.023285198173925714,1.1283126569398934,0,0.0,0.0,1.0,0,0.0,0.0,1.0,0,0.0,0.0,1.0,0,0.0,0.0,1.0,0,0.0,0.0,1.0,0,0.0,0.0,1.0,0,0.0,0.0,1.0
2017-09-02,4472.14,-0.0750313863132922,False,1.0,-0.0750313863132922,1.0436537940948591,0,0.0,-0.0,1.0,0,0.0,-0.0,1.0,0,0.0,-0.0,1.0,0,0.0,-0.0,1.0,0,0.0,-0.0,1.0,0,0.0,-0.0,1.0,0,0.0,-0.0,1.0
2017-09-03,4509.08,0.008260027637775114,False,1.0,0.008260027637775114,1.0522744032783515,0,0.0,0.0,1.0,0,0.0,0.0,1.0,0,0.0,0.0,1.0,0,0.0,0.0,1.0,0,0.0,0.0,1.0,0,0.0,0.0,1.0,0,0.0,0.0,1.0
2017-09-04,4100.11,-0.09069921136905978,False,1.0,-0.09069921136905978,0.9568339447571571,0,0.0,-0.0,1.0,0,0.0,-0.0,1.0,0,0.0,-0.0,1.0,0,0.0,-0.0,1.0,0,0.0,-0.0,1.0,0,0.0,-0.0,1.0,0,0.0,-0.0,1.0
2017-09-05,4366.47,0.0649641107189809,False,1.0,0.0649641107189809,1.0189938110840404,0,0.0,0.0,1.0,0,0.0,0.0,1.0,0,0.0,0.0,1.0,0,0.0,0.0,1.0,0,0.0,0.0,1.0,0,0.0,0.0,1.0,0,0.0,0.0,1.0
2017-09-06,4619.77,0.058010246262999665,True,1.0,0.058010246262999665,1.078105893005498,0,0.0,0.0,1.0,0,0.0,0.0,1.0,0,0.0,0.0,1.0,0,0.0,0.0,1.0,0,0.0,0.0,1.0,0,0.0,0.0,1.0,0,0.0,0.0,1.0
2017-09-07,4691.61,0.015550557711747404,True,1.0,0.015550557711747404,1.094871040914055,0,0.0,0.0,1.0,0,0.0,0.0,1.0,0,0.0,0.0,1.0,0,0.0,0.0,1.0,0,0.0,0.0,1.0,0,0.0,0.0,1.0,0,0.0,0.0,1.0
2017-09-08,4282.8,-0.08713639880552726,True,1.0,-0.08713639880552726,0.9994679212523451,0,0.0,-0.0,1.0,0,0.0,-0.0,1.0,0,0.0,-0.0,1.0,0,0.0,-0.0,1.0,0,0.0,-0.0,1.0,0,0.0,-0.0,1.0,0,0.0,-0.0,1.0
2017-09-09,4258.81,-0.005601475670122258,True,1.0,-0.005601475670122258,0.9938694260083824,0,0.0,-0.0,1.0,0,0.0,-0.0,1.0,0,0.0,-0.0,1.0,0,0.0,-0.0,1.0,0,0.0,-0.0,1.0,0,0.0,-0.0,1.0,0,0.0,-0.0,1.0
2017-09-10,4130.37,-0.03015865934380746,True,1.0,-0.03015865934380746,0.9638956565571701,0,0.0,-0.0,1.0,0,0.0,-0.0,1.0,0,0.0,-0.0,1.0,0,0.0,-0.0,1.0,0,0.0,-0.0,1.0,0,0.0,-0.0,1.0,0,0.0,-0.0,1.0
2017-09-11,4208.47,0.018908717620939708,True,1.0,0.018908717620939708,0.9821216873430599,0,0.0,0.0,1.0,0,0.0,0.0,1.0,0,0.0,0.0,1.0,0,0.0,0.0,1.0,0,0.0,0.0,1.0,0,0.0,0.0,1.0,0,0.0,0.0,1.0
2017-09-12,4163.72,-0.01063331804670109,True,1.0,-0.01063331804670109,0.9716784750809785,0,0.0,-0.0,1.0,0,0.0,-0.0,1.0,0,0.0,-0.0,1.0,0,0.0,-0.0,1.0,0,0.0,-0.0,1.0,0,0.0,-0.0,1.0,0,0.0,-0.0,1.0
2017-09-13,3944.69,-0.05260440183297632,False,1.0,-0.05260440183297632,0.920563910125365,0,0.0,-0.0,1.0,0,0.0,-0.0,1.0,0,0.0,-0.0,1.0,0,0.0,-0.0,1.0,0,0.0,-0.0,1.0,0,0.0,-0.0,1.0,0,0.0,-0.0,1.0
2017-09-14,3189.02,-0.1915663841772104,False,1.0,-0.1915663841772104,0.7442148104586144,0,0.0,-0.0,1.0,0,0.0,-0.0,1.0,0,0.0,-0.0,1.0,0,0.0,-0.0,1.0,0,0.0,-0.0,1.0,0,0.0,-0.0,1.0,0,0.0,-0.0,1.0
2017-09-15,3700.0,0.16023104276548916,False,1.0,0.16023104276548916,0.863461125579919,0,0.0,0.0,1.0,0,0.0,0.0,1.0,0,0.0,0.0,1.0,0,0.0,0.0,1.0,0,0.0,0.0,1.0,0,0.0,0.0,1.0,0,0.0,0.0,1.0
2017-09-16,3714.95,0.004040540540540594,False,1.0,0.004040540540540594,0.8669499752630055,0,0.0,0.0,1.0,0,0.0,0.0,1.0,0,0.0,0.0,1.0,0,0.0,0.0,1.0,0,0.0,0.0,1.0,0,0.0,0.0,1.0,0,0.0,0.0,1.0
2017-09-17,3699.99,-0.00402697209922076,False,1.0,-0.00402697209922076,0.8634587919012013,0,0.0,-0.0,1.0,0,0.0,-0.0,1.0,0,0.0,-0.0,1.0,0,0.0,-0.0,1.0,0,0.0,-0.0,1.0,0,0.0,-0.0,1.0,0,0.0,-0.0,1.0
2017-09-18,4035.01,0.09054619066538039,False,1.0,0.09054619066538039,0.9416416963043865,0,0.0,0.0,1.0,0,0.0,0.0,1.0,0,0.0,0.0,1.0,0,0.0,0.0,1.0,0,0.0,0.0,1.0,0,0.0,0.0,1.0,0,0.0,0.0,1.0
2017-09-19,3910.04,-0.030971422623487954,False,1.0,-0.030971422623487954,0.9124777133682453,0,0.0,-0.0,1.0,0,0.0,-0.0,1.0,0,0.0,-0.0,1.0,0,0.0,-0.0,1.0,0,0.0,-0.0,1.0,0,0.0,-0.0,1.0,0,0.0,-0.0,1.0
2017-09-20,3900.0,-0.002567748667532843,False,1.0,-0.002567748667532843,0.9101346999355906,0,0.0,-0.0,1.0,0,0.0,-0.0,1.0,0,0.0,-0.0,1.0,0,0.0,-0.0,1.0,0,0.0,-0.0,1.0,0,0.0,-0.0,1.0,0,0.0,-0.0,1.0
2017-09-21,3609.99,-0.07436153846153848,False,1.0,-0.07436153846153848,0.8424556834411494,0,0.0,-0.0,1.0,0,0.0,-0.0,1.0,0,0.0,-0.0,1.0,0,0.0,-0.0,1.0,0,0.0,-0.0,1.0,0,0.0,-0.0,1.0,0,0.0,-0.0,1.0
2017-09-22,3595.87,-0.003911368175535057,False,1.0,-0.003911368175535057,0.8391605290916391,0,0.0,-0.0,1.0,0,0.0,-0.0,1.0,0,0.0,-0.0,1.0,0,0.0,-0.0,1.0,0,0.0,-0.0,1.0,0,0.0,-0.0,1.0,0,0.0,-0.0,1.0
2017-09-23,3780.0,0.051205966845297546,False,1.0,0.051205966845297546,0.8821305553221879,0,0.0,0.0,1.0,0,0.0,0.0,1.0,0,0.0,0.0,1.0,0,0.0,0.0,1.0,0,0.0,0.0,1.0,0,0.0,0.0,1.0,0,0.0,0.0,1.0
2017-09-24,3660.02,-0.031740740740740736,False,1.0,-0.031740740740740736,0.8541310780662207,0,0.0,-0.0,1.0,0,0.0,-0.0,1.0,0,0.0,-0.0,1.0,0,0.0,-0.0,1.0,0,0.0,-0.0,1.0,0,0.0,-0.0,1.0,0,0.0,-0.0,1.0
2017-09-25,3920.75,0.07123731564308389,False,1.0,0.07123731564308389,0.9149770832749916,0,0.0,0.0,1.0,0,0.0,0.0,1.0,0,0.0,0.0,1.0,0,0.0,0.0,1.0,0,0.0,0.0,1.0,0,0.0,0.0,1.0,0,0.0,0.0,1.0
2017-09-26,3882.35,-0.009794044506790778,False,1.0,-0.009794044506790778,0.9060157569987027,0,0.0,-0.0,1.0,0,0.0,-0.0,1.0,0,0.0,-0.0,1.0,0,0.0,-0.0,1.0,0,0.0,-0.0,1.0,0,0.0,-0.0,1.0,0,0.0,-0.0,1.0
2017-09-27,4193.0,0.08001596970906788,False,1.0,0.08001596970906788,0.9785114863666491,0,0.0,0.0,1.0,0,0.0,0.0,1.0,0,0.0,0.0,1.0,0,0.0,0.0,1.0,0,0.0,0.0,1.0,0,0.0,0.0,1.0,0,0.0,0.0,1.0
2017-09-28,4174.5,-0.004412115430479369,False,1.0,-0.004412115430479369,0.9741941807387495,0,0.0,-0.0,1.0,0,0.0,-0.0,1.0,0,0.0,-0.0,1.0,0,0.0,-0.0,1.0,0,0.0,-0.0,1.0,0,0.0,-0.0,1.0,0,0.0,-0.0,1.0
2017-09-29,4174.69,4.5514432866156085e-05,False,1.0,4.5514432866156085e-05,0.9742385206343873,0,0.0,0.0,1.0,0,0.0,0.0,1.0,0,0.0,0.0,1.0,0,0.0,0.0,1.0,0,0.0,0.0,1.0,0,0.0,0.0,1.0,0,0.0,0.0,1.0
2017-09-30,4378.51,0.04882278684165775,True,1.0,0.04882278684165775,1.021803560260252,0,0.0,0.0,1.0,0,0.0,0.0,1.0,0,0.0,0.0,1.0,0,0.0,0.0,1.0,0,0.0,0.0,1.0,0,0.0,0.0,1.0,0,0.0,0.0,1.0
2017-10-01,4378.48,-6.851645879657475e-06,True,1.0,-6.851645879657475e-06,1.0217965592240985,0,0.0,-0.0,1.0,0,0.0,-0.0,1.0,0,0.0,-0.0,1.0,0,0.0,-0.0,1.0,0,0.0,-0.0,1.0,0,0.0,-0.0,1.0,0,0.0,-0.0,1.0
2017-10-02,4380.0,0.0003471524364619949,True,1.0,0.0003471524364619949,1.0221512783892017,0,0.0,0.0,1.0,0,0.0,0.0,1.0,0,0.0,0.0,1.0,0,0.0,0.0,1.0,0,0.0,0.0,1.0,0,0.0,0.0,1.0,0,0.0,0.0,1.0
2017-10-03,4310.0,-0.01598173515981738,True,1.0,-0.01598173515981738,1.0058155273647167,0,0.0,-0.0,1.0,0,0.0,-0.0,1.0,0,0.0,-0.0,1.0,0,0.0,-0.0,1.0,0,0.0,-0.0,1.0,0,0.0,-0.0,1.0,0,0.0,-0.0,1.0
2017-10-04,4208.59,-0.02352900232018562,True,1.0,-0.02352900232018562,0.9821496914876735,0,0.0,-0.0,1.0,0,0.0,-0.0,1.0,0,0.0,-0.0,1.0,0,0.0,-0.0,1.0,0,0.0,-0.0,1.0,0,0.0,-0.0,1.0,0,0.0,-0.0,1.0
2017-10-05,4292.43,0.019921161244027097,True,1.0,0.019921161244027097,1.0017152538575709,0,0.0,0.0,1.0,0,0.0,0.0,1.0,0,0.0,0.0,1.0,0,0.0,0.0,1.0,0,0.0,0.0,1.0,0,0.0,0.0,1.0,0,0.0,0.0,1.0
2017-10-06,4369.0,0.017838380590947223,True,1.0,0.017838380590947223,1.0195842317996395,0,0.0,0.0,1.0,0,0.0,0.0,1.0,0,0.0,0.0,1.0,0,0.0,0.0,1.0,0,0.0,0.0,1.0,0,0.0,0.0,1.0,0,0.0,0.0,1.0
2017-10-07,4423.0,0.012359807736324058,True,1.0,0.012359807736324058,1.0321860968756706,0,0.0,0.0,1.0,0,0.0,0.0,1.0,0,0.0,0.0,1.0,0,0.0,0.0,1.0,0,0.0,0.0,1.0,0,0.0,0.0,1.0,0,0.0,0.0,1.0
2017-10-08,4640.0,0.04906172281257071,True,1.0,0.04906172281257071,1.082826925051574,0,0.0,0.0,1.0,0,0.0,0.0,1.0,0,0.0,0.0,1.0,0,0.0,0.0,1.0,0,0.0,0.0,1.0,0,0.0,0.0,1.0,0,0.0,0.0,1.0
2017-10-09,4786.95,0.03167025862068962,True,1.0,0.03167025862068962,1.1171203338094036,0,0.0,0.0,1.0,0,0.0,0.0,1.0,0,0.0,0.0,1.0,0,0.0,0.0,1.0,0,0.0,0.0,1.0,0,0.0,0.0,1.0,0,0.0,0.0,1.0
2017-10-10,4783.06,-0.0008126259935865576,True,1.0,-0.0008126259935865576,1.116212532788186,0,0.0,-0.0,1.0,0,0.0,-0.0,1.0,0,0.0,-0.0,1.0,0,0.0,-0.0,1.0,0,0.0,-0.0,1.0,0,0.0,-0.0,1.0,0,0.0,-0.0,1.0
2017-10-11,4821.43,0.008022061190952945,True,1.0,0.008022061190952945,1.1251668580283214,0,0.0,0.0,1.0,0,0.0,0.0,1.0,0,0.0,0.0,1.0,0,0.0,0.0,1.0,0,0.0,0.0,1.0,0,0.0,0.0,1.0,0,0.0,0.0,1.0
2017-10-12,5430.0,0.1262218885268478,True,1.0,0.1262218885268478,1.2671875437564757,0,0.0,0.0,1.0,1,0.0,0.0,1.0,0,0.0,0.0,1.0,0,0.0,0.0,1.0,0,0.0,0.0,1.0,0,0.0,0.0,1.0,0,0.0,0.0,1.0
2017-10-13,5649.98,0.04051197053406996,True,1.0,0.04051197053406996,1.3185238081902786,0,0.0,0.0,1.0,0,1.0,0.03951197053406996,1.03951197053407,0,0.0,0.0,1.0,0,0.0,0.0,1.0,0,0.0,0.0,1.0,0,0.0,0.0,1.0,0,0.0,0.0,1.0
2017-10-14,5869.99,0.038939960849418975,True,1.0,0.038939960849418975,1.3698670736602347,0,0.0,0.0,1.0,0,1.0,0.038939960849418975,1.0799905259691691,0,0.0,0.0,1.0,0,0.0,0.0,1.0,0,0.0,0.0,1.0,0,0.0,0.0,1.0,0,0.0,0.0,1.0
2017-10-15,5709.99,-0.027257286639329914,True,1.0,-0.027257286639329914,1.3325282141756976,0,0.0,-0.0,1.0,0,1.0,-0.027257286639329914,1.0505529146350667,0,0.0,-0.0,1.0,0,0.0,-0.0,1.0,0,0.0,-0.0,1.0,0,0.0,-0.0,1.0,0,0.0,-0.0,1.0
2017-10-16,5760.02,0.008761836710747373,True,1.0,0.008761836710747373,1.3442036088007687,0,0.0,0.0,1.0,0,1.0,0.008761836710747373,1.0597576877290988,0,0.0,0.0,1.0,0,0.0,0.0,1.0,0,0.0,0.0,1.0,0,0.0,0.0,1.0,0,0.0,0.0,1.0
2017-10-17,5595.0,-0.028649206079145673,True,1.0,-0.028649206079145673,1.3056932425999042,0,0.0,-0.0,1.0,0,1.0,-0.028649206079145673,1.029396471339389,0,0.0,-0.0,1.0,0,0.0,-0.0,1.0,0,0.0,-0.0,1.0,0,0.0,-0.0,1.0,0,0.0,-0.0,1.0
2017-10-18,5512.06,-0.014823949955317217,True,1.0,-0.014823949955317217,1.2863377113146073,0,0.0,-0.0,1.0,0,1.0,-0.014823949955317217,1.0141367495640738,0,0.0,-0.0,1.0,0,0.0,-0.0,1.0,0,0.0,-0.0,1.0,0,0.0,-0.0,1.0,0,0.0,-0.0,1.0
2017-10-19,5683.9,0.031175277482465624,True,1.0,0.031175277482465624,1.326439646401,0,0.0,0.0,1.0,0,1.0,0.031175277482465624,1.0457527441368997,0,0.0,0.0,1.0,0,0.0,0.0,1.0,0,0.0,0.0,1.0,0,0.0,0.0,1.0,0,0.0,0.0,1.0
2017-10-20,6010.01,0.05737433804254133,True,1.0,0.05737433804254133,1.40254324306664,0,0.0,0.0,1.0,0,1.0,0.05737433804254133,1.1057521155879253,0,0.0,0.0,1.0,0,0.0,0.0,1.0,0,0.0,0.0,1.0,0,0.0,0.0,1.0,0,0.0,0.0,1.0
2017-10-21,6024.97,0.0024891805504483333,True,1.0,0.0024891805504483333,1.4060344264284443,0,0.0,0.0,1.0,0,1.0,0.0024891805504483333,1.1085045322476639,0,0.0,0.0,1.0,0,0.0,0.0,1.0,0,0.0,0.0,1.0,0,0.0,0.0,1.0,0,0.0,0.0,1.0
2017-10-22,5950.02,-0.012439895966286918,True,1.0,-0.012439895966286918,1.3885435044386565,0,0.0,-0.0,1.0,0,1.0,-0.012439895966286918,1.0947148511883453,0,0.0,-0.0,1.0,0,0.0,-0.0,1.0,0,0.0,-0.0,1.0,0,0.0,-0.0,1.0,0,0.0,-0.0,1.0
2017-10-23,5915.93,-0.0057293925062437134,True,1.0,-0.0057293925062437134,1.3805879936897323,0,0.0,-0.0,1.0,0,1.0,-0.0057293925062437134,1.0884428001234732,0,0.0,-0.0,1.0,0,0.0,-0.0,1.0,0,0.0,-0.0,1.0,0,0.0,-0.0,1.0,0,0.0,-0.0,1.0
2017-10-24,5477.03,-0.07418951880769387,True,1.0,-0.07418951880769387,1.2781628347662115,0,0.0,-0.0,1.0,0,1.0,-0.07418951880769387,1.0076917525326137,0,0.0,-0.0,1.0,0,0.0,-0.0,1.0,0,0.0,-0.0,1.0,0,0.0,-0.0,1.0,0,0.0,-0.0,1.0
2017-10-25,5689.99,0.038882386987108,True,1.0,0.038882386987108,1.3278608567401302,0,0.0,0.0,1.0,0,1.0,0.038882386987108,1.0468732132183038,0,0.0,0.0,1.0,0,0.0,0.0,1.0,0,0.0,0.0,1.0,0,0.0,0.0,1.0,0,0.0,0.0,1.0
2017-10-26,5861.77,0.030189859736133196,True,1.0,0.030189859736133196,1.3679487897542164,0,0.0,0.0,1.0,0,1.0,0.030189859736133196,1.0784781686868794,0,0.0,0.0,1.0,0,0.0,0.0,1.0,0,0.0,0.0,1.0,0,0.0,0.0,1.0,0,0.0,0.0,1.0
2017-10-27,5768.83,-0.01585527920747498,True,1.0,-0.01585527920747498,1.3462595797511359,0,0.0,-0.0,1.0,0,1.0,-0.01585527920747498,1.0613785962031825,0,0.0,-0.0,1.0,0,0.0,-0.0,1.0,0,0.0,-0.0,1.0,0,0.0,-0.0,1.0,0,0.0,-0.0,1.0
2017-10-28,5719.64,-0.00852685899913841,True,1.0,-0.00852685899913841,1.3347802141383587,0,0.0,-0.0,1.0,0,1.0,-0.00852685899913841,1.0523283705686546,0,0.0,-0.0,1.0,0,0.0,-0.0,1.0,0,0.0,-0.0,1.0,0,0.0,-0.0,1.0,0,0.0,-0.0,1.0
2017-10-29,6169.98,0.07873572462602518,True,1.0,0.07873572462602518,1.4398751015150235,0,0.0,0.0,1.0,0,1.0,0.07873572462602518,1.1351842073699019,0,0.0,0.0,1.0,0,0.0,0.0,1.0,0,0.0,0.0,1.0,0,0.0,0.0,1.0,0,0.0,0.0,1.0
2017-10-30,6120.5,-0.008019474941571847,True,1.0,-0.008019474941571847,1.4283280592194305,0,0.0,-0.0,1.0,0,1.0,-0.008019474941571847,1.1260806260648308,0,0.0,-0.0,1.0,0,0.0,-0.0,1.0,0,0.0,-0.0,1.0,0,0.0,-0.0,1.0,0,0.0,-0.0,1.0
2017-10-31,6463.0,0.05595948043460508,True,1.0,0.05595948043460508,1.5082565553035177,0,0.0,0.0,1.0,0,1.0,0.05595948043460508,1.1890955128268936,0,0.0,0.0,1.0,0,0.0,0.0,1.0,0,0.0,0.0,1.0,0,0.0,0.0,1.0,0,0.0,0.0,1.0
2017-11-01,6753.98,0.04502243540151629,True,1.0,0.04502243540151629,1.5761619386335837,0,0.0,0.0,1.0,0,1.0,0.04502243540151629,1.2426314887393752,0,0.0,0.0,1.0,0,0.0,0.0,1.0,0,0.0,0.0,1.0,0,0.0,0.0,1.0,0,0.0,0.0,1.0
2017-11-02,7019.98,0.039384185324801146,True,1.0,0.039384185324801146,1.6382377925266265,0,0.0,0.0,1.0,0,0.0,-0.001,1.241388857250636,0,0.0,0.0,1.0,0,0.0,0.0,1.0,0,0.0,0.0,1.0,0,0.0,0.0,1.0,0,0.0,0.0,1.0
2017-11-03,7115.04,0.013541349120652857,True,1.0,0.013541349120652857,1.660421742417877,0,0.0,0.0,1.0,0,0.0,0.0,1.241388857250636,0,0.0,0.0,1.0,0,0.0,0.0,1.0,0,0.0,0.0,1.0,0,0.0,0.0,1.0,0,0.0,0.0,1.0
2017-11-04,7357.09,0.03401948548426992,True,1.0,0.03401948548426992,1.7169084357818283,0,0.0,0.0,1.0,0,0.0,0.0,1.241388857250636,0,0.0,0.0,1.0,0,0.0,0.0,1.0,0,0.0,0.0,1.0,0,0.0,0.0,1.0,0,0.0,0.0,1.0
2017-11-05,7345.01,-0.001641953544132213,True,1.0,-0.001641953544132213,1.7140893518907458,0,0.0,-0.0,1.0,0,0.0,-0.0,1.241388857250636,0,0.0,-0.0,1.0,0,0.0,-0.0,1.0,0,0.0,-0.0,1.0,0,0.0,-0.0,1.0,0,0.0,-0.0,1.0
2017-11-06,6960.12,-0.05240156242129013,True,1.0,-0.05240156242129013,1.6242683917219742,0,0.0,-0.0,1.0,0,0.0,-0.0,1.241388857250636,0,0.0,-0.0,1.0,0,0.0,-0.0,1.0,0,0.0,-0.0,1.0,0,0.0,-0.0,1.0,0,0.0,-0.0,1.0
2017-11-07,7064.04,0.014930777055568,True,1.0,0.014930777055568,1.648519980957181,1,0.0,0.0,1.0,0,0.0,0.0,1.241388857250636,0,0.0,0.0,1.0,0,0.0,0.0,1.0,0,0.0,0.0,1.0,0,0.0,0.0,1.0,0,0.0,0.0,1.0
2017-11-08,7303.0,0.03382766801999981,True,1.0,0.03382766801999981,1.704285567597337,1,1.0,0.03282766801999981,1.03282766802,0,0.0,0.0,1.241388857250636,0,0.0,0.0,1.0,0,0.0,0.0,1.0,0,0.0,0.0,1.0,0,0.0,0.0,1.0,0,0.0,0.0,1.0
2017-11-09,7079.99,-0.030536765712720793,True,1.0,-0.030536765712720793,1.6522421985120457,1,1.0,-0.030536765712720793,1.0012884515000575,0,0.0,-0.0,1.241388857250636,0,0.0,-0.0,1.0,0,0.0,-0.0,1.0,0,0.0,-0.0,1.0,0,0.0,-0.0,1.0,0,0.0,-0.0,1.0
2017-11-10,6506.98,-0.08093373013238725,True,1.0,-0.08093373013238725,1.5185200743043297,1,1.0,-0.08093373013238725,0.920250442181676,0,0.0,-0.0,1.241388857250636,0,0.0,-0.0,1.0,0,0.0,-0.0,1.0,0,0.0,-0.0,1.0,0,0.0,-0.0,1.0,0,0.0,-0.0,1.0
2017-11-11,6245.05,-0.0402536967994368,True,1.0,-0.0402536967994368,1.457394027649425,1,1.0,-0.0402536967994368,0.8832069599025472,0,0.0,-0.0,1.241388857250636,0,0.0,-0.0,1.0,0,0.0,-0.0,1.0,0,0.0,-0.0,1.0,0,0.0,-0.0,1.0,0,0.0,-0.0,1.0
2017-11-12,5811.03,-0.06949824260814574,False,1.0,-0.06949824260814574,1.3561077039401825,0,1.0,-0.06949824260814574,0.8218256283300371,0,0.0,-0.0,1.241388857250636,0,0.0,-0.0,1.0,0,0.0,-0.0,1.0,0,0.0,-0.0,1.0,0,0.0,-0.0,1.0,0,0.0,-0.0,1.0
2017-11-13,6465.99,0.11270979499331446,True,1.0,0.11270979499331446,1.508954325240135,0,1.0,0.11270979499331446,0.9144534264193674,0,0.0,0.0,1.241388857250636,0,0.0,0.0,1.0,0,0.0,0.0,1.0,0,0.0,0.0,1.0,0,0.0,0.0,1.0,0,0.0,0.0,1.0
2017-11-14,6574.99,0.01685743405108875,True,1.0,0.01685743405108875,1.5343914232639757,0,1.0,0.01685743405108875,0.929868764748024,0,0.0,0.0,1.241388857250636,0,0.0,0.0,1.0,0,0.0,0.0,1.0,0,0.0,0.0,1.0,0,0.0,0.0,1.0,0,0.0,0.0,1.0
2017-11-15,7240.06,0.10115148464104129,True,1.0,0.10115148464104129,1.6895973937476072,0,1.0,0.10115148464104129,1.023926370823618,1,0.0,0.0,1.241388857250636,0,0.0,0.0,1.0,0,0.0,0.0,1.0,0,0.0,0.0,1.0,0,0.0,0.0,1.0,0,0.0,0.0,1.0
2017-11-16,7864.5,0.08624790402289473,True,1.0,0.08624790402289473,1.835321627600884,1,1.0,0.08624790402289473,1.1122378741809242,1,1.0,0.08524790402289473,1.347214655408629,0,0.0,0.0,1.0,0,0.0,0.0,1.0,0,0.0,0.0,1.0,0,0.0,0.0,1.0,1,0.0,0.0,1.0
2017-11-17,7699.19,-0.02101977239493935,True,1.0,-0.02101977239493935,1.7967435847172037,1,1.0,-0.02101977239493935,1.08885888721661,0,1.0,-0.02101977239493935,1.3188965099848131,0,0.0,-0.0,1.0,0,0.0,-0.0,1.0,0,0.0,-0.0,1.0,0,0.0,-0.0,1.0,0,1.0,-0.022019772394939352,0.9779802276050606
2017-11-18,7761.94,0.008150208008894433,True,1.0,0.008150208008894433,1.8113874186712955,1,1.0,0.008150208008894433,1.0977333136397587,0,1.0,0.008150208008894433,1.3296457908833943,0,0.0,0.0,1.0,0,0.0,0.0,1.0,0,0.0,0.0,1.0,0,0.0,0.0,1.0,0,1.0,0.008150208008894433,0.9859509698886278
2017-11-19,8038.0,0.03556585080534003,True,1.0,0.03556585080534003,1.8758109533544287,1,1.0,0.03556585080534003,1.136775132896722,0,1.0,0.03556585080534003,1.3769357747059014,0,0.0,0.0,1.0,0,0.0,0.0,1.0,0,0.0,0.0,1.0,0,0.0,0.0,1.0,0,1.0,0.03556585080534003,1.021017154985067
2017-11-20,8212.0,0.02164717591440657,True,1.0,0.02164717591440657,1.9164169630438628,1,1.0,0.02164717591440657,1.1613831041736602,0,1.0,0.02164717591440657,1.4067425456437999,0,0.0,0.0,1.0,0,0.0,0.0,1.0,0,0.0,0.0,1.0,0,0.0,0.0,1.0,0,1.0,0.02164717591440657,1.0431192929506556
2017-11-21,8119.51,-0.011262786166585492,True,1.0,-0.011262786166585492,1.8948327685830826,1,1.0,-0.011262786166585492,1.148302694613867,0,1.0,-0.011262786166585492,1.3908987051607755,0,0.0,-0.0,1.0,0,0.0,-0.0,1.0,0,0.0,-0.0,1.0,0,0.0,-0.0,1.0,0,1.0,-0.011262786166585492,1.0313708634079126
2017-11-22,8205.92,0.010642267821580287,True,1.0,0.010642267821580287,1.9149980863834501,1,1.0,0.010642267821580287,1.16052323943019,0,1.0,0.010642267821580287,1.4057010216937857,0,0.0,0.0,1.0,0,0.0,0.0,1.0,0,0.0,0.0,1.0,0,0.0,0.0,1.0,0,1.0,0.010642267821580287,1.042346988359674
2017-11-23,8019.99,-0.02265803224988794,True,1.0,-0.02265803224988794,1.8716079979837001,1,1.0,-0.02265803224988794,1.1342280664444364,0,1.0,-0.02265803224988794,1.3738506026105475,0,0.0,-0.0,1.0,0,0.0,-0.0,1.0,0,0.0,-0.0,1.0,0,0.0,-0.0,1.0,0,1.0,-0.02265803224988794,1.018729456681847
2017-11-24,8138.0,0.014714482187633715,True,1.0,0.014714482187633715,1.899147740532264,1,1.0,0.014714482187633715,1.1509176451248473,0,1.0,0.014714482187633715,1.3940661028311303,0,0.0,0.0,1.0,0,0.0,0.0,1.0,0,0.0,0.0,1.0,0,0.0,0.0,1.0,0,1.0,0.014714482187633715,1.03371953312621
2017-11-25,8700.01,0.06905996559351202,True,1.0,0.06905996559351202,2.0303028181504184,1,1.0,0.06905996559351202,1.2303999780981352,0,1.0,0.06905996559351202,1.4903402599277296,0,0.0,0.0,1.0,0,0.0,0.0,1.0,0,0.0,0.0,1.0,0,0.0,0.0,1.0,0,1.0,0.06905996559351202,1.1051081685172472
2017-11-26,9128.02,0.04919649517644231,True,1.0,0.04919649517644231,2.130186600950273,1,1.0,0.04919649517644231,1.290931344685735,0,1.0,0.04919649517644231,1.563659777336522,0,0.0,0.0,1.0,0,0.0,0.0,1.0,0,0.0,0.0,1.0,0,0.0,0.0,1.0,0,1.0,0.04919649517644231,1.159475617199153
2017-11-27,9650.0,0.057184361997453914,True,1.0,0.057184361997453914,2.251999962661139,1,1.0,0.057184361997453914,1.3647524300141038,0,1.0,0.057184361997453914,1.6530766640845918,0,0.0,0.0,1.0,0,0.0,0.0,1.0,0,0.0,0.0,1.0,0,0.0,0.0,1.0,0,1.0,0.057184361997453914,1.2257794906202906
2017-11-28,9896.8,0.025575129533678576,True,1.0,0.025575129533678576,2.309595153416037,1,1.0,0.025575129533678576,1.399656150193117,0,1.0,0.025575129533678576,1.6953543138976566,0,0.0,0.0,1.0,0,0.0,0.0,1.0,0,0.0,0.0,1.0,0,0.0,0.0,1.0,0,1.0,0.025575129533678576,1.257128959872631
2017-11-29,9687.88,-0.02110985369008167,True,1.0,-0.02110985369008167,2.2608399376441026,1,1.0,-0.02110985369008167,1.3701096136461175,0,1.0,-0.02110985369008167,1.6595656323784282,0,0.0,-0.0,1.0,0,0.0,-0.0,1.0,0,0.0,-0.0,1.0,0,0.0,-0.0,1.0,0,1.0,-0.02110985369008167,1.230591151460155
2017-11-30,9838.96,0.01559474312233422,True,1.0,0.01559474312233422,2.2960971557123764,1,1.0,0.01559474312233422,1.3914761211203692,0,1.0,0.01559474312233422,1.685446132110024,0,0.0,0.0,1.0,0,0.0,0.0,1.0,0,0.0,0.0,1.0,0,0.0,0.0,1.0,0,1.0,0.01559474312233422,1.2497819043557936
2017-12-01,10782.99,0.09594814899135695,True,1.0,0.09594814899135695,2.5164034277072984,1,1.0,0.09594814899135695,1.5249856793075418,1,1.0,0.09594814899135695,1.8471615687106229,0,0.0,0.0,1.0,0,0.0,0.0,1.0,0,0.0,0.0,1.0,0,0.0,0.0,1.0,1,1.0,0.09594814899135695,1.369696164721625
2017-12-02,10890.01,0.009924890962525357,True,1.0,0.009924890962525357,2.541378457345018,1,1.0,0.009924890962525357,1.5401209958940818,1,1.0,0.009924890962525357,1.8654944458702432,0,0.0,0.0,1.0,0,0.0,0.0,1.0,0,0.0,0.0,1.0,0,0.0,0.0,1.0,1,1.0,0.009924890962525357,1.3832902498082764
2017-12-03,11165.41,0.025289232975910902,True,1.0,0.025289232975910902,2.6056479692327774,1,1.0,0.025289232975910902,1.579069474570339,1,1.0,0.025289232975910902,1.9126713695271236,0,0.0,0.0,1.0,0,0.0,0.0,1.0,0,0.0,0.0,1.0,0,0.0,0.0,1.0,1,1.0,0.025289232975910902,1.418272599208984
2017-12-04,11579.0,0.037042079063823063,True,1.0,0.037042079063823063,2.702166587321588,1,1.0,0.037042079063823063,1.6375614908946432,1,1.0,0.037042079063823063,1.983520693620258,0,0.0,0.0,1.0,0,0.0,0.0,1.0,0,0.0,0.0,1.0,0,0.0,0.0,1.0,1,1.0,0.037042079063823063,1.470808364962937
2017-12-05,11699.99,0.010449088867777956,True,1.0,0.010449088867777956,2.7304017661280513,1,1.0,0.010449088867777956,1.6546725164394522,1,1.0,0.010449088867777956,2.0042466776189727,0,0.0,0.0,1.0,0,0.0,0.0,1.0,0,0.0,0.0,1.0,0,0.0,0.0,1.0,1,1.0,0.010449088867777956,1.486176972275906
2017-12-06,13550.05,0.1581249214742919,True,1.0,0.1581249214742919,3.1621463309903173,1,1.0,0.1581249214742919,1.9163174781671095,1,1.0,0.1581249214742919,2.3211680261325833,0,0.0,0.0,1.0,0,0.0,0.0,1.0,0,0.0,0.0,1.0,0,0.0,0.0,1.0,1,1.0,0.1581249214742919,1.7211785893139344
2017-12-07,16599.0,0.22501392983789725,True,1.0,0.22501392983789725,3.873673303648937,1,1.0,0.22501392983789725,2.3475156047465395,1,1.0,0.22501392983789725,2.843463165506751,0,0.0,0.0,1.0,0,0.0,0.0,1.0,0,0.0,0.0,1.0,0,0.0,0.0,1.0,1,1.0,0.22501392983789725,2.108467747648311
2017-12-08,15880.0,-0.043315862401349436,True,1.0,-0.043315862401349436,3.705881803840299,1,1.0,-0.043315862401349436,2.2458309418263176,1,1.0,-0.043315862401349436,2.720296106286355,0,0.0,-0.0,1.0,0,0.0,-0.0,1.0,0,0.0,-0.0,1.0,0,0.0,-0.0,1.0,1,1.0,-0.043315862401349436,2.0171376488134936
2017-12-09,14656.07,-0.07707367758186401,True,1.0,-0.07707367758186401,3.420255864534615,1,1.0,-0.07707367758186401,2.072736491912622,1,1.0,-0.07707367758186401,2.5106328812632404,0,0.0,-0.0,1.0,0,0.0,-0.0,1.0,0,0.0,-0.0,1.0,0,0.0,-0.0,1.0,1,1.0,-0.07707367758186401,1.861669432030603
2017-12-10,14899.98,0.016642251299290978,True,1.0,0.016642251299290978,3.4771766221400737,1,1.0,0.016642251299290978,2.107231493488243,1,1.0,0.016642251299290978,2.5524154645934862,0,0.0,0.0,1.0,0,0.0,0.0,1.0,0,0.0,0.0,1.0,0,0.0,0.0,1.0,1,1.0,0.016642251299290978,1.8926518025546646
2017-12-11,16587.97,0.113288071527613,True,1.0,0.113288071527613,3.8710992560232222,1,1.0,0.113288071527613,2.3459556856477777,1,1.0,0.113288071527613,2.8415736903145388,0,0.0,0.0,1.0,0,0.0,0.0,1.0,0,0.0,0.0,1.0,0,0.0,0.0,1.0,1,1.0,0.113288071527613,2.107066675339343
2017-12-12,16349.99,-0.014346541499653198,True,1.0,-0.014346541499653198,3.8155623698974086,1,1.0,-0.014346541499653198,2.3122993350472845,1,1.0,-0.014346541499653198,2.8008069354421186,0,0.0,-0.0,1.0,0,0.0,-0.0,1.0,0,0.0,-0.0,1.0,0,0.0,-0.0,1.0,1,1.0,-0.014346541499653198,2.076837555839051
2017-12-13,16033.29,-0.019370042428160428,True,1.0,-0.019370042428160428,3.7416547649052037,1,1.0,-0.019370042428160428,2.2675099988208114,1,1.0,-0.019370042428160428,2.7465551862695188,0,0.0,-0.0,1.0,0,0.0,-0.0,1.0,0,0.0,-0.0,1.0,0,0.0,-0.0,1.0,1,1.0,-0.019370042428160428,2.0366091242660516
2017-12-14,16334.98,0.018816474971761865,True,1.0,0.018816474971761865,3.812059518142016,1,1.0,0.018816474971761865,2.310176543961843,1,1.0,0.018816474971761865,2.798235673190522,0,0.0,0.0,1.0,0,0.0,0.0,1.0,0,0.0,0.0,1.0,0,0.0,0.0,1.0,1,1.0,0.018816474971761865,2.0749309288800655
2017-12-15,17539.83,0.0737588904302302,True,1.0,0.0737588904302302,4.093232798454169,1,1.0,0.0737588904302302,2.4805726025424124,1,1.0,0.0737588904302302,3.0046304316073433,0,0.0,0.0,1.0,0,0.0,0.0,1.0,0,0.0,0.0,1.0,0,0.0,0.0,1.0,1,1.0,0.0737588904302302,2.227975531913626
2017-12-16,19102.66,0.08910177578688039,True,1.0,0.08910177578688039,4.457947109505537,1,1.0,0.08910177578688039,2.7015960263972247,1,1.0,0.08910177578688039,3.2723483386468586,0,0.0,0.0,1.0,0,0.0,0.0,1.0,0,0.0,0.0,1.0,0,0.0,0.0,1.0,1,1.0,0.08910177578688039,2.4264921082168494
2017-12-17,18860.02,-0.012701895966320875,True,1.0,-0.012701895966320875,4.401322729097237,1,1.0,-0.012701895966320875,2.667280634726901,1,1.0,-0.012701895966320875,3.2307833104838033,0,0.0,-0.0,1.0,0,0.0,-0.0,1.0,0,0.0,-0.0,1.0,0,0.0,-0.0,1.0,1,1.0,-0.012701895966320875,2.3956710578951803
2017-12-18,18856.25,-0.00019989374348494682,True,1.0,-0.00019989374348494682,4.400442932220632,1,1.0,-0.00019989374348494682,2.6667474620159006,1,1.0,-0.00019989374348494682,3.230137497113482,0,0.0,-0.0,1.0,0,0.0,-0.0,1.0,0,0.0,-0.0,1.0,0,0.0,-0.0,1.0,1,1.0,-0.00019989374348494682,2.395192178239259
2017-12-19,17295.2,-0.08278687437852172,True,1.0,-0.08278687437852172,4.036144015981029,1,1.0,-0.08278687437852172,2.4459757748787485,1,1.0,-0.08278687437852172,2.9627245099145956,0,0.0,-0.0,1.0,0,0.0,-0.0,1.0,0,0.0,-0.0,1.0,0,0.0,-0.0,1.0,1,1.0,-0.08278687437852172,2.196901704266948
2017-12-20,16488.98,-0.04661524584855925,True,1.0,-0.04661524584855925,3.8479981703958823,1,1.0,-0.04661524584855925,2.3319560127931553,1,1.0,-0.04661524584855925,2.8246163785033747,0,0.0,-0.0,1.0,0,0.0,-0.0,1.0,0,0.0,-0.0,1.0,0,0.0,-0.0,1.0,1,1.0,-0.04661524584855925,2.0944925912174255
2017-12-21,15492.64,-0.06042459873200168,True,1.0,-0.06042459873200168,3.6154844250282343,1,1.0,-0.06042459873200168,2.1910485064594503,1,1.0,-0.06042459873200168,2.6539400672604683,0,0.0,-0.0,1.0,0,0.0,-0.0,1.0,0,0.0,-0.0,1.0,0,0.0,-0.0,1.0,1,1.0,-0.06042459873200168,1.967933716845962
2017-12-22,13326.61,-0.13981025829038818,True,1.0,-0.13981025829038818,3.110002613720161,1,1.0,-0.13981025829038818,1.8847174488445853,1,1.0,-0.13981025829038818,2.2828920209695722,0,0.0,-0.0,1.0,0,0.0,-0.0,1.0,0,0.0,-0.0,1.0,0,0.0,-0.0,1.0,1,1.0,-0.13981025829038818,1.6927963955953644
2017-12-23,13300.0,-0.001996756864649063,True,1.0,-0.001996756864649063,3.103792694652139,1,1.0,-0.001996756864649063,1.880954126340681,1,1.0,-0.001996756864649063,2.2783336406554486,0,0.0,-0.0,1.0,0,0.0,-0.0,1.0,0,0.0,-0.0,1.0,0,0.0,-0.0,1.0,1,1.0,-0.001996756864649063,1.6894162927720062
2017-12-24,13500.0,0.015037593984962516,True,1.0,0.015037593984962516,3.1504662690078105,1,1.0,0.015037593984962516,1.9092391507969322,0,1.0,0.015037593984962516,2.312594296905907,0,0.0,0.0,1.0,0,0.0,0.0,1.0,0,0.0,0.0,1.0,0,0.0,0.0,1.0,0,1.0,0.015037593984962516,1.7148210490542921
2017-12-25,13699.34,0.014765925925925849,True,1.0,0.014765925925925849,3.196985820568108,1,1.0,0.014765925925925849,1.9374308346724773,0,1.0,0.014765925925925849,2.346741892990738,0,0.0,0.0,1.0,0,0.0,0.0,1.0,0,0.0,0.0,1.0,0,0.0,0.0,1.0,0,1.0,0.014765925925925849,1.7401419696408462
2017-12-26,15689.01,0.1452383837469542,True,1.0,0.1452383837469542,3.66131087400935,1,1.0,0.1452383837469542,2.2188201577218205,1,1.0,0.1452383837469542,2.6875788925999804,0,0.0,0.0,1.0,0,0.0,0.0,1.0,0,0.0,0.0,1.0,0,0.0,0.0,1.0,1,1.0,0.1452383837469542,1.992877376801724
2017-12-27,15459.99,-0.014597479382064238,False,1.0,-0.014597479382064238,3.607864964014671,0,1.0,-0.014597479382064238,2.186430976216968,0,1.0,-0.014597479382064238,2.648347015127581,0,0.0,-0.0,1.0,0,0.0,-0.0,1.0,0,0.0,-0.0,1.0,0,0.0,-0.0,1.0,0,1.0,-0.014597479382064238,1.9637863903828787
2017-12-28,14182.11,-0.08265723328410945,False,1.0,-0.08265723328410945,3.3096488280265453,0,1.0,-0.08265723328410945,2.0057066409561988,0,1.0,-0.08265723328410945,2.429441978080906,0,0.0,-0.0,1.0,0,0.0,-0.0,1.0,0,0.0,-0.0,1.0,0,0.0,-0.0,1.0,0,1.0,-0.08265723328410945,1.801465240592842
2017-12-29,14378.9,0.013875932424723736,False,1.0,0.013875932424723736,3.355573291513808,0,1.0,0.013875932424723736,2.0335376907699265,0,1.0,0.013875932424723736,2.463152750798544,0,0.0,0.0,1.0,0,0.0,0.0,1.0,0,0.0,0.0,1.0,0,0.0,0.0,1.0,0,1.0,0.013875932424723736,1.826462250536797
2017-12-30,12440.01,-0.13484272093136462,False,1.0,-0.13484272093136462,2.9030986586014706,0,1.0,-0.13484272093136462,1.7593299354300256,0,1.0,-0.13484272093136462,2.1310145318112927,0,0.0,-0.0,1.0,0,0.0,-0.0,1.0,0,0.0,-0.0,1.0,0,0.0,-0.0,1.0,0,1.0,-0.13484272093136462,1.5801771109959915
2017-12-31,13716.36,0.1026003998389069,False,1.0,0.1026003998389069,3.2009577417457757,0,1.0,0.1026003998389069,1.9398378902537046,0,1.0,0.1026003998389069,2.3496574748376524,0,0.0,0.0,1.0,0,0.0,0.0,1.0,0,0.0,0.0,1.0,0,0.0,0.0,1.0,0,1.0,0.1026003998389069,1.7423039144004688
2018-01-01,13380.0,-0.024522540965678963,False,1.0,-0.024522540965678963,3.1224621243944077,0,1.0,-0.024522540965678963,1.892268136123182,0,1.0,-0.024522540965678963,2.292037903155632,0,0.0,-0.0,1.0,0,0.0,-0.0,1.0,0,0.0,-0.0,1.0,0,0.0,-0.0,1.0,0,1.0,-0.024522540965678963,1.6995781952849205
2018-01-02,14675.11,0.09679446935724978,False,1.0,0.09679446935724978,3.424699188813275,0,1.0,0.09679446935724978,2.0754292262408573,0,1.0,0.09679446935724978,2.513894495738285,0,0.0,0.0,1.0,0,0.0,0.0,1.0,0,0.0,0.0,1.0,0,0.0,0.0,1.0,0,1.0,0.09679446935724978,1.8640879648286766
2018-01-03,14919.51,0.01665404893046807,False,1.0,0.01665404893046807,3.481734296675906,0,1.0,0.01665404893046807,2.109993526126396,0,1.0,0.01665404893046807,2.555761017676345,0,0.0,0.0,1.0,0,0.0,0.0,1.0,0,0.0,0.0,1.0,0,0.0,0.0,1.0,0,1.0,0.01665404893046807,1.89513257700563
2018-01-04,15059.54,0.009385696983345904,False,1.0,0.009385696983345904,3.514412799761029,0,1.0,0.009385696983345904,2.12979728599944,0,1.0,0.009385696983345904,2.579748616150103,0,0.0,0.0,1.0,0,0.0,0.0,1.0,0,0.0,0.0,1.0,0,0.0,0.0,1.0,0,1.0,0.009385696983345904,1.9129197171166723
2018-01-05,16960.39,0.1262223148914241,False,1.0,0.1262223148914241,3.958010118830917,0,1.0,0.1262223148914241,2.3986252296877617,0,1.0,0.1262223148914241,2.905370458318517,0,0.0,0.0,1.0,0,0.0,0.0,1.0,0,0.0,0.0,1.0,0,0.0,0.0,1.0,0,1.0,0.1262223148914241,2.154372872012587
2018-01-06,17069.79,0.0064503233711017405,False,1.0,0.0064503233711017405,3.9835405640034693,0,1.0,0.0064503233711017405,2.414097138065331,0,1.0,0.0064503233711017405,2.9241110372875174,0,0.0,0.0,1.0,0,0.0,0.0,1.0,0,0.0,0.0,1.0,0,0.0,0.0,1.0,0,1.0,0.0064503233711017405,2.1682692736989972
2018-01-07,16150.03,-0.05388232661327408,False,1.0,-0.05388232661327408,3.7688981302566082,0,1.0,-0.05388232661327408,2.2840199675959245,0,1.0,-0.05388232661327408,2.7665531313229117,0,0.0,-0.0,1.0,0,0.0,-0.0,1.0,0,0.0,-0.0,1.0,0,0.0,-0.0,1.0,0,1.0,-0.05388232661327408,2.051437880508021
2018-01-08,14902.54,-0.0772438193613263,False,1.0,-0.0772438193613263,3.4777740438918263,0,1.0,-0.0772438193613263,2.1075935418012826,0,1.0,-0.0772438193613263,2.5528540009934932,0,0.0,-0.0,1.0,0,0.0,-0.0,1.0,0,0.0,-0.0,1.0,0,0.0,-0.0,1.0,0,1.0,-0.0772438193613263,1.8929769834350774
2018-01-09,14400.0,-0.03372176823548201,False,1.0,-0.03372176823548201,3.360497353608331,0,1.0,-0.03372176823548201,2.036521760850061,0,1.0,-0.03372176823548201,2.4667672500329676,0,0.0,-0.0,1.0,0,0.0,-0.0,1.0,0,0.0,-0.0,1.0,0,0.0,-0.0,1.0,0,1.0,-0.03372176823548201,1.8291424523245778
2018-01-10,14907.09,0.03521458333333327,False,1.0,0.03521458333333327,3.4788358677084177,0,1.0,0.03521458333333327,2.108237026107662,0,1.0,0.03521458333333327,2.553633430923191,0,0.0,0.0,1.0,0,0.0,0.0,1.0,0,0.0,0.0,1.0,0,0.0,0.0,1.0,0,1.0,0.03521458333333327,1.8935549416404993
2018-01-11,13238.78,-0.11191386112245916,False,1.0,-0.11191386112245916,3.0895059135418683,0,1.0,-0.11191386112245916,1.872296080354623,0,1.0,-0.11191386112245916,2.267846453777184,0,0.0,-0.0,1.0,0,0.0,-0.0,1.0,0,0.0,-0.0,1.0,0,0.0,-0.0,1.0,0,1.0,-0.11191386112245916,1.6816398968739983
2018-01-12,13740.01,0.03786073943369406,True,1.0,0.03786073943369406,3.2064768919133337,0,1.0,0.03786073943369406,1.943182594395656,0,1.0,0.03786073943369406,2.353708797439269,0,0.0,0.0,1.0,0,0.0,0.0,1.0,0,0.0,0.0,1.0,0,0.0,0.0,1.0,0,1.0,0.03786073943369406,1.745308026830849
2018-01-13,14210.0,0.034205943081555334,True,1.0,0.034205943081555334,3.316157457970444,0,1.0,0.034205943081555334,2.009650987616623,0,1.0,0.034205943081555334,2.434219626595033,0,0.0,0.0,1.0,0,0.0,0.0,1.0,0,0.0,0.0,1.0,0,0.0,0.0,1.0,0,1.0,0.034205943081555334,1.8050079338564067
2018-01-14,13474.99,-0.05172484166080227,False,1.0,-0.05172484166080227,3.144629738534634,0,1.0,-0.05172484166080227,1.905702108488678,0,1.0,-0.05172484166080227,2.3083100018417877,0,0.0,-0.0,1.0,0,0.0,-0.0,1.0,0,0.0,-0.0,1.0,0,0.0,-0.0,1.0,0,1.0,-0.05172484166080227,1.7116441842811922
2018-01-15,13539.93,0.004819298567197539,False,1.0,0.004819298567197539,3.159784648127921,0,1.0,0.004819298567197539,1.914886255929623,0,1.0,0.004819298567197539,2.3194344369263113,0,0.0,0.0,1.0,0,0.0,0.0,1.0,0,0.0,0.0,1.0,0,0.0,0.0,1.0,0,1.0,0.004819298567197539,1.7198931086460505
2018-01-16,10900.0,-0.19497368154783667,False,1.0,-0.19497368154783667,2.5437098023840843,0,0.0,-0.001,1.9129713696736932,0,0.0,-0.001,2.317115002489385,0,0.0,-0.0,1.0,0,0.0,-0.0,1.0,0,0.0,-0.0,1.0,0,0.0,-0.0,1.0,0,0.0,-0.001,1.7181732155374045
2018-01-17,10988.79,0.0081458715596332,False,1.0,0.0081458715596332,2.564430535719285,0,0.0,0.0,1.9129713696736932,0,0.0,0.0,2.317115002489385,0,0.0,0.0,1.0,0,0.0,0.0,1.0,0,0.0,0.0,1.0,0,0.0,0.0,1.0,0,0.0,0.0,1.7181732155374045
2018-01-18,10961.97,-0.0024406690818553622,False,1.0,-0.0024406690818553622,2.5581716093981894,0,0.0,-0.0,1.9129713696736932,0,0.0,-0.0,2.317115002489385,0,0.0,-0.0,1.0,0,0.0,-0.0,1.0,0,0.0,-0.0,1.0,0,0.0,-0.0,1.0,0,0.0,-0.0,1.7181732155374045
2018-01-19,11474.98,0.046799069875214094,False,1.0,0.046799069875214094,2.677891661299204,0,0.0,0.0,1.9129713696736932,0,0.0,0.0,2.317115002489385,0,0.0,0.0,1.0,0,0.0,0.0,1.0,0,0.0,0.0,1.0,0,0.0,0.0,1.0,0,0.0,0.0,1.7181732155374045
2018-01-20,12799.94,0.115465124993682,False,1.0,0.115465124993682,2.9870947566906554,0,0.0,0.0,1.9129713696736932,0,0.0,0.0,2.317115002489385,0,0.0,0.0,1.0,0,0.0,0.0,1.0,0,0.0,0.0,1.0,0,0.0,0.0,1.0,0,0.0,0.0,1.7181732155374045
2018-01-21,11530.0,-0.09921452756809801,False,1.0,-0.09921452756809801,2.690731561604449,0,0.0,-0.0,1.9129713696736932,0,0.0,-0.0,2.317115002489385,0,0.0,-0.0,1.0,0,0.0,-0.0,1.0,0,0.0,-0.0,1.0,0,0.0,-0.0,1.0,0,0.0,-0.0,1.7181732155374045
2018-01-22,10760.05,-0.06677797051170864,False,1.0,-0.06677797051170864,2.5110499687287033,0,0.0,-0.0,1.9129713696736932,0,0.0,-0.0,2.317115002489385,0,0.0,-0.0,1.0,0,0.0,-0.0,1.0,0,0.0,-0.0,1.0,0,0.0,-0.0,1.0,0,0.0,-0.0,1.7181732155374045
2018-01-23,10799.18,0.0036366002016721133,False,1.0,0.0036366002016721133,2.520181653551391,0,0.0,0.0,1.9129713696736932,0,0.0,0.0,2.317115002489385,0,0.0,0.0,1.0,0,0.0,0.0,1.0,0,0.0,0.0,1.0,0,0.0,0.0,1.0,0,0.0,0.0,1.7181732155374045
2018-01-24,11349.99,0.05100479851247952,False,1.0,0.05100479851247952,2.648723011005627,0,0.0,0.0,1.9129713696736932,0,0.0,0.0,2.317115002489385,0,0.0,0.0,1.0,0,0.0,0.0,1.0,0,0.0,0.0,1.0,0,0.0,0.0,1.0,0,0.0,0.0,1.7181732155374045
2018-01-25,11175.27,-0.015393846161978919,False,1.0,-0.015393846161978919,2.6079489764485126,0,0.0,-0.0,1.9129713696736932,0,0.0,-0.0,2.317115002489385,0,0.0,-0.0,1.0,0,0.0,-0.0,1.0,0,0.0,-0.0,1.0,0,0.0,-0.0,1.0,0,0.0,-0.0,1.7181732155374045
2018-01-26,11089.0,-0.007719723997720029,False,1.0,-0.007719723997720029,2.5878163301501935,0,0.0,-0.0,1.9129713696736932,0,0.0,-0.0,2.317115002489385,0,0.0,-0.0,1.0,0,0.0,-0.0,1.0,0,0.0,-0.0,1.0,0,0.0,-0.0,1.0,0,0.0,-0.0,1.7181732155374045
2018-01-27,11491.0,0.03625214176210667,False,1.0,0.03625214176210667,2.681630214605093,0,0.0,0.0,1.9129713696736932,0,0.0,0.0,2.317115002489385,0,0.0,0.0,1.0,0,0.0,0.0,1.0,0,0.0,0.0,1.0,0,0.0,0.0,1.0,0,0.0,0.0,1.7181732155374045
2018-01-28,11879.95,0.0338482290488209,False,1.0,0.0338482290488209,2.7723986483332848,0,0.0,0.0,1.9129713696736932,0,0.0,0.0,2.317115002489385,0,0.0,0.0,1.0,0,0.0,0.0,1.0,0,0.0,0.0,1.0,0,0.0,0.0,1.0,0,0.0,0.0,1.7181732155374045
2018-01-29,11251.0,-0.05294214201238223,False,1.0,-0.05294214201238223,2.6256219253782875,0,0.0,-0.0,1.9129713696736932,0,0.0,-0.0,2.317115002489385,0,0.0,-0.0,1.0,0,0.0,-0.0,1.0,0,0.0,-0.0,1.0,0,0.0,-0.0,1.0,0,0.0,-0.0,1.7181732155374045
2018-01-30,10237.51,-0.09007999288952095,False,1.0,-0.09007999288952095,2.3891059210096413,0,0.0,-0.0,1.9129713696736932,0,0.0,-0.0,2.317115002489385,0,0.0,-0.0,1.0,0,0.0,-0.0,1.0,0,0.0,-0.0,1.0,0,0.0,-0.0,1.0,0,0.0,-0.0,1.7181732155374045
2018-01-31,10285.1,0.004648591307847338,False,1.0,0.004648591307847338,2.4002118980275733,0,0.0,0.0,1.9129713696736932,0,0.0,0.0,2.317115002489385,0,0.0,0.0,1.0,0,0.0,0.0,1.0,0,0.0,0.0,1.0,0,0.0,0.0,1.0,0,0.0,0.0,1.7181732155374045
2018-02-01,9224.52,-0.1031181028867002,False,1.0,-0.1031181028867002,2.152706600576884,0,0.0,-0.0,1.9129713696736932,0,0.0,-0.0,2.317115002489385,0,0.0,-0.0,1.0,0,0.0,-0.0,1.0,0,0.0,-0.0,1.0,0,0.0,-0.0,1.0,0,0.0,-0.0,1.7181732155374045
2018-02-02,8873.03,-0.03810387965986306,False,1.0,-0.03810387965986306,2.0706801273255095,0,0.0,-0.0,1.9129713696736932,0,0.0,-0.0,2.317115002489385,0,0.0,-0.0,1.0,0,0.0,-0.0,1.0,0,0.0,-0.0,1.0,0,0.0,-0.0,1.0,0,0.0,-0.0,1.7181732155374045
2018-02-03,9199.96,0.03684536173099806,False,1.0,0.03684536173099806,2.146975085646007,0,0.0,0.0,1.9129713696736932,0,0.0,0.0,2.317115002489385,0,0.0,0.0,1.0,0,0.0,0.0,1.0,0,0.0,0.0,1.0,0,0.0,0.0,1.0,0,0.0,0.0,1.7181732155374045
2018-02-04,8184.81,-0.11034287105596097,False,1.0,-0.11034287105596097,1.9100716906102089,0,0.0,-0.0,1.9129713696736932,0,0.0,-0.0,2.317115002489385,0,0.0,-0.0,1.0,0,0.0,-0.0,1.0,0,0.0,-0.0,1.0,0,0.0,-0.0,1.0,0,0.0,-0.0,1.7181732155374045
2018-02-05,6939.99,-0.15208905276970397,False,1.0,-0.15208905276970397,1.6195706964630752,0,0.0,-0.0,1.9129713696736932,0,0.0,-0.0,2.317115002489385,0,0.0,-0.0,1.0,0,0.0,-0.0,1.0,0,0.0,-0.0,1.0,0,0.0,-0.0,1.0,0,0.0,-0.0,1.7181732155374045
2018-02-06,7652.14,0.10261542163605442,False,1.0,0.10261542163605442,1.7857636263500318,0,0.0,0.0,1.9129713696736932,0,0.0,0.0,2.317115002489385,0,0.0,0.0,1.0,0,0.0,0.0,1.0,0,0.0,0.0,1.0,0,0.0,0.0,1.0,0,0.0,0.0,1.7181732155374045
2018-02-07,7599.0,-0.006944462594777434,False,1.0,-0.006944462594777434,1.77336245764373,0,0.0,-0.0,1.9129713696736932,0,0.0,-0.0,2.317115002489385,0,0.0,-0.0,1.0,0,0.0,-0.0,1.0,0,0.0,-0.0,1.0,0,0.0,-0.0,1.0,0,0.0,-0.0,1.7181732155374045
2018-02-08,7784.02,0.02434794051848943,False,1.0,0.02434794051848943,1.8165401812801616,0,0.0,0.0,1.9129713696736932,0,0.0,0.0,2.317115002489385,0,0.0,0.0,1.0,0,0.0,0.0,1.0,0,0.0,0.0,1.0,0,0.0,0.0,1.0,0,0.0,0.0,1.7181732155374045
2018-02-09,8683.92,0.11560864437655605,False,1.0,0.11560864437655605,2.0265479290935042,0,0.0,0.0,1.9129713696736932,0,0.0,0.0,2.317115002489385,0,0.0,0.0,1.0,0,0.0,0.0,1.0,0,0.0,0.0,1.0,0,0.0,0.0,1.0,0,0.0,0.0,1.7181732155374045
2018-02-10,8533.98,-0.01726639582124212,False,1.0,-0.01726639582124212,1.9915567503990572,0,0.0,-0.0,1.9129713696736932,0,0.0,-0.0,2.317115002489385,0,0.0,-0.0,1.0,0,0.0,-0.0,1.0,0,0.0,-0.0,1.0,0,0.0,-0.0,1.0,0,0.0,-0.0,1.7181732155374045
2018-02-11,8063.88,-0.05508566928912417,False,1.0,-0.05508566928912417,1.881850513876052,0,0.0,-0.0,1.9129713696736932,0,0.0,-0.0,2.317115002489385,0,0.0,-0.0,1.0,0,0.0,-0.0,1.0,0,0.0,-0.0,1.0,0,0.0,-0.0,1.0,0,0.0,-0.0,1.7181732155374045
2018-02-12,8903.0,0.10405908818087561,False,1.0,0.10405908818087561,2.077674162442706,0,0.0,0.0,1.9129713696736932,0,0.0,0.0,2.317115002489385,0,0.0,0.0,1.0,0,0.0,0.0,1.0,0,0.0,0.0,1.0,0,0.0,0.0,1.0,0,0.0,0.0,1.7181732155374045
2018-02-13,8539.9,-0.040784005391441114,False,1.0,-0.040784005391441114,1.9929382881999846,0,0.0,-0.0,1.9129713696736932,0,0.0,-0.0,2.317115002489385,0,0.0,-0.0,1.0,0,0.0,-0.0,1.0,0,0.0,-0.0,1.0,0,0.0,-0.0,1.0,0,0.0,-0.0,1.7181732155374045
2018-02-14,9449.99,0.1065691635733439,False,1.0,0.1065691635733439,2.205324054626749,0,0.0,0.0,1.9129713696736932,0,0.0,0.0,2.317115002489385,0,0.0,0.0,1.0,0,0.0,0.0,1.0,0,0.0,0.0,1.0,0,0.0,0.0,1.0,0,0.0,0.0,1.7181732155374045
2018-02-15,10000.09,0.05821170181132462,False,1.0,0.05821170181132462,2.3336997208920227,0,0.0,0.0,1.9129713696736932,0,0.0,0.0,2.317115002489385,0,0.0,0.0,1.0,0,0.0,0.0,1.0,0,0.0,0.0,1.0,0,0.0,0.0,1.0,0,0.0,0.0,1.7181732155374045
2018-02-16,10159.98,0.01598885610029499,False,1.0,0.01598885610029499,2.371012909910664,0,0.0,0.0,1.9129713696736932,0,0.0,0.0,2.317115002489385,0,0.0,0.0,1.0,0,0.0,0.0,1.0,0,0.0,0.0,1.0,0,0.0,0.0,1.0,0,0.0,0.0,1.7181732155374045
2018-02-17,11039.55,0.08657202081106452,False,1.0,0.08657202081106452,2.5762762888907527,0,0.0,0.0,1.9129713696736932,0,0.0,0.0,2.317115002489385,0,0.0,0.0,1.0,0,0.0,0.0,1.0,0,0.0,0.0,1.0,0,0.0,0.0,1.0,0,0.0,0.0,1.7181732155374045
2018-02-18,10383.43,-0.05943358198477289,False,1.0,-0.05943358198477289,2.4231589608595376,0,0.0,-0.0,1.9129713696736932,0,0.0,-0.0,2.317115002489385,0,0.0,-0.0,1.0,0,0.0,-0.0,1.0,0,0.0,-0.0,1.0,0,0.0,-0.0,1.0,0,0.0,-0.0,1.7181732155374045
2018-02-19,11153.0,0.07411520085366785,True,1.0,0.07411520085366785,2.6027518739440074,0,0.0,0.0,1.9129713696736932,0,0.0,0.0,2.317115002489385,0,0.0,0.0,1.0,0,0.0,0.0,1.0,0,0.0,0.0,1.0,0,0.0,0.0,1.0,0,0.0,0.0,1.7181732155374045
2018-02-20,11200.99,0.004302878149376799,True,1.0,0.004302878149376799,2.6139511981106507,0,0.0,0.0,1.9129713696736932,0,0.0,0.0,2.317115002489385,0,0.0,0.0,1.0,0,0.0,0.0,1.0,0,0.0,0.0,1.0,0,0.0,0.0,1.0,0,0.0,0.0,1.7181732155374045
2018-02-21,10437.6,-0.0681537971197188,True,1.0,-0.0681537971197188,2.4358004984737716,0,0.0,-0.0,1.9129713696736932,0,0.0,-0.0,2.317115002489385,0,0.0,-0.0,1.0,0,0.0,-0.0,1.0,0,0.0,-0.0,1.0,0,0.0,-0.0,1.0,0,0.0,-0.0,1.7181732155374045
2018-02-22,9811.04,-0.06002912546945649,True,1.0,-0.06002912546945649,2.289581524732325,0,0.0,-0.0,1.9129713696736932,0,0.0,-0.0,2.317115002489385,0,0.0,-0.0,1.0,0,0.0,-0.0,1.0,0,0.0,-0.0,1.0,0,0.0,-0.0,1.0,0,0.0,-0.0,1.7181732155374045
2018-02-23,10131.04,0.03261631794386721,True,1.0,0.03261631794386721,2.3642592437013987,0,0.0,0.0,1.9129713696736932,0,0.0,0.0,2.317115002489385,0,0.0,0.0,1.0,0,0.0,0.0,1.0,0,0.0,0.0,1.0,0,0.0,0.0,1.0,0,0.0,0.0,1.7181732155374045
2018-02-24,9694.51,-0.043088369999526255,True,1.0,-0.043088369999526255,2.2623871666339928,0,0.0,-0.0,1.9129713696736932,0,0.0,-0.0,2.317115002489385,0,0.0,-0.0,1.0,0,0.0,-0.0,1.0,0,0.0,-0.0,1.0,0,0.0,-0.0,1.0,0,0.0,-0.0,1.7181732155374045
2018-02-25,9590.0,-0.010780328247637083,True,1.0,-0.010780328247637083,2.237997890354437,0,0.0,-0.0,1.9129713696736932,0,0.0,-0.0,2.317115002489385,0,0.0,-0.0,1.0,0,0.0,-0.0,1.0,0,0.0,-0.0,1.0,0,0.0,-0.0,1.0,0,0.0,-0.0,1.7181732155374045
2018-02-26,10324.0,0.07653806047966638,True,1.0,0.07653806047966638,2.4092899082397503,0,0.0,0.0,1.9129713696736932,0,0.0,0.0,2.317115002489385,0,0.0,0.0,1.0,0,0.0,0.0,1.0,0,0.0,0.0,1.0,0,0.0,0.0,1.0,0,0.0,0.0,1.7181732155374045
2018-02-27,10569.04,0.02373498643936478,True,1.0,0.02373498643936478,2.4664743715403192,0,0.0,0.0,1.9129713696736932,0,0.0,0.0,2.317115002489385,0,0.0,0.0,1.0,0,0.0,0.0,1.0,0,0.0,0.0,1.0,0,0.0,0.0,1.0,0,0.0,0.0,1.7181732155374045
2018-02-28,10326.76,-0.022923557863344324,True,1.0,-0.022923557863344324,2.409934003565859,0,0.0,-0.0,1.9129713696736932,0,0.0,-0.0,2.317115002489385,0,0.0,-0.0,1.0,0,0.0,-0.0,1.0,0,0.0,-0.0,1.0,0,0.0,-0.0,1.0,0,0.0,-0.0,1.7181732155374045
2018-03-01,10920.0,0.05744686620004713,True,1.0,0.05744686620004713,2.5483771598196507,0,0.0,0.0,1.9129713696736932,0,0.0,0.0,2.317115002489385,0,0.0,0.0,1.0,0,0.0,0.0,1.0,0,0.0,0.0,1.0,0,0.0,0.0,1.0,0,0.0,0.0,1.7181732155374045
2018-03-02,11039.0,0.010897435897435859,True,1.0,0.010897435897435859,2.576147936561275,0,0.0,0.0,1.9129713696736932,0,0.0,0.0,2.317115002489385,0,0.0,0.0,1.0,0,0.0,0.0,1.0,0,0.0,0.0,1.0,0,0.0,0.0,1.0,0,0.0,0.0,1.7181732155374045
2018-03-03,11464.48,0.03854334631760126,True,1.0,0.03854334631760126,2.67544129864553,0,0.0,0.0,1.9129713696736932,0,0.0,0.0,2.317115002489385,0,0.0,0.0,1.0,0,0.0,0.0,1.0,0,0.0,0.0,1.0,0,0.0,0.0,1.0,0,0.0,0.0,1.7181732155374045
2018-03-04,11515.0,0.004406654292213874,True,1.0,0.004406654292213874,2.687231043527772,0,0.0,0.0,1.9129713696736932,0,0.0,0.0,2.317115002489385,0,0.0,0.0,1.0,0,0.0,0.0,1.0,0,0.0,0.0,1.0,0,0.0,0.0,1.0,0,0.0,0.0,1.7181732155374045
2018-03-05,11454.0,-0.005297438124185816,True,1.0,-0.005297438124185816,2.6729956033492925,0,0.0,-0.0,1.9129713696736932,0,0.0,-0.0,2.317115002489385,0,0.0,-0.0,1.0,0,0.0,-0.0,1.0,0,0.0,-0.0,1.0,0,0.0,-0.0,1.0,0,0.0,-0.0,1.7181732155374045
2018-03-06,10716.48,-0.06438973284442118,True,1.0,-0.06438973284442118,2.5008821305553193,0,0.0,-0.0,1.9129713696736932,0,0.0,-0.0,2.317115002489385,0,0.0,-0.0,1.0,0,0.0,-0.0,1.0,0,0.0,-0.0,1.0,0,0.0,-0.0,1.0,0,0.0,-0.0,1.7181732155374045
2018-03-07,9910.0,-0.07525605422676096,False,1.0,-0.07525605422676096,2.312675609323511,0,0.0,-0.0,1.9129713696736932,0,0.0,-0.0,2.317115002489385,0,0.0,-0.0,1.0,0,0.0,-0.0,1.0,0,0.0,-0.0,1.0,0,0.0,-0.0,1.0,0,0.0,-0.0,1.7181732155374045
2018-03-08,9271.64,-0.06441574167507569,False,1.0,-0.06441574167507569,2.163702894695079,0,0.0,-0.0,1.9129713696736932,0,0.0,-0.0,2.317115002489385,0,0.0,-0.0,1.0,0,0.0,-0.0,1.0,0,0.0,-0.0,1.0,0,0.0,-0.0,1.0,0,0.0,-0.0,1.7181732155374045
2018-03-09,9227.0,-0.004814682192147202,False,1.0,-0.004814682192147202,2.1532853528988936,0,0.0,-0.0,1.9129713696736932,0,0.0,-0.0,2.317115002489385,0,0.0,-0.0,1.0,0,0.0,-0.0,1.0,0,0.0,-0.0,1.0,0,0.0,-0.0,1.0,0,0.0,-0.0,1.7181732155374045
2018-03-10,8770.22,-0.049504714425056995,False,1.0,-0.049504714425056995,2.046687576427976,0,0.0,-0.0,1.9129713696736932,0,0.0,-0.0,2.317115002489385,0,0.0,-0.0,1.0,0,0.0,-0.0,1.0,0,0.0,-0.0,1.0,0,0.0,-0.0,1.0,0,0.0,-0.0,1.7181732155374045
2018-03-11,9533.57,0.08703886561568597,False,1.0,0.08703886561568597,2.2248289413499847,0,0.0,0.0,1.9129713696736932,0,0.0,0.0,2.317115002489385,0,0.0,0.0,1.0,0,0.0,0.0,1.0,0,0.0,0.0,1.0,0,0.0,0.0,1.0,0,0.0,0.0,1.7181732155374045
2018-03-12,9131.34,-0.04219091064522518,False,1.0,-0.04219091064522518,2.1309613822845765,0,0.0,-0.0,1.9129713696736932,0,0.0,-0.0,2.317115002489385,0,0.0,-0.0,1.0,0,0.0,-0.0,1.0,0,0.0,-0.0,1.0,0,0.0,-0.0,1.0,0,0.0,-0.0,1.7181732155374045
2018-03-13,9150.0,0.002043511686127042,False,1.0,0.002043511686127042,2.1353160267719606,0,0.0,0.0,1.9129713696736932,0,0.0,0.0,2.317115002489385,0,0.0,0.0,1.0,0,0.0,0.0,1.0,0,0.0,0.0,1.0,0,0.0,0.0,1.0,0,0.0,0.0,1.7181732155374045
2018-03-14,8170.0,-0.10710382513661199,False,1.0,-0.10710382513661199,1.9066155124291715,0,0.0,-0.0,1.9129713696736932,0,0.0,-0.0,2.317115002489385,0,0.0,-0.0,1.0,0,0.0,-0.0,1.0,0,0.0,-0.0,1.0,0,0.0,-0.0,1.0,0,0.0,-0.0,1.7181732155374045
2018-03-15,8240.98,0.00868788249694008,False,1.0,0.00868788249694008,1.9231799639679994,0,0.0,0.0,1.9129713696736932,0,0.0,0.0,2.317115002489385,0,0.0,0.0,1.0,0,0.0,0.0,1.0,0,0.0,0.0,1.0,0,0.0,0.0,1.0,0,0.0,0.0,1.7181732155374045
2018-03-16,8260.0,0.0023079779346630858,False,1.0,0.0023079779346630858,1.9276186208892236,0,0.0,0.0,1.9129713696736932,0,0.0,0.0,2.317115002489385,0,0.0,0.0,1.0,0,0.0,0.0,1.0,0,0.0,0.0,1.0,0,0.0,0.0,1.0,0,0.0,0.0,1.7181732155374045
2018-03-17,7824.8,-0.052687651331719154,False,1.0,-0.052687651331719154,1.8260569230912829,0,0.0,-0.0,1.9129713696736932,0,0.0,-0.0,2.317115002489385,0,0.0,-0.0,1.0,0,0.0,-0.0,1.0,0,0.0,-0.0,1.0,0,0.0,-0.0,1.0,0,0.0,-0.0,1.7181732155374045
2018-03-18,8189.99,0.04667084142725697,False,1.0,0.04667084142725697,1.911280536186021,0,0.0,0.0,1.9129713696736932,0,0.0,0.0,2.317115002489385,0,0.0,0.0,1.0,0,0.0,0.0,1.0,0,0.0,0.0,1.0,0,0.0,0.0,1.0,0,0.0,0.0,1.7181732155374045
2018-03-19,8600.0,0.05006233218843992,False,1.0,0.05006233218843992,2.006963697293865,0,0.0,0.0,1.9129713696736932,0,0.0,0.0,2.317115002489385,0,0.0,0.0,1.0,0,0.0,0.0,1.0,0,0.0,0.0,1.0,0,0.0,0.0,1.0,0,0.0,0.0,1.7181732155374045
2018-03-20,8909.98,0.036044186046511495,False,1.0,0.036044186046511495,2.07930307018772,0,0.0,0.0,1.9129713696736932,0,0.0,0.0,2.317115002489385,0,0.0,0.0,1.0,0,0.0,0.0,1.0,0,0.0,0.0,1.0,0,0.0,0.0,1.0,0,0.0,0.0,1.7181732155374045
2018-03-21,8885.0,-0.0028035977634067732,False,1.0,-0.0028035977634067732,2.073473540750697,0,0.0,-0.0,1.9129713696736932,0,0.0,-0.0,2.317115002489385,0,0.0,-0.0,1.0,0,0.0,-0.0,1.0,0,0.0,-0.0,1.0,0,0.0,-0.0,1.0,0,0.0,-0.0,1.7181732155374045
2018-03-22,8722.9,-0.01824423185143509,False,1.0,-0.01824423185143509,2.035644608735425,0,0.0,-0.0,1.9129713696736932,0,0.0,-0.0,2.317115002489385,0,0.0,-0.0,1.0,0,0.0,-0.0,1.0,0,0.0,-0.0,1.0,0,0.0,-0.0,1.0,0,0.0,-0.0,1.7181732155374045
2018-03-23,8898.03,0.020077038599548347,False,1.0,0.020077038599548347,2.0765143241199686,0,0.0,0.0,1.9129713696736932,0,0.0,0.0,2.317115002489385,0,0.0,0.0,1.0,0,0.0,0.0,1.0,0,0.0,0.0,1.0,0,0.0,0.0,1.0,0,0.0,0.0,1.7181732155374045
2018-03-24,8546.86,-0.03946603911202817,False,1.0,-0.03946603911202817,1.9945625285875632,0,0.0,-0.0,1.9129713696736932,0,0.0,-0.0,2.317115002489385,0,0.0,-0.0,1.0,0,0.0,-0.0,1.0,0,0.0,-0.0,1.0,0,0.0,-0.0,1.0,0,0.0,-0.0,1.7181732155374045
2018-03-25,8470.15,-0.008975225989427793,False,1.0,-0.008975225989427793,1.9766608791434452,0,0.0,-0.0,1.9129713696736932,0,0.0,-0.0,2.317115002489385,0,0.0,-0.0,1.0,0,0.0,-0.0,1.0,0,0.0,-0.0,1.0,0,0.0,-0.0,1.0,0,0.0,-0.0,1.7181732155374045
2018-03-26,8134.23,-0.039659274038830516,False,1.0,-0.039659274038830516,1.8982679436556598,0,0.0,-0.0,1.9129713696736932,0,0.0,-0.0,2.317115002489385,0,0.0,-0.0,1.0,0,0.0,-0.0,1.0,0,0.0,-0.0,1.0,0,0.0,-0.0,1.0,0,0.0,-0.0,1.7181732155374045
2018-03-27,7795.51,-0.041641310855483504,False,1.0,-0.041641310855483504,1.819221578126895,0,0.0,-0.0,1.9129713696736932,0,0.0,-0.0,2.317115002489385,0,0.0,-0.0,1.0,0,0.0,-0.0,1.0,0,0.0,-0.0,1.0,0,0.0,-0.0,1.0,0,0.0,-0.0,1.7181732155374045
2018-03-28,7949.3,0.01972802292601772,False,1.0,0.01972802292601772,1.8551112231276885,0,0.0,0.0,1.9129713696736932,0,0.0,0.0,2.317115002489385,0,0.0,0.0,1.0,0,0.0,0.0,1.0,0,0.0,0.0,1.0,0,0.0,0.0,1.0,0,0.0,0.0,1.7181732155374045
2018-03-29,7090.14,-0.10807995672574944,False,1.0,-0.10807995672574944,1.6546108824105958,0,0.0,-0.0,1.9129713696736932,0,0.0,-0.0,2.317115002489385,0,0.0,-0.0,1.0,0,0.0,-0.0,1.0,0,0.0,-0.0,1.0,0,0.0,-0.0,1.0,0,0.0,-0.0,1.7181732155374045
2018-03-30,6840.23,-0.03524754095123661,False,1.0,-0.03524754095123661,1.5962899175744667,0,0.0,-0.0,1.9129713696736932,0,0.0,-0.0,2.317115002489385,0,0.0,-0.0,1.0,0,0.0,-0.0,1.0,0,0.0,-0.0,1.0,0,0.0,-0.0,1.0,0,0.0,-0.0,1.7181732155374045
2018-03-31,6923.91,0.012233506768047242,False,1.0,0.012233506768047242,1.6158181410848795,0,0.0,0.0,1.9129713696736932,0,0.0,0.0,2.317115002489385,0,0.0,0.0,1.0,0,0.0,0.0,1.0,0,0.0,0.0,1.0,0,0.0,0.0,1.0,0,0.0,0.0,1.7181732155374045
2018-04-01,6813.01,-0.016016961514519923,False,1.0,-0.016016961514519923,1.58993764410466,0,0.0,-0.0,1.9129713696736932,0,0.0,-0.0,2.317115002489385,0,0.0,-0.0,1.0,0,0.0,-0.0,1.0,0,0.0,-0.0,1.0,0,0.0,-0.0,1.0,0,0.0,-0.0,1.7181732155374045
2018-04-02,7056.0,0.035665586869827015,False,1.0,0.035665586869827015,1.6466437032680827,0,0.0,0.0,1.9129713696736932,0,0.0,0.0,2.317115002489385,0,0.0,0.0,1.0,0,0.0,0.0,1.0,0,0.0,0.0,1.0,0,0.0,0.0,1.0,0,0.0,0.0,1.7181732155374045
2018-04-03,7405.21,0.04949121315192739,False,1.0,0.04949121315192739,1.7281380977718026,0,0.0,0.0,1.9129713696736932,0,0.0,0.0,2.317115002489385,0,0.0,0.0,1.0,0,0.0,0.0,1.0,0,0.0,0.0,1.0,0,0.0,0.0,1.0,0,0.0,0.0,1.7181732155374045
2018-04-04,6796.1,-0.08225425072347703,False,1.0,-0.08225425072347703,1.5859913933928882,0,0.0,-0.0,1.9129713696736932,0,0.0,-0.0,2.317115002489385,0,0.0,-0.0,1.0,0,0.0,-0.0,1.0,0,0.0,-0.0,1.0,0,0.0,-0.0,1.0,0,0.0,-0.0,1.7181732155374045
2018-04-05,6770.76,-0.0037286090551934548,False,1.0,-0.0037286090551934548,1.5800778515220246,0,0.0,-0.0,1.9129713696736932,0,0.0,-0.0,2.317115002489385,0,0.0,-0.0,1.0,0,0.0,-0.0,1.0,0,0.0,-0.0,1.0,0,0.0,-0.0,1.0,0,0.0,-0.0,1.7181732155374045
2018-04-06,6601.39,-0.02501491708464043,False,1.0,-0.02501491708464043,1.5405523350789243,0,0.0,-0.0,1.9129713696736932,0,0.0,-0.0,2.317115002489385,0,0.0,-0.0,1.0,0,0.0,-0.0,1.0,0,0.0,-0.0,1.0,0,0.0,-0.0,1.0,0,0.0,-0.0,1.7181732155374045
2018-04-07,6895.8,0.0445981831099207,False,1.0,0.0445981831099207,1.6092581702091902,0,0.0,0.0,1.9129713696736932,0,0.0,0.0,2.317115002489385,0,0.0,0.0,1.0,0,0.0,0.0,1.0,0,0.0,0.0,1.0,0,0.0,0.0,1.0,0,0.0,0.0,1.7181732155374045
2018-04-08,7018.0,0.01772093158154231,False,1.0,0.01772093158154231,1.637775724140505,0,0.0,0.0,1.9129713696736932,0,0.0,0.0,2.317115002489385,0,0.0,0.0,1.0,0,0.0,0.0,1.0,0,0.0,0.0,1.0,0,0.0,0.0,1.0,0,0.0,0.0,1.7181732155374045
2018-04-09,6782.72,-0.03352522086064402,False,1.0,-0.03352522086064402,1.5828689312684934,0,0.0,-0.0,1.9129713696736932,0,0.0,-0.0,2.317115002489385,0,0.0,-0.0,1.0,0,0.0,-0.0,1.0,0,0.0,-0.0,1.0,0,0.0,-0.0,1.0,0,0.0,-0.0,1.7181732155374045
2018-04-10,6843.9,0.009019980184940435,False,1.0,0.009019980184940435,1.597146377663893,0,0.0,0.0,1.9129713696736932,0,0.0,0.0,2.317115002489385,0,0.0,0.0,1.0,0,0.0,0.0,1.0,0,0.0,0.0,1.0,0,0.0,0.0,1.0,0,0.0,0.0,1.7181732155374045
2018-04-11,6953.79,0.016056634375136936,False,1.0,0.016056634375136936,1.6227911730936164,0,0.0,0.0,1.9129713696736932,0,0.0,0.0,2.317115002489385,0,0.0,0.0,1.0,0,0.0,0.0,1.0,0,0.0,0.0,1.0,0,0.0,0.0,1.0,0,0.0,0.0,1.7181732155374045
2018-04-12,7923.0,0.1393786697613819,False,1.0,0.1393786697613819,1.848973648099917,0,0.0,0.0,1.9129713696736932,0,0.0,0.0,2.317115002489385,0,0.0,0.0,1.0,0,0.0,0.0,1.0,0,0.0,0.0,1.0,0,0.0,0.0,1.0,0,0.0,0.0,1.7181732155374045
2018-04-13,7877.41,-0.005754133535277095,False,1.0,-0.005754133535277095,1.8383344068255416,0,0.0,-0.0,1.9129713696736932,0,0.0,-0.0,2.317115002489385,0,0.0,-0.0,1.0,0,0.0,-0.0,1.0,0,0.0,-0.0,1.0,0,0.0,-0.0,1.0,0,0.0,-0.0,1.7181732155374045
2018-04-14,7999.01,0.015436545768215737,False,1.0,0.015436545768215737,1.8667119400337897,0,0.0,0.0,1.9129713696736932,0,0.0,0.0,2.317115002489385,0,0.0,0.0,1.0,0,0.0,0.0,1.0,0,0.0,0.0,1.0,0,0.0,0.0,1.0,0,0.0,0.0,1.7181732155374045
2018-04-15,8355.0,0.044504257401853486,True,1.0,0.044504257401853486,1.9497885687081669,0,0.0,0.0,1.9129713696736932,0,0.0,0.0,2.317115002489385,0,0.0,0.0,1.0,0,0.0,0.0,1.0,0,0.0,0.0,1.0,0,0.0,0.0,1.0,0,0.0,0.0,1.7181732155374045
2018-04-16,8064.92,-0.034719329742669,True,1.0,-0.034719329742669,1.8820932164627013,0,0.0,-0.0,1.9129713696736932,0,0.0,-0.0,2.317115002489385,0,0.0,-0.0,1.0,0,0.0,-0.0,1.0,0,0.0,-0.0,1.0,0,0.0,-0.0,1.0,0,0.0,-0.0,1.7181732155374045
2018-04-17,7885.02,-0.022306482891336743,False,1.0,-0.022306482891336743,1.840110336329775,0,0.0,-0.0,1.9129713696736932,0,0.0,-0.0,2.317115002489385,0,0.0,-0.0,1.0,0,0.0,-0.0,1.0,0,0.0,-0.0,1.0,0,0.0,-0.0,1.0,0,0.0,-0.0,1.7181732155374045
2018-04-18,8173.0,0.03652241845930626,True,1.0,0.03652241845930626,1.907315616044506,0,0.0,0.0,1.9129713696736932,0,0.0,0.0,2.317115002489385,0,0.0,0.0,1.0,0,0.0,0.0,1.0,0,0.0,0.0,1.0,0,0.0,0.0,1.0,0,0.0,0.0,1.7181732155374045
2018-04-19,8278.0,0.012847179738162184,True,1.0,0.012847179738162184,1.9318192425812333,0,0.0,0.0,1.9129713696736932,0,0.0,0.0,2.317115002489385,0,0.0,0.0,1.0,0,0.0,0.0,1.0,0,0.0,0.0,1.0,0,0.0,0.0,1.0,0,0.0,0.0,1.7181732155374045
2018-04-20,8856.98,0.06994201497946362,True,1.0,0.06994201497946362,2.066934572983466,0,0.0,0.0,1.9129713696736932,0,0.0,0.0,2.317115002489385,0,0.0,0.0,1.0,0,0.0,0.0,1.0,0,0.0,0.0,1.0,0,0.0,0.0,1.0,0,0.0,0.0,1.7181732155374045
2018-04-21,8915.31,0.006585766254411762,True,1.0,0.006585766254411762,2.0805469209442973,0,0.0,0.0,1.9129713696736932,0,0.0,0.0,2.317115002489385,0,0.0,0.0,1.0,0,0.0,0.0,1.0,0,0.0,0.0,1.0,0,0.0,0.0,1.0,0,0.0,0.0,1.7181732155374045
2018-04-22,8787.02,-0.014389852960805527,True,1.0,-0.014389852960805527,2.050608156673852,0,0.0,-0.0,1.9129713696736932,0,0.0,-0.0,2.317115002489385,0,0.0,-0.0,1.0,0,0.0,-0.0,1.0,0,0.0,-0.0,1.0,0,0.0,-0.0,1.0,0,0.0,-0.0,1.7181732155374045
2018-04-23,8934.01,0.016728083013353823,True,1.0,0.016728083013353823,2.0849109001465527,0,0.0,0.0,1.9129713696736932,0,0.0,0.0,2.317115002489385,0,0.0,0.0,1.0,0,0.0,0.0,1.0,0,0.0,0.0,1.0,0,0.0,0.0,1.0,0,0.0,0.0,1.7181732155374045
2018-04-24,9619.99,0.07678298994516464,True,1.0,0.07678298994516464,2.2449965928290694,0,0.0,0.0,1.9129713696736932,0,0.0,0.0,2.317115002489385,0,0.0,0.0,1.0,0,0.0,0.0,1.0,0,0.0,0.0,1.0,0,0.0,0.0,1.0,0,0.0,0.0,1.7181732155374045
2018-04-25,8869.99,-0.077962659004843,True,1.0,-0.077962659004843,2.0699706889953022,0,0.0,-0.0,1.9129713696736932,0,0.0,-0.0,2.317115002489385,0,0.0,-0.0,1.0,0,0.0,-0.0,1.0,0,0.0,-0.0,1.0,0,0.0,-0.0,1.0,0,0.0,-0.0,1.7181732155374045
2018-04-26,9266.0,0.04464604807897188,True,1.0,0.04464604807897188,2.162386699898249,0,0.0,0.0,1.9129713696736932,0,0.0,0.0,2.317115002489385,0,0.0,0.0,1.0,0,0.0,0.0,1.0,0,0.0,0.0,1.0,0,0.0,0.0,1.0,0,0.0,0.0,1.7181732155374045
2018-04-27,8915.35,-0.03784265055039926,True,1.0,-0.03784265055039926,2.080556255659168,0,0.0,-0.0,1.9129713696736932,0,0.0,-0.0,2.317115002489385,0,0.0,-0.0,1.0,0,0.0,-0.0,1.0,0,0.0,-0.0,1.0,0,0.0,-0.0,1.0,0,0.0,-0.0,1.7181732155374045
2018-04-28,9348.0,0.04852866124156652,True,1.0,0.04852866124156652,2.181522865384074,0,0.0,0.0,1.9129713696736932,0,0.0,0.0,2.317115002489385,0,0.0,0.0,1.0,0,0.0,0.0,1.0,0,0.0,0.0,1.0,0,0.0,0.0,1.0,0,0.0,0.0,1.7181732155374045
2018-04-29,9419.0,0.0075952075310226075,True,1.0,0.0075952075310226075,2.198091984280337,0,0.0,0.0,1.9129713696736932,0,0.0,0.0,2.317115002489385,0,0.0,0.0,1.0,0,0.0,0.0,1.0,0,0.0,0.0,1.0,0,0.0,0.0,1.0,0,0.0,0.0,1.7181732155374045
2018-04-30,9246.01,-0.018366068584775408,True,1.0,-0.018366068584775408,2.1577216761413993,0,0.0,-0.0,1.9129713696736932,0,0.0,-0.0,2.317115002489385,0,0.0,-0.0,1.0,0,0.0,-0.0,1.0,0,0.0,-0.0,1.0,0,0.0,-0.0,1.0,0,0.0,-0.0,1.7181732155374045
2018-05-01,9071.48,-0.018876250404228467,True,1.0,-0.018876250404228467,2.1169919814799227,0,0.0,-0.0,1.9129713696736932,0,0.0,-0.0,2.317115002489385,0,0.0,-0.0,1.0,0,0.0,-0.0,1.0,0,0.0,-0.0,1.0,0,0.0,-0.0,1.0,0,0.0,-0.0,1.7181732155374045
2018-05-02,9247.84,0.01944114962497867,True,1.0,0.01944114962497867,2.1581487393467538,0,0.0,0.0,1.9129713696736932,0,0.0,0.0,2.317115002489385,0,0.0,0.0,1.0,0,0.0,0.0,1.0,0,0.0,0.0,1.0,0,0.0,0.0,1.0,0,0.0,0.0,1.7181732155374045
2018-05-03,9750.0,0.05430024740912476,True,1.0,0.05430024740912476,2.2753367498389734,0,0.0,0.0,1.9129713696736932,0,0.0,0.0,2.317115002489385,0,0.0,0.0,1.0,0,0.0,0.0,1.0,0,0.0,0.0,1.0,0,0.0,0.0,1.0,0,0.0,0.0,1.7181732155374045
2018-05-04,9713.99,-0.0036933333333333263,True,1.0,-0.0036933333333333263,2.266933172776235,0,0.0,-0.0,1.9129713696736932,0,0.0,-0.0,2.317115002489385,0,0.0,-0.0,1.0,0,0.0,-0.0,1.0,0,0.0,-0.0,1.0,0,0.0,-0.0,1.0,0,0.0,-0.0,1.7181732155374045
2018-05-05,9864.0,0.015442675975577469,True,1.0,0.015442675975577469,2.3019406872217063,0,0.0,0.0,1.9129713696736932,0,0.0,0.0,2.317115002489385,0,0.0,0.0,1.0,0,0.0,0.0,1.0,0,0.0,0.0,1.0,0,0.0,0.0,1.0,0,0.0,0.0,1.7181732155374045
2018-05-06,9659.01,-0.020781630170316312,True,1.0,-0.020781630170316312,2.254102607185861,0,0.0,-0.0,1.9129713696736932,0,0.0,-0.0,2.317115002489385,0,0.0,-0.0,1.0,0,0.0,-0.0,1.0,0,0.0,-0.0,1.0,0,0.0,-0.0,1.0,0,0.0,-0.0,1.7181732155374045
2018-05-07,9365.0,-0.030438937323804427,True,1.0,-0.030438937323804427,2.1854901192043066,0,0.0,-0.0,1.9129713696736932,0,0.0,-0.0,2.317115002489385,0,0.0,-0.0,1.0,0,0.0,-0.0,1.0,0,0.0,-0.0,1.0,0,0.0,-0.0,1.0,0,0.0,-0.0,1.7181732155374045
2018-05-08,9187.56,-0.018947143619861273,True,1.0,-0.018947143619861273,2.144081324035955,0,0.0,-0.0,1.9129713696736932,0,0.0,-0.0,2.317115002489385,0,0.0,-0.0,1.0,0,0.0,-0.0,1.0,0,0.0,-0.0,1.0,0,0.0,-0.0,1.0,0,0.0,-0.0,1.7181732155374045
2018-05-09,9310.0,0.013326715689475854,True,1.0,0.013326715689475854,2.172654886256497,0,0.0,0.0,1.9129713696736932,0,0.0,0.0,2.317115002489385,0,0.0,0.0,1.0,0,0.0,0.0,1.0,0,0.0,0.0,1.0,0,0.0,0.0,1.0,0,0.0,0.0,1.7181732155374045
2018-05-10,9002.2,-0.03306122448979587,True,1.0,-0.03306122448979587,2.1008242553231193,0,0.0,-0.0,1.9129713696736932,0,0.0,-0.0,2.317115002489385,0,0.0,-0.0,1.0,0,0.0,-0.0,1.0,0,0.0,-0.0,1.0,0,0.0,-0.0,1.0,0,0.0,-0.0,1.7181732155374045
2018-05-11,8400.0,-0.06689475905889675,False,1.0,-0.06689475905889675,1.960290122938193,0,0.0,-0.0,1.9129713696736932,0,0.0,-0.0,2.317115002489385,0,0.0,-0.0,1.0,0,0.0,-0.0,1.0,0,0.0,-0.0,1.0,0,0.0,-0.0,1.0,0,0.0,-0.0,1.7181732155374045
2018-05-12,8465.94,0.007850000000000135,False,1.0,0.007850000000000135,1.9756784004032582,0,0.0,0.0,1.9129713696736932,0,0.0,0.0,2.317115002489385,0,0.0,0.0,1.0,0,0.0,0.0,1.0,0,0.0,0.0,1.0,0,0.0,0.0,1.0,0,0.0,0.0,1.7181732155374045
2018-05-13,8679.71,0.025250592373676106,False,1.0,0.025250592373676106,2.025565450353317,0,0.0,0.0,1.9129713696736932,0,0.0,0.0,2.317115002489385,0,0.0,0.0,1.0,0,0.0,0.0,1.0,0,0.0,0.0,1.0,0,0.0,0.0,1.0,0,0.0,0.0,1.7181732155374045
2018-05-14,8663.34,-0.0018860077122391239,False,1.0,-0.0018860077122391239,2.0217452182923057,0,0.0,-0.0,1.9129713696736932,0,0.0,-0.0,2.317115002489385,0,0.0,-0.0,1.0,0,0.0,-0.0,1.0,0,0.0,-0.0,1.0,0,0.0,-0.0,1.0,0,0.0,-0.0,1.7181732155374045
2018-05-15,8462.0,-0.02324045922242457,False,1.0,-0.02324045922242457,1.9747589309884515,0,0.0,-0.0,1.9129713696736932,0,0.0,-0.0,2.317115002489385,0,0.0,-0.0,1.0,0,0.0,-0.0,1.0,0,0.0,-0.0,1.0,0,0.0,-0.0,1.0,0,0.0,-0.0,1.7181732155374045
2018-05-16,8330.0,-0.015599149137319746,False,1.0,-0.015599149137319746,1.9439543719137085,0,0.0,-0.0,1.9129713696736932,0,0.0,-0.0,2.317115002489385,0,0.0,-0.0,1.0,0,0.0,-0.0,1.0,0,0.0,-0.0,1.0,0,0.0,-0.0,1.0,0,0.0,-0.0,1.7181732155374045
2018-05-17,8041.46,-0.03463865546218492,False,1.0,-0.03463865546218492,1.8766184061907814,0,0.0,-0.0,1.9129713696736932,0,0.0,-0.0,2.317115002489385,0,0.0,-0.0,1.0,0,0.0,-0.0,1.0,0,0.0,-0.0,1.0,0,0.0,-0.0,1.0,0,0.0,-0.0,1.7181732155374045
2018-05-18,8239.81,0.024665918875428128,False,1.0,0.024665918875428128,1.9229069235580183,0,0.0,0.0,1.9129713696736932,0,0.0,0.0,2.317115002489385,0,0.0,0.0,1.0,0,0.0,0.0,1.0,0,0.0,0.0,1.0,0,0.0,0.0,1.0,0,0.0,0.0,1.7181732155374045
2018-05-19,8233.49,-0.0007670079771256999,False,1.0,-0.0007670079771256999,1.921432038608379,0,0.0,-0.0,1.9129713696736932,0,0.0,-0.0,2.317115002489385,0,0.0,-0.0,1.0,0,0.0,-0.0,1.0,0,0.0,-0.0,1.0,0,0.0,-0.0,1.0,0,0.0,-0.0,1.7181732155374045
2018-05-20,8526.98,0.03564588042251815,False,1.0,0.03564588042251815,1.9899231752966084,0,0.0,0.0,1.9129713696736932,0,0.0,0.0,2.317115002489385,0,0.0,0.0,1.0,0,0.0,0.0,1.0,0,0.0,0.0,1.0,0,0.0,0.0,1.0,0,0.0,0.0,1.7181732155374045
2018-05-21,8381.24,-0.017091631503768023,False,1.0,-0.017091631503768023,1.955912141663631,0,0.0,-0.0,1.9129713696736932,0,0.0,-0.0,2.317115002489385,0,0.0,-0.0,1.0,0,0.0,-0.0,1.0,0,0.0,-0.0,1.0,0,0.0,-0.0,1.0,0,0.0,-0.0,1.7181732155374045
2018-05-22,7977.11,-0.04821840205029326,False,1.0,-0.04821840205029326,1.8616011836418438,0,0.0,-0.0,1.9129713696736932,0,0.0,-0.0,2.317115002489385,0,0.0,-0.0,1.0,0,0.0,-0.0,1.0,0,0.0,-0.0,1.0,0,0.0,-0.0,1.0,0,0.0,-0.0,1.7181732155374045
2018-05-23,7501.95,-0.05956543159114014,False,1.0,-0.05956543159114014,1.75071410568764,0,0.0,-0.0,1.9129713696736932,0,0.0,-0.0,2.317115002489385,0,0.0,-0.0,1.0,0,0.0,-0.0,1.0,0,0.0,-0.0,1.0,0,0.0,-0.0,1.0,0,0.0,-0.0,1.7181732155374045
2018-05-24,7575.01,0.009738801245009698,False,1.0,0.009738801245009698,1.767763962399767,0,0.0,0.0,1.9129713696736932,0,0.0,0.0,2.317115002489385,0,0.0,0.0,1.0,0,0.0,0.0,1.0,0,0.0,0.0,1.0,0,0.0,0.0,1.0,0,0.0,0.0,1.7181732155374045
2018-05-25,7457.0,-0.015578857321640549,False,1.0,-0.015578857321640549,1.740224219851203,0,0.0,-0.0,1.9129713696736932,0,0.0,-0.0,2.317115002489385,0,0.0,-0.0,1.0,0,0.0,-0.0,1.0,0,0.0,-0.0,1.0,0,0.0,-0.0,1.0,0,0.0,-0.0,1.7181732155374045
2018-05-26,7333.96,-0.01649993294890706,False,1.0,-0.01649993294890706,1.711510636907594,0,0.0,-0.0,1.9129713696736932,0,0.0,-0.0,2.317115002489385,0,0.0,-0.0,1.0,0,0.0,-0.0,1.0,0,0.0,-0.0,1.0,0,0.0,-0.0,1.0,0,0.0,-0.0,1.7181732155374045
2018-05-27,7338.99,0.0006858504818678668,False,1.0,0.0006858504818678668,1.712684477302639,0,0.0,0.0,1.9129713696736932,0,0.0,0.0,2.317115002489385,0,0.0,0.0,1.0,0,0.0,0.0,1.0,0,0.0,0.0,1.0,0,0.0,0.0,1.0,0,0.0,0.0,1.7181732155374045
2018-05-28,7099.0,-0.032700684971637806,False,1.0,-0.032700684971637806,1.6566785217545512,0,0.0,-0.0,1.9129713696736932,0,0.0,-0.0,2.317115002489385,0,0.0,-0.0,1.0,0,0.0,-0.0,1.0,0,0.0,-0.0,1.0,0,0.0,-0.0,1.0,0,0.0,-0.0,1.7181732155374045
2018-05-29,7461.29,0.05103394844344278,False,1.0,0.05103394844344278,1.741225368021132,0,0.0,0.0,1.9129713696736932,0,0.0,0.0,2.317115002489385,0,0.0,0.0,1.0,0,0.0,0.0,1.0,0,0.0,0.0,1.0,0,0.0,0.0,1.0,0,0.0,0.0,1.7181732155374045
2018-05-30,7375.96,-0.011436360200447915,False,1.0,-0.011436360200447915,1.721312087522285,0,0.0,-0.0,1.9129713696736932,0,0.0,-0.0,2.317115002489385,0,0.0,-0.0,1.0,0,0.0,-0.0,1.0,0,0.0,-0.0,1.0,0,0.0,-0.0,1.0,0,0.0,-0.0,1.7181732155374045
2018-05-31,7485.01,0.014784516185011976,False,1.0,0.014784516185011976,1.7467608539397148,0,0.0,0.0,1.9129713696736932,0,0.0,0.0,2.317115002489385,0,0.0,0.0,1.0,0,0.0,0.0,1.0,0,0.0,0.0,1.0,0,0.0,0.0,1.0,0,0.0,0.0,1.7181732155374045
2018-06-01,7521.01,0.004809612812808561,False,1.0,0.004809612812808561,1.7551620973237356,0,0.0,0.0,1.9129713696736932,0,0.0,0.0,2.317115002489385,0,0.0,0.0,1.0,0,0.0,0.0,1.0,0,0.0,0.0,1.0,0,0.0,0.0,1.0,0,0.0,0.0,1.7181732155374045
2018-06-02,7640.03,0.015825002227094487,False,1.0,0.015825002227094487,1.7829375414227955,0,0.0,0.0,1.9129713696736932,0,0.0,0.0,2.317115002489385,0,0.0,0.0,1.0,0,0.0,0.0,1.0,0,0.0,0.0,1.0,0,0.0,0.0,1.0,0,0.0,0.0,1.7181732155374045
2018-06-03,7714.26,0.009715930434828213,False,1.0,0.009715930434828213,1.800260438544903,0,0.0,0.0,1.9129713696736932,0,0.0,0.0,2.317115002489385,0,0.0,0.0,1.0,0,0.0,0.0,1.0,0,0.0,0.0,1.0,0,0.0,0.0,1.0,0,0.0,0.0,1.7181732155374045
2018-06-04,7487.0,-0.029459727828722415,False,1.0,-0.029459727828722415,1.7472252560045538,0,0.0,-0.0,1.9129713696736932,0,0.0,-0.0,2.317115002489385,0,0.0,-0.0,1.0,0,0.0,-0.0,1.0,0,0.0,-0.0,1.0,0,0.0,-0.0,1.0,0,0.0,-0.0,1.7181732155374045
2018-06-05,7625.0,0.018431948711099322,False,1.0,0.018431948711099322,1.779430022309967,0,0.0,0.0,1.9129713696736932,0,0.0,0.0,2.317115002489385,0,0.0,0.0,1.0,0,0.0,0.0,1.0,0,0.0,0.0,1.0,0,0.0,0.0,1.0,0,0.0,0.0,1.7181732155374045
2018-06-06,7658.84,0.004438032786885371,False,1.0,0.004438032786885371,1.787327191090947,0,0.0,0.0,1.9129713696736932,0,0.0,0.0,2.317115002489385,0,0.0,0.0,1.0,0,0.0,0.0,1.0,0,0.0,0.0,1.0,0,0.0,0.0,1.0,0,0.0,0.0,1.7181732155374045
2018-06-07,7691.08,0.004209514756803978,False,1.0,0.004209514756803978,1.7948509712770813,0,0.0,0.0,1.9129713696736932,0,0.0,0.0,2.317115002489385,0,0.0,0.0,1.0,0,0.0,0.0,1.0,0,0.0,0.0,1.0,0,0.0,0.0,1.0,0,0.0,0.0,1.7181732155374045
2018-06-08,7603.44,-0.01139501864497583,False,1.0,-0.01139501864497583,1.7743986109944259,0,0.0,-0.0,1.9129713696736932,0,0.0,-0.0,2.317115002489385,0,0.0,-0.0,1.0,0,0.0,-0.0,1.0,0,0.0,-0.0,1.0,0,0.0,-0.0,1.0,0,0.0,-0.0,1.7181732155374045
2018-06-09,7491.73,-0.014692034131919218,False,1.0,-0.014692034131919218,1.7483290860380658,0,0.0,-0.0,1.9129713696736932,0,0.0,-0.0,2.317115002489385,0,0.0,-0.0,1.0,0,0.0,-0.0,1.0,0,0.0,-0.0,1.0,0,0.0,-0.0,1.0,0,0.0,-0.0,1.7181732155374045
2018-06-10,6764.99,-0.09700563154304809,False,1.0,-0.09700563154304809,1.5787313189018632,0,0.0,-0.0,1.9129713696736932,0,0.0,-0.0,2.317115002489385,0,0.0,-0.0,1.0,0,0.0,-0.0,1.0,0,0.0,-0.0,1.0,0,0.0,-0.0,1.0,0,0.0,-0.0,1.7181732155374045
2018-06-11,6872.0,0.015818205200599067,False,1.0,0.015818205200599067,1.6037040148608652,0,0.0,0.0,1.9129713696736932,0,0.0,0.0,2.317115002489385,0,0.0,0.0,1.0,0,0.0,0.0,1.0,0,0.0,0.0,1.0,0,0.0,0.0,1.0,0,0.0,0.0,1.7181732155374045
2018-06-12,6530.0,-0.04976717112922002,False,1.0,-0.04976717112922002,1.5238922027126673,0,0.0,-0.0,1.9129713696736932,0,0.0,-0.0,2.317115002489385,0,0.0,-0.0,1.0,0,0.0,-0.0,1.0,0,0.0,-0.0,1.0,0,0.0,-0.0,1.0,0,0.0,-0.0,1.7181732155374045
2018-06-13,6292.78,-0.036327718223583494,False,1.0,-0.036327718223583494,1.4685326761694055,0,0.0,-0.0,1.9129713696736932,0,0.0,-0.0,2.317115002489385,0,0.0,-0.0,1.0,0,0.0,-0.0,1.0,0,0.0,-0.0,1.0,0,0.0,-0.0,1.0,0,0.0,-0.0,1.7181732155374045
2018-06-14,6635.98,0.05453869355038621,False,1.0,0.05453869355038621,1.5486245297637373,0,0.0,0.0,1.9129713696736932,0,0.0,0.0,2.317115002489385,0,0.0,0.0,1.0,0,0.0,0.0,1.0,0,0.0,0.0,1.0,0,0.0,0.0,1.0,0,0.0,0.0,1.7181732155374045
2018-06-15,6388.9,-0.037233385272408936,False,1.0,-0.037233385272408936,1.490963996004741,0,0.0,-0.0,1.9129713696736932,0,0.0,-0.0,2.317115002489385,0,0.0,-0.0,1.0,0,0.0,-0.0,1.0,0,0.0,-0.0,1.0,0,0.0,-0.0,1.0,0,0.0,-0.0,1.7181732155374045
2018-06-16,6483.98,0.01488206107467649,False,1.0,0.01488206107467649,1.5131526132534272,0,0.0,0.0,1.9129713696736932,0,0.0,0.0,2.317115002489385,0,0.0,0.0,1.0,0,0.0,0.0,1.0,0,0.0,0.0,1.0,0,0.0,0.0,1.0,0,0.0,0.0,1.7181732155374045
2018-06-17,6449.61,-0.005300756634042614,False,1.0,-0.005300756634042614,1.5051317595004052,0,0.0,-0.0,1.9129713696736932,0,0.0,-0.0,2.317115002489385,0,0.0,-0.0,1.0,0,0.0,-0.0,1.0,0,0.0,-0.0,1.0,0,0.0,-0.0,1.0,0,0.0,-0.0,1.7181732155374045
2018-06-18,6712.46,0.040754402204164375,False,1.0,0.040754402204164375,1.5664725045973464,0,0.0,0.0,1.9129713696736932,0,0.0,0.0,2.317115002489385,0,0.0,0.0,1.0,0,0.0,0.0,1.0,0,0.0,0.0,1.0,0,0.0,0.0,1.0,0,0.0,0.0,1.7181732155374045
2018-06-19,6741.21,0.004283079526730793,False,1.0,0.004283079526730793,1.573181830910974,0,0.0,0.0,1.9129713696736932,0,0.0,0.0,2.317115002489385,0,0.0,0.0,1.0,0,0.0,0.0,1.0,0,0.0,0.0,1.0,0,0.0,0.0,1.0,0,0.0,0.0,1.7181732155374045
2018-06-20,6761.51,0.003011328826723947,False,1.0,0.003011328826723947,1.5779191987080745,0,0.0,0.0,1.9129713696736932,0,0.0,0.0,2.317115002489385,0,0.0,0.0,1.0,0,0.0,0.0,1.0,0,0.0,0.0,1.0,0,0.0,0.0,1.0,0,0.0,0.0,1.7181732155374045
2018-06-21,6718.84,-0.006310720534318581,False,1.0,-0.006310720534318581,1.567961391619292,0,0.0,-0.0,1.9129713696736932,0,0.0,-0.0,2.317115002489385,0,0.0,-0.0,1.0,0,0.0,-0.0,1.0,0,0.0,-0.0,1.0,0,0.0,-0.0,1.0,0,0.0,-0.0,1.7181732155374045
2018-06-22,6045.0,-0.10029112168171894,False,1.0,-0.10029112168171894,1.4107087849001643,0,0.0,-0.0,1.9129713696736932,0,0.0,-0.0,2.317115002489385,0,0.0,-0.0,1.0,0,0.0,-0.0,1.0,0,0.0,-0.0,1.0,0,0.0,-0.0,1.0,0,0.0,-0.0,1.7181732155374045
2018-06-23,6149.98,0.017366418527708705,False,1.0,0.017366418527708705,1.435207744079456,0,0.0,0.0,1.9129713696736932,0,0.0,0.0,2.317115002489385,0,0.0,0.0,1.0,0,0.0,0.0,1.0,0,0.0,0.0,1.0,0,0.0,0.0,1.0,0,0.0,0.0,1.7181732155374045
2018-06-24,6136.97,-0.002115454033996711,False,1.0,-0.002115454033996711,1.4321716280676198,0,0.0,-0.0,1.9129713696736932,0,0.0,-0.0,2.317115002489385,0,0.0,-0.0,1.0,0,0.0,-0.0,1.0,0,0.0,-0.0,1.0,0,0.0,-0.0,1.0,0,0.0,-0.0,1.7181732155374045
2018-06-25,6252.0,0.018743777466730283,False,1.0,0.018743777466730283,1.459015934358284,0,0.0,0.0,1.9129713696736932,0,0.0,0.0,2.317115002489385,0,0.0,0.0,1.0,0,0.0,0.0,1.0,0,0.0,0.0,1.0,0,0.0,0.0,1.0,0,0.0,0.0,1.7181732155374045
2018-06-26,6070.78,-0.02898592450415871,False,1.0,-0.02898592450415871,1.4167250086346102,0,0.0,-0.0,1.9129713696736932,0,0.0,-0.0,2.317115002489385,0,0.0,-0.0,1.0,0,0.0,-0.0,1.0,0,0.0,-0.0,1.0,0,0.0,-0.0,1.0,0,0.0,-0.0,1.7181732155374045
2018-06-27,6133.73,0.010369342983932883,False,1.0,0.010369342983932883,1.4314155161630577,0,0.0,0.0,1.9129713696736932,0,0.0,0.0,2.317115002489385,0,0.0,0.0,1.0,0,0.0,0.0,1.0,0,0.0,0.0,1.0,0,0.0,0.0,1.0,0,0.0,0.0,1.7181732155374045
2018-06-28,5853.98,-0.04560846336568447,False,1.0,-0.04560846336568447,1.3661308540330626,0,0.0,-0.0,1.9129713696736932,0,0.0,-0.0,2.317115002489385,0,0.0,-0.0,1.0,0,0.0,-0.0,1.0,0,0.0,-0.0,1.0,0,0.0,-0.0,1.0,0,0.0,-0.0,1.7181732155374045
2018-06-29,6197.92,0.0587531901373084,False,1.0,0.0587531901373084,1.4463953998525105,0,0.0,0.0,1.9129713696736932,0,0.0,0.0,2.317115002489385,0,0.0,0.0,1.0,0,0.0,0.0,1.0,0,0.0,0.0,1.0,0,0.0,0.0,1.0,0,0.0,0.0,1.7181732155374045
2018-06-30,6390.07,0.03100233626765103,False,1.0,0.03100233626765103,1.4912370364147216,0,0.0,0.0,1.9129713696736932,0,0.0,0.0,2.317115002489385,0,0.0,0.0,1.0,0,0.0,0.0,1.0,0,0.0,0.0,1.0,0,0.0,0.0,1.0,0,0.0,0.0,1.7181732155374045
2018-07-01,6356.81,-0.005204950806485531,False,1.0,-0.005204950806485531,1.4834752209993738,0,0.0,-0.0,1.9129713696736932,0,0.0,-0.0,2.317115002489385,0,0.0,-0.0,1.0,0,0.0,-0.0,1.0,0,0.0,-0.0,1.0,0,0.0,-0.0,1.0,0,0.0,-0.0,1.7181732155374045
2018-07-02,6615.29,0.040661904319933884,True,1.0,0.040661904319933884,1.5437961484966432,1,0.0,0.0,1.9129713696736932,0,0.0,0.0,2.317115002489385,0,0.0,0.0,1.0,0,0.0,0.0,1.0,0,0.0,0.0,1.0,0,0.0,0.0,1.0,0,0.0,0.0,1.7181732155374045
2018-07-03,6513.86,-0.015332661153176996,True,1.0,-0.015332661153176996,1.5201256452621643,1,1.0,-0.016332661153176997,1.8817274564970838,0,0.0,-0.0,2.317115002489385,0,0.0,-0.0,1.0,0,0.0,-0.0,1.0,0,0.0,-0.0,1.0,0,0.0,-0.0,1.0,0,0.0,-0.0,1.7181732155374045
2018-07-04,6586.98,0.011225294986382917,False,1.0,0.011225294986382917,1.5371895040465977,0,1.0,0.011225294986382917,1.9028504022802397,0,0.0,0.0,2.317115002489385,0,0.0,0.0,1.0,0,0.0,0.0,1.0,0,0.0,0.0,1.0,0,0.0,0.0,1.0,0,0.0,0.0,1.7181732155374045
2018-07-05,6529.2,-0.008771849922119102,True,1.0,-0.008771849922119102,1.5237055084152442,1,1.0,-0.008771849922119102,1.8861588841271935,0,0.0,-0.0,2.317115002489385,0,0.0,-0.0,1.0,0,0.0,-0.0,1.0,0,0.0,-0.0,1.0,0,0.0,-0.0,1.0,0,0.0,-0.0,1.7181732155374045
2018-07-06,6609.78,0.012341481345340855,True,1.0,0.012341481345340855,1.5425102915231441,1,1.0,0.012341481345340855,1.9094368788099982,0,0.0,0.0,2.317115002489385,0,0.0,0.0,1.0,0,0.0,0.0,1.0,0,0.0,0.0,1.0,0,0.0,0.0,1.0,0,0.0,0.0,1.7181732155374045
2018-07-07,6756.98,0.022270030167418575,True,1.0,0.022270030167418575,1.5768620422489181,1,1.0,0.022270030167418575,1.9519600957038785,0,0.0,0.0,2.317115002489385,0,0.0,0.0,1.0,0,0.0,0.0,1.0,0,0.0,0.0,1.0,0,0.0,0.0,1.0,0,0.0,0.0,1.7181732155374045
2018-07-08,6712.1,-0.006642020547640959,False,1.0,-0.006642020547640959,1.5663884921635056,0,1.0,-0.006642020547640959,1.9389951366400382,0,0.0,-0.0,2.317115002489385,0,0.0,-0.0,1.0,0,0.0,-0.0,1.0,0,0.0,-0.0,1.0,0,0.0,-0.0,1.0,0,0.0,-0.0,1.7181732155374045
2018-07-09,6662.12,-0.007446253780486023,False,1.0,-0.007446253780486023,1.5547247659320234,0,1.0,-0.007446253780486023,1.9245568867734884,0,0.0,-0.0,2.317115002489385,0,0.0,-0.0,1.0,0,0.0,-0.0,1.0,0,0.0,-0.0,1.0,0,0.0,-0.0,1.0,0,0.0,-0.0,1.7181732155374045
2018-07-10,6296.91,-0.054818886480579754,False,1.0,-0.054818886480579754,1.4694964854798498,0,1.0,-0.054818886480579754,1.8190548212720346,0,0.0,-0.0,2.317115002489385,0,0.0,-0.0,1.0,0,0.0,-0.0,1.0,0,0.0,-0.0,1.0,0,0.0,-0.0,1.0,0,0.0,-0.0,1.7181732155374045
2018-07-11,6378.07,0.012888861362160053,False,1.0,0.012888861362160053,1.4884366219533811,0,1.0,0.012888861362160053,1.8425003666735786,0,0.0,0.0,2.317115002489385,0,0.0,0.0,1.0,0,0.0,0.0,1.0,0,0.0,0.0,1.0,0,0.0,0.0,1.0,0,0.0,0.0,1.7181732155374045
2018-07-12,6250.57,-0.019990373263385375,True,1.0,-0.019990373263385375,1.4586822183016406,1,1.0,-0.019990373263385375,1.8056680966058494,0,0.0,-0.0,2.317115002489385,0,0.0,-0.0,1.0,0,0.0,-0.0,1.0,0,0.0,-0.0,1.0,0,0.0,-0.0,1.0,0,0.0,-0.0,1.7181732155374045
2018-07-13,6214.57,-0.005759474735904102,True,1.0,-0.005759474735904102,1.4502809749176198,1,1.0,-0.005759474735904102,1.79526839682202,0,0.0,-0.0,2.317115002489385,0,0.0,-0.0,1.0,0,0.0,-0.0,1.0,0,0.0,-0.0,1.0,0,0.0,-0.0,1.0,0,0.0,-0.0,1.7181732155374045
2018-07-14,6251.99,0.006021333736686563,True,1.0,0.006021333736686563,1.459013600679566,1,1.0,0.006021333736686563,1.8060783069862116,0,0.0,0.0,2.317115002489385,0,0.0,0.0,1.0,0,0.0,0.0,1.0,0,0.0,0.0,1.0,0,0.0,0.0,1.0,0,0.0,0.0,1.7181732155374045
2018-07-15,6353.01,0.016158055275200534,True,1.0,0.016158055275200534,1.4825884230866158,1,1.0,0.016158055275200534,1.8352610201018353,0,0.0,0.0,2.317115002489385,0,0.0,0.0,1.0,0,0.0,0.0,1.0,0,0.0,0.0,1.0,0,0.0,0.0,1.0,0,0.0,0.0,1.7181732155374045
2018-07-16,6723.35,0.05829362774495861,True,1.0,0.05829362774495861,1.569013880721012,1,1.0,0.05829362774495861,1.9422450428224847,0,0.0,0.0,2.317115002489385,0,0.0,0.0,1.0,0,0.0,0.0,1.0,0,0.0,0.0,1.0,0,0.0,0.0,1.0,0,0.0,0.0,1.7181732155374045
2018-07-17,7317.44,0.08836220039117393,True,1.0,0.08836220039117393,1.7076553996658157,1,1.0,0.08836220039117393,2.1138660885051292,0,0.0,0.0,2.317115002489385,0,0.0,0.0,1.0,0,0.0,0.0,1.0,0,0.0,0.0,1.0,0,0.0,0.0,1.0,0,0.0,0.0,1.7181732155374045
2018-07-18,7381.9,0.00880909170420252,True,1.0,0.00880909170420252,1.7226982926806484,1,1.0,0.00880909170420252,2.132487328729175,0,0.0,0.0,2.317115002489385,0,0.0,0.0,1.0,0,0.0,0.0,1.0,0,0.0,0.0,1.0,0,0.0,0.0,1.0,0,0.0,0.0,1.7181732155374045
2018-07-19,7466.21,0.011421178829298828,True,1.0,0.011421178829298828,1.7423735379502818,1,1.0,0.011421178829298828,2.1568428478618045,0,0.0,0.0,2.317115002489385,0,0.0,0.0,1.0,0,0.0,0.0,1.0,0,0.0,0.0,1.0,0,0.0,0.0,1.0,0,0.0,0.0,1.7181732155374045
2018-07-20,7337.53,-0.017234982675279786,True,1.0,-0.017234982675279786,1.7123437602098428,1,1.0,-0.017234982675279786,2.119669698745605,0,0.0,-0.0,2.317115002489385,0,0.0,-0.0,1.0,0,0.0,-0.0,1.0,0,0.0,-0.0,1.0,0,0.0,-0.0,1.0,0,0.0,-0.0,1.7181732155374045
2018-07-21,7398.78,0.008347495683152184,True,1.0,0.008347495683152184,1.726637542356267,1,1.0,0.008347495683152184,2.1373636324055925,0,0.0,0.0,2.317115002489385,0,0.0,0.0,1.0,0,0.0,0.0,1.0,0,0.0,0.0,1.0,0,0.0,0.0,1.0,0,0.0,0.0,1.7181732155374045
2018-07-22,7394.79,-0.0005392780971997801,True,1.0,-0.0005392780971997801,1.7257064045478714,1,1.0,-0.0005392780971997801,2.1362109990128846,0,0.0,-0.0,2.317115002489385,0,0.0,-0.0,1.0,0,0.0,-0.0,1.0,0,0.0,-0.0,1.0,0,0.0,-0.0,1.0,0,0.0,-0.0,1.7181732155374045
2018-07-23,7721.01,0.0441148430178544,True,1.0,0.0441148430178544,1.8018356716794066,1,1.0,0.0441148430178544,2.230449611887352,0,0.0,0.0,2.317115002489385,0,0.0,0.0,1.0,0,0.0,0.0,1.0,0,0.0,0.0,1.0,0,0.0,0.0,1.0,0,0.0,0.0,1.7181732155374045
2018-07-24,8397.24,0.08758310117458712,True,1.0,0.08758310117458712,1.9596460276120842,1,1.0,0.08758310117458712,2.4257993059101004,0,0.0,0.0,2.317115002489385,0,0.0,0.0,1.0,0,0.0,0.0,1.0,0,0.0,0.0,1.0,0,0.0,0.0,1.0,0,0.0,0.0,1.7181732155374045
2018-07-25,8175.64,-0.02638962325716543,True,1.0,-0.02638962325716543,1.9079317072260005,1,1.0,-0.02638962325716543,2.3617833761296394,0,0.0,-0.0,2.317115002489385,0,0.0,-0.0,1.0,0,0.0,-0.0,1.0,0,0.0,-0.0,1.0,0,0.0,-0.0,1.0,0,0.0,-0.0,1.7181732155374045
2018-07-26,7920.0,-0.03126850008072768,True,1.0,-0.03126850008072768,1.8482735444845815,1,1.0,-0.03126850008072768,2.2879339524424687,0,0.0,-0.0,2.317115002489385,0,0.0,-0.0,1.0,0,0.0,-0.0,1.0,0,0.0,-0.0,1.0,0,0.0,-0.0,1.0,0,0.0,-0.0,1.7181732155374045
2018-07-27,8188.57,0.03391035353535354,True,1.0,0.03391035353535354,1.9109491538080947,1,1.0,0.03391035353535354,2.3655186016353316,0,0.0,0.0,2.317115002489385,0,0.0,0.0,1.0,0,0.0,0.0,1.0,0,0.0,0.0,1.0,0,0.0,0.0,1.0,0,0.0,0.0,1.7181732155374045
2018-07-28,8225.04,0.004453769095214666,True,1.0,0.004453769095214666,1.9194600800918518,1,1.0,0.004453769095214666,2.3760540752774504,0,0.0,0.0,2.317115002489385,0,0.0,0.0,1.0,0,0.0,0.0,1.0,0,0.0,0.0,1.0,0,0.0,0.0,1.0,0,0.0,0.0,1.7181732155374045
2018-07-29,8211.0,-0.0017069825800239968,True,1.0,-0.0017069825800239968,1.9161835951720836,1,1.0,-0.0017069825800239968,2.371998192361757,0,0.0,-0.0,2.317115002489385,0,0.0,-0.0,1.0,0,0.0,-0.0,1.0,0,0.0,-0.0,1.0,0,0.0,-0.0,1.0,0,0.0,-0.0,1.7181732155374045
2018-07-30,8173.92,-0.0045158933138472745,True,1.0,-0.0045158933138472745,1.907530314486542,1,1.0,-0.0045158933138472745,2.3612865015844124,0,0.0,-0.0,2.317115002489385,0,0.0,-0.0,1.0,0,0.0,-0.0,1.0,0,0.0,-0.0,1.0,0,0.0,-0.0,1.0,0,0.0,-0.0,1.7181732155374045
2018-07-31,7730.93,-0.05419553898251994,True,1.0,-0.05419553898251994,1.8041506809674481,1,1.0,-0.05419553898251994,2.2333153069388962,0,0.0,-0.0,2.317115002489385,0,0.0,-0.0,1.0,0,0.0,-0.0,1.0,0,0.0,-0.0,1.0,0,0.0,-0.0,1.0,0,0.0,-0.0,1.7181732155374045
2018-08-01,7604.58,-0.016343441215998622,True,1.0,-0.016343441215998622,1.7746646503682528,1,1.0,-0.016343441215998622,2.1968152495031505,0,0.0,-0.0,2.317115002489385,0,0.0,-0.0,1.0,0,0.0,-0.0,1.0,0,0.0,-0.0,1.0,0,0.0,-0.0,1.0,0,0.0,-0.0,1.7181732155374045
2018-08-02,7525.71,-0.010371381456964035,True,1.0,-0.010371381456964035,1.756258926321094,1,1.0,-0.010371381456964035,2.174031240560078,0,0.0,-0.0,2.317115002489385,0,0.0,-0.0,1.0,0,0.0,-0.0,1.0,0,0.0,-0.0,1.0,0,0.0,-0.0,1.0,0,0.0,-0.0,1.7181732155374045
2018-08-03,7418.78,-0.014208626162847127,True,1.0,-0.014208626162847127,1.7313048997918343,1,1.0,-0.014208626162847127,2.143141243396609,0,0.0,-0.0,2.317115002489385,0,0.0,-0.0,1.0,0,0.0,-0.0,1.0,0,0.0,-0.0,1.0,0,0.0,-0.0,1.0,0,0.0,-0.0,1.7181732155374045
2018-08-04,7009.84,-0.05512227077767495,True,1.0,-0.05512227077767495,1.6358714423067935,1,1.0,-0.05512227077767495,2.0250064314632983,0,0.0,-0.0,2.317115002489385,0,0.0,-0.0,1.0,0,0.0,-0.0,1.0,0,0.0,-0.0,1.0,0,0.0,-0.0,1.0,0,0.0,-0.0,1.7181732155374045
2018-08-05,7024.19,0.0020471223308948794,True,1.0,0.0020471223308948794,1.639220271266813,1,1.0,0.0020471223308948794,2.0291518673493525,0,0.0,0.0,2.317115002489385,0,0.0,0.0,1.0,0,0.0,0.0,1.0,0,0.0,0.0,1.0,0,0.0,0.0,1.0,0,0.0,0.0,1.7181732155374045
2018-08-06,6934.82,-0.01272317519884858,False,1.0,-0.01272317519884858,1.618364184565981,0,1.0,-0.01272317519884858,2.003334612635996,0,0.0,-0.0,2.317115002489385,0,0.0,-0.0,1.0,0,0.0,-0.0,1.0,0,0.0,-0.0,1.0,0,0.0,-0.0,1.0,0,0.0,-0.0,1.7181732155374045
2018-08-07,6720.06,-0.03096835966903244,False,1.0,-0.03096835966903244,1.5682461004228614,0,1.0,-0.03096835966903244,1.9412946258144625,0,0.0,-0.0,2.317115002489385,0,0.0,-0.0,1.0,0,0.0,-0.0,1.0,0,0.0,-0.0,1.0,0,0.0,-0.0,1.0,0,0.0,-0.0,1.7181732155374045
2018-08-08,6285.0,-0.06474049338845189,False,1.0,-0.06474049338845189,1.4667170741269697,0,1.0,-0.06474049338845189,1.8156142539268842,0,0.0,-0.0,2.317115002489385,0,0.0,-0.0,1.0,0,0.0,-0.0,1.0,0,0.0,-0.0,1.0,0,0.0,-0.0,1.0,0,0.0,-0.0,1.7181732155374045
2018-08-09,6529.79,0.03894828957836127,False,1.0,0.03894828957836127,1.5238431954595937,0,1.0,0.03894828957836127,1.886329323651429,0,0.0,0.0,2.317115002489385,0,0.0,0.0,1.0,0,0.0,0.0,1.0,0,0.0,0.0,1.0,0,0.0,0.0,1.0,0,0.0,0.0,1.7181732155374045
2018-08-10,6144.01,-0.059080001041381114,False,1.0,-0.059080001041381114,1.4338145378849394,0,1.0,-0.059080001041381114,1.7748849852457147,0,0.0,-0.0,2.317115002489385,0,0.0,-0.0,1.0,0,0.0,-0.0,1.0,0,0.0,-0.0,1.0,0,0.0,-0.0,1.0,0,0.0,-0.0,1.7181732155374045
2018-08-11,6232.35,0.014378231806263297,False,1.0,0.014378231806263297,1.4544302556778395,0,1.0,0.014378231806263297,1.8004046929930337,0,0.0,0.0,2.317115002489385,0,0.0,0.0,1.0,0,0.0,0.0,1.0,0,0.0,0.0,1.0,0,0.0,0.0,1.0,0,0.0,0.0,1.7181732155374045
2018-08-12,6308.33,0.012191228027950807,False,1.0,0.012191228027950807,1.4721615465755589,0,1.0,0.012191228027950807,1.8223538371479047,0,0.0,0.0,2.317115002489385,0,0.0,0.0,1.0,0,0.0,0.0,1.0,0,0.0,0.0,1.0,0,0.0,0.0,1.0,0,0.0,0.0,1.7181732155374045
2018-08-13,6246.35,-0.009825104266897866,False,1.0,-0.009825104266897866,1.4576974058827363,0,1.0,-0.009825104266897866,1.8044490206867452,0,0.0,-0.0,2.317115002489385,0,0.0,-0.0,1.0,0,0.0,-0.0,1.0,0,0.0,-0.0,1.0,0,0.0,-0.0,1.0,0,0.0,-0.0,1.7181732155374045
2018-08-14,6188.08,-0.009328647930391454,False,1.0,-0.009328647930391454,1.4440990599942114,0,1.0,-0.009328647930391454,1.787615951064419,0,0.0,-0.0,2.317115002489385,0,0.0,-0.0,1.0,0,0.0,-0.0,1.0,0,0.0,-0.0,1.0,0,0.0,-0.0,1.0,0,0.0,-0.0,1.7181732155374045
2018-08-15,6267.16,0.012779408152447935,False,1.0,0.012779408152447935,1.4625537912944437,0,1.0,0.012779408152447935,1.8104606249228976,0,0.0,0.0,2.317115002489385,0,0.0,0.0,1.0,0,0.0,0.0,1.0,0,0.0,0.0,1.0,0,0.0,0.0,1.0,0,0.0,0.0,1.7181732155374045
2018-08-16,6311.75,0.007114865425487782,False,1.0,0.007114865425487782,1.4729596646970406,0,1.0,0.007114865425487782,1.8233418086273685,0,0.0,0.0,2.317115002489385,0,0.0,0.0,1.0,0,0.0,0.0,1.0,0,0.0,0.0,1.0,0,0.0,0.0,1.0,0,0.0,0.0,1.7181732155374045
2018-08-17,6584.49,0.04321147066978259,False,1.0,0.04321147066978259,1.5366084180458697,0,1.0,0.04321147066978259,1.9021310897118584,0,0.0,0.0,2.317115002489385,0,0.0,0.0,1.0,0,0.0,0.0,1.0,0,0.0,0.0,1.0,0,0.0,0.0,1.0,0,0.0,0.0,1.7181732155374045
2018-08-18,6387.96,-0.029847414150526386,False,1.0,-0.029847414150526386,1.4907446302052694,0,1.0,-0.029847414150526386,1.8453573953086364,0,0.0,-0.0,2.317115002489385,0,0.0,-0.0,1.0,0,0.0,-0.0,1.0,0,0.0,-0.0,1.0,0,0.0,-0.0,1.0,0,0.0,-0.0,1.7181732155374045
2018-08-19,6477.53,0.01402169080582838,False,1.0,0.01402169080582838,1.5116473904804566,0,1.0,0.01402169080582838,1.8712324261319029,0,0.0,0.0,2.317115002489385,0,0.0,0.0,1.0,0,0.0,0.0,1.0,0,0.0,0.0,1.0,0,0.0,0.0,1.0,0,0.0,0.0,1.7181732155374045
2018-08-20,6254.84,-0.03437884502271693,False,1.0,-0.03437884502271693,1.4596786991141346,0,1.0,-0.03437884502271693,1.8069016165524316,0,0.0,-0.0,2.317115002489385,0,0.0,-0.0,1.0,0,0.0,-0.0,1.0,0,0.0,-0.0,1.0,0,0.0,-0.0,1.0,0,0.0,-0.0,1.7181732155374045
2018-08-21,6480.0,0.035997723363027756,False,1.0,0.035997723363027756,1.5122238091237494,0,1.0,0.035997723363027756,1.8719459610892937,0,0.0,0.0,2.317115002489385,0,0.0,0.0,1.0,0,0.0,0.0,1.0,0,0.0,0.0,1.0,0,0.0,0.0,1.0,0,0.0,0.0,1.7181732155374045
2018-08-22,6360.89,-0.018381172839506132,False,1.0,-0.018381172839506132,1.4844273619162294,0,1.0,-0.018381172839506132,1.837537398832296,0,0.0,-0.0,2.317115002489385,0,0.0,-0.0,1.0,0,0.0,-0.0,1.0,0,0.0,-0.0,1.0,0,0.0,-0.0,1.0,0,0.0,-0.0,1.7181732155374045
2018-08-23,6525.01,0.025801420870349867,False,1.0,0.025801420870349867,1.5227276970324932,0,1.0,0.025801420870349867,1.8849484746245762,0,0.0,0.0,2.317115002489385,0,0.0,0.0,1.0,0,0.0,0.0,1.0,0,0.0,0.0,1.0,0,0.0,0.0,1.0,0,0.0,0.0,1.7181732155374045
2018-08-24,6681.64,0.02400456091255032,False,1.0,0.02400456091255032,1.559280106789137,0,1.0,0.02400456091255032,1.9301958351007207,0,0.0,0.0,2.317115002489385,0,0.0,0.0,1.0,0,0.0,0.0,1.0,0,0.0,0.0,1.0,0,0.0,0.0,1.0,0,0.0,0.0,1.7181732155374045
2018-08-25,6733.64,0.007782520459048925,False,1.0,0.007782520459048925,1.5714152361216116,0,1.0,0.007782520459048925,1.945217623677363,0,0.0,0.0,2.317115002489385,0,0.0,0.0,1.0,0,0.0,0.0,1.0,0,0.0,0.0,1.0,0,0.0,0.0,1.0,0,0.0,0.0,1.7181732155374045
2018-08-26,6700.0,-0.004995812071925454,False,1.0,-0.004995812071925454,1.5635647409149878,0,0.0,-0.001,1.9432724060536857,0,0.0,-0.0,2.317115002489385,0,0.0,-0.0,1.0,0,0.0,-0.0,1.0,0,0.0,-0.0,1.0,0,0.0,-0.0,1.0,0,0.0,-0.0,1.7181732155374045
2018-08-27,6908.64,0.031140298507462694,True,1.0,0.031140298507462694,1.612254613682824,1,0.0,0.0,1.9432724060536857,0,0.0,0.0,2.317115002489385,0,0.0,0.0,1.0,0,0.0,0.0,1.0,0,0.0,0.0,1.0,0,0.0,0.0,1.0,0,0.0,0.0,1.7181732155374045
2018-08-28,7076.11,0.024240660969452543,True,1.0,0.024240660969452543,1.651336731169545,1,1.0,0.023240660969452542,1.9884353412140714,0,0.0,0.0,2.317115002489385,0,0.0,0.0,1.0,0,0.0,0.0,1.0,0,0.0,0.0,1.0,0,0.0,0.0,1.0,0,0.0,0.0,1.7181732155374045
2018-08-29,7031.22,-0.006343881030679177,True,1.0,-0.006343881030679177,1.6408608474054147,1,1.0,-0.006343881030679177,1.9758209439722114,0,0.0,-0.0,2.317115002489385,0,0.0,-0.0,1.0,0,0.0,-0.0,1.0,0,0.0,-0.0,1.0,0,0.0,-0.0,1.0,0,0.0,-0.0,1.7181732155374045
2018-08-30,6984.84,-0.006596294810857883,True,1.0,-0.006596294810857883,1.6300372455123344,1,1.0,-0.006596294810857883,1.9627878465323032,0,0.0,-0.0,2.317115002489385,0,0.0,-0.0,1.0,0,0.0,-0.0,1.0,0,0.0,-0.0,1.0,0,0.0,-0.0,1.0,0,0.0,-0.0,1.7181732155374045
2018-08-31,7011.21,0.003775319119693421,True,1.0,0.003775319119693421,1.6361911562911295,1,1.0,0.003775319119693421,1.9701979970172185,0,0.0,0.0,2.317115002489385,0,0.0,0.0,1.0,0,0.0,0.0,1.0,0,0.0,0.0,1.0,0,0.0,0.0,1.0,0,0.0,0.0,1.7181732155374045
2018-09-01,7200.01,0.026928304814718196,True,1.0,0.026928304814718196,1.6802510104828834,1,1.0,0.026928304814718196,2.0232520892262453,0,0.0,0.0,2.317115002489385,0,0.0,0.0,1.0,0,0.0,0.0,1.0,0,0.0,0.0,1.0,0,0.0,0.0,1.0,0,0.0,0.0,1.7181732155374045
2018-09-02,7302.01,0.014166646990767973,True,1.0,0.014166646990767973,1.7040545334042756,1,1.0,0.014166646990767973,2.0519147873476475,0,0.0,0.0,2.317115002489385,0,0.0,0.0,1.0,0,0.0,0.0,1.0,0,0.0,0.0,1.0,0,0.0,0.0,1.0,0,0.0,0.0,1.7181732155374045
2018-09-03,7263.02,-0.005339625664714243,True,1.0,-0.005339625664714243,1.6949555200836375,1,1.0,-0.005339625664714243,2.0409583304873196,0,0.0,-0.0,2.317115002489385,0,0.0,-0.0,1.0,0,0.0,-0.0,1.0,0,0.0,-0.0,1.0,0,0.0,-0.0,1.0,0,0.0,-0.0,1.7181732155374045
2018-09-04,7359.06,0.01322314959892723,True,1.0,0.01322314959892723,1.717368170489231,1,1.0,0.01322314959892723,2.06794622781653,0,0.0,0.0,2.317115002489385,0,0.0,0.0,1.0,0,0.0,0.0,1.0,0,0.0,0.0,1.0,0,0.0,0.0,1.0,0,0.0,0.0,1.7181732155374045
2018-09-05,6700.0,-0.08955763371952397,True,1.0,-0.08955763371952397,1.5635647409149873,1,1.0,-0.08955763371952397,1.882745856994066,0,0.0,-0.0,2.317115002489385,0,0.0,-0.0,1.0,0,0.0,-0.0,1.0,0,0.0,-0.0,1.0,0,0.0,-0.0,1.0,0,0.0,-0.0,1.7181732155374045
2018-09-06,6516.01,-0.0274611940298507,False,1.0,-0.0274611940298507,1.5206273861864876,0,1.0,-0.0274611940298507,1.8310434077062545,0,0.0,-0.0,2.317115002489385,0,0.0,-0.0,1.0,0,0.0,-0.0,1.0,0,0.0,-0.0,1.0,0,0.0,-0.0,1.0,0,0.0,-0.0,1.7181732155374045
2018-09-07,6395.54,-0.01848830802899326,True,1.0,-0.01848830802899326,1.492513558673349,1,1.0,-0.01848830802899326,1.7971905131701238,0,0.0,-0.0,2.317115002489385,0,0.0,-0.0,1.0,0,0.0,-0.0,1.0,0,0.0,-0.0,1.0,0,0.0,-0.0,1.0,0,0.0,-0.0,1.7181732155374045
2018-09-08,6185.05,-0.03291199804864009,False,1.0,-0.03291199804864009,1.4433919553427228,0,1.0,-0.03291199804864009,1.7380413825076342,0,0.0,-0.0,2.317115002489385,0,0.0,-0.0,1.0,0,0.0,-0.0,1.0,0,0.0,-0.0,1.0,0,0.0,-0.0,1.0,0,0.0,-0.0,1.7181732155374045
2018-09-09,6250.81,0.010632088665410988,False,1.0,0.010632088665410988,1.4587382265908675,0,1.0,0.010632088665410988,1.7565203925906088,0,0.0,0.0,2.317115002489385,0,0.0,0.0,1.0,0,0.0,0.0,1.0,0,0.0,0.0,1.0,0,0.0,0.0,1.0,0,0.0,0.0,1.7181732155374045
2018-09-10,6312.0,0.009789131328579836,False,1.0,0.009789131328579836,1.4730180066649852,0,1.0,0.009789131328579836,1.7737152013950068,0,0.0,0.0,2.317115002489385,0,0.0,0.0,1.0,0,0.0,0.0,1.0,0,0.0,0.0,1.0,0,0.0,0.0,1.0,0,0.0,0.0,1.7181732155374045
2018-09-11,6294.91,-0.0027075411913815017,False,1.0,-0.0027075411913815017,1.469029749736293,0,1.0,-0.0027075411913815017,1.7689127944254504,0,0.0,-0.0,2.317115002489385,0,0.0,-0.0,1.0,0,0.0,-0.0,1.0,0,0.0,-0.0,1.0,0,0.0,-0.0,1.0,0,0.0,-0.0,1.7181732155374045
2018-09-12,6338.62,0.006943705311116544,False,1.0,0.006943705311116544,1.479230259411725,0,1.0,0.006943705311116544,1.7811956035910044,0,0.0,0.0,2.317115002489385,0,0.0,0.0,1.0,0,0.0,0.0,1.0,0,0.0,0.0,1.0,0,0.0,0.0,1.0,0,0.0,0.0,1.7181732155374045
2018-09-13,6487.38,0.023468830754959313,False,1.0,0.023468830754959313,1.5139460640174733,0,1.0,0.023468830754959313,1.8229981817531593,0,0.0,0.0,2.317115002489385,0,0.0,0.0,1.0,0,0.0,0.0,1.0,0,0.0,0.0,1.0,0,0.0,0.0,1.0,0,0.0,0.0,1.7181732155374045
2018-09-14,6476.63,-0.0016570634061824352,False,1.0,-0.0016570634061824352,1.511437359395856,0,1.0,-0.0016570634061824352,1.819977358176639,0,0.0,-0.0,2.317115002489385,0,0.0,-0.0,1.0,0,0.0,-0.0,1.0,0,0.0,-0.0,1.0,0,0.0,-0.0,1.0,0,0.0,-0.0,1.7181732155374045
2018-09-15,6514.96,0.0059182012867802225,False,1.0,0.0059182012867802225,1.5203823499211204,0,1.0,0.0059182012867802225,1.8307483505197109,0,0.0,0.0,2.317115002489385,0,0.0,0.0,1.0,0,0.0,0.0,1.0,0,0.0,0.0,1.0,0,0.0,0.0,1.0,0,0.0,0.0,1.7181732155374045
2018-09-16,6505.0,-0.0015287891253361607,False,1.0,-0.0015287891253361607,1.518058005918208,0,1.0,-0.0015287891253361607,1.8279495223502091,0,0.0,-0.0,2.317115002489385,0,0.0,-0.0,1.0,0,0.0,-0.0,1.0,0,0.0,-0.0,1.0,0,0.0,-0.0,1.0,0,0.0,-0.0,1.7181732155374045
2018-09-17,6248.69,-0.03940199846272108,False,1.0,-0.03940199846272108,1.4582434867026974,0,1.0,-0.03940199846272108,1.7559246580806345,0,0.0,-0.0,2.317115002489385,0,0.0,-0.0,1.0,0,0.0,-0.0,1.0,0,0.0,-0.0,1.0,0,0.0,-0.0,1.0,0,0.0,-0.0,1.7181732155374045
2018-09-18,6336.45,0.01404454373636721,False,1.0,0.01404454373636721,1.478723851129966,0,1.0,0.01404454373636721,1.7805858187388135,0,0.0,0.0,2.317115002489385,0,0.0,0.0,1.0,0,0.0,0.0,1.0,0,0.0,0.0,1.0,0,0.0,0.0,1.0,0,0.0,0.0,1.7181732155374045
2018-09-19,6391.89,0.008749378595270363,False,1.0,0.008749378595270363,1.4916617659413585,0,1.0,0.008749378595270363,1.7961648381883288,0,0.0,0.0,2.317115002489385,0,0.0,0.0,1.0,0,0.0,0.0,1.0,0,0.0,0.0,1.0,0,0.0,0.0,1.0,0,0.0,0.0,1.7181732155374045
2018-09-20,6492.0,0.015662034234005917,False,1.0,0.015662034234005917,1.5150242235850897,0,1.0,0.015662034234005917,1.8242964333739522,0,0.0,0.0,2.317115002489385,0,0.0,0.0,1.0,0,0.0,0.0,1.0,0,0.0,0.0,1.0,0,0.0,0.0,1.0,0,0.0,0.0,1.7181732155374045
2018-09-21,6759.02,0.04113062230437459,False,1.0,0.04113062230437459,1.5773381127073465,0,1.0,0.04113062230437459,1.899330880946274,0,0.0,0.0,2.317115002489385,0,0.0,0.0,1.0,0,0.0,0.0,1.0,0,0.0,0.0,1.0,0,0.0,0.0,1.0,0,0.0,0.0,1.7181732155374045
2018-09-22,6723.05,-0.005321777417436335,False,1.0,-0.005321777417436335,1.568943870359479,0,1.0,-0.005321777417436335,1.8892230647558146,0,0.0,-0.0,2.317115002489385,0,0.0,-0.0,1.0,0,0.0,-0.0,1.0,0,0.0,-0.0,1.0,0,0.0,-0.0,1.0,0,0.0,-0.0,1.7181732155374045
2018-09-23,6708.0,-0.002238567316917184,False,1.0,-0.002238567316917184,1.5654316838892146,0,1.0,-0.002238567316917184,1.884993911748686,0,0.0,-0.0,2.317115002489385,0,0.0,-0.0,1.0,0,0.0,-0.0,1.0,0,0.0,-0.0,1.0,0,0.0,-0.0,1.0,0,0.0,-0.0,1.7181732155374045
2018-09-24,6581.39,-0.01887447823494326,False,1.0,-0.01887447823494326,1.535884977643357,0,1.0,-0.01887447823494326,1.8494156351883848,0,0.0,-0.0,2.317115002489385,0,0.0,-0.0,1.0,0,0.0,-0.0,1.0,0,0.0,-0.0,1.0,0,0.0,-0.0,1.0,0,0.0,-0.0,1.7181732155374045
2018-09-25,6447.54,-0.02033764903766533,False,1.0,-0.02033764903766533,1.5046486880058239,0,1.0,-0.02033764903766533,1.8118028690751526,0,0.0,-0.0,2.317115002489385,0,0.0,-0.0,1.0,0,0.0,-0.0,1.0,0,0.0,-0.0,1.0,0,0.0,-0.0,1.0,0,0.0,-0.0,1.7181732155374045
2018-09-26,6465.12,0.002726621316036848,False,1.0,0.002726621316036848,1.5087512951916875,0,1.0,0.002726621316036848,1.8167429693984296,0,0.0,0.0,2.317115002489385,0,0.0,0.0,1.0,0,0.0,0.0,1.0,0,0.0,0.0,1.0,0,0.0,0.0,1.0,0,0.0,0.0,1.7181732155374045
2018-09-27,6689.13,0.0346490088351028,True,1.0,0.0346490088351028,1.561028032148757,1,1.0,0.0346490088351028,1.8796913125962267,0,0.0,0.0,2.317115002489385,0,0.0,0.0,1.0,0,0.0,0.0,1.0,0,0.0,0.0,1.0,0,0.0,0.0,1.0,0,0.0,0.0,1.7181732155374045
2018-09-28,6634.58,-0.008155021654535077,True,1.0,-0.008155021654535077,1.5482978147432476,1,1.0,-0.008155021654535077,1.8643623892381629,0,0.0,-0.0,2.317115002489385,0,0.0,-0.0,1.0,0,0.0,-0.0,1.0,0,0.0,-0.0,1.0,0,0.0,-0.0,1.0,0,0.0,-0.0,1.7181732155374045
2018-09-29,6596.38,-0.005757711867216853,True,1.0,-0.005757711867216853,1.5393831620413145,1,1.0,-0.005757711867216853,1.8536279277848535,0,0.0,-0.0,2.317115002489385,0,0.0,-0.0,1.0,0,0.0,-0.0,1.0,0,0.0,-0.0,1.0,0,0.0,-0.0,1.0,0,0.0,-0.0,1.7181732155374045
2018-09-30,6626.57,0.004576752703755682,True,1.0,0.004576752703755682,1.5464285380903031,1,1.0,0.004576752703755682,1.8621115244150999,0,0.0,0.0,2.317115002489385,0,0.0,0.0,1.0,0,0.0,0.0,1.0,0,0.0,0.0,1.0,0,0.0,0.0,1.0,0,0.0,0.0,1.7181732155374045
2018-10-01,6611.61,-0.0022575782041086567,True,1.0,-0.0022575782041086567,1.5429373547284988,1,1.0,-0.0022575782041086567,1.8579076620239607,0,0.0,-0.0,2.317115002489385,0,0.0,-0.0,1.0,0,0.0,-0.0,1.0,0,0.0,-0.0,1.0,0,0.0,-0.0,1.0,0,0.0,-0.0,1.7181732155374045
2018-10-02,6525.79,-0.012980196956565715,True,1.0,-0.012980196956565715,1.5229097239724805,1,1.0,-0.012980196956565715,1.8337916546437771,0,0.0,-0.0,2.317115002489385,0,0.0,-0.0,1.0,0,0.0,-0.0,1.0,0,0.0,-0.0,1.0,0,0.0,-0.0,1.0,0,0.0,-0.0,1.7181732155374045
2018-10-03,6510.0,-0.002419630420224972,True,1.0,-0.002419630420224972,1.5192248452771002,1,1.0,-0.002419630420224972,1.8293545565718463,0,0.0,-0.0,2.317115002489385,0,0.0,-0.0,1.0,0,0.0,-0.0,1.0,0,0.0,-0.0,1.0,0,0.0,-0.0,1.0,0,0.0,-0.0,1.7181732155374045
2018-10-04,6593.79,0.012870967741935413,True,1.0,0.012870967741935413,1.5387787392534087,1,1.0,0.012870967741935413,1.852900120058045,0,0.0,0.0,2.317115002489385,0,0.0,0.0,1.0,0,0.0,0.0,1.0,0,0.0,0.0,1.0,0,0.0,0.0,1.0,0,0.0,0.0,1.7181732155374045
2018-10-05,6635.65,0.0063483975073515,True,1.0,0.0063483975073515,1.5485475183660504,1,1.0,0.0063483975073515,1.8646630665615929,0,0.0,0.0,2.317115002489385,0,0.0,0.0,1.0,0,0.0,0.0,1.0,0,0.0,0.0,1.0,0,0.0,0.0,1.0,0,0.0,0.0,1.7181732155374045
2018-10-06,6594.27,-0.006236013050718303,True,1.0,-0.006236013050718303,1.5388907558318623,1,1.0,-0.006236013050718303,1.8530350033433223,0,0.0,-0.0,2.317115002489385,0,0.0,-0.0,1.0,0,0.0,-0.0,1.0,0,0.0,-0.0,1.0,0,0.0,-0.0,1.0,0,0.0,-0.0,1.7181732155374045
2018-10-07,6615.26,0.0031830665107737133,True,1.0,0.0031830665107737133,1.54378914746049,1,1.0,0.0031830665107737133,1.858933337005756,0,0.0,0.0,2.317115002489385,0,0.0,0.0,1.0,0,0.0,0.0,1.0,0,0.0,0.0,1.0,0,0.0,0.0,1.0,0,0.0,0.0,1.7181732155374045
2018-10-08,6673.01,0.008729815608154556,True,1.0,0.008729815608154556,1.5572661420556901,1,1.0,0.008729815608154556,1.8751614822656677,0,0.0,0.0,2.317115002489385,0,0.0,0.0,1.0,0,0.0,0.0,1.0,0,0.0,0.0,1.0,0,0.0,0.0,1.0,0,0.0,0.0,1.7181732155374045
2018-10-09,6656.61,-0.002457661535049449,True,1.0,-0.002457661535049449,1.553438908958525,1,1.0,-0.002457661535049449,1.8705529700186971,0,0.0,-0.0,2.317115002489385,0,0.0,-0.0,1.0,0,0.0,-0.0,1.0,0,0.0,-0.0,1.0,0,0.0,-0.0,1.0,0,0.0,-0.0,1.7181732155374045
2018-10-10,6631.0,-0.003847303657567358,True,1.0,-0.003847303657567358,1.5474623577622815,1,1.0,-0.003847303657567358,1.8633563847354708,0,0.0,-0.0,2.317115002489385,0,0.0,-0.0,1.0,0,0.0,-0.0,1.0,0,0.0,-0.0,1.0,0,0.0,-0.0,1.0,0,0.0,-0.0,1.7181732155374045
2018-10-11,6252.68,-0.05705323480621316,False,1.0,-0.05705323480621316,1.4591746245110937,0,1.0,-0.05705323480621316,1.7570458753895015,0,0.0,-0.0,2.317115002489385,0,0.0,-0.0,1.0,0,0.0,-0.0,1.0,0,0.0,-0.0,1.0,0,0.0,-0.0,1.0,0,0.0,-0.0,1.7181732155374045
2018-10-12,6298.01,0.007249691332356756,False,1.0,0.007249691332356756,1.4697531901388068,0,1.0,0.007249691332356756,1.769783915642866,0,0.0,0.0,2.317115002489385,0,0.0,0.0,1.0,0,0.0,0.0,1.0,0,0.0,0.0,1.0,0,0.0,0.0,1.0,0,0.0,0.0,1.7181732155374045
2018-10-13,6332.93,0.005544608535076989,False,1.0,0.005544608535076989,1.4779023962213071,0,1.0,0.005544608535076989,1.7795966746467815,0,0.0,0.0,2.317115002489385,0,0.0,0.0,1.0,0,0.0,0.0,1.0,0,0.0,0.0,1.0,0,0.0,0.0,1.0,0,0.0,0.0,1.7181732155374045
2018-10-14,6339.34,0.0010121697223874904,False,1.0,0.0010121697223874904,1.4793982842794062,0,1.0,0.0010121697223874904,1.7813979285189205,0,0.0,0.0,2.317115002489385,0,0.0,0.0,1.0,0,0.0,0.0,1.0,0,0.0,0.0,1.0,0,0.0,0.0,1.0,0,0.0,0.0,1.7181732155374045
2018-10-15,6752.5,0.06517397710171724,True,1.0,0.06517397710171724,1.575816554183352,1,1.0,0.06517397710171724,1.897498716321259,0,0.0,0.0,2.317115002489385,0,0.0,0.0,1.0,0,0.0,0.0,1.0,0,0.0,0.0,1.0,0,0.0,0.0,1.0,0,0.0,0.0,1.7181732155374045
2018-10-16,6759.27,0.0010025916327287554,True,1.0,0.0010025916327287554,1.5773964546752917,1,1.0,0.0010025916327287554,1.8994011326573563,0,0.0,0.0,2.317115002489385,0,0.0,0.0,1.0,0,0.0,0.0,1.0,0,0.0,0.0,1.0,0,0.0,0.0,1.0,0,0.0,0.0,1.7181732155374045
2018-10-17,6740.89,-0.002719228555746467,True,1.0,-0.002719228555746467,1.5731071531920053,1,1.0,-0.002719228555746467,1.8942362268586173,0,0.0,-0.0,2.317115002489385,0,0.0,-0.0,1.0,0,0.0,-0.0,1.0,0,0.0,-0.0,1.0,0,0.0,-0.0,1.0,0,0.0,-0.0,1.7181732155374045
2018-10-18,6618.96,-0.018088115960948836,False,1.0,-0.018088115960948836,1.5446526085860703,0,1.0,-0.018088115960948836,1.8599730623297683,0,0.0,-0.0,2.317115002489385,0,0.0,-0.0,1.0,0,0.0,-0.0,1.0,0,0.0,-0.0,1.0,0,0.0,-0.0,1.0,0,0.0,-0.0,1.7181732155374045
2018-10-19,6528.88,-0.013609388786153698,False,1.0,-0.013609388786153698,1.523630830696276,0,1.0,-0.013609388786153698,1.8346599657927496,0,0.0,-0.0,2.317115002489385,0,0.0,-0.0,1.0,0,0.0,-0.0,1.0,0,0.0,-0.0,1.0,0,0.0,-0.0,1.0,0,0.0,-0.0,1.7181732155374045
2018-10-20,6588.4,0.009116418129908821,False,1.0,0.009116418129908821,1.5375208864245236,0,1.0,0.009116418129908821,1.8513854931671205,0,0.0,0.0,2.317115002489385,0,0.0,0.0,1.0,0,0.0,0.0,1.0,0,0.0,0.0,1.0,0,0.0,0.0,1.0,0,0.0,0.0,1.7181732155374045
2018-10-21,6590.11,0.00025954708275155447,False,1.0,0.00025954708275155447,1.5379199454852646,0,1.0,0.00025954708275155447,1.8518660148709205,0,0.0,0.0,2.317115002489385,0,0.0,0.0,1.0,0,0.0,0.0,1.0,0,0.0,0.0,1.0,0,0.0,0.0,1.0,0,0.0,0.0,1.7181732155374045
2018-10-22,6581.2,-0.0013520259904614695,True,1.0,-0.0013520259904614695,1.5358406377477194,1,1.0,-0.0013520259904614695,1.8493622438879627,0,0.0,-0.0,2.317115002489385,0,0.0,-0.0,1.0,0,0.0,-0.0,1.0,0,0.0,-0.0,1.0,0,0.0,-0.0,1.0,0,0.0,-0.0,1.7181732155374045
2018-10-23,6553.51,-0.004207439372758692,True,1.0,-0.004207439372758692,1.529378681378177,1,1.0,-0.004207439372758692,1.8415811643685351,0,0.0,-0.0,2.317115002489385,0,0.0,-0.0,1.0,0,0.0,-0.0,1.0,0,0.0,-0.0,1.0,0,0.0,-0.0,1.0,0,0.0,-0.0,1.7181732155374045
2018-10-24,6565.5,0.0018295539336934397,False,1.0,0.0018295539336934397,1.5321767621607991,0,1.0,0.0018295539336934397,1.8449504364320213,0,0.0,0.0,2.317115002489385,0,0.0,0.0,1.0,0,0.0,0.0,1.0,0,0.0,0.0,1.0,0,0.0,0.0,1.0,0,0.0,0.0,1.7181732155374045
2018-10-25,6528.09,-0.0056979666438199406,False,1.0,-0.0056979666438199406,1.523446470077571,0,1.0,-0.0056979666438199406,1.8344379703857305,0,0.0,-0.0,2.317115002489385,0,0.0,-0.0,1.0,0,0.0,-0.0,1.0,0,0.0,-0.0,1.0,0,0.0,-0.0,1.0,0,0.0,-0.0,1.7181732155374045
2018-10-26,6538.63,0.0016145610737596794,False,1.0,0.0016145610737596794,1.5259061674461147,0,1.0,0.0016145610737596794,1.837399782524942,0,0.0,0.0,2.317115002489385,0,0.0,0.0,1.0,0,0.0,0.0,1.0,0,0.0,0.0,1.0,0,0.0,0.0,1.0,0,0.0,0.0,1.7181732155374045
2018-10-27,6505.6,-0.005051516907976117,False,1.0,-0.005051516907976117,1.5181980266412756,0,1.0,-0.005051516907976117,1.8281181264568056,0,0.0,-0.0,2.317115002489385,0,0.0,-0.0,1.0,0,0.0,-0.0,1.0,0,0.0,-0.0,1.0,0,0.0,-0.0,1.0,0,0.0,-0.0,1.7181732155374045
2018-10-28,6489.93,-0.0024086940482046515,False,1.0,-0.0024086940482046515,1.5145411520905088,0,1.0,-0.0024086940482046515,1.823714749206194,0,0.0,-0.0,2.317115002489385,0,0.0,-0.0,1.0,0,0.0,-0.0,1.0,0,0.0,-0.0,1.0,0,0.0,-0.0,1.0,0,0.0,-0.0,1.7181732155374045
2018-10-29,6344.5,-0.022408562187881897,False,1.0,-0.022408562187881897,1.4806024624977823,0,1.0,-0.022408562187881897,1.7828479238356496,0,0.0,-0.0,2.317115002489385,0,0.0,-0.0,1.0,0,0.0,-0.0,1.0,0,0.0,-0.0,1.0,0,0.0,-0.0,1.0,0,0.0,-0.0,1.7181732155374045
2018-10-30,6330.87,-0.0021483174403026384,False,1.0,-0.0021483174403026384,1.4774216584054432,0,1.0,-0.0021483174403026384,1.7790178005474662,0,0.0,-0.0,2.317115002489385,0,0.0,-0.0,1.0,0,0.0,-0.0,1.0,0,0.0,-0.0,1.0,0,0.0,-0.0,1.0,0,0.0,-0.0,1.7181732155374045
2018-10-31,6371.93,0.006485680483093281,True,1.0,0.006485680483093281,1.4870037432206626,1,1.0,0.006485680483093281,1.7905559415755523,0,0.0,0.0,2.317115002489385,0,0.0,0.0,1.0,0,0.0,0.0,1.0,0,0.0,0.0,1.0,0,0.0,0.0,1.0,0,0.0,0.0,1.7181732155374045
2018-11-01,6410.0,0.005974641905984512,True,1.0,0.005974641905984512,1.4958880580992646,1,1.0,0.005974641905984512,1.8012538721390992,0,0.0,0.0,2.317115002489385,0,0.0,0.0,1.0,0,0.0,0.0,1.0,0,0.0,0.0,1.0,0,0.0,0.0,1.0,0,0.0,0.0,1.7181732155374045
2018-11-02,6433.98,0.0037410296411855004,True,1.0,0.0037410296411855004,1.5014842196645093,1,1.0,0.0037410296411855004,1.8079924162660717,0,0.0,0.0,2.317115002489385,0,0.0,0.0,1.0,0,0.0,0.0,1.0,0,0.0,0.0,1.0,0,0.0,0.0,1.0,0,0.0,0.0,1.7181732155374045
2018-11-03,6387.09,-0.007287868473324299,True,1.0,-0.007287868473324299,1.4905416001568224,1,1.0,-0.007287868473324299,1.7948160053355566,0,0.0,-0.0,2.317115002489385,0,0.0,-0.0,1.0,0,0.0,-0.0,1.0,0,0.0,-0.0,1.0,0,0.0,-0.0,1.0,0,0.0,-0.0,1.7181732155374045
2018-11-04,6485.85,0.015462440641982544,False,1.0,0.015462440641982544,1.513589011173653,0,1.0,0.015462440641982544,1.822568241281338,0,0.0,0.0,2.317115002489385,0,0.0,0.0,1.0,0,0.0,0.0,1.0,0,0.0,0.0,1.0,0,0.0,0.0,1.0,0,0.0,0.0,1.7181732155374045
2018-11-05,6468.99,-0.002599505076435693,False,1.0,-0.002599505076435693,1.5096544288554699,0,1.0,-0.002599505076435693,1.8178304658859767,0,0.0,-0.0,2.317115002489385,0,0.0,-0.0,1.0,0,0.0,-0.0,1.0,0,0.0,-0.0,1.0,0,0.0,-0.0,1.0,0,0.0,-0.0,1.7181732155374045
2018-11-06,6519.11,0.007747731871590391,False,1.0,0.007747731871590391,1.521350826589001,0,1.0,0.007747731871590391,1.8319145289236696,0,0.0,0.0,2.317115002489385,0,0.0,0.0,1.0,0,0.0,0.0,1.0,0,0.0,0.0,1.0,0,0.0,0.0,1.0,0,0.0,0.0,1.7181732155374045
2018-11-07,6578.46,0.009104003460595145,False,1.0,0.009104003460595145,1.5352012097790466,0,1.0,0.009104003460595145,1.8485922851345051,0,0.0,0.0,2.317115002489385,0,0.0,0.0,1.0,0,0.0,0.0,1.0,0,0.0,0.0,1.0,0,0.0,0.0,1.0,0,0.0,0.0,1.7181732155374045
2018-11-08,6479.84,-0.014991350559249383,False,1.0,-0.014991350559249383,1.5121864702642651,0,1.0,-0.014991350559249383,1.8208793901469298,0,0.0,-0.0,2.317115002489385,0,0.0,-0.0,1.0,0,0.0,-0.0,1.0,0,0.0,-0.0,1.0,0,0.0,-0.0,1.0,0,0.0,-0.0,1.7181732155374045
2018-11-09,6419.99,-0.009236339168868457,False,1.0,-0.009236339168868457,1.4982194031383302,0,1.0,-0.009236339168868457,1.8040611305139305,0,0.0,-0.0,2.317115002489385,0,0.0,-0.0,1.0,0,0.0,-0.0,1.0,0,0.0,-0.0,1.0,0,0.0,-0.0,1.0,0,0.0,-0.0,1.7181732155374045
2018-11-10,6433.05,0.002034271081419181,False,1.0,0.002034271081419181,1.5012671875437555,0,1.0,0.002034271081419181,1.8077310799008472,0,0.0,0.0,2.317115002489385,0,0.0,0.0,1.0,0,0.0,0.0,1.0,0,0.0,0.0,1.0,0,0.0,0.0,1.0,0,0.0,0.0,1.7181732155374045
2018-11-11,6449.81,0.0026052960881697285,False,1.0,0.0026052960881697285,1.5051784330747608,0,1.0,0.0026052960881697285,1.8124407546117758,0,0.0,0.0,2.317115002489385,0,0.0,0.0,1.0,0,0.0,0.0,1.0,0,0.0,0.0,1.0,0,0.0,0.0,1.0,0,0.0,0.0,1.7181732155374045
2018-11-12,6453.07,0.0005054412455560708,False,1.0,0.0005054412455560708,1.5059392123367583,0,1.0,0.0005054412455560708,1.8133568369242834,0,0.0,0.0,2.317115002489385,0,0.0,0.0,1.0,0,0.0,0.0,1.0,0,0.0,0.0,1.0,0,0.0,0.0,1.0,0,0.0,0.0,1.7181732155374045
2018-11-13,6457.66,0.0007112893552991828,False,1.0,0.0007112893552991828,1.507010370868221,0,1.0,0.0007112893552991828,1.8146466583397467,0,0.0,0.0,2.317115002489385,0,0.0,0.0,1.0,0,0.0,0.0,1.0,0,0.0,0.0,1.0,0,0.0,0.0,1.0,0,0.0,0.0,1.7181732155374045
2018-11-14,5922.41,-0.08288606089512296,False,1.0,-0.08288606089512296,1.3821002174988557,0,1.0,-0.08288606089512296,1.664237744913467,0,0.0,-0.0,2.317115002489385,0,0.0,-0.0,1.0,0,0.0,-0.0,1.0,0,0.0,-0.0,1.0,0,0.0,-0.0,1.0,0,0.0,-0.0,1.7181732155374045
2018-11-15,5753.4,-0.02853736907779103,False,1.0,-0.02853736907779103,1.3426587134895955,0,1.0,-0.02853736907779103,1.6167447781536808,0,0.0,-0.0,2.317115002489385,0,0.0,-0.0,1.0,0,0.0,-0.0,1.0,0,0.0,-0.0,1.0,0,0.0,-0.0,1.0,0,0.0,-0.0,1.7181732155374045
2018-11-16,5655.94,-0.016939548788542425,False,1.0,-0.016939548788542425,1.3199146807060769,0,1.0,-0.016939548788542425,1.5893578511055253,0,0.0,-0.0,2.317115002489385,0,0.0,-0.0,1.0,0,0.0,-0.0,1.0,0,0.0,-0.0,1.0,0,0.0,-0.0,1.0,0,0.0,-0.0,1.7181732155374045
2018-11-17,5628.29,-0.004888665721347718,False,1.0,-0.004888665721347718,1.3134620590514055,0,1.0,-0.004888665721347718,1.5815880118598709,0,0.0,-0.0,2.317115002489385,0,0.0,-0.0,1.0,0,0.0,-0.0,1.0,0,0.0,-0.0,1.0,0,0.0,-0.0,1.0,0,0.0,-0.0,1.7181732155374045
2018-11-18,5662.0,0.005989385763704336,False,1.0,0.005989385763704336,1.3213288900090536,0,1.0,0.005989385763704336,1.5910607525821499,0,0.0,0.0,2.317115002489385,0,0.0,0.0,1.0,0,0.0,0.0,1.0,0,0.0,0.0,1.0,0,0.0,0.0,1.0,0,0.0,0.0,1.7181732155374045
2018-11-19,4910.03,-0.13280996114447197,False,1.0,-0.13280996114447197,1.145843251467883,0,1.0,-0.13280996114447197,1.3797520358532203,0,0.0,-0.0,2.317115002489385,0,0.0,-0.0,1.0,0,0.0,-0.0,1.0,0,0.0,-0.0,1.0,0,0.0,-0.0,1.0,0,0.0,-0.0,1.7181732155374045
2018-11-20,4558.86,-0.07152094793718167,False,1.0,-0.07152094793718167,1.0638914559354775,0,1.0,-0.07152094793718167,1.2810708623307416,0,0.0,-0.0,2.317115002489385,0,0.0,-0.0,1.0,0,0.0,-0.0,1.0,0,0.0,-0.0,1.0,0,0.0,-0.0,1.0,0,0.0,-0.0,1.7181732155374045
2018-11-21,4661.07,0.022420078703886404,False,1.0,0.022420078703886404,1.0877439861099432,0,1.0,0.022420078703886404,1.3097925718894525,0,0.0,0.0,2.317115002489385,0,0.0,0.0,1.0,0,0.0,0.0,1.0,0,0.0,0.0,1.0,0,0.0,0.0,1.0,0,0.0,0.0,1.7181732155374045
2018-11-22,4370.0,-0.06244703469375057,False,1.0,-0.06244703469375057,1.019817599671417,0,1.0,-0.06244703469375057,1.227999909711055,0,0.0,-0.0,2.317115002489385,0,0.0,-0.0,1.0,0,0.0,-0.0,1.0,0,0.0,-0.0,1.0,0,0.0,-0.0,1.0,0,0.0,-0.0,1.7181732155374045
2018-11-23,4420.61,0.01158123569794034,False,1.0,0.01158123569794034,1.0316283476621193,0,1.0,0.01158123569794034,1.242221666102468,0,0.0,0.0,2.317115002489385,0,0.0,0.0,1.0,0,0.0,0.0,1.0,0,0.0,0.0,1.0,0,0.0,0.0,1.0,0,0.0,0.0,1.7181732155374045
2018-11-24,3932.44,-0.11043046095448361,False,1.0,-0.11043046095448361,0.9177051536960792,0,0.0,-0.001,1.2409794444363655,0,0.0,-0.0,2.317115002489385,0,0.0,-0.0,1.0,0,0.0,-0.0,1.0,0,0.0,-0.0,1.0,0,0.0,-0.0,1.0,0,0.0,-0.0,1.7181732155374045
2018-11-25,4085.78,0.038993601936710975,False,1.0,0.038993601936710975,0.9534897831545722,0,0.0,0.0,1.2409794444363655,0,0.0,0.0,2.317115002489385,0,0.0,0.0,1.0,0,0.0,0.0,1.0,0,0.0,0.0,1.0,0,0.0,0.0,1.0,0,0.0,0.0,1.7181732155374045
2018-11-26,3862.2,-0.0547214974864042,False,1.0,-0.0547214974864042,0.9013133943823672,0,0.0,-0.0,1.2409794444363655,0,0.0,-0.0,2.317115002489385,0,0.0,-0.0,1.0,0,0.0,-0.0,1.0,0,0.0,-0.0,1.0,0,0.0,-0.0,1.0,0,0.0,-0.0,1.7181732155374045
2018-11-27,3875.21,0.003368546424317831,False,1.0,0.003368546424317831,0.9043495103942037,0,0.0,0.0,1.2409794444363655,0,0.0,0.0,2.317115002489385,0,0.0,0.0,1.0,0,0.0,0.0,1.0,0,0.0,0.0,1.0,0,0.0,0.0,1.0,0,0.0,0.0,1.7181732155374045
2018-11-28,4264.85,0.10054680907615343,False,1.0,0.10054680907615343,0.9952789679539226,0,0.0,0.0,1.2409794444363655,0,0.0,0.0,2.317115002489385,0,0.0,0.0,1.0,0,0.0,0.0,1.0,0,0.0,0.0,1.0,0,0.0,0.0,1.0,0,0.0,0.0,1.7181732155374045
2018-11-29,4295.84,0.007266375136288472,False,1.0,0.007266375136288472,1.0025110383003337,0,0.0,0.0,1.2409794444363655,0,0.0,0.0,2.317115002489385,0,0.0,0.0,1.0,0,0.0,0.0,1.0,0,0.0,0.0,1.0,0,0.0,0.0,1.0,0,0.0,0.0,1.7181732155374045
2018-11-30,4041.32,-0.059248016685910065,False,1.0,-0.059248016685910065,0.9431142475753065,0,0.0,-0.0,1.2409794444363655,0,0.0,-0.0,2.317115002489385,0,0.0,-0.0,1.0,0,0.0,-0.0,1.0,0,0.0,-0.0,1.0,0,0.0,-0.0,1.0,0,0.0,-0.0,1.7181732155374045
2018-12-01,4190.02,0.03679490859422185,False,1.0,0.03679490859422185,0.9778160501087482,0,0.0,0.0,1.2409794444363655,0,0.0,0.0,2.317115002489385,0,0.0,0.0,1.0,0,0.0,0.0,1.0,0,0.0,0.0,1.0,0,0.0,0.0,1.0,0,0.0,0.0,1.7181732155374045
2018-12-02,4161.01,-0.0069235946367798284,False,1.0,-0.0069235946367798284,0.971046048148458,0,0.0,-0.0,1.2409794444363655,0,0.0,-0.0,2.317115002489385,0,0.0,-0.0,1.0,0,0.0,-0.0,1.0,0,0.0,-0.0,1.0,0,0.0,-0.0,1.0,0,0.0,-0.0,1.7181732155374045
2018-12-03,3884.01,-0.06657037594237936,False,1.0,-0.06657037594237936,0.9064031476658533,0,0.0,-0.0,1.2409794444363655,0,0.0,-0.0,2.317115002489385,0,0.0,-0.0,1.0,0,0.0,-0.0,1.0,0,0.0,-0.0,1.0,0,0.0,-0.0,1.0,0,0.0,-0.0,1.7181732155374045
2018-12-04,3951.64,0.017412416548876042,False,1.0,0.017412416548876042,0.9221858168342235,0,0.0,0.0,1.2409794444363655,0,0.0,0.0,2.317115002489385,0,0.0,0.0,1.0,0,0.0,0.0,1.0,0,0.0,0.0,1.0,0,0.0,0.0,1.0,0,0.0,0.0,1.7181732155374045
2018-12-05,3769.84,-0.046006215141055296,False,1.0,-0.046006215141055296,0.8797595377449184,0,0.0,-0.0,1.2409794444363655,0,0.0,-0.0,2.317115002489385,0,0.0,-0.0,1.0,0,0.0,-0.0,1.0,0,0.0,-0.0,1.0,0,0.0,-0.0,1.0,0,0.0,-0.0,1.7181732155374045
2018-12-06,3508.75,-0.06925758122360637,False,1.0,-0.06925758122360637,0.8188295201023074,0,0.0,-0.0,1.2409794444363655,0,0.0,-0.0,2.317115002489385,0,0.0,-0.0,1.0,0,0.0,-0.0,1.0,0,0.0,-0.0,1.0,0,0.0,-0.0,1.0,0,0.0,-0.0,1.7181732155374045
2018-12-07,3403.55,-0.02998218738867109,False,1.0,-0.02998218738867109,0.7942792199912244,0,0.0,-0.0,1.2409794444363655,0,0.0,-0.0,2.317115002489385,0,0.0,-0.0,1.0,0,0.0,-0.0,1.0,0,0.0,-0.0,1.0,0,0.0,-0.0,1.0,0,0.0,-0.0,1.7181732155374045
2018-12-08,3410.93,0.0021683242496803867,False,1.0,0.0021683242496803867,0.7960014748849487,0,0.0,0.0,1.2409794444363655,0,0.0,0.0,2.317115002489385,0,0.0,0.0,1.0,0,0.0,0.0,1.0,0,0.0,0.0,1.0,0,0.0,0.0,1.0,0,0.0,0.0,1.7181732155374045
2018-12-09,3545.37,0.03941447054029257,False,1.0,0.03941447054029257,0.8273754515668309,0,0.0,0.0,1.2409794444363655,0,0.0,0.0,2.317115002489385,0,0.0,0.0,1.0,0,0.0,0.0,1.0,0,0.0,0.0,1.0,0,0.0,0.0,1.0,0,0.0,0.0,1.7181732155374045
2018-12-10,3432.88,-0.031728705325537176,False,1.0,-0.031728705325537176,0.8011238996704837,0,0.0,-0.0,1.2409794444363655,0,0.0,-0.0,2.317115002489385,0,0.0,-0.0,1.0,0,0.0,-0.0,1.0,0,0.0,-0.0,1.0,0,0.0,-0.0,1.0,0,0.0,-0.0,1.7181732155374045
2018-12-11,3380.39,-0.015290368436997603,False,1.0,-0.015290368436997603,0.7888744200808377,0,0.0,-0.0,1.2409794444363655,0,0.0,-0.0,2.317115002489385,0,0.0,-0.0,1.0,0,0.0,-0.0,1.0,0,0.0,-0.0,1.0,0,0.0,-0.0,1.0,0,0.0,-0.0,1.7181732155374045
2018-12-12,3445.0,0.019113179248548384,False,1.0,0.019113179248548384,0.8039523182764374,0,0.0,0.0,1.2409794444363655,0,0.0,0.0,2.317115002489385,0,0.0,0.0,1.0,0,0.0,0.0,1.0,0,0.0,0.0,1.0,0,0.0,0.0,1.0,0,0.0,0.0,1.7181732155374045
2018-12-13,3302.06,-0.041492017416545734,False,1.0,-0.041492017416545734,0.7705947146844392,0,0.0,-0.0,1.2409794444363655,0,0.0,-0.0,2.317115002489385,0,0.0,-0.0,1.0,0,0.0,-0.0,1.0,0,0.0,-0.0,1.0,0,0.0,-0.0,1.0,0,0.0,-0.0,1.7181732155374045
2018-12-14,3224.17,-0.02358830548203239,False,1.0,-0.02358830548203239,0.752417691151623,0,0.0,-0.0,1.2409794444363655,0,0.0,-0.0,2.317115002489385,0,0.0,-0.0,1.0,0,0.0,-0.0,1.0,0,0.0,-0.0,1.0,0,0.0,-0.0,1.0,0,0.0,-0.0,1.7181732155374045
2018-12-15,3211.72,-0.003861458918109295,False,1.0,-0.003861458918109295,0.7495122611479824,0,0.0,-0.0,1.2409794444363655,0,0.0,-0.0,2.317115002489385,0,0.0,-0.0,1.0,0,0.0,-0.0,1.0,0,0.0,-0.0,1.0,0,0.0,-0.0,1.0,0,0.0,-0.0,1.7181732155374045
2018-12-16,3228.67,0.0052775459878195985,False,1.0,0.0052775459878195985,0.7534678465746255,0,0.0,0.0,1.2409794444363655,0,0.0,0.0,2.317115002489385,0,0.0,0.0,1.0,0,0.0,0.0,1.0,0,0.0,0.0,1.0,0,0.0,0.0,1.0,0,0.0,0.0,1.7181732155374045
2018-12-17,3509.08,0.08685000325211312,False,1.0,0.08685000325211312,0.8189065314999944,0,0.0,0.0,1.2409794444363655,0,0.0,0.0,2.317115002489385,0,0.0,0.0,1.0,0,0.0,0.0,1.0,0,0.0,0.0,1.0,0,0.0,0.0,1.0,0,0.0,0.0,1.7181732155374045
2018-12-18,3652.98,0.04100789950642336,False,1.0,0.04100789950642336,0.8524881682488998,0,0.0,0.0,1.2409794444363655,0,0.0,0.0,2.317115002489385,0,0.0,0.0,1.0,0,0.0,0.0,1.0,0,0.0,0.0,1.0,0,0.0,0.0,1.0,0,0.0,0.0,1.7181732155374045
2018-12-19,3662.22,0.0025294417160783844,False,1.0,0.0025294417160783844,0.8546444873841319,0,0.0,0.0,1.2409794444363655,0,0.0,0.0,2.317115002489385,0,0.0,0.0,1.0,0,0.0,0.0,1.0,0,0.0,0.0,1.0,0,0.0,0.0,1.0,0,0.0,0.0,1.7181732155374045
2018-12-20,4049.62,0.10578283117890241,True,1.0,0.10578283117890241,0.9450512009110671,1,0.0,0.0,1.2409794444363655,0,0.0,0.0,2.317115002489385,0,0.0,0.0,1.0,0,0.0,0.0,1.0,0,0.0,0.0,1.0,0,0.0,0.0,1.0,0,0.0,0.0,1.7181732155374045
2018-12-21,3838.66,-0.05209377670003601,False,1.0,-0.05209377670003601,0.8958199146807051,0,1.0,-0.05309377670003601,1.1750911589241264,0,0.0,-0.0,2.317115002489385,0,0.0,-0.0,1.0,0,0.0,-0.0,1.0,0,0.0,-0.0,1.0,0,0.0,-0.0,1.0,0,0.0,-0.0,1.7181732155374045
2018-12-22,3948.91,0.028720959918304922,False,1.0,0.028720959918304922,0.921548722544269,0,1.0,0.028720959918304922,1.2088409049999407,0,0.0,0.0,2.317115002489385,0,0.0,0.0,1.0,0,0.0,0.0,1.0,0,0.0,0.0,1.0,0,0.0,0.0,1.0,0,0.0,0.0,1.7181732155374045
2018-12-23,3929.71,-0.004862101187416257,True,1.0,-0.004862101187416257,0.9170680594061246,1,1.0,-0.004862101187416257,1.2029633982003431,0,0.0,-0.0,2.317115002489385,0,0.0,-0.0,1.0,0,0.0,-0.0,1.0,0,0.0,-0.0,1.0,0,0.0,-0.0,1.0,0,0.0,-0.0,1.7181732155374045
2018-12-24,4008.01,0.019925134424677804,True,1.0,0.019925134424677804,0.93534076376637,1,1.0,0.019925134424677804,1.226932605617452,0,0.0,0.0,2.317115002489385,0,0.0,0.0,1.0,0,0.0,0.0,1.0,0,0.0,0.0,1.0,0,0.0,0.0,1.0,0,0.0,0.0,1.7181732155374045
2018-12-25,3745.79,-0.06542398846310271,False,1.0,-0.06542398846310271,0.8741470404286493,0,1.0,-0.06542398846310271,1.1466617809825315,0,0.0,-0.0,2.317115002489385,0,0.0,-0.0,1.0,0,0.0,-0.0,1.0,0,0.0,-0.0,1.0,0,0.0,-0.0,1.0,0,0.0,-0.0,1.7181732155374045
2018-12-26,3777.74,0.00852957587051062,True,1.0,0.00852957587051062,0.8816031439319678,1,1.0,0.00852957587051062,1.1564423196412368,0,0.0,0.0,2.317115002489385,0,0.0,0.0,1.0,0,0.0,0.0,1.0,0,0.0,0.0,1.0,0,0.0,0.0,1.0,0,0.0,0.0,1.7181732155374045
2018-12-27,3567.91,-0.05554379073202498,True,1.0,-0.05554379073202498,0.8326355633967153,1,1.0,-0.05554379073202498,1.0922091294454264,0,0.0,-0.0,2.317115002489385,0,0.0,-0.0,1.0,0,0.0,-0.0,1.0,0,0.0,-0.0,1.0,0,0.0,-0.0,1.0,0,0.0,-0.0,1.7181732155374045
2018-12-28,3839.26,0.07605292734401936,True,1.0,0.07605292734401936,0.8959599354037723,1,1.0,0.07605292734401936,1.1752748310116141,0,0.0,0.0,2.317115002489385,0,0.0,0.0,1.0,0,0.0,0.0,1.0,0,0.0,0.0,1.0,0,0.0,0.0,1.0,0,0.0,0.0,1.7181732155374045
2018-12-29,3695.32,-0.037491599943739184,True,1.0,-0.037491599943739184,0.8623689639399956,1,1.0,-0.037491599943739184,1.1312118972233811,0,0.0,-0.0,2.317115002489385,0,0.0,-0.0,1.0,0,0.0,-0.0,1.0,0,0.0,-0.0,1.0,0,0.0,-0.0,1.0,0,0.0,-0.0,1.7181732155374045
2018-12-30,3801.91,0.02884459261985417,True,1.0,0.02884459261985417,0.8872436453928505,1,1.0,0.02884459261985417,1.1638412435655219,0,0.0,0.0,2.317115002489385,0,0.0,0.0,1.0,0,0.0,0.0,1.0,0,0.0,0.0,1.0,0,0.0,0.0,1.0,0,0.0,0.0,1.7181732155374045
2018-12-31,3702.9,-0.026042173539089553,True,1.0,-0.026042173539089553,0.8641378924080755,1,1.0,-0.026042173539089553,1.1335322879286387,0,0.0,-0.0,2.317115002489385,0,0.0,-0.0,1.0,0,0.0,-0.0,1.0,0,0.0,-0.0,1.0,0,0.0,-0.0,1.0,0,0.0,-0.0,1.7181732155374045
2019-01-01,3797.14,0.025450322720030227,True,1.0,0.025450322720030227,0.8861304806444678,1,1.0,0.025450322720030227,1.1623810504699967,0,0.0,0.0,2.317115002489385,0,0.0,0.0,1.0,0,0.0,0.0,1.0,0,0.0,0.0,1.0,0,0.0,0.0,1.0,0,0.0,0.0,1.7181732155374045
2019-01-02,3858.56,0.016175331960370132,True,1.0,0.016175331960370132,0.9004639353290944,1,1.0,0.016175331960370132,1.1811829498257926,0,0.0,0.0,2.317115002489385,0,0.0,0.0,1.0,0,0.0,0.0,1.0,0,0.0,0.0,1.0,0,0.0,0.0,1.0,0,0.0,0.0,1.7181732155374045
2019-01-03,3766.78,-0.023786075634433468,True,1.0,-0.023786075634433468,0.8790454320572769,1,1.0,-0.023786075634433468,1.1530872428431331,0,0.0,-0.0,2.317115002489385,0,0.0,-0.0,1.0,0,0.0,-0.0,1.0,0,0.0,-0.0,1.0,0,0.0,-0.0,1.0,0,0.0,-0.0,1.7181732155374045
2019-01-04,3792.01,0.006698028554892987,True,1.0,0.006698028554892987,0.8849333034622449,1,1.0,0.006698028554892987,1.1608106541219794,0,0.0,0.0,2.317115002489385,0,0.0,0.0,1.0,0,0.0,0.0,1.0,0,0.0,0.0,1.0,0,0.0,0.0,1.0,0,0.0,0.0,1.7181732155374045
2019-01-05,3770.96,-0.005551145698455495,True,1.0,-0.005551145698455495,0.8800209097613104,1,1.0,-0.005551145698455495,1.1543668250526289,0,0.0,-0.0,2.317115002489385,0,0.0,-0.0,1.0,0,0.0,-0.0,1.0,0,0.0,-0.0,1.0,0,0.0,-0.0,1.0,0,0.0,-0.0,1.7181732155374045
2019-01-06,3987.6,0.05744956191526818,True,1.0,0.05744956191526818,0.9305777255033735,1,1.0,0.05744956191526818,1.2206846934414215,0,0.0,0.0,2.317115002489385,0,0.0,0.0,1.0,0,0.0,0.0,1.0,0,0.0,0.0,1.0,0,0.0,0.0,1.0,0,0.0,0.0,1.7181732155374045
2019-01-07,3975.45,-0.0030469455311465943,True,1.0,-0.0030469455311465943,0.9277423058612664,1,1.0,-0.0030469455311465943,1.2169653336698012,0,0.0,-0.0,2.317115002489385,0,0.0,-0.0,1.0,0,0.0,-0.0,1.0,0,0.0,-0.0,1.0,0,0.0,-0.0,1.0,0,0.0,-0.0,1.7181732155374045
2019-01-08,3955.13,-0.005111371039756452,True,1.0,-0.005111371039756452,0.9230002707067302,1,1.0,-0.005111371039756452,1.210744972306894,0,0.0,-0.0,2.317115002489385,0,0.0,-0.0,1.0,0,0.0,-0.0,1.0,0,0.0,-0.0,1.0,0,0.0,-0.0,1.0,0,0.0,-0.0,1.7181732155374045
2019-01-09,3966.65,0.0029126729083495118,False,1.0,0.0029126729083495118,0.925688668589617,0,1.0,0.0029126729083495118,1.2142714763866527,0,0.0,0.0,2.317115002489385,0,0.0,0.0,1.0,0,0.0,0.0,1.0,0,0.0,0.0,1.0,0,0.0,0.0,1.0,0,0.0,0.0,1.7181732155374045
2019-01-10,3585.88,-0.09599284030605171,False,1.0,-0.09599284030605171,0.8368291840525722,0,1.0,-0.09599284030605171,1.097710108465675,0,0.0,-0.0,2.317115002489385,0,0.0,-0.0,1.0,0,0.0,-0.0,1.0,0,0.0,-0.0,1.0,0,0.0,-0.0,1.0,0,0.0,-0.0,1.7181732155374045
2019-01-11,3601.31,0.004302988387787643,False,1.0,0.004302988387787643,0.8404300503141122,0,1.0,0.004302988387787643,1.10243354231556,0,0.0,0.0,2.317115002489385,0,0.0,0.0,1.0,0,0.0,0.0,1.0,0,0.0,0.0,1.0,0,0.0,0.0,1.0,0,0.0,0.0,1.7181732155374045
2019-01-12,3583.13,-0.005048163029564234,False,1.0,-0.005048163029564234,0.8361874224051817,0,1.0,-0.005048163029564234,1.096868278064691,0,0.0,-0.0,2.317115002489385,0,0.0,-0.0,1.0,0,0.0,-0.0,1.0,0,0.0,-0.0,1.0,0,0.0,-0.0,1.0,0,0.0,-0.0,1.7181732155374045
2019-01-13,3476.81,-0.029672381409549753,False,1.0,-0.029672381409549753,0.8113757502777069,0,1.0,-0.029672381409549753,1.0643215841619194,0,0.0,-0.0,2.317115002489385,0,0.0,-0.0,1.0,0,0.0,-0.0,1.0,0,0.0,-0.0,1.0,0,0.0,-0.0,1.0,0,0.0,-0.0,1.7181732155374045
2019-01-14,3626.09,0.04293590964130911,False,1.0,0.04293590964130911,0.8462129061767799,0,1.0,0.04293590964130911,1.1100191995287905,0,0.0,0.0,2.317115002489385,0,0.0,0.0,1.0,0,0.0,0.0,1.0,0,0.0,0.0,1.0,0,0.0,0.0,1.0,0,0.0,0.0,1.7181732155374045
2019-01-15,3553.06,-0.02014015096150401,False,1.0,-0.02014015096150401,0.8291700505008065,0,1.0,-0.02014015096150401,1.0876632452801127,0,0.0,-0.0,2.317115002489385,0,0.0,-0.0,1.0,0,0.0,-0.0,1.0,0,0.0,-0.0,1.0,0,0.0,-0.0,1.0,0,0.0,-0.0,1.7181732155374045
2019-01-16,3591.84,0.010914535639702239,True,1.0,0.010914535639702239,0.8382200565683713,1,1.0,0.010914535639702239,1.0995345845347166,0,0.0,0.0,2.317115002489385,0,0.0,0.0,1.0,0,0.0,0.0,1.0,0,0.0,0.0,1.0,0,0.0,0.0,1.0,0,0.0,0.0,1.7181732155374045
2019-01-17,3616.21,0.006784823377433247,False,1.0,0.006784823377433247,0.8439072316036098,0,1.0,0.006784823377433247,1.1069947324881642,0,0.0,0.0,2.317115002489385,0,0.0,0.0,1.0,0,0.0,0.0,1.0,0,0.0,0.0,1.0,0,0.0,0.0,1.0,0,0.0,0.0,1.7181732155374045
2019-01-18,3594.87,-0.005901205958724787,False,1.0,-0.005901205958724787,0.8389271612198597,0,1.0,-0.005901205958724787,1.1004621285765281,0,0.0,-0.0,2.317115002489385,0,0.0,-0.0,1.0,0,0.0,-0.0,1.0,0,0.0,-0.0,1.0,0,0.0,-0.0,1.0,0,0.0,-0.0,1.7181732155374045
2019-01-19,3665.3,0.0195918072141692,False,1.0,0.0195918072141692,0.8553632604292094,0,1.0,0.0195918072141692,1.1220221704460938,0,0.0,0.0,2.317115002489385,0,0.0,0.0,1.0,0,0.0,0.0,1.0,0,0.0,0.0,1.0,0,0.0,0.0,1.0,0,0.0,0.0,1.7181732155374045
2019-01-20,3539.28,-0.03438190598313917,False,1.0,-0.03438190598313917,0.8259542412277009,0,1.0,-0.03438190598313917,1.0834449096708183,0,0.0,-0.0,2.317115002489385,0,0.0,-0.0,1.0,0,0.0,-0.0,1.0,0,0.0,-0.0,1.0,0,0.0,-0.0,1.0,0,0.0,-0.0,1.7181732155374045
2019-01-21,3526.9,-0.003497886575800746,False,1.0,-0.003497886575800746,0.8230651469750848,0,1.0,-0.003497886575800746,1.079655142265661,0,0.0,-0.0,2.317115002489385,0,0.0,-0.0,1.0,0,0.0,-0.0,1.0,0,0.0,-0.0,1.0,0,0.0,-0.0,1.0,0,0.0,-0.0,1.7181732155374045
2019-01-22,3570.93,0.012484051149734832,False,1.0,0.012484051149734832,0.8333403343694858,0,1.0,0.012484051149734832,1.0931336122857798,0,0.0,0.0,2.317115002489385,0,0.0,0.0,1.0,0,0.0,0.0,1.0,0,0.0,0.0,1.0,0,0.0,0.0,1.0,0,0.0,0.0,1.7181732155374045
2019-01-23,3552.82,-0.005071507982514323,False,1.0,-0.005071507982514323,0.8291140422115798,0,1.0,-0.005071507982514323,1.0875897764451177,0,0.0,-0.0,2.317115002489385,0,0.0,-0.0,1.0,0,0.0,-0.0,1.0,0,0.0,-0.0,1.0,0,0.0,-0.0,1.0,0,0.0,-0.0,1.7181732155374045
2019-01-24,3569.62,0.004728638095935045,False,1.0,0.004728638095935045,0.8330346224574562,0,1.0,0.004728638095935045,1.0927325948947655,0,0.0,0.0,2.317115002489385,0,0.0,0.0,1.0,0,0.0,0.0,1.0,0,0.0,0.0,1.0,0,0.0,0.0,1.0,0,0.0,0.0,1.7181732155374045
2019-01-25,3565.29,-0.0012130142704265268,False,1.0,-0.0012130142704265268,0.8320241395726559,0,1.0,-0.0012130142704265268,1.091407094663398,0,0.0,-0.0,2.317115002489385,0,0.0,-0.0,1.0,0,0.0,-0.0,1.0,0,0.0,-0.0,1.0,0,0.0,-0.0,1.0,0,0.0,-0.0,1.7181732155374045
2019-01-26,3565.25,-1.1219283704844152e-05,False,1.0,-1.1219283704844152e-05,0.8320148048577847,0,1.0,-1.1219283704844152e-05,1.0913948498575654,0,0.0,-0.0,2.317115002489385,0,0.0,-0.0,1.0,0,0.0,-0.0,1.0,0,0.0,-0.0,1.0,0,0.0,-0.0,1.0,0,0.0,-0.0,1.7181732155374045
2019-01-27,3550.84,-0.004041792300680136,False,1.0,-0.004041792300680136,0.8286519738254586,0,1.0,-0.004041792300680136,1.0869836585564092,0,0.0,-0.0,2.317115002489385,0,0.0,-0.0,1.0,0,0.0,-0.0,1.0,0,0.0,-0.0,1.0,0,0.0,-0.0,1.0,0,0.0,-0.0,1.7181732155374045
2019-01-28,3434.15,-0.03286264658503346,False,1.0,-0.03286264658503346,0.8014202768676422,0,1.0,-0.03286264658503346,1.0512624987415633,0,0.0,-0.0,2.317115002489385,0,0.0,-0.0,1.0,0,0.0,-0.0,1.0,0,0.0,-0.0,1.0,0,0.0,-0.0,1.0,0,0.0,-0.0,1.7181732155374045
2019-01-29,3411.04,-0.006729467262641453,False,1.0,-0.006729467262641453,0.7960271453508443,0,1.0,-0.006729467262641453,1.0441880621718393,0,0.0,-0.0,2.317115002489385,0,0.0,-0.0,1.0,0,0.0,-0.0,1.0,0,0.0,-0.0,1.0,0,0.0,-0.0,1.0,0,0.0,-0.0,1.7181732155374045
2019-01-30,3458.18,0.013819832074675187,False,1.0,0.013819832074675187,0.807028106826476,0,1.0,0.013819832074675187,1.0586185658454346,0,0.0,0.0,2.317115002489385,0,0.0,0.0,1.0,0,0.0,0.0,1.0,0,0.0,0.0,1.0,0,0.0,0.0,1.0,0,0.0,0.0,1.7181732155374045
2019-01-31,3434.1,-0.0069632002961095285,False,1.0,-0.0069632002961095285,0.8014086084740532,0,1.0,-0.0069632002961095285,1.0512471927342726,0,0.0,-0.0,2.317115002489385,0,0.0,-0.0,1.0,0,0.0,-0.0,1.0,0,0.0,-0.0,1.0,0,0.0,-0.0,1.0,0,0.0,-0.0,1.7181732155374045
2019-02-01,3462.07,0.008144783203750672,False,1.0,0.008144783203750672,0.8079359078476939,0,1.0,0.008144783203750672,1.0598093732126448,0,0.0,0.0,2.317115002489385,0,0.0,0.0,1.0,0,0.0,0.0,1.0,0,0.0,0.0,1.0,0,0.0,0.0,1.0,0,0.0,0.0,1.7181732155374045
2019-02-02,3504.77,0.012333661653288308,True,1.0,0.012333661653288308,0.8179007159726297,1,1.0,0.012333661653288308,1.072880703438833,0,0.0,0.0,2.317115002489385,0,0.0,0.0,1.0,0,0.0,0.0,1.0,0,0.0,0.0,1.0,0,0.0,0.0,1.0,0,0.0,0.0,1.7181732155374045
2019-02-03,3458.11,-0.013313284466598296,False,1.0,-0.013313284466598296,0.8070117710754516,0,1.0,-0.013313284466598296,1.0585971374352277,0,0.0,-0.0,2.317115002489385,0,0.0,-0.0,1.0,0,0.0,-0.0,1.0,0,0.0,-0.0,1.0,0,0.0,-0.0,1.0,0,0.0,-0.0,1.7181732155374045
2019-02-04,3463.22,0.0014776857879013061,False,1.0,0.0014776857879013061,0.8082042809002389,0,1.0,0.0014776857879013061,1.0601614113803286,0,0.0,0.0,2.317115002489385,0,0.0,0.0,1.0,0,0.0,0.0,1.0,0,0.0,0.0,1.0,0,0.0,0.0,1.0,0,0.0,0.0,1.7181732155374045
2019-02-05,3471.59,0.002416825959656199,False,1.0,0.002416825959656199,0.8101575699870238,0,1.0,0.002416825959656199,1.0627236370007784,0,0.0,0.0,2.317115002489385,0,0.0,0.0,1.0,0,0.0,0.0,1.0,0,0.0,0.0,1.0,0,0.0,0.0,1.0,0,0.0,0.0,1.7181732155374045
2019-02-06,3405.37,-0.019074833145619197,False,1.0,-0.019074833145619197,0.794703949517861,0,1.0,-0.019074833145619197,1.042452360945083,0,0.0,-0.0,2.317115002489385,0,0.0,-0.0,1.0,0,0.0,-0.0,1.0,0,0.0,-0.0,1.0,0,0.0,-0.0,1.0,0,0.0,-0.0,1.7181732155374045
2019-02-07,3398.4,-0.002046767311628339,False,1.0,-0.002046767311628339,0.793077375451566,0,1.0,-0.002046767311628339,1.0403187035287709,0,0.0,-0.0,2.317115002489385,0,0.0,-0.0,1.0,0,0.0,-0.0,1.0,0,0.0,-0.0,1.0,0,0.0,-0.0,1.0,0,0.0,-0.0,1.7181732155374045
2019-02-08,3659.04,0.07669491525423733,False,1.0,0.07669491525423733,0.8539023775518768,0,1.0,0.07669491525423733,1.120105858333308,0,0.0,0.0,2.317115002489385,0,0.0,0.0,1.0,0,0.0,0.0,1.0,0,0.0,0.0,1.0,0,0.0,0.0,1.0,0,0.0,0.0,1.7181732155374045
2019-02-09,3665.18,0.0016780357689447634,True,1.0,0.0016780357689447634,0.8553352562845958,1,1.0,0.0016780357689447634,1.1219854360285957,0,0.0,0.0,2.317115002489385,0,0.0,0.0,1.0,1,0.0,0.0,1.0,0,0.0,0.0,1.0,1,0.0,0.0,1.0,1,0.0,0.0,1.7181732155374045
2019-02-10,3680.06,0.004059827893855283,True,1.0,0.004059827893855283,0.8588077702166579,1,1.0,0.004059827893855283,1.1265405037982839,0,0.0,0.0,2.317115002489385,0,0.0,0.0,1.0,0,1.0,0.0030598278938552834,1.0030598278938554,0,0.0,0.0,1.0,1,1.0,0.0030598278938552834,1.0030598278938554,1,1.0,0.0030598278938552834,1.723430529868781
2019-02-11,3631.05,-0.013317717645907834,True,1.0,-0.013317717645907834,0.8473704108208008,1,1.0,-0.013317717645907834,1.1115375554520195,0,0.0,-0.0,2.317115002489385,0,0.0,-0.0,1.0,1,1.0,-0.013317717645907834,0.9897013603240121,1,0.0,-0.0,1.0,1,1.0,-0.013317717645907834,0.9897013603240121,1,1.0,-0.013317717645907834,1.7004783686896514
2019-02-12,3631.46,0.00011291499703935948,True,1.0,0.00011291499703935948,0.8474660916482298,1,1.0,0.00011291499703935948,1.1116630647118024,0,0.0,0.0,2.317115002489385,0,0.0,0.0,1.0,1,1.0,0.00011291499703935948,0.989813112450183,1,1.0,-0.0008870850029606405,0.9991129149970394,1,1.0,0.00011291499703935948,0.989813112450183,1,1.0,0.00011291499703935948,1.7006703781996175
2019-02-13,3609.4,-0.006074691721786762,True,1.0,-0.006074691721786762,0.8423179963967994,1,1.0,-0.006074691721786762,1.1049100542951815,0,0.0,-0.0,2.317115002489385,0,0.0,-0.0,1.0,1,1.0,-0.006074691721786762,0.9838003029298659,1,1.0,-0.006074691721786762,0.9930436120431766,1,1.0,-0.006074691721786762,0.9838003029298659,1,1.0,-0.006074691721786762,1.6903393299316805
2019-02-14,3590.56,-0.005219704105945633,True,1.0,-0.005219704105945633,0.8379213456924951,1,1.0,-0.005219704105945633,1.0991427507480764,0,0.0,-0.0,2.317115002489385,1,0.0,-0.0,1.0,1,1.0,-0.005219704105945633,0.9786651564492322,1,1.0,-0.005219704105945633,0.9878602182240117,1,1.0,-0.005219704105945633,0.9786651564492322,1,1.0,-0.005219704105945633,1.6815162587907946
2019-02-15,3602.47,0.003317031326589781,True,1.0,0.003317031326589781,0.8407007570453754,1,1.0,0.003317031326589781,1.102788641684702,0,0.0,0.0,2.317115002489385,0,1.0,0.002317031326589781,1.00231703132659,1,1.0,0.003317031326589781,0.9819114194314162,1,1.0,0.003317031326589781,0.9911369815141525,1,1.0,0.003317031326589781,0.9819114194314162,1,1.0,0.003317031326589781,1.6870939008973738
2019-02-16,3618.41,0.004424741913187313,True,1.0,0.004424741913187313,0.8444206409215224,1,1.0,0.004424741913187313,1.1076681968089512,0,0.0,0.0,2.317115002489385,0,1.0,0.004424741913187313,1.006752025505402,1,1.0,0.004424741913187313,0.9862561240440116,0,1.0,0.004424741913187313,0.9955225068579682,1,1.0,0.004424741913187313,0.9862561240440116,1,1.0,0.004424741913187313,1.6945588559921572
2019-02-17,3667.58,0.013588841507734095,True,1.0,0.013588841507734095,0.8558953391768642,1,1.0,0.013588841507734095,1.1227201243785456,0,0.0,0.0,2.317115002489385,0,1.0,0.013588841507734095,1.0204326192175852,0,1.0,0.013588841507734095,0.9996582021996778,0,1.0,0.013588841507734095,1.0090505044210432,1,1.0,0.013588841507734095,0.9996582021996778,1,1.0,0.013588841507734095,1.7175859477117619
2019-02-18,3898.6,0.0629897643677848,True,1.0,0.0629897643677848,0.9098079849151002,1,1.0,0.0629897643677848,1.1934400004641204,0,0.0,0.0,2.317115002489385,0,1.0,0.0629897643677848,1.0847094294553024,0,1.0,0.0629897643677848,1.0626264368045588,0,1.0,0.0629897643677848,1.072610357929719,1,1.0,0.0629897643677848,1.0626264368045588,1,1.0,0.0629897643677848,1.8257762818395442
2019-02-19,3907.79,0.0023572564510336846,True,1.0,0.0023572564510336846,0.9119526356567432,1,1.0,0.0023572564510336846,1.196253244604136,0,0.0,0.0,2.317115002489385,0,1.0,0.0023572564510336846,1.0872663677553829,0,1.0,0.0023572564510336846,1.0651313198277552,0,1.0,0.0023572564510336846,1.0751387756153945,1,1.0,0.0023572564510336846,1.0651313198277552,1,1.0,0.0023572564510336846,1.8300801047580548
2019-02-20,3969.74,0.015852950132939636,True,1.0,0.015852950132939636,0.9264097753134124,1,1.0,0.015852950132939636,1.2152173876372128,0,0.0,0.0,2.317115002489385,0,1.0,0.015852950132939636,1.1045027472646314,0,1.0,0.015852950132939636,1.0820167935260168,0,1.0,0.015852950132939636,1.092182897011215,1,1.0,0.015852950132939636,1.0820167935260168,1,1.0,0.015852950132939636,1.8590922733980693
2019-02-21,3937.31,-0.008169300760251241,True,1.0,-0.008169300760251241,0.9188416552316404,1,1.0,-0.008169300760251241,1.2052899113085176,0,0.0,-0.0,2.317115002489385,0,1.0,-0.008169300760251241,1.095479732131703,0,1.0,-0.008169300760251241,1.07317747291206,0,1.0,-0.008169300760251241,1.0832605264403279,1,1.0,-0.008169300760251241,1.07317747291206,1,1.0,-0.008169300760251241,1.8439047894756213
2019-02-22,3962.0,0.006270778780436359,True,1.0,0.006270778780436359,0.924603507985848,1,1.0,0.006270778780436359,1.2128480177086252,0,0.0,0.0,2.317115002489385,0,1.0,0.006270778780436359,1.1023492431903525,0,1.0,0.006270778780436359,1.0799071314368394,0,1.0,0.006270778780436359,1.0900534135632143,1,1.0,0.006270778780436359,1.0799071314368394,1,1.0,0.006270778780436359,1.85546750850261
2019-02-23,4117.76,0.03931347804139329,True,1.0,0.03931347804139329,0.9609528876940449,1,1.0,0.03931347804139329,1.2605292916203605,0,0.0,0.0,2.317115002489385,0,1.0,0.03931347804139329,1.145686425956463,0,1.0,0.03931347804139329,1.1223620367353255,0,1.0,0.03931347804139329,1.1329072045012776,1,1.0,0.03931347804139329,1.1223620367353255,1,1.0,0.03931347804139329,1.9284123896546461
2019-02-24,3743.56,-0.09087465029530628,True,1.0,-0.09087465029530628,0.8736266300745837,1,1.0,-0.09087465029530628,1.14597913305737,0,0.0,-0.0,2.317115002489385,0,1.0,-0.09087465029530628,1.0415725726495901,0,1.0,-0.09087465029530628,1.0203677791422752,0,1.0,-0.09087465029530628,1.0299546584751909,1,1.0,-0.09087465029530628,1.0203677791422752,1,1.0,-0.09087465029530628,1.7531685881196442
2019-02-25,3827.92,0.022534699590763818,True,1.0,0.022534699590763818,0.8933135437378058,1,1.0,0.022534699590763818,1.1718034285581018,0,0.0,0.0,2.317115002489385,0,1.0,0.022534699590763818,1.0650440976762277,0,1.0,0.022534699590763818,1.0433614605173411,0,1.0,0.022534699590763818,1.053164377296037,1,1.0,0.022534699590763818,1.0433614605173411,1,1.0,0.022534699590763818,1.7926757155848838
2019-02-26,3809.23,-0.004882547179669405,True,1.0,-0.004882547179669405,0.8889518982142683,1,1.0,-0.004882547179669405,1.1660820430328684,0,0.0,-0.0,2.317115002489385,0,1.0,-0.004882547179669405,1.059843969620895,0,1.0,-0.004882547179669405,1.0382671989609165,0,1.0,-0.004882547179669405,1.048022252535942,1,1.0,-0.004882547179669405,1.0382671989609165,1,1.0,-0.004882547179669405,1.783922891825693
2019-02-27,3818.07,0.002320678982366653,True,1.0,0.002320678982366653,0.8910148702007892,1,1.0,0.002320678982366653,1.16878814512185,0,0.0,0.0,2.317115002489385,0,1.0,0.002320678982366653,1.0623035272457821,0,1.0,0.002320678982366653,1.0406766838276258,0,1.0,0.002320678982366653,1.0504543757504547,1,1.0,0.002320678982366653,1.0406766838276258,1,1.0,0.002320678982366653,1.7880628041869158
2019-02-28,3813.69,-0.0011471764530247563,True,1.0,-0.0011471764530247563,0.8899927189224,1,1.0,-0.0011471764530247563,1.1674473388831919,0,0.0,-0.0,2.317115002489385,0,1.0,-0.0011471764530247563,1.0610848776533606,0,1.0,-0.0011471764530247563,1.0394828440407269,0,1.0,-0.0011471764530247563,1.049249319225617,1,1.0,-0.0011471764530247563,1.0394828440407269,1,1.0,-0.0011471764530247563,1.7860115806414232
2019-03-01,3823.0,0.0024412052369227055,True,1.0,0.0024412052369227055,0.8921653738086563,1,1.0,0.0024412052369227055,1.170297317440705,0,0.0,0.0,2.317115002489385,0,1.0,0.0024412052369227055,1.0636752036135075,0,1.0,0.0024412052369227055,1.0420204350032904,0,1.0,0.0024412052369227055,1.051810752158548,1,1.0,0.0024412052369227055,1.0420204350032904,1,1.0,0.0024412052369227055,1.7903716014652897
2019-03-02,3819.93,-0.0008030342662830314,True,1.0,-0.0008030342662830314,0.8914489344422968,1,1.0,-0.0008030342662830314,1.169357528593061,0,0.0,-0.0,2.317115002489385,0,1.0,-0.0008030342662830314,1.0628210359768102,0,1.0,-0.0008030342662830314,1.0411836568878157,0,1.0,-0.0008030342662830314,1.0509661120829197,1,1.0,-0.0008030342662830314,1.0411836568878157,1,1.0,-0.0008030342662830314,1.788933871719933
2019-03-03,3807.75,-0.003188540104137938,True,1.0,-0.003188540104137938,0.8886065137640364,1,1.0,-0.003188540104137938,1.1656289852170665,0,0.0,-0.0,2.317115002489385,0,1.0,-0.003188540104137938,1.0594321884800768,0,1.0,-0.003188540104137938,1.0378638010420558,0,1.0,-0.003188540104137938,1.0476150644864535,1,1.0,-0.003188540104137938,1.0378638010420558,1,1.0,-0.003188540104137938,1.7832297843263032
2019-03-04,3715.3,-0.02427943010964473,True,1.0,-0.02427943010964473,0.8670316540181274,1,1.0,-0.02427943010964473,1.1373281777367126,0,0.0,-0.0,2.317115002489385,0,1.0,-0.02427943010964473,1.0337097787039669,1,1.0,-0.02427943010964473,1.012665059421325,0,1.0,-0.02427943010964473,1.0221795677464436,1,1.0,-0.02427943010964473,1.012665059421325,1,1.0,-0.02427943010964473,1.739933981408316
2019-03-05,3857.73,0.03833606976556392,True,1.0,0.03833606976556392,0.9002702399955186,1,1.0,0.03833606976556392,1.1809288701047689,0,0.0,0.0,2.317115002489385,0,1.0,0.03833606976556392,1.0733381488977078,0,1.0,0.03833606976556392,1.0514866577884496,0,1.0,0.03833606976556392,1.0613659149685053,1,1.0,0.03833606976556392,1.0514866577884496,1,1.0,0.03833606976556392,1.8066362119070605
2019-03-06,3861.84,0.0010653933790079062,True,1.0,0.0010653933790079062,0.9012293819485276,1,1.0,0.0010653933790079062,1.1821870239040577,0,0.0,0.0,2.317115002489385,0,1.0,0.0010653933790079062,1.07448167625498,0,1.0,0.0010653933790079062,1.0526069047117725,0,1.0,0.0010653933790079062,1.0624966871870174,1,1.0,0.0010653933790079062,1.0526069047117725,1,1.0,0.0010653933790079062,1.8085609901655022
2019-03-07,3873.64,0.003055538292627169,True,1.0,0.003055538292627169,0.9039831228355121,1,1.0,0.003055538292627169,1.1857992416246435,0,0.0,0.0,2.317115002489385,0,0.0,-0.001,1.0734071945787251,0,1.0,0.003055538292627169,1.055823185416203,0,1.0,0.003055538292627169,1.065743186500507,1,1.0,0.003055538292627169,1.055823185416203,1,1.0,0.003055538292627169,1.8140871175255047
2019-03-08,3864.89,-0.0022588573021756764,True,1.0,-0.0022588573021756764,0.9019411539574516,1,1.0,-0.0022588573021756764,1.1831206903487852,0,0.0,-0.0,2.317115002489385,0,0.0,-0.0,1.0734071945787251,0,1.0,-0.0022588573021756764,1.0534382315040192,0,0.0,-0.001,1.0646774433140065,1,1.0,-0.0022588573021756764,1.0534382315040192,1,1.0,-0.0022588573021756764,1.8099893535932994
2019-03-09,3943.04,0.020220497866692222,True,1.0,0.020220497866692222,0.9201788531369302,1,1.0,0.020220497866692222,1.2070439797440222,0,0.0,0.0,2.317115002489385,0,0.0,0.0,1.0734071945787251,0,1.0,0.020220497866692222,1.0747392770168382,0,0.0,0.0,1.0646774433140065,1,1.0,0.020220497866692222,1.0747392770168382,1,1.0,0.020220497866692222,1.8465882394563684
2019-03-10,3916.82,-0.006649691608505037,True,1.0,-0.006649691608505037,0.9140599475389017,1,1.0,-0.006649691608505037,1.199017509520822,0,0.0,-0.0,2.317115002489385,0,0.0,-0.0,1.0734071945787251,0,1.0,-0.006649691608505037,1.0675925922651286,0,0.0,-0.0,1.0646774433140065,1,1.0,-0.006649691608505037,1.0675925922651286,1,1.0,-0.006649691608505037,1.8343089971360913
2019-03-11,3871.61,-0.011542526845757517,False,1.0,-0.011542526845757517,0.9035093860558022,0,1.0,-0.011542526845757517,1.1851778177286445,0,0.0,-0.0,2.317115002489385,0,0.0,-0.0,1.0734071945787251,0,1.0,-0.011542526845757517,1.0552698761085766,0,0.0,-0.0,1.0646774433140065,0,1.0,-0.011542526845757517,1.0552698761085766,0,1.0,-0.011542526845757517,1.8131364362932334
2019-03-12,3882.73,0.0028721901224555424,False,1.0,0.0028721901224555424,0.9061044367899775,0,1.0,0.0028721901224555424,1.1885818737500782,0,0.0,0.0,2.317115002489385,0,0.0,0.0,1.0734071945787251,0,1.0,0.0028721901224555424,1.0583008118232606,0,0.0,0.0,1.0646774433140065,0,1.0,0.0028721901224555424,1.0583008118232606,0,1.0,0.0028721901224555424,1.818344108856219
2019-03-13,3866.0,-0.004308823946037932,False,1.0,-0.004308823946037932,0.9022001922951257,0,1.0,-0.004308823946037932,1.1834604837106373,0,0.0,-0.0,2.317115002489385,0,0.0,-0.0,1.0734071945787251,0,1.0,-0.004308823946037932,1.0537407799431653,0,0.0,-0.0,1.0646774433140065,0,1.0,-0.004308823946037932,1.0537407799431653,0,1.0,-0.004308823946037932,1.8105091842178425
2019-03-14,3877.12,0.002876357992757317,False,1.0,0.002876357992757317,0.904795243029301,0,1.0,0.002876357992757317,1.1868645397320707,0,0.0,0.0,2.317115002489385,0,0.0,0.0,1.0734071945787251,0,1.0,0.002876357992757317,1.056771715657849,0,0.0,0.0,1.0646774433140065,0,1.0,0.002876357992757317,1.056771715657849,0,1.0,0.002876357992757317,1.815716856780828
2019-03-15,3923.76,0.012029547705513455,False,1.0,0.012029547705513455,0.9156795205690437,0,1.0,0.012029547705513455,1.20114198333276,0,0.0,0.0,2.317115002489385,0,0.0,0.0,1.0734071945787251,0,1.0,0.012029547705513455,1.0694842014251924,0,0.0,0.0,1.0646774433140065,0,1.0,0.012029547705513455,1.0694842014251924,0,1.0,0.012029547705513455,1.8375591093291779
2019-03-16,4005.98,0.020954390686484414,True,1.0,0.020954390686484414,0.9348670269866601,1,1.0,0.020954390686484414,1.2263111817214534,0,0.0,0.0,2.317115002489385,0,0.0,0.0,1.0734071945787251,0,1.0,0.020954390686484414,1.0918945912148788,0,0.0,0.0,1.0646774433140065,1,1.0,0.020954390686484414,1.0918945912148788,1,1.0,0.020954390686484414,1.8760640408155698
2019-03-17,3981.14,-0.006200729908786395,True,1.0,-0.006200729908786395,0.9290701690516857,1,1.0,-0.006200729908786395,1.2187071572994739,0,0.0,-0.0,2.317115002489385,0,0.0,-0.0,1.0734071945787251,0,1.0,-0.006200729908786395,1.0851240477658906,0,0.0,-0.0,1.0646774433140065,1,1.0,-0.006200729908786395,1.0851240477658906,1,1.0,-0.006200729908786395,1.864431074406886
2019-03-18,3987.81,0.0016753995086835616,True,1.0,0.0016753995086835616,0.9306267327564475,1,1.0,0.0016753995086835616,1.2207489786720425,0,0.0,0.0,2.317115002489385,0,0.0,0.0,1.0734071945787251,0,1.0,0.0016753995086835616,1.0869420640623781,0,0.0,0.0,1.0646774433140065,1,1.0,0.0016753995086835616,1.0869420640623781,1,1.0,0.0016753995086835616,1.8675547413129217
2019-03-19,4015.53,0.006951183732424537,True,1.0,0.006951183732424537,0.9370956901621434,1,1.0,0.006951183732424537,1.2292346291139615,0,0.0,0.0,2.317115002489385,0,0.0,0.0,1.0734071945787251,0,1.0,0.006951183732424537,1.0944975980561764,0,0.0,0.0,1.0646774433140065,1,1.0,0.006951183732424537,1.0944975980561764,1,1.0,0.006951183732424537,1.8805364574501484
2019-03-20,4043.04,0.00685090137540989,True,1.0,0.00685090137540989,0.943515640314766,1,1.0,0.00685090137540989,1.2376559943252599,0,0.0,0.0,2.317115002489385,0,0.0,0.0,1.0734071945787251,0,1.0,0.00685090137540989,1.1019958931560823,0,0.0,0.0,1.0646774433140065,1,1.0,0.00685090137540989,1.1019958931560823,1,1.0,0.00685090137540989,1.893419827253002
2019-03-21,3980.64,-0.015433930903478554,True,1.0,-0.015433930903478554,0.9289534851157966,1,1.0,-0.015433930903478554,1.2185540972265678,0,0.0,-0.0,2.317115002489385,0,0.0,-0.0,1.0734071945787251,0,1.0,-0.015433930903478554,1.0849877646851942,0,0.0,-0.0,1.0646774433140065,1,1.0,-0.015433930903478554,1.0849877646851942,1,1.0,-0.015433930903478554,1.8641969164679029
2019-03-22,3986.93,0.0015801479159129883,True,1.0,0.0015801479159129883,0.9304213690292824,1,1.0,0.0015801479159129883,1.2204795929437275,0,0.0,0.0,2.317115002489385,0,0.0,0.0,1.0734071945787251,0,1.0,0.0015801479159129883,1.0867022058403526,0,0.0,0.0,1.0646774433140065,1,1.0,0.0015801479159129883,1.0867022058403526,1,1.0,0.0015801479159129883,1.867142623340311
2019-03-23,4006.01,0.004785637069123494,True,1.0,0.004785637069123494,0.9348740280228136,1,1.0,0.004785637069123494,1.2263203653258279,0,0.0,0.0,2.317115002489385,0,0.0,0.0,1.0734071945787251,0,1.0,0.004785637069123494,1.0919027681997204,0,0.0,0.0,1.0646774433140065,1,1.0,0.004785637069123494,1.0919027681997204,1,1.0,0.004785637069123494,1.876078090291909
2019-03-24,3992.18,-0.0034523128998680264,True,1.0,-0.0034523128998680264,0.9316465503561189,1,1.0,-0.0034523128998680264,1.2220867237092428,0,0.0,-0.0,2.317115002489385,0,0.0,-0.0,1.0734071945787251,0,1.0,-0.0034523128998680264,1.0881331781876629,0,0.0,-0.0,1.0646774433140065,1,1.0,-0.0034523128998680264,1.0881331781876629,1,1.0,-0.0034523128998680264,1.8696012816996344
2019-03-25,3936.12,-0.014042452995606358,True,1.0,-0.014042452995606358,0.9185639474642243,1,1.0,-0.014042452995606358,1.2049256283350012,0,0.0,-0.0,2.317115002489385,0,0.0,-0.0,1.0734071945787251,0,0.0,-0.001,1.0870450450094753,0,0.0,-0.0,1.0646774433140065,1,1.0,-0.014042452995606358,1.0728531191800028,1,1.0,-0.014042452995606358,1.8433474935808418
2019-03-26,3948.55,0.003157932176864664,True,1.0,0.003157932176864664,0.9214647101104294,1,1.0,0.003157932176864664,1.2087307017474491,0,0.0,0.0,2.317115002489385,0,0.0,0.0,1.0734071945787251,0,0.0,0.0,1.0870450450094753,0,0.0,0.0,1.0646774433140065,1,1.0,0.003157932176864664,1.076241116566111,1,1.0,0.003157932176864664,1.8491686599439636
2019-03-27,4038.05,0.022666548479821635,True,1.0,0.022666548479821635,0.9423511346345922,1,1.0,0.022666548479821635,1.2361284547976565,0,0.0,0.0,2.317115002489385,0,0.0,0.0,1.0734071945787251,0,0.0,0.0,1.0870450450094753,0,0.0,0.0,1.0646774433140065,1,1.0,0.022666548479821635,1.100635788010734,1,1.0,0.022666548479821635,1.8910829310219504
2019-03-28,4027.81,-0.0025358774656084604,True,1.0,-0.0025358774656084604,0.9399614476275817,1,1.0,-0.0025358774656084604,1.2329937845045378,0,0.0,-0.0,2.317115002489385,0,0.0,-0.0,1.0734071945787251,0,0.0,-0.0,1.0870450450094753,0,0.0,-0.0,1.0646774433140065,1,1.0,-0.0025358774656084604,1.0978447105180753,1,1.0,-0.0025358774656084604,1.886287376431575
2019-03-29,4103.25,0.018729781196233253,True,1.0,0.018729781196233253,0.957566719874541,1,1.0,0.018729781196233253,1.2560874883046234,0,0.0,0.0,2.317115002489385,0,0.0,0.0,1.0734071945787251,0,0.0,0.0,1.0870450450094753,0,0.0,0.0,1.0646774433140065,1,1.0,0.018729781196233253,1.1184071017335209,1,1.0,0.018729781196233253,1.9216171262653554
2019-03-30,4106.97,0.0009065984280753892,True,1.0,0.0009065984280753892,0.9584348483575565,1,1.0,0.0009065984280753892,1.2572262552470455,0,0.0,0.0,2.317115002489385,0,0.0,0.0,1.0734071945787251,0,0.0,0.0,1.0870450450094753,0,0.0,0.0,1.0646774433140065,1,1.0,0.0009065984280753892,1.1194210478539008,1,1.0,0.0009065984280753892,1.9233592613313903
2019-03-31,4103.95,-0.0007353352958507919,True,1.0,-0.0007353352958507919,0.9577300773847859,1,1.0,-0.0007353352958507919,1.256301772406692,0,0.0,-0.0,2.317115002489385,0,0.0,-0.0,1.0734071945787251,0,0.0,-0.0,1.0870450450094753,0,0.0,-0.0,1.0646774433140065,1,1.0,-0.0007353352958507919,1.1185978980464957,1,1.0,-0.0007353352958507919,1.921944947379932
2019-04-01,4144.56,0.009895344728859001,True,1.0,0.009895344728859001,0.9672071466577051,1,1.0,0.009895344728859001,1.2687333115281327,0,0.0,0.0,2.317115002489385,0,0.0,0.0,1.0734071945787251,0,0.0,0.0,1.0870450450094753,0,0.0,0.0,1.0646774433140065,1,1.0,0.009895344728859001,1.1296668098606428,1,1.0,0.009895344728859001,1.9409632551841451
2019-04-02,4857.29,0.17196759125214722,True,1.0,0.17196759125214722,1.1335354299102929,1,1.0,0.17196759125214722,1.4869143230529858,1,0.0,0.0,2.317115002489385,0,0.0,0.0,1.0734071945787251,0,0.0,0.0,1.0870450450094753,0,0.0,0.0,1.0646774433140065,0,1.0,0.17196759125214722,1.323932890069875,1,1.0,0.17196759125214722,2.2747460308870893
2019-04-03,4932.6,0.015504530303934949,True,1.0,0.015504530303934949,1.1511103643339209,1,1.0,0.015504530303934949,1.5099682312341156,1,1.0,0.014504530303934948,2.3507236672606946,0,0.0,0.0,1.0734071945787251,0,0.0,0.0,1.0870450450094753,0,0.0,0.0,1.0646774433140065,0,1.0,0.015504530303934949,1.3444598476843397,1,1.0,0.015504530303934949,2.310014899656734
2019-04-04,4898.66,-0.006880752544297208,True,1.0,-0.006880752544297208,1.1431898587657634,1,1.0,-0.006880752544297208,1.4995785134852435,0,1.0,-0.006880752544297208,2.334548919406251,0,0.0,-0.0,1.0734071945787251,0,0.0,-0.0,1.0870450450094753,0,0.0,-0.0,1.0646774433140065,0,1.0,-0.006880752544297208,1.3352089521666801,0,1.0,-0.006880752544297208,2.2941202587585563
2019-04-05,5004.95,0.02169777041068377,True,1.0,0.02169777041068377,1.1679945298570849,1,1.0,0.02169777041068377,1.5321160237836409,0,1.0,0.02169777041068377,2.385203425872038,0,0.0,0.0,1.0734071945787251,0,0.0,0.0,1.0870450450094753,0,0.0,0.0,1.0646774433140065,0,1.0,0.02169777041068377,1.3641800094610823,0,1.0,0.02169777041068377,2.343897553427598
2019-04-06,5043.89,0.007780297505469713,True,1.0,0.007780297505469713,1.1770818747841343,1,1.0,0.007780297505469713,1.5440363422615748,0,1.0,0.007780297505469713,2.4037610181363878,0,0.0,0.0,1.0734071945787251,0,0.0,0.0,1.0870450450094753,0,0.0,0.0,1.0646774433140065,0,1.0,0.007780297505469713,1.374793735785704,0,1.0,0.007780297505469713,2.362133773715607
2019-04-07,5170.27,0.025056057923547037,True,1.0,0.025056057923547037,1.2065749064194828,0,1.0,0.025056057923547037,1.5827238062893425,0,1.0,0.025056057923547037,2.4639897934411774,0,0.0,0.0,1.0734071945787251,0,0.0,0.0,1.0870450450094753,0,0.0,0.0,1.0646774433140065,0,1.0,0.025056057923547037,1.4092406472624803,0,1.0,0.025056057923547037,2.421319534372992
2019-04-08,5236.9,0.012887141290493398,True,1.0,0.012887141290493398,1.2221242077160746,0,1.0,0.012887141290493398,1.6031205916048208,0,1.0,0.012887141290493398,2.4957435780475876,0,0.0,0.0,1.0734071945787251,0,0.0,0.0,1.0870450450094753,0,0.0,0.0,1.0646774433140065,0,1.0,0.012887141290493398,1.4274017305960582,0,1.0,0.012887141290493398,2.4525234213218887
2019-04-09,5150.0,-0.01659378640035125,True,1.0,-0.01659378640035125,1.2018445396585355,0,1.0,-0.01659378640035125,1.5765187509337257,0,1.0,-0.01659378640035125,2.4543297422034174,0,0.0,-0.0,1.0734071945787251,0,0.0,-0.0,1.0870450450094753,0,0.0,-0.0,1.0646774433140065,0,1.0,-0.01659378640035125,1.4037157311710555,0,1.0,-0.01659378640035125,2.4118267715266146
2019-04-10,5308.25,0.030728155339805774,True,1.0,0.030728155339805774,1.2387750053674604,0,1.0,0.030728155339805774,1.6249622640085337,0,1.0,0.030728155339805774,2.5297467677769494,0,0.0,0.0,1.0734071945787251,0,0.0,0.0,1.0870450450094753,0,0.0,0.0,1.0646774433140065,0,1.0,0.030728155339805774,1.4468493262114088,0,1.0,0.030728155339805774,2.485937759214787
2019-04-11,5017.37,-0.05479772052936471,True,1.0,-0.05479772052936471,1.170892958824572,0,1.0,-0.05479772052936471,1.5359180359946303,0,1.0,-0.05479772052936471,2.3911224113862444,0,0.0,-0.0,1.0734071945787251,0,0.0,-0.0,1.0870450450094753,0,0.0,-0.0,1.0646774433140065,0,1.0,-0.05479772052936471,1.3675652811855763,0,1.0,-0.05479772052936471,2.34971403663194
2019-04-12,5048.01,0.006106785028809902,True,1.0,0.006106785028809902,1.1780433504158607,0,1.0,0.006106785028809902,1.5452975572623213,0,1.0,0.006106785028809902,2.4057244819301498,0,0.0,0.0,1.0734071945787251,0,0.0,0.0,1.0870450450094753,0,0.0,0.0,1.0646774433140065,0,1.0,0.006106785028809902,1.3759167083706405,0,1.0,0.006106785028809902,2.364063235132828
2019-04-13,5045.22,-0.0005526930414163633,True,1.0,-0.0005526930414163633,1.177392254053599,0,1.0,-0.0005526930414163633,1.5444434820555046,0,1.0,-0.0005526930414163633,2.404394854749422,0,0.0,-0.0,1.0734071945787251,0,0.0,-0.0,1.0870450450094753,0,0.0,-0.0,1.0646774433140065,0,1.0,-0.0005526930414163633,1.3751562487803555,0,1.0,-0.0005526930414163633,2.362756633833302
2019-04-14,5131.3,0.017061694039110176,True,1.0,0.017061694039110176,1.19748056045628,0,1.0,0.017061694039110176,1.5707943042070336,0,1.0,0.017061694039110176,2.4454179041103674,0,0.0,0.0,1.0734071945787251,0,0.0,0.0,1.0870450450094753,0,0.0,0.0,1.0646774433140065,0,1.0,0.017061694039110176,1.3986187439530164,0,1.0,0.017061694039110176,2.403069264608644
2019-04-15,5024.95,-0.020725742014694237,True,1.0,-0.020725742014694237,1.1726618872926515,0,1.0,-0.020725742014694237,1.5382384266998874,0,1.0,-0.020725742014694237,2.394734803511662,0,0.0,-0.0,1.0734071945787251,0,0.0,-0.0,1.0870450450094753,0,0.0,-0.0,1.0646774433140065,0,1.0,-0.020725742014694237,1.3696313326889304,0,1.0,-0.020725742014694237,2.353263870986924
2019-04-16,5173.72,0.02960626473895278,True,1.0,0.02960626473895278,1.2073800255771179,0,1.0,0.02960626473895278,1.5837799207923946,0,1.0,0.02960626473895278,2.465633956084012,0,0.0,0.0,1.0734071945787251,0,0.0,0.0,1.0870450450094753,0,0.0,0.0,1.0646774433140065,0,1.0,0.02960626473895278,1.4101810005192836,0,1.0,0.02960626473895278,2.422935224151976
2019-04-17,5202.82,0.00562457960616336,True,1.0,0.00562457960616336,1.214171030645868,0,1.0,0.00562457960616336,1.5926880170355344,0,1.0,0.00562457960616336,2.479502110549666,0,0.0,0.0,1.0734071945787251,0,0.0,0.0,1.0870450450094753,0,0.0,0.0,1.0646774433140065,0,1.0,0.00562457960616336,1.4181126758158034,0,1.0,0.00562457960616336,2.436563216200796
2019-04-18,5258.44,0.010690356383653565,True,1.0,0.010690356383653565,1.2271509516741803,0,1.0,0.010690356383653565,1.6097144195456188,0,1.0,0.010690356383653565,2.506008871765463,0,0.0,0.0,1.0734071945787251,0,0.0,0.0,1.0870450450094753,0,0.0,0.0,1.0646774433140065,0,1.0,0.010690356383653565,1.4332728057124509,0,1.0,0.010690356383653565,2.4626109453332834
2019-04-19,5258.68,4.564091251402225e-05,True,1.0,4.564091251402225e-05,1.2272069599634072,0,1.0,4.564091251402225e-05,1.6097878883806138,0,1.0,4.564091251402225e-05,2.5061232482971385,0,0.0,0.0,1.0734071945787251,0,0.0,0.0,1.0870450450094753,0,0.0,0.0,1.0646774433140065,0,1.0,4.564091251402225e-05,1.4333382215911852,0,1.0,4.564091251402225e-05,2.4627233411439953
2019-04-20,5291.73,0.006284847147953299,True,1.0,0.006284847147953299,1.2349197681256816,0,1.0,0.006284847147953299,1.6199051591997125,0,1.0,0.006284847147953299,2.521873849846618,0,0.0,0.0,1.0734071945787251,0,0.0,0.0,1.0870450450094753,0,0.0,0.0,1.0646774433140065,0,1.0,0.006284847147953299,1.442346533225205,0,1.0,0.006284847147953299,2.4782011809107822
2019-04-21,5256.14,-0.006725588796102411,True,1.0,-0.006725588796102411,1.22661420556909,0,1.0,-0.006725588796102411,1.6090103432102503,0,1.0,-0.006725588796102411,2.504912763336906,0,0.0,-0.0,1.0734071945787251,0,0.0,-0.0,1.0870450450094753,0,0.0,-0.0,1.0646774433140065,0,1.0,-0.006725588796102411,1.4326459035412484,0,1.0,-0.006725588796102411,2.461533818813961
2019-04-22,5357.14,0.01921562211052219,True,1.0,0.01921562211052219,1.2501843606187042,0,1.0,0.01921562211052219,1.6399284779373,0,1.0,0.01921562211052219,2.553046220417012,0,0.0,0.0,1.0734071945787251,0,0.0,0.0,1.0870450450094753,0,0.0,0.0,1.0646774433140065,0,0.0,-0.001,1.4312132576377072,0,1.0,0.01921562211052219,2.5088337224885606
2019-04-23,5493.31,0.025418413556487218,True,1.0,0.025418413556487218,1.281962063718763,0,1.0,0.025418413556487218,1.681612858192571,0,1.0,0.025418413556487218,2.6179406050763983,0,0.0,0.0,1.0734071945787251,0,0.0,0.0,1.0870450450094753,0,0.0,0.0,1.0646774433140065,0,0.0,0.0,1.4312132576377072,0,1.0,0.025418413556487218,2.572604295591236
2019-04-24,5415.0,-0.014255521716415087,True,1.0,-0.014255521716415087,1.2636870256797998,0,1.0,-0.014255521716415087,1.6576405895740038,0,0.0,-0.001,2.615322664471322,0,0.0,-0.0,1.0734071945787251,0,0.0,-0.0,1.0870450450094753,0,0.0,-0.0,1.0646774433140065,0,0.0,-0.0,1.4312132576377072,0,0.0,-0.001,2.570031691295645
2019-04-25,5219.9,-0.03602954755309329,True,1.0,-0.03602954755309329,1.2181569538958426,0,1.0,-0.03602954755309329,1.5979165491260097,0,0.0,-0.0,2.615322664471322,0,0.0,-0.0,1.0734071945787251,0,0.0,-0.0,1.0870450450094753,0,0.0,-0.0,1.0646774433140065,0,0.0,-0.0,1.4312132576377072,0,0.0,-0.0,2.570031691295645
2019-04-26,5314.1,0.018046322726489095,True,1.0,0.018046322726489095,1.2401402074173637,0,1.0,0.018046322726489095,1.6267530668615353,0,0.0,0.0,2.615322664471322,0,0.0,0.0,1.0734071945787251,0,0.0,0.0,1.0870450450094753,0,0.0,0.0,1.0646774433140065,0,0.0,0.0,1.4312132576377072,0,0.0,0.0,2.570031691295645
2019-04-27,5295.69,-0.003464368378464977,True,1.0,-0.003464368378464977,1.235843904897924,0,0.0,-0.001,1.6251263137946739,0,0.0,-0.0,2.615322664471322,0,0.0,-0.0,1.0734071945787251,0,0.0,-0.0,1.0870450450094753,0,0.0,-0.0,1.0646774433140065,0,0.0,-0.0,1.4312132576377072,0,0.0,-0.0,2.570031691295645
2019-04-28,5307.52,0.002233892089605005,True,1.0,0.002233892089605005,1.238604646821062,0,0.0,0.0,1.6251263137946739,0,0.0,0.0,2.615322664471322,0,0.0,0.0,1.0734071945787251,0,0.0,0.0,1.0870450450094753,0,0.0,0.0,1.0646774433140065,0,0.0,0.0,1.4312132576377072,0,0.0,0.0,2.570031691295645
2019-04-29,5238.14,-0.013072018569878274,True,1.0,-0.013072018569878274,1.2224135838770795,0,0.0,-0.0,1.6251263137946739,0,0.0,-0.0,2.615322664471322,0,0.0,-0.0,1.0734071945787251,0,0.0,-0.0,1.0870450450094753,0,0.0,-0.0,1.0646774433140065,0,0.0,-0.0,1.4312132576377072,0,0.0,-0.0,2.570031691295645
2019-04-30,5320.81,0.01578231967835908,True,1.0,0.01578231967835908,1.2417061058369963,0,0.0,0.0,1.6251263137946739,0,0.0,0.0,2.615322664471322,0,0.0,0.0,1.0734071945787251,0,0.0,0.0,1.0870450450094753,0,0.0,0.0,1.0646774433140065,0,0.0,0.0,1.4312132576377072,0,0.0,0.0,2.570031691295645
2019-05-01,5383.2,0.011725658311422471,True,1.0,0.011725658311422471,1.2562659273572478,0,0.0,0.0,1.6251263137946739,0,0.0,0.0,2.615322664471322,0,0.0,0.0,1.0734071945787251,0,0.0,0.0,1.0870450450094753,0,0.0,0.0,1.0646774433140065,0,0.0,0.0,1.4312132576377072,0,0.0,0.0,2.570031691295645
2019-05-02,5492.87,0.020372640808441034,True,1.0,0.020372640808441034,1.2818593818551802,0,0.0,0.0,1.6251263137946739,0,0.0,0.0,2.615322664471322,0,0.0,0.0,1.0734071945787251,0,0.0,0.0,1.0870450450094753,0,0.0,0.0,1.0646774433140065,0,0.0,0.0,1.4312132576377072,0,0.0,0.0,2.570031691295645
2019-05-03,5772.69,0.05094240351583057,True,1.0,0.05094240351583057,1.3471603797362,0,0.0,0.0,1.6251263137946739,0,0.0,0.0,2.615322664471322,0,0.0,0.0,1.0734071945787251,0,0.0,0.0,1.0870450450094753,0,0.0,0.0,1.0646774433140065,0,0.0,0.0,1.4312132576377072,0,0.0,0.0,2.570031691295645
2019-05-04,5829.45,0.009832504430343558,True,1.0,0.009832504430343558,1.3604063401383395,0,0.0,0.0,1.6251263137946739,0,0.0,0.0,2.615322664471322,0,0.0,0.0,1.0734071945787251,0,0.0,0.0,1.0870450450094753,0,0.0,0.0,1.0646774433140065,0,0.0,0.0,1.4312132576377072,0,0.0,0.0,2.570031691295645
2019-05-05,5775.62,-0.009234147303776474,True,1.0,-0.009234147303776474,1.3478441476005105,0,0.0,-0.0,1.6251263137946739,0,0.0,-0.0,2.615322664471322,0,0.0,-0.0,1.0734071945787251,0,0.0,-0.0,1.0870450450094753,0,0.0,-0.0,1.0646774433140065,0,0.0,-0.0,1.4312132576377072,0,0.0,-0.0,2.570031691295645
2019-05-06,5747.79,-0.004818530304971591,True,1.0,-0.004818530304971591,1.341349519728919,0,0.0,-0.0,1.6251263137946739,0,0.0,-0.0,2.615322664471322,0,0.0,-0.0,1.0734071945787251,0,0.0,-0.0,1.0870450450094753,0,0.0,-0.0,1.0646774433140065,0,0.0,-0.0,1.4312132576377072,0,0.0,-0.0,2.570031691295645
2019-05-07,5846.34,0.017145720355127736,True,1.0,0.017145720355127736,1.3643479234926759,0,0.0,0.0,1.6251263137946739,0,0.0,0.0,2.615322664471322,0,0.0,0.0,1.0734071945787251,0,0.0,0.0,1.0870450450094753,0,0.0,0.0,1.0646774433140065,0,0.0,0.0,1.4312132576377072,0,0.0,0.0,2.570031691295645
2019-05-08,5987.29,0.024109100736529054,True,1.0,0.024109100736529054,1.397241125019835,0,0.0,0.0,1.6251263137946739,0,0.0,0.0,2.615322664471322,0,0.0,0.0,1.0734071945787251,0,0.0,0.0,1.0870450450094753,0,0.0,0.0,1.0646774433140065,0,0.0,0.0,1.4312132576377072,0,0.0,0.0,2.570031691295645
2019-05-09,6209.18,0.037060172465339214,True,1.0,0.037060172465339214,1.4490231220887348,0,0.0,0.0,1.6251263137946739,0,0.0,0.0,2.615322664471322,0,0.0,0.0,1.0734071945787251,0,0.0,0.0,1.0870450450094753,0,0.0,0.0,1.0646774433140065,0,0.0,0.0,1.4312132576377072,0,0.0,0.0,2.570031691295645
2019-05-10,6373.33,0.026436663134262517,True,1.0,0.026436663134262517,1.4873304582411522,0,0.0,0.0,1.6251263137946739,0,0.0,0.0,2.615322664471322,0,0.0,0.0,1.0734071945787251,0,0.0,0.0,1.0870450450094753,0,0.0,0.0,1.0646774433140065,0,0.0,0.0,1.4312132576377072,0,0.0,0.0,2.570031691295645
2019-05-11,7076.22,0.11028614554714733,True,1.0,0.11028614554714733,1.6513624016354411,0,0.0,0.0,1.6251263137946739,1,0.0,0.0,2.615322664471322,0,0.0,0.0,1.0734071945787251,0,0.0,0.0,1.0870450450094753,0,0.0,0.0,1.0646774433140065,0,0.0,0.0,1.4312132576377072,0,0.0,0.0,2.570031691295645
2019-05-12,6967.31,-0.015390985582698136,True,1.0,-0.015390985582698136,1.6259463067200604,0,0.0,-0.0,1.6251263137946739,0,1.0,-0.016390985582698137,2.572454948383869,0,0.0,-0.0,1.0734071945787251,0,0.0,-0.0,1.0870450450094753,0,0.0,-0.0,1.0646774433140065,0,0.0,-0.0,1.4312132576377072,0,0.0,-0.0,2.570031691295645
2019-05-13,7790.71,0.11818047424328748,True,1.0,0.11818047424328748,1.818101412342359,0,0.0,0.0,1.6251263137946739,1,1.0,0.11818047424328748,2.876468894153366,0,0.0,0.0,1.0734071945787251,0,0.0,0.0,1.0870450450094753,0,0.0,0.0,1.0646774433140065,0,0.0,0.0,1.4312132576377072,0,0.0,0.0,2.570031691295645
2019-05-14,7947.56,0.020132953222491867,True,1.0,0.020132953222491867,1.854705163030794,0,0.0,0.0,1.6251263137946739,1,1.0,0.020132953222491867,2.9343807078453086,0,0.0,0.0,1.0734071945787251,0,0.0,0.0,1.0870450450094753,0,0.0,0.0,1.0646774433140065,0,0.0,0.0,1.4312132576377072,0,0.0,0.0,2.570031691295645
2019-05-15,8169.87,0.02797210716244969,True,1.0,0.02797210716244969,1.9065851746058402,0,0.0,0.0,1.6251263137946739,1,1.0,0.02797210716244969,3.0164615194605826,0,0.0,0.0,1.0734071945787251,0,0.0,0.0,1.0870450450094753,0,0.0,0.0,1.0646774433140065,0,0.0,0.0,1.4312132576377072,0,0.0,0.0,2.570031691295645
2019-05-16,7866.59,-0.037121765707410215,True,1.0,-0.037121765707410215,1.8358093664529005,0,0.0,-0.0,1.6251263137946739,0,1.0,-0.037121765707410215,2.904485141669748,0,0.0,-0.0,1.0734071945787251,0,0.0,-0.0,1.0870450450094753,0,0.0,-0.0,1.0646774433140065,0,0.0,-0.0,1.4312132576377072,0,0.0,-0.0,2.570031691295645
2019-05-17,7355.26,-0.06500020974780685,True,1.0,-0.06500020974780685,1.7164813725764736,0,0.0,-0.0,1.6251263137946739,0,1.0,-0.06500020974780685,2.715692998251826,0,0.0,-0.0,1.0734071945787251,0,0.0,-0.0,1.0870450450094753,0,0.0,-0.0,1.0646774433140065,0,0.0,-0.0,1.4312132576377072,0,0.0,-0.0,2.570031691295645
2019-05-18,7257.45,-0.013297966353330914,True,1.0,-0.013297966353330914,1.6936556610378324,0,0.0,-0.0,1.6251263137946739,0,1.0,-0.013297966353330914,2.6795798041350967,0,0.0,-0.0,1.0734071945787251,0,0.0,-0.0,1.0870450450094753,0,0.0,-0.0,1.0646774433140065,0,0.0,-0.0,1.4312132576377072,0,0.0,-0.0,2.570031691295645
2019-05-19,8148.48,0.12277452824339119,True,1.0,0.12277452824339119,1.9015934358285012,0,0.0,0.0,1.6251263137946739,1,1.0,0.12277452824339119,3.008563950478302,0,0.0,0.0,1.0734071945787251,0,0.0,0.0,1.0870450450094753,0,0.0,0.0,1.0646774433140065,0,0.0,0.0,1.4312132576377072,0,0.0,0.0,2.570031691295645
2019-05-20,7938.15,-0.025812176013195076,True,1.0,-0.025812176013195076,1.8525091713573596,0,0.0,-0.0,1.6251263137946739,0,1.0,-0.025812176013195076,2.9309063682416023,0,0.0,-0.0,1.0734071945787251,0,0.0,-0.0,1.0870450450094753,0,0.0,-0.0,1.0646774433140065,0,0.0,-0.0,1.4312132576377072,0,0.0,-0.0,2.570031691295645
2019-05-21,7904.87,-0.004192412589835159,True,1.0,-0.004192412589835159,1.844742688584576,0,0.0,-0.0,1.6251263137946739,0,1.0,-0.004192412589835159,2.9186187994837582,0,0.0,-0.0,1.0734071945787251,0,0.0,-0.0,1.0870450450094753,0,0.0,-0.0,1.0646774433140065,0,0.0,-0.0,1.4312132576377072,0,0.0,-0.0,2.570031691295645
2019-05-22,7628.43,-0.03497084708540421,True,1.0,-0.03497084708540421,1.7802304741101673,0,0.0,-0.0,1.6251263137946739,0,1.0,-0.03497084708540421,2.816552227746426,0,0.0,-0.0,1.0734071945787251,0,0.0,-0.0,1.0870450450094753,0,0.0,-0.0,1.0646774433140065,0,0.0,-0.0,1.4312132576377072,0,0.0,-0.0,2.570031691295645
2019-05-23,7851.51,0.02924323877914592,True,1.0,0.02924323877914592,1.8322901789464832,0,0.0,0.0,1.6251263137946739,0,1.0,0.02924323877914592,2.89891733707635,0,0.0,0.0,1.0734071945787251,0,0.0,0.0,1.0870450450094753,0,0.0,0.0,1.0646774433140065,0,0.0,0.0,1.4312132576377072,0,0.0,0.0,2.570031691295645
2019-05-24,7964.87,0.014437987087833948,True,1.0,0.014437987087833948,1.8587447608912775,0,0.0,0.0,1.6251263137946739,0,1.0,0.014437987087833948,2.940771868157756,0,0.0,0.0,1.0734071945787251,0,0.0,0.0,1.0870450450094753,0,0.0,0.0,1.0646774433140065,0,0.0,0.0,1.4312132576377072,0,0.0,0.0,2.570031691295645
2019-05-25,8025.41,0.007600877352675006,True,1.0,0.007600877352675006,1.8728728518487394,0,0.0,0.0,1.6251263137946739,0,1.0,0.007600877352675006,2.96312431444982,0,0.0,0.0,1.0734071945787251,0,0.0,0.0,1.0870450450094753,0,0.0,0.0,1.0646774433140065,0,0.0,0.0,1.4312132576377072,0,0.0,0.0,2.570031691295645
2019-05-26,8614.43,0.07339438109704055,True,1.0,0.07339438109704055,2.010331195683627,0,0.0,0.0,1.6251263137946739,0,1.0,0.07339438109704055,3.180600989622457,0,0.0,0.0,1.0734071945787251,0,0.0,0.0,1.0870450450094753,0,0.0,0.0,1.0646774433140065,0,0.0,0.0,1.4312132576377072,0,0.0,0.0,2.570031691295645
2019-05-27,8756.32,0.016471200067793124,True,1.0,0.016471200067793124,2.0434437630102575,0,0.0,0.0,1.6251263137946739,0,1.0,0.016471200067793124,3.232989304858349,0,0.0,0.0,1.0734071945787251,0,0.0,0.0,1.0870450450094753,0,0.0,0.0,1.0646774433140065,0,0.0,0.0,1.4312132576377072,0,0.0,0.0,2.570031691295645
2019-05-28,8715.64,-0.00464578727136522,True,1.0,-0.00464578727136522,2.033950357986314,0,0.0,-0.0,1.6251263137946739,0,1.0,-0.00464578727136522,3.2179695242973785,0,0.0,-0.0,1.0734071945787251,0,0.0,-0.0,1.0870450450094753,0,0.0,-0.0,1.0646774433140065,0,0.0,-0.0,1.4312132576377072,0,0.0,-0.0,2.570031691295645
2019-05-29,8645.68,-0.008026949254443583,True,1.0,-0.008026949254443583,2.0176239416767006,0,0.0,-0.0,1.6251263137946739,0,1.0,-0.008026949254443583,3.1921390462234975,0,0.0,-0.0,1.0734071945787251,0,0.0,-0.0,1.0870450450094753,0,0.0,-0.0,1.0646774433140065,0,0.0,-0.0,1.4312132576377072,0,0.0,-0.0,2.570031691295645
2019-05-30,8269.54,-0.04350612097602491,True,1.0,-0.04350612097602491,1.9298449503859898,0,0.0,-0.0,1.6251263137946739,0,1.0,-0.04350612097602491,3.0532614587062055,0,0.0,-0.0,1.0734071945787251,0,0.0,-0.0,1.0870450450094753,0,0.0,-0.0,1.0646774433140065,0,0.0,-0.0,1.4312132576377072,0,0.0,-0.0,2.570031691295645
2019-05-31,8555.0,0.03451945331904782,True,1.0,0.03451945331904782,1.9964621430638392,0,0.0,0.0,1.6251263137946739,0,1.0,0.03451945331904782,3.1586583751008623,0,0.0,0.0,1.0734071945787251,0,0.0,0.0,1.0870450450094753,0,0.0,0.0,1.0646774433140065,0,0.0,0.0,1.4312132576377072,0,0.0,0.0,2.570031691295645
2019-06-01,8544.07,-0.0012776154295733866,True,1.0,-0.0012776154295733866,1.9939114322253018,0,0.0,-0.0,1.6251263137946739,0,1.0,-0.0012776154295733866,3.154622824424082,0,0.0,-0.0,1.0734071945787251,0,0.0,-0.0,1.0870450450094753,0,0.0,-0.0,1.0646774433140065,0,0.0,-0.0,1.4312132576377072,0,0.0,-0.0,2.570031691295645
2019-06-02,8725.98,0.021290789986505354,True,1.0,0.021290789986505354,2.036363381780503,0,0.0,0.0,1.6251263137946739,0,1.0,0.021290789986505354,3.2217872364655316,0,0.0,0.0,1.0734071945787251,0,0.0,0.0,1.0870450450094753,0,0.0,0.0,1.0646774433140065,0,0.0,0.0,1.4312132576377072,0,0.0,0.0,2.570031691295645
2019-06-03,8115.82,-0.06992452423681927,True,1.0,-0.06992452423681927,1.8939716411362209,0,0.0,-0.0,1.6251263137946739,0,1.0,-0.06992452423681927,2.9965052967634227,0,0.0,-0.0,1.0734071945787251,0,0.0,-0.0,1.0870450450094753,0,0.0,-0.0,1.0646774433140065,0,0.0,-0.0,1.4312132576377072,0,0.0,-0.0,2.570031691295645
2019-06-04,7687.03,-0.05283384796607116,False,1.0,-0.05283384796607116,1.7939058313963794,0,0.0,-0.0,1.6251263137946739,0,1.0,-0.05283384796607116,2.8381883914846973,0,0.0,-0.0,1.0734071945787251,0,0.0,-0.0,1.0870450450094753,0,0.0,-0.0,1.0646774433140065,0,0.0,-0.0,1.4312132576377072,0,0.0,-0.0,2.570031691295645
2019-06-05,7776.5,0.011639085576614194,False,1.0,0.011639085576614194,1.814785254884389,0,0.0,0.0,1.6251263137946739,0,1.0,0.011639085576614194,2.8712223090557405,0,0.0,0.0,1.0734071945787251,0,0.0,0.0,1.0870450450094753,0,0.0,0.0,1.0646774433140065,0,0.0,0.0,1.4312132576377072,0,0.0,0.0,2.570031691295645
2019-06-06,7786.7,0.0013116440558091913,True,1.0,0.0013116440558091913,1.8171656071765283,0,0.0,0.0,1.6251263137946739,0,1.0,0.0013116440558091913,2.87498833073032,0,0.0,0.0,1.0734071945787251,0,0.0,0.0,1.0870450450094753,0,0.0,0.0,1.0646774433140065,0,0.0,0.0,1.4312132576377072,0,0.0,0.0,2.570031691295645
2019-06-07,7980.53,0.024892444809739622,True,1.0,0.024892444809739622,1.8623993017633271,0,0.0,0.0,1.6251263137946739,0,1.0,0.024892444809739622,2.9465538190816702,0,0.0,0.0,1.0734071945787251,0,0.0,0.0,1.0870450450094753,0,0.0,0.0,1.0646774433140065,0,0.0,0.0,1.4312132576377072,0,0.0,0.0,2.570031691295645
2019-06-08,7893.62,-0.01089025415605227,False,1.0,-0.01089025415605227,1.8421173000270703,0,0.0,-0.0,1.6251263137946739,0,1.0,-0.01089025415605227,2.9144650991073844,0,0.0,-0.0,1.0734071945787251,0,0.0,-0.0,1.0870450450094753,0,0.0,-0.0,1.0646774433140065,0,0.0,-0.0,1.4312132576377072,0,0.0,-0.0,2.570031691295645
2019-06-09,7628.13,-0.03363349135124316,False,1.0,-0.03363349135124316,1.7801604637486343,0,0.0,-0.0,1.6251263137946739,0,0.0,-0.001,2.911550634008277,0,0.0,-0.0,1.0734071945787251,0,0.0,-0.0,1.0870450450094753,0,0.0,-0.0,1.0646774433140065,0,0.0,-0.0,1.4312132576377072,0,0.0,-0.0,2.570031691295645
2019-06-10,7982.75,0.04648845785271094,True,1.0,0.04648845785271094,1.862917378438675,0,0.0,0.0,1.6251263137946739,0,0.0,0.0,2.911550634008277,0,0.0,0.0,1.0734071945787251,0,0.0,0.0,1.0870450450094753,0,0.0,0.0,1.0646774433140065,0,0.0,0.0,1.4312132576377072,0,0.0,0.0,2.570031691295645
2019-06-11,7884.9,-0.012257680623845246,True,1.0,-0.012257680623845246,1.8400823321851627,0,0.0,-0.0,1.6251263137946739,0,0.0,-0.0,2.911550634008277,0,0.0,-0.0,1.0734071945787251,0,0.0,-0.0,1.0870450450094753,0,0.0,-0.0,1.0646774433140065,0,0.0,-0.0,1.4312132576377072,0,0.0,-0.0,2.570031691295645
2019-06-12,8127.64,0.03078542530659867,True,1.0,0.03078542530659867,1.896730049380641,0,0.0,0.0,1.6251263137946739,0,0.0,0.0,2.911550634008277,0,0.0,0.0,1.0734071945787251,0,0.0,0.0,1.0870450450094753,0,0.0,0.0,1.0646774433140065,0,0.0,0.0,1.4312132576377072,0,0.0,0.0,2.570031691295645
2019-06-13,8218.54,0.011184058349041015,True,1.0,0.011184058349041015,1.9179431889252934,0,0.0,0.0,1.6251263137946739,0,0.0,0.0,2.911550634008277,0,0.0,0.0,1.0734071945787251,0,0.0,0.0,1.0870450450094753,0,0.0,0.0,1.0646774433140065,0,0.0,0.0,1.4312132576377072,0,0.0,0.0,2.570031691295645
2019-06-14,8650.0,0.052498375623894145,True,1.0,0.052498375623894145,2.018632090882783,0,0.0,0.0,1.6251263137946739,0,0.0,0.0,2.911550634008277,0,0.0,0.0,1.0734071945787251,0,0.0,0.0,1.0870450450094753,0,0.0,0.0,1.0646774433140065,0,0.0,0.0,1.4312132576377072,0,0.0,0.0,2.570031691295645
2019-06-15,8808.7,0.018346820809248543,True,1.0,0.018346820809248543,2.055667572134008,0,0.0,0.0,1.6251263137946739,0,0.0,0.0,2.911550634008277,0,0.0,0.0,1.0734071945787251,0,0.0,0.0,1.0870450450094753,0,0.0,0.0,1.0646774433140065,0,0.0,0.0,1.4312132576377072,0,0.0,0.0,2.570031691295645
2019-06-16,8953.33,0.01641899485735676,True,1.0,0.01641899485735676,2.089419567429311,0,0.0,0.0,1.6251263137946739,0,0.0,0.0,2.911550634008277,0,0.0,0.0,1.0734071945787251,0,0.0,0.0,1.0870450450094753,0,0.0,0.0,1.0646774433140065,0,0.0,0.0,1.4312132576377072,0,0.0,0.0,2.570031691295645
2019-06-17,9313.96,0.040278868309332916,True,1.0,0.040278868309332916,2.1735790230287395,0,0.0,0.0,1.6251263137946739,0,0.0,0.0,2.911550634008277,0,0.0,0.0,1.0734071945787251,0,0.0,0.0,1.0870450450094753,0,0.0,0.0,1.0646774433140065,0,0.0,0.0,1.4312132576377072,0,0.0,0.0,2.570031691295645
2019-06-18,9081.55,-0.02495286644993111,True,1.0,-0.02495286644993111,2.119341995948732,0,0.0,-0.0,1.6251263137946739,0,0.0,-0.0,2.911550634008277,0,0.0,-0.0,1.0734071945787251,0,0.0,-0.0,1.0870450450094753,0,0.0,-0.0,1.0646774433140065,0,0.0,-0.0,1.4312132576377072,0,0.0,-0.0,2.570031691295645
2019-06-19,9255.49,0.019153118135120106,True,1.0,0.019153118135120106,2.159934003565859,0,0.0,0.0,1.6251263137946739,0,0.0,0.0,2.911550634008277,0,0.0,0.0,1.0734071945787251,0,0.0,0.0,1.0870450450094753,0,0.0,0.0,1.0646774433140065,0,0.0,0.0,1.4312132576377072,0,0.0,0.0,2.570031691295645
2019-06-20,9517.12,0.028267547153095096,True,1.0,0.028267547153095096,2.22099003985923,0,0.0,0.0,1.6251263137946739,0,0.0,0.0,2.911550634008277,0,0.0,0.0,1.0734071945787251,0,0.0,0.0,1.0870450450094753,0,0.0,0.0,1.0646774433140065,0,0.0,0.0,1.4312132576377072,0,0.0,0.0,2.570031691295645
2019-06-21,10159.86,0.0675351366800041,True,1.0,0.0675351366800041,2.370984905766051,0,0.0,0.0,1.6251263137946739,0,0.0,0.0,2.911550634008277,0,0.0,0.0,1.0734071945787251,0,0.0,0.0,1.0870450450094753,0,0.0,0.0,1.0646774433140065,0,0.0,0.0,1.4312132576377072,0,0.0,0.0,2.570031691295645
2019-06-22,10729.5,0.05606770172029929,True,1.0,0.05606770172029929,2.503920580245874,0,0.0,0.0,1.6251263137946739,0,0.0,0.0,2.911550634008277,1,0.0,0.0,1.0734071945787251,0,0.0,0.0,1.0870450450094753,0,0.0,0.0,1.0646774433140065,0,0.0,0.0,1.4312132576377072,0,0.0,0.0,2.570031691295645
2019-06-23,10906.07,0.016456498438883527,True,1.0,0.016456498438883527,2.5451263453657784,0,0.0,0.0,1.6251263137946739,0,0.0,0.0,2.911550634008277,1,1.0,0.015456498438883526,1.0899983112060174,0,0.0,0.0,1.0870450450094753,1,0.0,0.0,1.0646774433140065,0,0.0,0.0,1.4312132576377072,0,0.0,0.0,2.570031691295645
2019-06-24,11056.59,0.013801488528865091,True,1.0,0.013801488528865091,2.5802528774258566,0,0.0,0.0,1.6251263137946739,0,0.0,0.0,2.911550634008277,1,1.0,0.013801488528865091,1.1050419103946096,0,0.0,0.0,1.0870450450094753,1,1.0,0.01280148852886509,1.0783068993915321,0,0.0,0.0,1.4312132576377072,0,0.0,0.0,2.570031691295645
2019-06-25,11820.86,0.06912348201389396,True,1.0,0.06912348201389396,2.758608940789901,0,0.0,0.0,1.6251263137946739,0,0.0,0.0,2.911550634008277,1,1.0,0.06912348201389396,1.1814262550123704,1,0.0,0.0,1.0870450450094753,1,1.0,0.06912348201389396,1.1528432269570805,0,0.0,0.0,1.4312132576377072,0,0.0,0.0,2.570031691295645
2019-06-26,13093.8,0.10768590440966208,True,1.0,0.10768590440966208,3.0556722394914413,0,0.0,0.0,1.6251263137946739,1,0.0,0.0,2.911550634008277,1,1.0,0.10768590440966208,1.3086492097766975,1,1.0,0.10668590440966208,1.2030174287703528,1,1.0,0.10768590440966208,1.276988192494507,0,0.0,0.0,1.4312132576377072,1,0.0,0.0,2.570031691295645
2019-06-27,11329.99,-0.13470573859383828,True,1.0,-0.13470573859383828,2.644055653570059,0,0.0,-0.0,1.6251263137946739,1,1.0,-0.13570573859383828,2.516436504766826,1,1.0,-0.13470573859383828,1.1323666514134847,0,1.0,-0.13470573859383828,1.0409640774865823,1,1.0,-0.13470573859383828,1.104970554848924,0,0.0,-0.0,1.4312132576377072,1,1.0,-0.13570573859383828,2.221263642418798
2019-06-28,12400.63,0.09449611164705352,True,1.0,0.09449611164705352,2.893908631810838,0,0.0,0.0,1.6251263137946739,0,1.0,0.09449611164705352,2.7542299696739927,1,1.0,0.09449611164705352,1.2393708969308534,1,1.0,0.09449611164705352,1.1393311351733264,1,1.0,0.09449611164705352,1.2093859757666345,0,0.0,0.0,1.4312132576377072,0,1.0,0.09449611164705352,2.4311644195703455
2019-06-29,11903.13,-0.040118929441488094,True,1.0,-0.040118929441488094,2.777808115601106,0,0.0,-0.0,1.6251263137946739,0,1.0,-0.040118929441488094,2.64373321185501,1,1.0,-0.040118929441488094,1.1896486633650507,1,1.0,-0.040118929441488094,1.0936223897508173,1,1.0,-0.040118929441488094,1.1608667051373276,0,0.0,-0.0,1.4312132576377072,0,1.0,-0.040118929441488094,2.3336287057609466
2019-06-30,10854.1,-0.08813060094277714,True,1.0,-0.08813060094277714,2.532998217069457,0,0.0,-0.0,1.6251263137946739,0,1.0,-0.08813060094277714,2.4107394151618498,0,1.0,-0.08813060094277714,1.0848042117519172,0,1.0,-0.08813060094277714,0.9972407913376017,0,1.0,-0.08813060094277714,1.0585588247991133,0,0.0,-0.0,1.4312132576377072,0,1.0,-0.08813060094277714,2.127964605544919
2019-07-01,10624.93,-0.021113680544678992,True,1.0,-0.021113680544678992,2.479517301894011,0,0.0,-0.0,1.6251263137946739,0,1.0,-0.021113680544678992,2.3598398332736563,0,1.0,-0.021113680544678992,1.0619000021714649,0,1.0,-0.021113680544678992,0.9761853678431767,0,1.0,-0.021113680544678992,1.036208751934554,0,0.0,-0.0,1.4312132576377072,0,1.0,-0.021113680544678992,2.08303544065306
2019-07-02,10842.85,0.020510252773429993,True,1.0,0.020510252773429993,2.5303728285119504,0,0.0,0.0,1.6251263137946739,0,1.0,0.020510252773429993,2.408240744758908,0,1.0,0.020510252773429993,1.0836798396361074,0,1.0,0.020510252773429993,0.9962071764913639,0,1.0,0.020510252773429993,1.057461655362772,0,0.0,0.0,1.4312132576377072,0,1.0,0.020510252773429993,2.1257590240768676
2019-07-03,11940.0,0.1011864961702873,True,1.0,0.1011864961702873,2.786412389033574,0,0.0,0.0,1.6251263137946739,0,1.0,0.1011864961702873,2.651922187655585,1,1.0,0.1011864961702873,1.1933336055792638,1,1.0,0.1011864961702873,1.09700989014022,1,1.0,0.1011864961702873,1.1644624951033629,0,0.0,0.0,1.4312132576377072,0,1.0,0.1011864961702873,2.340857131425575
2019-07-04,11145.67,-0.0665268006700167,True,1.0,-0.0665268006700167,2.6010412874438726,0,0.0,-0.0,1.6251263137946739,0,1.0,-0.0665268006700167,2.4754982888850274,0,1.0,-0.0665268006700167,1.1139449386680598,0,1.0,-0.0665268006700167,1.0240293318458247,0,1.0,-0.0665268006700167,1.086994530803911,0,0.0,-0.0,1.4312132576377072,0,1.0,-0.0665268006700167,2.185127395646239
2019-07-05,10970.73,-0.015695781411077192,True,1.0,-0.015695781411077192,2.560215911954967,0,0.0,-0.0,1.6251263137946739,0,1.0,-0.015695781411077192,2.4366434088591924,0,1.0,-0.015695781411077192,1.09646070240675,0,1.0,-0.015695781411077192,1.0079563912946412,0,1.0,-0.015695781411077192,1.0699333022533766,0,0.0,-0.0,1.4312132576377072,0,1.0,-0.015695781411077192,2.1508301136888193
2019-07-06,11256.49,0.026047491825976987,True,1.0,0.026047491825976987,2.62690311499435,0,0.0,0.0,1.6251263137946739,0,1.0,0.026047491825976987,2.500111858134273,1,1.0,0.026047491825976987,1.1250207535901948,0,1.0,0.026047491825976987,1.0342111271578296,0,1.0,0.026047491825976987,1.0978023811981619,0,0.0,0.0,1.4312132576377072,0,1.0,0.026047491825976987,2.206853843494194
2019-07-07,11406.24,0.013303436506406419,True,1.0,0.013303436506406419,2.661849953793159,0,0.0,0.0,1.6251263137946739,0,1.0,0.013303436506406419,2.533371937497876,1,1.0,0.013303436506406419,1.1399873957539715,0,1.0,0.013303436506406419,1.0479696892221928,1,1.0,0.013303436506406419,1.1124069254730133,0,0.0,0.0,1.4312132576377072,0,1.0,0.013303436506406419,2.2362125834800377
2019-07-08,12238.6,0.07297409137454602,True,1.0,0.07297409137454602,2.856096035546592,0,0.0,0.0,1.6251263137946739,0,1.0,0.07297409137454602,2.7182424527505566,1,1.0,0.07297409137454602,1.2231769401375525,1,1.0,0.07297409137454602,1.1244443250812477,1,1.0,0.07297409137454602,1.1935838100981588,0,0.0,0.0,1.4312132576377072,0,1.0,0.07297409137454602,2.3993981648798197
2019-07-09,12543.41,0.02490562646054273,True,1.0,0.02490562646054273,2.9272288965433524,0,0.0,0.0,1.6251263137946739,0,1.0,0.02490562646054273,2.7859419839079513,1,1.0,0.02490562646054273,1.253640928103768,1,1.0,0.02490562646054273,1.1524493154173983,1,1.0,0.02490562646054273,1.223310762621815,0,0.0,0.0,1.4312132576377072,0,1.0,0.02490562646054273,2.4591566793044284
2019-07-10,12108.37,-0.03468275373283658,True,1.0,-0.03468275373283658,2.825704537604896,0,0.0,-0.0,1.6251263137946739,0,1.0,-0.03468275373283658,2.689317844166102,1,1.0,-0.03468275373283658,1.2101612085249402,1,1.0,-0.03468275373283658,1.1124791996212005,1,1.0,-0.03468275373283658,1.180882976703074,0,0.0,-0.0,1.4312132576377072,0,1.0,-0.03468275373283658,2.373866353805653
2019-07-11,11342.89,-0.06321907903375945,True,1.0,-0.06321907903375945,2.6470660991159995,0,0.0,-0.0,1.6251263137946739,0,1.0,-0.06321907903375945,2.5193016468288656,1,1.0,-0.06321907903375945,1.1336559314396122,0,1.0,-0.06321907903375945,1.0421492891769344,1,1.0,-0.06321907903375945,1.1062286424692611,0,0.0,-0.0,1.4312132576377072,0,1.0,-0.06321907903375945,2.2237927091688308
2019-07-12,11757.22,0.03652772794234971,True,1.0,0.03652772794234971,2.7437574094299255,0,0.0,0.0,1.6251263137946739,0,1.0,0.03652772794234971,2.611326011988944,1,1.0,0.03652772794234971,1.1750658068834694,1,1.0,0.03652772794234971,1.0802166348873026,1,1.0,0.03652772794234971,1.1466366613634131,0,0.0,0.0,1.4312132576377072,0,1.0,0.03652772794234971,2.3050228042495307
2019-07-13,11355.76,-0.03414582698971347,True,1.0,-0.03414582698971347,2.650069543625787,0,0.0,-0.0,1.6251263137946739,0,1.0,-0.03414582698971347,2.522160125769831,1,1.0,-0.03414582698971347,1.1349422131400984,1,1.0,-0.03414582698971347,1.0433317445610302,1,1.0,-0.03414582698971347,1.1074838043044353,0,0.0,-0.0,1.4312132576377072,0,1.0,-0.03414582698971347,2.226315894368282
2019-07-14,10174.18,-0.1040511599399776,False,1.0,-0.1040511599399776,2.3743267336899168,0,0.0,-0.0,1.6251263137946739,0,1.0,-0.1040511599399776,2.2597264391291203,0,1.0,-0.1040511599399776,1.016850159398026,0,1.0,-0.1040511599399776,0.9347718663372546,0,1.0,-0.1040511599399776,0.9922488298518196,0,0.0,-0.0,1.4312132576377072,0,1.0,-0.1040511599399776,1.9946651431664537
2019-07-15,10838.72,0.06531632033244938,False,1.0,0.06531632033244938,2.5294090192015055,0,0.0,0.0,1.6251263137946739,0,1.0,0.06531632033244938,2.407323455090983,0,1.0,0.06531632033244938,1.0832670701393696,0,1.0,0.06531632033244938,0.9958277249967002,0,1.0,0.06531632033244938,1.0570588722719192,0,0.0,0.0,1.4312132576377072,0,1.0,0.06531632033244938,2.124949330613485
2019-07-16,9439.59,-0.12908627587021337,False,1.0,-0.12908627587021337,2.2028970287602543,0,0.0,-0.0,1.6251263137946739,0,1.0,-0.12908627587021337,2.096571035458273,0,1.0,-0.12908627587021337,0.9434321582822411,0,1.0,-0.12908627587021337,0.8672800325685692,0,1.0,-0.12908627587021337,0.9206070790747696,0,0.0,-0.0,1.4312132576377072,0,1.0,-0.12908627587021337,1.8506475351116873
2019-07-17,9667.92,0.024188550562047606,False,1.0,0.024188550562047606,2.256181914923406,0,0.0,0.0,1.6251263137946739,0,1.0,0.024188550562047606,2.14728404995638,0,1.0,0.024188550562047606,0.9662524147447128,0,1.0,0.024188550562047606,0.8882582794878083,0,1.0,0.024188550562047606,0.9428752299547486,0,0.0,0.0,1.4312132576377072,0,1.0,0.024188550562047606,1.8954120165872652
2019-07-18,10627.16,0.09921885989954404,False,1.0,0.09921885989954404,2.480037712248077,0,0.0,0.0,1.6251263137946739,0,0.0,-0.001,2.1451367659064235,0,1.0,0.09921885989954404,1.0621228777108647,0,1.0,0.09921885989954404,0.9763902532749192,0,1.0,0.09921885989954404,1.036426235298379,0,0.0,0.0,1.4312132576377072,0,0.0,-0.001,1.893516604570678
2019-07-19,10504.29,-0.01156188483094256,False,1.0,-0.01156188483094256,2.45136380184267,0,0.0,-0.0,1.6251263137946739,0,0.0,-0.0,2.1451367659064235,0,1.0,-0.01156188483094256,1.0498427353224624,0,1.0,-0.01156188483094256,0.9651013416164997,0,1.0,-0.01156188483094256,1.0244431945300918,0,0.0,-0.0,1.4312132576377072,0,0.0,-0.0,1.893516604570678
2019-07-20,10740.23,0.02246129914539674,False,1.0,0.02246129914539674,2.5064246175100555,0,0.0,0.0,1.6251263137946739,0,0.0,0.0,2.1451367659064235,0,1.0,0.02246129914539674,1.0734235670561618,0,1.0,0.02246129914539674,0.9867787715561717,0,1.0,0.02246129914539674,1.047453519579898,0,0.0,0.0,1.4312132576377072,0,0.0,0.0,1.893516604570678
2019-07-21,10589.45,-0.014038805500440787,False,1.0,-0.014038805500440787,2.471237409803315,0,0.0,-0.0,1.6251263137946739,0,0.0,-0.0,2.1451367659064235,0,1.0,-0.014038805500440787,1.058353982378671,0,1.0,-0.014038805500440787,0.9729255763103307,0,1.0,-0.014038805500440787,1.0327485233477636,0,0.0,-0.0,1.4312132576377072,0,0.0,-0.0,1.893516604570678
2019-07-22,10340.31,-0.023527189797392767,False,1.0,-0.023527189797392767,2.4130961382284553,0,0.0,-0.0,1.6251263137946739,0,0.0,-0.0,2.1451367659064235,0,1.0,-0.023527189797392767,1.0334538873624215,0,1.0,-0.023527189797392767,0.9500353716177399,0,1.0,-0.023527189797392767,1.0084508528259837,0,0.0,-0.0,1.4312132576377072,0,0.0,-0.0,1.893516604570678
2019-07-23,9864.91,-0.0459754107952276,False,1.0,-0.0459754107952276,2.302153051985025,0,0.0,-0.0,1.6251263137946739,0,0.0,-0.0,2.1451367659064235,0,1.0,-0.0459754107952276,0.9859404203530093,0,1.0,-0.0459754107952276,0.9063571051376176,0,1.0,-0.0459754107952276,0.9620869106005114,0,0.0,-0.0,1.4312132576377072,0,0.0,-0.0,1.893516604570678
2019-07-24,9763.28,-0.01030217204211692,False,1.0,-0.01030217204211692,2.2784358751761906,0,0.0,-0.0,1.6251263137946739,0,0.0,-0.0,2.1451367659064235,0,1.0,-0.01030217204211692,0.9757830925192555,0,1.0,-0.01030217204211692,0.8970196583088947,0,1.0,-0.01030217204211692,0.9521753257280362,0,0.0,-0.0,1.4312132576377072,0,0.0,-0.0,1.893516604570678
2019-07-25,9879.87,0.011941683532583403,False,1.0,0.011941683532583403,2.3056442353468296,0,0.0,0.0,1.6251263137946739,0,0.0,0.0,2.1451367659064235,0,1.0,0.011941683532583403,0.9874355854065661,0,1.0,0.011941683532583403,0.9077315831909256,0,1.0,0.011941683532583403,0.9635459021354149,0,0.0,0.0,1.4312132576377072,0,0.0,0.0,1.893516604570678
2019-07-26,9824.0,-0.005654932706604554,False,1.0,-0.005654932706604554,2.2926059723505725,0,0.0,-0.0,1.6251263137946739,0,0.0,-0.0,2.1451367659064235,0,1.0,-0.005654932706604554,0.9818517036189852,0,1.0,-0.005654932706604554,0.9025984221723213,0,1.0,-0.005654932706604554,0.9580971148991145,0,0.0,-0.0,1.4312132576377072,0,0.0,-0.0,1.893516604570678
2019-07-27,9476.52,-0.03537052117263839,False,1.0,-0.03537052117263839,2.2115153042650295,0,0.0,-0.0,1.6251263137946739,0,0.0,-0.0,2.1451367659064235,0,1.0,-0.03537052117263839,0.9471230971477388,0,1.0,-0.03537052117263839,0.8706730455704852,0,1.0,-0.03537052117263839,0.9242087206111317,0,0.0,-0.0,1.4312132576377072,0,0.0,-0.0,1.893516604570678
2019-07-28,9541.54,0.006861168445800869,False,1.0,0.006861168445800869,2.2266888832880585,0,0.0,0.0,1.6251263137946739,0,0.0,0.0,2.1451367659064235,0,1.0,0.006861168445800869,0.953621468256178,0,1.0,0.006861168445800869,0.8766468799973628,0,1.0,0.006861168445800869,0.9305498723223228,0,0.0,0.0,1.4312132576377072,0,0.0,0.0,1.893516604570678
2019-07-29,9507.64,-0.003552885592891908,False,1.0,-0.003552885592891908,2.218777712434772,0,0.0,-0.0,1.6251263137946739,0,0.0,-0.0,2.1451367659064235,0,1.0,-0.003552885592891908,0.9502333602805382,0,1.0,-0.003552885592891908,0.8735322539273666,0,1.0,-0.003552885592891908,0.9272437350874814,0,0.0,-0.0,1.4312132576377072,0,0.0,-0.0,1.893516604570678
2019-07-30,9574.21,0.007001737550012432,False,1.0,0.007001737550012432,2.234313011659057,0,0.0,0.0,1.6251263137946739,0,0.0,0.0,2.1451367659064235,0,1.0,0.007001737550012432,0.9568866448804889,0,1.0,0.007001737550012432,0.8796484975108367,0,1.0,0.007001737550012432,0.9337360523654572,0,0.0,0.0,1.4312132576377072,0,0.0,0.0,1.893516604570678
2019-07-31,10080.53,0.05288373662161172,False,1.0,0.05288373662161172,2.3524718324978746,0,0.0,0.0,1.6251263137946739,0,0.0,0.0,2.1451367659064235,0,1.0,0.05288373662161172,1.0074903861850864,0,1.0,0.05288373662161172,0.9261675969727963,0,1.0,0.05288373662161172,0.9831155038328555,0,0.0,0.0,1.4312132576377072,0,0.0,0.0,1.893516604570678
2019-08-01,10374.99,0.029210765703787223,False,1.0,0.029210765703787223,2.421189336021729,0,0.0,0.0,1.6251263137946739,0,0.0,0.0,2.1451367659064235,0,1.0,0.029210765703787223,1.036919951804757,0,1.0,0.029210765703787223,0.9532216616504082,0,1.0,0.029210765703787223,1.0118330604750778,0,0.0,0.0,1.4312132576377072,0,0.0,0.0,1.893516604570678
2019-08-02,10523.75,0.014338327073086354,False,1.0,0.014338327073086354,2.4559051406274777,0,0.0,0.0,1.6251263137946739,0,0.0,0.0,2.1451367659064235,0,1.0,0.014338327073086354,1.0517876492223426,0,1.0,0.014338327073086354,0.9668892656083027,0,1.0,0.014338327073086354,1.0263410538395314,0,0.0,0.0,1.4312132576377072,0,0.0,0.0,1.893516604570678
2019-08-03,10816.86,0.027852238983252287,True,1.0,0.027852238983252287,2.524307597524432,0,0.0,0.0,1.6251263137946739,0,0.0,0.0,2.1451367659064235,1,0.0,-0.001,1.0507358615731202,1,0.0,-0.001,0.9659223763426944,1,0.0,-0.001,1.0253147127856919,0,0.0,0.0,1.4312132576377072,0,0.0,0.0,1.893516604570678
2019-08-04,10929.23,0.01038841216397346,True,1.0,0.01038841216397346,2.5505311452761656,0,0.0,0.0,1.6251263137946739,0,0.0,0.0,2.1451367659064235,1,1.0,0.009388412163973459,1.0606006029170365,1,1.0,0.009388412163973459,0.9749908537302044,1,1.0,0.009388412163973459,1.0349407899071101,0,0.0,0.0,1.4312132576377072,0,0.0,0.0,1.893516604570678
2019-08-05,11828.8,0.08230863473456052,True,1.0,0.08230863473456052,2.760461881691822,0,0.0,0.0,1.6251263137946739,0,0.0,0.0,2.1451367659064235,1,1.0,0.08230863473456052,1.1478971905417896,1,1.0,0.08230863473456052,1.055241019779421,1,1.0,0.08230863473456052,1.120125353355472,0,0.0,0.0,1.4312132576377072,0,0.0,0.0,1.893516604570678
2019-08-06,11481.69,-0.029344481266062372,True,1.0,-0.029344481266062372,2.6794575597188373,0,0.0,-0.0,1.6251263137946739,0,0.0,-0.0,2.1451367659064235,1,1.0,-0.029344481266062372,1.1142127429385704,1,1.0,-0.029344481266062372,1.0242755194433233,1,1.0,-0.029344481266062372,1.087255855908291,0,0.0,-0.0,1.4312132576377072,0,0.0,-0.0,1.893516604570678
2019-08-07,11975.03,0.04296754223463628,True,1.0,0.04296754223463628,2.794587265581972,0,0.0,0.0,1.6251263137946739,0,0.0,0.0,2.1451367659064235,1,1.0,0.04296754223463628,1.1620877260291533,1,1.0,0.04296754223463628,1.0682861210849084,1,1.0,0.04296754223463628,1.1339725678168862,0,0.0,0.0,1.4312132576377072,0,0.0,0.0,1.893516604570678
2019-08-08,11999.77,0.002065965596745878,True,1.0,0.002065965596745878,2.8003607867297684,0,0.0,0.0,1.6251263137946739,0,0.0,0.0,2.1451367659064235,1,1.0,0.002065965596745878,1.1644885592915302,1,1.0,0.002065965596745878,1.0704931634585508,1,1.0,0.002065965596745878,1.1363153161296495,0,0.0,0.0,1.4312132576377072,0,0.0,0.0,1.893516604570678
2019-08-09,11879.99,-0.009981857985611464,True,1.0,-0.009981857985611464,2.7724079830481565,0,0.0,-0.0,1.6251263137946739,0,0.0,-0.0,2.1451367659064235,1,1.0,-0.009981857985611464,1.152864799866813,1,1.0,-0.009981857985611464,1.0598076527263396,1,1.0,-0.009981857985611464,1.124972778017168,0,0.0,-0.0,1.4312132576377072,0,0.0,-0.0,1.893516604570678
2019-08-10,11309.31,-0.04803707747228747,True,1.0,-0.04803707747228747,2.6392296059816838,0,0.0,-0.0,1.6251263137946739,0,0.0,-0.0,2.1451367659064235,1,1.0,-0.04803707747228747,1.0974845441605376,1,1.0,-0.04803707747228747,1.0088975904066013,1,1.0,-0.04803707747228747,1.0709323735253429,0,0.0,-0.0,1.4312132576377072,0,0.0,-0.0,1.893516604570678
2019-08-11,11549.97,0.021279812826777267,True,1.0,0.021279812826777267,2.695391918003863,0,0.0,0.0,1.6251263137946739,0,0.0,0.0,2.1451367659064235,1,1.0,0.021279812826777267,1.1208388098405548,1,1.0,0.021279812826777267,1.0303667422918403,1,1.0,0.021279812826777267,1.0937216139840984,0,0.0,0.0,1.4312132576377072,0,0.0,0.0,1.893516604570678
2019-08-12,11396.08,-0.013323844131196805,True,1.0,-0.013323844131196805,2.659478936215892,0,0.0,-0.0,1.6251263137946739,0,0.0,-0.0,2.1451367659064235,0,1.0,-0.013323844131196805,1.1059049282420432,1,1.0,-0.013323844131196805,1.0166382964195748,1,1.0,-0.013323844131196805,1.0791490376764532,0,0.0,-0.0,1.4312132576377072,0,0.0,-0.0,1.893516604570678
2019-08-13,10892.71,-0.044170451593881443,True,1.0,-0.044170451593881443,2.5420085505988204,0,0.0,-0.0,1.6251263137946739,0,0.0,-0.0,2.1451367659064235,0,1.0,-0.044170451593881443,1.0570566081416932,0,1.0,-0.044170451593881443,0.9717329237590879,0,1.0,-0.044170451593881443,1.0314825373451817,0,0.0,-0.0,1.4312132576377072,0,0.0,-0.0,1.893516604570678
2019-08-14,10050.37,-0.07733061836769717,True,1.0,-0.07733061836769717,2.34543345748504,0,0.0,-0.0,1.6251263137946739,0,0.0,-0.0,2.1451367659064235,0,1.0,-0.07733061836769717,0.9753137669844355,0,1.0,-0.07733061836769717,0.8965882158765474,0,1.0,-0.07733061836769717,0.9517173548967975,0,0.0,-0.0,1.4312132576377072,0,0.0,-0.0,1.893516604570678
2019-08-15,10293.93,0.024233933676073516,True,1.0,0.024233933676073516,2.402272536335376,0,0.0,0.0,1.6251263137946739,0,0.0,0.0,2.1451367659064235,0,1.0,0.024233933676073516,0.9989494561268978,0,1.0,0.024233933676073516,0.9183160752348487,0,1.0,0.024233933676073516,0.9747812101537346,0,0.0,0.0,1.4312132576377072,0,0.0,0.0,1.893516604570678
2019-08-16,10331.54,0.0036536094572239275,True,1.0,0.0036536094572239275,2.4110495019929603,0,0.0,0.0,1.6251263137946739,0,0.0,0.0,2.1451367659064235,0,1.0,0.0036536094572239275,1.0025992273070916,0,1.0,0.0036536094572239275,0.9216712435320475,0,1.0,0.0036536094572239275,0.9783426800018765,0,0.0,0.0,1.4312132576377072,0,0.0,0.0,1.893516604570678
2019-08-17,10216.02,-0.011181295334480645,True,1.0,-0.011181295334480645,2.3840908454451246,0,0.0,-0.0,1.6251263137946739,0,0.0,-0.0,2.1451367659064235,0,1.0,-0.011181295334480645,0.9913888692444489,0,1.0,-0.011181295334480645,0.9113657651568177,0,1.0,-0.011181295334480645,0.9674035415584482,0,0.0,-0.0,1.4312132576377072,0,0.0,-0.0,1.893516604570678
2019-08-18,10306.78,0.00888408597477297,True,1.0,0.00888408597477297,2.405271313487728,0,0.0,0.0,1.6251263137946739,0,0.0,0.0,2.1451367659064235,0,1.0,0.00888408597477297,1.0001964531932495,0,1.0,0.00888408597477297,0.9194624169689356,0,1.0,0.00888408597477297,0.9759980377939533,0,0.0,0.0,1.4312132576377072,0,0.0,0.0,1.893516604570678
2019-08-19,10915.54,0.05906403357789736,True,1.0,0.05906403357789736,2.5473363391115207,0,0.0,0.0,1.6251263137946739,0,0.0,0.0,2.1451367659064235,0,1.0,0.05906403357789736,1.0592720900891495,0,1.0,0.05906403357789736,0.9737695760384035,0,1.0,0.05906403357789736,1.0336444186701774,0,0.0,0.0,1.4312132576377072,0,0.0,0.0,1.893516604570678
2019-08-20,10760.51,-0.014202687178096585,True,1.0,-0.014202687178096585,2.511157317949722,0,0.0,-0.0,1.6251263137946739,0,0.0,-0.0,2.1451367659064235,0,1.0,-0.014202687178096585,1.0442275799571248,0,1.0,-0.014202687178096585,0.9599394313663824,0,1.0,-0.014202687178096585,1.0189638903384195,0,0.0,-0.0,1.4312132576377072,0,0.0,-0.0,1.893516604570678
2019-08-21,10142.57,-0.057426646134802195,False,1.0,-0.057426646134802195,2.366949975263004,0,0.0,-0.0,1.6251263137946739,0,0.0,-0.0,2.1451367659064235,0,1.0,-0.057426646134802195,0.9842610922387262,0,1.0,-0.057426646134802195,0.9048133293304619,0,1.0,-0.057426646134802195,0.9604482115838137,0,0.0,-0.0,1.4312132576377072,0,0.0,-0.0,1.893516604570678
2019-08-22,10099.88,-0.004208992395418609,False,1.0,-0.004208992395418609,2.356987500816786,0,0.0,-0.0,1.6251263137946739,0,0.0,-0.0,2.1451367659064235,0,1.0,-0.004208992395418609,0.9801183447863869,0,1.0,-0.004208992395418609,0.9010049769080366,0,1.0,-0.004208992395418609,0.956405692365064,0,0.0,-0.0,1.4312132576377072,0,0.0,-0.0,1.893516604570678
2019-08-23,10389.55,0.0286805387786786,False,1.0,0.0286805387786786,2.4245871722348227,0,0.0,0.0,1.6251263137946739,0,0.0,0.0,2.1451367659064235,0,1.0,0.0286805387786786,1.008228666981727,0,1.0,0.0286805387786786,0.9268462850880299,0,1.0,0.0286805387786786,0.9838359229130892,0,0.0,0.0,1.4312132576377072,0,0.0,0.0,1.893516604570678
2019-08-24,10134.35,-0.02456314277326732,False,1.0,-0.02456314277326732,2.3650316913569864,0,0.0,-0.0,1.6251263137946739,0,0.0,-0.0,2.1451367659064235,0,1.0,-0.02456314277326732,0.9834634022865539,0,1.0,-0.02456314277326732,0.9040800274585402,0,1.0,-0.02456314277326732,0.9596698206731058,0,0.0,-0.0,1.4312132576377072,0,0.0,-0.0,1.893516604570678
2019-08-25,10142.69,0.0008229437507092374,False,1.0,0.0008229437507092374,2.366977979407618,0,0.0,0.0,1.6251263137946739,0,0.0,0.0,2.1451367659064235,0,1.0,0.0008229437507092374,0.9842727373475169,0,1.0,0.0008229437507092374,0.9048240344672782,0,1.0,0.0008229437507092374,0.960459574954773,0,0.0,0.0,1.4312132576377072,0,0.0,0.0,1.893516604570678
2019-08-26,10372.25,0.022633049023483842,False,1.0,0.022633049023483842,2.4205499080530575,0,0.0,0.0,1.6251263137946739,0,0.0,0.0,2.1451367659064235,0,1.0,0.022633049023483842,1.0065498304643818,0,1.0,0.022633049023483842,0.9253029611970025,0,1.0,0.022633049023483842,0.9821977035997987,0,0.0,0.0,1.4312132576377072,0,0.0,0.0,1.893516604570678
2019-08-27,10185.05,-0.01804815734291021,False,1.0,-0.01804815734291021,2.3768634424561492,0,0.0,-0.0,1.6251263137946739,0,0.0,-0.0,2.1451367659064235,0,1.0,-0.01804815734291021,0.9883834607506811,0,1.0,-0.01804815734291021,0.9086029477634583,0,1.0,-0.01804815734291021,0.9644708449033845,0,0.0,-0.0,1.4312132576377072,0,0.0,-0.0,1.893516604570678
2019-08-28,9721.0,-0.04556187745764617,False,1.0,-0.04556187745764617,2.2685690815574033,0,0.0,-0.0,1.6251263137946739,0,0.0,-0.0,2.1451367659064235,0,1.0,-0.04556187745764617,0.9433508546307943,0,1.0,-0.04556187745764617,0.8672052915998035,0,1.0,-0.04556187745764617,0.9205277424564241,0,0.0,-0.0,1.4312132576377072,0,0.0,-0.0,1.893516604570678
2019-08-29,9498.44,-0.022894763913177574,False,1.0,-0.022894763913177574,2.2166307280144126,0,0.0,-0.0,1.6251263137946739,0,0.0,-0.0,2.1451367659064235,0,1.0,-0.022894763913177574,0.9217530595267279,0,1.0,-0.022894763913177574,0.8473508311843677,0,1.0,-0.022894763913177574,0.899452477117354,0,0.0,-0.0,1.4312132576377072,0,0.0,-0.0,1.893516604570678
2019-08-30,9584.54,0.009064646405093857,False,1.0,0.009064646405093857,2.236723701774529,0,0.0,0.0,1.6251263137946739,0,0.0,0.0,2.1451367659064235,0,1.0,0.009064646405093857,0.9301084250841511,0,1.0,0.009064646405093857,0.8550317668501164,0,1.0,0.009064646405093857,0.9076056957806086,0,0.0,0.0,1.4312132576377072,0,0.0,0.0,1.893516604570678
2019-08-31,9587.47,0.00030570063873680553,False,1.0,0.00030570063873680553,2.2374074696388395,0,0.0,0.0,1.6251263137946739,0,0.0,0.0,2.1451367659064235,0,1.0,0.00030570063873680553,0.9303927598237939,0,1.0,0.00030570063873680553,0.8552931506073828,0,1.0,0.00030570063873680553,0.9078831514215299,0,0.0,0.0,1.4312132576377072,0,0.0,0.0,1.893516604570678
2019-09-01,9724.98,0.014342678516855889,False,1.0,0.014342678516855889,2.2694978856870813,0,0.0,0.0,1.6251263137946739,0,0.0,0.0,2.1451367659064235,0,0.0,-0.001,0.9294623670639701,0,1.0,0.014342678516855889,0.8675603453042132,0,1.0,0.014342678516855889,0.9209046275932389,0,0.0,0.0,1.4312132576377072,0,0.0,0.0,1.893516604570678
2019-09-02,10340.0,0.06324126116454742,False,1.0,0.06324126116454742,2.4130237941882062,0,0.0,0.0,1.6251263137946739,0,0.0,0.0,2.1451367659064235,0,0.0,0.0,0.9294623670639701,0,0.0,-0.001,0.866692784958909,0,0.0,-0.001,0.9199837229656457,0,0.0,0.0,1.4312132576377072,0,0.0,0.0,1.893516604570678
2019-09-03,10615.28,0.02662282398452609,True,1.0,0.02662282398452609,2.477265301931352,0,0.0,0.0,1.6251263137946739,0,0.0,0.0,2.1451367659064235,0,0.0,0.0,0.9294623670639701,0,0.0,0.0,0.866692784958909,0,0.0,0.0,0.9199837229656457,0,0.0,0.0,1.4312132576377072,0,0.0,0.0,1.893516604570678
2019-09-04,10567.02,-0.004546276687944162,True,1.0,-0.004546276687944162,2.4660029684393283,0,0.0,-0.0,1.6251263137946739,0,0.0,-0.0,2.1451367659064235,0,0.0,-0.0,0.9294623670639701,0,0.0,-0.0,0.866692784958909,0,0.0,-0.0,0.9199837229656457,0,0.0,-0.0,1.4312132576377072,0,0.0,-0.0,1.893516604570678
2019-09-05,10564.49,-0.00023942417067446264,True,1.0,-0.00023942417067446264,2.4654125477237288,0,0.0,-0.0,1.6251263137946739,0,0.0,-0.0,2.1451367659064235,0,0.0,-0.0,0.9294623670639701,0,0.0,-0.0,0.866692784958909,0,0.0,-0.0,0.9199837229656457,0,0.0,-0.0,1.4312132576377072,0,0.0,-0.0,1.893516604570678
2019-09-06,10298.73,-0.025155970614767043,True,1.0,-0.025155970614767043,2.4033927021199126,0,0.0,-0.0,1.6251263137946739,0,0.0,-0.0,2.1451367659064235,0,0.0,-0.0,0.9294623670639701,0,0.0,-0.0,0.866692784958909,0,0.0,-0.0,0.9199837229656457,0,0.0,-0.0,1.4312132576377072,0,0.0,-0.0,1.893516604570678
2019-09-07,10455.88,0.015259163023013445,True,1.0,0.015259163023013445,2.440066463169881,0,0.0,0.0,1.6251263137946739,0,0.0,0.0,2.1451367659064235,0,0.0,0.0,0.9294623670639701,0,0.0,0.0,0.866692784958909,0,0.0,0.0,0.9199837229656457,0,0.0,0.0,1.4312132576377072,0,0.0,0.0,1.893516604570678
2019-09-08,10381.18,-0.007144305405188178,False,1.0,-0.007144305405188178,2.422633883148038,0,0.0,-0.0,1.6251263137946739,0,0.0,-0.0,2.1451367659064235,0,0.0,-0.0,0.9294623670639701,0,0.0,-0.0,0.866692784958909,0,0.0,-0.0,0.9199837229656457,0,0.0,-0.0,1.4312132576377072,0,0.0,-0.0,1.893516604570678
2019-09-09,10303.12,-0.007519376410003442,False,1.0,-0.007519376410003442,2.4044171870770197,0,0.0,-0.0,1.6251263137946739,0,0.0,-0.0,2.1451367659064235,0,0.0,-0.0,0.9294623670639701,0,0.0,-0.0,0.866692784958909,0,0.0,-0.0,0.9199837229656457,0,0.0,-0.0,1.4312132576377072,0,0.0,-0.0,1.893516604570678
2019-09-10,10098.15,-0.019893973864227643,False,1.0,-0.019893973864227643,2.3565837743986098,0,0.0,-0.0,1.6251263137946739,0,0.0,-0.0,2.1451367659064235,0,0.0,-0.0,0.9294623670639701,0,0.0,-0.0,0.866692784958909,0,0.0,-0.0,0.9199837229656457,0,0.0,-0.0,1.4312132576377072,0,0.0,-0.0,1.893516604570678
2019-09-11,10158.33,0.00595950743453022,True,1.0,0.00595950743453022,2.3706278529222318,0,0.0,0.0,1.6251263137946739,0,0.0,0.0,2.1451367659064235,0,0.0,0.0,0.9294623670639701,0,0.0,0.0,0.866692784958909,0,0.0,0.0,0.9199837229656457,0,0.0,0.0,1.4312132576377072,0,0.0,0.0,1.893516604570678
2019-09-12,10415.01,0.025267932819666328,True,1.0,0.025267932819666328,2.4305287182503004,0,0.0,0.0,1.6251263137946739,0,0.0,0.0,2.1451367659064235,0,0.0,0.0,0.9294623670639701,0,0.0,0.0,0.866692784958909,0,0.0,0.0,0.9199837229656457,0,0.0,0.0,1.4312132576377072,0,0.0,0.0,1.893516604570678
2019-09-13,10342.06,-0.007004313966093245,True,1.0,-0.007004313966093245,2.413504532004069,0,0.0,-0.0,1.6251263137946739,0,0.0,-0.0,2.1451367659064235,0,0.0,-0.0,0.9294623670639701,0,0.0,-0.0,0.866692784958909,0,0.0,-0.0,0.9199837229656457,0,0.0,-0.0,1.4312132576377072,0,0.0,-0.0,1.893516604570678
2019-09-14,10335.02,-0.0006807154474058885,True,1.0,-0.0006807154474058885,2.4118616221867497,0,0.0,-0.0,1.6251263137946739,0,0.0,-0.0,2.1451367659064235,0,0.0,-0.0,0.9294623670639701,0,0.0,-0.0,0.866692784958909,0,0.0,-0.0,0.9199837229656457,0,0.0,-0.0,1.4312132576377072,0,0.0,-0.0,1.893516604570678
2019-09-15,10302.01,-0.0031939947866573837,False,1.0,-0.0031939947866573837,2.4041581487393464,0,0.0,-0.0,1.6251263137946739,0,0.0,-0.0,2.1451367659064235,0,0.0,-0.0,0.9294623670639701,0,0.0,-0.0,0.866692784958909,0,0.0,-0.0,0.9199837229656457,0,0.0,-0.0,1.4312132576377072,0,0.0,-0.0,1.893516604570678
2019-09-16,10251.31,-0.004921369713289048,True,1.0,-0.004921369713289048,2.3923263976401836,0,0.0,-0.0,1.6251263137946739,0,0.0,-0.0,2.1451367659064235,0,0.0,-0.0,0.9294623670639701,0,0.0,-0.0,0.866692784958909,0,0.0,-0.0,0.9199837229656457,0,0.0,-0.0,1.4312132576377072,0,0.0,-0.0,1.893516604570678
2019-09-17,10187.82,-0.006193354800508422,True,1.0,-0.006193354800508422,2.3775098714609757,0,0.0,-0.0,1.6251263137946739,0,0.0,-0.0,2.1451367659064235,0,0.0,-0.0,0.9294623670639701,0,0.0,-0.0,0.866692784958909,0,0.0,-0.0,0.9199837229656457,0,0.0,-0.0,1.4312132576377072,0,0.0,-0.0,1.893516604570678
2019-09-18,10156.99,-0.003026162613787853,True,1.0,-0.003026162613787853,2.370315139974049,0,0.0,-0.0,1.6251263137946739,0,0.0,-0.0,2.1451367659064235,0,0.0,-0.0,0.9294623670639701,0,0.0,-0.0,0.866692784958909,0,0.0,-0.0,0.9199837229656457,0,0.0,-0.0,1.4312132576377072,0,0.0,-0.0,1.893516604570678
2019-09-19,10244.29,0.008595066057956346,True,1.0,0.008595066057956346,2.3906881551803,0,0.0,0.0,1.6251263137946739,0,0.0,0.0,2.1451367659064235,0,0.0,0.0,0.9294623670639701,0,0.0,0.0,0.866692784958909,0,0.0,0.0,0.9199837229656457,0,0.0,0.0,1.4312132576377072,0,0.0,0.0,1.893516604570678
2019-09-20,10168.59,-0.007389482336013553,True,1.0,-0.007389482336013553,2.3730222072866782,0,0.0,-0.0,1.6251263137946739,0,0.0,-0.0,2.1451367659064235,0,0.0,-0.0,0.9294623670639701,0,0.0,-0.0,0.866692784958909,0,0.0,-0.0,0.9199837229656457,0,0.0,-0.0,1.4312132576377072,0,0.0,-0.0,1.893516604570678
2019-09-21,9986.39,-0.017917921757097166,True,1.0,-0.017917921757097166,2.3305025810486617,0,0.0,-0.0,1.6251263137946739,0,0.0,-0.0,2.1451367659064235,0,0.0,-0.0,0.9294623670639701,0,0.0,-0.0,0.866692784958909,0,0.0,-0.0,0.9199837229656457,0,0.0,-0.0,1.4312132576377072,0,0.0,-0.0,1.893516604570678
2019-09-22,10028.87,0.004253789407383524,False,1.0,0.004253789407383524,2.3404160482418064,0,0.0,0.0,1.6251263137946739,0,0.0,0.0,2.1451367659064235,0,0.0,0.0,0.9294623670639701,0,0.0,0.0,0.866692784958909,0,0.0,0.0,0.9199837229656457,0,0.0,0.0,1.4312132576377072,0,0.0,0.0,1.893516604570678
2019-09-23,9702.25,-0.03256797625255892,False,1.0,-0.03256797625255892,2.2641934339615593,0,0.0,-0.0,1.6251263137946739,0,0.0,-0.0,2.1451367659064235,0,0.0,-0.0,0.9294623670639701,0,0.0,-0.0,0.866692784958909,0,0.0,-0.0,0.9199837229656457,0,0.0,-0.0,1.4312132576377072,0,0.0,-0.0,1.893516604570678
2019-09-24,8493.14,-0.12462160838980652,False,1.0,-0.12462160838980652,1.9820260065156305,0,0.0,-0.0,1.6251263137946739,0,0.0,-0.0,2.1451367659064235,0,0.0,-0.0,0.9294623670639701,0,0.0,-0.0,0.866692784958909,0,0.0,-0.0,0.9199837229656457,0,0.0,-0.0,1.4312132576377072,0,0.0,-0.0,1.893516604570678
2019-09-25,8430.05,-0.007428348055018574,False,1.0,-0.007428348055018574,1.9673028274851339,0,0.0,-0.0,1.6251263137946739,0,0.0,-0.0,2.1451367659064235,0,0.0,-0.0,0.9294623670639701,0,0.0,-0.0,0.866692784958909,0,0.0,-0.0,0.9199837229656457,0,0.0,-0.0,1.4312132576377072,0,0.0,-0.0,1.893516604570678
2019-09-26,8063.73,-0.04345407203990481,False,1.0,-0.04345407203990481,1.8818155086952864,0,0.0,-0.0,1.6251263137946739,0,0.0,-0.0,2.1451367659064235,0,0.0,-0.0,0.9294623670639701,0,0.0,-0.0,0.866692784958909,0,0.0,-0.0,0.9199837229656457,0,0.0,-0.0,1.4312132576377072,0,0.0,-0.0,1.893516604570678
2019-09-27,8177.91,0.014159700287584176,False,1.0,0.014159700287584176,1.9084614522949395,0,0.0,0.0,1.6251263137946739,0,0.0,0.0,2.1451367659064235,0,0.0,0.0,0.9294623670639701,0,0.0,0.0,0.866692784958909,0,0.0,0.0,0.9199837229656457,0,0.0,0.0,1.4312132576377072,0,0.0,0.0,1.893516604570678
2019-09-28,8198.81,0.0025556652005218616,False,1.0,0.0025556652005218616,1.913338840815107,0,0.0,0.0,1.6251263137946739,0,0.0,0.0,2.1451367659064235,0,0.0,0.0,0.9294623670639701,0,0.0,0.0,0.866692784958909,0,0.0,0.0,0.9199837229656457,0,0.0,0.0,1.4312132576377072,0,0.0,0.0,1.893516604570678
2019-09-29,8043.82,-0.018903962892175774,False,1.0,-0.018903962892175774,1.8771691543681797,0,0.0,-0.0,1.6251263137946739,0,0.0,-0.0,2.1451367659064235,0,0.0,-0.0,0.9294623670639701,0,0.0,-0.0,0.866692784958909,0,0.0,-0.0,0.9199837229656457,0,0.0,-0.0,1.4312132576377072,0,0.0,-0.0,1.893516604570678
2019-09-30,8289.34,0.03052281130109824,False,1.0,0.03052281130109824,1.9344656342472017,0,0.0,0.0,1.6251263137946739,0,0.0,0.0,2.1451367659064235,0,0.0,0.0,0.9294623670639701,0,0.0,0.0,0.866692784958909,0,0.0,0.0,0.9199837229656457,0,0.0,0.0,1.4312132576377072,0,0.0,0.0,1.893516604570678
2019-10-01,8292.44,0.0003739742850457084,False,1.0,0.0003739742850457084,1.935189074649715,0,0.0,0.0,1.6251263137946739,0,0.0,0.0,2.1451367659064235,0,0.0,0.0,0.9294623670639701,0,0.0,0.0,0.866692784958909,0,0.0,0.0,0.9199837229656457,0,0.0,0.0,1.4312132576377072,0,0.0,0.0,1.893516604570678
2019-10-02,8359.94,0.008139944334839999,False,1.0,0.008139944334839999,1.950941405994754,0,0.0,0.0,1.6251263137946739,0,0.0,0.0,2.1451367659064235,0,0.0,0.0,0.9294623670639701,0,0.0,0.0,0.866692784958909,0,0.0,0.0,0.9199837229656457,0,0.0,0.0,1.4312132576377072,0,0.0,0.0,1.893516604570678
2019-10-03,8223.96,-0.016265666978471316,False,1.0,-0.016265666978471316,1.9192080427903329,0,0.0,-0.0,1.6251263137946739,0,0.0,-0.0,2.1451367659064235,0,0.0,-0.0,0.9294623670639701,0,0.0,-0.0,0.866692784958909,0,0.0,-0.0,0.9199837229656457,0,0.0,-0.0,1.4312132576377072,0,0.0,-0.0,1.893516604570678
2019-10-04,8137.13,-0.010558173921079272,False,1.0,-0.010558173921079272,1.8989447104838184,0,0.0,-0.0,1.6251263137946739,0,0.0,-0.0,2.1451367659064235,0,0.0,-0.0,0.9294623670639701,0,0.0,-0.0,0.866692784958909,0,0.0,-0.0,0.9199837229656457,0,0.0,-0.0,1.4312132576377072,0,0.0,-0.0,1.893516604570678
2019-10-05,8126.19,-0.0013444543715045443,False,1.0,-0.0013444543715045443,1.896391665966563,0,0.0,-0.0,1.6251263137946739,0,0.0,-0.0,2.1451367659064235,0,0.0,-0.0,0.9294623670639701,0,0.0,-0.0,0.866692784958909,0,0.0,-0.0,0.9199837229656457,0,0.0,-0.0,1.4312132576377072,0,0.0,-0.0,1.893516604570678
2019-10-06,7854.25,-0.033464637179293044,False,1.0,-0.033464637179293044,1.8329296069151568,0,0.0,-0.0,1.6251263137946739,0,0.0,-0.0,2.1451367659064235,0,0.0,-0.0,0.9294623670639701,0,0.0,-0.0,0.866692784958909,0,0.0,-0.0,0.9199837229656457,0,0.0,-0.0,1.4312132576377072,0,0.0,-0.0,1.893516604570678
2019-10-07,8190.09,0.042759015819460844,False,1.0,0.042759015819460844,1.9113038729732001,0,0.0,0.0,1.6251263137946739,0,0.0,0.0,2.1451367659064235,0,0.0,0.0,0.9294623670639701,0,0.0,0.0,0.866692784958909,0,0.0,0.0,0.9199837229656457,0,0.0,0.0,1.4312132576377072,0,0.0,0.0,1.893516604570678
2019-10-08,8168.39,-0.0026495435337096085,False,1.0,-0.0026495435337096085,1.9062397901556098,0,0.0,-0.0,1.6251263137946739,0,0.0,-0.0,2.1451367659064235,0,0.0,-0.0,0.9294623670639701,0,0.0,-0.0,0.866692784958909,0,0.0,-0.0,0.9199837229656457,0,0.0,-0.0,1.4312132576377072,0,0.0,-0.0,1.893516604570678
2019-10-09,8560.74,0.04803272125841196,False,1.0,0.04803272125841196,1.997801674647848,0,0.0,0.0,1.6251263137946739,0,0.0,0.0,2.1451367659064235,0,0.0,0.0,0.9294623670639701,0,0.0,0.0,0.866692784958909,0,0.0,0.0,0.9199837229656457,0,0.0,0.0,1.4312132576377072,0,0.0,0.0,1.893516604570678
2019-10-10,8558.03,-0.0003165614187558008,False,1.0,-0.0003165614187558008,1.9971692477153287,0,0.0,-0.0,1.6251263137946739,0,0.0,-0.0,2.1451367659064235,0,0.0,-0.0,0.9294623670639701,0,0.0,-0.0,0.866692784958909,0,0.0,-0.0,0.9199837229656457,0,0.0,-0.0,1.4312132576377072,0,0.0,-0.0,1.893516604570678
2019-10-11,8258.5,-0.03499987730821241,False,1.0,-0.03499987730821241,1.9272685690815572,0,0.0,-0.0,1.6251263137946739,0,0.0,-0.0,2.1451367659064235,0,0.0,-0.0,0.9294623670639701,0,0.0,-0.0,0.866692784958909,0,0.0,-0.0,0.9199837229656457,0,0.0,-0.0,1.4312132576377072,0,0.0,-0.0,1.893516604570678
2019-10-12,8300.09,0.005036023490948782,False,1.0,0.005036023490948782,1.9369743388688192,0,0.0,0.0,1.6251263137946739,0,0.0,0.0,2.1451367659064235,0,0.0,0.0,0.9294623670639701,0,0.0,0.0,0.866692784958909,0,0.0,0.0,0.9199837229656457,0,0.0,0.0,1.4312132576377072,0,0.0,0.0,1.893516604570678
2019-10-13,8275.01,-0.00302165398206522,False,1.0,-0.00302165398206522,1.931121472644618,0,0.0,-0.0,1.6251263137946739,0,0.0,-0.0,2.1451367659064235,0,0.0,-0.0,0.9294623670639701,0,0.0,-0.0,0.866692784958909,0,0.0,-0.0,0.9199837229656457,0,0.0,-0.0,1.4312132576377072,0,0.0,-0.0,1.893516604570678
2019-10-14,8348.2,0.008844702302474694,False,1.0,0.008844702302474694,1.9482016671800761,0,0.0,0.0,1.6251263137946739,0,0.0,0.0,2.1451367659064235,0,0.0,0.0,0.9294623670639701,0,0.0,0.0,0.866692784958909,0,0.0,0.0,0.9199837229656457,0,0.0,0.0,1.4312132576377072,0,0.0,0.0,1.893516604570678
2019-10-15,8159.29,-0.02262883016698214,False,1.0,-0.02262883016698214,1.9041161425224267,0,0.0,-0.0,1.6251263137946739,0,0.0,-0.0,2.1451367659064235,0,0.0,-0.0,0.9294623670639701,0,0.0,-0.0,0.866692784958909,0,0.0,-0.0,0.9199837229656457,0,0.0,-0.0,1.4312132576377072,0,0.0,-0.0,1.893516604570678
2019-10-16,7991.74,-0.020534874970738914,False,1.0,-0.020534874970738914,1.865015355605963,0,0.0,-0.0,1.6251263137946739,0,0.0,-0.0,2.1451367659064235,0,0.0,-0.0,0.9294623670639701,0,0.0,-0.0,0.866692784958909,0,0.0,-0.0,0.9199837229656457,0,0.0,-0.0,1.4312132576377072,0,0.0,-0.0,1.893516604570678
2019-10-17,8070.58,0.009865185804343035,False,1.0,0.009865185804343035,1.8834140786169686,0,0.0,0.0,1.6251263137946739,0,0.0,0.0,2.1451367659064235,0,0.0,0.0,0.9294623670639701,0,0.0,0.0,0.866692784958909,0,0.0,0.0,0.9199837229656457,0,0.0,0.0,1.4312132576377072,0,0.0,0.0,1.893516604570678
2019-10-18,7947.01,-0.015311167227138545,False,1.0,-0.015311167227138545,1.8545768107013172,0,0.0,-0.0,1.6251263137946739,0,0.0,-0.0,2.1451367659064235,0,0.0,-0.0,0.9294623670639701,0,0.0,-0.0,0.866692784958909,0,0.0,-0.0,0.9199837229656457,0,0.0,-0.0,1.4312132576377072,0,0.0,-0.0,1.893516604570678
2019-10-19,7948.01,0.0001258334895766211,False,1.0,0.0001258334895766211,1.8548101785730957,0,0.0,0.0,1.6251263137946739,0,0.0,0.0,2.1451367659064235,0,0.0,0.0,0.9294623670639701,0,0.0,0.0,0.866692784958909,0,0.0,0.0,0.9199837229656457,0,0.0,0.0,1.4312132576377072,0,0.0,0.0,1.893516604570678
2019-10-20,8223.35,0.03464263381651511,False,1.0,0.03464263381651511,1.9190656883885484,0,0.0,0.0,1.6251263137946739,0,0.0,0.0,2.1451367659064235,0,0.0,0.0,0.9294623670639701,0,0.0,0.0,0.866692784958909,0,0.0,0.0,0.9199837229656457,0,0.0,0.0,1.4312132576377072,0,0.0,0.0,1.893516604570678
2019-10-21,8197.27,-0.0031714568880079064,False,1.0,-0.0031714568880079064,1.9129794542925689,0,0.0,-0.0,1.6251263137946739,0,0.0,-0.0,2.1451367659064235,0,0.0,-0.0,0.9294623670639701,0,0.0,-0.0,0.866692784958909,0,0.0,-0.0,0.9199837229656457,0,0.0,-0.0,1.4312132576377072,0,0.0,-0.0,1.893516604570678
2019-10-22,8020.0,-0.02162549238953948,False,1.0,-0.02162549238953948,1.8716103316624195,0,0.0,-0.0,1.6251263137946739,0,0.0,-0.0,2.1451367659064235,0,0.0,-0.0,0.9294623670639701,0,0.0,-0.0,0.866692784958909,0,0.0,-0.0,0.9199837229656457,0,0.0,-0.0,1.4312132576377072,0,0.0,-0.0,1.893516604570678
2019-10-23,7466.62,-0.06900000000000006,False,1.0,-0.06900000000000006,1.7424692187777124,0,0.0,-0.0,1.6251263137946739,0,0.0,-0.0,2.1451367659064235,0,0.0,-0.0,0.9294623670639701,0,0.0,-0.0,0.866692784958909,0,0.0,-0.0,0.9199837229656457,0,0.0,-0.0,1.4312132576377072,0,0.0,-0.0,1.893516604570678
2019-10-24,7412.41,-0.0072603132341005905,False,1.0,-0.0072603132341005905,1.7298183464486077,0,0.0,-0.0,1.6251263137946739,0,0.0,-0.0,2.1451367659064235,0,0.0,-0.0,0.9294623670639701,0,0.0,-0.0,0.866692784958909,0,0.0,-0.0,0.9199837229656457,0,0.0,-0.0,1.4312132576377072,0,0.0,-0.0,1.893516604570678
2019-10-25,8655.02,0.1676391349102384,True,1.0,0.1676391349102384,2.019803597599111,0,0.0,0.0,1.6251263137946739,1,0.0,0.0,2.1451367659064235,0,0.0,0.0,0.9294623670639701,0,0.0,0.0,0.866692784958909,0,0.0,0.0,0.9199837229656457,0,0.0,0.0,1.4312132576377072,0,0.0,0.0,1.893516604570678
2019-10-26,9230.0,0.0664331220494001,True,1.0,0.0664331220494001,2.1539854565142305,0,0.0,0.0,1.6251263137946739,1,1.0,0.0654331220494001,2.2854997617226336,0,0.0,0.0,0.9294623670639701,0,0.0,0.0,0.866692784958909,0,0.0,0.0,0.9199837229656457,0,0.0,0.0,1.4312132576377072,0,0.0,0.0,1.893516604570678
2019-10-27,9529.93,0.032495124593716174,True,1.0,0.032495124593716174,2.223979482296713,0,0.0,0.0,1.6251263137946739,1,1.0,0.032495124593716174,2.359767361238719,0,0.0,0.0,0.9294623670639701,0,0.0,0.0,0.866692784958909,0,0.0,0.0,0.9199837229656457,0,0.0,0.0,1.4312132576377072,0,0.0,0.0,1.893516604570678
2019-10-28,9205.14,-0.03408104781462207,True,1.0,-0.03408104781462207,2.1481839312218205,0,0.0,-0.0,1.6251263137946739,0,1.0,-0.03408104781462207,2.279344016968958,0,0.0,-0.0,0.9294623670639701,0,0.0,-0.0,0.866692784958909,0,0.0,-0.0,0.9199837229656457,0,0.0,-0.0,1.4312132576377072,0,0.0,-0.0,1.893516604570678
2019-10-29,9407.62,0.021996406355579756,True,1.0,0.021996406355579756,2.1954362578995026,0,0.0,0.0,1.6251263137946739,0,1.0,0.021996406355579756,2.3294813941903665,0,0.0,0.0,0.9294623670639701,0,0.0,0.0,0.866692784958909,0,0.0,0.0,0.9199837229656457,0,0.0,0.0,1.4312132576377072,0,0.0,0.0,1.893516604570678
2019-10-30,9154.72,-0.026882463364804376,True,1.0,-0.026882463364804376,2.136417523126756,0,0.0,-0.0,1.6251263137946739,0,1.0,-0.026882463364804376,2.2668591959520503,0,0.0,-0.0,0.9294623670639701,0,0.0,-0.0,0.866692784958909,0,0.0,-0.0,0.9199837229656457,0,0.0,-0.0,1.4312132576377072,0,0.0,-0.0,1.893516604570678
2019-10-31,9140.85,-0.0015150654525751817,True,1.0,-0.0015150654525751817,2.1331807107451906,0,0.0,-0.0,1.6251263137946739,0,1.0,-0.0015150654525751817,2.263424755898411,0,0.0,-0.0,0.9294623670639701,0,0.0,-0.0,0.866692784958909,0,0.0,-0.0,0.9199837229656457,0,0.0,-0.0,1.4312132576377072,0,0.0,-0.0,1.893516604570678
2019-11-01,9231.61,0.009929054737797927,True,1.0,0.009929054737797927,2.154361178787794,0,0.0,0.0,1.6251263137946739,0,1.0,0.009929054737797927,2.285898424194613,0,0.0,0.0,0.9294623670639701,0,0.0,0.0,0.866692784958909,0,0.0,0.0,0.9199837229656457,0,0.0,0.0,1.4312132576377072,0,0.0,0.0,1.893516604570678
2019-11-02,9289.52,0.006273011966493325,True,1.0,0.006273011966493325,2.1678755122424787,0,0.0,0.0,1.6251263137946739,0,1.0,0.006273011966493325,2.300237892363774,0,0.0,0.0,0.9294623670639701,0,0.0,0.0,0.866692784958909,0,0.0,0.0,0.9199837229656457,0,0.0,0.0,1.4312132576377072,0,0.0,0.0,1.893516604570678
2019-11-03,9194.71,-0.010206124751332868,True,1.0,-0.010206124751332868,2.1457499043191723,0,0.0,-0.0,1.6251263137946739,0,1.0,-0.010206124751332868,2.2767613774765665,0,0.0,-0.0,0.9294623670639701,0,0.0,-0.0,0.866692784958909,0,0.0,-0.0,0.9199837229656457,0,0.0,-0.0,1.4312132576377072,0,0.0,-0.0,1.893516604570678
2019-11-04,9393.35,0.021603726490558195,True,1.0,0.021603726490558195,2.192106098369225,0,0.0,0.0,1.6251263137946739,0,1.0,0.021603726490558195,2.325947907559837,0,0.0,0.0,0.9294623670639701,0,0.0,0.0,0.866692784958909,0,0.0,0.0,0.9199837229656457,0,0.0,0.0,1.4312132576377072,0,0.0,0.0,1.893516604570678
2019-11-05,9308.66,-0.009015952775101588,True,1.0,-0.009015952775101588,2.172342173308316,0,0.0,-0.0,1.6251263137946739,0,1.0,-0.009015952775101588,2.304977271067931,0,0.0,-0.0,0.9294623670639701,0,0.0,-0.0,0.866692784958909,0,0.0,-0.0,0.9199837229656457,0,0.0,-0.0,1.4312132576377072,0,0.0,-0.0,1.893516604570678
2019-11-06,9339.05,0.0032647019012403966,True,1.0,0.0032647019012403966,2.1794342229316603,0,0.0,0.0,1.6251263137946739,0,1.0,0.0032647019012403966,2.3125023347471023,0,0.0,0.0,0.9294623670639701,0,0.0,0.0,0.866692784958909,0,0.0,0.0,0.9199837229656457,0,0.0,0.0,1.4312132576377072,0,0.0,0.0,1.893516604570678
2019-11-07,9216.2,-0.013154442903721364,True,1.0,-0.013154442903721364,2.1507649798836894,0,0.0,-0.0,1.6251263137946739,0,1.0,-0.013154442903721364,2.2820826548199493,0,0.0,-0.0,0.9294623670639701,0,0.0,-0.0,0.866692784958909,0,0.0,-0.0,0.9199837229656457,0,0.0,-0.0,1.4312132576377072,0,0.0,-0.0,1.893516604570678
2019-11-08,8773.73,-0.04801002582409253,True,1.0,-0.04801002582409253,2.0475066976579197,0,0.0,-0.0,1.6251263137946739,0,1.0,-0.04801002582409253,2.17251980762933,0,0.0,-0.0,0.9294623670639701,0,0.0,-0.0,0.866692784958909,0,0.0,-0.0,0.9199837229656457,0,0.0,-0.0,1.4312132576377072,0,0.0,-0.0,1.893516604570678
2019-11-09,8809.41,0.004066685434815032,True,1.0,0.004066685434815032,2.0558332633229712,0,0.0,0.0,1.6251263137946739,0,1.0,0.004066685434815032,2.1813547622878633,0,0.0,0.0,0.9294623670639701,0,0.0,0.0,0.866692784958909,0,0.0,0.0,0.9199837229656457,0,0.0,0.0,1.4312132576377072,0,0.0,0.0,1.893516604570678
2019-11-10,9039.47,0.026115256299797496,True,1.0,0.026115256299797496,2.1095218759042997,0,0.0,0.0,1.6251263137946739,0,1.0,0.026115256299797496,2.238321400985795,0,0.0,0.0,0.9294623670639701,0,0.0,0.0,0.866692784958909,0,0.0,0.0,0.9199837229656457,0,0.0,0.0,1.4312132576377072,0,0.0,0.0,1.893516604570678
2019-11-11,8733.27,-0.03387366737209141,True,1.0,-0.03387366737209141,2.0380646335657673,0,0.0,-0.0,1.6251263137946739,0,1.0,-0.03387366737209141,2.1625012463769684,0,0.0,-0.0,0.9294623670639701,0,0.0,-0.0,0.866692784958909,0,0.0,-0.0,0.9199837229656457,0,0.0,-0.0,1.4312132576377072,0,0.0,-0.0,1.893516604570678
2019-11-12,8821.94,0.010153127064661982,True,1.0,0.010153127064661982,2.0587573627563542,0,0.0,0.0,1.6251263137946739,0,1.0,0.010153127064661982,2.1844573963089235,0,0.0,0.0,0.9294623670639701,0,0.0,0.0,0.866692784958909,0,0.0,0.0,0.9199837229656457,0,0.0,0.0,1.4312132576377072,0,0.0,0.0,1.893516604570678
2019-11-13,8777.12,-0.005080515170132638,True,1.0,-0.005080515170132638,2.0482978147432482,0,0.0,-0.0,1.6251263137946739,0,1.0,-0.005080515170132638,2.1733592273684676,0,0.0,-0.0,0.9294623670639701,0,0.0,-0.0,0.866692784958909,0,0.0,-0.0,0.9199837229656457,0,0.0,-0.0,1.4312132576377072,0,0.0,-0.0,1.893516604570678
2019-11-14,8646.68,-0.014861366826476208,False,1.0,-0.014861366826476208,2.017857309548479,0,0.0,-0.0,1.6251263137946739,0,1.0,-0.014861366826476208,2.141060138644838,0,0.0,-0.0,0.9294623670639701,0,0.0,-0.0,0.866692784958909,0,0.0,-0.0,0.9199837229656457,0,0.0,-0.0,1.4312132576377072,0,0.0,-0.0,1.893516604570678
2019-11-15,8471.73,-0.020233199331998075,False,1.0,-0.020233199331998075,1.9770296003808554,0,0.0,-0.0,1.6251263137946739,0,1.0,-0.020233199331998075,2.0977396420778414,0,0.0,-0.0,0.9294623670639701,0,0.0,-0.0,0.866692784958909,0,0.0,-0.0,0.9199837229656457,0,0.0,-0.0,1.4312132576377072,0,0.0,-0.0,1.893516604570678
2019-11-16,8491.02,0.002276984748097677,False,1.0,0.002276984748097677,1.9815312666274603,0,0.0,0.0,1.6251263137946739,0,1.0,0.002276984748097677,2.1025161632483327,0,0.0,0.0,0.9294623670639701,0,0.0,0.0,0.866692784958909,0,0.0,0.0,0.9199837229656457,0,0.0,0.0,1.4312132576377072,0,0.0,0.0,1.893516604570678
2019-11-17,8502.4,0.0013402394529749007,False,1.0,0.0013402394529749007,1.9841869930082978,0,0.0,0.0,1.6251263137946739,0,0.0,-0.001,2.1004136470850843,0,0.0,0.0,0.9294623670639701,0,0.0,0.0,0.866692784958909,0,0.0,0.0,0.9199837229656457,0,0.0,0.0,1.4312132576377072,0,0.0,0.0,1.893516604570678
2019-11-18,8187.17,-0.03707541400075265,False,1.0,-0.03707541400075265,1.9106224387876067,0,0.0,-0.0,1.6251263137946739,0,0.0,-0.0,2.1004136470850843,0,0.0,-0.0,0.9294623670639701,0,0.0,-0.0,0.866692784958909,0,0.0,-0.0,0.9199837229656457,0,0.0,-0.0,1.4312132576377072,0,0.0,-0.0,1.893516604570678
2019-11-19,8133.64,-0.006538278794748331,False,1.0,-0.006538278794748331,1.8981302566113114,0,0.0,-0.0,1.6251263137946739,0,0.0,-0.0,2.1004136470850843,0,0.0,-0.0,0.9294623670639701,0,0.0,-0.0,0.866692784958909,0,0.0,-0.0,0.9199837229656457,0,0.0,-0.0,1.4312132576377072,0,0.0,-0.0,1.893516604570678
2019-11-20,8098.01,-0.004380572535789606,False,1.0,-0.004380572535789606,1.8898153593398486,0,0.0,-0.0,1.6251263137946739,0,0.0,-0.0,2.1004136470850843,0,0.0,-0.0,0.9294623670639701,0,0.0,-0.0,0.866692784958909,0,0.0,-0.0,0.9199837229656457,0,0.0,-0.0,1.4312132576377072,0,0.0,-0.0,1.893516604570678
2019-11-21,7627.74,-0.05807229183466067,False,1.0,-0.05807229183466067,1.7800694502786407,0,0.0,-0.0,1.6251263137946739,0,0.0,-0.0,2.1004136470850843,0,0.0,-0.0,0.9294623670639701,0,0.0,-0.0,0.866692784958909,0,0.0,-0.0,0.9199837229656457,0,0.0,-0.0,1.4312132576377072,0,0.0,-0.0,1.893516604570678
2019-11-22,7268.23,-0.047131915875475605,False,1.0,-0.047131915875475605,1.6961713666956038,0,0.0,-0.0,1.6251263137946739,0,0.0,-0.0,2.1004136470850843,0,0.0,-0.0,0.9294623670639701,0,0.0,-0.0,0.866692784958909,0,0.0,-0.0,0.9199837229656457,0,0.0,-0.0,1.4312132576377072,0,0.0,-0.0,1.893516604570678
2019-11-23,7311.57,0.00596293733137232,False,1.0,0.00596293733137232,1.7062855302584778,0,0.0,0.0,1.6251263137946739,0,0.0,0.0,2.1004136470850843,0,0.0,0.0,0.9294623670639701,0,0.0,0.0,0.866692784958909,0,0.0,0.0,0.9199837229656457,0,0.0,0.0,1.4312132576377072,0,0.0,0.0,1.893516604570678
2019-11-24,6903.28,-0.055841631824628646,False,1.0,-0.055841631824628646,1.6110037618900928,0,0.0,-0.0,1.6251263137946739,0,0.0,-0.0,2.1004136470850843,0,0.0,-0.0,0.9294623670639701,0,0.0,-0.0,0.866692784958909,0,0.0,-0.0,0.9199837229656457,0,0.0,-0.0,1.4312132576377072,0,0.0,-0.0,1.893516604570678
2019-11-25,7109.57,0.02988289624642193,False,1.0,0.02988289624642193,1.6591452201592498,0,0.0,0.0,1.6251263137946739,0,0.0,0.0,2.1004136470850843,0,0.0,0.0,0.9294623670639701,0,0.0,0.0,0.866692784958909,0,0.0,0.0,0.9199837229656457,0,0.0,0.0,1.4312132576377072,0,0.0,0.0,1.893516604570678
2019-11-26,7156.14,0.006550325828425629,False,1.0,0.006550325828425629,1.670013161947968,0,0.0,0.0,1.6251263137946739,0,0.0,0.0,2.1004136470850843,0,0.0,0.0,0.9294623670639701,0,0.0,0.0,0.866692784958909,0,0.0,0.0,0.9199837229656457,0,0.0,0.0,1.4312132576377072,0,0.0,0.0,1.893516604570678
2019-11-27,7508.52,0.04924163026436035,False,1.0,0.04924163026436035,1.752247332605225,0,0.0,0.0,1.6251263137946739,0,0.0,0.0,2.1004136470850843,0,0.0,0.0,0.9294623670639701,0,0.0,0.0,0.866692784958909,0,0.0,0.0,0.9199837229656457,0,0.0,0.0,1.4312132576377072,0,0.0,0.0,1.893516604570678
2019-11-28,7419.49,-0.011857196890998623,False,1.0,-0.011857196890998623,1.7314705909807977,0,0.0,-0.0,1.6251263137946739,0,0.0,-0.0,2.1004136470850843,0,0.0,-0.0,0.9294623670639701,0,0.0,-0.0,0.866692784958909,0,0.0,-0.0,0.9199837229656457,0,0.0,-0.0,1.4312132576377072,0,0.0,-0.0,1.893516604570678
2019-11-29,7739.68,0.04315525730205172,False,1.0,0.04315525730205172,1.8061926498455096,0,0.0,0.0,1.6251263137946739,0,0.0,0.0,2.1004136470850843,0,0.0,0.0,0.9294623670639701,0,0.0,0.0,0.866692784958909,0,0.0,0.0,0.9199837229656457,0,0.0,0.0,1.4312132576377072,0,0.0,0.0,1.893516604570678
2019-11-30,7541.89,-0.025555320116594005,False,1.0,-0.025555320116594005,1.7600348184864685,0,0.0,-0.0,1.6251263137946739,0,0.0,-0.0,2.1004136470850843,0,0.0,-0.0,0.9294623670639701,0,0.0,-0.0,0.866692784958909,0,0.0,-0.0,0.9199837229656457,0,0.0,-0.0,1.4312132576377072,0,0.0,-0.0,1.893516604570678
2019-12-01,7390.89,-0.020021506545441548,False,1.0,-0.020021506545441548,1.7247962698479367,0,0.0,-0.0,1.6251263137946739,0,0.0,-0.0,2.1004136470850843,0,0.0,-0.0,0.9294623670639701,0,0.0,-0.0,0.866692784958909,0,0.0,-0.0,0.9199837229656457,0,0.0,-0.0,1.4312132576377072,0,0.0,-0.0,1.893516604570678
2019-12-02,7294.28,-0.013071497478652883,False,1.0,-0.013071497478652883,1.7022505997554294,0,0.0,-0.0,1.6251263137946739,0,0.0,-0.0,2.1004136470850843,0,0.0,-0.0,0.9294623670639701,0,0.0,-0.0,0.866692784958909,0,0.0,-0.0,0.9199837229656457,0,0.0,-0.0,1.4312132576377072,0,0.0,-0.0,1.893516604570678
2019-12-03,7292.71,-0.00021523714472160282,False,1.0,-0.00021523714472160282,1.7018842121967375,0,0.0,-0.0,1.6251263137946739,0,0.0,-0.0,2.1004136470850843,0,0.0,-0.0,0.9294623670639701,0,0.0,-0.0,0.866692784958909,0,0.0,-0.0,0.9199837229656457,0,0.0,-0.0,1.4312132576377072,0,0.0,-0.0,1.893516604570678
2019-12-04,7194.32,-0.01349155526546375,False,1.0,-0.01349155526546375,1.678923147292465,0,0.0,-0.0,1.6251263137946739,0,0.0,-0.0,2.1004136470850843,0,0.0,-0.0,0.9294623670639701,0,0.0,-0.0,0.866692784958909,0,0.0,-0.0,0.9199837229656457,0,0.0,-0.0,1.4312132576377072,0,0.0,-0.0,1.893516604570678
2019-12-05,7389.0,0.02706023640872246,False,1.0,0.02706023640872246,1.7243552045702755,0,0.0,0.0,1.6251263137946739,0,0.0,0.0,2.1004136470850843,0,0.0,0.0,0.9294623670639701,0,0.0,0.0,0.866692784958909,0,0.0,0.0,0.9199837229656457,0,0.0,0.0,1.4312132576377072,0,0.0,0.0,1.893516604570678
2019-12-06,7527.47,0.018740018947083437,False,1.0,0.018740018947083437,1.7566696537754243,0,0.0,0.0,1.6251263137946739,0,0.0,0.0,2.1004136470850843,0,0.0,0.0,0.9294623670639701,0,0.0,0.0,0.866692784958909,0,0.0,0.0,0.9199837229656457,0,0.0,0.0,1.4312132576377072,0,0.0,0.0,1.893516604570678
2019-12-07,7488.21,-0.005215563795006872,False,1.0,-0.005215563795006872,1.747507631129406,0,0.0,-0.0,1.6251263137946739,0,0.0,-0.0,2.1004136470850843,0,0.0,-0.0,0.9294623670639701,0,0.0,-0.0,0.866692784958909,0,0.0,-0.0,0.9199837229656457,0,0.0,-0.0,1.4312132576377072,0,0.0,-0.0,1.893516604570678
2019-12-08,7510.11,0.002924597467218515,False,1.0,0.002924597467218515,1.7526183875213521,0,0.0,0.0,1.6251263137946739,0,0.0,0.0,2.1004136470850843,0,0.0,0.0,0.9294623670639701,0,0.0,0.0,0.866692784958909,0,0.0,0.0,0.9199837229656457,0,0.0,0.0,1.4312132576377072,0,0.0,0.0,1.893516604570678
2019-12-09,7338.64,-0.022831889279917306,False,1.0,-0.022831889279917306,1.7126027985475174,0,0.0,-0.0,1.6251263137946739,0,0.0,-0.0,2.1004136470850843,0,0.0,-0.0,0.9294623670639701,0,0.0,-0.0,0.866692784958909,0,0.0,-0.0,0.9199837229656457,0,0.0,-0.0,1.4312132576377072,0,0.0,-0.0,1.893516604570678
2019-12-10,7224.13,-0.015603708589057352,False,1.0,-0.015603708589057352,1.6858798435501778,0,0.0,-0.0,1.6251263137946739,0,0.0,-0.0,2.1004136470850843,0,0.0,-0.0,0.9294623670639701,0,0.0,-0.0,0.866692784958909,0,0.0,-0.0,0.9199837229656457,0,0.0,-0.0,1.4312132576377072,0,0.0,-0.0,1.893516604570678
2019-12-11,7210.0,-0.0019559448681018,False,1.0,-0.0019559448681018,1.6825823555219497,0,0.0,-0.0,1.6251263137946739,0,0.0,-0.0,2.1004136470850843,0,0.0,-0.0,0.9294623670639701,0,0.0,-0.0,0.866692784958909,0,0.0,-0.0,0.9199837229656457,0,0.0,-0.0,1.4312132576377072,0,0.0,-0.0,1.893516604570678
2019-12-12,7198.08,-0.001653259361997228,False,1.0,-0.001653259361997228,1.6798006104903516,0,0.0,-0.0,1.6251263137946739,0,0.0,-0.0,2.1004136470850843,0,0.0,-0.0,0.9294623670639701,0,0.0,-0.0,0.866692784958909,0,0.0,-0.0,0.9199837229656457,0,0.0,-0.0,1.4312132576377072,0,0.0,-0.0,1.893516604570678
2019-12-13,7258.48,0.00839112652262819,False,1.0,0.00839112652262819,1.6938960299457642,0,0.0,0.0,1.6251263137946739,0,0.0,0.0,2.1004136470850843,0,0.0,0.0,0.9294623670639701,0,0.0,0.0,0.866692784958909,0,0.0,0.0,0.9199837229656457,0,0.0,0.0,1.4312132576377072,0,0.0,0.0,1.893516604570678
2019-12-14,7064.05,-0.02678659994930055,True,1.0,-0.02678659994930055,1.6485223146358985,0,0.0,-0.0,1.6251263137946739,0,0.0,-0.0,2.1004136470850843,0,0.0,-0.0,0.9294623670639701,0,0.0,-0.0,0.866692784958909,0,0.0,-0.0,0.9199837229656457,0,0.0,-0.0,1.4312132576377072,0,0.0,-0.0,1.893516604570678
2019-12-15,7118.59,0.0077207834032884115,True,1.0,0.0077207834032884115,1.66125019836269,0,0.0,0.0,1.6251263137946739,0,0.0,0.0,2.1004136470850843,0,0.0,0.0,0.9294623670639701,0,0.0,0.0,0.866692784958909,0,0.0,0.0,0.9199837229656457,0,0.0,0.0,1.4312132576377072,0,0.0,0.0,1.893516604570678
2019-12-16,6891.72,-0.031870075394144104,False,1.0,-0.031870075394144104,1.6083060292923341,0,0.0,-0.0,1.6251263137946739,0,0.0,-0.0,2.1004136470850843,0,0.0,-0.0,0.9294623670639701,0,0.0,-0.0,0.866692784958909,0,0.0,-0.0,0.9199837229656457,0,0.0,-0.0,1.4312132576377072,0,0.0,-0.0,1.893516604570678
2019-12-17,6623.82,-0.038872734237606954,False,1.0,-0.038872734237606954,1.5457867764429123,0,0.0,-0.0,1.6251263137946739,0,0.0,-0.0,2.1004136470850843,0,0.0,-0.0,0.9294623670639701,0,0.0,-0.0,0.866692784958909,0,0.0,-0.0,0.9199837229656457,0,0.0,-0.0,1.4312132576377072,0,0.0,-0.0,1.893516604570678
2019-12-18,7277.83,0.0987360767653711,False,1.0,0.0987360767653711,1.6984116982646753,0,0.0,0.0,1.6251263137946739,0,0.0,0.0,2.1004136470850843,0,0.0,0.0,0.9294623670639701,0,0.0,0.0,0.866692784958909,0,0.0,0.0,0.9199837229656457,0,0.0,0.0,1.4312132576377072,0,0.0,0.0,1.893516604570678
2019-12-19,7150.3,-0.017523080368736288,False,1.0,-0.017523080368736288,1.6686502935767815,0,0.0,-0.0,1.6251263137946739,0,0.0,-0.0,2.1004136470850843,0,0.0,-0.0,0.9294623670639701,0,0.0,-0.0,0.866692784958909,0,0.0,-0.0,0.9199837229656457,0,0.0,-0.0,1.4312132576377072,0,0.0,-0.0,1.893516604570678
2019-12-20,7187.83,0.005248730822482894,False,1.0,0.005248730822482894,1.6774085898046232,0,0.0,0.0,1.6251263137946739,0,0.0,0.0,2.1004136470850843,0,0.0,0.0,0.9294623670639701,0,0.0,0.0,0.866692784958909,0,0.0,0.0,0.9199837229656457,0,0.0,0.0,1.4312132576377072,0,0.0,0.0,1.893516604570678
2019-12-21,7132.75,-0.007662952518353916,False,1.0,-0.007662952518353916,1.6645546874270714,0,0.0,-0.0,1.6251263137946739,0,0.0,-0.0,2.1004136470850843,0,0.0,-0.0,0.9294623670639701,0,0.0,-0.0,0.866692784958909,0,0.0,-0.0,0.9199837229656457,0,0.0,-0.0,1.4312132576377072,0,0.0,-0.0,1.893516604570678
2019-12-22,7501.44,0.05168974098349155,True,1.0,0.05168974098349155,1.7505950880730334,0,0.0,0.0,1.6251263137946739,0,0.0,0.0,2.1004136470850843,0,0.0,0.0,0.9294623670639701,0,0.0,0.0,0.866692784958909,0,0.0,0.0,0.9199837229656457,0,0.0,0.0,1.4312132576377072,0,0.0,0.0,1.893516604570678
2019-12-23,7317.09,-0.02457528154594313,True,1.0,-0.02457528154594313,1.7075737209106936,0,0.0,-0.0,1.6251263137946739,0,0.0,-0.0,2.1004136470850843,0,0.0,-0.0,0.9294623670639701,0,0.0,-0.0,0.866692784958909,0,0.0,-0.0,0.9199837229656457,0,0.0,-0.0,1.4312132576377072,0,0.0,-0.0,1.893516604570678
2019-12-24,7255.77,-0.008380380725124259,True,1.0,-0.008380380725124259,1.6932636030132449,0,0.0,-0.0,1.6251263137946739,0,0.0,-0.0,2.1004136470850843,0,0.0,-0.0,0.9294623670639701,0,0.0,-0.0,0.866692784958909,0,0.0,-0.0,0.9199837229656457,0,0.0,-0.0,1.4312132576377072,0,0.0,-0.0,1.893516604570678
2019-12-25,7204.63,-0.007048183721369394,False,1.0,-0.007048183721369394,1.6813291700504995,0,0.0,-0.0,1.6251263137946739,0,0.0,-0.0,2.1004136470850843,0,0.0,-0.0,0.9294623670639701,0,0.0,-0.0,0.866692784958909,0,0.0,-0.0,0.9199837229656457,0,0.0,-0.0,1.4312132576377072,0,0.0,-0.0,1.893516604570678
2019-12-26,7202.0,-0.0003650430348262068,False,1.0,-0.0003650430348262068,1.6807154125477224,0,0.0,-0.0,1.6251263137946739,0,0.0,-0.0,2.1004136470850843,0,0.0,-0.0,0.9294623670639701,0,0.0,-0.0,0.866692784958909,0,0.0,-0.0,0.9199837229656457,0,0.0,-0.0,1.4312132576377072,0,0.0,-0.0,1.893516604570678
2019-12-27,7254.74,0.007322965842821327,False,1.0,0.007322965842821327,1.6930232341053126,0,0.0,0.0,1.6251263137946739,0,0.0,0.0,2.1004136470850843,0,0.0,0.0,0.9294623670639701,0,0.0,0.0,0.866692784958909,0,0.0,0.0,0.9199837229656457,0,0.0,0.0,1.4312132576377072,0,0.0,0.0,1.893516604570678
2019-12-28,7316.14,0.008463432183648312,False,1.0,0.008463432183648312,1.707352021432504,0,0.0,0.0,1.6251263137946739,0,0.0,0.0,2.1004136470850843,0,0.0,0.0,0.9294623670639701,0,0.0,0.0,0.866692784958909,0,0.0,0.0,0.9199837229656457,0,0.0,0.0,1.4312132576377072,0,0.0,0.0,1.893516604570678
2019-12-29,7388.24,0.009854923497909951,True,1.0,0.009854923497909951,1.7241778449877232,0,0.0,0.0,1.6251263137946739,0,0.0,0.0,2.1004136470850843,0,0.0,0.0,0.9294623670639701,0,0.0,0.0,0.866692784958909,0,0.0,0.0,0.9199837229656457,0,0.0,0.0,1.4312132576377072,0,0.0,0.0,1.893516604570678
2019-12-30,7246.0,-0.019252217036804353,True,1.0,-0.019252217036804353,1.6909835989059698,0,0.0,-0.0,1.6251263137946739,0,0.0,-0.0,2.1004136470850843,0,0.0,-0.0,0.9294623670639701,0,0.0,-0.0,0.866692784958909,0,0.0,-0.0,0.9199837229656457,0,0.0,-0.0,1.4312132576377072,0,0.0,-0.0,1.893516604570678
2019-12-31,7195.23,-0.007006624344465973,False,1.0,-0.007006624344465973,1.6791355120557825,0,0.0,-0.0,1.6251263137946739,0,0.0,-0.0,2.1004136470850843,0,0.0,-0.0,0.9294623670639701,0,0.0,-0.0,0.866692784958909,0,0.0,-0.0,0.9199837229656457,0,0.0,-0.0,1.4312132576377072,0,0.0,-0.0,1.893516604570678
2020-01-01,7200.85,0.0007810730164290458,True,1.0,0.0007810730164290458,1.680447039495177,0,0.0,0.0,1.6251263137946739,0,0.0,0.0,2.1004136470850843,0,0.0,0.0,0.9294623670639701,0,0.0,0.0,0.866692784958909,0,0.0,0.0,0.9199837229656457,0,0.0,0.0,1.4312132576377072,0,0.0,0.0,1.893516604570678
2020-01-02,6965.71,-0.032654478290757405,False,1.0,-0.032654478290757405,1.625572918125214,0,0.0,-0.0,1.6251263137946739,0,0.0,-0.0,2.1004136470850843,0,0.0,-0.0,0.9294623670639701,0,0.0,-0.0,0.866692784958909,0,0.0,-0.0,0.9199837229656457,0,0.0,-0.0,1.4312132576377072,0,0.0,-0.0,1.893516604570678
2020-01-03,7344.96,0.054445275499554135,True,1.0,0.054445275499554135,1.7140776834971556,0,0.0,0.0,1.6251263137946739,0,0.0,0.0,2.1004136470850843,0,0.0,0.0,0.9294623670639701,0,0.0,0.0,0.866692784958909,0,0.0,0.0,0.9199837229656457,0,0.0,0.0,1.4312132576377072,0,0.0,0.0,1.893516604570678
2020-01-04,7354.11,0.0012457521892561552,True,1.0,0.0012457521892561552,1.7162129995239273,0,0.0,0.0,1.6251263137946739,0,0.0,0.0,2.1004136470850843,0,0.0,0.0,0.9294623670639701,0,0.0,0.0,0.866692784958909,0,0.0,0.0,0.9199837229656457,0,0.0,0.0,1.4312132576377072,0,0.0,0.0,1.893516604570678
2020-01-05,7358.75,0.000630939705824396,True,1.0,0.000630939705824396,1.7172958264489788,0,0.0,0.0,1.6251263137946739,0,0.0,0.0,2.1004136470850843,0,0.0,0.0,0.9294623670639701,0,0.0,0.0,0.866692784958909,0,0.0,0.0,0.9199837229656457,0,0.0,0.0,1.4312132576377072,0,0.0,0.0,1.893516604570678
2020-01-06,7758.0,0.05425513844063201,True,1.0,0.05425513844063201,1.8104679492564877,0,0.0,0.0,1.6251263137946739,0,0.0,0.0,2.1004136470850843,0,0.0,0.0,0.9294623670639701,0,0.0,0.0,0.866692784958909,0,0.0,0.0,0.9199837229656457,0,0.0,0.0,1.4312132576377072,0,0.0,0.0,1.893516604570678
2020-01-07,8145.28,0.049920082495488405,True,1.0,0.049920082495488405,1.9008466586388093,0,0.0,0.0,1.6251263137946739,0,0.0,0.0,2.1004136470850843,0,0.0,0.0,0.9294623670639701,0,0.0,0.0,0.866692784958909,0,0.0,0.0,0.9199837229656457,0,0.0,0.0,1.4312132576377072,0,0.0,0.0,1.893516604570678
2020-01-08,8055.98,-0.010963404572955193,True,1.0,-0.010963404572955193,1.880006907689002,0,0.0,-0.0,1.6251263137946739,0,0.0,-0.0,2.1004136470850843,0,0.0,-0.0,0.9294623670639701,0,0.0,-0.0,0.866692784958909,0,0.0,-0.0,0.9199837229656457,0,0.0,-0.0,1.4312132576377072,0,0.0,-0.0,1.893516604570678
2020-01-09,7817.76,-0.02957057986737799,True,1.0,-0.02957057986737799,1.8244140132739621,0,0.0,-0.0,1.6251263137946739,0,0.0,-0.0,2.1004136470850843,0,0.0,-0.0,0.9294623670639701,0,0.0,-0.0,0.866692784958909,0,0.0,-0.0,0.9199837229656457,0,0.0,-0.0,1.4312132576377072,0,0.0,-0.0,1.893516604570678
2020-01-10,8197.02,0.048512617424940174,True,1.0,0.048512617424940174,1.9129211123246215,0,0.0,0.0,1.6251263137946739,0,0.0,0.0,2.1004136470850843,0,0.0,0.0,0.9294623670639701,0,0.0,0.0,0.866692784958909,0,0.0,0.0,0.9199837229656457,0,0.0,0.0,1.4312132576377072,0,0.0,0.0,1.893516604570678
2020-01-11,8020.01,-0.02159443309885789,True,1.0,-0.02159443309885789,1.8716126653411347,0,0.0,-0.0,1.6251263137946739,0,0.0,-0.0,2.1004136470850843,0,0.0,-0.0,0.9294623670639701,0,0.0,-0.0,0.866692784958909,0,0.0,-0.0,0.9199837229656457,0,0.0,-0.0,1.4312132576377072,0,0.0,-0.0,1.893516604570678
2020-01-12,8184.98,0.02056979978827944,True,1.0,0.02056979978827944,1.91011136314841,0,0.0,0.0,1.6251263137946739,0,0.0,0.0,2.1004136470850843,0,0.0,0.0,0.9294623670639701,0,0.0,0.0,0.866692784958909,0,0.0,0.0,0.9199837229656457,0,0.0,0.0,1.4312132576377072,0,0.0,0.0,1.893516604570678
2020-01-13,8110.34,-0.00911914262466118,True,1.0,-0.00911914262466118,1.8926927851988735,0,0.0,-0.0,1.6251263137946739,0,0.0,-0.0,2.1004136470850843,0,0.0,-0.0,0.9294623670639701,0,0.0,-0.0,0.866692784958909,0,0.0,-0.0,0.9199837229656457,0,0.0,-0.0,1.4312132576377072,0,0.0,-0.0,1.893516604570678
2020-01-14,8810.01,0.08626888638454133,True,1.0,0.08626888638454133,2.0559732840460363,0,0.0,0.0,1.6251263137946739,0,0.0,0.0,2.1004136470850843,0,0.0,0.0,0.9294623670639701,0,0.0,0.0,0.866692784958909,0,0.0,0.0,0.9199837229656457,0,0.0,0.0,1.4312132576377072,0,0.0,0.0,1.893516604570678
2020-01-15,8821.41,0.0012939826402011967,True,1.0,0.0012939826402011967,2.0586336777843095,0,0.0,0.0,1.6251263137946739,0,0.0,0.0,2.1004136470850843,0,0.0,0.0,0.9294623670639701,0,0.0,0.0,0.866692784958909,0,0.0,0.0,0.9199837229656457,0,0.0,0.0,1.4312132576377072,0,0.0,0.0,1.893516604570678
2020-01-16,8720.01,-0.011494761041602186,True,1.0,-0.011494761041602186,2.0349701755859844,0,0.0,-0.0,1.6251263137946739,0,0.0,-0.0,2.1004136470850843,0,0.0,-0.0,0.9294623670639701,0,0.0,-0.0,0.866692784958909,0,0.0,-0.0,0.9199837229656457,0,0.0,-0.0,1.4312132576377072,0,0.0,-0.0,1.893516604570678
2020-01-17,8913.28,0.02216396540829657,True,1.0,0.02216396540829657,2.080073184164587,0,0.0,0.0,1.6251263137946739,0,0.0,0.0,2.1004136470850843,0,0.0,0.0,0.9294623670639701,0,0.0,0.0,0.866692784958909,0,0.0,0.0,0.9199837229656457,0,0.0,0.0,1.4312132576377072,0,0.0,0.0,1.893516604570678
2020-01-18,8915.96,0.00030067494794261407,True,1.0,0.00030067494794261407,2.080698610060953,0,0.0,0.0,1.6251263137946739,0,0.0,0.0,2.1004136470850843,0,0.0,0.0,0.9294623670639701,0,0.0,0.0,0.866692784958909,0,0.0,0.0,0.9199837229656457,0,0.0,0.0,1.4312132576377072,0,0.0,0.0,1.893516604570678
2020-01-19,8701.7,-0.024031063396426022,True,1.0,-0.024031063396426022,2.0306972098537224,0,0.0,-0.0,1.6251263137946739,0,0.0,-0.0,2.1004136470850843,0,0.0,-0.0,0.9294623670639701,0,0.0,-0.0,0.866692784958909,0,0.0,-0.0,0.9199837229656457,0,0.0,-0.0,1.4312132576377072,0,0.0,-0.0,1.893516604570678
2020-01-20,8642.35,-0.006820506337842036,True,1.0,-0.006820506337842036,2.0168468266636768,0,0.0,-0.0,1.6251263137946739,0,0.0,-0.0,2.1004136470850843,0,0.0,-0.0,0.9294623670639701,0,0.0,-0.0,0.866692784958909,0,0.0,-0.0,0.9199837229656457,0,0.0,-0.0,1.4312132576377072,0,0.0,-0.0,1.893516604570678
2020-01-21,8736.03,0.010839644309707408,True,1.0,0.010839644309707408,2.0387087288918733,0,0.0,0.0,1.6251263137946739,0,0.0,0.0,2.1004136470850843,0,0.0,0.0,0.9294623670639701,0,0.0,0.0,0.866692784958909,0,0.0,0.0,0.9199837229656457,0,0.0,0.0,1.4312132576377072,0,0.0,0.0,1.893516604570678
2020-01-22,8682.36,-0.006143522858781392,True,1.0,-0.006143522858781392,2.026183875213529,0,0.0,-0.0,1.6251263137946739,0,0.0,-0.0,2.1004136470850843,0,0.0,-0.0,0.9294623670639701,0,0.0,-0.0,0.866692784958909,0,0.0,-0.0,0.9199837229656457,0,0.0,-0.0,1.4312132576377072,0,0.0,-0.0,1.893516604570678
2020-01-23,8404.52,-0.03200051598874043,True,1.0,-0.03200051598874043,1.9613449457186303,0,0.0,-0.0,1.6251263137946739,0,0.0,-0.0,2.1004136470850843,0,0.0,-0.0,0.9294623670639701,0,0.0,-0.0,0.866692784958909,0,0.0,-0.0,0.9199837229656457,0,0.0,-0.0,1.4312132576377072,0,0.0,-0.0,1.893516604570678
2020-01-24,8439.0,0.0041025543398076625,True,1.0,0.0041025543398076625,1.969391469937548,0,0.0,0.0,1.6251263137946739,0,0.0,0.0,2.1004136470850843,0,0.0,0.0,0.9294623670639701,0,0.0,0.0,0.866692784958909,0,0.0,0.0,0.9199837229656457,0,0.0,0.0,1.4312132576377072,0,0.0,0.0,1.893516604570678
2020-01-25,8340.58,-0.011662519255836057,True,1.0,-0.011662519255836057,1.9464234039971222,0,0.0,-0.0,1.6251263137946739,0,0.0,-0.0,2.1004136470850843,0,0.0,-0.0,0.9294623670639701,0,0.0,-0.0,0.866692784958909,0,0.0,-0.0,0.9199837229656457,0,0.0,-0.0,1.4312132576377072,0,0.0,-0.0,1.893516604570678
2020-01-26,8615.0,0.032901788604629445,True,1.0,0.032901788604629445,2.010464215370539,0,0.0,0.0,1.6251263137946739,0,0.0,0.0,2.1004136470850843,0,0.0,0.0,0.9294623670639701,0,0.0,0.0,0.866692784958909,0,0.0,0.0,0.9199837229656457,0,0.0,0.0,1.4312132576377072,0,0.0,0.0,1.893516604570678
2020-01-27,8907.57,0.0339605339524085,True,1.0,0.0339605339524085,2.0787406536167325,0,0.0,0.0,1.6251263137946739,0,0.0,0.0,2.1004136470850843,0,0.0,0.0,0.9294623670639701,0,0.0,0.0,0.866692784958909,0,0.0,0.0,0.9199837229656457,0,0.0,0.0,1.4312132576377072,0,0.0,0.0,1.893516604570678
2020-01-28,9374.21,0.05238690237629329,True,1.0,0.05238690237629329,2.1876394373033845,0,0.0,0.0,1.6251263137946739,0,0.0,0.0,2.1004136470850843,0,0.0,0.0,0.9294623670639701,0,0.0,0.0,0.866692784958909,0,0.0,0.0,0.9199837229656457,0,0.0,0.0,1.4312132576377072,0,0.0,0.0,1.893516604570678
2020-01-29,9301.53,-0.007753186668529755,True,1.0,-0.007753186668529755,2.170678260382534,0,0.0,-0.0,1.6251263137946739,0,0.0,-0.0,2.1004136470850843,0,0.0,-0.0,0.9294623670639701,0,0.0,-0.0,0.866692784958909,0,0.0,-0.0,0.9199837229656457,0,0.0,-0.0,1.4312132576377072,0,0.0,-0.0,1.893516604570678
2020-01-30,9513.21,0.022757546339150503,True,1.0,0.022757546339150503,2.220077571480576,0,0.0,0.0,1.6251263137946739,0,0.0,0.0,2.1004136470850843,0,0.0,0.0,0.9294623670639701,0,0.0,0.0,0.866692784958909,0,0.0,0.0,0.9199837229656457,0,0.0,0.0,1.4312132576377072,0,0.0,0.0,1.893516604570678
2020-01-31,9352.89,-0.01685235582942035,True,1.0,-0.01685235582942035,2.18266403427707,0,0.0,-0.0,1.6251263137946739,0,0.0,-0.0,2.1004136470850843,0,0.0,-0.0,0.9294623670639701,0,0.0,-0.0,0.866692784958909,0,0.0,-0.0,0.9199837229656457,0,0.0,-0.0,1.4312132576377072,0,0.0,-0.0,1.893516604570678
2020-02-01,9384.61,0.0033914650979538497,True,1.0,0.0033914650979538497,2.1900664631698796,0,0.0,0.0,1.6251263137946739,0,0.0,0.0,2.1004136470850843,0,0.0,0.0,0.9294623670639701,0,0.0,0.0,0.866692784958909,0,0.0,0.0,0.9199837229656457,0,0.0,0.0,1.4312132576377072,0,0.0,0.0,1.893516604570678
2020-02-02,9331.51,-0.005658199967819688,True,1.0,-0.005658199967819688,2.177674629178449,0,0.0,-0.0,1.6251263137946739,0,0.0,-0.0,2.1004136470850843,0,0.0,-0.0,0.9294623670639701,0,0.0,-0.0,0.866692784958909,0,0.0,-0.0,0.9199837229656457,0,0.0,-0.0,1.4312132576377072,0,0.0,-0.0,1.893516604570678
2020-02-03,9292.24,-0.004208322125786812,True,1.0,-0.004208322125786812,2.168510272853713,0,0.0,-0.0,1.6251263137946739,0,0.0,-0.0,2.1004136470850843,0,0.0,-0.0,0.9294623670639701,0,0.0,-0.0,0.866692784958909,0,0.0,-0.0,0.9199837229656457,0,0.0,-0.0,1.4312132576377072,0,0.0,-0.0,1.893516604570678
2020-02-04,9197.02,-0.01024726007937804,True,1.0,-0.01024726007937804,2.146288984102978,0,0.0,-0.0,1.6251263137946739,0,0.0,-0.0,2.1004136470850843,0,0.0,-0.0,0.9294623670639701,0,0.0,-0.0,0.866692784958909,0,0.0,-0.0,0.9199837229656457,0,0.0,-0.0,1.4312132576377072,0,0.0,-0.0,1.893516604570678
2020-02-05,9612.04,0.04512548629882285,True,1.0,0.04512548629882285,2.243141318248431,0,0.0,0.0,1.6251263137946739,0,0.0,0.0,2.1004136470850843,0,0.0,0.0,0.9294623670639701,0,0.0,0.0,0.866692784958909,0,0.0,0.0,0.9199837229656457,0,0.0,0.0,1.4312132576377072,0,0.0,0.0,1.893516604570678
2020-02-06,9772.0,0.016641628624100457,True,1.0,0.016641628624100457,2.280470843018097,0,0.0,0.0,1.6251263137946739,0,0.0,0.0,2.1004136470850843,0,0.0,0.0,0.9294623670639701,0,0.0,0.0,0.866692784958909,0,0.0,0.0,0.9199837229656457,0,0.0,0.0,1.4312132576377072,0,0.0,0.0,1.893516604570678
2020-02-07,9813.73,0.004270364306180774,True,1.0,0.004270364306180774,2.2902092843074073,0,0.0,0.0,1.6251263137946739,0,0.0,0.0,2.1004136470850843,0,0.0,0.0,0.9294623670639701,0,0.0,0.0,0.866692784958909,0,0.0,0.0,0.9199837229656457,0,0.0,0.0,1.4312132576377072,0,0.0,0.0,1.893516604570678
2020-02-08,9895.05,0.008286349838440676,True,1.0,0.008286349838440676,2.3091867596404234,0,0.0,0.0,1.6251263137946739,0,0.0,0.0,2.1004136470850843,0,0.0,0.0,0.9294623670639701,0,0.0,0.0,0.866692784958909,0,0.0,0.0,0.9199837229656457,0,0.0,0.0,1.4312132576377072,0,0.0,0.0,1.893516604570678
2020-02-09,10151.75,0.025942264061323606,True,1.0,0.025942264061323606,2.3690922923259277,0,0.0,0.0,1.6251263137946739,0,0.0,0.0,2.1004136470850843,0,0.0,0.0,0.9294623670639701,0,0.0,0.0,0.866692784958909,0,0.0,0.0,0.9199837229656457,0,0.0,0.0,1.4312132576377072,0,0.0,0.0,1.893516604570678
2020-02-10,9851.83,-0.02954367473588293,True,1.0,-0.02954367473588293,2.2991006002221632,0,0.0,-0.0,1.6251263137946739,0,0.0,-0.0,2.1004136470850843,0,0.0,-0.0,0.9294623670639701,0,0.0,-0.0,0.866692784958909,0,0.0,-0.0,0.9199837229656457,0,0.0,-0.0,1.4312132576377072,0,0.0,-0.0,1.893516604570678
2020-02-11,10223.08,0.03768335426007141,True,1.0,0.03768335426007141,2.3857384226198777,0,0.0,0.0,1.6251263137946739,0,0.0,0.0,2.1004136470850843,0,0.0,0.0,0.9294623670639701,0,0.0,0.0,0.866692784958909,0,0.0,0.0,0.9199837229656457,0,0.0,0.0,1.4312132576377072,0,0.0,0.0,1.893516604570678
2020-02-12,10326.46,0.01011241230627169,True,1.0,0.01011241230627169,2.409863993204324,0,0.0,0.0,1.6251263137946739,0,0.0,0.0,2.1004136470850843,0,0.0,0.0,0.9294623670639701,1,0.0,0.0,0.866692784958909,0,0.0,0.0,0.9199837229656457,0,0.0,0.0,1.4312132576377072,0,0.0,0.0,1.893516604570678
2020-02-13,10229.63,-0.009376882300420442,True,1.0,-0.009376882300420442,2.387266982180026,0,0.0,-0.0,1.6251263137946739,0,0.0,-0.0,2.1004136470850843,0,0.0,-0.0,0.9294623670639701,0,1.0,-0.010376882300420442,0.8576992159387667,0,0.0,-0.0,0.9199837229656457,0,0.0,-0.0,1.4312132576377072,0,0.0,-0.0,1.893516604570678
2020-02-14,10344.36,0.011215459405667705,True,1.0,0.011215459405667705,2.414041278109157,0,0.0,0.0,1.6251263137946739,0,0.0,0.0,2.1004136470850843,0,0.0,0.0,0.9294623670639701,1,1.0,0.011215459405667705,0.867318706677401,0,0.0,0.0,0.9199837229656457,0,0.0,0.0,1.4312132576377072,0,0.0,0.0,1.893516604570678
2020-02-15,9904.72,-0.04250045435387029,True,1.0,-0.04250045435387029,2.3114434269605204,0,0.0,-0.0,1.6251263137946739,0,0.0,-0.0,2.1004136470850843,0,0.0,-0.0,0.9294623670639701,0,1.0,-0.04250045435387029,0.8304572675740003,0,0.0,-0.0,0.9199837229656457,0,0.0,-0.0,1.4312132576377072,0,0.0,-0.0,1.893516604570678
2020-02-16,9917.27,0.0012670726683845501,True,1.0,0.0012670726683845501,2.314372193751339,0,0.0,0.0,1.6251263137946739,0,0.0,0.0,2.1004136470850843,0,0.0,0.0,0.9294623670639701,0,1.0,0.0012670726683845501,0.8315095172800047,0,0.0,0.0,0.9199837229656457,0,0.0,0.0,1.4312132576377072,0,0.0,0.0,1.893516604570678
2020-02-17,9706.0,-0.021303241718739208,True,1.0,-0.021303241718739208,2.2650685634807255,0,0.0,-0.0,1.6251263137946739,0,0.0,-0.0,2.1004136470850843,0,0.0,-0.0,0.9294623670639701,0,1.0,-0.021303241718739208,0.8137956690419565,0,0.0,-0.0,0.9199837229656457,0,0.0,-0.0,1.4312132576377072,0,0.0,-0.0,1.893516604570678
2020-02-18,10164.71,0.04726045744900054,True,1.0,0.04726045744900054,2.372116739944175,0,0.0,0.0,1.6251263137946739,0,0.0,0.0,2.1004136470850843,0,0.0,0.0,0.9294623670639701,0,1.0,0.04726045744900054,0.8522560246308949,0,0.0,0.0,0.9199837229656457,0,0.0,0.0,1.4312132576377072,0,0.0,0.0,1.893516604570678
2020-02-19,9593.79,-0.0561668753953628,True,1.0,-0.0561668753953628,2.238882354588476,0,0.0,-0.0,1.6251263137946739,0,0.0,-0.0,2.1004136470850843,0,0.0,-0.0,0.9294623670639701,0,1.0,-0.0561668753953628,0.8043874666905042,0,0.0,-0.0,0.9199837229656457,0,0.0,-0.0,1.4312132576377072,0,0.0,-0.0,1.893516604570678
2020-02-20,9596.42,0.00027413566484146834,True,1.0,0.00027413566484146834,2.239496112091253,0,0.0,0.0,1.6251263137946739,0,0.0,0.0,2.1004136470850843,0,0.0,0.0,0.9294623670639701,0,1.0,0.00027413566484146834,0.8046079779834755,0,0.0,0.0,0.9199837229656457,0,0.0,0.0,1.4312132576377072,0,0.0,0.0,1.893516604570678
2020-02-21,9677.05,0.00840209161333072,True,1.0,0.00840209161333072,2.258312563592742,0,0.0,0.0,1.6251263137946739,0,0.0,0.0,2.1004136470850843,0,0.0,0.0,0.9294623670639701,0,1.0,0.00840209161333072,0.8113683679273095,0,0.0,0.0,0.9199837229656457,0,0.0,0.0,1.4312132576377072,0,0.0,0.0,1.893516604570678
2020-02-22,9650.86,-0.002706403294392312,True,1.0,-0.002706403294392312,2.252200659030867,0,0.0,-0.0,1.6251263137946739,0,0.0,-0.0,2.1004136470850843,0,0.0,-0.0,0.9294623670639701,0,1.0,-0.002706403294392312,0.8091724779033853,0,0.0,-0.0,0.9199837229656457,0,0.0,-0.0,1.4312132576377072,0,0.0,-0.0,1.893516604570678
2020-02-23,9936.4,0.02958700053673957,True,1.0,0.02958700053673957,2.3188365211384583,0,0.0,0.0,1.6251263137946739,0,0.0,0.0,2.1004136470850843,0,0.0,0.0,0.9294623670639701,0,1.0,0.02958700053673957,0.8331134644414276,0,0.0,0.0,0.9199837229656457,0,0.0,0.0,1.4312132576377072,0,0.0,0.0,1.893516604570678
2020-02-24,9656.13,-0.028206392657300516,True,1.0,-0.028206392657300516,2.253430507715138,0,0.0,-0.0,1.6251263137946739,0,0.0,-0.0,2.1004136470850843,0,0.0,-0.0,0.9294623670639701,0,1.0,-0.028206392657300516,0.8096143389353088,0,0.0,-0.0,0.9199837229656457,0,0.0,-0.0,1.4312132576377072,0,0.0,-0.0,1.893516604570678
2020-02-25,9315.84,-0.03524082629376357,False,1.0,-0.03524082629376357,2.1740177546276818,0,0.0,-0.0,1.6251263137946739,0,0.0,-0.0,2.1004136470850843,0,0.0,-0.0,0.9294623670639701,0,1.0,-0.03524082629376357,0.7810828606519493,0,0.0,-0.0,0.9199837229656457,0,0.0,-0.0,1.4312132576377072,0,0.0,-0.0,1.893516604570678
2020-02-26,8785.25,-0.056955679788403435,False,1.0,-0.056955679788403435,2.0501950955408037,0,0.0,-0.0,1.6251263137946739,0,0.0,-0.0,2.1004136470850843,0,0.0,-0.0,0.9294623670639701,0,1.0,-0.056955679788403435,0.7365957553524467,0,0.0,-0.0,0.9199837229656457,0,0.0,-0.0,1.4312132576377072,0,0.0,-0.0,1.893516604570678
2020-02-27,8823.21,0.00432087874562459,False,1.0,0.00432087874562459,2.0590537399535096,0,0.0,0.0,1.6251263137946739,0,0.0,0.0,2.1004136470850843,0,0.0,0.0,0.9294623670639701,0,1.0,0.00432087874562459,0.7397784962958663,0,0.0,0.0,0.9199837229656457,0,0.0,0.0,1.4312132576377072,0,0.0,0.0,1.893516604570678
2020-02-28,8692.91,-0.014767867930152279,False,1.0,-0.014767867930152279,2.02864590626079,0,0.0,-0.0,1.6251263137946739,0,0.0,-0.0,2.1004136470850843,0,0.0,-0.0,0.9294623670639701,0,1.0,-0.014767867930152279,0.7288535451650023,0,0.0,-0.0,0.9199837229656457,0,0.0,-0.0,1.4312132576377072,0,0.0,-0.0,1.893516604570678
2020-02-29,8523.61,-0.01947564164359228,False,1.0,-0.01947564164359228,1.9891367255687145,0,0.0,-0.0,1.6251263137946739,0,0.0,-0.0,2.1004136470850843,0,0.0,-0.0,0.9294623670639701,0,1.0,-0.01947564164359228,0.7146586547087069,0,0.0,-0.0,0.9199837229656457,0,0.0,-0.0,1.4312132576377072,0,0.0,-0.0,1.893516604570678
2020-03-01,8531.88,0.0009702461750360492,False,1.0,0.0009702461750360492,1.9910666778683213,0,0.0,0.0,1.6251263137946739,0,0.0,0.0,2.1004136470850843,0,0.0,0.0,0.9294623670639701,0,1.0,0.0009702461750360492,0.7153520495348945,0,0.0,0.0,0.9199837229656457,0,0.0,0.0,1.4312132576377072,0,0.0,0.0,1.893516604570678
2020-03-02,8915.24,0.04493265259239476,False,1.0,0.04493265259239476,2.080530585193272,0,0.0,0.0,1.6251263137946739,0,0.0,0.0,2.1004136470850843,0,0.0,0.0,0.9294623670639701,0,1.0,0.04493265259239476,0.7474947146579035,0,0.0,0.0,0.9199837229656457,0,0.0,0.0,1.4312132576377072,0,0.0,0.0,1.893516604570678
2020-03-03,8760.07,-0.017405027795101446,False,1.0,-0.017405027795101446,2.0443188925294247,0,0.0,-0.0,1.6251263137946739,0,0.0,-0.0,2.1004136470850843,0,0.0,-0.0,0.9294623670639701,0,1.0,-0.017405027795101446,0.7344845483725913,0,0.0,-0.0,0.9199837229656457,0,0.0,-0.0,1.4312132576377072,0,0.0,-0.0,1.893516604570678
2020-03-04,8750.87,-0.0010502199183338723,False,1.0,-0.0010502199183338723,2.042171908109064,0,0.0,-0.0,1.6251263137946739,0,0.0,-0.0,2.1004136470850843,0,0.0,-0.0,0.9294623670639701,0,1.0,-0.0010502199183338723,0.7337131780701819,0,0.0,-0.0,0.9199837229656457,0,0.0,-0.0,1.4312132576377072,0,0.0,-0.0,1.893516604570678
2020-03-05,9054.68,0.034717690926730604,False,1.0,0.034717690926730604,2.113071401234046,0,0.0,0.0,1.6251263137946739,0,0.0,0.0,2.1004136470850843,0,0.0,0.0,0.9294623670639701,0,1.0,0.034717690926730604,0.7591860054152917,0,0.0,0.0,0.9199837229656457,0,0.0,0.0,1.4312132576377072,0,0.0,0.0,1.893516604570678
2020-03-06,9131.88,0.008525977726435263,False,1.0,0.008525977726435263,2.131087400935335,0,0.0,0.0,1.6251263137946739,0,0.0,0.0,2.1004136470850843,0,0.0,0.0,0.9294623670639701,0,0.0,-0.001,0.7584268194098764,0,0.0,0.0,0.9199837229656457,0,0.0,0.0,1.4312132576377072,0,0.0,0.0,1.893516604570678
2020-03-07,8886.66,-0.026853178096952535,False,1.0,-0.026853178096952535,2.0738609314178467,0,0.0,-0.0,1.6251263137946739,0,0.0,-0.0,2.1004136470850843,0,0.0,-0.0,0.9294623670639701,0,0.0,-0.0,0.7584268194098764,0,0.0,-0.0,0.9199837229656457,0,0.0,-0.0,1.4312132576377072,0,0.0,-0.0,1.893516604570678
2020-03-08,8033.31,-0.09602595350784204,False,1.0,-0.09602595350784204,1.8747164580357865,0,0.0,-0.0,1.6251263137946739,0,0.0,-0.0,2.1004136470850843,0,0.0,-0.0,0.9294623670639701,0,0.0,-0.0,0.7584268194098764,0,0.0,-0.0,0.9199837229656457,0,0.0,-0.0,1.4312132576377072,0,0.0,-0.0,1.893516604570678
2020-03-09,7929.87,-0.012876385948008995,False,1.0,-0.012876385948008995,1.8505768853790332,0,0.0,-0.0,1.6251263137946739,0,0.0,-0.0,2.1004136470850843,0,0.0,-0.0,0.9294623670639701,0,0.0,-0.0,0.7584268194098764,0,0.0,-0.0,0.9199837229656457,0,0.0,-0.0,1.4312132576377072,0,0.0,-0.0,1.893516604570678
2020-03-10,7894.56,-0.004452784219665551,False,1.0,-0.004452784219665551,1.8423366658265397,0,0.0,-0.0,1.6251263137946739,0,0.0,-0.0,2.1004136470850843,0,0.0,-0.0,0.9294623670639701,0,0.0,-0.0,0.7584268194098764,0,0.0,-0.0,0.9199837229656457,0,0.0,-0.0,1.4312132576377072,0,0.0,-0.0,1.893516604570678
2020-03-11,7934.52,0.005061713382379818,False,1.0,0.005061713382379818,1.8516620459828028,0,0.0,0.0,1.6251263137946739,0,0.0,0.0,2.1004136470850843,0,0.0,0.0,0.9294623670639701,0,0.0,0.0,0.7584268194098764,0,0.0,0.0,0.9199837229656457,0,0.0,0.0,1.4312132576377072,0,0.0,0.0,1.893516604570678
2020-03-12,4800.0,-0.3950484717412017,False,1.0,-0.3950484717412017,1.1201657845361097,0,0.0,-0.0,1.6251263137946739,0,0.0,-0.0,2.1004136470850843,0,0.0,-0.0,0.9294623670639701,0,0.0,-0.0,0.7584268194098764,0,0.0,-0.0,0.9199837229656457,0,0.0,-0.0,1.4312132576377072,0,0.0,-0.0,1.893516604570678
2020-03-13,5578.6,0.1622083333333335,False,1.0,0.1622083333333335,1.3018660095027381,0,0.0,0.0,1.6251263137946739,0,0.0,0.0,2.1004136470850843,0,0.0,0.0,0.9294623670639701,0,0.0,0.0,0.7584268194098764,0,0.0,0.0,0.9199837229656457,0,0.0,0.0,1.4312132576377072,0,0.0,0.0,1.893516604570678
2020-03-14,5172.06,-0.07287491485318898,False,1.0,-0.07287491485318898,1.2069926349099651,0,0.0,-0.0,1.6251263137946739,0,0.0,-0.0,2.1004136470850843,0,0.0,-0.0,0.9294623670639701,0,0.0,-0.0,0.7584268194098764,0,0.0,-0.0,0.9199837229656457,0,0.0,-0.0,1.4312132576377072,0,0.0,-0.0,1.893516604570678
2020-03-15,5361.3,0.03658890268094339,False,1.0,0.03658890268094339,1.2511551709653013,0,0.0,0.0,1.6251263137946739,0,0.0,0.0,2.1004136470850843,0,0.0,0.0,0.9294623670639701,0,0.0,0.0,0.7584268194098764,0,0.0,0.0,0.9199837229656457,0,0.0,0.0,1.4312132576377072,0,0.0,0.0,1.893516604570678
2020-03-16,5028.97,-0.06198683155204898,False,1.0,-0.06198683155204898,1.1736000261372002,0,0.0,-0.0,1.6251263137946739,0,0.0,-0.0,2.1004136470850843,0,0.0,-0.0,0.9294623670639701,0,0.0,-0.0,0.7584268194098764,0,0.0,-0.0,0.9199837229656457,0,0.0,-0.0,1.4312132576377072,0,0.0,-0.0,1.893516604570678
2020-03-17,5312.64,0.05640717681751939,False,1.0,0.05640717681751939,1.2397994903245666,0,0.0,0.0,1.6251263137946739,0,0.0,0.0,2.1004136470850843,0,0.0,0.0,0.9294623670639701,0,0.0,0.0,0.7584268194098764,0,0.0,0.0,0.9199837229656457,0,0.0,0.0,1.4312132576377072,0,0.0,0.0,1.893516604570678
2020-03-18,5393.04,0.015133718829056564,False,1.0,0.015133718829056564,1.2585622672155463,0,0.0,0.0,1.6251263137946739,0,0.0,0.0,2.1004136470850843,0,0.0,0.0,0.9294623670639701,0,0.0,0.0,0.7584268194098764,0,0.0,0.0,0.9199837229656457,0,0.0,0.0,1.4312132576377072,0,0.0,0.0,1.893516604570678
2020-03-19,6162.37,0.14265238158812088,False,1.0,0.14265238158812088,1.438099172010789,0,0.0,0.0,1.6251263137946739,0,0.0,0.0,2.1004136470850843,0,0.0,0.0,0.9294623670639701,0,0.0,0.0,0.7584268194098764,0,0.0,0.0,0.9199837229656457,0,0.0,0.0,1.4312132576377072,0,0.0,0.0,1.893516604570678
2020-03-20,6208.36,0.0074630377598228215,False,1.0,0.0074630377598228215,1.4488317604338754,0,0.0,0.0,1.6251263137946739,0,0.0,0.0,2.1004136470850843,0,0.0,0.0,0.9294623670639701,0,0.0,0.0,0.7584268194098764,0,0.0,0.0,0.9199837229656457,0,0.0,0.0,1.4312132576377072,0,0.0,0.0,1.893516604570678
2020-03-21,6186.98,-0.0034437435973430075,False,1.0,-0.0034437435973430075,1.443842355335254,0,0.0,-0.0,1.6251263137946739,0,0.0,-0.0,2.1004136470850843,0,0.0,-0.0,0.9294623670639701,0,0.0,-0.0,0.7584268194098764,0,0.0,-0.0,0.9199837229656457,0,0.0,-0.0,1.4312132576377072,0,0.0,-0.0,1.893516604570678
2020-03-22,5816.19,-0.05993069316532462,False,1.0,-0.05993069316532462,1.3573118821585572,0,0.0,-0.0,1.6251263137946739,0,0.0,-0.0,2.1004136470850843,0,0.0,-0.0,0.9294623670639701,0,0.0,-0.0,0.7584268194098764,0,0.0,-0.0,0.9199837229656457,0,0.0,-0.0,1.4312132576377072,0,0.0,-0.0,1.893516604570678
2020-03-23,6467.31,0.11194957523739779,False,1.0,0.11194957523739779,1.5092623708308806,0,0.0,0.0,1.6251263137946739,0,0.0,0.0,2.1004136470850843,0,0.0,0.0,0.9294623670639701,0,0.0,0.0,0.7584268194098764,0,0.0,0.0,0.9199837229656457,0,0.0,0.0,1.4312132576377072,0,0.0,0.0,1.893516604570678
2020-03-24,6744.72,0.04289418630002273,False,1.0,0.04289418630002273,1.5740009521409144,0,0.0,0.0,1.6251263137946739,0,0.0,0.0,2.1004136470850843,0,0.0,0.0,0.9294623670639701,0,0.0,0.0,0.7584268194098764,0,0.0,0.0,0.9199837229656457,0,0.0,0.0,1.4312132576377072,0,0.0,0.0,1.893516604570678
2020-03-25,6677.43,-0.009976692879763771,False,1.0,-0.009976692879763771,1.5582976280489487,0,0.0,-0.0,1.6251263137946739,0,0.0,-0.0,2.1004136470850843,0,0.0,-0.0,0.9294623670639701,0,0.0,-0.0,0.7584268194098764,0,0.0,-0.0,0.9199837229656457,0,0.0,-0.0,1.4312132576377072,0,0.0,-0.0,1.893516604570678
2020-03-26,6737.36,0.0089750098466026,False,1.0,0.0089750098466026,1.5722833646046255,0,0.0,0.0,1.6251263137946739,0,0.0,0.0,2.1004136470850843,0,0.0,0.0,0.9294623670639701,0,0.0,0.0,0.7584268194098764,0,0.0,0.0,0.9199837229656457,0,0.0,0.0,1.4312132576377072,0,0.0,0.0,1.893516604570678
2020-03-27,6359.11,-0.05614216844580078,False,1.0,-0.05614216844580078,1.4840119671044623,0,0.0,-0.0,1.6251263137946739,0,0.0,-0.0,2.1004136470850843,0,0.0,-0.0,0.9294623670639701,0,0.0,-0.0,0.7584268194098764,0,0.0,-0.0,0.9199837229656457,0,0.0,-0.0,1.4312132576377072,0,0.0,-0.0,1.893516604570678
2020-03-28,6236.65,-0.01925741180762719,False,1.0,-0.01925741180762719,1.4554337375264847,0,0.0,-0.0,1.6251263137946739,0,0.0,-0.0,2.1004136470850843,0,0.0,-0.0,0.9294623670639701,0,0.0,-0.0,0.7584268194098764,0,0.0,-0.0,0.9199837229656457,0,0.0,-0.0,1.4312132576377072,0,0.0,-0.0,1.893516604570678
2020-03-29,5881.42,-0.05695846327756082,False,1.0,-0.05695846327756082,1.3725344684346594,0,0.0,-0.0,1.6251263137946739,0,0.0,-0.0,2.1004136470850843,0,0.0,-0.0,0.9294623670639701,0,0.0,-0.0,0.7584268194098764,0,0.0,-0.0,0.9199837229656457,0,0.0,-0.0,1.4312132576377072,0,0.0,-0.0,1.893516604570678
2020-03-30,6394.38,0.0872170326213737,False,1.0,0.0872170326213737,1.492242851942085,0,0.0,0.0,1.6251263137946739,0,0.0,0.0,2.1004136470850843,0,0.0,0.0,0.9294623670639701,0,0.0,0.0,0.7584268194098764,0,0.0,0.0,0.9199837229656457,0,0.0,0.0,1.4312132576377072,0,0.0,0.0,1.893516604570678
2020-03-31,6410.44,0.002511580481610265,False,1.0,0.002511580481610265,1.4959907399628452,0,0.0,0.0,1.6251263137946739,0,0.0,0.0,2.1004136470850843,0,0.0,0.0,0.9294623670639701,0,0.0,0.0,0.7584268194098764,0,0.0,0.0,0.9199837229656457,0,0.0,0.0,1.4312132576377072,0,0.0,0.0,1.893516604570678
2020-04-01,6642.92,0.03626584134630395,True,1.0,0.03626584134630395,1.5502441027938776,0,0.0,0.0,1.6251263137946739,0,0.0,0.0,2.1004136470850843,0,0.0,0.0,0.9294623670639701,0,0.0,0.0,0.7584268194098764,0,0.0,0.0,0.9199837229656457,0,0.0,0.0,1.4312132576377072,0,0.0,0.0,1.893516604570678
2020-04-02,6794.09,0.022756558862668808,True,1.0,0.022756558862668808,1.5855223239706115,0,0.0,0.0,1.6251263137946739,0,0.0,0.0,2.1004136470850843,0,0.0,0.0,0.9294623670639701,0,0.0,0.0,0.7584268194098764,0,0.0,0.0,0.9199837229656457,0,0.0,0.0,1.4312132576377072,0,0.0,0.0,1.893516604570678
2020-04-03,6734.1,-0.008829732900211718,True,1.0,-0.008829732900211718,1.571522585342628,0,0.0,-0.0,1.6251263137946739,0,0.0,-0.0,2.1004136470850843,0,0.0,-0.0,0.9294623670639701,0,0.0,-0.0,0.7584268194098764,0,0.0,-0.0,0.9199837229656457,0,0.0,-0.0,1.4312132576377072,0,0.0,-0.0,1.893516604570678
2020-04-04,6856.99,0.018248912252565308,True,1.0,0.018248912252565308,1.6002011631054702,0,0.0,0.0,1.6251263137946739,0,0.0,0.0,2.1004136470850843,0,0.0,0.0,0.9294623670639701,0,0.0,0.0,0.7584268194098764,0,0.0,0.0,0.9199837229656457,0,0.0,0.0,1.4312132576377072,0,0.0,0.0,1.893516604570678
2020-04-05,6772.78,-0.012280898761701575,True,1.0,-0.012280898761701575,1.5805492546230149,0,0.0,-0.0,1.6251263137946739,0,0.0,-0.0,2.1004136470850843,0,0.0,-0.0,0.9294623670639701,0,0.0,-0.0,0.7584268194098764,0,0.0,-0.0,0.9199837229656457,0,0.0,-0.0,1.4312132576377072,0,0.0,-0.0,1.893516604570678
2020-04-06,7329.9,0.08225868845584827,True,1.0,0.08225868845584827,1.7105631633481726,0,0.0,0.0,1.6251263137946739,0,0.0,0.0,2.1004136470850843,0,0.0,0.0,0.9294623670639701,0,0.0,0.0,0.7584268194098764,0,0.0,0.0,0.9199837229656457,0,0.0,0.0,1.4312132576377072,0,0.0,0.0,1.893516604570678
2020-04-07,7197.32,-0.018087559175432144,True,1.0,-0.018087559175432144,1.6796232509077982,0,0.0,-0.0,1.6251263137946739,0,0.0,-0.0,2.1004136470850843,0,0.0,-0.0,0.9294623670639701,0,0.0,-0.0,0.7584268194098764,0,0.0,-0.0,0.9199837229656457,0,0.0,-0.0,1.4312132576377072,0,0.0,-0.0,1.893516604570678
2020-04-08,7361.28,0.022780701705634954,True,1.0,0.022780701705634954,1.7178862471645775,0,0.0,0.0,1.6251263137946739,0,0.0,0.0,2.1004136470850843,0,0.0,0.0,0.9294623670639701,0,0.0,0.0,0.7584268194098764,0,0.0,0.0,0.9199837229656457,0,0.0,0.0,1.4312132576377072,0,0.0,0.0,1.893516604570678
2020-04-09,7283.54,-0.010560663362893408,True,1.0,-0.010560663362893408,1.6997442288125282,0,0.0,-0.0,1.6251263137946739,0,0.0,-0.0,2.1004136470850843,0,0.0,-0.0,0.9294623670639701,0,0.0,-0.0,0.7584268194098764,0,0.0,-0.0,0.9199837229656457,0,0.0,-0.0,1.4312132576377072,0,0.0,-0.0,1.893516604570678
2020-04-10,6858.92,-0.05829857459422205,True,1.0,-0.05829857459422205,1.6006515630980025,0,0.0,-0.0,1.6251263137946739,0,0.0,-0.0,2.1004136470850843,0,0.0,-0.0,0.9294623670639701,0,0.0,-0.0,0.7584268194098764,0,0.0,-0.0,0.9199837229656457,0,0.0,-0.0,1.4312132576377072,0,0.0,-0.0,1.893516604570678
2020-04-11,6876.83,0.0026111982644496656,True,1.0,0.0026111982644496656,1.6048311816815526,0,0.0,0.0,1.6251263137946739,0,0.0,0.0,2.1004136470850843,0,0.0,0.0,0.9294623670639701,0,0.0,0.0,0.7584268194098764,0,0.0,0.0,0.9199837229656457,0,0.0,0.0,1.4312132576377072,0,0.0,0.0,1.893516604570678
2020-04-12,6903.79,0.003920411003325741,True,1.0,0.003920411003325741,1.6111227795046972,0,0.0,0.0,1.6251263137946739,0,0.0,0.0,2.1004136470850843,0,0.0,0.0,0.9294623670639701,0,0.0,0.0,0.7584268194098764,0,0.0,0.0,0.9199837229656457,0,0.0,0.0,1.4312132576377072,0,0.0,0.0,1.893516604570678
2020-04-13,6837.91,-0.00954258458035373,True,1.0,-0.00954258458035373,1.595748504111939,0,0.0,-0.0,1.6251263137946739,0,0.0,-0.0,2.1004136470850843,0,0.0,-0.0,0.9294623670639701,0,0.0,-0.0,0.7584268194098764,0,0.0,-0.0,0.9199837229656457,0,0.0,-0.0,1.4312132576377072,0,0.0,-0.0,1.893516604570678
2020-04-14,6868.7,0.0045028378554266,True,1.0,0.0045028378554266,1.6029339008839947,0,0.0,0.0,1.6251263137946739,0,0.0,0.0,2.1004136470850843,0,0.0,0.0,0.9294623670639701,0,0.0,0.0,0.7584268194098764,0,0.0,0.0,0.9199837229656457,0,0.0,0.0,1.4312132576377072,0,0.0,0.0,1.893516604570678
2020-04-15,6621.24,-0.03602719583036096,False,1.0,-0.03602719583036096,1.5451846873337225,0,0.0,-0.0,1.6251263137946739,0,0.0,-0.0,2.1004136470850843,0,0.0,-0.0,0.9294623670639701,0,0.0,-0.0,0.7584268194098764,0,0.0,-0.0,0.9199837229656457,0,0.0,-0.0,1.4312132576377072,0,0.0,-0.0,1.893516604570678
2020-04-16,7101.94,0.07259969431707658,True,1.0,0.07259969431707658,1.6573646232975783,0,0.0,0.0,1.6251263137946739,0,0.0,0.0,2.1004136470850843,0,0.0,0.0,0.9294623670639701,0,0.0,0.0,0.7584268194098764,0,0.0,0.0,0.9199837229656457,0,0.0,0.0,1.4312132576377072,0,0.0,0.0,1.893516604570678
2020-04-17,7027.55,-0.010474602714187875,True,1.0,-0.010474602714187875,1.6400043873159864,0,0.0,-0.0,1.6251263137946739,0,0.0,-0.0,2.1004136470850843,0,0.0,-0.0,0.9294623670639701,0,0.0,-0.0,0.7584268194098764,0,0.0,-0.0,0.9199837229656457,0,0.0,-0.0,1.4312132576377072,0,0.0,-0.0,1.893516604570678
2020-04-18,7248.6,0.03145477442351896,True,1.0,0.03145477442351896,1.6915903553725922,0,0.0,0.0,1.6251263137946739,0,0.0,0.0,2.1004136470850843,0,0.0,0.0,0.9294623670639701,0,0.0,0.0,0.7584268194098764,0,0.0,0.0,0.9199837229656457,0,0.0,0.0,1.4312132576377072,0,0.0,0.0,1.893516604570678
2020-04-19,7120.74,-0.01763926827249407,True,1.0,-0.01763926827249407,1.6617519392870115,0,0.0,-0.0,1.6251263137946739,0,0.0,-0.0,2.1004136470850843,0,0.0,-0.0,0.9294623670639701,0,0.0,-0.0,0.7584268194098764,0,0.0,-0.0,0.9199837229656457,0,0.0,-0.0,1.4312132576377072,0,0.0,-0.0,1.893516604570678
2020-04-20,6826.83,-0.04127520454334799,True,1.0,-0.04127520454334799,1.593162788092635,0,0.0,-0.0,1.6251263137946739,0,0.0,-0.0,2.1004136470850843,0,0.0,-0.0,0.9294623670639701,0,0.0,-0.0,0.7584268194098764,0,0.0,-0.0,0.9199837229656457,0,0.0,-0.0,1.4312132576377072,0,0.0,-0.0,1.893516604570678
2020-04-21,6841.37,0.002129831854609021,True,1.0,0.002129831854609021,1.5965559569482923,0,0.0,0.0,1.6251263137946739,0,0.0,0.0,2.1004136470850843,0,0.0,0.0,0.9294623670639701,0,0.0,0.0,0.7584268194098764,0,0.0,0.0,0.9199837229656457,0,0.0,0.0,1.4312132576377072,0,0.0,0.0,1.893516604570678
2020-04-22,7125.14,0.04147853427018289,True,1.0,0.04147853427018289,1.6627787579228368,0,0.0,0.0,1.6251263137946739,0,0.0,0.0,2.1004136470850843,0,0.0,0.0,0.9294623670639701,0,0.0,0.0,0.7584268194098764,0,0.0,0.0,0.9199837229656457,0,0.0,0.0,1.4312132576377072,0,0.0,0.0,1.893516604570678
2020-04-23,7482.39,0.050139365682639214,True,1.0,0.050139365682639214,1.7461494301156546,0,0.0,0.0,1.6251263137946739,0,0.0,0.0,2.1004136470850843,0,0.0,0.0,0.9294623670639701,0,0.0,0.0,0.7584268194098764,0,0.0,0.0,0.9199837229656457,0,0.0,0.0,1.4312132576377072,0,0.0,0.0,1.893516604570678
2020-04-24,7505.0,0.0030217617632868343,True,1.0,0.0030217617632868343,1.7514258776965632,0,0.0,0.0,1.6251263137946739,0,0.0,0.0,2.1004136470850843,0,0.0,0.0,0.9294623670639701,0,0.0,0.0,0.7584268194098764,0,0.0,0.0,0.9199837229656457,0,0.0,0.0,1.4312132576377072,0,0.0,0.0,1.893516604570678
2020-04-25,7538.67,0.004486342438374535,True,1.0,0.004486342438374535,1.7592833739393408,0,0.0,0.0,1.6251263137946739,0,0.0,0.0,2.1004136470850843,0,0.0,0.0,0.9294623670639701,0,0.0,0.0,0.7584268194098764,0,0.0,0.0,0.9199837229656457,0,0.0,0.0,1.4312132576377072,0,0.0,0.0,1.893516604570678
2020-04-26,7693.1,0.020485045770673116,True,1.0,0.020485045770673116,1.7953223743780724,0,0.0,0.0,1.6251263137946739,0,0.0,0.0,2.1004136470850843,0,0.0,0.0,0.9294623670639701,0,0.0,0.0,0.7584268194098764,0,0.0,0.0,0.9199837229656457,0,0.0,0.0,1.4312132576377072,0,0.0,0.0,1.893516604570678
2020-04-27,7774.62,0.010596508559618245,True,1.0,0.010596508559618245,1.8143465232854439,0,0.0,0.0,1.6251263137946739,0,0.0,0.0,2.1004136470850843,0,0.0,0.0,0.9294623670639701,0,0.0,0.0,0.7584268194098764,0,0.0,0.0,0.9199837229656457,0,0.0,0.0,1.4312132576377072,0,0.0,0.0,1.893516604570678
2020-04-28,7738.98,-0.004584146877918194,True,1.0,-0.004584146877918194,1.8060292923352632,0,0.0,-0.0,1.6251263137946739,0,0.0,-0.0,2.1004136470850843,0,0.0,-0.0,0.9294623670639701,0,0.0,-0.0,0.7584268194098764,0,0.0,-0.0,0.9199837229656457,0,0.0,-0.0,1.4312132576377072,0,0.0,-0.0,1.893516604570678
2020-04-29,8778.57,0.13433165610971987,True,1.0,0.13433165610971987,2.0486361981573245,0,0.0,0.0,1.6251263137946739,1,0.0,0.0,2.1004136470850843,0,0.0,0.0,0.9294623670639701,0,0.0,0.0,0.7584268194098764,0,0.0,0.0,0.9199837229656457,0,0.0,0.0,1.4312132576377072,0,0.0,0.0,1.893516604570678
2020-04-30,8620.0,-0.018063306438292348,True,1.0,-0.018063306438292348,2.0116310547294307,0,0.0,-0.0,1.6251263137946739,0,1.0,-0.01906330643829235,2.06037281808353,0,0.0,-0.0,0.9294623670639701,0,0.0,-0.0,0.7584268194098764,0,0.0,-0.0,0.9199837229656457,0,0.0,-0.0,1.4312132576377072,0,0.0,-0.0,1.893516604570678
2020-05-01,8826.96,0.024009280742459227,True,1.0,0.024009280742459227,2.059928869472679,0,0.0,0.0,1.6251263137946739,0,1.0,0.024009280742459227,2.1098408875070294,0,0.0,0.0,0.9294623670639701,0,0.0,0.0,0.7584268194098764,0,0.0,0.0,0.9199837229656457,0,0.0,0.0,1.4312132576377072,0,0.0,0.0,1.893516604570678
2020-05-02,8972.05,0.016437142572301333,True,1.0,0.016437142572301333,2.0937882139890007,0,0.0,0.0,1.6251263137946739,0,1.0,0.016437142572301333,2.1445206429798533,0,0.0,0.0,0.9294623670639701,0,0.0,0.0,0.7584268194098764,0,0.0,0.0,0.9199837229656457,0,0.0,0.0,1.4312132576377072,0,0.0,0.0,1.893516604570678
2020-05-03,8894.16,-0.008681405030065537,True,1.0,-0.008681405030065537,2.0756111904561845,0,0.0,-0.0,1.6251263137946739,0,1.0,-0.008681405030065537,2.1259031906828088,0,0.0,-0.0,0.9294623670639701,0,0.0,-0.0,0.7584268194098764,0,0.0,-0.0,0.9199837229656457,0,0.0,-0.0,1.4312132576377072,0,0.0,-0.0,1.893516604570678
2020-05-04,8871.96,-0.0024960198602229644,True,1.0,-0.0024960198602229644,2.070430423702705,0,0.0,-0.0,1.6251263137946739,0,1.0,-0.0024960198602229644,2.120596894097953,0,0.0,-0.0,0.9294623670639701,0,0.0,-0.0,0.7584268194098764,0,0.0,-0.0,0.9199837229656457,0,0.0,-0.0,1.4312132576377072,0,0.0,-0.0,1.893516604570678
2020-05-05,9021.83,0.016892546855486357,True,1.0,0.016892546855486357,2.105405266646127,0,0.0,0.0,1.6251263137946739,0,1.0,0.016892546855486357,2.1564191764931016,0,0.0,0.0,0.9294623670639701,0,0.0,0.0,0.7584268194098764,0,0.0,0.0,0.9199837229656457,0,0.0,0.0,1.4312132576377072,0,0.0,0.0,1.893516604570678
2020-05-06,9142.92,0.013421888907239499,True,1.0,0.013421888907239499,2.1336637822397684,0,0.0,0.0,1.6251263137946739,0,1.0,0.013421888907239499,2.185362395117433,0,0.0,0.0,0.9294623670639701,0,0.0,0.0,0.7584268194098764,0,0.0,0.0,0.9199837229656457,0,0.0,0.0,1.4312132576377072,0,0.0,0.0,1.893516604570678
2020-05-07,9986.4,0.09225499074693855,True,1.0,0.09225499074693855,2.330504914727376,0,0.0,0.0,1.6251263137946739,0,1.0,0.09225499074693855,2.3869729826576993,0,0.0,0.0,0.9294623670639701,0,0.0,0.0,0.7584268194098764,0,0.0,0.0,0.9199837229656457,0,0.0,0.0,1.4312132576377072,0,0.0,0.0,1.893516604570678
2020-05-08,9800.01,-0.018664383561643794,True,1.0,-0.018664383561643794,2.2870074771066085,0,0.0,-0.0,1.6251263137946739,0,1.0,-0.018664383561643794,2.342421603358095,0,0.0,-0.0,0.9294623670639701,0,0.0,-0.0,0.7584268194098764,0,0.0,-0.0,0.9199837229656457,0,0.0,-0.0,1.4312132576377072,0,0.0,-0.0,1.893516604570678
2020-05-09,9539.4,-0.02659283000731638,True,1.0,-0.02659283000731638,2.226189476042451,0,0.0,-0.0,1.6251263137946739,0,1.0,-0.02659283000731638,2.2801299838545277,0,0.0,-0.0,0.9294623670639701,0,0.0,-0.0,0.7584268194098764,0,0.0,-0.0,0.9199837229656457,0,0.0,-0.0,1.4312132576377072,0,0.0,-0.0,1.893516604570678
2020-05-10,8722.77,-0.0856060129567896,True,1.0,-0.0856060129567896,2.035614270912092,0,0.0,-0.0,1.6251263137946739,0,1.0,-0.0856060129567896,2.0849371469135125,0,0.0,-0.0,0.9294623670639701,0,0.0,-0.0,0.7584268194098764,0,0.0,-0.0,0.9199837229656457,0,0.0,-0.0,1.4312132576377072,0,0.0,-0.0,1.893516604570678
2020-05-11,8561.52,-0.018486100172307673,True,1.0,-0.018486100172307673,1.9979837015878321,0,0.0,-0.0,1.6251263137946739,0,1.0,-0.018486100172307673,2.046394789962704,0,0.0,-0.0,0.9294623670639701,0,0.0,-0.0,0.7584268194098764,0,0.0,-0.0,0.9199837229656457,0,0.0,-0.0,1.4312132576377072,0,0.0,-0.0,1.893516604570678
2020-05-12,8810.79,0.029115157121632596,True,1.0,0.029115157121632596,2.056155310986023,0,0.0,0.0,1.6251263137946739,0,1.0,0.029115157121632596,2.1059758958053583,0,0.0,0.0,0.9294623670639701,0,0.0,0.0,0.7584268194098764,0,0.0,0.0,0.9199837229656457,0,0.0,0.0,1.4312132576377072,0,0.0,0.0,1.893516604570678
2020-05-13,9309.37,0.0565874342709336,True,1.0,0.0565874342709336,2.1725078644972755,0,0.0,0.0,1.6251263137946739,0,1.0,0.0565874342709336,2.2251476683854143,0,0.0,0.0,0.9294623670639701,0,0.0,0.0,0.7584268194098764,0,0.0,0.0,0.9199837229656457,0,0.0,0.0,1.4312132576377072,0,0.0,0.0,1.893516604570678
2020-05-14,9791.98,0.051841316866769516,True,1.0,0.051841316866769516,2.2851335330962277,0,0.0,0.0,1.6251263137946739,0,1.0,0.051841316866769516,2.340502253737536,0,0.0,0.0,0.9294623670639701,0,0.0,0.0,0.7584268194098764,0,0.0,0.0,0.9199837229656457,0,0.0,0.0,1.4312132576377072,0,0.0,0.0,1.893516604570678
2020-05-15,9316.42,-0.048566275666412695,True,1.0,-0.048566275666412695,2.1741531079933125,0,0.0,-0.0,1.6251263137946739,0,1.0,-0.048566275666412695,2.2268327760846587,0,0.0,-0.0,0.9294623670639701,0,0.0,-0.0,0.7584268194098764,0,0.0,-0.0,0.9199837229656457,0,0.0,-0.0,1.4312132576377072,0,0.0,-0.0,1.893516604570678
2020-05-16,9381.27,0.006960828300999866,True,1.0,0.006960828300999866,2.1892870144781393,0,0.0,0.0,1.6251263137946739,0,1.0,0.006960828300999866,2.242333376694023,0,0.0,0.0,0.9294623670639701,0,0.0,0.0,0.7584268194098764,0,0.0,0.0,0.9199837229656457,0,0.0,0.0,1.4312132576377072,0,0.0,0.0,1.893516604570678
2020-05-17,9680.04,0.031847500391738004,True,1.0,0.031847500391738004,2.2590103335293588,0,0.0,0.0,1.6251263137946739,0,1.0,0.031847500391738004,2.3137460897866933,0,0.0,0.0,0.9294623670639701,0,0.0,0.0,0.7584268194098764,0,0.0,0.0,0.9199837229656457,0,0.0,0.0,1.4312132576377072,0,0.0,0.0,1.893516604570678
2020-05-18,9733.93,0.005567125755678637,True,1.0,0.005567125755678637,2.271586528139494,0,0.0,0.0,1.6251263137946739,0,1.0,0.005567125755678637,2.3266270052352453,0,0.0,0.0,0.9294623670639701,0,0.0,0.0,0.7584268194098764,0,0.0,0.0,0.9199837229656457,0,0.0,0.0,1.4312132576377072,0,0.0,0.0,1.893516604570678
2020-05-19,9775.53,0.00427371061842452,True,1.0,0.00427371061842452,2.281294631605474,0,0.0,0.0,1.6251263137946739,0,1.0,0.00427371061842452,2.3365703357726324,0,0.0,0.0,0.9294623670639701,0,0.0,0.0,0.7584268194098764,0,0.0,0.0,0.9199837229656457,0,0.0,0.0,1.4312132576377072,0,0.0,0.0,1.893516604570678
2020-05-20,9511.43,-0.027016437983413688,True,1.0,-0.027016437983413688,2.2196621766688103,0,0.0,-0.0,1.6251263137946739,0,0.0,-0.001,2.33423376543686,0,0.0,-0.0,0.9294623670639701,0,0.0,-0.0,0.7584268194098764,0,0.0,-0.0,0.9199837229656457,0,0.0,-0.0,1.4312132576377072,0,0.0,-0.0,1.893516604570678
2020-05-21,9068.65,-0.04655241115163555,True,1.0,-0.04655241115163555,2.1163315504027893,0,0.0,-0.0,1.6251263137946739,0,0.0,-0.0,2.33423376543686,0,0.0,-0.0,0.9294623670639701,0,0.0,-0.0,0.7584268194098764,0,0.0,-0.0,0.9199837229656457,0,0.0,-0.0,1.4312132576377072,0,0.0,-0.0,1.893516604570678
2020-05-22,9170.0,0.011175864103256883,True,1.0,0.011175864103256883,2.1399833842075258,0,0.0,0.0,1.6251263137946739,0,0.0,0.0,2.33423376543686,0,0.0,0.0,0.9294623670639701,0,0.0,0.0,0.7584268194098764,0,0.0,0.0,0.9199837229656457,0,0.0,0.0,1.4312132576377072,0,0.0,0.0,1.893516604570678
2020-05-23,9179.15,0.000997818974918241,True,1.0,0.000997818974918241,2.1421187002342976,0,0.0,0.0,1.6251263137946739,0,0.0,0.0,2.33423376543686,0,0.0,0.0,0.9294623670639701,0,0.0,0.0,0.7584268194098764,0,0.0,0.0,0.9199837229656457,0,0.0,0.0,1.4312132576377072,0,0.0,0.0,1.893516604570678
2020-05-24,8720.34,-0.04998393097400078,False,1.0,-0.04998393097400078,2.0350471869836704,0,0.0,-0.0,1.6251263137946739,0,0.0,-0.0,2.33423376543686,0,0.0,-0.0,0.9294623670639701,0,0.0,-0.0,0.7584268194098764,0,0.0,-0.0,0.9199837229656457,0,0.0,-0.0,1.4312132576377072,0,0.0,-0.0,1.893516604570678
2020-05-25,8900.35,0.020642543754027853,False,1.0,0.020642543754027853,2.077055737582492,0,0.0,0.0,1.6251263137946739,0,0.0,0.0,2.33423376543686,0,0.0,0.0,0.9294623670639701,0,0.0,0.0,0.7584268194098764,0,0.0,0.0,0.9199837229656457,0,0.0,0.0,1.4312132576377072,0,0.0,0.0,1.893516604570678
2020-05-26,8841.18,-0.006648053166448564,False,1.0,-0.006648053166448564,2.0632473606093664,0,0.0,-0.0,1.6251263137946739,0,0.0,-0.0,2.33423376543686,0,0.0,-0.0,0.9294623670639701,0,0.0,-0.0,0.7584268194098764,0,0.0,-0.0,0.9199837229656457,0,0.0,-0.0,1.4312132576377072,0,0.0,-0.0,1.893516604570678
2020-05-27,9204.07,0.04104542606303685,False,1.0,0.04104542606303685,2.147934227599014,0,0.0,0.0,1.6251263137946739,0,0.0,0.0,2.33423376543686,0,0.0,0.0,0.9294623670639701,0,0.0,0.0,0.7584268194098764,0,0.0,0.0,0.9199837229656457,0,0.0,0.0,1.4312132576377072,0,0.0,0.0,1.893516604570678
2020-05-28,9575.89,0.04039734595673439,False,1.0,0.04039734595673439,2.2347050696836424,0,0.0,0.0,1.6251263137946739,0,0.0,0.0,2.33423376543686,0,0.0,0.0,0.9294623670639701,0,0.0,0.0,0.7584268194098764,0,0.0,0.0,0.9199837229656457,0,0.0,0.0,1.4312132576377072,0,0.0,0.0,1.893516604570678
2020-05-29,9427.07,-0.015541114194085326,False,1.0,-0.015541114194085326,2.1999752630055873,0,0.0,-0.0,1.6251263137946739,0,0.0,-0.0,2.33423376543686,0,0.0,-0.0,0.9294623670639701,0,0.0,-0.0,0.7584268194098764,0,0.0,-0.0,0.9199837229656457,0,0.0,-0.0,1.4312132576377072,0,0.0,-0.0,1.893516604570678
2020-05-30,9697.72,0.02870987486037535,True,1.0,0.02870987486037535,2.263136277502399,0,0.0,0.0,1.6251263137946739,0,0.0,0.0,2.33423376543686,0,0.0,0.0,0.9294623670639701,0,0.0,0.0,0.7584268194098764,0,0.0,0.0,0.9199837229656457,0,0.0,0.0,1.4312132576377072,0,0.0,0.0,1.893516604570678
2020-05-31,9448.27,-0.025722540968392438,True,1.0,-0.025722540968392438,2.2049226618872884,0,0.0,-0.0,1.6251263137946739,0,0.0,-0.0,2.33423376543686,0,0.0,-0.0,0.9294623670639701,0,0.0,-0.0,0.7584268194098764,0,0.0,-0.0,0.9199837229656457,0,0.0,-0.0,1.4312132576377072,0,0.0,-0.0,1.893516604570678
2020-06-01,10200.77,0.07964420999823241,True,1.0,0.07964420999823241,2.380531985400501,0,0.0,0.0,1.6251263137946739,0,0.0,0.0,2.33423376543686,0,0.0,0.0,0.9294623670639701,0,0.0,0.0,0.7584268194098764,0,0.0,0.0,0.9199837229656457,0,0.0,0.0,1.4312132576377072,0,0.0,0.0,1.893516604570678
2020-06-02,9518.04,-0.06692926122243703,True,1.0,-0.06692926122243703,2.2212047383012643,0,0.0,-0.0,1.6251263137946739,0,0.0,-0.0,2.33423376543686,0,0.0,-0.0,0.9294623670639701,0,0.0,-0.0,0.7584268194098764,0,0.0,-0.0,0.9199837229656457,0,0.0,-0.0,1.4312132576377072,0,0.0,-0.0,1.893516604570678
2020-06-03,9666.24,0.015570432568049686,False,1.0,0.015570432568049686,2.2557898568988164,0,0.0,0.0,1.6251263137946739,0,0.0,0.0,2.33423376543686,0,0.0,0.0,0.9294623670639701,0,0.0,0.0,0.7584268194098764,0,0.0,0.0,0.9199837229656457,0,0.0,0.0,1.4312132576377072,0,0.0,0.0,1.893516604570678
2020-06-04,9789.06,0.01270607806137658,True,1.0,0.01270607806137658,2.2844520989106343,0,0.0,0.0,1.6251263137946739,0,0.0,0.0,2.33423376543686,0,0.0,0.0,0.9294623670639701,0,0.0,0.0,0.7584268194098764,0,0.0,0.0,0.9199837229656457,0,0.0,0.0,1.4312132576377072,0,0.0,0.0,1.893516604570678
2020-06-05,9621.16,-0.01715180007069117,True,1.0,-0.01715180007069117,2.2452696332390483,0,0.0,-0.0,1.6251263137946739,0,0.0,-0.0,2.33423376543686,0,0.0,-0.0,0.9294623670639701,0,0.0,-0.0,0.7584268194098764,0,0.0,-0.0,0.9199837229656457,0,0.0,-0.0,1.4312132576377072,0,0.0,-0.0,1.893516604570678
2020-06-06,9666.3,0.004691741952113748,False,1.0,0.004691741952113748,2.255803858971123,0,0.0,0.0,1.6251263137946739,0,0.0,0.0,2.33423376543686,0,0.0,0.0,0.9294623670639701,0,0.0,0.0,0.7584268194098764,0,0.0,0.0,0.9199837229656457,0,0.0,0.0,1.4312132576377072,0,0.0,0.0,1.893516604570678
2020-06-07,9746.99,0.00834755801082121,True,1.0,0.00834755801082121,2.2746343125449187,0,0.0,0.0,1.6251263137946739,0,0.0,0.0,2.33423376543686,0,0.0,0.0,0.9294623670639701,0,0.0,0.0,0.7584268194098764,0,0.0,0.0,0.9199837229656457,0,0.0,0.0,1.4312132576377072,0,0.0,0.0,1.893516604570678
2020-06-08,9782.01,0.0035929040657680655,True,1.0,0.0035929040657680655,2.282806855414597,0,0.0,0.0,1.6251263137946739,0,0.0,0.0,2.33423376543686,0,0.0,0.0,0.9294623670639701,0,0.0,0.0,0.7584268194098764,0,0.0,0.0,0.9199837229656457,0,0.0,0.0,1.4312132576377072,0,0.0,0.0,1.893516604570678
2020-06-09,9772.43,-0.0009793488250369187,True,1.0,-0.0009793488250369187,2.2805711912029603,0,0.0,-0.0,1.6251263137946739,0,0.0,-0.0,2.33423376543686,0,0.0,-0.0,0.9294623670639701,0,0.0,-0.0,0.7584268194098764,0,0.0,-0.0,0.9199837229656457,0,0.0,-0.0,1.4312132576377072,0,0.0,-0.0,1.893516604570678
2020-06-10,9885.0,0.011519141093873309,True,1.0,0.011519141093873309,2.30684141252905,0,0.0,0.0,1.6251263137946739,0,0.0,0.0,2.33423376543686,0,0.0,0.0,0.9294623670639701,0,0.0,0.0,0.7584268194098764,0,0.0,0.0,0.9199837229656457,0,0.0,0.0,1.4312132576377072,0,0.0,0.0,1.893516604570678
2020-06-11,9280.4,-0.061163378856853856,True,1.0,-0.061163378856853856,2.165747197251856,0,0.0,-0.0,1.6251263137946739,0,0.0,-0.0,2.33423376543686,0,0.0,-0.0,0.9294623670639701,0,0.0,-0.0,0.7584268194098764,0,0.0,-0.0,0.9199837229656457,0,0.0,-0.0,1.4312132576377072,0,0.0,-0.0,1.893516604570678
2020-06-12,9465.13,0.019905392008965128,True,1.0,0.019905392008965128,2.2088572442054715,0,0.0,0.0,1.6251263137946739,0,0.0,0.0,2.33423376543686,0,0.0,0.0,0.9294623670639701,0,0.0,0.0,0.7584268194098764,0,0.0,0.0,0.9199837229656457,0,0.0,0.0,1.4312132576377072,0,0.0,0.0,1.893516604570678
2020-06-13,9473.34,0.0008673943199934975,True,1.0,0.0008673943199934975,2.2107731944327718,0,0.0,0.0,1.6251263137946739,0,0.0,0.0,2.33423376543686,0,0.0,0.0,0.9294623670639701,0,0.0,0.0,0.7584268194098764,0,0.0,0.0,0.9199837229656457,0,0.0,0.0,1.4312132576377072,0,0.0,0.0,1.893516604570678
2020-06-14,9342.1,-0.013853614459103047,True,1.0,-0.013853614459103047,2.1801459949405806,0,0.0,-0.0,1.6251263137946739,0,0.0,-0.0,2.33423376543686,0,0.0,-0.0,0.9294623670639701,0,0.0,-0.0,0.7584268194098764,0,0.0,-0.0,0.9199837229656457,0,0.0,-0.0,1.4312132576377072,0,0.0,-0.0,1.893516604570678
2020-06-15,9426.02,0.008982990976333038,True,1.0,0.008982990976333038,2.1997302267402206,0,0.0,0.0,1.6251263137946739,0,0.0,0.0,2.33423376543686,0,0.0,0.0,0.9294623670639701,0,0.0,0.0,0.7584268194098764,0,0.0,0.0,0.9199837229656457,0,0.0,0.0,1.4312132576377072,0,0.0,0.0,1.893516604570678
2020-06-16,9525.59,0.010563313041983768,True,1.0,0.010563313041983768,2.2229666657331912,0,0.0,0.0,1.6251263137946739,0,0.0,0.0,2.33423376543686,0,0.0,0.0,0.9294623670639701,0,0.0,0.0,0.7584268194098764,0,0.0,0.0,0.9199837229656457,0,0.0,0.0,1.4312132576377072,0,0.0,0.0,1.893516604570678
2020-06-17,9465.14,-0.006346063603409391,False,1.0,-0.006346063603409391,2.2088595778841893,0,0.0,-0.0,1.6251263137946739,0,0.0,-0.0,2.33423376543686,0,0.0,-0.0,0.9294623670639701,0,0.0,-0.0,0.7584268194098764,0,0.0,-0.0,0.9199837229656457,0,0.0,-0.0,1.4312132576377072,0,0.0,-0.0,1.893516604570678
2020-06-18,9386.32,-0.00832739927777082,False,1.0,-0.00832739927777082,2.1904655222306193,0,0.0,-0.0,1.6251263137946739,0,0.0,-0.0,2.33423376543686,0,0.0,-0.0,0.9294623670639701,0,0.0,-0.0,0.7584268194098764,0,0.0,-0.0,0.9199837229656457,0,0.0,-0.0,1.4312132576377072,0,0.0,-0.0,1.893516604570678
2020-06-19,9310.23,-0.008106478364257819,False,1.0,-0.008106478364257819,2.172708560867004,0,0.0,-0.0,1.6251263137946739,0,0.0,-0.0,2.33423376543686,0,0.0,-0.0,0.9294623670639701,0,0.0,-0.0,0.7584268194098764,0,0.0,-0.0,0.9199837229656457,0,0.0,-0.0,1.4312132576377072,0,0.0,-0.0,1.893516604570678
2020-06-20,9358.95,0.005232953428647935,False,1.0,0.005232953428647935,2.184078243580046,0,0.0,0.0,1.6251263137946739,0,0.0,0.0,2.33423376543686,0,0.0,0.0,0.9294623670639701,0,0.0,0.0,0.7584268194098764,0,0.0,0.0,0.9199837229656457,0,0.0,0.0,1.4312132576377072,0,0.0,0.0,1.893516604570678
2020-06-21,9294.69,-0.006866154857115392,False,1.0,-0.006866154857115392,2.1690820241395685,0,0.0,-0.0,1.6251263137946739,0,0.0,-0.0,2.33423376543686,0,0.0,-0.0,0.9294623670639701,0,0.0,-0.0,0.7584268194098764,0,0.0,-0.0,0.9199837229656457,0,0.0,-0.0,1.4312132576377072,0,0.0,-0.0,1.893516604570678
2020-06-22,9685.69,0.04206702966962861,True,1.0,0.04206702966962861,2.260328862004906,0,0.0,0.0,1.6251263137946739,0,0.0,0.0,2.33423376543686,0,0.0,0.0,0.9294623670639701,0,0.0,0.0,0.7584268194098764,0,0.0,0.0,0.9199837229656457,0,0.0,0.0,1.4312132576377072,0,0.0,0.0,1.893516604570678
2020-06-23,9624.89,-0.006277301875240782,False,1.0,-0.006277301875240782,2.246140095400782,0,0.0,-0.0,1.6251263137946739,0,0.0,-0.0,2.33423376543686,0,0.0,-0.0,0.9294623670639701,0,0.0,-0.0,0.7584268194098764,0,0.0,-0.0,0.9199837229656457,0,0.0,-0.0,1.4312132576377072,0,0.0,-0.0,1.893516604570678
2020-06-24,9296.49,-0.03411987046085718,False,1.0,-0.03411987046085718,2.16950208630877,0,0.0,-0.0,1.6251263137946739,0,0.0,-0.0,2.33423376543686,0,0.0,-0.0,0.9294623670639701,0,0.0,-0.0,0.7584268194098764,0,0.0,-0.0,0.9199837229656457,0,0.0,-0.0,1.4312132576377072,0,0.0,-0.0,1.893516604570678
2020-06-25,9249.49,-0.005055671549154539,False,1.0,-0.005055671549154539,2.1585337963351874,0,0.0,-0.0,1.6251263137946739,0,0.0,-0.0,2.33423376543686,0,0.0,-0.0,0.9294623670639701,0,0.0,-0.0,0.7584268194098764,0,0.0,-0.0,0.9199837229656457,0,0.0,-0.0,1.4312132576377072,0,0.0,-0.0,1.893516604570678
2020-06-26,9162.21,-0.009436195941614156,False,1.0,-0.009436195941614156,2.1381654484863724,0,0.0,-0.0,1.6251263137946739,0,0.0,-0.0,2.33423376543686,0,0.0,-0.0,0.9294623670639701,0,0.0,-0.0,0.7584268194098764,0,0.0,-0.0,0.9199837229656457,0,0.0,-0.0,1.4312132576377072,0,0.0,-0.0,1.893516604570678
2020-06-27,9012.0,-0.01639451617022525,False,1.0,-0.01639451617022525,2.1031112604665454,0,0.0,-0.0,1.6251263137946739,0,0.0,-0.0,2.33423376543686,0,0.0,-0.0,0.9294623670639701,0,0.0,-0.0,0.7584268194098764,0,0.0,-0.0,0.9199837229656457,0,0.0,-0.0,1.4312132576377072,0,0.0,-0.0,1.893516604570678
2020-06-28,9116.35,0.011579005770084416,False,1.0,0.011579005770084416,2.127463197886617,0,0.0,0.0,1.6251263137946739,0,0.0,0.0,2.33423376543686,0,0.0,0.0,0.9294623670639701,0,0.0,0.0,0.7584268194098764,0,0.0,0.0,0.9199837229656457,0,0.0,0.0,1.4312132576377072,0,0.0,0.0,1.893516604570678
2020-06-29,9192.56,0.008359705364537229,False,1.0,0.008359705364537229,2.1452481633948453,0,0.0,0.0,1.6251263137946739,0,0.0,0.0,2.33423376543686,0,0.0,0.0,0.9294623670639701,0,0.0,0.0,0.7584268194098764,0,0.0,0.0,0.9199837229656457,0,0.0,0.0,1.4312132576377072,0,0.0,0.0,1.893516604570678
2020-06-30,9138.55,-0.005875403587248806,False,1.0,-0.005875403587248806,2.132643964640096,0,0.0,-0.0,1.6251263137946739,0,0.0,-0.0,2.33423376543686,0,0.0,-0.0,0.9294623670639701,0,0.0,-0.0,0.7584268194098764,0,0.0,-0.0,0.9199837229656457,0,0.0,-0.0,1.4312132576377072,0,0.0,-0.0,1.893516604570678
2020-07-01,9232.0,0.010225911112813346,False,1.0,0.010225911112813346,2.1544521922577835,0,0.0,0.0,1.6251263137946739,0,0.0,0.0,2.33423376543686,0,0.0,0.0,0.9294623670639701,0,0.0,0.0,0.7584268194098764,0,0.0,0.0,0.9199837229656457,0,0.0,0.0,1.4312132576377072,0,0.0,0.0,1.893516604570678
2020-07-02,9086.54,-0.01575606585788547,False,1.0,-0.01575606585788547,2.120506501628904,0,0.0,-0.0,1.6251263137946739,0,0.0,-0.0,2.33423376543686,0,0.0,-0.0,0.9294623670639701,0,0.0,-0.0,0.7584268194098764,0,0.0,-0.0,0.9199837229656457,0,0.0,-0.0,1.4312132576377072,0,0.0,-0.0,1.893516604570678
2020-07-03,9058.26,-0.0031122957693467956,False,1.0,-0.0031122957693467956,2.113906858215012,0,0.0,-0.0,1.6251263137946739,0,0.0,-0.0,2.33423376543686,0,0.0,-0.0,0.9294623670639701,0,0.0,-0.0,0.7584268194098764,0,0.0,-0.0,0.9199837229656457,0,0.0,-0.0,1.4312132576377072,0,0.0,-0.0,1.893516604570678
2020-07-04,9135.46,0.00852260809471117,False,1.0,0.00852260809471117,2.1319228579163005,0,0.0,0.0,1.6251263137946739,0,0.0,0.0,2.33423376543686,0,0.0,0.0,0.9294623670639701,0,0.0,0.0,0.7584268194098764,0,0.0,0.0,0.9199837229656457,0,0.0,0.0,1.4312132576377072,0,0.0,0.0,1.893516604570678
2020-07-05,9069.41,-0.007230068327155892,False,1.0,-0.007230068327155892,2.11650890998534,0,0.0,-0.0,1.6251263137946739,0,0.0,-0.0,2.33423376543686,0,0.0,-0.0,0.9294623670639701,0,0.0,-0.0,0.7584268194098764,0,0.0,-0.0,0.9199837229656457,0,0.0,-0.0,1.4312132576377072,0,0.0,-0.0,1.893516604570678
2020-07-06,9344.2,0.03029855304810347,False,1.0,0.03029855304810347,2.1806360674713146,0,0.0,0.0,1.6251263137946739,0,0.0,0.0,2.33423376543686,0,0.0,0.0,0.9294623670639701,0,0.0,0.0,0.7584268194098764,0,0.0,0.0,0.9199837229656457,0,0.0,0.0,1.4312132576377072,0,0.0,0.0,1.893516604570678
2020-07-07,9257.39,-0.009290254917489027,False,1.0,-0.009290254917489027,2.160377402522235,0,0.0,-0.0,1.6251263137946739,0,0.0,-0.0,2.33423376543686,0,0.0,-0.0,0.9294623670639701,0,0.0,-0.0,0.7584268194098764,0,0.0,-0.0,0.9199837229656457,0,0.0,-0.0,1.4312132576377072,0,0.0,-0.0,1.893516604570678
2020-07-08,9436.06,0.019300256335749166,True,1.0,0.019300256335749166,2.202073240172874,0,0.0,0.0,1.6251263137946739,0,0.0,0.0,2.33423376543686,0,0.0,0.0,0.9294623670639701,0,0.0,0.0,0.7584268194098764,0,0.0,0.0,0.9199837229656457,0,0.0,0.0,1.4312132576377072,0,0.0,0.0,1.893516604570678
2020-07-09,9232.43,-0.021579981475319032,False,1.0,-0.021579981475319032,2.1545525404426478,0,0.0,-0.0,1.6251263137946739,0,0.0,-0.0,2.33423376543686,0,0.0,-0.0,0.9294623670639701,0,0.0,-0.0,0.7584268194098764,0,0.0,-0.0,0.9199837229656457,0,0.0,-0.0,1.4312132576377072,0,0.0,-0.0,1.893516604570678
2020-07-10,9288.34,0.006055827122436908,False,1.0,0.006055827122436908,2.1676001381537757,0,0.0,0.0,1.6251263137946739,0,0.0,0.0,2.33423376543686,0,0.0,0.0,0.9294623670639701,0,0.0,0.0,0.7584268194098764,0,0.0,0.0,0.9199837229656457,0,0.0,0.0,1.4312132576377072,0,0.0,0.0,1.893516604570678
2020-07-11,9234.03,-0.00584711584631914,False,1.0,-0.00584711584631914,2.154925929037493,0,0.0,-0.0,1.6251263137946739,0,0.0,-0.0,2.33423376543686,0,0.0,-0.0,0.9294623670639701,0,0.0,-0.0,0.7584268194098764,0,0.0,-0.0,0.9199837229656457,0,0.0,-0.0,1.4312132576377072,0,0.0,-0.0,1.893516604570678
2020-07-12,9302.75,0.007442037766825393,False,1.0,0.007442037766825393,2.1709629691861014,0,0.0,0.0,1.6251263137946739,0,0.0,0.0,2.33423376543686,0,0.0,0.0,0.9294623670639701,0,0.0,0.0,0.7584268194098764,0,0.0,0.0,0.9199837229656457,0,0.0,0.0,1.4312132576377072,0,0.0,0.0,1.893516604570678
2020-07-13,9242.62,-0.006463680094595636,False,1.0,-0.006463680094595636,2.156930559056069,0,0.0,-0.0,1.6251263137946739,0,0.0,-0.0,2.33423376543686,0,0.0,-0.0,0.9294623670639701,0,0.0,-0.0,0.7584268194098764,0,0.0,-0.0,0.9199837229656457,0,0.0,-0.0,1.4312132576377072,0,0.0,-0.0,1.893516604570678
2020-07-14,9255.85,0.0014314123051688554,False,1.0,0.0014314123051688554,2.1600180159996967,0,0.0,0.0,1.6251263137946739,0,0.0,0.0,2.33423376543686,0,0.0,0.0,0.9294623670639701,0,0.0,0.0,0.7584268194098764,0,0.0,0.0,0.9199837229656457,0,0.0,0.0,1.4312132576377072,0,0.0,0.0,1.893516604570678
2020-07-15,9197.6,-0.006293317199392856,False,1.0,-0.006293317199392856,2.1464243374686074,0,0.0,-0.0,1.6251263137946739,0,0.0,-0.0,2.33423376543686,0,0.0,-0.0,0.9294623670639701,0,0.0,-0.0,0.7584268194098764,0,0.0,-0.0,0.9199837229656457,0,0.0,-0.0,1.4312132576377072,0,0.0,-0.0,1.893516604570678
2020-07-16,9133.72,-0.006945290075672017,False,1.0,-0.006945290075672017,2.1315167978194056,0,0.0,-0.0,1.6251263137946739,0,0.0,-0.0,2.33423376543686,0,0.0,-0.0,0.9294623670639701,0,0.0,-0.0,0.7584268194098764,0,0.0,-0.0,0.9199837229656457,0,0.0,-0.0,1.4312132576377072,0,0.0,-0.0,1.893516604570678
2020-07-17,9154.32,0.0022553789693575688,True,1.0,0.0022553789693575688,2.13632417597804,0,0.0,0.0,1.6251263137946739,0,0.0,0.0,2.33423376543686,0,0.0,0.0,0.9294623670639701,0,0.0,0.0,0.7584268194098764,0,0.0,0.0,0.9199837229656457,0,0.0,0.0,1.4312132576377072,0,0.0,0.0,1.893516604570678
2020-07-18,9170.28,0.0017434391631492296,True,1.0,0.0017434391631492296,2.1400487272116226,0,0.0,0.0,1.6251263137946739,0,0.0,0.0,2.33423376543686,0,0.0,0.0,0.9294623670639701,0,0.0,0.0,0.7584268194098764,0,0.0,0.0,0.9199837229656457,0,0.0,0.0,1.4312132576377072,0,0.0,0.0,1.893516604570678
2020-07-19,9208.99,0.00422124515281963,True,1.0,0.00422124515281963,2.1490823975281623,0,0.0,0.0,1.6251263137946739,0,0.0,0.0,2.33423376543686,0,0.0,0.0,0.9294623670639701,0,0.0,0.0,0.7584268194098764,0,0.0,0.0,0.9199837229656457,0,0.0,0.0,1.4312132576377072,0,0.0,0.0,1.893516604570678
2020-07-20,9160.78,-0.005235101786406404,True,1.0,-0.005235101786406404,2.1378317324297282,0,0.0,-0.0,1.6251263137946739,0,0.0,-0.0,2.33423376543686,0,0.0,-0.0,0.9294623670639701,0,0.0,-0.0,0.7584268194098764,0,0.0,-0.0,0.9199837229656457,0,0.0,-0.0,1.4312132576377072,0,0.0,-0.0,1.893516604570678
2020-07-21,9390.0,0.02502188678256645,True,1.0,0.02502188678256645,2.191324315998763,0,0.0,0.0,1.6251263137946739,0,0.0,0.0,2.33423376543686,0,0.0,0.0,0.9294623670639701,0,0.0,0.0,0.7584268194098764,0,0.0,0.0,0.9199837229656457,0,0.0,0.0,1.4312132576377072,0,0.0,0.0,1.893516604570678
2020-07-22,9518.16,0.013648562300319522,True,1.0,0.013648562300319522,2.2212327424458773,0,0.0,0.0,1.6251263137946739,0,0.0,0.0,2.33423376543686,0,0.0,0.0,0.9294623670639701,0,0.0,0.0,0.7584268194098764,0,0.0,0.0,0.9199837229656457,0,0.0,0.0,1.4312132576377072,0,0.0,0.0,1.893516604570678
2020-07-23,9603.27,0.00894185430797556,True,1.0,0.00894185430797556,2.241094682012933,0,0.0,0.0,1.6251263137946739,0,0.0,0.0,2.33423376543686,0,0.0,0.0,0.9294623670639701,0,0.0,0.0,0.7584268194098764,0,0.0,0.0,0.9199837229656457,0,0.0,0.0,1.4312132576377072,0,0.0,0.0,1.893516604570678
2020-07-24,9537.8,-0.006817469466129933,True,1.0,-0.006817469466129933,2.225816087447604,0,0.0,-0.0,1.6251263137946739,0,0.0,-0.0,2.33423376543686,0,0.0,-0.0,0.9294623670639701,0,0.0,-0.0,0.7584268194098764,0,0.0,-0.0,0.9199837229656457,0,0.0,-0.0,1.4312132576377072,0,0.0,-0.0,1.893516604570678
2020-07-25,9700.42,0.01705005347145061,True,1.0,0.01705005347145061,2.2637663707562004,0,0.0,0.0,1.6251263137946739,0,0.0,0.0,2.33423376543686,0,0.0,0.0,0.9294623670639701,0,0.0,0.0,0.7584268194098764,0,0.0,0.0,0.9199837229656457,0,0.0,0.0,1.4312132576377072,0,0.0,0.0,1.893516604570678
2020-07-26,9931.54,0.023825772492325203,True,1.0,0.023825772492325203,2.3177023532816143,0,0.0,0.0,1.6251263137946739,0,0.0,0.0,2.33423376543686,0,0.0,0.0,0.9294623670639701,0,0.0,0.0,0.7584268194098764,0,0.0,0.0,0.9199837229656457,0,0.0,0.0,1.4312132576377072,0,0.0,0.0,1.893516604570678
2020-07-27,11029.96,0.11059916186210783,True,1.0,0.11059916186210783,2.5740382910003956,0,0.0,0.0,1.6251263137946739,1,0.0,0.0,2.33423376543686,0,0.0,0.0,0.9294623670639701,0,0.0,0.0,0.7584268194098764,0,0.0,0.0,0.9199837229656457,0,0.0,0.0,1.4312132576377072,0,0.0,0.0,1.893516604570678
2020-07-28,10906.27,-0.011214002589311156,True,1.0,-0.011214002589311156,2.545173018940131,0,0.0,-0.0,1.6251263137946739,0,1.0,-0.012214002589311157,2.3057234281817567,0,0.0,-0.0,0.9294623670639701,0,0.0,-0.0,0.7584268194098764,0,0.0,-0.0,0.9199837229656457,0,0.0,-0.0,1.4312132576377072,0,0.0,-0.0,1.893516604570678
2020-07-29,11100.53,0.017811772494170874,True,1.0,0.017811772494170874,2.5905070617117945,0,0.0,0.0,1.6251263137946739,0,1.0,0.017811772494170874,2.3467924493190098,0,0.0,0.0,0.9294623670639701,0,0.0,0.0,0.7584268194098764,0,0.0,0.0,0.9199837229656457,0,0.0,0.0,1.4312132576377072,0,0.0,0.0,1.893516604570678
2020-07-30,11099.61,-8.287892560088217e-05,True,1.0,-8.287892560088217e-05,2.590292363269758,0,0.0,-0.0,1.6251263137946739,0,1.0,-8.287892560088217e-05,2.346597949682202,0,0.0,-0.0,0.9294623670639701,0,0.0,-0.0,0.7584268194098764,0,0.0,-0.0,0.9199837229656457,0,0.0,-0.0,1.4312132576377072,0,0.0,-0.0,1.893516604570678
2020-07-31,11335.46,0.021248494316466804,True,1.0,0.021248494316466804,2.645332175828683,0,0.0,0.0,1.6251263137946739,0,1.0,0.021248494316466804,2.396459622879057,0,0.0,0.0,0.9294623670639701,0,0.0,0.0,0.7584268194098764,0,0.0,0.0,0.9199837229656457,0,0.0,0.0,1.4312132576377072,0,0.0,0.0,1.893516604570678
2020-08-01,11801.17,0.04108434946618855,True,1.0,0.04108434946618855,2.7540139273945816,0,0.0,0.0,1.6251263137946739,0,1.0,0.04108434946618855,2.4949166075070304,0,0.0,0.0,0.9294623670639701,0,0.0,0.0,0.7584268194098764,0,0.0,0.0,0.9199837229656457,0,0.0,0.0,1.4312132576377072,0,0.0,0.0,1.893516604570678
2020-08-02,11071.35,-0.06184302064964742,True,1.0,-0.06184302064964742,2.5836973872133018,0,0.0,-0.0,1.6251263137946739,0,1.0,-0.06184302064964742,2.340623428229825,0,0.0,-0.0,0.9294623670639701,0,0.0,-0.0,0.7584268194098764,0,0.0,-0.0,0.9199837229656457,0,0.0,-0.0,1.4312132576377072,0,0.0,-0.0,1.893516604570678
2020-08-03,11219.81,0.013409385485961378,True,1.0,0.013409385485961378,2.618343181457516,0,0.0,0.0,1.6251263137946739,0,1.0,0.013409385485961378,2.372009750056431,0,0.0,0.0,0.9294623670639701,0,0.0,0.0,0.7584268194098764,0,0.0,0.0,0.9199837229656457,0,0.0,0.0,1.4312132576377072,0,0.0,0.0,1.893516604570678
2020-08-04,11191.97,-0.0024813254413399433,True,1.0,-0.0024813254413399433,2.6118462199072066,0,0.0,-0.0,1.6251263137946739,0,1.0,-0.0024813254413399433,2.3661240219165096,0,0.0,-0.0,0.9294623670639701,0,0.0,-0.0,0.7584268194098764,0,0.0,-0.0,0.9199837229656457,0,0.0,-0.0,1.4312132576377072,0,0.0,-0.0,1.893516604570678
2020-08-05,11744.91,0.04940506452393989,True,1.0,0.04940506452393989,2.7408846509283307,0,0.0,0.0,1.6251263137946739,0,1.0,0.04940506452393989,2.483022531890939,0,0.0,0.0,0.9294623670639701,0,0.0,0.0,0.7584268194098764,0,0.0,0.0,0.9199837229656457,0,0.0,0.0,1.4312132576377072,0,0.0,0.0,1.893516604570678
2020-08-06,11762.46,0.0014942643238644582,True,1.0,0.0014942643238644582,2.7449802570780406,0,0.0,0.0,1.6251263137946739,0,1.0,0.0014942643238644582,2.486732823875695,0,0.0,0.0,0.9294623670639701,0,0.0,0.0,0.7584268194098764,0,0.0,0.0,0.9199837229656457,0,0.0,0.0,1.4312132576377072,0,0.0,0.0,1.893516604570678
2020-08-07,11594.23,-0.014302280305310222,True,1.0,-0.014302280305310222,2.705720780008768,0,0.0,-0.0,1.6251263137946739,0,1.0,-0.014302280305310222,2.451166873984209,0,0.0,-0.0,0.9294623670639701,0,0.0,-0.0,0.7584268194098764,0,0.0,-0.0,0.9199837229656457,0,0.0,-0.0,1.4312132576377072,0,0.0,-0.0,1.893516604570678
2020-08-08,11761.41,0.014419241295023477,True,1.0,0.014419241295023477,2.744735220812674,0,0.0,0.0,1.6251263137946739,0,1.0,0.014419241295023477,2.4865108405945557,0,0.0,0.0,0.9294623670639701,0,0.0,0.0,0.7584268194098764,0,0.0,0.0,0.9199837229656457,0,0.0,0.0,1.4312132576377072,0,0.0,0.0,1.893516604570678
2020-08-09,11681.68,-0.006778949122596689,True,1.0,-0.006778949122596689,2.7261288003957858,0,0.0,-0.0,1.6251263137946739,0,1.0,-0.006778949122596689,2.46965491011338,0,0.0,-0.0,0.9294623670639701,0,0.0,-0.0,0.7584268194098764,0,0.0,-0.0,0.9199837229656457,0,0.0,-0.0,1.4312132576377072,0,0.0,-0.0,1.893516604570678
2020-08-10,11892.92,0.018083015456680895,True,1.0,0.018083015456680895,2.775425429630246,0,0.0,0.0,1.6251263137946739,0,1.0,0.018083015456680895,2.5143137180256283,0,0.0,0.0,0.9294623670639701,0,0.0,0.0,0.7584268194098764,0,0.0,0.0,0.9199837229656457,0,0.0,0.0,1.4312132576377072,0,0.0,0.0,1.893516604570678
2020-08-11,11392.08,-0.04211245009635989,True,1.0,-0.04211245009635989,2.658545464728774,0,0.0,-0.0,1.6251263137946739,0,1.0,-0.04211245009635989,2.408429807048681,0,0.0,-0.0,0.9294623670639701,0,0.0,-0.0,0.7584268194098764,0,0.0,-0.0,0.9199837229656457,0,0.0,-0.0,1.4312132576377072,0,0.0,-0.0,1.893516604570678
2020-08-12,11564.33,0.015120153650606483,True,1.0,0.015120153650606483,2.698743080642596,0,0.0,0.0,1.6251263137946739,0,1.0,0.015120153650606483,2.4448456357879578,0,0.0,0.0,0.9294623670639701,0,0.0,0.0,0.7584268194098764,0,0.0,0.0,0.9199837229656457,0,0.0,0.0,1.4312132576377072,0,0.0,0.0,1.893516604570678
2020-08-13,11780.0,0.0186495888650704,True,1.0,0.0186495888650704,2.749073529549034,0,0.0,0.0,1.6251263137946739,0,1.0,0.0186495888650704,2.4904410017339647,0,0.0,0.0,0.9294623670639701,0,0.0,0.0,0.7584268194098764,0,0.0,0.0,0.9199837229656457,0,0.0,0.0,1.4312132576377072,0,0.0,0.0,1.893516604570678
2020-08-14,11760.54,-0.0016519524617996106,True,1.0,-0.0016519524617996106,2.7445321907642275,0,0.0,-0.0,1.6251263137946739,0,1.0,-0.0016519524617996106,2.4863269115901834,0,0.0,-0.0,0.9294623670639701,0,0.0,-0.0,0.7584268194098764,0,0.0,-0.0,0.9199837229656457,0,0.0,-0.0,1.4312132576377072,0,0.0,-0.0,1.893516604570678
2020-08-15,11852.4,0.007810865827589497,True,1.0,0.007810865827589497,2.765969363465787,0,0.0,0.0,1.6251263137946739,0,1.0,0.007810865827589497,2.5057472775001393,0,0.0,0.0,0.9294623670639701,0,0.0,0.0,0.7584268194098764,0,0.0,0.0,0.9199837229656457,0,0.0,0.0,1.4312132576377072,0,0.0,0.0,1.893516604570678
2020-08-16,11911.0,0.004944146333232036,True,1.0,0.004944146333232036,2.7796447207519983,0,0.0,0.0,1.6251263137946739,0,1.0,0.004944146333232036,2.5181360587141977,0,0.0,0.0,0.9294623670639701,0,0.0,0.0,0.7584268194098764,0,0.0,0.0,0.9199837229656457,0,0.0,0.0,1.4312132576377072,0,0.0,0.0,1.893516604570678
2020-08-17,12281.13,0.031074636890269458,True,1.0,0.031074636890269458,2.866021171133321,0,0.0,0.0,1.6251263137946739,0,0.0,-0.001,2.5156179226554833,0,0.0,0.0,0.9294623670639701,0,0.0,0.0,0.7584268194098764,0,0.0,0.0,0.9199837229656457,0,0.0,0.0,1.4312132576377072,0,0.0,0.0,1.893516604570678
2020-08-18,11945.01,-0.02736881703882288,True,1.0,-0.02736881703882288,2.7875815620711806,0,0.0,-0.0,1.6251263137946739,0,0.0,-0.0,2.5156179226554833,0,0.0,-0.0,0.9294623670639701,0,0.0,-0.0,0.7584268194098764,0,0.0,-0.0,0.9199837229656457,0,0.0,-0.0,1.4312132576377072,0,0.0,-0.0,1.893516604570678
2020-08-19,11754.59,-0.015941384728853314,True,1.0,-0.015941384728853314,2.743143651927146,0,0.0,-0.0,1.6251263137946739,0,0.0,-0.0,2.5156179226554833,0,0.0,-0.0,0.9294623670639701,0,0.0,-0.0,0.7584268194098764,0,0.0,-0.0,0.9199837229656457,0,0.0,-0.0,1.4312132576377072,0,0.0,-0.0,1.893516604570678
2020-08-20,11853.55,0.008418838938661244,True,1.0,0.008418838938661244,2.7662377365183315,0,0.0,0.0,1.6251263137946739,0,0.0,0.0,2.5156179226554833,0,0.0,0.0,0.9294623670639701,0,0.0,0.0,0.7584268194098764,0,0.0,0.0,0.9199837229656457,0,0.0,0.0,1.4312132576377072,0,0.0,0.0,1.893516604570678
2020-08-21,11531.34,-0.027182573996819448,False,1.0,-0.027182573996819448,2.6910442745526275,0,0.0,-0.0,1.6251263137946739,0,0.0,-0.0,2.5156179226554833,0,0.0,-0.0,0.9294623670639701,0,0.0,-0.0,0.7584268194098764,0,0.0,-0.0,0.9199837229656457,0,0.0,-0.0,1.4312132576377072,0,0.0,-0.0,1.893516604570678
2020-08-22,11662.96,0.01141411145625737,True,1.0,0.01141411145625737,2.7217601538360943,0,0.0,0.0,1.6251263137946739,0,0.0,0.0,2.5156179226554833,0,0.0,0.0,0.9294623670639701,0,0.0,0.0,0.7584268194098764,0,0.0,0.0,0.9199837229656457,0,0.0,0.0,1.4312132576377072,0,0.0,0.0,1.893516604570678
2020-08-23,11648.13,-0.001271546845740712,True,1.0,-0.001271546845740712,2.7182993082976212,0,0.0,-0.0,1.6251263137946739,0,0.0,-0.0,2.5156179226554833,0,0.0,-0.0,0.9294623670639701,0,0.0,-0.0,0.7584268194098764,0,0.0,-0.0,0.9199837229656457,0,0.0,-0.0,1.4312132576377072,0,0.0,-0.0,1.893516604570678
2020-08-24,11748.2,0.008591078567976362,True,1.0,0.008591078567976362,2.741652431226482,0,0.0,0.0,1.6251263137946739,0,0.0,0.0,2.5156179226554833,0,0.0,0.0,0.9294623670639701,0,0.0,0.0,0.7584268194098764,0,0.0,0.0,0.9199837229656457,0,0.0,0.0,1.4312132576377072,0,0.0,0.0,1.893516604570678
2020-08-25,11318.42,-0.03658262542346913,False,1.0,-0.03658262542346913,2.64135558729358,0,0.0,-0.0,1.6251263137946739,0,0.0,-0.0,2.5156179226554833,0,0.0,-0.0,0.9294623670639701,0,0.0,-0.0,0.7584268194098764,0,0.0,-0.0,0.9199837229656457,0,0.0,-0.0,1.4312132576377072,0,0.0,-0.0,1.893516604570678
2020-08-26,11461.43,0.012635155790295949,False,1.0,0.012635155790295949,2.674729526636603,0,0.0,0.0,1.6251263137946739,0,0.0,0.0,2.5156179226554833,0,0.0,0.0,0.9294623670639701,0,0.0,0.0,0.7584268194098764,0,0.0,0.0,0.9199837229656457,0,0.0,0.0,1.4312132576377072,0,0.0,0.0,1.893516604570678
2020-08-27,11330.38,-0.011434000818397072,False,1.0,-0.011434000818397072,2.644146667040049,0,0.0,-0.0,1.6251263137946739,0,0.0,-0.0,2.5156179226554833,0,0.0,-0.0,0.9294623670639701,0,0.0,-0.0,0.7584268194098764,0,0.0,-0.0,0.9199837229656457,0,0.0,-0.0,1.4312132576377072,0,0.0,-0.0,1.893516604570678
2020-08-28,11526.91,0.017345402360732898,False,1.0,0.017345402360732898,2.6900104548806496,0,0.0,0.0,1.6251263137946739,0,0.0,0.0,2.5156179226554833,0,0.0,0.0,0.9294623670639701,0,0.0,0.0,0.7584268194098764,0,0.0,0.0,0.9199837229656457,0,0.0,0.0,1.4312132576377072,0,0.0,0.0,1.893516604570678
2020-08-29,11465.84,-0.005298037375150777,False,1.0,-0.005298037375150777,2.6757586789511456,0,0.0,-0.0,1.6251263137946739,0,0.0,-0.0,2.5156179226554833,0,0.0,-0.0,0.9294623670639701,0,0.0,-0.0,0.7584268194098764,0,0.0,-0.0,0.9199837229656457,0,0.0,-0.0,1.4312132576377072,0,0.0,-0.0,1.893516604570678
2020-08-30,11711.16,0.021395728529266078,False,1.0,0.021395728529266078,2.733008485255812,0,0.0,0.0,1.6251263137946739,0,0.0,0.0,2.5156179226554833,0,0.0,0.0,0.9294623670639701,0,0.0,0.0,0.7584268194098764,0,0.0,0.0,0.9199837229656457,0,0.0,0.0,1.4312132576377072,0,0.0,0.0,1.893516604570678
2020-08-31,11649.51,-0.005264209523223928,True,1.0,-0.005264209523223928,2.7186213559606762,0,0.0,-0.0,1.6251263137946739,0,0.0,-0.0,2.5156179226554833,0,0.0,-0.0,0.9294623670639701,0,0.0,-0.0,0.7584268194098764,0,0.0,-0.0,0.9199837229656457,0,0.0,-0.0,1.4312132576377072,0,0.0,-0.0,1.893516604570678
2020-09-01,11921.97,0.023388108169356325,True,1.0,0.023388108169356325,2.782204766305407,0,0.0,0.0,1.6251263137946739,0,0.0,0.0,2.5156179226554833,0,0.0,0.0,0.9294623670639701,0,0.0,0.0,0.7584268194098764,0,0.0,0.0,0.9199837229656457,0,0.0,0.0,1.4312132576377072,0,0.0,0.0,1.893516604570678
2020-09-02,11388.54,-0.044743444246210906,False,1.0,-0.044743444246210906,2.6577193424626784,0,0.0,-0.0,1.6251263137946739,0,0.0,-0.0,2.5156179226554833,0,0.0,-0.0,0.9294623670639701,0,0.0,-0.0,0.7584268194098764,0,0.0,-0.0,0.9199837229656457,0,0.0,-0.0,1.4312132576377072,0,0.0,-0.0,1.893516604570678
2020-09-03,10140.85,-0.1095566244663495,False,1.0,-0.1095566244663495,2.3665485825235413,0,0.0,-0.0,1.6251263137946739,0,0.0,-0.0,2.5156179226554833,0,0.0,-0.0,0.9294623670639701,0,0.0,-0.0,0.7584268194098764,0,0.0,-0.0,0.9199837229656457,0,0.0,-0.0,1.4312132576377072,0,0.0,-0.0,1.893516604570678
2020-09-04,10446.25,0.03011581869369917,False,1.0,0.03011581869369917,2.437819130564651,0,0.0,0.0,1.6251263137946739,0,0.0,0.0,2.5156179226554833,0,0.0,0.0,0.9294623670639701,0,0.0,0.0,0.7584268194098764,0,0.0,0.0,0.9199837229656457,0,0.0,0.0,1.4312132576377072,0,0.0,0.0,1.893516604570678
2020-09-05,10166.69,-0.02676175661122404,False,1.0,-0.02676175661122404,2.3725788083302937,0,0.0,-0.0,1.6251263137946739,0,0.0,-0.0,2.5156179226554833,0,0.0,-0.0,0.9294623670639701,0,0.0,-0.0,0.7584268194098764,0,0.0,-0.0,0.9199837229656457,0,0.0,-0.0,1.4312132576377072,0,0.0,-0.0,1.893516604570678
2020-09-06,10256.2,0.008804242088624736,False,1.0,0.008804242088624736,2.3934675665331744,0,0.0,0.0,1.6251263137946739,0,0.0,0.0,2.5156179226554833,0,0.0,0.0,0.9294623670639701,0,0.0,0.0,0.7584268194098764,0,0.0,0.0,0.9199837229656457,0,0.0,0.0,1.4312132576377072,0,0.0,0.0,1.893516604570678
2020-09-07,10373.44,0.011431134338253823,False,1.0,0.011431134338253823,2.4208276158204685,0,0.0,0.0,1.6251263137946739,0,0.0,0.0,2.5156179226554833,0,0.0,0.0,0.9294623670639701,0,0.0,0.0,0.7584268194098764,0,0.0,0.0,0.9199837229656457,0,0.0,0.0,1.4312132576377072,0,0.0,0.0,1.893516604570678
2020-09-08,10126.65,-0.02379056513557709,False,1.0,-0.02379056513557709,2.3632347587442877,0,0.0,-0.0,1.6251263137946739,0,0.0,-0.0,2.5156179226554833,0,0.0,-0.0,0.9294623670639701,0,0.0,-0.0,0.7584268194098764,0,0.0,-0.0,0.9199837229656457,0,0.0,-0.0,1.4312132576377072,0,0.0,-0.0,1.893516604570678
2020-09-09,10219.2,0.009139251381256486,False,1.0,0.009139251381256486,2.384832955277375,0,0.0,0.0,1.6251263137946739,0,0.0,0.0,2.5156179226554833,0,0.0,0.0,0.9294623670639701,0,0.0,0.0,0.7584268194098764,0,0.0,0.0,0.9199837229656457,0,0.0,0.0,1.4312132576377072,0,0.0,0.0,1.893516604570678
2020-09-10,10336.87,0.011514599968686312,False,1.0,0.011514599968686312,2.4122933527495336,0,0.0,0.0,1.6251263137946739,0,0.0,0.0,2.5156179226554833,0,0.0,0.0,0.9294623670639701,0,0.0,0.0,0.7584268194098764,0,0.0,0.0,0.9199837229656457,0,0.0,0.0,1.4312132576377072,0,0.0,0.0,1.893516604570678
2020-09-11,10387.89,0.004935730061420784,False,1.0,0.004935730061420784,2.424199781567665,0,0.0,0.0,1.6251263137946739,0,0.0,0.0,2.5156179226554833,0,0.0,0.0,0.9294623670639701,0,0.0,0.0,0.7584268194098764,0,0.0,0.0,0.9199837229656457,0,0.0,0.0,1.4312132576377072,0,0.0,0.0,1.893516604570678
2020-09-12,10440.92,0.005104982821342974,False,1.0,0.005104982821342974,2.4365752798080713,0,0.0,0.0,1.6251263137946739,0,0.0,0.0,2.5156179226554833,0,0.0,0.0,0.9294623670639701,0,0.0,0.0,0.7584268194098764,0,0.0,0.0,0.9199837229656457,0,0.0,0.0,1.4312132576377072,0,0.0,0.0,1.893516604570678
2020-09-13,10332.83,-0.01035253598341912,False,1.0,-0.01035253598341912,2.4113505465475487,0,0.0,-0.0,1.6251263137946739,0,0.0,-0.0,2.5156179226554833,0,0.0,-0.0,0.9294623670639701,0,0.0,-0.0,0.7584268194098764,0,0.0,-0.0,0.9199837229656457,0,0.0,-0.0,1.4312132576377072,0,0.0,-0.0,1.893516604570678
2020-09-14,10671.77,0.03280224294796308,False,1.0,0.03280224294796308,2.490448253008105,0,0.0,0.0,1.6251263137946739,0,0.0,0.0,2.5156179226554833,0,0.0,0.0,0.9294623670639701,0,0.0,0.0,0.7584268194098764,0,0.0,0.0,0.9199837229656457,0,0.0,0.0,1.4312132576377072,0,0.0,0.0,1.893516604570678
2020-09-15,10785.31,0.010639284767194113,False,1.0,0.010639284767194113,2.516944841169819,0,0.0,0.0,1.6251263137946739,0,0.0,0.0,2.5156179226554833,0,0.0,0.0,0.9294623670639701,0,0.0,0.0,0.7584268194098764,0,0.0,0.0,0.9199837229656457,0,0.0,0.0,1.4312132576377072,0,0.0,0.0,1.893516604570678
2020-09-16,10954.01,0.015641645905402957,False,1.0,0.015641645905402957,2.556314001138828,0,0.0,0.0,1.6251263137946739,0,0.0,0.0,2.5156179226554833,0,0.0,0.0,0.9294623670639701,0,0.0,0.0,0.7584268194098764,0,0.0,0.0,0.9199837229656457,0,0.0,0.0,1.4312132576377072,0,0.0,0.0,1.893516604570678
2020-09-17,10939.99,-0.001279896585816509,False,1.0,-0.001279896585816509,2.5530421835764954,0,0.0,-0.0,1.6251263137946739,0,0.0,-0.0,2.5156179226554833,0,0.0,-0.0,0.9294623670639701,0,0.0,-0.0,0.7584268194098764,0,0.0,-0.0,0.9199837229656457,0,0.0,-0.0,1.4312132576377072,0,0.0,-0.0,1.893516604570678
2020-09-18,10933.39,-0.0006032912278713942,False,1.0,-0.0006032912278713942,2.551501955622758,0,0.0,-0.0,1.6251263137946739,0,0.0,-0.0,2.5156179226554833,0,0.0,-0.0,0.9294623670639701,0,0.0,-0.0,0.7584268194098764,0,0.0,-0.0,0.9199837229656457,0,0.0,-0.0,1.4312132576377072,0,0.0,-0.0,1.893516604570678
2020-09-19,11080.65,0.013468832631050365,False,1.0,0.013468832631050365,2.5858677084208384,0,0.0,0.0,1.6251263137946739,0,0.0,0.0,2.5156179226554833,0,0.0,0.0,0.9294623670639701,0,0.0,0.0,0.7584268194098764,0,0.0,0.0,0.9199837229656457,0,0.0,0.0,1.4312132576377072,0,0.0,0.0,1.893516604570678
2020-09-20,10920.28,-0.014472977668277487,False,1.0,-0.014472977668277487,2.5484425028237436,0,0.0,-0.0,1.6251263137946739,0,0.0,-0.0,2.5156179226554833,0,0.0,-0.0,0.9294623670639701,0,0.0,-0.0,0.7584268194098764,0,0.0,-0.0,0.9199837229656457,0,0.0,-0.0,1.4312132576377072,0,0.0,-0.0,1.893516604570678
2020-09-21,10417.22,-0.04606658437329458,False,1.0,-0.04606658437329458,2.4310444612469237,0,0.0,-0.0,1.6251263137946739,0,0.0,-0.0,2.5156179226554833,0,0.0,-0.0,0.9294623670639701,0,0.0,-0.0,0.7584268194098764,0,0.0,-0.0,0.9199837229656457,0,0.0,-0.0,1.4312132576377072,0,0.0,-0.0,1.893516604570678
2020-09-22,10529.61,0.010788866895390603,False,1.0,0.010788866895390603,2.4572726763560935,0,0.0,0.0,1.6251263137946739,0,0.0,0.0,2.5156179226554833,0,0.0,0.0,0.9294623670639701,0,0.0,0.0,0.7584268194098764,0,0.0,0.0,0.9199837229656457,0,0.0,0.0,1.4312132576377072,0,0.0,0.0,1.893516604570678
2020-09-23,10241.46,-0.027365685908595005,True,1.0,-0.027365685908595005,2.39002772410316,0,0.0,-0.0,1.6251263137946739,0,0.0,-0.0,2.5156179226554833,0,0.0,-0.0,0.9294623670639701,0,0.0,-0.0,0.7584268194098764,0,0.0,-0.0,0.9199837229656457,0,0.0,-0.0,1.4312132576377072,0,0.0,-0.0,1.893516604570678
2020-09-24,10736.32,0.04831928260228535,True,1.0,0.04831928260228535,2.5055121491313974,0,0.0,0.0,1.6251263137946739,0,0.0,0.0,2.5156179226554833,0,0.0,0.0,0.9294623670639701,0,0.0,0.0,0.7584268194098764,0,0.0,0.0,0.9199837229656457,0,0.0,0.0,1.4312132576377072,0,0.0,0.0,1.893516604570678
2020-09-25,10686.67,-0.004624489583022862,True,1.0,-0.004624489583022862,2.493925434297602,0,0.0,-0.0,1.6251263137946739,0,0.0,-0.0,2.5156179226554833,0,0.0,-0.0,0.9294623670639701,0,0.0,-0.0,0.7584268194098764,0,0.0,-0.0,0.9199837229656457,0,0.0,-0.0,1.4312132576377072,0,0.0,-0.0,1.893516604570678
2020-09-26,10728.6,0.003923579562202351,True,1.0,0.003923579562202351,2.5037105491612683,0,0.0,0.0,1.6251263137946739,0,0.0,0.0,2.5156179226554833,0,0.0,0.0,0.9294623670639701,0,0.0,0.0,0.7584268194098764,0,0.0,0.0,0.9199837229656457,0,0.0,0.0,1.4312132576377072,0,0.0,0.0,1.893516604570678
2020-09-27,10774.25,0.004254982010700292,True,1.0,0.004254982010700292,2.5143637925079503,0,0.0,0.0,1.6251263137946739,0,0.0,0.0,2.5156179226554833,0,0.0,0.0,0.9294623670639701,0,0.0,0.0,0.7584268194098764,0,0.0,0.0,0.9199837229656457,0,0.0,0.0,1.4312132576377072,0,0.0,0.0,1.893516604570678
2020-09-28,10696.12,-0.007251548831705201,True,1.0,-0.007251548831705201,2.4961307606859076,0,0.0,-0.0,1.6251263137946739,0,0.0,-0.0,2.5156179226554833,0,0.0,-0.0,0.9294623670639701,0,0.0,-0.0,0.7584268194098764,0,0.0,-0.0,0.9199837229656457,0,0.0,-0.0,1.4312132576377072,0,0.0,-0.0,1.893516604570678
2020-09-29,10840.48,0.013496482836766965,True,1.0,0.013496482836766965,2.5298197466558308,0,0.0,0.0,1.6251263137946739,0,0.0,0.0,2.5156179226554833,0,0.0,0.0,0.9294623670639701,0,0.0,0.0,0.7584268194098764,0,0.0,0.0,0.9199837229656457,0,0.0,0.0,1.4312132576377072,0,0.0,0.0,1.893516604570678
2020-09-30,10776.59,-0.005893650465662037,True,1.0,-0.005893650465662037,2.5149098733279116,0,0.0,-0.0,1.6251263137946739,0,0.0,-0.0,2.5156179226554833,0,0.0,-0.0,0.9294623670639701,0,0.0,-0.0,0.7584268194098764,0,0.0,-0.0,0.9199837229656457,0,0.0,-0.0,1.4312132576377072,0,0.0,-0.0,1.893516604570678
2020-10-01,10619.13,-0.01461130097739649,True,1.0,-0.01461130097739649,2.4781637682376916,0,0.0,-0.0,1.6251263137946739,0,0.0,-0.0,2.5156179226554833,0,0.0,-0.0,0.9294623670639701,0,0.0,-0.0,0.7584268194098764,0,0.0,-0.0,0.9199837229656457,0,0.0,-0.0,1.4312132576377072,0,0.0,-0.0,1.893516604570678
2020-10-02,10570.4,-0.004588888166921379,True,1.0,-0.004588888166921379,2.4667917518459324,0,0.0,-0.0,1.6251263137946739,0,0.0,-0.0,2.5156179226554833,0,0.0,-0.0,0.9294623670639701,0,0.0,-0.0,0.7584268194098764,0,0.0,-0.0,0.9199837229656457,0,0.0,-0.0,1.4312132576377072,0,0.0,-0.0,1.893516604570678
2020-10-03,10542.06,-0.0026810716718383976,True,1.0,-0.0026810716718383976,2.4601781063597334,0,0.0,-0.0,1.6251263137946739,0,0.0,-0.0,2.5156179226554833,0,0.0,-0.0,0.9294623670639701,0,0.0,-0.0,0.7584268194098764,0,0.0,-0.0,0.9199837229656457,0,0.0,-0.0,1.4312132576377072,0,0.0,-0.0,1.893516604570678
2020-10-04,10666.63,0.011816476096702111,False,1.0,0.011816476096702111,2.489248742147163,0,0.0,0.0,1.6251263137946739,0,0.0,0.0,2.5156179226554833,0,0.0,0.0,0.9294623670639701,0,0.0,0.0,0.7584268194098764,0,0.0,0.0,0.9199837229656457,0,0.0,0.0,1.4312132576377072,0,0.0,0.0,1.893516604570678
2020-10-05,10792.21,0.011773165470256197,True,1.0,0.011773165470256197,2.518555079485089,0,0.0,0.0,1.6251263137946739,0,0.0,0.0,2.5156179226554833,0,0.0,0.0,0.9294623670639701,0,0.0,0.0,0.7584268194098764,0,0.0,0.0,0.9199837229656457,0,0.0,0.0,1.4312132576377072,0,0.0,0.0,1.893516604570678
2020-10-06,10599.66,-0.0178415727640584,False,1.0,-0.0178415727640584,2.4736200957741667,0,0.0,-0.0,1.6251263137946739,0,0.0,-0.0,2.5156179226554833,0,0.0,-0.0,0.9294623670639701,0,0.0,-0.0,0.7584268194098764,0,0.0,-0.0,0.9199837229656457,0,0.0,-0.0,1.4312132576377072,0,0.0,-0.0,1.893516604570678
2020-10-07,10666.39,0.006295484949517149,False,1.0,0.006295484949517149,2.4891927338579363,0,0.0,0.0,1.6251263137946739,0,0.0,0.0,2.5156179226554833,0,0.0,0.0,0.9294623670639701,0,0.0,0.0,0.7584268194098764,0,0.0,0.0,0.9199837229656457,0,0.0,0.0,1.4312132576377072,0,0.0,0.0,1.893516604570678
2020-10-08,10925.57,0.024298755248964188,False,1.0,0.024298755248964188,2.5496770188654505,0,0.0,0.0,1.6251263137946739,0,0.0,0.0,2.5156179226554833,0,0.0,0.0,0.9294623670639701,0,0.0,0.0,0.7584268194098764,0,0.0,0.0,0.9199837229656457,0,0.0,0.0,1.4312132576377072,0,0.0,0.0,1.893516604570678
2020-10-09,11050.64,0.011447457661247773,False,1.0,0.011447457661247773,2.5788643385887693,0,0.0,0.0,1.6251263137946739,0,0.0,0.0,2.5156179226554833,0,0.0,0.0,0.9294623670639701,0,0.0,0.0,0.7584268194098764,0,0.0,0.0,0.9199837229656457,0,0.0,0.0,1.4312132576377072,0,0.0,0.0,1.893516604570678
2020-10-10,11293.22,0.021951669767542814,True,1.0,0.021951669767542814,2.6354747169247625,0,0.0,0.0,1.6251263137946739,0,0.0,0.0,2.5156179226554833,0,0.0,0.0,0.9294623670639701,0,0.0,0.0,0.7584268194098764,0,0.0,0.0,0.9199837229656457,0,0.0,0.0,1.4312132576377072,0,0.0,0.0,1.893516604570678
2020-10-11,11369.02,0.006711991796848116,True,1.0,0.006711991796848116,2.653164001605562,0,0.0,0.0,1.6251263137946739,0,0.0,0.0,2.5156179226554833,0,0.0,0.0,0.9294623670639701,0,0.0,0.0,0.7584268194098764,0,0.0,0.0,0.9199837229656457,0,0.0,0.0,1.4312132576377072,0,0.0,0.0,1.893516604570678
2020-10-12,11528.25,0.014005604704715013,True,1.0,0.014005604704715013,2.6903231678288297,0,0.0,0.0,1.6251263137946739,0,0.0,0.0,2.5156179226554833,0,0.0,0.0,0.9294623670639701,0,0.0,0.0,0.7584268194098764,0,0.0,0.0,0.9199837229656457,0,0.0,0.0,1.4312132576377072,0,0.0,0.0,1.893516604570678
2020-10-13,11420.56,-0.009341400472751782,True,1.0,-0.009341400472751782,2.6651917817170183,0,0.0,-0.0,1.6251263137946739,0,0.0,-0.0,2.5156179226554833,0,0.0,-0.0,0.9294623670639701,0,0.0,-0.0,0.7584268194098764,0,0.0,-0.0,0.9199837229656457,0,0.0,-0.0,1.4312132576377072,0,0.0,-0.0,1.893516604570678
2020-10-14,11417.89,-0.00023378888600911196,True,1.0,-0.00023378888600911196,2.66456868949937,0,0.0,-0.0,1.6251263137946739,0,0.0,-0.0,2.5156179226554833,0,0.0,-0.0,0.9294623670639701,0,0.0,-0.0,0.7584268194098764,0,0.0,-0.0,0.9199837229656457,0,0.0,-0.0,1.4312132576377072,0,0.0,-0.0,1.893516604570678
2020-10-15,11505.12,0.007639765315658353,True,1.0,0.007639765315658353,2.6849253689545964,0,0.0,0.0,1.6251263137946739,0,0.0,0.0,2.5156179226554833,0,0.0,0.0,0.9294623670639701,0,0.0,0.0,0.7584268194098764,0,0.0,0.0,0.9199837229656457,0,0.0,0.0,1.4312132576377072,0,0.0,0.0,1.893516604570678
2020-10-16,11319.32,-0.01614933177576605,True,1.0,-0.01614933177576605,2.6415656183781775,0,0.0,-0.0,1.6251263137946739,0,0.0,-0.0,2.5156179226554833,0,0.0,-0.0,0.9294623670639701,0,0.0,-0.0,0.7584268194098764,0,0.0,-0.0,0.9199837229656457,0,0.0,-0.0,1.4312132576377072,0,0.0,-0.0,1.893516604570678
2020-10-17,11360.2,0.003611524367188146,True,1.0,0.003611524367188146,2.651105696976477,0,0.0,0.0,1.6251263137946739,0,0.0,0.0,2.5156179226554833,0,0.0,0.0,0.9294623670639701,0,0.0,0.0,0.7584268194098764,0,0.0,0.0,0.9199837229656457,0,0.0,0.0,1.4312132576377072,0,0.0,0.0,1.893516604570678
2020-10-18,11503.14,0.012582524955546459,True,1.0,0.012582524955546459,2.6844633005684746,0,0.0,0.0,1.6251263137946739,0,0.0,0.0,2.5156179226554833,0,0.0,0.0,0.9294623670639701,0,0.0,0.0,0.7584268194098764,0,0.0,0.0,0.9199837229656457,0,0.0,0.0,1.4312132576377072,0,0.0,0.0,1.893516604570678
2020-10-19,11751.47,0.021588018575797507,True,1.0,0.021588018575797507,2.7424155441671934,0,0.0,0.0,1.6251263137946739,0,0.0,0.0,2.5156179226554833,0,0.0,0.0,0.9294623670639701,0,0.0,0.0,0.7584268194098764,0,0.0,0.0,0.9199837229656457,0,0.0,0.0,1.4312132576377072,0,0.0,0.0,1.893516604570678
2020-10-20,11909.99,0.013489376222719507,True,1.0,0.013489376222719507,2.779409019201499,0,0.0,0.0,1.6251263137946739,0,0.0,0.0,2.5156179226554833,0,0.0,0.0,0.9294623670639701,0,0.0,0.0,0.7584268194098764,0,0.0,0.0,0.9199837229656457,0,0.0,0.0,1.4312132576377072,0,0.0,0.0,1.893516604570678
2020-10-21,12780.96,0.07312936450828245,True,1.0,0.07312936450828245,2.982665434484293,0,0.0,0.0,1.6251263137946739,0,0.0,0.0,2.5156179226554833,0,0.0,0.0,0.9294623670639701,0,0.0,0.0,0.7584268194098764,0,0.0,0.0,0.9199837229656457,0,0.0,0.0,1.4312132576377072,0,0.0,0.0,1.893516604570678
2020-10-22,12968.52,0.014674953994066264,True,1.0,0.014674953994066264,3.0264359125150415,0,0.0,0.0,1.6251263137946739,0,0.0,0.0,2.5156179226554833,0,0.0,0.0,0.9294623670639701,0,0.0,0.0,0.7584268194098764,0,0.0,0.0,0.9199837229656457,0,0.0,0.0,1.4312132576377072,0,0.0,0.0,1.893516604570678
2020-10-23,12923.07,-0.003504640467840603,True,1.0,-0.003504640467840603,3.015829342742715,0,0.0,-0.0,1.6251263137946739,0,0.0,-0.0,2.5156179226554833,0,0.0,-0.0,0.9294623670639701,0,0.0,-0.0,0.7584268194098764,0,0.0,-0.0,0.9199837229656457,0,0.0,-0.0,1.4312132576377072,0,0.0,-0.0,1.893516604570678
2020-10-24,13111.73,0.01459869829692173,True,1.0,0.01459869829692173,3.0598565254324197,0,0.0,0.0,1.6251263137946739,0,0.0,0.0,2.5156179226554833,0,0.0,0.0,0.9294623670639701,0,0.0,0.0,0.7584268194098764,0,0.0,0.0,0.9199837229656457,0,0.0,0.0,1.4312132576377072,0,0.0,0.0,1.893516604570678
2020-10-25,13028.83,-0.006322582908586449,True,1.0,-0.006322582908586449,3.040510328861994,0,0.0,-0.0,1.6251263137946739,0,0.0,-0.0,2.5156179226554833,0,0.0,-0.0,0.9294623670639701,0,0.0,-0.0,0.7584268194098764,0,0.0,-0.0,0.9199837229656457,0,0.0,-0.0,1.4312132576377072,0,0.0,-0.0,1.893516604570678
2020-10-26,13052.19,0.0017929468724360298,True,1.0,0.0017929468724360298,3.0459618023467363,0,0.0,0.0,1.6251263137946739,0,0.0,0.0,2.5156179226554833,0,0.0,0.0,0.9294623670639701,0,0.0,0.0,0.7584268194098764,0,0.0,0.0,0.9199837229656457,0,0.0,0.0,1.4312132576377072,0,0.0,0.0,1.893516604570678
2020-10-27,13636.17,0.04474191687371998,True,1.0,0.04474191687371998,3.18224397210786,0,0.0,0.0,1.6251263137946739,0,0.0,0.0,2.5156179226554833,0,0.0,0.0,0.9294623670639701,0,0.0,0.0,0.7584268194098764,0,0.0,0.0,0.9199837229656457,0,0.0,0.0,1.4312132576377072,0,0.0,0.0,1.893516604570678
2020-10-28,13266.4,-0.027116851725961233,True,1.0,-0.027116851725961233,3.0959515341603776,0,0.0,-0.0,1.6251263137946739,0,0.0,-0.0,2.5156179226554833,0,0.0,-0.0,0.9294623670639701,0,0.0,-0.0,0.7584268194098764,0,0.0,-0.0,0.9199837229656457,0,0.0,-0.0,1.4312132576377072,0,0.0,-0.0,1.893516604570678
2020-10-29,13455.7,0.014269131037809801,True,1.0,0.014269131037809801,3.1401280722880203,0,0.0,0.0,1.6251263137946739,0,0.0,0.0,2.5156179226554833,0,0.0,0.0,0.9294623670639701,0,0.0,0.0,0.7584268194098764,0,0.0,0.0,0.9199837229656457,0,0.0,0.0,1.4312132576377072,0,0.0,0.0,1.893516604570678
2020-10-30,13560.1,0.007758793671083675,True,1.0,0.007758793671083675,3.1644916781016805,0,0.0,0.0,1.6251263137946739,0,0.0,0.0,2.5156179226554833,0,0.0,0.0,0.9294623670639701,0,0.0,0.0,0.7584268194098764,0,0.0,0.0,0.9199837229656457,0,0.0,0.0,1.4312132576377072,0,0.0,0.0,1.893516604570678
2020-10-31,13791.0,0.017027898024350785,True,1.0,0.017027898024350785,3.218376319695303,0,0.0,0.0,1.6251263137946739,0,0.0,0.0,2.5156179226554833,0,0.0,0.0,0.9294623670639701,0,0.0,0.0,0.7584268194098764,0,0.0,0.0,0.9199837229656457,0,0.0,0.0,1.4312132576377072,0,0.0,0.0,1.893516604570678
2020-11-01,13761.5,-0.002139076209121904,True,1.0,-0.002139076209121904,3.211491967477841,0,0.0,-0.0,1.6251263137946739,0,0.0,-0.0,2.5156179226554833,0,0.0,-0.0,0.9294623670639701,0,0.0,-0.0,0.7584268194098764,0,0.0,-0.0,0.9199837229656457,0,0.0,-0.0,1.4312132576377072,0,0.0,-0.0,1.893516604570678
2020-11-02,13549.37,-0.015414744032263838,True,1.0,-0.015414744032263838,3.161987640837499,0,0.0,-0.0,1.6251263137946739,0,0.0,-0.0,2.5156179226554833,0,0.0,-0.0,0.9294623670639701,0,0.0,-0.0,0.7584268194098764,0,0.0,-0.0,0.9199837229656457,0,0.0,-0.0,1.4312132576377072,0,0.0,-0.0,1.893516604570678
2020-11-03,14023.53,0.034994985006682855,True,1.0,0.034994985006682855,3.272641350919924,0,0.0,0.0,1.6251263137946739,0,0.0,0.0,2.5156179226554833,0,0.0,0.0,0.9294623670639701,0,0.0,0.0,0.7584268194098764,0,0.0,0.0,0.9199837229656457,0,0.0,0.0,1.4312132576377072,0,0.0,0.0,1.893516604570678
2020-11-04,14144.01,0.008591274807412841,True,1.0,0.008591274807412841,3.3007575121117796,0,0.0,0.0,1.6251263137946739,0,0.0,0.0,2.5156179226554833,0,0.0,0.0,0.9294623670639701,0,0.0,0.0,0.7584268194098764,0,0.0,0.0,0.9199837229656457,0,0.0,0.0,1.4312132576377072,0,0.0,0.0,1.893516604570678
2020-11-05,15590.02,0.1022347976281126,True,1.0,0.1022347976281126,3.638209788382,0,0.0,0.0,1.6251263137946739,1,0.0,0.0,2.5156179226554833,0,0.0,0.0,0.9294623670639701,0,0.0,0.0,0.7584268194098764,0,0.0,0.0,0.9199837229656457,0,0.0,0.0,1.4312132576377072,0,0.0,0.0,1.893516604570678
2020-11-06,15579.92,-0.0006478503555480408,True,1.0,-0.0006478503555480408,3.6358527728770382,0,0.0,-0.0,1.6251263137946739,0,1.0,-0.0016478503555480408,2.5114725607672126,0,0.0,-0.0,0.9294623670639701,0,0.0,-0.0,0.7584268194098764,0,0.0,-0.0,0.9199837229656457,0,0.0,-0.0,1.4312132576377072,0,0.0,-0.0,1.893516604570678
2020-11-07,14818.3,-0.048884718278399464,True,1.0,-0.048884718278399464,3.4581151343732066,0,0.0,-0.0,1.6251263137946739,0,1.0,-0.048884718278399464,2.388699932170177,0,0.0,-0.0,0.9294623670639701,0,0.0,-0.0,0.7584268194098764,0,0.0,-0.0,0.9199837229656457,0,0.0,-0.0,1.4312132576377072,0,0.0,-0.0,1.893516604570678
2020-11-08,15475.1,0.04432357287948019,True,1.0,0.04432357287948019,3.6113911525572306,0,0.0,0.0,1.6251263137946739,0,1.0,0.04432357287948019,2.4945756477009313,0,0.0,0.0,0.9294623670639701,0,0.0,0.0,0.7584268194098764,0,0.0,0.0,0.9199837229656457,0,0.0,0.0,1.4312132576377072,0,0.0,0.0,1.893516604570678
2020-11-09,15328.41,-0.009479098681107079,True,1.0,-0.009479098681107079,3.5771584194460635,0,0.0,-0.0,1.6251263137946739,0,1.0,-0.009479098681107079,2.4709293189688877,0,0.0,-0.0,0.9294623670639701,0,0.0,-0.0,0.7584268194098764,0,0.0,-0.0,0.9199837229656457,0,0.0,-0.0,1.4312132576377072,0,0.0,-0.0,1.893516604570678
2020-11-10,15297.21,-0.002035436160697679,True,1.0,-0.002035436160697679,3.569877341846579,0,0.0,-0.0,1.6251263137946739,0,1.0,-0.002035436160697679,2.46589990008253,0,0.0,-0.0,0.9294623670639701,0,0.0,-0.0,0.7584268194098764,0,0.0,-0.0,0.9199837229656457,0,0.0,-0.0,1.4312132576377072,0,0.0,-0.0,1.893516604570678
2020-11-11,15684.24,0.025300692086988485,True,1.0,0.025300692086988485,3.6601977092609563,0,0.0,0.0,1.6251263137946739,0,1.0,0.025300692086988485,2.528288874171854,0,0.0,0.0,0.9294623670639701,0,0.0,0.0,0.7584268194098764,0,0.0,0.0,0.9199837229656457,0,0.0,0.0,1.4312132576377072,0,0.0,0.0,1.893516604570678
2020-11-12,16291.86,0.03874079968171884,True,1.0,0.03874079968171884,3.8019966955109212,0,0.0,0.0,1.6251263137946739,0,1.0,0.03874079968171884,2.626236806983664,0,0.0,0.0,0.9294623670639701,1,0.0,0.0,0.7584268194098764,0,0.0,0.0,0.9199837229656457,0,0.0,0.0,1.4312132576377072,0,0.0,0.0,1.893516604570678
2020-11-13,16320.7,0.0017702091719422608,True,1.0,0.0017702091719422608,3.8087270249330087,0,0.0,0.0,1.6251263137946739,0,1.0,0.0017702091719422608,2.6308857954670786,0,0.0,0.0,0.9294623670639701,1,1.0,0.0007702091719422608,0.759010966702433,0,0.0,0.0,0.9199837229656457,0,0.0,0.0,1.4312132576377072,0,0.0,0.0,1.893516604570678
2020-11-14,16070.45,-0.015333288400620093,True,1.0,-0.015333288400620093,3.750326715020475,0,0.0,-0.0,1.6251263137946739,0,1.0,-0.015333288400620093,2.590545664816087,0,0.0,-0.0,0.9294623670639701,0,1.0,-0.015333288400620093,0.747372832650751,0,0.0,-0.0,0.9199837229656457,0,0.0,-0.0,1.4312132576377072,0,0.0,-0.0,1.893516604570678
2020-11-15,15957.0,-0.007059540958716193,True,1.0,-0.007059540958716193,3.7238511299672203,0,0.0,-0.0,1.6251263137946739,0,1.0,-0.007059540958716193,2.5722576015898935,0,0.0,-0.0,0.9294623670639701,0,1.0,-0.007059540958716193,0.7420967235272213,0,0.0,-0.0,0.9199837229656457,0,0.0,-0.0,1.4312132576377072,0,0.0,-0.0,1.893516604570678
2020-11-16,16713.57,0.04741304756533182,True,1.0,0.04741304756533182,3.9004102607185707,0,0.0,0.0,1.6251263137946739,0,1.0,0.04741304756533182,2.6942161736043615,0,0.0,0.0,0.9294623670639701,1,1.0,0.04741304756533182,0.7772817907778944,1,0.0,0.0,0.9199837229656457,0,0.0,0.0,1.4312132576377072,0,0.0,0.0,1.893516604570678
2020-11-17,17659.38,0.05658934626175016,True,1.0,0.05658934626175016,4.121131927525257,0,0.0,0.0,1.6251263137946739,0,1.0,0.05658934626175016,2.8466801055564663,1,0.0,0.0,0.9294623670639701,1,1.0,0.05658934626175016,0.8212676591791779,1,1.0,0.05558934626175016,0.9711250166967571,0,0.0,0.0,1.4312132576377072,0,0.0,0.0,1.893516604570678
2020-11-18,17776.12,0.006610651110061427,True,1.0,0.006610651110061427,4.148375292876661,0,0.0,0.0,1.6251263137946739,0,1.0,0.006610651110061427,2.865498514556253,1,1.0,0.005610651110061427,0.934677256125498,1,1.0,0.006610651110061427,0.8266967731419883,1,1.0,0.006610651110061427,0.9775447853663919,0,0.0,0.0,1.4312132576377072,0,0.0,0.0,1.893516604570678
2020-11-19,17802.82,0.0015020150629045936,True,1.0,0.0015020150629045936,4.1546062150531435,0,0.0,0.0,1.6251263137946739,0,1.0,0.0015020150629045936,2.869802536487847,1,1.0,0.0015020150629045936,0.9360811554431528,1,1.0,0.0015020150629045936,0.8279384841477022,1,1.0,0.0015020150629045936,0.9790130723586761,0,0.0,0.0,1.4312132576377072,0,0.0,0.0,1.893516604570678
2020-11-20,18655.67,0.04790533185192003,True,1.0,0.04790533185192003,4.353634004499313,0,0.0,0.0,1.6251263137946739,0,1.0,0.04790533185192003,3.0072813793477793,1,1.0,0.04790533185192003,0.9809244338349858,1,1.0,0.04790533185192003,0.8676011519837735,1,1.0,0.04790533185192003,1.0259130184773861,0,0.0,0.0,1.4312132576377072,0,0.0,0.0,1.893516604570678
2020-11-21,18703.8,0.0025799127021437496,True,1.0,0.0025799127021437496,4.364866000168006,0,0.0,0.0,1.6251263137946739,0,1.0,0.0025799127021437496,3.015039902777279,1,1.0,0.0025799127021437496,0.9834551332416799,1,1.0,0.0025799127021437496,0.869839487216171,1,1.0,0.0025799127021437496,1.0285597845050505,0,0.0,0.0,1.4312132576377072,0,0.0,0.0,1.893516604570678
2020-11-22,18414.43,-0.015471187673093079,True,1.0,-0.015471187673093079,4.297336339111504,0,0.0,-0.0,1.6251263137946739,0,1.0,-0.015471187673093079,2.9683936545995473,1,1.0,-0.015471187673093079,0.9682399143072311,1,1.0,-0.015471187673093079,0.8563820372639825,1,1.0,-0.015471187673093079,1.0126467430459767,0,0.0,-0.0,1.4312132576377072,0,0.0,-0.0,1.893516604570678
2020-11-23,18368.0,-0.0025213921907981662,True,1.0,-0.0025213921907981662,4.286501068824835,0,0.0,-0.0,1.6251263137946739,0,1.0,-0.0025213921907981662,2.960909170019625,1,1.0,-0.0025213921907981662,0.9657986017484778,1,1.0,-0.0025213921907981662,0.8542227622828853,1,1.0,-0.0025213921907981662,1.0100934634560235,0,0.0,-0.0,1.4312132576377072,0,0.0,-0.0,1.893516604570678
2020-11-24,19160.01,0.043119011324041834,True,1.0,0.043119011324041834,4.47133075695201,0,0.0,0.0,1.6251263137946739,0,1.0,0.043119011324041834,3.0885806460511604,1,1.0,0.043119011324041834,1.007442882594014,1,1.0,0.043119011324041834,0.8910560032430154,1,1.0,0.043119011324041834,1.0536476949451243,0,0.0,0.0,1.4312132576377072,0,0.0,0.0,1.893516604570678
2020-11-25,18719.11,-0.023011470244535204,True,1.0,-0.023011470244535204,4.368438862284934,0,0.0,-0.0,1.6251263137946739,0,1.0,-0.023011470244535204,3.017507864416707,1,1.0,-0.023011470244535204,0.9842601406781332,1,1.0,-0.023011470244535204,0.8705514945381743,1,1.0,-0.023011470244535204,1.0294017123646715,0,0.0,-0.0,1.4312132576377072,0,0.0,-0.0,1.893516604570678
2020-11-26,17149.47,-0.08385227716488652,True,1.0,-0.08385227716488652,4.002135316026757,0,0.0,-0.0,1.6251263137946739,0,0.0,-0.001,3.0144903565522903,0,1.0,-0.08385227716488652,0.9017276865596402,1,1.0,-0.08385227716488652,0.7975537693318531,1,1.0,-0.08385227716488652,0.9430840346654602,0,0.0,-0.0,1.4312132576377072,0,0.0,-0.0,1.893516604570678
2020-11-27,17139.52,-0.000580192857272066,True,1.0,-0.000580192857272066,3.9998133057025615,0,0.0,-0.0,1.6251263137946739,0,0.0,-0.0,3.0144903565522903,0,1.0,-0.000580192857272066,0.9012045105966938,1,1.0,-0.000580192857272066,0.7970910343315963,1,1.0,-0.000580192857272066,0.94253686404474,0,0.0,-0.0,1.4312132576377072,0,0.0,-0.0,1.893516604570678
2020-11-28,17719.85,0.033859174585985974,True,1.0,0.033859174585985974,4.135243682731694,0,0.0,0.0,1.6251263137946739,0,0.0,0.0,3.0144903565522903,1,1.0,0.033859174585985974,0.9317185514586653,1,1.0,0.033859174585985974,0.824079878823954,1,1.0,0.033859174585985974,0.9744503842781586,0,0.0,0.0,1.4312132576377072,0,0.0,0.0,1.893516604570678
2020-11-29,18184.99,0.02624965786956457,True,1.0,0.02624965786956457,4.243792414610679,0,0.0,0.0,1.6251263137946739,0,0.0,0.0,3.0144903565522903,1,1.0,0.02624965786956457,0.9561758446651816,1,1.0,0.02624965786956457,0.845711693700275,1,1.0,0.02624965786956457,1.000029373476326,0,0.0,0.0,1.4312132576377072,0,0.0,0.0,1.893516604570678
2020-11-30,19695.87,0.08308390601259585,True,1.0,0.08308390601259585,4.59638326472316,0,0.0,0.0,1.6251263137946739,0,0.0,0.0,3.0144903565522903,1,1.0,0.08308390601259585,1.035618668674858,1,1.0,0.08308390601259585,0.9159767245734219,1,1.0,0.08308390601259585,1.083115719952068,0,0.0,0.0,1.4312132576377072,0,0.0,0.0,1.893516604570678
2020-12-01,18764.96,-0.047264223413334916,True,1.0,-0.047264223413334916,4.379138779205971,0,0.0,-0.0,1.6251263137946739,0,0.0,-0.0,3.0144903565522903,1,1.0,-0.047264223413334916,0.9866709565475891,1,1.0,-0.047264223413334916,0.8726837960217689,1,1.0,-0.047264223413334916,1.0319230965817583,0,0.0,-0.0,1.4312132576377072,0,0.0,-0.0,1.893516604570678
2020-12-02,19204.09,0.023401595313818913,True,1.0,0.023401595313818913,4.48161761274,0,0.0,0.0,1.6251263137946739,0,0.0,0.0,3.0144903565522903,1,1.0,0.023401595313818913,1.0097606309806144,1,1.0,0.023401595313818913,0.8931059890531977,1,1.0,0.023401595313818913,1.0560717432829474,0,0.0,0.0,1.4312132576377072,0,0.0,0.0,1.893516604570678
2020-12-03,19421.9,0.011341854781976135,True,1.0,0.011341854781976135,4.532447468892044,0,0.0,0.0,1.6251263137946739,0,0.0,0.0,3.0144903565522903,1,1.0,0.011341854781976135,1.021213189421753,1,1.0,0.011341854781976135,0.9032354674859523,1,1.0,0.011341854781976135,1.068049555634611,0,0.0,0.0,1.4312132576377072,0,0.0,0.0,1.893516604570678
2020-12-04,18650.52,-0.03971702047688441,True,1.0,-0.03971702047688441,4.352432159959656,0,0.0,-0.0,1.6251263137946739,0,0.0,-0.0,3.0144903565522903,1,1.0,-0.03971702047688441,0.9806536442662249,1,1.0,-0.03971702047688441,0.8673616459283645,1,1.0,-0.03971702047688441,1.025629809563144,0,0.0,-0.0,1.4312132576377072,0,0.0,-0.0,1.893516604570678
2020-12-05,19147.66,0.026655557056854073,True,1.0,0.026655557056854073,4.468448663735547,0,0.0,0.0,1.6251263137946739,0,0.0,0.0,3.0144903565522903,1,1.0,0.026655557056854073,1.0067935134339752,1,1.0,0.026655557056854073,0.890481653770335,1,1.0,0.026655557056854073,1.0529685434711646,0,0.0,0.0,1.4312132576377072,0,0.0,0.0,1.893516604570678
2020-12-06,19359.4,0.011058270305614348,True,1.0,0.011058270305614348,4.517861976905896,0,0.0,0.0,1.6251263137946739,0,0.0,0.0,3.0144903565522903,1,1.0,0.011058270305614348,1.0179269082474671,1,1.0,0.011058270305614348,0.9003288405999178,1,1.0,0.011058270305614348,1.064612554248178,0,0.0,0.0,1.4312132576377072,0,0.0,0.0,1.893516604570678
2020-12-07,19166.9,-0.009943489984193699,True,1.0,-0.009943489984193699,4.472938661588563,0,0.0,-0.0,1.6251263137946739,0,0.0,-0.0,3.0144903565522903,1,1.0,-0.009943489984193699,1.0078051622306672,1,1.0,-0.009943489984193699,0.8913764297909318,1,1.0,-0.009943489984193699,1.0540265899779644,0,0.0,-0.0,1.4312132576377072,0,0.0,-0.0,1.893516604570678
2020-12-08,18324.11,-0.04397111687335986,True,1.0,-0.04397111687335986,4.276258552932482,0,0.0,-0.0,1.6251263137946739,0,0.0,-0.0,3.0144903565522903,1,1.0,-0.04397111687335986,0.9634908436566472,1,1.0,-0.04397111687335986,0.8521816126184365,1,1.0,-0.04397111687335986,1.0076798636024145,0,0.0,-0.0,1.4312132576377072,0,0.0,-0.0,1.893516604570678
2020-12-09,18541.28,0.01185159879524833,True,1.0,0.01185159879524833,4.326939053646587,0,0.0,0.0,1.6251263137946739,0,0.0,0.0,3.0144903565522903,1,1.0,0.01185159879524833,0.9749097505785611,1,1.0,0.01185159879524833,0.8622813271918779,1,1.0,0.01185159879524833,1.0196224810598808,0,0.0,0.0,1.4312132576377072,0,0.0,0.0,1.893516604570678
2020-12-10,18254.63,-0.015460097684733665,False,1.0,-0.015460097684733665,4.260044153201322,0,0.0,-0.0,1.6251263137946739,0,0.0,-0.0,3.0144903565522903,0,1.0,-0.015460097684733665,0.9598375506008172,0,1.0,-0.015460097684733665,0.8489503736417696,0,1.0,-0.015460097684733665,1.0038590179011446,0,0.0,-0.0,1.4312132576377072,0,0.0,-0.0,1.893516604570678
2020-12-11,18036.53,-0.011947653828097482,False,1.0,-0.011947653828097482,4.209146620366462,0,0.0,-0.0,1.6251263137946739,0,0.0,-0.0,3.0144903565522903,0,1.0,-0.011947653828097482,0.9483697438150297,0,1.0,-0.011947653828097482,0.8388074084602637,0,1.0,-0.011947653828097482,0.9918652578630478,0,0.0,-0.0,1.4312132576377072,0,0.0,-0.0,1.893516604570678
2020-12-12,18808.69,0.04281089544385752,True,1.0,0.04281089544385752,4.389343956238837,0,0.0,0.0,1.6251263137946739,0,0.0,0.0,3.0144903565522903,1,1.0,0.04281089544385752,0.9889703017596129,1,1.0,0.04281089544385752,0.8747175047213891,1,1.0,0.04281089544385752,1.0343278977118175,0,0.0,0.0,1.4312132576377072,0,0.0,0.0,1.893516604570678
2020-12-13,19174.99,0.019475040526480303,True,1.0,0.019475040526480303,4.4748266076712495,0,0.0,0.0,1.6251263137946739,0,0.0,0.0,3.0144903565522903,1,1.0,0.019475040526480303,1.0082305384658667,1,1.0,0.019475040526480303,0.8917526635750599,1,1.0,0.019475040526480303,1.0544714754374243,0,0.0,0.0,1.4312132576377072,0,0.0,0.0,1.893516604570678
2020-12-14,19273.14,0.005118646737234167,True,1.0,0.005118646737234167,4.497731664286294,0,0.0,0.0,1.6251263137946739,0,0.0,0.0,3.0144903565522903,1,1.0,0.005118646737234167,1.0133913144219648,1,1.0,0.005118646737234167,0.8963172304368883,1,1.0,0.005118646737234167,1.0598689424146785,0,0.0,0.0,1.4312132576377072,0,0.0,0.0,1.893516604570678
2020-12-15,19426.43,0.007953556088940328,True,1.0,0.007953556088940328,4.533504625351198,0,0.0,0.0,1.6251263137946739,0,0.0,0.0,3.0144903565522903,1,1.0,0.007953556088940328,1.021451379081265,1,1.0,0.007953556088940328,0.9034461398026518,1,1.0,0.007953556088940328,1.0682986694950996,0,0.0,0.0,1.4312132576377072,0,0.0,0.0,1.893516604570678
2020-12-16,21335.52,0.098272816981813,True,1.0,0.098272816981813,4.979024895684539,0,0.0,0.0,1.6251263137946739,1,0.0,0.0,3.0144903565522903,1,1.0,0.098272816981813,1.1218322835135386,1,1.0,0.098272816981813,0.9922303369524031,1,1.0,0.098272816981813,1.1732833891243057,0,0.0,0.0,1.4312132576377072,1,0.0,0.0,1.893516604570678
2020-12-17,22797.16,0.06850735299631783,True,1.0,0.06850735299631783,5.320124711790654,0,0.0,0.0,1.6251263137946739,1,1.0,0.06750735299631783,3.217990621156062,1,1.0,0.06850735299631783,1.198686043762866,1,1.0,0.06850735299631783,1.0602054108996568,1,1.0,0.06850735299631783,1.2536619284277606,0,0.0,0.0,1.4312132576377072,1,1.0,0.06750735299631783,2.02134289839982
2020-12-18,23107.39,0.013608274013078736,True,1.0,0.013608274013078736,5.3925224266524525,0,0.0,0.0,1.6251263137946739,0,1.0,0.013608274013078736,3.261781919300271,1,1.0,0.013608274013078736,1.2149980919020442,1,1.0,0.013608274013078736,1.074632976641328,1,1.0,0.013608274013078736,1.2707221034695702,0,0.0,0.0,1.4312132576377072,0,1.0,0.013608274013078736,2.0488498864356357
2020-12-19,23821.61,0.030908726602182357,True,1.0,0.030908726602182357,5.55919842803399,0,0.0,0.0,1.6251263137946739,0,1.0,0.030908726602182357,3.362599444879865,1,1.0,0.030908726602182357,1.2525521357468177,1,1.0,0.030908726602182357,1.1078485135140244,1,1.0,0.030908726602182357,1.3099985055530612,0,0.0,0.0,1.4312132576377072,0,1.0,0.030908726602182357,2.1121772274243873
2020-12-20,23455.52,-0.015367978906547508,True,1.0,-0.015367978906547508,5.4737647838546515,0,0.0,-0.0,1.6251263137946739,0,1.0,-0.015367978906547508,3.310923087539783,1,1.0,-0.015367978906547508,1.2333029409453096,1,1.0,-0.015367978906547508,1.0908231209266908,1,1.0,-0.015367978906547508,1.289866476152113,0,0.0,-0.0,1.4312132576377072,0,1.0,-0.015367978906547508,2.0797173323464393
2020-12-21,22719.71,-0.03137044073207507,True,1.0,-0.03137044073207507,5.302050370121419,0,0.0,-0.0,1.6251263137946739,0,1.0,-0.03137044073207507,3.207057971053657,1,1.0,-0.03137044073207507,1.1946136841316908,1,1.0,-0.03137044073207507,1.056603518862483,1,1.0,-0.03137044073207507,1.2494027963096928,0,0.0,-0.0,1.4312132576377072,0,1.0,-0.03137044073207507,2.0144756830325963
2020-12-22,23810.79,0.04802350029995983,True,1.0,0.04802350029995983,5.556673387661347,0,0.0,0.0,1.6251263137946739,0,1.0,0.04802350029995983,3.3610721204885405,1,1.0,0.04802350029995983,1.2519832147499252,1,1.0,0.04802350029995983,1.107345318267514,1,1.0,0.04802350029995983,1.309403491873042,0,0.0,0.0,1.4312132576377072,0,1.0,0.04802350029995983,2.111217856600974
2020-12-23,23232.76,-0.024275969003968445,True,1.0,-0.024275969003968445,5.421779756737304,0,0.0,-0.0,1.6251263137946739,0,1.0,-0.024275969003968445,3.279478837871458,1,1.0,-0.024275969003968445,1.2215901090351673,1,1.0,-0.024275969003968445,1.080463437644562,1,1.0,-0.024275969003968445,1.277616453290644,0,0.0,-0.0,1.4312132576377072,0,1.0,-0.024275969003968445,2.0599659973535043
2020-12-24,23729.2,0.021368102627496777,True,1.0,0.021368102627496777,5.537632903002951,0,0.0,0.0,1.6251263137946739,0,1.0,0.021368102627496777,3.3495550782437995,1,1.0,0.021368102627496777,1.2476931718537658,1,1.0,0.021368102627496777,1.103550891265409,1,1.0,0.021368102627496777,1.3049166927831368,0,0.0,0.0,1.4312132576377072,0,1.0,0.021368102627496777,2.1039835621941076
2020-12-25,24712.47,0.04143713230955948,True,1.0,0.04143713230955948,5.767096530286454,0,0.0,0.0,1.6251263137946739,0,1.0,0.04143713230955948,3.4883510351991447,1,1.0,0.04143713230955948,1.2993939988976042,1,1.0,0.04143713230955948,1.1492788755571062,1,1.0,0.04143713230955948,1.3589886984349444,0,0.0,0.0,1.4312132576377072,0,1.0,0.04143713230955948,2.191166607437883
2020-12-26,26493.39,0.07206564135434457,True,1.0,0.07206564135434457,6.182706040493962,0,0.0,0.0,1.6251263137946739,0,1.0,0.07206564135434457,3.7397412898198628,1,1.0,0.07206564135434457,1.3930356608001466,1,1.0,0.07206564135434457,1.232102394819129,1,1.0,0.07206564135434457,1.4569250905809645,0,0.0,0.0,1.4312132576377072,0,1.0,0.07206564135434457,2.3490744343171173
2020-12-27,26281.66,-0.007991804748278653,True,1.0,-0.007991804748278653,6.133295061002332,0,0.0,-0.0,1.6251263137946739,0,1.0,-0.007991804748278653,3.7098540076225466,1,1.0,-0.007991804748278653,1.3819027917916424,1,1.0,-0.007991804748278653,1.222255673049848,1,1.0,-0.007991804748278653,1.4452816297241733,0,0.0,-0.0,1.4312132576377072,0,1.0,-0.007991804748278653,2.3303010900988816
2020-12-28,27079.41,0.03035386653658856,True,1.0,0.03035386653658856,6.319464280713514,0,0.0,0.0,1.6251263137946739,0,1.0,0.03035386653658856,3.8224624210401497,1,1.0,0.03035386653658856,1.423848884700225,1,1.0,0.03035386653658856,1.2593558586231912,1,1.0,0.03035386653658856,1.489151515420604,0,0.0,0.0,1.4312132576377072,0,1.0,0.03035386653658856,2.40103473837781
2020-12-29,27385.0,0.011284957833276321,True,1.0,0.011284957833276321,6.390779168650262,0,0.0,0.0,1.6251263137946739,0,1.0,0.011284957833276321,3.865598748280871,1,1.0,0.011284957833276321,1.4399169593250247,1,1.0,0.011284957833276321,1.2735676363848434,1,1.0,0.011284957833276321,1.505956527479485,0,0.0,0.0,1.4312132576377072,0,1.0,0.011284957833276321,2.4281303141566353
2020-12-30,28875.54,0.05442906700748584,True,1.0,0.05442906700748584,6.738623316250772,0,0.0,0.0,1.6251263137946739,0,1.0,0.05442906700748584,4.075999681575103,1,1.0,0.05442906700748584,1.5182902959893418,1,1.0,0.05442906700748584,1.3428867346041995,1,1.0,0.05442906700748584,1.5879243362240267,0,0.0,0.0,1.4312132576377072,0,1.0,0.05442906700748584,2.5602911817287746
2020-12-31,28923.63,0.0016654233998740775,True,1.0,0.0016654233998740775,6.749845977204593,0,0.0,0.0,1.6251263137946739,0,1.0,0.0016654233998740775,4.082787946822678,1,1.0,0.0016654233998740775,1.5208188921760841,1,1.0,0.0016654233998740775,1.3451232095953898,1,1.0,0.0016654233998740775,1.5905689025708036,0,0.0,0.0,1.4312132576377072,0,1.0,0.0016654233998740775,2.564555150573317
2021-01-01,29331.69,0.014108187665241134,True,1.0,0.014108187665241134,6.845074070962469,0,0.0,0.0,1.6251263137946739,0,1.0,0.014108187665241134,4.1403886853738365,1,1.0,0.014108187665241134,1.5422748905117485,1,1.0,0.014108187665241134,1.364100460269233,1,1.0,0.014108187665241134,1.613008947142769,0,0.0,0.0,1.4312132576377072,0,1.0,0.014108187665241134,2.600736375915466
2021-01-02,32178.33,0.09704998245924479,True,1.0,0.09704998245924479,7.509388389481608,0,0.0,0.0,1.6251263137946739,1,1.0,0.09704998245924479,4.542213334663823,1,1.0,0.09704998245924479,1.6919526415832473,1,1.0,0.09704998245924479,1.4964863860110098,1,1.0,0.09704998245924479,1.7695514371695797,0,0.0,0.0,1.4312132576377072,1,1.0,0.09704998245924479,2.8531377955791815
2021-01-03,33000.05,0.025536440206810118,True,1.0,0.025536440206810118,7.70115143707932,0,0.0,0.0,1.6251263137946739,1,1.0,0.025536440206810118,4.658205293891042,1,1.0,0.025536440206810118,1.7351590890477924,1,1.0,0.025536440206810118,1.5347013211276854,1,1.0,0.025536440206810118,1.8147394816377356,0,0.0,0.0,1.4312132576377072,1,1.0,0.025536440206810118,2.925996778297779
2021-01-04,31988.71,-0.03064662023239373,True,1.0,-0.03064662023239373,7.4651371736349965,0,0.0,-0.0,1.6251263137946739,0,1.0,-0.03064662023239373,4.515447045284637,1,1.0,-0.03064662023239373,1.6819823274029584,1,1.0,-0.03064662023239373,1.4876679125689323,1,1.0,-0.03064662023239373,1.7591238499232529,0,0.0,-0.0,1.4312132576377072,0,1.0,-0.03064662023239373,2.8363248662320797
2021-01-05,33949.53,0.061297251436522426,True,1.0,0.061297251436522426,7.922729563975431,0,0.0,0.0,1.6251263137946739,1,1.0,0.061297251436522426,4.792231538167752,1,1.0,0.061297251436522426,1.7850832210375647,1,1.0,0.061297251436522426,1.5788578666597166,1,1.0,0.061297251436522426,1.866953306859982,0,0.0,0.0,1.4312132576377072,1,1.0,0.061297251436522426,3.0101837847131683
2021-01-06,36769.36,0.08305947092640165,True,1.0,0.08305947092640165,8.580787289852191,0,0.0,0.0,1.6251263137946739,1,1.0,0.08305947092640165,5.190271754284781,1,1.0,0.08305947092640165,1.9333512889365416,1,1.0,0.08305947092640165,1.7099969657324599,1,1.0,0.08305947092640165,2.022021460772068,0,0.0,0.0,1.4312132576377072,1,1.0,0.08305947092640165,3.2602080572626773
2021-01-07,39432.28,0.0724222559217782,True,1.0,0.0724222559217782,9.202227262968208,0,0.0,0.0,1.6251263137946739,1,1.0,0.0724222559217782,5.5661629435771705,1,1.0,0.0724222559217782,2.0733689507706035,1,1.0,0.0724222559217782,1.8338388036102002,1,1.0,0.0724222559217782,2.1684608164834307,0,0.0,0.0,1.4312132576377072,1,1.0,0.0724222559217782,3.496319679543998
2021-01-08,40582.81,0.029177364331963496,True,1.0,0.029177364331963496,9.470724000485358,0,0.0,0.0,1.6251263137946739,1,1.0,0.029177364331963496,5.7285689077129955,1,1.0,0.029177364331963496,2.133864392041818,1,1.0,0.029177364331963496,1.8873453865092271,1,1.0,0.029177364331963496,2.231730787765555,0,0.0,0.0,1.4312132576377072,1,1.0,0.029177364331963496,3.598333072655067
2021-01-09,40088.22,-0.012187179744330034,True,1.0,-0.012187179744330034,9.355302584782503,0,0.0,-0.0,1.6251263137946739,1,1.0,-0.012187179744330034,5.6587538087569165,1,1.0,-0.012187179744330034,2.1078586031459787,1,1.0,-0.012187179744330034,1.8643439690442072,1,1.0,-0.012187179744330034,2.2045322835141006,0,0.0,-0.0,1.4312132576377072,1,1.0,-0.012187179744330034,3.5544795407186522
2021-01-10,38150.02,-0.04834836767509265,True,1.0,-0.04834836767509265,8.902988975701694,0,0.0,-0.0,1.6251263137946739,1,1.0,-0.04834836767509265,5.385162299028306,1,1.0,-0.04834836767509265,2.0059470803939696,1,1.0,-0.04834836767509265,1.7742059813560163,1,1.0,-0.04834836767509265,2.0979467461191494,0,0.0,-0.0,1.4312132576377072,1,1.0,-0.04834836767509265,3.382626256990392
2021-01-11,35404.47,-0.07196719687171849,True,1.0,-0.07196719687171849,8.262265815340632,0,0.0,-0.0,1.6251263137946739,0,1.0,-0.07196719687171849,4.99760726366798,1,1.0,-0.07196719687171849,1.8615846919450079,1,1.0,-0.07196719687171849,1.6465213502047873,1,1.0,-0.07196719687171849,1.9469633996148115,0,0.0,-0.0,1.4312132576377072,0,1.0,-0.07196719687171849,3.1391881272101205
2021-01-12,34051.24,-0.03822200981966406,True,1.0,-0.03822200981966406,7.9464654102140075,0,0.0,-0.0,1.6251263137946739,0,1.0,-0.03822200981966406,4.806588669761238,1,1.0,-0.03822200981966406,1.7904311835693494,1,1.0,-0.03822200981966406,1.5835879949889733,1,1.0,-0.03822200981966406,1.8725465454362076,0,0.0,-0.0,1.4312132576377072,0,1.0,-0.03822200981966406,3.0192020477861226
2021-01-13,37371.38,0.09750423185763579,True,1.0,0.09750423185763579,8.721279416020197,0,0.0,0.0,1.6251263137946739,1,1.0,0.09750423185763579,5.275251405861923,1,1.0,0.09750423185763579,1.9650058008172364,1,1.0,0.09750423185763579,1.7379945260193468,1,1.0,0.09750423185763579,2.0551277579666345,0,0.0,0.0,1.4312132576377072,1,1.0,0.09750423185763579,3.3135870242785095
2021-01-14,39144.5,0.04744593322483692,True,1.0,0.04744593322483692,9.135068656827835,0,0.0,0.0,1.6251263137946739,1,1.0,0.04744593322483692,5.525540631808674,1,1.0,0.04744593322483692,2.058237334829228,1,1.0,0.04744593322483692,1.8204552982459927,1,1.0,0.04744593322483692,2.152635212339628,0,0.0,0.0,1.4312132576377072,1,1.0,0.04744593322483692,3.4708032529671136
2021-01-15,36742.22,-0.06136954105940806,True,1.0,-0.06136954105940806,8.574453685812127,0,0.0,-0.0,1.6251263137946739,0,1.0,-0.06136954105940806,5.1864407391294645,1,1.0,-0.06136954105940806,1.931924254199419,1,1.0,-0.06136954105940806,1.7087347920734683,1,1.0,-0.06136954105940806,2.0205289772900237,0,0.0,-0.0,1.4312132576377072,0,1.0,-0.06136954105940806,3.257801650225021
2021-01-16,35994.98,-0.020337366658846334,True,1.0,-0.020337366658846334,8.40007187730447,0,0.0,-0.0,1.6251263137946739,0,1.0,-0.020337366658846334,5.080962192163411,1,1.0,-0.020337366658846334,1.8926340022846473,1,1.0,-0.020337366658846334,1.6739836260843426,1,1.0,-0.020337366658846334,1.9794367386340526,0,0.0,-0.0,1.4312132576377072,0,1.0,-0.020337366658846334,3.1915465435626
2021-01-17,35828.61,-0.004622033405769388,True,1.0,-0.004622033405769388,8.361246464476704,0,0.0,-0.0,1.6251263137946739,0,1.0,-0.004622033405769388,5.057477815177781,1,1.0,-0.004622033405769388,1.8838861847011927,1,1.0,-0.004622033405769388,1.6662464178438698,1,1.0,-0.004622033405769388,1.9702877159034788,0,0.0,-0.0,1.4312132576377072,0,1.0,-0.004622033405769388,3.1767951088221857
2021-01-18,36631.27,0.02240276695076915,True,1.0,0.02240276695076915,8.548561520438318,0,0.0,0.0,1.6251263137946739,0,1.0,0.02240276695076915,5.170779312029894,1,1.0,0.02240276695076915,1.9260904478588272,1,1.0,0.02240276695076915,1.70357494802538,1,1.0,0.02240276695076915,2.0144276124288276,0,0.0,0.0,1.4312132576377072,0,1.0,0.02240276695076915,3.2479641092954723
2021-01-19,35891.49,-0.02019531400358221,True,1.0,-0.02019531400358221,8.375920636254126,0,0.0,-0.0,1.6251263137946739,0,1.0,-0.02019531400358221,5.066353800180224,1,1.0,-0.02019531400358221,1.8871924464650178,1,1.0,-0.02019531400358221,1.6691707170213712,1,1.0,-0.02019531400358221,1.973745614258341,0,0.0,-0.0,1.4312132576377072,0,1.0,-0.02019531400358221,3.182370454235885
2021-01-20,35468.23,-0.011792767589197228,True,1.0,-0.011792767589197228,8.27714535084522,0,0.0,-0.0,1.6251263137946739,0,1.0,-0.011792767589197228,5.006607467290052,1,1.0,-0.011792767589197228,1.8649372245477673,1,1.0,-0.011792767589197228,1.6494865746888445,1,1.0,-0.011792767589197228,1.950469690949195,0,0.0,-0.0,1.4312132576377072,0,1.0,-0.011792767589197228,3.144841499086353
2021-01-21,30850.13,-0.13020384721763678,True,1.0,-0.13020384721763678,7.199429182185597,0,0.0,-0.0,1.6251263137946739,1,1.0,-0.13020384721763678,4.354727913540338,1,1.0,-0.13020384721763678,1.6221152230922662,1,1.0,-0.13020384721763678,1.4347170767305153,1,1.0,-0.13020384721763678,1.6965110333062148,0,0.0,-0.0,1.4312132576377072,1,1.0,-0.13020384721763678,2.73537103701563
2021-01-22,32945.17,0.06791024867642359,True,1.0,0.06791024867642359,7.6883442082761215,0,0.0,0.0,1.6251263137946739,0,1.0,0.06791024867642359,4.650458569067026,1,1.0,0.06791024867642359,1.7322734712742742,1,1.0,0.06791024867642359,1.532149070191596,1,1.0,0.06791024867642359,1.8117215194603362,0,0.0,0.0,1.4312132576377072,0,1.0,0.06791024867642359,2.921130764361648
2021-01-23,32078.0,-0.026321612545936124,False,1.0,-0.026321612545936124,7.4859745909060855,0,0.0,-0.0,1.6251263137946739,0,1.0,-0.026321612545936124,4.528051000451115,0,1.0,-0.026321612545936124,1.686677240139789,0,1.0,-0.026321612545936124,1.4918204360033966,0,1.0,-0.026321612545936124,1.7640340875839666,0,0.0,-0.0,1.4312132576377072,0,1.0,-0.026321612545936124,2.8442418921861066
2021-01-24,32259.9,0.005670553026996705,True,1.0,0.005670553026996705,7.528424206782568,0,0.0,0.0,1.6251263137946739,0,1.0,0.005670553026996705,4.553727553758119,1,1.0,0.005670553026996705,1.69624163286943,1,1.0,0.005670553026996705,1.5002798828925112,1,1.0,0.005670553026996705,1.7740371364190413,0,0.0,0.0,1.4312132576377072,0,1.0,0.005670553026996705,2.8603703166573533
2021-01-25,32254.2,-0.00017668994634212343,False,1.0,-0.00017668994634212343,7.527094009913431,0,0.0,-0.0,1.6251263137946739,0,1.0,-0.00017668994634212343,4.552922955880988,0,1.0,-0.00017668994634212343,1.6959419240263351,0,1.0,-0.00017668994634212343,1.5000147985205048,0,1.0,-0.00017668994634212343,1.7737236818925985,0,0.0,-0.0,1.4312132576377072,0,1.0,-0.00017668994634212343,2.8598649179795843
2021-01-26,32467.77,0.0066214632512975324,False,1.0,0.0066214632512975324,7.5769343862891345,0,0.0,0.0,1.6251263137946739,0,1.0,0.0066214632512975324,4.583069967919343,0,1.0,0.0066214632512975324,1.7071715411526103,0,1.0,0.0066214632512975324,1.5099470913853108,0,1.0,0.0066214632512975324,1.7854683280702066,0,0.0,0.0,1.4312132576377072,0,1.0,0.0066214632512975324,2.878801408437661
2021-01-27,30366.15,-0.06472942243954538,False,1.0,-0.06472942243954538,7.086483799602307,0,0.0,-0.0,1.6251263137946739,0,1.0,-0.06472942243954538,4.286410495895898,0,1.0,-0.06472942243954538,1.5966673132885731,0,1.0,-0.06472942243954538,1.4122090882456682,0,1.0,-0.06472942243954538,1.6698959944101215,0,0.0,-0.0,1.4312132576377072,0,1.0,-0.06472942243954538,2.6924582559513417
2021-01-28,33364.86,0.09875173507342883,False,1.0,0.09875173507342883,7.78628637038278,0,0.0,0.0,1.6251263137946739,0,1.0,0.09875173507342883,4.709700969602574,0,1.0,0.09875173507342883,1.7543409808108497,0,1.0,0.09875173507342883,1.5516671859963929,0,1.0,0.09875173507342883,1.8348011212502897,0,0.0,0.0,1.4312132576377072,0,1.0,0.09875173507342883,2.9583431803393148
2021-01-29,34252.2,0.0265950464051099,False,1.0,0.0265950464051099,7.993363017726585,0,0.0,0.0,1.6251263137946739,0,1.0,0.0265950464051099,4.8349556854433455,0,1.0,0.0265950464051099,1.8009977606059002,0,1.0,0.0265950464051099,1.5929338468132532,0,1.0,0.0265950464051099,1.8835977422140888,0,0.0,0.0,1.4312132576377072,0,1.0,0.0265950464051099,3.037020454502679
2021-01-30,34262.88,0.00031180478918146903,False,1.0,0.00031180478918146903,7.995855386597178,0,0.0,0.0,1.6251263137946739,0,1.0,0.00031180478918146903,4.836463247781547,0,1.0,0.00031180478918146903,1.8015593203329623,0,1.0,0.00031180478918146903,1.5934305312155388,0,1.0,0.00031180478918146903,1.8841850570110026,0,0.0,0.0,1.4312132576377072,0,1.0,0.00031180478918146903,3.037967412025235
2021-01-31,33092.98,-0.03414482378597461,False,1.0,-0.03414482378597461,7.722838313403681,0,0.0,-0.0,1.6251263137946739,0,1.0,-0.03414482378597461,4.671323062438703,0,1.0,-0.03414482378597461,1.740045394800213,0,1.0,-0.03414482378597461,1.5390231265119922,0,1.0,-0.03414482378597461,1.8198498902591953,0,0.0,-0.0,1.4312132576377072,0,1.0,-0.03414482378597461,2.9342365500741
2021-02-01,33526.37,0.013096130961913977,False,1.0,0.013096130961913977,7.823977615353702,0,0.0,0.0,1.6251263137946739,0,1.0,0.013096130961913977,4.73249932102981,0,1.0,0.013096130961913977,1.762833257170192,0,1.0,0.013096130961913977,1.5591783749302075,0,1.0,0.013096130961913977,1.8436828827530545,0,0.0,0.0,1.4312132576377072,0,1.0,0.013096130961913977,2.972663696207105
2021-02-02,35466.24,0.057861021041049066,False,1.0,0.057861021041049066,8.27668094878038,0,0.0,0.0,1.6251263137946739,0,1.0,0.057861021041049066,5.006326563820666,0,1.0,0.057861021041049066,1.8648325893551774,0,1.0,0.057861021041049066,1.6493940276887928,0,1.0,0.057861021041049066,1.9503602568250509,0,0.0,0.0,1.4312132576377072,0,1.0,0.057861021041049066,3.144665052881307
2021-02-03,37618.87,0.06069518505485805,False,1.0,0.06069518505485805,8.779035630606623,0,0.0,0.0,1.6251263137946739,0,1.0,0.06069518505485805,5.310186481056813,0,1.0,0.06069518505485805,1.97801894846242,0,1.0,0.06069518505485805,1.7495043034277418,0,1.0,0.06069518505485805,2.068737733536688,0,0.0,0.0,1.4312132576377072,0,1.0,0.06069518505485805,3.3355310802014833
2021-02-04,36936.66,-0.018134781826248392,True,1.0,-0.018134781826248392,8.619829734800712,0,0.0,-0.0,1.6251263137946739,0,1.0,-0.018134781826248392,5.213887407766154,1,1.0,-0.018134781826248392,1.9421480063838688,1,1.0,-0.018134781826248392,1.717777424580997,1,1.0,-0.018134781826248392,2.0312216260832723,0,0.0,-0.0,1.4312132576377072,0,1.0,-0.018134781826248392,3.2750419517873586
2021-02-05,38290.24,0.03664597719447271,True,1.0,0.03664597719447271,8.935711818682456,0,0.0,0.0,1.6251263137946739,0,1.0,0.03664597719447271,5.4049554068057,1,1.0,0.03664597719447271,2.0133199179341026,1,1.0,0.03664597719447271,1.780727056907372,1,1.0,0.03664597719447271,2.1056577274696395,0,0.0,0.0,1.4312132576377072,0,1.0,0.03664597719447271,3.3950590644634997
2021-02-06,39186.94,0.023418500380253615,True,1.0,0.023418500380253615,9.144972789306108,0,0.0,0.0,1.6251263137946739,0,1.0,0.023418500380253615,5.531531357055234,1,1.0,0.023418500380253615,2.0604688511978146,1,1.0,0.023418500380253615,1.8224290141666852,1,1.0,0.023418500380253615,2.1549690737610714,0,0.0,0.0,1.4312132576377072,0,1.0,0.023418500380253615,3.4745662564556214
2021-02-07,38795.69,-0.009984193713517775,True,1.0,-0.009984193713517775,9.053667609472827,0,0.0,-0.0,1.6251263137946739,0,1.0,-0.009984193713517775,5.476303476453996,1,1.0,-0.009984193713517775,2.0398967310467864,1,1.0,-0.009984193713517775,1.8042335298601098,1,1.0,-0.009984193713517775,2.133453445082001,0,0.0,-0.0,1.4312132576377072,0,1.0,-0.009984193713517775,3.4398755138807164
2021-02-08,46374.87,0.1953613919484356,True,1.0,0.1953613919484356,10.822404715897903,0,0.0,0.0,1.6251263137946739,1,1.0,0.1953613919484356,6.5461617463461055,1,1.0,0.1953613919484356,2.43841379585515,1,1.0,0.1953613919484356,2.15671110365362,1,1.0,0.1953613919484356,2.550247879770406,0,0.0,0.0,1.4312132576377072,1,1.0,0.1953613919484356,4.111894382401793
2021-02-09,46420.42,0.0009822129959609072,True,1.0,0.0009822129959609072,10.833034622457406,0,0.0,0.0,1.6251263137946739,1,1.0,0.0009822129959609072,6.552591471487029,1,1.0,0.0009822129959609072,2.440808837574969,1,1.0,0.0009822129959609072,2.1588294533281616,1,1.0,0.0009822129959609072,2.5527527663808383,0,0.0,0.0,1.4312132576377072,1,1.0,0.0009822129959609072,4.115933138502207
2021-02-10,44807.58,-0.03474419231881132,True,1.0,-0.03474419231881132,10.456649584138404,0,0.0,-0.0,1.6251263137946739,0,1.0,-0.03474419231881132,6.324926973215081,1,1.0,-0.03474419231881132,2.35600490590881,1,1.0,-0.03474419231881132,2.0838226676182137,1,1.0,-0.03474419231881132,2.464059433323325,0,0.0,-0.0,1.4312132576377072,0,1.0,-0.03474419231881132,3.972928365966718
2021-02-11,47969.51,0.07056685498301851,True,1.0,0.07056685498301851,11.19454245895054,0,0.0,0.0,1.6251263137946739,1,1.0,0.07056685498301851,6.7712571777121315,1,1.0,0.07056685498301851,2.5222607624433575,1,1.0,0.07056685498301851,2.230871479614355,1,1.0,0.07056685498301851,2.6379403580241907,0,0.0,0.0,1.4312132576377072,1,1.0,0.07056685498301851,4.253285425825812
2021-02-12,47287.6,-0.014215488129855847,True,1.0,-0.014215488129855847,11.035406573506162,0,0.0,-0.0,1.6251263137946739,0,1.0,-0.014215488129855847,6.675000451678163,1,1.0,-0.014215488129855847,2.486405594514443,1,1.0,-0.014215488129855847,2.1991585525766633,1,1.0,-0.014215488129855847,2.60044074817743,0,0.0,-0.0,1.4312132576377072,0,1.0,-0.014215488129855847,4.192822897342096
2021-02-13,47153.69,-0.0028318206041328953,True,1.0,-0.0028318206041328953,11.004156281796323,0,0.0,-0.0,1.6251263137946739,0,1.0,-0.0028318206041328953,6.656098047866505,1,1.0,-0.0028318206041328953,2.4793645399216655,1,1.0,-0.0028318206041328953,2.1929309300757214,1,1.0,-0.0028318206041328953,2.5930767664869143,0,0.0,-0.0,1.4312132576377072,0,1.0,-0.0028318206041328953,4.1809495750719226
2021-02-14,48577.79,0.03020124193885998,True,1.0,0.03020124193885998,11.33649546799588,0,0.0,0.0,1.6251263137946739,0,1.0,0.03020124193885998,6.857120475378895,1,1.0,0.03020124193885998,2.55424442824647,1,1.0,0.03020124193885998,2.2591601676501476,1,1.0,0.03020124193885998,2.6713909052776224,0,0.0,0.0,1.4312132576377072,0,1.0,0.03020124193885998,4.307219444722843
2021-02-15,47911.1,-0.013724173125208128,True,1.0,-0.013724173125208128,11.180911441559967,0,0.0,-0.0,1.6251263137946739,0,1.0,-0.013724173125208128,6.763012166834385,1,1.0,-0.013724173125208128,2.5191895355091174,1,1.0,-0.013724173125208128,2.2281550623917425,1,1.0,-0.013724173125208128,2.6347282740084856,0,0.0,-0.0,1.4312132576377072,0,1.0,-0.013724173125208128,4.248106419375204
2021-02-16,49133.45,0.025512876974229215,True,1.0,0.025512876974229215,11.466168659628238,0,0.0,0.0,1.6251263137946739,0,1.0,0.025512876974229215,6.935556064222046,1,1.0,0.025512876974229215,2.583461308203327,1,1.0,0.025512876974229215,2.285001708378049,1,1.0,0.025512876974229215,2.7019477723237872,0,0.0,0.0,1.4312132576377072,0,1.0,0.025512876974229215,4.356487835826157
2021-02-17,52119.71,0.060778553103842725,True,1.0,0.060778553103842725,12.16306580040507,0,0.0,0.0,1.6251263137946739,1,1.0,0.060778553103842725,7.357089126776044,1,1.0,0.060778553103842725,2.740480348515686,1,1.0,0.060778553103842725,2.4238808060530754,1,1.0,0.060778553103842725,2.866168248487778,0,0.0,0.0,1.4312132576377072,1,1.0,0.060778553103842725,4.621268863102162
2021-02-18,51552.6,-0.01088091242257494,True,1.0,-0.01088091242257494,12.030720546640845,0,0.0,-0.0,1.6251263137946739,1,1.0,-0.01088091242257494,7.277037284302516,1,1.0,-0.01088091242257494,2.710661421847699,1,1.0,-0.01088091242257494,2.3975067712796516,1,1.0,-0.01088091242257494,2.8349817227876173,0,0.0,-0.0,1.4312132576377072,1,1.0,-0.01088091242257494,4.570985241321575
2021-02-19,55906.0,0.08444578934913083,True,1.0,0.08444578934913083,13.046664239640737,0,0.0,0.0,1.6251263137946739,1,1.0,0.08444578934913083,7.891552441898497,1,1.0,0.08444578934913083,2.9395653652738654,1,1.0,0.08444578934913083,2.599966123050248,1,1.0,0.08444578934913083,3.0743839921587766,0,0.0,0.0,1.4312132576377072,1,1.0,0.08444578934913083,4.956985698128202
2021-02-20,55841.19,-0.0011592673416090937,True,1.0,-0.0011592673416090937,13.031539667870783,0,0.0,-0.0,1.6251263137946739,1,1.0,-0.0011592673416090937,7.882404022878009,1,1.0,-0.0011592673416090937,2.9361576231473783,1,1.0,-0.0011592673416090937,2.596952067234506,1,1.0,-0.0011592673416090937,3.070819959201101,0,0.0,-0.0,1.4312132576377072,1,1.0,-0.0011592673416090937,4.951239226495539
2021-02-21,57408.57,0.02806852790923675,True,1.0,0.02806852790923675,13.39731580273874,0,0.0,0.0,1.6251263137946739,1,1.0,0.02806852790923675,8.103651500186041,1,1.0,0.02806852790923675,3.0185712453386087,1,1.0,0.02806852790923675,2.6698446888126277,1,1.0,0.02806852790923675,3.157013354930178,0,0.0,0.0,1.4312132576377072,1,1.0,0.02806852790923675,5.090213222909736
2021-02-22,54087.67,-0.05784676399359889,True,1.0,-0.05784676399359889,12.622324437349999,0,0.0,-0.0,1.6251263137946739,1,1.0,-0.05784676399359889,7.634881484368406,1,1.0,-0.05784676399359889,2.8439566669116423,1,1.0,-0.05784676399359889,2.5154028131993202,1,1.0,-0.05784676399359889,2.9743903484628924,0,0.0,-0.0,1.4312132576377072,1,1.0,-0.05784676399359889,4.795760859926981
2021-02-23,48891.0,-0.09607864417158285,True,1.0,-0.09607864417158285,11.409588619115574,0,0.0,-0.0,1.6251263137946739,1,1.0,-0.09607864417158285,6.901332422939568,1,1.0,-0.09607864417158285,2.570713166272038,1,1.0,-0.09607864417158285,2.2737263213617442,1,1.0,-0.09607864417158285,2.688614956545536,0,0.0,-0.0,1.4312132576377072,1,1.0,-0.09607864417158285,4.3349906587340525
2021-02-24,49676.2,0.016060215581599868,True,1.0,0.016060215581599868,11.592829072035938,0,0.0,0.0,1.6251263137946739,0,1.0,0.016060215581599868,7.012169309452262,1,1.0,0.016060215581599868,2.611999373920824,1,1.0,0.016060215581599868,2.3102428562563717,1,1.0,0.016060215581599868,2.731794692363571,0,0.0,0.0,1.4312132576377072,0,1.0,0.016060215581599868,4.404611543257543
2021-02-25,47073.73,-0.05238866902057715,True,1.0,-0.05238866902057715,10.985496186768923,0,0.0,-0.0,1.6251263137946739,0,1.0,-0.05238866902057715,6.644811092383119,1,1.0,-0.05238866902057715,2.475160203238531,1,1.0,-0.05238866902057715,2.189212307902804,1,1.0,-0.05238866902057715,2.5886796043931666,0,0.0,-0.0,1.4312132576377072,0,1.0,-0.05238866902057715,4.17385980695361
2021-02-26,46276.87,-0.016927912871998907,True,1.0,-0.016927912871998907,10.799534664463623,0,0.0,-0.0,1.6251263137946739,0,1.0,-0.016927912871998907,6.532328309160365,1,1.0,-0.016927912871998907,2.43326090697387,1,1.0,-0.016927912871998907,2.1521535126963176,1,1.0,-0.016927912871998907,2.5448586615964786,0,0.0,-0.0,1.4312132576377072,0,1.0,-0.016927912871998907,4.103205071801561
2021-02-27,46106.43,-0.0036830494370082567,True,1.0,-0.0036830494370082567,10.75975944439772,0,0.0,-0.0,1.6251263137946739,0,1.0,-0.0036830494370082567,6.50826942105896,1,1.0,-0.0036830494370082567,2.4242990867603456,1,1.0,-0.0036830494370082567,2.144227024913026,1,1.0,-0.0036830494370082567,2.53548582133562,1,0.0,-0.0,1.4312132576377072,1,1.0,-0.0036830494370082567,4.088092764671933
2021-02-28,45135.66,-0.021054980834560366,False,1.0,-0.021054980834560366,10.533212915511445,0,0.0,-0.0,1.6251263137946739,0,1.0,-0.021054980834560366,6.371237933132408,0,1.0,-0.021054980834560366,2.373255515951364,0,1.0,-0.021054980834560366,2.099080365998536,0,1.0,-0.021054980834560366,2.482101215961099,0,1.0,-0.022054980834560367,1.3996478766703389,0,1.0,-0.021054980834560366,4.002018049861861
2021-03-01,49587.03,0.09862202081458427,True,1.0,0.09862202081458427,11.572019658909463,0,0.0,0.0,1.6251263137946739,1,1.0,0.09862202081458427,6.99958229318846,1,1.0,0.09862202081458427,2.6073107708438465,1,1.0,0.09862202081458427,2.306095913545529,1,1.0,0.09862202081458427,2.7268910537455193,1,1.0,0.09862202081458427,1.5376839786964096,1,1.0,0.09862202081458427,4.3967051572756795
2021-03-02,48440.65,-0.02311854531315949,True,1.0,-0.02311854531315949,11.304491398060192,0,0.0,-0.0,1.6251263137946739,0,1.0,-0.02311854531315949,6.8377621327701945,1,1.0,-0.02311854531315949,2.547033538642604,1,1.0,-0.02311854531315949,2.2527823306717347,1,1.0,-0.02311854531315949,2.663849299355454,1,1.0,-0.02311854531315949,1.5021349619575972,1,1.0,-0.02311854531315949,4.2950597298685995
2021-03-03,50349.37,0.03940326977445596,True,1.0,0.03940326977445596,11.749925322280975,0,0.0,0.0,1.6251263137946739,0,1.0,0.03940326977445596,7.107192318741298,1,1.0,0.03940326977445596,2.647394988290326,1,1.0,0.03940326977445596,2.3415493205903206,1,1.0,0.03940326977445596,2.7688136719364524,1,1.0,0.03940326977445596,1.5613239911012546,1,1.0,0.03940326977445596,4.464299127102014
2021-03-04,48374.09,-0.0392314739985824,True,1.0,-0.0392314739985824,11.288958432514624,0,0.0,-0.0,1.6251263137946739,0,1.0,-0.0392314739985824,6.828366688085674,1,1.0,-0.0392314739985824,2.5435337806432368,1,1.0,-0.0392314739985824,2.249686889303183,1,1.0,-0.0392314739985824,2.660189030358958,1,1.0,-0.0392314739985824,1.500070949541003,1,1.0,-0.0392314739985824,4.289158091975217
2021-03-05,48751.71,0.007806245037374371,True,1.0,0.007806245037374371,11.377082808255567,0,0.0,0.0,1.6251263137946739,0,1.0,0.007806245037374371,6.881670591657915,1,1.0,0.007806245037374371,2.563389228595777,1,1.0,0.007806245037374371,2.2672484964184525,1,1.0,0.007806245037374371,2.6809551177756754,1,1.0,0.007806245037374371,1.5117808709465668,1,1.0,0.007806245037374371,4.3226403110452125
2021-03-06,48882.2,0.0026766240609816805,True,1.0,0.0026766240609816805,11.407534981843925,0,0.0,0.0,1.6251263137946739,0,1.0,0.0026766240609816805,6.900090236743297,1,1.0,0.0026766240609816805,2.5702504578826977,1,1.0,0.0026766240609816805,2.2733170682961905,1,1.0,0.0026766240609816805,2.688131026750326,1,1.0,0.0026766240609816805,1.515827340000674,1,1.0,0.0026766240609816805,4.334210394108726
2021-03-07,50971.75,0.04274664397265271,True,1.0,0.04274664397265271,11.895168818318389,0,0.0,0.0,1.6251263137946739,0,1.0,0.04274664397265271,7.195045937472539,1,1.0,0.04274664397265271,2.680120039126357,1,1.0,0.04274664397265271,2.3704937436516023,1,1.0,0.04274664397265271,2.8030396067026633,1,1.0,0.04274664397265271,1.5806238716276961,1,1.0,0.04274664397265271,4.519483342728262
2021-03-08,52375.17,0.027533290499148988,True,1.0,0.027533290499148988,12.222681956929568,0,0.0,0.0,1.6251263137946739,0,1.0,0.027533290499148988,7.3931492274236925,1,1.0,0.027533290499148988,2.7539125627362133,1,1.0,0.027533290499148988,2.435761236521977,1,1.0,0.027533290499148988,2.8802165104746282,1,1.0,0.027533290499148988,1.624143647855111,1,1.0,0.027533290499148988,4.643919590509664
2021-03-09,54884.5,0.04791067981259056,True,1.0,0.04791067981259056,12.808278958619148,0,0.0,0.0,1.6251263137946739,0,1.0,0.04791067981259056,7.74736003286549,1,1.0,0.04791067981259056,2.8858543857613386,1,1.0,0.04791067981259056,2.5524602132249012,1,1.0,0.04791067981259056,3.018209641498915,1,1.0,0.04791067981259056,1.7019574741371502,1,1.0,0.04791067981259056,4.866412935085989
2021-03-10,55851.59,0.017620457506217546,True,1.0,0.017620457506217546,13.033966693737277,0,0.0,0.0,1.6251263137946739,0,1.0,0.017620457506217546,7.883872061109965,1,1.0,0.017620457506217546,2.9367044603347776,1,1.0,0.017620457506217546,2.5974357299483417,1,1.0,0.017620457506217546,3.071391876231803,1,1.0,0.017620457506217546,1.731946743487573,1,1.0,0.017620457506217546,4.9521613574163785
2021-03-11,57773.16,0.034404929206133694,True,1.0,0.034404929206133694,13.482399395110413,0,0.0,0.0,1.6251263137946739,1,1.0,0.034404929206133694,8.155116121242669,1,1.0,0.034404929206133694,3.0377415693919327,1,1.0,0.034404929206133694,2.6868003223546966,1,1.0,0.034404929206133694,3.177062896297852,1,1.0,0.034404929206133694,1.7915342485860568,1,1.0,0.034404929206133694,5.12254011833564
2021-03-12,57221.72,-0.009544916705265916,True,1.0,-0.009544916705265916,13.353711015896957,0,0.0,-0.0,1.6251263137946739,0,1.0,-0.009544916705265916,8.077276217143636,1,1.0,-0.009544916705265916,3.008746579139963,1,1.0,-0.009544916705265916,2.6611550370741393,1,1.0,-0.009544916705265916,3.1467380955852984,1,1.0,-0.009544916705265916,1.7744342034086718,1,1.0,-0.009544916705265916,5.073645899586743
2021-03-13,61188.39,0.06932105501197783,True,1.0,0.06932105501197783,14.279404351844004,0,0.0,0.0,1.6251263137946739,1,1.0,0.06932105501197783,8.63720152613919,1,1.0,0.06932105501197783,3.2173160662696243,1,1.0,0.06932105501197783,2.8456291117945574,1,1.0,0.06932105501197783,3.364873300217653,1,1.0,0.06932105501197783,1.8974398544382993,1,1.0,0.06932105501197783,5.425356386103291
2021-03-14,58968.31,-0.03628270003508838,True,1.0,-0.03628270003508838,13.761309007066313,0,0.0,-0.0,1.6251263137946739,1,1.0,-0.03628270003508838,8.323820534023675,1,1.0,-0.03628270003508838,3.1005831525190928,1,1.0,-0.03628270003508838,2.7423820043202003,1,1.0,-0.03628270003508838,3.242786611609778,1,1.0,-0.03628270003508838,1.8285956133650927,1,1.0,-0.03628270003508838,5.228509807762855
2021-03-15,55605.2,-0.05703249762457163,True,1.0,-0.05703249762457163,12.976467183809808,0,0.0,-0.0,1.6251263137946739,0,1.0,-0.05703249762457163,7.849092259189609,1,1.0,-0.05703249762457163,2.923749151238261,1,1.0,-0.05703249762457163,2.5859771091731405,1,1.0,-0.05703249762457163,3.0578423918861506,1,1.0,-0.05703249762457163,1.724306238389546,1,1.0,-0.05703249762457163,4.93031483457157
2021-03-16,56900.75,0.023299079942163736,True,1.0,0.023299079942163736,13.278806930092257,0,0.0,0.0,1.6251263137946739,0,1.0,0.023299079942163736,8.031968887209887,1,1.0,0.023299079942163736,2.9918698164437947,1,1.0,0.023299079942163736,2.646227996568371,1,1.0,0.023299079942163736,3.129087306225243,1,1.0,0.023299079942163736,1.7644809872825558,1,1.0,0.023299079942163736,5.045186634042289
2021-03-17,58912.97,0.03536368149804714,True,1.0,0.03536368149804714,13.7483944290421,0,0.0,0.0,1.6251263137946739,0,1.0,0.03536368149804714,8.316008876739401,1,1.0,0.03536368149804714,3.097673347716134,1,1.0,0.03536368149804714,2.73980836061023,1,1.0,0.03536368149804714,3.239743353102175,1,1.0,0.03536368149804714,1.8268795309261758,1,1.0,0.03536368149804714,5.223603007266765
2021-03-18,57648.16,-0.021469126407987926,True,1.0,-0.021469126407987926,13.453228411138118,0,0.0,-0.0,1.6251263137946739,0,1.0,-0.021469126407987926,8.137471430954733,1,1.0,-0.021469126407987926,3.0311690070433612,1,1.0,-0.021469126407987926,2.680987068582627,1,1.0,-0.021469126407987926,3.1701888935249856,1,1.0,-0.021469126407987926,1.787658023344556,1,1.0,-0.021469126407987926,5.1114568139986085
2021-03-19,58030.01,0.0066238020432916045,True,1.0,0.0066238020432916045,13.542339932976684,0,0.0,0.0,1.6251263137946739,0,1.0,0.0066238020432916045,8.191372430846318,1,1.0,0.0066238020432916045,3.051246870505777,1,1.0,0.0066238020432916045,2.698745396205543,1,1.0,0.0066238020432916045,3.191187597195537,1,1.0,0.0066238020432916045,1.7994991162122924,1,1.0,0.0066238020432916045,5.14531409208737
2021-03-20,58102.28,0.0012453901007425383,True,1.0,0.0012453901007425383,13.559205429070104,0,0.0,0.0,1.6251263137946739,0,1.0,0.0012453901007425383,8.201573884983189,1,1.0,0.0012453901007425383,3.0550468631532266,1,1.0,0.0012453901007425383,2.702106387006402,1,1.0,0.0012453901007425383,3.1951618706386964,1,1.0,0.0012453901007425383,1.8017401945979181,1,1.0,0.0012453901007425383,5.151722015322866
2021-03-21,57351.56,-0.012920663354346829,True,1.0,-0.012920663354346829,13.384011500368658,0,0.0,-0.0,1.6251263137946739,0,1.0,-0.012920663354346829,8.095604109839519,1,1.0,-0.012920663354346829,3.0155736311026704,1,1.0,-0.012920663354346829,2.667193380032262,1,1.0,-0.012920663354346829,3.153878259745529,1,1.0,-0.012920663354346829,1.778460516091523,1,1.0,-0.012920663354346829,5.085158349467702
2021-03-22,54083.25,-0.05698729031956584,True,1.0,-0.05698729031956584,12.621292951356741,0,0.0,-0.0,1.6251263137946739,0,1.0,-0.05698729031956584,7.634257568119824,0,1.0,-0.05698729031956584,2.843724261106995,0,1.0,-0.05698729031956584,2.5151972565459393,0,1.0,-0.05698729031956584,2.9741472837248435,1,1.0,-0.05698729031956584,1.6771108703391304,0,1.0,-0.05698729031956584,4.795368954285622
2021-03-23,54340.89,0.004763766970365069,True,1.0,0.004763766970365069,12.681417849841717,0,0.0,0.0,1.6251263137946739,0,1.0,0.004763766970365069,7.670625392166093,0,1.0,0.004763766970365069,2.8572711008148826,0,1.0,0.004763766970365069,2.5271790701606256,0,1.0,0.004763766970365069,2.988315428320053,1,1.0,0.004763766970365069,1.6851002357088922,0,1.0,0.004763766970365069,4.818212974520762
2021-03-24,52303.65,-0.03749000062383956,True,1.0,-0.03749000062383956,12.20599148673998,0,0.0,-0.0,1.6251263137946739,0,1.0,-0.03749000062383956,7.383053641428546,0,1.0,-0.03749000062383956,2.7501520054628537,0,1.0,-0.03749000062383956,2.4324351252437495,0,1.0,-0.03749000062383956,2.876283481048105,1,1.0,-0.03749000062383956,1.6219258268209336,0,1.0,-0.03749000062383956,4.6375781671001866
2021-03-25,51293.78,-0.019307830333064713,True,1.0,-0.019307830333064713,11.970320274067173,0,0.0,-0.0,1.6251263137946739,0,1.0,-0.019307830333064713,7.2405028943799286,0,1.0,-0.019307830333064713,2.6970525371512393,0,1.0,-0.019307830333064713,2.3854700805493563,0,1.0,-0.019307830333064713,2.820748687606231,1,1.0,-0.019307830333064713,1.5906099581438593,0,1.0,-0.019307830333064713,4.548036594693491
2021-03-26,55025.59,0.07275365551144786,True,1.0,0.07275365551144786,12.841204831648357,0,0.0,0.0,1.6251263137946739,0,1.0,0.07275365551144786,7.767275947687287,0,1.0,0.07275365551144786,2.893272968335417,0,1.0,0.07275365551144786,2.55902174902251,0,1.0,0.07275365551144786,3.0259684659087034,1,1.0,0.07275365551144786,1.7063326470917362,0,1.0,0.07275365551144786,4.878922882357279
2021-03-27,55817.14,0.014385125175395697,True,1.0,0.014385125175395697,13.025927170554514,0,0.0,0.0,1.6251263137946739,0,1.0,0.014385125175395697,7.879009184466608,0,1.0,0.014385125175395697,2.9348930621515104,0,1.0,0.014385125175395697,2.5958335972087587,0,1.0,0.014385125175395697,3.0694974010676,1,1.0,0.014385125175395697,1.730878455811015,0,1.0,0.014385125175395697,4.949106798741091
2021-03-28,55777.63,-0.0007078470878300047,True,1.0,-0.0007078470878300047,13.01670680594055,0,0.0,-0.0,1.6251263137946739,0,1.0,-0.0007078470878300047,7.873432050760398,0,1.0,-0.0007078470878300047,2.932815606644374,0,1.0,-0.0007078470878300047,2.5939961439564834,0,1.0,-0.0007078470878300047,3.0673246662711526,1,1.0,-0.0007078470878300047,1.7296532585366815,0,1.0,-0.0007078470878300047,4.945603587906242
2021-03-29,57635.47,0.03330797669244823,True,1.0,0.03330797669244823,13.45026697284525,0,0.0,0.0,1.6251263137946739,0,1.0,0.03330797669244823,8.1356801419967,0,1.0,0.03330797669244823,3.0305017605137334,1,1.0,0.03330797669244823,2.6803969070596865,1,1.0,0.03330797669244823,3.169491044763484,1,1.0,0.03330797669244823,1.7872645089580383,0,1.0,0.03330797669244823,5.110331636942312
2021-03-30,58746.57,0.01927805915350378,True,1.0,0.01927805915350378,13.709562015178179,0,0.0,0.0,1.6251263137946739,0,1.0,0.01927805915350378,8.292520265028099,1,1.0,0.01927805915350378,3.0889239527177144,1,1.0,0.01927805915350378,2.7320697571888517,1,1.0,0.01927805915350378,3.230592680610935,1,1.0,0.01927805915350378,1.8217194998846893,1,1.0,0.01927805915350378,5.208848912533307
2021-03-31,58740.55,-0.00010247406784769097,True,1.0,-0.00010247406784769097,13.708157140590073,0,0.0,-0.0,1.6251263137946739,0,1.0,-0.00010247406784769097,8.291670496743832,1,1.0,-0.00010247406784769097,3.088607418115007,1,1.0,-0.00010247406784769097,2.731789790887189,1,1.0,-0.00010247406784769097,3.2302616286373937,1,1.0,-0.00010247406784769097,1.8215328208770587,1,1.0,-0.00010247406784769097,5.208315140596436
2021-04-01,58720.44,-0.00034235294017503914,True,1.0,-0.00034235294017503914,13.70346411268861,0,0.0,-0.0,1.6251263137946739,0,1.0,-0.00034235294017503914,8.288831818970309,1,1.0,-0.00034235294017503914,3.087550024284369,1,1.0,-0.00034235294017503914,2.730854554620339,1,1.0,-0.00034235294017503914,3.2291557390712953,1,1.0,-0.00034235294017503914,1.820909213760206,1,1.0,-0.00034235294017503914,5.206532058594695
2021-04-02,58950.01,0.0039095415497567565,False,1.0,0.0039095415497567565,13.757038375012767,0,0.0,0.0,1.6251263137946739,0,1.0,0.0039095415497567565,8.321237351365518,0,1.0,0.0039095415497567565,3.099620929391261,0,1.0,0.0039095415497567565,2.7415309439679696,0,1.0,0.0039095415497567565,3.24178025760383,0,1.0,0.0039095415497567565,1.8280281339897366,0,1.0,0.0039095415497567565,5.226887212007911
2021-04-03,57051.94,-0.03219795891468047,False,1.0,-0.03219795891468047,13.314089818626423,0,0.0,-0.0,1.6251263137946739,0,1.0,-0.03219795891468047,8.053310493006947,0,1.0,-0.03219795891468047,2.9998194620556378,0,1.0,-0.03219795891468047,2.653259243270764,0,1.0,-0.03219795891468047,3.1374015500590797,0,1.0,-0.03219795891468047,1.769169359236655,0,1.0,-0.03219795891468047,5.058592112304011
2021-04-04,58202.01,0.020158297859809826,True,1.0,0.020158297859809826,13.582479206922555,0,0.0,0.0,1.6251263137946739,0,0.0,-0.001,8.04525718251394,0,1.0,0.020158297859809826,3.06029071629741,0,1.0,0.020158297859809826,2.7067444333959094,0,1.0,0.020158297859809826,3.2006462250109995,1,1.0,0.020158297859809826,1.8048328021445965,0,1.0,0.020158297859809826,5.16056471885512
2021-04-05,59129.99,0.015944122891975665,True,1.0,0.015944122891975665,13.799039924575432,0,0.0,0.0,1.6251263137946739,0,0.0,0.0,8.04525718251394,0,1.0,0.015944122891975665,3.109084367563228,0,1.0,0.015944122891975665,2.749901099279145,0,1.0,0.015944122891975665,3.251677721756313,1,1.0,0.015944122891975665,1.8336092781414588,0,1.0,0.015944122891975665,5.24284539692454
2021-04-06,57991.15,-0.019259938992041037,False,1.0,-0.019259938992041037,13.53327125747937,0,0.0,-0.0,1.6251263137946739,0,0.0,-0.0,8.04525718251394,0,1.0,-0.019259938992041037,3.049203592322852,0,1.0,-0.019259938992041037,2.696938171872882,0,1.0,-0.019259938992041037,3.1890506072135074,0,1.0,-0.019259938992041037,1.7982940753092138,0,1.0,-0.019259938992041037,5.14186851443507
2021-04-07,55953.45,-0.03513812021317053,False,1.0,-0.03513812021317053,13.057737545156614,0,0.0,-0.0,1.6251263137946739,0,0.0,-0.0,8.04525718251394,0,1.0,-0.03513812021317053,2.9420603099413802,0,1.0,-0.03513812021317053,2.602172834182124,0,1.0,-0.03513812021317053,3.0769933636113547,0,1.0,-0.03513812021317053,1.7351054019123664,0,1.0,-0.03513812021317053,4.961192920454534
2021-04-08,58077.52,0.03796137682305556,True,1.0,0.03796137682305556,13.553427240564865,0,0.0,0.0,1.6251263137946739,0,0.0,0.0,8.04525718251394,0,1.0,0.03796137682305556,3.0537449700032204,0,1.0,0.03796137682305556,2.7009548976992304,0,1.0,0.03796137682305556,3.1938002681694466,1,1.0,0.03796137682305556,1.800972391902081,0,1.0,0.03796137682305556,5.149526634399784
2021-04-09,58142.54,0.0011195381620978662,True,1.0,0.0011195381620978662,13.568600819587894,0,0.0,0.0,1.6251263137946739,0,0.0,0.0,8.04525718251394,0,1.0,0.0011195381620978662,3.0571637540344536,0,1.0,0.0011195381620978662,2.70397871978131,0,1.0,0.0011195381620978662,3.1973758494517805,1,1.0,0.0011195381620978662,1.8029886492237002,0,1.0,0.0011195381620978662,5.155291725983734
2021-04-10,59769.13,0.0279759019815784,True,1.0,0.0279759019815784,13.94819466614385,0,0.0,0.0,1.6251263137946739,0,0.0,0.0,8.04525718251394,0,1.0,0.0279759019815784,3.1426906675589557,0,1.0,0.0279759019815784,2.7796249634061856,0,1.0,0.0279759019815784,3.2868253228143094,1,1.0,0.0279759019815784,1.8534288829482808,0,1.0,0.0279759019815784,5.299515661996296
2021-04-11,60002.43,0.0039033527842884386,True,1.0,0.0039033527842884386,14.00263939062974,0,0.0,0.0,1.6251263137946739,0,0.0,0.0,8.04525718251394,0,1.0,0.0039033527842884386,3.154957697926329,0,1.0,0.0039033527842884386,2.790474820246375,0,1.0,0.0039033527842884386,3.2996549615895865,1,1.0,0.0039033527842884386,1.8606634697390176,0,1.0,0.0039033527842884386,5.32020154121093
2021-04-12,59860.0,-0.002373737196976866,True,1.0,-0.002373737196976866,13.969400804652349,0,0.0,-0.0,1.6251263137946739,0,0.0,-0.0,8.04525718251394,0,1.0,-0.002373737196976866,3.147468657483873,0,1.0,-0.002373737196976866,2.7838509663683286,0,1.0,-0.002373737196976866,3.291822447870072,1,1.0,-0.002373737196976866,1.856246743649842,0,1.0,-0.002373737196976866,5.307572780917144
2021-04-13,63575.0,0.062061476779151414,True,1.0,0.062061476779151414,14.83636244830894,0,0.0,0.0,1.6251263137946739,0,0.0,0.0,8.04525718251394,1,1.0,0.062061476779151414,3.3428052104834154,1,1.0,0.062061476779151414,2.956620868474215,1,1.0,0.062061476779151414,3.49611781027965,1,1.0,0.062061476779151414,1.971448157827242,1,1.0,0.062061476779151414,5.6369685858136895
2021-04-14,62959.53,-0.009681006685017701,True,1.0,-0.009681006685017701,14.692731524265515,0,0.0,-0.0,1.6251263137946739,0,0.0,-0.0,8.04525718251394,1,1.0,-0.009681006685017701,3.3104434908940132,1,1.0,-0.009681006685017701,2.927997802081453,1,1.0,-0.009681006685017701,3.462271870386723,1,1.0,-0.009681006685017701,1.9523625550321506,1,1.0,-0.009681006685017701,5.582397055251192
2021-04-15,63159.98,0.003183791238594136,True,1.0,0.003183791238594136,14.739510114163487,0,0.0,0.0,1.6251263137946739,0,0.0,0.0,8.04525718251394,1,1.0,0.003183791238594136,3.3209832518761826,1,1.0,0.003183791238594136,2.937319935830343,1,1.0,0.003183791238594136,3.4732950212332914,1,1.0,0.003183791238594136,1.9585784698294213,1,1.0,0.003183791238594136,5.600170242086055
2021-04-16,61334.8,-0.028897729226640023,True,1.0,-0.028897729226640023,14.313571741951069,0,0.0,-0.0,1.6251263137946739,0,0.0,-0.0,8.04525718251394,0,1.0,-0.028897729226640023,3.225014377097258,0,1.0,-0.028897729226640023,2.852438059672706,0,1.0,-0.028897729226640023,3.3729246821854546,1,1.0,-0.028897729226640023,1.9019799995391637,0,1.0,-0.028897729226640023,5.4383380388071645
2021-04-17,60006.66,-0.021653938710161302,True,1.0,-0.021653938710161302,14.003626536727364,0,0.0,-0.0,1.6251263137946739,0,0.0,-0.0,8.04525718251394,0,1.0,-0.021653938710161302,3.155180113436205,0,1.0,-0.021653938710161302,2.790671540754022,0,1.0,-0.021653938710161302,3.2998875778434207,1,1.0,-0.021653938710161302,1.86079464120119,0,1.0,-0.021653938710161302,5.320576600229695
2021-04-18,56150.01,-0.06427036598937519,False,1.0,-0.06427036598937519,13.10360833403337,0,0.0,-0.0,1.6251263137946739,0,0.0,-0.0,8.04525718251394,0,1.0,-0.06427036598937519,2.9523955327832616,0,1.0,-0.06427036598937519,2.6113140594736275,0,1.0,-0.06427036598937519,3.087802595491631,0,1.0,-0.06427036598937519,1.7412006885801214,0,1.0,-0.06427036598937519,4.978621194858428
2021-04-19,55633.14,-0.009205163097922964,False,1.0,-0.009205163097922964,12.982987482147289,0,0.0,-0.0,1.6251263137946739,0,0.0,-0.0,8.04525718251394,0,1.0,-0.009205163097922964,2.9252182503744124,0,1.0,-0.009205163097922964,2.5872764876562733,0,1.0,-0.009205163097922964,3.0593788689859407,0,1.0,-0.009205163097922964,1.7251726522555257,0,1.0,-0.009205163097922964,4.93279217475698
2021-04-20,56425.0,0.01423360248945138,False,1.0,0.01423360248945138,13.167782165093696,0,0.0,0.0,1.6251263137946739,0,0.0,0.0,8.04525718251394,0,1.0,0.01423360248945138,2.9668546441451302,0,1.0,0.01423360248945138,2.6241027527118765,0,1.0,0.01423360248945138,3.102924851671714,0,1.0,0.01423360248945138,1.7497280740134034,0,1.0,0.01423360248945138,5.003003577735547
2021-04-21,53787.63,-0.0467411608329642,False,1.0,-0.0467411608329642,12.552304741101613,0,0.0,-0.0,1.6251263137946739,0,0.0,-0.0,8.04525718251394,0,1.0,-0.0467411608329642,2.828180414055116,0,1.0,-0.0467411608329642,2.5014491439051465,0,1.0,-0.0467411608329642,2.957890542127125,0,1.0,-0.0467411608329642,1.6679437526919902,0,1.0,-0.0467411608329642,4.7691573828607146
2021-04-22,51690.96,-0.03898052396062068,False,1.0,-0.03898052396062068,12.06300932538009,0,0.0,-0.0,1.6251263137946739,0,0.0,-0.0,8.04525718251394,0,1.0,-0.03898052396062068,2.7179364596600823,0,1.0,-0.03898052396062068,2.4039413456148777,0,1.0,-0.03898052396062068,2.842590418976845,0,1.0,-0.03898052396062068,1.6029264312752125,0,1.0,-0.03898052396062068,4.583253129226142
2021-04-23,51125.14,-0.010946208002327706,False,1.0,-0.010946208002327706,11.93096511617046,0,0.0,-0.0,1.6251263137946739,0,0.0,-0.0,8.04525718251394,0,1.0,-0.010946208002327706,2.688185361835533,0,1.0,-0.010946208002327706,2.3776273036203817,0,1.0,-0.010946208002327706,2.8114748329853008,0,1.0,-0.010946208002327706,1.5853804651460452,0,1.0,-0.010946208002327706,4.533083887146313
2021-04-24,50047.84,-0.021071824937789918,False,1.0,-0.021071824937789918,11.679557907903638,0,0.0,-0.0,1.6251263137946739,0,0.0,-0.0,8.04525718251394,0,1.0,-0.021071824937789918,2.631540390490605,0,1.0,-0.021071824937789918,2.3275263573111835,0,1.0,-0.021071824937789918,2.7522319274876326,0,1.0,-0.021071824937789918,1.5519736055246958,0,1.0,-0.021071824937789918,4.4375635370480495
2021-04-25,49066.77,-0.019602644190038987,False,1.0,-0.019602644190038987,11.450607689938046,0,0.0,-0.0,1.6251263137946739,0,0.0,-0.0,8.04525718251394,0,1.0,-0.019602644190038987,2.5799552405441015,0,1.0,-0.019602644190038987,2.2819006862858746,0,1.0,-0.019602644190038987,2.698280904284627,0,1.0,-0.019602644190038987,1.5215508191432632,0,1.0,-0.019602644190038987,4.350575557960606
2021-04-26,54001.39,0.10056948928979836,False,1.0,0.10056948928979836,12.602189457372953,0,0.0,0.0,1.6251263137946739,0,0.0,0.0,8.04525718251394,0,1.0,0.10056948928979836,2.839420021476161,0,1.0,0.10056948928979836,2.5113902729156856,0,1.0,0.10056948928979836,2.9696456367889477,0,1.0,0.10056948928979836,1.6745724079529756,0,1.0,0.10056948928979836,4.7881107199413835
2021-04-27,55011.97,0.0187139627331816,False,1.0,0.0187139627331816,12.838026361234725,0,0.0,0.0,1.6251263137946739,0,0.0,0.0,8.04525718251394,0,1.0,0.0187139627331816,2.8925568219419153,0,1.0,0.0187139627331816,2.5583883368915044,0,1.0,0.0187139627331816,3.0252194745665713,0,1.0,0.0187139627331816,1.7059102935894217,0,1.0,0.0187139627331816,4.877715245516714
2021-04-28,54846.22,-0.0030129806294884043,False,1.0,-0.0030129806294884043,12.799345636487462,0,0.0,-0.0,1.6251263137946739,0,0.0,-0.0,8.04525718251394,0,1.0,-0.0030129806294884043,2.88384160426771,0,1.0,-0.0030129806294884043,2.5506799623897414,0,1.0,-0.0030129806294884043,3.016104546889751,0,1.0,-0.0030129806294884043,1.700770418919192,0,1.0,-0.0030129806294884043,4.863018783965812
2021-04-29,53555.0,-0.023542552248814963,False,1.0,-0.023542552248814963,12.498016373089815,0,0.0,-0.0,1.6251263137946739,0,0.0,-0.0,8.04525718251394,0,1.0,-0.023542552248814963,2.815948612621931,0,1.0,-0.023542552248814963,2.4906304461051754,0,1.0,-0.023542552248814963,2.945097748006711,0,1.0,-0.023542552248814963,1.660729942468548,0,1.0,-0.023542552248814963,4.748530910157328
2021-04-30,57694.27,0.07729007562319112,False,1.0,0.07729007562319112,13.463989003705807,0,0.0,0.0,1.6251263137946739,0,0.0,0.0,8.04525718251394,0,1.0,0.07729007562319112,3.0335934938425004,0,1.0,0.07729007562319112,2.6831314616340665,0,1.0,0.07729007562319112,3.1727245756678393,0,1.0,0.07729007562319112,1.7890878853116399,0,1.0,0.07729007562319112,5.1155452233024485
2021-05-01,57800.37,0.0018390041160067927,False,1.0,0.0018390041160067927,13.488749334901492,0,0.0,0.0,1.6251263137946739,0,0.0,0.0,8.04525718251394,0,1.0,0.0018390041160067927,3.039172284763968,0,1.0,0.0018390041160067927,2.688065751435799,0,1.0,0.0018390041160067927,3.1785592292214484,0,1.0,0.0018390041160067927,1.792378025296626,0,1.0,0.0018390041160067927,5.12495273202372
2021-05-02,56578.21,-0.021144501324126486,False,1.0,-0.021144501324126486,13.203536456728857,0,0.0,-0.0,1.6251263137946739,0,0.0,-0.0,8.04525718251394,0,1.0,-0.021144501324126486,2.974910502364528,0,1.0,-0.021144501324126486,2.6312279415952253,0,1.0,-0.021144501324126486,3.111350179390361,0,1.0,-0.021144501324126486,1.7544790857674062,0,1.0,-0.021144501324126486,5.016588162195359
2021-05-03,57169.39,0.010448898966580966,False,1.0,0.010448898966580966,13.341498875166785,0,0.0,0.0,1.6251263137946739,0,0.0,0.0,8.04525718251394,0,1.0,0.010448898966580966,3.005995041638356,0,1.0,0.010448898966580966,2.6587213765149986,0,1.0,0.010448898966580966,3.1438603630644644,0,1.0,0.010448898966580966,1.7728114604735692,0,1.0,0.010448898966580966,5.069005985059085
2021-05-04,53200.01,-0.06943191102791191,False,1.0,-0.06943191102791191,12.415173112287217,0,0.0,-0.0,1.6251263137946739,0,0.0,-0.0,8.04525718251394,0,1.0,-0.06943191102791191,2.797283061356977,0,1.0,-0.06943191102791191,2.4741212704528017,0,1.0,-0.06943191102791191,2.9255761300519936,0,1.0,-0.06943191102791191,1.6497217728807059,0,1.0,-0.06943191102791191,4.717055212504509
2021-05-05,57436.11,0.07962592488234499,False,1.0,0.07962592488234499,13.403742753927508,0,0.0,0.0,1.6251263137946739,0,0.0,0.0,8.04525718251394,0,1.0,0.07962592488234499,3.020019312275244,0,1.0,0.07962592488234499,2.6711254648836884,0,1.0,0.07962592488234499,3.1585278352210953,0,1.0,0.07962592488234499,1.781082394844874,0,1.0,0.07962592488234499,5.092655096521267
2021-05-06,56393.68,-0.0181493837239326,False,1.0,-0.0181493837239326,13.160473083349597,0,0.0,-0.0,1.6251263137946739,0,0.0,-0.0,8.04525718251394,0,0.0,-0.001,3.0169992929629688,0,0.0,-0.001,2.6684543394188047,0,0.0,-0.001,3.155369307385874,0,1.0,-0.0181493837239326,1.7487568470168935,0,0.0,-0.001,5.087562441424746
2021-05-07,57314.75,0.016332858575641707,False,1.0,0.016332858575641707,13.375421229008486,0,0.0,0.0,1.6251263137946739,0,0.0,0.0,8.04525718251394,0,0.0,0.0,3.0169992929629688,0,0.0,0.0,2.6684543394188047,0,0.0,0.0,3.155369307385874,0,1.0,0.016332858575641707,1.7773190452824055,0,0.0,0.0,5.087562441424746
2021-05-08,58862.05,0.026996541030014143,True,1.0,0.026996541030014143,13.736511337011136,0,0.0,0.0,1.6251263137946739,0,0.0,0.0,8.04525718251394,0,0.0,0.0,3.0169992929629688,0,0.0,0.0,2.6684543394188047,0,0.0,0.0,3.155369307385874,1,0.0,-0.001,1.7755417262371231,0,0.0,0.0,5.087562441424746
2021-05-09,58240.84,-0.010553658936445554,True,1.0,-0.010553658936445554,13.591540881383702,0,0.0,-0.0,1.6251263137946739,0,0.0,-0.0,8.04525718251394,0,0.0,-0.0,3.0169992929629688,0,0.0,-0.0,2.6684543394188047,0,0.0,-0.0,3.155369307385874,1,1.0,-0.011553658936445554,1.7550277227047517,0,0.0,-0.0,5.087562441424746
2021-05-10,55816.14,-0.04163229788581346,False,1.0,-0.04163229788581346,13.025693802682724,0,0.0,-0.0,1.6251263137946739,0,0.0,-0.0,8.04525718251394,0,0.0,-0.0,3.0169992929629688,0,0.0,-0.0,2.6684543394188047,0,0.0,-0.0,3.155369307385874,0,1.0,-0.04163229788581346,1.6819618857552467,0,0.0,-0.0,5.087562441424746
2021-05-11,56670.02,0.01529808403089139,True,1.0,0.01529808403089139,13.224961961036826,0,0.0,0.0,1.6251263137946739,0,0.0,0.0,8.04525718251394,0,0.0,0.0,3.0169992929629688,0,0.0,0.0,2.6684543394188047,0,0.0,0.0,3.155369307385874,1,1.0,0.01529808403089139,1.707692680020287,0,0.0,0.0,5.087562441424746
2021-05-12,49631.32,-0.12420500292747383,False,1.0,-0.12420500292747383,11.582355521950516,0,0.0,-0.0,1.6251263137946739,0,0.0,-0.0,8.04525718251394,0,0.0,-0.0,3.0169992929629688,0,0.0,-0.0,2.6684543394188047,0,0.0,-0.0,3.155369307385874,0,1.0,-0.12420500292747383,1.4955887056991415,0,0.0,-0.0,5.087562441424746
2021-05-13,49670.97,0.0007988907004690127,False,1.0,0.0007988907004690127,11.591608558066529,0,0.0,0.0,1.6251263137946739,0,0.0,0.0,8.04525718251394,0,0.0,0.0,3.0169992929629688,0,0.0,0.0,2.6684543394188047,0,0.0,0.0,3.155369307385874,0,1.0,0.0007988907004690127,1.496783517607851,0,0.0,0.0,5.087562441424746
2021-05-14,49841.45,0.0034321858421528795,False,1.0,0.0034321858421528795,11.631393112847302,0,0.0,0.0,1.6251263137946739,0,0.0,0.0,8.04525718251394,0,0.0,0.0,3.0169992929629688,0,0.0,0.0,2.6684543394188047,0,0.0,0.0,3.155369307385874,0,1.0,0.0034321858421528795,1.5019207568057524,0,0.0,0.0,5.087562441424746
2021-05-15,46762.99,-0.061765056995733425,False,1.0,-0.061765056995733425,10.912979454292508,0,0.0,-0.0,1.6251263137946739,0,0.0,-0.0,8.04525718251394,0,0.0,-0.0,3.0169992929629688,0,0.0,-0.0,2.6684543394188047,0,0.0,-0.0,3.155369307385874,0,1.0,-0.061765056995733425,1.40915453565857,0,0.0,-0.0,5.087562441424746
2021-05-16,46431.5,-0.007088725507072957,False,1.0,-0.007088725507072957,10.835620338476701,0,0.0,-0.0,1.6251263137946739,0,0.0,-0.0,8.04525718251394,0,0.0,-0.0,3.0169992929629688,0,0.0,-0.0,2.6684543394188047,0,0.0,-0.0,3.155369307385874,0,1.0,-0.007088725507072957,1.3991654259582396,0,0.0,-0.0,5.087562441424746
2021-05-17,43538.04,-0.062316746174472026,False,1.0,-0.062316746174472026,10.160379736200902,0,0.0,-0.0,1.6251263137946739,0,0.0,-0.0,8.04525718251394,0,0.0,-0.0,3.0169992929629688,0,0.0,-0.0,2.6684543394188047,0,0.0,-0.0,3.155369307385874,0,1.0,-0.062316746174472026,1.311973989252703,0,0.0,-0.0,5.087562441424746
2021-05-18,42849.78,-0.015808244927883797,False,1.0,-0.015808244927883797,9.99976196477073,0,0.0,-0.0,1.6251263137946739,0,0.0,-0.0,8.04525718251394,0,0.0,-0.0,3.0169992929629688,0,0.0,-0.0,2.6684543394188047,0,0.0,-0.0,3.155369307385874,0,1.0,-0.015808244927883797,1.2912339830915833,0,0.0,-0.0,5.087562441424746
2021-05-19,36690.09,-0.1437507963868193,False,1.0,-0.1437507963868193,8.562288218656313,0,0.0,-0.0,1.6251263137946739,0,0.0,-0.0,8.04525718251394,0,0.0,-0.0,3.0169992929629688,0,0.0,-0.0,2.6684543394188047,0,0.0,-0.0,3.155369307385874,0,1.0,-0.1437507963868193,1.1056180697004434,0,0.0,-0.0,5.087562441424746
2021-05-20,40526.64,0.10456638291157105,False,1.0,0.10456638291157105,9.457615727127562,0,0.0,0.0,1.6251263137946739,0,0.0,0.0,8.04525718251394,0,0.0,0.0,3.0169992929629688,0,0.0,0.0,2.6684543394188047,0,0.0,0.0,3.155369307385874,0,1.0,0.10456638291157105,1.221228552130692,0,0.0,0.0,5.087562441424746
2021-05-21,37252.01,-0.08080191202626219,False,1.0,-0.08080191202626219,8.693422293166007,0,0.0,-0.0,1.6251263137946739,0,0.0,-0.0,8.04525718251394,0,0.0,-0.0,3.0169992929629688,0,0.0,-0.0,2.6684543394188047,0,0.0,-0.0,3.155369307385874,0,1.0,-0.08080191202626219,1.1225509500974684,0,0.0,-0.0,5.087562441424746
2021-05-22,37449.73,0.005307633064632,False,1.0,0.005307633064632,8.739563788774024,0,0.0,0.0,1.6251263137946739,0,0.0,0.0,8.04525718251394,0,0.0,0.0,3.0169992929629688,0,0.0,0.0,2.6684543394188047,0,0.0,0.0,3.155369307385874,0,1.0,0.005307633064632,1.1285090386369399,0,0.0,0.0,5.087562441424746
2021-05-23,34655.25,-0.07461949658916112,False,1.0,-0.07461949658916112,8.087421938446845,0,0.0,-0.0,1.6251263137946739,0,0.0,-0.0,8.04525718251394,0,0.0,-0.0,3.0169992929629688,0,0.0,-0.0,2.6684543394188047,0,0.0,-0.0,3.155369307385874,0,1.0,-0.07461949658916112,1.0443002622775333,0,0.0,-0.0,5.087562441424746
2021-05-24,38796.29,0.1194924289970496,False,1.0,0.1194924289970496,9.053807630195886,0,0.0,0.0,1.6251263137946739,0,0.0,0.0,8.04525718251394,0,0.0,0.0,3.0169992929629688,0,0.0,0.0,2.6684543394188047,0,0.0,0.0,3.155369307385874,0,1.0,0.1194924289970496,1.1690862372193316,0,0.0,0.0,5.087562441424746
2021-05-25,38324.72,-0.012155028225637077,False,1.0,-0.012155028225637077,8.943758342901367,0,0.0,-0.0,1.6251263137946739,0,0.0,-0.0,8.04525718251394,0,0.0,-0.0,3.0169992929629688,0,0.0,-0.0,2.6684543394188047,0,0.0,-0.0,3.155369307385874,0,1.0,-0.012155028225637077,1.1548759610077268,0,0.0,-0.0,5.087562441424746
2021-05-26,39241.91,0.023932073084943717,False,1.0,0.023932073084943717,9.157801021217757,0,0.0,0.0,1.6251263137946739,0,0.0,0.0,8.04525718251394,0,0.0,0.0,3.0169992929629688,0,0.0,0.0,2.6684543394188047,0,0.0,0.0,3.155369307385874,0,1.0,0.023932073084943717,1.1825145369106083,0,0.0,0.0,5.087562441424746
2021-05-27,38529.98,-0.018142083298188116,False,1.0,-0.018142083298188116,8.991659432262592,0,0.0,-0.0,1.6251263137946739,0,0.0,-0.0,8.04525718251394,0,0.0,-0.0,3.0169992929629688,0,0.0,-0.0,2.6684543394188047,0,0.0,-0.0,3.155369307385874,0,1.0,-0.018142083298188116,1.1610612596806578,0,0.0,-0.0,5.087562441424746
2021-05-28,35663.49,-0.07439635317744797,False,1.0,-0.07439635317744797,8.322712761488653,0,0.0,-0.0,1.6251263137946739,0,0.0,-0.0,8.04525718251394,0,0.0,-0.0,3.0169992929629688,0,0.0,-0.0,2.6684543394188047,0,0.0,-0.0,3.155369307385874,0,1.0,-0.07439635317744797,1.074682536144803,0,0.0,-0.0,5.087562441424746
2021-05-29,34605.15,-0.029675727193272383,False,1.0,-0.029675727193272383,8.075730208070748,0,0.0,-0.0,1.6251263137946739,0,0.0,-0.0,8.04525718251394,0,0.0,-0.0,3.0169992929629688,0,0.0,-0.0,2.6684543394188047,0,0.0,-0.0,3.155369307385874,0,1.0,-0.029675727193272383,1.0427905503827957,0,0.0,-0.0,5.087562441424746
2021-05-30,35641.27,0.029941208172771905,False,1.0,0.029941208172771905,8.317527327377737,0,0.0,0.0,1.6251263137946739,0,0.0,0.0,8.04525718251394,0,0.0,0.0,3.0169992929629688,0,0.0,0.0,2.6684543394188047,0,0.0,0.0,3.155369307385874,0,1.0,0.029941208172771905,1.0740129593324064,0,0.0,0.0,5.087562441424746
2021-05-31,37253.81,0.04524361786210207,False,1.0,0.04524361786210207,8.693842355335207,0,0.0,0.0,1.6251263137946739,0,0.0,0.0,8.04525718251394,0,0.0,0.0,3.0169992929629688,0,0.0,0.0,2.6684543394188047,0,0.0,0.0,3.155369307385874,0,1.0,0.04524361786210207,1.1226051912433872,0,0.0,0.0,5.087562441424746
2021-06-01,36693.09,-0.015051346426043444,False,1.0,-0.015051346426043444,8.562988322271647,0,0.0,-0.0,1.6251263137946739,0,0.0,-0.0,8.04525718251394,0,0.0,-0.0,3.0169992929629688,0,0.0,-0.0,2.6684543394188047,0,0.0,-0.0,3.155369307385874,0,0.0,-0.001,1.1214825860521438,0,0.0,-0.0,5.087562441424746
2021-06-02,37568.68,0.02386253106511349,False,1.0,0.02386253106511349,8.767322897122058,0,0.0,0.0,1.6251263137946739,0,0.0,0.0,8.04525718251394,0,0.0,0.0,3.0169992929629688,0,0.0,0.0,2.6684543394188047,0,0.0,0.0,3.155369307385874,0,0.0,0.0,1.1214825860521438,0,0.0,0.0,5.087562441424746
2021-06-03,39246.79,0.044667792427096176,False,1.0,0.044667792427096176,9.158939856432035,0,0.0,0.0,1.6251263137946739,0,0.0,0.0,8.04525718251394,0,0.0,0.0,3.0169992929629688,0,0.0,0.0,2.6684543394188047,0,0.0,0.0,3.155369307385874,0,0.0,0.0,1.1214825860521438,0,0.0,0.0,5.087562441424746
2021-06-04,36829.0,-0.06160478347401155,False,1.0,-0.06160478347401155,8.594705349725045,0,0.0,-0.0,1.6251263137946739,0,0.0,-0.0,8.04525718251394,0,0.0,-0.0,3.0169992929629688,0,0.0,-0.0,2.6684543394188047,0,0.0,-0.0,3.155369307385874,0,0.0,-0.0,1.1214825860521438,0,0.0,-0.0,5.087562441424746
2021-06-05,35513.2,-0.03572728013250437,False,1.0,-0.03572728013250437,8.287639904039084,0,0.0,-0.0,1.6251263137946739,0,0.0,-0.0,8.04525718251394,0,0.0,-0.0,3.0169992929629688,0,0.0,-0.0,2.6684543394188047,0,0.0,-0.0,3.155369307385874,0,0.0,-0.0,1.1214825860521438,0,0.0,-0.0,5.087562441424746
2021-06-06,35796.31,0.007971965353727573,False,1.0,0.007971965353727573,8.353708682218254,0,0.0,0.0,1.6251263137946739,0,0.0,0.0,8.04525718251394,0,0.0,0.0,3.0169992929629688,0,0.0,0.0,2.6684543394188047,0,0.0,0.0,3.155369307385874,0,0.0,0.0,1.1214825860521438,0,0.0,0.0,5.087562441424746
2021-06-07,33552.79,-0.06267461646186423,False,1.0,-0.06267461646186423,7.83014319452608,0,0.0,-0.0,1.6251263137946739,0,0.0,-0.0,8.04525718251394,0,0.0,-0.0,3.0169992929629688,0,0.0,-0.0,2.6684543394188047,0,0.0,-0.0,3.155369307385874,0,0.0,-0.0,1.1214825860521438,0,0.0,-0.0,5.087562441424746
2021-06-08,33380.81,-0.00512565423024447,False,1.0,-0.00512565423024447,7.7900085879376375,0,0.0,-0.0,1.6251263137946739,0,0.0,-0.0,8.04525718251394,0,0.0,-0.0,3.0169992929629688,0,0.0,-0.0,2.6684543394188047,0,0.0,-0.0,3.155369307385874,0,0.0,-0.0,1.1214825860521438,0,0.0,-0.0,5.087562441424746
2021-06-09,37388.05,0.12004621817145855,False,1.0,0.12004621817145855,8.725169658442734,0,0.0,0.0,1.6251263137946739,0,0.0,0.0,8.04525718251394,0,0.0,0.0,3.0169992929629688,0,0.0,0.0,2.6684543394188047,0,0.0,0.0,3.155369307385874,0,0.0,0.0,1.1214825860521438,0,0.0,0.0,5.087562441424746
2021-06-10,36675.72,-0.0190523442650794,False,1.0,-0.0190523442650794,8.558934722338858,0,0.0,-0.0,1.6251263137946739,0,0.0,-0.0,8.04525718251394,0,0.0,-0.0,3.0169992929629688,0,0.0,-0.0,2.6684543394188047,0,0.0,-0.0,3.155369307385874,0,0.0,-0.0,1.1214825860521438,0,0.0,-0.0,5.087562441424746
2021-06-11,37331.98,0.017893581911957,False,1.0,0.017893581911957,8.712084721872122,0,0.0,0.0,1.6251263137946739,0,0.0,0.0,8.04525718251394,0,0.0,0.0,3.0169992929629688,0,0.0,0.0,2.6684543394188047,0,0.0,0.0,3.155369307385874,0,0.0,0.0,1.1214825860521438,0,0.0,0.0,5.087562441424746
2021-06-12,35546.11,-0.047837537682169584,True,1.0,-0.047837537682169584,8.29532004069931,0,0.0,-0.0,1.6251263137946739,0,0.0,-0.0,8.04525718251394,0,0.0,-0.0,3.0169992929629688,0,0.0,-0.0,2.6684543394188047,0,0.0,-0.0,3.155369307385874,1,0.0,-0.0,1.1214825860521438,0,0.0,-0.0,5.087562441424746
2021-06-13,39020.57,0.09774515411109674,True,1.0,0.09774515411109674,9.106147376478335,0,0.0,0.0,1.6251263137946739,0,0.0,0.0,8.04525718251394,0,0.0,0.0,3.0169992929629688,0,0.0,0.0,2.6684543394188047,0,0.0,0.0,3.155369307385874,1,1.0,0.09674515411109674,1.2299805916726696,0,0.0,0.0,5.087562441424746
2021-06-14,40516.29,0.03833157742185733,True,1.0,0.03833157742185733,9.455200369654657,0,0.0,0.0,1.6251263137946739,0,0.0,0.0,8.04525718251394,0,0.0,0.0,3.0169992929629688,0,0.0,0.0,2.6684543394188047,0,0.0,0.0,3.155369307385874,1,1.0,0.03833157742185733,1.2771276879497524,0,0.0,0.0,5.087562441424746
2021-06-15,40144.04,-0.009187662542646469,True,1.0,-0.009187662542646469,9.368329179385164,0,0.0,-0.0,1.6251263137946739,0,0.0,-0.0,8.04525718251394,0,0.0,-0.0,3.0169992929629688,0,0.0,-0.0,2.6684543394188047,0,0.0,-0.0,3.155369307385874,1,1.0,-0.009187662542646469,1.2653938697289997,0,0.0,-0.0,5.087562441424746
2021-06-16,38349.01,-0.04471473224917066,False,1.0,-0.04471473224917066,8.949426848506864,0,0.0,-0.0,1.6251263137946739,0,0.0,-0.0,8.04525718251394,0,0.0,-0.0,3.0169992929629688,0,0.0,-0.0,2.6684543394188047,0,0.0,-0.0,3.155369307385874,0,1.0,-0.04471473224917066,1.2088121216543255,0,0.0,-0.0,5.087562441424746
2021-06-17,38092.97,-0.006676573919378925,True,1.0,-0.006676573919378925,8.889675338616733,0,0.0,-0.0,1.6251263137946739,0,0.0,-0.0,8.04525718251394,0,0.0,-0.0,3.0169992929629688,0,0.0,-0.0,2.6684543394188047,0,0.0,-0.0,3.155369307385874,1,1.0,-0.006676573919378925,1.200741398169459,0,0.0,-0.0,5.087562441424746
2021-06-18,35819.84,-0.05967321529405567,True,1.0,-0.05967321529405567,8.3591998282412,0,0.0,-0.0,1.6251263137946739,0,0.0,-0.0,8.04525718251394,0,0.0,-0.0,3.0169992929629688,0,0.0,-0.0,2.6684543394188047,0,0.0,-0.0,3.155369307385874,1,1.0,-0.05967321529405567,1.1290892982040075,0,0.0,-0.0,5.087562441424746
2021-06-19,35483.72,-0.00938362650419422,False,1.0,-0.00938362650419422,8.28076021917906,0,0.0,-0.0,1.6251263137946739,0,0.0,-0.0,8.04525718251394,0,0.0,-0.0,3.0169992929629688,0,0.0,-0.0,2.6684543394188047,0,0.0,-0.0,3.155369307385874,0,1.0,-0.00938362650419422,1.1184943459397783,0,0.0,-0.0,5.087562441424746
2021-06-20,35600.16,0.003281504870402685,False,1.0,0.003281504870402685,8.307933574168933,0,0.0,0.0,1.6251263137946739,0,0.0,0.0,8.04525718251394,0,0.0,0.0,3.0169992929629688,0,0.0,0.0,2.6684543394188047,0,0.0,0.0,3.155369307385874,0,1.0,0.003281504870402685,1.1221646905834974,0,0.0,0.0,5.087562441424746
2021-06-21,31608.93,-0.11211269836989501,False,1.0,-0.11211269836989501,7.376508723291008,0,0.0,-0.0,1.6251263137946739,0,0.0,-0.0,8.04525718251394,0,0.0,-0.0,3.0169992929629688,0,0.0,-0.0,2.6684543394188047,0,0.0,-0.0,3.155369307385874,0,1.0,-0.11211269836989501,0.9963557791067632,0,0.0,-0.0,5.087562441424746
2021-06-22,32509.56,0.028492897418546104,False,1.0,0.028492897418546104,7.586686829650749,0,0.0,0.0,1.6251263137946739,0,0.0,0.0,8.04525718251394,0,0.0,0.0,3.0169992929629688,0,0.0,0.0,2.6684543394188047,0,0.0,0.0,3.155369307385874,0,1.0,0.028492897418546104,1.0247448421132277,0,0.0,0.0,5.087562441424746
2021-06-23,33678.07,0.0359435809035864,False,1.0,0.0359435809035864,7.859379521502475,0,0.0,0.0,1.6251263137946739,0,0.0,0.0,8.04525718251394,0,0.0,0.0,3.0169992929629688,0,0.0,0.0,2.6684543394188047,0,0.0,0.0,3.155369307385874,0,1.0,0.0359435809035864,1.0615778412512573,0,0.0,0.0,5.087562441424746
2021-06-24,34663.09,0.029248113089615835,False,1.0,0.029248113089615835,8.08925154256159,0,0.0,0.0,1.6251263137946739,0,0.0,0.0,8.04525718251394,0,0.0,0.0,3.0169992929629688,0,0.0,0.0,2.6684543394188047,0,0.0,0.0,3.155369307385874,0,1.0,0.029248113089615835,1.0926269900056043,0,0.0,0.0,5.087562441424746
2021-06-25,31584.45,-0.08881608650584805,False,1.0,-0.08881608650584805,7.370795877789875,0,0.0,-0.0,1.6251263137946739,0,0.0,-0.0,8.04525718251394,0,0.0,-0.0,3.0169992929629688,0,0.0,-0.0,2.6684543394188047,0,0.0,-0.0,3.155369307385874,0,1.0,-0.08881608650584805,0.9955841367426421,0,0.0,-0.0,5.087562441424746
2021-06-26,32283.65,0.022137475878161617,False,1.0,0.022137475878161617,7.533966693737301,0,0.0,0.0,1.6251263137946739,0,0.0,0.0,8.04525718251394,0,0.0,0.0,3.0169992929629688,0,0.0,0.0,2.6684543394188047,0,0.0,0.0,3.155369307385874,0,1.0,0.022137475878161617,1.0176238565544626,0,0.0,0.0,5.087562441424746
2021-06-27,34700.34,0.07485801636432043,True,1.0,0.07485801636432043,8.097944495785333,0,0.0,0.0,1.6251263137946739,0,0.0,0.0,8.04525718251394,0,0.0,0.0,3.0169992929629688,0,0.0,0.0,2.6684543394188047,0,0.0,0.0,3.155369307385874,1,1.0,0.07485801636432043,1.0938011598611395,0,0.0,0.0,5.087562441424746
2021-06-28,34494.89,-0.0059206912670018985,True,1.0,-0.0059206912670018985,8.049999066528471,0,0.0,-0.0,1.6251263137946739,0,0.0,-0.0,8.04525718251394,0,0.0,-0.0,3.0169992929629688,0,0.0,-0.0,2.6684543394188047,0,0.0,-0.0,3.155369307385874,1,1.0,-0.0059206912670018985,1.0873251008861131,0,0.0,-0.0,5.087562441424746
2021-06-29,35911.73,0.04107390978779768,False,1.0,0.04107390978779768,8.380644001978917,0,0.0,0.0,1.6251263137946739,0,0.0,0.0,8.04525718251394,0,0.0,0.0,3.0169992929629688,0,0.0,0.0,2.6684543394188047,0,0.0,0.0,3.155369307385874,0,1.0,0.04107390978779768,1.1319857939899174,0,0.0,0.0,5.087562441424746
2021-06-30,35045.0,-0.0241350110395685,False,1.0,-0.0241350110395685,8.178377066472462,0,0.0,-0.0,1.6251263137946739,0,0.0,-0.0,8.04525718251394,0,0.0,-0.0,3.0169992929629688,0,0.0,-0.0,2.6684543394188047,0,0.0,-0.0,3.155369307385874,0,1.0,-0.0241350110395685,1.104665304355336,0,0.0,-0.0,5.087562441424746
2021-07-01,33504.69,-0.043952346982451096,False,1.0,-0.043952346982451096,7.818918199893544,0,0.0,-0.0,1.6251263137946739,0,0.0,-0.0,8.04525718251394,0,0.0,-0.0,3.0169992929629688,0,0.0,-0.0,2.6684543394188047,0,0.0,-0.0,3.155369307385874,0,1.0,-0.043952346982451096,1.0561126715988354,0,0.0,-0.0,5.087562441424746
2021-07-02,33786.55,0.008412553585781524,False,1.0,0.008412553585781524,7.884695268232991,0,0.0,0.0,1.6251263137946739,0,0.0,0.0,8.04525718251394,0,0.0,0.0,3.0169992929629688,0,0.0,0.0,2.6684543394188047,0,0.0,0.0,3.155369307385874,0,1.0,0.008412553585781524,1.0649972760412834,0,0.0,0.0,5.087562441424746
2021-07-03,34669.13,0.026122229111880113,False,1.0,0.026122229111880113,8.090661084507131,0,0.0,0.0,1.6251263137946739,0,0.0,0.0,8.04525718251394,0,0.0,0.0,3.0169992929629688,0,0.0,0.0,2.6684543394188047,0,0.0,0.0,3.155369307385874,0,1.0,0.026122229111880113,1.092817378889562,0,0.0,0.0,5.087562441424746
2021-07-04,35286.51,0.017807773082278322,False,1.0,0.017807773082278322,8.234737741185654,0,0.0,0.0,1.6251263137946739,0,0.0,0.0,8.04525718251394,0,0.0,0.0,3.0169992929629688,0,0.0,0.0,2.6684543394188047,0,0.0,0.0,3.155369307385874,0,1.0,0.017807773082278322,1.1122780227931977,0,0.0,0.0,5.087562441424746
2021-07-05,33690.14,-0.04524023486595874,False,1.0,-0.04524023486595874,7.862196271714841,0,0.0,-0.0,1.6251263137946739,0,0.0,-0.0,8.04525718251394,0,0.0,-0.0,3.0169992929629688,0,0.0,-0.0,2.6684543394188047,0,0.0,-0.0,3.155369307385874,0,1.0,-0.04524023486595874,1.0619583038057891,0,0.0,-0.0,5.087562441424746
2021-07-06,34220.01,0.01572774705002722,False,1.0,0.01572774705002722,7.985850905934039,0,0.0,0.0,1.6251263137946739,0,0.0,0.0,8.04525718251394,0,0.0,0.0,3.0169992929629688,0,0.0,0.0,2.6684543394188047,0,0.0,0.0,3.155369307385874,0,1.0,0.01572774705002722,1.0786605153857225,0,0.0,0.0,5.087562441424746
2021-07-07,33862.12,-0.010458500742694055,False,1.0,-0.010458500742694055,7.9023308783032835,0,0.0,-0.0,1.6251263137946739,0,0.0,-0.0,8.04525718251394,0,0.0,-0.0,3.0169992929629688,0,0.0,-0.0,2.6684543394188047,0,0.0,-0.0,3.155369307385874,0,1.0,-0.010458500742694055,1.067379343584446,0,0.0,-0.0,5.087562441424746
2021-07-08,32875.71,-0.02913019031295161,False,1.0,-0.02913019031295161,7.672134475902395,0,0.0,-0.0,1.6251263137946739,0,0.0,-0.0,8.04525718251394,0,0.0,-0.0,3.0169992929629688,0,0.0,-0.0,2.6684543394188047,0,0.0,-0.0,3.155369307385874,0,1.0,-0.02913019031295161,1.0362863801697177,0,0.0,-0.0,5.087562441424746
2021-07-09,33815.81,0.028595580141082877,False,1.0,0.028595580141082877,7.891523612161226,0,0.0,0.0,1.6251263137946739,0,0.0,0.0,8.04525718251394,0,0.0,0.0,3.0169992929629688,0,0.0,0.0,2.6684543394188047,0,0.0,0.0,3.155369307385874,0,1.0,0.028595580141082877,1.0659195904029737,0,0.0,0.0,5.087562441424746
2021-07-10,33502.87,-0.009254251191971874,False,1.0,-0.009254251191971874,7.818493470366909,0,0.0,-0.0,1.6251263137946739,0,0.0,-0.0,8.04525718251394,0,0.0,-0.0,3.0169992929629688,0,0.0,-0.0,2.6684543394188047,0,0.0,-0.0,3.155369307385874,0,1.0,-0.009254251191971874,1.0560553027629407,0,0.0,-0.0,5.087562441424746
2021-07-11,34258.99,0.022568812761414092,True,1.0,0.022568812761414092,7.994947585575958,0,0.0,0.0,1.6251263137946739,0,0.0,0.0,8.04525718251394,0,0.0,0.0,3.0169992929629688,0,0.0,0.0,2.6684543394188047,0,0.0,0.0,3.155369307385874,0,1.0,0.022568812761414092,1.079889217156696,0,0.0,0.0,5.087562441424746
2021-07-12,33086.63,-0.03422050679252364,True,1.0,-0.03422050679252364,7.721356427417885,0,0.0,-0.0,1.6251263137946739,0,0.0,-0.0,8.04525718251394,0,0.0,-0.0,3.0169992929629688,0,0.0,-0.0,2.6684543394188047,0,0.0,-0.0,3.155369307385874,0,1.0,-0.03422050679252364,1.0429348608658122,0,0.0,-0.0,5.087562441424746
2021-07-13,32729.77,-0.010785625492834905,False,1.0,-0.010785625492834905,7.638076768695062,0,0.0,-0.0,1.6251263137946739,0,0.0,-0.0,8.04525718251394,0,0.0,-0.0,3.0169992929629688,0,0.0,-0.0,2.6684543394188047,0,0.0,-0.0,3.155369307385874,0,1.0,-0.010785625492834905,1.0316861560430917,0,0.0,-0.0,5.087562441424746
2021-07-14,32820.02,0.002757428481776625,False,1.0,0.002757428481776625,7.659138219123058,0,0.0,0.0,1.6251263137946739,0,0.0,0.0,8.04525718251394,0,0.0,0.0,3.0169992929629688,0,0.0,0.0,2.6684543394188047,0,0.0,0.0,3.155369307385874,0,1.0,0.002757428481776625,1.0345309568340195,0,0.0,0.0,5.087562441424746
2021-07-15,31880.0,-0.02864166444749261,True,1.0,-0.02864166444749261,7.439767752293969,0,0.0,-0.0,1.6251263137946739,0,0.0,-0.0,8.04525718251394,0,0.0,-0.0,3.0169992929629688,0,0.0,-0.0,2.6684543394188047,0,0.0,-0.0,3.155369307385874,0,1.0,-0.02864166444749261,1.004900268307836,0,0.0,-0.0,5.087562441424746
2021-07-16,31383.87,-0.015562421580928465,False,1.0,-0.015562421580928465,7.323986950068574,0,0.0,-0.0,1.6251263137946739,0,0.0,-0.0,8.04525718251394,0,0.0,-0.0,3.0169992929629688,0,0.0,-0.0,2.6684543394188047,0,0.0,-0.0,3.155369307385874,0,1.0,-0.015562421580928465,0.9892615866856413,0,0.0,-0.0,5.087562441424746
2021-07-17,31520.07,0.004339808952815494,False,1.0,0.004339808952815494,7.355771654204785,0,0.0,0.0,1.6251263137946739,0,0.0,0.0,8.04525718251394,0,0.0,0.0,3.0169992929629688,0,0.0,0.0,2.6684543394188047,0,0.0,0.0,3.155369307385874,0,1.0,0.004339808952815494,0.9935547929762162,0,0.0,0.0,5.087562441424746
2021-07-18,31778.56,0.008200806660645155,False,1.0,0.008200806660645155,7.416094915380773,0,0.0,0.0,1.6251263137946739,0,0.0,0.0,8.04525718251394,0,0.0,0.0,3.0169992929629688,0,0.0,0.0,2.6684543394188047,0,0.0,0.0,3.155369307385874,0,1.0,0.008200806660645155,1.0017027437401715,0,0.0,0.0,5.087562441424746
2021-07-19,30839.65,-0.02954539160994074,False,1.0,-0.02954539160994074,7.196983486889358,0,0.0,-0.0,1.6251263137946739,0,0.0,-0.0,8.04525718251394,0,0.0,-0.0,3.0169992929629688,0,0.0,-0.0,2.6684543394188047,0,0.0,-0.0,3.155369307385874,0,0.0,-0.001,1.0007010409964314,0,0.0,-0.0,5.087562441424746
2021-07-20,29790.35,-0.034024380951145794,False,1.0,-0.034024380951145794,6.952110579032328,0,0.0,-0.0,1.6251263137946739,0,0.0,-0.0,8.04525718251394,0,0.0,-0.0,3.0169992929629688,0,0.0,-0.0,2.6684543394188047,0,0.0,-0.0,3.155369307385874,0,0.0,-0.0,1.0007010409964314,0,0.0,-0.0,5.087562441424746
2021-07-21,32144.51,0.079024247784937,False,1.0,0.079024247784937,7.50149588805806,0,0.0,0.0,1.6251263137946739,0,0.0,0.0,8.04525718251394,0,0.0,0.0,3.0169992929629688,0,0.0,0.0,2.6684543394188047,0,0.0,0.0,3.155369307385874,0,0.0,0.0,1.0007010409964314,0,0.0,0.0,5.087562441424746
2021-07-22,32287.83,0.004458615172544311,False,1.0,0.004458615172544311,7.534942171441335,0,0.0,0.0,1.6251263137946739,0,0.0,0.0,8.04525718251394,0,0.0,0.0,3.0169992929629688,0,0.0,0.0,2.6684543394188047,0,0.0,0.0,3.155369307385874,0,0.0,0.0,1.0007010409964314,0,0.0,0.0,5.087562441424746
2021-07-23,33634.09,0.04169558623171632,False,1.0,0.04169558623171632,7.849116002501663,0,0.0,0.0,1.6251263137946739,0,0.0,0.0,8.04525718251394,0,0.0,0.0,3.0169992929629688,0,0.0,0.0,2.6684543394188047,0,0.0,0.0,3.155369307385874,0,0.0,0.0,1.0007010409964314,0,0.0,0.0,5.087562441424746
2021-07-24,34258.14,0.018554091994164246,False,1.0,0.018554091994164246,7.994749222884946,0,0.0,0.0,1.6251263137946739,0,0.0,0.0,8.04525718251394,0,0.0,0.0,3.0169992929629688,0,0.0,0.0,2.6684543394188047,0,0.0,0.0,3.155369307385874,0,0.0,0.0,1.0007010409964314,0,0.0,0.0,5.087562441424746
2021-07-25,35381.02,0.03277702759110679,True,1.0,0.03277702759110679,8.256793338747425,0,0.0,0.0,1.6251263137946739,0,0.0,0.0,8.04525718251394,0,0.0,0.0,3.0169992929629688,0,0.0,0.0,2.6684543394188047,0,0.0,0.0,3.155369307385874,0,0.0,0.0,1.0007010409964314,0,0.0,0.0,5.087562441424746
2021-07-26,37237.6,0.05247389702162342,True,1.0,0.05247389702162342,8.690059462133684,0,0.0,0.0,1.6251263137946739,0,0.0,0.0,8.04525718251394,0,0.0,0.0,3.0169992929629688,0,0.0,0.0,2.6684543394188047,0,0.0,0.0,3.155369307385874,0,0.0,0.0,1.0007010409964314,0,0.0,0.0,5.087562441424746
2021-07-27,39457.87,0.05962441188476175,True,1.0,0.05962441188476175,9.208199146807013,0,0.0,0.0,1.6251263137946739,0,0.0,0.0,8.04525718251394,0,0.0,0.0,3.0169992929629688,0,0.0,0.0,2.6684543394188047,0,0.0,0.0,3.155369307385874,0,0.0,0.0,1.0007010409964314,0,0.0,0.0,5.087562441424746
2021-07-28,40019.56,0.014235182993912021,True,1.0,0.014235182993912021,9.339279546706196,0,0.0,0.0,1.6251263137946739,0,0.0,0.0,8.04525718251394,0,0.0,0.0,3.0169992929629688,0,0.0,0.0,2.6684543394188047,0,0.0,0.0,3.155369307385874,0,0.0,0.0,1.0007010409964314,0,0.0,0.0,5.087562441424746
2021-07-29,40016.48,-7.696236540322143e-05,True,1.0,-7.696236540322143e-05,9.33856077366112,0,0.0,-0.0,1.6251263137946739,0,0.0,-0.0,8.04525718251394,0,0.0,-0.0,3.0169992929629688,0,0.0,-0.0,2.6684543394188047,0,0.0,-0.0,3.155369307385874,0,0.0,-0.0,1.0007010409964314,0,0.0,-0.0,5.087562441424746
2021-07-30,42206.37,0.054724703422190046,True,1.0,0.054724703422190046,9.849610742389823,0,0.0,0.0,1.6251263137946739,0,0.0,0.0,8.04525718251394,0,0.0,0.0,3.0169992929629688,0,0.0,0.0,2.6684543394188047,0,0.0,0.0,3.155369307385874,0,0.0,0.0,1.0007010409964314,0,0.0,0.0,5.087562441424746
2021-07-31,41461.83,-0.01764046517148954,True,1.0,-0.01764046517148954,9.675859027135965,0,0.0,-0.0,1.6251263137946739,0,0.0,-0.0,8.04525718251394,0,0.0,-0.0,3.0169992929629688,0,0.0,-0.0,2.6684543394188047,0,0.0,-0.0,3.155369307385874,0,0.0,-0.0,1.0007010409964314,0,0.0,-0.0,5.087562441424746
2021-08-01,39845.44,-0.03898501344489613,True,1.0,-0.03898501344489613,9.29864553287215,0,0.0,-0.0,1.6251263137946739,0,0.0,-0.0,8.04525718251394,0,0.0,-0.0,3.0169992929629688,0,0.0,-0.0,2.6684543394188047,0,0.0,-0.0,3.155369307385874,0,0.0,-0.0,1.0007010409964314,0,0.0,-0.0,5.087562441424746
2021-08-02,39147.82,-0.017508151497385938,True,1.0,-0.017508151497385938,9.135843438162134,0,0.0,-0.0,1.6251263137946739,0,0.0,-0.0,8.04525718251394,0,0.0,-0.0,3.0169992929629688,0,0.0,-0.0,2.6684543394188047,0,0.0,-0.0,3.155369307385874,0,0.0,-0.0,1.0007010409964314,0,0.0,-0.0,5.087562441424746
2021-08-03,38207.05,-0.0240312231945482,True,1.0,-0.0240312231945482,8.91629794542921,0,0.0,-0.0,1.6251263137946739,0,0.0,-0.0,8.04525718251394,0,0.0,-0.0,3.0169992929629688,0,0.0,-0.0,2.6684543394188047,0,0.0,-0.0,3.155369307385874,0,0.0,-0.0,1.0007010409964314,0,0.0,-0.0,5.087562441424746
2021-08-04,39723.18,0.0396819435156599,True,1.0,0.0396819435156599,9.270113976868528,0,0.0,0.0,1.6251263137946739,0,0.0,0.0,8.04525718251394,0,0.0,0.0,3.0169992929629688,0,0.0,0.0,2.6684543394188047,0,0.0,0.0,3.155369307385874,0,0.0,0.0,1.0007010409964314,0,0.0,0.0,5.087562441424746
2021-08-05,40862.46,0.028680483284570846,True,1.0,0.028680483284570846,9.535985325828172,0,0.0,0.0,1.6251263137946739,0,0.0,0.0,8.04525718251394,0,0.0,0.0,3.0169992929629688,0,0.0,0.0,2.6684543394188047,0,0.0,0.0,3.155369307385874,0,0.0,0.0,1.0007010409964314,0,0.0,0.0,5.087562441424746
2021-08-06,42836.87,0.04831843212572129,True,1.0,0.04831843212572129,9.996749185546074,0,0.0,0.0,1.6251263137946739,0,0.0,0.0,8.04525718251394,0,0.0,0.0,3.0169992929629688,0,0.0,0.0,2.6684543394188047,0,0.0,0.0,3.155369307385874,0,0.0,0.0,1.0007010409964314,0,0.0,0.0,5.087562441424746
2021-08-07,44572.54,0.040518133094224584,True,1.0,0.040518133094224584,10.40179879955561,0,0.0,0.0,1.6251263137946739,0,0.0,0.0,8.04525718251394,0,0.0,0.0,3.0169992929629688,0,0.0,0.0,2.6684543394188047,0,0.0,0.0,3.155369307385874,0,0.0,0.0,1.0007010409964314,0,0.0,0.0,5.087562441424746
2021-08-08,43794.37,-0.017458506964153186,True,1.0,-0.017458506964153186,10.220198922773848,0,0.0,-0.0,1.6251263137946739,0,0.0,-0.0,8.04525718251394,0,0.0,-0.0,3.0169992929629688,0,0.0,-0.0,2.6684543394188047,0,0.0,-0.0,3.155369307385874,0,0.0,-0.0,1.0007010409964314,0,0.0,-0.0,5.087562441424746
2021-08-09,46253.4,0.056149454827184364,True,1.0,0.056149454827184364,10.794057520512977,0,0.0,0.0,1.6251263137946739,0,0.0,0.0,8.04525718251394,0,0.0,0.0,3.0169992929629688,0,0.0,0.0,2.6684543394188047,0,0.0,0.0,3.155369307385874,0,0.0,0.0,1.0007010409964314,0,0.0,0.0,5.087562441424746
2021-08-10,45584.99,-0.014451045760960346,True,1.0,-0.014451045760960346,10.638072101337606,0,0.0,-0.0,1.6251263137946739,0,0.0,-0.0,8.04525718251394,0,0.0,-0.0,3.0169992929629688,0,0.0,-0.0,2.6684543394188047,0,0.0,-0.0,3.155369307385874,0,0.0,-0.0,1.0007010409964314,0,0.0,-0.0,5.087562441424746
2021-08-11,45511.0,-0.0016231219969555788,True,1.0,-0.0016231219969555788,10.620805212504726,0,0.0,-0.0,1.6251263137946739,0,0.0,-0.0,8.04525718251394,0,0.0,-0.0,3.0169992929629688,0,0.0,-0.0,2.6684543394188047,0,0.0,-0.0,3.155369307385874,0,0.0,-0.0,1.0007010409964314,0,0.0,-0.0,5.087562441424746
2021-08-12,44399.0,-0.024433653402474165,True,1.0,-0.024433653402474165,10.361300139087195,0,0.0,-0.0,1.6251263137946739,0,0.0,-0.0,8.04525718251394,0,0.0,-0.0,3.0169992929629688,0,0.0,-0.0,2.6684543394188047,0,0.0,-0.0,3.155369307385874,0,0.0,-0.0,1.0007010409964314,0,0.0,-0.0,5.087562441424746
2021-08-13,47800.0,0.07660082434289062,True,1.0,0.07660082434289062,11.15498427100538,0,0.0,0.0,1.6251263137946739,0,0.0,0.0,8.04525718251394,0,0.0,0.0,3.0169992929629688,0,0.0,0.0,2.6684543394188047,0,0.0,0.0,3.155369307385874,0,0.0,0.0,1.0007010409964314,0,0.0,0.0,5.087562441424746
2021-08-14,47068.51,-0.015303138075313805,True,1.0,-0.015303138075313805,10.984278006478231,0,0.0,-0.0,1.6251263137946739,0,0.0,-0.0,8.04525718251394,0,0.0,-0.0,3.0169992929629688,0,0.0,-0.0,2.6684543394188047,0,0.0,-0.0,3.155369307385874,0,0.0,-0.0,1.0007010409964314,0,0.0,-0.0,5.087562441424746
2021-08-15,46973.82,-0.002011748406737346,True,1.0,-0.002011748406737346,10.962180402699538,0,0.0,-0.0,1.6251263137946739,0,0.0,-0.0,8.04525718251394,0,0.0,-0.0,3.0169992929629688,0,0.0,-0.0,2.6684543394188047,0,0.0,-0.0,3.155369307385874,0,0.0,-0.0,1.0007010409964314,0,0.0,-0.0,5.087562441424746
2021-08-16,45901.29,-0.022832505425362415,True,1.0,-0.022832505425362415,10.711886359181099,0,0.0,-0.0,1.6251263137946739,0,0.0,-0.0,8.04525718251394,0,0.0,-0.0,3.0169992929629688,0,0.0,-0.0,2.6684543394188047,0,0.0,-0.0,3.155369307385874,0,0.0,-0.0,1.0007010409964314,0,0.0,-0.0,5.087562441424746
2021-08-17,44695.95,-0.026259392709878204,True,1.0,-0.026259392709878204,10.430598728611775,0,0.0,-0.0,1.6251263137946739,0,0.0,-0.0,8.04525718251394,0,0.0,-0.0,3.0169992929629688,0,0.0,-0.0,2.6684543394188047,0,0.0,-0.0,3.155369307385874,0,0.0,-0.0,1.0007010409964314,0,0.0,-0.0,5.087562441424746
2021-08-18,44705.29,0.00020896747915655212,True,1.0,0.00020896747915655212,10.432778384534187,0,0.0,0.0,1.6251263137946739,0,0.0,0.0,8.04525718251394,0,0.0,0.0,3.0169992929629688,0,0.0,0.0,2.6684543394188047,0,0.0,0.0,3.155369307385874,0,0.0,0.0,1.0007010409964314,0,0.0,0.0,5.087562441424746
2021-08-19,46760.62,0.04597509601212746,True,1.0,0.04597509601212746,10.912426372436395,0,0.0,0.0,1.6251263137946739,0,0.0,0.0,8.04525718251394,0,0.0,0.0,3.0169992929629688,0,0.0,0.0,2.6684543394188047,0,0.0,0.0,3.155369307385874,0,0.0,0.0,1.0007010409964314,0,0.0,0.0,5.087562441424746
2021-08-20,49322.47,0.05478648486696702,True,1.0,0.05478648486696702,11.510279854751772,0,0.0,0.0,1.6251263137946739,0,0.0,0.0,8.04525718251394,0,0.0,0.0,3.0169992929629688,0,0.0,0.0,2.6684543394188047,0,0.0,0.0,3.155369307385874,0,0.0,0.0,1.0007010409964314,0,0.0,0.0,5.087562441424746
2021-08-21,48821.87,-0.01014953225173032,True,1.0,-0.01014953225173032,11.393455898139527,0,0.0,-0.0,1.6251263137946739,0,0.0,-0.0,8.04525718251394,0,0.0,-0.0,3.0169992929629688,0,0.0,-0.0,2.6684543394188047,0,0.0,-0.0,3.155369307385874,0,0.0,-0.0,1.0007010409964314,0,0.0,-0.0,5.087562441424746
2021-08-22,49239.22,0.008548423073512001,True,1.0,0.008548423073512001,11.490851979426225,0,0.0,0.0,1.6251263137946739,0,0.0,0.0,8.04525718251394,0,0.0,0.0,3.0169992929629688,0,0.0,0.0,2.6684543394188047,0,0.0,0.0,3.155369307385874,0,0.0,0.0,1.0007010409964314,0,0.0,0.0,5.087562441424746
2021-08-23,49488.85,0.005069739122593786,True,1.0,0.005069739122593786,11.549107601258257,0,0.0,0.0,1.6251263137946739,0,0.0,0.0,8.04525718251394,0,0.0,0.0,3.0169992929629688,0,0.0,0.0,2.6684543394188047,0,0.0,0.0,3.155369307385874,0,0.0,0.0,1.0007010409964314,0,0.0,0.0,5.087562441424746
2021-08-24,47674.01,-0.03667169473527865,True,1.0,-0.03667169473527865,11.125582252840028,0,0.0,-0.0,1.6251263137946739,0,0.0,-0.0,8.04525718251394,0,0.0,-0.0,3.0169992929629688,0,0.0,-0.0,2.6684543394188047,0,0.0,-0.0,3.155369307385874,0,0.0,-0.0,1.0007010409964314,0,0.0,-0.0,5.087562441424746
2021-08-25,48973.32,0.027254053099372122,True,1.0,0.027254053099372122,11.428799462320361,0,0.0,0.0,1.6251263137946739,0,0.0,0.0,8.04525718251394,0,0.0,0.0,3.0169992929629688,0,0.0,0.0,2.6684543394188047,0,0.0,0.0,3.155369307385874,0,0.0,0.0,1.0007010409964314,0,0.0,0.0,5.087562441424746
2021-08-26,46843.87,-0.04348183868277655,True,1.0,-0.04348183868277655,10.931854247761944,0,0.0,-0.0,1.6251263137946739,0,0.0,-0.0,8.04525718251394,0,0.0,-0.0,3.0169992929629688,0,0.0,-0.0,2.6684543394188047,0,0.0,-0.0,3.155369307385874,0,0.0,-0.0,1.0007010409964314,0,0.0,-0.0,5.087562441424746
2021-08-27,49069.9,0.047520198480612175,True,1.0,0.047520198480612175,11.451338131376716,0,0.0,0.0,1.6251263137946739,0,0.0,0.0,8.04525718251394,0,0.0,0.0,3.0169992929629688,0,0.0,0.0,2.6684543394188047,0,0.0,0.0,3.155369307385874,0,0.0,0.0,1.0007010409964314,0,0.0,0.0,5.087562441424746
2021-08-28,48895.35,-0.0035571704853688546,True,1.0,-0.0035571704853688546,11.410603769357804,0,0.0,-0.0,1.6251263137946739,0,0.0,-0.0,8.04525718251394,0,0.0,-0.0,3.0169992929629688,0,0.0,-0.0,2.6684543394188047,0,0.0,-0.0,3.155369307385874,0,0.0,-0.0,1.0007010409964314,0,0.0,-0.0,5.087562441424746
2021-08-29,48767.83,-0.0026080189629483774,True,1.0,-0.0026080189629483774,11.380844698348628,0,0.0,-0.0,1.6251263137946739,0,0.0,-0.0,8.04525718251394,0,0.0,-0.0,3.0169992929629688,0,0.0,-0.0,2.6684543394188047,0,0.0,-0.0,3.155369307385874,0,0.0,-0.0,1.0007010409964314,0,0.0,-0.0,5.087562441424746
2021-08-30,46982.91,-0.036600357243699366,True,1.0,-0.036600357243699366,10.964301716654006,0,0.0,-0.0,1.6251263137946739,0,0.0,-0.0,8.04525718251394,0,0.0,-0.0,3.0169992929629688,0,0.0,-0.0,2.6684543394188047,0,0.0,-0.0,3.155369307385874,0,0.0,-0.0,1.0007010409964314,0,0.0,-0.0,5.087562441424746
2021-08-31,47100.89,0.0025111258540604364,True,1.0,0.0025111258540604364,10.991834458166416,0,0.0,0.0,1.6251263137946739,0,0.0,0.0,8.04525718251394,0,0.0,0.0,3.0169992929629688,0,0.0,0.0,2.6684543394188047,0,0.0,0.0,3.155369307385874,0,0.0,0.0,1.0007010409964314,0,0.0,0.0,5.087562441424746
2021-09-01,48810.52,0.036297190987261585,True,1.0,0.036297190987261585,11.390807172794846,0,0.0,0.0,1.6251263137946739,0,0.0,0.0,8.04525718251394,0,0.0,0.0,3.0169992929629688,0,0.0,0.0,2.6684543394188047,0,0.0,0.0,3.155369307385874,0,0.0,0.0,1.0007010409964314,0,0.0,0.0,5.087562441424746
2021-09-02,49246.64,0.008934959103078732,True,1.0,0.008934959103078732,11.492583569034824,0,0.0,0.0,1.6251263137946739,0,0.0,0.0,8.04525718251394,0,0.0,0.0,3.0169992929629688,0,0.0,0.0,2.6684543394188047,0,0.0,0.0,3.155369307385874,0,0.0,0.0,1.0007010409964314,0,0.0,0.0,5.087562441424746
2021-09-03,49999.14,0.015280230285761531,True,1.0,0.015280230285761531,11.668192892548035,0,0.0,0.0,1.6251263137946739,0,0.0,0.0,8.04525718251394,0,0.0,0.0,3.0169992929629688,0,0.0,0.0,2.6684543394188047,0,0.0,0.0,3.155369307385874,0,0.0,0.0,1.0007010409964314,0,0.0,0.0,5.087562441424746
2021-09-04,49915.64,-0.001670028724494066,True,1.0,-0.001670028724494066,11.648706675254543,0,0.0,-0.0,1.6251263137946739,0,0.0,-0.0,8.04525718251394,0,0.0,-0.0,3.0169992929629688,0,0.0,-0.0,2.6684543394188047,0,0.0,-0.0,3.155369307385874,0,0.0,-0.0,1.0007010409964314,0,0.0,-0.0,5.087562441424746
2021-09-05,51756.88,0.036887035806813184,True,1.0,0.036887035806813184,12.07839293548772,0,0.0,0.0,1.6251263137946739,0,0.0,0.0,8.04525718251394,0,0.0,0.0,3.0169992929629688,0,0.0,0.0,2.6684543394188047,0,0.0,0.0,3.155369307385874,0,0.0,0.0,1.0007010409964314,0,0.0,0.0,5.087562441424746
2021-09-06,52663.9,0.017524626677651423,True,1.0,0.017524626677651423,12.290062262548124,0,0.0,0.0,1.6251263137946739,0,0.0,0.0,8.04525718251394,0,0.0,0.0,3.0169992929629688,0,0.0,0.0,2.6684543394188047,0,0.0,0.0,3.155369307385874,0,0.0,0.0,1.0007010409964314,0,0.0,0.0,5.087562441424746
2021-09-07,46863.73,-0.11013559573066178,True,1.0,-0.11013559573066178,10.936488933695461,0,0.0,-0.0,1.6251263137946739,1,0.0,-0.0,8.04525718251394,0,0.0,-0.0,3.0169992929629688,0,0.0,-0.0,2.6684543394188047,0,0.0,-0.0,3.155369307385874,0,0.0,-0.0,1.0007010409964314,0,0.0,-0.0,5.087562441424746
2021-09-08,46048.31,-0.017399810044996578,False,1.0,-0.017399810044996578,10.746196103689954,0,0.0,-0.0,1.6251263137946739,0,1.0,-0.01839981004499658,7.897225978592538,0,0.0,-0.0,3.0169992929629688,0,0.0,-0.0,2.6684543394188047,0,0.0,-0.0,3.155369307385874,0,0.0,-0.0,1.0007010409964314,0,0.0,-0.0,5.087562441424746
2021-09-09,46395.14,0.007531872505201598,False,1.0,0.007531872505201598,10.82713508265884,0,0.0,0.0,1.6251263137946739,0,1.0,0.007531872505201598,7.956706877808063,0,0.0,0.0,3.0169992929629688,0,0.0,0.0,2.6684543394188047,0,0.0,0.0,3.155369307385874,0,0.0,0.0,1.0007010409964314,0,0.0,0.0,5.087562441424746
2021-09-10,44850.91,-0.033284305209554166,False,1.0,-0.033284305209554166,10.466761414022551,0,0.0,-0.0,1.6251263137946739,0,1.0,-0.033284305209554166,7.691873417624141,0,0.0,-0.0,3.0169992929629688,0,0.0,-0.0,2.6684543394188047,0,0.0,-0.0,3.155369307385874,0,0.0,-0.0,1.0007010409964314,0,0.0,-0.0,5.087562441424746
2021-09-11,45173.69,0.007196732463176314,False,1.0,0.007196732463176314,10.542087895675168,0,0.0,0.0,1.6251263137946739,0,1.0,0.007196732463176314,7.7472297727514,0,0.0,0.0,3.0169992929629688,0,0.0,0.0,2.6684543394188047,0,0.0,0.0,3.155369307385874,0,0.0,0.0,1.0007010409964314,0,0.0,0.0,5.087562441424746
2021-09-12,46025.24,0.0188505743055305,False,1.0,0.0188505743055305,10.740812306888026,0,0.0,0.0,1.6251263137946739,0,1.0,0.0188505743055305,7.893269503244668,0,0.0,0.0,3.0169992929629688,0,0.0,0.0,2.6684543394188047,0,0.0,0.0,3.155369307385874,0,0.0,0.0,1.0007010409964314,0,0.0,0.0,5.087562441424746
2021-09-13,44940.73,-0.02356337522628882,False,1.0,-0.02356337522628882,10.487722516265682,0,0.0,-0.0,1.6251263137946739,0,1.0,-0.02356337522628882,7.7072774321774915,0,0.0,-0.0,3.0169992929629688,0,0.0,-0.0,2.6684543394188047,0,0.0,-0.0,3.155369307385874,0,0.0,-0.0,1.0007010409964314,0,0.0,-0.0,5.087562441424746
2021-09-14,47111.52,0.04830339872093736,False,1.0,0.04830339872093736,10.994315158643417,0,0.0,0.0,1.6251263137946739,0,1.0,0.04830339872093736,8.079565127036844,0,0.0,0.0,3.0169992929629688,0,0.0,0.0,2.6684543394188047,0,0.0,0.0,3.155369307385874,0,0.0,0.0,1.0007010409964314,0,0.0,0.0,5.087562441424746
2021-09-15,48121.41,0.02143615828994716,True,1.0,0.02143615828994716,11.229991038673663,0,0.0,0.0,1.6251263137946739,0,1.0,0.02143615828994716,8.252759964013944,0,0.0,0.0,3.0169992929629688,0,0.0,0.0,2.6684543394188047,0,0.0,0.0,3.155369307385874,0,0.0,0.0,1.0007010409964314,0,0.0,0.0,5.087562441424746
2021-09-16,47737.82,-0.007971295936673561,False,1.0,-0.007971295936673561,11.140473456738203,0,0.0,-0.0,1.6251263137946739,0,1.0,-0.007971295936673561,8.186974772046456,0,0.0,-0.0,3.0169992929629688,0,0.0,-0.0,2.6684543394188047,0,0.0,-0.0,3.155369307385874,0,0.0,-0.0,1.0007010409964314,0,0.0,-0.0,5.087562441424746
2021-09-17,47299.98,-0.009171763603784133,False,1.0,-0.009171763603784133,11.038295667758769,0,0.0,-0.0,1.6251263137946739,0,1.0,-0.009171763603784133,8.111885774807101,0,0.0,-0.0,3.0169992929629688,0,0.0,-0.0,2.6684543394188047,0,0.0,-0.0,3.155369307385874,0,0.0,-0.0,1.0007010409964314,0,0.0,-0.0,5.087562441424746
2021-09-18,48292.74,0.020988592384182825,False,1.0,0.020988592384182825,11.26997395614545,0,0.0,0.0,1.6251263137946739,0,1.0,0.020988592384182825,8.282142838801578,0,0.0,0.0,3.0169992929629688,0,0.0,0.0,2.6684543394188047,0,0.0,0.0,3.155369307385874,0,0.0,0.0,1.0007010409964314,0,0.0,0.0,5.087562441424746
2021-09-19,47241.75,-0.02176289852263502,True,1.0,-0.02176289852263502,11.024706656585117,0,0.0,-0.0,1.6251263137946739,0,1.0,-0.02176289852263502,8.101899404650771,0,0.0,-0.0,3.0169992929629688,0,0.0,-0.0,2.6684543394188047,0,0.0,-0.0,3.155369307385874,0,0.0,-0.0,1.0007010409964314,0,0.0,-0.0,5.087562441424746
2021-09-20,43015.62,-0.08945752432964482,False,1.0,-0.08945752432964482,10.038463692626456,0,0.0,-0.0,1.6251263137946739,0,1.0,-0.08945752432964482,7.37712354154289,0,0.0,-0.0,3.0169992929629688,0,0.0,-0.0,2.6684543394188047,0,0.0,-0.0,3.155369307385874,0,0.0,-0.0,1.0007010409964314,0,0.0,-0.0,5.087562441424746
2021-09-21,40734.38,-0.05303282853995839,False,1.0,-0.05303282853995839,9.5060955688108,0,0.0,-0.0,1.6251263137946739,0,1.0,-0.05303282853995839,6.985893813646155,0,0.0,-0.0,3.0169992929629688,0,0.0,-0.0,2.6684543394188047,0,0.0,-0.0,3.155369307385874,0,0.0,-0.0,1.0007010409964314,0,0.0,-0.0,5.087562441424746
2021-09-22,43543.61,0.0689645945267856,False,1.0,0.0689645945267856,10.16167959524671,0,0.0,0.0,1.6251263137946739,0,1.0,0.0689645945267856,7.467673147911442,0,0.0,0.0,3.0169992929629688,0,0.0,0.0,2.6684543394188047,0,0.0,0.0,3.155369307385874,0,0.0,0.0,1.0007010409964314,0,0.0,0.0,5.087562441424746
2021-09-23,44865.26,0.03035232953813427,False,1.0,0.03035232953813427,10.470110242982573,0,0.0,0.0,1.6251263137946739,0,1.0,0.03035232953813427,7.694334424179926,0,0.0,0.0,3.0169992929629688,0,0.0,0.0,2.6684543394188047,0,0.0,0.0,3.155369307385874,0,0.0,0.0,1.0007010409964314,0,0.0,0.0,5.087562441424746
2021-09-24,42810.57,-0.045796903885099605,False,1.0,-0.045796903885099605,9.990611610518304,0,0.0,-0.0,1.6251263137946739,0,1.0,-0.045796903885099605,7.341957730095945,0,0.0,-0.0,3.0169992929629688,0,0.0,-0.0,2.6684543394188047,0,0.0,-0.0,3.155369307385874,0,0.0,-0.0,1.0007010409964314,0,0.0,-0.0,5.087562441424746
2021-09-25,42670.64,-0.003268585304984306,False,1.0,-0.003268585304984306,9.957956444220358,0,0.0,-0.0,1.6251263137946739,0,1.0,-0.003268585304984306,7.317959914949538,0,0.0,-0.0,3.0169992929629688,0,0.0,-0.0,2.6684543394188047,0,0.0,-0.0,3.155369307385874,0,0.0,-0.0,1.0007010409964314,0,0.0,-0.0,5.087562441424746
2021-09-26,43160.9,0.011489398799736872,False,1.0,0.011489398799736872,10.072367377038415,0,0.0,0.0,1.6251263137946739,0,1.0,0.011489398799736872,7.402038874812881,0,0.0,0.0,3.0169992929629688,0,0.0,0.0,2.6684543394188047,0,0.0,0.0,3.155369307385874,0,0.0,0.0,1.0007010409964314,0,0.0,0.0,5.087562441424746
2021-09-27,42147.35,-0.023483059899121694,False,1.0,-0.023483059899121694,9.835837370597462,0,0.0,-0.0,1.6251263137946739,0,1.0,-0.023483059899121694,7.228216352540023,0,0.0,-0.0,3.0169992929629688,0,0.0,-0.0,2.6684543394188047,0,0.0,-0.0,3.155369307385874,0,0.0,-0.0,1.0007010409964314,0,0.0,-0.0,5.087562441424746
2021-09-28,41026.54,-0.026592656477809395,False,1.0,-0.026592656477809395,9.574276326229564,0,0.0,-0.0,1.6251263137946739,0,0.0,-0.001,7.220988136187483,0,0.0,-0.0,3.0169992929629688,0,0.0,-0.0,2.6684543394188047,0,0.0,-0.0,3.155369307385874,0,0.0,-0.0,1.0007010409964314,0,0.0,-0.0,5.087562441424746
2021-09-29,41524.28,0.012132146654336484,False,1.0,0.012132146654336484,9.690432850728522,0,0.0,0.0,1.6251263137946739,0,0.0,0.0,7.220988136187483,0,0.0,0.0,3.0169992929629688,0,0.0,0.0,2.6684543394188047,0,0.0,0.0,3.155369307385874,0,0.0,0.0,1.0007010409964314,0,0.0,0.0,5.087562441424746
2021-09-30,43824.1,0.05538494586781506,False,1.0,0.05538494586781506,10.227136949601817,0,0.0,0.0,1.6251263137946739,0,0.0,0.0,7.220988136187483,0,0.0,0.0,3.0169992929629688,0,0.0,0.0,2.6684543394188047,0,0.0,0.0,3.155369307385874,0,0.0,0.0,1.0007010409964314,0,0.0,0.0,5.087562441424746
2021-10-01,48141.61,0.09851907968446594,True,1.0,0.09851907968446594,11.234705069683585,0,0.0,0.0,1.6251263137946739,1,0.0,0.0,7.220988136187483,0,0.0,0.0,3.0169992929629688,0,0.0,0.0,2.6684543394188047,0,0.0,0.0,3.155369307385874,0,0.0,0.0,1.0007010409964314,0,0.0,0.0,5.087562441424746
2021-10-02,47634.9,-0.010525406192273157,True,1.0,-0.010525406192273157,11.116455235374774,0,0.0,-0.0,1.6251263137946739,0,1.0,-0.011525406192273158,7.137763314808336,0,0.0,-0.0,3.0169992929629688,0,0.0,-0.0,2.6684543394188047,0,0.0,-0.0,3.155369307385874,0,0.0,-0.0,1.0007010409964314,0,0.0,-0.0,5.087562441424746
2021-10-03,48200.01,0.011863360687227154,True,1.0,0.011863360687227154,11.248333753395439,0,0.0,0.0,1.6251263137946739,0,1.0,0.011863360687227154,7.222441175511966,0,0.0,0.0,3.0169992929629688,0,0.0,0.0,2.6684543394188047,0,0.0,0.0,3.155369307385874,0,0.0,0.0,1.0007010409964314,0,0.0,0.0,5.087562441424746
2021-10-04,49224.94,0.021264103472177665,True,1.0,0.021264103472177665,11.487519486217229,0,0.0,0.0,1.6251263137946739,0,1.0,0.021264103472177665,7.3760199119897685,0,0.0,0.0,3.0169992929629688,0,0.0,0.0,2.6684543394188047,0,0.0,0.0,3.155369307385874,0,0.0,0.0,1.0007010409964314,0,0.0,0.0,5.087562441424746
2021-10-05,51471.99,0.045648608205515195,True,1.0,0.045648608205515195,12.01190876249678,0,0.0,0.0,1.6251263137946739,0,1.0,0.045648608205515195,7.712724955068268,0,0.0,0.0,3.0169992929629688,0,0.0,0.0,2.6684543394188047,0,0.0,0.0,3.155369307385874,0,0.0,0.0,1.0007010409964314,0,0.0,0.0,5.087562441424746
2021-10-06,55315.0,0.07466216091509192,True,1.0,0.07466216091509192,12.908743827419718,0,0.0,0.0,1.6251263137946739,0,1.0,0.07466216091509192,8.28857366675742,0,0.0,0.0,3.0169992929629688,0,0.0,0.0,2.6684543394188047,0,0.0,0.0,3.155369307385874,0,0.0,0.0,1.0007010409964314,0,0.0,0.0,5.087562441424746
2021-10-07,53785.22,-0.027655789568833078,True,1.0,-0.027655789568833078,12.551742324530625,0,0.0,-0.0,1.6251263137946739,0,1.0,-0.027655789568833078,8.059346617603806,0,0.0,-0.0,3.0169992929629688,0,0.0,-0.0,2.6684543394188047,0,0.0,-0.0,3.155369307385874,0,0.0,-0.0,1.0007010409964314,0,0.0,-0.0,5.087562441424746
2021-10-08,53951.43,0.003090254162760653,True,1.0,0.003090254162760653,12.590530398498906,0,0.0,0.0,1.6251263137946739,0,1.0,0.003090254162760653,8.084252047037987,0,0.0,0.0,3.0169992929629688,0,0.0,0.0,2.6684543394188047,0,0.0,0.0,3.155369307385874,0,0.0,0.0,1.0007010409964314,0,0.0,0.0,5.087562441424746
2021-10-09,54949.72,0.01850349471737811,True,1.0,0.01850349471737811,12.82349921121652,0,0.0,0.0,1.6251263137946739,0,1.0,0.01850349471737811,8.233838962084308,0,0.0,0.0,3.0169992929629688,0,0.0,0.0,2.6684543394188047,0,0.0,0.0,3.155369307385874,0,0.0,0.0,1.0007010409964314,0,0.0,0.0,5.087562441424746
2021-10-10,54659.0,-0.005290654802244665,True,1.0,-0.005290654802244665,12.755654503533117,0,0.0,-0.0,1.6251263137946739,0,1.0,-0.005290654802244665,8.190276562438648,0,0.0,-0.0,3.0169992929629688,0,0.0,-0.0,2.6684543394188047,0,0.0,-0.0,3.155369307385874,0,0.0,-0.0,1.0007010409964314,0,0.0,-0.0,5.087562441424746
2021-10-11,57471.35,0.05145264274867811,True,1.0,0.05145264274867811,13.411966637728973,0,0.0,0.0,1.6251263137946739,0,1.0,0.05145264274867811,8.611687936418674,0,0.0,0.0,3.0169992929629688,0,0.0,0.0,2.6684543394188047,0,0.0,0.0,3.155369307385874,0,0.0,0.0,1.0007010409964314,0,0.0,0.0,5.087562441424746
2021-10-12,55996.93,-0.025654869774244027,True,1.0,-0.025654869774244027,13.06788438022153,0,0.0,-0.0,1.6251263137946739,0,1.0,-0.025654869774244027,8.390756203873424,0,0.0,-0.0,3.0169992929629688,0,0.0,-0.0,2.6684543394188047,0,0.0,-0.0,3.155369307385874,0,0.0,-0.0,1.0007010409964314,0,0.0,-0.0,5.087562441424746
2021-10-13,57367.0,0.02446687702343686,True,1.0,0.02446687702343686,13.387614700308902,0,0.0,0.0,1.6251263137946739,0,1.0,0.02446687702343686,8.596051804047235,0,0.0,0.0,3.0169992929629688,0,0.0,0.0,2.6684543394188047,0,0.0,0.0,3.155369307385874,0,0.0,0.0,1.0007010409964314,0,0.0,0.0,5.087562441424746
2021-10-14,57347.94,-0.00033224676207577186,True,1.0,-0.00033224676207577186,13.383166708672807,0,0.0,-0.0,1.6251263137946739,0,1.0,-0.00033224676207577186,8.593195793668706,0,0.0,-0.0,3.0169992929629688,0,0.0,-0.0,2.6684543394188047,0,0.0,-0.0,3.155369307385874,0,0.0,-0.0,1.0007010409964314,0,0.0,-0.0,5.087562441424746
2021-10-15,61672.42,0.0754077653007239,True,1.0,0.0754077653007239,14.392361402820868,0,0.0,0.0,1.6251263137946739,0,1.0,0.0754077653007239,9.241189485260843,0,0.0,0.0,3.0169992929629688,0,0.0,0.0,2.6684543394188047,0,0.0,0.0,3.155369307385874,0,0.0,0.0,1.0007010409964314,0,0.0,0.0,5.087562441424746
2021-10-16,60875.57,-0.012920686426769024,True,1.0,-0.012920686426769024,14.206402214194286,0,0.0,-0.0,1.6251263137946739,0,1.0,-0.012920686426769024,9.121786973711433,0,0.0,-0.0,3.0169992929629688,0,0.0,-0.0,2.6684543394188047,0,0.0,-0.0,3.155369307385874,0,0.0,-0.0,1.0007010409964314,0,0.0,-0.0,5.087562441424746
2021-10-17,61528.33,0.01072285647592297,True,1.0,0.01072285647592297,14.358735426176326,0,0.0,0.0,1.6251263137946739,0,1.0,0.01072285647592297,9.219598586234484,0,0.0,0.0,3.0169992929629688,0,0.0,0.0,2.6684543394188047,0,0.0,0.0,3.155369307385874,0,0.0,0.0,1.0007010409964314,0,0.0,0.0,5.087562441424746
2021-10-18,62009.84,0.007825825924415497,True,1.0,0.007825825924415497,14.47110439011632,0,0.0,0.0,1.6251263137946739,0,1.0,0.007825825924415497,9.291749559863343,0,0.0,0.0,3.0169992929629688,0,0.0,0.0,2.6684543394188047,0,0.0,0.0,3.155369307385874,0,0.0,0.0,1.0007010409964314,0,0.0,0.0,5.087562441424746
2021-10-19,64280.59,0.03661918818045651,True,1.0,0.03661918818045651,15.00102448495702,0,0.0,0.0,1.6251263137946739,0,1.0,0.03661918818045651,9.632005885521652,0,0.0,0.0,3.0169992929629688,0,0.0,0.0,2.6684543394188047,0,0.0,0.0,3.155369307385874,0,0.0,0.0,1.0007010409964314,0,0.0,0.0,5.087562441424746
2021-10-20,66001.41,0.026770445013028166,True,1.0,0.026770445013028166,15.40260858607065,0,0.0,0.0,1.6251263137946739,0,1.0,0.026770445013028166,9.889858969445173,0,0.0,0.0,3.0169992929629688,0,0.0,0.0,2.6684543394188047,0,0.0,0.0,3.155369307385874,0,0.0,0.0,1.0007010409964314,0,0.0,0.0,5.087562441424746
2021-10-21,62193.15,-0.05769967641600382,True,1.0,-0.05769967641600382,14.513883054692013,0,0.0,-0.0,1.6251263137946739,0,1.0,-0.05769967641600382,9.319217307108273,0,0.0,-0.0,3.0169992929629688,0,0.0,-0.0,2.6684543394188047,0,0.0,-0.0,3.155369307385874,0,0.0,-0.0,1.0007010409964314,0,0.0,-0.0,5.087562441424746
2021-10-22,60688.22,-0.02419768093431507,True,1.0,-0.02419768093431507,14.162680743416614,0,0.0,-0.0,1.6251263137946739,0,0.0,-0.001,9.309898089801164,0,0.0,-0.0,3.0169992929629688,0,0.0,-0.0,2.6684543394188047,0,0.0,-0.0,3.155369307385874,0,0.0,-0.0,1.0007010409964314,0,0.0,-0.0,5.087562441424746
2021-10-23,61286.75,0.009862375268215207,True,1.0,0.009862375268215207,14.302358415712114,0,0.0,0.0,1.6251263137946739,0,0.0,0.0,9.309898089801164,0,0.0,0.0,3.0169992929629688,0,0.0,0.0,2.6684543394188047,0,0.0,0.0,3.155369307385874,0,0.0,0.0,1.0007010409964314,0,0.0,0.0,5.087562441424746
2021-10-24,60852.22,-0.007090113278971355,True,1.0,-0.007090113278971355,14.200953074388265,0,0.0,-0.0,1.6251263137946739,0,0.0,-0.0,9.309898089801164,0,0.0,-0.0,3.0169992929629688,0,0.0,-0.0,2.6684543394188047,0,0.0,-0.0,3.155369307385874,0,0.0,-0.0,1.0007010409964314,0,0.0,-0.0,5.087562441424746
2021-10-25,63078.78,0.036589626475418635,True,1.0,0.036589626475418635,14.720560642975078,0,0.0,0.0,1.6251263137946739,0,0.0,0.0,9.309898089801164,0,0.0,0.0,3.0169992929629688,0,0.0,0.0,2.6684543394188047,0,0.0,0.0,3.155369307385874,0,0.0,0.0,1.0007010409964314,0,0.0,0.0,5.087562441424746
2021-10-26,60328.81,-0.04359580194797685,True,1.0,-0.04359580194797685,14.078805996620755,0,0.0,-0.0,1.6251263137946739,0,0.0,-0.0,9.309898089801164,0,0.0,-0.0,3.0169992929629688,0,0.0,-0.0,2.6684543394188047,0,0.0,-0.0,3.155369307385874,0,0.0,-0.0,1.0007010409964314,0,0.0,-0.0,5.087562441424746
2021-10-27,58413.44,-0.03174884437468595,True,1.0,-0.03174884437468595,13.631820176052647,0,0.0,-0.0,1.6251263137946739,0,0.0,-0.0,9.309898089801164,0,0.0,-0.0,3.0169992929629688,0,0.0,-0.0,2.6684543394188047,0,0.0,-0.0,3.155369307385874,0,0.0,-0.0,1.0007010409964314,0,0.0,-0.0,5.087562441424746
2021-10-28,60575.89,0.0370197338146836,True,1.0,0.0370197338146836,14.13646653037975,0,0.0,0.0,1.6251263137946739,0,0.0,0.0,9.309898089801164,0,0.0,0.0,3.0169992929629688,0,0.0,0.0,2.6684543394188047,0,0.0,0.0,3.155369307385874,0,0.0,0.0,1.0007010409964314,0,0.0,0.0,5.087562441424746
2021-10-29,62253.71,0.027697818389461615,True,1.0,0.027697818389461615,14.52801581300691,0,0.0,0.0,1.6251263137946739,0,0.0,0.0,9.309898089801164,0,0.0,0.0,3.0169992929629688,0,0.0,0.0,2.6684543394188047,0,0.0,0.0,3.155369307385874,0,0.0,0.0,1.0007010409964314,0,0.0,0.0,5.087562441424746
2021-10-30,61859.19,-0.006337292990249099,True,1.0,-0.006337292990249099,14.435947520232913,0,0.0,-0.0,1.6251263137946739,0,0.0,-0.0,9.309898089801164,0,0.0,-0.0,3.0169992929629688,0,0.0,-0.0,2.6684543394188047,0,0.0,-0.0,3.155369307385874,0,0.0,-0.0,1.0007010409964314,0,0.0,-0.0,5.087562441424746
2021-10-31,61299.8,-0.009042957077194158,True,1.0,-0.009042957077194158,14.30540386643882,0,0.0,-0.0,1.6251263137946739,0,0.0,-0.0,9.309898089801164,0,0.0,-0.0,3.0169992929629688,0,0.0,-0.0,2.6684543394188047,0,0.0,-0.0,3.155369307385874,0,0.0,-0.0,1.0007010409964314,0,0.0,-0.0,5.087562441424746
2021-11-01,60911.11,-0.006340803722035049,True,1.0,-0.006340803722035049,14.21469610835729,0,0.0,-0.0,1.6251263137946739,0,0.0,-0.0,9.309898089801164,0,0.0,-0.0,3.0169992929629688,0,0.0,-0.0,2.6684543394188047,0,0.0,-0.0,3.155369307385874,0,0.0,-0.0,1.0007010409964314,0,0.0,-0.0,5.087562441424746
2021-11-02,63219.99,0.03790572852801399,True,1.0,0.03790572852801399,14.753514520148897,0,0.0,0.0,1.6251263137946739,0,0.0,0.0,9.309898089801164,0,0.0,0.0,3.0169992929629688,0,0.0,0.0,2.6684543394188047,0,0.0,0.0,3.155369307385874,0,0.0,0.0,1.0007010409964314,0,0.0,0.0,5.087562441424746
2021-11-03,62896.48,-0.005117210553180929,True,1.0,-0.005117210553180929,14.678017679949884,0,0.0,-0.0,1.6251263137946739,0,0.0,-0.0,9.309898089801164,0,0.0,-0.0,3.0169992929629688,0,0.0,-0.0,2.6684543394188047,0,0.0,-0.0,3.155369307385874,0,0.0,-0.0,1.0007010409964314,0,0.0,-0.0,5.087562441424746
2021-11-04,61395.01,-0.023872083143603562,False,1.0,-0.023872083143603562,14.327622821510836,0,0.0,-0.0,1.6251263137946739,0,0.0,-0.0,9.309898089801164,0,0.0,-0.0,3.0169992929629688,0,0.0,-0.0,2.6684543394188047,0,0.0,-0.0,3.155369307385874,0,0.0,-0.0,1.0007010409964314,0,0.0,-0.0,5.087562441424746
2021-11-05,60937.12,-0.0074580979789725665,True,1.0,-0.0074580979789725665,14.220766006702245,0,0.0,-0.0,1.6251263137946739,0,0.0,-0.0,9.309898089801164,0,0.0,-0.0,3.0169992929629688,0,0.0,-0.0,2.6684543394188047,0,0.0,-0.0,3.155369307385874,0,0.0,-0.0,1.0007010409964314,0,0.0,-0.0,5.087562441424746
2021-11-06,61470.61,0.008754762286107276,False,1.0,0.008754762286107276,14.345265432617278,0,0.0,0.0,1.6251263137946739,0,0.0,0.0,9.309898089801164,0,0.0,0.0,3.0169992929629688,0,0.0,0.0,2.6684543394188047,0,0.0,0.0,3.155369307385874,0,0.0,0.0,1.0007010409964314,0,0.0,0.0,5.087562441424746
2021-11-07,63273.59,0.029330764734561754,True,1.0,0.029330764734561754,14.766023038076217,0,0.0,0.0,1.6251263137946739,0,0.0,0.0,9.309898089801164,0,0.0,0.0,3.0169992929629688,0,0.0,0.0,2.6684543394188047,0,0.0,0.0,3.155369307385874,0,0.0,0.0,1.0007010409964314,0,0.0,0.0,5.087562441424746
2021-11-08,67525.83,0.06720402619797627,True,1.0,0.06720402619797627,15.758359237167012,0,0.0,0.0,1.6251263137946739,0,0.0,0.0,9.309898089801164,0,0.0,0.0,3.0169992929629688,0,0.0,0.0,2.6684543394188047,0,0.0,0.0,3.155369307385874,0,0.0,0.0,1.0007010409964314,0,0.0,0.0,5.087562441424746
2021-11-09,66947.66,-0.008562205011030555,True,1.0,-0.008562205011030555,15.62343293474092,0,0.0,-0.0,1.6251263137946739,0,0.0,-0.0,9.309898089801164,0,0.0,-0.0,3.0169992929629688,0,0.0,-0.0,2.6684543394188047,0,0.0,-0.0,3.155369307385874,0,0.0,-0.0,1.0007010409964314,0,0.0,-0.0,5.087562441424746
2021-11-10,64882.43,-0.030848426965184528,True,1.0,-0.030848426965184528,15.141474604908106,0,0.0,-0.0,1.6251263137946739,0,0.0,-0.0,9.309898089801164,0,0.0,-0.0,3.0169992929629688,0,0.0,-0.0,2.6684543394188047,0,0.0,-0.0,3.155369307385874,0,0.0,-0.0,1.0007010409964314,0,0.0,-0.0,5.087562441424746
2021-11-11,64774.26,-0.0016671693708142366,True,1.0,-0.0016671693708142366,15.116231202217842,0,0.0,-0.0,1.6251263137946739,0,0.0,-0.0,9.309898089801164,0,0.0,-0.0,3.0169992929629688,0,0.0,-0.0,2.6684543394188047,0,0.0,-0.0,3.155369307385874,0,0.0,-0.0,1.0007010409964314,0,0.0,-0.0,5.087562441424746
2021-11-12,64122.23,-0.010066189872335096,True,1.0,-0.010066189872335096,14.9640683487822,0,0.0,-0.0,1.6251263137946739,0,0.0,-0.0,9.309898089801164,0,0.0,-0.0,3.0169992929629688,0,0.0,-0.0,2.6684543394188047,0,0.0,-0.0,3.155369307385874,0,0.0,-0.0,1.0007010409964314,0,0.0,-0.0,5.087562441424746
2021-11-13,64380.0,0.004019978718768691,True,1.0,0.004019978718768691,15.024223585090505,0,0.0,0.0,1.6251263137946739,0,0.0,0.0,9.309898089801164,0,0.0,0.0,3.0169992929629688,0,0.0,0.0,2.6684543394188047,0,0.0,0.0,3.155369307385874,0,0.0,0.0,1.0007010409964314,0,0.0,0.0,5.087562441424746
2021-11-14,65519.1,0.017693383038210664,True,1.0,0.017693383038210664,15.29005292783323,0,0.0,0.0,1.6251263137946739,0,0.0,0.0,9.309898089801164,0,0.0,0.0,3.0169992929629688,0,0.0,0.0,2.6684543394188047,0,0.0,0.0,3.155369307385874,0,0.0,0.0,1.0007010409964314,0,0.0,0.0,5.087562441424746
2021-11-15,63606.74,-0.029187824619080538,True,1.0,-0.029187824619080538,14.843769544559175,0,0.0,-0.0,1.6251263137946739,0,0.0,-0.0,9.309898089801164,0,0.0,-0.0,3.0169992929629688,0,0.0,-0.0,2.6684543394188047,0,0.0,-0.0,3.155369307385874,0,0.0,-0.0,1.0007010409964314,0,0.0,-0.0,5.087562441424746
2021-11-16,60058.87,-0.05577820840998915,True,1.0,-0.05577820840998915,14.015810673312902,0,0.0,-0.0,1.6251263137946739,0,0.0,-0.0,9.309898089801164,0,0.0,-0.0,3.0169992929629688,0,0.0,-0.0,2.6684543394188047,0,0.0,-0.0,3.155369307385874,0,0.0,-0.0,1.0007010409964314,0,0.0,-0.0,5.087562441424746
2021-11-17,60344.87,0.004761994356537125,False,1.0,0.004761994356537125,14.082553884641511,0,0.0,0.0,1.6251263137946739,0,0.0,0.0,9.309898089801164,0,0.0,0.0,3.0169992929629688,0,0.0,0.0,2.6684543394188047,0,0.0,0.0,3.155369307385874,0,0.0,0.0,1.0007010409964314,0,0.0,0.0,5.087562441424746
2021-11-18,56891.62,-0.05722524549311314,False,1.0,-0.05722524549311314,13.276676281422906,0,0.0,-0.0,1.6251263137946739,0,0.0,-0.0,9.309898089801164,0,0.0,-0.0,3.0169992929629688,0,0.0,-0.0,2.6684543394188047,0,0.0,-0.0,3.155369307385874,0,0.0,-0.0,1.0007010409964314,0,0.0,-0.0,5.087562441424746
2021-11-19,58052.24,0.020400544052006087,False,1.0,0.020400544052006087,13.547527700766299,0,0.0,0.0,1.6251263137946739,0,0.0,0.0,9.309898089801164,0,0.0,0.0,3.0169992929629688,0,0.0,0.0,2.6684543394188047,0,0.0,0.0,3.155369307385874,0,0.0,0.0,1.0007010409964314,0,0.0,0.0,5.087562441424746
2021-11-20,59707.51,0.028513456156041617,False,1.0,0.028513456156041617,13.933814537884858,0,0.0,0.0,1.6251263137946739,0,0.0,0.0,9.309898089801164,0,0.0,0.0,3.0169992929629688,0,0.0,0.0,2.6684543394188047,0,0.0,0.0,3.155369307385874,0,0.0,0.0,1.0007010409964314,0,0.0,0.0,5.087562441424746
2021-11-21,58622.02,-0.01818012507974298,False,1.0,-0.01818012507974298,13.680496046748171,0,0.0,-0.0,1.6251263137946739,0,0.0,-0.0,9.309898089801164,0,0.0,-0.0,3.0169992929629688,0,0.0,-0.0,2.6684543394188047,0,0.0,-0.0,3.155369307385874,0,0.0,-0.0,1.0007010409964314,0,0.0,-0.0,5.087562441424746
2021-11-22,56247.18,-0.04051105710789216,False,1.0,-0.04051105710789216,13.126284690134064,0,0.0,-0.0,1.6251263137946739,0,0.0,-0.0,9.309898089801164,0,0.0,-0.0,3.0169992929629688,0,0.0,-0.0,2.6684543394188047,0,0.0,-0.0,3.155369307385874,0,0.0,-0.0,1.0007010409964314,0,0.0,-0.0,5.087562441424746
2021-11-23,57541.27,0.02300719787196437,False,1.0,0.02300719787196437,13.428283719323714,0,0.0,0.0,1.6251263137946739,0,0.0,0.0,9.309898089801164,0,0.0,0.0,3.0169992929629688,0,0.0,0.0,2.6684543394188047,0,0.0,0.0,3.155369307385874,0,0.0,0.0,1.0007010409964314,0,0.0,0.0,5.087562441424746
2021-11-24,57138.29,-0.007003321268369556,False,1.0,-0.007003321268369556,13.334241134354473,0,0.0,-0.0,1.6251263137946739,0,0.0,-0.0,9.309898089801164,0,0.0,-0.0,3.0169992929629688,0,0.0,-0.0,2.6684543394188047,0,0.0,-0.0,3.155369307385874,0,0.0,-0.0,1.0007010409964314,0,0.0,-0.0,5.087562441424746
2021-11-25,58960.36,0.03188877371023868,False,1.0,0.03188877371023868,13.759453732485659,0,0.0,0.0,1.6251263137946739,0,0.0,0.0,9.309898089801164,0,0.0,0.0,3.0169992929629688,0,0.0,0.0,2.6684543394188047,0,0.0,0.0,3.155369307385874,0,0.0,0.0,1.0007010409964314,0,0.0,0.0,5.087562441424746
2021-11-26,53726.53,-0.08876862352943571,False,1.0,-0.08876862352943571,12.53804596413595,0,0.0,-0.0,1.6251263137946739,0,0.0,-0.0,9.309898089801164,0,0.0,-0.0,3.0169992929629688,0,0.0,-0.0,2.6684543394188047,0,0.0,-0.0,3.155369307385874,0,0.0,-0.0,1.0007010409964314,0,0.0,-0.0,5.087562441424746
2021-11-27,54721.03,0.018510408172647708,False,1.0,0.018510408172647708,12.770130312619525,0,0.0,0.0,1.6251263137946739,0,0.0,0.0,9.309898089801164,0,0.0,0.0,3.0169992929629688,0,0.0,0.0,2.6684543394188047,0,0.0,0.0,3.155369307385874,0,0.0,0.0,1.0007010409964314,0,0.0,0.0,5.087562441424746
2021-11-28,57274.88,0.046670356899349175,False,1.0,0.046670356899349175,13.366116851960676,0,0.0,0.0,1.6251263137946739,0,0.0,0.0,9.309898089801164,0,0.0,0.0,3.0169992929629688,0,0.0,0.0,2.6684543394188047,0,0.0,0.0,3.155369307385874,0,0.0,0.0,1.0007010409964314,0,0.0,0.0,5.087562441424746
2021-11-29,57776.25,0.008753750335225519,False,1.0,0.008753750335225519,13.48312050183419,0,0.0,0.0,1.6251263137946739,0,0.0,0.0,9.309898089801164,0,0.0,0.0,3.0169992929629688,0,0.0,0.0,2.6684543394188047,0,0.0,0.0,3.155369307385874,0,0.0,0.0,1.0007010409964314,0,0.0,0.0,5.087562441424746
2021-11-30,56950.56,-0.014291166352956464,False,1.0,-0.014291166352956464,13.29043098378552,0,0.0,-0.0,1.6251263137946739,0,0.0,-0.0,9.309898089801164,0,0.0,-0.0,3.0169992929629688,0,0.0,-0.0,2.6684543394188047,0,0.0,-0.0,3.155369307385874,0,0.0,-0.0,1.0007010409964314,0,0.0,-0.0,5.087562441424746
2021-12-01,57184.07,0.004100223070677478,False,1.0,0.004100223070677478,13.344924715524483,0,0.0,0.0,1.6251263137946739,0,0.0,0.0,9.309898089801164,0,0.0,0.0,3.0169992929629688,0,0.0,0.0,2.6684543394188047,0,0.0,0.0,3.155369307385874,0,0.0,0.0,1.0007010409964314,0,0.0,0.0,5.087562441424746
2021-12-02,56480.34,-0.012306399317152494,False,1.0,-0.012306399317152494,13.1806967431179,0,0.0,-0.0,1.6251263137946739,0,0.0,-0.0,9.309898089801164,0,0.0,-0.0,3.0169992929629688,0,0.0,-0.0,2.6684543394188047,0,0.0,-0.0,3.155369307385874,0,0.0,-0.0,1.0007010409964314,0,0.0,-0.0,5.087562441424746
2021-12-03,53601.05,-0.050978623712250926,False,1.0,-0.050978623712250926,12.508762963585202,0,0.0,-0.0,1.6251263137946739,0,0.0,-0.0,9.309898089801164,0,0.0,-0.0,3.0169992929629688,0,0.0,-0.0,2.6684543394188047,0,0.0,-0.0,3.155369307385874,0,0.0,-0.0,1.0007010409964314,0,0.0,-0.0,5.087562441424746
2021-12-04,49152.47,-0.08299426970180623,False,1.0,-0.08299426970180623,11.470607316549447,0,0.0,-0.0,1.6251263137946739,0,0.0,-0.0,9.309898089801164,0,0.0,-0.0,3.0169992929629688,0,0.0,-0.0,2.6684543394188047,0,0.0,-0.0,3.155369307385874,0,0.0,-0.0,1.0007010409964314,0,0.0,-0.0,5.087562441424746
2021-12-05,49396.33,0.004961296960254602,False,1.0,0.004961296960254602,11.527516405761318,0,0.0,0.0,1.6251263137946739,0,0.0,0.0,9.309898089801164,0,0.0,0.0,3.0169992929629688,0,0.0,0.0,2.6684543394188047,0,0.0,0.0,3.155369307385874,0,0.0,0.0,1.0007010409964314,0,0.0,0.0,5.087562441424746
2021-12-06,50441.92,0.021167362028717385,False,1.0,0.021167362028717385,11.771523518814048,0,0.0,0.0,1.6251263137946739,0,0.0,0.0,9.309898089801164,0,0.0,0.0,3.0169992929629688,0,0.0,0.0,2.6684543394188047,0,0.0,0.0,3.155369307385874,0,0.0,0.0,1.0007010409964314,0,0.0,0.0,5.087562441424746
2021-12-07,50588.95,0.00291483750023791,False,1.0,0.00291483750023791,11.80583559700162,0,0.0,0.0,1.6251263137946739,0,0.0,0.0,9.309898089801164,0,0.0,0.0,3.0169992929629688,0,0.0,0.0,2.6684543394188047,0,0.0,0.0,3.155369307385874,0,0.0,0.0,1.0007010409964314,0,0.0,0.0,5.087562441424746
2021-12-08,50471.19,-0.002327781066813861,False,1.0,-0.002327781066813861,11.778354196421002,0,0.0,-0.0,1.6251263137946739,0,0.0,-0.0,9.309898089801164,0,0.0,-0.0,3.0169992929629688,0,0.0,-0.0,2.6684543394188047,0,0.0,-0.0,3.155369307385874,0,0.0,-0.0,1.0007010409964314,0,0.0,-0.0,5.087562441424746
2021-12-09,47545.59,-0.057965742436427714,False,1.0,-0.057965742436427714,11.095613150746246,0,0.0,-0.0,1.6251263137946739,0,0.0,-0.0,9.309898089801164,0,0.0,-0.0,3.0169992929629688,0,0.0,-0.0,2.6684543394188047,0,0.0,-0.0,3.155369307385874,0,0.0,-0.0,1.0007010409964314,0,0.0,-0.0,5.087562441424746
2021-12-10,47140.54,-0.0085191917904478,False,1.0,-0.0085191917904478,11.001087494282423,0,0.0,-0.0,1.6251263137946739,0,0.0,-0.0,9.309898089801164,0,0.0,-0.0,3.0169992929629688,0,0.0,-0.0,2.6684543394188047,0,0.0,-0.0,3.155369307385874,0,0.0,-0.0,1.0007010409964314,0,0.0,-0.0,5.087562441424746
2021-12-11,49389.99,0.04771795147022062,False,1.0,0.04771795147022062,11.526036853454242,0,0.0,0.0,1.6251263137946739,0,0.0,0.0,9.309898089801164,0,0.0,0.0,3.0169992929629688,0,0.0,0.0,2.6684543394188047,0,0.0,0.0,3.155369307385874,0,0.0,0.0,1.0007010409964314,0,0.0,0.0,5.087562441424746
2021-12-12,50053.9,0.013442197497914199,False,1.0,0.013442197497914199,11.680972117206611,0,0.0,0.0,1.6251263137946739,0,0.0,0.0,9.309898089801164,0,0.0,0.0,3.0169992929629688,0,0.0,0.0,2.6684543394188047,0,0.0,0.0,3.155369307385874,0,0.0,0.0,1.0007010409964314,0,0.0,0.0,5.087562441424746
2021-12-13,46702.75,-0.06695082700848487,False,1.0,-0.06695082700848487,10.898921373696576,0,0.0,-0.0,1.6251263137946739,0,0.0,-0.0,9.309898089801164,0,0.0,-0.0,3.0169992929629688,0,0.0,-0.0,2.6684543394188047,0,0.0,-0.0,3.155369307385874,0,0.0,-0.0,1.0007010409964314,0,0.0,-0.0,5.087562441424746
2021-12-14,48343.28,0.035127053546097464,False,1.0,0.035127053546097464,11.281768368385121,0,0.0,0.0,1.6251263137946739,0,0.0,0.0,9.309898089801164,0,0.0,0.0,3.0169992929629688,0,0.0,0.0,2.6684543394188047,0,0.0,0.0,3.155369307385874,0,0.0,0.0,1.0007010409964314,0,0.0,0.0,5.087562441424746
2021-12-15,48864.98,0.010791572272299321,False,1.0,0.010791572272299321,11.403516387091889,0,0.0,0.0,1.6251263137946739,0,0.0,0.0,9.309898089801164,0,0.0,0.0,3.0169992929629688,0,0.0,0.0,2.6684543394188047,0,0.0,0.0,3.155369307385874,0,0.0,0.0,1.0007010409964314,0,0.0,0.0,5.087562441424746
2021-12-16,47632.38,-0.02522460870750398,False,1.0,-0.02522460870750398,11.115867148337886,0,0.0,-0.0,1.6251263137946739,0,0.0,-0.0,9.309898089801164,0,0.0,-0.0,3.0169992929629688,0,0.0,-0.0,2.6684543394188047,0,0.0,-0.0,3.155369307385874,0,0.0,-0.0,1.0007010409964314,0,0.0,-0.0,5.087562441424746
2021-12-17,46131.2,-0.03151595616259362,False,1.0,-0.03151595616259362,10.765539966581654,0,0.0,-0.0,1.6251263137946739,0,0.0,-0.0,9.309898089801164,0,0.0,-0.0,3.0169992929629688,0,0.0,-0.0,2.6684543394188047,0,0.0,-0.0,3.155369307385874,0,0.0,-0.0,1.0007010409964314,0,0.0,-0.0,5.087562441424746
2021-12-18,46834.48,0.015245213651498446,False,1.0,0.015245213651498446,10.929662923445937,0,0.0,0.0,1.6251263137946739,0,0.0,0.0,9.309898089801164,0,0.0,0.0,3.0169992929629688,0,0.0,0.0,2.6684543394188047,0,0.0,0.0,3.155369307385874,0,0.0,0.0,1.0007010409964314,0,0.0,0.0,5.087562441424746
2021-12-19,46681.23,-0.003272161877317714,False,1.0,-0.003272161877317714,10.893899297095905,0,0.0,-0.0,1.6251263137946739,0,0.0,-0.0,9.309898089801164,0,0.0,-0.0,3.0169992929629688,0,0.0,-0.0,2.6684543394188047,0,0.0,-0.0,3.155369307385874,0,0.0,-0.0,1.0007010409964314,0,0.0,-0.0,5.087562441424746
2021-12-20,46914.16,0.004989799968852626,False,1.0,0.004989799968852626,10.948257675469238,0,0.0,0.0,1.6251263137946739,0,0.0,0.0,9.309898089801164,0,0.0,0.0,3.0169992929629688,0,0.0,0.0,2.6684543394188047,0,0.0,0.0,3.155369307385874,0,0.0,0.0,1.0007010409964314,0,0.0,0.0,5.087562441424746
2021-12-21,48889.88,0.042113511144609594,False,1.0,0.042113511144609594,11.409327247099169,0,0.0,0.0,1.6251263137946739,0,0.0,0.0,9.309898089801164,0,0.0,0.0,3.0169992929629688,0,0.0,0.0,2.6684543394188047,0,0.0,0.0,3.155369307385874,0,0.0,0.0,1.0007010409964314,0,0.0,0.0,5.087562441424746
2021-12-22,48588.16,-0.00617142034302387,False,1.0,-0.00617142034302387,11.338915492826205,0,0.0,-0.0,1.6251263137946739,0,0.0,-0.0,9.309898089801164,0,0.0,-0.0,3.0169992929629688,0,0.0,-0.0,2.6684543394188047,0,0.0,-0.0,3.155369307385874,0,0.0,-0.0,1.0007010409964314,0,0.0,-0.0,5.087562441424746
2021-12-23,50838.81,0.04632095555789717,False,1.0,0.04632095555789717,11.86414489344416,0,0.0,0.0,1.6251263137946739,0,0.0,0.0,9.309898089801164,0,0.0,0.0,3.0169992929629688,0,0.0,0.0,2.6684543394188047,0,0.0,0.0,3.155369307385874,0,0.0,0.0,1.0007010409964314,0,0.0,0.0,5.087562441424746
2021-12-24,50820.0,-0.00036999292469663825,True,1.0,-0.00036999292469663825,11.859755243776009,0,0.0,-0.0,1.6251263137946739,0,0.0,-0.0,9.309898089801164,0,0.0,-0.0,3.0169992929629688,0,0.0,-0.0,2.6684543394188047,0,0.0,-0.0,3.155369307385874,0,0.0,-0.0,1.0007010409964314,0,0.0,-0.0,5.087562441424746
2021-12-25,50399.66,-0.008271153089334793,True,1.0,-0.008271153089334793,11.761661392552696,0,0.0,-0.0,1.6251263137946739,0,0.0,-0.0,9.309898089801164,0,0.0,-0.0,3.0169992929629688,0,0.0,-0.0,2.6684543394188047,0,0.0,-0.0,3.155369307385874,0,0.0,-0.0,1.0007010409964314,0,0.0,-0.0,5.087562441424746
2021-12-26,50775.49,0.007456994749567736,True,1.0,0.007456994749567736,11.849368039803155,0,0.0,0.0,1.6251263137946739,0,0.0,0.0,9.309898089801164,0,0.0,0.0,3.0169992929629688,0,0.0,0.0,2.6684543394188047,0,0.0,0.0,3.155369307385874,0,0.0,0.0,1.0007010409964314,0,0.0,0.0,5.087562441424746
2021-12-27,50701.44,-0.0014583808053845182,True,1.0,-0.0014583808053845182,11.832087148897969,0,0.0,-0.0,1.6251263137946739,0,0.0,-0.0,9.309898089801164,0,0.0,-0.0,3.0169992929629688,0,0.0,-0.0,2.6684543394188047,0,0.0,-0.0,3.155369307385874,0,0.0,-0.0,1.0007010409964314,0,0.0,-0.0,5.087562441424746
2021-12-28,47543.74,-0.06228028237462302,False,1.0,-0.06228028237462302,11.095181420183456,0,0.0,-0.0,1.6251263137946739,0,0.0,-0.0,9.309898089801164,0,0.0,-0.0,3.0169992929629688,0,0.0,-0.0,2.6684543394188047,0,0.0,-0.0,3.155369307385874,0,0.0,-0.0,1.0007010409964314,0,0.0,-0.0,5.087562441424746
2021-12-29,46464.66,-0.022696573723480662,False,1.0,-0.022696573723480662,10.84335881710487,0,0.0,-0.0,1.6251263137946739,0,0.0,-0.0,9.309898089801164,0,0.0,-0.0,3.0169992929629688,0,0.0,-0.0,2.6684543394188047,0,0.0,-0.0,3.155369307385874,0,0.0,-0.0,1.0007010409964314,0,0.0,-0.0,5.087562441424746
2021-12-30,47120.87,0.014122776320756536,False,1.0,0.014122776320756536,10.996497148244545,0,0.0,0.0,1.6251263137946739,0,0.0,0.0,9.309898089801164,0,0.0,0.0,3.0169992929629688,0,0.0,0.0,2.6684543394188047,0,0.0,0.0,3.155369307385874,0,0.0,0.0,1.0007010409964314,0,0.0,0.0,5.087562441424746
2021-12-31,46216.93,-0.01918343188485272,False,1.0,-0.01918343188485272,10.785546594229219,0,0.0,-0.0,1.6251263137946739,0,0.0,-0.0,9.309898089801164,0,0.0,-0.0,3.0169992929629688,0,0.0,-0.0,2.6684543394188047,0,0.0,-0.0,3.155369307385874,0,0.0,-0.0,1.0007010409964314,0,0.0,-0.0,5.087562441424746
2022-01-01,47722.65,0.032579403261964845,False,1.0,0.032579403261964845,11.136933266123323,0,0.0,0.0,1.6251263137946739,0,0.0,0.0,9.309898089801164,0,0.0,0.0,3.0169992929629688,0,0.0,0.0,2.6684543394188047,0,0.0,0.0,3.155369307385874,0,0.0,0.0,1.0007010409964314,0,0.0,0.0,5.087562441424746
2022-01-02,47286.18,-0.009145971566960398,True,1.0,-0.009145971566960398,11.035075191128223,0,0.0,-0.0,1.6251263137946739,0,0.0,-0.0,9.309898089801164,0,0.0,-0.0,3.0169992929629688,0,0.0,-0.0,2.6684543394188047,0,0.0,-0.0,3.155369307385874,0,0.0,-0.0,1.0007010409964314,0,0.0,-0.0,5.087562441424746
2022-01-03,46446.1,-0.01776586732106511,False,1.0,-0.01776586732106511,10.839027509404662,0,0.0,-0.0,1.6251263137946739,0,0.0,-0.0,9.309898089801164,0,0.0,-0.0,3.0169992929629688,0,0.0,-0.0,2.6684543394188047,0,0.0,-0.0,3.155369307385874,0,0.0,-0.0,1.0007010409964314,0,0.0,-0.0,5.087562441424746
2022-01-04,45832.01,-0.013221562197902492,False,1.0,-0.013221562197902492,10.695718633024292,0,0.0,-0.0,1.6251263137946739,0,0.0,-0.0,9.309898089801164,0,0.0,-0.0,3.0169992929629688,0,0.0,-0.0,2.6684543394188047,0,0.0,-0.0,3.155369307385874,0,0.0,-0.0,1.0007010409964314,0,0.0,-0.0,5.087562441424746
2022-01-05,43451.13,-0.0519479726069183,False,1.0,-0.0519479726069183,10.140097734464641,0,0.0,-0.0,1.6251263137946739,0,0.0,-0.0,9.309898089801164,0,0.0,-0.0,3.0169992929629688,0,0.0,-0.0,2.6684543394188047,0,0.0,-0.0,3.155369307385874,0,0.0,-0.0,1.0007010409964314,0,0.0,-0.0,5.087562441424746
2022-01-06,43082.31,-0.008488156694659077,False,1.0,-0.008488156694659077,10.054026995995347,0,0.0,-0.0,1.6251263137946739,0,0.0,-0.0,9.309898089801164,0,0.0,-0.0,3.0169992929629688,0,0.0,-0.0,2.6684543394188047,0,0.0,-0.0,3.155369307385874,0,0.0,-0.0,1.0007010409964314,0,0.0,-0.0,5.087562441424746
2022-01-07,41566.48,-0.0351845107655554,False,1.0,-0.0351845107655554,9.700280974917565,0,0.0,-0.0,1.6251263137946739,0,0.0,-0.0,9.309898089801164,0,0.0,-0.0,3.0169992929629688,0,0.0,-0.0,2.6684543394188047,0,0.0,-0.0,3.155369307385874,0,0.0,-0.0,1.0007010409964314,0,0.0,-0.0,5.087562441424746
2022-01-08,41679.74,0.002724791707163998,False,1.0,0.002724791707163998,9.72671222007518,0,0.0,0.0,1.6251263137946739,0,0.0,0.0,9.309898089801164,0,0.0,0.0,3.0169992929629688,0,0.0,0.0,2.6684543394188047,0,0.0,0.0,3.155369307385874,0,0.0,0.0,1.0007010409964314,0,0.0,0.0,5.087562441424746
2022-01-09,41864.62,0.004435728245905768,False,1.0,0.004435728245905768,9.769857272209565,0,0.0,0.0,1.6251263137946739,0,0.0,0.0,9.309898089801164,0,0.0,0.0,3.0169992929629688,0,0.0,0.0,2.6684543394188047,0,0.0,0.0,3.155369307385874,0,0.0,0.0,1.0007010409964314,0,0.0,0.0,5.087562441424746
2022-01-10,41822.49,-0.0010063390041520348,False,1.0,-0.0010063390041520348,9.760025483771543,0,0.0,-0.0,1.6251263137946739,0,0.0,-0.0,9.309898089801164,0,0.0,-0.0,3.0169992929629688,0,0.0,-0.0,2.6684543394188047,0,0.0,-0.0,3.155369307385874,0,0.0,-0.0,1.0007010409964314,0,0.0,-0.0,5.087562441424746
2022-01-11,42729.29,0.021682114096984728,False,1.0,0.021682114096984728,9.971643469900156,0,0.0,0.0,1.6251263137946739,0,0.0,0.0,9.309898089801164,0,0.0,0.0,3.0169992929629688,0,0.0,0.0,2.6684543394188047,0,0.0,0.0,3.155369307385874,0,0.0,0.0,1.0007010409964314,0,0.0,0.0,5.087562441424746
2022-01-12,43902.66,0.027460554575093665,False,1.0,0.027460554575093665,10.245470329608725,0,0.0,0.0,1.6251263137946739,0,0.0,0.0,9.309898089801164,0,0.0,0.0,3.0169992929629688,0,0.0,0.0,2.6684543394188047,0,0.0,0.0,3.155369307385874,0,0.0,0.0,1.0007010409964314,0,0.0,0.0,5.087562441424746
2022-01-13,42560.11,-0.03058015163545902,False,1.0,-0.03058015163545902,9.932162293352695,0,0.0,-0.0,1.6251263137946739,0,0.0,-0.0,9.309898089801164,0,0.0,-0.0,3.0169992929629688,0,0.0,-0.0,2.6684543394188047,0,0.0,-0.0,3.155369307385874,0,0.0,-0.0,1.0007010409964314,0,0.0,-0.0,5.087562441424746
2022-01-14,43059.96,0.011744565509816507,False,1.0,0.011744565509816507,10.048811224061104,0,0.0,0.0,1.6251263137946739,0,0.0,0.0,9.309898089801164,0,0.0,0.0,3.0169992929629688,0,0.0,0.0,2.6684543394188047,0,0.0,0.0,3.155369307385874,0,0.0,0.0,1.0007010409964314,0,0.0,0.0,5.087562441424746
2022-01-15,43084.29,0.0005650260706233645,False,1.0,0.0005650260706233645,10.054489064381471,0,0.0,0.0,1.6251263137946739,0,0.0,0.0,9.309898089801164,0,0.0,0.0,3.0169992929629688,0,0.0,0.0,2.6684543394188047,0,0.0,0.0,3.155369307385874,0,0.0,0.0,1.0007010409964314,0,0.0,0.0,5.087562441424746
2022-01-16,43071.66,-0.0002931462953200681,False,1.0,-0.0002931462953200681,10.051541628160912,0,0.0,-0.0,1.6251263137946739,0,0.0,-0.0,9.309898089801164,0,0.0,-0.0,3.0169992929629688,0,0.0,-0.0,2.6684543394188047,0,0.0,-0.0,3.155369307385874,0,0.0,-0.0,1.0007010409964314,0,0.0,-0.0,5.087562441424746
2022-01-17,42201.62,-0.020199825128634497,False,1.0,-0.020199825128634497,9.84850224499887,0,0.0,-0.0,1.6251263137946739,0,0.0,-0.0,9.309898089801164,0,0.0,-0.0,3.0169992929629688,0,0.0,-0.0,2.6684543394188047,0,0.0,-0.0,3.155369307385874,0,0.0,-0.0,1.0007010409964314,0,0.0,-0.0,5.087562441424746
2022-01-18,42352.12,0.003566213808853691,False,1.0,0.003566213808853691,9.883624109701513,0,0.0,0.0,1.6251263137946739,0,0.0,0.0,9.309898089801164,0,0.0,0.0,3.0169992929629688,0,0.0,0.0,2.6684543394188047,0,0.0,0.0,3.155369307385874,0,0.0,0.0,1.0007010409964314,0,0.0,0.0,5.087562441424746
2022-01-19,41660.01,-0.01634180296051302,False,1.0,-0.01634180296051302,9.722107871964996,0,0.0,-0.0,1.6251263137946739,0,0.0,-0.0,9.309898089801164,0,0.0,-0.0,3.0169992929629688,0,0.0,-0.0,2.6684543394188047,0,0.0,-0.0,3.155369307385874,0,0.0,-0.0,1.0007010409964314,0,0.0,-0.0,5.087562441424746
2022-01-20,40680.91,-0.023502154704235556,False,1.0,-0.023502154704235556,9.493617388706808,0,0.0,-0.0,1.6251263137946739,0,0.0,-0.0,9.309898089801164,0,0.0,-0.0,3.0169992929629688,0,0.0,-0.0,2.6684543394188047,0,0.0,-0.0,3.155369307385874,0,0.0,-0.0,1.0007010409964314,0,0.0,-0.0,5.087562441424746
2022-01-21,36445.31,-0.10411763158690412,False,1.0,-0.10411763158690412,8.505164431002406,0,0.0,-0.0,1.6251263137946739,0,0.0,-0.0,9.309898089801164,0,0.0,-0.0,3.0169992929629688,0,0.0,-0.0,2.6684543394188047,0,0.0,-0.0,3.155369307385874,0,0.0,-0.0,1.0007010409964314,0,0.0,-0.0,5.087562441424746
2022-01-22,35071.42,-0.03769730590849685,False,1.0,-0.03769730590849685,8.184542645644841,0,0.0,-0.0,1.6251263137946739,0,0.0,-0.0,9.309898089801164,0,0.0,-0.0,3.0169992929629688,0,0.0,-0.0,2.6684543394188047,0,0.0,-0.0,3.155369307385874,0,0.0,-0.0,1.0007010409964314,0,0.0,-0.0,5.087562441424746
2022-01-23,36244.55,0.033449743409305954,False,1.0,0.033449743409305954,8.458313497064184,0,0.0,0.0,1.6251263137946739,0,0.0,0.0,9.309898089801164,0,0.0,0.0,3.0169992929629688,0,0.0,0.0,2.6684543394188047,0,0.0,0.0,3.155369307385874,0,0.0,0.0,1.0007010409964314,0,0.0,0.0,5.087562441424746
2022-01-24,36660.35,0.011472069593911227,False,1.0,0.011472069593911227,8.555347858149624,0,0.0,0.0,1.6251263137946739,0,0.0,0.0,9.309898089801164,0,0.0,0.0,3.0169992929629688,0,0.0,0.0,2.6684543394188047,0,0.0,0.0,3.155369307385874,0,0.0,0.0,1.0007010409964314,0,0.0,0.0,5.087562441424746
2022-01-25,36958.32,0.008127854753159802,False,1.0,0.008127854753159802,8.62488448290342,0,0.0,0.0,1.6251263137946739,0,0.0,0.0,9.309898089801164,0,0.0,0.0,3.0169992929629688,0,0.0,0.0,2.6684543394188047,0,0.0,0.0,3.155369307385874,0,0.0,0.0,1.0007010409964314,0,0.0,0.0,5.087562441424746
2022-01-26,36809.34,-0.004031027384361674,False,1.0,-0.004031027384361674,8.59011733736588,0,0.0,-0.0,1.6251263137946739,0,0.0,-0.0,9.309898089801164,0,0.0,-0.0,3.0169992929629688,0,0.0,-0.0,2.6684543394188047,0,0.0,-0.0,3.155369307385874,0,0.0,-0.0,1.0007010409964314,0,0.0,-0.0,5.087562441424746
2022-01-27,37160.1,0.009529103211304513,False,1.0,0.009529103211304513,8.671973452070857,0,0.0,0.0,1.6251263137946739,0,0.0,0.0,9.309898089801164,0,0.0,0.0,3.0169992929629688,0,0.0,0.0,2.6684543394188047,0,0.0,0.0,3.155369307385874,0,0.0,0.0,1.0007010409964314,0,0.0,0.0,5.087562441424746
2022-01-28,37716.56,0.01497466368497391,False,1.0,0.01497466368497391,8.80183333800064,0,0.0,0.0,1.6251263137946739,0,0.0,0.0,9.309898089801164,0,0.0,0.0,3.0169992929629688,0,0.0,0.0,2.6684543394188047,0,0.0,0.0,3.155369307385874,0,0.0,0.0,1.0007010409964314,0,0.0,0.0,5.087562441424746
2022-01-29,38166.84,0.011938522495158699,False,1.0,0.011938522495158699,8.906914223304998,0,0.0,0.0,1.6251263137946739,0,0.0,0.0,9.309898089801164,0,0.0,0.0,3.0169992929629688,0,0.0,0.0,2.6684543394188047,0,0.0,0.0,3.155369307385874,0,0.0,0.0,1.0007010409964314,0,0.0,0.0,5.087562441424746
2022-01-30,37881.76,-0.0074693110564038045,False,1.0,-0.0074693110564038045,8.840385710418426,0,0.0,-0.0,1.6251263137946739,0,0.0,-0.0,9.309898089801164,0,0.0,-0.0,3.0169992929629688,0,0.0,-0.0,2.6684543394188047,0,0.0,-0.0,3.155369307385874,0,0.0,-0.0,1.0007010409964314,0,0.0,-0.0,5.087562441424746
2022-01-31,38466.9,0.015446484007078931,False,1.0,0.015446484007078931,8.976938586910814,0,0.0,0.0,1.6251263137946739,0,0.0,0.0,9.309898089801164,0,0.0,0.0,3.0169992929629688,0,0.0,0.0,2.6684543394188047,0,0.0,0.0,3.155369307385874,0,0.0,0.0,1.0007010409964314,0,0.0,0.0,5.087562441424746
2022-02-01,38694.59,0.005919114875386322,False,1.0,0.005919114875386322,9.030074117636028,0,0.0,0.0,1.6251263137946739,0,0.0,0.0,9.309898089801164,0,0.0,0.0,3.0169992929629688,0,0.0,0.0,2.6684543394188047,0,0.0,0.0,3.155369307385874,0,0.0,0.0,1.0007010409964314,0,0.0,0.0,5.087562441424746
2022-02-02,36896.36,-0.046472388000493026,False,1.0,-0.046472388000493026,8.610425009568036,0,0.0,-0.0,1.6251263137946739,0,0.0,-0.0,9.309898089801164,0,0.0,-0.0,3.0169992929629688,0,0.0,-0.0,2.6684543394188047,0,0.0,-0.0,3.155369307385874,0,0.0,-0.0,1.0007010409964314,0,0.0,-0.0,5.087562441424746
2022-02-03,37311.61,0.011254497733651725,False,1.0,0.011254497733651725,8.707331018323998,0,0.0,0.0,1.6251263137946739,0,0.0,0.0,9.309898089801164,0,0.0,0.0,3.0169992929629688,0,0.0,0.0,2.6684543394188047,0,0.0,0.0,3.155369307385874,0,0.0,0.0,1.0007010409964314,0,0.0,0.0,5.087562441424746
2022-02-04,41574.25,0.11424433306415893,False,1.0,0.11424433306415893,9.702094243281287,0,0.0,0.0,1.6251263137946739,0,0.0,0.0,9.309898089801164,0,0.0,0.0,3.0169992929629688,0,0.0,0.0,2.6684543394188047,0,0.0,0.0,3.155369307385874,0,0.0,0.0,1.0007010409964314,0,0.0,0.0,5.087562441424746
2022-02-05,41382.59,-0.004610065124446061,False,1.0,-0.004610065124446061,9.657366956976247,0,0.0,-0.0,1.6251263137946739,0,0.0,-0.0,9.309898089801164,0,0.0,-0.0,3.0169992929629688,0,0.0,-0.0,2.6684543394188047,0,0.0,-0.0,3.155369307385874,0,0.0,-0.0,1.0007010409964314,0,0.0,-0.0,5.087562441424746
2022-02-06,42380.87,0.02412318803632174,True,1.0,0.02412318803632174,9.890333436015146,0,0.0,0.0,1.6251263137946739,0,0.0,0.0,9.309898089801164,0,0.0,0.0,3.0169992929629688,0,0.0,0.0,2.6684543394188047,0,0.0,0.0,3.155369307385874,0,0.0,0.0,1.0007010409964314,0,0.0,0.0,5.087562441424746
2022-02-07,43839.99,0.03442874108058658,True,1.0,0.03442874108058658,10.230845165084379,0,0.0,0.0,1.6251263137946739,0,0.0,0.0,9.309898089801164,0,0.0,0.0,3.0169992929629688,0,0.0,0.0,2.6684543394188047,0,0.0,0.0,3.155369307385874,0,0.0,0.0,1.0007010409964314,0,0.0,0.0,5.087562441424746
2022-02-08,44042.99,0.004630475508776266,True,1.0,0.004630475508776266,10.278218843055384,0,0.0,0.0,1.6251263137946739,0,0.0,0.0,9.309898089801164,0,0.0,0.0,3.0169992929629688,0,0.0,0.0,2.6684543394188047,0,0.0,0.0,3.155369307385874,0,0.0,0.0,1.0007010409964314,0,0.0,0.0,5.087562441424746
2022-02-09,44372.72,0.007486548937753801,True,1.0,0.007486548937753801,10.355167231416862,0,0.0,0.0,1.6251263137946739,0,0.0,0.0,9.309898089801164,0,0.0,0.0,3.0169992929629688,0,0.0,0.0,2.6684543394188047,0,0.0,0.0,3.155369307385874,0,0.0,0.0,1.0007010409964314,0,0.0,0.0,5.087562441424746
2022-02-10,43495.44,-0.01977070596528674,True,1.0,-0.01977070596528674,10.150438264863148,0,0.0,-0.0,1.6251263137946739,0,0.0,-0.0,9.309898089801164,0,0.0,-0.0,3.0169992929629688,0,0.0,-0.0,2.6684543394188047,0,0.0,-0.0,3.155369307385874,0,0.0,-0.0,1.0007010409964314,0,0.0,-0.0,5.087562441424746
2022-02-11,42373.73,-0.025789140194926174,True,1.0,-0.025789140194926174,9.888667189410649,0,0.0,-0.0,1.6251263137946739,0,0.0,-0.0,9.309898089801164,0,0.0,-0.0,3.0169992929629688,0,0.0,-0.0,2.6684543394188047,0,0.0,-0.0,3.155369307385874,0,0.0,-0.0,1.0007010409964314,0,0.0,-0.0,5.087562441424746
2022-02-12,42217.87,-0.003678222332563097,True,1.0,-0.003678222332563097,9.852294472915275,0,0.0,-0.0,1.6251263137946739,0,0.0,-0.0,9.309898089801164,0,0.0,-0.0,3.0169992929629688,0,0.0,-0.0,2.6684543394188047,0,0.0,-0.0,3.155369307385874,0,0.0,-0.0,1.0007010409964314,0,0.0,-0.0,5.087562441424746
2022-02-13,42053.66,-0.0038895851448687013,True,1.0,-0.0038895851448687013,9.813973134690553,0,0.0,-0.0,1.6251263137946739,0,0.0,-0.0,9.309898089801164,0,0.0,-0.0,3.0169992929629688,0,0.0,-0.0,2.6684543394188047,0,0.0,-0.0,3.155369307385874,0,0.0,-0.0,1.0007010409964314,0,0.0,-0.0,5.087562441424746
2022-02-14,42535.94,0.01146820514552127,True,1.0,0.01146820514552127,9.926521791891819,0,0.0,0.0,1.6251263137946739,0,0.0,0.0,9.309898089801164,0,0.0,0.0,3.0169992929629688,0,0.0,0.0,2.6684543394188047,0,0.0,0.0,3.155369307385874,0,0.0,0.0,1.0007010409964314,0,0.0,0.0,5.087562441424746
2022-02-15,44544.86,0.04722876701443535,True,1.0,0.04722876701443535,10.395339176864793,0,0.0,0.0,1.6251263137946739,0,0.0,0.0,9.309898089801164,0,0.0,0.0,3.0169992929629688,0,0.0,0.0,2.6684543394188047,0,0.0,0.0,3.155369307385874,0,0.0,0.0,1.0007010409964314,0,0.0,0.0,5.087562441424746
2022-02-16,43873.56,-0.015070201141052064,True,1.0,-0.015070201141052064,10.238679324539982,0,0.0,-0.0,1.6251263137946739,0,0.0,-0.0,9.309898089801164,0,0.0,-0.0,3.0169992929629688,0,0.0,-0.0,2.6684543394188047,0,0.0,-0.0,3.155369307385874,0,0.0,-0.0,1.0007010409964314,0,0.0,-0.0,5.087562441424746
2022-02-17,40515.7,-0.07653493356819008,True,1.0,-0.07653493356819008,9.455062682610313,0,0.0,-0.0,1.6251263137946739,0,0.0,-0.0,9.309898089801164,0,0.0,-0.0,3.0169992929629688,0,0.0,-0.0,2.6684543394188047,0,0.0,-0.0,3.155369307385874,0,0.0,-0.0,1.0007010409964314,0,0.0,-0.0,5.087562441424746
2022-02-18,39974.44,-0.013359265667383102,True,1.0,-0.013359265667383102,9.328749988331563,0,0.0,-0.0,1.6251263137946739,0,0.0,-0.0,9.309898089801164,0,0.0,-0.0,3.0169992929629688,0,0.0,-0.0,2.6684543394188047,0,0.0,-0.0,3.155369307385874,0,0.0,-0.0,1.0007010409964314,0,0.0,-0.0,5.087562441424746
2022-02-19,40079.17,0.0026199241315199018,True,1.0,0.0026199241315199018,9.353190605542908,0,0.0,0.0,1.6251263137946739,0,0.0,0.0,9.309898089801164,0,0.0,0.0,3.0169992929629688,0,0.0,0.0,2.6684543394188047,0,0.0,0.0,3.155369307385874,0,0.0,0.0,1.0007010409964314,0,0.0,0.0,5.087562441424746
2022-02-20,38386.89,-0.042223429277602254,False,1.0,-0.042223429277602254,8.958266823489833,0,0.0,-0.0,1.6251263137946739,0,0.0,-0.0,9.309898089801164,0,0.0,-0.0,3.0169992929629688,0,0.0,-0.0,2.6684543394188047,0,0.0,-0.0,3.155369307385874,0,0.0,-0.0,1.0007010409964314,0,0.0,-0.0,5.087562441424746
2022-02-21,37008.16,-0.035916689265527824,False,1.0,-0.035916689265527824,8.636515537632862,0,0.0,-0.0,1.6251263137946739,0,0.0,-0.0,9.309898089801164,0,0.0,-0.0,3.0169992929629688,0,0.0,-0.0,2.6684543394188047,0,0.0,-0.0,3.155369307385874,0,0.0,-0.0,1.0007010409964314,0,0.0,-0.0,5.087562441424746
2022-02-22,38230.33,0.03302433841617636,True,1.0,0.03302433841617636,8.921730749484215,0,0.0,0.0,1.6251263137946739,0,0.0,0.0,9.309898089801164,0,0.0,0.0,3.0169992929629688,0,0.0,0.0,2.6684543394188047,0,0.0,0.0,3.155369307385874,0,0.0,0.0,1.0007010409964314,0,0.0,0.0,5.087562441424746
2022-02-23,37250.01,-0.025642467642837508,False,1.0,-0.025642467642837508,8.692955557422458,0,0.0,-0.0,1.6251263137946739,0,0.0,-0.0,9.309898089801164,0,0.0,-0.0,3.0169992929629688,0,0.0,-0.0,2.6684543394188047,0,0.0,-0.0,3.155369307385874,0,0.0,-0.0,1.0007010409964314,0,0.0,-0.0,5.087562441424746
2022-02-24,38327.21,0.02891811304211722,False,1.0,0.02891811304211722,8.944339428902103,0,0.0,0.0,1.6251263137946739,0,0.0,0.0,9.309898089801164,0,0.0,0.0,3.0169992929629688,0,0.0,0.0,2.6684543394188047,0,0.0,0.0,3.155369307385874,0,0.0,0.0,1.0007010409964314,0,0.0,0.0,5.087562441424746
2022-02-25,39219.17,0.02327223922638777,False,1.0,0.02327223922638777,9.152494235813524,0,0.0,0.0,1.6251263137946739,0,0.0,0.0,9.309898089801164,0,0.0,0.0,3.0169992929629688,0,0.0,0.0,2.6684543394188047,0,0.0,0.0,3.155369307385874,0,0.0,0.0,1.0007010409964314,0,0.0,0.0,5.087562441424746
2022-02-26,39116.72,-0.0026122429413982795,False,1.0,-0.0026122429413982795,9.128585697349832,0,0.0,-0.0,1.6251263137946739,0,0.0,-0.0,9.309898089801164,0,0.0,-0.0,3.0169992929629688,0,0.0,-0.0,2.6684543394188047,0,0.0,-0.0,3.155369307385874,0,0.0,-0.0,1.0007010409964314,0,0.0,-0.0,5.087562441424746
2022-02-27,37699.07,-0.03624153558887355,False,1.0,-0.03624153558887355,8.797751733923246,0,0.0,-0.0,1.6251263137946739,0,0.0,-0.0,9.309898089801164,0,0.0,-0.0,3.0169992929629688,0,0.0,-0.0,2.6684543394188047,0,0.0,-0.0,3.155369307385874,0,0.0,-0.0,1.0007010409964314,0,0.0,-0.0,5.087562441424746
2022-02-28,43160.0,0.14485582800848928,False,1.0,0.14485582800848928,10.07215734595382,0,0.0,0.0,1.6251263137946739,0,0.0,0.0,9.309898089801164,0,0.0,0.0,3.0169992929629688,0,0.0,0.0,2.6684543394188047,0,0.0,0.0,3.155369307385874,0,0.0,0.0,1.0007010409964314,0,0.0,0.0,5.087562441424746
2022-03-01,44421.2,0.029221501390175986,True,1.0,0.029221501390175986,10.36648090584068,0,0.0,0.0,1.6251263137946739,1,0.0,0.0,9.309898089801164,0,0.0,0.0,3.0169992929629688,0,0.0,0.0,2.6684543394188047,0,0.0,0.0,3.155369307385874,0,0.0,0.0,1.0007010409964314,0,0.0,0.0,5.087562441424746
2022-03-02,43892.98,-0.011891169081429398,True,1.0,-0.011891169081429398,10.243211328609918,0,0.0,-0.0,1.6251263137946739,0,1.0,-0.012891169081429399,9.18988261939466,0,0.0,-0.0,3.0169992929629688,0,0.0,-0.0,2.6684543394188047,0,0.0,-0.0,3.155369307385874,0,0.0,-0.0,1.0007010409964314,0,0.0,-0.0,5.087562441424746
2022-03-03,42454.0,-0.032783830124999525,True,1.0,-0.032783830124999525,9.9073996284783,0,0.0,-0.0,1.6251263137946739,0,1.0,-0.032783830124999525,8.88860306873174,0,0.0,-0.0,3.0169992929629688,0,0.0,-0.0,2.6684543394188047,0,0.0,-0.0,3.155369307385874,0,0.0,-0.0,1.0007010409964314,0,0.0,-0.0,5.087562441424746
2022-03-04,39148.66,-0.07785697460781071,False,1.0,-0.07785697460781071,9.136039467174433,0,0.0,-0.0,1.6251263137946739,0,1.0,-0.07785697460781071,8.196563325310585,0,0.0,-0.0,3.0169992929629688,0,0.0,-0.0,2.6684543394188047,0,0.0,-0.0,3.155369307385874,0,0.0,-0.0,1.0007010409964314,0,0.0,-0.0,5.087562441424746
2022-03-05,39397.96,0.006368034052761873,False,1.0,0.006368034052761873,9.194218077608776,0,0.0,0.0,1.6251263137946739,0,1.0,0.006368034052761873,8.248759319681781,0,0.0,0.0,3.0169992929629688,0,0.0,0.0,2.6684543394188047,0,0.0,0.0,3.155369307385874,0,0.0,0.0,1.0007010409964314,0,0.0,0.0,5.087562441424746
2022-03-06,38420.81,-0.024802045588147248,False,1.0,-0.024802045588147248,8.966182661700556,0,0.0,-0.0,1.6251263137946739,0,1.0,-0.024802045588147248,8.04417321498938,0,0.0,-0.0,3.0169992929629688,0,0.0,-0.0,2.6684543394188047,0,0.0,-0.0,3.155369307385874,0,0.0,-0.0,1.0007010409964314,0,0.0,-0.0,5.087562441424746
2022-03-07,37988.0,-0.011264988947395915,False,1.0,-0.011264988947395915,8.865178713116165,0,0.0,-0.0,1.6251263137946739,0,1.0,-0.011264988947395915,7.9535556926315865,0,0.0,-0.0,3.0169992929629688,0,0.0,-0.0,2.6684543394188047,0,0.0,-0.0,3.155369307385874,0,0.0,-0.0,1.0007010409964314,0,0.0,-0.0,5.087562441424746
2022-03-08,38730.63,0.019549068126776703,False,1.0,0.019549068126776703,9.038484695734924,0,0.0,0.0,1.6251263137946739,0,1.0,0.019549068126776703,8.109040294716953,0,0.0,0.0,3.0169992929629688,0,0.0,0.0,2.6684543394188047,0,0.0,0.0,3.155369307385874,0,0.0,0.0,1.0007010409964314,0,0.0,0.0,5.087562441424746
2022-03-09,41941.71,0.08290802395933139,True,1.0,0.08290802395933139,9.787847601444966,0,0.0,0.0,1.6251263137946739,0,1.0,0.08290802395933139,8.78134480175853,0,0.0,0.0,3.0169992929629688,0,0.0,0.0,2.6684543394188047,0,0.0,0.0,3.155369307385874,0,0.0,0.0,1.0007010409964314,0,0.0,0.0,5.087562441424746
2022-03-10,39422.0,-0.0600764727999884,False,1.0,-0.0600764727999884,9.199828241246326,0,0.0,-0.0,1.6251263137946739,0,1.0,-0.0600764727999884,8.253792579628364,0,0.0,-0.0,3.0169992929629688,0,0.0,-0.0,2.6684543394188047,0,0.0,-0.0,3.155369307385874,0,0.0,-0.0,1.0007010409964314,0,0.0,-0.0,5.087562441424746
2022-03-11,38729.57,-0.01756455786109279,False,1.0,-0.01756455786109279,9.03823732579084,0,0.0,-0.0,1.6251263137946739,0,1.0,-0.01756455786109279,8.108818362290023,0,0.0,-0.0,3.0169992929629688,0,0.0,-0.0,2.6684543394188047,0,0.0,-0.0,3.155369307385874,0,0.0,-0.0,1.0007010409964314,0,0.0,-0.0,5.087562441424746
2022-03-12,38807.36,0.0020085428265792515,True,1.0,0.0020085428265792515,9.056391012536478,0,0.0,0.0,1.6251263137946739,0,1.0,0.0020085428265792515,8.125105271243635,0,0.0,0.0,3.0169992929629688,0,0.0,0.0,2.6684543394188047,0,0.0,0.0,3.155369307385874,0,0.0,0.0,1.0007010409964314,0,0.0,0.0,5.087562441424746
2022-03-13,37777.34,-0.026541872469552308,True,1.0,-0.026541872469552308,8.816017437247336,0,0.0,-0.0,1.6251263137946739,0,1.0,-0.026541872469552308,7.909449763332599,0,0.0,-0.0,3.0169992929629688,0,0.0,-0.0,2.6684543394188047,0,0.0,-0.0,3.155369307385874,0,0.0,-0.0,1.0007010409964314,0,0.0,-0.0,5.087562441424746
2022-03-14,39671.37,0.05013666923081428,True,1.0,0.05013666923081428,9.258023187431696,0,0.0,0.0,1.6251263137946739,0,1.0,0.05013666923081428,8.306003229914548,0,0.0,0.0,3.0169992929629688,0,0.0,0.0,2.6684543394188047,0,0.0,0.0,3.155369307385874,0,0.0,0.0,1.0007010409964314,0,0.0,0.0,5.087562441424746
2022-03-15,39280.33,-0.00985698250400735,True,1.0,-0.00985698250400735,9.166767014851487,0,0.0,-0.0,1.6251263137946739,0,1.0,-0.00985698250400735,8.224131101399053,0,0.0,-0.0,3.0169992929629688,0,0.0,-0.0,2.6684543394188047,0,0.0,-0.0,3.155369307385874,0,0.0,-0.0,1.0007010409964314,0,0.0,-0.0,5.087562441424746
2022-03-16,41114.0,0.04668163429380545,True,1.0,0.04668163429380545,9.594686680295304,0,0.0,0.0,1.6251263137946739,0,1.0,0.04668163429380545,8.608046981858875,0,0.0,0.0,3.0169992929629688,0,0.0,0.0,2.6684543394188047,0,0.0,0.0,3.155369307385874,0,0.0,0.0,1.0007010409964314,0,0.0,0.0,5.087562441424746
2022-03-17,40917.9,-0.004769664834362919,True,1.0,-0.004769664834362919,9.548923240639569,0,0.0,-0.0,1.6251263137946739,0,1.0,-0.004769664834362919,8.56698948287696,0,0.0,-0.0,3.0169992929629688,0,0.0,-0.0,2.6684543394188047,0,0.0,-0.0,3.155369307385874,0,0.0,-0.0,1.0007010409964314,0,0.0,-0.0,5.087562441424746
2022-03-18,41757.51,0.020519381493185218,True,1.0,0.020519381493185218,9.744861239463395,0,0.0,0.0,1.6251263137946739,0,1.0,0.020519381493185218,8.742778808324218,0,0.0,0.0,3.0169992929629688,0,0.0,0.0,2.6684543394188047,0,0.0,0.0,3.155369307385874,0,0.0,0.0,1.0007010409964314,0,0.0,0.0,5.087562441424746
2022-03-19,42201.13,0.010623717745622097,True,1.0,0.010623717745622097,9.848387894741707,0,0.0,0.0,1.6251263137946739,0,1.0,0.010623717745622097,8.83565962269626,0,0.0,0.0,3.0169992929629688,0,0.0,0.0,2.6684543394188047,0,0.0,0.0,3.155369307385874,0,0.0,0.0,1.0007010409964314,0,0.0,0.0,5.087562441424746
2022-03-20,41262.11,-0.022251062945470856,False,1.0,-0.022251062945470856,9.629250795784396,0,0.0,-0.0,1.6251263137946739,0,1.0,-0.022251062945470856,8.639056804266891,0,0.0,-0.0,3.0169992929629688,0,0.0,-0.0,2.6684543394188047,0,0.0,-0.0,3.155369307385874,0,0.0,-0.0,1.0007010409964314,0,0.0,-0.0,5.087562441424746
2022-03-21,41002.25,-0.006297787485904149,False,1.0,-0.006297787485904149,9.568607820624072,0,0.0,-0.0,1.6251263137946739,0,1.0,-0.006297787485904149,8.584649860434965,0,0.0,-0.0,3.0169992929629688,0,0.0,-0.0,2.6684543394188047,0,0.0,-0.0,3.155369307385874,0,0.0,-0.0,1.0007010409964314,0,0.0,-0.0,5.087562441424746
2022-03-22,42364.13,0.03321476260449119,False,1.0,0.03321476260449119,9.886426857841577,0,0.0,0.0,1.6251263137946739,0,0.0,-0.001,8.57606521057453,0,0.0,0.0,3.0169992929629688,0,0.0,0.0,2.6684543394188047,0,0.0,0.0,3.155369307385874,0,0.0,0.0,1.0007010409964314,0,0.0,0.0,5.087562441424746
2022-03-23,42882.76,0.012242196405308103,True,1.0,0.012242196405308103,10.007458437181986,0,0.0,0.0,1.6251263137946739,0,0.0,0.0,8.57606521057453,0,0.0,0.0,3.0169992929629688,0,0.0,0.0,2.6684543394188047,0,0.0,0.0,3.155369307385874,0,0.0,0.0,1.0007010409964314,0,0.0,0.0,5.087562441424746
2022-03-24,43991.46,0.025854212741903693,True,1.0,0.025854212741903693,10.266193396622649,0,0.0,0.0,1.6251263137946739,0,0.0,0.0,8.57606521057453,0,0.0,0.0,3.0169992929629688,0,0.0,0.0,2.6684543394188047,0,0.0,0.0,3.155369307385874,0,0.0,0.0,1.0007010409964314,0,0.0,0.0,5.087562441424746
2022-03-25,44313.16,0.007312782981060417,True,1.0,0.007312782981060417,10.341267840973746,0,0.0,0.0,1.6251263137946739,0,0.0,0.0,8.57606521057453,0,0.0,0.0,3.0169992929629688,0,0.0,0.0,2.6684543394188047,0,0.0,0.0,3.155369307385874,0,0.0,0.0,1.0007010409964314,0,0.0,0.0,5.087562441424746
2022-03-26,44511.27,0.004470680944441696,True,1.0,0.004470680944441696,10.387500350051756,0,0.0,0.0,1.6251263137946739,0,0.0,0.0,8.57606521057453,0,0.0,0.0,3.0169992929629688,0,0.0,0.0,2.6684543394188047,0,0.0,0.0,3.155369307385874,0,0.0,0.0,1.0007010409964314,0,0.0,0.0,5.087562441424746
2022-03-27,46827.76,0.05204277478490282,True,1.0,0.05204277478490282,10.9280946913476,0,0.0,0.0,1.6251263137946739,0,0.0,0.0,8.57606521057453,0,0.0,0.0,3.0169992929629688,0,0.0,0.0,2.6684543394188047,0,0.0,0.0,3.155369307385874,0,0.0,0.0,1.0007010409964314,0,0.0,0.0,5.087562441424746
2022-03-28,47122.21,0.00628793689896745,True,1.0,0.00628793689896745,10.996809861192734,0,0.0,0.0,1.6251263137946739,0,0.0,0.0,8.57606521057453,0,0.0,0.0,3.0169992929629688,0,0.0,0.0,2.6684543394188047,0,0.0,0.0,3.155369307385874,0,0.0,0.0,1.0007010409964314,0,0.0,0.0,5.087562441424746
2022-03-29,47434.8,0.006633602286480356,True,1.0,0.006633602286480356,11.069758324231932,0,0.0,0.0,1.6251263137946739,0,0.0,0.0,8.57606521057453,0,0.0,0.0,3.0169992929629688,0,0.0,0.0,2.6684543394188047,0,0.0,0.0,3.155369307385874,0,0.0,0.0,1.0007010409964314,0,0.0,0.0,5.087562441424746
2022-03-30,47067.99,-0.007732930253737891,True,1.0,-0.007732930253737891,10.984156655184913,0,0.0,-0.0,1.6251263137946739,0,0.0,-0.0,8.57606521057453,0,0.0,-0.0,3.0169992929629688,0,0.0,-0.0,2.6684543394188047,0,0.0,-0.0,3.155369307385874,0,0.0,-0.0,1.0007010409964314,0,0.0,-0.0,5.087562441424746
2022-03-31,45510.34,-0.033093616277219406,True,1.0,-0.033093616277219406,10.620651189709358,0,0.0,-0.0,1.6251263137946739,0,0.0,-0.0,8.57606521057453,0,0.0,-0.0,3.0169992929629688,0,0.0,-0.0,2.6684543394188047,0,0.0,-0.0,3.155369307385874,0,0.0,-0.0,1.0007010409964314,0,0.0,-0.0,5.087562441424746
2022-04-01,46283.49,0.016988447021050623,True,1.0,0.016988447021050623,10.801079559774793,0,0.0,0.0,1.6251263137946739,0,0.0,0.0,8.57606521057453,0,0.0,0.0,3.0169992929629688,0,0.0,0.0,2.6684543394188047,0,0.0,0.0,3.155369307385874,0,0.0,0.0,1.0007010409964314,0,0.0,0.0,5.087562441424746
2022-04-02,45811.0,-0.010208607864272912,True,1.0,-0.010208607864272912,10.69081557403824,0,0.0,-0.0,1.6251263137946739,0,0.0,-0.0,8.57606521057453,0,0.0,-0.0,3.0169992929629688,0,0.0,-0.0,2.6684543394188047,0,0.0,-0.0,3.155369307385874,0,0.0,-0.0,1.0007010409964314,0,0.0,-0.0,5.087562441424746
2022-04-03,46407.35,0.013017615856453668,True,1.0,0.013017615856453668,10.829984504373261,0,0.0,0.0,1.6251263137946739,0,0.0,0.0,8.57606521057453,0,0.0,0.0,3.0169992929629688,0,0.0,0.0,2.6684543394188047,0,0.0,0.0,3.155369307385874,0,0.0,0.0,1.0007010409964314,0,0.0,0.0,5.087562441424746
2022-04-04,46580.51,0.003731305493634096,True,1.0,0.003731305493634096,10.8703944850504,0,0.0,0.0,1.6251263137946739,0,0.0,0.0,8.57606521057453,0,0.0,0.0,3.0169992929629688,0,0.0,0.0,2.6684543394188047,0,0.0,0.0,3.155369307385874,0,0.0,0.0,1.0007010409964314,0,0.0,0.0,5.087562441424746
2022-04-05,45497.55,-0.023249208735584892,True,1.0,-0.023249208735584892,10.617666414629314,0,0.0,-0.0,1.6251263137946739,0,0.0,-0.0,8.57606521057453,0,0.0,-0.0,3.0169992929629688,0,0.0,-0.0,2.6684543394188047,0,0.0,-0.0,3.155369307385874,0,0.0,-0.0,1.0007010409964314,0,0.0,-0.0,5.087562441424746
2022-04-06,43170.47,-0.05114736947374088,True,1.0,-0.05114736947374088,10.074600707571339,0,0.0,-0.0,1.6251263137946739,0,0.0,-0.0,8.57606521057453,0,0.0,-0.0,3.0169992929629688,0,0.0,-0.0,2.6684543394188047,0,0.0,-0.0,3.155369307385874,0,0.0,-0.0,1.0007010409964314,0,0.0,-0.0,5.087562441424746
2022-04-07,43444.19,0.006340445216371338,True,1.0,0.006340445216371338,10.138478161434511,0,0.0,0.0,1.6251263137946739,0,0.0,0.0,8.57606521057453,0,0.0,0.0,3.0169992929629688,0,0.0,0.0,2.6684543394188047,0,0.0,0.0,3.155369307385874,0,0.0,0.0,1.0007010409964314,0,0.0,0.0,5.087562441424746
2022-04-08,42252.01,-0.0274416440955626,True,1.0,-0.0274416440955626,9.860261652057792,0,0.0,-0.0,1.6251263137946739,0,0.0,-0.0,8.57606521057453,0,0.0,-0.0,3.0169992929629688,0,0.0,-0.0,2.6684543394188047,0,0.0,-0.0,3.155369307385874,0,0.0,-0.0,1.0007010409964314,0,0.0,-0.0,5.087562441424746
2022-04-09,42753.97,0.011880144873581244,True,1.0,0.011880144873581244,9.977402988975657,0,0.0,0.0,1.6251263137946739,0,0.0,0.0,8.57606521057453,0,0.0,0.0,3.0169992929629688,0,0.0,0.0,2.6684543394188047,0,0.0,0.0,3.155369307385874,0,0.0,0.0,1.0007010409964314,0,0.0,0.0,5.087562441424746
2022-04-10,42158.85,-0.013919643017946681,True,1.0,-0.013919643017946681,9.838521101122922,0,0.0,-0.0,1.6251263137946739,0,0.0,-0.0,8.57606521057453,0,0.0,-0.0,3.0169992929629688,0,0.0,-0.0,2.6684543394188047,0,0.0,-0.0,3.155369307385874,0,0.0,-0.0,1.0007010409964314,0,0.0,-0.0,5.087562441424746
2022-04-11,39530.45,-0.06234515410168928,False,1.0,-0.06234515410168928,9.225136986940692,0,0.0,-0.0,1.6251263137946739,0,0.0,-0.0,8.57606521057453,0,0.0,-0.0,3.0169992929629688,0,0.0,-0.0,2.6684543394188047,0,0.0,-0.0,3.155369307385874,0,0.0,-0.0,1.0007010409964314,0,0.0,-0.0,5.087562441424746
2022-04-12,40074.94,0.01377393882437472,False,1.0,0.01377393882437472,9.35220345944529,0,0.0,0.0,1.6251263137946739,0,0.0,0.0,8.57606521057453,0,0.0,0.0,3.0169992929629688,0,0.0,0.0,2.6684543394188047,0,0.0,0.0,3.155369307385874,0,0.0,0.0,1.0007010409964314,0,0.0,0.0,5.087562441424746
2022-04-13,41147.79,0.026771094354726355,False,1.0,0.026771094354726355,9.602572180682698,0,0.0,0.0,1.6251263137946739,0,0.0,0.0,8.57606521057453,0,0.0,0.0,3.0169992929629688,0,0.0,0.0,2.6684543394188047,0,0.0,0.0,3.155369307385874,0,0.0,0.0,1.0007010409964314,0,0.0,0.0,5.087562441424746
2022-04-14,39942.38,-0.02929464741605814,False,1.0,-0.02929464741605814,9.32126821436235,0,0.0,-0.0,1.6251263137946739,0,0.0,-0.0,8.57606521057453,0,0.0,-0.0,3.0169992929629688,0,0.0,-0.0,2.6684543394188047,0,0.0,-0.0,3.155369307385874,0,0.0,-0.0,1.0007010409964314,0,0.0,-0.0,5.087562441424746
2022-04-15,40551.9,0.015259982004077077,False,1.0,0.015259982004077077,9.463510599568695,0,0.0,0.0,1.6251263137946739,0,0.0,0.0,8.57606521057453,0,0.0,0.0,3.0169992929629688,0,0.0,0.0,2.6684543394188047,0,0.0,0.0,3.155369307385874,0,0.0,0.0,1.0007010409964314,0,0.0,0.0,5.087562441424746
2022-04-16,40378.71,-0.004270823315307148,False,1.0,-0.004270823315307148,9.4230936178554,0,0.0,-0.0,1.6251263137946739,0,0.0,-0.0,8.57606521057453,0,0.0,-0.0,3.0169992929629688,0,0.0,-0.0,2.6684543394188047,0,0.0,-0.0,3.155369307385874,0,0.0,-0.0,1.0007010409964314,0,0.0,-0.0,5.087562441424746
2022-04-17,39678.12,-0.01735047999304573,False,1.0,-0.01735047999304573,9.259598420566203,0,0.0,-0.0,1.6251263137946739,0,0.0,-0.0,8.57606521057453,0,0.0,-0.0,3.0169992929629688,0,0.0,-0.0,2.6684543394188047,0,0.0,-0.0,3.155369307385874,0,0.0,-0.0,1.0007010409964314,0,0.0,-0.0,5.087562441424746
2022-04-18,40801.13,0.028303004275403998,False,1.0,0.028303004275403998,9.521672874252012,0,0.0,0.0,1.6251263137946739,0,0.0,0.0,8.57606521057453,0,0.0,0.0,3.0169992929629688,0,0.0,0.0,2.6684543394188047,0,0.0,0.0,3.155369307385874,0,0.0,0.0,1.0007010409964314,0,0.0,0.0,5.087562441424746
2022-04-19,41493.18,0.016961540035778544,False,1.0,0.016961540035778544,9.683175109916224,0,0.0,0.0,1.6251263137946739,0,0.0,0.0,8.57606521057453,0,0.0,0.0,3.0169992929629688,0,0.0,0.0,2.6684543394188047,0,0.0,0.0,3.155369307385874,0,0.0,0.0,1.0007010409964314,0,0.0,0.0,5.087562441424746
2022-04-20,41358.19,-0.0032533057239767516,False,1.0,-0.0032533057239767516,9.651672780904864,0,0.0,-0.0,1.6251263137946739,0,0.0,-0.0,8.57606521057453,0,0.0,-0.0,3.0169992929629688,0,0.0,-0.0,2.6684543394188047,0,0.0,-0.0,3.155369307385874,0,0.0,-0.0,1.0007010409964314,0,0.0,-0.0,5.087562441424746
2022-04-21,40480.01,-0.021233521099448538,False,1.0,-0.021233521099448538,9.446733783266547,0,0.0,-0.0,1.6251263137946739,0,0.0,-0.0,8.57606521057453,0,0.0,-0.0,3.0169992929629688,0,0.0,-0.0,2.6684543394188047,0,0.0,-0.0,3.155369307385874,0,0.0,-0.0,1.0007010409964314,0,0.0,-0.0,5.087562441424746
2022-04-22,39709.18,-0.01904223837889374,False,1.0,-0.01904223837889374,9.266846826663636,0,0.0,-0.0,1.6251263137946739,0,0.0,-0.0,8.57606521057453,0,0.0,-0.0,3.0169992929629688,0,0.0,-0.0,2.6684543394188047,0,0.0,-0.0,3.155369307385874,0,0.0,-0.0,1.0007010409964314,0,0.0,-0.0,5.087562441424746
2022-04-23,39441.6,-0.00673849220759537,False,1.0,-0.00673849220759537,9.204402251533184,0,0.0,-0.0,1.6251263137946739,0,0.0,-0.0,8.57606521057453,0,0.0,-0.0,3.0169992929629688,0,0.0,-0.0,2.6684543394188047,0,0.0,-0.0,3.155369307385874,0,0.0,-0.0,1.0007010409964314,0,0.0,-0.0,5.087562441424746
2022-04-24,39450.13,0.00021626911687144812,False,1.0,0.00021626911687144812,9.206392879479452,0,0.0,0.0,1.6251263137946739,0,0.0,0.0,8.57606521057453,0,0.0,0.0,3.0169992929629688,0,0.0,0.0,2.6684543394188047,0,0.0,0.0,3.155369307385874,0,0.0,0.0,1.0007010409964314,0,0.0,0.0,5.087562441424746
2022-04-25,40426.08,0.024738828490552534,False,1.0,0.024738828490552534,9.434148253941538,0,0.0,0.0,1.6251263137946739,0,0.0,0.0,8.57606521057453,0,0.0,0.0,3.0169992929629688,0,0.0,0.0,2.6684543394188047,0,0.0,0.0,3.155369307385874,0,0.0,0.0,1.0007010409964314,0,0.0,0.0,5.087562441424746
2022-04-26,38112.65,-0.057226176765098224,False,1.0,-0.057226176765098224,8.894268018333337,0,0.0,-0.0,1.6251263137946739,0,0.0,-0.0,8.57606521057453,0,0.0,-0.0,3.0169992929629688,0,0.0,-0.0,2.6684543394188047,0,0.0,-0.0,3.155369307385874,0,0.0,-0.0,1.0007010409964314,0,0.0,-0.0,5.087562441424746
2022-04-27,39235.72,0.029467119184837465,False,1.0,0.029467119184837465,9.156356474091453,0,0.0,0.0,1.6251263137946739,0,0.0,0.0,8.57606521057453,0,0.0,0.0,3.0169992929629688,0,0.0,0.0,2.6684543394188047,0,0.0,0.0,3.155369307385874,0,0.0,0.0,1.0007010409964314,0,0.0,0.0,5.087562441424746
2022-04-28,39742.07,0.012905332182001406,False,1.0,0.012905332182001406,9.274522295966422,0,0.0,0.0,1.6251263137946739,0,0.0,0.0,8.57606521057453,0,0.0,0.0,3.0169992929629688,0,0.0,0.0,2.6684543394188047,0,0.0,0.0,3.155369307385874,0,0.0,0.0,1.0007010409964314,0,0.0,0.0,5.087562441424746
2022-04-29,38596.11,-0.028834934868767537,False,1.0,-0.028834934868767537,9.007092049623298,0,0.0,-0.0,1.6251263137946739,0,0.0,-0.0,8.57606521057453,0,0.0,-0.0,3.0169992929629688,0,0.0,-0.0,2.6684543394188047,0,0.0,-0.0,3.155369307385874,0,0.0,-0.0,1.0007010409964314,0,0.0,-0.0,5.087562441424746
2022-04-30,37630.8,-0.025010551581493567,False,1.0,-0.025010551581493567,8.781819709316933,0,0.0,-0.0,1.6251263137946739,0,0.0,-0.0,8.57606521057453,0,0.0,-0.0,3.0169992929629688,0,0.0,-0.0,2.6684543394188047,0,0.0,-0.0,3.155369307385874,0,0.0,-0.0,1.0007010409964314,0,0.0,-0.0,5.087562441424746
2022-05-01,38468.35,0.022257034131615505,False,1.0,0.022257034131615505,8.977276970324894,0,0.0,0.0,1.6251263137946739,0,0.0,0.0,8.57606521057453,0,0.0,0.0,3.0169992929629688,0,0.0,0.0,2.6684543394188047,0,0.0,0.0,3.155369307385874,0,0.0,0.0,1.0007010409964314,0,0.0,0.0,5.087562441424746
2022-05-02,38525.16,0.0014767984589929561,False,1.0,0.0014767984589929561,8.990534599120624,0,0.0,0.0,1.6251263137946739,0,0.0,0.0,8.57606521057453,0,0.0,0.0,3.0169992929629688,0,0.0,0.0,2.6684543394188047,0,0.0,0.0,3.155369307385874,0,0.0,0.0,1.0007010409964314,0,0.0,0.0,5.087562441424746
2022-05-03,37728.95,-0.02066727302365534,False,1.0,-0.02066727302365534,8.804724765931978,0,0.0,-0.0,1.6251263137946739,0,0.0,-0.0,8.57606521057453,0,0.0,-0.0,3.0169992929629688,0,0.0,-0.0,2.6684543394188047,0,0.0,-0.0,3.155369307385874,0,0.0,-0.0,1.0007010409964314,0,0.0,-0.0,5.087562441424746
2022-05-04,39690.0,0.0519773277549469,False,1.0,0.0519773277549469,9.262370830882922,0,0.0,0.0,1.6251263137946739,0,0.0,0.0,8.57606521057453,0,0.0,0.0,3.0169992929629688,0,0.0,0.0,2.6684543394188047,0,0.0,0.0,3.155369307385874,0,0.0,0.0,1.0007010409964314,0,0.0,0.0,5.087562441424746
2022-05-05,36552.97,-0.07903829680020158,False,1.0,-0.07903829680020158,8.530288816078068,0,0.0,-0.0,1.6251263137946739,0,0.0,-0.0,8.57606521057453,0,0.0,-0.0,3.0169992929629688,0,0.0,-0.0,2.6684543394188047,0,0.0,-0.0,3.155369307385874,0,0.0,-0.0,1.0007010409964314,0,0.0,-0.0,5.087562441424746
2022-05-06,36013.77,-0.014751195320106825,False,1.0,-0.014751195320106825,8.404456859615177,0,0.0,-0.0,1.6251263137946739,0,0.0,-0.0,8.57606521057453,0,0.0,-0.0,3.0169992929629688,0,0.0,-0.0,2.6684543394188047,0,0.0,-0.0,3.155369307385874,0,0.0,-0.0,1.0007010409964314,0,0.0,-0.0,5.087562441424746
2022-05-07,35472.39,-0.015032583370194197,False,1.0,-0.015032583370194197,8.27811616119181,0,0.0,-0.0,1.6251263137946739,0,0.0,-0.0,8.57606521057453,0,0.0,-0.0,3.0169992929629688,0,0.0,-0.0,2.6684543394188047,0,0.0,-0.0,3.155369307385874,0,0.0,-0.0,1.0007010409964314,0,0.0,-0.0,5.087562441424746
2022-05-08,34038.4,-0.040425525317014155,False,1.0,-0.040425525317014155,7.943468966740367,0,0.0,-0.0,1.6251263137946739,0,0.0,-0.0,8.57606521057453,0,0.0,-0.0,3.0169992929629688,0,0.0,-0.0,2.6684543394188047,0,0.0,-0.0,3.155369307385874,0,0.0,-0.0,1.0007010409964314,0,0.0,-0.0,5.087562441424746
2022-05-09,30076.31,-0.11640059462254393,False,1.0,-0.11640059462254393,7.018844455646064,0,0.0,-0.0,1.6251263137946739,0,0.0,-0.0,8.57606521057453,0,0.0,-0.0,3.0169992929629688,0,0.0,-0.0,2.6684543394188047,0,0.0,-0.0,3.155369307385874,0,0.0,-0.0,1.0007010409964314,0,0.0,-0.0,5.087562441424746
2022-05-10,31017.1,0.031280100517649734,False,1.0,0.031280100517649734,7.238394615736421,0,0.0,0.0,1.6251263137946739,0,0.0,0.0,8.57606521057453,0,0.0,0.0,3.0169992929629688,0,0.0,0.0,2.6684543394188047,0,0.0,0.0,3.155369307385874,0,0.0,0.0,1.0007010409964314,0,0.0,0.0,5.087562441424746
2022-05-11,29103.94,-0.061680814776365334,False,1.0,-0.061680814776365334,6.791924538164943,0,0.0,-0.0,1.6251263137946739,0,0.0,-0.0,8.57606521057453,0,0.0,-0.0,3.0169992929629688,0,0.0,-0.0,2.6684543394188047,0,0.0,-0.0,3.155369307385874,0,0.0,-0.0,1.0007010409964314,0,0.0,-0.0,5.087562441424746
2022-05-12,29029.75,-0.002549139394872224,False,1.0,-0.002549139394872224,6.774610975757707,0,0.0,-0.0,1.6251263137946739,0,0.0,-0.0,8.57606521057453,0,0.0,-0.0,3.0169992929629688,0,0.0,-0.0,2.6684543394188047,0,0.0,-0.0,3.155369307385874,0,0.0,-0.0,1.0007010409964314,0,0.0,-0.0,5.087562441424746
2022-05-13,29287.05,0.00886332124803002,False,1.0,0.00886332124803002,6.834656529166278,0,0.0,0.0,1.6251263137946739,0,0.0,0.0,8.57606521057453,0,0.0,0.0,3.0169992929629688,0,0.0,0.0,2.6684543394188047,0,0.0,0.0,3.155369307385874,0,0.0,0.0,1.0007010409964314,0,0.0,0.0,5.087562441424746
2022-05-14,30086.74,0.02730524241943111,False,1.0,0.02730524241943111,7.021278482548711,0,0.0,0.0,1.6251263137946739,0,0.0,0.0,8.57606521057453,0,0.0,0.0,3.0169992929629688,0,0.0,0.0,2.6684543394188047,0,0.0,0.0,3.155369307385874,0,0.0,0.0,1.0007010409964314,0,0.0,0.0,5.087562441424746
2022-05-15,31328.89,0.04128562948328729,False,1.0,0.04128562948328729,7.311156384478195,0,0.0,0.0,1.6251263137946739,0,0.0,0.0,8.57606521057453,0,0.0,0.0,3.0169992929629688,0,0.0,0.0,2.6684543394188047,0,0.0,0.0,3.155369307385874,0,0.0,0.0,1.0007010409964314,0,0.0,0.0,5.087562441424746
2022-05-16,29874.01,-0.04643892586044385,False,1.0,-0.04643892586044385,6.971634135185301,0,0.0,-0.0,1.6251263137946739,0,0.0,-0.0,8.57606521057453,0,0.0,-0.0,3.0169992929629688,0,0.0,-0.0,2.6684543394188047,0,0.0,-0.0,3.155369307385874,0,0.0,-0.0,1.0007010409964314,0,0.0,-0.0,5.087562441424746
2022-05-17,30444.93,0.019110926186340693,False,1.0,0.019110926186340693,7.104868520541,0,0.0,0.0,1.6251263137946739,0,0.0,0.0,8.57606521057453,0,0.0,0.0,3.0169992929629688,0,0.0,0.0,2.6684543394188047,0,0.0,0.0,3.155369307385874,0,0.0,0.0,1.0007010409964314,0,0.0,0.0,5.087562441424746
2022-05-18,28715.32,-0.05681110122440747,False,1.0,-0.05681110122440747,6.701233115834439,0,0.0,-0.0,1.6251263137946739,0,0.0,-0.0,8.57606521057453,0,0.0,-0.0,3.0169992929629688,0,0.0,-0.0,2.6684543394188047,0,0.0,-0.0,3.155369307385874,0,0.0,-0.0,1.0007010409964314,0,0.0,-0.0,5.087562441424746
2022-05-19,30319.23,0.0558555502776914,False,1.0,0.0558555502776914,7.07553417905846,0,0.0,0.0,1.6251263137946739,0,0.0,0.0,8.57606521057453,0,0.0,0.0,3.0169992929629688,0,0.0,0.0,2.6684543394188047,0,0.0,0.0,3.155369307385874,0,0.0,0.0,1.0007010409964314,0,0.0,0.0,5.087562441424746
2022-05-20,29201.01,-0.03688154349566264,False,1.0,-0.03688154349566264,6.814577557478468,0,0.0,-0.0,1.6251263137946739,0,0.0,-0.0,8.57606521057453,0,0.0,-0.0,3.0169992929629688,0,0.0,-0.0,2.6684543394188047,0,0.0,-0.0,3.155369307385874,0,0.0,-0.0,1.0007010409964314,0,0.0,-0.0,5.087562441424746
2022-05-21,29445.06,0.008357587631386831,False,1.0,0.008357587631386831,6.871530986585976,0,0.0,0.0,1.6251263137946739,0,0.0,0.0,8.57606521057453,0,0.0,0.0,3.0169992929629688,0,0.0,0.0,2.6684543394188047,0,0.0,0.0,3.155369307385874,0,0.0,0.0,1.0007010409964314,0,0.0,0.0,5.087562441424746
2022-05-22,30293.94,0.0288292840972304,False,1.0,0.0288292840972304,7.069632305581186,0,0.0,0.0,1.6251263137946739,0,0.0,0.0,8.57606521057453,0,0.0,0.0,3.0169992929629688,0,0.0,0.0,2.6684543394188047,0,0.0,0.0,3.155369307385874,0,0.0,0.0,1.0007010409964314,0,0.0,0.0,5.087562441424746
2022-05-23,29109.15,-0.03910980215845139,False,1.0,-0.03910980215845139,6.793140384776909,0,0.0,-0.0,1.6251263137946739,0,0.0,-0.0,8.57606521057453,0,0.0,-0.0,3.0169992929629688,0,0.0,-0.0,2.6684543394188047,0,0.0,-0.0,3.155369307385874,0,0.0,-0.0,1.0007010409964314,0,0.0,-0.0,5.087562441424746
2022-05-24,29654.58,0.018737407310072562,False,1.0,0.018737407310072562,6.920426223080977,0,0.0,0.0,1.6251263137946739,0,0.0,0.0,8.57606521057453,0,0.0,0.0,3.0169992929629688,0,0.0,0.0,2.6684543394188047,0,0.0,0.0,3.155369307385874,0,0.0,0.0,1.0007010409964314,0,0.0,0.0,5.087562441424746
2022-05-25,29542.15,-0.0037913199242747275,False,1.0,-0.0037913199242747275,6.894188673256936,0,0.0,-0.0,1.6251263137946739,0,0.0,-0.0,8.57606521057453,0,0.0,-0.0,3.0169992929629688,0,0.0,-0.0,2.6684543394188047,0,0.0,-0.0,3.155369307385874,0,0.0,-0.0,1.0007010409964314,0,0.0,-0.0,5.087562441424746
2022-05-26,29201.35,-0.011536059494654305,False,1.0,-0.011536059494654305,6.814656902554872,0,0.0,-0.0,1.6251263137946739,0,0.0,-0.0,8.57606521057453,0,0.0,-0.0,3.0169992929629688,0,0.0,-0.0,2.6684543394188047,0,0.0,-0.0,3.155369307385874,0,0.0,-0.0,1.0007010409964314,0,0.0,-0.0,5.087562441424746
2022-05-27,28629.8,-0.019572725233593657,False,1.0,-0.019572725233593657,6.681275495439953,0,0.0,-0.0,1.6251263137946739,0,0.0,-0.0,8.57606521057453,0,0.0,-0.0,3.0169992929629688,0,0.0,-0.0,2.6684543394188047,0,0.0,-0.0,3.155369307385874,0,0.0,-0.0,1.0007010409964314,0,0.0,-0.0,5.087562441424746
2022-05-28,29031.33,0.01402489713515287,False,1.0,0.01402489713515287,6.774979696995116,0,0.0,0.0,1.6251263137946739,0,0.0,0.0,8.57606521057453,0,0.0,0.0,3.0169992929629688,0,0.0,0.0,2.6684543394188047,0,0.0,0.0,3.155369307385874,0,0.0,0.0,1.0007010409964314,0,0.0,0.0,5.087562441424746
2022-05-29,29468.1,0.015044780931497082,False,1.0,0.015044780931497082,6.876907782351748,0,0.0,0.0,1.6251263137946739,0,0.0,0.0,8.57606521057453,0,0.0,0.0,3.0169992929629688,0,0.0,0.0,2.6684543394188047,0,0.0,0.0,3.155369307385874,0,0.0,0.0,1.0007010409964314,0,0.0,0.0,5.087562441424746
2022-05-30,31734.22,0.07690078423787083,True,1.0,0.07690078423787083,7.405747383946115,0,0.0,0.0,1.6251263137946739,0,0.0,0.0,8.57606521057453,0,0.0,0.0,3.0169992929629688,0,0.0,0.0,2.6684543394188047,0,0.0,0.0,3.155369307385874,0,0.0,0.0,1.0007010409964314,0,0.0,0.0,5.087562441424746
2022-05-31,31801.04,0.002105613435591014,True,1.0,0.002105613435591014,7.421341025138345,0,0.0,0.0,1.6251263137946739,0,0.0,0.0,8.57606521057453,0,0.0,0.0,3.0169992929629688,0,0.0,0.0,2.6684543394188047,0,0.0,0.0,3.155369307385874,0,0.0,0.0,1.0007010409964314,0,0.0,0.0,5.087562441424746
2022-06-01,29805.83,-0.06274040094286226,True,1.0,-0.06274040094286226,6.955723113687452,0,0.0,-0.0,1.6251263137946739,0,0.0,-0.0,8.57606521057453,0,0.0,-0.0,3.0169992929629688,0,0.0,-0.0,2.6684543394188047,0,0.0,-0.0,3.155369307385874,0,0.0,-0.0,1.0007010409964314,0,0.0,-0.0,5.087562441424746
2022-06-02,30452.62,0.02170011705763586,True,1.0,0.02170011705763586,7.106663119474973,0,0.0,0.0,1.6251263137946739,0,0.0,0.0,8.57606521057453,0,0.0,0.0,3.0169992929629688,0,0.0,0.0,2.6684543394188047,0,0.0,0.0,3.155369307385874,0,0.0,0.0,1.0007010409964314,0,0.0,0.0,5.087562441424746
2022-06-03,29700.21,-0.02470756210795655,False,1.0,-0.02470756210795655,6.931074799070221,0,0.0,-0.0,1.6251263137946739,0,0.0,-0.0,8.57606521057453,0,0.0,-0.0,3.0169992929629688,0,0.0,-0.0,2.6684543394188047,0,0.0,-0.0,3.155369307385874,0,0.0,-0.0,1.0007010409964314,0,0.0,-0.0,5.087562441424746
2022-06-04,29864.04,0.005516122613274499,False,1.0,0.005516122613274499,6.969307457503669,0,0.0,0.0,1.6251263137946739,0,0.0,0.0,8.57606521057453,0,0.0,0.0,3.0169992929629688,0,0.0,0.0,2.6684543394188047,0,0.0,0.0,3.155369307385874,0,0.0,0.0,1.0007010409964314,0,0.0,0.0,5.087562441424746
2022-06-05,29919.21,0.001847372291223781,True,1.0,0.001847372291223781,6.982182362989681,0,0.0,0.0,1.6251263137946739,0,0.0,0.0,8.57606521057453,0,0.0,0.0,3.0169992929629688,0,0.0,0.0,2.6684543394188047,0,0.0,0.0,3.155369307385874,0,0.0,0.0,1.0007010409964314,0,0.0,0.0,5.087562441424746
2022-06-06,31373.1,0.048593863273796334,True,1.0,0.048593863273796334,7.321473578089513,0,0.0,0.0,1.6251263137946739,0,0.0,0.0,8.57606521057453,0,0.0,0.0,3.0169992929629688,0,0.0,0.0,2.6684543394188047,0,0.0,0.0,3.155369307385874,0,0.0,0.0,1.0007010409964314,0,0.0,0.0,5.087562441424746
2022-06-07,31125.33,-0.007897530049628454,True,1.0,-0.007897530049628454,7.2636520204989905,0,0.0,-0.0,1.6251263137946739,0,0.0,-0.0,8.57606521057453,0,0.0,-0.0,3.0169992929629688,0,0.0,-0.0,2.6684543394188047,0,0.0,-0.0,3.155369307385874,0,0.0,-0.0,1.0007010409964314,0,0.0,-0.0,5.087562441424746
2022-06-08,30204.77,-0.0295759113236711,False,1.0,-0.0295759113236711,7.048822892454708,0,0.0,-0.0,1.6251263137946739,0,0.0,-0.0,8.57606521057453,0,0.0,-0.0,3.0169992929629688,0,0.0,-0.0,2.6684543394188047,0,0.0,-0.0,3.155369307385874,0,0.0,-0.0,1.0007010409964314,0,0.0,-0.0,5.087562441424746
2022-06-09,30109.93,-0.00313990141292253,True,1.0,-0.00313990141292253,7.026690283495249,0,0.0,-0.0,1.6251263137946739,0,0.0,-0.0,8.57606521057453,0,0.0,-0.0,3.0169992929629688,0,0.0,-0.0,2.6684543394188047,0,0.0,-0.0,3.155369307385874,0,0.0,-0.0,1.0007010409964314,0,0.0,-0.0,5.087562441424746
2022-06-10,29091.88,-0.03381110484149241,False,1.0,-0.03381110484149241,6.789110121631295,0,0.0,-0.0,1.6251263137946739,0,0.0,-0.0,8.57606521057453,0,0.0,-0.0,3.0169992929629688,0,0.0,-0.0,2.6684543394188047,0,0.0,-0.0,3.155369307385874,0,0.0,-0.0,1.0007010409964314,0,0.0,-0.0,5.087562441424746
2022-06-11,28424.7,-0.02293354709286577,False,1.0,-0.02293354709286577,6.633411744938212,0,0.0,-0.0,1.6251263137946739,0,0.0,-0.0,8.57606521057453,0,0.0,-0.0,3.0169992929629688,0,0.0,-0.0,2.6684543394188047,0,0.0,-0.0,3.155369307385874,0,0.0,-0.0,1.0007010409964314,0,0.0,-0.0,5.087562441424746
2022-06-12,26574.53,-0.06509022082906779,False,1.0,-0.06509022082906779,6.201641509610052,0,0.0,-0.0,1.6251263137946739,0,0.0,-0.0,8.57606521057453,0,0.0,-0.0,3.0169992929629688,0,0.0,-0.0,2.6684543394188047,0,0.0,-0.0,3.155369307385874,0,0.0,-0.0,1.0007010409964314,0,0.0,-0.0,5.087562441424746
2022-06-13,22487.41,-0.153798392671479,False,1.0,-0.153798392671479,5.247839013507302,0,0.0,-0.0,1.6251263137946739,0,0.0,-0.0,8.57606521057453,0,0.0,-0.0,3.0169992929629688,0,0.0,-0.0,2.6684543394188047,0,0.0,-0.0,3.155369307385874,0,0.0,-0.0,1.0007010409964314,0,0.0,-0.0,5.087562441424746
2022-06-14,22136.41,-0.015608733953799026,False,1.0,-0.015608733953799026,5.1659268905130995,0,0.0,-0.0,1.6251263137946739,0,0.0,-0.0,8.57606521057453,0,0.0,-0.0,3.0169992929629688,0,0.0,-0.0,2.6684543394188047,0,0.0,-0.0,3.155369307385874,0,0.0,-0.0,1.0007010409964314,0,0.0,-0.0,5.087562441424746
2022-06-15,22583.72,0.02020698026464096,False,1.0,0.02020698026464096,5.270314673238276,0,0.0,0.0,1.6251263137946739,0,0.0,0.0,8.57606521057453,0,0.0,0.0,3.0169992929629688,0,0.0,0.0,2.6684543394188047,0,0.0,0.0,3.155369307385874,0,0.0,0.0,1.0007010409964314,0,0.0,0.0,5.087562441424746
2022-06-16,20401.31,-0.09663642659402438,False,1.0,-0.09663642659402438,4.761010296190475,0,0.0,-0.0,1.6251263137946739,0,0.0,-0.0,8.57606521057453,0,0.0,-0.0,3.0169992929629688,0,0.0,-0.0,2.6684543394188047,0,0.0,-0.0,3.155369307385874,0,0.0,-0.0,1.0007010409964314,0,0.0,-0.0,5.087562441424746
2022-06-17,20468.81,0.0033086110646816103,False,1.0,0.0033086110646816103,4.776762627535514,0,0.0,0.0,1.6251263137946739,0,0.0,0.0,8.57606521057453,0,0.0,0.0,3.0169992929629688,0,0.0,0.0,2.6684543394188047,0,0.0,0.0,3.155369307385874,0,0.0,0.0,1.0007010409964314,0,0.0,0.0,5.087562441424746
2022-06-18,18970.79,-0.07318549539518904,False,1.0,-0.07318549539518904,4.427172888254103,0,0.0,-0.0,1.6251263137946739,0,0.0,-0.0,8.57606521057453,0,0.0,-0.0,3.0169992929629688,0,0.0,-0.0,2.6684543394188047,0,0.0,-0.0,3.155369307385874,0,0.0,-0.0,1.0007010409964314,0,0.0,-0.0,5.087562441424746
2022-06-19,20574.0,0.08450939576053496,False,1.0,0.08450939576053496,4.801310593967879,0,0.0,0.0,1.6251263137946739,0,0.0,0.0,8.57606521057453,0,0.0,0.0,3.0169992929629688,0,0.0,0.0,2.6684543394188047,0,0.0,0.0,3.155369307385874,0,0.0,0.0,1.0007010409964314,0,0.0,0.0,5.087562441424746
2022-06-20,20573.89,-5.346553903051721e-06,False,1.0,-5.346553903051721e-06,4.801284923501983,0,0.0,-0.0,1.6251263137946739,0,0.0,-0.0,8.57606521057453,0,0.0,-0.0,3.0169992929629688,0,0.0,-0.0,2.6684543394188047,0,0.0,-0.0,3.155369307385874,0,0.0,-0.0,1.0007010409964314,0,0.0,-0.0,5.087562441424746
2022-06-21,20723.52,0.007272810343595726,False,1.0,0.007272810343595726,4.836203758156179,0,0.0,0.0,1.6251263137946739,0,0.0,0.0,8.57606521057453,0,0.0,0.0,3.0169992929629688,0,0.0,0.0,2.6684543394188047,0,0.0,0.0,3.155369307385874,0,0.0,0.0,1.0007010409964314,0,0.0,0.0,5.087562441424746
2022-06-22,19987.99,-0.035492522505829016,False,1.0,-0.035492522505829016,4.664554687427046,0,0.0,-0.0,1.6251263137946739,0,0.0,-0.0,8.57606521057453,0,0.0,-0.0,3.0169992929629688,0,0.0,-0.0,2.6684543394188047,0,0.0,-0.0,3.155369307385874,0,0.0,-0.0,1.0007010409964314,0,0.0,-0.0,5.087562441424746
2022-06-23,21110.13,0.056140712497855016,False,1.0,0.056140712497855016,4.926426111064409,0,0.0,0.0,1.6251263137946739,0,0.0,0.0,8.57606521057453,0,0.0,0.0,3.0169992929629688,0,0.0,0.0,2.6684543394188047,0,0.0,0.0,3.155369307385874,0,0.0,0.0,1.0007010409964314,0,0.0,0.0,5.087562441424746
2022-06-24,21237.69,0.006042596611200324,False,1.0,0.006042596611200324,4.956194516788456,0,0.0,0.0,1.6251263137946739,0,0.0,0.0,8.57606521057453,0,0.0,0.0,3.0169992929629688,0,0.0,0.0,2.6684543394188047,0,0.0,0.0,3.155369307385874,0,0.0,0.0,1.0007010409964314,0,0.0,0.0,5.087562441424746
2022-06-25,21491.19,0.011936326408380493,False,1.0,0.011936326408380493,5.015353272284268,0,0.0,0.0,1.6251263137946739,0,0.0,0.0,8.57606521057453,0,0.0,0.0,3.0169992929629688,0,0.0,0.0,2.6684543394188047,0,0.0,0.0,3.155369307385874,0,0.0,0.0,1.0007010409964314,0,0.0,0.0,5.087562441424746
2022-06-26,21038.07,-0.021083988369187567,False,1.0,-0.021083988369187567,4.9096096222240595,0,0.0,-0.0,1.6251263137946739,0,0.0,-0.0,8.57606521057453,0,0.0,-0.0,3.0169992929629688,0,0.0,-0.0,2.6684543394188047,0,0.0,-0.0,3.155369307385874,0,0.0,-0.0,1.0007010409964314,0,0.0,-0.0,5.087562441424746
2022-06-27,20742.56,-0.014046440571782393,False,1.0,-0.014046440571782393,4.840647082434838,0,0.0,-0.0,1.6251263137946739,0,0.0,-0.0,8.57606521057453,0,0.0,-0.0,3.0169992929629688,0,0.0,-0.0,2.6684543394188047,0,0.0,-0.0,3.155369307385874,0,0.0,-0.0,1.0007010409964314,0,0.0,-0.0,5.087562441424746
2022-06-28,20281.29,-0.022237852994037355,False,1.0,-0.022237852994037355,4.733001484219637,0,0.0,-0.0,1.6251263137946739,0,0.0,-0.0,8.57606521057453,0,0.0,-0.0,3.0169992929629688,0,0.0,-0.0,2.6684543394188047,0,0.0,-0.0,3.155369307385874,0,0.0,-0.0,1.0007010409964314,0,0.0,-0.0,5.087562441424746
2022-06-29,20123.01,-0.007804237304431916,False,1.0,-0.007804237304431916,4.6960640174745585,0,0.0,-0.0,1.6251263137946739,0,0.0,-0.0,8.57606521057453,0,0.0,-0.0,3.0169992929629688,0,0.0,-0.0,2.6684543394188047,0,0.0,-0.0,3.155369307385874,0,0.0,-0.0,1.0007010409964314,0,0.0,-0.0,5.087562441424746
2022-06-30,19942.21,-0.008984739360562877,False,1.0,-0.008984739360562877,4.653871106257032,0,0.0,-0.0,1.6251263137946739,0,0.0,-0.0,8.57606521057453,0,0.0,-0.0,3.0169992929629688,0,0.0,-0.0,2.6684543394188047,0,0.0,-0.0,3.155369307385874,0,0.0,-0.0,1.0007010409964314,0,0.0,-0.0,5.087562441424746
2022-07-01,19279.8,-0.03321647901611702,False,1.0,-0.03321647901611702,4.499285894312332,0,0.0,-0.0,1.6251263137946739,0,0.0,-0.0,8.57606521057453,0,0.0,-0.0,3.0169992929629688,0,0.0,-0.0,2.6684543394188047,0,0.0,-0.0,3.155369307385874,0,0.0,-0.0,1.0007010409964314,0,0.0,-0.0,5.087562441424746
2022-07-02,19252.81,-0.00139991078745616,False,1.0,-0.00139991078745616,4.492987295453035,0,0.0,-0.0,1.6251263137946739,0,0.0,-0.0,8.57606521057453,0,0.0,-0.0,3.0169992929629688,0,0.0,-0.0,2.6684543394188047,0,0.0,-0.0,3.155369307385874,0,0.0,-0.0,1.0007010409964314,0,0.0,-0.0,5.087562441424746
2022-07-03,19315.83,0.003273288418677689,False,1.0,0.003273288418677689,4.507694138732507,0,0.0,0.0,1.6251263137946739,0,0.0,0.0,8.57606521057453,0,0.0,0.0,3.0169992929629688,0,0.0,0.0,2.6684543394188047,0,0.0,0.0,3.155369307385874,0,0.0,0.0,1.0007010409964314,0,0.0,0.0,5.087562441424746
2022-07-04,20236.71,0.04767488634969341,False,1.0,0.04767488634969341,4.722597944495758,0,0.0,0.0,1.6251263137946739,0,0.0,0.0,8.57606521057453,0,0.0,0.0,3.0169992929629688,0,0.0,0.0,2.6684543394188047,0,0.0,0.0,3.155369307385874,0,0.0,0.0,1.0007010409964314,0,0.0,0.0,5.087562441424746
2022-07-05,20175.83,-0.003008394151025384,False,1.0,-0.003008394151025384,4.708390508461893,0,0.0,-0.0,1.6251263137946739,0,0.0,-0.0,8.57606521057453,0,0.0,-0.0,3.0169992929629688,0,0.0,-0.0,2.6684543394188047,0,0.0,-0.0,3.155369307385874,0,0.0,-0.0,1.0007010409964314,0,0.0,-0.0,5.087562441424746
2022-07-06,20564.51,0.019264634961733806,True,1.0,0.019264634961733806,4.799095932864703,0,0.0,0.0,1.6251263137946739,0,0.0,0.0,8.57606521057453,0,0.0,0.0,3.0169992929629688,0,0.0,0.0,2.6684543394188047,0,0.0,0.0,3.155369307385874,0,0.0,0.0,1.0007010409964314,0,0.0,0.0,5.087562441424746
2022-07-07,21624.98,0.051567968310453294,True,1.0,0.051567968310453294,5.0465755598494955,0,0.0,0.0,1.6251263137946739,0,0.0,0.0,8.57606521057453,0,0.0,0.0,3.0169992929629688,0,0.0,0.0,2.6684543394188047,0,0.0,0.0,3.155369307385874,0,0.0,0.0,1.0007010409964314,0,0.0,0.0,5.087562441424746
2022-07-08,21594.75,-0.001397920368018779,True,1.0,-0.001397920368018779,5.039520849085636,0,0.0,-0.0,1.6251263137946739,0,0.0,-0.0,8.57606521057453,0,0.0,-0.0,3.0169992929629688,0,0.0,-0.0,2.6684543394188047,0,0.0,-0.0,3.155369307385874,0,0.0,-0.0,1.0007010409964314,0,0.0,-0.0,5.087562441424746
2022-07-09,21591.83,-0.00013521805068350545,True,1.0,-0.00013521805068350545,5.0388394149000435,0,0.0,-0.0,1.6251263137946739,0,0.0,-0.0,8.57606521057453,0,0.0,-0.0,3.0169992929629688,0,0.0,-0.0,2.6684543394188047,0,0.0,-0.0,3.155369307385874,0,0.0,-0.0,1.0007010409964314,0,0.0,-0.0,5.087562441424746
2022-07-10,20862.47,-0.0337794434283708,True,1.0,-0.0337794434283708,4.868630223939783,0,0.0,-0.0,1.6251263137946739,0,0.0,-0.0,8.57606521057453,0,0.0,-0.0,3.0169992929629688,0,0.0,-0.0,2.6684543394188047,0,0.0,-0.0,3.155369307385874,0,0.0,-0.0,1.0007010409964314,0,0.0,-0.0,5.087562441424746
2022-07-11,19963.61,-0.04308502301021888,False,1.0,-0.04308502301021888,4.65886517871309,0,0.0,-0.0,1.6251263137946739,0,0.0,-0.0,8.57606521057453,0,0.0,-0.0,3.0169992929629688,0,0.0,-0.0,2.6684543394188047,0,0.0,-0.0,3.155369307385874,0,0.0,-0.0,1.0007010409964314,0,0.0,-0.0,5.087562441424746
2022-07-12,19328.75,-0.0318008616678046,False,1.0,-0.0318008616678046,4.510709251635883,0,0.0,-0.0,1.6251263137946739,0,0.0,-0.0,8.57606521057453,0,0.0,-0.0,3.0169992929629688,0,0.0,-0.0,2.6684543394188047,0,0.0,-0.0,3.155369307385874,0,0.0,-0.0,1.0007010409964314,0,0.0,-0.0,5.087562441424746
2022-07-13,20234.87,0.046879389510444236,False,1.0,0.046879389510444236,4.722168547611686,0,0.0,0.0,1.6251263137946739,0,0.0,0.0,8.57606521057453,0,0.0,0.0,3.0169992929629688,0,0.0,0.0,2.6684543394188047,0,0.0,0.0,3.155369307385874,0,0.0,0.0,1.0007010409964314,0,0.0,0.0,5.087562441424746
2022-07-14,20588.84,0.01749307013091772,False,1.0,0.01749307013091772,4.804773773185071,0,0.0,0.0,1.6251263137946739,0,0.0,0.0,8.57606521057453,0,0.0,0.0,3.0169992929629688,0,0.0,0.0,2.6684543394188047,0,0.0,0.0,3.155369307385874,0,0.0,0.0,1.0007010409964314,0,0.0,0.0,5.087562441424746
2022-07-15,20830.04,0.011715084482661453,False,1.0,0.011715084482661453,4.86106210385801,0,0.0,0.0,1.6251263137946739,0,0.0,0.0,8.57606521057453,0,0.0,0.0,3.0169992929629688,0,0.0,0.0,2.6684543394188047,0,0.0,0.0,3.155369307385874,0,0.0,0.0,1.0007010409964314,0,0.0,0.0,5.087562441424746
2022-07-16,21195.6,0.017549654249343627,True,1.0,0.017549654249343627,4.946372063065304,0,0.0,0.0,1.6251263137946739,0,0.0,0.0,8.57606521057453,0,0.0,0.0,3.0169992929629688,0,0.0,0.0,2.6684543394188047,0,0.0,0.0,3.155369307385874,0,0.0,0.0,1.0007010409964314,0,0.0,0.0,5.087562441424746
2022-07-17,20798.16,-0.018751061541074532,True,1.0,-0.018751061541074532,4.853622336105715,0,0.0,-0.0,1.6251263137946739,0,0.0,-0.0,8.57606521057453,0,0.0,-0.0,3.0169992929629688,0,0.0,-0.0,2.6684543394188047,0,0.0,-0.0,3.155369307385874,0,0.0,-0.0,1.0007010409964314,0,0.0,-0.0,5.087562441424746
2022-07-18,22432.58,0.07858483635090807,True,1.0,0.07858483635090807,5.2350434530976955,0,0.0,0.0,1.6251263137946739,0,0.0,0.0,8.57606521057453,0,0.0,0.0,3.0169992929629688,0,0.0,0.0,2.6684543394188047,0,0.0,0.0,3.155369307385874,0,0.0,0.0,1.0007010409964314,0,0.0,0.0,5.087562441424746
2022-07-19,23396.62,0.04297499440545827,True,1.0,0.04297499440545827,5.4600194162069,0,0.0,0.0,1.6251263137946739,0,0.0,0.0,8.57606521057453,0,0.0,0.0,3.0169992929629688,0,0.0,0.0,2.6684543394188047,0,0.0,0.0,3.155369307385874,0,0.0,0.0,1.0007010409964314,0,0.0,0.0,5.087562441424746
2022-07-20,23223.3,-0.007407907637940858,True,1.0,-0.007407907637940858,5.419572096670276,0,0.0,-0.0,1.6251263137946739,0,0.0,-0.0,8.57606521057453,0,0.0,-0.0,3.0169992929629688,0,0.0,-0.0,2.6684543394188047,0,0.0,-0.0,3.155369307385874,0,0.0,-0.0,1.0007010409964314,0,0.0,-0.0,5.087562441424746
2022-07-21,23152.19,-0.003062010997575748,True,1.0,-0.003062010997575748,5.402977307308117,0,0.0,-0.0,1.6251263137946739,0,0.0,-0.0,8.57606521057453,0,0.0,-0.0,3.0169992929629688,0,0.0,-0.0,2.6684543394188047,0,0.0,-0.0,3.155369307385874,0,0.0,-0.0,1.0007010409964314,0,0.0,-0.0,5.087562441424746
2022-07-22,22684.83,-0.020186427288303888,True,1.0,-0.020186427288303888,5.293910498753785,0,0.0,-0.0,1.6251263137946739,0,0.0,-0.0,8.57606521057453,0,0.0,-0.0,3.0169992929629688,0,0.0,-0.0,2.6684543394188047,0,0.0,-0.0,3.155369307385874,0,0.0,-0.0,1.0007010409964314,0,0.0,-0.0,5.087562441424746
2022-07-23,22451.07,-0.010304683790885893,True,1.0,-0.010304683790885893,5.239358425046876,0,0.0,-0.0,1.6251263137946739,0,0.0,-0.0,8.57606521057453,0,0.0,-0.0,3.0169992929629688,0,0.0,-0.0,2.6684543394188047,0,0.0,-0.0,3.155369307385874,0,0.0,-0.0,1.0007010409964314,0,0.0,-0.0,5.087562441424746
2022-07-24,22579.68,0.00572845748554518,True,1.0,0.00572845748554518,5.26937186703629,0,0.0,0.0,1.6251263137946739,0,0.0,0.0,8.57606521057453,0,0.0,0.0,3.0169992929629688,0,0.0,0.0,2.6684543394188047,0,0.0,0.0,3.155369307385874,0,0.0,0.0,1.0007010409964314,0,0.0,0.0,5.087562441424746
2022-07-25,21310.9,-0.056191230345159826,True,1.0,-0.056191230345159826,4.973279378681349,0,0.0,-0.0,1.6251263137946739,0,0.0,-0.0,8.57606521057453,0,0.0,-0.0,3.0169992929629688,0,0.0,-0.0,2.6684543394188047,0,0.0,-0.0,3.155369307385874,0,0.0,-0.0,1.0007010409964314,0,0.0,-0.0,5.087562441424746
2022-07-26,21254.67,-0.0026385558563929434,True,1.0,-0.0026385558563929434,4.960157103251251,0,0.0,-0.0,1.6251263137946739,0,0.0,-0.0,8.57606521057453,0,0.0,-0.0,3.0169992929629688,0,0.0,-0.0,2.6684543394188047,0,0.0,-0.0,3.155369307385874,0,0.0,-0.0,1.0007010409964314,0,0.0,-0.0,5.087562441424746
2022-07-27,22952.45,0.07987797505207106,True,1.0,0.07987797505207106,5.356364408599108,0,0.0,0.0,1.6251263137946739,0,0.0,0.0,8.57606521057453,0,0.0,0.0,3.0169992929629688,0,0.0,0.0,2.6684543394188047,0,0.0,0.0,3.155369307385874,0,0.0,0.0,1.0007010409964314,0,0.0,0.0,5.087562441424746
2022-07-28,23842.93,0.038796729760875115,True,1.0,0.038796729760875115,5.564173831060296,0,0.0,0.0,1.6251263137946739,0,0.0,0.0,8.57606521057453,0,0.0,0.0,3.0169992929629688,0,0.0,0.0,2.6684543394188047,0,0.0,0.0,3.155369307385874,0,0.0,0.0,1.0007010409964314,0,0.0,0.0,5.087562441424746
2022-07-29,23773.75,-0.0029014890367921042,True,1.0,-0.0029014890367921042,5.5480294416906695,0,0.0,-0.0,1.6251263137946739,0,0.0,-0.0,8.57606521057453,0,0.0,-0.0,3.0169992929629688,0,0.0,-0.0,2.6684543394188047,0,0.0,-0.0,3.155369307385874,0,0.0,-0.0,1.0007010409964314,0,0.0,-0.0,5.087562441424746
2022-07-30,23643.51,-0.005478311162521732,True,1.0,-0.005478311162521732,5.517635610070256,0,0.0,-0.0,1.6251263137946739,0,0.0,-0.0,8.57606521057453,0,0.0,-0.0,3.0169992929629688,0,0.0,-0.0,2.6684543394188047,0,0.0,-0.0,3.155369307385874,0,0.0,-0.0,1.0007010409964314,0,0.0,-0.0,5.087562441424746
2022-07-31,23293.32,-0.014811252643960215,True,1.0,-0.014811252643960215,5.435912515052194,0,0.0,-0.0,1.6251263137946739,0,0.0,-0.0,8.57606521057453,0,0.0,-0.0,3.0169992929629688,0,0.0,-0.0,2.6684543394188047,0,0.0,-0.0,3.155369307385874,0,0.0,-0.0,1.0007010409964314,0,0.0,-0.0,5.087562441424746
2022-08-01,23268.01,-0.0010865776110919878,True,1.0,-0.0010865776110919878,5.430005974217483,0,0.0,-0.0,1.6251263137946739,0,0.0,-0.0,8.57606521057453,0,0.0,-0.0,3.0169992929629688,0,0.0,-0.0,2.6684543394188047,0,0.0,-0.0,3.155369307385874,0,0.0,-0.0,1.0007010409964314,0,0.0,-0.0,5.087562441424746
2022-08-02,22987.79,-0.012043144213879864,True,1.0,-0.012043144213879864,5.364611629187753,0,0.0,-0.0,1.6251263137946739,0,0.0,-0.0,8.57606521057453,0,0.0,-0.0,3.0169992929629688,0,0.0,-0.0,2.6684543394188047,0,0.0,-0.0,3.155369307385874,0,0.0,-0.0,1.0007010409964314,0,0.0,-0.0,5.087562441424746
2022-08-03,22818.37,-0.007369999464933441,True,1.0,-0.007369999464933441,5.325074444351063,0,0.0,-0.0,1.6251263137946739,0,0.0,-0.0,8.57606521057453,0,0.0,-0.0,3.0169992929629688,0,0.0,-0.0,2.6684543394188047,0,0.0,-0.0,3.155369307385874,0,0.0,-0.0,1.0007010409964314,0,0.0,-0.0,5.087562441424746
2022-08-04,22622.98,-0.008562837748708585,True,1.0,-0.008562837748708585,5.2794766958842905,0,0.0,-0.0,1.6251263137946739,0,0.0,-0.0,8.57606521057453,0,0.0,-0.0,3.0169992929629688,0,0.0,-0.0,2.6684543394188047,0,0.0,-0.0,3.155369307385874,0,0.0,-0.0,1.0007010409964314,0,0.0,-0.0,5.087562441424746
2022-08-05,23312.42,0.030475207068211052,True,1.0,0.030475207068211052,5.440369841403159,0,0.0,0.0,1.6251263137946739,0,0.0,0.0,8.57606521057453,0,0.0,0.0,3.0169992929629688,0,0.0,0.0,2.6684543394188047,0,0.0,0.0,3.155369307385874,0,0.0,0.0,1.0007010409964314,0,0.0,0.0,5.087562441424746
2022-08-06,22954.21,-0.01536562913674333,True,1.0,-0.01536562913674333,5.356775136053435,0,0.0,-0.0,1.6251263137946739,0,0.0,-0.0,8.57606521057453,0,0.0,-0.0,3.0169992929629688,0,0.0,-0.0,2.6684543394188047,0,0.0,-0.0,3.155369307385874,0,0.0,-0.0,1.0007010409964314,0,0.0,-0.0,5.087562441424746
2022-08-07,23174.39,0.009592140178206865,True,1.0,0.009592140178206865,5.408158074061593,0,0.0,0.0,1.6251263137946739,0,0.0,0.0,8.57606521057453,0,0.0,0.0,3.0169992929629688,0,0.0,0.0,2.6684543394188047,0,0.0,0.0,3.155369307385874,0,0.0,0.0,1.0007010409964314,0,0.0,0.0,5.087562441424746
2022-08-08,23810.0,0.027427259142527527,True,1.0,0.027427259142527527,5.556489027042632,0,0.0,0.0,1.6251263137946739,0,0.0,0.0,8.57606521057453,0,0.0,0.0,3.0169992929629688,0,0.0,0.0,2.6684543394188047,0,0.0,0.0,3.155369307385874,0,0.0,0.0,1.0007010409964314,0,0.0,0.0,5.087562441424746
2022-08-09,23149.95,-0.027721545569088568,False,1.0,-0.027721545569088568,5.402454563275329,0,0.0,-0.0,1.6251263137946739,0,0.0,-0.0,8.57606521057453,0,0.0,-0.0,3.0169992929629688,0,0.0,-0.0,2.6684543394188047,0,0.0,-0.0,3.155369307385874,0,0.0,-0.0,1.0007010409964314,0,0.0,-0.0,5.087562441424746
2022-08-10,23954.05,0.034734416273037194,True,1.0,0.034734416273037194,5.590105668972304,0,0.0,0.0,1.6251263137946739,0,0.0,0.0,8.57606521057453,0,0.0,0.0,3.0169992929629688,0,0.0,0.0,2.6684543394188047,0,0.0,0.0,3.155369307385874,0,0.0,0.0,1.0007010409964314,0,0.0,0.0,5.087562441424746
2022-08-11,23934.39,-0.0008207380380352847,True,1.0,-0.0008207380380352847,5.585517656613141,0,0.0,-0.0,1.6251263137946739,0,0.0,-0.0,8.57606521057453,0,0.0,-0.0,3.0169992929629688,0,0.0,-0.0,2.6684543394188047,0,0.0,-0.0,3.155369307385874,0,0.0,-0.0,1.0007010409964314,0,0.0,-0.0,5.087562441424746
2022-08-12,24403.68,0.019607351597429545,True,1.0,0.019607351597429545,5.695034865160006,0,0.0,0.0,1.6251263137946739,0,0.0,0.0,8.57606521057453,0,0.0,0.0,3.0169992929629688,0,0.0,0.0,2.6684543394188047,0,0.0,0.0,3.155369307385874,0,0.0,0.0,1.0007010409964314,0,0.0,0.0,5.087562441424746
2022-08-13,24441.38,0.0015448489735974125,True,1.0,0.0015448489735974125,5.703832833926049,0,0.0,0.0,1.6251263137946739,0,0.0,0.0,8.57606521057453,0,0.0,0.0,3.0169992929629688,0,0.0,0.0,2.6684543394188047,0,0.0,0.0,3.155369307385874,0,0.0,0.0,1.0007010409964314,0,0.0,0.0,5.087562441424746
2022-08-14,24305.24,-0.005570061919580649,True,1.0,-0.005570061919580649,5.672062131862144,0,0.0,-0.0,1.6251263137946739,0,0.0,-0.0,8.57606521057453,0,0.0,-0.0,3.0169992929629688,0,0.0,-0.0,2.6684543394188047,0,0.0,-0.0,3.155369307385874,0,0.0,-0.0,1.0007010409964314,0,0.0,-0.0,5.087562441424746
2022-08-15,24094.82,-0.008657392397688812,True,1.0,-0.008657392397688812,5.622956864282542,0,0.0,-0.0,1.6251263137946739,0,0.0,-0.0,8.57606521057453,0,0.0,-0.0,3.0169992929629688,0,0.0,-0.0,2.6684543394188047,0,0.0,-0.0,3.155369307385874,0,0.0,-0.0,1.0007010409964314,0,0.0,-0.0,5.087562441424746
2022-08-16,23854.74,-0.009963967358959214,True,1.0,-0.009963967358959214,5.566929905625995,0,0.0,-0.0,1.6251263137946739,0,0.0,-0.0,8.57606521057453,0,0.0,-0.0,3.0169992929629688,0,0.0,-0.0,2.6684543394188047,0,0.0,-0.0,3.155369307385874,0,0.0,-0.0,1.0007010409964314,0,0.0,-0.0,5.087562441424746
2022-08-17,23342.66,-0.021466593222143726,False,1.0,-0.021466593222143726,5.447426885845735,0,0.0,-0.0,1.6251263137946739,0,0.0,-0.0,8.57606521057453,0,0.0,-0.0,3.0169992929629688,0,0.0,-0.0,2.6684543394188047,0,0.0,-0.0,3.155369307385874,0,0.0,-0.0,1.0007010409964314,0,0.0,-0.0,5.087562441424746
2022-08-18,23191.2,-0.006488549291297496,False,1.0,-0.006488549291297496,5.412080987986186,0,0.0,-0.0,1.6251263137946739,0,0.0,-0.0,8.57606521057453,0,0.0,-0.0,3.0169992929629688,0,0.0,-0.0,2.6684543394188047,0,0.0,-0.0,3.155369307385874,0,0.0,-0.0,1.0007010409964314,0,0.0,-0.0,5.087562441424746
2022-08-19,20834.39,-0.10162518541515753,False,1.0,-0.10162518541515753,4.862077254100241,0,0.0,-0.0,1.6251263137946739,0,0.0,-0.0,8.57606521057453,0,0.0,-0.0,3.0169992929629688,0,0.0,-0.0,2.6684543394188047,0,0.0,-0.0,3.155369307385874,0,0.0,-0.0,1.0007010409964314,0,0.0,-0.0,5.087562441424746
2022-08-20,21140.07,0.014671895841442906,False,1.0,0.014671895841442906,4.933413145145448,0,0.0,0.0,1.6251263137946739,0,0.0,0.0,8.57606521057453,0,0.0,0.0,3.0169992929629688,0,0.0,0.0,2.6684543394188047,0,0.0,0.0,3.155369307385874,0,0.0,0.0,1.0007010409964314,0,0.0,0.0,5.087562441424746
2022-08-21,21515.61,0.017764368802941632,False,1.0,0.017764368802941632,5.0210521157130925,0,0.0,0.0,1.6251263137946739,0,0.0,0.0,8.57606521057453,0,0.0,0.0,3.0169992929629688,0,0.0,0.0,2.6684543394188047,0,0.0,0.0,3.155369307385874,0,0.0,0.0,1.0007010409964314,0,0.0,0.0,5.087562441424746
2022-08-22,21399.83,-0.0053812092708502846,False,1.0,-0.0053812092708502846,4.994032783518595,0,0.0,-0.0,1.6251263137946739,0,0.0,-0.0,8.57606521057453,0,0.0,-0.0,3.0169992929629688,0,0.0,-0.0,2.6684543394188047,0,0.0,-0.0,3.155369307385874,0,0.0,-0.0,1.0007010409964314,0,0.0,-0.0,5.087562441424746
2022-08-23,21529.12,0.006041636779357429,False,1.0,0.006041636779357429,5.0242049156608175,0,0.0,0.0,1.6251263137946739,0,0.0,0.0,8.57606521057453,0,0.0,0.0,3.0169992929629688,0,0.0,0.0,2.6684543394188047,0,0.0,0.0,3.155369307385874,0,0.0,0.0,1.0007010409964314,0,0.0,0.0,5.087562441424746
2022-08-24,21368.08,-0.0074801013696795815,False,1.0,-0.0074801013696795815,4.986623353589632,0,0.0,-0.0,1.6251263137946739,0,0.0,-0.0,8.57606521057453,0,0.0,-0.0,3.0169992929629688,0,0.0,-0.0,2.6684543394188047,0,0.0,-0.0,3.155369307385874,0,0.0,-0.0,1.0007010409964314,0,0.0,-0.0,5.087562441424746
2022-08-25,21559.04,0.008936694359062525,False,1.0,0.008936694359062525,5.031187282384426,0,0.0,0.0,1.6251263137946739,0,0.0,0.0,8.57606521057453,0,0.0,0.0,3.0169992929629688,0,0.0,0.0,2.6684543394188047,0,0.0,0.0,3.155369307385874,0,0.0,0.0,1.0007010409964314,0,0.0,0.0,5.087562441424746
2022-08-26,20241.05,-0.061133983702428396,False,1.0,-0.061133983702428396,4.7236107610592715,0,0.0,-0.0,1.6251263137946739,0,0.0,-0.0,8.57606521057453,0,0.0,-0.0,3.0169992929629688,0,0.0,-0.0,2.6684543394188047,0,0.0,-0.0,3.155369307385874,0,0.0,-0.0,1.0007010409964314,0,0.0,-0.0,5.087562441424746
2022-08-27,20037.6,-0.010051356031431258,False,1.0,-0.010051356031431258,4.676132067545964,0,0.0,-0.0,1.6251263137946739,0,0.0,-0.0,8.57606521057453,0,0.0,-0.0,3.0169992929629688,0,0.0,-0.0,2.6684543394188047,0,0.0,-0.0,3.155369307385874,0,0.0,-0.0,1.0007010409964314,0,0.0,-0.0,5.087562441424746
2022-08-28,19555.61,-0.024054277957439862,False,1.0,-0.024054277957439862,4.563651087027516,0,0.0,-0.0,1.6251263137946739,0,0.0,-0.0,8.57606521057453,0,0.0,-0.0,3.0169992929629688,0,0.0,-0.0,2.6684543394188047,0,0.0,-0.0,3.155369307385874,0,0.0,-0.0,1.0007010409964314,0,0.0,-0.0,5.087562441424746
2022-08-29,20285.73,0.03733557787253883,False,1.0,0.03733557787253883,4.734037637570328,0,0.0,0.0,1.6251263137946739,0,0.0,0.0,8.57606521057453,0,0.0,0.0,3.0169992929629688,0,0.0,0.0,2.6684543394188047,0,0.0,0.0,3.155369307385874,0,0.0,0.0,1.0007010409964314,0,0.0,0.0,5.087562441424746
2022-08-30,19811.66,-0.02336962978408963,False,1.0,-0.02336962978408963,4.623404930596363,0,0.0,-0.0,1.6251263137946739,0,0.0,-0.0,8.57606521057453,0,0.0,-0.0,3.0169992929629688,0,0.0,-0.0,2.6684543394188047,0,0.0,-0.0,3.155369307385874,0,0.0,-0.0,1.0007010409964314,0,0.0,-0.0,5.087562441424746
2022-08-31,20050.02,0.012031298740236895,False,1.0,0.012031298740236895,4.679030496513453,0,0.0,0.0,1.6251263137946739,0,0.0,0.0,8.57606521057453,0,0.0,0.0,3.0169992929629688,0,0.0,0.0,2.6684543394188047,0,0.0,0.0,3.155369307385874,0,0.0,0.0,1.0007010409964314,0,0.0,0.0,5.087562441424746
2022-09-01,20131.46,0.004061841334821459,False,1.0,0.004061841334821459,4.698035975991081,0,0.0,0.0,1.6251263137946739,0,0.0,0.0,8.57606521057453,0,0.0,0.0,3.0169992929629688,0,0.0,0.0,2.6684543394188047,0,0.0,0.0,3.155369307385874,0,0.0,0.0,1.0007010409964314,0,0.0,0.0,5.087562441424746
2022-09-02,19951.86,-0.00892135990136822,False,1.0,-0.00892135990136822,4.656123106219689,0,0.0,-0.0,1.6251263137946739,0,0.0,-0.0,8.57606521057453,0,0.0,-0.0,3.0169992929629688,0,0.0,-0.0,2.6684543394188047,0,0.0,-0.0,3.155369307385874,0,0.0,-0.0,1.0007010409964314,0,0.0,-0.0,5.087562441424746
2022-09-03,19831.9,-0.006012472020152426,False,1.0,-0.006012472020152426,4.628128296321158,0,0.0,-0.0,1.6251263137946739,0,0.0,-0.0,8.57606521057453,0,0.0,-0.0,3.0169992929629688,0,0.0,-0.0,2.6684543394188047,0,0.0,-0.0,3.155369307385874,0,0.0,-0.0,1.0007010409964314,0,0.0,-0.0,5.087562441424746
2022-09-04,20000.3,0.00849136996455191,False,1.0,0.00849136996455191,4.667427445928633,0,0.0,0.0,1.6251263137946739,0,0.0,0.0,8.57606521057453,0,0.0,0.0,3.0169992929629688,0,0.0,0.0,2.6684543394188047,0,0.0,0.0,3.155369307385874,0,0.0,0.0,1.0007010409964314,0,0.0,0.0,5.087562441424746
2022-09-05,19796.84,-0.010172847407288854,False,1.0,-0.010172847407288854,4.619946418736609,0,0.0,-0.0,1.6251263137946739,0,0.0,-0.0,8.57606521057453,0,0.0,-0.0,3.0169992929629688,0,0.0,-0.0,2.6684543394188047,0,0.0,-0.0,3.155369307385874,0,0.0,-0.0,1.0007010409964314,0,0.0,-0.0,5.087562441424746
2022-09-06,18790.61,-0.05082780888262972,False,1.0,-0.05082780888262972,4.3851246651170745,0,0.0,-0.0,1.6251263137946739,0,0.0,-0.0,8.57606521057453,0,0.0,-0.0,3.0169992929629688,0,0.0,-0.0,2.6684543394188047,0,0.0,-0.0,3.155369307385874,0,0.0,-0.0,1.0007010409964314,0,0.0,-0.0,5.087562441424746
2022-09-07,19292.84,0.026727711340930327,False,1.0,0.026727711340930327,4.502329011360318,0,0.0,0.0,1.6251263137946739,0,0.0,0.0,8.57606521057453,0,0.0,0.0,3.0169992929629688,0,0.0,0.0,2.6684543394188047,0,0.0,0.0,3.155369307385874,0,0.0,0.0,1.0007010409964314,0,0.0,0.0,5.087562441424746
2022-09-08,19319.77,0.0013958546279344564,False,1.0,0.0013958546279344564,4.508613608147308,0,0.0,0.0,1.6251263137946739,0,0.0,0.0,8.57606521057453,0,0.0,0.0,3.0169992929629688,0,0.0,0.0,2.6684543394188047,0,0.0,0.0,3.155369307385874,0,0.0,0.0,1.0007010409964314,0,0.0,0.0,5.087562441424746
2022-09-09,21360.11,0.10560891770450676,True,1.0,0.10560891770450676,4.9847634116515565,0,0.0,0.0,1.6251263137946739,1,0.0,0.0,8.57606521057453,0,0.0,0.0,3.0169992929629688,0,0.0,0.0,2.6684543394188047,0,0.0,0.0,3.155369307385874,0,0.0,0.0,1.0007010409964314,0,0.0,0.0,5.087562441424746
2022-09-10,21648.34,0.013493844366906371,True,1.0,0.013493844366906371,5.052027033334232,0,0.0,0.0,1.6251263137946739,0,1.0,0.01249384436690637,8.683213234595888,0,0.0,0.0,3.0169992929629688,0,0.0,0.0,2.6684543394188047,0,0.0,0.0,3.155369307385874,0,0.0,0.0,1.0007010409964314,0,0.0,0.0,5.087562441424746
2022-09-11,21826.87,0.008246821696259232,True,1.0,0.008246821696259232,5.093690199482821,0,0.0,0.0,1.6251263137946739,0,1.0,0.008246821696259232,8.754822145892199,0,0.0,0.0,3.0169992929629688,0,0.0,0.0,2.6684543394188047,0,0.0,0.0,3.155369307385874,0,0.0,0.0,1.0007010409964314,0,0.0,0.0,5.087562441424746
2022-09-12,22395.74,0.02606282989727804,True,1.0,0.02606282989727804,5.226446180701374,0,0.0,0.0,1.6251263137946739,0,1.0,0.02606282989727804,8.98299758626151,0,0.0,0.0,3.0169992929629688,0,0.0,0.0,2.6684543394188047,0,0.0,0.0,3.155369307385874,0,0.0,0.0,1.0007010409964314,0,0.0,0.0,5.087562441424746
2022-09-13,20173.57,-0.0992228879242214,False,1.0,-0.0992228879242214,4.707863097071667,0,0.0,-0.0,1.6251263137946739,0,1.0,-0.0992228879242214,8.091678623536332,0,0.0,-0.0,3.0169992929629688,0,0.0,-0.0,2.6684543394188047,0,0.0,-0.0,3.155369307385874,0,0.0,-0.0,1.0007010409964314,0,0.0,-0.0,5.087562441424746
2022-09-14,20226.71,0.0026341396193136912,False,1.0,0.0026341396193136912,4.720264265777968,0,0.0,0.0,1.6251263137946739,0,1.0,0.0026341396193136912,8.112993234785343,0,0.0,0.0,3.0169992929629688,0,0.0,0.0,2.6684543394188047,0,0.0,0.0,3.155369307385874,0,0.0,0.0,1.0007010409964314,0,0.0,0.0,5.087562441424746
2022-09-15,19701.88,-0.02594737354715615,False,1.0,-0.02594737354715615,4.597785805632534,0,0.0,-0.0,1.6251263137946739,0,1.0,-0.02594737354715615,7.902482368736816,0,0.0,-0.0,3.0169992929629688,0,0.0,-0.0,2.6684543394188047,0,0.0,-0.0,3.155369307385874,0,0.0,-0.0,1.0007010409964314,0,0.0,-0.0,5.087562441424746
2022-09-16,19803.3,0.005147732094602064,False,1.0,0.005147732094602064,4.621453975188294,0,0.0,0.0,1.6251263137946739,0,1.0,0.005147732094602064,7.94316223085339,0,0.0,0.0,3.0169992929629688,0,0.0,0.0,2.6684543394188047,0,0.0,0.0,3.155369307385874,0,0.0,0.0,1.0007010409964314,0,0.0,0.0,5.087562441424746
2022-09-17,20113.62,0.015670115586796207,True,1.0,0.015670115586796207,4.6938726931585535,0,0.0,0.0,1.6251263137946739,0,1.0,0.015670115586796207,8.067632501135536,0,0.0,0.0,3.0169992929629688,0,0.0,0.0,2.6684543394188047,0,0.0,0.0,3.155369307385874,0,0.0,0.0,1.0007010409964314,0,0.0,0.0,5.087562441424746
2022-09-18,19416.18,-0.03467501126102601,False,1.0,-0.03467501126102601,4.531112604665458,0,0.0,-0.0,1.6251263137946739,0,1.0,-0.03467501126102601,7.787887253308842,0,0.0,-0.0,3.0169992929629688,0,0.0,-0.0,2.6684543394188047,0,0.0,-0.0,3.155369307385874,0,0.0,-0.0,1.0007010409964314,0,0.0,-0.0,5.087562441424746
2022-09-19,19537.02,0.006223675305853105,False,1.0,0.006223675305853105,4.5593127782911544,0,0.0,0.0,1.6251263137946739,0,1.0,0.006223675305853105,7.836356534892028,0,0.0,0.0,3.0169992929629688,0,0.0,0.0,2.6684543394188047,0,0.0,0.0,3.155369307385874,0,0.0,0.0,1.0007010409964314,0,0.0,0.0,5.087562441424746
2022-09-20,18875.0,-0.03388541343562124,False,1.0,-0.03388541343562124,4.404818579816448,0,0.0,-0.0,1.6251263137946739,0,1.0,-0.03388541343562124,7.57081835387828,0,0.0,-0.0,3.0169992929629688,0,0.0,-0.0,2.6684543394188047,0,0.0,-0.0,3.155369307385874,0,0.0,-0.0,1.0007010409964314,0,0.0,-0.0,5.087562441424746
2022-09-21,18461.36,-0.021914701986754936,False,1.0,-0.021914701986754936,4.30828829333405,0,0.0,-0.0,1.6251263137946739,0,1.0,-0.021914701986754936,7.404906125857183,0,0.0,-0.0,3.0169992929629688,0,0.0,-0.0,2.6684543394188047,0,0.0,-0.0,3.155369307385874,0,0.0,-0.0,1.0007010409964314,0,0.0,-0.0,5.087562441424746
2022-09-22,19401.63,0.050931784007245406,False,1.0,0.050931784007245406,4.527717102131083,0,0.0,0.0,1.6251263137946739,0,1.0,0.050931784007245406,7.7820512052532695,0,0.0,0.0,3.0169992929629688,0,0.0,0.0,2.6684543394188047,0,0.0,0.0,3.155369307385874,0,0.0,0.0,1.0007010409964314,0,0.0,0.0,5.087562441424746
2022-09-23,19289.91,-0.00575827907242854,False,1.0,-0.00575827907242854,4.501645243496005,0,0.0,-0.0,1.6251263137946739,0,1.0,-0.00575827907242854,7.737239982657492,0,0.0,-0.0,3.0169992929629688,0,0.0,-0.0,2.6684543394188047,0,0.0,-0.0,3.155369307385874,0,0.0,-0.0,1.0007010409964314,0,0.0,-0.0,5.087562441424746
2022-09-24,18920.5,-0.019150426310957425,False,1.0,-0.019150426310957425,4.415436817982362,0,0.0,-0.0,1.6251263137946739,0,1.0,-0.019150426310957425,7.589068538519416,0,0.0,-0.0,3.0169992929629688,0,0.0,-0.0,2.6684543394188047,0,0.0,-0.0,3.155369307385874,0,0.0,-0.0,1.0007010409964314,0,0.0,-0.0,5.087562441424746
2022-09-25,18807.38,-0.005978700351470523,False,1.0,-0.005978700351470523,4.3890382443267955,0,0.0,-0.0,1.6251263137946739,0,1.0,-0.005978700351470523,7.543695771780836,0,0.0,-0.0,3.0169992929629688,0,0.0,-0.0,2.6684543394188047,0,0.0,-0.0,3.155369307385874,0,0.0,-0.0,1.0007010409964314,0,0.0,-0.0,5.087562441424746
2022-09-26,19227.82,0.022355054239346472,True,1.0,0.022355054239346472,4.487155432337287,0,0.0,0.0,1.6251263137946739,0,1.0,0.022355054239346472,7.712335499924126,0,0.0,0.0,3.0169992929629688,0,0.0,0.0,2.6684543394188047,0,0.0,0.0,3.155369307385874,0,0.0,0.0,1.0007010409964314,0,0.0,0.0,5.087562441424746
2022-09-27,19079.13,-0.007733065942992945,False,1.0,-0.007733065942992945,4.4524559634825644,0,0.0,-0.0,1.6251263137946739,0,1.0,-0.007733065942992945,7.6526955009287265,0,0.0,-0.0,3.0169992929629688,0,0.0,-0.0,2.6684543394188047,0,0.0,-0.0,3.155369307385874,0,0.0,-0.0,1.0007010409964314,0,0.0,-0.0,5.087562441424746
2022-09-28,19412.82,0.017489791201171112,True,1.0,0.017489791201171112,4.530328488616283,0,0.0,0.0,1.6251263137946739,0,1.0,0.017489791201171112,7.786539547366112,0,0.0,0.0,3.0169992929629688,0,0.0,0.0,2.6684543394188047,0,0.0,0.0,3.155369307385874,0,0.0,0.0,1.0007010409964314,0,0.0,0.0,5.087562441424746
2022-09-29,19591.51,0.009204742020994416,False,1.0,0.009204742020994416,4.572028993624357,0,0.0,0.0,1.6251263137946739,0,1.0,0.009204742020994416,7.858212635135888,0,0.0,0.0,3.0169992929629688,0,0.0,0.0,2.6684543394188047,0,0.0,0.0,3.155369307385874,0,0.0,0.0,1.0007010409964314,0,0.0,0.0,5.087562441424746
2022-09-30,19422.61,-0.008621081274490683,False,1.0,-0.008621081274490683,4.532613160080994,0,0.0,-0.0,1.6251263137946739,0,0.0,-0.001,7.850354422500752,0,0.0,-0.0,3.0169992929629688,0,0.0,-0.0,2.6684543394188047,0,0.0,-0.0,3.155369307385874,0,0.0,-0.0,1.0007010409964314,0,0.0,-0.0,5.087562441424746
2022-10-01,19310.95,-0.005748969886127497,False,1.0,-0.005748969886127497,4.5065553035182235,0,0.0,-0.0,1.6251263137946739,0,0.0,-0.0,7.850354422500752,0,0.0,-0.0,3.0169992929629688,0,0.0,-0.0,2.6684543394188047,0,0.0,-0.0,3.155369307385874,0,0.0,-0.0,1.0007010409964314,0,0.0,-0.0,5.087562441424746
2022-10-02,19056.8,-0.01316092683166814,False,1.0,-0.01316092683166814,4.447244858905754,0,0.0,-0.0,1.6251263137946739,0,0.0,-0.0,7.850354422500752,0,0.0,-0.0,3.0169992929629688,0,0.0,-0.0,2.6684543394188047,0,0.0,-0.0,3.155369307385874,0,0.0,-0.0,1.0007010409964314,0,0.0,-0.0,5.087562441424746
2022-10-03,19629.08,0.03003022543134226,False,1.0,0.03003022543134226,4.580796624567072,0,0.0,0.0,1.6251263137946739,0,0.0,0.0,7.850354422500752,0,0.0,0.0,3.0169992929629688,0,0.0,0.0,2.6684543394188047,0,0.0,0.0,3.155369307385874,0,0.0,0.0,1.0007010409964314,0,0.0,0.0,5.087562441424746
2022-10-04,20337.82,0.03610663362725086,True,1.0,0.03610663362725086,4.746193770011263,0,0.0,0.0,1.6251263137946739,0,0.0,0.0,7.850354422500752,0,0.0,0.0,3.0169992929629688,0,0.0,0.0,2.6684543394188047,0,0.0,0.0,3.155369307385874,0,0.0,0.0,1.0007010409964314,0,0.0,0.0,5.087562441424746
2022-10-05,20158.26,-0.00882887153097045,True,1.0,-0.00882887153097045,4.704290234954741,0,0.0,-0.0,1.6251263137946739,0,0.0,-0.0,7.850354422500752,0,0.0,-0.0,3.0169992929629688,0,0.0,-0.0,2.6684543394188047,0,0.0,-0.0,3.155369307385874,0,0.0,-0.0,1.0007010409964314,0,0.0,-0.0,5.087562441424746
2022-10-06,19960.67,-0.00980193727037948,True,1.0,-0.00980193727037948,4.658179077170056,0,0.0,-0.0,1.6251263137946739,0,0.0,-0.0,7.850354422500752,0,0.0,-0.0,3.0169992929629688,0,0.0,-0.0,2.6684543394188047,0,0.0,-0.0,3.155369307385874,0,0.0,-0.0,1.0007010409964314,0,0.0,-0.0,5.087562441424746
2022-10-07,19530.09,-0.02157142019781888,False,1.0,-0.02157142019781888,4.557695538939733,0,0.0,-0.0,1.6251263137946739,0,0.0,-0.0,7.850354422500752,0,0.0,-0.0,3.0169992929629688,0,0.0,-0.0,2.6684543394188047,0,0.0,-0.0,3.155369307385874,0,0.0,-0.0,1.0007010409964314,0,0.0,-0.0,5.087562441424746
2022-10-08,19417.96,-0.005741396993050318,True,1.0,-0.005741396993050318,4.531527999477225,0,0.0,-0.0,1.6251263137946739,0,0.0,-0.0,7.850354422500752,0,0.0,-0.0,3.0169992929629688,0,0.0,-0.0,2.6684543394188047,0,0.0,-0.0,3.155369307385874,0,0.0,-0.0,1.0007010409964314,0,0.0,-0.0,5.087562441424746
2022-10-09,19439.02,0.0010845629510001231,False,1.0,0.0010845629510001231,4.536442726856878,0,0.0,0.0,1.6251263137946739,0,0.0,0.0,7.850354422500752,0,0.0,0.0,3.0169992929629688,0,0.0,0.0,2.6684543394188047,0,0.0,0.0,3.155369307385874,0,0.0,0.0,1.0007010409964314,0,0.0,0.0,5.087562441424746
2022-10-10,19131.87,-0.015800693656367493,True,1.0,-0.015800693656367493,4.464763785040156,0,0.0,-0.0,1.6251263137946739,0,0.0,-0.0,7.850354422500752,0,0.0,-0.0,3.0169992929629688,0,0.0,-0.0,2.6684543394188047,0,0.0,-0.0,3.155369307385874,0,0.0,-0.0,1.0007010409964314,0,0.0,-0.0,5.087562441424746
2022-10-11,19060.0,-0.003756559081783406,True,1.0,-0.003756559081783406,4.447991636095446,0,0.0,-0.0,1.6251263137946739,0,0.0,-0.0,7.850354422500752,0,0.0,-0.0,3.0169992929629688,0,0.0,-0.0,2.6684543394188047,0,0.0,-0.0,3.155369307385874,0,0.0,-0.0,1.0007010409964314,0,0.0,-0.0,5.087562441424746
2022-10-12,19155.53,0.005012067156348277,False,1.0,0.005012067156348277,4.470285268886432,0,0.0,0.0,1.6251263137946739,0,0.0,0.0,7.850354422500752,0,0.0,0.0,3.0169992929629688,0,0.0,0.0,2.6684543394188047,0,0.0,0.0,3.155369307385874,0,0.0,0.0,1.0007010409964314,0,0.0,0.0,5.087562441424746
2022-10-13,19375.13,0.011464052417239357,True,1.0,0.011464052417239357,4.521532853528959,0,0.0,0.0,1.6251263137946739,0,0.0,0.0,7.850354422500752,0,0.0,0.0,3.0169992929629688,0,0.0,0.0,2.6684543394188047,0,0.0,0.0,3.155369307385874,0,0.0,0.0,1.0007010409964314,0,0.0,0.0,5.087562441424746
2022-10-14,19176.93,-0.010229608781979871,True,1.0,-0.010229608781979871,4.475279341342489,0,0.0,-0.0,1.6251263137946739,0,0.0,-0.0,7.850354422500752,0,0.0,-0.0,3.0169992929629688,0,0.0,-0.0,2.6684543394188047,0,0.0,-0.0,3.155369307385874,0,0.0,-0.0,1.0007010409964314,0,0.0,-0.0,5.087562441424746
2022-10-15,19069.39,-0.005607779764540077,True,1.0,-0.005607779764540077,4.4501829604114445,0,0.0,-0.0,1.6251263137946739,0,0.0,-0.0,7.850354422500752,0,0.0,-0.0,3.0169992929629688,0,0.0,-0.0,2.6684543394188047,0,0.0,-0.0,3.155369307385874,0,0.0,-0.0,1.0007010409964314,0,0.0,-0.0,5.087562441424746
2022-10-16,19262.98,0.010151871664484391,True,1.0,0.010151871664484391,4.495360646709017,0,0.0,0.0,1.6251263137946739,0,0.0,0.0,7.850354422500752,0,0.0,0.0,3.0169992929629688,0,0.0,0.0,2.6684543394188047,0,0.0,0.0,3.155369307385874,0,0.0,0.0,1.0007010409964314,0,0.0,0.0,5.087562441424746
2022-10-17,19549.86,0.01489281513036933,True,1.0,0.01489281513036933,4.562309221764791,0,0.0,0.0,1.6251263137946739,0,0.0,0.0,7.850354422500752,0,0.0,0.0,3.0169992929629688,0,0.0,0.0,2.6684543394188047,0,0.0,0.0,3.155369307385874,0,0.0,0.0,1.0007010409964314,0,0.0,0.0,5.087562441424746
2022-10-18,19327.44,-0.011377063569764756,False,1.0,-0.011377063569764756,4.51040353972385,0,0.0,-0.0,1.6251263137946739,0,0.0,-0.0,7.850354422500752,0,0.0,-0.0,3.0169992929629688,0,0.0,-0.0,2.6684543394188047,0,0.0,-0.0,3.155369307385874,0,0.0,-0.0,1.0007010409964314,0,0.0,-0.0,5.087562441424746
2022-10-19,19123.97,-0.01052751942316199,False,1.0,-0.01052751942316199,4.462920178853109,0,0.0,-0.0,1.6251263137946739,0,0.0,-0.0,7.850354422500752,0,0.0,-0.0,3.0169992929629688,0,0.0,-0.0,2.6684543394188047,0,0.0,-0.0,3.155369307385874,0,0.0,-0.0,1.0007010409964314,0,0.0,-0.0,5.087562441424746
2022-10-20,19041.92,-0.004290427144573172,False,1.0,-0.004290427144573172,4.443772344973694,0,0.0,-0.0,1.6251263137946739,0,0.0,-0.0,7.850354422500752,0,0.0,-0.0,3.0169992929629688,0,0.0,-0.0,2.6684543394188047,0,0.0,-0.0,3.155369307385874,0,0.0,-0.0,1.0007010409964314,0,0.0,-0.0,5.087562441424746
2022-10-21,19164.37,0.006430549020266962,False,1.0,0.006430549020266962,4.472348240872954,0,0.0,0.0,1.6251263137946739,0,0.0,0.0,7.850354422500752,0,0.0,0.0,3.0169992929629688,0,0.0,0.0,2.6684543394188047,0,0.0,0.0,3.155369307385874,0,0.0,0.0,1.0007010409964314,0,0.0,0.0,5.087562441424746
2022-10-22,19204.35,0.002086163020229792,True,1.0,0.002086163020229792,4.481678288386653,0,0.0,0.0,1.6251263137946739,0,0.0,0.0,7.850354422500752,0,0.0,0.0,3.0169992929629688,0,0.0,0.0,2.6684543394188047,0,0.0,0.0,3.155369307385874,0,0.0,0.0,1.0007010409964314,0,0.0,0.0,5.087562441424746
2022-10-23,19570.4,0.019060785707404992,False,1.0,0.019060785707404992,4.567102597851121,0,0.0,0.0,1.6251263137946739,0,0.0,0.0,7.850354422500752,0,0.0,0.0,3.0169992929629688,0,0.0,0.0,2.6684543394188047,0,0.0,0.0,3.155369307385874,0,0.0,0.0,1.0007010409964314,0,0.0,0.0,5.087562441424746
2022-10-24,19329.72,-0.012298164575072601,False,1.0,-0.012298164575072601,4.510935618471506,0,0.0,-0.0,1.6251263137946739,0,0.0,-0.0,7.850354422500752,0,0.0,-0.0,3.0169992929629688,0,0.0,-0.0,2.6684543394188047,0,0.0,-0.0,3.155369307385874,0,0.0,-0.0,1.0007010409964314,0,0.0,-0.0,5.087562441424746
2022-10-25,20080.07,0.03881846193323013,False,1.0,0.03881846193323013,4.686043201060394,0,0.0,0.0,1.6251263137946739,0,0.0,0.0,7.850354422500752,0,0.0,0.0,3.0169992929629688,0,0.0,0.0,2.6684543394188047,0,0.0,0.0,3.155369307385874,0,0.0,0.0,1.0007010409964314,0,0.0,0.0,5.087562441424746
2022-10-26,20771.59,0.03443812695872084,True,1.0,0.03443812695872084,4.847421751752562,0,0.0,0.0,1.6251263137946739,0,0.0,0.0,7.850354422500752,0,0.0,0.0,3.0169992929629688,0,0.0,0.0,2.6684543394188047,0,0.0,0.0,3.155369307385874,0,0.0,0.0,1.0007010409964314,0,0.0,0.0,5.087562441424746
2022-10-27,20295.11,-0.022939023926430213,True,1.0,-0.022939023926430213,4.7362266282076115,0,0.0,-0.0,1.6251263137946739,0,0.0,-0.0,7.850354422500752,0,0.0,-0.0,3.0169992929629688,0,0.0,-0.0,2.6684543394188047,0,0.0,-0.0,3.155369307385874,0,0.0,-0.0,1.0007010409964314,0,0.0,-0.0,5.087562441424746
2022-10-28,20591.84,0.014620763326732344,True,1.0,0.014620763326732344,4.805473876800402,0,0.0,0.0,1.6251263137946739,0,0.0,0.0,7.850354422500752,0,0.0,0.0,3.0169992929629688,0,0.0,0.0,2.6684543394188047,0,0.0,0.0,3.155369307385874,0,0.0,0.0,1.0007010409964314,0,0.0,0.0,5.087562441424746
2022-10-29,20809.67,0.010578462148112866,True,1.0,0.010578462148112866,4.856308400309881,0,0.0,0.0,1.6251263137946739,0,0.0,0.0,7.850354422500752,0,0.0,0.0,3.0169992929629688,0,0.0,0.0,2.6684543394188047,0,0.0,0.0,3.155369307385874,0,0.0,0.0,1.0007010409964314,0,0.0,0.0,5.087562441424746
2022-10-30,20627.48,-0.008755064352293895,True,1.0,-0.008755064352293895,4.813791107750582,0,0.0,-0.0,1.6251263137946739,0,0.0,-0.0,7.850354422500752,0,0.0,-0.0,3.0169992929629688,0,0.0,-0.0,2.6684543394188047,0,0.0,-0.0,3.155369307385874,0,0.0,-0.0,1.0007010409964314,0,0.0,-0.0,5.087562441424746
2022-10-31,20490.74,-0.006629021092251608,True,1.0,-0.006629021092251608,4.7818803849636105,0,0.0,-0.0,1.6251263137946739,0,0.0,-0.0,7.850354422500752,0,0.0,-0.0,3.0169992929629688,0,0.0,-0.0,2.6684543394188047,0,0.0,-0.0,3.155369307385874,0,0.0,-0.0,1.0007010409964314,0,0.0,-0.0,5.087562441424746
2022-11-01,20483.62,-0.000347474029732564,True,1.0,-0.000347474029732564,4.780218805716548,0,0.0,-0.0,1.6251263137946739,0,0.0,-0.0,7.850354422500752,0,0.0,-0.0,3.0169992929629688,0,0.0,-0.0,2.6684543394188047,0,0.0,-0.0,3.155369307385874,0,0.0,-0.0,1.0007010409964314,0,0.0,-0.0,5.087562441424746
2022-11-02,20151.84,-0.01619733230747289,True,1.0,-0.01619733230747289,4.702792013217926,0,0.0,-0.0,1.6251263137946739,0,0.0,-0.0,7.850354422500752,0,0.0,-0.0,3.0169992929629688,0,0.0,-0.0,2.6684543394188047,0,0.0,-0.0,3.155369307385874,0,0.0,-0.0,1.0007010409964314,0,0.0,-0.0,5.087562441424746
2022-11-03,20207.82,0.0027779101064715483,True,1.0,0.0027779101064715483,4.715855946680078,0,0.0,0.0,1.6251263137946739,0,0.0,0.0,7.850354422500752,0,0.0,0.0,3.0169992929629688,0,0.0,0.0,2.6684543394188047,0,0.0,0.0,3.155369307385874,0,0.0,0.0,1.0007010409964314,0,0.0,0.0,5.087562441424746
2022-11-04,21148.52,0.04655128559141963,True,1.0,0.04655128559141963,4.935385103661977,0,0.0,0.0,1.6251263137946739,0,0.0,0.0,7.850354422500752,0,0.0,0.0,3.0169992929629688,0,0.0,0.0,2.6684543394188047,0,0.0,0.0,3.155369307385874,0,0.0,0.0,1.0007010409964314,0,0.0,0.0,5.087562441424746
2022-11-05,21299.37,0.007132886840308439,True,1.0,0.007132886840308439,4.970588647119742,0,0.0,0.0,1.6251263137946739,0,0.0,0.0,7.850354422500752,0,0.0,0.0,3.0169992929629688,0,0.0,0.0,2.6684543394188047,0,0.0,0.0,3.155369307385874,0,0.0,0.0,1.0007010409964314,0,0.0,0.0,5.087562441424746
2022-11-06,20905.58,-0.018488340265463088,True,1.0,-0.018488340265463088,4.878690712892144,0,0.0,-0.0,1.6251263137946739,0,0.0,-0.0,7.850354422500752,0,0.0,-0.0,3.0169992929629688,0,0.0,-0.0,2.6684543394188047,0,0.0,-0.0,3.155369307385874,0,0.0,-0.0,1.0007010409964314,0,0.0,-0.0,5.087562441424746
2022-11-07,20591.13,-0.015041438697228293,True,1.0,-0.015041438697228293,4.80530818561144,0,0.0,-0.0,1.6251263137946739,0,0.0,-0.0,7.850354422500752,0,0.0,-0.0,3.0169992929629688,0,0.0,-0.0,2.6684543394188047,0,0.0,-0.0,3.155369307385874,0,0.0,-0.0,1.0007010409964314,0,0.0,-0.0,5.087562441424746
2022-11-08,18547.23,-0.09926118673428808,False,1.0,-0.09926118673428808,4.32832759248366,0,0.0,-0.0,1.6251263137946739,0,0.0,-0.0,7.850354422500752,0,0.0,-0.0,3.0169992929629688,0,0.0,-0.0,2.6684543394188047,0,0.0,-0.0,3.155369307385874,0,0.0,-0.0,1.0007010409964314,0,0.0,-0.0,5.087562441424746
2022-11-09,15922.81,-0.14149929666047167,False,1.0,-0.14149929666047167,3.7158722824311097,0,0.0,-0.0,1.6251263137946739,0,0.0,-0.0,7.850354422500752,0,0.0,-0.0,3.0169992929629688,0,0.0,-0.0,2.6684543394188047,0,0.0,-0.0,3.155369307385874,0,0.0,-0.0,1.0007010409964314,0,0.0,-0.0,5.087562441424746
2022-11-10,17601.15,0.10540476209915228,False,1.0,0.10540476209915228,4.107542916351595,0,0.0,0.0,1.6251263137946739,0,0.0,0.0,7.850354422500752,0,0.0,0.0,3.0169992929629688,0,0.0,0.0,2.6684543394188047,0,0.0,0.0,3.155369307385874,0,0.0,0.0,1.0007010409964314,0,0.0,0.0,5.087562441424746
2022-11-11,17070.31,-0.03015939299420778,False,1.0,-0.03015939299420778,3.983661915296773,0,0.0,-0.0,1.6251263137946739,0,0.0,-0.0,7.850354422500752,0,0.0,-0.0,3.0169992929629688,0,0.0,-0.0,2.6684543394188047,0,0.0,-0.0,3.155369307385874,0,0.0,-0.0,1.0007010409964314,0,0.0,-0.0,5.087562441424746
2022-11-12,16812.08,-0.015127434709738652,False,1.0,-0.015127434709738652,3.9233993297674488,0,0.0,-0.0,1.6251263137946739,0,0.0,-0.0,7.850354422500752,0,0.0,-0.0,3.0169992929629688,0,0.0,-0.0,2.6684543394188047,0,0.0,-0.0,3.155369307385874,0,0.0,-0.0,1.0007010409964314,0,0.0,-0.0,5.087562441424746
2022-11-13,16329.85,-0.028683541834204962,False,1.0,-0.028683541834204962,3.8108623409597726,0,0.0,-0.0,1.6251263137946739,0,0.0,-0.0,7.850354422500752,0,0.0,-0.0,3.0169992929629688,0,0.0,-0.0,2.6684543394188047,0,0.0,-0.0,3.155369307385874,0,0.0,-0.0,1.0007010409964314,0,0.0,-0.0,5.087562441424746
2022-11-14,16619.46,0.017735006751439686,False,1.0,0.017735006751439686,3.8784480103055015,0,0.0,0.0,1.6251263137946739,0,0.0,0.0,7.850354422500752,0,0.0,0.0,3.0169992929629688,0,0.0,0.0,2.6684543394188047,0,0.0,0.0,3.155369307385874,0,0.0,0.0,1.0007010409964314,0,0.0,0.0,5.087562441424746
2022-11-15,16900.57,0.016914508654312543,False,1.0,0.016914508654312543,3.9440500527411153,0,0.0,0.0,1.6251263137946739,0,0.0,0.0,7.850354422500752,0,0.0,0.0,3.0169992929629688,0,0.0,0.0,2.6684543394188047,0,0.0,0.0,3.155369307385874,0,0.0,0.0,1.0007010409964314,0,0.0,0.0,5.087562441424746
2022-11-16,16662.76,-0.014071123044962497,False,1.0,-0.014071123044962497,3.8885528391535042,0,0.0,-0.0,1.6251263137946739,0,0.0,-0.0,7.850354422500752,0,0.0,-0.0,3.0169992929629688,0,0.0,-0.0,2.6684543394188047,0,0.0,-0.0,3.155369307385874,0,0.0,-0.0,1.0007010409964314,0,0.0,-0.0,5.087562441424746
2022-11-17,16692.56,0.0017884192054620218,False,1.0,0.0017884192054620218,3.8955072017325003,0,0.0,0.0,1.6251263137946739,0,0.0,0.0,7.850354422500752,0,0.0,0.0,3.0169992929629688,0,0.0,0.0,2.6684543394188047,0,0.0,0.0,3.155369307385874,0,0.0,0.0,1.0007010409964314,0,0.0,0.0,5.087562441424746
2022-11-18,16700.45,0.00047266566662029774,False,1.0,0.00047266566662029774,3.8973484742408315,0,0.0,0.0,1.6251263137946739,0,0.0,0.0,7.850354422500752,0,0.0,0.0,3.0169992929629688,0,0.0,0.0,2.6684543394188047,0,0.0,0.0,3.155369307385874,0,0.0,0.0,1.0007010409964314,0,0.0,0.0,5.087562441424746
2022-11-19,16700.68,1.3772083985674755e-05,False,1.0,1.3772083985674755e-05,3.89740214885134,0,0.0,0.0,1.6251263137946739,0,0.0,0.0,7.850354422500752,0,0.0,0.0,3.0169992929629688,0,0.0,0.0,2.6684543394188047,0,0.0,0.0,3.155369307385874,0,0.0,0.0,1.0007010409964314,0,0.0,0.0,5.087562441424746
2022-11-20,16280.23,-0.025175621591456254,False,1.0,-0.025175621591456254,3.7992826271621305,0,0.0,-0.0,1.6251263137946739,0,0.0,-0.0,7.850354422500752,0,0.0,-0.0,3.0169992929629688,0,0.0,-0.0,2.6684543394188047,0,0.0,-0.0,3.155369307385874,0,0.0,-0.0,1.0007010409964314,0,0.0,-0.0,5.087562441424746
2022-11-21,15781.29,-0.03064698717401404,False,1.0,-0.03064698717401404,3.682846061217038,0,0.0,-0.0,1.6251263137946739,0,0.0,-0.0,7.850354422500752,0,0.0,-0.0,3.0169992929629688,0,0.0,-0.0,2.6684543394188047,0,0.0,-0.0,3.155369307385874,0,0.0,-0.0,1.0007010409964314,0,0.0,-0.0,5.087562441424746
2022-11-22,16226.94,0.028239136344367255,False,1.0,0.028239136344367255,3.786846453275062,0,0.0,0.0,1.6251263137946739,0,0.0,0.0,7.850354422500752,0,0.0,0.0,3.0169992929629688,0,0.0,0.0,2.6684543394188047,0,0.0,0.0,3.155369307385874,0,0.0,0.0,1.0007010409964314,0,0.0,0.0,5.087562441424746
2022-11-23,16603.11,0.023181819862524877,False,1.0,0.023181819862524877,3.8746324456019257,0,0.0,0.0,1.6251263137946739,0,0.0,0.0,7.850354422500752,0,0.0,0.0,3.0169992929629688,0,0.0,0.0,2.6684543394188047,0,0.0,0.0,3.155369307385874,0,0.0,0.0,1.0007010409964314,0,0.0,0.0,5.087562441424746
2022-11-24,16598.95,-0.00025055546822250196,False,1.0,-0.00025055546822250196,3.8736616352553277,0,0.0,-0.0,1.6251263137946739,0,0.0,-0.0,7.850354422500752,0,0.0,-0.0,3.0169992929629688,0,0.0,-0.0,2.6684543394188047,0,0.0,-0.0,3.155369307385874,0,0.0,-0.0,1.0007010409964314,0,0.0,-0.0,5.087562441424746
2022-11-25,16522.14,-0.004627401130794517,False,1.0,-0.004627401130794517,3.8557366490240317,0,0.0,-0.0,1.6251263137946739,0,0.0,-0.0,7.850354422500752,0,0.0,-0.0,3.0169992929629688,0,0.0,-0.0,2.6684543394188047,0,0.0,-0.0,3.155369307385874,0,0.0,-0.0,1.0007010409964314,0,0.0,-0.0,5.087562441424746
2022-11-26,16458.57,-0.0038475645406708114,False,1.0,-0.0038475645406708114,3.840901453415082,0,0.0,-0.0,1.6251263137946739,0,0.0,-0.0,7.850354422500752,0,0.0,-0.0,3.0169992929629688,0,0.0,-0.0,2.6684543394188047,0,0.0,-0.0,3.155369307385874,0,0.0,-0.0,1.0007010409964314,0,0.0,-0.0,5.087562441424746
2022-11-27,16428.78,-0.0018099992891241756,False,1.0,-0.0018099992891241756,3.8339494245148047,0,0.0,-0.0,1.6251263137946739,0,0.0,-0.0,7.850354422500752,0,0.0,-0.0,3.0169992929629688,0,0.0,-0.0,2.6684543394188047,0,0.0,-0.0,3.155369307385874,0,0.0,-0.0,1.0007010409964314,0,0.0,-0.0,5.087562441424746
2022-11-28,16212.91,-0.013139746225830473,False,1.0,-0.013139746225830473,3.7835723020340115,0,0.0,-0.0,1.6251263137946739,0,0.0,-0.0,7.850354422500752,0,0.0,-0.0,3.0169992929629688,0,0.0,-0.0,2.6684543394188047,0,0.0,-0.0,3.155369307385874,0,0.0,-0.0,1.0007010409964314,0,0.0,-0.0,5.087562441424746
2022-11-29,16442.53,0.014162787556336154,True,1.0,0.014162787556336154,3.837158232751757,0,0.0,0.0,1.6251263137946739,0,0.0,0.0,7.850354422500752,0,0.0,0.0,3.0169992929629688,0,0.0,0.0,2.6684543394188047,0,0.0,0.0,3.155369307385874,0,0.0,0.0,1.0007010409964314,0,0.0,0.0,5.087562441424746
2022-11-30,17163.64,0.0438563894972368,False,1.0,0.0438563894972368,4.005442138769847,0,0.0,0.0,1.6251263137946739,0,0.0,0.0,7.850354422500752,0,0.0,0.0,3.0169992929629688,0,0.0,0.0,2.6684543394188047,0,0.0,0.0,3.155369307385874,0,0.0,0.0,1.0007010409964314,0,0.0,0.0,5.087562441424746
2022-12-01,16977.37,-0.010852593039704872,False,1.0,-0.010852593039704872,3.9619727052936926,0,0.0,-0.0,1.6251263137946739,0,0.0,-0.0,7.850354422500752,0,0.0,-0.0,3.0169992929629688,0,0.0,-0.0,2.6684543394188047,0,0.0,-0.0,3.155369307385874,0,0.0,-0.0,1.0007010409964314,0,0.0,-0.0,5.087562441424746
2022-12-02,17092.74,0.0067955166200655,True,1.0,0.0067955166200655,3.988896356660762,0,0.0,0.0,1.6251263137946739,0,0.0,0.0,7.850354422500752,0,0.0,0.0,3.0169992929629688,0,0.0,0.0,2.6684543394188047,0,0.0,0.0,3.155369307385874,0,0.0,0.0,1.0007010409964314,0,0.0,0.0,5.087562441424746
2022-12-03,16885.2,-0.01214199712860553,True,1.0,-0.01214199712860553,3.940463188551882,0,0.0,-0.0,1.6251263137946739,0,0.0,-0.0,7.850354422500752,0,0.0,-0.0,3.0169992929629688,0,0.0,-0.0,2.6684543394188047,0,0.0,-0.0,3.155369307385874,0,0.0,-0.0,1.0007010409964314,0,0.0,-0.0,5.087562441424746
2022-12-04,17105.7,0.013058773363655796,True,1.0,0.013058773363655796,3.9919208042790095,0,0.0,0.0,1.6251263137946739,0,0.0,0.0,7.850354422500752,0,0.0,0.0,3.0169992929629688,0,0.0,0.0,2.6684543394188047,0,0.0,0.0,3.155369307385874,0,0.0,0.0,1.0007010409964314,0,0.0,0.0,5.087562441424746
2022-12-05,16966.35,-0.00814640733790506,True,1.0,-0.00814640733790506,3.959400991346695,0,0.0,-0.0,1.6251263137946739,0,0.0,-0.0,7.850354422500752,0,0.0,-0.0,3.0169992929629688,0,0.0,-0.0,2.6684543394188047,0,0.0,-0.0,3.155369307385874,0,0.0,-0.0,1.0007010409964314,0,0.0,-0.0,5.087562441424746
2022-12-06,17088.96,0.007226657471996134,True,1.0,0.007226657471996134,3.9880142261054394,0,0.0,0.0,1.6251263137946739,0,0.0,0.0,7.850354422500752,0,0.0,0.0,3.0169992929629688,0,0.0,0.0,2.6684543394188047,0,0.0,0.0,3.155369307385874,0,0.0,0.0,1.0007010409964314,0,0.0,0.0,5.087562441424746
2022-12-07,16836.64,-0.014765088103664614,True,1.0,-0.014765088103664614,3.929130844698325,0,0.0,-0.0,1.6251263137946739,0,0.0,-0.0,7.850354422500752,0,0.0,-0.0,3.0169992929629688,0,0.0,-0.0,2.6684543394188047,0,0.0,-0.0,3.155369307385874,0,0.0,-0.0,1.0007010409964314,0,0.0,-0.0,5.087562441424746
2022-12-08,17224.1,0.023012905187733468,True,1.0,0.023012905187733468,4.019551560297566,0,0.0,0.0,1.6251263137946739,0,0.0,0.0,7.850354422500752,0,0.0,0.0,3.0169992929629688,0,0.0,0.0,2.6684543394188047,0,0.0,0.0,3.155369307385874,1,0.0,0.0,1.0007010409964314,0,0.0,0.0,5.087562441424746
2022-12-09,17128.56,-0.005546879082216072,True,1.0,-0.005546879082216072,3.997255593827863,0,0.0,-0.0,1.6251263137946739,0,0.0,-0.0,7.850354422500752,0,0.0,-0.0,3.0169992929629688,0,0.0,-0.0,2.6684543394188047,0,0.0,-0.0,3.155369307385874,1,1.0,-0.006546879082216072,0.99414957228358,0,0.0,-0.0,5.087562441424746
2022-12-10,17127.49,-6.246876561721848e-05,True,1.0,-6.246876561721848e-05,3.99700589020506,0,0.0,-0.0,1.6251263137946739,0,0.0,-0.0,7.850354422500752,0,0.0,-0.0,3.0169992929629688,0,0.0,-0.0,2.6684543394188047,0,0.0,-0.0,3.155369307385874,1,1.0,-6.246876561721848e-05,0.9940874689869605,0,0.0,-0.0,5.087562441424746
2022-12-11,17085.05,-0.0024778878866665854,True,1.0,-0.0024778878866665854,3.9871017577267858,0,0.0,-0.0,1.6251263137946739,0,0.0,-0.0,7.850354422500752,0,0.0,-0.0,3.0169992929629688,0,0.0,-0.0,2.6684543394188047,0,0.0,-0.0,3.155369307385874,1,1.0,-0.0024778878866665854,0.9916242316892707,0,0.0,-0.0,5.087562441424746
2022-12-12,17209.83,0.0073034612131659404,True,1.0,0.0073034612131659404,4.016221400767289,0,0.0,0.0,1.6251263137946739,0,0.0,0.0,7.850354422500752,0,0.0,0.0,3.0169992929629688,0,0.0,0.0,2.6684543394188047,0,0.0,0.0,3.155369307385874,1,1.0,0.0073034612131659404,0.9988665208034487,0,0.0,0.0,5.087562441424746
2022-12-13,17774.7,0.03282252061757718,True,1.0,0.03282252061757718,4.148043910498728,0,0.0,0.0,1.6251263137946739,0,0.0,0.0,7.850354422500752,0,0.0,0.0,3.0169992929629688,0,0.0,0.0,2.6684543394188047,0,0.0,0.0,3.155369307385874,1,1.0,0.03282252061757718,1.0316518377767274,0,0.0,0.0,5.087562441424746
2022-12-14,17803.15,0.0016005896020749866,True,1.0,0.0016005896020749866,4.154683226450823,0,0.0,0.0,1.6251263137946739,0,0.0,0.0,7.850354422500752,0,0.0,0.0,3.0169992929629688,0,0.0,0.0,2.6684543394188047,0,0.0,0.0,3.155369307385874,1,1.0,0.0016005896020749866,1.0333030889812345,0,0.0,0.0,5.087562441424746
2022-12-15,17356.34,-0.025097244027040277,True,1.0,-0.025097244027040277,4.050412127661535,0,0.0,-0.0,1.6251263137946739,0,0.0,-0.0,7.850354422500752,0,0.0,-0.0,3.0169992929629688,0,0.0,-0.0,2.6684543394188047,0,0.0,-0.0,3.155369307385874,1,1.0,-0.025097244027040277,1.007370029203178,0,0.0,-0.0,5.087562441424746
2022-12-16,16632.12,-0.041726539120575,True,1.0,-0.041726539120575,3.881402447562215,0,0.0,-0.0,1.6251263137946739,0,0.0,-0.0,7.850354422500752,0,0.0,-0.0,3.0169992929629688,0,0.0,-0.0,2.6684543394188047,0,0.0,-0.0,3.155369307385874,1,1.0,-0.041726539120575,0.9653359642707368,0,0.0,-0.0,5.087562441424746
2022-12-17,16776.52,0.008681996041394635,True,1.0,0.008681996041394635,3.9151007682470094,0,0.0,0.0,1.6251263137946739,0,0.0,0.0,7.850354422500752,0,0.0,0.0,3.0169992929629688,0,0.0,0.0,2.6684543394188047,0,0.0,0.0,3.155369307385874,1,1.0,0.008681996041394635,0.9737170072911512,0,0.0,0.0,5.087562441424746
2022-12-18,16738.21,-0.0022835486739801736,True,1.0,-0.0022835486739801736,3.90616044507918,0,0.0,-0.0,1.6251263137946739,0,0.0,-0.0,7.850354422500752,0,0.0,-0.0,3.0169992929629688,0,0.0,-0.0,2.6684543394188047,0,0.0,-0.0,3.155369307385874,1,1.0,-0.0022835486739801736,0.9714934771103195,0,0.0,-0.0,5.087562441424746
2022-12-19,16438.88,-0.017883035282745152,False,1.0,-0.017883035282745152,3.8363064400197655,0,0.0,-0.0,1.6251263137946739,0,0.0,-0.0,7.850354422500752,0,0.0,-0.0,3.0169992929629688,0,0.0,-0.0,2.6684543394188047,0,0.0,-0.0,3.155369307385874,0,1.0,-0.017883035282745152,0.954120224982199,0,0.0,-0.0,5.087562441424746
2022-12-20,16895.56,0.027780481395326184,False,1.0,0.027780481395326184,3.9428808797035044,0,0.0,0.0,1.6251263137946739,0,0.0,0.0,7.850354422500752,0,0.0,0.0,3.0169992929629688,0,0.0,0.0,2.6684543394188047,0,0.0,0.0,3.155369307385874,0,1.0,0.027780481395326184,0.9806261441412214,0,0.0,0.0,5.087562441424746
2022-12-21,16824.67,-0.004195776878659463,False,1.0,-0.004195776878659463,3.926337431273136,0,0.0,-0.0,1.6251263137946739,0,0.0,-0.0,7.850354422500752,0,0.0,-0.0,3.0169992929629688,0,0.0,-0.0,2.6684543394188047,0,0.0,-0.0,3.155369307385874,0,1.0,-0.004195776878659463,0.9765116556390246,0,0.0,-0.0,5.087562441424746
2022-12-22,16821.43,-0.0001925743565845961,False,1.0,-0.0001925743565845961,3.9255813193685745,0,0.0,-0.0,1.6251263137946739,0,0.0,-0.0,7.850354422500752,0,0.0,-0.0,3.0169992929629688,0,0.0,-0.0,2.6684543394188047,0,0.0,-0.0,3.155369307385874,0,1.0,-0.0001925743565845961,0.9763236045352426,0,0.0,-0.0,5.087562441424746
2022-12-23,16778.5,-0.0025521016940890373,False,1.0,-0.0025521016940890373,3.9155628366331294,0,0.0,-0.0,1.6251263137946739,0,0.0,-0.0,7.850354422500752,0,0.0,-0.0,3.0169992929629688,0,0.0,-0.0,2.6684543394188047,0,0.0,-0.0,3.155369307385874,0,1.0,-0.0025521016940890373,0.973831927410129,0,0.0,-0.0,5.087562441424746
2022-12-24,16836.12,0.003434156807819555,False,1.0,0.003434156807819555,3.9290094934049984,0,0.0,0.0,1.6251263137946739,0,0.0,0.0,7.850354422500752,0,0.0,0.0,3.0169992929629688,0,0.0,0.0,2.6684543394188047,0,0.0,0.0,3.155369307385874,0,1.0,0.003434156807819555,0.9771762189533165,0,0.0,0.0,5.087562441424746
2022-12-25,16832.11,-0.00023817839264617113,False,1.0,-0.00023817839264617113,3.928073688239168,0,0.0,-0.0,1.6251263137946739,0,0.0,-0.0,7.850354422500752,0,0.0,-0.0,3.0169992929629688,0,0.0,-0.0,2.6684543394188047,0,0.0,-0.0,3.155369307385874,0,1.0,-0.00023817839264617113,0.9769434766921542,0,0.0,-0.0,5.087562441424746
2022-12-26,16919.39,0.005185327329728651,False,1.0,0.005185327329728651,3.9484420360879824,0,0.0,0.0,1.6251263137946739,0,0.0,0.0,7.850354422500752,0,0.0,0.0,3.0169992929629688,0,0.0,0.0,2.6684543394188047,0,0.0,0.0,3.155369307385874,0,1.0,0.005185327329728651,0.9820092484014461,0,0.0,0.0,5.087562441424746
2022-12-27,16706.36,-0.012590879458420079,False,1.0,-0.012590879458420079,3.89872767836304,0,0.0,-0.0,1.6251263137946739,0,0.0,-0.0,7.850354422500752,0,0.0,-0.0,3.0169992929629688,0,0.0,-0.0,2.6684543394188047,0,0.0,-0.0,3.155369307385874,0,1.0,-0.012590879458420079,0.9696448883277697,0,0.0,-0.0,5.087562441424746
2022-12-28,16547.31,-0.00952032639066791,False,1.0,-0.00952032639066791,3.861610518356693,0,0.0,-0.0,1.6251263137946739,0,0.0,-0.0,7.850354422500752,0,0.0,-0.0,3.0169992929629688,0,0.0,-0.0,2.6684543394188047,0,0.0,-0.0,3.155369307385874,0,1.0,-0.00952032639066791,0.9604135525078467,0,0.0,-0.0,5.087562441424746
2022-12-29,16633.47,0.00520688861210683,False,1.0,0.00520688861210683,3.8817174941891164,0,0.0,0.0,1.6251263137946739,0,0.0,0.0,7.850354422500752,0,0.0,0.0,3.0169992929629688,0,0.0,0.0,2.6684543394188047,0,0.0,0.0,3.155369307385874,0,1.0,0.00520688861210683,0.9654143188973129,0,0.0,0.0,5.087562441424746
2022-12-30,16607.48,-0.0015625122118235746,False,1.0,-0.0015625122118235746,3.8756522632015966,0,0.0,-0.0,1.6251263137946739,0,0.0,-0.0,7.850354422500752,0,0.0,-0.0,3.0169992929629688,0,0.0,-0.0,2.6684543394188047,0,0.0,-0.0,3.155369307385874,0,1.0,-0.0015625122118235746,0.9639058472345665,0,0.0,-0.0,5.087562441424746
2022-12-31,16542.4,-0.003918716144773238,False,1.0,-0.003918716144773238,3.8604646821062616,0,0.0,-0.0,1.6251263137946739,0,0.0,-0.0,7.850354422500752,0,0.0,-0.0,3.0169992929629688,0,0.0,-0.0,2.6684543394188047,0,0.0,-0.0,3.155369307385874,0,1.0,-0.003918716144773238,0.9601285738289671,0,0.0,-0.0,5.087562441424746
2023-01-01,16616.75,0.004494511074571994,False,1.0,0.004494511074571994,3.8778155833729824,0,0.0,0.0,1.6251263137946739,0,0.0,0.0,7.850354422500752,0,0.0,0.0,3.0169992929629688,0,0.0,0.0,2.6684543394188047,0,0.0,0.0,3.155369307385874,0,1.0,0.004494511074571994,0.9644438823370544,0,0.0,0.0,5.087562441424746
2023-01-02,16672.87,0.003377315058600505,False,1.0,0.003377315058600505,3.8909121883371838,0,0.0,0.0,1.6251263137946739,0,0.0,0.0,7.850354422500752,0,0.0,0.0,3.0169992929629688,0,0.0,0.0,2.6684543394188047,0,0.0,0.0,3.155369307385874,0,1.0,0.003377315058600505,0.9677011131840464,0,0.0,0.0,5.087562441424746
2023-01-03,16675.18,0.0001385484322735664,False,1.0,0.0001385484322735664,3.891451268120992,0,0.0,0.0,1.6251263137946739,0,0.0,0.0,7.850354422500752,0,0.0,0.0,3.0169992929629688,0,0.0,0.0,2.6684543394188047,0,0.0,0.0,3.155369307385874,0,1.0,0.0001385484322735664,0.9678351866561874,0,0.0,0.0,5.087562441424746
2023-01-04,16850.36,0.01050543382440261,False,1.0,0.01050543382440261,3.9323326518991246,0,0.0,0.0,1.6251263137946739,0,0.0,0.0,7.850354422500752,0,0.0,0.0,3.0169992929629688,0,0.0,0.0,2.6684543394188047,0,0.0,0.0,3.155369307385874,0,1.0,0.01050543382440261,0.9780027151625323,0,0.0,0.0,5.087562441424746
2023-01-05,16831.85,-0.0010984928511914571,True,1.0,-0.0010984928511914571,3.9280130125925066,0,0.0,-0.0,1.6251263137946739,0,0.0,-0.0,7.850354422500752,0,0.0,-0.0,3.0169992929629688,0,0.0,-0.0,2.6684543394188047,0,0.0,-0.0,3.155369307385874,1,1.0,-0.0010984928511914571,0.9769283861714805,0,0.0,-0.0,5.087562441424746
2023-01-06,16950.65,0.007058047689350921,True,1.0,0.007058047689350921,3.9557371157597756,0,0.0,0.0,1.6251263137946739,0,0.0,0.0,7.850354422500752,0,0.0,0.0,3.0169992929629688,0,0.0,0.0,2.6684543394188047,0,0.0,0.0,3.155369307385874,1,1.0,0.007058047689350921,0.9838235933101594,0,0.0,0.0,5.087562441424746
2023-01-07,16943.57,-0.00041768309769840695,True,1.0,-0.00041768309769840695,3.9540848712275847,0,0.0,-0.0,1.6251263137946739,0,0.0,-0.0,7.850354422500752,0,0.0,-0.0,3.0169992929629688,0,0.0,-0.0,2.6684543394188047,0,0.0,-0.0,3.155369307385874,1,1.0,-0.00041768309769840695,0.9834126668241169,0,0.0,-0.0,5.087562441424746
2023-01-08,17127.83,0.010874921873017529,True,1.0,0.010874921873017529,3.997085235281465,0,0.0,0.0,1.6251263137946739,0,0.0,0.0,7.850354422500752,0,0.0,0.0,3.0169992929629688,0,0.0,0.0,2.6684543394188047,0,0.0,0.0,3.155369307385874,1,1.0,0.010874921873017529,0.9941072027447649,0,0.0,0.0,5.087562441424746
2023-01-09,17178.26,0.0029443309514396443,True,1.0,0.0029443309514396443,4.008853977055247,0,0.0,0.0,1.6251263137946739,0,0.0,0.0,7.850354422500752,0,0.0,0.0,3.0169992929629688,0,0.0,0.0,2.6684543394188047,0,0.0,0.0,3.155369307385874,1,1.0,0.0029443309514396443,0.9970341833508555,0,0.0,0.0,5.087562441424746
2023-01-10,17440.66,0.015275120995956515,True,1.0,0.015275120995956515,4.070089706609887,0,0.0,0.0,1.6251263137946739,0,0.0,0.0,7.850354422500752,0,0.0,0.0,3.0169992929629688,0,0.0,0.0,2.6684543394188047,0,0.0,0.0,3.155369307385874,1,1.0,0.015275120995956515,1.0122640011386446,0,0.0,0.0,5.087562441424746
2023-01-11,17943.26,0.02881771676071887,True,1.0,0.02881771676071887,4.187380398965688,0,0.0,0.0,1.6251263137946739,0,0.0,0.0,7.850354422500752,0,0.0,0.0,3.0169992929629688,0,0.0,0.0,2.6684543394188047,0,0.0,0.0,3.155369307385874,1,1.0,0.02881771676071887,1.04143513841053,0,0.0,0.0,5.087562441424746
2023-01-12,18846.62,0.05034536644957499,True,1.0,0.05034536644957499,4.398195599615383,0,0.0,0.0,1.6251263137946739,0,0.0,0.0,7.850354422500752,0,0.0,0.0,3.0169992929629688,0,0.0,0.0,2.6684543394188047,0,0.0,0.0,3.155369307385874,1,1.0,0.05034536644957499,1.093866572087272,0,0.0,0.0,5.087562441424746
2023-01-13,19930.01,0.05748457813655716,True,1.0,0.05748457813655716,4.651024018221336,0,0.0,0.0,1.6251263137946739,0,0.0,0.0,7.850354422500752,0,0.0,0.0,3.0169992929629688,0,0.0,0.0,2.6684543394188047,0,0.0,0.0,3.155369307385874,1,1.0,0.05748457813655716,1.1567470305213907,0,0.0,0.0,5.087562441424746
2023-01-14,20954.92,0.0514254634092004,True,1.0,0.0514254634092004,4.890205083685689,0,0.0,0.0,1.6251263137946739,0,0.0,0.0,7.850354422500752,0,0.0,0.0,3.0169992929629688,0,0.0,0.0,2.6684543394188047,0,0.0,0.0,3.155369307385874,1,1.0,0.0514254634092004,1.2162332826131697,0,0.0,0.0,5.087562441424746
2023-01-15,20871.5,-0.003980926674976515,True,1.0,-0.003980926674976515,4.870737535821939,0,0.0,-0.0,1.6251263137946739,0,0.0,-0.0,7.850354422500752,0,0.0,-0.0,3.0169992929629688,0,0.0,-0.0,2.6684543394188047,0,0.0,-0.0,3.155369307385874,1,1.0,-0.003980926674976515,1.2113915470954206,0,0.0,-0.0,5.087562441424746
2023-01-16,21185.65,0.0150516254222266,True,1.0,0.0150516254222266,4.94405005274111,0,0.0,0.0,1.6251263137946739,0,0.0,0.0,7.850354422500752,0,0.0,0.0,3.0169992929629688,0,0.0,0.0,2.6684543394188047,0,0.0,0.0,3.155369307385874,1,1.0,0.0150516254222266,1.2296249589019526,0,0.0,0.0,5.087562441424746
2023-01-17,21134.81,-0.0023997375582056613,True,1.0,-0.0023997375582056613,4.932185630139898,0,0.0,-0.0,1.6251263137946739,0,0.0,-0.0,7.850354422500752,0,0.0,-0.0,3.0169992929629688,0,0.0,-0.0,2.6684543394188047,0,0.0,-0.0,3.155369307385874,1,1.0,-0.0023997375582056613,1.2266741817055684,0,0.0,-0.0,5.087562441424746
2023-01-18,20677.47,-0.02163918199406567,True,1.0,-0.02163918199406567,4.825457167660785,0,0.0,-0.0,1.6251263137946739,0,0.0,-0.0,7.850354422500752,0,0.0,-0.0,3.0169992929629688,0,0.0,-0.0,2.6684543394188047,0,0.0,-0.0,3.155369307385874,1,1.0,-0.02163918199406567,1.20012995584022,0,0.0,-0.0,5.087562441424746
2023-01-19,21071.59,0.019060358931726196,True,1.0,0.019060358931726196,4.91743211328607,0,0.0,0.0,1.6251263137946739,0,0.0,0.0,7.850354422500752,0,0.0,0.0,3.0169992929629688,0,0.0,0.0,2.6684543394188047,0,0.0,0.0,3.155369307385874,1,1.0,0.019060358931726196,1.2230048635632513,0,0.0,0.0,5.087562441424746
2023-01-20,22667.21,0.07572375886205074,True,1.0,0.07572375886205074,5.289798556853049,0,0.0,0.0,1.6251263137946739,0,0.0,0.0,7.850354422500752,0,0.0,0.0,3.0169992929629688,0,0.0,0.0,2.6684543394188047,0,0.0,0.0,3.155369307385874,1,1.0,0.07572375886205074,1.3156153889388302,0,0.0,0.0,5.087562441424746
2023-01-21,22783.55,0.0051325240292035,True,1.0,0.0051325240292035,5.3169485750557435,0,0.0,0.0,1.6251263137946739,0,0.0,0.0,7.850354422500752,0,0.0,0.0,3.0169992929629688,0,0.0,0.0,2.6684543394188047,0,0.0,0.0,3.155369307385874,1,1.0,0.0051325240292035,1.3223678165357486,0,0.0,0.0,5.087562441424746
2023-01-22,22707.88,-0.003321255906125198,True,1.0,-0.003321255906125198,5.2992896281982755,0,0.0,-0.0,1.6251263137946739,0,0.0,-0.0,7.850354422500752,0,0.0,-0.0,3.0169992929629688,0,0.0,-0.0,2.6684543394188047,0,0.0,-0.0,3.155369307385874,1,1.0,-0.003321255906125198,1.3179758946150093,0,0.0,-0.0,5.087562441424746
2023-01-23,22916.45,0.009184917306239049,True,1.0,0.009184917306239049,5.347963165215087,0,0.0,0.0,1.6251263137946739,0,0.0,0.0,7.850354422500752,0,0.0,0.0,3.0169992929629688,0,0.0,0.0,2.6684543394188047,0,0.0,0.0,3.155369307385874,1,1.0,0.009184917306239049,1.3300813942186647,0,0.0,0.0,5.087562441424746
2023-01-24,22632.89,-0.012373644259909389,True,1.0,-0.012373644259909389,5.281789371493616,0,0.0,-0.0,1.6251263137946739,0,0.0,-0.0,7.850354422500752,0,0.0,-0.0,3.0169992929629688,0,0.0,-0.0,2.6684543394188047,0,0.0,-0.0,3.155369307385874,1,1.0,-0.012373644259909389,1.3136234402098785,0,0.0,-0.0,5.087562441424746
2023-01-25,23060.94,0.01891274158978362,True,1.0,0.01891274158978362,5.381682489008341,0,0.0,0.0,1.6251263137946739,0,0.0,0.0,7.850354422500752,0,0.0,0.0,3.0169992929629688,0,0.0,0.0,2.6684543394188047,0,0.0,0.0,3.155369307385874,1,1.0,0.01891274158978362,1.3384676608808506,0,0.0,0.0,5.087562441424746
2023-01-26,23009.65,-0.002224107083232396,True,1.0,-0.002224107083232396,5.36971305086483,0,0.0,-0.0,1.6251263137946739,0,0.0,-0.0,7.850354422500752,0,0.0,-0.0,3.0169992929629688,0,0.0,-0.0,2.6684543394188047,0,0.0,-0.0,3.155369307385874,1,1.0,-0.002224107083232396,1.335490765475608,0,0.0,-0.0,5.087562441424746
2023-01-27,23074.16,0.0028036063130034705,True,1.0,0.0028036063130034705,5.384767612273252,0,0.0,0.0,1.6251263137946739,0,0.0,0.0,7.850354422500752,0,0.0,0.0,3.0169992929629688,0,0.0,0.0,2.6684543394188047,0,0.0,0.0,3.155369307385874,1,1.0,0.0028036063130034705,1.3392349558166534,0,0.0,0.0,5.087562441424746
2023-01-28,23022.6,-0.0022345342148967218,True,1.0,-0.0022345342148967218,5.372735164804359,0,0.0,-0.0,1.6251263137946739,0,0.0,-0.0,7.850354422500752,0,0.0,-0.0,3.0169992929629688,0,0.0,-0.0,2.6684543394188047,0,0.0,-0.0,3.155369307385874,1,1.0,-0.0022345342148967218,1.3362423894860953,0,0.0,-0.0,5.087562441424746
2023-01-29,23742.3,0.03126058742279336,True,1.0,0.03126058742279336,5.540690022123242,0,0.0,0.0,1.6251263137946739,0,0.0,0.0,7.850354422500752,0,0.0,0.0,3.0169992929629688,0,0.0,0.0,2.6684543394188047,0,0.0,0.0,3.155369307385874,1,1.0,0.03126058742279336,1.3780141115206677,0,0.0,0.0,5.087562441424746
2023-01-30,22826.15,-0.03858724723383988,True,1.0,-0.03858724723383988,5.326890046393502,0,0.0,-0.0,1.6251263137946739,0,0.0,-0.0,7.850354422500752,0,0.0,-0.0,3.0169992929629688,0,0.0,-0.0,2.6684543394188047,0,0.0,-0.0,3.155369307385874,1,1.0,-0.03858724723383988,1.3248403403076994,0,0.0,-0.0,5.087562441424746
2023-01-31,23125.13,0.01309813525276926,True,1.0,0.01309813525276926,5.3966623726977945,0,0.0,0.0,1.6251263137946739,0,0.0,0.0,7.850354422500752,0,0.0,0.0,3.0169992929629688,0,0.0,0.0,2.6684543394188047,0,0.0,0.0,3.155369307385874,1,1.0,0.01309813525276926,1.3421932782733745,0,0.0,0.0,5.087562441424746
2023-02-01,23732.66,0.026271419879585478,True,1.0,0.026271419879585478,5.538440355839298,0,0.0,0.0,1.6251263137946739,0,0.0,0.0,7.850354422500752,0,0.0,0.0,3.0169992929629688,0,0.0,0.0,2.6684543394188047,0,0.0,0.0,3.155369307385874,1,1.0,0.026271419879585478,1.3774546014464517,0,0.0,0.0,5.087562441424746
2023-02-02,23488.94,-0.010269392474337113,True,1.0,-0.010269392474337113,5.481563938129477,0,0.0,-0.0,1.6251263137946739,0,0.0,-0.0,7.850354422500752,0,0.0,-0.0,3.0169992929629688,0,0.0,-0.0,2.6684543394188047,0,0.0,-0.0,3.155369307385874,1,1.0,-0.010269392474337113,1.3633089795286164,0,0.0,-0.0,5.087562441424746
2023-02-03,23431.9,-0.002428376929737852,True,1.0,-0.002428376929737852,5.46825263472324,0,0.0,-0.0,1.6251263137946739,0,0.0,-0.0,7.850354422500752,0,0.0,-0.0,3.0169992929629688,0,0.0,-0.0,2.6684543394188047,0,0.0,-0.0,3.155369307385874,1,1.0,-0.002428376929737852,1.3599983514546246,0,0.0,-0.0,5.087562441424746
2023-02-04,23326.84,-0.004483631288969336,True,1.0,-0.004483631288969336,5.443735006114205,0,0.0,-0.0,1.6251263137946739,0,0.0,-0.0,7.850354422500752,0,0.0,-0.0,3.0169992929629688,0,0.0,-0.0,2.6684543394188047,0,0.0,-0.0,3.155369307385874,1,1.0,-0.004483631288969336,1.3539006202930959,0,0.0,-0.0,5.087562441424746
2023-02-05,22932.91,-0.016887413811729313,True,1.0,-0.016887413811729313,5.351804400384558,0,0.0,-0.0,1.6251263137946739,0,0.0,-0.0,7.850354422500752,0,0.0,-0.0,3.0169992929629688,0,0.0,-0.0,2.6684543394188047,0,0.0,-0.0,3.155369307385874,1,1.0,-0.016887413811729313,1.3310367402582495,0,0.0,-0.0,5.087562441424746
2023-02-06,22762.52,-0.007429933663019583,True,1.0,-0.007429933663019583,5.312040848712244,0,0.0,-0.0,1.6251263137946739,0,0.0,-0.0,7.850354422500752,0,0.0,-0.0,3.0169992929629688,0,0.0,-0.0,2.6684543394188047,0,0.0,-0.0,3.155369307385874,1,1.0,-0.007429933663019583,1.321147225575089,0,0.0,-0.0,5.087562441424746
2023-02-07,23240.46,0.020996796488262248,True,1.0,0.020996796488262248,5.423576689349991,0,0.0,0.0,1.6251263137946739,0,0.0,0.0,7.850354422500752,0,0.0,0.0,3.0169992929629688,0,0.0,0.0,2.6684543394188047,0,0.0,0.0,3.155369307385874,1,1.0,0.020996796488262248,1.3488870850015213,0,0.0,0.0,5.087562441424746
2023-02-08,22963.0,-0.011938662143520351,True,1.0,-0.011938662143520351,5.358826439646369,0,0.0,-0.0,1.6251263137946739,0,0.0,-0.0,7.850354422500752,0,0.0,-0.0,3.0169992929629688,0,0.0,-0.0,2.6684543394188047,0,0.0,-0.0,3.155369307385874,0,1.0,-0.011938662143520351,1.33278317782393,0,0.0,-0.0,5.087562441424746
2023-02-09,21796.35,-0.05080564386186481,False,1.0,-0.05080564386186481,5.08656781203615,0,0.0,-0.0,1.6251263137946739,0,0.0,-0.0,7.850354422500752,0,0.0,-0.0,3.0169992929629688,0,0.0,-0.0,2.6684543394188047,0,0.0,-0.0,3.155369307385874,0,1.0,-0.05080564386186481,1.265070270346323,0,0.0,-0.0,5.087562441424746
2023-02-10,21625.19,-0.007852690932197315,False,1.0,-0.007852690932197315,5.046624567102567,0,0.0,-0.0,1.6251263137946739,0,0.0,-0.0,7.850354422500752,0,0.0,-0.0,3.0169992929629688,0,0.0,-0.0,2.6684543394188047,0,0.0,-0.0,3.155369307385874,0,1.0,-0.007852690932197315,1.255136064505782,0,0.0,-0.0,5.087562441424746
2023-02-11,21862.55,0.01097608853378862,False,1.0,0.01097608853378862,5.102016765147877,0,0.0,0.0,1.6251263137946739,0,0.0,0.0,7.850354422500752,0,0.0,0.0,3.0169992929629688,0,0.0,0.0,2.6684543394188047,0,0.0,0.0,3.155369307385874,0,1.0,0.01097608853378862,1.2689125490717486,0,0.0,0.0,5.087562441424746
2023-02-12,21783.54,-0.0036139425638820333,False,1.0,-0.0036139425638820333,5.08357836959867,0,0.0,-0.0,1.6251263137946739,0,0.0,-0.0,7.850354422500752,0,0.0,-0.0,3.0169992929629688,0,0.0,-0.0,2.6684543394188047,0,0.0,-0.0,3.155369307385874,0,1.0,-0.0036139425638820333,1.264326772000814,0,0.0,-0.0,5.087562441424746
2023-02-13,21773.97,-0.0004393225343538587,False,1.0,-0.0004393225343538587,5.081345039065751,0,0.0,-0.0,1.6251263137946739,0,0.0,-0.0,7.850354422500752,0,0.0,-0.0,3.0169992929629688,0,0.0,-0.0,2.6684543394188047,0,0.0,-0.0,3.155369307385874,0,1.0,-0.0004393225343538587,1.2637713247590872,0,0.0,-0.0,5.087562441424746
2023-02-14,22199.84,0.01955867487646934,False,1.0,0.01955867487646934,5.180729414619999,0,0.0,0.0,1.6251263137946739,0,0.0,0.0,7.850354422500752,0,0.0,0.0,3.0169992929629688,0,0.0,0.0,2.6684543394188047,0,0.0,0.0,3.155369307385874,0,1.0,0.01955867487646934,1.288489017218255,0,0.0,0.0,5.087562441424746
2023-02-15,24324.05,0.09568582476270104,True,1.0,0.09568582476270104,5.676451781530299,0,0.0,0.0,1.6251263137946739,1,0.0,0.0,7.850354422500752,0,0.0,0.0,3.0169992929629688,0,0.0,0.0,2.6684543394188047,0,0.0,0.0,3.155369307385874,0,1.0,0.09568582476270104,1.411779151528466,0,0.0,0.0,5.087562441424746
2023-02-16,23517.72,-0.033149496074872276,True,1.0,-0.033149496074872276,5.488280265479259,0,0.0,-0.0,1.6251263137946739,0,1.0,-0.034149496074872276,7.5822687749632065,0,0.0,-0.0,3.0169992929629688,0,0.0,-0.0,2.6684543394188047,0,0.0,-0.0,3.155369307385874,0,1.0,-0.033149496074872276,1.3649793840862865,0,0.0,-0.0,5.087562441424746
2023-02-17,24569.97,0.04474285772600406,True,1.0,0.04474285772600406,5.733841608558033,0,0.0,0.0,1.6251263137946739,0,1.0,0.04474285772600406,7.921521148001708,0,0.0,0.0,3.0169992929629688,0,0.0,0.0,2.6684543394188047,0,0.0,0.0,3.155369307385874,0,1.0,0.04474285772600406,1.4260524624673878,0,0.0,0.0,5.087562441424746
2023-02-18,24631.95,0.002522591602675872,True,1.0,0.002522591602675872,5.748305749250855,0,0.0,0.0,1.6251263137946739,0,1.0,0.002522591602675872,7.941503910730076,0,0.0,0.0,3.0169992929629688,0,0.0,0.0,2.6684543394188047,0,0.0,0.0,3.155369307385874,0,1.0,0.002522591602675872,1.4296498104341833,0,0.0,0.0,5.087562441424746
2023-02-19,24271.76,-0.014622878010064233,True,1.0,-0.014622878010064233,5.664248975515009,0,0.0,-0.0,1.6251263137946739,0,1.0,-0.014622878010064233,7.825376267827022,0,0.0,-0.0,3.0169992929629688,0,0.0,-0.0,2.6684543394188047,0,0.0,-0.0,3.155369307385874,0,1.0,-0.014622878010064233,1.4087442156590928,0,0.0,-0.0,5.087562441424746
2023-02-20,24842.2,0.02350220997570851,True,1.0,0.02350220997570851,5.797371344292254,0,0.0,0.0,1.6251263137946739,0,1.0,0.02350220997570851,8.00928990401242,0,0.0,0.0,3.0169992929629688,0,0.0,0.0,2.6684543394188047,0,0.0,0.0,3.155369307385874,0,1.0,0.02350220997570851,1.4418528180175776,0,0.0,0.0,5.087562441424746
2023-02-21,24452.16,-0.01570070283630276,True,1.0,-0.01570070283630276,5.706348539583825,0,0.0,-0.0,1.6251263137946739,0,1.0,-0.01570070283630276,7.88353842329972,0,0.0,-0.0,3.0169992929629688,0,0.0,-0.0,2.6684543394188047,0,0.0,-0.0,3.155369307385874,0,1.0,-0.01570070283630276,1.419214715388198,0,0.0,-0.0,5.087562441424746
2023-02-22,24182.21,-0.011039924489288477,True,1.0,-0.011039924489288477,5.643350882597258,0,0.0,-0.0,1.6251263137946739,0,1.0,-0.011039924489288477,7.796504754398087,0,0.0,-0.0,3.0169992929629688,0,0.0,-0.0,2.6684543394188047,0,0.0,-0.0,3.155369307385874,0,1.0,-0.011039924489288477,1.4035466920962252,0,0.0,-0.0,5.087562441424746
2023-02-23,23940.2,-0.01000777017485166,True,1.0,-0.01000777017485166,5.586873523948179,0,0.0,-0.0,1.6251263137946739,0,1.0,-0.01000777017485166,7.7184791266489325,0,0.0,-0.0,3.0169992929629688,0,0.0,-0.0,2.6684543394188047,0,0.0,-0.0,3.155369307385874,0,1.0,-0.01000777017485166,1.3895003193720528,0,0.0,-0.0,5.087562441424746
2023-02-24,23185.29,-0.031533153440656325,False,1.0,-0.031533153440656325,5.41070178386398,0,0.0,-0.0,1.6251263137946739,0,1.0,-0.031533153440656325,7.475091140019809,0,0.0,-0.0,3.0169992929629688,0,0.0,-0.0,2.6684543394188047,0,0.0,-0.0,3.155369307385874,0,1.0,-0.031533153440656325,1.3456849925954528,0,0.0,-0.0,5.087562441424746
2023-02-25,23157.07,-0.0012171510470647684,True,1.0,-0.0012171510470647684,5.404116142522395,0,0.0,-0.0,1.6251263137946739,0,1.0,-0.0012171510470647684,7.4659928250118295,0,0.0,-0.0,3.0169992929629688,0,0.0,-0.0,2.6684543394188047,0,0.0,-0.0,3.155369307385874,0,1.0,-0.0012171510470647684,1.344047090697696,0,0.0,-0.0,5.087562441424746
2023-02-26,23554.85,0.017177475388725716,True,1.0,0.017177475388725716,5.496945214558389,0,0.0,0.0,1.6251263137946739,0,1.0,0.017177475388725716,7.594239733015873,0,0.0,0.0,3.0169992929629688,0,0.0,0.0,2.6684543394188047,0,0.0,0.0,3.155369307385874,0,1.0,0.017177475388725716,1.367134426519444,0,0.0,0.0,5.087562441424746
2023-02-27,23492.09,-0.002664419429544207,True,1.0,-0.002664419429544207,5.482299046925579,0,0.0,-0.0,1.6251263137946739,0,1.0,-0.002664419429544207,7.574005493118609,0,0.0,-0.0,3.0169992929629688,0,0.0,-0.0,2.6684543394188047,0,0.0,-0.0,3.155369307385874,0,1.0,-0.002664419429544207,1.3634918069906268,0,0.0,-0.0,5.087562441424746
2023-02-28,23141.57,-0.014920766947512987,True,1.0,-0.014920766947512987,5.40049894050983,0,0.0,-0.0,1.6251263137946739,0,1.0,-0.014920766947512987,7.460995522296603,0,0.0,-0.0,3.0169992929629688,0,0.0,-0.0,2.6684543394188047,0,0.0,-0.0,3.155369307385874,0,0.0,-0.001,1.362128315183636,0,0.0,-0.0,5.087562441424746
2023-03-01,23628.97,0.021061665219775483,True,1.0,0.021061665219775483,5.5142424412146,0,0.0,0.0,1.6251263137946739,0,1.0,0.021061665219775483,7.618136512193458,0,0.0,0.0,3.0169992929629688,0,0.0,0.0,2.6684543394188047,0,0.0,0.0,3.155369307385874,0,0.0,0.0,1.362128315183636,0,0.0,0.0,5.087562441424746
2023-03-02,23465.32,-0.00692582029601807,True,1.0,-0.00692582029601807,5.476051788998072,0,0.0,-0.0,1.6251263137946739,0,1.0,-0.00692582029601807,7.565374667719472,0,0.0,-0.0,3.0169992929629688,0,0.0,-0.0,2.6684543394188047,0,0.0,-0.0,3.155369307385874,0,0.0,-0.0,1.362128315183636,0,0.0,-0.0,5.087562441424746
2023-03-03,22354.34,-0.04734561471993559,True,1.0,-0.04734561471993559,5.216784750809755,0,0.0,-0.0,1.6251263137946739,0,1.0,-0.04734561471993559,7.207187353489665,0,0.0,-0.0,3.0169992929629688,0,0.0,-0.0,2.6684543394188047,0,0.0,-0.0,3.155369307385874,0,0.0,-0.0,1.362128315183636,0,0.0,-0.0,5.087562441424746
2023-03-04,22346.57,-0.0003475835117475734,True,1.0,-0.0003475835117475734,5.214971482446038,0,0.0,-0.0,1.6251263137946739,0,1.0,-0.0003475835117475734,7.204682253999517,0,0.0,-0.0,3.0169992929629688,0,0.0,-0.0,2.6684543394188047,0,0.0,-0.0,3.155369307385874,0,0.0,-0.0,1.362128315183636,0,0.0,-0.0,5.087562441424746
2023-03-05,22430.24,0.00374419877412957,True,1.0,0.00374419877412957,5.234497372277733,0,0.0,0.0,1.6251263137946739,0,1.0,0.00374419877412957,7.2316580164629345,0,0.0,0.0,3.0169992929629688,0,0.0,0.0,2.6684543394188047,0,0.0,0.0,3.155369307385874,0,0.0,0.0,1.362128315183636,0,0.0,0.0,5.087562441424746
2023-03-06,22410.0,-0.0009023532516817534,True,1.0,-0.0009023532516817534,5.229774006552939,0,0.0,-0.0,1.6251263137946739,0,1.0,-0.0009023532516817534,7.225132506336728,0,0.0,-0.0,3.0169992929629688,0,0.0,-0.0,2.6684543394188047,0,0.0,-0.0,3.155369307385874,0,0.0,-0.0,1.362128315183636,0,0.0,-0.0,5.087562441424746
2023-03-07,22197.96,-0.009461847389558242,False,1.0,-0.009461847389558242,5.180290683021056,0,0.0,-0.0,1.6251263137946739,0,1.0,-0.009461847389558242,7.156769405192434,0,0.0,-0.0,3.0169992929629688,0,0.0,-0.0,2.6684543394188047,0,0.0,-0.0,3.155369307385874,0,0.0,-0.0,1.362128315183636,0,0.0,-0.0,5.087562441424746
2023-03-08,21705.44,-0.022187624448372745,False,1.0,-0.022187624448372745,5.06535233881278,0,0.0,-0.0,1.6251263137946739,0,0.0,-0.001,7.149612635787242,0,0.0,-0.0,3.0169992929629688,0,0.0,-0.0,2.6684543394188047,0,0.0,-0.0,3.155369307385874,0,0.0,-0.0,1.362128315183636,0,0.0,-0.0,5.087562441424746
2023-03-09,20362.22,-0.06188402538718396,False,1.0,-0.06188402538718396,4.751887946082658,0,0.0,-0.0,1.6251263137946739,0,0.0,-0.0,7.149612635787242,0,0.0,-0.0,3.0169992929629688,0,0.0,-0.0,2.6684543394188047,0,0.0,-0.0,3.155369307385874,0,0.0,-0.0,1.362128315183636,0,0.0,-0.0,5.087562441424746
2023-03-10,20150.69,-0.010388356475865668,False,1.0,-0.010388356475865668,4.702523640165382,0,0.0,-0.0,1.6251263137946739,0,0.0,-0.0,7.149612635787242,0,0.0,-0.0,3.0169992929629688,0,0.0,-0.0,2.6684543394188047,0,0.0,-0.0,3.155369307385874,0,0.0,-0.0,1.362128315183636,0,0.0,-0.0,5.087562441424746
2023-03-11,20455.73,0.015137943167206735,False,1.0,0.015137943167206735,4.773710175772652,0,0.0,0.0,1.6251263137946739,0,0.0,0.0,7.149612635787242,0,0.0,0.0,3.0169992929629688,0,0.0,0.0,2.6684543394188047,0,0.0,0.0,3.155369307385874,0,0.0,0.0,1.362128315183636,0,0.0,0.0,5.087562441424746
2023-03-12,21997.11,0.07535199183798391,False,1.0,0.07535199183798391,5.133418745974374,0,0.0,0.0,1.6251263137946739,0,0.0,0.0,7.149612635787242,0,0.0,0.0,3.0169992929629688,0,0.0,0.0,2.6684543394188047,0,0.0,0.0,3.155369307385874,0,0.0,0.0,1.362128315183636,0,0.0,0.0,5.087562441424746
2023-03-13,24113.48,0.09621127502658289,False,1.0,0.09621127502658289,5.62731150876993,0,0.0,0.0,1.6251263137946739,0,0.0,0.0,7.149612635787242,0,0.0,0.0,3.0169992929629688,0,0.0,0.0,2.6684543394188047,0,0.0,0.0,3.155369307385874,0,0.0,0.0,1.362128315183636,0,0.0,0.0,5.087562441424746
2023-03-14,24670.41,0.023096210086640312,True,1.0,0.023096210086640312,5.757281077599449,0,0.0,0.0,1.6251263137946739,1,0.0,0.0,7.149612635787242,0,0.0,0.0,3.0169992929629688,0,0.0,0.0,2.6684543394188047,0,0.0,0.0,3.155369307385874,0,0.0,0.0,1.362128315183636,0,0.0,0.0,5.087562441424746
2023-03-15,24285.66,-0.01559560623435119,True,1.0,-0.01559560623435119,5.667492788932727,0,0.0,-0.0,1.6251263137946739,0,1.0,-0.01659560623435119,7.030960479755575,0,0.0,-0.0,3.0169992929629688,0,0.0,-0.0,2.6684543394188047,0,0.0,-0.0,3.155369307385874,0,0.0,-0.0,1.362128315183636,0,0.0,-0.0,5.087562441424746
2023-03-16,24998.78,0.02936383034267953,True,1.0,0.02936383034267953,5.8339120856553075,0,0.0,0.0,1.6251263137946739,0,1.0,0.02936383034267953,7.237416410429202,0,0.0,0.0,3.0169992929629688,0,0.0,0.0,2.6684543394188047,0,0.0,0.0,3.155369307385874,0,0.0,0.0,1.362128315183636,0,0.0,0.0,5.087562441424746
2023-03-17,27395.13,0.09585867790348179,True,1.0,0.09585867790348179,6.393143185191369,0,0.0,0.0,1.6251263137946739,1,1.0,0.09585867790348179,7.931185578969909,0,0.0,0.0,3.0169992929629688,0,0.0,0.0,2.6684543394188047,0,0.0,0.0,3.155369307385874,0,0.0,0.0,1.362128315183636,0,0.0,0.0,5.087562441424746
2023-03-18,26907.49,-0.017800244057976755,True,1.0,-0.017800244057976755,6.279343676197372,0,0.0,-0.0,1.6251263137946739,0,1.0,-0.017800244057976755,7.790008539995139,0,0.0,-0.0,3.0169992929629688,0,0.0,-0.0,2.6684543394188047,0,0.0,-0.0,3.155369307385874,0,0.0,-0.0,1.362128315183636,0,0.0,-0.0,5.087562441424746
2023-03-19,27972.87,0.039594179910500626,True,1.0,0.039594179910500626,6.527969139432595,0,0.0,0.0,1.6251263137946739,1,1.0,0.039594179910500626,8.098447539632042,0,0.0,0.0,3.0169992929629688,0,0.0,0.0,2.6684543394188047,0,0.0,0.0,3.155369307385874,0,0.0,0.0,1.362128315183636,0,0.0,0.0,5.087562441424746
2023-03-20,27717.01,-0.009146719660871439,True,1.0,-0.009146719660871439,6.4682596357593845,0,0.0,-0.0,1.6251263137946739,0,1.0,-0.009146719660871439,8.024373310298754,0,0.0,-0.0,3.0169992929629688,0,0.0,-0.0,2.6684543394188047,0,0.0,-0.0,3.155369307385874,0,0.0,-0.0,1.362128315183636,0,0.0,-0.0,5.087562441424746
2023-03-21,28105.47,0.014015220256441863,True,1.0,0.014015220256441863,6.558913719230405,0,0.0,0.0,1.6251263137946739,0,1.0,0.014015220256441863,8.136836669662506,0,0.0,0.0,3.0169992929629688,0,0.0,0.0,2.6684543394188047,0,0.0,0.0,3.155369307385874,0,0.0,0.0,1.362128315183636,0,0.0,0.0,5.087562441424746
2023-03-22,27250.97,-0.030403334297558482,True,1.0,-0.030403334297558482,6.3595008727958,0,0.0,-0.0,1.6251263137946739,0,1.0,-0.030403334297558482,7.889449704270124,0,0.0,-0.0,3.0169992929629688,0,0.0,-0.0,2.6684543394188047,0,0.0,-0.0,3.155369307385874,0,0.0,-0.0,1.362128315183636,0,0.0,-0.0,5.087562441424746
2023-03-23,28295.41,0.038326709104299805,True,1.0,0.038326709104299805,6.603239612795985,0,0.0,0.0,1.6251263137946739,0,1.0,0.038326709104299805,8.191826348078688,0,0.0,0.0,3.0169992929629688,0,0.0,0.0,2.6684543394188047,0,0.0,0.0,3.155369307385874,0,0.0,0.0,1.362128315183636,0,0.0,0.0,5.087562441424746
2023-03-24,27454.47,-0.029720014659621374,True,1.0,-0.029720014659621374,6.406991234702696,0,0.0,-0.0,1.6251263137946739,0,1.0,-0.029720014659621374,7.948365148924717,0,0.0,-0.0,3.0169992929629688,0,0.0,-0.0,2.6684543394188047,0,0.0,-0.0,3.155369307385874,0,0.0,-0.0,1.362128315183636,0,0.0,-0.0,5.087562441424746
2023-03-25,27462.95,0.0003088750210802349,True,1.0,0.0003088750210802349,6.408970194255375,0,0.0,0.0,1.6251263137946739,0,1.0,0.0003088750210802349,7.9508202003776445,0,0.0,0.0,3.0169992929629688,0,0.0,0.0,2.6684543394188047,0,0.0,0.0,3.155369307385874,0,0.0,0.0,1.362128315183636,0,0.0,0.0,5.087562441424746
2023-03-26,27968.05,0.018392051837111456,True,1.0,0.018392051837111456,6.526844306290623,0,0.0,0.0,1.6251263137946739,0,1.0,0.018392051837111456,8.097052097650543,0,0.0,0.0,3.0169992929629688,0,0.0,0.0,2.6684543394188047,0,0.0,0.0,3.155369307385874,0,0.0,0.0,1.362128315183636,0,0.0,0.0,5.087562441424746
2023-03-27,27124.91,-0.030146542215134797,True,1.0,-0.030146542215134797,6.33008251887942,0,0.0,-0.0,1.6251263137946739,0,1.0,-0.030146542215134797,7.852953974770576,0,0.0,-0.0,3.0169992929629688,0,0.0,-0.0,2.6684543394188047,0,0.0,-0.0,3.155369307385874,0,0.0,-0.0,1.362128315183636,0,0.0,-0.0,5.087562441424746
2023-03-28,27261.07,0.005019740157663266,True,1.0,0.005019740157663266,6.3618578883007615,0,0.0,0.0,1.6251263137946739,0,1.0,0.005019740157663266,7.892373763194013,0,0.0,0.0,3.0169992929629688,0,0.0,0.0,2.6684543394188047,0,0.0,0.0,3.155369307385874,0,0.0,0.0,1.362128315183636,0,0.0,0.0,5.087562441424746
2023-03-29,28348.6,0.03989315166279228,True,1.0,0.03989315166279228,6.615652449895875,0,0.0,0.0,1.6251263137946739,0,1.0,0.03989315166279228,8.207225426708554,0,0.0,0.0,3.0169992929629688,0,0.0,0.0,2.6684543394188047,0,0.0,0.0,3.155369307385874,0,0.0,0.0,1.362128315183636,0,0.0,0.0,5.087562441424746
2023-03-30,28028.53,-0.011290504645732002,True,1.0,-0.011290504645732002,6.540958395175777,0,0.0,-0.0,1.6251263137946739,0,1.0,-0.011290504645732002,8.114561709899732,0,0.0,-0.0,3.0169992929629688,0,0.0,-0.0,2.6684543394188047,0,0.0,-0.0,3.155369307385874,0,0.0,-0.0,1.362128315183636,0,0.0,-0.0,5.087562441424746
2023-03-31,28465.36,0.015585191231934026,True,1.0,0.015585191231934026,6.642900482604716,0,0.0,0.0,1.6251263137946739,0,1.0,0.015585191231934026,8.241028705911848,0,0.0,0.0,3.0169992929629688,0,0.0,0.0,2.6684543394188047,0,0.0,0.0,3.155369307385874,0,0.0,0.0,1.362128315183636,0,0.0,0.0,5.087562441424746
2023-04-01,28452.73,-0.00044369718141634706,True,1.0,-0.00044369718141634706,6.639953046384155,0,0.0,-0.0,1.6251263137946739,0,1.0,-0.00044369718141634706,8.237372184703064,0,0.0,-0.0,3.0169992929629688,0,0.0,-0.0,2.6684543394188047,0,0.0,-0.0,3.155369307385874,0,0.0,-0.0,1.362128315183636,0,0.0,-0.0,5.087562441424746
2023-04-02,28171.87,-0.0098711090289052,True,1.0,-0.0098711090289052,6.574409345916486,0,0.0,-0.0,1.6251263137946739,0,1.0,-0.0098711090289052,8.15606018575619,0,0.0,-0.0,3.0169992929629688,0,0.0,-0.0,2.6684543394188047,0,0.0,-0.0,3.155369307385874,0,0.0,-0.0,1.362128315183636,0,0.0,-0.0,5.087562441424746
2023-04-03,27800.0,-0.013200046713263913,True,1.0,-0.013200046713263913,6.487626835438269,0,0.0,-0.0,1.6251263137946739,0,1.0,-0.013200046713263913,8.048399810308016,0,0.0,-0.0,3.0169992929629688,0,0.0,-0.0,2.6684543394188047,0,0.0,-0.0,3.155369307385874,0,0.0,-0.0,1.362128315183636,0,0.0,-0.0,5.087562441424746
2023-04-04,28165.47,0.013146402877697971,True,1.0,0.013146402877697971,6.572915791537105,0,0.0,0.0,1.6251263137946739,0,1.0,0.013146402877697971,8.154207316735112,0,0.0,0.0,3.0169992929629688,0,0.0,0.0,2.6684543394188047,0,0.0,0.0,3.155369307385874,0,0.0,0.0,1.362128315183636,0,0.0,0.0,5.087562441424746
2023-04-05,28170.01,0.00016119028015504355,True,1.0,0.00016119028015504355,6.573975281674978,0,0.0,0.0,1.6251263137946739,0,1.0,0.00016119028015504355,8.155521695696939,0,0.0,0.0,3.0169992929629688,0,0.0,0.0,2.6684543394188047,0,0.0,0.0,3.155369307385874,0,0.0,0.0,1.362128315183636,0,0.0,0.0,5.087562441424746
2023-04-06,28033.82,-0.004834574073633635,True,1.0,-0.004834574073633635,6.542192911217484,0,0.0,-0.0,1.6251263137946739,0,1.0,-0.004834574073633635,8.116093221949965,0,0.0,-0.0,3.0169992929629688,0,0.0,-0.0,2.6684543394188047,0,0.0,-0.0,3.155369307385874,0,0.0,-0.0,1.362128315183636,0,0.0,-0.0,5.087562441424746
2023-04-07,27906.33,-0.004547721288072681,True,1.0,-0.004547721288072681,6.512440841244461,0,0.0,-0.0,1.6251263137946739,0,1.0,-0.004547721288072681,8.079183492028521,0,0.0,-0.0,3.0169992929629688,0,0.0,-0.0,2.6684543394188047,0,0.0,-0.0,3.155369307385874,0,0.0,-0.0,1.362128315183636,0,0.0,-0.0,5.087562441424746
2023-04-08,27938.38,0.0011484849494720617,False,1.0,0.0011484849494720617,6.519920281534958,0,0.0,0.0,1.6251263137946739,0,1.0,0.0011484849494720617,8.088462312673139,0,0.0,0.0,3.0169992929629688,0,0.0,0.0,2.6684543394188047,0,0.0,0.0,3.155369307385874,0,0.0,0.0,1.362128315183636,0,0.0,0.0,5.087562441424746
2023-04-09,28323.76,0.013793927922807203,True,1.0,0.013793927922807203,6.6098555919609,0,0.0,0.0,1.6251263137946739,0,0.0,-0.001,8.080373850360466,0,0.0,0.0,3.0169992929629688,0,0.0,0.0,2.6684543394188047,0,0.0,0.0,3.155369307385874,0,0.0,0.0,1.362128315183636,0,0.0,0.0,5.087562441424746
2023-04-10,29637.34,0.046377317135860574,True,1.0,0.046377317135860574,6.916402960971513,0,0.0,0.0,1.6251263137946739,0,0.0,0.0,8.080373850360466,0,0.0,0.0,3.0169992929629688,0,0.0,0.0,2.6684543394188047,0,0.0,0.0,3.155369307385874,0,0.0,0.0,1.362128315183636,0,0.0,0.0,5.087562441424746
2023-04-11,30200.42,0.01899900598366777,True,1.0,0.01899900598366777,7.047807742212468,0,0.0,0.0,1.6251263137946739,0,0.0,0.0,8.080373850360466,0,0.0,0.0,3.0169992929629688,0,0.0,0.0,2.6684543394188047,0,0.0,0.0,3.155369307385874,0,0.0,0.0,1.362128315183636,0,0.0,0.0,5.087562441424746
2023-04-12,29888.07,-0.010342571394702404,True,1.0,-0.010342571394702404,6.974915287462499,0,0.0,-0.0,1.6251263137946739,0,0.0,-0.0,8.080373850360466,0,0.0,-0.0,3.0169992929629688,0,0.0,-0.0,2.6684543394188047,0,0.0,-0.0,3.155369307385874,0,0.0,-0.0,1.362128315183636,0,0.0,-0.0,5.087562441424746
2023-04-13,30373.84,0.01625297317625396,True,1.0,0.01625297317625396,7.088278398536271,0,0.0,0.0,1.6251263137946739,0,0.0,0.0,8.080373850360466,0,0.0,0.0,3.0169992929629688,0,0.0,0.0,2.6684543394188047,0,0.0,0.0,3.155369307385874,0,0.0,0.0,1.362128315183636,0,0.0,0.0,5.087562441424746
2023-04-14,30466.93,0.003064808400913499,True,1.0,0.003064808400913499,7.110002613720119,0,0.0,0.0,1.6251263137946739,0,0.0,0.0,8.080373850360466,0,0.0,0.0,3.0169992929629688,0,0.0,0.0,2.6684543394188047,0,0.0,0.0,3.155369307385874,0,0.0,0.0,1.362128315183636,0,0.0,0.0,5.087562441424746
2023-04-15,30295.09,-0.005640213831849872,True,1.0,-0.005640213831849872,7.069900678633726,0,0.0,-0.0,1.6251263137946739,0,0.0,-0.0,8.080373850360466,0,0.0,-0.0,3.0169992929629688,0,0.0,-0.0,2.6684543394188047,0,0.0,-0.0,3.155369307385874,0,0.0,-0.0,1.362128315183636,0,0.0,-0.0,5.087562441424746
2023-04-16,30304.65,0.0003155626868909245,True,1.0,0.0003155626868909245,7.0721316754879275,0,0.0,0.0,1.6251263137946739,0,0.0,0.0,8.080373850360466,0,0.0,0.0,3.0169992929629688,0,0.0,0.0,2.6684543394188047,0,0.0,0.0,3.155369307385874,0,0.0,0.0,1.362128315183636,0,0.0,0.0,5.087562441424746
2023-04-17,29430.27,-0.028852997807267244,True,1.0,-0.028852997807267244,6.868079475762369,0,0.0,-0.0,1.6251263137946739,0,0.0,-0.0,8.080373850360466,0,0.0,-0.0,3.0169992929629688,0,0.0,-0.0,2.6684543394188047,0,0.0,-0.0,3.155369307385874,0,0.0,-0.0,1.362128315183636,0,0.0,-0.0,5.087562441424746
2023-04-18,30380.01,0.03227085582293321,True,1.0,0.03227085582293321,7.089718278305143,0,0.0,0.0,1.6251263137946739,0,0.0,0.0,8.080373850360466,0,0.0,0.0,3.0169992929629688,0,0.0,0.0,2.6684543394188047,0,0.0,0.0,3.155369307385874,0,0.0,0.0,1.362128315183636,0,0.0,0.0,5.087562441424746
2023-04-19,28797.1,-0.05210366948529643,True,1.0,-0.05210366948529643,6.720317940388467,0,0.0,-0.0,1.6251263137946739,0,0.0,-0.0,8.080373850360466,0,0.0,-0.0,3.0169992929629688,0,0.0,-0.0,2.6684543394188047,0,0.0,-0.0,3.155369307385874,0,0.0,-0.0,1.362128315183636,0,0.0,-0.0,5.087562441424746
2023-04-20,28243.65,-0.019218949130294316,False,1.0,-0.019218949130294316,6.591160491752737,0,0.0,-0.0,1.6251263137946739,0,0.0,-0.0,8.080373850360466,0,0.0,-0.0,3.0169992929629688,0,0.0,-0.0,2.6684543394188047,0,0.0,-0.0,3.155369307385874,0,0.0,-0.0,1.362128315183636,0,0.0,-0.0,5.087562441424746
2023-04-21,27262.84,-0.03472674388756414,False,1.0,-0.03472674388756414,6.362270949433808,0,0.0,-0.0,1.6251263137946739,0,0.0,-0.0,8.080373850360466,0,0.0,-0.0,3.0169992929629688,0,0.0,-0.0,2.6684543394188047,0,0.0,-0.0,3.155369307385874,0,0.0,-0.0,1.362128315183636,0,0.0,-0.0,5.087562441424746
2023-04-22,27816.85,0.020321067064179577,False,1.0,0.020321067064179577,6.491559084077734,0,0.0,0.0,1.6251263137946739,0,0.0,0.0,8.080373850360466,0,0.0,0.0,3.0169992929629688,0,0.0,0.0,2.6684543394188047,0,0.0,0.0,3.155369307385874,0,0.0,0.0,1.362128315183636,0,0.0,0.0,5.087562441424746
2023-04-23,27590.6,-0.0081335593354388,False,1.0,-0.0081335593354388,6.438759603087881,0,0.0,-0.0,1.6251263137946739,0,0.0,-0.0,8.080373850360466,0,0.0,-0.0,3.0169992929629688,0,0.0,-0.0,2.6684543394188047,0,0.0,-0.0,3.155369307385874,0,0.0,-0.0,1.362128315183636,0,0.0,-0.0,5.087562441424746
2023-04-24,27510.93,-0.002887577653258644,False,1.0,-0.002887577653258644,6.4201671847433,0,0.0,-0.0,1.6251263137946739,0,0.0,-0.0,8.080373850360466,0,0.0,-0.0,3.0169992929629688,0,0.0,-0.0,2.6684543394188047,0,0.0,-0.0,3.155369307385874,0,0.0,-0.0,1.362128315183636,0,0.0,-0.0,5.087562441424746
2023-04-25,28300.79,0.02871077059190652,True,1.0,0.02871077059190652,6.604495131946151,0,0.0,0.0,1.6251263137946739,0,0.0,0.0,8.080373850360466,0,0.0,0.0,3.0169992929629688,0,0.0,0.0,2.6684543394188047,0,0.0,0.0,3.155369307385874,0,0.0,0.0,1.362128315183636,0,0.0,0.0,5.087562441424746
2023-04-26,28415.29,0.004045823455811615,True,1.0,0.004045823455811615,6.631215753264772,0,0.0,0.0,1.6251263137946739,0,0.0,0.0,8.080373850360466,0,0.0,0.0,3.0169992929629688,0,0.0,0.0,2.6684543394188047,0,0.0,0.0,3.155369307385874,0,0.0,0.0,1.362128315183636,0,0.0,0.0,5.087562441424746
2023-04-27,29472.77,0.03721517535101704,True,1.0,0.03721517535101704,6.877997610312947,0,0.0,0.0,1.6251263137946739,0,0.0,0.0,8.080373850360466,0,0.0,0.0,3.0169992929629688,0,0.0,0.0,2.6684543394188047,0,0.0,0.0,3.155369307385874,0,0.0,0.0,1.362128315183636,0,0.0,0.0,5.087562441424746
2023-04-28,29311.7,-0.005465044513970008,True,1.0,-0.005465044513970008,6.840409047205608,0,0.0,-0.0,1.6251263137946739,0,0.0,-0.0,8.080373850360466,0,0.0,-0.0,3.0169992929629688,0,0.0,-0.0,2.6684543394188047,0,0.0,-0.0,3.155369307385874,0,0.0,-0.0,1.362128315183636,0,0.0,-0.0,5.087562441424746
2023-04-29,29230.45,-0.002771930662499922,True,1.0,-0.002771930662499922,6.821447907623616,0,0.0,-0.0,1.6251263137946739,0,0.0,-0.0,8.080373850360466,0,0.0,-0.0,3.0169992929629688,0,0.0,-0.0,2.6684543394188047,0,0.0,-0.0,3.155369307385874,0,0.0,-0.0,1.362128315183636,0,0.0,-0.0,5.087562441424746
2023-04-30,29233.21,9.442208382015593e-05,False,1.0,9.442208382015593e-05,6.8220920029497245,0,0.0,0.0,1.6251263137946739,0,0.0,0.0,8.080373850360466,0,0.0,0.0,3.0169992929629688,0,0.0,0.0,2.6684543394188047,0,0.0,0.0,3.155369307385874,0,0.0,0.0,1.362128315183636,0,0.0,0.0,5.087562441424746
2023-05-01,28068.26,-0.039850225137779915,False,1.0,-0.039850225137779915,6.55023010072153,0,0.0,-0.0,1.6251263137946739,0,0.0,-0.0,8.080373850360466,0,0.0,-0.0,3.0169992929629688,0,0.0,-0.0,2.6684543394188047,0,0.0,-0.0,3.155369307385874,0,0.0,-0.0,1.362128315183636,0,0.0,-0.0,5.087562441424746
2023-05-02,28669.86,0.02143346256590184,False,1.0,0.02143346256590184,6.690624212383388,0,0.0,0.0,1.6251263137946739,0,0.0,0.0,8.080373850360466,0,0.0,0.0,3.0169992929629688,0,0.0,0.0,2.6684543394188047,0,0.0,0.0,3.155369307385874,0,0.0,0.0,1.362128315183636,0,0.0,0.0,5.087562441424746
2023-05-03,29026.16,0.012427685381093623,False,1.0,0.012427685381093623,6.773773185098016,0,0.0,0.0,1.6251263137946739,0,0.0,0.0,8.080373850360466,0,0.0,0.0,3.0169992929629688,0,0.0,0.0,2.6684543394188047,0,0.0,0.0,3.155369307385874,0,0.0,0.0,1.362128315183636,0,0.0,0.0,5.087562441424746
2023-05-04,28838.16,-0.006476915995777599,False,1.0,-0.006476915995777599,6.729900025203685,0,0.0,-0.0,1.6251263137946739,0,0.0,-0.0,8.080373850360466,0,0.0,-0.0,3.0169992929629688,0,0.0,-0.0,2.6684543394188047,0,0.0,-0.0,3.155369307385874,0,0.0,-0.0,1.362128315183636,0,0.0,-0.0,5.087562441424746
2023-05-05,29505.61,0.023144680520532646,False,1.0,0.023144680520532646,6.885661411222149,0,0.0,0.0,1.6251263137946739,0,0.0,0.0,8.080373850360466,0,0.0,0.0,3.0169992929629688,0,0.0,0.0,2.6684543394188047,0,0.0,0.0,3.155369307385874,0,0.0,0.0,1.362128315183636,0,0.0,0.0,5.087562441424746
2023-05-06,28848.2,-0.02228084760830229,False,1.0,-0.02228084760830229,6.73224303863634,0,0.0,-0.0,1.6251263137946739,0,0.0,-0.0,8.080373850360466,0,0.0,-0.0,3.0169992929629688,0,0.0,-0.0,2.6684543394188047,0,0.0,-0.0,3.155369307385874,0,0.0,-0.0,1.362128315183636,0,0.0,-0.0,5.087562441424746
2023-05-07,28430.1,-0.01449310528906489,False,1.0,-0.01449310528906489,6.634671931445809,0,0.0,-0.0,1.6251263137946739,0,0.0,-0.0,8.080373850360466,0,0.0,-0.0,3.0169992929629688,0,0.0,-0.0,2.6684543394188047,0,0.0,-0.0,3.155369307385874,0,0.0,-0.0,1.362128315183636,0,0.0,-0.0,5.087562441424746
2023-05-08,27668.79,-0.02677830890499855,False,1.0,-0.02677830890499855,6.45700663698223,0,0.0,-0.0,1.6251263137946739,0,0.0,-0.0,8.080373850360466,0,0.0,-0.0,3.0169992929629688,0,0.0,-0.0,2.6684543394188047,0,0.0,-0.0,3.155369307385874,0,0.0,-0.0,1.362128315183636,0,0.0,-0.0,5.087562441424746
2023-05-09,27628.27,-0.0014644659199046783,False,1.0,-0.0014644659199046783,6.447550570817771,0,0.0,-0.0,1.6251263137946739,0,0.0,-0.0,8.080373850360466,0,0.0,-0.0,3.0169992929629688,0,0.0,-0.0,2.6684543394188047,0,0.0,-0.0,3.155369307385874,0,0.0,-0.0,1.362128315183636,0,0.0,-0.0,5.087562441424746
2023-05-10,27598.75,-0.0010684708090662465,False,1.0,-0.0010684708090662465,6.440661551242874,0,0.0,-0.0,1.6251263137946739,0,0.0,-0.0,8.080373850360466,0,0.0,-0.0,3.0169992929629688,0,0.0,-0.0,2.6684543394188047,0,0.0,-0.0,3.155369307385874,0,0.0,-0.0,1.362128315183636,0,0.0,-0.0,5.087562441424746
2023-05-11,26968.62,-0.02283183115177323,False,1.0,-0.02283183115177323,6.293609454199179,0,0.0,-0.0,1.6251263137946739,0,0.0,-0.0,8.080373850360466,0,0.0,-0.0,3.0169992929629688,0,0.0,-0.0,2.6684543394188047,0,0.0,-0.0,3.155369307385874,0,0.0,-0.0,1.362128315183636,0,0.0,-0.0,5.087562441424746
2023-05-12,26795.01,-0.0064374817843849685,False,1.0,-0.0064374817843849685,6.2530944579797385,0,0.0,-0.0,1.6251263137946739,0,0.0,-0.0,8.080373850360466,0,0.0,-0.0,3.0169992929629688,0,0.0,-0.0,2.6684543394188047,0,0.0,-0.0,3.155369307385874,0,0.0,-0.0,1.362128315183636,0,0.0,-0.0,5.087562441424746
2023-05-13,26775.28,-0.0007363311303112408,False,1.0,-0.0007363311303112408,6.248490109869551,0,0.0,-0.0,1.6251263137946739,0,0.0,-0.0,8.080373850360466,0,0.0,-0.0,3.0169992929629688,0,0.0,-0.0,2.6684543394188047,0,0.0,-0.0,3.155369307385874,0,0.0,-0.0,1.362128315183636,0,0.0,-0.0,5.087562441424746
2023-05-14,26917.62,0.005316097534741049,False,1.0,0.005316097534741049,6.2817076927384825,0,0.0,0.0,1.6251263137946739,0,0.0,0.0,8.080373850360466,0,0.0,0.0,3.0169992929629688,0,0.0,0.0,2.6684543394188047,0,0.0,0.0,3.155369307385874,0,0.0,0.0,1.362128315183636,0,0.0,0.0,5.087562441424746
2023-05-15,27162.14,0.009084012628159499,False,1.0,0.009084012628159499,6.338770804745725,0,0.0,0.0,1.6251263137946739,0,0.0,0.0,8.080373850360466,0,0.0,0.0,3.0169992929629688,0,0.0,0.0,2.6684543394188047,0,0.0,0.0,3.155369307385874,0,0.0,0.0,1.362128315183636,0,0.0,0.0,5.087562441424746
2023-05-16,27033.84,-0.0047234864410535815,False,1.0,-0.0047234864410535815,6.308829706796563,0,0.0,-0.0,1.6251263137946739,0,0.0,-0.0,8.080373850360466,0,0.0,-0.0,3.0169992929629688,0,0.0,-0.0,2.6684543394188047,0,0.0,-0.0,3.155369307385874,0,0.0,-0.0,1.362128315183636,0,0.0,-0.0,5.087562441424746
2023-05-17,27405.61,0.013752023389943968,False,1.0,0.013752023389943968,6.395588880487603,0,0.0,0.0,1.6251263137946739,0,0.0,0.0,8.080373850360466,0,0.0,0.0,3.0169992929629688,0,0.0,0.0,2.6684543394188047,0,0.0,0.0,3.155369307385874,0,0.0,0.0,1.362128315183636,0,0.0,0.0,5.087562441424746
2023-05-18,26821.28,-0.021321546938747327,False,1.0,-0.021321546938747327,6.259225031971356,0,0.0,-0.0,1.6251263137946739,0,0.0,-0.0,8.080373850360466,0,0.0,-0.0,3.0169992929629688,0,0.0,-0.0,2.6684543394188047,0,0.0,-0.0,3.155369307385874,0,0.0,-0.0,1.362128315183636,0,0.0,-0.0,5.087562441424746
2023-05-19,26880.26,0.0021990001968585915,False,1.0,0.0021990001968585915,6.272989069048843,0,0.0,0.0,1.6251263137946739,0,0.0,0.0,8.080373850360466,0,0.0,0.0,3.0169992929629688,0,0.0,0.0,2.6684543394188047,0,0.0,0.0,3.155369307385874,0,0.0,0.0,1.362128315183636,0,0.0,0.0,5.087562441424746
2023-05-20,27102.43,0.008265173030320483,False,1.0,0.008265173030320483,6.324836409121841,0,0.0,0.0,1.6251263137946739,0,0.0,0.0,8.080373850360466,0,0.0,0.0,3.0169992929629688,0,0.0,0.0,2.6684543394188047,0,0.0,0.0,3.155369307385874,0,0.0,0.0,1.362128315183636,0,0.0,0.0,5.087562441424746
2023-05-21,26747.78,-0.013085542514084558,False,1.0,-0.013085542514084558,6.242072493395647,0,0.0,-0.0,1.6251263137946739,0,0.0,-0.0,8.080373850360466,0,0.0,-0.0,3.0169992929629688,0,0.0,-0.0,2.6684543394188047,0,0.0,-0.0,3.155369307385874,0,0.0,-0.0,1.362128315183636,0,0.0,-0.0,5.087562441424746
2023-05-22,26849.27,0.0037943335858154903,False,1.0,0.0037943335858154903,6.265756998702433,0,0.0,0.0,1.6251263137946739,0,0.0,0.0,8.080373850360466,0,0.0,0.0,3.0169992929629688,0,0.0,0.0,2.6684543394188047,0,0.0,0.0,3.155369307385874,0,0.0,0.0,1.362128315183636,0,0.0,0.0,5.087562441424746
2023-05-23,27219.61,0.013793298663241194,False,1.0,0.013793298663241194,6.35218245633683,0,0.0,0.0,1.6251263137946739,0,0.0,0.0,8.080373850360466,0,0.0,0.0,3.0169992929629688,0,0.0,0.0,2.6684543394188047,0,0.0,0.0,3.155369307385874,0,0.0,0.0,1.362128315183636,0,0.0,0.0,5.087562441424746
2023-05-24,26329.01,-0.03271905806144915,False,1.0,-0.03271905806144915,6.144345029731026,0,0.0,-0.0,1.6251263137946739,0,0.0,-0.0,8.080373850360466,0,0.0,-0.0,3.0169992929629688,0,0.0,-0.0,2.6684543394188047,0,0.0,-0.0,3.155369307385874,0,0.0,-0.0,1.362128315183636,0,0.0,-0.0,5.087562441424746
2023-05-25,26473.79,0.005498877473934849,False,1.0,0.005498877473934849,6.178132030207098,0,0.0,0.0,1.6251263137946739,0,0.0,0.0,8.080373850360466,0,0.0,0.0,3.0169992929629688,0,0.0,0.0,2.6684543394188047,0,0.0,0.0,3.155369307385874,0,0.0,0.0,1.362128315183636,0,0.0,0.0,5.087562441424746
2023-05-26,26705.92,0.008768294981564617,False,1.0,0.008768294981564617,6.232303714283006,0,0.0,0.0,1.6251263137946739,0,0.0,0.0,8.080373850360466,0,0.0,0.0,3.0169992929629688,0,0.0,0.0,2.6684543394188047,0,0.0,0.0,3.155369307385874,0,0.0,0.0,1.362128315183636,0,0.0,0.0,5.087562441424746
2023-05-27,26854.27,0.005554948116372804,False,1.0,0.005554948116372804,6.2669238380613255,0,0.0,0.0,1.6251263137946739,0,0.0,0.0,8.080373850360466,0,0.0,0.0,3.0169992929629688,0,0.0,0.0,2.6684543394188047,0,0.0,0.0,3.155369307385874,0,0.0,0.0,1.362128315183636,0,0.0,0.0,5.087562441424746
2023-05-28,28065.0,0.04508519501740316,True,1.0,0.04508519501740316,6.549469321459533,0,0.0,0.0,1.6251263137946739,0,0.0,0.0,8.080373850360466,0,0.0,0.0,3.0169992929629688,0,0.0,0.0,2.6684543394188047,0,0.0,0.0,3.155369307385874,0,0.0,0.0,1.362128315183636,0,0.0,0.0,5.087562441424746
2023-05-29,27736.4,-0.011708533760912077,True,1.0,-0.011708533760912077,6.472784638793166,0,0.0,-0.0,1.6251263137946739,0,0.0,-0.0,8.080373850360466,0,0.0,-0.0,3.0169992929629688,0,0.0,-0.0,2.6684543394188047,0,0.0,-0.0,3.155369307385874,0,0.0,-0.0,1.362128315183636,0,0.0,-0.0,5.087562441424746
2023-05-30,27694.4,-0.0015142556351941394,True,1.0,-0.0015142556351941394,6.462983188178475,0,0.0,-0.0,1.6251263137946739,0,0.0,-0.0,8.080373850360466,0,0.0,-0.0,3.0169992929629688,0,0.0,-0.0,2.6684543394188047,0,0.0,-0.0,3.155369307385874,0,0.0,-0.0,1.362128315183636,0,0.0,-0.0,5.087562441424746
2023-05-31,27210.35,-0.017478262753480966,True,1.0,-0.017478262753480966,6.350021469844162,0,0.0,-0.0,1.6251263137946739,0,0.0,-0.0,8.080373850360466,0,0.0,-0.0,3.0169992929629688,0,0.0,-0.0,2.6684543394188047,0,0.0,-0.0,3.155369307385874,0,0.0,-0.0,1.362128315183636,0,0.0,-0.0,5.087562441424746
2023-06-01,26817.93,-0.014421718206491185,True,1.0,-0.014421718206491185,6.258443249600901,0,0.0,-0.0,1.6251263137946739,0,0.0,-0.0,8.080373850360466,0,0.0,-0.0,3.0169992929629688,0,0.0,-0.0,2.6684543394188047,0,0.0,-0.0,3.155369307385874,0,0.0,-0.0,1.362128315183636,0,0.0,-0.0,5.087562441424746
2023-06-02,27242.59,0.01583492834831035,True,1.0,0.01583492834831035,6.357545250030298,0,0.0,0.0,1.6251263137946739,0,0.0,0.0,8.080373850360466,0,0.0,0.0,3.0169992929629688,0,0.0,0.0,2.6684543394188047,0,0.0,0.0,3.155369307385874,0,0.0,0.0,1.362128315183636,0,0.0,0.0,5.087562441424746
2023-06-03,27069.22,-0.006363932357385971,True,1.0,-0.006363932357385971,6.3170862621000845,0,0.0,-0.0,1.6251263137946739,0,0.0,-0.0,8.080373850360466,0,0.0,-0.0,3.0169992929629688,0,0.0,-0.0,2.6684543394188047,0,0.0,-0.0,3.155369307385874,0,0.0,-0.0,1.362128315183636,0,0.0,-0.0,5.087562441424746
2023-06-04,27115.21,0.001698977658018963,False,1.0,0.001698977658018963,6.327818850523171,0,0.0,0.0,1.6251263137946739,0,0.0,0.0,8.080373850360466,0,0.0,0.0,3.0169992929629688,0,0.0,0.0,2.6684543394188047,0,0.0,0.0,3.155369307385874,0,0.0,0.0,1.362128315183636,0,0.0,0.0,5.087562441424746
2023-06-05,25728.2,-0.05115247125137512,False,1.0,-0.05115247125137512,6.004135278687874,0,0.0,-0.0,1.6251263137946739,0,0.0,-0.0,8.080373850360466,0,0.0,-0.0,3.0169992929629688,0,0.0,-0.0,2.6684543394188047,0,0.0,-0.0,3.155369307385874,0,0.0,-0.0,1.362128315183636,0,0.0,-0.0,5.087562441424746
2023-06-06,27230.08,0.05837485716062529,False,1.0,0.05837485716062529,6.35462581795435,0,0.0,0.0,1.6251263137946739,0,0.0,0.0,8.080373850360466,0,0.0,0.0,3.0169992929629688,0,0.0,0.0,2.6684543394188047,0,0.0,0.0,3.155369307385874,0,0.0,0.0,1.362128315183636,0,0.0,0.0,5.087562441424746
2023-06-07,26339.34,-0.0327116189155523,False,1.0,-0.0327116189155523,6.146755719846498,0,0.0,-0.0,1.6251263137946739,0,0.0,-0.0,8.080373850360466,0,0.0,-0.0,3.0169992929629688,0,0.0,-0.0,2.6684543394188047,0,0.0,-0.0,3.155369307385874,0,0.0,-0.0,1.362128315183636,0,0.0,-0.0,5.087562441424746
2023-06-08,26498.61,0.006046848554291717,False,1.0,0.006046848554291717,6.183924220784636,0,0.0,0.0,1.6251263137946739,0,0.0,0.0,8.080373850360466,0,0.0,0.0,3.0169992929629688,0,0.0,0.0,2.6684543394188047,0,0.0,0.0,3.155369307385874,0,0.0,0.0,1.362128315183636,0,0.0,0.0,5.087562441424746
2023-06-09,26477.81,-0.000784946833060296,False,1.0,-0.000784946833060296,6.179070169051647,0,0.0,-0.0,1.6251263137946739,0,0.0,-0.0,8.080373850360466,0,0.0,-0.0,3.0169992929629688,0,0.0,-0.0,2.6684543394188047,0,0.0,-0.0,3.155369307385874,0,0.0,-0.0,1.362128315183636,0,0.0,-0.0,5.087562441424746
2023-06-10,25841.21,-0.024042773930321393,False,1.0,-0.024042773930321393,6.030508181877545,0,0.0,-0.0,1.6251263137946739,0,0.0,-0.0,8.080373850360466,0,0.0,-0.0,3.0169992929629688,0,0.0,-0.0,2.6684543394188047,0,0.0,-0.0,3.155369307385874,0,0.0,-0.0,1.362128315183636,0,0.0,-0.0,5.087562441424746
2023-06-11,25925.55,0.003263779056785765,False,1.0,0.003263779056785765,6.050190428183332,0,0.0,0.0,1.6251263137946739,0,0.0,0.0,8.080373850360466,0,0.0,0.0,3.0169992929629688,0,0.0,0.0,2.6684543394188047,0,0.0,0.0,3.155369307385874,0,0.0,0.0,1.362128315183636,0,0.0,0.0,5.087562441424746
2023-06-12,25905.19,-0.0007853256729365432,False,1.0,-0.0007853256729365432,6.045439058313924,0,0.0,-0.0,1.6251263137946739,0,0.0,-0.0,8.080373850360466,0,0.0,-0.0,3.0169992929629688,0,0.0,-0.0,2.6684543394188047,0,0.0,-0.0,3.155369307385874,0,0.0,-0.0,1.362128315183636,0,0.0,-0.0,5.087562441424746
2023-06-13,25934.25,0.0011217829323004747,False,1.0,0.0011217829323004747,6.052220728667804,0,0.0,0.0,1.6251263137946739,0,0.0,0.0,8.080373850360466,0,0.0,0.0,3.0169992929629688,0,0.0,0.0,2.6684543394188047,0,0.0,0.0,3.155369307385874,0,0.0,0.0,1.362128315183636,0,0.0,0.0,5.087562441424746
2023-06-14,25128.6,-0.03106509731339835,False,1.0,-0.03106509731339835,5.8642079027695715,0,0.0,-0.0,1.6251263137946739,0,0.0,-0.0,8.080373850360466,0,0.0,-0.0,3.0169992929629688,0,0.0,-0.0,2.6684543394188047,0,0.0,-0.0,3.155369307385874,0,0.0,-0.0,1.362128315183636,0,0.0,-0.0,5.087562441424746
2023-06-15,25598.49,0.018699410233757652,False,1.0,0.018699410233757652,5.973865132039503,0,0.0,0.0,1.6251263137946739,0,0.0,0.0,8.080373850360466,0,0.0,0.0,3.0169992929629688,0,0.0,0.0,2.6684543394188047,0,0.0,0.0,3.155369307385874,0,0.0,0.0,1.362128315183636,0,0.0,0.0,5.087562441424746
2023-06-16,26345.0,0.029162266993092212,False,1.0,0.029162266993092212,6.148076582000763,0,0.0,0.0,1.6251263137946739,0,0.0,0.0,8.080373850360466,0,0.0,0.0,3.0169992929629688,0,0.0,0.0,2.6684543394188047,0,0.0,0.0,3.155369307385874,0,0.0,0.0,1.362128315183636,0,0.0,0.0,5.087562441424746
2023-06-17,26516.99,0.006528373505409135,False,1.0,0.006528373505409135,6.188213522267923,0,0.0,0.0,1.6251263137946739,0,0.0,0.0,8.080373850360466,0,0.0,0.0,3.0169992929629688,0,0.0,0.0,2.6684543394188047,0,0.0,0.0,3.155369307385874,0,0.0,0.0,1.362128315183636,0,0.0,0.0,5.087562441424746
2023-06-18,26339.97,-0.006675719981792838,False,1.0,-0.006675719981792838,6.146902741605719,0,0.0,-0.0,1.6251263137946739,0,0.0,-0.0,8.080373850360466,0,0.0,-0.0,3.0169992929629688,0,0.0,-0.0,2.6684543394188047,0,0.0,-0.0,3.155369307385874,0,0.0,-0.0,1.362128315183636,0,0.0,-0.0,5.087562441424746
2023-06-19,26844.35,0.019148844892382,False,1.0,0.019148844892382,6.264608828773285,0,0.0,0.0,1.6251263137946739,0,0.0,0.0,8.080373850360466,0,0.0,0.0,3.0169992929629688,0,0.0,0.0,2.6684543394188047,0,0.0,0.0,3.155369307385874,0,0.0,0.0,1.362128315183636,0,0.0,0.0,5.087562441424746
2023-06-20,28307.99,0.05452320506922326,True,1.0,0.05452320506922326,6.606175380622957,0,0.0,0.0,1.6251263137946739,0,0.0,0.0,8.080373850360466,0,0.0,0.0,3.0169992929629688,0,0.0,0.0,2.6684543394188047,0,0.0,0.0,3.155369307385874,0,0.0,0.0,1.362128315183636,0,0.0,0.0,5.087562441424746
2023-06-21,29993.89,0.0595556236949355,True,1.0,0.0595556236949355,6.999610275654085,0,0.0,0.0,1.6251263137946739,0,0.0,0.0,8.080373850360466,0,0.0,0.0,3.0169992929629688,0,0.0,0.0,2.6684543394188047,0,0.0,0.0,3.155369307385874,0,0.0,0.0,1.362128315183636,0,0.0,0.0,5.087562441424746
2023-06-22,29884.92,-0.003633073269255882,True,1.0,-0.003633073269255882,6.974180178666398,0,0.0,-0.0,1.6251263137946739,0,0.0,-0.0,8.080373850360466,0,0.0,-0.0,3.0169992929629688,0,0.0,-0.0,2.6684543394188047,0,0.0,-0.0,3.155369307385874,0,0.0,-0.0,1.362128315183636,0,0.0,-0.0,5.087562441424746
2023-06-23,30688.5,0.026889146766998273,True,1.0,0.026889146766998273,7.161709933070049,0,0.0,0.0,1.6251263137946739,0,0.0,0.0,8.080373850360466,0,0.0,0.0,3.0169992929629688,0,0.0,0.0,2.6684543394188047,0,0.0,0.0,3.155369307385874,0,0.0,0.0,1.362128315183636,0,0.0,0.0,5.087562441424746
2023-06-24,30527.43,-0.005248545872232224,True,1.0,-0.005248545872232224,7.12412136996271,0,0.0,-0.0,1.6251263137946739,0,0.0,-0.0,8.080373850360466,0,0.0,-0.0,3.0169992929629688,0,0.0,-0.0,2.6684543394188047,0,0.0,-0.0,3.155369307385874,0,0.0,-0.0,1.362128315183636,0,0.0,-0.0,5.087562441424746
2023-06-25,30462.66,-0.002121698420076701,True,1.0,-0.002121698420076701,7.109006132907625,0,0.0,-0.0,1.6251263137946739,0,0.0,-0.0,8.080373850360466,0,0.0,-0.0,3.0169992929629688,0,0.0,-0.0,2.6684543394188047,0,0.0,-0.0,3.155369307385874,0,0.0,-0.0,1.362128315183636,0,0.0,-0.0,5.087562441424746
2023-06-26,30267.99,-0.0063904465335593574,True,1.0,-0.0063904465335593574,7.063576409308533,0,0.0,-0.0,1.6251263137946739,0,0.0,-0.0,8.080373850360466,0,0.0,-0.0,3.0169992929629688,0,0.0,-0.0,2.6684543394188047,0,0.0,-0.0,3.155369307385874,0,0.0,-0.0,1.362128315183636,0,0.0,-0.0,5.087562441424746
2023-06-27,30692.44,0.014023065291087988,True,1.0,0.014023065291087988,7.162629402484855,0,0.0,0.0,1.6251263137946739,0,0.0,0.0,8.080373850360466,0,0.0,0.0,3.0169992929629688,0,0.0,0.0,2.6684543394188047,0,0.0,0.0,3.155369307385874,0,0.0,0.0,1.362128315183636,0,0.0,0.0,5.087562441424746
2023-06-28,30077.41,-0.020038485047132126,True,1.0,-0.020038485047132126,7.019101160305014,0,0.0,-0.0,1.6251263137946739,0,0.0,-0.0,8.080373850360466,0,0.0,-0.0,3.0169992929629688,0,0.0,-0.0,2.6684543394188047,0,0.0,-0.0,3.155369307385874,0,0.0,-0.0,1.362128315183636,0,0.0,-0.0,5.087562441424746
2023-06-29,30447.31,0.012298266373334643,True,1.0,0.012298266373334643,7.105423936075827,0,0.0,0.0,1.6251263137946739,0,0.0,0.0,8.080373850360466,0,0.0,0.0,3.0169992929629688,0,0.0,0.0,2.6684543394188047,0,0.0,0.0,3.155369307385874,0,0.0,0.0,1.362128315183636,0,0.0,0.0,5.087562441424746
2023-06-30,30472.0,0.0008109090753829484,True,1.0,0.0008109090753829484,7.111185788830034,0,0.0,0.0,1.6251263137946739,0,0.0,0.0,8.080373850360466,0,0.0,0.0,3.0169992929629688,0,0.0,0.0,2.6684543394188047,0,0.0,0.0,3.155369307385874,0,0.0,0.0,1.362128315183636,0,0.0,0.0,5.087562441424746
2023-07-01,30585.9,0.003737857705434555,True,1.0,0.003737857705434555,7.137766389425589,0,0.0,0.0,1.6251263137946739,0,0.0,0.0,8.080373850360466,0,0.0,0.0,3.0169992929629688,0,0.0,0.0,2.6684543394188047,0,0.0,0.0,3.155369307385874,0,0.0,0.0,1.362128315183636,0,0.0,0.0,5.087562441424746
2023-07-02,30617.03,0.00101778924275564,True,1.0,0.00101778924275564,7.145031131274049,0,0.0,0.0,1.6251263137946739,0,0.0,0.0,8.080373850360466,0,0.0,0.0,3.0169992929629688,0,0.0,0.0,2.6684543394188047,0,0.0,0.0,3.155369307385874,0,0.0,0.0,1.362128315183636,0,0.0,0.0,5.087562441424746
2023-07-03,31156.2,0.017610133967925767,True,1.0,0.017610133967925767,7.270856086700785,0,0.0,0.0,1.6251263137946739,0,0.0,0.0,8.080373850360466,0,0.0,0.0,3.0169992929629688,0,0.0,0.0,2.6684543394188047,0,0.0,0.0,3.155369307385874,0,0.0,0.0,1.362128315183636,0,0.0,0.0,5.087562441424746
2023-07-04,30766.51,-0.012507622880839175,True,1.0,-0.012507622880839175,7.179914960747478,0,0.0,-0.0,1.6251263137946739,0,0.0,-0.0,8.080373850360466,0,0.0,-0.0,3.0169992929629688,0,0.0,-0.0,2.6684543394188047,0,0.0,-0.0,3.155369307385874,0,0.0,-0.0,1.362128315183636,0,0.0,-0.0,5.087562441424746
2023-07-05,30504.81,-0.008506002143239377,True,1.0,-0.008506002143239377,7.1188425887030835,0,0.0,-0.0,1.6251263137946739,0,0.0,-0.0,8.080373850360466,0,0.0,-0.0,3.0169992929629688,0,0.0,-0.0,2.6684543394188047,0,0.0,-0.0,3.155369307385874,0,0.0,-0.0,1.362128315183636,0,0.0,-0.0,5.087562441424746
2023-07-06,29895.43,-0.019976521735424746,True,1.0,-0.019976521735424746,6.976632874998789,0,0.0,-0.0,1.6251263137946739,0,0.0,-0.0,8.080373850360466,0,0.0,-0.0,3.0169992929629688,0,0.0,-0.0,2.6684543394188047,0,0.0,-0.0,3.155369307385874,0,0.0,-0.0,1.362128315183636,0,0.0,-0.0,5.087562441424746
2023-07-07,30344.7,0.015028049437656454,True,1.0,0.015028049437656454,7.0814780587526505,0,0.0,0.0,1.6251263137946739,0,0.0,0.0,8.080373850360466,0,0.0,0.0,3.0169992929629688,0,0.0,0.0,2.6684543394188047,0,0.0,0.0,3.155369307385874,0,0.0,0.0,1.362128315183636,0,0.0,0.0,5.087562441424746
2023-07-08,30284.63,-0.001979587868721766,True,1.0,-0.001979587868721766,7.067459650694924,0,0.0,-0.0,1.6251263137946739,0,0.0,-0.0,8.080373850360466,0,0.0,-0.0,3.0169992929629688,0,0.0,-0.0,2.6684543394188047,0,0.0,-0.0,3.155369307385874,0,0.0,-0.0,1.362128315183636,0,0.0,-0.0,5.087562441424746
2023-07-09,30160.71,-0.004091844608965056,True,1.0,-0.004091844608965056,7.03854070402415,0,0.0,-0.0,1.6251263137946739,0,0.0,-0.0,8.080373850360466,0,0.0,-0.0,3.0169992929629688,0,0.0,-0.0,2.6684543394188047,0,0.0,-0.0,3.155369307385874,0,0.0,-0.0,1.362128315183636,0,0.0,-0.0,5.087562441424746
2023-07-10,30411.57,0.008317443455409412,True,1.0,0.008317443455409412,7.097083368338469,0,0.0,0.0,1.6251263137946739,0,0.0,0.0,8.080373850360466,0,0.0,0.0,3.0169992929629688,0,0.0,0.0,2.6684543394188047,0,0.0,0.0,3.155369307385874,0,0.0,0.0,1.362128315183636,0,0.0,0.0,5.087562441424746
2023-07-11,30622.1,0.006922694224599457,True,1.0,0.006922694224599457,7.146214306383966,0,0.0,0.0,1.6251263137946739,0,0.0,0.0,8.080373850360466,0,0.0,0.0,3.0169992929629688,0,0.0,0.0,2.6684543394188047,0,0.0,0.0,3.155369307385874,0,0.0,0.0,1.362128315183636,0,0.0,0.0,5.087562441424746
2023-07-12,30380.0,-0.007906054777431892,True,1.0,-0.007906054777431892,7.089715944626427,0,0.0,-0.0,1.6251263137946739,0,0.0,-0.0,8.080373850360466,0,0.0,-0.0,3.0169992929629688,0,0.0,-0.0,2.6684543394188047,0,0.0,-0.0,3.155369307385874,0,0.0,-0.0,1.362128315183636,0,0.0,-0.0,5.087562441424746
2023-07-13,31454.23,0.03535977616853181,True,1.0,0.03535977616853181,7.340406713526888,0,0.0,0.0,1.6251263137946739,0,0.0,0.0,8.080373850360466,0,0.0,0.0,3.0169992929629688,0,0.0,0.0,2.6684543394188047,0,0.0,0.0,3.155369307385874,0,0.0,0.0,1.362128315183636,0,0.0,0.0,5.087562441424746
2023-07-14,30312.01,-0.036313716787853334,False,1.0,-0.036313716787853334,7.073849263024215,0,0.0,-0.0,1.6251263137946739,0,0.0,-0.0,8.080373850360466,0,0.0,-0.0,3.0169992929629688,0,0.0,-0.0,2.6684543394188047,0,0.0,-0.0,3.155369307385874,0,0.0,-0.0,1.362128315183636,0,0.0,-0.0,5.087562441424746
2023-07-15,30289.52,-0.0007419501379155591,False,1.0,-0.0007419501379155591,7.06860081958792,0,0.0,-0.0,1.6251263137946739,0,0.0,-0.0,8.080373850360466,0,0.0,-0.0,3.0169992929629688,0,0.0,-0.0,2.6684543394188047,0,0.0,-0.0,3.155369307385874,0,0.0,-0.0,1.362128315183636,0,0.0,-0.0,5.087562441424746
2023-07-16,30231.99,-0.0018993368003190625,False,1.0,-0.0018993368003190625,7.055175165924512,0,0.0,-0.0,1.6251263137946739,0,0.0,-0.0,8.080373850360466,0,0.0,-0.0,3.0169992929629688,0,0.0,-0.0,2.6684543394188047,0,0.0,-0.0,3.155369307385874,0,0.0,-0.0,1.362128315183636,0,0.0,-0.0,5.087562441424746
2023-07-17,30138.0,-0.0031089584245033164,False,1.0,-0.0031089584245033164,7.033240919656064,0,0.0,-0.0,1.6251263137946739,0,0.0,-0.0,8.080373850360466,0,0.0,-0.0,3.0169992929629688,0,0.0,-0.0,2.6684543394188047,0,0.0,-0.0,3.155369307385874,0,0.0,-0.0,1.362128315183636,0,0.0,-0.0,5.087562441424746
2023-07-18,29859.13,-0.009253102395646695,False,1.0,-0.009253102395646695,6.968161621253234,0,0.0,-0.0,1.6251263137946739,0,0.0,-0.0,8.080373850360466,0,0.0,-0.0,3.0169992929629688,0,0.0,-0.0,2.6684543394188047,0,0.0,-0.0,3.155369307385874,0,0.0,-0.0,1.362128315183636,0,0.0,-0.0,5.087562441424746
2023-07-19,29909.21,0.0016772089474810237,False,1.0,0.0016772089474810237,6.979848684271894,0,0.0,0.0,1.6251263137946739,0,0.0,0.0,8.080373850360466,0,0.0,0.0,3.0169992929629688,0,0.0,0.0,2.6684543394188047,0,0.0,0.0,3.155369307385874,0,0.0,0.0,1.362128315183636,0,0.0,0.0,5.087562441424746
2023-07-20,29800.0,-0.003651383637347849,False,1.0,-0.003651383637347849,6.95436257899498,0,0.0,-0.0,1.6251263137946739,0,0.0,-0.0,8.080373850360466,0,0.0,-0.0,3.0169992929629688,0,0.0,-0.0,2.6684543394188047,0,0.0,-0.0,3.155369307385874,0,0.0,-0.0,1.362128315183636,0,0.0,-0.0,5.087562441424746
2023-07-21,29901.72,0.003413422818792089,False,1.0,0.003413422818792089,6.978100758912275,0,0.0,0.0,1.6251263137946739,0,0.0,0.0,8.080373850360466,0,0.0,0.0,3.0169992929629688,0,0.0,0.0,2.6684543394188047,0,0.0,0.0,3.155369307385874,0,0.0,0.0,1.362128315183636,0,0.0,0.0,5.087562441424746
2023-07-22,29794.0,-0.0036024683529910506,False,1.0,-0.0036024683529910506,6.95296237176431,0,0.0,-0.0,1.6251263137946739,0,0.0,-0.0,8.080373850360466,0,0.0,-0.0,3.0169992929629688,0,0.0,-0.0,2.6684543394188047,0,0.0,-0.0,3.155369307385874,0,0.0,-0.0,1.362128315183636,0,0.0,-0.0,5.087562441424746
2023-07-23,30083.75,0.009725112438746075,False,1.0,0.009725112438746075,7.020580712612089,0,0.0,0.0,1.6251263137946739,0,0.0,0.0,8.080373850360466,0,0.0,0.0,3.0169992929629688,0,0.0,0.0,2.6684543394188047,0,0.0,0.0,3.155369307385874,0,0.0,0.0,1.362128315183636,0,0.0,0.0,5.087562441424746
2023-07-24,29176.5,-0.03015747704325422,False,1.0,-0.03015747704325422,6.808857710941177,0,0.0,-0.0,1.6251263137946739,0,0.0,-0.0,8.080373850360466,0,0.0,-0.0,3.0169992929629688,0,0.0,-0.0,2.6684543394188047,0,0.0,-0.0,3.155369307385874,0,0.0,-0.0,1.362128315183636,0,0.0,-0.0,5.087562441424746
2023-07-25,29228.91,0.001796308673075897,False,1.0,0.001796308673075897,6.82108852110108,0,0.0,0.0,1.6251263137946739,0,0.0,0.0,8.080373850360466,0,0.0,0.0,3.0169992929629688,0,0.0,0.0,2.6684543394188047,0,0.0,0.0,3.155369307385874,0,0.0,0.0,1.362128315183636,0,0.0,0.0,5.087562441424746
2023-07-26,29351.96,0.0042098730332400525,False,1.0,0.0042098730332400525,6.849804437723407,0,0.0,0.0,1.6251263137946739,0,0.0,0.0,8.080373850360466,0,0.0,0.0,3.0169992929629688,0,0.0,0.0,2.6684543394188047,0,0.0,0.0,3.155369307385874,0,0.0,0.0,1.362128315183636,0,0.0,0.0,5.087562441424746
2023-07-27,29222.78,-0.004401068957575638,False,1.0,-0.004401068957575638,6.819657976047078,0,0.0,-0.0,1.6251263137946739,0,0.0,-0.0,8.080373850360466,0,0.0,-0.0,3.0169992929629688,0,0.0,-0.0,2.6684543394188047,0,0.0,-0.0,3.155369307385874,0,0.0,-0.0,1.362128315183636,0,0.0,-0.0,5.087562441424746
2023-07-28,29314.14,0.003126328159059444,False,1.0,0.003126328159059444,6.840978464812748,0,0.0,0.0,1.6251263137946739,0,0.0,0.0,8.080373850360466,0,0.0,0.0,3.0169992929629688,0,0.0,0.0,2.6684543394188047,0,0.0,0.0,3.155369307385874,0,0.0,0.0,1.362128315183636,0,0.0,0.0,5.087562441424746
2023-07-29,29352.9,0.0013222287947045608,False,1.0,0.0013222287947045608,6.850023803522877,0,0.0,0.0,1.6251263137946739,0,0.0,0.0,8.080373850360466,0,0.0,0.0,3.0169992929629688,0,0.0,0.0,2.6684543394188047,0,0.0,0.0,3.155369307385874,0,0.0,0.0,1.362128315183636,0,0.0,0.0,5.087562441424746
2023-07-30,29281.09,-0.0024464362976061027,False,1.0,-0.0024464362976061027,6.833265656650473,0,0.0,-0.0,1.6251263137946739,0,0.0,-0.0,8.080373850360466,0,0.0,-0.0,3.0169992929629688,0,0.0,-0.0,2.6684543394188047,0,0.0,-0.0,3.155369307385874,0,0.0,-0.0,1.362128315183636,0,0.0,-0.0,5.087562441424746
2023-07-31,29232.25,-0.0016679706937139382,False,1.0,-0.0016679706937139382,6.821867969792818,0,0.0,-0.0,1.6251263137946739,0,0.0,-0.0,8.080373850360466,0,0.0,-0.0,3.0169992929629688,0,0.0,-0.0,2.6684543394188047,0,0.0,-0.0,3.155369307385874,0,0.0,-0.0,1.362128315183636,0,0.0,-0.0,5.087562441424746
2023-08-01,29705.99,0.01620607377126304,False,1.0,0.01620607377126304,6.932423665369097,0,0.0,0.0,1.6251263137946739,0,0.0,0.0,8.080373850360466,0,0.0,0.0,3.0169992929629688,0,0.0,0.0,2.6684543394188047,0,0.0,0.0,3.155369307385874,0,0.0,0.0,1.362128315183636,0,0.0,0.0,5.087562441424746
2023-08-02,29186.01,-0.01750421379661149,False,1.0,-0.01750421379661149,6.811077039401787,0,0.0,-0.0,1.6251263137946739,0,0.0,-0.0,8.080373850360466,0,0.0,-0.0,3.0169992929629688,0,0.0,-0.0,2.6684543394188047,0,0.0,-0.0,3.155369307385874,0,0.0,-0.0,1.362128315183636,0,0.0,-0.0,5.087562441424746
2023-08-03,29193.64,0.00026142662186434684,False,1.0,0.00026142662186434684,6.812857636263455,0,0.0,0.0,1.6251263137946739,0,0.0,0.0,8.080373850360466,0,0.0,0.0,3.0169992929629688,0,0.0,0.0,2.6684543394188047,0,0.0,0.0,3.155369307385874,0,0.0,0.0,1.362128315183636,0,0.0,0.0,5.087562441424746
2023-08-04,29113.99,-0.002728333979592712,False,1.0,-0.002728333979592712,6.79426988527631,0,0.0,-0.0,1.6251263137946739,0,0.0,-0.0,8.080373850360466,0,0.0,-0.0,3.0169992929629688,0,0.0,-0.0,2.6684543394188047,0,0.0,-0.0,3.155369307385874,0,0.0,-0.0,1.362128315183636,0,0.0,-0.0,5.087562441424746
2023-08-05,29072.13,-0.0014377967430778682,False,1.0,-0.0014377967430778682,6.784501106163668,0,0.0,-0.0,1.6251263137946739,0,0.0,-0.0,8.080373850360466,0,0.0,-0.0,3.0169992929629688,0,0.0,-0.0,2.6684543394188047,0,0.0,-0.0,3.155369307385874,0,0.0,-0.0,1.362128315183636,0,0.0,-0.0,5.087562441424746
2023-08-06,29088.42,0.0005603304608226001,False,1.0,0.0005603304608226001,6.788302668794936,0,0.0,0.0,1.6251263137946739,0,0.0,0.0,8.080373850360466,0,0.0,0.0,3.0169992929629688,0,0.0,0.0,2.6684543394188047,0,0.0,0.0,3.155369307385874,0,0.0,0.0,1.362128315183636,0,0.0,0.0,5.087562441424746
2023-08-07,29211.06,0.004216110740975276,False,1.0,0.004216110740975276,6.816922904589833,0,0.0,0.0,1.6251263137946739,0,0.0,0.0,8.080373850360466,0,0.0,0.0,3.0169992929629688,0,0.0,0.0,2.6684543394188047,0,0.0,0.0,3.155369307385874,0,0.0,0.0,1.362128315183636,0,0.0,0.0,5.087562441424746
2023-08-08,29770.42,0.019148911405474367,False,1.0,0.019148911405474367,6.947459557347773,0,0.0,0.0,1.6251263137946739,0,0.0,0.0,8.080373850360466,0,0.0,0.0,3.0169992929629688,0,0.0,0.0,2.6684543394188047,0,0.0,0.0,3.155369307385874,0,0.0,0.0,1.362128315183636,0,0.0,0.0,5.087562441424746
2023-08-09,29581.99,-0.006329437072100319,False,1.0,-0.006329437072100319,6.903486049268578,0,0.0,-0.0,1.6251263137946739,0,0.0,-0.0,8.080373850360466,0,0.0,-0.0,3.0169992929629688,0,0.0,-0.0,2.6684543394188047,0,0.0,-0.0,3.155369307385874,0,0.0,-0.0,1.362128315183636,0,0.0,-0.0,5.087562441424746
2023-08-10,29455.75,-0.0042674613844437825,False,1.0,-0.0042674613844437825,6.874025689135277,0,0.0,-0.0,1.6251263137946739,0,0.0,-0.0,8.080373850360466,0,0.0,-0.0,3.0169992929629688,0,0.0,-0.0,2.6684543394188047,0,0.0,-0.0,3.155369307385874,0,0.0,-0.0,1.362128315183636,0,0.0,-0.0,5.087562441424746
2023-08-11,29426.03,-0.0010089710837443144,False,1.0,-0.0010089710837443144,6.867089995986024,0,0.0,-0.0,1.6251263137946739,0,0.0,-0.0,8.080373850360466,0,0.0,-0.0,3.0169992929629688,0,0.0,-0.0,2.6684543394188047,0,0.0,-0.0,3.155369307385874,0,0.0,-0.0,1.362128315183636,0,0.0,-0.0,5.087562441424746
2023-08-12,29430.17,0.0001406917616817438,False,1.0,0.0001406917616817438,6.868056138975187,0,0.0,0.0,1.6251263137946739,0,0.0,0.0,8.080373850360466,0,0.0,0.0,3.0169992929629688,0,0.0,0.0,2.6684543394188047,0,0.0,0.0,3.155369307385874,0,0.0,0.0,1.362128315183636,0,0.0,0.0,5.087562441424746
2023-08-13,29303.84,-0.004292533818187172,True,1.0,-0.004292533818187172,6.838574775733428,0,0.0,-0.0,1.6251263137946739,0,0.0,-0.0,8.080373850360466,0,0.0,-0.0,3.0169992929629688,0,0.0,-0.0,2.6684543394188047,0,0.0,-0.0,3.155369307385874,0,0.0,-0.0,1.362128315183636,0,0.0,-0.0,5.087562441424746
2023-08-14,29430.93,0.004336974266853755,True,1.0,0.004336974266853755,6.868233498557739,0,0.0,0.0,1.6251263137946739,0,0.0,0.0,8.080373850360466,0,0.0,0.0,3.0169992929629688,0,0.0,0.0,2.6684543394188047,0,0.0,0.0,3.155369307385874,0,0.0,0.0,1.362128315183636,0,0.0,0.0,5.087562441424746
2023-08-15,29200.0,-0.007846507059070196,False,1.0,-0.007846507059070196,6.814341855927964,0,0.0,-0.0,1.6251263137946739,0,0.0,-0.0,8.080373850360466,0,0.0,-0.0,3.0169992929629688,0,0.0,-0.0,2.6684543394188047,0,0.0,-0.0,3.155369307385874,0,0.0,-0.0,1.362128315183636,0,0.0,-0.0,5.087562441424746
2023-08-16,28730.51,-0.016078424657534285,False,1.0,-0.016078424657534285,6.704777973806744,0,0.0,-0.0,1.6251263137946739,0,0.0,-0.0,8.080373850360466,0,0.0,-0.0,3.0169992929629688,0,0.0,-0.0,2.6684543394188047,0,0.0,-0.0,3.155369307385874,0,0.0,-0.0,1.362128315183636,0,0.0,-0.0,5.087562441424746
2023-08-17,26623.41,-0.07334015302895769,False,1.0,-0.07334015302895769,6.213048531182572,0,0.0,-0.0,1.6251263137946739,0,0.0,-0.0,8.080373850360466,0,0.0,-0.0,3.0169992929629688,0,0.0,-0.0,2.6684543394188047,0,0.0,-0.0,3.155369307385874,0,0.0,-0.0,1.362128315183636,0,0.0,-0.0,5.087562441424746
2023-08-18,26054.0,-0.0213875683092436,False,1.0,-0.0213875683092436,6.080166531313259,0,0.0,-0.0,1.6251263137946739,0,0.0,-0.0,8.080373850360466,0,0.0,-0.0,3.0169992929629688,0,0.0,-0.0,2.6684543394188047,0,0.0,-0.0,3.155369307385874,0,0.0,-0.0,1.362128315183636,0,0.0,-0.0,5.087562441424746
2023-08-19,26100.01,0.001765947647194288,False,1.0,0.001765947647194288,6.090903787093781,0,0.0,0.0,1.6251263137946739,0,0.0,0.0,8.080373850360466,0,0.0,0.0,3.0169992929629688,0,0.0,0.0,2.6684543394188047,0,0.0,0.0,3.155369307385874,0,0.0,0.0,1.362128315183636,0,0.0,0.0,5.087562441424746
2023-08-20,26189.99,0.003447508257659715,False,1.0,0.003447508257659715,6.1119022281963975,0,0.0,0.0,1.6251263137946739,0,0.0,0.0,8.080373850360466,0,0.0,0.0,3.0169992929629688,0,0.0,0.0,2.6684543394188047,0,0.0,0.0,3.155369307385874,0,0.0,0.0,1.362128315183636,0,0.0,0.0,5.087562441424746
2023-08-21,26126.92,-0.0024081719771562593,False,1.0,-0.0024081719771562593,6.097183716523336,0,0.0,-0.0,1.6251263137946739,0,0.0,-0.0,8.080373850360466,0,0.0,-0.0,3.0169992929629688,0,0.0,-0.0,2.6684543394188047,0,0.0,-0.0,3.155369307385874,0,0.0,-0.0,1.362128315183636,0,0.0,-0.0,5.087562441424746
2023-08-22,26056.0,-0.0027144416563451568,False,1.0,-0.0027144416563451568,6.0806332670568155,0,0.0,-0.0,1.6251263137946739,0,0.0,-0.0,8.080373850360466,0,0.0,-0.0,3.0169992929629688,0,0.0,-0.0,2.6684543394188047,0,0.0,-0.0,3.155369307385874,0,0.0,-0.0,1.362128315183636,0,0.0,-0.0,5.087562441424746
2023-08-23,26432.72,0.014458090267116974,False,1.0,0.014458090267116974,6.168547611713158,0,0.0,0.0,1.6251263137946739,0,0.0,0.0,8.080373850360466,0,0.0,0.0,3.0169992929629688,0,0.0,0.0,2.6684543394188047,0,0.0,0.0,3.155369307385874,0,0.0,0.0,1.362128315183636,0,0.0,0.0,5.087562441424746
2023-08-24,26180.05,-0.009558985984038038,False,1.0,-0.009558985984038038,6.10958255155092,0,0.0,-0.0,1.6251263137946739,0,0.0,-0.0,8.080373850360466,0,0.0,-0.0,3.0169992929629688,0,0.0,-0.0,2.6684543394188047,0,0.0,-0.0,3.155369307385874,0,0.0,-0.0,1.362128315183636,0,0.0,-0.0,5.087562441424746
2023-08-25,26060.01,-0.0045851707693453925,False,1.0,-0.0045851707693453925,6.0815690722226465,0,0.0,-0.0,1.6251263137946739,0,0.0,-0.0,8.080373850360466,0,0.0,-0.0,3.0169992929629688,0,0.0,-0.0,2.6684543394188047,0,0.0,-0.0,3.155369307385874,0,0.0,-0.0,1.362128315183636,0,0.0,-0.0,5.087562441424746
2023-08-26,26017.37,-0.0016362234703670708,False,1.0,-0.0016362234703670708,6.0716182661700175,0,0.0,-0.0,1.6251263137946739,0,0.0,-0.0,8.080373850360466,0,0.0,-0.0,3.0169992929629688,0,0.0,-0.0,2.6684543394188047,0,0.0,-0.0,3.155369307385874,0,0.0,-0.0,1.362128315183636,0,0.0,-0.0,5.087562441424746
2023-08-27,26101.77,0.003243986613558514,False,1.0,0.003243986613558514,6.0913145145481105,0,0.0,0.0,1.6251263137946739,0,0.0,0.0,8.080373850360466,0,0.0,0.0,3.0169992929629688,0,0.0,0.0,2.6684543394188047,0,0.0,0.0,3.155369307385874,0,0.0,0.0,1.362128315183636,0,0.0,0.0,5.087562441424746
2023-08-28,26120.0,0.0006984200688304742,False,1.0,0.0006984200688304742,6.095568810850629,0,0.0,0.0,1.6251263137946739,0,0.0,0.0,8.080373850360466,0,0.0,0.0,3.0169992929629688,0,0.0,0.0,2.6684543394188047,0,0.0,0.0,3.155369307385874,0,0.0,0.0,1.362128315183636,0,0.0,0.0,5.087562441424746
2023-08-29,27716.34,0.061115620214395205,False,1.0,0.061115620214395205,6.468103279285289,0,0.0,0.0,1.6251263137946739,0,0.0,0.0,8.080373850360466,0,0.0,0.0,3.0169992929629688,0,0.0,0.0,2.6684543394188047,0,0.0,0.0,3.155369307385874,0,0.0,0.0,1.362128315183636,0,0.0,0.0,5.087562441424746
2023-08-30,27299.99,-0.015021824670934159,False,1.0,-0.015021824670934159,6.370940565870371,0,0.0,-0.0,1.6251263137946739,0,0.0,-0.0,8.080373850360466,0,0.0,-0.0,3.0169992929629688,0,0.0,-0.0,2.6684543394188047,0,0.0,-0.0,3.155369307385874,0,0.0,-0.0,1.362128315183636,0,0.0,-0.0,5.087562441424746
2023-08-31,25940.78,-0.04978793032524931,False,1.0,-0.04978793032524931,6.053744620870512,0,0.0,-0.0,1.6251263137946739,0,0.0,-0.0,8.080373850360466,0,0.0,-0.0,3.0169992929629688,0,0.0,-0.0,2.6684543394188047,0,0.0,-0.0,3.155369307385874,0,0.0,-0.0,1.362128315183636,0,0.0,-0.0,5.087562441424746
2023-09-01,25805.05,-0.005232302189833948,False,1.0,-0.005232302189833948,6.022069599634036,0,0.0,-0.0,1.6251263137946739,0,0.0,-0.0,8.080373850360466,0,0.0,-0.0,3.0169992929629688,0,0.0,-0.0,2.6684543394188047,0,0.0,-0.0,3.155369307385874,0,0.0,-0.0,1.362128315183636,0,0.0,-0.0,5.087562441424746
2023-09-02,25869.51,0.002497960670488908,False,1.0,0.002497960670488908,6.037112492648869,0,0.0,0.0,1.6251263137946739,0,0.0,0.0,8.080373850360466,0,0.0,0.0,3.0169992929629688,0,0.0,0.0,2.6684543394188047,0,0.0,0.0,3.155369307385874,0,0.0,0.0,1.362128315183636,0,0.0,0.0,5.087562441424746
2023-09-03,25971.21,0.003931268895313478,False,1.0,0.003931268895313478,6.060846005208727,0,0.0,0.0,1.6251263137946739,0,0.0,0.0,8.080373850360466,0,0.0,0.0,3.0169992929629688,0,0.0,0.0,2.6684543394188047,0,0.0,0.0,3.155369307385874,0,0.0,0.0,1.362128315183636,0,0.0,0.0,5.087562441424746
2023-09-04,25826.02,-0.005590421085501895,False,1.0,-0.005590421085501895,6.026963323905228,0,0.0,-0.0,1.6251263137946739,0,0.0,-0.0,8.080373850360466,0,0.0,-0.0,3.0169992929629688,0,0.0,-0.0,2.6684543394188047,0,0.0,-0.0,3.155369307385874,0,0.0,-0.0,1.362128315183636,0,0.0,-0.0,5.087562441424746
2023-09-05,25792.1,-0.0013134040785224288,False,1.0,-0.0013134040785224288,6.019047485694506,0,0.0,-0.0,1.6251263137946739,0,0.0,-0.0,8.080373850360466,0,0.0,-0.0,3.0169992929629688,0,0.0,-0.0,2.6684543394188047,0,0.0,-0.0,3.155369307385874,0,0.0,-0.0,1.362128315183636,0,0.0,-0.0,5.087562441424746
2023-09-06,25759.95,-0.0012465057129895651,False,1.0,-0.0012465057129895651,6.0115447086168325,0,0.0,-0.0,1.6251263137946739,0,0.0,-0.0,8.080373850360466,0,0.0,-0.0,3.0169992929629688,0,0.0,-0.0,2.6684543394188047,0,0.0,-0.0,3.155369307385874,0,0.0,-0.0,1.362128315183636,0,0.0,-0.0,5.087562441424746
2023-09-07,26255.0,0.01921781680476853,True,1.0,0.01921781680476853,6.127073473540706,0,0.0,0.0,1.6251263137946739,0,0.0,0.0,8.080373850360466,0,0.0,0.0,3.0169992929629688,0,0.0,0.0,2.6684543394188047,0,0.0,0.0,3.155369307385874,0,0.0,0.0,1.362128315183636,0,0.0,0.0,5.087562441424746
2023-09-08,25910.5,-0.01312131022662355,False,1.0,-0.01312131022662355,6.046678241713063,0,0.0,-0.0,1.6251263137946739,0,0.0,-0.0,8.080373850360466,0,0.0,-0.0,3.0169992929629688,0,0.0,-0.0,2.6684543394188047,0,0.0,-0.0,3.155369307385874,0,0.0,-0.0,1.362128315183636,0,0.0,-0.0,5.087562441424746
2023-09-09,25901.61,-0.0003431041469674767,False,1.0,-0.0003431041469674767,6.044603601332953,0,0.0,-0.0,1.6251263137946739,0,0.0,-0.0,8.080373850360466,0,0.0,-0.0,3.0169992929629688,0,0.0,-0.0,2.6684543394188047,0,0.0,-0.0,3.155369307385874,0,0.0,-0.0,1.362128315183636,0,0.0,-0.0,5.087562441424746
2023-09-10,25841.61,-0.002316458320544501,False,1.0,-0.002316458320544501,6.030601529026252,0,0.0,-0.0,1.6251263137946739,0,0.0,-0.0,8.080373850360466,0,0.0,-0.0,3.0169992929629688,0,0.0,-0.0,2.6684543394188047,0,0.0,-0.0,3.155369307385874,0,0.0,-0.0,1.362128315183636,0,0.0,-0.0,5.087562441424746
2023-09-11,25162.52,-0.026278935406888304,False,1.0,-0.026278935406888304,5.872123740980289,0,0.0,-0.0,1.6251263137946739,0,0.0,-0.0,8.080373850360466,0,0.0,-0.0,3.0169992929629688,0,0.0,-0.0,2.6684543394188047,0,0.0,-0.0,3.155369307385874,0,0.0,-0.0,1.362128315183636,0,0.0,-0.0,5.087562441424746
2023-09-12,25840.1,0.026928145511657675,False,1.0,0.026928145511657675,6.030249143539866,0,0.0,0.0,1.6251263137946739,0,0.0,0.0,8.080373850360466,0,0.0,0.0,3.0169992929629688,0,0.0,0.0,2.6684543394188047,0,0.0,0.0,3.155369307385874,0,0.0,0.0,1.362128315183636,0,0.0,0.0,5.087562441424746
2023-09-13,26222.0,0.01477935456906132,True,1.0,0.01477935456906132,6.11937233377202,0,0.0,0.0,1.6251263137946739,0,0.0,0.0,8.080373850360466,0,0.0,0.0,3.0169992929629688,0,0.0,0.0,2.6684543394188047,0,0.0,0.0,3.155369307385874,0,0.0,0.0,1.362128315183636,0,0.0,0.0,5.087562441424746
2023-09-14,26522.73,0.011468614140797806,True,1.0,0.011468614140797806,6.189553053851925,0,0.0,0.0,1.6251263137946739,0,0.0,0.0,8.080373850360466,0,0.0,0.0,3.0169992929629688,0,0.0,0.0,2.6684543394188047,0,0.0,0.0,3.155369307385874,0,0.0,0.0,1.362128315183636,0,0.0,0.0,5.087562441424746
2023-09-15,26600.0,0.0029133501717206745,True,1.0,0.0029133501717206745,6.2075853893042385,0,0.0,0.0,1.6251263137946739,0,0.0,0.0,8.080373850360466,0,0.0,0.0,3.0169992929629688,0,0.0,0.0,2.6684543394188047,0,0.0,0.0,3.155369307385874,0,0.0,0.0,1.362128315183636,0,0.0,0.0,5.087562441424746
2023-09-16,26559.67,-0.001516165413533943,True,1.0,-0.001516165413533943,6.1981736630354165,0,0.0,-0.0,1.6251263137946739,0,0.0,-0.0,8.080373850360466,0,0.0,-0.0,3.0169992929629688,0,0.0,-0.0,2.6684543394188047,0,0.0,-0.0,3.155369307385874,0,0.0,-0.0,1.362128315183636,0,0.0,-0.0,5.087562441424746
2023-09-17,26527.51,-0.0012108584180451354,True,1.0,-0.0012108584180451354,6.190668552279025,0,0.0,-0.0,1.6251263137946739,0,0.0,-0.0,8.080373850360466,0,0.0,-0.0,3.0169992929629688,0,0.0,-0.0,2.6684543394188047,0,0.0,-0.0,3.155369307385874,0,0.0,-0.0,1.362128315183636,0,0.0,-0.0,5.087562441424746
2023-09-18,26762.51,0.00885872816559119,False,1.0,0.00885872816559119,6.245510002146939,0,0.0,0.0,1.6251263137946739,0,0.0,0.0,8.080373850360466,0,0.0,0.0,3.0169992929629688,0,0.0,0.0,2.6684543394188047,0,0.0,0.0,3.155369307385874,0,0.0,0.0,1.362128315183636,0,0.0,0.0,5.087562441424746
2023-09-19,27210.26,0.016730493514995448,False,1.0,0.016730493514995448,6.350000466735698,0,0.0,0.0,1.6251263137946739,0,0.0,0.0,8.080373850360466,0,0.0,0.0,3.0169992929629688,0,0.0,0.0,2.6684543394188047,0,0.0,0.0,3.155369307385874,0,0.0,0.0,1.362128315183636,0,0.0,0.0,5.087562441424746
2023-09-20,27125.0,-0.0031333768953327734,True,1.0,-0.0031333768953327734,6.330103521987875,0,0.0,-0.0,1.6251263137946739,0,0.0,-0.0,8.080373850360466,0,0.0,-0.0,3.0169992929629688,0,0.0,-0.0,2.6684543394188047,0,0.0,-0.0,3.155369307385874,0,0.0,-0.0,1.362128315183636,0,0.0,-0.0,5.087562441424746
2023-09-21,26568.08,-0.020531612903225693,True,1.0,-0.020531612903225693,6.200136286837075,0,0.0,-0.0,1.6251263137946739,0,0.0,-0.0,8.080373850360466,0,0.0,-0.0,3.0169992929629688,0,0.0,-0.0,2.6684543394188047,0,0.0,-0.0,3.155369307385874,0,0.0,-0.0,1.362128315183636,0,0.0,-0.0,5.087562441424746
2023-09-22,26580.14,0.00045392817245337724,True,1.0,0.00045392817245337724,6.20295070337072,0,0.0,0.0,1.6251263137946739,0,0.0,0.0,8.080373850360466,0,0.0,0.0,3.0169992929629688,0,0.0,0.0,2.6684543394188047,0,0.0,0.0,3.155369307385874,0,0.0,0.0,1.362128315183636,0,0.0,0.0,5.087562441424746
2023-09-23,26575.96,-0.00015726027026197187,True,1.0,-0.00015726027026197187,6.201975225666686,0,0.0,-0.0,1.6251263137946739,0,0.0,-0.0,8.080373850360466,0,0.0,-0.0,3.0169992929629688,0,0.0,-0.0,2.6684543394188047,0,0.0,-0.0,3.155369307385874,0,0.0,-0.0,1.362128315183636,0,0.0,-0.0,5.087562441424746
2023-09-24,26248.38,-0.012326177492741452,True,1.0,-0.012326177492741452,6.125528578229534,0,0.0,-0.0,1.6251263137946739,0,0.0,-0.0,8.080373850360466,0,0.0,-0.0,3.0169992929629688,0,0.0,-0.0,2.6684543394188047,0,0.0,-0.0,3.155369307385874,0,0.0,-0.0,1.362128315183636,0,0.0,-0.0,5.087562441424746
2023-09-25,26304.81,0.0021498469619840588,True,1.0,0.0021498469619840588,6.138697527233987,0,0.0,0.0,1.6251263137946739,0,0.0,0.0,8.080373850360466,0,0.0,0.0,3.0169992929629688,0,0.0,0.0,2.6684543394188047,0,0.0,0.0,3.155369307385874,0,0.0,0.0,1.362128315183636,0,0.0,0.0,5.087562441424746
2023-09-26,26221.67,-0.0031606386816709353,True,1.0,-0.0031606386816709353,6.119295322374334,0,0.0,-0.0,1.6251263137946739,0,0.0,-0.0,8.080373850360466,0,0.0,-0.0,3.0169992929629688,0,0.0,-0.0,2.6684543394188047,0,0.0,-0.0,3.155369307385874,0,0.0,-0.0,1.362128315183636,0,0.0,-0.0,5.087562441424746
2023-09-27,26372.99,0.005770799495226742,True,1.0,0.005770799495226742,6.154608548731835,0,0.0,0.0,1.6251263137946739,0,0.0,0.0,8.080373850360466,0,0.0,0.0,3.0169992929629688,0,0.0,0.0,2.6684543394188047,0,0.0,0.0,3.155369307385874,0,0.0,0.0,1.362128315183636,0,0.0,0.0,5.087562441424746
2023-09-28,27021.39,0.024585759900564774,True,1.0,0.024585759900564774,6.305924276792919,0,0.0,0.0,1.6251263137946739,0,0.0,0.0,8.080373850360466,0,0.0,0.0,3.0169992929629688,0,0.0,0.0,2.6684543394188047,0,0.0,0.0,3.155369307385874,0,0.0,0.0,1.362128315183636,0,0.0,0.0,5.087562441424746
2023-09-29,26906.96,-0.004234793250828317,True,1.0,-0.004234793250828317,6.279219991225323,0,0.0,-0.0,1.6251263137946739,0,0.0,-0.0,8.080373850360466,0,0.0,-0.0,3.0169992929629688,0,0.0,-0.0,2.6684543394188047,0,0.0,-0.0,3.155369307385874,0,0.0,-0.0,1.362128315183636,0,0.0,-0.0,5.087562441424746
2023-09-30,26962.56,0.002066379851161315,True,1.0,0.002066379851161315,6.2921952448962,0,0.0,0.0,1.6251263137946739,0,0.0,0.0,8.080373850360466,0,0.0,0.0,3.0169992929629688,0,0.0,0.0,2.6684543394188047,0,0.0,0.0,3.155369307385874,0,0.0,0.0,1.362128315183636,0,0.0,0.0,5.087562441424746
2023-10-01,27992.57,0.03820149125305594,True,1.0,0.03820149125305594,6.532566486506622,0,0.0,0.0,1.6251263137946739,0,0.0,0.0,8.080373850360466,0,0.0,0.0,3.0169992929629688,0,0.0,0.0,2.6684543394188047,0,0.0,0.0,3.155369307385874,0,0.0,0.0,1.362128315183636,0,0.0,0.0,5.087562441424746
2023-10-02,27494.51,-0.017792578530660186,True,1.0,-0.017792578530660186,6.416335284288694,0,0.0,-0.0,1.6251263137946739,0,0.0,-0.0,8.080373850360466,0,0.0,-0.0,3.0169992929629688,0,0.0,-0.0,2.6684543394188047,0,0.0,-0.0,3.155369307385874,0,0.0,-0.0,1.362128315183636,0,0.0,-0.0,5.087562441424746
2023-10-03,27426.46,-0.0024750395624435484,True,1.0,-0.0024750395624435484,6.400454600614177,0,0.0,-0.0,1.6251263137946739,0,0.0,-0.0,8.080373850360466,0,0.0,-0.0,3.0169992929629688,0,0.0,-0.0,2.6684543394188047,0,0.0,-0.0,3.155369307385874,0,0.0,-0.0,1.362128315183636,0,0.0,-0.0,5.087562441424746
2023-10-04,27778.57,0.012838332034101452,True,1.0,0.012838332034101452,6.482625761946054,0,0.0,0.0,1.6251263137946739,0,0.0,0.0,8.080373850360466,0,0.0,0.0,3.0169992929629688,0,0.0,0.0,2.6684543394188047,0,0.0,0.0,3.155369307385874,0,0.0,0.0,1.362128315183636,0,0.0,0.0,5.087562441424746
2023-10-05,27410.39,-0.013254101993011136,True,1.0,-0.013254101993011136,6.3967043789147,0,0.0,-0.0,1.6251263137946739,0,0.0,-0.0,8.080373850360466,0,0.0,-0.0,3.0169992929629688,0,0.0,-0.0,2.6684543394188047,0,0.0,-0.0,3.155369307385874,0,0.0,-0.0,1.362128315183636,0,0.0,-0.0,5.087562441424746
2023-10-06,27931.09,0.01899644623808716,True,1.0,0.01899644623808716,6.51821902974969,0,0.0,0.0,1.6251263137946739,0,0.0,0.0,8.080373850360466,0,0.0,0.0,3.0169992929629688,0,0.0,0.0,2.6684543394188047,0,0.0,0.0,3.155369307385874,0,0.0,0.0,1.362128315183636,0,0.0,0.0,5.087562441424746
2023-10-07,27956.67,0.0009158253401495564,True,1.0,0.0009158253401495564,6.52418857990978,0,0.0,0.0,1.6251263137946739,0,0.0,0.0,8.080373850360466,0,0.0,0.0,3.0169992929629688,0,0.0,0.0,2.6684543394188047,0,0.0,0.0,3.155369307385874,0,0.0,0.0,1.362128315183636,0,0.0,0.0,5.087562441424746
2023-10-08,27917.05,-0.0014171931063320375,True,1.0,-0.0014171931063320375,6.514942544829922,0,0.0,-0.0,1.6251263137946739,0,0.0,-0.0,8.080373850360466,0,0.0,-0.0,3.0169992929629688,0,0.0,-0.0,2.6684543394188047,0,0.0,-0.0,3.155369307385874,0,0.0,-0.0,1.362128315183636,0,0.0,-0.0,5.087562441424746
2023-10-09,27590.12,-0.01171076456860598,True,1.0,-0.01171076456860598,6.438647586509425,0,0.0,-0.0,1.6251263137946739,0,0.0,-0.0,8.080373850360466,0,0.0,-0.0,3.0169992929629688,0,0.0,-0.0,2.6684543394188047,0,0.0,-0.0,3.155369307385874,0,0.0,-0.0,1.362128315183636,0,0.0,-0.0,5.087562441424746
2023-10-10,27390.12,-0.007248971733359588,True,1.0,-0.007248971733359588,6.391974012153754,0,0.0,-0.0,1.6251263137946739,0,0.0,-0.0,8.080373850360466,0,0.0,-0.0,3.0169992929629688,0,0.0,-0.0,2.6684543394188047,0,0.0,-0.0,3.155369307385874,0,0.0,-0.0,1.362128315183636,0,0.0,-0.0,5.087562441424746
2023-10-11,26875.52,-0.018787796475517426,True,1.0,-0.018787796475517426,6.2718829053366125,0,0.0,-0.0,1.6251263137946739,0,0.0,-0.0,8.080373850360466,0,0.0,-0.0,3.0169992929629688,0,0.0,-0.0,2.6684543394188047,0,0.0,-0.0,3.155369307385874,0,0.0,-0.0,1.362128315183636,0,0.0,-0.0,5.087562441424746
2023-10-12,26759.63,-0.004312102612340163,True,1.0,-0.004312102612340163,6.244837902676219,0,0.0,-0.0,1.6251263137946739,0,0.0,-0.0,8.080373850360466,0,0.0,-0.0,3.0169992929629688,0,0.0,-0.0,2.6684543394188047,0,0.0,-0.0,3.155369307385874,0,0.0,-0.0,1.362128315183636,0,0.0,-0.0,5.087562441424746
2023-10-13,26862.0,0.0038255386939205493,True,1.0,0.0038255386939205493,6.268727771710168,0,0.0,0.0,1.6251263137946739,0,0.0,0.0,8.080373850360466,0,0.0,0.0,3.0169992929629688,0,0.0,0.0,2.6684543394188047,0,0.0,0.0,3.155369307385874,0,0.0,0.0,1.362128315183636,0,0.0,0.0,5.087562441424746
2023-10-14,26852.48,-0.00035440399076769324,True,1.0,-0.00035440399076769324,6.266506109570837,0,0.0,-0.0,1.6251263137946739,0,0.0,-0.0,8.080373850360466,0,0.0,-0.0,3.0169992929629688,0,0.0,-0.0,2.6684543394188047,0,0.0,-0.0,3.155369307385874,0,0.0,-0.0,1.362128315183636,0,0.0,-0.0,5.087562441424746
2023-10-15,27154.15,0.011234344090378379,True,1.0,0.011234344090378379,6.336906195450214,0,0.0,0.0,1.6251263137946739,0,0.0,0.0,8.080373850360466,0,0.0,0.0,3.0169992929629688,0,0.0,0.0,2.6684543394188047,0,0.0,0.0,3.155369307385874,0,0.0,0.0,1.362128315183636,0,0.0,0.0,5.087562441424746
2023-10-16,28500.78,0.04959205130707445,True,1.0,0.04959205130707445,6.651166372623099,0,0.0,0.0,1.6251263137946739,0,0.0,0.0,8.080373850360466,0,0.0,0.0,3.0169992929629688,0,0.0,0.0,2.6684543394188047,0,0.0,0.0,3.155369307385874,0,0.0,0.0,1.362128315183636,0,0.0,0.0,5.087562441424746
2023-10-17,28395.91,-0.003679548419376566,True,1.0,-0.003679548419376566,6.626693083909704,0,0.0,-0.0,1.6251263137946739,0,0.0,-0.0,8.080373850360466,0,0.0,-0.0,3.0169992929629688,0,0.0,-0.0,2.6684543394188047,0,0.0,-0.0,3.155369307385874,0,0.0,-0.0,1.362128315183636,0,0.0,-0.0,5.087562441424746
2023-10-18,28320.0,-0.00267327231280845,True,1.0,-0.00267327231280845,6.608978128763009,0,0.0,-0.0,1.6251263137946739,0,0.0,-0.0,8.080373850360466,0,0.0,-0.0,3.0169992929629688,0,0.0,-0.0,2.6684543394188047,0,0.0,-0.0,3.155369307385874,0,0.0,-0.0,1.362128315183636,0,0.0,-0.0,5.087562441424746
2023-10-19,28713.71,0.013902189265536657,True,1.0,0.013902189265536657,6.700857393560864,0,0.0,0.0,1.6251263137946739,0,0.0,0.0,8.080373850360466,0,0.0,0.0,3.0169992929629688,0,0.0,0.0,2.6684543394188047,0,0.0,0.0,3.155369307385874,0,0.0,0.0,1.362128315183636,0,0.0,0.0,5.087562441424746
2023-10-20,29669.04,0.0332708660775638,True,1.0,0.0332708660775638,6.923800722506881,0,0.0,0.0,1.6251263137946739,0,0.0,0.0,8.080373850360466,0,0.0,0.0,3.0169992929629688,0,0.0,0.0,2.6684543394188047,0,0.0,0.0,3.155369307385874,0,0.0,0.0,1.362128315183636,0,0.0,0.0,5.087562441424746
2023-10-21,29909.8,0.00811485642946308,True,1.0,0.00811485642946308,6.979986371316237,0,0.0,0.0,1.6251263137946739,0,0.0,0.0,8.080373850360466,0,0.0,0.0,3.0169992929629688,0,0.0,0.0,2.6684543394188047,0,0.0,0.0,3.155369307385874,0,0.0,0.0,1.362128315183636,0,0.0,0.0,5.087562441424746
2023-10-22,29992.46,0.002763642685674972,True,1.0,0.002763642685674972,6.999276559597436,0,0.0,0.0,1.6251263137946739,0,0.0,0.0,8.080373850360466,0,0.0,0.0,3.0169992929629688,0,0.0,0.0,2.6684543394188047,0,0.0,0.0,3.155369307385874,0,0.0,0.0,1.362128315183636,0,0.0,0.0,5.087562441424746
2023-10-23,33069.99,0.10261012267749958,True,1.0,0.10261012267749958,7.7174731860314765,0,0.0,0.0,1.6251263137946739,1,0.0,0.0,8.080373850360466,0,0.0,0.0,3.0169992929629688,0,0.0,0.0,2.6684543394188047,0,0.0,0.0,3.155369307385874,0,0.0,0.0,1.362128315183636,0,0.0,0.0,5.087562441424746
2023-10-24,33922.73,0.02578591647593509,True,1.0,0.02578591647593509,7.916475305011753,0,0.0,0.0,1.6251263137946739,0,1.0,0.024785916475935088,8.280653321709831,0,0.0,0.0,3.0169992929629688,0,0.0,0.0,2.6684543394188047,0,0.0,0.0,3.155369307385874,0,0.0,0.0,1.362128315183636,0,0.0,0.0,5.087562441424746
2023-10-25,34496.05,0.0169007624091575,True,1.0,0.0169007624091575,8.05026977325972,0,0.0,0.0,1.6251263137946739,0,1.0,0.0169007624091575,8.42060267609265,0,0.0,0.0,3.0169992929629688,0,0.0,0.0,2.6684543394188047,0,0.0,0.0,3.155369307385874,0,0.0,0.0,1.362128315183636,0,0.0,0.0,5.087562441424746
2023-10-26,34151.66,-0.009983461874620403,True,1.0,-0.009983461874620403,7.969900211897972,0,0.0,-0.0,1.6251263137946739,0,1.0,-0.009983461874620403,8.336535910314552,0,0.0,-0.0,3.0169992929629688,0,0.0,-0.0,2.6684543394188047,0,0.0,-0.0,3.155369307385874,0,0.0,-0.0,1.362128315183636,0,0.0,-0.0,5.087562441424746
2023-10-27,33892.02,-0.007602558704320916,True,1.0,-0.007602558704320916,7.909308577669438,0,0.0,-0.0,1.6251263137946739,0,1.0,-0.007602558704320916,8.273156906665706,0,0.0,-0.0,3.0169992929629688,0,0.0,-0.0,2.6684543394188047,0,0.0,-0.0,3.155369307385874,0,0.0,-0.0,1.362128315183636,0,0.0,-0.0,5.087562441424746
2023-10-28,34081.0,0.005575943835746777,True,1.0,0.005575943835746777,7.953410438078113,0,0.0,0.0,1.6251263137946739,0,1.0,0.005575943835746777,8.319287564921595,0,0.0,0.0,3.0169992929629688,0,0.0,0.0,2.6684543394188047,0,0.0,0.0,3.155369307385874,0,0.0,0.0,1.362128315183636,0,0.0,0.0,5.087562441424746
2023-10-29,34525.89,0.013053901000557477,True,1.0,0.013053901000557477,8.057233470553586,0,0.0,0.0,1.6251263137946739,0,1.0,0.013053901000557477,8.42788672118925,0,0.0,0.0,3.0169992929629688,0,0.0,0.0,2.6684543394188047,0,0.0,0.0,3.155369307385874,0,0.0,0.0,1.362128315183636,0,0.0,0.0,5.087562441424746
2023-10-30,34474.73,-0.0014817865665446295,True,1.0,-0.0014817865665446295,8.045294370233405,0,0.0,-0.0,1.6251263137946739,0,1.0,-0.0014817865665446295,8.415398391861432,0,0.0,-0.0,3.0169992929629688,0,0.0,-0.0,2.6684543394188047,0,0.0,-0.0,3.155369307385874,0,0.0,-0.0,1.362128315183636,0,0.0,-0.0,5.087562441424746
2023-10-31,34639.77,0.004787274621149917,True,1.0,0.004787274621149917,8.083809403791705,0,0.0,0.0,1.6251263137946739,0,1.0,0.004787274621149917,8.455685215009655,0,0.0,0.0,3.0169992929629688,0,0.0,0.0,2.6684543394188047,0,0.0,0.0,3.155369307385874,0,0.0,0.0,1.362128315183636,0,0.0,0.0,5.087562441424746
2023-11-01,35421.43,0.022565392322177802,True,1.0,0.022565392322177802,8.266223734445974,0,0.0,0.0,1.6251263137946739,0,1.0,0.022565392322177802,8.646491069239186,0,0.0,0.0,3.0169992929629688,0,0.0,0.0,2.6684543394188047,0,0.0,0.0,3.155369307385874,0,0.0,0.0,1.362128315183636,0,0.0,0.0,5.087562441424746
2023-11-02,34941.59,-0.013546601591183705,True,1.0,-0.013546601591183705,8.154244494851849,0,0.0,-0.0,1.6251263137946739,0,1.0,-0.013546601591183705,8.529360499562475,0,0.0,-0.0,3.0169992929629688,0,0.0,-0.0,2.6684543394188047,0,0.0,-0.0,3.155369307385874,0,0.0,-0.0,1.362128315183636,0,0.0,-0.0,5.087562441424746
2023-11-03,34716.78,-0.006433880083877019,True,1.0,-0.006433880083877019,8.101781063597358,0,0.0,-0.0,1.6251263137946739,0,1.0,-0.006433880083877019,8.474483616916133,0,0.0,-0.0,3.0169992929629688,0,0.0,-0.0,2.6684543394188047,0,0.0,-0.0,3.155369307385874,0,0.0,-0.0,1.362128315183636,0,0.0,-0.0,5.087562441424746
2023-11-04,35062.07,0.009945910882288134,True,1.0,0.009945910882288134,8.182360656043706,0,0.0,0.0,1.6251263137946739,0,1.0,0.009945910882288134,8.558770075743393,0,0.0,0.0,3.0169992929629688,0,0.0,0.0,2.6684543394188047,0,0.0,0.0,3.155369307385874,0,0.0,0.0,1.362128315183636,0,0.0,0.0,5.087562441424746
2023-11-05,35011.88,-0.0014314614054447006,True,1.0,-0.0014314614054447006,8.17064792255915,0,0.0,-0.0,1.6251263137946739,0,1.0,-0.0014314614054447006,8.546518526701892,0,0.0,-0.0,3.0169992929629688,0,0.0,-0.0,2.6684543394188047,0,0.0,-0.0,3.155369307385874,0,0.0,-0.0,1.362128315183636,0,0.0,-0.0,5.087562441424746
2023-11-06,35046.09,0.00097709691681791,True,1.0,0.00097709691681791,8.178631437452687,0,0.0,0.0,1.6251263137946739,0,1.0,0.00097709691681791,8.554869303603859,0,0.0,0.0,3.0169992929629688,0,0.0,0.0,2.6684543394188047,0,0.0,0.0,3.155369307385874,0,0.0,0.0,1.362128315183636,0,0.0,0.0,5.087562441424746
2023-11-07,35399.12,0.010073306323187703,True,1.0,0.010073306323187703,8.261017297226601,0,0.0,0.0,1.6251263137946739,0,1.0,0.010073306323187703,8.641045122653896,0,0.0,0.0,3.0169992929629688,0,0.0,0.0,2.6684543394188047,0,0.0,0.0,3.155369307385874,0,0.0,0.0,1.362128315183636,0,0.0,0.0,5.087562441424746
2023-11-08,35624.72,0.006373039781779832,True,1.0,0.006373039781779832,8.313665089099798,0,0.0,0.0,1.6251263137946739,0,1.0,0.006373039781779832,8.696114846976723,0,0.0,0.0,3.0169992929629688,0,0.0,0.0,2.6684543394188047,0,0.0,0.0,3.155369307385874,0,0.0,0.0,1.362128315183636,0,0.0,0.0,5.087562441424746
2023-11-09,36701.09,0.030214132209319677,True,1.0,0.030214132209319677,8.564855265245864,0,0.0,0.0,1.6251263137946739,0,1.0,0.030214132209319677,8.958860410670706,0,0.0,0.0,3.0169992929629688,0,0.0,0.0,2.6684543394188047,0,0.0,0.0,3.155369307385874,0,0.0,0.0,1.362128315183636,0,0.0,0.0,5.087562441424746
2023-11-10,37301.63,0.016363001752808914,True,1.0,0.016363001752808914,8.705002006963637,0,0.0,0.0,1.6251263137946739,0,1.0,0.016363001752808914,9.105454259273682,0,0.0,0.0,3.0169992929629688,0,0.0,0.0,2.6684543394188047,0,0.0,0.0,3.155369307385874,0,0.0,0.0,1.362128315183636,0,0.0,0.0,5.087562441424746
2023-11-11,37130.0,-0.004601139414014854,True,1.0,-0.004601139414014854,8.664949079130318,0,0.0,-0.0,1.6251263137946739,0,1.0,-0.004601139414014854,9.063558794798828,0,0.0,-0.0,3.0169992929629688,0,0.0,-0.0,2.6684543394188047,0,0.0,-0.0,3.155369307385874,0,0.0,-0.0,1.362128315183636,0,0.0,-0.0,5.087562441424746
2023-11-12,37064.13,-0.0017740371667116506,True,1.0,-0.0017740371667116506,8.649577137416276,0,0.0,-0.0,1.6251263137946739,0,1.0,-0.0017740371667116506,9.04747970463418,0,0.0,-0.0,3.0169992929629688,0,0.0,-0.0,2.6684543394188047,0,0.0,-0.0,3.155369307385874,0,0.0,-0.0,1.362128315183636,0,0.0,-0.0,5.087562441424746
2023-11-13,36462.93,-0.016220534516795504,True,1.0,-0.016220534516795504,8.50927637290313,0,0.0,-0.0,1.6251263137946739,0,0.0,-0.001,9.038432224929545,0,0.0,-0.0,3.0169992929629688,0,0.0,-0.0,2.6684543394188047,0,0.0,-0.0,3.155369307385874,0,0.0,-0.0,1.362128315183636,0,0.0,-0.0,5.087562441424746
2023-11-14,35551.19,-0.025004573137704433,True,1.0,-0.025004573137704433,8.296505549487934,0,0.0,-0.0,1.6251263137946739,0,0.0,-0.0,9.038432224929545,0,0.0,-0.0,3.0169992929629688,0,0.0,-0.0,2.6684543394188047,0,0.0,-0.0,3.155369307385874,0,0.0,-0.0,1.362128315183636,0,0.0,-0.0,5.087562441424746
2023-11-15,37858.2,0.06489262384747163,True,1.0,0.06489262384747163,8.834887563359315,0,0.0,0.0,1.6251263137946739,0,0.0,0.0,9.038432224929545,0,0.0,0.0,3.0169992929629688,0,0.0,0.0,2.6684543394188047,0,0.0,0.0,3.155369307385874,0,0.0,0.0,1.362128315183636,0,0.0,0.0,5.087562441424746
2023-11-16,36163.51,-0.044764146208747246,True,1.0,-0.044764146208747246,8.439401364735255,0,0.0,-0.0,1.6251263137946739,0,0.0,-0.0,9.038432224929545,0,0.0,-0.0,3.0169992929629688,0,0.0,-0.0,2.6684543394188047,0,0.0,-0.0,3.155369307385874,0,0.0,-0.0,1.362128315183636,0,0.0,-0.0,5.087562441424746
2023-11-17,36613.92,0.012454819789339933,True,1.0,0.012454819789339933,8.544512587862943,0,0.0,0.0,1.6251263137946739,0,0.0,0.0,9.038432224929545,0,0.0,0.0,3.0169992929629688,0,0.0,0.0,2.6684543394188047,0,0.0,0.0,3.155369307385874,0,0.0,0.0,1.362128315183636,0,0.0,0.0,5.087562441424746
2023-11-18,36568.1,-0.0012514366120863762,True,1.0,-0.0012514366120863762,8.533819671978058,0,0.0,-0.0,1.6251263137946739,0,0.0,-0.0,9.038432224929545,0,0.0,-0.0,3.0169992929629688,0,0.0,-0.0,2.6684543394188047,0,0.0,-0.0,3.155369307385874,0,0.0,-0.0,1.362128315183636,0,0.0,-0.0,5.087562441424746
2023-11-19,37359.86,0.021651658139197894,True,1.0,0.021651658139197894,8.718591018137289,0,0.0,0.0,1.6251263137946739,0,0.0,0.0,9.038432224929545,0,0.0,0.0,3.0169992929629688,0,0.0,0.0,2.6684543394188047,0,0.0,0.0,3.155369307385874,0,0.0,0.0,1.362128315183636,0,0.0,0.0,5.087562441424746
2023-11-20,37448.78,0.0023800945720888755,True,1.0,0.0023800945720888755,8.739342089295821,0,0.0,0.0,1.6251263137946739,0,0.0,0.0,9.038432224929545,0,0.0,0.0,3.0169992929629688,0,0.0,0.0,2.6684543394188047,0,0.0,0.0,3.155369307385874,0,0.0,0.0,1.362128315183636,0,0.0,0.0,5.087562441424746
2023-11-21,35741.65,-0.04558573069670091,True,1.0,-0.04558573069670091,8.340952794346839,0,0.0,-0.0,1.6251263137946739,0,0.0,-0.0,9.038432224929545,0,0.0,-0.0,3.0169992929629688,0,0.0,-0.0,2.6684543394188047,0,0.0,-0.0,3.155369307385874,0,0.0,-0.0,1.362128315183636,0,0.0,-0.0,5.087562441424746
2023-11-22,37408.34,0.046631590875071405,True,1.0,0.046631590875071405,8.729904692561105,0,0.0,0.0,1.6251263137946739,0,0.0,0.0,9.038432224929545,0,0.0,0.0,3.0169992929629688,0,0.0,0.0,2.6684543394188047,0,0.0,0.0,3.155369307385874,0,0.0,0.0,1.362128315183636,0,0.0,0.0,5.087562441424746
2023-11-23,37294.28,-0.003049052697874255,True,1.0,-0.003049052697874255,8.703286753106067,0,0.0,-0.0,1.6251263137946739,0,0.0,-0.0,9.038432224929545,0,0.0,-0.0,3.0169992929629688,0,0.0,-0.0,2.6684543394188047,0,0.0,-0.0,3.155369307385874,0,0.0,-0.0,1.362128315183636,0,0.0,-0.0,5.087562441424746
2023-11-24,37713.57,0.011242742854936427,True,1.0,0.011242742854936427,8.801135568064012,0,0.0,0.0,1.6251263137946739,0,0.0,0.0,9.038432224929545,0,0.0,0.0,3.0169992929629688,0,0.0,0.0,2.6684543394188047,0,0.0,0.0,3.155369307385874,0,0.0,0.0,1.362128315183636,0,0.0,0.0,5.087562441424746
2023-11-25,37780.67,0.001779200431038408,True,1.0,0.001779200431038408,8.816794552260339,0,0.0,0.0,1.6251263137946739,0,0.0,0.0,9.038432224929545,0,0.0,0.0,3.0169992929629688,0,0.0,0.0,2.6684543394188047,0,0.0,0.0,3.155369307385874,0,0.0,0.0,1.362128315183636,0,0.0,0.0,5.087562441424746
2023-11-26,37447.43,-0.008820383545342092,True,1.0,-0.008820383545342092,8.73902704266892,0,0.0,-0.0,1.6251263137946739,0,0.0,-0.0,9.038432224929545,0,0.0,-0.0,3.0169992929629688,0,0.0,-0.0,2.6684543394188047,0,0.0,-0.0,3.155369307385874,0,0.0,-0.0,1.362128315183636,0,0.0,-0.0,5.087562441424746
2023-11-27,37242.7,-0.005467130855174918,True,1.0,-0.005467130855174918,8.691249638279736,0,0.0,-0.0,1.6251263137946739,0,0.0,-0.0,9.038432224929545,0,0.0,-0.0,3.0169992929629688,0,0.0,-0.0,2.6684543394188047,0,0.0,-0.0,3.155369307385874,0,0.0,-0.0,1.362128315183636,0,0.0,-0.0,5.087562441424746
2023-11-28,37818.87,0.0154706828452289,True,1.0,0.0154706828452289,8.825709204962273,0,0.0,0.0,1.6251263137946739,0,0.0,0.0,9.038432224929545,0,0.0,0.0,3.0169992929629688,0,0.0,0.0,2.6684543394188047,0,0.0,0.0,3.155369307385874,0,0.0,0.0,1.362128315183636,0,0.0,0.0,5.087562441424746
2023-11-29,37854.64,0.0009458241348827556,True,1.0,0.0009458241348827556,8.834056773735783,0,0.0,0.0,1.6251263137946739,0,0.0,0.0,9.038432224929545,0,0.0,0.0,3.0169992929629688,0,0.0,0.0,2.6684543394188047,0,0.0,0.0,3.155369307385874,0,0.0,0.0,1.362128315183636,0,0.0,0.0,5.087562441424746
2023-11-30,37723.96,-0.0034521527611939273,True,1.0,-0.0034521527611939273,8.803560260251787,0,0.0,-0.0,1.6251263137946739,0,0.0,-0.0,9.038432224929545,0,0.0,-0.0,3.0169992929629688,0,0.0,-0.0,2.6684543394188047,0,0.0,-0.0,3.155369307385874,0,0.0,-0.0,1.362128315183636,0,0.0,-0.0,5.087562441424746
2023-12-01,38682.52,0.025409845625962824,True,1.0,0.025409845625962824,9.027257367423646,0,0.0,0.0,1.6251263137946739,0,0.0,0.0,9.038432224929545,0,0.0,0.0,3.0169992929629688,0,0.0,0.0,2.6684543394188047,0,0.0,0.0,3.155369307385874,0,0.0,0.0,1.362128315183636,0,0.0,0.0,5.087562441424746
2023-12-02,39450.35,0.019849534104810163,True,1.0,0.019849534104810163,9.206444220411221,0,0.0,0.0,1.6251263137946739,0,0.0,0.0,9.038432224929545,0,0.0,0.0,3.0169992929629688,0,0.0,0.0,2.6684543394188047,0,0.0,0.0,3.155369307385874,0,0.0,0.0,1.362128315183636,0,0.0,0.0,5.087562441424746
2023-12-03,39972.26,0.013229540422328379,True,1.0,0.013229540422328379,9.328241246371062,0,0.0,0.0,1.6251263137946739,0,0.0,0.0,9.038432224929545,0,0.0,0.0,3.0169992929629688,0,0.0,0.0,2.6684543394188047,0,0.0,0.0,3.155369307385874,0,0.0,0.0,1.362128315183636,0,0.0,0.0,5.087562441424746
2023-12-04,41991.1,0.05050602592898157,True,1.0,0.05050602592898157,9.799373640632075,0,0.0,0.0,1.6251263137946739,0,0.0,0.0,9.038432224929545,0,0.0,0.0,3.0169992929629688,0,0.0,0.0,2.6684543394188047,0,0.0,0.0,3.155369307385874,0,0.0,0.0,1.362128315183636,0,0.0,0.0,5.087562441424746
2023-12-05,44073.32,0.04958717442505667,True,1.0,0.04958717442505667,10.2852968906064,0,0.0,0.0,1.6251263137946739,0,0.0,0.0,9.038432224929545,0,0.0,0.0,3.0169992929629688,0,0.0,0.0,2.6684543394188047,0,0.0,0.0,3.155369307385874,0,0.0,0.0,1.362128315183636,0,0.0,0.0,5.087562441424746
2023-12-06,43762.69,-0.007048028149456376,True,1.0,-0.007048028149456376,10.21280582859589,0,0.0,-0.0,1.6251263137946739,0,0.0,-0.0,9.038432224929545,0,0.0,-0.0,3.0169992929629688,0,0.0,-0.0,2.6684543394188047,0,0.0,-0.0,3.155369307385874,0,0.0,-0.0,1.362128315183636,0,0.0,-0.0,5.087562441424746
2023-12-07,43273.14,-0.011186469570312108,True,1.0,-0.011186469570312108,10.098560586966796,0,0.0,-0.0,1.6251263137946739,0,0.0,-0.0,9.038432224929545,0,0.0,-0.0,3.0169992929629688,0,0.0,-0.0,2.6684543394188047,0,0.0,-0.0,3.155369307385874,0,0.0,-0.0,1.362128315183636,0,0.0,-0.0,5.087562441424746
2023-12-08,44170.99,0.02074843655902936,True,1.0,0.02074843655902936,10.308089930642991,0,0.0,0.0,1.6251263137946739,0,0.0,0.0,9.038432224929545,0,0.0,0.0,3.0169992929629688,0,0.0,0.0,2.6684543394188047,0,0.0,0.0,3.155369307385874,0,0.0,0.0,1.362128315183636,0,0.0,0.0,5.087562441424746
2023-12-09,43713.6,-0.010354986383596998,True,1.0,-0.010354986383596998,10.20134979977029,0,0.0,-0.0,1.6251263137946739,0,0.0,-0.0,9.038432224929545,0,0.0,-0.0,3.0169992929629688,0,0.0,-0.0,2.6684543394188047,0,0.0,-0.0,3.155369307385874,0,0.0,-0.0,1.362128315183636,0,0.0,-0.0,5.087562441424746
2023-12-10,43789.51,0.0017365305076681992,True,1.0,0.0017365305076681992,10.219064754916985,0,0.0,0.0,1.6251263137946739,0,0.0,0.0,9.038432224929545,0,0.0,0.0,3.0169992929629688,0,0.0,0.0,2.6684543394188047,0,0.0,0.0,3.155369307385874,0,0.0,0.0,1.362128315183636,0,0.0,0.0,5.087562441424746
2023-12-11,41253.4,-0.05791592552645597,True,1.0,-0.05791592552645597,9.627218161621181,0,0.0,-0.0,1.6251263137946739,0,0.0,-0.0,9.038432224929545,0,0.0,-0.0,3.0169992929629688,0,0.0,-0.0,2.6684543394188047,0,0.0,-0.0,3.155369307385874,0,0.0,-0.0,1.362128315183636,0,0.0,-0.0,5.087562441424746
2023-12-12,41492.39,0.005793219467971067,True,1.0,0.005793219467971067,9.68299074929749,0,0.0,0.0,1.6251263137946739,0,0.0,0.0,9.038432224929545,0,0.0,0.0,3.0169992929629688,0,0.0,0.0,2.6684543394188047,0,0.0,0.0,3.155369307385874,0,0.0,0.0,1.362128315183636,0,0.0,0.0,5.087562441424746
2023-12-13,42869.03,0.033178132182793085,True,1.0,0.033178132182793085,10.004254296302445,0,0.0,0.0,1.6251263137946739,0,0.0,0.0,9.038432224929545,0,0.0,0.0,3.0169992929629688,0,0.0,0.0,2.6684543394188047,0,0.0,0.0,3.155369307385874,0,0.0,0.0,1.362128315183636,0,0.0,0.0,5.087562441424746
2023-12-14,43022.26,0.0035743752541170792,True,1.0,0.0035743752541170792,10.040013255295044,0,0.0,0.0,1.6251263137946739,0,0.0,0.0,9.038432224929545,0,0.0,0.0,3.0169992929629688,0,0.0,0.0,2.6684543394188047,0,0.0,0.0,3.155369307385874,0,0.0,0.0,1.362128315183636,0,0.0,0.0,5.087562441424746
2023-12-15,41940.3,-0.02514884155318664,True,1.0,-0.02514884155318664,9.787518552745736,0,0.0,-0.0,1.6251263137946739,0,0.0,-0.0,9.038432224929545,0,0.0,-0.0,3.0169992929629688,0,0.0,-0.0,2.6684543394188047,0,0.0,-0.0,3.155369307385874,0,0.0,-0.0,1.362128315183636,0,0.0,-0.0,5.087562441424746
2023-12-16,42278.03,0.008052636724105389,True,1.0,0.008052636724105389,9.866333884081438,0,0.0,0.0,1.6251263137946739,0,0.0,0.0,9.038432224929545,0,0.0,0.0,3.0169992929629688,0,0.0,0.0,2.6684543394188047,0,0.0,0.0,3.155369307385874,0,0.0,0.0,1.362128315183636,0,0.0,0.0,5.087562441424746
2023-12-17,41374.65,-0.02136759919986808,True,1.0,-0.02136759919986808,9.655514016074308,0,0.0,-0.0,1.6251263137946739,0,0.0,-0.0,9.038432224929545,0,0.0,-0.0,3.0169992929629688,0,0.0,-0.0,2.6684543394188047,0,0.0,-0.0,3.155369307385874,0,0.0,-0.0,1.362128315183636,0,0.0,-0.0,5.087562441424746
2023-12-18,42657.8,0.03101295116695857,True,1.0,0.03101295116695857,9.954960000746706,0,0.0,0.0,1.6251263137946739,0,0.0,0.0,9.038432224929545,0,0.0,0.0,3.0169992929629688,0,0.0,0.0,2.6684543394188047,0,0.0,0.0,3.155369307385874,0,0.0,0.0,1.362128315183636,0,0.0,0.0,5.087562441424746
2023-12-19,42275.99,-0.00895053190741213,True,1.0,-0.00895053190741213,9.86585781362301,0,0.0,-0.0,1.6251263137946739,0,0.0,-0.0,9.038432224929545,0,0.0,-0.0,3.0169992929629688,0,0.0,-0.0,2.6684543394188047,0,0.0,-0.0,3.155369307385874,0,0.0,-0.0,1.362128315183636,0,0.0,-0.0,5.087562441424746
2023-12-20,43668.93,0.03294872574243679,True,1.0,0.03294872574243679,10.190925256937952,0,0.0,0.0,1.6251263137946739,0,0.0,0.0,9.038432224929545,0,0.0,0.0,3.0169992929629688,0,0.0,0.0,2.6684543394188047,0,0.0,0.0,3.155369307385874,0,0.0,0.0,1.362128315183636,0,0.0,0.0,5.087562441424746
2023-12-21,43861.8,0.004416641305385882,True,1.0,0.004416641305385882,10.235934918367844,0,0.0,0.0,1.6251263137946739,0,0.0,0.0,9.038432224929545,0,0.0,0.0,3.0169992929629688,0,0.0,0.0,2.6684543394188047,0,0.0,0.0,3.155369307385874,0,0.0,0.0,1.362128315183636,0,0.0,0.0,5.087562441424746
2023-12-22,43969.04,0.0024449520995490914,True,1.0,0.0024449520995490914,10.260961288937356,0,0.0,0.0,1.6251263137946739,0,0.0,0.0,9.038432224929545,0,0.0,0.0,3.0169992929629688,0,0.0,0.0,2.6684543394188047,0,0.0,0.0,3.155369307385874,0,0.0,0.0,1.362128315183636,0,0.0,0.0,5.087562441424746
2023-12-23,43702.16,-0.006069725424980743,True,1.0,-0.006069725424980743,10.198680071317149,0,0.0,-0.0,1.6251263137946739,0,0.0,-0.0,9.038432224929545,0,0.0,-0.0,3.0169992929629688,0,0.0,-0.0,2.6684543394188047,0,0.0,-0.0,3.155369307385874,0,0.0,-0.0,1.362128315183636,0,0.0,-0.0,5.087562441424746
2023-12-24,42991.5,-0.016261438793872096,True,1.0,-0.016261438793872096,10.032834859559141,0,0.0,-0.0,1.6251263137946739,0,0.0,-0.0,9.038432224929545,0,0.0,-0.0,3.0169992929629688,0,0.0,-0.0,2.6684543394188047,0,0.0,-0.0,3.155369307385874,0,0.0,-0.0,1.362128315183636,0,0.0,-0.0,5.087562441424746
2023-12-25,43576.13,0.013598734633590404,False,1.0,0.013598734633590404,10.169268718436921,0,0.0,0.0,1.6251263137946739,0,0.0,0.0,9.038432224929545,0,0.0,0.0,3.0169992929629688,0,0.0,0.0,2.6684543394188047,0,0.0,0.0,3.155369307385874,0,0.0,0.0,1.362128315183636,0,0.0,0.0,5.087562441424746
2023-12-26,42508.93,-0.024490472192000512,False,1.0,-0.024490472192000512,9.920218525675061,0,0.0,-0.0,1.6251263137946739,0,0.0,-0.0,9.038432224929545,0,0.0,-0.0,3.0169992929629688,0,0.0,-0.0,2.6684543394188047,0,0.0,-0.0,3.155369307385874,0,0.0,-0.0,1.362128315183636,0,0.0,-0.0,5.087562441424746
2023-12-27,43428.85,0.021640629392459365,True,1.0,0.021640629392459365,10.134898298281405,0,0.0,0.0,1.6251263137946739,0,0.0,0.0,9.038432224929545,0,0.0,0.0,3.0169992929629688,0,0.0,0.0,2.6684543394188047,0,0.0,0.0,3.155369307385874,0,0.0,0.0,1.362128315183636,0,0.0,0.0,5.087562441424746
2023-12-28,42563.76,-0.01991970775187457,False,1.0,-0.01991970775187457,9.933014086084668,0,0.0,-0.0,1.6251263137946739,0,0.0,-0.0,9.038432224929545,0,0.0,-0.0,3.0169992929629688,0,0.0,-0.0,2.6684543394188047,0,0.0,-0.0,3.155369307385874,0,0.0,-0.0,1.362128315183636,0,0.0,-0.0,5.087562441424746
2023-12-29,42066.95,-0.011672136108276221,False,1.0,-0.011672136108276221,9.817074593706463,0,0.0,-0.0,1.6251263137946739,0,0.0,-0.0,9.038432224929545,0,0.0,-0.0,3.0169992929629688,0,0.0,-0.0,2.6684543394188047,0,0.0,-0.0,3.155369307385874,0,0.0,-0.0,1.362128315183636,0,0.0,-0.0,5.087562441424746
2023-12-30,42140.28,0.0017431736790995966,False,1.0,0.0017431736790995966,9.83418745974397,0,0.0,0.0,1.6251263137946739,0,0.0,0.0,9.038432224929545,0,0.0,0.0,3.0169992929629688,0,0.0,0.0,2.6684543394188047,0,0.0,0.0,3.155369307385874,0,0.0,0.0,1.362128315183636,0,0.0,0.0,5.087562441424746
2023-12-31,42283.58,0.0034005469351414686,True,1.0,0.0034005469351414686,9.867629075769807,0,0.0,0.0,1.6251263137946739,0,0.0,0.0,9.038432224929545,0,0.0,0.0,3.0169992929629688,0,0.0,0.0,2.6684543394188047,0,0.0,0.0,3.155369307385874,0,0.0,0.0,1.362128315183636,0,0.0,0.0,5.087562441424746
2024-01-01,44179.55,0.04483939155577654,True,1.0,0.04483939155577654,10.310087559625416,0,0.0,0.0,1.6251263137946739,0,0.0,0.0,9.038432224929545,0,0.0,0.0,3.0169992929629688,0,0.0,0.0,2.6684543394188047,0,0.0,0.0,3.155369307385874,0,0.0,0.0,1.362128315183636,0,0.0,0.0,5.087562441424746
2024-01-02,44946.91,0.017369122139089255,True,1.0,0.017369122139089255,10.489164729713254,0,0.0,0.0,1.6251263137946739,0,0.0,0.0,9.038432224929545,0,0.0,0.0,3.0169992929629688,0,0.0,0.0,2.6684543394188047,0,0.0,0.0,3.155369307385874,0,0.0,0.0,1.362128315183636,0,0.0,0.0,5.087562441424746
2024-01-03,42845.23,-0.04675916542427505,False,1.0,-0.04675916542427505,9.99870014095412,0,0.0,-0.0,1.6251263137946739,0,0.0,-0.0,9.038432224929545,0,0.0,-0.0,3.0169992929629688,0,0.0,-0.0,2.6684543394188047,0,0.0,-0.0,3.155369307385874,0,0.0,-0.0,1.362128315183636,0,0.0,-0.0,5.087562441424746
2024-01-04,44151.1,0.030478772082679795,True,1.0,0.030478772082679795,10.30344824367332,0,0.0,0.0,1.6251263137946739,0,0.0,0.0,9.038432224929545,0,0.0,0.0,3.0169992929629688,0,0.0,0.0,2.6684543394188047,0,0.0,0.0,3.155369307385874,0,0.0,0.0,1.362128315183636,0,0.0,0.0,5.087562441424746
2024-01-05,44145.11,-0.00013567045894657959,True,1.0,-0.00013567045894657959,10.302050370121368,0,0.0,-0.0,1.6251263137946739,0,0.0,-0.0,9.038432224929545,0,0.0,-0.0,3.0169992929629688,0,0.0,-0.0,2.6684543394188047,0,0.0,-0.0,3.155369307385874,0,0.0,-0.0,1.362128315183636,0,0.0,-0.0,5.087562441424746
2024-01-06,43968.32,-0.00400474707164622,True,1.0,-0.00400474707164622,10.260793264069672,0,0.0,-0.0,1.6251263137946739,0,0.0,-0.0,9.038432224929545,0,0.0,-0.0,3.0169992929629688,0,0.0,-0.0,2.6684543394188047,0,0.0,-0.0,3.155369307385874,0,0.0,-0.0,1.362128315183636,0,0.0,-0.0,5.087562441424746
2024-01-07,43929.02,-0.0008938253724500855,True,1.0,-0.0008938253724500855,10.251621906708783,0,0.0,-0.0,1.6251263137946739,0,0.0,-0.0,9.038432224929545,0,0.0,-0.0,3.0169992929629688,0,0.0,-0.0,2.6684543394188047,0,0.0,-0.0,3.155369307385874,0,0.0,-0.0,1.362128315183636,0,0.0,-0.0,5.087562441424746
2024-01-08,46951.04,0.06879324874536241,True,1.0,0.06879324874536241,10.956864282580407,0,0.0,0.0,1.6251263137946739,0,0.0,0.0,9.038432224929545,0,0.0,0.0,3.0169992929629688,0,0.0,0.0,2.6684543394188047,0,0.0,0.0,3.155369307385874,0,0.0,0.0,1.362128315183636,0,0.0,0.0,5.087562441424746
2024-01-09,46110.0,-0.01791312822889546,True,1.0,-0.01791312822889546,10.76059256769994,0,0.0,-0.0,1.6251263137946739,0,0.0,-0.0,9.038432224929545,0,0.0,-0.0,3.0169992929629688,0,0.0,-0.0,2.6684543394188047,0,0.0,-0.0,3.155369307385874,0,0.0,-0.0,1.362128315183636,0,0.0,-0.0,5.087562441424746
2024-01-10,46653.99,0.011797657774886172,True,1.0,0.011797657774886172,10.887542356268646,0,0.0,0.0,1.6251263137946739,0,0.0,0.0,9.038432224929545,0,0.0,0.0,3.0169992929629688,0,0.0,0.0,2.6684543394188047,0,0.0,0.0,3.155369307385874,0,0.0,0.0,1.362128315183636,0,0.0,0.0,5.087562441424746
2024-01-11,46339.16,-0.006748190240534524,True,1.0,-0.006748190240534524,10.814071149196668,0,0.0,-0.0,1.6251263137946739,0,0.0,-0.0,9.038432224929545,0,0.0,-0.0,3.0169992929629688,0,0.0,-0.0,2.6684543394188047,0,0.0,-0.0,3.155369307385874,0,0.0,-0.0,1.362128315183636,0,0.0,-0.0,5.087562441424746
2024-01-12,42782.73,-0.07674783056058854,False,1.0,-0.07674783056058854,9.984114648967973,0,0.0,-0.0,1.6251263137946739,0,0.0,-0.0,9.038432224929545,0,0.0,-0.0,3.0169992929629688,0,0.0,-0.0,2.6684543394188047,0,0.0,-0.0,3.155369307385874,0,0.0,-0.0,1.362128315183636,0,0.0,-0.0,5.087562441424746
2024-01-13,42847.99,0.0015253818538460973,False,1.0,0.0015253818538460973,9.999344236280228,0,0.0,0.0,1.6251263137946739,0,0.0,0.0,9.038432224929545,0,0.0,0.0,3.0169992929629688,0,0.0,0.0,2.6684543394188047,0,0.0,0.0,3.155369307385874,0,0.0,0.0,1.362128315183636,0,0.0,0.0,5.087562441424746
2024-01-14,41732.35,-0.0260371606696137,False,1.0,-0.0260371606696137,9.738989703809423,0,0.0,-0.0,1.6251263137946739,0,0.0,-0.0,9.038432224929545,0,0.0,-0.0,3.0169992929629688,0,0.0,-0.0,2.6684543394188047,0,0.0,-0.0,3.155369307385874,0,0.0,-0.0,1.362128315183636,0,0.0,-0.0,5.087562441424746
2024-01-15,42511.1,0.018660583456239666,True,1.0,0.018660583456239666,9.920724933956818,0,0.0,0.0,1.6251263137946739,0,0.0,0.0,9.038432224929545,0,0.0,0.0,3.0169992929629688,0,0.0,0.0,2.6684543394188047,0,0.0,0.0,3.155369307385874,0,0.0,0.0,1.362128315183636,0,0.0,0.0,5.087562441424746
2024-01-16,43137.95,0.014745560571238991,False,1.0,0.014745560571238991,10.06701158438108,0,0.0,0.0,1.6251263137946739,0,0.0,0.0,9.038432224929545,0,0.0,0.0,3.0169992929629688,0,0.0,0.0,2.6684543394188047,0,0.0,0.0,3.155369307385874,0,0.0,0.0,1.362128315183636,0,0.0,0.0,5.087562441424746
2024-01-17,42776.1,-0.008388205744593757,True,1.0,-0.008388205744593757,9.982567419978082,0,0.0,-0.0,1.6251263137946739,0,0.0,-0.0,9.038432224929545,0,0.0,-0.0,3.0169992929629688,0,0.0,-0.0,2.6684543394188047,0,0.0,-0.0,3.155369307385874,0,0.0,-0.0,1.362128315183636,0,0.0,-0.0,5.087562441424746
2024-01-18,41327.5,-0.0338647048234878,False,1.0,-0.0338647048234878,9.644510720919959,0,0.0,-0.0,1.6251263137946739,0,0.0,-0.0,9.038432224929545,0,0.0,-0.0,3.0169992929629688,0,0.0,-0.0,2.6684543394188047,0,0.0,-0.0,3.155369307385874,0,0.0,-0.0,1.362128315183636,0,0.0,-0.0,5.087562441424746
2024-01-19,41659.03,0.008022019236585853,False,1.0,0.008022019236585853,9.721879171450636,0,0.0,0.0,1.6251263137946739,0,0.0,0.0,9.038432224929545,0,0.0,0.0,3.0169992929629688,0,0.0,0.0,2.6684543394188047,0,0.0,0.0,3.155369307385874,0,0.0,0.0,1.362128315183636,0,0.0,0.0,5.087562441424746
2024-01-20,41696.04,0.0008884028264701804,False,1.0,0.0008884028264701804,9.730516116385155,0,0.0,0.0,1.6251263137946739,0,0.0,0.0,9.038432224929545,0,0.0,0.0,3.0169992929629688,0,0.0,0.0,2.6684543394188047,0,0.0,0.0,3.155369307385874,0,0.0,0.0,1.362128315183636,0,0.0,0.0,5.087562441424746
2024-01-21,41580.33,-0.00277508367701107,False,1.0,-0.00277508367701107,9.703513119941682,0,0.0,-0.0,1.6251263137946739,0,0.0,-0.0,9.038432224929545,0,0.0,-0.0,3.0169992929629688,0,0.0,-0.0,2.6684543394188047,0,0.0,-0.0,3.155369307385874,0,0.0,-0.0,1.362128315183636,0,0.0,-0.0,5.087562441424746
2024-01-22,39568.02,-0.048395719803089654,False,1.0,-0.048395719803089654,9.23390461788338,0,0.0,-0.0,1.6251263137946739,0,0.0,-0.0,9.038432224929545,0,0.0,-0.0,3.0169992929629688,0,0.0,-0.0,2.6684543394188047,0,0.0,-0.0,3.155369307385874,0,0.0,-0.0,1.362128315183636,0,0.0,-0.0,5.087562441424746
2024-01-23,39897.6,0.008329453937801379,False,1.0,0.008329453937801379,9.310818001064092,0,0.0,0.0,1.6251263137946739,0,0.0,0.0,9.038432224929545,0,0.0,0.0,3.0169992929629688,0,0.0,0.0,2.6684543394188047,0,0.0,0.0,3.155369307385874,0,0.0,0.0,1.362128315183636,0,0.0,0.0,5.087562441424746
2024-01-24,40084.88,0.004694016682707636,False,1.0,0.004694016682707636,9.35452313609074,0,0.0,0.0,1.6251263137946739,0,0.0,0.0,9.038432224929545,0,0.0,0.0,3.0169992929629688,0,0.0,0.0,2.6684543394188047,0,0.0,0.0,3.155369307385874,0,0.0,0.0,1.362128315183636,0,0.0,0.0,5.087562441424746
2024-01-25,39961.09,-0.003088196846292135,False,1.0,-0.003088196846292135,9.325634527243299,0,0.0,-0.0,1.6251263137946739,0,0.0,-0.0,9.038432224929545,0,0.0,-0.0,3.0169992929629688,0,0.0,-0.0,2.6684543394188047,0,0.0,-0.0,3.155369307385874,0,0.0,-0.0,1.362128315183636,0,0.0,-0.0,5.087562441424746
2024-01-26,41823.51,0.04660583582680067,False,1.0,0.04660583582680067,9.760263519000743,0,0.0,0.0,1.6251263137946739,0,0.0,0.0,9.038432224929545,0,0.0,0.0,3.0169992929629688,0,0.0,0.0,2.6684543394188047,0,0.0,0.0,3.155369307385874,0,0.0,0.0,1.362128315183636,0,0.0,0.0,5.087562441424746
2024-01-27,42120.63,0.007104138318376307,False,1.0,0.007104138318376307,9.829601781063527,0,0.0,0.0,1.6251263137946739,0,0.0,0.0,9.038432224929545,0,0.0,0.0,3.0169992929629688,0,0.0,0.0,2.6684543394188047,0,0.0,0.0,3.155369307385874,0,0.0,0.0,1.362128315183636,0,0.0,0.0,5.087562441424746
2024-01-28,42031.06,-0.0021265114030820653,False,1.0,-0.0021265114030820653,9.808699020788339,0,0.0,-0.0,1.6251263137946739,0,0.0,-0.0,9.038432224929545,0,0.0,-0.0,3.0169992929629688,0,0.0,-0.0,2.6684543394188047,0,0.0,-0.0,3.155369307385874,0,0.0,-0.0,1.362128315183636,0,0.0,-0.0,5.087562441424746
2024-01-29,43302.7,0.03025476873531141,False,1.0,0.03025476873531141,10.105458941256565,0,0.0,0.0,1.6251263137946739,0,0.0,0.0,9.038432224929545,0,0.0,0.0,3.0169992929629688,0,0.0,0.0,2.6684543394188047,0,0.0,0.0,3.155369307385874,0,0.0,0.0,1.362128315183636,0,0.0,0.0,5.087562441424746
2024-01-30,42941.1,-0.008350518558888909,False,1.0,-0.008350518558888909,10.021073118821512,0,0.0,-0.0,1.6251263137946739,0,0.0,-0.0,9.038432224929545,0,0.0,-0.0,3.0169992929629688,0,0.0,-0.0,2.6684543394188047,0,0.0,-0.0,3.155369307385874,0,0.0,-0.0,1.362128315183636,0,0.0,-0.0,5.087562441424746
2024-01-31,42580.0,-0.008409193057467013,False,1.0,-0.008409193057467013,9.936803980322349,0,0.0,-0.0,1.6251263137946739,0,0.0,-0.0,9.038432224929545,0,0.0,-0.0,3.0169992929629688,0,0.0,-0.0,2.6684543394188047,0,0.0,-0.0,3.155369307385874,0,0.0,-0.0,1.362128315183636,0,0.0,-0.0,5.087562441424746
2024-02-01,43082.94,0.011811648661343321,True,1.0,0.011811648661343321,10.054174017754555,0,0.0,0.0,1.6251263137946739,0,0.0,0.0,9.038432224929545,0,0.0,0.0,3.0169992929629688,0,0.0,0.0,2.6684543394188047,0,0.0,0.0,3.155369307385874,0,0.0,0.0,1.362128315183636,0,0.0,0.0,5.087562441424746
2024-02-02,43200.0,0.0027170847671955656,True,1.0,0.0027170847671955656,10.08149206082493,0,0.0,0.0,1.6251263137946739,0,0.0,0.0,9.038432224929545,0,0.0,0.0,3.0169992929629688,0,0.0,0.0,2.6684543394188047,0,0.0,0.0,3.155369307385874,0,0.0,0.0,1.362128315183636,0,0.0,0.0,5.087562441424746
2024-02-03,43011.09,-0.004372916666666726,True,1.0,-0.004372916666666726,10.03740653616728,0,0.0,-0.0,1.6251263137946739,0,0.0,-0.0,9.038432224929545,0,0.0,-0.0,3.0169992929629688,0,0.0,-0.0,2.6684543394188047,0,0.0,-0.0,3.155369307385874,0,0.0,-0.0,1.362128315183636,0,0.0,-0.0,5.087562441424746
2024-02-04,42582.88,-0.00995580442160382,True,1.0,-0.00995580442160382,9.93747607979307,0,0.0,-0.0,1.6251263137946739,0,0.0,-0.0,9.038432224929545,0,0.0,-0.0,3.0169992929629688,0,0.0,-0.0,2.6684543394188047,0,0.0,-0.0,3.155369307385874,0,0.0,-0.0,1.362128315183636,0,0.0,-0.0,5.087562441424746
2024-02-05,42708.7,0.0029547085589325395,False,1.0,0.0029547085589325395,9.966838425420223,0,0.0,0.0,1.6251263137946739,0,0.0,0.0,9.038432224929545,0,0.0,0.0,3.0169992929629688,0,0.0,0.0,2.6684543394188047,0,0.0,0.0,3.155369307385874,0,0.0,0.0,1.362128315183636,0,0.0,0.0,5.087562441424746
2024-02-06,43098.95,0.009137482526979213,True,1.0,0.009137482526979213,10.057910237381725,0,0.0,0.0,1.6251263137946739,0,0.0,0.0,9.038432224929545,0,0.0,0.0,3.0169992929629688,0,0.0,0.0,2.6684543394188047,0,0.0,0.0,3.155369307385874,0,0.0,0.0,1.362128315183636,0,0.0,0.0,5.087562441424746
2024-02-07,44349.6,0.029018108329785353,True,1.0,0.029018108329785353,10.349771766221325,0,0.0,0.0,1.6251263137946739,0,0.0,0.0,9.038432224929545,0,0.0,0.0,3.0169992929629688,0,0.0,0.0,2.6684543394188047,0,0.0,0.0,3.155369307385874,0,0.0,0.0,1.362128315183636,0,0.0,0.0,5.087562441424746
2024-02-08,45288.65,0.021173809910348673,True,1.0,0.021173809910348673,10.56891586621479,0,0.0,0.0,1.6251263137946739,0,0.0,0.0,9.038432224929545,0,0.0,0.0,3.0169992929629688,0,0.0,0.0,2.6684543394188047,0,0.0,0.0,3.155369307385874,0,0.0,0.0,1.362128315183636,0,0.0,0.0,5.087562441424746
2024-02-09,47132.77,0.04071925305788526,True,1.0,0.04071925305788526,10.999274225918688,0,0.0,0.0,1.6251263137946739,0,0.0,0.0,9.038432224929545,0,0.0,0.0,3.0169992929629688,0,0.0,0.0,2.6684543394188047,0,0.0,0.0,3.155369307385874,0,0.0,0.0,1.362128315183636,0,0.0,0.0,5.087562441424746
2024-02-10,47751.09,0.013118685789101692,True,1.0,0.013118685789101692,11.14357024839668,0,0.0,0.0,1.6251263137946739,0,0.0,0.0,9.038432224929545,0,0.0,0.0,3.0169992929629688,0,0.0,0.0,2.6684543394188047,0,0.0,0.0,3.155369307385874,0,0.0,0.0,1.362128315183636,0,0.0,0.0,5.087562441424746
2024-02-11,48299.99,0.011495025558578842,True,1.0,0.011495025558578842,11.271665873215818,0,0.0,0.0,1.6251263137946739,0,0.0,0.0,9.038432224929545,0,0.0,0.0,3.0169992929629688,0,0.0,0.0,2.6684543394188047,0,0.0,0.0,3.155369307385874,0,0.0,0.0,1.362128315183636,0,0.0,0.0,5.087562441424746
2024-02-12,49917.27,0.03348406490353306,True,1.0,0.03348406490353306,11.649087064885515,0,0.0,0.0,1.6251263137946739,0,0.0,0.0,9.038432224929545,0,0.0,0.0,3.0169992929629688,0,0.0,0.0,2.6684543394188047,0,0.0,0.0,3.155369307385874,0,0.0,0.0,1.362128315183636,0,0.0,0.0,5.087562441424746
2024-02-13,49699.59,-0.004360815405169416,True,1.0,-0.004360815405169416,11.598287546556802,0,0.0,-0.0,1.6251263137946739,0,0.0,-0.0,9.038432224929545,0,0.0,-0.0,3.0169992929629688,0,0.0,-0.0,2.6684543394188047,0,0.0,-0.0,3.155369307385874,0,0.0,-0.0,1.362128315183636,0,0.0,-0.0,5.087562441424746
2024-02-14,51795.17,0.04216493536465804,True,1.0,0.04216493536465804,12.087328591298089,0,0.0,0.0,1.6251263137946739,0,0.0,0.0,9.038432224929545,0,0.0,0.0,3.0169992929629688,0,0.0,0.0,2.6684543394188047,0,0.0,0.0,3.155369307385874,0,0.0,0.0,1.362128315183636,0,0.0,0.0,5.087562441424746
2024-02-15,51880.0,0.001637797501195637,True,1.0,0.001637797501195637,12.107125187861048,0,0.0,0.0,1.6251263137946739,0,0.0,0.0,9.038432224929545,0,0.0,0.0,3.0169992929629688,0,0.0,0.0,2.6684543394188047,0,0.0,0.0,3.155369307385874,0,0.0,0.0,1.362128315183636,0,0.0,0.0,5.087562441424746
2024-02-16,52124.11,0.004705281418658558,True,1.0,0.004705281418658558,12.164092619040863,0,0.0,0.0,1.6251263137946739,0,0.0,0.0,9.038432224929545,0,0.0,0.0,3.0169992929629688,0,0.0,0.0,2.6684543394188047,0,0.0,0.0,3.155369307385874,0,0.0,0.0,1.362128315183636,0,0.0,0.0,5.087562441424746
2024-02-17,51642.64,-0.00923699224792518,True,1.0,-0.00923699224792518,12.051732989815738,0,0.0,-0.0,1.6251263137946739,0,0.0,-0.0,9.038432224929545,0,0.0,-0.0,3.0169992929629688,0,0.0,-0.0,2.6684543394188047,0,0.0,-0.0,3.155369307385874,0,0.0,-0.0,1.362128315183636,0,0.0,-0.0,5.087562441424746
2024-02-18,52137.67,0.009585683458475325,True,1.0,0.009585683458475325,12.167257087382175,0,0.0,0.0,1.6251263137946739,0,0.0,0.0,9.038432224929545,0,0.0,0.0,3.0169992929629688,0,0.0,0.0,2.6684543394188047,0,0.0,0.0,3.155369307385874,0,0.0,0.0,1.362128315183636,0,0.0,0.0,5.087562441424746
2024-02-19,51774.73,-0.0069611856456185395,True,1.0,-0.0069611856456185395,12.08255855199894,0,0.0,-0.0,1.6251263137946739,0,0.0,-0.0,9.038432224929545,0,0.0,-0.0,3.0169992929629688,0,0.0,-0.0,2.6684543394188047,0,0.0,-0.0,3.155369307385874,0,0.0,-0.0,1.362128315183636,0,0.0,-0.0,5.087562441424746
2024-02-20,52258.82,0.009349928044047662,True,1.0,0.009349928044047662,12.195529605048122,0,0.0,0.0,1.6251263137946739,0,0.0,0.0,9.038432224929545,0,0.0,0.0,3.0169992929629688,0,0.0,0.0,2.6684543394188047,0,0.0,0.0,3.155369307385874,0,0.0,0.0,1.362128315183636,0,0.0,0.0,5.087562441424746
2024-02-21,51849.39,-0.007834658340927003,True,1.0,-0.007834658340927003,12.09998179730591,0,0.0,-0.0,1.6251263137946739,0,0.0,-0.0,9.038432224929545,0,0.0,-0.0,3.0169992929629688,0,0.0,-0.0,2.6684543394188047,0,0.0,-0.0,3.155369307385874,0,0.0,-0.0,1.362128315183636,0,0.0,-0.0,5.087562441424746
2024-02-22,51288.42,-0.010819220824005882,True,1.0,-0.010819220824005882,11.969069422274405,0,0.0,-0.0,1.6251263137946739,0,0.0,-0.0,9.038432224929545,0,0.0,-0.0,3.0169992929629688,0,0.0,-0.0,2.6684543394188047,0,0.0,-0.0,3.155369307385874,0,0.0,-0.0,1.362128315183636,0,0.0,-0.0,5.087562441424746
2024-02-23,50744.15,-0.010611947102289299,True,1.0,-0.010611947102289299,11.8420542907016,0,0.0,-0.0,1.6251263137946739,0,0.0,-0.0,9.038432224929545,0,0.0,-0.0,3.0169992929629688,0,0.0,-0.0,2.6684543394188047,0,0.0,-0.0,3.155369307385874,0,0.0,-0.0,1.362128315183636,0,0.0,-0.0,5.087562441424746
2024-02-24,51568.22,0.016239704478250294,True,1.0,0.016239704478250294,12.03436575279799,0,0.0,0.0,1.6251263137946739,0,0.0,0.0,9.038432224929545,0,0.0,0.0,3.0169992929629688,0,0.0,0.0,2.6684543394188047,0,0.0,0.0,3.155369307385874,0,0.0,0.0,1.362128315183636,0,0.0,0.0,5.087562441424746
2024-02-25,51728.85,0.0031149029382824267,True,1.0,0.0031149029382824267,12.071851634041746,0,0.0,0.0,1.6251263137946739,0,0.0,0.0,9.038432224929545,0,0.0,0.0,3.0169992929629688,0,0.0,0.0,2.6684543394188047,0,0.0,0.0,3.155369307385874,0,0.0,0.0,1.362128315183636,0,0.0,0.0,5.087562441424746
2024-02-26,54476.47,0.05311581448263403,True,1.0,0.05311581448263403,12.71305786589739,0,0.0,0.0,1.6251263137946739,0,0.0,0.0,9.038432224929545,0,0.0,0.0,3.0169992929629688,0,0.0,0.0,2.6684543394188047,0,0.0,0.0,3.155369307385874,0,0.0,0.0,1.362128315183636,0,0.0,0.0,5.087562441424746
2024-02-27,57037.34,0.04700873606531397,True,1.0,0.04700873606531397,13.310682647698425,0,0.0,0.0,1.6251263137946739,0,0.0,0.0,9.038432224929545,0,0.0,0.0,3.0169992929629688,0,0.0,0.0,2.6684543394188047,0,0.0,0.0,3.155369307385874,0,0.0,0.0,1.362128315183636,0,0.0,0.0,5.087562441424746
2024-02-28,62432.1,0.09458295215029322,True,1.0,0.09458295215029322,14.569646307653423,0,0.0,0.0,1.6251263137946739,1,0.0,0.0,9.038432224929545,1,0.0,0.0,3.0169992929629688,0,0.0,0.0,2.6684543394188047,0,0.0,0.0,3.155369307385874,0,0.0,0.0,1.362128315183636,1,0.0,0.0,5.087562441424746
2024-02-29,61130.98,-0.020840561185672013,True,1.0,-0.020840561185672013,14.266006702325171,0,0.0,-0.0,1.6251263137946739,0,1.0,-0.021840561185672014,8.841027792898423,0,1.0,-0.021840561185672014,2.9511063353078817,0,0.0,-0.0,2.6684543394188047,0,0.0,-0.0,3.155369307385874,0,0.0,-0.0,1.362128315183636,0,1.0,-0.021840561185672014,4.976447222636882
2024-03-01,62387.9,0.02056109684484042,True,1.0,0.02056109684484042,14.559331447720822,0,0.0,0.0,1.6251263137946739,0,1.0,0.02056109684484042,9.022809021556133,1,1.0,0.02056109684484042,3.011784318467569,0,0.0,0.0,2.6684543394188047,0,0.0,0.0,3.155369307385874,0,0.0,0.0,1.362128315183636,0,1.0,0.02056109684484042,5.078768435924756
2024-03-02,61987.28,-0.006421437490282567,True,1.0,-0.006421437490282567,14.465839610928978,0,0.0,-0.0,1.6251263137946739,0,1.0,-0.006421437490282567,8.964869617437452,0,1.0,-0.006421437490282567,2.9924443337323163,0,0.0,-0.0,2.6684543394188047,0,0.0,-0.0,3.155369307385874,0,0.0,-0.0,1.362128315183636,0,1.0,-0.006421437490282567,5.046155441885845
2024-03-03,63113.97,0.018176148396896963,True,1.0,0.018176148396896963,14.728772858382932,0,0.0,0.0,1.6251263137946739,0,1.0,0.018176148396896963,9.127816417962828,1,1.0,0.018176148396896963,3.046835446011688,0,0.0,0.0,2.6684543394188047,0,0.0,0.0,3.155369307385874,0,0.0,0.0,1.362128315183636,0,1.0,0.018176148396896963,5.137875112031371
2024-03-04,68245.71,0.08130909844524137,True,1.0,0.08130909844524137,15.926356100702789,0,0.0,0.0,1.6251263137946739,0,1.0,0.08130909844524137,9.869990941681058,1,1.0,0.08130909844524137,3.2945708892379035,1,0.0,0.0,2.6684543394188047,1,0.0,0.0,3.155369307385874,0,0.0,0.0,1.362128315183636,0,1.0,0.08130909844524137,5.555631105314886
2024-03-05,63724.01,-0.0662561793261438,True,1.0,-0.0662561793261438,14.8711365948826,0,0.0,-0.0,1.6251263137946739,0,1.0,-0.0662561793261438,9.216043051901623,1,1.0,-0.0662561793261438,3.076285209597864,0,1.0,-0.0672561793261438,2.488984295843227,0,1.0,-0.0672561793261438,2.9431512234081194,0,0.0,-0.0,1.362128315183636,0,1.0,-0.0662561793261438,5.1875362145312405
2024-03-06,66074.04,0.03687825044280779,True,1.0,0.03687825044280779,15.419558094597884,0,0.0,0.0,1.6251263137946739,0,1.0,0.03687825044280779,9.555914595661351,1,1.0,0.03687825044280779,3.1897332259909192,0,1.0,0.03687825044280779,2.5807736820535494,1,1.0,0.03687825044280779,3.05168949131602,0,0.0,0.0,1.362128315183636,0,1.0,0.03687825044280779,5.378843474231859
2024-03-07,66823.17,0.011337735667442228,True,1.0,0.011337735667442228,15.594380968383204,0,0.0,0.0,1.6251263137946739,0,1.0,0.011337735667442228,9.664257029407612,1,1.0,0.011337735667442228,3.225897578156862,1,1.0,0.011337735667442228,2.6100338118781643,1,1.0,0.011337735667442228,3.086288740107672,0,0.0,0.0,1.362128315183636,0,1.0,0.011337735667442228,5.4398273797392465
2024-03-08,68124.19,0.01946959415424332,True,1.0,0.01946959415424332,15.897997236924281,0,0.0,0.0,1.6251263137946739,0,1.0,0.01946959415424332,9.852416191572472,1,1.0,0.01946959415424332,3.2887044947867325,1,1.0,0.01946959415424332,2.660850110924285,1,1.0,0.01946959415424332,3.1463775293203793,0,0.0,0.0,1.362128315183636,0,1.0,0.01946959415424332,5.5457386110919105
2024-03-09,68313.27,0.002775519239201163,True,1.0,0.002775519239201163,15.942122434120131,0,0.0,0.0,1.6251263137946739,0,1.0,0.002775519239201163,9.879761762264797,1,1.0,0.002775519239201163,3.2978323573840607,1,1.0,0.002775519239201163,2.668235351599786,1,1.0,0.002775519239201163,3.1551103606867983,0,0.0,0.0,1.362128315183636,0,1.0,0.002775519239201163,5.561130915302577
2024-03-10,68955.88,0.009406810711886537,True,1.0,0.009406810711886537,16.09208696220362,0,0.0,0.0,1.6251263137946739,0,1.0,0.009406810711886537,9.972698811040956,1,1.0,0.009406810711886537,3.328854442129507,1,1.0,0.009406810711886537,2.693334936487049,1,1.0,0.009406810711886537,3.184789886624891,0,0.0,0.0,1.362128315183636,0,1.0,0.009406810711886537,5.613443421166849
2024-03-11,72078.1,0.04527851721999632,True,1.0,0.04527851721999632,16.820712798827437,0,0.0,0.0,1.6251263137946739,0,1.0,0.04527851721999632,10.42424782588651,1,1.0,0.04527851721999632,3.4795800353103292,1,1.0,0.04527851721999632,2.8152851487879955,1,1.0,0.04527851721999632,3.3289924503485064,0,0.0,0.0,1.362128315183636,0,1.0,0.04527851721999632,5.867611815775628
2024-03-12,71452.01,-0.008686272251904659,True,1.0,-0.008686272251904659,16.674603507985726,0,0.0,-0.0,1.6251263137946739,0,1.0,-0.008686272251904659,10.333699971249535,1,1.0,-0.008686272251904659,3.4493554558013315,1,1.0,-0.008686272251904659,2.7908308155188792,1,1.0,-0.008686272251904659,3.300075915600244,0,0.0,-0.0,1.362128315183636,0,1.0,-0.008686272251904659,5.816644142075308
2024-03-13,73072.41,0.02267815838910625,True,1.0,0.02267815838910625,17.052752807415374,0,0.0,0.0,1.6251263137946739,0,1.0,0.02267815838910625,10.568049255943034,1,1.0,0.02267815838910625,3.527580485168322,1,1.0,0.02267815838910625,2.854121718790415,1,1.0,0.02267815838910625,3.3749155599103013,0,0.0,0.0,1.362128315183636,0,1.0,0.02267815838910625,5.948554919222359
2024-03-14,71388.94,-0.02303838069662678,True,1.0,-0.02303838069662678,16.659884996312666,0,0.0,-0.0,1.6251263137946739,0,1.0,-0.02303838069662678,10.324578513963916,1,1.0,-0.02303838069662678,3.4463107430130226,1,1.0,-0.02303838069662678,2.7883673760784107,1,1.0,-0.02303838069662678,3.2971629704221184,0,0.0,-0.0,1.362128315183636,0,1.0,-0.02303838069662678,5.811509846398523
2024-03-15,69499.85,-0.026461942143979122,True,1.0,-0.026461942143979122,16.219032083414895,0,0.0,-0.0,1.6251263137946739,0,1.0,-0.026461942143979122,10.051370114666433,1,1.0,-0.026461942143979122,3.355114667521238,1,1.0,-0.026461942143979122,2.7145817598964648,1,1.0,-0.026461942143979122,3.209913634659538,0,0.0,-0.0,1.362128315183636,0,1.0,-0.026461942143979122,5.6577260090739605
2024-03-16,65300.63,-0.06042056205876711,True,1.0,-0.06042056205876711,15.23906904888579,0,0.0,-0.0,1.6251263137946739,0,1.0,-0.06042056205876711,9.444060682877593,0,1.0,-0.06042056205876711,3.1523967535379915,0,1.0,-0.06042056205876711,2.550565204209043,0,1.0,-0.06042056205876711,3.015968848693309,0,0.0,-0.0,1.362128315183636,0,1.0,-0.06042056205876711,5.315883023631207
2024-03-17,68393.48,0.04736324902225286,True,1.0,0.04736324902225286,15.960840871115474,0,0.0,0.0,1.6251263137946739,0,1.0,0.04736324902225286,9.891362080781992,1,1.0,0.04736324902225286,3.301704505992753,0,1.0,0.04736324902225286,2.6713682591234895,0,1.0,0.04736324902225286,3.1588149323173274,0,0.0,0.0,1.362128315183636,0,1.0,0.04736324902225286,5.567660515052618
2024-03-18,67609.99,-0.011455624132592601,True,1.0,-0.011455624132592601,15.777999477255854,0,0.0,-0.0,1.6251263137946739,0,1.0,-0.011455624132592601,9.778050354625174,0,1.0,-0.011455624132592601,3.263881420175213,0,1.0,-0.011455624132592601,2.6407660684272325,0,1.0,-0.011455624132592601,3.122628735748279,0,0.0,-0.0,1.362128315183636,0,1.0,-0.011455624132592601,5.503879488894299
2024-03-19,61937.4,-0.08390165417862072,False,1.0,-0.08390165417862072,14.454199221484675,0,0.0,-0.0,1.6251263137946739,0,1.0,-0.08390165417862072,8.957655755230274,0,1.0,-0.08390165417862072,2.990036369979647,0,1.0,-0.08390165417862072,2.419201426987415,0,1.0,-0.08390165417862072,2.8606350194333032,0,0.0,-0.0,1.362128315183636,0,1.0,-0.08390165417862072,5.042094895376286
2024-03-20,67840.51,0.09530768162693293,True,1.0,0.09530768162693293,15.831795439058197,0,0.0,0.0,1.6251263137946739,1,0.0,-0.001,8.948698099475044,0,1.0,0.09530768162693293,3.2750098043826172,0,1.0,0.09530768162693293,2.6497699063821534,0,1.0,0.09530768162693293,3.1332755111163078,1,0.0,0.0,1.362128315183636,1,0.0,-0.001,5.037052800480909
2024-03-21,65501.27,-0.034481462477213065,True,1.0,-0.034481462477213065,15.2858919786794,0,0.0,-0.0,1.6251263137946739,0,1.0,-0.035481462477213066,8.631185203638612,0,1.0,-0.034481462477213065,3.162082676700293,0,1.0,-0.034481462477213065,2.558401964781989,0,1.0,-0.034481462477213065,3.02523558914898,1,1.0,-0.035481462477213066,1.3137980104792983,0,1.0,-0.035481462477213066,4.858330800544905
2024-03-22,63796.64,-0.026024380901316868,True,1.0,-0.026024380901316868,14.888086103409863,0,0.0,-0.0,1.6251263137946739,0,1.0,-0.026024380901316868,8.40656395226931,0,1.0,-0.026024380901316868,3.079791432680389,0,1.0,-0.026024380901316868,2.491821137551825,0,1.0,-0.026024380901316868,2.9465057058607473,1,1.0,-0.026024380901316868,1.2796072306271928,0,1.0,-0.026024380901316868,4.731895749246925
2024-03-23,63990.01,0.003031037371247214,True,1.0,0.003031037371247214,14.933212448775645,0,0.0,0.0,1.6251263137946739,0,1.0,0.003031037371247214,8.432044561772418,0,1.0,0.003031037371247214,3.0891263956084902,0,1.0,0.003031037371247214,2.4993739405422084,0,1.0,0.003031037371247214,2.955436674769804,1,1.0,0.003031037371247214,1.283485767963742,0,1.0,0.003031037371247214,4.746238302099738
2024-03-24,67209.99,0.05032004214407837,False,1.0,0.05032004214407837,15.684652328544512,0,0.0,0.0,1.6251263137946739,0,1.0,0.05032004214407837,8.856345399481553,0,1.0,0.05032004214407837,3.2445713660238944,0,1.0,0.05032004214407837,2.6251425425641037,0,1.0,0.05032004214407837,3.1041543727983756,0,1.0,0.05032004214407837,1.3480708258990022,0,1.0,0.05032004214407837,4.985069213487236
2024-03-25,69880.01,0.039726534701165495,True,1.0,0.039726534701165495,16.307749213550153,0,0.0,0.0,1.6251263137946739,0,1.0,0.039726534701165495,9.208177312319565,0,1.0,0.039726534701165495,3.3734669429866506,0,1.0,0.039726534701165495,2.7294303588767823,0,1.0,0.039726534701165495,3.227471669207125,1,1.0,0.039726534701165495,1.4016250083437076,0,1.0,0.039726534701165495,5.183108738584549
2024-03-26,69988.0,0.0015453632591067024,True,1.0,0.0015453632591067024,16.3329506100235,0,0.0,0.0,1.6251263137946739,0,1.0,0.0015453632591067024,9.222407291221364,0,1.0,0.0015453632591067024,3.3786801748561532,0,1.0,0.0015453632591067024,2.733648320271681,0,1.0,0.0015453632591067024,3.2324592853445253,1,1.0,0.0015453632591067024,1.403791028134647,0,1.0,0.0015453632591067024,5.191118524397113
2024-03-27,69469.99,-0.007401411670572067,True,1.0,-0.007401411670572067,16.212063718763595,0,0.0,-0.0,1.6251263137946739,0,1.0,-0.007401411670572067,9.154148458265349,0,1.0,-0.007401411670572067,3.3536731719788424,0,1.0,-0.007401411670572067,2.713415463690782,0,1.0,-0.007401411670572067,3.2085345234653273,1,1.0,-0.007401411670572067,1.393400992835967,0,1.0,-0.007401411670572067,5.152696919167317
2024-03-28,70780.6,0.018865844086057848,True,1.0,0.018865844086057848,16.517917985195023,0,0.0,0.0,1.6251263137946739,0,1.0,0.018865844086057848,9.326849195819609,0,1.0,0.018865844086057848,3.41694304715699,0,1.0,0.018865844086057848,2.7646063367694707,0,1.0,0.018865844086057848,3.269066235529758,1,1.0,0.018865844086057848,1.4196886787161684,0,1.0,0.018865844086057848,5.2499068958670385
2024-03-29,69850.54,-0.01314004119772949,True,1.0,-0.01314004119772949,16.300871862368844,0,0.0,-0.0,1.6251263137946739,0,1.0,-0.01314004119772949,9.20429401314153,0,1.0,-0.01314004119772949,3.372044274747052,0,1.0,-0.01314004119772949,2.7282792956088158,0,1.0,-0.01314004119772949,3.2261105705167905,1,1.0,-0.01314004119772949,1.401033910989888,0,1.0,-0.01314004119772949,5.180922902971101
2024-03-30,69582.18,-0.0038419173280550556,True,1.0,-0.0038419173280550556,16.238245260298402,0,0.0,-0.0,1.6251263137946739,0,1.0,-0.0038419173280550556,9.168931876479927,0,1.0,-0.0038419173280550556,3.3590891594169325,0,1.0,-0.0038419173280550556,2.717797472107242,0,1.0,-0.0038419173280550556,3.2137161204137006,1,1.0,-0.0038419173280550556,1.3956512545300632,0,1.0,-0.0038419173280550556,5.16101822549486
2024-03-31,71280.01,0.024400356528065048,False,1.0,0.024400356528065048,16.634464234039847,0,0.0,0.0,1.6251263137946739,0,1.0,0.024400356528065048,9.392657083247578,0,1.0,0.024400356528065048,3.441052132516264,0,1.0,0.024400356528065048,2.784112699397733,0,1.0,0.024400356528065048,3.2921319395317847,0,1.0,0.024400356528065048,1.4297056427294381,0,1.0,0.024400356528065048,5.286948910244775
2024-04-01,69649.8,-0.022870507453632394,False,1.0,-0.022870507453632394,16.254025595788058,0,0.0,-0.0,1.6251263137946739,0,1.0,-0.022870507453632394,9.17784224941575,0,1.0,-0.022870507453632394,3.3623535240712132,0,1.0,-0.022870507453632394,2.7204386291544047,0,1.0,-0.022870507453632394,3.216839211470382,0,1.0,-0.022870507453632394,1.3970075491708942,0,1.0,-0.022870507453632394,5.166033705786049
2024-04-02,65463.99,-0.0600979471584987,False,1.0,-0.0600979471584987,15.277192024419502,0,0.0,-0.0,1.6251263137946739,0,1.0,-0.0600979471584987,8.626272770881325,0,1.0,-0.0600979471584987,3.1602829796533896,0,1.0,-0.0600979471584987,2.5569458521715447,0,1.0,-0.0600979471584987,3.023513778522048,0,1.0,-0.0600979471584987,1.313050263300798,0,1.0,-0.0600979471584987,4.855565685116695
2024-04-03,65963.28,0.007626941162614864,False,1.0,0.007626941162614864,15.393710269119719,0,0.0,0.0,1.6251263137946739,0,1.0,0.007626941162614864,8.692064845757503,0,1.0,0.007626941162614864,3.184386271996419,0,1.0,0.007626941162614864,2.576447527742049,0,1.0,0.007626941162614864,3.046573940215191,0,1.0,0.007626941162614864,1.3230648204025492,0,1.0,0.007626941162614864,4.892598798908292
2024-04-04,68487.79,0.03827144435510177,False,1.0,0.03827144435510177,15.982849795102894,0,0.0,0.0,1.6251263137946739,0,1.0,0.03827144435510177,9.024722721832848,0,1.0,0.03827144435510177,3.30625733401028,0,1.0,0.03827144435510177,2.6750518959338683,0,1.0,0.03827144435510177,3.16317072524184,0,1.0,0.03827144435510177,1.3737004220547782,0,1.0,0.03827144435510177,5.079845621592549
2024-04-05,67820.62,-0.009741444423889245,True,1.0,-0.009741444423889245,15.82715375208853,0,0.0,-0.0,1.6251263137946739,0,1.0,-0.009741444423889245,8.936808886997103,0,1.0,-0.009741444423889245,3.2740496119399425,0,0.0,-0.001,2.6723768440379345,0,0.0,-0.001,3.160007554516598,1,1.0,-0.009741444423889245,1.3603185957382584,0,1.0,-0.009741444423889245,5.030360587787868
2024-04-06,68896.0,0.01585623959202964,True,1.0,0.01585623959202964,16.078112894041535,0,0.0,0.0,1.6251263137946739,0,1.0,0.01585623959202964,9.07851306989751,0,1.0,0.01585623959202964,3.325963727023054,0,0.0,0.0,2.6723768440379345,0,0.0,0.0,3.160007554516598,1,1.0,0.01585623959202964,1.3818881333137776,0,1.0,0.01585623959202964,5.110123190502136
2024-04-07,69360.39,0.006740449372967916,True,1.0,0.006740449372967916,16.186486600016686,0,0.0,0.0,1.6251263137946739,0,1.0,0.006740449372967916,9.13970632762698,0,0.0,-0.001,3.322637763296031,0,0.0,0.0,2.6723768440379345,0,0.0,0.0,3.160007554516598,1,1.0,0.006740449372967916,1.3912026803154842,0,1.0,0.006740449372967916,5.1445677171573445
2024-04-08,71620.0,0.03257781566683815,True,1.0,0.03257781566683815,16.713806976765774,0,0.0,0.0,1.6251263137946739,0,1.0,0.03257781566683815,9.437457995617446,0,0.0,0.0,3.322637763296031,0,0.0,0.0,2.6723768440379345,0,0.0,0.0,3.160007554516598,1,1.0,0.03257781566683815,1.4365250247900132,0,1.0,0.03257781566683815,5.312166495932463
2024-04-09,69146.0,-0.034543423624685876,True,1.0,-0.034543423624685876,16.136454861986124,0,0.0,-0.0,1.6251263137946739,0,1.0,-0.034543423624685876,9.111455886134655,0,0.0,-0.0,3.322637763296031,0,0.0,-0.0,2.6723768440379345,0,0.0,-0.0,3.160007554516598,1,1.0,-0.034543423624685876,1.3869025323112294,0,1.0,-0.034543423624685876,5.128666078298604
2024-04-10,70631.08,0.02147745350417951,True,1.0,0.02147745350417951,16.483024821006723,0,0.0,0.0,1.6251263137946739,0,0.0,-0.001,9.10234443024852,0,0.0,0.0,3.322637763296031,0,0.0,0.0,2.6723768440379345,0,0.0,0.0,3.160007554516598,1,1.0,0.02147745350417951,1.4166896669637727,0,0.0,-0.001,5.123537412220306
2024-04-11,70006.23,-0.008846672031632585,True,1.0,-0.008846672031632585,16.337204906326015,0,0.0,-0.0,1.6251263137946739,0,0.0,-0.0,9.10234443024852,0,0.0,-0.0,3.322637763296031,0,0.0,-0.0,2.6723768440379345,0,0.0,-0.0,3.160007554516598,1,1.0,-0.008846672031632585,1.4041566781095414,0,0.0,-0.0,5.123537412220306
2024-04-12,67116.52,-0.04127789769567636,True,1.0,-0.04127789769567636,15.662839433569388,0,0.0,-0.0,1.6251263137946739,0,0.0,-0.0,9.10234443024852,0,0.0,-0.0,3.322637763296031,0,0.0,-0.0,2.6723768440379345,0,0.0,-0.0,3.160007554516598,1,1.0,-0.04127789769567636,1.3461960424018349,0,0.0,-0.0,5.123537412220306
2024-04-13,63924.51,-0.047559229828960214,False,1.0,-0.047559229828960214,14.91792685317416,0,0.0,-0.0,1.6251263137946739,0,0.0,-0.0,9.10234443024852,0,0.0,-0.0,3.322637763296031,0,0.0,-0.0,2.6723768440379345,0,0.0,-0.0,3.160007554516598,0,1.0,-0.047559229828960214,1.2821719954264093,0,0.0,-0.0,5.123537412220306
2024-04-14,65661.84,0.027177838359652595,False,1.0,0.027177838359652595,15.323363857850849,0,0.0,0.0,1.6251263137946739,0,0.0,0.0,9.10234443024852,0,0.0,0.0,3.322637763296031,0,0.0,0.0,2.6723768440379345,0,0.0,0.0,3.160007554516598,0,1.0,0.027177838359652595,1.3170186586673813,0,0.0,0.0,5.123537412220306
2024-04-15,63419.99,-0.034142357265650736,False,1.0,-0.034142357265650736,14.800188094504545,0,0.0,-0.0,1.6251263137946739,0,0.0,-0.0,9.10234443024852,0,0.0,-0.0,3.322637763296031,0,0.0,-0.0,2.6723768440379345,0,0.0,-0.0,3.160007554516598,0,1.0,-0.034142357265650736,1.2720525370976314,0,0.0,-0.0,5.123537412220306
2024-04-16,63793.39,0.005887733504845949,False,1.0,0.005887733504845949,14.887327657826582,0,0.0,0.0,1.6251263137946739,0,0.0,0.0,9.10234443024852,0,0.0,0.0,3.322637763296031,0,0.0,0.0,2.6723768440379345,0,0.0,0.0,3.160007554516598,0,1.0,0.005887733504845949,1.2795420434402254,0,0.0,0.0,5.123537412220306
2024-04-17,61277.37,-0.03944013635268473,False,1.0,-0.03944013635268473,14.300169425074806,0,0.0,-0.0,1.6251263137946739,0,0.0,-0.0,9.10234443024852,0,0.0,-0.0,3.322637763296031,0,0.0,-0.0,2.6723768440379345,0,0.0,-0.0,3.160007554516598,0,1.0,-0.03944013635268473,1.22907673077795,0,0.0,-0.0,5.123537412220306
2024-04-18,63470.08,0.03578335689015377,False,1.0,0.03578335689015377,14.811877491201923,0,0.0,0.0,1.6251263137946739,0,0.0,0.0,9.10234443024852,0,0.0,0.0,3.322637763296031,0,0.0,0.0,2.6723768440379345,0,0.0,0.0,3.160007554516598,0,1.0,0.03578335689015377,1.2730572220807608,0,0.0,0.0,5.123537412220306
2024-04-19,63818.01,0.005481795516879773,False,1.0,0.005481795516879773,14.893073174829766,0,0.0,0.0,1.6251263137946739,0,0.0,0.0,9.10234443024852,0,0.0,0.0,3.322637763296031,0,0.0,0.0,2.6723768440379345,0,0.0,0.0,3.160007554516598,0,1.0,0.005481795516879773,1.2800358614534946,0,0.0,0.0,5.123537412220306
2024-04-20,64940.59,0.017590332258871744,False,1.0,0.017590332258871744,15.155047280330711,0,0.0,0.0,1.6251263137946739,0,0.0,0.0,9.10234443024852,0,0.0,0.0,3.322637763296031,0,0.0,0.0,2.6723768440379345,0,0.0,0.0,3.160007554516598,0,1.0,0.017590332258871744,1.3025521175597328,0,0.0,0.0,5.123537412220306
2024-04-21,64941.15,8.623266280816111e-06,False,1.0,8.623266280816111e-06,15.155177966338908,0,0.0,0.0,1.6251263137946739,0,0.0,0.0,9.10234443024852,0,0.0,0.0,3.322637763296031,0,0.0,0.0,2.6723768440379345,0,0.0,0.0,3.160007554516598,0,1.0,8.623266280816111e-06,1.3025633498134872,0,0.0,0.0,5.123537412220306
2024-04-22,66819.32,0.028921107802987844,True,1.0,0.028921107802987844,15.593482502076862,0,0.0,0.0,1.6251263137946739,0,0.0,0.0,9.10234443024852,0,0.0,0.0,3.322637763296031,0,0.0,0.0,2.6723768440379345,0,0.0,0.0,3.160007554516598,1,1.0,0.028921107802987844,1.340234924873664,0,0.0,0.0,5.123537412220306
2024-04-23,66414.0,-0.0060659102786441155,True,1.0,-0.0060659102786441155,15.498893836287657,0,0.0,-0.0,1.6251263137946739,0,0.0,-0.0,9.10234443024852,0,0.0,-0.0,3.322637763296031,0,0.0,-0.0,2.6723768440379345,0,0.0,-0.0,3.160007554516598,1,1.0,-0.0060659102786441155,1.3321051800670751,0,0.0,-0.0,5.123537412220306
2024-04-24,64289.59,-0.031987382178456425,False,1.0,-0.031987382178456425,15.003124795803,0,0.0,-0.0,1.6251263137946739,0,0.0,-0.0,9.10234443024852,0,0.0,-0.0,3.322637763296031,0,0.0,-0.0,2.6723768440379345,0,0.0,-0.0,3.160007554516598,0,1.0,-0.031987382178456425,1.289494622570368,0,0.0,-0.0,5.123537412220306
2024-04-25,64498.34,0.003247026462604552,False,1.0,0.003247026462604552,15.051840339036731,0,0.0,0.0,1.6251263137946739,0,0.0,0.0,9.10234443024852,0,0.0,0.0,3.322637763296031,0,0.0,0.0,2.6723768440379345,0,0.0,0.0,3.160007554516598,0,1.0,0.003247026462604552,1.2936816457332403,0,0.0,0.0,5.123537412220306
2024-04-26,63770.01,-0.0112922286061935,False,1.0,-0.0112922286061935,14.881871516984404,0,0.0,-0.0,1.6251263137946739,0,0.0,-0.0,9.10234443024852,0,0.0,-0.0,3.322637763296031,0,0.0,-0.0,2.6723768440379345,0,0.0,-0.0,3.160007554516598,0,1.0,-0.0112922286061935,1.2790730968459838,0,0.0,-0.0,5.123537412220306
2024-04-27,63461.98,-0.004830326982856015,False,1.0,-0.004830326982856015,14.809987211440518,0,0.0,-0.0,1.6251263137946739,0,0.0,-0.0,9.10234443024852,0,0.0,-0.0,3.322637763296031,0,0.0,-0.0,2.6723768440379345,0,0.0,-0.0,3.160007554516598,0,1.0,-0.004830326982856015,1.2728947555532435,0,0.0,-0.0,5.123537412220306
2024-04-28,63118.62,-0.0054104835682718955,False,1.0,-0.0054104835682718955,14.729858018986702,0,0.0,-0.0,1.6251263137946739,0,0.0,-0.0,9.10234443024852,0,0.0,-0.0,3.322637763296031,0,0.0,-0.0,2.6723768440379345,0,0.0,-0.0,3.160007554516598,0,1.0,-0.0054104835682718955,1.2660077793941833,0,0.0,-0.0,5.123537412220306
2024-04-29,63866.0,0.01184087991784355,False,1.0,0.01184087991784355,14.90427249899641,0,0.0,0.0,1.6251263137946739,0,0.0,0.0,9.10234443024852,0,0.0,0.0,3.322637763296031,0,0.0,0.0,2.6723768440379345,0,0.0,0.0,3.160007554516598,0,1.0,0.01184087991784355,1.2809984254850455,0,0.0,0.0,5.123537412220306
2024-04-30,60672.0,-0.05001096044843889,False,1.0,-0.05001096044843889,14.158895516536344,0,0.0,-0.0,1.6251263137946739,0,0.0,-0.0,9.10234443024852,0,0.0,-0.0,3.322637763296031,0,0.0,-0.0,2.6723768440379345,0,0.0,-0.0,3.160007554516598,0,1.0,-0.05001096044843889,1.2169344638936004,0,0.0,-0.0,5.123537412220306
2024-05-01,58364.97,-0.03802462420886077,False,1.0,-0.03802462420886077,13.620508835307525,0,0.0,-0.0,1.6251263137946739,0,0.0,-0.0,9.10234443024852,0,0.0,-0.0,3.322637763296031,0,0.0,-0.0,2.6723768440379345,0,0.0,-0.0,3.160007554516598,0,1.0,-0.03802462420886077,1.1706609882172347,0,0.0,-0.0,5.123537412220306
2024-05-02,59060.61,0.011918793070569533,False,1.0,0.011918793070569533,13.78284886163142,0,0.0,0.0,1.6251263137946739,0,0.0,0.0,9.10234443024852,0,0.0,0.0,3.322637763296031,0,0.0,0.0,2.6723768440379345,0,0.0,0.0,3.160007554516598,0,1.0,0.011918793070569533,1.1846138542915845,0,0.0,0.0,5.123537412220306
2024-05-03,62882.01,0.06470302287768459,False,1.0,0.06470302287768459,14.674640846845227,0,0.0,0.0,1.6251263137946739,0,0.0,0.0,9.10234443024852,0,0.0,0.0,3.322637763296031,0,0.0,0.0,2.6723768440379345,0,0.0,0.0,3.160007554516598,0,1.0,0.06470302287768459,1.261261951607035,0,0.0,0.0,5.123537412220306
2024-05-04,63892.04,0.016062304624168355,False,1.0,0.016062304624168355,14.91034939837752,0,0.0,0.0,1.6251263137946739,0,0.0,0.0,9.10234443024852,0,0.0,0.0,3.322637763296031,0,0.0,0.0,2.6723768440379345,0,0.0,0.0,3.160007554516598,0,1.0,0.016062304624168355,1.2815207252846201,0,0.0,0.0,5.123537412220306
2024-05-05,64012.0,0.0018775421789631874,True,1.0,0.0018775421789631874,14.938344208276051,0,0.0,0.0,1.6251263137946739,0,0.0,0.0,9.10234443024852,0,0.0,0.0,3.322637763296031,0,0.0,0.0,2.6723768440379345,0,0.0,0.0,3.160007554516598,1,1.0,0.0018775421789631874,1.2839268344995576,0,0.0,0.0,5.123537412220306
2024-05-06,63165.19,-0.013228925826407556,False,1.0,-0.013228925826407556,14.740725960775423,0,0.0,-0.0,1.6251263137946739,0,0.0,-0.0,9.10234443024852,0,0.0,-0.0,3.322637763296031,0,0.0,-0.0,2.6723768440379345,0,0.0,-0.0,3.160007554516598,0,1.0,-0.013228925826407556,1.2669418616394288,0,0.0,-0.0,5.123537412220306
2024-05-07,62312.08,-0.013506014942723965,True,1.0,-0.013506014942723965,14.541637495682592,0,0.0,-0.0,1.6251263137946739,0,0.0,-0.0,9.10234443024852,0,0.0,-0.0,3.322637763296031,0,0.0,-0.0,2.6723768440379345,0,0.0,-0.0,3.160007554516598,1,1.0,-0.013506014942723965,1.2498305259245641,0,0.0,-0.0,5.123537412220306
2024-05-08,61193.03,-0.01795879707433945,False,1.0,-0.01795879707433945,14.280487178769022,0,0.0,-0.0,1.6251263137946739,0,0.0,-0.0,9.10234443024852,0,0.0,-0.0,3.322637763296031,0,0.0,-0.0,2.6723768440379345,0,0.0,-0.0,3.160007554516598,0,1.0,-0.01795879707433945,1.2273850731321698,0,0.0,-0.0,5.123537412220306
2024-05-09,63074.01,0.030738468090238502,False,1.0,0.030738468090238502,14.719447478226673,0,0.0,0.0,1.6251263137946739,0,0.0,0.0,9.10234443024852,0,0.0,0.0,3.322637763296031,0,0.0,0.0,2.6723768440379345,0,0.0,0.0,3.160007554516598,0,1.0,0.030738468090238502,1.265113010037078,0,0.0,0.0,5.123537412220306
2024-05-10,60799.99,-0.03605320162773862,False,1.0,-0.03605320162773862,14.188764270445258,0,0.0,-0.0,1.6251263137946739,0,0.0,-0.0,9.10234443024852,0,0.0,-0.0,3.322637763296031,0,0.0,-0.0,2.6723768440379345,0,0.0,-0.0,3.160007554516598,0,1.0,-0.03605320162773862,1.219501635604336,0,0.0,-0.0,5.123537412220306
2024-05-11,60825.99,0.0004276316492815013,False,1.0,0.0004276316492815013,14.194831835111495,0,0.0,0.0,1.6251263137946739,0,0.0,0.0,9.10234443024852,0,0.0,0.0,3.322637763296031,0,0.0,0.0,2.6723768440379345,0,0.0,0.0,3.160007554516598,0,1.0,0.0004276316492815013,1.220023133100071,0,0.0,0.0,5.123537412220306
2024-05-12,61483.99,0.010817744191257805,False,1.0,0.010817744191257805,14.348387894741654,0,0.0,0.0,1.6251263137946739,0,0.0,0.0,9.10234443024852,0,0.0,0.0,3.322637763296031,0,0.0,0.0,2.6723768440379345,0,0.0,0.0,3.160007554516598,0,1.0,0.010817744191257805,1.2332210312613645,0,0.0,0.0,5.123537412220306
2024-05-13,62940.08,0.02368242529478004,False,1.0,0.02368242529478004,14.688192519159399,0,0.0,0.0,1.6251263137946739,0,0.0,0.0,9.10234443024852,0,0.0,0.0,3.322637763296031,0,0.0,0.0,2.6723768440379345,0,0.0,0.0,3.160007554516598,0,1.0,0.02368242529478004,1.2624266962061634,0,0.0,0.0,5.123537412220306
2024-05-14,61577.49,-0.021649003306001613,False,1.0,-0.021649003306001613,14.370207790752929,0,0.0,-0.0,1.6251263137946739,0,0.0,-0.0,9.10234443024852,0,0.0,-0.0,3.322637763296031,0,0.0,-0.0,2.6723768440379345,0,0.0,-0.0,3.160007554516598,0,1.0,-0.021649003306001613,1.2350964164864116,0,0.0,-0.0,5.123537412220306
2024-05-15,66206.5,0.0751737363767182,True,1.0,0.0751737363767182,15.45047000289365,0,0.0,0.0,1.6251263137946739,0,0.0,0.0,9.10234443024852,0,0.0,0.0,3.322637763296031,0,0.0,0.0,2.6723768440379345,0,0.0,0.0,3.160007554516598,1,1.0,0.0751737363767182,1.3279432288991904,0,0.0,0.0,5.123537412220306
2024-05-16,65235.21,-0.014670613912531216,True,1.0,-0.014670613912531216,15.223802122714053,0,0.0,-0.0,1.6251263137946739,0,0.0,-0.0,9.10234443024852,0,0.0,-0.0,3.322637763296031,0,0.0,-0.0,2.6723768440379345,0,0.0,-0.0,3.160007554516598,1,1.0,-0.014670613912531216,1.3084614864902502,0,0.0,-0.0,5.123537412220306
2024-05-17,67024.0,0.027420621471134998,True,1.0,0.027420621471134998,15.641248238072457,0,0.0,0.0,1.6251263137946739,0,0.0,0.0,9.10234443024852,0,0.0,0.0,3.322637763296031,0,0.0,0.0,2.6723768440379345,0,0.0,0.0,3.160007554516598,1,1.0,0.027420621471134998,1.344340313620858,0,0.0,0.0,5.123537412220306
2024-05-18,66915.2,-0.0016232991167343114,True,1.0,-0.0016232991167343114,15.615857813622972,0,0.0,-0.0,1.6251263137946739,0,0.0,-0.0,9.10234443024852,0,0.0,-0.0,3.322637763296031,0,0.0,-0.0,2.6723768440379345,0,0.0,-0.0,3.160007554516598,1,1.0,-0.0016232991167343114,1.342158047177167,0,0.0,-0.0,5.123537412220306
2024-05-19,66274.01,-0.009582127827459264,True,1.0,-0.009582127827459264,15.466224667917407,0,0.0,-0.0,1.6251263137946739,0,0.0,-0.0,9.10234443024852,0,0.0,-0.0,3.322637763296031,0,0.0,-0.0,2.6723768440379345,0,0.0,-0.0,3.160007554516598,1,1.0,-0.009582127827459264,1.3292973172044622,0,0.0,-0.0,5.123537412220306
2024-05-20,71446.62,0.07804884599558704,True,1.0,0.07804884599558704,16.673345655156844,0,0.0,0.0,1.6251263137946739,0,0.0,0.0,9.10234443024852,0,0.0,0.0,3.322637763296031,0,0.0,0.0,2.6723768440379345,0,0.0,0.0,3.160007554516598,1,1.0,0.07804884599558704,1.4330474387973002,0,0.0,0.0,5.123537412220306
2024-05-21,70148.34,-0.018171328468722492,True,1.0,-0.018171328468722492,16.37036881458444,0,0.0,-0.0,1.6251263137946739,0,0.0,-0.0,9.10234443024852,0,0.0,-0.0,3.322637763296031,0,0.0,-0.0,2.6723768440379345,0,0.0,-0.0,3.160007554516598,1,1.0,-0.018171328468722492,1.407007063075653,0,0.0,-0.0,5.123537412220306
2024-05-22,69166.62,-0.013994914206095221,True,1.0,-0.013994914206095221,16.141266907502196,0,0.0,-0.0,1.6251263137946739,0,0.0,-0.0,9.10234443024852,0,0.0,-0.0,3.322637763296031,0,0.0,-0.0,2.6723768440379345,0,0.0,-0.0,3.160007554516598,1,1.0,-0.013994914206095221,1.3873161199405393,0,0.0,-0.0,5.123537412220306
2024-05-23,67969.65,-0.017305602037514634,True,1.0,-0.017305602037514634,15.861932566019659,0,0.0,-0.0,1.6251263137946739,0,0.0,-0.0,9.10234443024852,0,0.0,-0.0,3.322637763296031,0,0.0,-0.0,2.6723768440379345,0,0.0,-0.0,3.160007554516598,1,1.0,-0.017305602037514634,1.3633077792686195,0,0.0,-0.0,5.123537412220306
2024-05-24,68549.99,0.008538222574340226,True,1.0,0.008538222574340226,15.99736527672751,0,0.0,0.0,1.6251263137946739,0,0.0,0.0,9.10234443024852,0,0.0,0.0,3.322637763296031,0,0.0,0.0,2.6723768440379345,0,0.0,0.0,3.160007554516598,1,1.0,0.008538222574340226,1.3749480045253444,0,0.0,0.0,5.123537412220306
2024-05-25,69290.57,0.010803502670095222,True,1.0,0.010803502670095222,16.170192855209123,0,0.0,0.0,1.6251263137946739,0,0.0,0.0,9.10234443024852,0,0.0,0.0,3.322637763296031,0,0.0,0.0,2.6723768440379345,0,0.0,0.0,3.160007554516598,1,1.0,0.010803502670095222,1.389802258963476,0,0.0,0.0,5.123537412220306
2024-05-26,68507.67,-0.011298795781301996,True,1.0,-0.011298795781301996,15.987489148393847,0,0.0,-0.0,1.6251263137946739,0,0.0,-0.0,9.10234443024852,0,0.0,-0.0,3.322637763296031,0,0.0,-0.0,2.6723768440379345,0,0.0,-0.0,3.160007554516598,1,1.0,-0.011298795781301996,1.3740991670630556,0,0.0,-0.0,5.123537412220306
2024-05-27,69436.43,0.01355702215532939,True,1.0,0.01355702215532939,16.20423189298671,0,0.0,0.0,1.6251263137946739,0,0.0,0.0,9.10234443024852,0,0.0,0.0,3.322637763296031,0,0.0,0.0,2.6723768440379345,0,0.0,0.0,3.160007554516598,1,1.0,0.01355702215532939,1.3927278599145492,0,0.0,0.0,5.123537412220306
2024-05-28,68398.39,-0.014949501292044975,True,1.0,-0.014949501292044975,15.961986707365908,0,0.0,-0.0,1.6251263137946739,0,0.0,-0.0,9.10234443024852,0,0.0,-0.0,3.322637763296031,0,0.0,-0.0,2.6723768440379345,0,0.0,-0.0,3.160007554516598,1,1.0,-0.014949501292044975,1.3719072729732895,0,0.0,-0.0,5.123537412220306
2024-05-29,67652.42,-0.010906250863507161,True,1.0,-0.010906250863507161,15.787901276055408,0,0.0,-0.0,1.6251263137946739,0,0.0,-0.0,9.10234443024852,0,0.0,-0.0,3.322637763296031,0,0.0,-0.0,2.6723768440379345,0,0.0,-0.0,3.160007554516598,1,1.0,-0.010906250863507161,1.356944908092773,0,0.0,-0.0,5.123537412220306
2024-05-30,68352.17,0.01034331070492378,True,1.0,0.01034331070492378,15.951200444332311,0,0.0,0.0,1.6251263137946739,0,0.0,0.0,9.10234443024852,0,0.0,0.0,3.322637763296031,0,0.0,0.0,2.6723768440379345,0,0.0,0.0,3.160007554516598,1,1.0,0.01034331070492378,1.3709802108866407,0,0.0,0.0,5.123537412220306
2024-05-31,67540.01,-0.011881992919902995,True,1.0,-0.011881992919902995,15.761668393588801,0,0.0,-0.0,1.6251263137946739,0,0.0,-0.0,9.10234443024852,0,0.0,-0.0,3.322637763296031,0,0.0,-0.0,2.6723768440379345,0,0.0,-0.0,3.160007554516598,1,1.0,-0.011881992919902995,1.3546902337275586,0,0.0,-0.0,5.123537412220306
2024-06-01,67766.85,0.0033586018124664996,True,1.0,0.0033586018124664996,15.814605561623004,0,0.0,0.0,1.6251263137946739,0,0.0,0.0,9.10234443024852,0,0.0,0.0,3.322637763296031,0,0.0,0.0,2.6723768440379345,0,0.0,0.0,3.160007554516598,1,1.0,0.0033586018124664996,1.3592400988018867,0,0.0,0.0,5.123537412220306
2024-06-02,67765.63,-1.8002902599123516e-05,True,1.0,-1.8002902599123516e-05,15.814320852819435,0,0.0,-0.0,1.6251263137946739,0,0.0,-0.0,9.10234443024852,0,0.0,-0.0,3.322637763296031,0,0.0,-0.0,2.6723768440379345,0,0.0,-0.0,3.160007554516598,1,1.0,-1.8002902599123516e-05,1.3592156285347792,0,0.0,-0.0,5.123537412220306
2024-06-03,68809.9,0.015410024226145236,True,1.0,0.015410024226145236,16.058019920281417,0,0.0,0.0,1.6251263137946739,0,0.0,0.0,9.10234443024852,0,0.0,0.0,3.322637763296031,0,0.0,0.0,2.6723768440379345,0,0.0,0.0,3.160007554516598,1,1.0,0.015410024226145236,1.3801611742990554,0,0.0,0.0,5.123537412220306
2024-06-04,70537.84,0.025111793506457758,True,1.0,0.025111793506457758,16.461265600642108,0,0.0,0.0,1.6251263137946739,0,0.0,0.0,9.10234443024852,0,0.0,0.0,3.322637763296031,0,0.0,0.0,2.6723768440379345,0,0.0,0.0,3.160007554516598,1,1.0,0.025111793506457758,1.4148194967136836,0,0.0,0.0,5.123537412220306
2024-06-05,71108.0,0.00808303741651284,True,1.0,0.00808303741651284,16.594322626415252,0,0.0,0.0,1.6251263137946739,0,0.0,0.0,9.10234443024852,0,0.0,0.0,3.322637763296031,0,0.0,0.0,2.6723768440379345,0,0.0,0.0,3.160007554516598,1,1.0,0.00808303741651284,1.426255535643232,0,0.0,0.0,5.123537412220306
2024-06-06,70799.06,-0.004344658828823844,True,1.0,-0.004344658828823844,16.522225956108045,0,0.0,-0.0,1.6251263137946739,0,0.0,-0.0,9.10234443024852,0,0.0,-0.0,3.322637763296031,0,0.0,-0.0,2.6723768440379345,0,0.0,-0.0,3.160007554516598,1,1.0,-0.004344658828823844,1.4200589419381409,0,0.0,-0.0,5.123537412220306
2024-06-07,69355.6,-0.020388123797123736,True,1.0,-0.020388123797123736,16.185368767910862,0,0.0,-0.0,1.6251263137946739,0,0.0,-0.0,9.10234443024852,0,0.0,-0.0,3.322637763296031,0,0.0,-0.0,2.6723768440379345,0,0.0,-0.0,3.160007554516598,1,1.0,-0.020388123797123736,1.3911066044306934,0,0.0,-0.0,5.123537412220306
2024-06-08,69310.46,-0.0006508486697541782,True,1.0,-0.0006508486697541782,16.174834542178786,0,0.0,-0.0,1.6251263137946739,0,0.0,-0.0,9.10234443024852,0,0.0,-0.0,3.322637763296031,0,0.0,-0.0,2.6723768440379345,0,0.0,-0.0,3.160007554516598,1,1.0,-0.0006508486697541782,1.3902012045477135,0,0.0,-0.0,5.123537412220306
2024-06-09,69648.14,0.004871991904252138,False,1.0,0.004871991904252138,16.2536382051209,0,0.0,0.0,1.6251263137946739,0,0.0,0.0,9.10234443024852,0,0.0,0.0,3.322637763296031,0,0.0,0.0,2.6723768440379345,0,0.0,0.0,3.160007554516598,0,1.0,0.004871991904252138,1.3969742535615515,0,0.0,0.0,5.123537412220306
2024-06-10,69540.0,-0.0015526617078359672,False,1.0,-0.0015526617078359672,16.228401803466788,0,0.0,-0.0,1.6251263137946739,0,0.0,-0.0,9.10234443024852,0,0.0,-0.0,3.322637763296031,0,0.0,-0.0,2.6723768440379345,0,0.0,-0.0,3.160007554516598,0,1.0,-0.0015526617078359672,1.3948052251312137,0,0.0,-0.0,5.123537412220306
2024-06-11,67314.24,-0.032006902502156986,False,1.0,-0.032006902502156986,15.708980929177399,0,0.0,-0.0,1.6251263137946739,0,0.0,-0.0,9.10234443024852,0,0.0,-0.0,3.322637763296031,0,0.0,-0.0,2.6723768440379345,0,0.0,-0.0,3.160007554516598,0,1.0,-0.032006902502156986,1.35016183028094,0,0.0,-0.0,5.123537412220306
2024-06-12,68263.99,0.014109198885703833,True,1.0,0.014109198885703833,15.930622065398891,0,0.0,0.0,1.6251263137946739,0,0.0,0.0,9.10234443024852,0,0.0,0.0,3.322637763296031,0,0.0,0.0,2.6723768440379345,0,0.0,0.0,3.160007554516598,1,1.0,0.014109198885703833,1.3692115320722595,0,0.0,0.0,5.123537412220306
2024-06-13,66773.01,-0.021841383722223218,False,1.0,-0.021841383722223218,15.582675235934797,0,0.0,-0.0,1.6251263137946739,0,0.0,-0.0,9.10234443024852,0,0.0,-0.0,3.322637763296031,0,0.0,-0.0,2.6723768440379345,0,0.0,-0.0,3.160007554516598,0,1.0,-0.021841383722223218,1.3393060576033762,0,0.0,-0.0,5.123537412220306
2024-06-14,66043.99,-0.010917884336799966,False,1.0,-0.010917884336799966,15.412545390050944,0,0.0,-0.0,1.6251263137946739,0,0.0,-0.0,9.10234443024852,0,0.0,-0.0,3.322637763296031,0,0.0,-0.0,2.6723768440379345,0,0.0,-0.0,3.160007554516598,0,1.0,-0.010917884336799966,1.3246836689748869,0,0.0,-0.0,5.123537412220306
2024-06-15,66228.25,0.0027899586321176173,False,1.0,0.0027899586321176173,15.455545754104822,0,0.0,0.0,1.6251263137946739,0,0.0,0.0,9.10234443024852,0,0.0,0.0,3.322637763296031,0,0.0,0.0,2.6723768440379345,0,0.0,0.0,3.160007554516598,0,1.0,0.0027899586321176173,1.3283794816119685,0,0.0,0.0,5.123537412220306
2024-06-16,66676.87,0.006773846508098869,False,1.0,0.006773846508098869,15.560239248742027,0,0.0,0.0,1.6251263137946739,0,0.0,0.0,9.10234443024852,0,0.0,0.0,3.322637763296031,0,0.0,0.0,2.6723768440379345,0,0.0,0.0,3.160007554516598,0,1.0,0.006773846508098869,1.337377720324916,0,0.0,0.0,5.123537412220306
2024-06-17,66504.33,-0.002587703951910103,False,1.0,-0.002587703951910103,15.51997395614539,0,0.0,-0.0,1.6251263137946739,0,0.0,-0.0,9.10234443024852,0,0.0,-0.0,3.322637763296031,0,0.0,-0.0,2.6723768440379345,0,0.0,-0.0,3.160007554516598,0,1.0,-0.002587703951910103,1.3339169827128348,0,0.0,-0.0,5.123537412220306
2024-06-18,65175.32,-0.019983811580388866,False,1.0,-0.019983811580388866,15.209825720873239,0,0.0,-0.0,1.6251263137946739,0,0.0,-0.0,9.10234443024852,0,0.0,-0.0,3.322637763296031,0,0.0,-0.0,2.6723768440379345,0,0.0,-0.0,3.160007554516598,0,1.0,-0.019983811580388866,1.3072602370664206,0,0.0,-0.0,5.123537412220306
2024-06-19,64974.37,-0.0030832222994838787,False,1.0,-0.0030832222994838787,15.162930447039379,0,0.0,-0.0,1.6251263137946739,0,0.0,-0.0,9.10234443024852,0,0.0,-0.0,3.322637763296031,0,0.0,-0.0,2.6723768440379345,0,0.0,-0.0,3.160007554516598,0,1.0,-0.0030832222994838787,1.3032296631522688,0,0.0,-0.0,5.123537412220306
2024-06-20,64869.99,-0.0016064796011104887,False,1.0,-0.0016064796011104887,15.138571508583153,0,0.0,-0.0,1.6251263137946739,0,0.0,-0.0,9.10234443024852,0,0.0,-0.0,3.322637763296031,0,0.0,-0.0,2.6723768440379345,0,0.0,-0.0,3.160007554516598,0,1.0,-0.0016064796011104887,1.3011360512828527,0,0.0,-0.0,5.123537412220306
2024-06-21,64143.56,-0.011198244365383747,False,1.0,-0.011198244365383747,14.969046085487204,0,0.0,-0.0,1.6251263137946739,0,0.0,-0.0,9.10234443024852,0,0.0,-0.0,3.322637763296031,0,0.0,-0.0,2.6723768440379345,0,0.0,-0.0,3.160007554516598,0,1.0,-0.011198244365383747,1.286565611827977,0,0.0,-0.0,5.123537412220306
2024-06-22,64262.01,0.0018466390078755168,False,1.0,0.0018466390078755168,14.99668850989935,0,0.0,0.0,1.6251263137946739,0,0.0,0.0,9.10234443024852,0,0.0,0.0,3.322637763296031,0,0.0,0.0,2.6723768440379345,0,0.0,0.0,3.160007554516598,0,1.0,0.0018466390078755168,1.2889414340729697,0,0.0,0.0,5.123537412220306
2024-06-23,63210.01,-0.016370480786393027,False,1.0,-0.016370480786393027,14.751185508788522,0,0.0,-0.0,1.6251263137946739,0,0.0,-0.0,9.10234443024852,0,0.0,-0.0,3.322637763296031,0,0.0,-0.0,2.6723768440379345,0,0.0,-0.0,3.160007554516598,0,1.0,-0.016370480786393027,1.2678408430916923,0,0.0,-0.0,5.123537412220306
2024-06-24,60293.3,-0.04614316624851034,False,1.0,-0.04614316624851034,14.070519103493877,0,0.0,-0.0,1.6251263137946739,0,0.0,-0.0,9.10234443024852,0,0.0,-0.0,3.322637763296031,0,0.0,-0.0,2.6723768440379345,0,0.0,-0.0,3.160007554516598,0,1.0,-0.04614316624851034,1.209338652292261,0,0.0,-0.0,5.123537412220306
2024-06-25,61806.01,0.025089189014368074,False,1.0,0.025089189014368074,14.423537016811713,0,0.0,0.0,1.6251263137946739,0,0.0,0.0,9.10234443024852,0,0.0,0.0,3.322637763296031,0,0.0,0.0,2.6723768440379345,0,0.0,0.0,3.160007554516598,0,1.0,0.025089189014368074,1.2396799783220025,0,0.0,0.0,5.123537412220306
2024-06-26,60864.99,-0.015225380185519222,False,1.0,-0.015225380185519222,14.203933182110845,0,0.0,-0.0,1.6251263137946739,0,0.0,-0.0,9.10234443024852,0,0.0,-0.0,3.322637763296031,0,0.0,-0.0,2.6723768440379345,0,0.0,-0.0,3.160007554516598,0,1.0,-0.015225380185519222,1.2208053793436737,0,0.0,-0.0,5.123537412220306
2024-06-27,61706.47,0.013825353458531753,False,1.0,0.013825353458531753,14.400307578854894,0,0.0,0.0,1.6251263137946739,0,0.0,0.0,9.10234443024852,0,0.0,0.0,3.322637763296031,0,0.0,0.0,2.6723768440379345,0,0.0,0.0,3.160007554516598,0,1.0,0.013825353458531753,1.237683445217177,0,0.0,0.0,5.123537412220306
2024-06-28,60427.84,-0.020721165868020086,False,1.0,-0.020721165868020086,14.101916416962936,0,0.0,-0.0,1.6251263137946739,0,0.0,-0.0,9.10234443024852,0,0.0,-0.0,3.322637763296031,0,0.0,-0.0,2.6723768440379345,0,0.0,-0.0,3.160007554516598,0,1.0,-0.020721165868020086,1.2120372012567293,0,0.0,-0.0,5.123537412220306
2024-06-29,60986.68,0.009248055201046546,False,1.0,0.009248055201046546,14.232331718427554,0,0.0,0.0,1.6251263137946739,0,0.0,0.0,9.10234443024852,0,0.0,0.0,3.322637763296031,0,0.0,0.0,2.6723768440379345,0,0.0,0.0,3.160007554516598,0,1.0,0.009248055201046546,1.2232461881996735,0,0.0,0.0,5.123537412220306
2024-06-30,62772.01,0.029274097229099905,False,1.0,0.029274097229099905,14.648970380949605,0,0.0,0.0,1.6251263137946739,0,0.0,0.0,9.10234443024852,0,0.0,0.0,3.322637763296031,0,0.0,0.0,2.6723768440379345,0,0.0,0.0,3.160007554516598,0,1.0,0.029274097229099905,1.2590556160481565,0,0.0,0.0,5.123537412220306
2024-07-01,62899.99,0.002038806786655245,False,1.0,0.002038806786655245,14.678836801179797,0,0.0,0.0,1.6251263137946739,0,0.0,0.0,9.10234443024852,0,0.0,0.0,3.322637763296031,0,0.0,0.0,2.6723768440379345,0,0.0,0.0,3.160007554516598,0,1.0,0.002038806786655245,1.2616225871829319,0,0.0,0.0,5.123537412220306
2024-07-02,62135.47,-0.01215453293394797,False,1.0,-0.01215453293394797,14.50042239584781,0,0.0,-0.0,1.6251263137946739,0,0.0,-0.0,9.10234443024852,0,0.0,-0.0,3.322637763296031,0,0.0,-0.0,2.6723768440379345,0,0.0,-0.0,3.160007554516598,0,1.0,-0.01215453293394797,1.2462881538968043,0,0.0,-0.0,5.123537412220306
2024-07-03,60208.58,-0.031011111688702075,False,1.0,-0.031011111688702075,14.050748177396816,0,0.0,-0.0,1.6251263137946739,0,0.0,-0.0,9.10234443024852,0,0.0,-0.0,3.322637763296031,0,0.0,-0.0,2.6723768440379345,0,0.0,-0.0,3.160007554516598,0,0.0,-0.001,1.2450418657429074,0,0.0,-0.0,5.123537412220306
2024-07-04,57050.01,-0.05246046327616427,False,1.0,-0.05246046327616427,13.313639418633858,0,0.0,-0.0,1.6251263137946739,0,0.0,-0.0,9.10234443024852,0,0.0,-0.0,3.322637763296031,0,0.0,-0.0,2.6723768440379345,0,0.0,-0.0,3.160007554516598,0,0.0,-0.0,1.2450418657429074,0,0.0,-0.0,5.123537412220306
2024-07-05,56628.79,-0.007383346646214428,False,1.0,-0.007383346646214428,13.21534020368338,0,0.0,-0.0,1.6251263137946739,0,0.0,-0.0,9.10234443024852,0,0.0,-0.0,3.322637763296031,0,0.0,-0.0,2.6723768440379345,0,0.0,-0.0,3.160007554516598,0,0.0,-0.0,1.2450418657429074,0,0.0,-0.0,5.123537412220306
2024-07-06,58230.13,0.02827784241902398,False,1.0,0.02827784241902398,13.589041511476932,0,0.0,0.0,1.6251263137946739,0,0.0,0.0,9.10234443024852,0,0.0,0.0,3.322637763296031,0,0.0,0.0,2.6723768440379345,0,0.0,0.0,3.160007554516598,0,0.0,0.0,1.2450418657429074,0,0.0,0.0,5.123537412220306
2024-07-07,55857.81,-0.040740420809639244,False,1.0,-0.040740420809639244,13.035418241899706,0,0.0,-0.0,1.6251263137946739,0,0.0,-0.0,9.10234443024852,0,0.0,-0.0,3.322637763296031,0,0.0,-0.0,2.6723768440379345,0,0.0,-0.0,3.160007554516598,0,0.0,-0.0,1.2450418657429074,0,0.0,-0.0,5.123537412220306
2024-07-08,56714.62,0.015339126256471713,False,1.0,0.015339126256471713,13.23537016811812,0,0.0,0.0,1.6251263137946739,0,0.0,0.0,9.10234443024852,0,0.0,0.0,3.322637763296031,0,0.0,0.0,2.6723768440379345,0,0.0,0.0,3.160007554516598,0,0.0,0.0,1.2450418657429074,0,0.0,0.0,5.123537412220306
2024-07-09,58050.0,0.023545604290392763,False,1.0,0.023545604290392763,13.547004956733499,0,0.0,0.0,1.6251263137946739,0,0.0,0.0,9.10234443024852,0,0.0,0.0,3.322637763296031,0,0.0,0.0,2.6723768440379345,0,0.0,0.0,3.160007554516598,0,0.0,0.0,1.2450418657429074,0,0.0,0.0,5.123537412220306
2024-07-10,57725.85,-0.005583979328165345,False,1.0,-0.005583979328165345,13.471358761096546,0,0.0,-0.0,1.6251263137946739,0,0.0,-0.0,9.10234443024852,0,0.0,-0.0,3.322637763296031,0,0.0,-0.0,2.6723768440379345,0,0.0,-0.0,3.160007554516598,0,0.0,-0.0,1.2450418657429074,0,0.0,-0.0,5.123537412220306
2024-07-11,57339.89,-0.0066860860429079905,False,1.0,-0.0066860860429079905,13.381288097304973,0,0.0,-0.0,1.6251263137946739,0,0.0,-0.0,9.10234443024852,0,0.0,-0.0,3.322637763296031,0,0.0,-0.0,2.6723768440379345,0,0.0,-0.0,3.160007554516598,0,0.0,-0.0,1.2450418657429074,0,0.0,-0.0,5.123537412220306
2024-07-12,57889.1,0.009578148824491928,False,1.0,0.009578148824491928,13.509456066164361,0,0.0,0.0,1.6251263137946739,0,0.0,0.0,9.10234443024852,0,0.0,0.0,3.322637763296031,0,0.0,0.0,2.6723768440379345,0,0.0,0.0,3.160007554516598,0,0.0,0.0,1.2450418657429074,0,0.0,0.0,5.123537412220306
2024-07-13,59204.02,0.02271446610847283,False,1.0,0.02271446610847283,13.816316148123155,0,0.0,0.0,1.6251263137946739,0,0.0,0.0,9.10234443024852,0,0.0,0.0,3.322637763296031,0,0.0,0.0,2.6723768440379345,0,0.0,0.0,3.160007554516598,0,0.0,0.0,1.2450418657429074,0,0.0,0.0,5.123537412220306
2024-07-14,60797.91,0.026921989418961845,True,1.0,0.026921989418961845,14.188278865271958,0,0.0,0.0,1.6251263137946739,0,0.0,0.0,9.10234443024852,0,0.0,0.0,3.322637763296031,0,0.0,0.0,2.6723768440379345,0,0.0,0.0,3.160007554516598,1,0.0,0.0,1.2450418657429074,0,0.0,0.0,5.123537412220306
2024-07-15,64724.14,0.06457837119729937,True,1.0,0.06457837119729937,15.104534804484288,0,0.0,0.0,1.6251263137946739,0,0.0,0.0,9.10234443024852,0,0.0,0.0,3.322637763296031,0,0.0,0.0,2.6723768440379345,0,0.0,0.0,3.160007554516598,1,1.0,0.06357837119729937,1.3241995996392881,0,0.0,0.0,5.123537412220306
2024-07-16,65043.99,0.0049417419837483045,True,1.0,0.0049417419837483045,15.179177518272596,0,0.0,0.0,1.6251263137946739,0,0.0,0.0,9.10234443024852,0,0.0,0.0,3.322637763296031,0,0.0,0.0,2.6723768440379345,0,0.0,0.0,3.160007554516598,1,1.0,0.0049417419837483045,1.3307434523956883,0,0.0,0.0,5.123537412220306
2024-07-17,64087.99,-0.014697745325894074,True,1.0,-0.014697745325894074,14.956077832852488,0,0.0,-0.0,1.6251263137946739,0,0.0,-0.0,9.10234443024852,0,0.0,-0.0,3.322637763296031,0,0.0,-0.0,2.6723768440379345,0,0.0,-0.0,3.160007554516598,1,1.0,-0.014697745325894074,1.3111845240382753,0,0.0,-0.0,5.123537412220306
2024-07-18,63987.92,-0.001561447004345129,True,1.0,-0.001561447004345129,14.932724709923628,0,0.0,-0.0,1.6251263137946739,0,0.0,-0.0,9.10234443024852,0,0.0,-0.0,3.322637763296031,0,0.0,-0.0,2.6723768440379345,0,0.0,-0.0,3.160007554516598,1,1.0,-0.001561447004345129,1.3091371788910722,0,0.0,-0.0,5.123537412220306
2024-07-19,66660.0,0.041759132036171875,True,1.0,0.041759132036171875,15.556302332745135,0,0.0,0.0,1.6251263137946739,0,0.0,0.0,9.10234443024852,0,0.0,0.0,3.322637763296031,0,0.0,0.0,2.6723768440379345,0,0.0,0.0,3.160007554516598,1,1.0,0.041759132036171875,1.363805611197846,0,0.0,0.0,5.123537412220306
2024-07-20,67139.96,0.007200120012001321,True,1.0,0.007200120012001321,15.668309576483876,0,0.0,0.0,1.6251263137946739,0,0.0,0.0,9.10234443024852,0,0.0,0.0,3.322637763296031,0,0.0,0.0,2.6723768440379345,0,0.0,0.0,3.160007554516598,1,1.0,0.007200120012001321,1.3736251752715114,0,0.0,0.0,5.123537412220306
2024-07-21,68165.34,0.015272276003738927,True,1.0,0.015272276003738927,15.907600324847964,0,0.0,0.0,1.6251263137946739,0,0.0,0.0,9.10234443024852,0,0.0,0.0,3.322637763296031,0,0.0,0.0,2.6723768440379345,0,0.0,0.0,3.160007554516598,1,1.0,0.015272276003738927,1.3946035580739422,0,0.0,0.0,5.123537412220306
2024-07-22,67532.01,-0.009291085469536275,True,1.0,-0.009291085469536275,15.759801450614578,0,0.0,-0.0,1.6251263137946739,0,0.0,-0.0,9.10234443024852,0,0.0,-0.0,3.322637763296031,0,0.0,-0.0,2.6723768440379345,0,0.0,-0.0,3.160007554516598,1,1.0,-0.009291085469536275,1.381646177219758,0,0.0,-0.0,5.123537412220306
2024-07-23,65936.01,-0.023633237038257815,True,1.0,-0.023633237038257815,15.387346327256324,0,0.0,-0.0,1.6251263137946739,0,0.0,-0.0,9.10234443024852,0,0.0,-0.0,3.322637763296031,0,0.0,-0.0,2.6723768440379345,0,0.0,-0.0,3.160007554516598,1,1.0,-0.023633237038257815,1.3489934056105206,0,0.0,-0.0,5.123537412220306
2024-07-24,65376.0,-0.00849323457697837,True,1.0,-0.00849323457697837,15.25665798538173,0,0.0,-0.0,1.6251263137946739,0,0.0,-0.0,9.10234443024852,0,0.0,-0.0,3.322637763296031,0,0.0,-0.0,2.6723768440379345,0,0.0,-0.0,3.160007554516598,1,1.0,-0.00849323457697837,1.3375360881738736,0,0.0,-0.0,5.123537412220306
2024-07-25,65799.95,0.006484795643661334,True,1.0,0.006484795643661334,15.355594294622165,0,0.0,0.0,1.6251263137946739,0,0.0,0.0,9.10234443024852,0,0.0,0.0,3.322637763296031,0,0.0,0.0,2.6723768440379345,0,0.0,0.0,3.160007554516598,1,1.0,0.006484795643661334,1.3462097363717034,0,0.0,0.0,5.123537412220306
2024-07-26,67907.99,0.0320371064111753,True,1.0,0.0320371064111753,15.847543103045812,0,0.0,0.0,1.6251263137946739,0,0.0,0.0,9.10234443024852,0,0.0,0.0,3.322637763296031,0,0.0,0.0,2.6723768440379345,0,0.0,0.0,3.160007554516598,1,1.0,0.0320371064111753,1.389338400947604,0,0.0,0.0,5.123537412220306
2024-07-27,67896.5,-0.00016919953012906053,True,1.0,-0.00016919953012906053,15.844861706199076,0,0.0,-0.0,1.6251263137946739,0,0.0,-0.0,9.10234443024852,0,0.0,-0.0,3.322637763296031,0,0.0,-0.0,2.6723768440379345,0,0.0,-0.0,3.160007554516598,1,1.0,-0.00016919953012906053,1.3891033255429734,0,0.0,-0.0,5.123537412220306
2024-07-28,68249.88,0.005204686544961978,True,1.0,0.005204686544961978,15.927329244728114,0,0.0,0.0,1.6251263137946739,0,0.0,0.0,9.10234443024852,0,0.0,0.0,3.322637763296031,0,0.0,0.0,2.6723768440379345,0,0.0,0.0,3.160007554516598,1,1.0,0.005204686544961978,1.396333172930989,0,0.0,0.0,5.123537412220306
2024-07-29,66784.69,-0.02146802309396001,True,1.0,-0.02146802309396001,15.585400972677187,0,0.0,-0.0,1.6251263137946739,0,0.0,-0.0,9.10234443024852,0,0.0,-0.0,3.322637763296031,0,0.0,-0.0,2.6723768440379345,0,0.0,-0.0,3.160007554516598,1,1.0,-0.02146802309396001,1.366356660127644,0,0.0,-0.0,5.123537412220306
2024-07-30,66188.0,-0.008934532749946156,True,1.0,-0.008934532749946156,15.44615269726576,0,0.0,-0.0,1.6251263137946739,0,0.0,-0.0,9.10234443024852,0,0.0,-0.0,3.322637763296031,0,0.0,-0.0,2.6723768440379345,0,0.0,-0.0,3.160007554516598,1,1.0,-0.008934532749946156,1.3541489017996264,0,0.0,-0.0,5.123537412220306
2024-07-31,64628.0,-0.023569227050220576,True,1.0,-0.023569227050220576,15.082098817291525,0,0.0,-0.0,1.6251263137946739,0,0.0,-0.0,9.10234443024852,0,0.0,-0.0,3.322637763296031,0,0.0,-0.0,2.6723768440379345,0,0.0,-0.0,3.160007554516598,1,1.0,-0.023569227050220576,1.3222326588733042,0,0.0,-0.0,5.123537412220306
2024-08-01,65354.02,0.011233830537847433,True,1.0,0.011233830537847433,15.251528559560047,0,0.0,0.0,1.6251263137946739,0,0.0,0.0,9.10234443024852,0,0.0,0.0,3.322637763296031,0,0.0,0.0,2.6723768440379345,0,0.0,0.0,3.160007554516598,1,1.0,0.011233830537847433,1.3370863964946944,0,0.0,0.0,5.123537412220306
2024-08-02,61498.33,-0.05899698289408972,True,1.0,-0.05899698289408972,14.351734390022962,0,0.0,-0.0,1.6251263137946739,0,0.0,-0.0,9.10234443024852,0,0.0,-0.0,3.322637763296031,0,0.0,-0.0,2.6723768440379345,0,0.0,-0.0,3.160007554516598,1,1.0,-0.05899698289408972,1.2582023332327767,0,0.0,-0.0,5.123537412220306
2024-08-03,60697.99,-0.013014011925201907,False,1.0,-0.013014011925201907,14.164960747523873,0,0.0,-0.0,1.6251263137946739,0,0.0,-0.0,9.10234443024852,0,0.0,-0.0,3.322637763296031,0,0.0,-0.0,2.6723768440379345,0,0.0,-0.0,3.160007554516598,0,1.0,-0.013014011925201907,1.2418280730637685,0,0.0,-0.0,5.123537412220306
2024-08-04,58161.0,-0.04179693594466638,False,1.0,-0.04179693594466638,13.572908790500904,0,0.0,-0.0,1.6251263137946739,0,0.0,-0.0,9.10234443024852,0,0.0,-0.0,3.322637763296031,0,0.0,-0.0,2.6723768440379345,0,0.0,-0.0,3.160007554516598,0,1.0,-0.04179693594466638,1.1899234646396337,0,0.0,-0.0,5.123537412220306
2024-08-05,54018.81,-0.07121937380719046,False,1.0,-0.07121937380719046,12.60625472569932,0,0.0,-0.0,1.6251263137946739,0,0.0,-0.0,9.10234443024852,0,0.0,-0.0,3.322637763296031,0,0.0,-0.0,2.6723768440379345,0,0.0,-0.0,3.160007554516598,0,1.0,-0.07121937380719046,1.1051778606095164,0,0.0,-0.0,5.123537412220306
2024-08-06,56022.01,0.03708337891930613,False,1.0,0.03708337891930613,13.07373724644572,0,0.0,0.0,1.6251263137946739,0,0.0,0.0,9.10234443024852,0,0.0,0.0,3.322637763296031,0,0.0,0.0,2.6723768440379345,0,0.0,0.0,3.160007554516598,0,1.0,0.03708337891930613,1.146161589987727,0,0.0,0.0,5.123537412220306
2024-08-07,55134.16,-0.01584823536320812,False,1.0,-0.01584823536320812,12.866541581487308,0,0.0,-0.0,1.6251263137946739,0,0.0,-0.0,9.10234443024852,0,0.0,-0.0,3.322637763296031,0,0.0,-0.0,2.6723768440379345,0,0.0,-0.0,3.160007554516598,0,1.0,-0.01584823536320812,1.1279969513453327,0,0.0,-0.0,5.123537412220306
2024-08-08,61685.99,0.11883431252058596,False,1.0,0.11883431252058596,14.395528204840884,0,0.0,0.0,1.6251263137946739,0,0.0,0.0,9.10234443024852,0,0.0,0.0,3.322637763296031,0,0.0,0.0,2.6723768440379345,0,0.0,0.0,3.160007554516598,0,1.0,0.11883431252058596,1.2620416935837722,0,0.0,0.0,5.123537412220306
2024-08-09,60837.99,-0.013747043696631933,False,1.0,-0.013747043696631933,14.19763224957284,0,0.0,-0.0,1.6251263137946739,0,0.0,-0.0,9.10234443024852,0,0.0,-0.0,3.322637763296031,0,0.0,-0.0,2.6723768440379345,0,0.0,-0.0,3.160007554516598,0,1.0,-0.013747043696631933,1.2446923512751047,0,0.0,-0.0,5.123537412220306
2024-08-10,60923.51,0.0014057006156844576,False,1.0,0.0014057006156844576,14.217589869967325,0,0.0,0.0,1.6251263137946739,0,0.0,0.0,9.10234443024852,0,0.0,0.0,3.322637763296031,0,0.0,0.0,2.6723768440379345,0,0.0,0.0,3.160007554516598,0,1.0,0.0014057006156844576,1.24644201607963,0,0.0,0.0,5.123537412220306
2024-08-11,58712.59,-0.03629009556409346,False,1.0,-0.03629009556409346,13.701632174895124,0,0.0,-0.0,1.6251263137946739,0,0.0,-0.0,9.10234443024852,0,0.0,-0.0,3.322637763296031,0,0.0,-0.0,2.6723768440379345,0,0.0,-0.0,3.160007554516598,0,1.0,-0.03629009556409346,1.2012085162009989,0,0.0,-0.0,5.123537412220306
2024-08-12,59346.64,0.0107992169992841,False,1.0,0.0107992169992841,13.84959907399619,0,0.0,0.0,1.6251263137946739,0,0.0,0.0,9.10234443024852,0,0.0,0.0,3.322637763296031,0,0.0,0.0,2.6723768440379345,0,0.0,0.0,3.160007554516598,0,1.0,0.0107992169992841,1.2141806276288416,0,0.0,0.0,5.123537412220306
2024-08-13,60587.15,0.02090278404977952,False,1.0,0.02090278404977952,14.139094252615958,0,0.0,0.0,1.6251263137946739,0,0.0,0.0,9.10234443024852,0,0.0,0.0,3.322637763296031,0,0.0,0.0,2.6723768440379345,0,0.0,0.0,3.160007554516598,0,1.0,0.02090278404977952,1.239560383085593,0,0.0,0.0,5.123537412220306
2024-08-14,58683.39,-0.031421844400999266,False,1.0,-0.031421844400999266,13.694817833039197,0,0.0,-0.0,1.6251263137946739,0,0.0,-0.0,9.10234443024852,0,0.0,-0.0,3.322637763296031,0,0.0,-0.0,2.6723768440379345,0,0.0,-0.0,3.160007554516598,0,1.0,-0.031421844400999266,1.2006111096026344,0,0.0,-0.0,5.123537412220306
2024-08-15,57541.06,-0.019465985179111134,False,1.0,-0.019465985179111134,13.42823471207063,0,0.0,-0.0,1.6251263137946739,0,0.0,-0.0,9.10234443024852,0,0.0,-0.0,3.322637763296031,0,0.0,-0.0,2.6723768440379345,0,0.0,-0.0,3.160007554516598,0,1.0,-0.019465985179111134,1.1772400315372333,0,0.0,-0.0,5.123537412220306
2024-08-16,58874.6,0.023175450712934476,False,1.0,0.023175450712934476,13.739440103801938,0,0.0,0.0,1.6251263137946739,0,0.0,0.0,9.10234443024852,0,0.0,0.0,3.322637763296031,0,0.0,0.0,2.6723768440379345,0,0.0,0.0,3.160007554516598,0,1.0,0.023175450712934476,1.204523099865418,0,0.0,0.0,5.123537412220306
2024-08-17,59491.99,0.010486525598475405,False,1.0,0.010486525598475405,13.883519094159176,0,0.0,0.0,1.6251263137946739,0,0.0,0.0,9.10234443024852,0,0.0,0.0,3.322637763296031,0,0.0,0.0,2.6723768440379345,0,0.0,0.0,3.160007554516598,0,1.0,0.010486525598475405,1.2171543621861116,0,0.0,0.0,5.123537412220306
2024-08-18,58427.35,-0.017895518371464747,False,1.0,-0.017895518371464747,13.635066323149069,0,0.0,-0.0,1.6251263137946739,0,0.0,-0.0,9.10234443024852,0,0.0,-0.0,3.322637763296031,0,0.0,-0.0,2.6723768440379345,0,0.0,-0.0,3.160007554516598,0,1.0,-0.017895518371464747,1.1953727539367016,0,0.0,-0.0,5.123537412220306
2024-08-19,59438.5,0.017306107499313272,False,1.0,0.017306107499313272,13.871036246697752,0,0.0,0.0,1.6251263137946739,0,0.0,0.0,9.10234443024852,0,0.0,0.0,3.322637763296031,0,0.0,0.0,2.6723768440379345,0,0.0,0.0,3.160007554516598,0,1.0,0.017306107499313272,1.2160600033180804,0,0.0,0.0,5.123537412220306
2024-08-20,59013.8,-0.007145200501358473,False,1.0,-0.007145200501358473,13.771924911553485,0,0.0,-0.0,1.6251263137946739,0,0.0,-0.0,9.10234443024852,0,0.0,-0.0,3.322637763296031,0,0.0,-0.0,2.6723768440379345,0,0.0,-0.0,3.160007554516598,0,1.0,-0.007145200501358473,1.20737101077269,0,0.0,-0.0,5.123537412220306
2024-08-21,61156.03,0.03630049242719502,False,1.0,0.03630049242719502,14.271852567513232,0,0.0,0.0,1.6251263137946739,0,0.0,0.0,9.10234443024852,0,0.0,0.0,3.322637763296031,0,0.0,0.0,2.6723768440379345,0,0.0,0.0,3.160007554516598,0,1.0,0.03630049242719502,1.251199173006059,0,0.0,0.0,5.123537412220306
2024-08-22,60375.84,-0.012757368324922358,False,1.0,-0.012757368324922358,14.089781287630476,0,0.0,-0.0,1.6251263137946739,0,0.0,-0.0,9.10234443024852,0,0.0,-0.0,3.322637763296031,0,0.0,-0.0,2.6723768440379345,0,0.0,-0.0,3.160007554516598,0,1.0,-0.012757368324922358,1.2352371643081825,0,0.0,-0.0,5.123537412220306
2024-08-23,64037.24,0.06064346268308651,True,1.0,0.06064346268308651,14.944234413359746,0,0.0,0.0,1.6251263137946739,0,0.0,0.0,9.10234443024852,0,0.0,0.0,3.322637763296031,0,0.0,0.0,2.6723768440379345,0,0.0,0.0,3.160007554516598,1,0.0,-0.001,1.2340019271438742,0,0.0,0.0,5.123537412220306
2024-08-24,64157.01,0.0018703179587378216,True,1.0,0.0018703179587378216,14.97218488336264,0,0.0,0.0,1.6251263137946739,0,0.0,0.0,9.10234443024852,0,0.0,0.0,3.322637763296031,0,0.0,0.0,2.6723768440379345,0,0.0,0.0,3.160007554516598,1,1.0,0.0008703179587378216,1.2350759011821848,0,0.0,0.0,5.123537412220306
2024-08-25,64220.0,0.0009818100937060148,True,1.0,0.0009818100937060148,14.98688472560596,0,0.0,0.0,1.6251263137946739,0,0.0,0.0,9.10234443024852,0,0.0,0.0,3.322637763296031,0,0.0,0.0,2.6723768440379345,0,0.0,0.0,3.160007554516598,1,1.0,0.0009818100937060148,1.2362885111684585,0,0.0,0.0,5.123537412220306
2024-08-26,62834.0,-0.021582061663033336,True,1.0,-0.021582061663033336,14.663436855321159,0,0.0,-0.0,1.6251263137946739,0,0.0,-0.0,9.10234443024852,0,0.0,-0.0,3.322637763296031,0,0.0,-0.0,2.6723768440379345,0,0.0,-0.0,3.160007554516598,1,1.0,-0.021582061663033336,1.2096068562871212,0,0.0,-0.0,5.123537412220306
2024-08-27,59415.0,-0.05441321577489899,True,1.0,-0.05441321577489899,13.865552101710962,0,0.0,-0.0,1.6251263137946739,0,0.0,-0.0,9.10234443024852,0,0.0,-0.0,3.322637763296031,0,0.0,-0.0,2.6723768440379345,0,0.0,-0.0,3.160007554516598,1,1.0,-0.05441321577489899,1.1437882574131728,0,0.0,-0.0,5.123537412220306
2024-08-28,59034.9,-0.006397374400403888,False,1.0,-0.006397374400403888,13.77684897364801,0,0.0,-0.0,1.6251263137946739,0,0.0,-0.0,9.10234443024852,0,0.0,-0.0,3.322637763296031,0,0.0,-0.0,2.6723768440379345,0,0.0,-0.0,3.160007554516598,0,1.0,-0.006397374400403888,1.1364710156957152,0,0.0,-0.0,5.123537412220306
2024-08-29,59359.01,0.0054901422717748005,False,1.0,0.0054901422717748005,13.852485834570091,0,0.0,0.0,1.6251263137946739,0,0.0,0.0,9.10234443024852,0,0.0,0.0,3.322637763296031,0,0.0,0.0,2.6723768440379345,0,0.0,0.0,3.160007554516598,0,1.0,0.0054901422717748005,1.1427104032596331,0,0.0,0.0,5.123537412220306
2024-08-30,59123.99,-0.003959297838693754,False,1.0,-0.003959297838693754,13.797639717344742,0,0.0,-0.0,1.6251263137946739,0,0.0,-0.0,9.10234443024852,0,0.0,-0.0,3.322637763296031,0,0.0,-0.0,2.6723768440379345,0,0.0,-0.0,3.160007554516598,0,1.0,-0.003959297838693754,1.1381860724297543,0,0.0,-0.0,5.123537412220306
2024-08-31,58973.99,-0.0025370412247210927,True,1.0,-0.0025370412247210927,13.76263453657799,0,0.0,-0.0,1.6251263137946739,0,0.0,-0.0,9.10234443024852,0,0.0,-0.0,3.322637763296031,0,0.0,-0.0,2.6723768440379345,0,0.0,-0.0,3.160007554516598,1,1.0,-0.0025370412247210927,1.1352984474425967,0,0.0,-0.0,5.123537412220306
2024-09-01,57301.86,-0.028353686091105557,False,1.0,-0.028353686091105557,13.37241311714125,0,0.0,-0.0,1.6251263137946739,0,0.0,-0.0,9.10234443024852,0,0.0,-0.0,3.322637763296031,0,0.0,-0.0,2.6723768440379345,0,0.0,-0.0,3.160007554516598,0,1.0,-0.028353686091105557,1.1031085516440897,0,0.0,-0.0,5.123537412220306
2024-09-02,59132.13,0.03194084799341579,False,1.0,0.03194084799341579,13.799539331821018,0,0.0,0.0,1.6251263137946739,0,0.0,0.0,9.10234443024852,0,0.0,0.0,3.322637763296031,0,0.0,0.0,2.6723768440379345,0,0.0,0.0,3.160007554516598,0,1.0,0.03194084799341579,1.1383427742123906,0,0.0,0.0,5.123537412220306
2024-09-03,57487.73,-0.0278089086254798,False,1.0,-0.0278089086254798,13.415789203468693,0,0.0,-0.0,1.6251263137946739,0,0.0,-0.0,9.10234443024852,0,0.0,-0.0,3.322637763296031,0,0.0,-0.0,2.6723768440379345,0,0.0,-0.0,3.160007554516598,0,1.0,-0.0278089086254798,1.1066867040198431,0,0.0,-0.0,5.123537412220306
2024-09-04,57970.9,0.008404750022309004,True,1.0,0.008404750022309004,13.52854555807584,0,0.0,0.0,1.6251263137946739,0,0.0,0.0,9.10234443024852,0,0.0,0.0,3.322637763296031,0,0.0,0.0,2.6723768440379345,0,0.0,0.0,3.160007554516598,1,1.0,0.008404750022309004,1.115988129120143,0,0.0,0.0,5.123537412220306
2024-09-05,56180.0,-0.030893086013844884,False,1.0,-0.030893086013844884,13.110607036507982,0,0.0,-0.0,1.6251263137946739,0,0.0,-0.0,9.10234443024852,0,0.0,-0.0,3.322637763296031,0,0.0,-0.0,2.6723768440379345,0,0.0,-0.0,3.160007554516598,0,1.0,-0.030893086013844884,1.0815118118568046,0,0.0,-0.0,5.123537412220306
2024-09-06,53962.97,-0.03946297614809535,False,1.0,-0.03946297614809535,12.593223463739216,0,0.0,-0.0,1.6251263137946739,0,0.0,-0.0,9.10234443024852,0,0.0,-0.0,3.322637763296031,0,0.0,-0.0,2.6723768440379345,0,0.0,-0.0,3.160007554516598,0,1.0,-0.03946297614809535,1.038832137021616,0,0.0,-0.0,5.123537412220306
2024-09-07,54160.86,0.0036671443399056702,False,1.0,0.0036671443399056702,12.639404631885435,0,0.0,0.0,1.6251263137946739,0,0.0,0.0,9.10234443024852,0,0.0,0.0,3.322637763296031,0,0.0,0.0,2.6723768440379345,0,0.0,0.0,3.160007554516598,0,1.0,0.0036671443399056702,1.0426416844130069,0,0.0,0.0,5.123537412220306
2024-09-08,54869.95,0.013092295801802267,False,1.0,0.013092295801802267,12.804883456084749,0,0.0,0.0,1.6251263137946739,0,0.0,0.0,9.10234443024852,0,0.0,0.0,3.322637763296031,0,0.0,0.0,2.6723768440379345,0,0.0,0.0,3.160007554516598,0,1.0,0.013092295801802267,1.0562922577606313,0,0.0,0.0,5.123537412220306
2024-09-09,57042.0,0.03958541970605056,False,1.0,0.03958541970605056,13.311770141980928,0,0.0,0.0,1.6251263137946739,0,0.0,0.0,9.10234443024852,0,0.0,0.0,3.322637763296031,0,0.0,0.0,2.6723768440379345,0,0.0,0.0,3.160007554516598,0,1.0,0.03958541970605056,1.0981060301163377,0,0.0,0.0,5.123537412220306
2024-09-10,57635.99,0.010413204305599333,False,1.0,0.010413204305599333,13.450388324138553,0,0.0,0.0,1.6251263137946739,0,0.0,0.0,9.10234443024852,0,0.0,0.0,3.322637763296031,0,0.0,0.0,2.6723768440379345,0,0.0,0.0,3.160007554516598,0,1.0,0.010413204305599333,1.1095408325571496,0,0.0,0.0,5.123537412220306
2024-09-11,57338.0,-0.005170207018218909,False,1.0,-0.005170207018218909,13.380847032027322,0,0.0,-0.0,1.6251263137946739,0,0.0,-0.0,9.10234443024852,0,0.0,-0.0,3.322637763296031,0,0.0,-0.0,2.6723768440379345,0,0.0,-0.0,3.160007554516598,0,1.0,-0.005170207018218909,1.1038042767576621,0,0.0,-0.0,5.123537412220306
2024-09-12,58132.32,0.013853291011196811,False,1.0,0.013853291011196811,13.566215799938306,0,0.0,0.0,1.6251263137946739,0,0.0,0.0,9.10234443024852,0,0.0,0.0,3.322637763296031,0,0.0,0.0,2.6723768440379345,0,0.0,0.0,3.160007554516598,0,1.0,0.013853291011196811,1.1190955986229896,0,0.0,0.0,5.123537412220306
2024-09-13,60498.0,0.04069474605520651,False,1.0,0.04069474605520651,14.118289506846924,0,0.0,0.0,1.6251263137946739,0,0.0,0.0,9.10234443024852,0,0.0,0.0,3.322637763296031,0,0.0,0.0,2.6723768440379345,0,0.0,0.0,3.160007554516598,0,1.0,0.04069474605520651,1.1646369098204514,0,0.0,0.0,5.123537412220306
2024-09-14,59993.03,-0.008346887500413236,False,1.0,-0.008346887500413236,14.000445732635008,0,0.0,-0.0,1.6251263137946739,0,0.0,-0.0,9.10234443024852,0,0.0,-0.0,3.322637763296031,0,0.0,-0.0,2.6723768440379345,0,0.0,-0.0,3.160007554516598,0,1.0,-0.008346887500413236,1.1549158165553512,0,0.0,-0.0,5.123537412220306
2024-09-15,59132.0,-0.014352167243428138,False,1.0,-0.014352167243428138,13.79950899399769,0,0.0,-0.0,1.6251263137946739,0,0.0,-0.0,9.10234443024852,0,0.0,-0.0,3.322637763296031,0,0.0,-0.0,2.6723768440379345,0,0.0,-0.0,3.160007554516598,0,1.0,-0.014352167243428138,1.1383402716040685,0,0.0,-0.0,5.123537412220306
2024-09-16,58213.99,-0.01552475816816612,False,1.0,-0.01552475816816612,13.585274954026444,0,0.0,-0.0,1.6251263137946739,0,0.0,-0.0,9.10234443024852,0,0.0,-0.0,3.322637763296031,0,0.0,-0.0,2.6723768440379345,0,0.0,-0.0,3.160007554516598,0,1.0,-0.01552475816816612,1.1206678141743307,0,0.0,-0.0,5.123537412220306
2024-09-17,60313.99,0.03607380287796791,True,1.0,0.03607380287796791,14.075347484760988,0,0.0,0.0,1.6251263137946739,0,0.0,0.0,9.10234443024852,0,0.0,0.0,3.322637763296031,0,0.0,0.0,2.6723768440379345,0,0.0,0.0,3.160007554516598,0,1.0,0.03607380287796791,1.1610945639945387,0,0.0,0.0,5.123537412220306
2024-09-18,61759.99,0.023974537250810224,True,1.0,0.023974537250810224,14.412797427352487,0,0.0,0.0,1.6251263137946739,0,0.0,0.0,9.10234443024852,0,0.0,0.0,3.322637763296031,0,0.0,0.0,2.6723768440379345,0,0.0,0.0,3.160007554516598,0,1.0,0.023974537250810224,1.188931268870739,0,0.0,0.0,5.123537412220306
2024-09-19,62947.99,0.019235754409934414,True,1.0,0.019235754409934414,14.690038459025175,0,0.0,0.0,1.6251263137946739,0,0.0,0.0,9.10234443024852,0,0.0,0.0,3.322637763296031,0,0.0,0.0,2.6723768440379345,0,0.0,0.0,3.160007554516598,0,1.0,0.019235754409934414,1.2118012587690281,0,0.0,0.0,5.123537412220306
2024-09-20,63201.05,0.004020144249244684,True,1.0,0.004020144249244684,14.749094532657407,0,0.0,0.0,1.6251263137946739,0,0.0,0.0,9.10234443024852,0,0.0,0.0,3.322637763296031,0,0.0,0.0,2.6723768440379345,0,0.0,0.0,3.160007554516598,0,1.0,0.004020144249244684,1.2166728746306958,0,0.0,0.0,5.123537412220306
2024-09-21,63348.96,0.0023403092195461994,True,1.0,0.0023403092195461994,14.783611974572144,0,0.0,0.0,1.6251263137946739,0,0.0,0.0,9.10234443024852,0,0.0,0.0,3.322637763296031,0,0.0,0.0,2.6723768440379345,0,0.0,0.0,3.160007554516598,0,1.0,0.0023403092195461994,1.219520265376366,0,0.0,0.0,5.123537412220306
2024-09-22,63578.76,0.003627526008319615,True,1.0,0.003627526008319615,14.83723991150681,0,0.0,0.0,1.6251263137946739,0,0.0,0.0,9.10234443024852,0,0.0,0.0,3.322637763296031,0,0.0,0.0,2.6723768440379345,0,0.0,0.0,3.160007554516598,0,1.0,0.003627526008319615,1.2239441068566916,0,0.0,0.0,5.123537412220306
2024-09-23,63339.99,-0.0037554994781276996,True,1.0,-0.0037554994781276996,14.78151866476229,0,0.0,-0.0,1.6251263137946739,0,0.0,-0.0,9.10234443024852,0,0.0,-0.0,3.322637763296031,0,0.0,-0.0,2.6723768440379345,0,0.0,-0.0,3.160007554516598,0,1.0,-0.0037554994781276996,1.2193475854021338,0,0.0,-0.0,5.123537412220306
2024-09-24,64262.7,0.014567574134444872,True,1.0,0.014567574134444872,14.996849533730895,0,0.0,0.0,1.6251263137946739,0,0.0,0.0,9.10234443024852,0,0.0,0.0,3.322637763296031,0,0.0,0.0,2.6723768440379345,0,0.0,0.0,3.160007554516598,0,1.0,0.014567574134444872,1.2371105217481357,0,0.0,0.0,5.123537412220306
2024-09-25,63152.01,-0.017283587524333677,True,1.0,-0.017283587524333677,14.737650172225395,0,0.0,-0.0,1.6251263137946739,0,0.0,-0.0,9.10234443024852,0,0.0,-0.0,3.322637763296031,0,0.0,-0.0,2.6723768440379345,0,0.0,-0.0,3.160007554516598,0,0.0,-0.001,1.2358734112263876,0,0.0,-0.0,5.123537412220306
2024-09-26,65173.99,0.03201766657941674,True,1.0,0.03201766657941674,15.209515341603792,0,0.0,0.0,1.6251263137946739,0,0.0,0.0,9.10234443024852,0,0.0,0.0,3.322637763296031,0,0.0,0.0,2.6723768440379345,0,0.0,0.0,3.160007554516598,0,0.0,0.0,1.2358734112263876,0,0.0,0.0,5.123537412220306
2024-09-27,65769.95,0.009144138635673427,True,1.0,0.009144138635673427,15.348593258468819,0,0.0,0.0,1.6251263137946739,0,0.0,0.0,9.10234443024852,0,0.0,0.0,3.322637763296031,0,0.0,0.0,2.6723768440379345,0,0.0,0.0,3.160007554516598,0,0.0,0.0,1.2358734112263876,0,0.0,0.0,5.123537412220306
2024-09-28,65858.0,0.0013387572896133015,True,1.0,0.0013387572896133015,15.369141299578903,0,0.0,0.0,1.6251263137946739,0,0.0,0.0,9.10234443024852,0,0.0,0.0,3.322637763296031,0,0.0,0.0,2.6723768440379345,0,0.0,0.0,3.160007554516598,0,0.0,0.0,1.2358734112263876,0,0.0,0.0,5.123537412220306
2024-09-29,65602.01,-0.0038869993015275828,True,1.0,-0.0038869993015275828,15.30940145808236,0,0.0,-0.0,1.6251263137946739,0,0.0,-0.0,9.10234443024852,0,0.0,-0.0,3.322637763296031,0,0.0,-0.0,2.6723768440379345,0,0.0,-0.0,3.160007554516598,0,0.0,-0.0,1.2358734112263876,0,0.0,-0.0,5.123537412220306
2024-09-30,63327.59,-0.03466997428889751,True,1.0,-0.03466997428889751,14.778624903152235,0,0.0,-0.0,1.6251263137946739,0,0.0,-0.0,9.10234443024852,0,0.0,-0.0,3.322637763296031,0,0.0,-0.0,2.6723768440379345,0,0.0,-0.0,3.160007554516598,0,0.0,-0.0,1.2358734112263876,0,0.0,-0.0,5.123537412220306
2024-10-01,60805.78,-0.03982166382772501,True,1.0,-0.03982166382772501,14.190115470422862,0,0.0,-0.0,1.6251263137946739,0,0.0,-0.0,9.10234443024852,0,0.0,-0.0,3.322637763296031,0,0.0,-0.0,2.6723768440379345,0,0.0,-0.0,3.160007554516598,0,0.0,-0.0,1.2358734112263876,0,0.0,-0.0,5.123537412220306
2024-10-02,60649.28,-0.002573768480562233,True,1.0,-0.002573768480562233,14.15359339848955,0,0.0,-0.0,1.6251263137946739,0,0.0,-0.0,9.10234443024852,0,0.0,-0.0,3.322637763296031,0,0.0,-0.0,2.6723768440379345,0,0.0,-0.0,3.160007554516598,0,0.0,-0.0,1.2358734112263876,0,0.0,-0.0,5.123537412220306
2024-10-03,60752.71,0.001705378860227258,True,1.0,0.001705378860227258,14.177730637467587,0,0.0,0.0,1.6251263137946739,0,0.0,0.0,9.10234443024852,0,0.0,0.0,3.322637763296031,0,0.0,0.0,2.6723768440379345,0,0.0,0.0,3.160007554516598,0,0.0,0.0,1.2358734112263876,0,0.0,0.0,5.123537412220306
2024-10-04,62086.0,0.021946181495442696,True,1.0,0.021946181495442696,14.488877687230948,0,0.0,0.0,1.6251263137946739,0,0.0,0.0,9.10234443024852,0,0.0,0.0,3.322637763296031,0,0.0,0.0,2.6723768440379345,0,0.0,0.0,3.160007554516598,0,0.0,0.0,1.2358734112263876,0,0.0,0.0,5.123537412220306
2024-10-05,62058.0,-0.00045098734014104025,True,1.0,-0.00045098734014104025,14.482343386821155,0,0.0,-0.0,1.6251263137946739,0,0.0,-0.0,9.10234443024852,0,0.0,-0.0,3.322637763296031,0,0.0,-0.0,2.6723768440379345,0,0.0,-0.0,3.160007554516598,0,0.0,-0.0,1.2358734112263876,0,0.0,-0.0,5.123537412220306
2024-10-06,62819.91,0.012277385671468632,True,1.0,0.012277385671468632,14.6601487020078,0,0.0,0.0,1.6251263137946739,0,0.0,0.0,9.10234443024852,0,0.0,0.0,3.322637763296031,0,0.0,0.0,2.6723768440379345,0,0.0,0.0,3.160007554516598,0,0.0,0.0,1.2358734112263876,0,0.0,0.0,5.123537412220306
2024-10-07,62224.0,-0.009486005312646983,True,1.0,-0.009486005312646983,14.52108245353636,0,0.0,-0.0,1.6251263137946739,0,0.0,-0.0,9.10234443024852,0,0.0,-0.0,3.322637763296031,0,0.0,-0.0,2.6723768440379345,0,0.0,-0.0,3.160007554516598,0,0.0,-0.0,1.2358734112263876,0,0.0,-0.0,5.123537412220306
2024-10-08,62160.49,-0.001020667266649511,True,1.0,-0.001020667266649511,14.506261259999716,0,0.0,-0.0,1.6251263137946739,0,0.0,-0.0,9.10234443024852,0,0.0,-0.0,3.322637763296031,0,0.0,-0.0,2.6723768440379345,0,0.0,-0.0,3.160007554516598,0,0.0,-0.0,1.2358734112263876,0,0.0,-0.0,5.123537412220306
2024-10-09,60636.02,-0.02452474232426416,False,1.0,-0.02452474232426416,14.150498940509769,0,0.0,-0.0,1.6251263137946739,0,0.0,-0.0,9.10234443024852,0,0.0,-0.0,3.322637763296031,0,0.0,-0.0,2.6723768440379345,0,0.0,-0.0,3.160007554516598,0,0.0,-0.0,1.2358734112263876,0,0.0,-0.0,5.123537412220306
2024-10-10,60326.39,-0.005106370767738344,False,1.0,-0.005106370767738344,14.078241246371038,0,0.0,-0.0,1.6251263137946739,0,0.0,-0.0,9.10234443024852,0,0.0,-0.0,3.322637763296031,0,0.0,-0.0,2.6723768440379345,0,0.0,-0.0,3.160007554516598,0,0.0,-0.0,1.2358734112263876,0,0.0,-0.0,5.123537412220306
2024-10-11,62540.0,0.036693891346722296,False,1.0,0.036693891346722296,14.59482670101832,0,0.0,0.0,1.6251263137946739,0,0.0,0.0,9.10234443024852,0,0.0,0.0,3.322637763296031,0,0.0,0.0,2.6723768440379345,0,0.0,0.0,3.160007554516598,0,0.0,0.0,1.2358734112263876,0,0.0,0.0,5.123537412220306
2024-10-12,63206.22,0.010652702270546932,False,1.0,0.010652702270546932,14.750301044554497,0,0.0,0.0,1.6251263137946739,0,0.0,0.0,9.10234443024852,0,0.0,0.0,3.322637763296031,0,0.0,0.0,2.6723768440379345,0,0.0,0.0,3.160007554516598,0,0.0,0.0,1.2358734112263876,0,0.0,0.0,5.123537412220306
2024-10-13,62870.02,-0.005319096759781039,False,1.0,-0.005319096759781039,14.671842766062612,0,0.0,-0.0,1.6251263137946739,0,0.0,-0.0,9.10234443024852,0,0.0,-0.0,3.322637763296031,0,0.0,-0.0,2.6723768440379345,0,0.0,-0.0,3.160007554516598,0,0.0,-0.0,1.2358734112263876,0,0.0,-0.0,5.123537412220306
2024-10-14,66083.99,0.051120868102157546,True,1.0,0.051120868102157546,15.421880104922094,0,0.0,0.0,1.6251263137946739,0,0.0,0.0,9.10234443024852,0,0.0,0.0,3.322637763296031,0,0.0,0.0,2.6723768440379345,0,0.0,0.0,3.160007554516598,0,0.0,0.0,1.2358734112263876,0,0.0,0.0,5.123537412220306
2024-10-15,67074.14,0.014983205463229288,True,1.0,0.014983205463229288,15.65294930316343,0,0.0,0.0,1.6251263137946739,0,0.0,0.0,9.10234443024852,0,0.0,0.0,3.322637763296031,0,0.0,0.0,2.6723768440379345,0,0.0,0.0,3.160007554516598,0,0.0,0.0,1.2358734112263876,0,0.0,0.0,5.123537412220306
2024-10-16,67620.01,0.008138307848598592,True,1.0,0.008138307848598592,15.780337823331081,0,0.0,0.0,1.6251263137946739,0,0.0,0.0,9.10234443024852,0,0.0,0.0,3.322637763296031,0,0.0,0.0,2.6723768440379345,0,0.0,0.0,3.160007554516598,0,0.0,0.0,1.2358734112263876,0,0.0,0.0,5.123537412220306
2024-10-17,67421.78,-0.0029315286998625734,True,1.0,-0.0029315286998625734,15.734077310108459,0,0.0,-0.0,1.6251263137946739,0,0.0,-0.0,9.10234443024852,0,0.0,-0.0,3.322637763296031,0,0.0,-0.0,2.6723768440379345,0,0.0,-0.0,3.160007554516598,0,0.0,-0.0,1.2358734112263876,0,0.0,-0.0,5.123537412220306
2024-10-18,68428.0,0.014924257413553965,True,1.0,0.014924257413553965,15.968896730049277,0,0.0,0.0,1.6251263137946739,0,0.0,0.0,9.10234443024852,0,0.0,0.0,3.322637763296031,0,0.0,0.0,2.6723768440379345,0,0.0,0.0,3.160007554516598,0,0.0,0.0,1.2358734112263876,0,0.0,0.0,5.123537412220306
2024-10-19,68378.0,-0.000730695037119311,True,1.0,-0.000730695037119311,15.957228336460359,0,0.0,-0.0,1.6251263137946739,0,0.0,-0.0,9.10234443024852,0,0.0,-0.0,3.322637763296031,0,0.0,-0.0,2.6723768440379345,0,0.0,-0.0,3.160007554516598,0,0.0,-0.0,1.2358734112263876,0,0.0,-0.0,5.123537412220306
2024-10-20,69031.99,0.00956433355757702,True,1.0,0.00956433355757702,16.109848590924685,0,0.0,0.0,1.6251263137946739,0,0.0,0.0,9.10234443024852,0,0.0,0.0,3.322637763296031,0,0.0,0.0,2.6723768440379345,0,0.0,0.0,3.160007554516598,1,0.0,0.0,1.2358734112263876,0,0.0,0.0,5.123537412220306
2024-10-21,67377.5,-0.023967004283086846,True,1.0,-0.023967004283086846,15.723743780746112,0,0.0,-0.0,1.6251263137946739,0,0.0,-0.0,9.10234443024852,0,0.0,-0.0,3.322637763296031,0,0.0,-0.0,2.6723768440379345,0,0.0,-0.0,3.160007554516598,1,1.0,-0.024967004283086847,1.2050173544749452,0,0.0,-0.0,5.123537412220306
2024-10-22,67426.0,0.0007198248673518926,True,1.0,0.0007198248673518926,15.735062122527363,0,0.0,0.0,1.6251263137946739,0,0.0,0.0,9.10234443024852,0,0.0,0.0,3.322637763296031,0,0.0,0.0,2.6723768440379345,0,0.0,0.0,3.160007554516598,1,1.0,0.0007198248673518926,1.205884755932287,0,0.0,0.0,5.123537412220306
2024-10-23,66668.65,-0.011232313944175898,True,1.0,-0.011232313944175898,15.558320964836025,0,0.0,-0.0,1.6251263137946739,0,0.0,-0.0,9.10234443024852,0,0.0,-0.0,3.322637763296031,0,0.0,-0.0,2.6723768440379345,0,0.0,-0.0,3.160007554516598,1,1.0,-0.011232313944175898,1.1923398797731595,0,0.0,-0.0,5.123537412220306
2024-10-24,68198.28,0.022943767422919148,True,1.0,0.022943767422919148,15.915287462544349,0,0.0,0.0,1.6251263137946739,0,0.0,0.0,9.10234443024852,0,0.0,0.0,3.322637763296031,0,0.0,0.0,2.6723768440379345,0,0.0,0.0,3.160007554516598,1,1.0,0.022943767422919148,1.2196966486637462,0,0.0,0.0,5.123537412220306
2024-10-25,66698.33,-0.02199395644582236,True,1.0,-0.02199395644582236,15.565247323270405,0,0.0,-0.0,1.6251263137946739,0,0.0,-0.0,9.10234443024852,0,0.0,-0.0,3.322637763296031,0,0.0,-0.0,2.6723768440379345,0,0.0,-0.0,3.160007554516598,1,1.0,-0.02199395644582236,1.1928706936959201,0,0.0,-0.0,5.123537412220306
2024-10-26,67092.76,0.005913641316056761,True,1.0,0.005913641316056761,15.657294612935939,0,0.0,0.0,1.6251263137946739,0,0.0,0.0,9.10234443024852,0,0.0,0.0,3.322637763296031,0,0.0,0.0,2.6723768440379345,0,0.0,0.0,3.160007554516598,1,1.0,0.005913641316056761,1.1999249031148735,0,0.0,0.0,5.123537412220306
2024-10-27,68021.7,0.013845607186230069,True,1.0,0.013845607186230069,15.874079363745725,0,0.0,0.0,1.6251263137946739,0,0.0,0.0,9.10234443024852,0,0.0,0.0,3.322637763296031,0,0.0,0.0,2.6723768440379345,0,0.0,0.0,3.160007554516598,1,1.0,0.013845607186230069,1.2165385919763771,0,0.0,0.0,5.123537412220306
2024-10-28,69962.21,0.028527808037729363,True,1.0,0.028527808037729363,16.326932052610346,0,0.0,0.0,1.6251263137946739,0,0.0,0.0,9.10234443024852,0,0.0,0.0,3.322637763296031,0,0.0,0.0,2.6723768440379345,0,0.0,0.0,3.160007554516598,1,1.0,0.028527808037729363,1.2512437713987687,0,0.0,0.0,5.123537412220306
2024-10-29,72736.42,0.03965297837218107,True,1.0,0.03965297837218107,16.974343536176573,0,0.0,0.0,1.6251263137946739,0,0.0,0.0,9.10234443024852,0,0.0,0.0,3.322637763296031,0,0.0,0.0,2.6723768440379345,0,0.0,0.0,3.160007554516598,1,1.0,0.03965297837218107,1.3008593136043705,0,0.0,0.0,5.123537412220306
2024-10-30,72344.74,-0.00538492271134583,True,1.0,-0.00538492271134583,16.88293800815843,0,0.0,-0.0,1.6251263137946739,0,0.0,-0.0,9.10234443024852,0,0.0,-0.0,3.322637763296031,0,0.0,-0.0,2.6723768440379345,0,0.0,-0.0,3.160007554516598,1,1.0,-0.00538492271134583,1.2938542867422764,0,0.0,-0.0,5.123537412220306
2024-10-31,70292.01,-0.028374281253896405,True,1.0,-0.028374281253896405,16.403896776722846,0,0.0,-0.0,1.6251263137946739,0,0.0,-0.0,9.10234443024852,0,0.0,-0.0,3.322637763296031,0,0.0,-0.0,2.6723768440379345,0,0.0,-0.0,3.160007554516598,1,1.0,-0.028374281253896405,1.2571421013086916,0,0.0,-0.0,5.123537412220306
2024-11-01,69496.01,-0.011324188908526045,True,1.0,-0.011324188908526045,16.218135950787275,0,0.0,-0.0,1.6251263137946739,0,0.0,-0.0,9.10234443024852,0,0.0,-0.0,3.322637763296031,0,0.0,-0.0,2.6723768440379345,0,0.0,-0.0,3.160007554516598,1,1.0,-0.011324188908526045,1.2429059866686105,0,0.0,-0.0,5.123537412220306
2024-11-02,69374.74,-0.0017449922664622974,True,1.0,-0.0017449922664622974,16.189835428976718,0,0.0,-0.0,1.6251263137946739,0,0.0,-0.0,9.10234443024852,0,0.0,-0.0,3.322637763296031,0,0.0,-0.0,2.6723768440379345,0,0.0,-0.0,3.160007554516598,1,1.0,-0.0017449922664622974,1.240737125333934,0,0.0,-0.0,5.123537412220306
2024-11-03,68775.99,-0.008630662976178316,True,1.0,-0.008630662976178316,16.05010641574943,0,0.0,-0.0,1.6251263137946739,0,0.0,-0.0,9.10234443024852,0,0.0,-0.0,3.322637763296031,0,0.0,-0.0,2.6723768440379345,0,0.0,-0.0,3.160007554516598,1,1.0,-0.008630662976178316,1.2300287413631446,0,0.0,-0.0,5.123537412220306
2024-11-04,67850.01,-0.01346371022794457,True,1.0,-0.01346371022794457,15.834012433840105,0,0.0,-0.0,1.6251263137946739,0,0.0,-0.0,9.10234443024852,0,0.0,-0.0,3.322637763296031,0,0.0,-0.0,2.6723768440379345,0,0.0,-0.0,3.160007554516598,1,1.0,-0.01346371022794457,1.2134679908173878,0,0.0,-0.0,5.123537412220306
2024-11-05,69372.01,0.022431831623900944,True,1.0,0.022431831623900944,16.18919833468676,0,0.0,0.0,1.6251263137946739,0,0.0,0.0,9.10234443024852,0,0.0,0.0,3.322637763296031,0,0.0,0.0,2.6723768440379345,0,0.0,0.0,3.160007554516598,1,1.0,0.022431831623900944,1.2406883004683968,0,0.0,0.0,5.123537412220306
2024-11-06,75571.99,0.0893729329739763,True,1.0,0.0893729329739763,17.63607447235513,0,0.0,0.0,1.6251263137946739,1,0.0,0.0,9.10234443024852,0,0.0,0.0,3.322637763296031,0,0.0,0.0,2.6723768440379345,0,0.0,0.0,3.160007554516598,1,1.0,0.0893729329739763,1.3515722527877554,1,0.0,0.0,5.123537412220306
2024-11-07,75857.89,0.0037831476979763856,True,1.0,0.0037831476979763856,17.70279434689656,0,0.0,0.0,1.6251263137946739,0,1.0,0.0027831476979763856,9.127677599195755,0,0.0,0.0,3.322637763296031,0,0.0,0.0,2.6723768440379345,0,0.0,0.0,3.160007554516598,1,1.0,0.0037831476979763856,1.3566854502445382,0,1.0,0.0027831476979763856,5.137796973574623
2024-11-08,76509.78,0.008593568843003663,True,1.0,0.008593568843003663,17.854924528830153,0,0.0,0.0,1.6251263137946739,0,1.0,0.008593568843003663,9.206116925021187,0,0.0,0.0,3.322637763296031,0,0.0,0.0,2.6723768440379345,0,0.0,0.0,3.160007554516598,1,1.0,0.008593568843003663,1.3683442200595162,0,1.0,0.008593568843003663,5.181948985568413
2024-11-09,76677.46,0.0021916152418686163,True,1.0,0.0021916152418686163,17.89405565356995,0,0.0,0.0,1.6251263137946739,0,1.0,0.0021916152418686163,9.226293191192488,0,0.0,0.0,3.322637763296031,0,0.0,0.0,2.6723768440379345,0,0.0,0.0,3.160007554516598,1,1.0,0.0021916152418686163,1.3713431041083215,0,1.0,0.0021916152418686163,5.19330582394777
2024-11-10,80370.01,0.04815691599591321,True,1.0,0.04815691599591321,18.755778188505115,0,0.0,0.0,1.6251263137946739,0,1.0,0.04815691599591321,9.670603017354411,0,0.0,0.0,3.322637763296031,0,0.0,0.0,2.6723768440379345,0,0.0,0.0,3.160007554516598,1,1.0,0.04815691599591321,1.4373827587744408,0,1.0,0.04815691599591321,5.44339941625271
2024-11-11,88647.99,0.10299836966550102,True,1.0,0.10299836966550102,20.687592763728905,0,0.0,0.0,1.6251263137946739,1,1.0,0.10299836966550102,10.666659361824191,0,0.0,0.0,3.322637763296031,0,0.0,0.0,2.6723768440379345,0,0.0,0.0,3.160007554516598,1,1.0,0.10299836966550102,1.5854308395135084,1,1.0,0.10299836966550102,6.004060681564879
2024-11-12,87952.01,-0.00785105223479976,True,1.0,-0.00785105223479976,20.525173392328604,0,0.0,-0.0,1.6251263137946739,0,1.0,-0.00785105223479976,10.582914862003694,0,0.0,-0.0,3.322637763296031,0,0.0,-0.0,2.6723768440379345,0,0.0,-0.0,3.160007554516598,1,1.0,-0.00785105223479976,1.5729835391778253,0,1.0,-0.00785105223479976,5.956922487533006
2024-11-13,90375.2,0.027551274837266382,True,1.0,0.027551274837266382,21.090668085543196,0,0.0,0.0,1.6251263137946739,0,1.0,0.027551274837266382,10.87448765794615,0,0.0,0.0,3.322637763296031,0,0.0,0.0,2.6723768440379345,0,0.0,0.0,3.160007554516598,1,1.0,0.027551274837266382,1.6163212409802095,0,1.0,0.027551274837266382,6.12104329617132
2024-11-14,87325.59,-0.03374388106471693,True,1.0,-0.03374388106471693,20.378987090089204,0,0.0,-0.0,1.6251263137946739,0,1.0,-0.03374388106471693,10.507540239776683,0,0.0,-0.0,3.322637763296031,0,0.0,-0.0,2.6723768440379345,0,0.0,-0.0,3.160007554516598,1,1.0,-0.03374388106471693,1.5617802892621977,0,1.0,-0.03374388106471693,5.914495539193331
2024-11-15,91032.07,0.04244437398018164,True,1.0,0.04244437398018164,21.243960439478244,0,0.0,0.0,1.6251263137946739,0,1.0,0.04244437398018164,10.953526207325572,0,0.0,0.0,3.322637763296031,0,0.0,0.0,2.6723768440379345,0,0.0,0.0,3.160007554516598,1,1.0,0.04244437398018164,1.6280690759345187,0,1.0,0.04244437398018164,6.165532599762969
2024-11-16,90586.92,-0.004890034907478302,True,1.0,-0.004890034907478302,21.140076731356107,0,0.0,-0.0,1.6251263137946739,0,1.0,-0.004890034907478302,10.899963081811771,0,0.0,-0.0,3.322637763296031,0,0.0,-0.0,2.6723768440379345,0,0.0,-0.0,3.160007554516598,1,1.0,-0.004890034907478302,1.620107761321413,0,1.0,-0.004890034907478302,6.135382930126933
2024-11-17,89855.99,-0.008068824947354392,True,1.0,-0.008068824947354392,20.969501152837154,0,0.0,-0.0,1.6251263137946739,0,1.0,-0.008068824947354392,10.812013187772006,0,0.0,-0.0,3.322637763296031,0,0.0,-0.0,2.6723768440379345,0,0.0,-0.0,3.160007554516598,1,1.0,-0.008068824947354392,1.6070353953994603,0,1.0,-0.008068824947354392,6.085877599278752
2024-11-18,90464.08,0.006767384122082332,True,1.0,0.006767384122082332,21.11140982198685,0,0.0,0.0,1.6251263137946739,0,1.0,0.006767384122082332,10.88518223414668,0,0.0,0.0,3.322637763296031,0,0.0,0.0,2.6723768440379345,0,0.0,0.0,3.160007554516598,1,1.0,0.006767384122082332,1.617910821217911,0,1.0,0.006767384122082332,6.127063070713048
2024-11-19,92310.79,0.020413737695668788,True,1.0,0.020413737695668788,21.542372604478654,0,0.0,0.0,1.6251263137946739,0,1.0,0.020413737695668788,11.107389489044104,0,0.0,0.0,3.322637763296031,0,0.0,0.0,2.6723768440379345,0,0.0,0.0,3.160007554516598,1,1.0,0.020413737695668788,1.6509384283372375,0,1.0,0.020413737695668788,6.252139329083403
2024-11-20,94286.56,0.02140345673566446,True,1.0,0.02140345673566446,22.003453844502175,0,0.0,0.0,1.6251263137946739,0,1.0,0.02140345673566446,11.345126019419034,0,0.0,0.0,3.322637763296031,0,0.0,0.0,2.6723768440379345,0,0.0,0.0,3.160007554516598,1,1.0,0.02140345673566446,1.6862742175613994,0,1.0,0.02140345673566446,6.3859567227187854
2024-11-21,98317.12,0.04274798019993509,True,1.0,0.04274798019993509,22.94405705377714,0,0.0,0.0,1.6251263137946739,0,1.0,0.04274798019993509,11.830107241862928,0,0.0,0.0,3.322637763296031,0,0.0,0.0,2.6723768440379345,0,0.0,0.0,3.160007554516598,1,1.0,0.04274798019993509,1.7583590344253752,0,1.0,0.04274798019993509,6.65894347425921
2024-11-22,98892.0,0.0058472013826280644,True,1.0,0.0058472013826280644,23.078215575905084,0,0.0,0.0,1.6251263137946739,0,1.0,0.0058472013826280644,11.899280261284186,0,0.0,0.0,3.322637763296031,0,0.0,0.0,2.6723768440379345,0,0.0,0.0,3.160007554516598,1,1.0,0.0058472013826280644,1.7686405138026238,0,1.0,0.0058472013826280644,6.697879657748741
2024-11-23,97672.4,-0.012332645714516866,True,1.0,-0.012332645714516866,22.7936001194842,0,0.0,-0.0,1.6251263137946739,0,1.0,-0.012332645714516866,11.752530653564024,0,0.0,-0.0,3.322637763296031,0,0.0,-0.0,2.6723768440379345,0,0.0,-0.0,3.160007554516598,1,1.0,-0.012332645714516866,1.7468284969495549,0,1.0,-0.012332645714516866,6.615277080891256
2024-11-24,97900.04,0.002330648166728677,True,1.0,0.002330648166728677,22.846723981815824,0,0.0,0.0,1.6251263137946739,0,1.0,0.002330648166728677,11.779921667586176,0,0.0,0.0,3.322637763296031,0,0.0,0.0,2.6723768440379345,0,0.0,0.0,3.160007554516598,1,1.0,0.002330648166728677,1.7508997395835597,0,1.0,0.002330648166728677,6.630694964292237
2024-11-25,93010.01,-0.04994921350389636,True,1.0,-0.04994921350389636,21.705548087783516,0,0.0,-0.0,1.6251263137946739,0,1.0,-0.04994921350389636,11.191523845152739,0,0.0,-0.0,3.322637763296031,0,0.0,-0.0,2.6723768440379345,0,0.0,-0.0,3.160007554516598,1,1.0,-0.04994921350389636,1.663443674667184,0,1.0,-0.04994921350389636,6.299496965841594
2024-11-26,91965.16,-0.011233737099909935,True,1.0,-0.011233737099909935,21.4617136669559,0,0.0,-0.0,1.6251263137946739,0,1.0,-0.011233737099909935,11.06580120852892,0,0.0,-0.0,3.322637763296031,0,0.0,-0.0,2.6723768440379345,0,0.0,-0.0,3.160007554516598,1,1.0,-0.011233737099909935,1.6447569857454647,0,1.0,-0.011233737099909935,6.228730073065649
2024-11-27,95863.11,0.04238507278190995,True,1.0,0.04238507278190995,22.37136996275434,0,0.0,0.0,1.6251263137946739,0,1.0,0.04238507278190995,11.534825998142566,0,0.0,0.0,3.322637763296031,0,0.0,0.0,2.6723768440379345,0,0.0,0.0,3.160007554516598,1,1.0,0.04238507278190995,1.714470130294841,0,1.0,0.04238507278190995,6.492735250551408
2024-11-28,95643.98,-0.002285863665387078,True,1.0,-0.002285863665387078,22.32023206101155,0,0.0,-0.0,1.6251263137946739,0,1.0,-0.002285863665387078,11.50845895850685,0,0.0,-0.0,3.322637763296031,0,0.0,-0.0,2.6723768440379345,0,0.0,-0.0,3.160007554516598,1,1.0,-0.002285863665387078,1.7105510853186086,0,1.0,-0.002285863665387078,6.477893742953195
2024-11-29,97460.0,0.018987290156683212,True,1.0,0.018987290156683212,22.744032783518477,0,0.0,0.0,1.6251263137946739,0,1.0,0.018987290156683212,11.7269734080083,0,0.0,0.0,3.322637763296031,0,0.0,0.0,2.6723768440379345,0,0.0,0.0,3.160007554516598,1,1.0,0.018987290156683212,1.7430298151033823,0,1.0,0.018987290156683212,6.60089139105481
2024-11-30,96407.99,-0.010794274574184248,True,1.0,-0.010794274574184248,22.498527448728932,0,0.0,-0.0,1.6251263137946739,0,1.0,-0.010794274574184248,11.600389237118101,0,0.0,-0.0,3.322637763296031,0,0.0,-0.0,2.6723768440379345,0,0.0,-0.0,3.160007554516598,1,1.0,-0.010794274574184248,1.7242150726881669,0,1.0,-0.010794274574184248,6.529639556945395
2024-12-01,97185.18,0.008061468764155144,True,1.0,0.008061468764155144,22.679898624996348,0,0.0,0.0,1.6251263137946739,0,1.0,0.008061468764155144,11.69390541260517,0,0.0,0.0,3.322637763296031,0,0.0,0.0,2.6723768440379345,0,0.0,0.0,3.160007554516598,1,1.0,0.008061468764155144,1.738114778639328,0,1.0,0.008061468764155144,6.582278042274902
2024-12-02,95840.62,-0.01383503122595442,True,1.0,-0.01383503122595442,22.366121519318042,0,0.0,-0.0,1.6251263137946739,0,0.0,-0.001,11.682211507192566,0,0.0,-0.0,3.322637763296031,0,0.0,-0.0,2.6723768440379345,0,0.0,-0.0,3.160007554516598,1,1.0,-0.01383503122595442,1.7140679064025601,0,0.0,-0.001,6.575695764232627
2024-12-03,95849.69,9.463628261174861e-05,True,1.0,9.463628261174861e-05,22.368238165915074,0,0.0,0.0,1.6251263137946739,0,0.0,0.0,11.682211507192566,0,0.0,0.0,3.322637763296031,0,0.0,0.0,2.6723768440379345,0,0.0,0.0,3.160007554516598,1,1.0,9.463628261174861e-05,1.7142301194173661,0,0.0,0.0,6.575695764232627
2024-12-04,98587.32,0.028561699051921963,True,1.0,0.028561699051921963,23.007113052731654,0,0.0,0.0,1.6251263137946739,0,0.0,0.0,11.682211507192566,0,0.0,0.0,3.322637763296031,0,0.0,0.0,2.6723768440379345,0,0.0,0.0,3.160007554516598,1,1.0,0.028561699051921963,1.7631914441939052,0,0.0,0.0,6.575695764232627
2024-12-05,96945.63,-0.016652141472148774,True,1.0,-0.016652141472148774,22.623995351311844,0,0.0,-0.0,1.6251263137946739,0,0.0,-0.0,11.682211507192566,0,0.0,-0.0,3.322637763296031,0,0.0,-0.0,2.6723768440379345,0,0.0,-0.0,3.160007554516598,1,1.0,-0.016652141472148774,1.733830530822706,0,0.0,-0.0,6.575695764232627
2024-12-06,99740.84,0.028832759145512643,True,1.0,0.028832759145512643,23.276307560185415,0,0.0,0.0,1.6251263137946739,0,0.0,0.0,11.682211507192566,0,0.0,0.0,3.322637763296031,0,0.0,0.0,2.6723768440379345,0,0.0,0.0,3.160007554516598,1,1.0,0.028832759145512643,1.7838216489170533,0,0.0,0.0,6.575695764232627
2024-12-07,99831.99,0.0009138683812970338,True,1.0,0.0009138683812970338,23.297579041698015,0,0.0,0.0,1.6251263137946739,0,0.0,0.0,11.682211507192566,0,0.0,0.0,3.322637763296031,0,0.0,0.0,2.6723768440379345,0,0.0,0.0,3.160007554516598,1,1.0,0.0009138683812970338,1.7854518271198718,0,0.0,0.0,6.575695764232627
2024-12-08,101109.59,0.012797501081567075,True,1.0,0.012797501081567075,23.59572983468204,0,0.0,0.0,1.6251263137946739,0,0.0,0.0,11.682211507192566,0,0.0,0.0,3.322637763296031,0,0.0,0.0,2.6723768440379345,0,0.0,0.0,3.160007554516598,1,1.0,0.012797501081567075,1.8083011488085243,0,0.0,0.0,6.575695764232627
2024-12-09,97276.47,-0.0379105483466009,True,1.0,-0.0379105483466009,22.70120277801099,0,0.0,-0.0,1.6251263137946739,0,0.0,-0.0,11.682211507192566,0,0.0,-0.0,3.322637763296031,0,0.0,-0.0,2.6723768440379345,0,0.0,-0.0,3.160007554516598,1,1.0,-0.0379105483466009,1.7397474606814047,0,0.0,-0.0,6.575695764232627
2024-12-10,96593.0,-0.007026056763778543,True,1.0,-0.007026056763778543,22.54170283868664,0,0.0,-0.0,1.6251263137946739,0,0.0,-0.0,11.682211507192566,0,0.0,-0.0,3.322637763296031,0,0.0,-0.0,2.6723768440379345,0,0.0,-0.0,3.160007554516598,1,1.0,-0.007026056763778543,1.7275238962680175,0,0.0,-0.0,6.575695764232627
2024-12-11,101125.0,0.04691851376393741,True,1.0,0.04691851376393741,23.599326033586145,0,0.0,0.0,1.6251263137946739,0,0.0,0.0,11.682211507192566,0,0.0,0.0,3.322637763296031,0,0.0,0.0,2.6723768440379345,0,0.0,0.0,3.160007554516598,1,1.0,0.04691851376393741,1.8085767499725993,0,0.0,0.0,6.575695764232627
2024-12-12,100004.29,-0.011082422744128628,True,1.0,-0.011082422744128628,23.337788326005423,0,0.0,-0.0,1.6251263137946739,0,0.0,-0.0,11.682211507192566,0,0.0,-0.0,3.322637763296031,0,0.0,-0.0,2.6723768440379345,0,0.0,-0.0,3.160007554516598,1,1.0,-0.011082422744128628,1.7885333378642008,0,0.0,-0.0,6.575695764232627
2024-12-13,101424.25,0.014198990863292016,True,1.0,0.014198990863292016,23.669161369215818,0,0.0,0.0,1.6251263137946739,0,0.0,0.0,11.682211507192566,0,0.0,0.0,3.322637763296031,0,0.0,0.0,2.6723768440379345,0,0.0,0.0,3.160007554516598,1,1.0,0.014198990863292016,1.8139287063872278,0,0.0,0.0,6.575695764232627
2024-12-14,101420.0,-4.19031937628489e-05,True,1.0,-4.19031937628489e-05,23.66816955576076,0,0.0,-0.0,1.6251263137946739,0,0.0,-0.0,11.682211507192566,0,0.0,-0.0,3.322637763296031,0,0.0,-0.0,2.6723768440379345,0,0.0,-0.0,3.160007554516598,1,1.0,-4.19031937628489e-05,1.8138526969811721,0,0.0,-0.0,6.575695764232627
2024-12-15,104463.99,0.030013705383553635,True,1.0,0.030013705383553635,24.378539023775357,0,0.0,0.0,1.6251263137946739,0,0.0,0.0,11.682211507192566,0,0.0,0.0,3.322637763296031,0,0.0,0.0,2.6723768440379345,0,0.0,0.0,3.160007554516598,1,1.0,0.030013705383553635,1.8682931374375291,0,0.0,0.0,6.575695764232627
2024-12-16,106058.66,0.01526526030644626,True,1.0,0.01526526030644626,24.750683767864146,0,0.0,0.0,1.6251263137946739,0,0.0,0.0,11.682211507192566,0,0.0,0.0,3.322637763296031,0,0.0,0.0,2.6723768440379345,0,0.0,0.0,3.160007554516598,1,1.0,0.01526526030644626,1.8968131185092603,0,0.0,0.0,6.575695764232627
2024-12-17,106133.74,0.0007079101319968917,True,1.0,0.0007079101319968917,24.76820502767727,0,0.0,0.0,1.6251263137946739,0,0.0,0.0,11.682211507192566,0,0.0,0.0,3.322637763296031,0,0.0,0.0,2.6723768440379345,0,0.0,0.0,3.160007554516598,1,1.0,0.0007079101319968917,1.8981558917343575,0,0.0,0.0,6.575695764232627
2024-12-18,100204.01,-0.0558703575319216,True,1.0,-0.0558703575319216,23.384396557357,0,0.0,-0.0,1.6251263137946739,0,0.0,-0.0,11.682211507192566,0,0.0,-0.0,3.322637763296031,0,0.0,-0.0,2.6723768440379345,0,0.0,-0.0,3.160007554516598,1,1.0,-0.0558703575319216,1.7921052434118354,0,0.0,-0.0,6.575695764232627
2024-12-19,97461.86,-0.027365671293993032,True,1.0,-0.027365671293993032,22.744466847759988,0,0.0,-0.0,1.6251263137946739,0,0.0,-0.0,11.682211507192566,0,0.0,-0.0,3.322637763296031,0,0.0,-0.0,2.6723768440379345,0,0.0,-0.0,3.160007554516598,1,1.0,-0.027365671293993032,1.7430630803963858,0,0.0,-0.0,6.575695764232627
2024-12-20,97805.44,0.0035252764517319513,True,1.0,0.0035252764517319513,22.824647381145596,0,0.0,0.0,1.6251263137946739,0,0.0,0.0,11.682211507192566,0,0.0,0.0,3.322637763296031,0,0.0,0.0,2.6723768440379345,0,0.0,0.0,3.160007554516598,1,1.0,0.0035252764517319513,1.7492078596275906,0,0.0,0.0,6.575695764232627
2024-12-21,97291.99,-0.005249707991702657,True,1.0,-0.005249707991702657,22.704824647381,0,0.0,-0.0,1.6251263137946739,0,0.0,-0.0,11.682211507192566,0,0.0,-0.0,3.322637763296031,0,0.0,-0.0,2.6723768440379345,0,0.0,-0.0,3.160007554516598,1,1.0,-0.005249707991702657,1.7400250291477546,0,0.0,-0.0,6.575695764232627
2024-12-22,95186.27,-0.02164330280426996,False,1.0,-0.02164330280426996,22.21341725241988,0,0.0,-0.0,1.6251263137946739,0,0.0,-0.0,11.682211507192566,0,0.0,-0.0,3.322637763296031,0,0.0,-0.0,2.6723768440379345,0,0.0,-0.0,3.160007554516598,0,1.0,-0.02164330280426996,1.7023651405549012,0,0.0,-0.0,6.575695764232627
2024-12-23,94881.47,-0.003202142493870186,False,1.0,-0.003202142493870186,22.142286725101837,0,0.0,-0.0,1.6251263137946739,0,0.0,-0.0,11.682211507192566,0,0.0,-0.0,3.322637763296031,0,0.0,-0.0,2.6723768440379345,0,0.0,-0.0,3.160007554516598,0,1.0,-0.003202142493870186,1.696913924798247,0,0.0,-0.0,6.575695764232627
2024-12-24,98663.58,0.03986141867321402,True,1.0,0.03986141867321402,23.02490968663347,0,0.0,0.0,1.6251263137946739,0,0.0,0.0,11.682211507192566,0,0.0,0.0,3.322637763296031,0,0.0,0.0,2.6723768440379345,0,0.0,0.0,3.160007554516598,1,1.0,0.03986141867321402,1.7645553212070366,0,0.0,0.0,6.575695764232627
2024-12-25,99429.6,0.0077639591022340415,True,1.0,0.0077639591022340415,23.203674143773124,0,0.0,0.0,1.6251263137946739,0,0.0,0.0,11.682211507192566,0,0.0,0.0,3.322637763296031,0,0.0,0.0,2.6723768440379345,0,0.0,0.0,3.160007554516598,1,1.0,0.0077639591022340415,1.7782552565545175,0,0.0,0.0,6.575695764232627
2024-12-26,95791.6,-0.03658870195595676,False,1.0,-0.03658870195595676,22.354681826243468,0,0.0,-0.0,1.6251263137946739,0,0.0,-0.0,11.682211507192566,0,0.0,-0.0,3.322637763296031,0,0.0,-0.0,2.6723768440379345,0,0.0,-0.0,3.160007554516598,0,1.0,-0.03658870195595676,1.7131912049708309,0,0.0,-0.0,6.575695764232627
2024-12-27,94299.03,-0.01558142885179914,False,1.0,-0.01558142885179914,22.00636394186325,0,0.0,-0.0,1.6251263137946739,0,0.0,-0.0,11.682211507192566,0,0.0,-0.0,3.322637763296031,0,0.0,-0.0,2.6723768440379345,0,0.0,-0.0,3.160007554516598,0,1.0,-0.01558142885179914,1.68649723810105,0,0.0,-0.0,6.575695764232627
2024-12-28,95300.0,0.01061484937862045,False,1.0,0.01061484937862045,22.23995818047723,0,0.0,0.0,1.6251263137946739,0,0.0,0.0,11.682211507192566,0,0.0,0.0,3.322637763296031,0,0.0,0.0,2.6723768440379345,0,0.0,0.0,3.160007554516598,0,1.0,0.01061484937862045,1.7043991522609518,0,0.0,0.0,6.575695764232627
2024-12-29,93738.2,-0.01638824763903468,False,1.0,-0.01638824763903468,21.875484238333794,0,0.0,-0.0,1.6251263137946739,0,0.0,-0.0,11.682211507192566,0,0.0,-0.0,3.322637763296031,0,0.0,-0.0,2.6723768440379345,0,0.0,-0.0,3.160007554516598,0,1.0,-0.01638824763903468,1.6764670368779386,0,0.0,-0.0,6.575695764232627
2024-12-30,92792.05,-0.010093537106537043,False,1.0,-0.010093537106537043,21.654683226450704,0,0.0,-0.0,1.6251263137946739,0,0.0,-0.0,11.682211507192566,0,0.0,-0.0,3.322637763296031,0,0.0,-0.0,2.6723768440379345,0,0.0,-0.0,3.160007554516598,0,1.0,-0.010093537106537043,1.6595455546333249,0,0.0,-0.0,6.575695764232627
2024-12-31,93576.0,0.008448460832582105,False,1.0,0.008448460832582105,21.837631969531344,0,0.0,0.0,1.6251263137946739,0,0.0,0.0,11.682211507192566,0,0.0,0.0,3.322637763296031,0,0.0,0.0,2.6723768440379345,0,0.0,0.0,3.160007554516598,0,1.0,0.008448460832582105,1.6735661602515302,0,0.0,0.0,6.575695764232627
2025-01-01,94591.79,0.010855240659998211,False,1.0,0.010855240659998211,22.074684720005077,0,0.0,0.0,1.6251263137946739,0,0.0,0.0,11.682211507192566,0,0.0,0.0,3.322637763296031,0,0.0,0.0,2.6723768440379345,0,0.0,0.0,3.160007554516598,0,1.0,0.010855240659998211,1.6917331236814896,0,0.0,0.0,6.575695764232627
2025-01-02,96984.79,0.025298178626284695,False,1.0,0.025298178626284695,22.633134037170684,0,0.0,0.0,1.6251263137946739,0,0.0,0.0,11.682211507192566,0,0.0,0.0,3.322637763296031,0,0.0,0.0,2.6723768440379345,0,0.0,0.0,3.160007554516598,0,1.0,0.025298178626284695,1.7345308904323866,0,0.0,0.0,6.575695764232627
2025-01-03,98174.18,0.012263675572221189,False,1.0,0.012263675572221189,22.91069945018514,0,0.0,0.0,1.6251263137946739,0,0.0,0.0,11.682211507192566,0,0.0,0.0,3.322637763296031,0,0.0,0.0,2.6723768440379345,0,0.0,0.0,3.160007554516598,0,1.0,0.012263675572221189,1.7558026145426453,0,0.0,0.0,6.575695764232627
2025-01-04,98220.5,0.0004718144831972193,False,1.0,0.0004718144831972193,22.921509050005916,0,0.0,0.0,1.6251263137946739,0,0.0,0.0,11.682211507192566,0,0.0,0.0,3.322637763296031,0,0.0,0.0,2.6723768440379345,0,0.0,0.0,3.160007554516598,0,1.0,0.0004718144831972193,1.7566310276458221,0,0.0,0.0,6.575695764232627
2025-01-05,98363.61,0.0014570278098766654,False,1.0,0.0014570278098766654,22.954906326136115,0,0.0,0.0,1.6251263137946739,0,0.0,0.0,11.682211507192566,0,0.0,0.0,3.322637763296031,0,0.0,0.0,2.6723768440379345,0,0.0,0.0,3.160007554516598,0,1.0,0.0014570278098766654,1.7591904879047944,0,0.0,0.0,6.575695764232627
2025-01-06,102235.6,0.039364049367443865,False,1.0,0.039364049367443865,23.858504391983185,0,0.0,0.0,1.6251263137946739,0,0.0,0.0,11.682211507192566,0,0.0,0.0,3.322637763296031,0,0.0,0.0,2.6723768440379345,0,0.0,0.0,3.160007554516598,0,1.0,0.039364049367443865,1.8284393491174165,0,0.0,0.0,6.575695764232627
2025-01-07,96954.61,-0.05165509861535522,False,1.0,-0.05165509861535522,22.626090994800407,0,0.0,-0.0,1.6251263137946739,0,0.0,-0.0,11.682211507192566,0,0.0,-0.0,3.322637763296031,0,0.0,-0.0,2.6723768440379345,0,0.0,-0.0,3.160007554516598,0,1.0,-0.05165509861535522,1.7339911342265604,0,0.0,-0.0,6.575695764232627
2025-01-08,95060.61,-0.01953491432743626,False,1.0,-0.01953491432743626,22.184092245652202,0,0.0,-0.0,1.6251263137946739,0,0.0,-0.0,11.682211507192566,0,0.0,-0.0,3.322637763296031,0,0.0,-0.0,2.6723768440379345,0,0.0,-0.0,3.160007554516598,0,1.0,-0.01953491432743626,1.7001177659749105,0,0.0,-0.0,6.575695764232627
2025-01-09,92552.49,-0.026384429891623817,False,1.0,-0.026384429891623817,21.598777619087475,0,0.0,-0.0,1.6251263137946739,0,0.0,-0.0,11.682211507192566,0,0.0,-0.0,3.322637763296031,0,0.0,-0.0,2.6723768440379345,0,0.0,-0.0,3.160007554516598,0,1.0,-0.026384429891623817,1.6552611279710414,0,0.0,-0.0,6.575695764232627
2025-01-10,94726.11,0.02348526765730452,False,1.0,0.02348526765730452,22.106030692542344,0,0.0,0.0,1.6251263137946739,0,0.0,0.0,11.682211507192566,0,0.0,0.0,3.322637763296031,0,0.0,0.0,2.6723768440379345,0,0.0,0.0,3.160007554516598,0,1.0,0.02348526765730452,1.694135378604173,0,0.0,0.0,6.575695764232627
2025-01-11,94599.99,-0.0013314174940783907,False,1.0,-0.0013314174940783907,22.07659833655366,0,0.0,-0.0,1.6251263137946739,0,0.0,-0.0,11.682211507192566,0,0.0,-0.0,3.322637763296031,0,0.0,-0.0,2.6723768440379345,0,0.0,-0.0,3.160007554516598,0,1.0,-0.0013314174940783907,1.6918797771237624,0,0.0,-0.0,6.575695764232627
2025-01-12,94545.06,-0.0005806554525006336,False,1.0,-0.0005806554525006336,22.06377943935687,0,0.0,-0.0,1.6251263137946739,0,0.0,-0.0,11.682211507192566,0,0.0,-0.0,3.322637763296031,0,0.0,-0.0,2.6723768440379345,0,0.0,-0.0,3.160007554516598,0,1.0,-0.0005806554525006336,1.6908973779062,0,0.0,-0.0,6.575695764232627
2025-01-13,94536.1,-9.476962625010188e-05,False,1.0,-9.476962625010188e-05,22.06168846322574,0,0.0,-0.0,1.6251263137946739,0,0.0,-0.0,11.682211507192566,0,0.0,-0.0,3.322637763296031,0,0.0,-0.0,2.6723768440379345,0,0.0,-0.0,3.160007554516598,0,1.0,-9.476962625010188e-05,1.6907371321936686,0,0.0,-0.0,6.575695764232627
2025-01-14,96560.86,0.021417849900725594,False,1.0,0.021417849900725594,22.53420239528768,0,0.0,0.0,1.6251263137946739,0,0.0,0.0,11.682211507192566,0,0.0,0.0,3.322637763296031,0,0.0,0.0,2.6723768440379345,0,0.0,0.0,3.160007554516598,0,1.0,0.021417849900725594,1.7269490863125758,0,0.0,0.0,6.575695764232627
2025-01-15,100497.35,0.04076693186038316,True,1.0,0.04076693186038316,23.452852688864454,0,0.0,0.0,1.6251263137946739,0,0.0,0.0,11.682211507192566,0,0.0,0.0,3.322637763296031,0,0.0,0.0,2.6723768440379345,0,0.0,0.0,3.160007554516598,1,0.0,-0.001,1.7252221372262633,0,0.0,0.0,6.575695764232627
2025-01-16,99987.3,-0.005075258203325772,True,1.0,-0.005075258203325772,23.333823405863903,0,0.0,-0.0,1.6251263137946739,0,0.0,-0.0,11.682211507192566,0,0.0,-0.0,3.322637763296031,0,0.0,-0.0,2.6723768440379345,0,0.0,-0.0,3.160007554516598,1,1.0,-0.006075258203325772,1.7147409672845202,0,0.0,-0.0,6.575695764232627
2025-01-17,104077.48,0.04090699518838892,True,1.0,0.04090699518838892,24.288340007654295,0,0.0,0.0,1.6251263137946739,0,0.0,0.0,11.682211507192566,0,0.0,0.0,3.322637763296031,0,0.0,0.0,2.6723768440379345,0,0.0,0.0,3.160007554516598,1,1.0,0.04090699518838892,1.7848858677825614,0,0.0,0.0,6.575695764232627
2025-01-18,104556.23,0.0045999384304846735,True,1.0,0.0045999384304846735,24.400064876268182,0,0.0,0.0,1.6251263137946739,0,0.0,0.0,11.682211507192566,0,0.0,0.0,3.322637763296031,0,0.0,0.0,2.6723768440379345,0,0.0,0.0,3.160007554516598,1,1.0,0.0045999384304846735,1.7930962328798035,0,0.0,0.0,6.575695764232627
2025-01-19,101331.57,-0.030841395103859304,True,1.0,-0.030841395103859304,23.647532834859394,0,0.0,-0.0,1.6251263137946739,0,0.0,-0.0,11.682211507192566,0,0.0,-0.0,3.322637763296031,0,0.0,-0.0,2.6723768440379345,0,0.0,-0.0,3.160007554516598,1,1.0,-0.030841395103859304,1.7377946435023157,0,0.0,-0.0,6.575695764232627
2025-01-20,102260.01,0.009162396279856155,True,1.0,0.009162396279856155,23.864200901733287,0,0.0,0.0,1.6251263137946739,0,0.0,0.0,11.682211507192566,0,0.0,0.0,3.322637763296031,0,0.0,0.0,2.6723768440379345,0,0.0,0.0,3.160007554516598,1,1.0,0.009162396279856155,1.7537170066790952,0,0.0,0.0,6.575695764232627
2025-01-21,106143.82,0.03797975376689289,True,1.0,0.03797975376689289,24.77055737582478,0,0.0,0.0,1.6251263137946739,0,0.0,0.0,11.682211507192566,0,0.0,0.0,3.322637763296031,0,0.0,0.0,2.6723768440379345,0,0.0,0.0,3.160007554516598,1,1.0,0.03797975376689289,1.8203227467695797,0,0.0,0.0,6.575695764232627
2025-01-22,103706.66,-0.022960922265658046,True,1.0,-0.022960922265658046,24.201802533441445,0,0.0,-0.0,1.6251263137946739,0,0.0,-0.0,11.682211507192566,0,0.0,-0.0,3.322637763296031,0,0.0,-0.0,2.6723768440379345,0,0.0,-0.0,3.160007554516598,1,1.0,-0.022960922265658046,1.7785264576825943,0,0.0,-0.0,6.575695764232627
2025-01-23,103910.34,0.0019640011547956693,True,1.0,0.0019640011547956693,24.24933490156526,0,0.0,0.0,1.6251263137946739,0,0.0,0.0,11.682211507192566,0,0.0,0.0,3.322637763296031,0,0.0,0.0,2.6723768440379345,0,0.0,0.0,3.160007554516598,1,1.0,0.0019640011547956693,1.7820194856993177,0,0.0,0.0,6.575695764232627
2025-01-24,104870.5,0.009240273874573157,True,1.0,0.009240273874573157,24.473405397331966,0,0.0,0.0,1.6251263137946739,0,0.0,0.0,11.682211507192566,0,0.0,0.0,3.322637763296031,0,0.0,0.0,2.6723768440379345,0,0.0,0.0,3.160007554516598,1,1.0,0.009240273874573157,1.7984858337970053,0,0.0,0.0,6.575695764232627
2025-01-25,104746.85,-0.0011790732379457491,True,1.0,-0.0011790732379457491,24.444549459986575,0,0.0,-0.0,1.6251263137946739,0,0.0,-0.0,11.682211507192566,0,0.0,-0.0,3.322637763296031,0,0.0,-0.0,2.6723768440379345,0,0.0,-0.0,3.160007554516598,1,1.0,-0.0011790732379457491,1.7963652872815508,0,0.0,-0.0,6.575695764232627
2025-01-26,102620.0,-0.020304667873067395,True,1.0,-0.020304667873067395,23.94821100189478,0,0.0,-0.0,1.6251263137946739,0,0.0,-0.0,11.682211507192566,0,0.0,-0.0,3.322637763296031,0,0.0,-0.0,2.6723768440379345,0,0.0,-0.0,3.160007554516598,1,1.0,-0.020304667873067395,1.7598906867445916,0,0.0,-0.0,6.575695764232627
2025-01-27,102082.83,-0.0052345546677060595,True,1.0,-0.0052345546677060595,23.8228527822116,0,0.0,-0.0,1.6251263137946739,0,0.0,-0.0,11.682211507192566,0,0.0,-0.0,3.322637763296031,0,0.0,-0.0,2.6723768440379345,0,0.0,-0.0,3.160007554516598,1,1.0,-0.0052345546677060595,1.7506784427356403,0,0.0,-0.0,6.575695764232627
2025-01-28,101335.52,-0.0073206238502596666,True,1.0,-0.0073206238502596666,23.64845463795292,0,0.0,-0.0,1.6251263137946739,0,0.0,-0.0,11.682211507192566,0,0.0,-0.0,3.322637763296031,0,0.0,-0.0,2.6723768440379345,0,0.0,-0.0,3.160007554516598,1,1.0,-0.0073206238502596666,1.7378623843736143,0,0.0,-0.0,6.575695764232627
2025-01-29,103733.24,0.023661199942527578,True,1.0,0.023661199942527578,24.20800545147332,0,0.0,0.0,1.6251263137946739,0,0.0,0.0,11.682211507192566,0,0.0,0.0,3.322637763296031,0,0.0,0.0,2.6723768440379345,0,0.0,0.0,3.160007554516598,1,1.0,0.023661199942527578,1.778982293722876,0,0.0,0.0,6.575695764232627
2025-01-30,104722.94,0.00954081835292131,True,1.0,0.00954081835292131,24.438969634172356,0,0.0,0.0,1.6251263137946739,0,0.0,0.0,11.682211507192566,0,0.0,0.0,3.322637763296031,0,0.0,0.0,2.6723768440379345,0,0.0,0.0,3.160007554516598,1,1.0,0.00954081835292131,1.7959552406403494,0,0.0,0.0,6.575695764232627
2025-01-31,102429.56,-0.021899499765762886,True,1.0,-0.021899499765762886,23.903768424393313,0,0.0,-0.0,1.6251263137946739,0,0.0,-0.0,11.682211507192566,0,0.0,-0.0,3.322637763296031,0,0.0,-0.0,2.6723768440379345,0,0.0,-0.0,3.160007554516598,1,1.0,-0.021899499765762886,1.7566247192686255,0,0.0,-0.0,6.575695764232627
2025-02-01,100635.65,-0.01751359666096397,True,1.0,-0.01751359666096397,23.485127465531402,0,0.0,-0.0,1.6251263137946739,0,0.0,-0.0,11.682211507192566,0,0.0,-0.0,3.322637763296031,0,0.0,-0.0,2.6723768440379345,0,0.0,-0.0,3.160007554516598,1,1.0,-0.01751359666096397,1.7258599024506758,0,0.0,-0.0,6.575695764232627
2025-02-02,97700.59,-0.029165211334154395,True,1.0,-0.029165211334154395,22.800178759789624,0,0.0,-0.0,1.6251263137946739,0,0.0,-0.0,11.682211507192566,0,0.0,-0.0,3.322637763296031,0,0.0,-0.0,2.6723768440379345,0,0.0,-0.0,3.160007554516598,1,1.0,-0.029165211334154395,1.6755248336625588,0,0.0,-0.0,6.575695764232627
2025-02-03,101328.52,0.03713314320824468,True,1.0,0.03713314320824468,23.64682106285047,0,0.0,0.0,1.6251263137946739,0,0.0,0.0,11.682211507192566,0,0.0,0.0,3.322637763296031,0,0.0,0.0,2.6723768440379345,0,0.0,0.0,3.160007554516598,1,1.0,0.03713314320824468,1.737742337259921,0,0.0,0.0,6.575695764232627
2025-02-04,97763.13,-0.03518644109279401,False,1.0,-0.03518644109279401,22.81477358649064,0,0.0,-0.0,1.6251263137946739,0,0.0,-0.0,11.682211507192566,0,0.0,-0.0,3.322637763296031,0,0.0,-0.0,2.6723768440379345,0,0.0,-0.0,3.160007554516598,0,1.0,-0.03518644109279401,1.6765973688754705,0,0.0,-0.0,6.575695764232627
2025-02-05,96612.43,-0.011770285996367091,False,1.0,-0.011770285996367091,22.546237176435284,0,0.0,-0.0,1.6251263137946739,0,0.0,-0.0,11.682211507192566,0,0.0,-0.0,3.322637763296031,0,0.0,-0.0,2.6723768440379345,0,0.0,-0.0,3.160007554516598,0,1.0,-0.011770285996367091,1.6568633383430496,0,0.0,-0.0,6.575695764232627
2025-02-06,96554.35,-0.0006011648811647952,False,1.0,-0.0006011648811647952,22.5326831704424,0,0.0,-0.0,1.6251263137946739,0,0.0,-0.0,11.682211507192566,0,0.0,-0.0,3.322637763296031,0,0.0,-0.0,2.6723768440379345,0,0.0,-0.0,3.160007554516598,0,1.0,-0.0006011648811647952,1.6558672902911482,0,0.0,-0.0,6.575695764232627
2025-02-07,96506.8,-0.0004924687494659574,False,1.0,-0.0004924687494659574,22.52158652813934,0,0.0,-0.0,1.6251263137946739,0,0.0,-0.0,11.682211507192566,0,0.0,-0.0,3.322637763296031,0,0.0,-0.0,2.6723768440379345,0,0.0,-0.0,3.160007554516598,0,1.0,-0.0004924687494659574,1.6550518273974169,0,0.0,-0.0,6.575695764232627
2025-02-08,96444.74,-0.0006430634939713631,False,1.0,-0.0006430634939713631,22.50710371801678,0,0.0,-0.0,1.6251263137946739,0,0.0,-0.0,11.682211507192566,0,0.0,-0.0,3.322637763296031,0,0.0,-0.0,2.6723768440379345,0,0.0,-0.0,3.160007554516598,0,1.0,-0.0006430634939713631,1.6539875239865869,0,0.0,-0.0,6.575695764232627
2025-02-09,96462.75,0.00018673905907151678,False,1.0,0.00018673905907151678,22.511306673387505,0,0.0,0.0,1.6251263137946739,0,0.0,0.0,11.682211507192566,0,0.0,0.0,3.322637763296031,0,0.0,0.0,2.6723768440379345,0,0.0,0.0,3.160007554516598,0,1.0,0.00018673905907151678,1.6542963880605321,0,0.0,0.0,6.575695764232627
2025-02-10,97430.82,0.010035687350816946,False,1.0,0.010035687350816946,22.737223109019983,0,0.0,0.0,1.6251263137946739,0,0.0,0.0,11.682211507192566,0,0.0,0.0,3.322637763296031,0,0.0,0.0,2.6723768440379345,0,0.0,0.0,3.160007554516598,0,1.0,0.010035687350816946,1.6708983893966933,0,0.0,0.0,6.575695764232627
2025-02-11,95778.2,-0.016961983897908373,False,1.0,-0.016961983897908373,22.351554696761635,0,0.0,-0.0,1.6251263137946739,0,0.0,-0.0,11.682211507192566,0,0.0,-0.0,3.322637763296031,0,0.0,-0.0,2.6723768440379345,0,0.0,-0.0,3.160007554516598,0,1.0,-0.016961983897908373,1.6425566378207055,0,0.0,-0.0,6.575695764232627
2025-02-12,97869.99,0.021839938524633062,False,1.0,0.021839938524633062,22.839711277268883,0,0.0,0.0,1.6251263137946739,0,0.0,0.0,11.682211507192566,0,0.0,0.0,3.322637763296031,0,0.0,0.0,2.6723768440379345,0,0.0,0.0,3.160007554516598,0,1.0,0.021839938524633062,1.6784299738139377,0,0.0,0.0,6.575695764232627
2025-02-13,96608.14,-0.0128931248485874,False,1.0,-0.0128931248485874,22.545236028265364,0,0.0,-0.0,1.6251263137946739,0,0.0,-0.0,11.682211507192566,0,0.0,-0.0,3.322637763296031,0,0.0,-0.0,2.6723768440379345,0,0.0,-0.0,3.160007554516598,0,1.0,-0.0128931248485874,1.6567897666119433,0,0.0,-0.0,6.575695764232627
2025-02-14,97500.48,0.009236695789816451,False,1.0,0.009236695789816451,22.75347951496806,0,0.0,0.0,1.6251263137946739,0,0.0,0.0,11.682211507192566,0,0.0,0.0,3.322637763296031,0,0.0,0.0,2.6723768440379345,0,0.0,0.0,3.160007554516598,0,1.0,0.009236695789816451,1.6720930296738188,0,0.0,0.0,6.575695764232627
2025-02-15,97569.66,0.0007095349684433927,False,1.0,0.0007095349684433927,22.76962390433769,0,0.0,0.0,1.6251263137946739,0,0.0,0.0,11.682211507192566,0,0.0,0.0,3.322637763296031,0,0.0,0.0,2.6723768440379345,0,0.0,0.0,3.160007554516598,0,1.0,0.0007095349684433927,1.6732794381488627,0,0.0,0.0,6.575695764232627
2025-02-16,96118.12,-0.014876960727340904,False,1.0,-0.014876960727340904,22.430881103736535,0,0.0,-0.0,1.6251263137946739,0,0.0,-0.0,11.682211507192566,0,0.0,-0.0,3.322637763296031,0,0.0,-0.0,2.6723768440379345,0,0.0,-0.0,3.160007554516598,0,1.0,-0.014876960727340904,1.648386125661655,0,0.0,-0.0,6.575695764232627
2025-02-17,95780.0,-0.0035177550289164916,False,1.0,-0.0035177550289164916,22.351974758930837,0,0.0,-0.0,1.6251263137946739,0,0.0,-0.0,11.682211507192566,0,0.0,-0.0,3.322637763296031,0,0.0,-0.0,2.6723768440379345,0,0.0,-0.0,3.160007554516598,0,1.0,-0.0035177550289164916,1.6425875070785125,0,0.0,-0.0,6.575695764232627
2025-02-18,95671.74,-0.0011302986009604776,False,1.0,-0.0011302986009604776,22.326710353132114,0,0.0,-0.0,1.6251263137946739,0,0.0,-0.0,11.682211507192566,0,0.0,-0.0,3.322637763296031,0,0.0,-0.0,2.6723768440379345,0,0.0,-0.0,3.160007554516598,0,1.0,-0.0011302986009604776,1.6407308927173065,0,0.0,-0.0,6.575695764232627
2025-02-19,96644.37,0.01016632497746972,False,1.0,0.01016632497746972,22.55369094625989,0,0.0,0.0,1.6251263137946739,0,0.0,0.0,11.682211507192566,0,0.0,0.0,3.322637763296031,0,0.0,0.0,2.6723768440379345,0,0.0,0.0,3.160007554516598,0,1.0,0.01016632497746972,1.6574110961732447,0,0.0,0.0,6.575695764232627
2025-02-20,98305.0,0.017182894357943512,False,1.0,0.017182894357943512,22.941228635171182,0,0.0,0.0,1.6251263137946739,0,0.0,0.0,11.682211507192566,0,0.0,0.0,3.322637763296031,0,0.0,0.0,2.6723768440379345,0,0.0,0.0,3.160007554516598,0,1.0,0.017182894357943512,1.6858902159464728,0,0.0,0.0,6.575695764232627
2025-02-21,96181.98,-0.02159625654849706,False,1.0,-0.02159625654849706,22.4457839760283,0,0.0,-0.0,1.6251263137946739,0,0.0,-0.0,11.682211507192566,0,0.0,-0.0,3.322637763296031,0,0.0,-0.0,2.6723768440379345,0,0.0,-0.0,3.160007554516598,0,1.0,-0.02159625654849706,1.6494812983302918,0,0.0,-0.0,6.575695764232627
2025-02-22,96551.01,0.0038367893861199764,False,1.0,0.0038367893861199764,22.531903721750666,0,0.0,0.0,1.6251263137946739,0,0.0,0.0,11.682211507192566,0,0.0,0.0,3.322637763296031,0,0.0,0.0,2.6723768440379345,0,0.0,0.0,3.160007554516598,0,1.0,0.0038367893861199764,1.655810010668329,0,0.0,0.0,6.575695764232627
2025-02-23,96258.0,-0.003034768875022631,False,1.0,-0.003034768875022631,22.46352460164089,0,0.0,-0.0,1.6251263137946739,0,0.0,-0.0,11.682211507192566,0,0.0,-0.0,3.322637763296031,0,0.0,-0.0,2.6723768440379345,0,0.0,-0.0,3.160007554516598,0,1.0,-0.003034768875022631,1.6507850099850017,0,0.0,-0.0,6.575695764232627
2025-02-24,91552.88,-0.04888030085811046,False,1.0,-0.04888030085811046,21.365500760779117,0,0.0,-0.0,1.6251263137946739,0,0.0,-0.0,11.682211507192566,0,0.0,-0.0,3.322637763296031,0,0.0,-0.0,2.6723768440379345,0,0.0,-0.0,3.160007554516598,0,0.0,-0.001,1.6491342249750167,0,0.0,-0.0,6.575695764232627
2025-02-25,88680.4,-0.0313750916410277,False,1.0,-0.0313750916410277,20.695156216453224,0,0.0,-0.0,1.6251263137946739,0,0.0,-0.0,11.682211507192566,0,0.0,-0.0,3.322637763296031,0,0.0,-0.0,2.6723768440379345,0,0.0,-0.0,3.160007554516598,0,0.0,-0.0,1.6491342249750167,0,0.0,-0.0,6.575695764232627
2025-02-26,84250.09,-0.04995816437454048,False,1.0,-0.04995816437454048,19.66126420043486,0,0.0,-0.0,1.6251263137946739,0,0.0,-0.0,11.682211507192566,0,0.0,-0.0,3.322637763296031,0,0.0,-0.0,2.6723768440379345,0,0.0,-0.0,3.160007554516598,0,0.0,-0.0,1.6491342249750167,0,0.0,-0.0,6.575695764232627
2025-02-27,84708.58,0.005442011990729023,False,1.0,0.005442011990729023,19.768261035966518,0,0.0,0.0,1.6251263137946739,0,0.0,0.0,11.682211507192566,0,0.0,0.0,3.322637763296031,0,0.0,0.0,2.6723768440379345,0,0.0,0.0,3.160007554516598,0,0.0,0.0,1.6491342249750167,0,0.0,0.0,6.575695764232627
2025-02-28,84349.94,-0.0042338096093689215,False,1.0,-0.0042338096093689215,19.68456598243193,0,0.0,-0.0,1.6251263137946739,0,0.0,-0.0,11.682211507192566,0,0.0,-0.0,3.322637763296031,0,0.0,-0.0,2.6723768440379345,0,0.0,-0.0,3.160007554516598,0,0.0,-0.0,1.6491342249750167,0,0.0,-0.0,6.575695764232627
2025-03-01,86064.53,0.02032710396711601,False,1.0,0.02032710396711601,20.08469620170438,0,0.0,0.0,1.6251263137946739,0,0.0,0.0,11.682211507192566,0,0.0,0.0,3.322637763296031,0,0.0,0.0,2.6723768440379345,0,0.0,0.0,3.160007554516598,0,0.0,0.0,1.6491342249750167,0,0.0,0.0,6.575695764232627
2025-03-02,94270.0,0.09534090292481712,False,1.0,0.09534090292481712,21.999589272545517,0,0.0,0.0,1.6251263137946739,0,0.0,0.0,11.682211507192566,0,0.0,0.0,3.322637763296031,0,0.0,0.0,2.6723768440379345,0,0.0,0.0,3.160007554516598,0,0.0,0.0,1.6491342249750167,0,0.0,0.0,6.575695764232627
2025-03-03,86220.61,-0.08538654927336375,False,1.0,-0.08538654927336375,20.121120259131544,0,0.0,-0.0,1.6251263137946739,0,0.0,-0.0,11.682211507192566,0,0.0,-0.0,3.322637763296031,0,0.0,-0.0,2.6723768440379345,0,0.0,-0.0,3.160007554516598,0,0.0,-0.0,1.6491342249750167,0,0.0,-0.0,6.575695764232627
2025-03-04,87281.98,0.012309933784973248,False,1.0,0.012309933784973248,20.368809917200938,0,0.0,0.0,1.6251263137946739,0,0.0,0.0,11.682211507192566,0,0.0,0.0,3.322637763296031,0,0.0,0.0,2.6723768440379345,0,0.0,0.0,3.160007554516598,0,0.0,0.0,1.6491342249750167,0,0.0,0.0,6.575695764232627
2025-03-05,90606.01,0.038083806073143656,False,1.0,0.038083806073143656,21.144531724028344,0,0.0,0.0,1.6251263137946739,0,0.0,0.0,11.682211507192566,0,0.0,0.0,3.322637763296031,0,0.0,0.0,2.6723768440379345,0,0.0,0.0,3.160007554516598,0,0.0,0.0,1.6491342249750167,0,0.0,0.0,6.575695764232627
2025-03-06,89931.89,-0.007440124556858829,False,1.0,-0.007440124556858829,20.98721377430512,0,0.0,-0.0,1.6251263137946739,0,0.0,-0.0,11.682211507192566,0,0.0,-0.0,3.322637763296031,0,0.0,-0.0,2.6723768440379345,0,0.0,-0.0,3.160007554516598,0,0.0,-0.0,1.6491342249750167,0,0.0,-0.0,6.575695764232627
2025-03-07,86801.75,-0.034805673493573885,False,1.0,-0.034805673493573885,20.256739664136816,0,0.0,-0.0,1.6251263137946739,0,0.0,-0.0,11.682211507192566,0,0.0,-0.0,3.322637763296031,0,0.0,-0.0,2.6723768440379345,0,0.0,-0.0,3.160007554516598,0,0.0,-0.0,1.6491342249750167,0,0.0,-0.0,6.575695764232627
2025-03-08,86222.45,-0.006673828580645025,False,1.0,-0.006673828580645025,20.121549656015613,0,0.0,-0.0,1.6251263137946739,0,0.0,-0.0,11.682211507192566,0,0.0,-0.0,3.322637763296031,0,0.0,-0.0,2.6723768440379345,0,0.0,-0.0,3.160007554516598,0,0.0,-0.0,1.6491342249750167,0,0.0,-0.0,6.575695764232627
2025-03-09,80734.37,-0.0636502442229373,False,1.0,-0.0636502442229373,18.84080810626626,0,0.0,-0.0,1.6251263137946739,0,0.0,-0.0,11.682211507192566,0,0.0,-0.0,3.322637763296031,0,0.0,-0.0,2.6723768440379345,0,0.0,-0.0,3.160007554516598,0,0.0,-0.0,1.6491342249750167,0,0.0,-0.0,6.575695764232627
2025-03-10,78595.86,-0.026488223045525672,False,1.0,-0.026488223045525672,18.34174857878953,0,0.0,-0.0,1.6251263137946739,0,0.0,-0.0,11.682211507192566,0,0.0,-0.0,3.322637763296031,0,0.0,-0.0,2.6723768440379345,0,0.0,-0.0,3.160007554516598,0,0.0,-0.0,1.6491342249750167,0,0.0,-0.0,6.575695764232627
2025-03-11,82932.99,0.055182677560879245,False,1.0,0.055182677560879245,19.353895376515588,0,0.0,0.0,1.6251263137946739,0,0.0,0.0,11.682211507192566,0,0.0,0.0,3.322637763296031,0,0.0,0.0,2.6723768440379345,0,0.0,0.0,3.160007554516598,0,0.0,0.0,1.6491342249750167,0,0.0,0.0,6.575695764232627
2025-03-12,83680.12,0.009008839546240877,False,1.0,0.009008839546240877,19.52825151455735,0,0.0,0.0,1.6251263137946739,0,0.0,0.0,11.682211507192566,0,0.0,0.0,3.322637763296031,0,0.0,0.0,2.6723768440379345,0,0.0,0.0,3.160007554516598,0,0.0,0.0,1.6491342249750167,0,0.0,0.0,6.575695764232627
2025-03-13,81115.78,-0.030644554525017353,False,1.0,-0.030644554525017353,18.929816946241246,0,0.0,-0.0,1.6251263137946739,0,0.0,-0.0,11.682211507192566,0,0.0,-0.0,3.322637763296031,0,0.0,-0.0,2.6723768440379345,0,0.0,-0.0,3.160007554516598,0,0.0,-0.0,1.6491342249750167,0,0.0,-0.0,6.575695764232627
2025-03-14,83983.2,0.03534971863674374,False,1.0,0.03534971863674374,19.59898064913594,0,0.0,0.0,1.6251263137946739,0,0.0,0.0,11.682211507192566,0,0.0,0.0,3.322637763296031,0,0.0,0.0,2.6723768440379345,0,0.0,0.0,3.160007554516598,0,0.0,0.0,1.6491342249750167,0,0.0,0.0,6.575695764232627
2025-03-15,84338.44,0.004229893597767154,False,1.0,0.004229893597767154,19.68188225190648,0,0.0,0.0,1.6251263137946739,0,0.0,0.0,11.682211507192566,0,0.0,0.0,3.322637763296031,0,0.0,0.0,2.6723768440379345,0,0.0,0.0,3.160007554516598,0,0.0,0.0,1.6491342249750167,0,0.0,0.0,6.575695764232627
2025-03-16,82574.53,-0.020914662400679962,False,1.0,-0.020914662400679962,19.27024232919792,0,0.0,-0.0,1.6251263137946739,0,0.0,-0.0,11.682211507192566,0,0.0,-0.0,3.322637763296031,0,0.0,-0.0,2.6723768440379345,0,0.0,-0.0,3.160007554516598,0,0.0,-0.0,1.6491342249750167,0,0.0,-0.0,6.575695764232627
2025-03-17,84010.03,0.017384295133135996,False,1.0,0.017384295133135996,19.605241909135746,0,0.0,0.0,1.6251263137946739,0,0.0,0.0,11.682211507192566,0,0.0,0.0,3.322637763296031,0,0.0,0.0,2.6723768440379345,0,0.0,0.0,3.160007554516598,0,0.0,0.0,1.6491342249750167,0,0.0,0.0,6.575695764232627
2025-03-18,82715.03,-0.015414826063030795,False,1.0,-0.015414826063030795,19.303030515182776,0,0.0,-0.0,1.6251263137946739,0,0.0,-0.0,11.682211507192566,0,0.0,-0.0,3.322637763296031,0,0.0,-0.0,2.6723768440379345,0,0.0,-0.0,3.160007554516598,0,0.0,-0.0,1.6491342249750167,0,0.0,-0.0,6.575695764232627
2025-03-19,86845.94,0.04994146771149088,True,1.0,0.04994146771149088,20.2670521903907,0,0.0,0.0,1.6251263137946739,0,0.0,0.0,11.682211507192566,0,0.0,0.0,3.322637763296031,0,0.0,0.0,2.6723768440379345,0,0.0,0.0,3.160007554516598,1,0.0,0.0,1.6491342249750167,0,0.0,0.0,6.575695764232627
2025-03-20,84223.39,-0.030197727147636355,False,1.0,-0.030197727147636355,19.655033278258376,0,0.0,-0.0,1.6251263137946739,0,0.0,-0.0,11.682211507192566,0,0.0,-0.0,3.322637763296031,0,0.0,-0.0,2.6723768440379345,0,0.0,-0.0,3.160007554516598,0,1.0,-0.031197727147636356,1.5976849853944175,0,0.0,-0.0,6.575695764232627
2025-03-21,84088.79,-0.0015981308755205204,False,1.0,-0.0015981308755205204,19.623621962717007,0,0.0,-0.0,1.6251263137946739,0,0.0,-0.0,11.682211507192566,0,0.0,-0.0,3.322637763296031,0,0.0,-0.0,2.6723768440379345,0,0.0,-0.0,3.160007554516598,0,1.0,-0.0015981308755205204,1.5951316756899032,0,0.0,-0.0,6.575695764232627
2025-03-22,83840.59,-0.0029516419489445944,False,1.0,-0.0029516419489445944,19.56570005694162,0,0.0,-0.0,1.6251263137946739,0,0.0,-0.0,11.682211507192566,0,0.0,-0.0,3.322637763296031,0,0.0,-0.0,2.6723768440379345,0,0.0,-0.0,3.160007554516598,0,1.0,-0.0029516419489445944,1.5904234181218466,0,0.0,-0.0,6.575695764232627
2025-03-23,86082.5,0.02674015056430301,False,1.0,0.02674015056430301,20.08888982236023,0,0.0,0.0,1.6251263137946739,0,0.0,0.0,11.682211507192566,0,0.0,0.0,3.322637763296031,0,0.0,0.0,2.6723768440379345,0,0.0,0.0,3.160007554516598,0,1.0,0.02674015056430301,1.6329515797834182,0,0.0,0.0,6.575695764232627
2025-03-24,87498.16,0.01644538669299811,True,1.0,0.01644538669299811,20.41925938372198,0,0.0,0.0,1.6251263137946739,0,0.0,0.0,11.682211507192566,0,0.0,0.0,3.322637763296031,0,0.0,0.0,2.6723768440379345,0,0.0,0.0,3.160007554516598,1,1.0,0.01644538669299811,1.6598060999638986,0,0.0,0.0,6.575695764232627
2025-03-25,87392.87,-0.0012033395902268929,False,1.0,-0.0012033395902268929,20.394688080502434,0,0.0,-0.0,1.6251263137946739,0,0.0,-0.0,11.682211507192566,0,0.0,-0.0,3.322637763296031,0,0.0,-0.0,2.6723768440379345,0,0.0,-0.0,3.160007554516598,0,1.0,-0.0012033395902268929,1.657808789571712,0,0.0,-0.0,6.575695764232627
2025-03-26,86909.17,-0.005534776464029556,False,1.0,-0.005534776464029556,20.281808040923245,0,0.0,-0.0,1.6251263137946739,0,0.0,-0.0,11.682211507192566,0,0.0,-0.0,3.322637763296031,0,0.0,-0.0,2.6723768440379345,0,0.0,-0.0,3.160007554516598,0,1.0,-0.005534776464029556,1.6486331885013292,0,0.0,-0.0,6.575695764232627
2025-03-27,87232.01,0.003714682811951864,True,1.0,0.003714682811951864,20.35714852464817,0,0.0,0.0,1.6251263137946739,0,0.0,0.0,11.682211507192566,0,0.0,0.0,3.322637763296031,0,0.0,0.0,2.6723768440379345,0,0.0,0.0,3.160007554516598,1,1.0,0.003714682811951864,1.6547573378698686,0,0.0,0.0,6.575695764232627
2025-03-28,84424.38,-0.0321857767578666,False,1.0,-0.0321857767578666,19.701937886807112,0,0.0,-0.0,1.6251263137946739,0,0.0,-0.0,11.682211507192566,0,0.0,-0.0,3.322637763296031,0,0.0,-0.0,2.6723768440379345,0,0.0,-0.0,3.160007554516598,0,1.0,-0.0321857767578666,1.6014976876047473,0,0.0,-0.0,6.575695764232627
2025-03-29,82648.54,-0.02103468216171689,True,1.0,-0.02103468216171689,19.287513885388236,0,0.0,-0.0,1.6251263137946739,0,0.0,-0.0,11.682211507192566,0,0.0,-0.0,3.322637763296031,0,0.0,-0.0,2.6723768440379345,0,0.0,-0.0,3.160007554516598,1,1.0,-0.02103468216171689,1.567810692763257,0,0.0,-0.0,6.575695764232627
2025-03-30,82389.99,-0.0031283069247198814,True,1.0,-0.0031283069247198814,19.227176622139947,0,0.0,-0.0,1.6251263137946739,0,0.0,-0.0,11.682211507192566,0,0.0,-0.0,3.322637763296031,0,0.0,-0.0,2.6723768440379345,0,0.0,-0.0,3.160007554516598,1,1.0,-0.0031283069247198814,1.5629060997164357,0,0.0,-0.0,6.575695764232627
2025-03-31,82550.01,0.0019422262340362817,False,1.0,0.0019422262340362817,19.264520148981916,0,0.0,0.0,1.6251263137946739,0,0.0,0.0,11.682211507192566,0,0.0,0.0,3.322637763296031,0,0.0,0.0,2.6723768440379345,0,0.0,0.0,3.160007554516598,0,1.0,0.0019422262340362817,1.5659416169446403,0,0.0,0.0,6.575695764232627
2025-04-01,85158.34,0.031596967704788925,True,1.0,0.031596967704788925,19.87322056997755,0,0.0,0.0,1.6251263137946739,0,0.0,0.0,11.682211507192566,0,0.0,0.0,3.322637763296031,0,0.0,0.0,2.6723768440379345,0,0.0,0.0,3.160007554516598,1,1.0,0.031596967704788925,1.615420623642825,0,0.0,0.0,6.575695764232627
2025-04-02,82516.29,-0.0310251468030025,True,1.0,-0.0310251468030025,19.256650984345548,0,0.0,-0.0,1.6251263137946739,0,0.0,-0.0,11.682211507192566,0,0.0,-0.0,3.322637763296031,0,0.0,-0.0,2.6723768440379345,0,0.0,-0.0,3.160007554516598,1,1.0,-0.0310251468030025,1.5653019616457085,0,0.0,-0.0,6.575695764232627
2025-04-03,83213.09,0.008444393222235336,False,1.0,0.008444393222235336,19.41926171740071,0,0.0,0.0,1.6251263137946739,0,0.0,0.0,11.682211507192566,0,0.0,0.0,3.322637763296031,0,0.0,0.0,2.6723768440379345,0,0.0,0.0,3.160007554516598,0,1.0,0.008444393222235336,1.578519986921381,0,0.0,0.0,6.575695764232627
2025-04-04,83889.87,0.00813309540602325,False,1.0,0.00813309540602325,19.577200425662863,0,0.0,0.0,1.6251263137946739,0,0.0,0.0,11.682211507192566,0,0.0,0.0,3.322637763296031,0,0.0,0.0,2.6723768440379345,0,0.0,0.0,3.160007554516598,0,1.0,0.00813309540602325,1.5913582405753273,0,0.0,0.0,6.575695764232627
2025-04-05,83537.99,-0.004194546969735313,True,1.0,-0.004194546969735313,19.495082938941497,0,0.0,-0.0,1.6251263137946739,0,0.0,-0.0,11.682211507192566,0,0.0,-0.0,3.322637763296031,0,0.0,-0.0,2.6723768440379345,0,0.0,-0.0,3.160007554516598,1,1.0,-0.004194546969735313,1.5846832136895588,0,0.0,-0.0,6.575695764232627
2025-04-06,78430.0,-0.061145713465215135,False,1.0,-0.061145713465215135,18.303042183576377,0,0.0,-0.0,1.6251263137946739,0,0.0,-0.0,11.682211507192566,0,0.0,-0.0,3.322637763296031,0,0.0,-0.0,2.6723768440379345,0,0.0,-0.0,3.160007554516598,0,1.0,-0.061145713465215135,1.4877866279721608,0,0.0,-0.0,6.575695764232627
2025-04-07,79163.24,0.009348973607038236,False,1.0,0.009348973607038236,18.47415684187914,0,0.0,0.0,1.6251263137946739,0,0.0,0.0,11.682211507192566,0,0.0,0.0,3.322637763296031,0,0.0,0.0,2.6723768440379345,0,0.0,0.0,3.160007554516598,0,1.0,0.009348973607038236,1.5016959058899768,0,0.0,0.0,6.575695764232627
2025-04-08,76322.42,-0.03588559538492875,False,1.0,-0.03588559538492875,17.81120072437375,0,0.0,-0.0,1.6251263137946739,0,0.0,-0.0,11.682211507192566,0,0.0,-0.0,3.322637763296031,0,0.0,-0.0,2.6723768440379345,0,0.0,-0.0,3.160007554516598,0,1.0,-0.03588559538492875,1.447806654220005,0,0.0,-0.0,6.575695764232627
2025-04-09,82615.22,0.0824502158081466,False,1.0,0.0824502158081466,19.279738067900585,0,0.0,0.0,1.6251263137946739,0,0.0,0.0,11.682211507192566,0,0.0,0.0,3.322637763296031,0,0.0,0.0,2.6723768440379345,0,0.0,0.0,3.160007554516598,0,1.0,0.0824502158081466,1.567178625308915,0,0.0,0.0,6.575695764232627
2025-04-10,79607.3,-0.036408787630172745,False,1.0,-0.036408787630172745,18.577786179021036,0,0.0,-0.0,1.6251263137946739,0,0.0,-0.0,11.682211507192566,0,0.0,-0.0,3.322637763296031,0,0.0,-0.0,2.6723768440379345,0,0.0,-0.0,3.160007554516598,0,1.0,-0.036408787630172745,1.5101195515614967,0,0.0,-0.0,6.575695764232627
2025-04-11,83423.84,0.047942085713244875,False,1.0,0.047942085713244875,19.468443996378,0,0.0,0.0,1.6251263137946739,0,0.0,0.0,11.682211507192566,0,0.0,0.0,3.322637763296031,0,0.0,0.0,2.6723768440379345,0,0.0,0.0,3.160007554516598,0,1.0,0.047942085713244875,1.582517832539705,0,0.0,0.0,6.575695764232627
2025-04-12,85276.9,0.022212595344448305,False,1.0,0.022212595344448305,19.900888664855596,0,0.0,0.0,1.6251263137946739,0,0.0,0.0,11.682211507192566,0,0.0,0.0,3.322637763296031,0,0.0,0.0,2.6723768440379345,0,0.0,0.0,3.160007554516598,0,1.0,0.022212595344448305,1.6176696607792829,0,0.0,0.0,6.575695764232627
2025-04-13,83760.0,-0.017787935537056265,False,1.0,-0.017787935537056265,19.54689294015501,0,0.0,-0.0,1.6251263137946739,0,0.0,-0.0,11.682211507192566,0,0.0,-0.0,3.322637763296031,0,0.0,-0.0,2.6723768440379345,0,0.0,-0.0,3.160007554516598,0,1.0,-0.017787935537056265,1.5888946571330893,0,0.0,-0.0,6.575695764232627
2025-04-14,84591.58,0.009928127984718316,False,1.0,0.009928127984718316,19.740956994968457,0,0.0,0.0,1.6251263137946739,0,0.0,0.0,11.682211507192566,0,0.0,0.0,3.322637763296031,0,0.0,0.0,2.6723768440379345,0,0.0,0.0,3.160007554516598,0,1.0,0.009928127984718316,1.6046694066433418,0,0.0,0.0,6.575695764232627
2025-04-15,83643.99,-0.011201942320973268,False,1.0,-0.011201942320973268,19.519819933350007,0,0.0,-0.0,1.6251263137946739,0,0.0,-0.0,11.682211507192566,0,0.0,-0.0,3.322637763296031,0,0.0,-0.0,2.6723768440379345,0,0.0,-0.0,3.160007554516598,0,1.0,-0.011201942320973268,1.5866939925058927,0,0.0,-0.0,6.575695764232627
2025-04-16,84030.38,0.004619459210398746,False,1.0,0.004619459210398746,19.609990945326444,0,0.0,0.0,1.6251263137946739,0,0.0,0.0,11.682211507192566,0,0.0,0.0,3.322637763296031,0,0.0,0.0,2.6723768440379345,0,0.0,0.0,3.160007554516598,0,1.0,0.004619459210398746,1.5940236606836584,0,0.0,0.0,6.575695764232627
2025-04-17,84947.91,0.010919027142326287,True,1.0,0.010919027142326287,19.824112968719238,0,0.0,0.0,1.6251263137946739,0,0.0,0.0,11.682211507192566,0,0.0,0.0,3.322637763296031,0,0.0,0.0,2.6723768440379345,0,0.0,0.0,3.160007554516598,1,1.0,0.010919027142326287,1.6114288483001735,0,0.0,0.0,6.575695764232627
2025-04-18,84474.69,-0.005570707978571843,True,1.0,-0.005570707978571843,19.713678624436284,0,0.0,-0.0,1.6251263137946739,0,0.0,-0.0,11.682211507192566,0,0.0,-0.0,3.322637763296031,0,0.0,-0.0,2.6723768440379345,0,0.0,-0.0,3.160007554516598,1,1.0,-0.005570707978571843,1.602452048758047,0,0.0,-0.0,6.575695764232627
2025-04-19,85077.01,0.007130183016948566,True,1.0,0.007130183016948566,19.854240760965823,0,0.0,0.0,1.6251263137946739,0,0.0,0.0,11.682211507192566,0,0.0,0.0,3.322637763296031,0,0.0,0.0,2.6723768440379345,0,0.0,0.0,3.160007554516598,1,1.0,0.007130183016948566,1.613877825141576,0,0.0,0.0,6.575695764232627
2025-04-20,85179.24,0.0012016172171542827,True,1.0,0.0012016172171542827,19.878097958497726,0,0.0,0.0,1.6251263137946739,0,0.0,0.0,11.682211507192566,0,0.0,0.0,3.322637763296031,0,0.0,0.0,2.6723768440379345,0,0.0,0.0,3.160007554516598,1,1.0,0.0012016172171542827,1.6158170885226495,0,0.0,0.0,6.575695764232627
2025-04-21,87516.23,0.02743614523914495,True,1.0,0.02743614523914495,20.42347634116502,0,0.0,0.0,1.6251263137946739,0,0.0,0.0,11.682211507192566,0,0.0,0.0,3.322637763296031,0,0.0,0.0,2.6723768440379345,0,0.0,0.0,3.160007554516598,1,1.0,0.02743614523914495,1.6601488808432492,0,0.0,0.0,6.575695764232627
2025-04-22,93442.99,0.0677218385664009,True,1.0,0.0677218385664009,21.806591708906108,0,0.0,0.0,1.6251263137946739,0,0.0,0.0,11.682211507192566,0,0.0,0.0,3.322637763296031,0,0.0,0.0,2.6723768440379345,0,0.0,0.0,3.160007554516598,1,1.0,0.0677218385664009,1.772577215347907,0,0.0,0.0,6.575695764232627
2025-04-23,93691.08,0.0026549878166355345,True,1.0,0.0026549878166355345,21.8644879442156,0,0.0,0.0,1.6251263137946739,0,0.0,0.0,11.682211507192566,0,0.0,0.0,3.322637763296031,0,0.0,0.0,2.6723768440379345,0,0.0,0.0,3.160007554516598,1,1.0,0.0026549878166355345,1.7772833862587014,0,0.0,0.0,6.575695764232627
2025-04-24,93980.47,0.0030887678955136,True,1.0,0.0030887678955136,21.93202227262954,0,0.0,0.0,1.6251263137946739,0,0.0,0.0,11.682211507192566,0,0.0,0.0,3.322637763296031,0,0.0,0.0,2.6723768440379345,0,0.0,0.0,3.160007554516598,1,1.0,0.0030887678955136,1.782773002123407,0,0.0,0.0,6.575695764232627
2025-04-25,94638.68,0.007003689170739236,True,1.0,0.007003689170739236,22.085627339512765,0,0.0,0.0,1.6251263137946739,0,0.0,0.0,11.682211507192566,0,0.0,0.0,3.322637763296031,0,0.0,0.0,2.6723768440379345,0,0.0,0.0,3.160007554516598,1,1.0,0.007003689170739236,1.7952589900922649,0,0.0,0.0,6.575695764232627
2025-04-26,94628.0,-0.0001128502637609552,True,1.0,-0.0001128502637609552,22.083134970642174,0,0.0,-0.0,1.6251263137946739,0,0.0,-0.0,11.682211507192566,0,0.0,-0.0,3.322637763296031,0,0.0,-0.0,2.6723768440379345,0,0.0,-0.0,3.160007554516598,1,1.0,-0.0001128502637609552,1.7950563946417137,0,0.0,-0.0,6.575695764232627
2025-04-27,93749.3,-0.009285835059390402,True,1.0,-0.009285835059390402,21.878074621710535,0,0.0,-0.0,1.6251263137946739,0,0.0,-0.0,11.682211507192566,0,0.0,-0.0,3.322637763296031,0,0.0,-0.0,2.6723768440379345,0,0.0,-0.0,3.160007554516598,1,1.0,-0.009285835059390402,1.7783877970387667,0,0.0,-0.0,6.575695764232627
2025-04-28,95011.18,0.013460153835815225,True,1.0,0.013460153835815225,22.172556871750203,0,0.0,0.0,1.6251263137946739,0,0.0,0.0,11.682211507192566,0,0.0,0.0,3.322637763296031,0,0.0,0.0,2.6723768440379345,0,0.0,0.0,3.160007554516598,1,1.0,0.013460153835815225,1.802325170366645,0,0.0,0.0,6.575695764232627
2025-04-29,94256.82,-0.007939697201950202,True,1.0,-0.007939697201950202,21.996513483995486,0,0.0,-0.0,1.6251263137946739,0,0.0,-0.0,11.682211507192566,0,0.0,-0.0,3.322637763296031,0,0.0,-0.0,2.6723768440379345,0,0.0,-0.0,3.160007554516598,1,1.0,-0.007939697201950202,1.7880152542544805,0,0.0,-0.0,6.575695764232627
2025-04-30,94172.0,-0.0008998818334843284,True,1.0,-0.0008998818334843284,21.976719221111246,0,0.0,-0.0,1.6251263137946739,0,0.0,-0.0,11.682211507192566,0,0.0,-0.0,3.322637763296031,0,0.0,-0.0,2.6723768440379345,0,0.0,-0.0,3.160007554516598,1,1.0,-0.0008998818334843284,1.786406251809184,0,0.0,-0.0,6.575695764232627
2025-05-01,96489.91,0.024613579407891883,True,1.0,0.024613579407891883,22.51764494478501,0,0.0,0.0,1.6251263137946739,0,0.0,0.0,11.682211507192566,0,0.0,0.0,3.322637763296031,0,0.0,0.0,2.6723768440379345,0,0.0,0.0,3.160007554516598,1,1.0,0.024613579407891883,1.830376103942844,0,0.0,0.0,6.575695764232627
2025-05-02,96887.14,0.004116803508263045,True,1.0,0.004116803508263045,22.610345664491525,0,0.0,0.0,1.6251263137946739,0,0.0,0.0,11.682211507192566,0,0.0,0.0,3.322637763296031,0,0.0,0.0,2.6723768440379345,0,0.0,0.0,3.160007554516598,1,1.0,0.004116803508263045,1.8379114027089967,0,0.0,0.0,6.575695764232627
2025-05-03,95856.42,-0.010638357164841517,True,1.0,-0.010638357164841517,22.36980873169214,0,0.0,-0.0,1.6251263137946739,0,0.0,-0.0,11.682211507192566,0,0.0,-0.0,3.322637763296031,0,0.0,-0.0,2.6723768440379345,0,0.0,-0.0,3.160007554516598,1,1.0,-0.010638357164841517,1.8183590447696434,0,0.0,-0.0,6.575695764232627
2025-05-04,94277.62,-0.016470466975503584,True,1.0,-0.016470466975503584,22.001367535728473,0,0.0,-0.0,1.6251263137946739,0,0.0,-0.0,11.682211507192566,0,0.0,-0.0,3.322637763296031,0,0.0,-0.0,2.6723768440379345,0,0.0,-0.0,3.160007554516598,1,1.0,-0.016470466975503584,1.7884098221731568,0,0.0,-0.0,6.575695764232627
2025-05-05,94733.68,0.0048374152847727725,True,1.0,0.0048374152847727725,22.10779728733171,0,0.0,0.0,1.6251263137946739,0,0.0,0.0,11.682211507192566,0,0.0,0.0,3.322637763296031,0,0.0,0.0,2.6723768440379345,0,0.0,0.0,3.160007554516598,1,1.0,0.0048374152847727725,1.7970611031823749,0,0.0,0.0,6.575695764232627
2025-05-06,96834.02,0.022170995574119168,True,1.0,0.022170995574119168,22.597949163142665,0,0.0,0.0,1.6251263137946739,0,0.0,0.0,11.682211507192566,0,0.0,0.0,3.322637763296031,0,0.0,0.0,2.6723768440379345,0,0.0,0.0,3.160007554516598,1,1.0,0.022170995574119168,1.836903736947453,0,0.0,0.0,6.575695764232627
2025-05-07,97030.5,0.0020290389679165077,True,1.0,0.0020290389679165077,22.643801282589678,0,0.0,0.0,1.6251263137946739,0,0.0,0.0,11.682211507192566,0,0.0,0.0,3.322637763296031,0,0.0,0.0,2.6723768440379345,0,0.0,0.0,3.160007554516598,1,1.0,0.0020290389679165077,1.840630886210031,0,0.0,0.0,6.575695764232627
2025-05-08,103261.6,0.06421795208723036,True,1.0,0.06421795208723036,24.097939828427787,0,0.0,0.0,1.6251263137946739,0,0.0,0.0,11.682211507192566,0,0.0,0.0,3.322637763296031,0,0.0,0.0,2.6723768440379345,0,0.0,0.0,3.160007554516598,1,1.0,0.06421795208723036,1.958832432270943,0,0.0,0.0,6.575695764232627
2025-05-09,102971.99,-0.002804624371499198,True,1.0,-0.002804624371499198,24.03035415908206,0,0.0,-0.0,1.6251263137946739,0,0.0,-0.0,11.682211507192566,0,0.0,-0.0,3.322637763296031,0,0.0,-0.0,2.6723768440379345,0,0.0,-0.0,3.160007554516598,1,1.0,-0.002804624371499198,1.9533386430917128,0,0.0,-0.0,6.575695764232627
2025-05-10,104809.53,0.017845046988020696,True,1.0,0.017845046988020696,24.459176958189655,0,0.0,0.0,1.6251263137946739,0,0.0,0.0,11.682211507192566,0,0.0,0.0,3.322637763296031,0,0.0,0.0,2.6723768440379345,0,0.0,0.0,3.160007554516598,1,1.0,0.017845046988020696,1.988196062961201,0,0.0,0.0,6.575695764232627
2025-05-11,104118.0,-0.006597968715249425,True,1.0,-0.006597968715249425,24.29779607381877,0,0.0,-0.0,1.6251263137946739,0,0.0,-0.0,11.682211507192566,0,0.0,-0.0,3.322637763296031,0,0.0,-0.0,2.6723768440379345,0,0.0,-0.0,3.160007554516598,1,1.0,-0.006597968715249425,1.975078007538001,0,0.0,-0.0,6.575695764232627
2025-05-12,102791.32,-0.01274208110028996,True,1.0,-0.01274208110028996,23.988191585687865,0,0.0,-0.0,1.6251263137946739,0,0.0,-0.0,11.682211507192566,0,0.0,-0.0,3.322637763296031,0,0.0,-0.0,2.6723768440379345,0,0.0,-0.0,3.160007554516598,1,1.0,-0.01274208110028996,1.9499114033865528,0,0.0,-0.0,6.575695764232627
2025-05-13,104103.72,0.012767615008738131,True,1.0,0.012767615008738131,24.29446358060978,0,0.0,0.0,1.6251263137946739,0,0.0,0.0,11.682211507192566,0,0.0,0.0,3.322637763296031,0,0.0,0.0,2.6723768440379345,0,0.0,0.0,3.160007554516598,1,1.0,0.012767615008738131,1.9748071214861405,0,0.0,0.0,6.575695764232627
2025-05-14,103507.82,-0.005724099004339123,True,1.0,-0.005724099004339123,24.155399665817058,0,0.0,-0.0,1.6251263137946739,0,0.0,-0.0,11.682211507192566,0,0.0,-0.0,3.322637763296031,0,0.0,-0.0,2.6723768440379345,0,0.0,-0.0,3.160007554516598,1,1.0,-0.005724099004339123,1.96350313000828,0,0.0,-0.0,6.575695764232627
2025-05-15,103763.71,0.0024721803627976158,True,1.0,0.0024721803627976158,24.215116170526418,0,0.0,0.0,1.6251263137946739,0,0.0,0.0,11.682211507192566,0,0.0,0.0,3.322637763296031,0,0.0,0.0,2.6723768440379345,0,0.0,0.0,3.160007554516598,1,1.0,0.0024721803627976158,1.968357263888578,0,0.0,0.0,6.575695764232627
2025-05-16,103463.9,-0.002889353127408567,True,1.0,-0.002889353127408567,24.145150148888547,0,0.0,-0.0,1.6251263137946739,0,0.0,-0.0,11.682211507192566,0,0.0,-0.0,3.322637763296031,0,0.0,-0.0,2.6723768440379345,0,0.0,-0.0,3.160007554516598,1,1.0,-0.002889353127408567,1.9626699846723041,0,0.0,-0.0,6.575695764232627
2025-05-17,103126.65,-0.00325959102643536,True,1.0,-0.00325959102643536,24.066446834131295,0,0.0,-0.0,1.6251263137946739,0,0.0,-0.0,11.682211507192566,0,0.0,-0.0,3.322637763296031,0,0.0,-0.0,2.6723768440379345,0,0.0,-0.0,3.160007554516598,1,1.0,-0.00325959102643536,1.9562724832024123,0,0.0,-0.0,6.575695764232627
2025-05-18,106454.26,0.0322672170578604,True,1.0,0.0322672170578604,24.843004097939666,0,0.0,0.0,1.6251263137946739,0,0.0,0.0,11.682211507192566,0,0.0,0.0,3.322637763296031,0,0.0,0.0,2.6723768440379345,0,0.0,0.0,3.160007554516598,1,1.0,0.0322672170578604,2.019395952042224,0,0.0,0.0,6.575695764232627
2025-05-19,105573.74,-0.008271345834351629,True,1.0,-0.008271345834351629,24.637519019481392,0,0.0,-0.0,1.6251263137946739,0,0.0,-0.0,11.682211507192566,0,0.0,-0.0,3.322637763296031,0,0.0,-0.0,2.6723768440379345,0,0.0,-0.0,3.160007554516598,1,1.0,-0.008271345834351629,2.002692829746393,0,0.0,-0.0,6.575695764232627
2025-05-20,106849.99,0.012088706907607882,True,1.0,0.012088706907607882,24.935354765838518,0,0.0,0.0,1.6251263137946739,0,0.0,0.0,11.682211507192566,0,0.0,0.0,3.322637763296031,0,0.0,0.0,2.6723768440379345,0,0.0,0.0,3.160007554516598,1,1.0,0.012088706907607882,2.026902796391165,0,0.0,0.0,6.575695764232627
2025-05-21,109643.99,0.02614880918566298,True,1.0,0.02614880918566298,25.587384599587242,0,0.0,0.0,1.6251263137946739,0,0.0,0.0,11.682211507192566,0,0.0,0.0,3.322637763296031,0,0.0,0.0,2.6723768440379345,0,0.0,0.0,3.160007554516598,1,1.0,0.02614880918566298,2.0799038908518845,0,0.0,0.0,6.575695764232627
2025-05-22,111696.21,0.018717122570968137,True,1.0,0.018717122570968137,26.066306813408218,0,0.0,0.0,1.6251263137946739,0,0.0,0.0,11.682211507192566,0,0.0,0.0,3.322637763296031,0,0.0,0.0,2.6723768440379345,0,0.0,0.0,3.160007554516598,1,1.0,0.018717122570968137,2.1188337069127927,0,0.0,0.0,6.575695764232627
2025-05-23,107318.3,-0.03919479452346686,True,1.0,-0.03919479452346686,25.04464327387104,0,0.0,-0.0,1.6251263137946739,0,0.0,-0.0,11.682211507192566,0,0.0,-0.0,3.322637763296031,0,0.0,-0.0,2.6723768440379345,0,0.0,-0.0,3.160007554516598,1,1.0,-0.03919479452346686,2.03578645514095,0,0.0,-0.0,6.575695764232627
2025-05-24,107761.91,0.004133591381898505,True,1.0,0.004133591381898505,25.148167595470635,0,0.0,0.0,1.6251263137946739,0,0.0,0.0,11.682211507192566,0,0.0,0.0,3.322637763296031,0,0.0,0.0,2.6723768440379345,0,0.0,0.0,3.160007554516598,1,1.0,0.004133591381898505,2.0442015644873064,0,0.0,0.0,6.575695764232627
2025-05-25,109004.19,0.011528006509906819,True,1.0,0.011528006509906819,25.438075835223447,0,0.0,0.0,1.6251263137946739,0,0.0,0.0,11.682211507192566,0,0.0,0.0,3.322637763296031,0,0.0,0.0,2.6723768440379345,0,0.0,0.0,3.160007554516598,1,1.0,0.011528006509906819,2.067767133430278,0,0.0,0.0,6.575695764232627
2025-05-26,109434.79,0.003950306864350717,True,1.0,0.003950306864350717,25.538564040811206,0,0.0,0.0,1.6251263137946739,0,0.0,0.0,11.682211507192566,0,0.0,0.0,3.322637763296031,0,0.0,0.0,2.6723768440379345,0,0.0,0.0,3.160007554516598,1,1.0,0.003950306864350717,2.075935448131346,0,0.0,0.0,6.575695764232627
2025-05-27,108938.17,-0.004538044985511469,True,1.0,-0.004538044985511469,25.42266888832864,0,0.0,-0.0,1.6251263137946739,0,0.0,-0.0,11.682211507192566,0,0.0,-0.0,3.322637763296031,0,0.0,-0.0,2.6723768440379345,0,0.0,-0.0,3.160007554516598,1,1.0,-0.004538044985511469,2.0665147596807083,0,0.0,-0.0,6.575695764232627
2025-05-28,107781.78,-0.010615103962183348,True,1.0,-0.010615103962183348,25.152804615082868,0,0.0,-0.0,1.6251263137946739,0,0.0,-0.0,11.682211507192566,0,0.0,-0.0,3.322637763296031,0,0.0,-0.0,2.6723768440379345,0,0.0,-0.0,3.160007554516598,1,1.0,-0.010615103962183348,2.0445784906673112,0,0.0,-0.0,6.575695764232627
2025-05-29,105589.75,-0.02033766746104948,True,1.0,-0.02033766746104948,24.641255239108563,0,0.0,-0.0,1.6251263137946739,0,0.0,-0.0,11.682211507192566,0,0.0,-0.0,3.322637763296031,0,0.0,-0.0,2.6723768440379345,0,0.0,-0.0,3.160007554516598,1,1.0,-0.02033766746104948,2.002996533226105,0,0.0,-0.0,6.575695764232627
2025-05-30,103985.48,-0.015193425498213675,False,1.0,-0.015193425498213675,24.2668701634507,0,0.0,-0.0,1.6251263137946739,0,0.0,-0.0,11.682211507192566,0,0.0,-0.0,3.322637763296031,0,0.0,-0.0,2.6723768440379345,0,0.0,-0.0,3.160007554516598,0,1.0,-0.015193425498213675,1.9725641546253538,0,0.0,-0.0,6.575695764232627
2025-05-31,104591.88,0.005831583409529939,True,1.0,0.005831583409529939,24.4083844408971,0,0.0,0.0,1.6251263137946739,0,0.0,0.0,11.682211507192566,0,0.0,0.0,3.322637763296031,0,0.0,0.0,2.6723768440379345,0,0.0,0.0,3.160007554516598,1,1.0,0.005831583409529939,1.9840673270237006,0,0.0,0.0,6.575695764232627
2025-06-01,105642.93,0.0100490592577549,True,1.0,0.0100490592577549,24.653665742529736,0,0.0,0.0,1.6251263137946739,0,0.0,0.0,11.682211507192566,0,0.0,0.0,3.322637763296031,0,0.0,0.0,2.6723768440379345,0,0.0,0.0,3.160007554516598,1,1.0,0.0100490592577549,2.004005337164337,0,0.0,0.0,6.575695764232627
2025-06-02,105857.99,0.0020357254385126033,True,1.0,0.0020357254385126033,24.70385383703439,0,0.0,0.0,1.6251263137946739,0,0.0,0.0,11.682211507192566,0,0.0,0.0,3.322637763296031,0,0.0,0.0,2.6723768440379345,0,0.0,0.0,3.160007554516598,1,1.0,0.0020357254385126033,2.0080849418081175,0,0.0,0.0,6.575695764232627
2025-06-03,105376.89,-0.004544767948078454,True,1.0,-0.004544767948078454,24.591580553921823,0,0.0,-0.0,1.6251263137946739,0,0.0,-0.0,11.682211507192566,0,0.0,-0.0,3.322637763296031,0,0.0,-0.0,2.6723768440379345,0,0.0,-0.0,3.160007554516598,1,1.0,-0.004544767948078454,1.998958661727569,0,0.0,-0.0,6.575695764232627
2025-06-04,104696.86,-0.00645331248625769,True,1.0,-0.00645331248625769,24.43288340007639,0,0.0,-0.0,1.6251263137946739,0,0.0,-0.0,11.682211507192566,0,0.0,-0.0,3.322637763296031,0,0.0,-0.0,2.6723768440379345,0,0.0,-0.0,3.160007554516598,1,1.0,-0.00645331248625769,1.9860587568363295,0,0.0,-0.0,6.575695764232627
2025-06-05,101508.68,-0.030451534076571196,False,1.0,-0.030451534076571196,23.68886461863007,0,0.0,-0.0,1.6251263137946739,0,0.0,-0.0,11.682211507192566,0,0.0,-0.0,3.322637763296031,0,0.0,-0.0,2.6723768440379345,0,0.0,-0.0,3.160007554516598,0,1.0,-0.030451534076571196,1.9255802209244555,0,0.0,-0.0,6.575695764232627
2025-06-06,104288.44,0.027384456186406947,True,1.0,0.027384456186406947,24.33757129388467,0,0.0,0.0,1.6251263137946739,0,0.0,0.0,11.682211507192566,0,0.0,0.0,3.322637763296031,0,0.0,0.0,2.6723768440379345,0,0.0,0.0,3.160007554516598,1,1.0,0.027384456186406947,1.978311188117773,0,0.0,0.0,6.575695764232627
2025-06-07,105552.15,0.012117450409652175,False,1.0,0.012117450409652175,24.632480607129693,0,0.0,0.0,1.6251263137946739,0,0.0,0.0,11.682211507192566,0,0.0,0.0,3.322637763296031,0,0.0,0.0,2.6723768440379345,0,0.0,0.0,3.160007554516598,0,1.0,0.012117450409652175,2.00228327583465,0,0.0,0.0,6.575695764232627
2025-06-08,105734.0,0.0017228450581063814,True,1.0,0.0017228450581063814,24.67491855461259,0,0.0,0.0,1.6251263137946739,0,0.0,0.0,11.682211507192566,0,0.0,0.0,3.322637763296031,0,0.0,0.0,2.6723768440379345,0,0.0,0.0,3.160007554516598,1,1.0,0.0017228450581063814,2.005732899681351,0,0.0,0.0,6.575695764232627
2025-06-09,110263.02,0.042834093101556725,True,1.0,0.042834093101556725,25.731846313254195,0,0.0,0.0,1.6251263137946739,0,0.0,0.0,11.682211507192566,0,0.0,0.0,3.322637763296031,0,0.0,0.0,2.6723768440379345,0,0.0,0.0,3.160007554516598,1,1.0,0.042834093101556725,2.091646649443157,0,0.0,0.0,6.575695764232627
2025-06-10,110274.39,0.00010311707406529536,True,1.0,0.00010311707406529536,25.734499705956317,0,0.0,0.0,1.6251263137946739,0,0.0,0.0,11.682211507192566,0,0.0,0.0,3.322637763296031,0,0.0,0.0,2.6723768440379345,0,0.0,0.0,3.160007554516598,1,1.0,0.00010311707406529536,2.091862333925626,0,0.0,0.0,6.575695764232627
2025-06-11,108645.12,-0.014774690660270262,False,1.0,-0.014774690660270262,25.354280433503995,0,0.0,-0.0,1.6251263137946739,0,0.0,-0.0,11.682211507192566,0,0.0,-0.0,3.322637763296031,0,0.0,-0.0,2.6723768440379345,0,0.0,-0.0,3.160007554516598,0,1.0,-0.014774690660270262,2.0609557150380042,0,0.0,-0.0,6.575695764232627
2025-06-12,105671.73,-0.027367911232460296,False,1.0,-0.027367911232460296,24.66038673723695,0,0.0,-0.0,1.6251263137946739,0,0.0,-0.0,11.682211507192566,0,0.0,-0.0,3.322637763296031,0,0.0,-0.0,2.6723768440379345,0,0.0,-0.0,3.160007554516598,0,1.0,-0.027367911232460296,2.0045516619748125,0,0.0,-0.0,6.575695764232627
2025-06-13,106066.59,0.003736666372359032,False,1.0,0.003736666372359032,24.752534375087354,0,0.0,0.0,1.6251263137946739,0,0.0,0.0,11.682211507192566,0,0.0,0.0,3.322637763296031,0,0.0,0.0,2.6723768440379345,0,0.0,0.0,3.160007554516598,0,1.0,0.003736666372359032,2.01204200276177,0,0.0,0.0,6.575695764232627
2025-06-14,105414.64,-0.0061466103511010894,False,1.0,-0.0061466103511010894,24.600390191081456,0,0.0,-0.0,1.6251263137946739,0,0.0,-0.0,11.682211507192566,0,0.0,-0.0,3.322637763296031,0,0.0,-0.0,2.6723768440379345,0,0.0,-0.0,3.160007554516598,0,1.0,-0.0061466103511010894,1.9996747645607444,0,0.0,-0.0,6.575695764232627
2025-06-15,105594.01,0.0017015663099546607,False,1.0,0.0017015663099546607,24.642249386242337,0,0.0,0.0,1.6251263137946739,0,0.0,0.0,11.682211507192566,0,0.0,0.0,3.322637763296031,0,0.0,0.0,2.6723768440379345,0,0.0,0.0,3.160007554516598,0,1.0,0.0017015663099546607,2.0030773437709875,0,0.0,0.0,6.575695764232627
2025-06-16,106794.53,0.011369205507016922,False,1.0,0.011369205507016922,24.92241218366969,0,0.0,0.0,1.6251263137946739,0,0.0,0.0,11.682211507192566,0,0.0,0.0,3.322637763296031,0,0.0,0.0,2.6723768440379345,0,0.0,0.0,3.160007554516598,0,1.0,0.011369205507016922,2.0258507417387692,0,0.0,0.0,6.575695764232627
2025-06-17,104551.17,-0.02100631933114927,False,1.0,-0.02100631933114927,24.398884034837,0,0.0,-0.0,1.6251263137946739,0,0.0,-0.0,11.682211507192566,0,0.0,-0.0,3.322637763296031,0,0.0,-0.0,2.6723768440379345,0,0.0,-0.0,3.160007554516598,0,1.0,-0.02100631933114927,1.983295074140559,0,0.0,-0.0,6.575695764232627
2025-06-18,104886.78,0.0032100071190022117,False,1.0,0.0032100071190022117,24.477204626284536,0,0.0,0.0,1.6251263137946739,0,0.0,0.0,11.682211507192566,0,0.0,0.0,3.322637763296031,0,0.0,0.0,2.6723768440379345,0,0.0,0.0,3.160007554516598,0,1.0,0.0032100071190022117,1.9896614654476323,0,0.0,0.0,6.575695764232627
2025-06-19,104658.59,-0.002175583996381625,True,1.0,-0.002175583996381625,24.423952411623432,0,0.0,-0.0,1.6251263137946739,0,0.0,-0.0,11.682211507192566,0,0.0,-0.0,3.322637763296031,0,0.0,-0.0,2.6723768440379345,0,0.0,-0.0,3.160007554516598,1,1.0,-0.002175583996381625,1.9853327898051873,0,0.0,-0.0,6.575695764232627
2025-06-20,103297.99,-0.013000366238452021,False,1.0,-0.013000366238452021,24.106432085281803,0,0.0,-0.0,1.6251263137946739,0,0.0,-0.0,11.682211507192566,0,0.0,-0.0,3.322637763296031,0,0.0,-0.0,2.6723768440379345,0,0.0,-0.0,3.160007554516598,0,1.0,-0.013000366238452021,1.9595227364325123,0,0.0,-0.0,6.575695764232627
2025-06-21,102120.01,-0.011403706887229914,False,1.0,-0.011403706887229914,23.831529399684335,0,0.0,-0.0,1.6251263137946739,0,0.0,-0.0,11.682211507192566,0,0.0,-0.0,3.322637763296031,0,0.0,-0.0,2.6723768440379345,0,0.0,-0.0,3.160007554516598,0,1.0,-0.011403706887229914,1.9371769135073733,0,0.0,-0.0,6.575695764232627
2025-06-22,100963.87,-0.01132138549535977,False,1.0,-0.01132138549535977,23.56172346840651,0,0.0,-0.0,1.6251263137946739,0,0.0,-0.0,11.682211507192566,0,0.0,-0.0,3.322637763296031,0,0.0,-0.0,2.6723768440379345,0,0.0,-0.0,3.160007554516598,0,1.0,-0.01132138549535977,1.915245386896845,0,0.0,-0.0,6.575695764232627
2025-06-23,105333.93,0.043283404251441615,False,1.0,0.043283404251441615,24.581555070150227,0,0.0,0.0,1.6251263137946739,0,0.0,0.0,11.682211507192566,0,0.0,0.0,3.322637763296031,0,0.0,0.0,2.6723768440379345,0,0.0,0.0,3.160007554516598,0,1.0,0.043283404251441615,1.99814372721861,0,0.0,0.0,6.575695764232627
2025-06-24,106083.0,0.007111383767794521,True,1.0,0.007111383767794521,24.756363941863242,0,0.0,0.0,1.6251263137946739,0,0.0,0.0,11.682211507192566,0,0.0,0.0,3.322637763296031,0,0.0,0.0,2.6723768440379345,0,0.0,0.0,3.160007554516598,1,1.0,0.007111383767794521,2.012353294086073,0,0.0,0.0,6.575695764232627
2025-06-25,107340.58,0.01185467982617383,True,1.0,0.01185467982617383,25.049842710054264,0,0.0,0.0,1.6251263137946739,0,0.0,0.0,11.682211507192566,0,0.0,0.0,3.322637763296031,0,0.0,0.0,2.6723768440379345,0,0.0,0.0,3.160007554516598,1,1.0,0.01185467982617383,2.0362090980846097,0,0.0,0.0,6.575695764232627
2025-06-26,106947.06,-0.0036660878858676416,True,1.0,-0.0036660878858676416,24.958007785152045,0,0.0,-0.0,1.6251263137946739,0,0.0,-0.0,11.682211507192566,0,0.0,-0.0,3.322637763296031,0,0.0,-0.0,2.6723768440379345,0,0.0,-0.0,3.160007554516598,1,1.0,-0.0036660878858676416,2.028744176577028,0,0.0,-0.0,6.575695764232627
2025-06-27,107047.59,0.0009399977895605538,True,1.0,0.0009399977895605538,24.981468257301923,0,0.0,0.0,1.6251263137946739,0,0.0,0.0,11.682211507192566,0,0.0,0.0,3.322637763296031,0,0.0,0.0,2.6723768440379345,0,0.0,0.0,3.160007554516598,1,1.0,0.0009399977895605538,2.0306511916185945,0,0.0,0.0,6.575695764232627
2025-06-28,107296.79,0.002327936574751499,True,1.0,0.002327936574751499,25.03962353094909,0,0.0,0.0,1.6251263137946739,0,0.0,0.0,11.682211507192566,0,0.0,0.0,3.322637763296031,0,0.0,0.0,2.6723768440379345,0,0.0,0.0,3.160007554516598,1,1.0,0.002327936574751499,2.035378418798126,0,0.0,0.0,6.575695764232627
2025-06-29,108356.93,0.009880444699230884,False,1.0,0.009880444699230884,25.287026146536192,0,0.0,0.0,1.6251263137946739,0,0.0,0.0,11.682211507192566,0,0.0,0.0,3.322637763296031,0,0.0,0.0,2.6723768440379345,0,0.0,0.0,3.160007554516598,0,1.0,0.009880444699230884,2.055488862707069,0,0.0,0.0,6.575695764232627
2025-06-30,107146.5,-0.011170766835125301,False,1.0,-0.011170766835125301,25.00455067349952,0,0.0,-0.0,1.6251263137946739,0,0.0,-0.0,11.682211507192566,0,0.0,-0.0,3.322637763296031,0,0.0,-0.0,2.6723768440379345,0,0.0,-0.0,3.160007554516598,0,1.0,-0.011170766835125301,2.0325274758895713,0,0.0,-0.0,6.575695764232627
2025-07-01,105681.14,-0.013676228341569674,False,1.0,-0.013676228341569674,24.66258272891039,0,0.0,-0.0,1.6251263137946739,0,0.0,-0.0,11.682211507192566,0,0.0,-0.0,3.322637763296031,0,0.0,-0.0,2.6723768440379345,0,0.0,-0.0,3.160007554516598,0,1.0,-0.013676228341569674,2.004730166018791,0,0.0,-0.0,6.575695764232627
2025-07-02,108849.6,0.02998131927797143,True,1.0,0.02998131927797143,25.401999495925235,0,0.0,0.0,1.6251263137946739,0,0.0,0.0,11.682211507192566,0,0.0,0.0,3.322637763296031,0,0.0,0.0,2.6723768440379345,0,0.0,0.0,3.160007554516598,1,1.0,0.02998131927797143,2.064834621192381,0,0.0,0.0,6.575695764232627
2025-07-03,109584.78,0.006754090047184302,True,1.0,0.006754090047184302,25.573566887899243,0,0.0,0.0,1.6251263137946739,0,0.0,0.0,11.682211507192566,0,0.0,0.0,3.322637763296031,0,0.0,0.0,2.6723768440379345,0,0.0,0.0,3.160007554516598,1,1.0,0.006754090047184302,2.0787807001564578,0,0.0,0.0,6.575695764232627
2025-07-04,107984.24,-0.014605495398174795,True,1.0,-0.014605495398174795,25.200052274403117,0,0.0,-0.0,1.6251263137946739,0,0.0,-0.0,11.682211507192566,0,0.0,-0.0,3.322637763296031,0,0.0,-0.0,2.6723768440379345,0,0.0,-0.0,3.160007554516598,1,1.0,-0.014605495398174795,2.048419078206508,0,0.0,-0.0,6.575695764232627
2025-07-05,108198.12,0.001980659399927198,True,1.0,0.001980659399927198,25.24996499481907,0,0.0,0.0,1.6251263137946739,0,0.0,0.0,11.682211507192566,0,0.0,0.0,3.322637763296031,0,0.0,0.0,2.6723768440379345,0,0.0,0.0,3.160007554516598,1,1.0,0.001980659399927198,2.052476298708748,0,0.0,0.0,6.575695764232627
2025-07-06,109203.84,0.009295170747883663,True,1.0,0.009295170747883663,25.484667730824,0,0.0,0.0,1.6251263137946739,0,0.0,0.0,11.682211507192566,0,0.0,0.0,3.322637763296031,0,0.0,0.0,2.6723768440379345,0,0.0,0.0,3.160007554516598,1,1.0,0.009295170747883663,2.07155441636123,0,0.0,0.0,6.575695764232627
2025-07-07,108262.94,-0.00861599738617247,True,1.0,-0.00861599738617247,25.26509190026775,0,0.0,-0.0,1.6251263137946739,0,0.0,-0.0,11.682211507192566,0,0.0,-0.0,3.322637763296031,0,0.0,-0.0,2.6723768440379345,0,0.0,-0.0,3.160007554516598,1,1.0,-0.00861599738617247,2.0537059089245475,0,0.0,-0.0,6.575695764232627
2025-07-08,108922.98,0.006096638424931022,True,1.0,0.006096638424931022,25.419124030356333,0,0.0,0.0,1.6251263137946739,0,0.0,0.0,11.682211507192566,0,0.0,0.0,3.322637763296031,0,0.0,0.0,2.6723768440379345,0,0.0,0.0,3.160007554516598,1,1.0,0.006096638424931022,2.0662266112824046,0,0.0,0.0,6.575695764232627
2025-07-09,111233.99,0.02121691859697572,True,1.0,0.02121691859697572,25.958439515714833,0,0.0,0.0,1.6251263137946739,0,0.0,0.0,11.682211507192566,0,0.0,0.0,3.322637763296031,0,0.0,0.0,2.6723768440379345,0,0.0,0.0,3.160007554516598,1,1.0,0.02121691859697572,2.1100655730968882,0,0.0,0.0,6.575695764232627
2025-07-10,116010.0,0.04293660597808269,True,1.0,0.04293660597808269,27.073006805006973,0,0.0,0.0,1.6251263137946739,0,0.0,0.0,11.682211507192566,0,0.0,0.0,3.322637763296031,0,0.0,0.0,2.6723768440379345,0,0.0,0.0,3.160007554516598,1,1.0,0.04293660597808269,2.2006646271968666,0,0.0,0.0,6.575695764232627
2025-07-11,117527.66,0.013082148090681978,True,1.0,0.013082148090681978,27.427179889290116,0,0.0,0.0,1.6251263137946739,0,0.0,0.0,11.682211507192566,0,0.0,0.0,3.322637763296031,0,0.0,0.0,2.6723768440379345,0,0.0,0.0,3.160007554516598,1,1.0,0.013082148090681978,2.2294540477477813,0,0.0,0.0,6.575695764232627
2025-07-12,117420.0,-0.000916039679510372,True,1.0,-0.000916039679510372,27.402055504214456,0,0.0,-0.0,1.6251263137946739,0,0.0,-0.0,11.682211507192566,0,0.0,-0.0,3.322637763296031,0,0.0,-0.0,2.6723768440379345,0,0.0,-0.0,3.160007554516598,1,1.0,-0.000916039679510372,2.2274117793763994,0,0.0,-0.0,6.575695764232627
2025-07-13,119086.64,0.014193834099812674,True,1.0,0.014193834099812674,27.790995734035135,0,0.0,0.0,1.6251263137946739,0,0.0,0.0,11.682211507192566,0,0.0,0.0,3.322637763296031,0,0.0,0.0,2.6723768440379345,0,0.0,0.0,3.160007554516598,1,1.0,0.014193834099812674,2.2590272926448365,0,0.0,0.0,6.575695764232627
2025-07-14,119841.18,0.006336059191862198,True,1.0,0.006336059191862198,27.96708112800677,0,0.0,0.0,1.6251263137946739,0,0.0,0.0,11.682211507192566,0,0.0,0.0,3.322637763296031,0,0.0,0.0,2.6723768440379345,0,0.0,0.0,3.160007554516598,1,1.0,0.006336059191862198,2.2733406232870665,0,0.0,0.0,6.575695764232627
2025-07-15,117758.09,-0.01738208852749945,True,1.0,-0.01738208852749945,27.480954847984,0,0.0,-0.0,1.6251263137946739,0,0.0,-0.0,11.682211507192566,0,0.0,-0.0,3.322637763296031,0,0.0,-0.0,2.6723768440379345,0,0.0,-0.0,3.160007554516598,1,1.0,-0.01738208852749945,2.23382521531993,0,0.0,-0.0,6.575695764232627
2025-07-16,118630.43,0.007407898684498093,True,1.0,0.007407898684498093,27.684530977251132,0,0.0,0.0,1.6251263137946739,0,0.0,0.0,11.682211507192566,0,0.0,0.0,3.322637763296031,0,0.0,0.0,2.6723768440379345,0,0.0,0.0,3.160007554516598,1,1.0,0.007407898684498093,2.250373166193897,0,0.0,0.0,6.575695764232627
2025-07-17,119177.56,0.004612054428193568,True,1.0,0.004612054428193568,27.812213540937226,0,0.0,0.0,1.6251263137946739,0,0.0,0.0,11.682211507192566,0,0.0,0.0,3.322637763296031,0,0.0,0.0,2.6723768440379345,0,0.0,0.0,3.160007554516598,1,1.0,0.004612054428193568,2.2607520097201297,0,0.0,0.0,6.575695764232627
2025-07-18,117924.84,-0.010511374792368633,True,1.0,-0.010511374792368633,27.519868940603043,0,0.0,-0.0,1.6251263137946739,0,0.0,-0.0,11.682211507192566,0,0.0,-0.0,3.322637763296031,0,0.0,-0.0,2.6723768440379345,0,0.0,-0.0,3.160007554516598,1,1.0,-0.010511374792368633,2.2369883980333607,0,0.0,-0.0,6.575695764232627
2025-07-19,117840.0,-0.0007194412983727583,True,1.0,-0.0007194412983727583,27.500070010361366,0,0.0,-0.0,1.6251263137946739,0,0.0,-0.0,11.682211507192566,0,0.0,-0.0,3.322637763296031,0,0.0,-0.0,2.6723768440379345,0,0.0,-0.0,3.160007554516598,1,1.0,-0.0007194412983727583,2.235379016195835,0,0.0,-0.0,6.575695764232627
2025-07-20,117265.12,-0.004878479293957905,True,1.0,-0.004878479293957905,27.365911488233426,0,0.0,-0.0,1.6251263137946739,0,0.0,-0.0,11.682211507192566,0,0.0,-0.0,3.322637763296031,0,0.0,-0.0,2.6723768440379345,0,0.0,-0.0,3.160007554516598,1,1.0,-0.004878479293957905,2.2244737659511755,0,0.0,-0.0,6.575695764232627
2025-07-21,117380.36,0.00098273041463659,True,1.0,0.00098273041463659,27.392804801777167,0,0.0,0.0,1.6251263137946739,0,0.0,0.0,11.682211507192566,0,0.0,0.0,3.322637763296031,0,0.0,0.0,2.6723768440379345,0,0.0,0.0,3.160007554516598,1,1.0,0.00098273041463659,2.226659823977537,0,0.0,0.0,6.575695764232627
2025-07-22,119954.42,0.02192922223104432,True,1.0,0.02192922223104432,27.993507705806955,0,0.0,0.0,1.6251263137946739,0,0.0,0.0,11.682211507192566,0,0.0,0.0,3.322637763296031,0,0.0,0.0,2.6723768440379345,0,0.0,0.0,3.160007554516598,1,1.0,0.02192922223104432,2.2754887420904786,0,0.0,0.0,6.575695764232627
2025-07-23,118755.99,-0.009990711471907332,True,1.0,-0.009990711471907332,27.713832647231623,0,0.0,-0.0,1.6251263137946739,0,0.0,-0.0,11.682211507192566,0,0.0,-0.0,3.322637763296031,0,0.0,-0.0,2.6723768440379345,0,0.0,-0.0,3.160007554516598,1,1.0,-0.009990711471907332,2.252754990610679,0,0.0,-0.0,6.575695764232627
2025-07-24,118340.99,-0.0034945605691132364,True,1.0,-0.0034945605691132364,27.616984980443604,0,0.0,-0.0,1.6251263137946739,0,0.0,-0.0,11.682211507192566,0,0.0,-0.0,3.322637763296031,0,0.0,-0.0,2.6723768440379345,0,0.0,-0.0,3.160007554516598,1,1.0,-0.0034945605691132364,2.244882601848618,0,0.0,-0.0,6.575695764232627
2025-07-25,117614.31,-0.0061405604262733116,True,1.0,-0.0061405604262733116,27.447401215379706,0,0.0,-0.0,1.6251263137946739,0,0.0,-0.0,11.682211507192566,0,0.0,-0.0,3.322637763296031,0,0.0,-0.0,2.6723768440379345,0,0.0,-0.0,3.160007554516598,1,1.0,-0.0061405604262733116,2.231097764582077,0,0.0,-0.0,6.575695764232627
2025-07-26,117919.99,0.0025990034716014687,True,1.0,0.0025990034716014687,27.518737106424915,0,0.0,0.0,1.6251263137946739,0,0.0,0.0,11.682211507192566,0,0.0,0.0,3.322637763296031,0,0.0,0.0,2.6723768440379345,0,0.0,0.0,3.160007554516598,1,1.0,0.0025990034716014687,2.236896395417708,0,0.0,0.0,6.575695764232627
2025-07-27,119415.55,0.01268283689644134,True,1.0,0.01268283689644134,27.86775276074175,0,0.0,0.0,1.6251263137946739,0,0.0,0.0,11.682211507192566,0,0.0,0.0,3.322637763296031,0,0.0,0.0,2.6723768440379345,0,0.0,0.0,3.160007554516598,1,1.0,0.01268283689644134,2.2652665875550286,0,0.0,0.0,6.575695764232627
2025-07-28,118062.32,-0.011332108758030257,True,1.0,-0.011332108758030257,27.55195235561513,0,0.0,-0.0,1.6251263137946739,0,0.0,-0.0,11.682211507192566,0,0.0,-0.0,3.322637763296031,0,0.0,-0.0,2.6723768440379345,0,0.0,-0.0,3.160007554516598,1,1.0,-0.011332108758030257,2.239596340218923,0,0.0,-0.0,6.575695764232627
2025-07-29,117950.76,-0.0009449246804570377,True,1.0,-0.0009449246804570377,27.525917835839532,0,0.0,-0.0,1.6251263137946739,0,0.0,-0.0,11.682211507192566,0,0.0,-0.0,3.322637763296031,0,0.0,-0.0,2.6723768440379345,0,0.0,-0.0,3.160007554516598,1,1.0,-0.0009449246804570377,2.237480090362789,0,0.0,-0.0,6.575695764232627
2025-07-30,117840.3,-0.000936492482117024,True,1.0,-0.000936492482117024,27.5001400207229,0,0.0,-0.0,1.6251263137946739,0,0.0,-0.0,11.682211507192566,0,0.0,-0.0,3.322637763296031,0,0.0,-0.0,2.6723768440379345,0,0.0,-0.0,3.160007554516598,1,1.0,-0.000936492482117024,2.2353847070792776,0,0.0,-0.0,6.575695764232627
2025-07-31,115764.08,-0.017618930026484958,False,1.0,-0.017618930026484958,27.015616977979242,0,0.0,-0.0,1.6251263137946739,0,0.0,-0.0,11.682211507192566,0,0.0,-0.0,3.322637763296031,0,0.0,-0.0,2.6723768440379345,0,0.0,-0.0,3.160007554516598,0,1.0,-0.017618930026484958,2.195999620342973,0,0.0,-0.0,6.575695764232627
2025-08-01,113297.93,-0.021303240176054672,False,1.0,-0.021303240176054672,26.44009680099305,0,0.0,-0.0,1.6251263137946739,0,0.0,-0.0,11.682211507192566,0,0.0,-0.0,3.322637763296031,0,0.0,-0.0,2.6723768440379345,0,0.0,-0.0,3.160007554516598,0,1.0,-0.021303240176054672,2.149217713004282,0,0.0,-0.0,6.575695764232627
2025-08-02,112546.35,-0.00663366047376146,False,1.0,-0.00663366047376146,26.264702175921876,0,0.0,-0.0,1.6251263137946739,0,0.0,-0.0,11.682211507192566,0,0.0,-0.0,3.322637763296031,0,0.0,-0.0,2.6723768440379345,0,0.0,-0.0,3.160007554516598,0,1.0,-0.00663366047376146,2.1349605324120176,0,0.0,-0.0,6.575695764232627
2025-08-03,114208.8,0.014771247579330682,False,1.0,0.014771247579330682,26.652664594359802,0,0.0,0.0,1.6251263137946739,0,0.0,0.0,11.682211507192566,0,0.0,0.0,3.322637763296031,0,0.0,0.0,2.6723768440379345,0,0.0,0.0,3.160007554516598,0,1.0,0.014771247579330682,2.166496563008375,0,0.0,0.0,6.575695764232627
2025-08-04,115055.03,0.00740949909288946,False,1.0,0.00740949909288946,26.850147488494798,0,0.0,0.0,1.6251263137946739,0,0.0,0.0,11.682211507192566,0,0.0,0.0,3.322637763296031,0,0.0,0.0,2.6723768440379345,0,0.0,0.0,3.160007554516598,0,1.0,0.00740949909288946,2.182549217326734,0,0.0,0.0,6.575695764232627
2025-08-05,114129.75,-0.008042064740672372,False,1.0,-0.008042064740672372,26.63421686409572,0,0.0,-0.0,1.6251263137946739,0,0.0,-0.0,11.682211507192566,0,0.0,-0.0,3.322637763296031,0,0.0,-0.0,2.6723768440379345,0,0.0,-0.0,3.160007554516598,0,1.0,-0.008042064740672372,2.1649970152212883,0,0.0,-0.0,6.575695764232627
2025-08-06,114992.27,0.007557363439418818,False,1.0,0.007557363439418818,26.83550132086199,0,0.0,0.0,1.6251263137946739,0,0.0,0.0,11.682211507192566,0,0.0,0.0,3.322637763296031,0,0.0,0.0,2.6723768440379345,0,0.0,0.0,3.160007554516598,0,1.0,0.007557363439418818,2.1813586845105726,0,0.0,0.0,6.575695764232627
2025-08-07,117472.01,0.021564406024856986,False,1.0,0.021564406024856986,27.414192967225645,0,0.0,0.0,1.6251263137946739,0,0.0,0.0,11.682211507192566,0,0.0,0.0,3.322637763296031,0,0.0,0.0,2.6723768440379345,0,0.0,0.0,3.160007554516598,0,1.0,0.021564406024856986,2.2283983888692065,0,0.0,0.0,6.575695764232627
2025-08-08,116674.74,-0.006786893320374743,False,1.0,-0.006786893320374743,27.22813576409292,0,0.0,-0.0,1.6251263137946739,0,0.0,-0.0,11.682211507192566,0,0.0,-0.0,3.322637763296031,0,0.0,-0.0,2.6723768440379345,0,0.0,-0.0,3.160007554516598,0,1.0,-0.006786893320374743,2.2132744867286562,0,0.0,-0.0,6.575695764232627
2025-08-09,116462.25,-0.0018212168289383213,False,1.0,-0.0018212168289383213,27.178547425018735,0,0.0,-0.0,1.6251263137946739,0,0.0,-0.0,11.682211507192566,0,0.0,-0.0,3.322637763296031,0,0.0,-0.0,2.6723768440379345,0,0.0,-0.0,3.160007554516598,0,1.0,-0.0018212168289383213,2.2092436339863664,0,0.0,-0.0,6.575695764232627
2025-08-10,119294.01,0.024314831629991707,True,1.0,0.024314831629991707,27.83938922960581,0,0.0,0.0,1.6251263137946739,0,0.0,0.0,11.682211507192566,0,0.0,0.0,3.322637763296031,0,0.0,0.0,2.6723768440379345,0,0.0,0.0,3.160007554516598,1,1.0,0.024314831629991707,2.262961020976376,0,0.0,0.0,6.575695764232627
2025-08-11,118686.0,-0.005096735368355865,False,1.0,-0.005096735368355865,27.697499229885853,0,0.0,-0.0,1.6251263137946739,0,0.0,-0.0,11.682211507192566,0,0.0,-0.0,3.322637763296031,0,0.0,-0.0,2.6723768440379345,0,0.0,-0.0,3.160007554516598,0,1.0,-0.005096735368355865,2.251427307503555,0,0.0,-0.0,6.575695764232627
2025-08-12,120134.08,0.012200933555769122,True,1.0,0.012200933555769122,28.03543457765066,0,0.0,0.0,1.6251263137946739,0,0.0,0.0,11.682211507192566,0,0.0,0.0,3.322637763296031,0,0.0,0.0,2.6723768440379345,0,0.0,0.0,3.160007554516598,1,1.0,0.012200933555769122,2.27889682248805,0,0.0,0.0,6.575695764232627
2025-08-13,123306.43,0.02640674486373884,True,1.0,0.02640674486373884,28.77575914568672,0,0.0,0.0,1.6251263137946739,0,0.0,0.0,11.682211507192566,0,0.0,0.0,3.322637763296031,0,0.0,0.0,2.6723768440379345,0,0.0,0.0,3.160007554516598,1,1.0,0.02640674486373884,2.3390750694502773,0,0.0,0.0,6.575695764232627
2025-08-14,118295.09,-0.0406413517932519,True,1.0,-0.0406413517932519,27.60627339512898,0,0.0,-0.0,1.6251263137946739,0,0.0,-0.0,11.682211507192566,0,0.0,-0.0,3.322637763296031,0,0.0,-0.0,2.6723768440379345,0,0.0,-0.0,3.160007554516598,1,1.0,-0.0406413517932519,2.2440118966819234,0,0.0,-0.0,6.575695764232627
2025-08-15,117342.05,-0.008056462867562786,False,1.0,-0.008056462867562786,27.383864478609336,0,0.0,-0.0,1.6251263137946739,0,0.0,-0.0,11.682211507192566,0,0.0,-0.0,3.322637763296031,0,0.0,-0.0,2.6723768440379345,0,0.0,-0.0,3.160007554516598,0,1.0,-0.008056462867562786,2.2259330981619363,0,0.0,-0.0,6.575695764232627
2025-08-16,117380.66,0.00032903805583761603,False,1.0,0.00032903805583761603,27.3928748121387,0,0.0,0.0,1.6251263137946739,0,0.0,0.0,11.682211507192566,0,0.0,0.0,3.322637763296031,0,0.0,0.0,2.6723768440379345,0,0.0,0.0,3.160007554516598,0,1.0,0.00032903805583761603,2.22666551486098,0,0.0,0.0,6.575695764232627
2025-08-17,117405.01,0.0002074447357851561,False,1.0,0.0002074447357851561,27.3985573198165,0,0.0,0.0,1.6251263137946739,0,0.0,0.0,11.682211507192566,0,0.0,0.0,3.322637763296031,0,0.0,0.0,2.6723768440379345,0,0.0,0.0,3.160007554516598,0,1.0,0.0002074447357851561,2.2271274249003925,0,0.0,0.0,6.575695764232627
2025-08-18,116227.05,-0.010033302667407429,False,1.0,-0.010033302667407429,27.12365930157647,0,0.0,-0.0,1.6251263137946739,0,0.0,-0.0,11.682211507192566,0,0.0,-0.0,3.322637763296031,0,0.0,-0.0,2.6723768440379345,0,0.0,-0.0,3.160007554516598,0,1.0,-0.010033302667407429,2.2047819813674834,0,0.0,-0.0,6.575695764232627
2025-08-19,112872.94,-0.028858256318128994,False,1.0,-0.028858256318128994,26.340917789165974,0,0.0,-0.0,1.6251263137946739,0,0.0,-0.0,11.682211507192566,0,0.0,-0.0,3.322637763296031,0,0.0,-0.0,2.6723768440379345,0,0.0,-0.0,3.160007554516598,0,1.0,-0.028858256318128994,2.1411558178235883,0,0.0,-0.0,6.575695764232627
2025-08-20,114271.24,0.012388265956393196,False,1.0,0.012388265956393196,26.66723608427365,0,0.0,0.0,1.6251263137946739,0,0.0,0.0,11.682211507192566,0,0.0,0.0,3.322637763296031,0,0.0,0.0,2.6723768440379345,0,0.0,0.0,3.160007554516598,0,1.0,0.012388265956393196,2.1676810255488657,0,0.0,0.0,6.575695764232627
2025-08-21,112500.0,-0.01550031311465605,False,1.0,-0.01550031311465605,26.253885575064956,0,0.0,-0.0,1.6251263137946739,0,0.0,-0.0,11.682211507192566,0,0.0,-0.0,3.322637763296031,0,0.0,-0.0,2.6723768440379345,0,0.0,-0.0,3.160007554516598,0,1.0,-0.01550031311465605,2.1340812909201596,0,0.0,-0.0,6.575695764232627
2025-08-22,116935.99,0.03943102222222228,True,1.0,0.03943102222222228,27.289103120595023,0,0.0,0.0,1.6251263137946739,0,0.0,0.0,11.682211507192566,0,0.0,0.0,3.322637763296031,0,0.0,0.0,2.6723768440379345,0,0.0,0.0,3.160007554516598,1,1.0,0.03943102222222228,2.2182302977264614,0,0.0,0.0,6.575695764232627
2025-08-23,115438.05,-0.012809914210329953,True,1.0,-0.012809914210329953,26.939532050743352,0,0.0,-0.0,1.6251263137946739,0,0.0,-0.0,11.682211507192566,0,0.0,-0.0,3.322637763296031,0,0.0,-0.0,2.6723768440379345,0,0.0,-0.0,3.160007554516598,1,1.0,-0.012809914210329953,2.1898149579138306,0,0.0,-0.0,6.575695764232627
2025-08-24,113493.59,-0.01684418612407268,False,1.0,-0.01684418612407268,26.48575755878521,0,0.0,-0.0,1.6251263137946739,0,0.0,-0.0,11.682211507192566,0,0.0,-0.0,3.322637763296031,0,0.0,-0.0,2.6723768440379345,0,0.0,-0.0,3.160007554516598,0,1.0,-0.01684418612407268,2.1529293071854516,0,0.0,-0.0,6.575695764232627
2025-08-25,110111.98,-0.029795603434519924,False,1.0,-0.029795603434519924,25.696598429900806,0,0.0,-0.0,1.6251263137946739,0,0.0,-0.0,11.682211507192566,0,0.0,-0.0,3.322637763296031,0,0.0,-0.0,2.6723768440379345,0,0.0,-0.0,3.160007554516598,0,1.0,-0.029795603434519924,2.088781479325998,0,0.0,-0.0,6.575695764232627
2025-08-26,111763.22,0.01499600679235824,False,1.0,0.01499600679235824,26.081944794496103,0,0.0,0.0,1.6251263137946739,0,0.0,0.0,11.682211507192566,0,0.0,0.0,3.322637763296031,0,0.0,0.0,2.6723768440379345,0,0.0,0.0,3.160007554516598,0,1.0,0.01499600679235824,2.120104860577723,0,0.0,0.0,6.575695764232627
2025-08-27,111262.01,-0.004484570147495814,False,1.0,-0.004484570147495814,25.96497848348207,0,0.0,-0.0,1.6251263137946739,0,0.0,-0.0,11.682211507192566,0,0.0,-0.0,3.322637763296031,0,0.0,-0.0,2.6723768440379345,0,0.0,-0.0,3.160007554516598,0,1.0,-0.004484570147495814,2.110597101610415,0,0.0,-0.0,6.575695764232627
2025-08-28,112566.9,0.011728082208833035,False,1.0,0.011728082208833035,26.269497885686928,0,0.0,0.0,1.6251263137946739,0,0.0,0.0,11.682211507192566,0,0.0,0.0,3.322637763296031,0,0.0,0.0,2.6723768440379345,0,0.0,0.0,3.160007554516598,0,1.0,0.011728082208833035,2.135350357927827,0,0.0,0.0,6.575695764232627
2025-08-29,108377.4,-0.03721786777462999,False,1.0,-0.03721786777462999,25.29180318687151,0,0.0,-0.0,1.6251263137946739,0,0.0,-0.0,11.682211507192566,0,0.0,-0.0,3.322637763296031,0,0.0,-0.0,2.6723768440379345,0,0.0,-0.0,3.160007554516598,0,1.0,-0.03721786777462999,2.05587717065396,0,0.0,-0.0,6.575695764232627
2025-08-30,108816.33,0.004050014117334522,False,1.0,0.004050014117334522,25.394235346831184,0,0.0,0.0,1.6251263137946739,0,0.0,0.0,11.682211507192566,0,0.0,0.0,3.322637763296031,0,0.0,0.0,2.6723768440379345,0,0.0,0.0,3.160007554516598,0,1.0,0.004050014117334522,2.0642035022186143,0,0.0,0.0,6.575695764232627
2025-08-31,108246.35,-0.005238000583184466,False,1.0,-0.005238000583184466,25.26122032727496,0,0.0,-0.0,1.6251263137946739,0,0.0,-0.0,11.682211507192566,0,0.0,-0.0,3.322637763296031,0,0.0,-0.0,2.6723768440379345,0,0.0,-0.0,3.160007554516598,0,1.0,-0.005238000583184466,2.0533912030701815,0,0.0,-0.0,6.575695764232627
2025-09-01,109237.42,0.009155689776144893,False,1.0,0.009155689776144893,25.492504223958335,0,0.0,0.0,1.6251263137946739,0,0.0,0.0,11.682211507192566,0,0.0,0.0,3.322637763296031,0,0.0,0.0,2.6723768440379345,0,0.0,0.0,3.160007554516598,0,1.0,0.009155689776144893,2.072191415914557,0,0.0,0.0,6.575695764232627
2025-09-02,111240.01,0.018332454208457083,False,1.0,0.018332454208457083,25.95984439030295,0,0.0,0.0,1.6251263137946739,0,0.0,0.0,11.682211507192566,0,0.0,0.0,3.322637763296031,0,0.0,0.0,2.6723768440379345,0,0.0,0.0,3.160007554516598,0,1.0,0.018332454208457083,2.1101797701579685,0,0.0,0.0,6.575695764232627
2025-09-03,111705.71,0.004186443348935365,False,1.0,0.004186443348935365,26.068523808190132,0,0.0,0.0,1.6251263137946739,0,0.0,0.0,11.682211507192566,0,0.0,0.0,3.322637763296031,0,0.0,0.0,2.6723768440379345,0,0.0,0.0,3.160007554516598,0,1.0,0.004186443348935365,2.119013918221804,0,0.0,0.0,6.575695764232627
2025-09-04,110730.87,-0.008726859173089796,False,1.0,-0.008726859173089796,25.84102747206572,0,0.0,-0.0,1.6251263137946739,0,0.0,-0.0,11.682211507192566,0,0.0,-0.0,3.322637763296031,0,0.0,-0.0,2.6723768440379345,0,0.0,-0.0,3.160007554516598,0,1.0,-0.008726859173089796,2.100521582171665,0,0.0,-0.0,6.575695764232627
2025-09-05,110659.99,-0.0006401105671796081,False,1.0,-0.0006401105671796081,25.824486357314072,0,0.0,-0.0,1.6251263137946739,0,0.0,-0.0,11.682211507192566,0,0.0,-0.0,3.322637763296031,0,0.0,-0.0,2.6723768440379345,0,0.0,-0.0,3.160007554516598,0,1.0,-0.0006401105671796081,2.0991770161103283,0,0.0,-0.0,6.575695764232627
2025-09-06,110187.97,-0.004265498307021387,False,1.0,-0.004265498307021387,25.714332054477254,0,0.0,-0.0,1.6251263137946739,0,0.0,-0.0,11.682211507192566,0,0.0,-0.0,3.322637763296031,0,0.0,-0.0,2.6723768440379345,0,0.0,-0.0,3.160007554516598,0,1.0,-0.004265498307021387,2.0902229801019714,0,0.0,-0.0,6.575695764232627
2025-09-07,111137.34,0.008615913334277803,False,1.0,0.008615913334277803,25.93588451090747,0,0.0,0.0,1.6251263137946739,0,0.0,0.0,11.682211507192566,0,0.0,0.0,3.322637763296031,0,0.0,0.0,2.6723768440379345,0,0.0,0.0,3.160007554516598,0,1.0,0.008615913334277803,2.1082321601478458,0,0.0,0.0,6.575695764232627
2025-09-08,112065.23,0.008349039125823854,False,1.0,0.008349039125823854,26.152424225451885,0,0.0,0.0,1.6251263137946739,0,0.0,0.0,11.682211507192566,0,0.0,0.0,3.322637763296031,0,0.0,0.0,2.6723768440379345,0,0.0,0.0,3.160007554516598,0,1.0,0.008349039125823854,2.12583387293924,0,0.0,0.0,6.575695764232627
2025-09-09,111546.39,-0.0046298035528057335,False,1.0,-0.0046298035528057335,26.031343638858406,0,0.0,-0.0,1.6251263137946739,0,0.0,-0.0,11.682211507192566,0,0.0,-0.0,3.322637763296031,0,0.0,-0.0,2.6723768440379345,0,0.0,-0.0,3.160007554516598,0,1.0,-0.0046298035528057335,2.115991679721631,0,0.0,-0.0,6.575695764232627
2025-09-10,113960.0,0.02163772399985331,True,1.0,0.02163772399985331,26.594602667861363,0,0.0,0.0,1.6251263137946739,0,0.0,0.0,11.682211507192566,0,0.0,0.0,3.322637763296031,0,0.0,0.0,2.6723768440379345,0,0.0,0.0,3.160007554516598,1,1.0,0.02163772399985331,2.161776923673434,0,0.0,0.0,6.575695764232627
2025-09-11,115482.69,0.013361618111618068,False,1.0,0.013361618111618068,26.949949592539546,0,0.0,0.0,1.6251263137946739,0,0.0,0.0,11.682211507192566,0,0.0,0.0,3.322637763296031,0,0.0,0.0,2.6723768440379345,0,0.0,0.0,3.160007554516598,0,1.0,0.013361618111618068,2.190661761370067,0,0.0,0.0,6.575695764232627
2025-09-12,116029.42,0.004734302604139096,True,1.0,0.004734302604139096,27.077538809076923,0,0.0,0.0,1.6251263137946739,0,0.0,0.0,11.682211507192566,0,0.0,0.0,3.322637763296031,0,0.0,0.0,2.6723768440379345,0,0.0,0.0,3.160007554516598,1,1.0,0.004734302604139096,2.201033017051709,0,0.0,0.0,6.575695764232627
2025-09-13,115918.29,-0.0009577743299932218,True,1.0,-0.0009577743299932218,27.051604637486193,0,0.0,-0.0,1.6251263137946739,0,0.0,-0.0,11.682211507192566,0,0.0,-0.0,3.322637763296031,0,0.0,-0.0,2.6723768440379345,0,0.0,-0.0,3.160007554516598,1,1.0,-0.0009577743299932218,2.1989249241285096,0,0.0,-0.0,6.575695764232627
2025-09-14,115268.01,-0.005609813602322822,True,1.0,-0.005609813602322822,26.899850177826163,0,0.0,-0.0,1.6251263137946739,0,0.0,-0.0,11.682211507192566,0,0.0,-0.0,3.322637763296031,0,0.0,-0.0,2.6723768440379345,0,0.0,-0.0,3.160007554516598,1,1.0,-0.005609813602322822,2.186589365178647,0,0.0,-0.0,6.575695764232627
2025-09-15,115349.71,0.000708782948538822,True,1.0,0.000708782948538822,26.918916332950456,0,0.0,0.0,1.6251263137946739,0,0.0,0.0,11.682211507192566,0,0.0,0.0,3.322637763296031,0,0.0,0.0,2.6723768440379345,0,0.0,0.0,3.160007554516598,1,1.0,0.000708782948538822,2.188139182436142,0,0.0,0.0,6.575695764232627
2025-09-16,116788.96,0.012477274541912609,True,1.0,0.012477274541912609,27.254791042407454,0,0.0,0.0,1.6251263137946739,0,0.0,0.0,11.682211507192566,0,0.0,0.0,3.322637763296031,0,0.0,0.0,2.6723768440379345,0,0.0,0.0,3.160007554516598,1,1.0,0.012477274541912609,2.2154411957513136,0,0.0,0.0,6.575695764232627
2025-09-17,116447.59,-0.0029229646363835293,True,1.0,-0.0029229646363835293,27.175126252018476,0,0.0,-0.0,1.6251263137946739,0,0.0,-0.0,11.682211507192566,0,0.0,-0.0,3.322637763296031,0,0.0,-0.0,2.6723768440379345,0,0.0,-0.0,3.160007554516598,1,1.0,-0.0029229646363835293,2.2089655394821452,0,0.0,-0.0,6.575695764232627
2025-09-18,117073.53,0.005375293726559649,True,1.0,0.005375293726559649,27.321200537679417,0,0.0,0.0,1.6251263137946739,0,0.0,0.0,11.682211507192566,0,0.0,0.0,3.322637763296031,0,0.0,0.0,2.6723768440379345,0,0.0,0.0,3.160007554516598,1,1.0,0.005375293726559649,2.22083937808871,0,0.0,0.0,6.575695764232627
2025-09-19,115632.38,-0.01230978514101344,True,1.0,-0.01230978514101344,26.984882429266044,0,0.0,-0.0,1.6251263137946739,0,0.0,-0.0,11.682211507192566,0,0.0,-0.0,3.322637763296031,0,0.0,-0.0,2.6723768440379345,0,0.0,-0.0,3.160007554516598,1,1.0,-0.01230978514101344,2.193501322511736,0,0.0,-0.0,6.575695764232627
2025-09-20,115685.63,0.0004605111474831336,True,1.0,0.0004605111474831336,26.997309268438244,0,0.0,0.0,1.6251263137946739,0,0.0,0.0,11.682211507192566,0,0.0,0.0,3.322637763296031,0,0.0,0.0,2.6723768440379345,0,0.0,0.0,3.160007554516598,1,1.0,0.0004605111474831336,2.1945114543227717,0,0.0,0.0,6.575695764232627
2025-09-21,115232.29,-0.003918723526854739,True,1.0,-0.003918723526854739,26.89151427744624,0,0.0,-0.0,1.6251263137946739,0,0.0,-0.0,11.682211507192566,0,0.0,-0.0,3.322637763296031,0,0.0,-0.0,2.6723768440379345,0,0.0,-0.0,3.160007554516598,1,1.0,-0.003918723526854739,2.185911770656765,0,0.0,-0.0,6.575695764232627
2025-09-22,112650.99,-0.022400839209218093,True,1.0,-0.022400839209218093,26.289121790024776,0,0.0,-0.0,1.6251263137946739,0,0.0,-0.0,11.682211507192566,0,0.0,-0.0,3.322637763296031,0,0.0,-0.0,2.6723768440379345,0,0.0,-0.0,3.160007554516598,1,1.0,-0.022400839209218093,2.136945512556746,0,0.0,-0.0,6.575695764232627
2025-09-23,111998.8,-0.005789474198140687,True,1.0,-0.005789474198140687,26.13692159772965,0,0.0,-0.0,1.6251263137946739,0,0.0,-0.0,11.682211507192566,0,0.0,-0.0,3.322637763296031,0,0.0,-0.0,2.6723768440379345,0,0.0,-0.0,3.160007554516598,1,1.0,-0.005789474198140687,2.124573721648966,0,0.0,-0.0,6.575695764232627
2025-09-24,113307.0,0.011680482290881589,True,1.0,0.011680482290881589,26.442213447590092,0,0.0,0.0,1.6251263137946739,0,0.0,0.0,11.682211507192566,0,0.0,0.0,3.322637763296031,0,0.0,0.0,2.6723768440379345,0,0.0,0.0,3.160007554516598,1,1.0,0.011680482290881589,2.1493897673803595,0,0.0,0.0,6.575695764232627
2025-09-25,108994.49,-0.03806040226993912,False,1.0,-0.03806040226993912,25.43581216686722,0,0.0,-0.0,1.6251263137946739,0,0.0,-0.0,11.682211507192566,0,0.0,-0.0,3.322637763296031,0,0.0,-0.0,2.6723768440379345,0,0.0,-0.0,3.160007554516598,0,1.0,-0.03806040226993912,2.0675831281989723,0,0.0,-0.0,6.575695764232627
2025-09-26,109643.46,0.0059541541962351285,False,1.0,0.0059541541962351285,25.58726091461522,0,0.0,0.0,1.6251263137946739,0,0.0,0.0,11.682211507192566,0,0.0,0.0,3.322637763296031,0,0.0,0.0,2.6723768440379345,0,0.0,0.0,3.160007554516598,0,1.0,0.0059541541962351285,2.0798938369578033,0,0.0,0.0,6.575695764232627
2025-09-27,109635.85,-6.940678449951498e-05,False,1.0,-6.940678449951498e-05,25.585484985110988,0,0.0,-0.0,1.6251263137946739,0,0.0,-0.0,11.682211507192566,0,0.0,-0.0,3.322637763296031,0,0.0,-0.0,2.6723768440379345,0,0.0,-0.0,3.160007554516598,0,1.0,-6.940678449951498e-05,2.0797494782144796,0,0.0,-0.0,6.575695764232627
2025-09-28,112163.95,0.02305906325348861,True,1.0,0.02305906325348861,26.175462301753846,0,0.0,0.0,1.6251263137946739,0,0.0,0.0,11.682211507192566,0,0.0,0.0,3.322637763296031,0,0.0,0.0,2.6723768440379345,0,0.0,0.0,3.160007554516598,1,1.0,0.02305906325348861,2.127706552984037,0,0.0,0.0,6.575695764232627
2025-09-29,114311.96,0.01915062727373651,True,1.0,0.01915062727373651,26.676738824012475,0,0.0,0.0,1.6251263137946739,0,0.0,0.0,11.682211507192566,0,0.0,0.0,3.322637763296031,0,0.0,0.0,2.6723768440379345,0,0.0,0.0,3.160007554516598,1,1.0,0.01915062727373651,2.168453468128121,0,0.0,0.0,6.575695764232627
2025-09-30,114048.93,-0.002300984079006363,True,1.0,-0.002300984079006363,26.61535607269861,0,0.0,-0.0,1.6251263137946739,0,0.0,-0.0,11.682211507192566,0,0.0,-0.0,3.322637763296031,0,0.0,-0.0,2.6723768440379345,0,0.0,-0.0,3.160007554516598,1,1.0,-0.002300984079006363,2.163463891221892,0,0.0,-0.0,6.575695764232627
2025-10-01,118594.99,0.03986061070454605,True,1.0,0.03986061070454605,27.676260419875327,0,0.0,0.0,1.6251263137946739,0,0.0,0.0,11.682211507192566,0,0.0,0.0,3.322637763296031,0,0.0,0.0,2.6723768440379345,0,0.0,0.0,3.160007554516598,1,1.0,0.03986061070454605,2.2497008831632304,0,0.0,0.0,6.575695764232627
2025-10-02,120529.35,0.01631063841735636,True,1.0,0.01631063841735636,28.127677896328503,0,0.0,0.0,1.6251263137946739,0,0.0,0.0,11.682211507192566,0,0.0,0.0,3.322637763296031,0,0.0,0.0,2.6723768440379345,0,0.0,0.0,3.160007554516598,1,1.0,0.01631063841735636,2.286394940815713,0,0.0,0.0,6.575695764232627
2025-10-03,122232.0,0.014126434764644369,True,1.0,0.014126434764644369,28.525021703211916,0,0.0,0.0,1.6251263137946739,0,0.0,0.0,11.682211507192566,0,0.0,0.0,3.322637763296031,0,0.0,0.0,2.6723768440379345,0,0.0,0.0,3.160007554516598,1,1.0,0.014126434764644369,2.318693549793359,0,0.0,0.0,6.575695764232627
2025-10-04,122391.0,0.0013008050265068682,True,1.0,0.0013008050265068682,28.562127194824672,0,0.0,0.0,1.6251263137946739,0,0.0,0.0,11.682211507192566,0,0.0,0.0,3.322637763296031,0,0.0,0.0,2.6723768440379345,0,0.0,0.0,3.160007554516598,1,1.0,0.0013008050265068682,2.321709718017859,0,0.0,0.0,6.575695764232627
2025-10-05,123482.31,0.008916587003946264,True,1.0,0.008916587003946264,28.816803886975105,0,0.0,0.0,1.6251263137946739,0,0.0,0.0,11.682211507192566,0,0.0,0.0,3.322637763296031,0,0.0,0.0,2.6723768440379345,0,0.0,0.0,3.160007554516598,1,1.0,0.008916587003946264,2.342411444716473,0,0.0,0.0,6.575695764232627
2025-10-06,124658.54,0.009525493975614863,True,1.0,0.009525493975614863,29.09129817879696,0,0.0,0.0,1.6251263137946739,0,0.0,0.0,11.682211507192566,0,0.0,0.0,3.322637763296031,0,0.0,0.0,2.6723768440379345,0,0.0,0.0,3.160007554516598,1,1.0,0.009525493975614863,2.3647240708215307,0,0.0,0.0,6.575695764232627
2025-10-07,121332.95,-0.02667759465175834,True,1.0,-0.02667759465175834,28.315212318089582,0,0.0,-0.0,1.6251263137946739,0,0.0,-0.0,11.682211507192566,0,0.0,-0.0,3.322637763296031,0,0.0,-0.0,2.6723768440379345,0,0.0,-0.0,3.160007554516598,1,1.0,-0.02667759465175834,2.301638920596898,0,0.0,-0.0,6.575695764232627
2025-10-08,123306.0,0.016261452474369165,True,1.0,0.016261452474369165,28.77565879750187,0,0.0,0.0,1.6251263137946739,0,0.0,0.0,11.682211507192566,0,0.0,0.0,3.322637763296031,0,0.0,0.0,2.6723768440379345,0,0.0,0.0,3.160007554516598,1,1.0,0.016261452474369165,2.339066912517343,0,0.0,0.0,6.575695764232627
2025-10-09,121662.4,-0.013329440578722873,True,1.0,-0.013329440578722873,28.392095363446963,0,0.0,-0.0,1.6251263137946739,0,0.0,-0.0,11.682211507192566,0,0.0,-0.0,3.322637763296031,0,0.0,-0.0,2.6723768440379345,0,0.0,-0.0,3.160007554516598,1,1.0,-0.013329440578722873,2.307888459097286,0,0.0,-0.0,6.575695764232627
2025-10-10,112774.5,-0.07305379476321361,False,1.0,-0.07305379476321361,26.31794505586812,0,0.0,-0.0,1.6251263137946739,0,0.0,-0.0,11.682211507192566,0,0.0,-0.0,3.322637763296031,0,0.0,-0.0,2.6723768440379345,0,0.0,-0.0,3.160007554516598,0,1.0,-0.07305379476321361,2.1392884492700035,0,0.0,-0.0,6.575695764232627
2025-10-11,110644.4,-0.01888813517240162,False,1.0,-0.01888813517240162,25.820848152193044,0,0.0,-0.0,1.6251263137946739,0,0.0,-0.0,11.682211507192566,0,0.0,-0.0,3.322637763296031,0,0.0,-0.0,2.6723768440379345,0,0.0,-0.0,3.160007554516598,0,1.0,-0.01888813517240162,2.098881279867434,0,0.0,-0.0,6.575695764232627
2025-10-12,114958.8,0.03899338782622541,True,1.0,0.03899338782622541,26.827690498193583,0,0.0,0.0,1.6251263137946739,0,0.0,0.0,11.682211507192566,0,0.0,0.0,3.322637763296031,0,0.0,0.0,2.6723768440379345,0,0.0,0.0,3.160007554516598,1,1.0,0.03899338782622541,2.180723771614509,0,0.0,0.0,6.575695764232627
2025-10-13,115166.0,0.0018023848543999854,True,1.0,0.0018023848543999854,26.876044321226058,0,0.0,0.0,1.6251263137946739,0,0.0,0.0,11.682211507192566,0,0.0,0.0,3.322637763296031,0,0.0,0.0,2.6723768440379345,0,0.0,0.0,3.160007554516598,1,1.0,0.0018023848543999854,2.184654275112097,0,0.0,0.0,6.575695764232627
2025-10-14,113028.14,-0.018563291249153346,False,1.0,-0.018563291249153346,26.377136482865986,0,0.0,-0.0,1.6251263137946739,0,0.0,-0.0,11.682211507192566,0,0.0,-0.0,3.322637763296031,0,0.0,-0.0,2.6723768440379345,0,0.0,-0.0,3.160007554516598,0,1.0,-0.018563291249153346,2.1440999015244833,0,0.0,-0.0,6.575695764232627
2025-10-15,110763.28,-0.020038018850880857,True,1.0,-0.020038018850880857,25.84859092479006,0,0.0,-0.0,1.6251263137946739,0,0.0,-0.0,11.682211507192566,0,0.0,-0.0,3.322637763296031,0,0.0,-0.0,2.6723768440379345,0,0.0,-0.0,3.160007554516598,1,1.0,-0.020038018850880857,2.101136387279564,0,0.0,-0.0,6.575695764232627
2025-10-16,108194.28,-0.023193607123227156,False,1.0,-0.023193607123227156,25.249068862191464,0,0.0,-0.0,1.6251263137946739,0,0.0,-0.0,11.682211507192566,0,0.0,-0.0,3.322637763296031,0,0.0,-0.0,2.6723768440379345,0,0.0,-0.0,3.160007554516598,0,1.0,-0.023193607123227156,2.0524034554006847,0,0.0,-0.0,6.575695764232627
2025-10-17,106431.68,-0.016291064555353674,False,1.0,-0.016291064555353674,24.837734651394932,0,0.0,-0.0,1.6251263137946739,0,0.0,-0.0,11.682211507192566,0,0.0,-0.0,3.322637763296031,0,0.0,-0.0,2.6723768440379345,0,0.0,-0.0,3.160007554516598,0,1.0,-0.016291064555353674,2.0189676182151213,0,0.0,-0.0,6.575695764232627
2025-10-18,107185.01,0.007078061719969053,False,1.0,0.007078061719969053,25.013537670241718,0,0.0,0.0,1.6251263137946739,0,0.0,0.0,11.682211507192566,0,0.0,0.0,3.322637763296031,0,0.0,0.0,2.6723768440379345,0,0.0,0.0,3.160007554516598,0,1.0,0.007078061719969053,2.033257995627467,0,0.0,0.0,6.575695764232627
2025-10-19,108642.78,0.01360050253295686,False,1.0,0.01360050253295686,25.35373435268405,0,0.0,0.0,1.6251263137946739,0,0.0,0.0,11.682211507192566,0,0.0,0.0,3.322637763296031,0,0.0,0.0,2.6723768440379345,0,0.0,0.0,3.160007554516598,0,1.0,0.01360050253295686,2.060911326147153,0,0.0,0.0,6.575695764232627
2025-10-20,110532.09,0.017390110967337113,False,1.0,0.017390110967337113,25.79463860651361,0,0.0,0.0,1.6251263137946739,0,0.0,0.0,11.682211507192566,0,0.0,0.0,3.322637763296031,0,0.0,0.0,2.6723768440379345,0,0.0,0.0,3.160007554516598,0,1.0,0.017390110967337113,2.096750802802694,0,0.0,0.0,6.575695764232627
2025-10-21,108297.67,-0.0202151248565009,False,1.0,-0.0202151248565009,25.27319676645462,0,0.0,-0.0,1.6251263137946739,0,0.0,-0.0,11.682211507192566,0,0.0,-0.0,3.322637763296031,0,0.0,-0.0,2.6723768440379345,0,0.0,-0.0,3.160007554516598,0,1.0,-0.0202151248565009,2.0543647235310694,0,0.0,-0.0,6.575695764232627
2025-10-22,107567.44,-0.006742804346575482,False,1.0,-0.006742804346575482,25.102784545445914,0,0.0,-0.0,1.6251263137946739,0,0.0,-0.0,11.682211507192566,0,0.0,-0.0,3.322637763296031,0,0.0,-0.0,2.6723768440379345,0,0.0,-0.0,3.160007554516598,0,1.0,-0.006742804346575482,2.040512544143793,0,0.0,-0.0,6.575695764232627
2025-10-23,110078.18,0.02334107793213258,False,1.0,0.02334107793213258,25.6887105958347,0,0.0,0.0,1.6251263137946739,0,0.0,0.0,11.682211507192566,0,0.0,0.0,3.322637763296031,0,0.0,0.0,2.6723768440379345,0,0.0,0.0,3.160007554516598,0,1.0,0.02334107793213258,2.088140306458147,0,0.0,0.0,6.575695764232627
2025-10-24,111004.89,0.008418652997351561,False,1.0,0.008418652997351561,25.90497493629042,0,0.0,0.0,1.6251263137946739,0,0.0,0.0,11.682211507192566,0,0.0,0.0,3.322637763296031,0,0.0,0.0,2.6723768440379345,0,0.0,0.0,3.160007554516598,0,1.0,0.008418652997351561,2.1057196351080014,0,0.0,0.0,6.575695764232627
2025-10-25,111646.27,0.005777943656356088,False,1.0,0.005777943656356088,26.05465242189162,0,0.0,0.0,1.6251263137946739,0,0.0,0.0,11.682211507192566,0,0.0,0.0,3.322637763296031,0,0.0,0.0,2.6723768440379345,0,0.0,0.0,3.160007554516598,0,1.0,0.005777943656356088,2.117886364515738,0,0.0,0.0,6.575695764232627
2025-10-26,114559.4,0.026092497313165763,False,1.0,0.026092497313165763,26.734483370205297,0,0.0,0.0,1.6251263137946739,0,0.0,0.0,11.682211507192566,0,0.0,0.0,3.322637763296031,0,0.0,0.0,2.6723768440379345,0,0.0,0.0,3.160007554516598,0,1.0,0.026092497313165763,2.1731473087914552,0,0.0,0.0,6.575695764232627
2025-10-27,114107.65,-0.0039433691168074825,False,1.0,-0.0039433691168074825,26.629059434129427,0,0.0,-0.0,1.6251263137946739,0,0.0,-0.0,11.682211507192566,0,0.0,-0.0,3.322637763296031,0,0.0,-0.0,2.6723768440379345,0,0.0,-0.0,3.160007554516598,0,1.0,-0.0039433691168074825,2.1645777868076936,0,0.0,-0.0,6.575695764232627
2025-10-28,112898.45,-0.010597010805147522,False,1.0,-0.010597010805147522,26.346871003575043,0,0.0,-0.0,1.6251263137946739,0,0.0,-0.0,11.682211507192566,0,0.0,-0.0,3.322637763296031,0,0.0,-0.0,2.6723768440379345,0,0.0,-0.0,3.160007554516598,0,1.0,-0.010597010805147522,2.14163973261231,0,0.0,-0.0,6.575695764232627
2025-10-29,110021.29,-0.02548449513700146,False,1.0,-0.02548449513700146,25.67543429760923,0,0.0,-0.0,1.6251263137946739,0,0.0,-0.0,11.682211507192566,0,0.0,-0.0,3.322637763296031,0,0.0,-0.0,2.6723768440379345,0,0.0,-0.0,3.160007554516598,0,1.0,-0.02548449513700146,2.0870611252613425,0,0.0,-0.0,6.575695764232627
2025-10-30,108322.88,-0.015437103127948992,False,1.0,-0.015437103127948992,25.279079970502156,0,0.0,-0.0,1.6251263137946739,0,0.0,-0.0,11.682211507192566,0,0.0,-0.0,3.322637763296031,0,0.0,-0.0,2.6723768440379345,0,0.0,-0.0,3.160007554516598,0,1.0,-0.015437103127948992,2.0548429474363497,0,0.0,-0.0,6.575695764232627
2025-10-31,109608.01,0.011863883235009975,False,1.0,0.011863883235009975,25.578988023560672,0,0.0,0.0,1.6251263137946739,0,0.0,0.0,11.682211507192566,0,0.0,0.0,3.322637763296031,0,0.0,0.0,2.6723768440379345,0,0.0,0.0,3.160007554516598,0,1.0,0.011863883235009975,2.079221364231018,0,0.0,0.0,6.575695764232627
2025-11-01,110098.1,0.004471297307560018,False,1.0,0.004471297307560018,25.69335928384053,0,0.0,0.0,1.6251263137946739,0,0.0,0.0,11.682211507192566,0,0.0,0.0,3.322637763296031,0,0.0,0.0,2.6723768440379345,0,0.0,0.0,3.160007554516598,0,1.0,0.004471297307560018,2.0885181811187254,0,0.0,0.0,6.575695764232627
2025-11-02,110540.68,0.004019869552698729,False,1.0,0.004019869552698729,25.796643236532187,0,0.0,0.0,1.6251263137946739,0,0.0,0.0,11.682211507192566,0,0.0,0.0,3.322637763296031,0,0.0,0.0,2.6723768440379345,0,0.0,0.0,3.160007554516598,0,1.0,0.004019869552698729,2.0969137517652623,0,0.0,0.0,6.575695764232627
2025-11-03,106583.04,-0.03580256607793619,False,1.0,-0.03580256607793619,24.873057212467298,0,0.0,-0.0,1.6251263137946739,0,0.0,-0.0,11.682211507192566,0,0.0,-0.0,3.322637763296031,0,0.0,-0.0,2.6723768440379345,0,0.0,-0.0,3.160007554516598,0,1.0,-0.03580256607793619,2.0218388586079534,0,0.0,-0.0,6.575695764232627
2025-11-04,101497.22,-0.04771697260652341,False,1.0,-0.04771697260652341,23.686190222819505,0,0.0,-0.0,1.6251263137946739,0,0.0,-0.0,11.682211507192566,0,0.0,-0.0,3.322637763296031,0,0.0,-0.0,2.6723768440379345,0,0.0,-0.0,3.160007554516598,0,1.0,-0.04771697260652341,1.9253628291769531,0,0.0,-0.0,6.575695764232627
2025-11-05,103885.16,0.023527146851904046,False,1.0,0.023527146851904046,24.243458698553912,0,0.0,0.0,1.6251263137946739,0,0.0,0.0,11.682211507192566,0,0.0,0.0,3.322637763296031,0,0.0,0.0,2.6723768440379345,0,0.0,0.0,3.160007554516598,0,0.0,-0.001,1.9234374663477762,0,0.0,0.0,6.575695764232627
2025-11-06,101346.04,-0.024441604556416086,False,1.0,-0.024441604556416086,23.65090966796405,0,0.0,-0.0,1.6251263137946739,0,0.0,-0.0,11.682211507192566,0,0.0,-0.0,3.322637763296031,0,0.0,-0.0,2.6723768440379345,0,0.0,-0.0,3.160007554516598,0,0.0,-0.0,1.9234374663477762,0,0.0,-0.0,6.575695764232627
2025-11-07,103339.08,0.01966569192047385,False,1.0,0.01966569192047385,24.116021171133188,0,0.0,0.0,1.6251263137946739,0,0.0,0.0,11.682211507192566,0,0.0,0.0,3.322637763296031,0,0.0,0.0,2.6723768440379345,0,0.0,0.0,3.160007554516598,0,0.0,0.0,1.9234374663477762,0,0.0,0.0,6.575695764232627
2025-11-08,102312.94,-0.009929834869828569,False,1.0,-0.009929834869828569,23.876553063186545,0,0.0,-0.0,1.6251263137946739,0,0.0,-0.0,11.682211507192566,0,0.0,-0.0,3.322637763296031,0,0.0,-0.0,2.6723768440379345,0,0.0,-0.0,3.160007554516598,0,0.0,-0.0,1.9234374663477762,0,0.0,-0.0,6.575695764232627
2025-11-09,104722.96,0.023555378234659363,False,1.0,0.023555378234659363,24.438974301529818,0,0.0,0.0,1.6251263137946739,0,0.0,0.0,11.682211507192566,0,0.0,0.0,3.322637763296031,0,0.0,0.0,2.6723768440379345,0,0.0,0.0,3.160007554516598,0,0.0,0.0,1.9234374663477762,0,0.0,0.0,6.575695764232627
2025-11-10,106011.13,0.012300740926345144,False,1.0,0.012300740926345144,24.739591792918542,0,0.0,0.0,1.6251263137946739,0,0.0,0.0,11.682211507192566,0,0.0,0.0,3.322637763296031,0,0.0,0.0,2.6723768440379345,0,0.0,0.0,3.160007554516598,0,0.0,0.0,1.9234374663477762,0,0.0,0.0,6.575695764232627
2025-11-11,103058.99,-0.027847453375886122,False,1.0,-0.027847453375886122,24.05065716392679,0,0.0,-0.0,1.6251263137946739,0,0.0,-0.0,11.682211507192566,0,0.0,-0.0,3.322637763296031,0,0.0,-0.0,2.6723768440379345,0,0.0,-0.0,3.160007554516598,0,0.0,-0.0,1.9234374663477762,0,0.0,-0.0,6.575695764232627
2025-11-12,101654.37,-0.013629281637633106,False,1.0,-0.013629281637633106,23.722863983869473,0,0.0,-0.0,1.6251263137946739,0,0.0,-0.0,11.682211507192566,0,0.0,-0.0,3.322637763296031,0,0.0,-0.0,2.6723768440379345,0,0.0,-0.0,3.160007554516598,0,0.0,-0.0,1.9234374663477762,0,0.0,-0.0,6.575695764232627
2025-11-13,99692.02,-0.0193041381300183,False,1.0,-0.0193041381300183,23.264914540685222,0,0.0,-0.0,1.6251263137946739,0,0.0,-0.0,11.682211507192566,0,0.0,-0.0,3.322637763296031,0,0.0,-0.0,2.6723768440379345,0,0.0,-0.0,3.160007554516598,0,0.0,-0.0,1.9234374663477762,0,0.0,-0.0,6.575695764232627
2025-11-14,94594.0,-0.05113769386957956,False,1.0,-0.05113769386957956,22.075200463001732,0,0.0,-0.0,1.6251263137946739,0,0.0,-0.0,11.682211507192566,0,0.0,-0.0,3.322637763296031,0,0.0,-0.0,2.6723768440379345,0,0.0,-0.0,3.160007554516598,0,0.0,-0.0,1.9234374663477762,0,0.0,-0.0,6.575695764232627
2025-11-15,95596.24,0.010595175169672455,False,1.0,0.010595175169672455,22.30909107881287,0,0.0,0.0,1.6251263137946739,0,0.0,0.0,11.682211507192566,0,0.0,0.0,3.322637763296031,0,0.0,0.0,2.6723768440379345,0,0.0,0.0,3.160007554516598,0,0.0,0.0,1.9234374663477762,0,0.0,0.0,6.575695764232627
2025-11-16,94261.44,-0.013962892264381965,False,1.0,-0.013962892264381965,21.99759164356312,0,0.0,-0.0,1.6251263137946739,0,0.0,-0.0,11.682211507192566,0,0.0,-0.0,3.322637763296031,0,0.0,-0.0,2.6723768440379345,0,0.0,-0.0,3.160007554516598,0,0.0,-0.0,1.9234374663477762,0,0.0,-0.0,6.575695764232627
2025-11-17,92215.14,-0.02170877083991085,False,1.0,-0.02170877083991085,21.52005096754307,0,0.0,-0.0,1.6251263137946739,0,0.0,-0.0,11.682211507192566,0,0.0,-0.0,3.322637763296031,0,0.0,-0.0,2.6723768440379345,0,0.0,-0.0,3.160007554516598,0,0.0,-0.0,1.9234374663477762,0,0.0,-0.0,6.575695764232627
2025-11-18,92960.83,0.0080864161785148,False,1.0,0.0080864161785148,21.694071055849474,0,0.0,0.0,1.6251263137946739,0,0.0,0.0,11.682211507192566,0,0.0,0.0,3.322637763296031,0,0.0,0.0,2.6723768440379345,0,0.0,0.0,3.160007554516598,0,0.0,0.0,1.9234374663477762,0,0.0,0.0,6.575695764232627
2025-11-19,91554.96,-0.015123251373723723,False,1.0,-0.015123251373723723,21.36598616595244,0,0.0,-0.0,1.6251263137946739,0,0.0,-0.0,11.682211507192566,0,0.0,-0.0,3.322637763296031,0,0.0,-0.0,2.6723768440379345,0,0.0,-0.0,3.160007554516598,0,0.0,-0.0,1.9234374663477762,0,0.0,-0.0,6.575695764232627
2025-11-20,86637.23,-0.05371341978632305,False,1.0,-0.05371341978632305,20.218345981871863,0,0.0,-0.0,1.6251263137946739,0,0.0,-0.0,11.682211507192566,0,0.0,-0.0,3.322637763296031,0,0.0,-0.0,2.6723768440379345,0,0.0,-0.0,3.160007554516598,0,0.0,-0.0,1.9234374663477762,0,0.0,-0.0,6.575695764232627
2025-11-21,85129.43,-0.01740360350856096,False,1.0,-0.01740360350856096,19.866473904804458,0,0.0,-0.0,1.6251263137946739,0,0.0,-0.0,11.682211507192566,0,0.0,-0.0,3.322637763296031,0,0.0,-0.0,2.6723768440379345,0,0.0,-0.0,3.160007554516598,0,0.0,-0.0,1.9234374663477762,0,0.0,-0.0,6.575695764232627
2025-11-22,84739.74,-0.00457761786963673,False,1.0,-0.00457761786963673,19.775532778851154,0,0.0,-0.0,1.6251263137946739,0,0.0,-0.0,11.682211507192566,0,0.0,-0.0,3.322637763296031,0,0.0,-0.0,2.6723768440379345,0,0.0,-0.0,3.160007554516598,0,0.0,-0.0,1.9234374663477762,0,0.0,-0.0,6.575695764232627
2025-11-23,86830.0,0.02466682102163631,False,1.0,0.02466682102163631,20.263332306514577,0,0.0,0.0,1.6251263137946739,0,0.0,0.0,11.682211507192566,0,0.0,0.0,3.322637763296031,0,0.0,0.0,2.6723768440379345,0,0.0,0.0,3.160007554516598,0,0.0,0.0,1.9234374663477762,0,0.0,0.0,6.575695764232627
2025-11-24,88300.01,0.01692974778302414,False,1.0,0.01692974778302414,20.606385411707475,0,0.0,0.0,1.6251263137946739,0,0.0,0.0,11.682211507192566,0,0.0,0.0,3.322637763296031,0,0.0,0.0,2.6723768440379345,0,0.0,0.0,3.160007554516598,0,0.0,0.0,1.9234374663477762,0,0.0,0.0,6.575695764232627
2025-11-25,87369.96,-0.010532841389259029,False,1.0,-0.010532841389259029,20.389341622560018,0,0.0,-0.0,1.6251263137946739,0,0.0,-0.0,11.682211507192566,0,0.0,-0.0,3.322637763296031,0,0.0,-0.0,2.6723768440379345,0,0.0,-0.0,3.160007554516598,0,0.0,-0.0,1.9234374663477762,0,0.0,-0.0,6.575695764232627
2025-11-26,90484.02,0.035642227603171595,False,1.0,0.035642227603171595,21.11606317735012,0,0.0,0.0,1.6251263137946739,0,0.0,0.0,11.682211507192566,0,0.0,0.0,3.322637763296031,0,0.0,0.0,2.6723768440379345,0,0.0,0.0,3.160007554516598,0,0.0,0.0,1.9234374663477762,0,0.0,0.0,6.575695764232627
2025-11-27,91333.95,0.009393150304329856,False,1.0,0.009393150304329856,21.314409532610696,0,0.0,0.0,1.6251263137946739,0,0.0,0.0,11.682211507192566,0,0.0,0.0,3.322637763296031,0,0.0,0.0,2.6723768440379345,0,0.0,0.0,3.160007554516598,0,0.0,0.0,1.9234374663477762,0,0.0,0.0,6.575695764232627
2025-11-28,90890.7,-0.004853069422706469,False,1.0,-0.004853069422706469,21.21096922344494,0,0.0,-0.0,1.6251263137946739,0,0.0,-0.0,11.682211507192566,0,0.0,-0.0,3.322637763296031,0,0.0,-0.0,2.6723768440379345,0,0.0,-0.0,3.160007554516598,0,0.0,-0.0,1.9234374663477762,0,0.0,-0.0,6.575695764232627
2025-11-29,90802.44,-0.000971056444718732,False,1.0,-0.000971056444718732,21.190372175081784,0,0.0,-0.0,1.6251263137946739,0,0.0,-0.0,11.682211507192566,0,0.0,-0.0,3.322637763296031,0,0.0,-0.0,2.6723768440379345,0,0.0,-0.0,3.160007554516598,0,0.0,-0.0,1.9234374663477762,0,0.0,-0.0,6.575695764232627
2025-11-30,90360.0,-0.004872556288134988,False,1.0,-0.004872556288134988,21.08712089389217,0,0.0,-0.0,1.6251263137946739,0,0.0,-0.0,11.682211507192566,0,0.0,-0.0,3.322637763296031,0,0.0,-0.0,2.6723768440379345,0,0.0,-0.0,3.160007554516598,0,0.0,-0.0,1.9234374663477762,0,0.0,-0.0,6.575695764232627
2025-12-01,86286.01,-0.0450862107127048,False,1.0,-0.0450862107127048,20.13638251794587,0,0.0,-0.0,1.6251263137946739,0,0.0,-0.0,11.682211507192566,0,0.0,-0.0,3.322637763296031,0,0.0,-0.0,2.6723768440379345,0,0.0,-0.0,3.160007554516598,0,0.0,-0.0,1.9234374663477762,0,0.0,-0.0,6.575695764232627
2025-12-02,91277.88,0.05785259974357393,False,1.0,0.05785259974357393,21.30132459604009,0,0.0,0.0,1.6251263137946739,0,0.0,0.0,11.682211507192566,0,0.0,0.0,3.322637763296031,0,0.0,0.0,2.6723768440379345,0,0.0,0.0,3.160007554516598,0,0.0,0.0,1.9234374663477762,0,0.0,0.0,6.575695764232627
2025-12-03,93429.95,0.023577125147954625,False,1.0,0.023577125147954625,21.80354859185813,0,0.0,0.0,1.6251263137946739,0,0.0,0.0,11.682211507192566,0,0.0,0.0,3.322637763296031,0,0.0,0.0,2.6723768440379345,0,0.0,0.0,3.160007554516598,0,0.0,0.0,1.9234374663477762,0,0.0,0.0,6.575695764232627
2025-12-04,92078.06,-0.014469557138797606,False,1.0,-0.014469557138797606,21.48806089967969,0,0.0,-0.0,1.6251263137946739,0,0.0,-0.0,11.682211507192566,0,0.0,-0.0,3.322637763296031,0,0.0,-0.0,2.6723768440379345,0,0.0,-0.0,3.160007554516598,0,0.0,-0.0,1.9234374663477762,0,0.0,-0.0,6.575695764232627
2025-12-05,89330.04,-0.029844460232980596,False,1.0,-0.029844460232980596,20.846761320675334,0,0.0,-0.0,1.6251263137946739,0,0.0,-0.0,11.682211507192566,0,0.0,-0.0,3.322637763296031,0,0.0,-0.0,2.6723768440379345,0,0.0,-0.0,3.160007554516598,0,0.0,-0.0,1.9234374663477762,0,0.0,-0.0,6.575695764232627
2025-12-06,89236.79,-0.0010438817669845557,False,1.0,-0.0010438817669845557,20.824999766632,0,0.0,-0.0,1.6251263137946739,0,0.0,-0.0,11.682211507192566,0,0.0,-0.0,3.322637763296031,0,0.0,-0.0,2.6723768440379345,0,0.0,-0.0,3.160007554516598,0,0.0,-0.0,1.9234374663477762,0,0.0,-0.0,6.575695764232627
2025-12-07,90395.31,0.01298253780755676,False,1.0,0.01298253780755676,21.09536111344466,0,0.0,0.0,1.6251263137946739,0,0.0,0.0,11.682211507192566,0,0.0,0.0,3.322637763296031,0,0.0,0.0,2.6723768440379345,0,0.0,0.0,3.160007554516598,0,0.0,0.0,1.9234374663477762,0,0.0,0.0,6.575695764232627
2025-12-08,90634.34,0.0026442743544992098,False,1.0,0.0026442743544992098,21.15114303583584,0,0.0,0.0,1.6251263137946739,0,0.0,0.0,11.682211507192566,0,0.0,0.0,3.322637763296031,0,0.0,0.0,2.6723768440379345,0,0.0,0.0,3.160007554516598,0,0.0,0.0,1.9234374663477762,0,0.0,0.0,6.575695764232627
2025-12-09,92678.8,0.022557233825501566,True,1.0,0.022557233825501566,21.62825431497182,0,0.0,0.0,1.6251263137946739,0,0.0,0.0,11.682211507192566,0,0.0,0.0,3.322637763296031,0,0.0,0.0,2.6723768440379345,0,0.0,0.0,3.160007554516598,0,0.0,0.0,1.9234374663477762,0,0.0,0.0,6.575695764232627
2025-12-10,92015.37,-0.007158379262571457,True,1.0,-0.007158379262571457,21.473431067797904,0,0.0,-0.0,1.6251263137946739,0,0.0,-0.0,11.682211507192566,0,0.0,-0.0,3.322637763296031,0,0.0,-0.0,2.6723768440379345,0,0.0,-0.0,3.160007554516598,0,0.0,-0.0,1.9234374663477762,0,0.0,-0.0,6.575695764232627
2025-12-11,92513.38,0.005412247975528528,True,1.0,0.005412247975528528,21.589650601622246,0,0.0,0.0,1.6251263137946739,0,0.0,0.0,11.682211507192566,0,0.0,0.0,3.322637763296031,0,0.0,0.0,2.6723768440379345,0,0.0,0.0,3.160007554516598,0,0.0,0.0,1.9234374663477762,0,0.0,0.0,6.575695764232627
2025-12-12,90268.42,-0.02426632774632176,True,1.0,-0.02426632774632176,21.06574906419471,0,0.0,-0.0,1.6251263137946739,0,0.0,-0.0,11.682211507192566,0,0.0,-0.0,3.322637763296031,0,0.0,-0.0,2.6723768440379345,0,0.0,-0.0,3.160007554516598,0,0.0,-0.0,1.9234374663477762,0,0.0,-0.0,6.575695764232627
2025-12-13,90240.01,-0.00031472800786813693,True,1.0,-0.00031472800786813693,21.059119082957483,0,0.0,-0.0,1.6251263137946739,0,0.0,-0.0,11.682211507192566,0,0.0,-0.0,3.322637763296031,0,0.0,-0.0,2.6723768440379345,0,0.0,-0.0,3.160007554516598,0,0.0,-0.0,1.9234374663477762,0,0.0,-0.0,6.575695764232627
2025-12-14,88172.17,-0.022914891077693733,False,1.0,-0.022914891077693733,20.57655166297933,0,0.0,-0.0,1.6251263137946739,0,0.0,-0.0,11.682211507192566,0,0.0,-0.0,3.322637763296031,0,0.0,-0.0,2.6723768440379345,0,0.0,-0.0,3.160007554516598,0,0.0,-0.0,1.9234374663477762,0,0.0,-0.0,6.575695764232627
2025-12-15,86432.08,-0.019735138649757622,False,1.0,-0.019735138649757622,20.170470562976533,0,0.0,-0.0,1.6251263137946739,0,0.0,-0.0,11.682211507192566,0,0.0,-0.0,3.322637763296031,0,0.0,-0.0,2.6723768440379345,0,0.0,-0.0,3.160007554516598,0,0.0,-0.0,1.9234374663477762,0,0.0,-0.0,6.575695764232627
2025-12-16,87863.42,0.016560286412174774,False,1.0,0.016560286412174774,20.504499332567764,0,0.0,0.0,1.6251263137946739,0,0.0,0.0,11.682211507192566,0,0.0,0.0,3.322637763296031,0,0.0,0.0,2.6723768440379345,0,0.0,0.0,3.160007554516598,0,0.0,0.0,1.9234374663477762,0,0.0,0.0,6.575695764232627
2025-12-17,86243.22,-0.018439983328670806,False,1.0,-0.018439983328670806,20.126396706712473,0,0.0,-0.0,1.6251263137946739,0,0.0,-0.0,11.682211507192566,0,0.0,-0.0,3.322637763296031,0,0.0,-0.0,2.6723768440379345,0,0.0,-0.0,3.160007554516598,0,0.0,-0.0,1.9234374663477762,0,0.0,-0.0,6.575695764232627
2025-12-18,85516.41,-0.008427445079160933,False,1.0,-0.008427445079160933,19.95678260382525,0,0.0,-0.0,1.6251263137946739,0,0.0,-0.0,11.682211507192566,0,0.0,-0.0,3.322637763296031,0,0.0,-0.0,2.6723768440379345,0,0.0,-0.0,3.160007554516598,0,0.0,-0.0,1.9234374663477762,0,0.0,-0.0,6.575695764232627
2025-12-19,88136.94,0.03064359226492308,False,1.0,0.03064359226492308,20.568330112856582,0,0.0,0.0,1.6251263137946739,0,0.0,0.0,11.682211507192566,0,0.0,0.0,3.322637763296031,0,0.0,0.0,2.6723768440379345,0,0.0,0.0,3.160007554516598,0,0.0,0.0,1.9234374663477762,0,0.0,0.0,6.575695764232627
2025-12-20,88360.9,0.002541045786250251,False,1.0,0.002541045786250251,20.62059518142006,0,0.0,0.0,1.6251263137946739,0,0.0,0.0,11.682211507192566,0,0.0,0.0,3.322637763296031,0,0.0,0.0,2.6723768440379345,0,0.0,0.0,3.160007554516598,0,0.0,0.0,1.9234374663477762,0,0.0,0.0,6.575695764232627
2025-12-21,88658.86,0.003372079732098854,True,1.0,0.003372079732098854,20.690129472495144,0,0.0,0.0,1.6251263137946739,0,0.0,0.0,11.682211507192566,0,0.0,0.0,3.322637763296031,0,0.0,0.0,2.6723768440379345,0,0.0,0.0,3.160007554516598,0,0.0,0.0,1.9234374663477762,0,0.0,0.0,6.575695764232627
2025-12-22,88620.79,-0.00042939870871350205,False,1.0,-0.00042939870871350205,20.68124515761654,0,0.0,-0.0,1.6251263137946739,0,0.0,-0.0,11.682211507192566,0,0.0,-0.0,3.322637763296031,0,0.0,-0.0,2.6723768440379345,0,0.0,-0.0,3.160007554516598,0,0.0,-0.0,1.9234374663477762,0,0.0,-0.0,6.575695764232627
2025-12-23,87486.0,-0.012805008847246668,False,1.0,-0.012805008847246668,20.416421630401185,0,0.0,-0.0,1.6251263137946739,0,0.0,-0.0,11.682211507192566,0,0.0,-0.0,3.322637763296031,0,0.0,-0.0,2.6723768440379345,0,0.0,-0.0,3.160007554516598,0,0.0,-0.0,1.9234374663477762,0,0.0,-0.0,6.575695764232627
2025-12-24,87669.45,0.002096906933680698,False,1.0,0.002096906933680698,20.459232966478922,0,0.0,0.0,1.6251263137946739,0,0.0,0.0,11.682211507192566,0,0.0,0.0,3.322637763296031,0,0.0,0.0,2.6723768440379345,0,0.0,0.0,3.160007554516598,0,0.0,0.0,1.9234374663477762,0,0.0,0.0,6.575695764232627
2025-12-25,87225.27,-0.00506653115766087,False,1.0,-0.00506653115766087,20.355575625192415,0,0.0,-0.0,1.6251263137946739,0,0.0,-0.0,11.682211507192566,0,0.0,-0.0,3.322637763296031,0,0.0,-0.0,2.6723768440379345,0,0.0,-0.0,3.160007554516598,0,0.0,-0.0,1.9234374663477762,0,0.0,-0.0,6.575695764232627
2025-12-26,87369.56,0.0016542224518192317,False,1.0,0.0016542224518192317,20.389248275411312,0,0.0,0.0,1.6251263137946739,0,0.0,0.0,11.682211507192566,0,0.0,0.0,3.322637763296031,0,0.0,0.0,2.6723768440379345,0,0.0,0.0,3.160007554516598,0,0.0,0.0,1.9234374663477762,0,0.0,0.0,6.575695764232627
2025-12-27,87877.01,0.005808086935541468,False,1.0,0.005808086935541468,20.50767080194524,0,0.0,0.0,1.6251263137946739,0,0.0,0.0,11.682211507192566,0,0.0,0.0,3.322637763296031,0,0.0,0.0,2.6723768440379345,0,0.0,0.0,3.160007554516598,0,0.0,0.0,1.9234374663477762,0,0.0,0.0,6.575695764232627
2025-12-28,87952.71,0.0008614312207482211,False,1.0,0.0008614312207482211,20.52533674983886,0,0.0,0.0,1.6251263137946739,0,0.0,0.0,11.682211507192566,0,0.0,0.0,3.322637763296031,0,0.0,0.0,2.6723768440379345,0,0.0,0.0,3.160007554516598,0,0.0,0.0,1.9234374663477762,0,0.0,0.0,6.575695764232627
2025-12-29,87237.13,-0.008135963064696994,False,1.0,-0.008135963064696994,20.358343368151704,0,0.0,-0.0,1.6251263137946739,0,0.0,-0.0,11.682211507192566,0,0.0,-0.0,3.322637763296031,0,0.0,-0.0,2.6723768440379345,0,0.0,-0.0,3.160007554516598,0,0.0,-0.0,1.9234374663477762,0,0.0,-0.0,6.575695764232627
2025-12-30,88485.49,0.014309961824741313,False,1.0,0.014309961824741313,20.64967048456493,0,0.0,0.0,1.6251263137946739,0,0.0,0.0,11.682211507192566,0,0.0,0.0,3.322637763296031,0,0.0,0.0,2.6723768440379345,0,0.0,0.0,3.160007554516598,0,0.0,0.0,1.9234374663477762,0,0.0,0.0,6.575695764232627
2025-12-31,87648.22,-0.009462229344042727,False,1.0,-0.009462229344042727,20.454278566561065,0,0.0,-0.0,1.6251263137946739,0,0.0,-0.0,11.682211507192566,0,0.0,-0.0,3.322637763296031,0,0.0,-0.0,2.6723768440379345,0,0.0,-0.0,3.160007554516598,0,0.0,-0.0,1.9234374663477762,0,0.0,-0.0,6.575695764232627
2026-01-01,88839.04,0.013586356916318376,False,1.0,0.013586356916318376,20.732177695632164,0,0.0,0.0,1.6251263137946739,0,0.0,0.0,11.682211507192566,0,0.0,0.0,3.322637763296031,0,0.0,0.0,2.6723768440379345,0,0.0,0.0,3.160007554516598,0,0.0,0.0,1.9234374663477762,0,0.0,0.0,6.575695764232627
2026-01-02,89995.13,0.013013310364452524,False,1.0,0.013013310364452524,21.001971958516403,0,0.0,0.0,1.6251263137946739,0,0.0,0.0,11.682211507192566,0,0.0,0.0,3.322637763296031,0,0.0,0.0,2.6723768440379345,0,0.0,0.0,3.160007554516598,0,0.0,0.0,1.9234374663477762,0,0.0,0.0,6.575695764232627
2026-01-03,90628.01,0.007032380529924165,True,1.0,0.007032380529924165,21.149665817207488,0,0.0,0.0,1.6251263137946739,0,0.0,0.0,11.682211507192566,0,0.0,0.0,3.322637763296031,0,0.0,0.0,2.6723768440379345,0,0.0,0.0,3.160007554516598,0,0.0,0.0,1.9234374663477762,0,0.0,0.0,6.575695764232627
2026-01-04,91529.73,0.00994968332637991,True,1.0,0.00994968332637991,21.360098294547466,0,0.0,0.0,1.6251263137946739,0,0.0,0.0,11.682211507192566,0,0.0,0.0,3.322637763296031,0,0.0,0.0,2.6723768440379345,0,0.0,0.0,3.160007554516598,0,0.0,0.0,1.9234374663477762,0,0.0,0.0,6.575695764232627
2026-01-05,93859.71,0.025455991184503812,True,1.0,0.025455991184503812,21.9038407684336,0,0.0,0.0,1.6251263137946739,0,0.0,0.0,11.682211507192566,0,0.0,0.0,3.322637763296031,0,0.0,0.0,2.6723768440379345,0,0.0,0.0,3.160007554516598,0,0.0,0.0,1.9234374663477762,0,0.0,0.0,6.575695764232627
2026-01-06,93747.97,-0.0011905001624232803,True,1.0,-0.0011905001624232803,21.877764242441085,0,0.0,-0.0,1.6251263137946739,0,0.0,-0.0,11.682211507192566,0,0.0,-0.0,3.322637763296031,0,0.0,-0.0,2.6723768440379345,0,0.0,-0.0,3.160007554516598,0,0.0,-0.0,1.9234374663477762,0,0.0,-0.0,6.575695764232627
2026-01-07,91364.16,-0.02542785726453589,True,1.0,-0.02542785726453589,21.321459576017126,0,0.0,-0.0,1.6251263137946739,0,0.0,-0.0,11.682211507192566,0,0.0,-0.0,3.322637763296031,0,0.0,-0.0,2.6723768440379345,0,0.0,-0.0,3.160007554516598,0,0.0,-0.0,1.9234374663477762,0,0.0,-0.0,6.575695764232627
2026-01-08,91099.99,-0.0028913963637382523,True,1.0,-0.0028913963637382523,21.25981078532944,0,0.0,-0.0,1.6251263137946739,0,0.0,-0.0,11.682211507192566,0,0.0,-0.0,3.322637763296031,0,0.0,-0.0,2.6723768440379345,0,0.0,-0.0,3.160007554516598,0,0.0,-0.0,1.9234374663477762,0,0.0,-0.0,6.575695764232627
2026-01-09,90641.28,-0.0050352365571061375,True,1.0,-0.0050352365571061375,21.152762608865988,0,0.0,-0.0,1.6251263137946739,0,0.0,-0.0,11.682211507192566,0,0.0,-0.0,3.322637763296031,0,0.0,-0.0,2.6723768440379345,0,0.0,-0.0,3.160007554516598,0,0.0,-0.0,1.9234374663477762,0,0.0,-0.0,6.575695764232627
2026-01-10,90504.7,-0.0015068189681346489,True,1.0,-0.0015068189681346489,21.120889224938498,0,0.0,-0.0,1.6251263137946739,0,0.0,-0.0,11.682211507192566,0,0.0,-0.0,3.322637763296031,0,0.0,-0.0,2.6723768440379345,0,0.0,-0.0,3.160007554516598,0,0.0,-0.0,1.9234374663477762,0,0.0,-0.0,6.575695764232627
2026-01-11,91013.65,0.005623464858730998,True,1.0,0.005623464858730998,21.23966180328009,0,0.0,0.0,1.6251263137946739,0,0.0,0.0,11.682211507192566,0,0.0,0.0,3.322637763296031,0,0.0,0.0,2.6723768440379345,0,0.0,0.0,3.160007554516598,0,0.0,0.0,1.9234374663477762,0,0.0,0.0,6.575695764232627
2026-01-12,91296.2,0.003104479383037706,True,1.0,0.003104479383037706,21.305599895451067,0,0.0,0.0,1.6251263137946739,0,0.0,0.0,11.682211507192566,0,0.0,0.0,3.322637763296031,0,0.0,0.0,2.6723768440379345,0,0.0,0.0,3.160007554516598,0,0.0,0.0,1.9234374663477762,0,0.0,0.0,6.575695764232627
2026-01-13,95414.0,0.04510373925749378,True,1.0,0.04510373925749378,22.26656211785998,0,0.0,0.0,1.6251263137946739,0,0.0,0.0,11.682211507192566,0,0.0,0.0,3.322637763296031,0,0.0,0.0,2.6723768440379345,0,0.0,0.0,3.160007554516598,0,0.0,0.0,1.9234374663477762,0,0.0,0.0,6.575695764232627
2026-01-14,96951.78,0.01611692204498283,True,1.0,0.01611692204498283,22.625430563723295,0,0.0,0.0,1.6251263137946739,0,0.0,0.0,11.682211507192566,0,0.0,0.0,3.322637763296031,0,0.0,0.0,2.6723768440379345,0,0.0,0.0,3.160007554516598,0,0.0,0.0,1.9234374663477762,0,0.0,0.0,6.575695764232627
2026-01-15,95604.8,-0.013893298297359746,True,1.0,-0.013893298297359746,22.31108870779529,0,0.0,-0.0,1.6251263137946739,0,0.0,-0.0,11.682211507192566,0,0.0,-0.0,3.322637763296031,0,0.0,-0.0,2.6723768440379345,0,0.0,-0.0,3.160007554516598,0,0.0,-0.0,1.9234374663477762,0,0.0,-0.0,6.575695764232627
2026-01-16,95550.94,-0.0005633608354392861,True,1.0,-0.0005633608354392861,22.298519514221304,0,0.0,-0.0,1.6251263137946739,0,0.0,-0.0,11.682211507192566,0,0.0,-0.0,3.322637763296031,0,0.0,-0.0,2.6723768440379345,0,0.0,-0.0,3.160007554516598,0,0.0,-0.0,1.9234374663477762,0,0.0,-0.0,6.575695764232627
2026-01-17,95147.77,-0.00421942473825998,True,1.0,-0.00421942473825998,22.204432589356426,0,0.0,-0.0,1.6251263137946739,0,0.0,-0.0,11.682211507192566,0,0.0,-0.0,3.322637763296031,0,0.0,-0.0,2.6723768440379345,0,0.0,-0.0,3.160007554516598,0,0.0,-0.0,1.9234374663477762,0,0.0,-0.0,6.575695764232627
2026-01-18,93673.14,-0.015498313833314237,True,1.0,-0.015498313833314237,21.86030132459591,0,0.0,-0.0,1.6251263137946739,0,0.0,-0.0,11.682211507192566,0,0.0,-0.0,3.322637763296031,0,0.0,-0.0,2.6723768440379345,0,0.0,-0.0,3.160007554516598,0,0.0,-0.0,1.9234374663477762,0,0.0,-0.0,6.575695764232627
2026-01-19,92631.0,-0.011125280950334271,True,1.0,-0.011125280950334271,21.617099330700814,0,0.0,-0.0,1.6251263137946739,0,0.0,-0.0,11.682211507192566,0,0.0,-0.0,3.322637763296031,0,0.0,-0.0,2.6723768440379345,0,0.0,-0.0,3.160007554516598,0,0.0,-0.0,1.9234374663477762,0,0.0,-0.0,6.575695764232627
2026-01-20,88427.66,-0.045377249516900364,True,1.0,-0.045377249516900364,20.636174820539985,0,0.0,-0.0,1.6251263137946739,0,0.0,-0.0,11.682211507192566,0,0.0,-0.0,3.322637763296031,0,0.0,-0.0,2.6723768440379345,0,0.0,-0.0,3.160007554516598,0,0.0,-0.0,1.9234374663477762,0,0.0,-0.0,6.575695764232627
2026-01-21,89454.73,0.01161480468893994,True,1.0,0.01161480468893994,20.87585996060738,0,0.0,0.0,1.6251263137946739,0,0.0,0.0,11.682211507192566,0,0.0,0.0,3.322637763296031,0,0.0,0.0,2.6723768440379345,0,0.0,0.0,3.160007554516598,0,0.0,0.0,1.9234374663477762,0,0.0,0.0,6.575695764232627
2026-01-22,89559.67,0.0011731073359675381,False,1.0,0.0011731073359675381,20.900349585071798,0,0.0,0.0,1.6251263137946739,0,0.0,0.0,11.682211507192566,0,0.0,0.0,3.322637763296031,0,0.0,0.0,2.6723768440379345,0,0.0,0.0,3.160007554516598,0,0.0,0.0,1.9234374663477762,0,0.0,0.0,6.575695764232627
2026-01-23,89600.26,0.0004532173912654702,False,1.0,0.0004532173912654702,20.90982198698728,0,0.0,0.0,1.6251263137946739,0,0.0,0.0,11.682211507192566,0,0.0,0.0,3.322637763296031,0,0.0,0.0,2.6723768440379345,0,0.0,0.0,3.160007554516598,0,0.0,0.0,1.9234374663477762,0,0.0,0.0,6.575695764232627
2026-01-24,89225.34,-0.004184362857875601,False,1.0,-0.004184362857875601,20.82232770450014,0,0.0,-0.0,1.6251263137946739,0,0.0,-0.0,11.682211507192566,0,0.0,-0.0,3.322637763296031,0,0.0,-0.0,2.6723768440379345,0,0.0,-0.0,3.160007554516598,0,0.0,-0.0,1.9234374663477762,0,0.0,-0.0,6.575695764232627
2026-01-25,86670.36,-0.02863513885181046,False,1.0,-0.02863513885181046,20.226077459463877,0,0.0,-0.0,1.6251263137946739,0,0.0,-0.0,11.682211507192566,0,0.0,-0.0,3.322637763296031,0,0.0,-0.0,2.6723768440379345,0,0.0,-0.0,3.160007554516598,0,0.0,-0.0,1.9234374663477762,0,0.0,-0.0,6.575695764232627
2026-01-26,88347.08,0.019345944795891024,False,1.0,0.019345944795891024,20.61737003743208,0,0.0,0.0,1.6251263137946739,0,0.0,0.0,11.682211507192566,0,0.0,0.0,3.322637763296031,0,0.0,0.0,2.6723768440379345,0,0.0,0.0,3.160007554516598,0,0.0,0.0,1.9234374663477762,0,0.0,0.0,6.575695764232627
2026-01-27,89250.0,0.010220145363038613,False,1.0,0.010220145363038613,20.828082556218195,0,0.0,0.0,1.6251263137946739,0,0.0,0.0,11.682211507192566,0,0.0,0.0,3.322637763296031,0,0.0,0.0,2.6723768440379345,0,0.0,0.0,3.160007554516598,0,0.0,0.0,1.9234374663477762,0,0.0,0.0,6.575695764232627
2026-01-28,89299.99,0.0005601120448179842,False,1.0,0.0005601120448179842,20.839748616128396,0,0.0,0.0,1.6251263137946739,0,0.0,0.0,11.682211507192566,0,0.0,0.0,3.322637763296031,0,0.0,0.0,2.6723768440379345,0,0.0,0.0,3.160007554516598,0,0.0,0.0,1.9234374663477762,0,0.0,0.0,6.575695764232627
2026-01-29,84650.16,-0.052069770668507376,False,1.0,-0.052069770668507376,19.754627684897248,0,0.0,-0.0,1.6251263137946739,0,0.0,-0.0,11.682211507192566,0,0.0,-0.0,3.322637763296031,0,0.0,-0.0,2.6723768440379345,0,0.0,-0.0,3.160007554516598,0,0.0,-0.0,1.9234374663477762,0,0.0,-0.0,6.575695764232627
2026-01-30,84260.49,-0.004603299036883057,False,1.0,-0.004603299036883057,19.663691226301378,0,0.0,-0.0,1.6251263137946739,0,0.0,-0.0,11.682211507192566,0,0.0,-0.0,3.322637763296031,0,0.0,-0.0,2.6723768440379345,0,0.0,-0.0,3.160007554516598,0,0.0,-0.0,1.9234374663477762,0,0.0,-0.0,6.575695764232627
2026-01-31,78741.09,-0.06550401024252306,False,1.0,-0.06550401024252306,18.375640594807923,0,0.0,-0.0,1.6251263137946739,0,0.0,-0.0,11.682211507192566,0,0.0,-0.0,3.322637763296031,0,0.0,-0.0,2.6723768440379345,0,0.0,-0.0,3.160007554516598,0,0.0,-0.0,1.9234374663477762,0,0.0,-0.0,6.575695764232627
2026-02-01,76968.21,-0.02251530935119128,False,1.0,-0.02251530935119128,17.961907362289512,0,0.0,-0.0,1.6251263137946739,0,0.0,-0.0,11.682211507192566,0,0.0,-0.0,3.322637763296031,0,0.0,-0.0,2.6723768440379345,0,0.0,-0.0,3.160007554516598,0,0.0,-0.0,1.9234374663477762,0,0.0,-0.0,6.575695764232627
2026-02-02,78738.61,0.023001704210088736,False,1.0,0.023001704210088736,18.37506184248591,0,0.0,0.0,1.6251263137946739,0,0.0,0.0,11.682211507192566,0,0.0,0.0,3.322637763296031,0,0.0,0.0,2.6723768440379345,0,0.0,0.0,3.160007554516598,0,0.0,0.0,1.9234374663477762,0,0.0,0.0,6.575695764232627
2026-02-03,75770.21,-0.03769942090671896,False,1.0,-0.03769942090671896,17.682332651899042,0,0.0,-0.0,1.6251263137946739,0,0.0,-0.0,11.682211507192566,0,0.0,-0.0,3.322637763296031,0,0.0,-0.0,2.6723768440379345,0,0.0,-0.0,3.160007554516598,0,0.0,-0.0,1.9234374663477762,0,0.0,-0.0,6.575695764232627
2026-02-04,73165.83,-0.03437208369885747,False,1.0,-0.03437208369885747,17.07455403399693,0,0.0,-0.0,1.6251263137946739,0,0.0,-0.0,11.682211507192566,0,0.0,-0.0,3.322637763296031,0,0.0,-0.0,2.6723768440379345,0,0.0,-0.0,3.160007554516598,0,0.0,-0.0,1.9234374663477762,0,0.0,-0.0,6.575695764232627
2026-02-05,62909.86,-0.14017431361060217,False,1.0,-0.14017431361060217,14.681140142074272,0,0.0,-0.0,1.6251263137946739,0,0.0,-0.0,11.682211507192566,0,0.0,-0.0,3.322637763296031,0,0.0,-0.0,2.6723768440379345,0,0.0,-0.0,3.160007554516598,0,0.0,-0.0,1.9234374663477762,0,0.0,-0.0,6.575695764232627
2026-02-06,70580.26,0.12192683309102881,False,1.0,0.12192683309102881,16.471165065762964,0,0.0,0.0,1.6251263137946739,0,0.0,0.0,11.682211507192566,0,0.0,0.0,3.322637763296031,0,0.0,0.0,2.6723768440379345,0,0.0,0.0,3.160007554516598,0,0.0,0.0,1.9234374663477762,0,0.0,0.0,6.575695764232627
2026-02-07,69289.38,-0.01828953307907888,False,1.0,-0.01828953307907888,16.169915147441724,0,0.0,-0.0,1.6251263137946739,0,0.0,-0.0,11.682211507192566,0,0.0,-0.0,3.322637763296031,0,0.0,-0.0,2.6723768440379345,0,0.0,-0.0,3.160007554516598,0,0.0,-0.0,1.9234374663477762,0,0.0,-0.0,6.575695764232627
2026-02-08,70330.38,0.015023947392803993,False,1.0,0.015023947392803993,16.412851101962993,0,0.0,0.0,1.6251263137946739,0,0.0,0.0,11.682211507192566,0,0.0,0.0,3.322637763296031,0,0.0,0.0,2.6723768440379345,0,0.0,0.0,3.160007554516598,0,0.0,0.0,1.9234374663477762,0,0.0,0.0,6.575695764232627
2026-02-09,70138.0,-0.0027353755233514576,False,1.0,-0.0027353755233514576,16.367955790790273,0,0.0,-0.0,1.6251263137946739,0,0.0,-0.0,11.682211507192566,0,0.0,-0.0,3.322637763296031,0,0.0,-0.0,2.6723768440379345,0,0.0,-0.0,3.160007554516598,0,0.0,-0.0,1.9234374663477762,0,0.0,-0.0,6.575695764232627
2026-02-10,68841.29,-0.01848798083777703,False,1.0,-0.01848798083777703,16.06534533777656,0,0.0,-0.0,1.6251263137946739,0,0.0,-0.0,11.682211507192566,0,0.0,-0.0,3.322637763296031,0,0.0,-0.0,2.6723768440379345,0,0.0,-0.0,3.160007554516598,0,0.0,-0.0,1.9234374663477762,0,0.0,-0.0,6.575695764232627
2026-02-11,67082.52,-0.025548184817570818,False,1.0,-0.025548184817570818,15.654904925928944,0,0.0,-0.0,1.6251263137946739,0,0.0,-0.0,11.682211507192566,0,0.0,-0.0,3.322637763296031,0,0.0,-0.0,2.6723768440379345,0,0.0,-0.0,3.160007554516598,0,0.0,-0.0,1.9234374663477762,0,0.0,-0.0,6.575695764232627
2026-02-12,66272.17,-0.01207989801217968,False,1.0,-0.01207989801217968,15.465795271033354,0,0.0,-0.0,1.6251263137946739,0,0.0,-0.0,11.682211507192566,0,0.0,-0.0,3.322637763296031,0,0.0,-0.0,2.6723768440379345,0,0.0,-0.0,3.160007554516598,0,0.0,-0.0,1.9234374663477762,0,0.0,-0.0,6.575695764232627
2026-02-13,68853.96,0.03895737833844892,False,1.0,0.03895737833844892,16.068302108711993,0,0.0,0.0,1.6251263137946739,0,0.0,0.0,11.682211507192566,0,0.0,0.0,3.322637763296031,0,0.0,0.0,2.6723768440379345,0,0.0,0.0,3.160007554516598,0,0.0,0.0,1.9234374663477762,0,0.0,0.0,6.575695764232627
2026-02-14,69822.95,0.014073119396473155,False,1.0,0.014073119396473155,16.2944332427865,0,0.0,0.0,1.6251263137946739,0,0.0,0.0,11.682211507192566,0,0.0,0.0,3.322637763296031,0,0.0,0.0,2.6723768440379345,0,0.0,0.0,3.160007554516598,0,0.0,0.0,1.9234374663477762,0,0.0,0.0,6.575695764232627
2026-02-15,68832.58,-0.014184018291979905,False,1.0,-0.014184018291979905,16.06331270361337,0,0.0,-0.0,1.6251263137946739,0,0.0,-0.0,11.682211507192566,0,0.0,-0.0,3.322637763296031,0,0.0,-0.0,2.6723768440379345,0,0.0,-0.0,3.160007554516598,0,0.0,-0.0,1.9234374663477762,0,0.0,-0.0,6.575695764232627
2026-02-16,68892.43,0.0008695010415125104,False,1.0,0.0008695010415125104,16.077279770739302,0,0.0,0.0,1.6251263137946739,0,0.0,0.0,11.682211507192566,0,0.0,0.0,3.322637763296031,0,0.0,0.0,2.6723768440379345,0,0.0,0.0,3.160007554516598,0,0.0,0.0,1.9234374663477762,0,0.0,0.0,6.575695764232627
2026-02-17,67503.52,-0.02016056045635184,False,1.0,-0.02016056045635184,15.75315279994763,0,0.0,-0.0,1.6251263137946739,0,0.0,-0.0,11.682211507192566,0,0.0,-0.0,3.322637763296031,0,0.0,-0.0,2.6723768440379345,0,0.0,-0.0,3.160007554516598,0,0.0,-0.0,1.9234374663477762,0,0.0,-0.0,6.575695764232627
2026-02-18,66461.0,-0.015443935368111283,False,1.0,-0.015443935368111283,15.509862126261257,0,0.0,-0.0,1.6251263137946739,0,0.0,-0.0,11.682211507192566,0,0.0,-0.0,3.322637763296031,0,0.0,-0.0,2.6723768440379345,0,0.0,-0.0,3.160007554516598,0,0.0,-0.0,1.9234374663477762,0,0.0,-0.0,6.575695764232627
2026-02-19,67003.73,0.008166142549765887,False,1.0,0.008166142549765887,15.636517871311522,0,0.0,0.0,1.6251263137946739,0,0.0,0.0,11.682211507192566,0,0.0,0.0,3.322637763296031,0,0.0,0.0,2.6723768440379345,0,0.0,0.0,3.160007554516598,0,0.0,0.0,1.9234374663477762,0,0.0,0.0,6.575695764232627
2026-02-20,68020.01,0.01516751380855963,False,1.0,0.01516751380855963,15.87368497204243,0,0.0,0.0,1.6251263137946739,0,0.0,0.0,11.682211507192566,0,0.0,0.0,3.322637763296031,0,0.0,0.0,2.6723768440379345,0,0.0,0.0,3.160007554516598,0,0.0,0.0,1.9234374663477762,0,0.0,0.0,6.575695764232627
2026-02-21,67975.93,-0.0006480445974648141,False,1.0,-0.0006480445974648141,15.863398116254439,0,0.0,-0.0,1.6251263137946739,0,0.0,-0.0,11.682211507192566,0,0.0,-0.0,3.322637763296031,0,0.0,-0.0,2.6723768440379345,0,0.0,-0.0,3.160007554516598,0,0.0,-0.0,1.9234374663477762,0,0.0,-0.0,6.575695764232627
2026-02-22,67643.4,-0.004891878639983305,False,1.0,-0.004891878639983305,15.785796297851983,0,0.0,-0.0,1.6251263137946739,0,0.0,-0.0,11.682211507192566,0,0.0,-0.0,3.322637763296031,0,0.0,-0.0,2.6723768440379345,0,0.0,-0.0,3.160007554516598,0,0.0,-0.0,1.9234374663477762,0,0.0,-0.0,6.575695764232627
2026-02-23,64656.02,-0.04416365824308055,False,1.0,-0.04416365824308055,15.088637785058761,0,0.0,-0.0,1.6251263137946739,0,0.0,-0.0,11.682211507192566,0,0.0,-0.0,3.322637763296031,0,0.0,-0.0,2.6723768440379345,0,0.0,-0.0,3.160007554516598,0,0.0,-0.0,1.9234374663477762,0,0.0,-0.0,6.575695764232627
2026-02-24,64058.15,-0.009246934778849636,False,1.0,-0.009246934778849636,14.949114135558636,0,0.0,-0.0,1.6251263137946739,0,0.0,-0.0,11.682211507192566,0,0.0,-0.0,3.322637763296031,0,0.0,-0.0,2.6723768440379345,0,0.0,-0.0,3.160007554516598,0,0.0,-0.0,1.9234374663477762,0,0.0,-0.0,6.575695764232627
2026-02-25,67988.04,0.06134879012272432,True,1.0,0.06134879012272432,15.866224201181675,0,0.0,0.0,1.6251263137946739,0,0.0,0.0,11.682211507192566,0,0.0,0.0,3.322637763296031,0,0.0,0.0,2.6723768440379345,0,0.0,0.0,3.160007554516598,0,0.0,0.0,1.9234374663477762,0,0.0,0.0,6.575695764232627
2026-02-26,67485.18,-0.007396300878801609,False,1.0,-0.007396300878801609,15.748872833179211,0,0.0,-0.0,1.6251263137946739,0,0.0,-0.0,11.682211507192566,0,0.0,-0.0,3.322637763296031,0,0.0,-0.0,2.6723768440379345,0,0.0,-0.0,3.160007554516598,0,0.0,-0.0,1.9234374663477762,0,0.0,-0.0,6.575695764232627
2026-02-27,65872.1,-0.023902729458526895,False,1.0,-0.023902729458526895,15.372431786570985,0,0.0,-0.0,1.6251263137946739,0,0.0,-0.0,11.682211507192566,0,0.0,-0.0,3.322637763296031,0,0.0,-0.0,2.6723768440379345,0,0.0,-0.0,3.160007554516598,0,0.0,-0.0,1.9234374663477762,0,0.0,-0.0,6.575695764232627
2026-02-28,66973.26,0.016716637240956178,False,1.0,0.016716637240956178,15.629407152258436,0,0.0,0.0,1.6251263137946739,0,0.0,0.0,11.682211507192566,0,0.0,0.0,3.322637763296031,0,0.0,0.0,2.6723768440379345,0,0.0,0.0,3.160007554516598,0,0.0,0.0,1.9234374663477762,0,0.0,0.0,6.575695764232627
2026-03-01,65776.47,-0.01786966917841526,False,1.0,-0.01786966917841526,15.35011481699282,0,0.0,-0.0,1.6251263137946739,0,0.0,-0.0,11.682211507192566,0,0.0,-0.0,3.322637763296031,0,0.0,-0.0,2.6723768440379345,0,0.0,-0.0,3.160007554516598,0,0.0,-0.0,1.9234374663477762,0,0.0,-0.0,6.575695764232627
2026-03-02,68830.06,0.04642374393153048,False,1.0,0.04642374393153048,16.062724616576485,0,0.0,0.0,1.6251263137946739,0,0.0,0.0,11.682211507192566,0,0.0,0.0,3.322637763296031,0,0.0,0.0,2.6723768440379345,0,0.0,0.0,3.160007554516598,0,0.0,0.0,1.9234374663477762,0,0.0,0.0,6.575695764232627
2026-03-03,68338.0,-0.007148911391331003,True,1.0,-0.007148911391331003,15.947893621589229,0,0.0,-0.0,1.6251263137946739,0,0.0,-0.0,11.682211507192566,0,0.0,-0.0,3.322637763296031,0,0.0,-0.0,2.6723768440379345,0,0.0,-0.0,3.160007554516598,0,0.0,-0.0,1.9234374663477762,0,0.0,-0.0,6.575695764232627
2026-03-04,72666.77,0.06334352775907992,True,1.0,0.06334352775907992,16.95808946390722,0,0.0,0.0,1.6251263137946739,0,0.0,0.0,11.682211507192566,0,0.0,0.0,3.322637763296031,0,0.0,0.0,2.6723768440379345,0,0.0,0.0,3.160007554516598,0,0.0,0.0,1.9234374663477762,0,0.0,0.0,6.575695764232627
2026-03-05,70890.72,-0.02444102029029227,True,1.0,-0.02444102029029227,16.543616455235274,0,0.0,-0.0,1.6251263137946739,0,0.0,-0.0,11.682211507192566,0,0.0,-0.0,3.322637763296031,0,0.0,-0.0,2.6723768440379345,0,0.0,-0.0,3.160007554516598,0,0.0,-0.0,1.9234374663477762,0,0.0,-0.0,6.575695764232627
2026-03-06,68114.02,-0.0391687374595715,False,1.0,-0.0391687374595715,15.895623885668316,0,0.0,-0.0,1.6251263137946739,0,0.0,-0.0,11.682211507192566,0,0.0,-0.0,3.322637763296031,0,0.0,-0.0,2.6723768440379345,0,0.0,-0.0,3.160007554516598,0,0.0,-0.0,1.9234374663477762,0,0.0,-0.0,6.575695764232627
2026-03-07,67262.91,-0.012495371731106153,False,1.0,-0.012495371731106153,15.69700215631904,0,0.0,-0.0,1.6251263137946739,0,0.0,-0.0,11.682211507192566,0,0.0,-0.0,3.322637763296031,0,0.0,-0.0,2.6723768440379345,0,0.0,-0.0,3.160007554516598,0,0.0,-0.0,1.9234374663477762,0,0.0,-0.0,6.575695764232627
2026-03-08,65971.2,-0.01920389706600567,False,1.0,-0.01920389706600567,15.39555854266422,0,0.0,-0.0,1.6251263137946739,0,0.0,-0.0,11.682211507192566,0,0.0,-0.0,3.322637763296031,0,0.0,-0.0,2.6723768440379345,0,0.0,-0.0,3.160007554516598,0,0.0,-0.0,1.9234374663477762,0,0.0,-0.0,6.575695764232627
2026-03-09,68432.16,0.03730355064027946,True,1.0,0.03730355064027946,15.969867540395882,0,0.0,0.0,1.6251263137946739,0,0.0,0.0,11.682211507192566,0,0.0,0.0,3.322637763296031,0,0.0,0.0,2.6723768440379345,0,0.0,0.0,3.160007554516598,0,0.0,0.0,1.9234374663477762,0,0.0,0.0,6.575695764232627
2026-03-10,69948.63,0.022160194855752158,True,1.0,0.022160194855752158,16.323762916911605,0,0.0,0.0,1.6251263137946739,0,0.0,0.0,11.682211507192566,0,0.0,0.0,3.322637763296031,0,0.0,0.0,2.6723768440379345,0,0.0,0.0,3.160007554516598,0,0.0,0.0,1.9234374663477762,0,0.0,0.0,6.575695764232627
2026-03-11,70191.86,0.0034772661022810514,True,1.0,0.0034772661022810514,16.380524984364254,0,0.0,0.0,1.6251263137946739,0,0.0,0.0,11.682211507192566,0,0.0,0.0,3.322637763296031,0,0.0,0.0,2.6723768440379345,0,0.0,0.0,3.160007554516598,0,0.0,0.0,1.9234374663477762,0,0.0,0.0,6.575695764232627
2026-03-12,70541.34,0.0049789249066771735,True,1.0,0.0049789249066771735,16.462082388193352,0,0.0,0.0,1.6251263137946739,0,0.0,0.0,11.682211507192566,0,0.0,0.0,3.322637763296031,0,0.0,0.0,2.6723768440379345,0,0.0,0.0,3.160007554516598,0,0.0,0.0,1.9234374663477762,0,0.0,0.0,6.575695764232627
2026-03-13,70930.0,0.005509677020595349,True,1.0,0.005509677020595349,16.552783145238728,0,0.0,0.0,1.6251263137946739,0,0.0,0.0,11.682211507192566,0,0.0,0.0,3.322637763296031,0,0.0,0.0,2.6723768440379345,0,0.0,0.0,3.160007554516598,0,0.0,0.0,1.9234374663477762,0,0.0,0.0,6.575695764232627
2026-03-14,71211.95,0.0039750458198222205,True,1.0,0.0039750458198222205,16.618581216686632,0,0.0,0.0,1.6251263137946739,0,0.0,0.0,11.682211507192566,0,0.0,0.0,3.322637763296031,0,0.0,0.0,2.6723768440379345,0,0.0,0.0,3.160007554516598,0,0.0,0.0,1.9234374663477762,0,0.0,0.0,6.575695764232627
2026-03-15,72815.24,0.022514339236602954,True,1.0,0.022514339236602954,16.992737591830153,0,0.0,0.0,1.6251263137946739,0,0.0,0.0,11.682211507192566,0,0.0,0.0,3.322637763296031,0,0.0,0.0,2.6723768440379345,0,0.0,0.0,3.160007554516598,0,0.0,0.0,1.9234374663477762,0,0.0,0.0,6.575695764232627
2026-03-16,74884.67,0.028420286742171008,True,1.0,0.028420286742171008,17.475676066724436,0,0.0,0.0,1.6251263137946739,0,0.0,0.0,11.682211507192566,0,0.0,0.0,3.322637763296031,0,0.0,0.0,2.6723768440379345,0,0.0,0.0,3.160007554516598,0,0.0,0.0,1.9234374663477762,0,0.0,0.0,6.575695764232627
2026-03-17,73909.36,-0.013024161019872249,True,1.0,-0.013024161019872249,17.24807004770029,0,0.0,-0.0,1.6251263137946739,0,0.0,-0.0,11.682211507192566,0,0.0,-0.0,3.322637763296031,0,0.0,-0.0,2.6723768440379345,0,0.0,-0.0,3.160007554516598,0,0.0,-0.0,1.9234374663477762,0,0.0,-0.0,6.575695764232627
2026-03-18,71246.54,-0.03602818371042593,True,1.0,-0.03602818371042593,16.626653411371446,0,0.0,-0.0,1.6251263137946739,0,0.0,-0.0,11.682211507192566,0,0.0,-0.0,3.322637763296031,0,0.0,-0.0,2.6723768440379345,0,0.0,-0.0,3.160007554516598,0,0.0,-0.0,1.9234374663477762,0,0.0,-0.0,6.575695764232627
2026-03-19,69930.0,-0.018478651735228002,True,1.0,-0.018478651735228002,16.319415273460372,0,0.0,-0.0,1.6251263137946739,0,0.0,-0.0,11.682211507192566,0,0.0,-0.0,3.322637763296031,0,0.0,-0.0,2.6723768440379345,0,0.0,-0.0,3.160007554516598,0,0.0,-0.0,1.9234374663477762,0,0.0,-0.0,6.575695764232627
2026-03-20,70510.73,0.008304447304447349,True,1.0,0.008304447304447349,16.454938997638216,0,0.0,0.0,1.6251263137946739,0,0.0,0.0,11.682211507192566,0,0.0,0.0,3.322637763296031,0,0.0,0.0,2.6723768440379345,0,0.0,0.0,3.160007554516598,0,0.0,0.0,1.9234374663477762,0,0.0,0.0,6.575695764232627
2026-03-21,68918.12,-0.022586775090826627,True,1.0,-0.022586775090826627,16.08327499136529,0,0.0,-0.0,1.6251263137946739,0,0.0,-0.0,11.682211507192566,0,0.0,-0.0,3.322637763296031,0,0.0,-0.0,2.6723768440379345,0,0.0,-0.0,3.160007554516598,0,0.0,-0.0,1.9234374663477762,0,0.0,-0.0,6.575695764232627
2026-03-22,67859.0,-0.015367801675379322,False,1.0,-0.015367801675379322,15.8361104110074,0,0.0,-0.0,1.6251263137946739,0,0.0,-0.0,11.682211507192566,0,0.0,-0.0,3.322637763296031,0,0.0,-0.0,2.6723768440379345,0,0.0,-0.0,3.160007554516598,0,0.0,-0.0,1.9234374663477762,0,0.0,-0.0,6.575695764232627
2026-03-23,70906.45,0.044908560397294295,True,1.0,0.044908560397294295,16.547287331858346,0,0.0,0.0,1.6251263137946739,0,0.0,0.0,11.682211507192566,0,0.0,0.0,3.322637763296031,0,0.0,0.0,2.6723768440379345,0,0.0,0.0,3.160007554516598,0,0.0,0.0,1.9234374663477762,0,0.0,0.0,6.575695764232627
2026-03-24,70556.74,-0.004931991377371103,False,1.0,-0.004931991377371103,16.46567625341874,0,0.0,-0.0,1.6251263137946739,0,0.0,-0.0,11.682211507192566,0,0.0,-0.0,3.322637763296031,0,0.0,-0.0,2.6723768440379345,0,0.0,-0.0,3.160007554516598,0,0.0,-0.0,1.9234374663477762,0,0.0,-0.0,6.575695764232627
2026-03-25,71336.53,0.011051956198656399,True,1.0,0.011051956198656399,16.647654186152778,0,0.0,0.0,1.6251263137946739,0,0.0,0.0,11.682211507192566,0,0.0,0.0,3.322637763296031,0,0.0,0.0,2.6723768440379345,0,0.0,0.0,3.160007554516598,0,0.0,0.0,1.9234374663477762,0,0.0,0.0,6.575695764232627
2026-03-26,68820.31,-0.035272531478612756,True,1.0,-0.035272531478612756,16.060449279826646,0,0.0,-0.0,1.6251263137946739,0,0.0,-0.0,11.682211507192566,0,0.0,-0.0,3.322637763296031,0,0.0,-0.0,2.6723768440379345,0,0.0,-0.0,3.160007554516598,0,0.0,-0.0,1.9234374663477762,0,0.0,-0.0,6.575695764232627
2026-03-27,66407.28,-0.035062759816106626,False,1.0,-0.035062759816106626,15.49732560418932,0,0.0,-0.0,1.6251263137946739,0,0.0,-0.0,11.682211507192566,0,0.0,-0.0,3.322637763296031,0,0.0,-0.0,2.6723768440379345,0,0.0,-0.0,3.160007554516598,0,0.0,-0.0,1.9234374663477762,0,0.0,-0.0,6.575695764232627
2026-03-28,66377.03,-0.00045552234634516076,True,1.0,-0.00045552234634516076,15.490266226068025,0,0.0,-0.0,1.6251263137946739,0,0.0,-0.0,11.682211507192566,0,0.0,-0.0,3.322637763296031,0,0.0,-0.0,2.6723768440379345,0,0.0,-0.0,3.160007554516598,0,0.0,-0.0,1.9234374663477762,0,0.0,-0.0,6.575695764232627
2026-03-29,66010.93,-0.00551546220130672,False,1.0,-0.00551546220130672,15.404830248209969,0,0.0,-0.0,1.6251263137946739,0,0.0,-0.0,11.682211507192566,0,0.0,-0.0,3.322637763296031,0,0.0,-0.0,2.6723768440379345,0,0.0,-0.0,3.160007554516598,0,0.0,-0.0,1.9234374663477762,0,0.0,-0.0,6.575695764232627
2026-03-30,66797.37,0.01191378458082637,False,1.0,0.01191378458082637,15.58836007729134,0,0.0,0.0,1.6251263137946739,0,0.0,0.0,11.682211507192566,0,0.0,0.0,3.322637763296031,0,0.0,0.0,2.6723768440379345,0,0.0,0.0,3.160007554516598,0,0.0,0.0,1.9234374663477762,0,0.0,0.0,6.575695764232627
2026-03-31,68284.48,0.022263002270897836,False,1.0,0.022263002270897836,15.93540377309165,0,0.0,0.0,1.6251263137946739,0,0.0,0.0,11.682211507192566,0,0.0,0.0,3.322637763296031,0,0.0,0.0,2.6723768440379345,0,0.0,0.0,3.160007554516598,0,0.0,0.0,1.9234374663477762,0,0.0,0.0,6.575695764232627
2026-04-01,68113.92,-0.0024977857340350296,False,1.0,-0.0024977857340350296,15.895600548881134,0,0.0,-0.0,1.6251263137946739,0,0.0,-0.0,11.682211507192566,0,0.0,-0.0,3.322637763296031,0,0.0,-0.0,2.6723768440379345,0,0.0,-0.0,3.160007554516598,0,0.0,-0.0,1.9234374663477762,0,0.0,-0.0,6.575695764232627
2026-04-02,66901.99,-0.01779269200774225,False,1.0,-0.01779269200774225,15.612775024036793,0,0.0,-0.0,1.6251263137946739,0,0.0,-0.0,11.682211507192566,0,0.0,-0.0,3.322637763296031,0,0.0,-0.0,2.6723768440379345,0,0.0,-0.0,3.160007554516598,0,0.0,-0.0,1.9234374663477762,0,0.0,-0.0,6.575695764232627
2026-04-03,66964.3,0.0009313624303253221,False,1.0,0.0009313624303253221,15.627316176127302,0,0.0,0.0,1.6251263137946739,0,0.0,0.0,11.682211507192566,0,0.0,0.0,3.322637763296031,0,0.0,0.0,2.6723768440379345,0,0.0,0.0,3.160007554516598,0,0.0,0.0,1.9234374663477762,0,0.0,0.0,6.575695764232627
2026-04-04,67300.42,0.0050193909291964545,False,1.0,0.0050193909291964545,15.70575578518944,0,0.0,0.0,1.6251263137946739,0,0.0,0.0,11.682211507192566,0,0.0,0.0,3.322637763296031,0,0.0,0.0,2.6723768440379345,0,0.0,0.0,3.160007554516598,0,0.0,0.0,1.9234374663477762,0,0.0,0.0,6.575695764232627
2026-04-05,69034.18,0.025761503420038023,False,1.0,0.025761503420038023,16.11035966656388,0,0.0,0.0,1.6251263137946739,0,0.0,0.0,11.682211507192566,0,0.0,0.0,3.322637763296031,0,0.0,0.0,2.6723768440379345,0,0.0,0.0,3.160007554516598,0,0.0,0.0,1.9234374663477762,0,0.0,0.0,6.575695764232627
2026-04-06,68853.66,-0.0026149365430282456,False,1.0,-0.0026149365430282456,16.068232098350453,0,0.0,-0.0,1.6251263137946739,0,0.0,-0.0,11.682211507192566,0,0.0,-0.0,3.322637763296031,0,0.0,-0.0,2.6723768440379345,0,0.0,-0.0,3.160007554516598,0,0.0,-0.0,1.9234374663477762,0,0.0,-0.0,6.575695764232627
2026-04-07,71924.22,0.04459545069935267,True,1.0,0.04459545069935267,16.784802150718196,0,0.0,0.0,1.6251263137946739,0,0.0,0.0,11.682211507192566,0,0.0,0.0,3.322637763296031,0,0.0,0.0,2.6723768440379345,0,0.0,0.0,3.160007554516598,0,0.0,0.0,1.9234374663477762,0,0.0,0.0,6.575695764232627
2026-04-08,71069.93,-0.011877640105099618,True,1.0,-0.011877640105099618,16.585438311536663,0,0.0,-0.0,1.6251263137946739,0,0.0,-0.0,11.682211507192566,0,0.0,-0.0,3.322637763296031,0,0.0,-0.0,2.6723768440379345,0,0.0,-0.0,3.160007554516598,0,0.0,-0.0,1.9234374663477762,0,0.0,-0.0,6.575695764232627
2026-04-09,71787.97,0.010103288409036182,True,1.0,0.010103288409036182,16.753005778188395,0,0.0,0.0,1.6251263137946739,0,0.0,0.0,11.682211507192566,0,0.0,0.0,3.322637763296031,0,0.0,0.0,2.6723768440379345,0,0.0,0.0,3.160007554516598,0,0.0,0.0,1.9234374663477762,0,0.0,0.0,6.575695764232627
2026-04-10,72962.7,0.01636388380950171,True,1.0,0.01636388380950171,17.02715001820258,0,0.0,0.0,1.6251263137946739,0,0.0,0.0,11.682211507192566,0,0.0,0.0,3.322637763296031,0,0.0,0.0,2.6723768440379345,0,0.0,0.0,3.160007554516598,0,0.0,0.0,1.9234374663477762,0,0.0,0.0,6.575695764232627
2026-04-11,73043.16,0.0011027552434326182,True,1.0,0.0011027552434326182,17.045926797165865,0,0.0,0.0,1.6251263137946739,0,0.0,0.0,11.682211507192566,0,0.0,0.0,3.322637763296031,0,0.0,0.0,2.6723768440379345,0,0.0,0.0,3.160007554516598,0,0.0,0.0,1.9234374663477762,0,0.0,0.0,6.575695764232627
2026-04-12,70740.98,-0.03151807780495819,False,1.0,-0.03151807780495819,16.50867195011517,0,0.0,-0.0,1.6251263137946739,0,0.0,-0.0,11.682211507192566,0,0.0,-0.0,3.322637763296031,0,0.0,-0.0,2.6723768440379345,0,0.0,-0.0,3.160007554516598,0,0.0,-0.0,1.9234374663477762,0,0.0,-0.0,6.575695764232627
2026-04-13,74417.99,0.0519784995910435,True,1.0,0.0519784995910435,17.366767948322902,0,0.0,0.0,1.6251263137946739,0,0.0,0.0,11.682211507192566,0,0.0,0.0,3.322637763296031,0,0.0,0.0,2.6723768440379345,0,0.0,0.0,3.160007554516598,0,0.0,0.0,1.9234374663477762,0,0.0,0.0,6.575695764232627
2026-04-14,74131.55,-0.0038490692909066704,True,1.0,-0.0038490692909066704,17.29992205513071,0,0.0,-0.0,1.6251263137946739,0,0.0,-0.0,11.682211507192566,0,0.0,-0.0,3.322637763296031,0,0.0,-0.0,2.6723768440379345,0,0.0,-0.0,3.160007554516598,0,0.0,-0.0,1.9234374663477762,0,0.0,-0.0,6.575695764232627
2026-04-15,74809.99,0.009151838859432937,True,1.0,0.009151838859432937,17.458248154060016,0,0.0,0.0,1.6251263137946739,0,0.0,0.0,11.682211507192566,0,0.0,0.0,3.322637763296031,0,0.0,0.0,2.6723768440379345,0,0.0,0.0,3.160007554516598,0,0.0,0.0,1.9234374663477762,0,0.0,0.0,6.575695764232627
2026-04-16,75154.29,0.004602326507462173,True,1.0,0.004602326507462173,17.5385967123133,0,0.0,0.0,1.6251263137946739,0,0.0,0.0,11.682211507192566,0,0.0,0.0,3.322637763296031,0,0.0,0.0,2.6723768440379345,0,0.0,0.0,3.160007554516598,0,0.0,0.0,1.9234374663477762,0,0.0,0.0,6.575695764232627
2026-04-17,77072.0,0.02551697314950352,True,1.0,0.02551697314950352,17.986128613701368,0,0.0,0.0,1.6251263137946739,0,0.0,0.0,11.682211507192566,0,0.0,0.0,3.322637763296031,0,0.0,0.0,2.6723768440379345,0,0.0,0.0,3.160007554516598,0,0.0,0.0,1.9234374663477762,0,0.0,0.0,6.575695764232627
2026-04-18,75691.76,-0.017908449242267088,True,1.0,-0.017908449242267088,17.664024942358008,0,0.0,-0.0,1.6251263137946739,0,0.0,-0.0,11.682211507192566,0,0.0,-0.0,3.322637763296031,0,0.0,-0.0,2.6723768440379345,0,0.0,-0.0,3.160007554516598,0,0.0,-0.0,1.9234374663477762,0,0.0,-0.0,6.575695764232627
2026-04-19,73801.79,-0.024969296525804152,True,1.0,-0.024969296525804152,17.222966665733072,0,0.0,-0.0,1.6251263137946739,0,0.0,-0.0,11.682211507192566,0,0.0,-0.0,3.322637763296031,0,0.0,-0.0,2.6723768440379345,0,0.0,-0.0,3.160007554516598,0,0.0,-0.0,1.9234374663477762,0,0.0,-0.0,6.575695764232627
2026-04-20,75840.97,0.027630495141107048,True,1.0,0.027630495141107048,17.698845762506057,0,0.0,0.0,1.6251263137946739,0,0.0,0.0,11.682211507192566,0,0.0,0.0,3.322637763296031,0,0.0,0.0,2.6723768440379345,0,0.0,0.0,3.160007554516598,0,0.0,0.0,1.9234374663477762,0,0.0,0.0,6.575695764232627
2026-04-21,76336.15,0.006529188643024986,True,1.0,0.006529188643024986,17.814404865253262,0,0.0,0.0,1.6251263137946739,0,0.0,0.0,11.682211507192566,0,0.0,0.0,3.322637763296031,0,0.0,0.0,2.6723768440379345,0,0.0,0.0,3.160007554516598,0,0.0,0.0,1.9234374663477762,0,0.0,0.0,6.575695764232627
2026-04-22,78178.23,0.02413116197240761,True,1.0,0.02413116197240761,18.244287154498736,0,0.0,0.0,1.6251263137946739,0,0.0,0.0,11.682211507192566,0,0.0,0.0,3.322637763296031,0,0.0,0.0,2.6723768440379345,0,0.0,0.0,3.160007554516598,0,0.0,0.0,1.9234374663477762,0,0.0,0.0,6.575695764232627
2026-04-23,78257.48,0.001013709315240252,True,1.0,0.001013709315240252,18.26278155833717,0,0.0,0.0,1.6251263137946739,0,0.0,0.0,11.682211507192566,0,0.0,0.0,3.322637763296031,0,0.0,0.0,2.6723768440379345,0,0.0,0.0,3.160007554516598,0,0.0,0.0,1.9234374663477762,0,0.0,0.0,6.575695764232627
2026-04-24,77437.13,-0.010482704017558353,True,1.0,-0.010482704017558353,18.0713382247238,0,0.0,-0.0,1.6251263137946739,0,0.0,-0.0,11.682211507192566,0,0.0,-0.0,3.322637763296031,0,0.0,-0.0,2.6723768440379345,0,0.0,-0.0,3.160007554516598,0,0.0,-0.0,1.9234374663477762,0,0.0,-0.0,6.575695764232627
2026-04-25,77625.0,0.0024260971448708535,True,1.0,0.0024260971448708535,18.1151810467948,0,0.0,0.0,1.6251263137946739,0,0.0,0.0,11.682211507192566,0,0.0,0.0,3.322637763296031,0,0.0,0.0,2.6723768440379345,0,0.0,0.0,3.160007554516598,0,0.0,0.0,1.9234374663477762,0,0.0,0.0,6.575695764232627
2026-04-26,78657.55,0.01330177133655397,True,1.0,0.01330177133655397,18.35614504279954,0,0.0,0.0,1.6251263137946739,0,0.0,0.0,11.682211507192566,0,0.0,0.0,3.322637763296031,0,0.0,0.0,2.6723768440379345,0,0.0,0.0,3.160007554516598,0,0.0,0.0,1.9234374663477762,0,0.0,0.0,6.575695764232627
2026-04-27,77371.32,-0.016352276418474698,True,1.0,-0.016352276418474698,18.055980285082068,0,0.0,-0.0,1.6251263137946739,0,0.0,-0.0,11.682211507192566,0,0.0,-0.0,3.322637763296031,0,0.0,-0.0,2.6723768440379345,0,0.0,-0.0,3.160007554516598,0,0.0,-0.0,1.9234374663477762,0,0.0,-0.0,6.575695764232627
2026-04-28,76342.77,-0.013293685567210223,True,1.0,-0.013293685567210223,17.81594976056444,0,0.0,-0.0,1.6251263137946739,0,0.0,-0.0,11.682211507192566,0,0.0,-0.0,3.322637763296031,0,0.0,-0.0,2.6723768440379345,0,0.0,-0.0,3.160007554516598,0,0.0,-0.0,1.9234374663477762,0,0.0,-0.0,6.575695764232627
2026-04-29,75780.0,-0.007371621438415188,True,1.0,-0.007371621438415188,17.684617323363735,0,0.0,-0.0,1.6251263137946739,0,0.0,-0.0,11.682211507192566,0,0.0,-0.0,3.322637763296031,0,0.0,-0.0,2.6723768440379345,0,0.0,-0.0,3.160007554516598,0,0.0,-0.0,1.9234374663477762,0,0.0,-0.0,6.575695764232627
2026-04-30,76346.57,0.007476510952758142,True,1.0,0.007476510952758142,17.8168365584772,0,0.0,0.0,1.6251263137946739,0,0.0,0.0,11.682211507192566,0,0.0,0.0,3.322637763296031,0,0.0,0.0,2.6723768440379345,0,0.0,0.0,3.160007554516598,0,0.0,0.0,1.9234374663477762,0,0.0,0.0,6.575695764232627
2026-05-01,78231.13,0.024684278547156602,True,1.0,0.024684278547156602,18.256632314915812,0,0.0,0.0,1.6251263137946739,0,0.0,0.0,11.682211507192566,0,0.0,0.0,3.322637763296031,0,0.0,0.0,2.6723768440379345,0,0.0,0.0,3.160007554516598,0,0.0,0.0,1.9234374663477762,0,0.0,0.0,6.575695764232627
2026-05-02,78686.85,0.005825302536215382,True,1.0,0.005825302536215382,18.36298272144264,0,0.0,0.0,1.6251263137946739,0,0.0,0.0,11.682211507192566,0,0.0,0.0,3.322637763296031,0,0.0,0.0,2.6723768440379345,0,0.0,0.0,3.160007554516598,0,0.0,0.0,1.9234374663477762,0,0.0,0.0,6.575695764232627
2026-05-03,78568.57,-0.0015031736560809916,True,1.0,-0.0015031736560809916,18.3353799695687,0,0.0,-0.0,1.6251263137946739,0,0.0,-0.0,11.682211507192566,0,0.0,-0.0,3.322637763296031,0,0.0,-0.0,2.6723768440379345,0,0.0,-0.0,3.160007554516598,0,0.0,-0.0,1.9234374663477762,0,0.0,-0.0,6.575695764232627
2026-05-04,79861.01,0.01644983483853646,True,1.0,0.01644983483853646,18.636993941769912,0,0.0,0.0,1.6251263137946739,0,0.0,0.0,11.682211507192566,0,0.0,0.0,3.322637763296031,0,0.0,0.0,2.6723768440379345,0,0.0,0.0,3.160007554516598,0,0.0,0.0,1.9234374663477762,0,0.0,0.0,6.575695764232627
2026-05-05,80905.52,0.013079098298406366,True,1.0,0.013079098298406366,18.880749017521126,0,0.0,0.0,1.6251263137946739,0,0.0,0.0,11.682211507192566,0,0.0,0.0,3.322637763296031,0,0.0,0.0,2.6723768440379345,0,0.0,0.0,3.160007554516598,0,0.0,0.0,1.9234374663477762,0,0.0,0.0,6.575695764232627
2026-05-06,81447.01,0.006692868422327525,True,1.0,0.006692868422327525,19.007115386410383,0,0.0,0.0,1.6251263137946739,0,0.0,0.0,11.682211507192566,0,0.0,0.0,3.322637763296031,0,0.0,0.0,2.6723768440379345,0,0.0,0.0,3.160007554516598,0,0.0,0.0,1.9234374663477762,0,0.0,0.0,6.575695764232627
2026-05-07,80006.0,-0.017692607745821376,True,1.0,-0.017692607745821376,18.67082994949906,0,0.0,-0.0,1.6251263137946739,0,0.0,-0.0,11.682211507192566,0,0.0,-0.0,3.322637763296031,0,0.0,-0.0,2.6723768440379345,0,0.0,-0.0,3.160007554516598,0,0.0,-0.0,1.9234374663477762,0,0.0,-0.0,6.575695764232627
2026-05-08,80193.17,0.0023394495412842886,True,1.0,0.0023394495412842886,18.714509414059812,0,0.0,0.0,1.6251263137946739,0,0.0,0.0,11.682211507192566,0,0.0,0.0,3.322637763296031,0,0.0,0.0,2.6723768440379345,0,0.0,0.0,3.160007554516598,0,0.0,0.0,1.9234374663477762,0,0.0,0.0,6.575695764232627
2026-05-09,80678.4,0.006050764672352882,True,1.0,0.006050764672352882,18.82774650648282,0,0.0,0.0,1.6251263137946739,0,0.0,0.0,11.682211507192566,0,0.0,0.0,3.322637763296031,0,0.0,0.0,2.6723768440379345,0,0.0,0.0,3.160007554516598,0,0.0,0.0,1.9234374663477762,0,0.0,0.0,6.575695764232627
2026-05-10,82210.07,0.018984883190544366,True,1.0,0.018984883190544366,19.18518907464958,0,0.0,0.0,1.6251263137946739,0,0.0,0.0,11.682211507192566,0,0.0,0.0,3.322637763296031,0,0.0,0.0,2.6723768440379345,0,0.0,0.0,3.160007554516598,0,0.0,0.0,1.9234374663477762,0,0.0,0.0,6.575695764232627
2026-05-11,81745.65,-0.005649186285816454,True,1.0,-0.005649186285816454,19.07680836763827,0,0.0,-0.0,1.6251263137946739,0,0.0,-0.0,11.682211507192566,0,0.0,-0.0,3.322637763296031,0,0.0,-0.0,2.6723768440379345,0,0.0,-0.0,3.160007554516598,0,0.0,-0.0,1.9234374663477762,0,0.0,-0.0,6.575695764232627
2026-05-12,80504.47,-0.015183437895472052,True,1.0,-0.015183437895472052,18.787156832544415,0,0.0,-0.0,1.6251263137946739,0,0.0,-0.0,11.682211507192566,0,0.0,-0.0,3.322637763296031,0,0.0,-0.0,2.6723768440379345,0,0.0,-0.0,3.160007554516598,0,0.0,-0.0,1.9234374663477762,0,0.0,-0.0,6.575695764232627
2026-05-13,79313.61,-0.014792470529897295,True,1.0,-0.014792470529897295,18.509248368758442,0,0.0,-0.0,1.6251263137946739,0,0.0,-0.0,11.682211507192566,0,0.0,-0.0,3.322637763296031,0,0.0,-0.0,2.6723768440379345,0,0.0,-0.0,3.160007554516598,0,0.0,-0.0,1.9234374663477762,0,0.0,-0.0,6.575695764232627
2026-05-14,81089.99,0.02239691271145028,True,1.0,0.02239691271145028,18.92379838882808,0,0.0,0.0,1.6251263137946739,0,0.0,0.0,11.682211507192566,0,0.0,0.0,3.322637763296031,0,0.0,0.0,2.6723768440379345,0,0.0,0.0,3.160007554516598,0,0.0,0.0,1.9234374663477762,0,0.0,0.0,6.575695764232627
2026-05-15,79113.21,-0.024377608136343376,True,1.0,-0.024377608136343376,18.46248144725406,0,0.0,-0.0,1.6251263137946739,0,0.0,-0.0,11.682211507192566,0,0.0,-0.0,3.322637763296031,0,0.0,-0.0,2.6723768440379345,0,0.0,-0.0,3.160007554516598,0,0.0,-0.0,1.9234374663477762,0,0.0,-0.0,6.575695764232627
2026-05-16,78148.05,-0.012199732509905803,False,1.0,-0.012199732509905803,18.23724411212846,0,0.0,-0.0,1.6251263137946739,0,0.0,-0.0,11.682211507192566,0,0.0,-0.0,3.322637763296031,0,0.0,-0.0,2.6723768440379345,0,0.0,-0.0,3.160007554516598,0,0.0,-0.0,1.9234374663477762,0,0.0,-0.0,6.575695764232627
2026-05-17,77457.67,-0.008834257540655255,True,1.0,-0.008834257540655255,18.076131600810122,0,0.0,-0.0,1.6251263137946739,0,0.0,-0.0,11.682211507192566,0,0.0,-0.0,3.322637763296031,0,0.0,-0.0,2.6723768440379345,0,0.0,-0.0,3.160007554516598,0,0.0,-0.0,1.9234374663477762,0,0.0,-0.0,6.575695764232627
2026-05-18,77001.87,-0.005884504400919921,True,1.0,-0.005884504400919921,17.969762524853547,0,0.0,-0.0,1.6251263137946739,0,0.0,-0.0,11.682211507192566,0,0.0,-0.0,3.322637763296031,0,0.0,-0.0,2.6723768440379345,0,0.0,-0.0,3.160007554516598,0,0.0,-0.0,1.9234374663477762,0,0.0,-0.0,6.575695764232627
