date,close,logp,bde,csw_excess,sadf,qadf,cadf,smt,family_count,consensus
2017-08-17,4285.08,8.362894500635898,,,,,,,0,False
2017-08-18,4108.37,8.320781635152244,,,,,,,0,False
2017-08-19,4139.98,8.328446235889817,,-1.4959058297634327,,,,,0,False
2017-08-20,4086.29,8.315392746916785,,-1.3257036478453512,,,,,0,False
2017-08-21,4016.0,8.298041661371565,,-1.0954997341005146,,,,,0,False
2017-08-22,4040.0,8.303999970955196,,-1.2741702767298526,,,,,0,False
2017-08-23,4114.01,8.322153500934304,,-1.2839989504208524,,,,,0,False
2017-08-24,4316.01,8.37008664333549,,-0.3451980083735202,,,,,0,False
2017-08-25,4280.68,8.361867154460663,0.8507783816912825,-1.0552975947964573,,,,,0,False
2017-08-26,4337.44,8.375039591306415,1.174322093560638,-0.9700280502523666,,,,,0,False
2017-08-27,4310.01,8.368695503280717,1.1035511804491662,-1.2288644273299296,,,,,0,False
2017-08-28,4386.69,8.386330235345987,1.2282628215983085,-1.0330038493656375,,,,,0,False
2017-08-29,4587.48,8.431086132680297,1.7980000570247272,-0.3618469651895324,,,,,0,False
2017-08-30,4555.14,8.424011544677278,1.9019629290543252,-0.8309573432061181,,,,,0,False
2017-08-31,4724.89,8.46059955923357,2.2476362823908795,-0.5426685062025447,,,,,0,False
2017-09-01,4834.91,8.483617793443205,2.56514722956634,-0.36792425974757936,,,,,0,False
2017-09-02,4472.14,8.405622320248314,1.9675138295711665,0.3560131027781135,,,,,1,False
2017-09-03,4509.08,8.413848420556883,1.528303270644275,-0.6737225446744064,,,,,0,False
2017-09-04,4100.11,8.318769081600793,0.4007056862077606,0.4234222948250901,,,,,1,False
2017-09-05,4366.47,8.381710181338946,0.07864823248009543,-0.523405432111667,,,,,0,False
2017-09-06,4619.77,8.43810019928676,0.10413959344414088,-0.18498910524955336,,,,,0,False
2017-09-07,4691.61,8.453531086114086,0.17293508998632232,-0.39560205878714827,,,,,0,False
2017-09-08,4282.8,8.362362280284115,-0.2832229602662162,-0.016289124666305277,,,,,0,False
2017-09-09,4258.81,8.356745057516966,-0.6747377203393223,-0.6676237556549842,,,,,0,False
2017-09-10,4130.37,8.326122270320003,-1.1291311327869873,-0.6146138175082094,,,,,0,False
2017-09-11,4208.47,8.344854440195666,-1.4035143166573674,-1.115936824043526,,,,,0,False
2017-09-12,4163.72,8.334164184438402,-1.6713644890207118,-1.1604622970896359,,,,,0,False
2017-09-13,3944.69,8.280125649710744,-2.0937161855623305,-0.7886652835190935,,,,,0,False
2017-09-14,3189.02,8.067468938548874,-3.144873776725297,1.6073986651012202,,,,,1,False
2017-09-15,3700.0,8.216088098632316,-3.3786415433804677,0.24641139286432123,,,,,1,False
2017-09-16,3714.95,8.220120498111084,-3.5491224399374097,-0.5344329213996708,,,,,0,False
2017-09-17,3699.99,8.21608539592596,-3.6880480299044685,-0.9600544659816717,,,,,0,False
2017-09-18,4035.01,8.302764059015724,-3.6091952956509816,-0.5220909207404185,,,,,0,False
2017-09-19,3910.04,8.271302883106111,-3.596650886150558,-0.9837372042720525,,,,,0,False
2017-09-20,3900.0,8.268731832117737,-3.580386704877913,-1.148418763313469,,,,,0,False
2017-09-21,3609.99,8.191460281239987,-3.7182192555014972,-0.8596570073576677,,,,,0,False
2017-09-22,3595.87,8.187541243658838,-3.832719108233134,-1.3324057013653756,,,,,0,False
2017-09-23,3780.0,8.237479288613633,-3.818009914446233,-1.2991836338549756,,,,,0,False
2017-09-24,3660.02,8.205223890861356,-3.858787163924083,-1.5934819384898076,,,,,0,False
2017-09-25,3920.75,8.274038241014534,-3.7437978610155658,-0.9743868054883646,,,,,0,False
2017-09-26,3882.35,8.264195919376302,-3.650296212061296,-1.582693820819841,,,,,0,False
2017-09-27,4193.0,8.341171747170762,-3.4015576334826956,-0.8314397819105275,,,,,0,False
2017-09-28,4174.5,8.336749869634055,-3.1823638988670733,-1.3111549475760573,,,,,0,False
2017-09-29,4174.69,8.336795383031172,-2.9800321067634403,-1.4638449098841673,,,,,0,False
2017-09-30,4378.51,8.384463762846847,-2.702281877907934,-1.245256558654626,,,,,0,False
2017-10-01,4378.48,8.384456911177494,-2.4526931444757336,-1.3573537405874723,,,,,0,False
2017-10-02,4380.0,8.384804003370492,-2.22654205997488,-1.396003967205332,,,,,0,False
2017-10-03,4310.0,8.368693183097793,-2.049508953949121,-1.4956250969941862,,,,,0,False
2017-10-04,4208.59,8.34488295371464,-1.9279372746354357,-1.6233655542784011,,,,,0,False
2017-10-05,4292.43,8.364608285125557,-1.7806563711346,-1.5702471839725214,,,,,0,False
2017-10-06,4369.0,8.382289428951436,-1.6146150230981557,-1.5254578292682153,,,,,0,False
2017-10-07,4423.0,8.394573477868327,-1.441786262511378,-1.5013199801918156,,,,,0,False
2017-10-08,4640.0,8.442469645220301,-1.20496294697882,-1.2442753933148738,,,,,0,False
2017-10-09,4786.95,8.473648744382873,-0.9427016135765429,-1.242873837682378,,,,,0,False
2017-10-10,4783.06,8.4728357880298,-0.7110300943922782,-1.2851253006020522,,,,,0,False
2017-10-11,4821.43,8.480825843541615,-0.49209522983858633,-1.2771928259414507,,,,,0,False
2017-10-12,5430.0,8.599694412927981,-0.12271432795692792,0.06339260084093468,,,,,1,False
2017-10-13,5649.98,8.639407284311213,0.2463223394999339,-0.20925627264809998,,,,,0,False
2017-10-14,5869.99,8.677608209243179,0.6083764360266488,-0.2591244433198274,,,,,0,False
2017-10-15,5709.99,8.649972551335038,0.883726770663444,-0.8526424106072439,,,,,0,False
2017-10-16,5760.02,8.65869622590613,1.1334177353941062,-0.8539405189160929,,,,,0,False
2017-10-17,5595.0,8.629628620746026,1.320625397957088,-0.9751478158053053,,,,,0,False
2017-10-18,5512.06,8.614693697975325,1.4703971150522026,-1.0436144309932534,,,,,0,False
2017-10-19,5683.9,8.645392895818034,1.6348467597308927,-0.9649913698975119,,,,,0,False
2017-10-20,6010.01,8.70118169142138,1.8370141733360068,-0.8190423144677399,,,,,0,False
2017-10-21,6024.97,8.703667779093347,2.0174695350328173,-0.8280083987164599,,,,,0,False
2017-10-22,5950.02,8.691149859878564,2.1644968745842172,-0.8850085559028185,,,,,0,False
2017-10-23,5915.93,8.685403991441554,2.2886898412778858,-0.9187337766993082,,,,,0,False
2017-10-24,5477.03,8.60831826221988,2.32557626229871,-0.6356149080929758,,,,,0,False
2017-10-25,5689.99,8.646463769649587,2.3905032567224964,-1.107353001836138,,,,,0,False
2017-10-26,5861.77,8.676206884745381,2.473364900495205,-1.0339167648713292,,,,,0,False
2017-10-27,5768.83,8.660224565977323,2.5302385273596446,-1.0963436852662527,,,,,0,False
2017-10-28,5719.64,8.651661145330287,2.5700193845174826,-1.1345570255566413,,,,,0,False
2017-10-29,6169.98,8.727450875403093,2.671375687270943,-0.6426058162618573,,,,,0,False
2017-10-30,6120.5,8.719399071515568,2.7526522215288662,-0.9854035650406505,,,,,0,False
2017-10-31,6463.0,8.773848885262895,2.8719848753302983,-0.8536183238426567,,,,,0,False
2017-11-01,6753.98,8.817887239732956,3.016201431737991,-0.7487976684335731,,,,,0,False
2017-11-02,7019.98,8.85651564801295,3.1774149587723337,-0.6584249314212793,,,,,0,False
2017-11-03,7115.04,8.869966132433659,3.3314241601995147,-0.632870282759733,,,,,0,False
2017-11-04,7357.09,8.903419753104686,3.4956457780070553,-0.556276685232385,,,,,0,False
2017-11-05,7345.01,8.901776450077438,3.639360978673403,-0.5723201728835545,,,,,0,False
2017-11-06,6960.12,8.847951994559144,3.7225025616333425,-0.7508108010837793,,,,,0,False
2017-11-07,7064.04,8.86277240478192,3.80600807934311,-0.7210142068133156,,,,,0,False
2017-11-08,7303.0,8.89604050162011,3.904482462571469,-0.6452969132572086,,,,,0,False
2017-11-09,7079.99,8.86502777425739,3.9656821909911493,-0.7459886496163182,,,,,0,False
2017-11-10,6506.98,8.780630725877229,3.9504958764663356,-0.42998565020941437,,,,,0,False
2017-11-11,6245.05,8.739544428932751,3.897462975129353,-0.49468377879218917,,,,,0,False
2017-11-12,5811.03,8.667513114684391,3.7842717043791465,-0.08130488837088334,,,,,0,False
2017-11-13,6465.99,8.774311411732992,3.7545810973985123,-0.02881962164768792,,,,,0,False
2017-11-14,6574.99,8.79102833613226,3.733346058303657,-0.5615704694270665,,,,,0,False
2017-11-15,7240.06,8.88738477263824,3.7824755881698815,0.10372274526053449,,,,,1,False
2017-11-16,7864.5,8.970114240680697,3.8873067655119327,0.4958385020398066,,,,,1,False
2017-11-17,7699.19,8.948870407503218,3.9631632120641545,-0.0336605510804433,,,,,0,False
2017-11-18,7761.94,8.956987581932472,4.034750408229592,-0.20722396317648917,,,,,0,False
2017-11-19,8038.0,8.991935575009146,4.122761316397183,-0.1434714930031733,,,,,0,False
2017-11-20,8212.0,9.013351778138825,4.215656675149007,-0.1657962925990022,,,,,0,False
2017-11-21,8119.51,9.002025086507315,4.288426387411434,-0.39050077511350567,,,,,0,False
2017-11-22,8205.92,9.012611123990437,4.358804808948973,-0.44706440657038815,,,,,0,False
2017-11-23,8019.99,8.98969245397699,4.40210481462046,-0.6967830835061861,,,,,0,False
2017-11-24,8138.0,9.004299728561636,4.447649960776327,-0.7024829399599226,,,,,0,False
2017-11-25,8700.01,9.071079454067302,4.533644185272564,-0.43018134268948005,,,,,0,False
2017-11-26,9128.02,9.119104082599984,4.64359885973589,-0.2672417613308675,,,,,0,False
2017-11-27,9650.0,9.174713194333032,4.780896807657684,-0.07708747269379712,,,,,0,False
2017-11-28,9896.8,9.199966751548622,4.9211307556270185,-0.0360957915088953,,,,,0,False
2017-11-29,9687.88,9.178630898698742,5.031270844323654,-0.22153891608036824,,,,,0,False
2017-11-30,9838.96,9.194105293403695,5.139381939937905,-0.21803037791969393,,,,,0,False
2017-12-01,10782.99,9.285725171495942,5.297417570224822,0.0986933775120562,,,,,1,False
2017-12-02,10890.01,9.295601134200231,5.445251989281395,0.0743647892335475,,,,,1,False
2017-12-03,11165.41,9.320575885498817,5.593679828960396,0.11712805935370207,,,,,1,False
2017-12-04,11579.0,9.356948391612272,5.749704455578561,0.2055675110099493,,,,,1,False
2017-12-05,11699.99,9.367343266084628,5.895805551193308,0.18894359259476312,,,,,1,False
2017-12-06,13550.05,9.514145516337939,6.117141922868613,0.7419995032818547,,,,,1,False
2017-12-07,16599.0,9.71709773156622,6.4352325700494735,2.2676485299182683,,,,,1,False
2017-12-08,15880.0,9.672815734801127,6.687465550501565,0.8753777074107223,,,,,1,False
2017-12-09,14656.07,9.592609863103378,6.8684950031842815,0.4662820007528712,,,,,1,False
2017-12-10,14899.98,9.609115149650771,7.039345060287484,0.4711833233058287,,,,,1,False
2017-12-11,16587.97,9.716433012828345,7.246736957535908,0.7313407360218425,,,,,1,False
2017-12-12,16349.99,9.701982564704418,7.425257866613706,0.6312537372270626,,,,,1,False
2017-12-13,16033.29,9.682422464719387,7.5762605060487695,0.5172459223900918,,,,,1,False
2017-12-14,16334.98,9.70106409966956,7.7205795147091205,0.5319853726797859,,,,,1,False
2017-12-15,17539.83,9.772229573746936,7.88261937345048,0.6930508845634242,,,,,1,False
2017-12-16,19102.66,9.857582871353678,8.066262107164235,0.8821740957759974,,,,,1,False
2017-12-17,18860.02,9.844799616632272,8.2257547633148,0.798045131139475,,,,,1,False
2017-12-18,18856.25,9.844599702907372,8.36920385314581,0.7561329913111625,,,,,1,False
2017-12-19,17295.2,9.758184285340255,8.462533407721196,0.4199085573029344,,,,,1,False
2017-12-20,16488.98,9.7104475579704,8.525906733443009,0.23276905156041794,,,,,1,False
2017-12-21,15492.64,9.64812035142606,8.555332796803285,0.0016704829704714541,,,,,1,False
2017-12-22,13326.61,9.497518067251178,8.516764835225311,0.6525584260133375,,,,,1,False
2017-12-23,13300.0,9.495519314209846,8.473059997851783,0.3070825347689041,,,,,1,False
2017-12-24,13500.0,9.51044496442652,8.431266960165996,-0.07350558784975547,,,,,0,False
2017-12-25,13699.34,9.525102935473273,8.391218021171385,-0.37777021918593734,,,,,0,False
2017-12-26,15689.01,9.660715746222007,8.401890124065465,0.25879833727569324,,,,,1,False
2017-12-27,15459.99,9.646010675310674,8.400558555642217,-0.2872936694270152,,,,,0,False
2017-12-28,14182.11,9.559736590144679,8.35874014994261,-0.4648551955959843,,,,,0,False
2017-12-29,14378.9,9.573517133217008,8.318296203347009,-0.44577841343045366,,,,,0,False
2017-12-30,12440.01,9.428673170151368,8.215048109434422,0.37564464217573645,,,,,1,False
2017-12-31,13716.36,9.526344559957533,8.149224859493199,-0.45687616456470836,,,,,0,False
2018-01-01,13380.0,9.50151633368222,8.070060834826746,-0.6673718390827399,,,,,0,False
2018-01-02,14675.11,9.59390814040926,8.025252729232147,-0.5412059387071744,,,,,0,False
2018-01-03,14919.51,9.61042503139539,7.983096228991768,-0.5186084147616339,,,,,0,False
2018-01-04,15059.54,9.61976695639868,7.940623028549504,-0.5072755580844603,,,,,0,False
2018-01-05,16960.39,9.738635904364525,7.94194556361659,-0.10540384065069608,,,,,0,False
2018-01-06,17069.79,9.745065513428102,7.940377461122586,-0.3504657865004419,,,,,0,False
2018-01-07,16150.03,9.689677186234217,7.911167511949287,-0.4517774671706962,,,,,0,False
2018-01-08,14902.54,9.609286947203882,7.845158109054271,-0.6008013927477869,,,,,0,False
2018-01-09,14400.0,9.574983485564092,7.7620586087793635,-0.661765362396336,,,,,0,False
2018-01-10,14907.09,9.609592217684284,7.690128761132552,-0.613103227817196,,,,,0,False
2018-01-11,13238.78,9.49090568023028,7.567555476751607,-0.11995095302806691,,,,,0,False
2018-01-12,13740.01,9.528067293578113,7.458688589607325,-0.784597192935665,,,,,0,False
2018-01-13,14210.0,9.561701221091147,7.3615353585242636,-0.7378859800391417,,,,,0,False
2018-01-14,13474.99,9.508590653661894,7.241246822805078,-0.8298873000079539,,,,,0,False
2018-01-15,13539.93,9.513398376585842,7.121748664211968,-0.825510447644064,,,,,0,False
2018-01-16,10900.0,9.296518068217235,6.915976181301462,1.4364820201193438,,,,,1,False
2018-01-17,10988.79,9.304630941245215,6.71753659757268,0.14477118736475747,,,,,1,False
2018-01-18,10961.97,9.302187288875443,6.521937522427875,-0.36051910038878576,,,,,0,False
2018-01-19,11474.98,9.347924292007837,6.347089308887274,-0.843626721254283,,,,,0,False
2018-01-20,12799.94,9.457195762396722,6.214829841087444,-0.33951895385749964,,,,,0,False
2018-01-21,11530.0,9.352707613263105,6.044334206235057,-0.42932507281011034,,,,,0,False
2018-01-22,10760.05,9.283595480545127,5.851055770931871,-0.28719981200241707,,,,,0,False
2018-01-23,10799.18,9.287225484303866,5.662966504479466,-0.7724823287386353,,,,,0,False
2018-01-24,11349.99,9.336972141851891,5.495923512196644,-1.15251009506589,,,,,0,False
2018-01-25,11175.27,9.321458580263721,5.3258168248050435,-1.1413378137226071,,,,,0,False
2018-01-26,11089.0,9.313708904953216,5.155648778530547,-1.15782304691025,,,,,0,False
2018-01-27,11491.0,9.349319399257634,5.000165279567448,-1.2513653946843037,,,,,0,False
2018-01-28,11879.95,9.38260738415357,4.857645740125711,-1.2079396865909948,,,,,0,False
2018-01-29,11251.0,9.328212292571072,4.69834388918267,-1.2392313292212993,,,,,0,False
2018-01-30,10237.51,9.233813704961825,4.510391728525675,-0.5568762945689487,,,,,0,False
2018-01-31,10285.1,9.238451524937213,4.328157089029513,-1.0036189897077405,,,,,0,False
2018-02-01,9224.52,9.129620435034663,4.115371113589247,-0.34771087387541755,,,,,0,False
2018-02-02,8873.03,9.090771617873237,3.8970259517759636,-0.33304548763098385,,,,,0,False
2018-02-03,9199.96,9.126954415201594,3.696749450905981,-0.7985308626742202,,,,,0,False
2018-02-04,8184.81,9.010035276340936,3.4674454748890757,-0.2225468979081333,,,,,0,False
2018-02-05,6939.99,8.845055612577621,3.198905376233898,0.9175208821428007,,,,,1,False
2018-02-06,7652.14,8.942740626263136,2.9706823929740187,-0.2500569141693516,,,,,0,False
2018-02-07,7599.0,8.935771938669784,2.74924780247401,-0.34924391173113056,,,,,0,False
2018-02-08,7784.02,8.959828193235612,2.542326875698092,-0.5852622256539326,,,,,0,False
2018-02-09,8683.92,9.069228318611207,2.3706601448098183,-0.38732378190319317,,,,,0,False
2018-02-10,8533.98,9.05181112017829,2.198833311487634,-0.9683987025926284,,,,,0,False
2018-02-11,8063.88,8.995150109248046,2.0171361187253467,-0.8466788900902538,,,,,0,False
2018-02-12,8903.0,9.094143577573671,1.8650361913223001,-0.5564314844591554,,,,,0,False
2018-02-13,8539.9,9.052504577112185,1.7060211365696336,-1.0647370647738603,,,,,0,False
2018-02-14,9449.99,9.15376896228617,1.5751329358455672,-0.5248484922323027,,,,,0,False
2018-02-15,10000.09,9.210349371935683,1.4599597369420143,-0.5143367294365184,,,,,0,False
2018-02-16,10159.98,9.226211752626599,1.3500470952161776,-0.7779369396709295,,,,,0,False
2018-02-17,11039.55,9.309239558130773,1.2610157852545276,-0.3912444604440384,,,,,0,False
2018-02-18,10383.43,9.247966545295485,1.158099877825397,-0.887239759723353,,,,,0,False
2018-02-19,11153.0,9.319463798994537,1.0729476236715205,-0.6618374157453761,,,,,0,False
2018-02-20,11200.99,9.32375744623391,0.9892118032684265,-0.7203960107877243,,,,,0,False
2018-02-21,10437.6,9.253169949951538,0.8894786561288246,-1.013161159524071,,,,,0,False
2018-02-22,9811.04,9.191263561211445,0.776434084728195,-0.7987070579967985,,,,,0,False
2018-02-23,10131.04,9.223359257323446,0.6723013380975655,-1.3045720110154142,,,,,0,False
2018-02-24,9694.51,9.179315024883241,0.5593281963858099,-1.2850874955632179,,,,,0,False
2018-02-25,9590.0,9.168476167877484,0.44549642699250913,-1.3721105447896274,,,,,0,False
2018-02-26,10324.0,9.242226560838505,0.34991868752402056,-0.9568302482195186,,,,,0,False
2018-02-27,10569.04,9.265684251655417,0.2605429970181285,-1.1910600869732995,,,,,0,False
2018-02-28,10326.76,9.242493863350996,0.16673869999555213,-1.4405070785174297,,,,,0,False
2018-03-01,10920.0,9.298351249298896,0.08625058378121972,-1.2406290073413593,,,,,0,False
2018-03-02,11039.0,9.309189736018352,0.008633122903658474,-1.2899798797278896,,,,,0,False
2018-03-03,11464.48,9.347008838833847,-0.06025223231409628,-1.2033637269212019,,,,,0,False
2018-03-04,11515.0,9.351405812254786,-0.1280357244643955,-1.2222677398715602,,,,,0,False
2018-03-05,11454.0,9.346094292953802,-0.19687254791483016,-1.2698530042029865,,,,,0,False
2018-03-06,10716.48,9.279538022494478,-0.28012304735623794,-1.0581644356158915,,,,,0,False
2018-03-07,9910.0,9.201299627324033,-0.3798149095764031,-0.6317503215104576,,,,,0,False
2018-03-08,9271.64,9.134715557691184,-0.49272512934692186,-0.3987394211553872,,,,,0,False
2018-03-09,9227.0,9.129889247578555,-0.6048975062017083,-0.6810288030500944,,,,,0,False
2018-03-10,8770.22,9.079117170570406,-0.7261558575027374,-0.5402700258296231,,,,,0,False
2018-03-11,9533.57,9.16257453300652,-0.8275207987015233,-0.7834363103345696,,,,,0,False
2018-03-12,9131.34,9.119467731713272,-0.9365936484986108,-1.159587236389759,,,,,0,False
2018-03-13,9150.0,9.121509158269568,-1.0435304904063312,-1.2845630303883644,,,,,0,False
2018-03-14,8170.0,9.008224187854049,-1.1723914686619359,-0.30090995949085864,,,,,0,False
2018-03-15,8240.98,9.016874547870499,-1.2968208998719597,-0.9288170813987295,,,,,0,False
2018-03-16,8260.0,9.019179866515024,-1.41831591303466,-1.033456397481462,,,,,0,False
2018-03-17,7824.8,8.965053455976284,-1.548416669373665,-0.8620393882237642,,,,,0,False
2018-03-18,8189.99,9.010667955845149,-1.6665795120895839,-1.1530436804457742,,,,,0,False
2018-03-19,8600.0,9.0595174822416,-1.77277463900867,-1.2057435773323557,,,,,0,False
2018-03-20,8909.98,9.094927275793424,-1.8702096184557686,-1.1561405400906783,,,,,0,False
2018-03-21,8885.0,9.092119740588751,-1.9667522883421047,-1.4012107158165292,,,,,0,False
2018-03-22,8722.9,9.073707030421616,-2.0654646017465415,-1.636989537625222,,,,,0,False
2018-03-23,8898.03,9.093585182904471,-2.158793494227488,-1.6611279965589456,,,,,0,False
2018-03-24,8546.86,9.053319243015483,-2.2585590081408378,-1.4785558359774056,,,,,0,False
2018-03-25,8470.15,9.044303497052452,-2.358461183923982,-1.6370399367780724,,,,,0,False
2018-03-26,8134.23,9.00383636243819,-2.464470031794927,-1.4728981275337405,,,,,0,False
2018-03-27,7795.51,8.961303205907138,-2.5766683029528683,-1.3251694717631353,,,,,0,False
2018-03-28,7949.3,8.980839153457255,-2.6830452973995764,-1.5128225729554656,,,,,0,False
2018-03-29,7090.14,8.866460365452518,-2.8088613518092935,-0.2508750243718674,,,,,0,False
2018-03-30,6840.23,8.830576635782258,-2.93851154221079,-0.5388325541756263,,,,,0,False
2018-03-31,6923.91,8.842735917944724,-3.0629194822979726,-1.0622232555507405,,,,,0,False
2018-04-01,6813.01,8.826589298554772,-3.187470479348187,-1.1252100686713213,,,,,0,False
2018-04-02,7056.0,8.861633597686627,-3.302912742682026,-1.2897107877639142,,,,,0,False
2018-04-03,7405.21,8.90993908551653,-3.4073326441559657,-1.3171290557840583,,,,,0,False
2018-04-04,6796.1,8.824104197221528,-3.5249598805078706,-0.7155966344152043,,,,,0,False
2018-04-05,6770.76,8.820368619576099,-3.640691071171257,-1.2438504839124707,,,,,0,False
2018-04-06,6601.39,8.79503551190078,-3.758340871095711,-1.2116662520155534,,,,,0,False
2018-04-07,6895.8,8.838667809602768,-3.8658802064038196,-1.367418442926251,,,,,0,False
2018-04-08,7018.0,8.85623355614316,-3.9682398193069632,-1.442211889851785,,,,,0,False
2018-04-09,6782.72,8.822133480424288,-4.074410520750376,-1.3687922285788703,,,,,0,False
2018-04-10,6843.9,8.831113023566939,-4.176917452675823,-1.4166519484820528,,,,,0,False
2018-04-11,6953.79,8.847042113664887,-4.274737425163139,-1.472382049126929,,,,,0,False
2018-04-12,7923.0,8.977525200965243,-4.34898204919171,0.03731199320218348,,,,,1,False
2018-04-13,7877.41,8.971754448621702,-4.423109141283756,-0.8228984018017125,,,,,0,False
2018-04-14,7999.01,8.98707306300431,-4.493626333655105,-1.0297159866468162,,,,,0,False
2018-04-15,8355.0,9.030615441029495,-4.555993506857343,-0.9040552253416771,,,,,0,False
2018-04-16,8064.92,8.995279071105276,-4.623402146967236,-1.3762017967798559,,,,,0,False
2018-04-17,7885.02,8.972720035855557,-4.6935986873668565,-1.61050699531974,,,,,0,False
2018-04-18,8173.0,9.00859131751613,-4.756954232591759,-1.525215429331401,,,,,0,False
2018-04-19,8278.0,9.021356672308677,-4.817426705067391,-1.53456218072269,,,,,0,False
2018-04-20,8856.98,9.088961127706096,-4.866196418844258,-1.002020859216632,,,,,0,False
2018-04-21,8915.31,9.095525302547419,-4.913452304461561,-1.2950620691863846,,,,,0,False
2018-04-22,8787.02,9.08103091158293,-4.962631913758061,-1.437489673731219,,,,,0,False
2018-04-23,8934.01,9.097620621230892,-5.008666925294554,-1.4201077436017089,,,,,0,False
2018-04-24,9619.99,9.171598504158172,-5.042386535060914,-0.8885337233794801,,,,,0,False
2018-04-25,8869.99,9.090428947907274,-5.089035329764899,-0.7688751595426442,,,,,0,False
2018-04-26,9266.0,9.134107065976593,-5.128249424377903,-1.403718987377996,,,,,0,False
2018-04-27,8915.35,9.095529789201306,-5.173397615858684,-1.489519112833403,,,,,0,False
2018-04-28,9348.0,9.142917695658749,-5.210565171197415,-1.3393104547491257,,,,,0,False
2018-04-29,9419.0,9.150484204822817,-5.246303336323335,-1.4989589661450424,,,,,0,False
2018-04-30,9246.01,9.131947386096364,-5.284813375416194,-1.608442388399563,,,,,0,False
2018-05-01,9071.48,9.112890705100737,-5.326114231867079,-1.709820214494753,,,,,0,False
2018-05-02,9247.84,9.132145289724432,-5.364031690446381,-1.671431523311938,,,,,0,False
2018-05-03,9750.0,9.185022563991893,-5.393284575802453,-1.2392269535959346,,,,,0,False
2018-05-04,9713.99,9.181322393463118,-5.4230548971570025,-1.5623491277262138,,,,,0,False
2018-05-05,9864.0,9.19664704484418,-5.450305642153174,-1.5396085973335538,,,,,0,False
2018-05-06,9659.01,9.175646437482621,-5.480856914648275,-1.6322077933770818,,,,,0,False
2018-05-07,9365.0,9.144734614878189,-5.51621348933879,-1.61181380055501,,,,,0,False
2018-05-08,9187.56,9.125605674112013,-5.554404177171599,-1.6788319691429185,,,,,0,False
2018-05-09,9310.0,9.138844370271112,-5.590238988245312,-1.8099794393664272,,,,,0,False
2018-05-10,9002.2,9.105224270891126,-5.6311791004220435,-1.5623739956588398,,,,,0,False
2018-05-11,8400.0,9.035986984831405,-5.682736971979832,-0.9463758471477934,,,,,0,False
2018-05-12,8465.94,9.043806333883536,-5.732506420909611,-1.435717583746817,,,,,0,False
2018-05-13,8679.71,9.068743396958016,-5.77783336603124,-1.7116932795994844,,,,,0,False
2018-05-14,8663.34,9.06685560849387,-5.82303284860589,-1.8544170072776054,,,,,0,False
2018-05-15,8462.0,9.043340831280013,-5.871496123456161,-1.7350058348609347,,,,,0,False
2018-05-16,8330.0,9.027618735160889,-5.921922491153414,-1.7557706576718441,,,,,0,False
2018-05-17,8041.46,8.992365937726975,-5.977311540005412,-1.5287171261460113,,,,,0,False
2018-05-18,8239.81,9.016732564385245,-6.028240874556573,-1.718315794166567,,,,,0,False
2018-05-19,8233.49,9.015965262107004,-6.078726162525959,-1.8438894058065716,,,,,0,False
2018-05-20,8526.98,9.050990533248505,-6.123217719912662,-1.529965206038068,,,,,0,False
2018-05-21,8381.24,9.03375115388983,-6.169950975563433,-1.8416621569566398,,,,,0,False
2018-05-22,7977.11,8.984331469461283,-6.223849294343771,-1.2754920653716666,,,,,0,False
2018-05-23,7501.95,8.92291826573026,-6.286585061808834,-0.9225926859873315,,,,,0,False
2018-05-24,7575.01,8.932609950508711,-6.346973261256439,-1.3585774787155545,,,,,0,False
2018-05-25,7457.0,8.916908467543795,-6.408968376454726,-1.4159127303444112,,,,,0,False
2018-05-26,7333.96,8.900270894566766,-6.472663274165806,-1.4369280718545534,,,,,0,False
2018-05-27,7338.99,8.900956509960675,-6.535361163655008,-1.5545579963690423,,,,,0,False
2018-05-28,7099.0,8.867709208039386,-6.602243694730046,-1.4359367824560734,,,,,0,False
2018-05-29,7461.29,8.917483600500487,-6.660599723716912,-1.2622054135514589,,,,,0,False
2018-05-30,7375.96,8.905981342228232,-6.71991854474793,-1.7637282493454223,,,,,0,False
2018-05-31,7485.01,8.92065763285818,-6.776222138785642,-1.8227399142309284,,,,,0,False
2018-06-01,7521.01,8.925455716435943,-6.8310684638905546,-1.8319703213972454,,,,,0,False
2018-06-02,7640.03,8.941156808854428,-6.882853419356764,-1.8563321920048057,,,,,0,False
2018-06-03,7714.26,8.95082584315221,-6.932550218633742,-1.8722106775669014,,,,,0,False
2018-06-04,7487.0,8.920923462230686,-6.986115999966503,-1.6094800119411454,,,,,0,False
2018-06-05,7625.0,8.939187601475613,-7.036273796786773,-1.8173144575153317,,,,,0,False
2018-06-06,7658.84,8.943615815235711,-7.085158747949185,-1.8705561576929628,,,,,0,False
2018-06-07,7691.08,8.947816494771256,-7.132830361617991,-1.8787365131761908,,,,,0,False
2018-06-08,7603.44,8.936356055446597,-7.18163312359383,-1.8655666314477584,,,,,0,False
2018-06-09,7491.73,8.921555024473575,-7.23203132493813,-1.8479189421699835,,,,,0,False
2018-06-10,6764.99,8.819516062407196,-7.296856361108431,-0.31064045098090975,,,,,0,False
2018-06-11,6872.0,8.835210463664092,-7.3584089145065255,-1.2015426447452469,,,,,0,False
2018-06-12,6530.0,8.784162222270476,-7.42655848992119,-0.9587765690455234,,,,,0,False
2018-06-13,6292.78,8.74715822343705,-7.4990597804454255,-0.8750332400897418,,,,,0,False
2018-06-14,6635.98,8.80026163744202,-7.562659565428764,-1.1874957970855078,,,,,0,False
2018-06-15,6388.9,8.762317388578145,-7.630813244751402,-1.355287707869652,,,,,0,False
2018-06-16,6483.98,8.777089798335078,-7.6957637581473515,-1.566952290574313,,,,,0,False
2018-06-17,6449.61,8.77177494284545,-7.760488309990531,-1.6141991579046207,,,,,0,False
2018-06-18,6712.46,8.811720779767708,-7.818486684457851,-1.4211919037877587,,,,,0,False
2018-06-19,6741.21,8.815994713016181,-7.875038373273706,-1.7333791738085176,,,,,0,False
2018-06-20,6761.51,8.81900151687409,-7.930355597276166,-1.7507023187260213,,,,,0,False
2018-06-21,6718.84,8.812670799569194,-7.985794339966488,-1.7446199070879496,,,,,0,False
2018-06-22,6045.0,8.706986763048892,-8.055466117786247,-0.2294552230353224,,,,,0,False
2018-06-23,6149.98,8.724204108762756,-8.121572468544676,-1.1653420224205377,,,,,0,False
2018-06-24,6136.97,8.722086413995203,-8.186935510300241,-1.4364559014133882,,,,,0,False
2018-06-25,6252.0,8.740656691541368,-8.24865992225208,-1.6675861544327264,,,,,0,False
2018-06-26,6070.78,8.711242376621744,-8.31356380005477,-1.6086781788730344,,,,,0,False
2018-06-27,6133.73,8.721558326750744,-8.376003578528021,-1.6478681199909482,,,,,0,False
2018-06-28,5853.98,8.674877050778623,-8.443977223332036,-1.292303076539448,,,,,0,False
2018-06-29,6197.92,8.731969030874913,-8.502923751885813,-1.1023341214656295,,,,,0,False
2018-06-30,6390.07,8.762500501928168,-8.556752434464787,-1.1681571868254053,,,,,0,False
2018-07-01,6356.81,8.757281958177648,-8.610517972439357,-1.516186358217967,,,,,0,False
2018-07-02,6615.29,8.797138915346247,-8.658011432862256,-1.32673593132321,,,,,0,False
2018-07-03,6513.86,8.781687493434509,-8.70697087475496,-1.6154928747635902,,,,,0,False
2018-07-04,6586.98,8.792850252352494,-8.753711065624778,-1.6432377037139743,,,,,0,False
2018-07-05,6529.2,8.78403970327988,-8.801010655480377,-1.753497381610989,,,,,0,False
2018-07-06,6609.78,8.796305649387154,-8.845975749076679,-1.7715976980235968,,,,,0,False
2018-07-07,6756.98,8.81833132365435,-8.887322848598057,-1.7247539246299108,,,,,0,False
2018-07-08,6712.1,8.811667146724973,-8.929028427057702,-1.7959508270338047,,,,,0,False
2018-07-09,6662.12,8.804193031200226,-8.971192770619757,-1.7883342750966367,,,,,0,False
2018-07-10,6296.91,8.747814315866355,-9.020437869419498,-1.1013864607490085,,,,,0,False
2018-07-11,6378.07,8.760620822737119,-9.067243620506197,-1.7296718427346642,,,,,0,False
2018-07-12,6250.57,8.74042793857198,-9.116117693114504,-1.7039865977051623,,,,,0,False
2018-07-13,6214.57,8.73465181410153,-9.165068191636239,-1.7095345168673015,,,,,0,False
2018-07-14,6251.99,8.740655092051924,-9.212505505329231,-1.7192901628319615,,,,,0,False
2018-07-15,6353.01,8.756683995324794,-9.257113413076908,-1.7420465366270441,,,,,0,False
2018-07-16,6723.35,8.813341821206178,-9.293504637845192,-1.088914309396099,,,,,0,False
2018-07-17,7317.44,8.89801581901073,-9.318088296784678,-0.44245412195829137,,,,,0,False
2018-07-18,7381.9,8.906786337033816,-9.341216055578272,-0.7734379508077958,,,,,0,False
2018-07-19,7466.21,8.918142786590343,-9.362565114047385,-0.9412752079050133,,,,,0,False
2018-07-20,7337.53,8.900757552714024,-9.386001043980315,-1.2887755730290293,,,,,0,False
2018-07-21,7398.78,8.90907040073569,-9.408060432702102,-1.3648694487830189,,,,,0,False
2018-07-22,7394.79,8.908530977175758,-9.429944877749568,-1.4729482959129108,,,,,0,False
2018-07-23,7721.01,8.951700463476996,-9.445831325211996,-1.2890520644249286,,,,,0,False
2018-07-24,8397.24,9.035658359411414,-9.450376955794807,-0.5750589967822157,,,,,0,False
2018-07-25,8175.64,9.008914280162925,-9.458486289038234,-1.1314762872409598,,,,,0,False
2018-07-26,7920.0,8.977146484808472,-9.470778688120541,-1.3827599402212414,,,,,0,False
2018-07-27,8188.57,9.010494558427602,-9.478526218432247,-1.2734083538620478,,,,,0,False
2018-07-28,8225.04,9.014938438843632,-9.485639343668238,-1.31401036796102,,,,,0,False
2018-07-29,8211.0,9.01322999770879,-9.492945302990082,-1.3798486965144232,,,,,0,False
2018-07-30,8173.92,9.008703876946404,-9.500816130917517,-1.4532578936978713,,,,,0,False
2018-07-31,7730.93,8.952984444823397,-9.516053238734777,-1.0955888116655246,,,,,0,False
2018-08-01,7604.58,8.936505976343879,-9.533334269762003,-1.3381575365969338,,,,,0,False
2018-08-02,7525.71,8.926080437325659,-9.551824412007932,-1.486553598465493,,,,,0,False
2018-08-03,7418.78,8.91176990215772,-9.572021256533494,-1.530426361579685,,,,,0,False
2018-08-04,7009.84,8.855070155231775,-9.599525922190123,-1.0730840947680615,,,,,0,False
2018-08-05,7024.19,8.857115185063,-9.62643068670421,-1.3568365263175506,,,,,0,False
2018-08-06,6934.82,8.84431037711288,-9.654712148726121,-1.3808600915713973,,,,,0,False
2018-08-07,6720.06,8.812852362048764,-9.686816708045582,-1.2708935482662094,,,,,0,False
2018-08-08,6285.0,8.745921121024347,-9.727370865749135,-0.8761559831113712,,,,,0,False
2018-08-09,6529.79,8.784130062488426,-9.762335946379558,-1.2803437446840333,,,,,0,False
2018-08-10,6144.01,8.72323290243035,-9.804881416362242,-0.9902940627606829,,,,,0,False
2018-08-11,6232.35,8.737508747719401,-9.844966997874987,-1.1756864393476325,,,,,0,False
2018-08-12,6308.33,8.749626261235814,-9.882920682537456,-1.3109771971486226,,,,,0,False
2018-08-13,6246.35,8.739752572136027,-9.921666346479096,-1.322478931968533,,,,,0,False
2018-08-14,6188.08,8.73038013985761,-9.961122014697535,-1.3337679381370207,,,,,0,False
2018-08-15,6267.16,8.743078580455661,-9.998384145798672,-1.4480259720185102,,,,,0,False
2018-08-16,6311.75,8.750168254643736,-10.034223555010092,-1.5281991965532948,,,,,0,False
2018-08-17,6584.49,8.79247216243092,-10.064067299215923,-1.3360050439524331,,,,,0,False
2018-08-18,6387.96,8.762170247574534,-10.097481640465018,-1.5649297531873292,,,,,0,False
2018-08-19,6477.53,8.776094543841982,-10.128645678109178,-1.7594970697425487,,,,,0,False
2018-08-20,6254.84,8.741110843037479,-10.163958624042301,-1.473992137292603,,,,,0,False
2018-08-21,6480.0,8.776475789346321,-10.19420781819771,-1.466185336238664,,,,,0,False
2018-08-22,6360.89,8.757923583650802,-10.226474657970055,-1.7767340519847445,,,,,0,False
2018-08-23,6525.01,8.783397764756769,-10.255016291869744,-1.6548872097727045,,,,,0,False
2018-08-24,6681.64,8.807118745380329,-10.280118562914065,-1.631024346787377,,,,,0,False
2018-08-25,6733.64,8.81487113823852,-10.303900411322084,-1.7534073610362444,,,,,0,False
2018-08-26,6700.0,8.809862805379057,-10.328031359453071,-1.911911750911889,,,,,0,False
2018-08-27,6908.64,8.84052808118247,-10.347894622698119,-1.5523596460990479,,,,,0,False
2018-08-28,7076.11,8.864479600664781,-10.364418566314164,-1.5538316742442575,,,,,0,False
2018-08-29,7031.22,8.858115511711063,-10.381563402574935,-1.8252084485536562,,,,,0,False
2018-08-30,6984.84,8.85149736520108,-10.399352920179108,-1.9430060778160312,,,,,0,False
2018-08-31,7011.21,8.855265575689495,-10.416437970729817,-1.9748711241693364,,,,,0,False
2018-09-01,7200.01,8.881837693892072,-10.429887603666785,-1.6283757127342895,,,,,0,False
2018-09-02,7302.01,8.895904931702455,-10.44136183136055,-1.7415608312272357,,,,,0,False
2018-09-03,7263.02,8.890550999285429,-10.453388526358568,-1.912437789124049,,,,,0,False
2018-09-04,7359.06,8.903687486175057,-10.463578537524398,-1.8845332191784383,,,,,0,False
2018-09-05,6700.0,8.809862805379057,-10.485728936827096,-0.32018585181278536,,,,,0,False
2018-09-06,6516.01,8.782017504404614,-10.511185018945332,-0.6260800744216621,,,,,0,False
2018-09-07,6395.54,8.763356151417513,-10.538716876977528,-0.8083785529771892,,,,,0,False
2018-09-08,6185.05,8.729890368868286,-10.570194499194614,-0.75208793849656,,,,,0,False
2018-09-09,6250.81,8.740466334333092,-10.599903234136816,-1.0666500254430555,,,,,0,False
2018-09-10,6312.0,8.750207862525711,-10.627976584631945,-1.3032789483871694,,,,,0,False
2018-09-11,6294.91,8.747496649315083,-10.656033632068912,-1.4029364212515854,,,,,0,False
2018-09-12,6338.62,8.754416358123532,-10.682841142129583,-1.5501220663129418,,,,,0,False
2018-09-13,6487.38,8.777614030193243,-10.70633545193541,-1.689650849736188,,,,,0,False
2018-09-14,6476.63,8.77595559233892,-10.729739797478448,-1.833818693296075,,,,,0,False
2018-09-15,6514.96,8.78185634986243,-10.75208954579783,-1.9146963030178532,,,,,0,False
2018-09-16,6505.0,8.780326390946605,-10.774347071336123,-1.9141674830733064,,,,,0,False
2018-09-17,6248.69,8.740127120761297,-10.801444121521072,-1.3527301484023968,,,,,0,False
2018-09-18,6336.45,8.75407395369954,-10.826411264260926,-1.8696514116388,,,,,0,False
2018-09-19,6391.89,8.76278527828677,-10.849945125782275,-1.8983667002275495,,,,,0,False
2018-09-20,6492.0,8.778325928634482,-10.871196487889542,-1.8374890039586298,,,,,0,False
2018-09-21,6759.02,8.818633188113582,-10.887047424772971,-1.347436200919028,,,,,0,False
2018-09-22,6723.05,8.813297199597413,-10.903369469281381,-1.8095842805340858,,,,,0,False
2018-09-23,6708.0,8.8110561229431,-10.919762988489015,-1.9539757561247801,,,,,0,False
2018-09-24,6581.39,8.792001248210633,-10.938361608017594,-1.7664958210417732,,,,,0,False
2018-09-25,6447.54,8.771453941691277,-10.959325431275714,-1.736447535784066,,,,,0,False
2018-09-26,6465.12,8.774176852518615,-10.979670842587117,-1.922296926842055,,,,,0,False
2018-09-27,6689.13,8.80823909982266,-10.995433054884883,-1.4665938264368963,,,,,0,False
2018-09-28,6634.58,8.800050644084514,-11.012024479758889,-1.9359901216386348,,,,,0,False
2018-09-29,6596.38,8.794276292693194,-11.02912839670014,-1.9504010281755533,,,,,0,False
2018-09-30,6626.57,8.798842603910906,-11.045428807063512,-1.9569783835004966,,,,,0,False
2018-10-01,6611.61,8.796582473535247,-11.06179935264958,-1.9555008526402442,,,,,0,False
2018-10-02,6525.79,8.78351729765911,-11.079605366099507,-1.883079155696907,,,,,0,False
2018-10-03,6510.0,8.781094735202615,-11.09748267184855,-1.9397448216387416,,,,,0,False
2018-10-04,6593.79,8.793883575990789,-11.113507900468568,-1.8880126156041228,,,,,0,False
2018-10-05,6635.65,8.80021190730336,-11.128520088559652,-1.9646560657279069,,,,,0,False
2018-10-06,6594.27,8.79395636910823,-11.144120238505497,-1.9584865970474044,,,,,0,False
2018-10-07,6615.26,8.797134380387384,-11.159110202521687,-1.9633671640785877,,,,,0,False
2018-10-08,6673.01,8.805826311478835,-11.17280163972003,-1.9694331762803068,,,,,0,False
2018-10-09,6656.61,8.803365624936363,-11.186616517728291,-1.9729908088833865,,,,,0,False
2018-10-10,6631.0,8.799510901368867,-11.200728773069724,-1.9696087596962006,,,,,0,False
2018-10-11,6252.68,8.740765450822,-11.2220513259826,-0.9575411188620715,,,,,0,False
2018-10-12,6298.01,8.747988989465362,-11.242184118707549,-1.5635621910768642,,,,,0,False
2018-10-13,6332.93,8.753518283242016,-11.261355338056699,-1.8492803377653058,,,,,0,False
2018-10-14,6339.34,8.75452994106602,-11.280145130285938,-1.9236915783084005,,,,,0,False
2018-10-15,6752.5,8.81766808566677,-11.290746745782826,-0.8652346318350395,,,,,0,False
2018-10-16,6759.27,8.818670175040188,-11.30106852181358,-1.3804796536918387,,,,,0,False
2018-10-17,6740.89,8.815947242666597,-11.311581610865868,-1.6668861972829285,,,,,0,False
2018-10-18,6618.96,8.79769353689172,-11.324234716934512,-1.7735955095672007,,,,,0,False
2018-10-19,6528.88,8.783990691480279,-11.338431000171932,-1.8407135577075062,,,,,0,False
2018-10-20,6588.4,8.79306580590852,-11.351292245446468,-1.959822852243719,,,,,0,False
2018-10-21,6590.11,8.793325319314755,-11.36394034876549,-1.9793221434813428,,,,,0,False
2018-10-22,6581.2,8.791972378512495,-11.376579862112719,-1.9788169374913296,,,,,0,False
2018-10-23,6553.51,8.787756062960625,-11.389569765863287,-1.9749973169098918,,,,,0,False
2018-10-24,6565.5,8.789583945299059,-11.40214789832413,-1.9781740660732565,,,,,0,False
2018-10-25,6528.09,8.783869683313613,-11.415264136388393,-1.9726236604801073,,,,,0,False
2018-10-26,6538.63,8.785482942384895,-11.42799384615984,-1.9755415711957558,,,,,0,False
2018-10-27,6505.6,8.780418623434027,-11.441177681980845,-1.9707375177499238,,,,,0,False
2018-10-28,6489.93,8.778007023815624,-11.45447796206489,-1.9689909870621025,,,,,0,False
2018-10-29,6344.5,8.755343574836969,-11.470428042236199,-1.6782282945665683,,,,,0,False
2018-10-30,6330.87,8.7531929464524,-11.486429821127997,-1.9390798279506347,,,,,0,False
2018-10-31,6371.93,8.759657685407765,-11.501404857958878,-1.9512276992877182,,,,,0,False
2018-11-01,6410.0,8.765614549914716,-11.515428445299849,-1.9591586112729165,,,,,0,False
2018-11-02,6433.98,8.769348599307973,-11.528789180790975,-1.9645001401051276,,,,,0,False
2018-11-03,6387.09,8.762034044584903,-11.542874773575857,-1.9571113214187528,,,,,0,False
2018-11-04,6485.85,8.77737815986533,-11.554846829584955,-1.8268017046797924,,,,,0,False
2018-11-05,6468.99,8.774775270208814,-11.566969866465682,-1.9739705599072594,,,,,0,False
2018-11-06,6519.11,8.782493142535822,-11.577953810620421,-1.9838977813752847,,,,,0,False
2018-11-07,6578.46,8.791555954373939,-11.587643398988748,-1.9563424405163232,,,,,0,False
2018-11-08,6479.84,8.77645109768346,-11.599067620153878,-1.8304100892578912,,,,,0,False
2018-11-09,6419.99,8.767171839050395,-11.611480534251777,-1.9414675577519145,,,,,0,False
2018-11-10,6433.05,8.769204043804237,-11.623460620201156,-1.9727982047890538,,,,,0,False
2018-11-11,6449.81,8.7718059519916,-11.634941496615813,-1.9767734924937672,,,,,0,False
2018-11-12,6453.07,8.772311265544756,-11.646189743162159,-1.9783292038133746,,,,,0,False
2018-11-13,6457.66,8.773022302053672,-11.657182109275526,-1.9801165363399609,,,,,0,False
2018-11-14,5922.41,8.686498739632123,-11.678784788902998,-0.3386885029283335,,,,,0,False
2018-11-15,5753.4,8.65754626338769,-11.703707383513592,-0.5950697570480004,,,,,0,False
2018-11-16,5655.94,8.640461599316463,-11.730431520357778,-0.7869773456478835,,,,,0,False
2018-11-17,5628.29,8.63556094498067,-11.757419135922365,-1.0080866569846725,,,,,0,False
2018-11-18,5662.0,8.641532465671846,-11.783316214342996,-1.2597204069335388,,,,,0,False
2018-11-19,4910.03,8.499035330749534,-11.826555553305038,0.8156450922326428,,,,,1,False
2018-11-20,4558.86,8.424827871253223,-11.878416014855695,0.8780144890266519,,,,,1,False
2018-11-21,4661.07,8.447000314496398,-11.926830981176161,-0.05533694746645068,,,,,0,False
2018-11-22,4370.0,8.382518288089635,-11.982546184060864,0.23982524824052165,,,,,1,False
2018-11-23,4420.61,8.394032974599146,-12.036071939610043,-0.1386173909606181,,,,,0,False
2018-11-24,3932.44,8.277015377346233,-12.103216830952766,0.5457628955712224,,,,,1,False
2018-11-25,4085.78,8.31526793153937,-12.164694521132878,0.06894322665264152,,,,,1,False
2018-11-26,3862.2,8.258992248286624,-12.23214833029534,0.26824572415612424,,,,,1,False
2018-11-27,3875.21,8.262355133867418,-12.298193670439225,0.13175475213649124,,,,,1,False
2018-11-28,4264.85,8.358162289319024,-12.35167461245831,-0.16972575271615087,,,,,0,False
2018-11-29,4295.84,8.365402391547269,-12.40353909096708,-0.6123179479713108,,,,,0,False
2018-11-30,4041.32,8.304326650262967,-12.462040825407632,-0.38202933376433856,,,,,0,False
2018-12-01,4190.02,8.34046078617448,-12.515372105584168,-0.6331967065111308,,,,,0,False
2018-12-02,4161.01,8.333513112248498,-12.568792423764084,-0.6641151492429826,,,,,0,False
2018-12-03,3884.01,8.264623404073195,-12.629697381715795,-0.410542044547598,,,,,0,False
2018-12-04,3951.64,8.28188596160112,-12.687667351003821,-0.5515874581595543,,,,,0,False
2018-12-05,3769.84,8.234787839223138,-12.750404219024736,-0.4033737665222583,,,,,0,False
2018-12-06,3508.75,8.163015127676092,-12.820721514664088,-0.15768979013210682,,,,,0,False
2018-12-07,3403.55,8.13257428353961,-12.89355874640882,-0.09068939719810443,,,,,0,False
2018-12-08,3410.93,8.134740260366968,-12.965016799373561,-0.15869979897760045,,,,,0,False
2018-12-09,3545.37,8.173397805875243,-13.030858115151837,-0.37264398630126117,,,,,0,False
2018-12-10,3432.88,8.14115483799677,-13.099474589189441,-0.2950922693472533,-1.1121508040422166,-1.1121508040422166,-1.1121508040422166,0.9634472259802926,0,False
2018-12-11,3380.39,8.125746366436156,-13.1688404208701,-0.2842852595237857,-1.0786345735522858,-1.0816393528307688,-1.0786345735522858,0.970639354328287,0,False
2018-12-12,3445.0,8.144679183447758,-13.234961218398698,-0.4052017805889787,-1.1134136923897726,-1.118376583760384,-1.1134136923897726,0.9774441551291934,0,False
2018-12-13,3302.06,8.102301795120558,-13.304973137848155,-0.2909317215067784,-1.0274770471312928,-1.0347739251161385,-1.0274770471312928,0.9847390896355129,0,False
2018-12-14,3224.17,8.078430831764901,-13.376652332365358,-0.2471201707068449,-0.9757711066203992,-0.9853539406680638,-0.9757711066203992,0.99224254031569,0,False
2018-12-15,3211.72,8.074561898165985,-13.447664956830874,-0.27665121424990824,-0.9649737117225985,-0.9768379145986563,-0.9649737117225985,0.9996841076647669,0,False
2018-12-16,3228.67,8.079825566712454,-13.516982740159614,-0.33767371751846653,-0.9732862748652903,-0.987424185385784,-0.9732862748652903,1.006939824001434,0,False
2018-12-17,3509.08,8.163109173841429,-13.57579739665972,-0.41749842398252657,-1.1321304682731812,-1.134411462986218,-1.1321304682731812,1.0128055236383067,0,False
2018-12-18,3652.98,8.203298551828201,-13.629210306803017,-0.48937868343899615,-1.2038741842614373,-1.205857915548976,-1.2038741842614373,1.0178488164477786,0,False
2018-12-19,3662.22,8.205824799890888,-13.68157217324769,-0.8764520424552591,-1.2006929567633429,-1.202991825321112,-1.2006929567633429,1.0227264923686454,0,False
2018-12-20,4049.62,8.306378328538047,-13.721875059660295,-0.06366978301417126,-1.3686395713548938,-1.3707266331594248,-1.3686395713548938,1.0254478125421262,0,False
2018-12-21,3838.66,8.252878626348311,-13.767617976661414,-0.8905173625387264,-1.272727629976126,-1.2798692561302625,-1.272727629976126,1.0291911818091648,0,False
2018-12-22,3948.91,8.281194870447047,-13.809540865167161,-0.8260282749609182,-1.260645464172248,-1.2938454658976346,-1.260645464172248,1.0322251132304359,1,False
2018-12-23,3929.71,8.276320910791991,-13.851417611363575,-1.0191965284565188,-1.2513104418727676,-1.256892035091279,-1.2513104418727676,1.0352510091493368,1,False
2018-12-24,4008.01,8.296050137771568,-13.890499624406687,-0.9986675726909773,-1.2465703360046336,-1.2699463719867832,-1.2465703360046336,1.0377319202027997,1,False
2018-12-25,3745.79,8.228387821635508,-13.936574034900088,-0.7425658817382959,-1.1162530451480692,-1.1348225332343571,-1.1162530451480692,1.04154275742859,1,False
2018-12-26,3777.74,8.236881226212079,-13.981049796494476,-1.195553430640161,-1.1287360250051643,-1.1484259282300937,-1.1287360250051643,1.0450620515308164,1,False
2018-12-27,3567.91,8.179735269166517,-14.03124306820663,-0.9598253312755962,-1.031968317025044,-1.0528965150600897,-1.031968317025044,1.0496025816796555,1,False
2018-12-28,3839.26,8.253034918677802,-14.072594925378937,-0.6268696696922107,-1.1576304451253911,-1.1794296910351278,-1.1576304451253911,1.0525285271709763,1,False
2018-12-29,3695.32,8.214822433150703,-14.117587830888116,-1.198259477153789,-1.0951235224771054,-1.1181139869054801,-1.0951235224771054,1.0561479694620937,1,False
2018-12-30,3801.91,8.243258851016485,-14.158801142493731,-1.3050765576399501,-1.140547940653841,-1.1645426070489628,-1.152545273851402,1.0590478810638433,1,False
2018-12-31,3702.9,8.216871575417994,-14.202337554623055,-1.2453528649464276,-1.0968481815294167,-1.1114981917997684,-1.103928529709044,1.0623972203796734,1,False
2019-01-01,3797.14,8.242003430766193,-14.242489304429782,-1.3393054072129056,-1.1364213525397289,-1.1521811868354952,-1.1438569710563247,1.0650884297486403,1,False
2019-01-02,3858.56,8.258049335860987,-14.280306184983138,-1.4043659250582812,-1.1601975946897487,-1.1766872442034055,-1.1678145195059153,1.0673070164699785,1,False
2019-01-03,3766.78,8.233975804075248,-14.320222937158267,-1.3514586672157631,-1.1217269755077022,-1.137761439845826,-1.1288037114502187,1.0699540770321838,1,False
2019-01-04,3792.01,8.240651500502237,-14.35883891222103,-1.3877012462678673,-1.1309068956467574,-1.1473994502378007,-1.1379964698162115,1.0723387985940902,1,False
2019-01-05,3770.96,8.235084889936122,-14.397511176345139,-1.388105411587471,-1.120870306613411,-1.137512205348884,-1.127755810247808,1.0747363141833992,1,False
2019-01-06,3987.6,8.290944825148548,-14.429530656159153,-0.9814212447117083,-1.2056130747557385,-1.223754842062043,-1.2133572254520684,1.0757125938733318,1,False
2019-01-07,3975.45,8.28789322822811,-14.461414355924418,-1.5222536203039791,-1.200162158977811,-1.218475152573702,-1.207760009674896,1.0766632086534982,1,False
2019-01-08,3955.13,8.282768749446637,-14.493389069155539,-1.569854965560365,-1.191744781283239,-1.2102155684327287,-1.1991630813547616,1.0776388453349763,1,False
2019-01-09,3966.65,8.285677188742012,-14.524578669938686,-1.585485992537467,-1.194825071264974,-1.213605821785158,-1.2021972447803544,1.0784432126590129,1,False
2019-01-10,3585.88,8.184759190136118,-14.566277702630632,-0.043938082737608575,-1.0456451135905944,-1.063228729846953,-1.051212260134071,1.0814631477138748,1,False
2019-01-11,3601.31,8.189052947141585,-14.606914894203333,-0.877001835065943,-1.0514126610456227,-1.069485281906508,-1.0569537867828742,1.0842746630185716,1,False
2019-01-12,3583.13,8.18399199909164,-14.647518577423158,-1.1626787881485248,-1.0418101887722002,-1.0602671909535992,-1.0471644750377713,1.0870806738417045,1,False
2019-01-13,3476.81,8.153870485706037,-14.690798079020773,-1.0713053844819798,-0.9906365347334939,-1.0092773762392664,-0.9953699359493404,1.0904116954565983,1,False
2019-01-14,3626.09,8.195910211745874,-14.728920205761085,-1.2672071681135793,-1.060402463684213,-1.0798352163757998,-1.065759306735432,1.0927143646261535,1,False
2019-01-15,3553.06,8.175564483016071,-14.768686054747905,-1.384359541636324,-1.0264769308135924,-1.0462617805875898,-1.0313990861757718,1.095355319680356,1,False
2019-01-16,3591.84,8.186419885000157,-14.806712220145702,-1.4262953281411794,-1.0430343428007611,-1.0633489500164923,-1.0480438984179965,1.0976403283986875,1,False
2019-01-17,3616.21,8.193181795047005,-14.843463065349189,-1.4568664453788096,-1.0527251855438393,-1.0735374006259781,-1.057754029287808,1.0996591421408823,1,False
2019-01-18,3594.87,8.187263108166123,-14.880316486661883,-1.4542077546891685,-1.0421915111731825,-1.063492595628016,-1.0470347685466797,1.101701507897187,1,False
2019-01-19,3665.3,8.206665466359595,-14.91455689065724,-1.5165519227379043,-1.0718350304503594,-1.093597336753285,-1.0824655692117824,1.103182378007544,1,False
2019-01-20,3539.28,8.171678595610794,-14.952039810893508,-1.4108760046019713,-1.0163212390379694,-1.0381896616519424,-1.0265097442550328,1.105362326004733,1,False
2019-01-21,3526.9,8.168174577126424,-14.989354276379414,-1.4433946302189733,-1.0095571972018493,-1.0314455674901326,-1.0196159611907571,1.1075084677389488,1,False
2019-01-22,3570.93,8.180581345050037,-15.024803986717219,-1.4865818299486162,-1.0285133696764304,-1.050439813614774,-1.0386006167494952,1.109258083392618,1,False
2019-01-23,3552.82,8.175496933324803,-15.060277921901537,-1.4853933760765294,-1.0194199826001669,-1.0363724305461406,-1.0275194405241999,1.1110152744448958,1,False
2019-01-24,3569.62,8.18021442653124,-15.094731751067952,-1.4989390843256605,-1.0258953995397935,-1.0420582993009624,-1.0340741024868496,1.1125524596165104,1,False
2019-01-25,3565.29,8.179000675963518,-15.128808885449475,-1.4985487698250846,-1.023002176729647,-1.0379380604720845,-1.030725573206704,1.1140095633496412,1,False
2019-01-26,3565.25,8.178989456616875,-15.162385906637706,-1.499413715405151,-1.022021114864969,-1.0360751966697583,-1.0293928774376224,1.1153589551676315,1,False
2019-01-27,3550.84,8.17493947419774,-15.195896793999761,-1.4960605759134695,-1.0147416436563115,-1.0269629400564917,-1.0213997913740795,1.116696965578812,1,False
2019-01-28,3434.15,8.141524721342114,-15.23245040023955,-1.4388939032653345,-0.961013713096583,-0.9646012999287905,-0.9632674830309454,1.118701093026153,1,False
2019-01-29,3411.04,8.134772509116232,-15.269184811640091,-1.4527064985914047,-0.9490070095397137,-0.9501638701995392,-0.9496199002066978,1.12074563195497,1,False
2019-01-30,3458.18,8.148497718098463,-15.303934636608703,-1.472032235414005,-0.9608577356201484,-0.9740910205830623,-0.968450898594781,1.122363275897854,1,False
2019-01-31,3434.1,8.14151016159254,-15.338910123033301,-1.4656373316992752,-0.8876910391347362,-0.958946210696669,-0.9307505960319548,1.1240328946189109,1,False
2019-02-01,3462.07,8.149621955058029,-15.372517416471034,-1.4750276563173188,-0.866985335107391,-0.9668407201161818,-0.9094168565946578,1.1254031947182024,1,False
2019-02-02,3504.77,8.161880176773487,-15.404338067244725,-1.4888022957679845,-0.8886045204127029,-0.963331428250274,-0.900154611743596,1.1263739908830666,1,False
2019-02-03,3458.11,8.148477476032268,-15.437090088302075,-1.475802419875223,-0.8545324172122377,-0.8888309456623978,-0.8603105774087032,1.1275604125610263,1,False
2019-02-04,3463.22,8.14995407111687,-15.469199464234963,-1.4782010840506177,-0.7419394831845061,-0.8649474667155774,-0.8209973054864239,1.1286052464750105,1,False
2019-02-05,3471.59,8.152367981249753,-15.500575578694482,-1.4815763222861638,-0.7181087463483072,-0.8669301935802807,-0.7746740001738478,1.1356825251083595,1,False
2019-02-06,3405.37,8.133108876409946,-15.533495621355135,-1.4626204485758232,-0.6595626472547,-0.8122712217031642,-0.6842537538346924,1.1583491404912163,1,False
2019-02-07,3398.4,8.131060011607564,-15.566139449010274,-1.4613388073977212,-0.6560509583886706,-0.705207802548097,-0.6678863197165409,1.1800102012988716,1,False
2019-02-08,3659.04,8.204956096908074,-15.590580016980525,-0.5719239261426046,-0.792715134231216,-0.8152469722077211,-0.8031158811492781,1.202887910218363,1,False
2019-02-09,3665.18,8.206632726348024,-15.614450614495407,-1.1622350471833602,-0.7956113775504395,-0.8167178014112034,-0.8055905468517861,1.2259971088568047,1,False
2019-02-10,3680.06,8.210684335377888,-15.637509695380004,-1.406904377073361,-0.8024431448942972,-0.8234169159442463,-0.8123244197264617,1.2511028982728154,1,False
2019-02-11,3631.05,8.197277141630735,-15.661584733639229,-1.5377802307312534,-0.7804019804119795,-0.7937933423921851,-0.7871378709270348,1.2778772036986086,1,False
2019-02-12,3631.46,8.197390050253356,-15.68525643686405,-1.5387146034157053,-0.7585361967681569,-0.7897992433412596,-0.7788401068303983,1.3039716475179168,1,False
2019-02-13,3609.4,8.191296832527197,-15.709174440534687,-1.5332287823872817,-0.7465415460697808,-0.7774282248159153,-0.7607041307133986,1.3281019925806503,1,False
2019-02-14,3590.56,8.186063458175266,-15.733246143560482,-1.5286290175990311,-0.7380723896035841,-0.7639579004674276,-0.7455821110813741,1.3528454323899193,1,False
2019-02-15,3602.47,8.18937500028869,-15.756581958076602,-1.5328850398742082,-0.7439968524934176,-0.7557595887304253,-0.7467889760085652,1.3789563671937803,1,False
2019-02-16,3618.41,8.193789981812257,-15.779075216089792,-1.5382873591966757,-0.7517109839422553,-0.7642967779991395,-0.7544687378843082,1.4061678254576504,1,False
2019-02-17,3667.58,8.207287323003499,-15.799793033712351,-1.5532215848412945,-0.774290536083566,-0.7839194066884017,-0.777012285639181,1.4388142767691678,1,False
2019-02-18,3898.6,8.268372793312045,-15.813822696149453,-0.8349171378188387,-0.8704817065893186,-0.8758586320795374,-0.8727149367548099,1.4695555852368565,1,False
2019-02-19,3907.79,8.270727275792542,-15.827315567232532,-1.3379132267970268,-0.8740950863887789,-0.8795436694346421,-0.8763607433628972,1.4995253906016837,1,False
2019-02-20,3969.74,8.286455880352715,-15.838891813598549,-1.4053924908757762,-0.8969563715262079,-0.9023996779462182,-0.8992044195625799,1.5314326390238935,1,False
2019-02-21,3937.31,8.278253028001375,-15.851046814892428,-1.6326933218688258,-0.8579617219600711,-0.8898520678834949,-0.8798103663912923,1.5653833278430804,1,False
2019-02-22,3962.0,8.284504227258497,-15.862279251793018,-1.6399508271206382,-0.8672390590135138,-0.8973471295304737,-0.8816298554219394,1.595216674120245,1,False
2019-02-23,4117.76,8.323064605170552,-15.869255478011425,-1.3148086914834494,-0.9047379797318621,-0.9490719349249488,-0.9241446317854026,1.6259090015326516,1,False
2019-02-24,3743.56,8.227792309323783,-15.885855410414264,-0.1000571655143081,-0.7687051308001,-0.8156955472391414,-0.783736830567767,1.6555744555834933,1,False
2019-02-25,3827.92,8.250076853712876,-15.899834559415668,-1.1922760304411217,-0.7998509983467021,-0.8291247612878607,-0.8107596443096508,1.6827212860234524,1,False
2019-02-26,3809.23,8.245182347958309,-15.914026795323938,-1.4206189542725958,-0.7930031389524984,-0.8195909393371306,-0.7971717667866592,1.7080540964496715,1,False
2019-02-27,3818.07,8.247500338324015,-15.927684905101602,-1.6131728085609536,-0.7973354850283031,-0.8088951223937151,-0.7987363404654952,1.733075964812481,1,False
2019-02-28,3813.69,8.246352503360416,-15.941171679458586,-1.6127509782841634,-0.7965732990885958,-0.8000964826770737,-0.7978079338740688,1.7564330309538223,1,False
2019-03-01,3823.0,8.248790733696413,-15.954118471070922,-1.6160150304779672,-0.795008178929642,-0.8027830949660423,-0.8004075050766899,1.7803889844587788,1,False
2019-03-02,3819.93,8.247987376825394,-15.966864672745178,-1.6159417059753183,-0.7941117622116791,-0.8017839491912216,-0.7984978443812325,1.8089432198029083,1,False
2019-03-03,3807.75,8.244793742495613,-15.979658528368603,-1.6134179499918082,-0.7904265814118266,-0.7975036145423101,-0.793517798961852,1.8372449171922773,1,False
2019-03-04,3715.3,8.220214707592666,-15.994704129511891,-1.5893490711757403,-0.7526541016836459,-0.7622070077641823,-0.756681549635886,1.864234752655008,1,False
2019-03-05,3857.73,8.257834206568749,-16.005570192417494,-1.3317377654546174,-0.8065793424618916,-0.8152249384785366,-0.8110730778277343,1.8936499017367334,1,False
2019-03-06,3861.84,8.258899032819004,-16.016061456092675,-1.6314989692064576,-0.8087769263644061,-0.8156365164408009,-0.8130365858510004,1.93162930558173,1,False
2019-03-07,3873.64,8.261949912441919,-16.02597668409587,-1.6353689360013648,-0.8137446941152493,-0.8208752507440628,-0.8180997065327,1.9753752412782133,1,False
2019-03-08,3864.89,8.259688500073176,-16.03586792463779,-1.6337874924871054,-0.7943347033119816,-0.8179617697534156,-0.8109962872438606,2.0297782330489658,1,False
2019-03-09,3943.04,8.279707278386152,-16.043442017648967,-1.655298620329787,-0.8195037342913537,-0.8455176181035561,-0.8340602429908385,2.0739401923233207,1,False
2019-03-10,3916.82,8.273035379074066,-16.0514660424521,-1.6492183575835353,-0.8037638748753869,-0.835941886625617,-0.8192914658373691,2.118456245929675,1,False
2019-03-11,3871.61,8.261425720183055,-16.060443957203134,-1.6381439902375086,-0.7889477502082309,-0.818739386100875,-0.8005777244411458,2.154298947161206,1,False
2019-03-12,3882.73,8.264293793448509,-16.068878116009955,-1.641808695403031,-0.794003472729087,-0.8154754200813029,-0.8012473213936474,2.182544594146973,1,False
2019-03-13,3866.0,8.259975659768276,-16.07751218853659,-1.6381219677982009,-0.7891324927607477,-0.8012569366202664,-0.795291249172972,2.2138144245586084,1,False
2019-03-14,3877.12,8.262847888958763,-16.085605120407294,-1.6417851038469375,-0.7941842785713642,-0.8065468954709305,-0.8002903261799489,2.244960462611354,1,False
2019-03-15,3923.76,8.274805656735266,-16.09222776507999,-1.6548287081941047,-0.8116009720052906,-0.8242726585593434,-0.8176396095432924,2.272710736723185,1,False
2019-03-16,4005.98,8.295543523702067,-16.096490550806145,-1.6770307036358476,-0.8402322404782745,-0.8532935828519923,-0.8461905185951887,2.2979122548005213,1,False
2019-03-17,3981.14,8.289323489425428,-16.10118318399304,-1.671401081660728,-0.833258770665413,-0.8467922429418722,-0.8391840340552286,2.3250556892933267,1,False
2019-03-18,3987.81,8.290997487017982,-16.105491076588386,-1.6738160799161583,-0.8364681757491741,-0.8504964072494233,-0.8423475751998215,2.351500029199072,1,False
2019-03-19,4015.53,8.29792462265029,-16.108877859235456,-1.6816251735096819,-0.8464128802917908,-0.8609514775058767,-0.8522384725484434,2.3807071186178144,1,False
2019-03-20,4043.04,8.304752163235163,-16.11136139404048,-1.6893258422778925,-0.8560854277991756,-0.8711349113927678,-0.8634046101152014,2.408478013262843,1,False
2019-03-21,3980.64,8.289197889371003,-16.11524739208949,-1.6742928376818371,-0.8375832957401306,-0.8529923021604723,-0.8449156135481067,2.4300947806352804,1,False
2019-03-22,3986.93,8.290776790166781,-16.118765156246337,-1.6765996538140893,-0.8406495980469656,-0.8564810947063143,-0.8479816692937566,2.4469125331839754,1,False
2019-03-23,4006.01,8.295551012478265,-16.121589680465803,-1.6821783007403663,-0.8477699877688888,-0.8640323708677564,-0.8550992624476916,2.458315768912349,1,False
2019-03-24,3992.18,8.292092726595184,-16.12457165568595,-1.6793444817631855,-0.8444406978759614,-0.8611283566163601,-0.8517740626844296,2.4676255853586353,1,False
2019-03-25,3936.12,8.277950745512278,-16.12880625049996,-1.6657354582017543,-0.8274963178542718,-0.8446178115429598,-0.834841498616307,2.4793487228718325,1,False
2019-03-26,3948.55,8.281103701894056,-16.13250837787373,-1.6696446655548882,-0.8326354031549422,-0.8502130655237575,-0.8399788005057419,2.489433591293885,1,False
2019-03-27,4038.05,8.303517181163631,-16.13370622240075,-1.6515009541259686,-0.8622717247291936,-0.8802818671057328,-0.8695961204274553,2.4911503073599235,1,False
2019-03-28,4027.81,8.300978082914602,-16.134979983622188,-1.6916045769004735,-0.8601799264776211,-0.8786414677177952,-0.8675081115052562,2.4921308619662543,1,False
2019-03-29,4103.25,8.319534621612044,-16.13416501166243,-1.711411678436026,-0.8839011683689009,-0.9025608462777048,-0.8912151024887582,2.4912454401207853,1,False
2019-03-30,4106.97,8.32044080932798,-16.133088385169803,-1.7130040517150256,-0.8859910154292477,-0.9047868887161952,-0.8933066602276147,2.4902355421513476,1,False
2019-03-31,4103.95,8.319705203540522,-16.131920576614338,-1.7129216843395538,-0.8861408990962439,-0.9050324386901752,-0.8934595916124223,2.489207343439837,1,False
2019-04-01,4144.56,8.329551909944524,-16.129576972861425,-1.7236743615260792,-0.8987109176251586,-0.9175854421683883,-0.9060240713246551,2.487478004614392,1,False
2019-04-02,4857.29,8.488235948201774,-16.11080242363873,1.3287142549344795,-1.068839741415573,-1.0866723002080163,-1.0759079443702557,2.472825179623304,2,True
2019-04-03,4932.6,8.503621511386143,-16.090418672688134,0.39558517098489077,-1.0814784927066918,-1.0993423591711917,-1.088466704332301,2.4569446760301714,2,True
2019-04-04,4898.66,8.496716977311392,-16.070724183966625,-0.27126699141566757,-1.0775167463839186,-1.09547598246909,-1.0844778261361832,2.442044135104976,1,False
2019-04-05,5004.95,8.51818270168943,-16.048804626006902,-0.37760399979001447,-1.0941872041826433,-1.112250381737386,-1.1010573042640155,2.4254702489616258,1,False
2019-04-06,5043.89,8.525932888758192,-16.026083863041148,-0.5636215572616636,-1.100503034099517,-1.118766794627676,-1.1073669285777805,2.408488306467665,1,False
2019-04-07,5170.27,8.550680190510203,-16.00082573688318,-0.5449574108266126,-1.1175836361302816,-1.1362158258186814,-1.1245434683906603,2.3894593347679622,1,False
2019-04-08,5236.9,8.563484999195516,-15.974274936744411,-0.614559904050896,-1.126232900323454,-1.1450800824965994,-1.1332793494329065,2.3696188829195686,1,False
2019-04-09,5150.0,8.546751993657782,-15.94946972774396,-0.8949239445142754,-1.1174476424960185,-1.1364254267066851,-1.1262654628960496,2.3519000877026,1,False
2019-04-10,5308.25,8.577017493061904,-15.921579681756503,-0.7914340093488239,-1.1364835974993914,-1.1553147916313289,-1.1453484749268188,2.3317962042549367,1,False
2019-04-11,5017.37,8.520661171017451,-15.899505998811119,-0.9048160342784171,-1.1052584436430979,-1.124281121397205,-1.1141946790090307,2.317312056634832,1,False
2019-04-12,5048.01,8.526749385201654,-15.876804809144282,-1.336115126889776,-1.110270647397373,-1.1292874096845,-1.1192746300309178,2.30257665846893,1,False
2019-04-13,5045.22,8.526196539369138,-15.854161592445461,-1.4107267781845725,-1.1108526270348191,-1.1299206115187985,-1.1199258818619273,2.2881681143935193,1,False
2019-04-14,5131.3,8.543114317367637,-15.82978639071773,-1.3704635382464343,-1.1227644028541728,-1.1418698177329483,-1.1318980353015644,2.2726013410303842,1,False
2019-04-15,5024.95,8.522170782629017,-15.807571143010323,-1.5497003852002704,-1.110575184238782,-1.1298380872160159,-1.1197812330983645,2.2590819790888723,1,False
2019-04-16,5173.72,8.551347244544077,-15.782365881125667,-1.4366598876130843,-1.130448557429018,-1.1497971527885702,-1.1397075420397562,2.2434097549168905,1,False
2019-04-17,5202.82,8.556956065266151,-15.756607819775256,-1.4549117139700665,-1.1347442740753548,-1.154264857395504,-1.1440638498031372,2.227595401371202,1,False
2019-04-18,5258.44,8.56758968379705,-15.729787092990916,-1.4448126935854781,-1.1418419991846525,-1.1615604800522112,-1.1512180555843123,2.211232744427891,1,False
2019-04-19,5258.68,8.56763532366805,-15.7029964191333,-1.4878694038010702,-1.14286158493044,-1.1628167826004527,-1.1522973346852363,2.195222422342051,1,False
2019-04-20,5291.73,8.573900503525097,-15.675599193661075,-1.4970491301841948,-1.1473066077977232,-1.1675230067644402,-1.1567987057811315,2.1790487364204822,1,False
2019-04-21,5256.14,8.567152196034975,-15.6489323830322,-1.5596640480904802,-1.144645155336701,-1.1651493291334865,-1.1541984652969748,2.1637631255468777,1,False
2019-04-22,5357.14,8.586185529569713,-15.620352301265902,-1.507561710493236,-1.1559797008181667,-1.1768024835233857,-1.1655813489950408,2.1472954887374662,1,False
2019-04-23,5493.31,8.611286267213517,-15.58925396994954,-1.4314916186086502,-1.1693922166148556,-1.1905601710440246,-1.1790330637361761,2.1291864541534133,1,False
2019-04-24,5415.0,8.596928159435091,-15.559694284006445,-1.5200267104908656,-1.1638836864667943,-1.1853936400230056,-1.1735813246046185,2.1126564449485987,1,False
2019-04-25,5219.9,8.560233523605062,-15.533944824809891,-1.3295132033284978,-1.1464837529215057,-1.168310761663497,-1.1562460866194049,2.0992369785006155,1,False
2019-04-26,5314.1,8.578118944358732,-15.506395205403395,-1.6484374850273973,-1.1574370901952746,-1.1797054705688197,-1.1672496041042335,2.0847786878506365,1,False
2019-04-27,5295.69,8.574648561160418,-15.479243002800514,-1.685420860591326,-1.1566123635127101,-1.1793081409150412,-1.1664829814323443,2.0708640641495695,1,False
2019-04-28,5307.52,8.576879961822785,-15.451902581825944,-1.6988947657132638,-1.1587940448491114,-1.1819549625834798,-1.1687206017924032,2.0570666543146605,1,False
2019-04-29,5238.14,8.563721752469164,-15.425948260288356,-1.7705764249274054,-1.1527730645463519,-1.17638029939171,-1.1644638678270092,2.0444475922697514,1,False
2019-04-30,5320.81,8.579380826385075,-15.398425171588203,-1.7314185132608861,-1.1623341180613045,-1.1863415269144275,-1.1741001744139532,2.0309939372357735,1,False
2019-05-01,5383.2,8.591038271874108,-15.369754783190963,-1.7078804904222722,-1.169304592917338,-1.1936739667259921,-1.1811419266152705,2.0170045143578412,1,False
2019-05-02,5492.87,8.611206166577947,-15.339077466820836,-1.6535806607651509,-1.1799734162179591,-1.204677135183936,-1.191874859691207,2.0019077414203195,1,False
2019-05-03,5772.69,8.660893455368655,-15.303396079280262,-1.0353821591090222,-1.2015065991714207,-1.2264898634445618,-1.2134427271198627,1.9835968091617124,1,False
2019-05-04,5829.45,8.670677935271634,-15.266826391223901,-1.3597886171956122,-1.205688743618624,-1.2308993798030092,-1.2176709817766698,1.965047624199008,1,False
2019-05-05,5775.62,8.661400888934756,-15.231321243707463,-1.5344477648234522,-1.2039605347103466,-1.2293828209309499,-1.215993757225307,1.9476454356346304,1,False
2019-05-06,5747.79,8.656570712084752,-15.196418210883014,-1.5710651727968643,-1.2034828572662992,-1.2291178071491675,-1.2155680572842487,1.9310112675566675,1,False
2019-05-07,5846.34,8.673571103405246,-15.159887218291198,-1.5313284578366353,-1.2100288811799538,-1.2358577665188828,-1.2221570950316787,1.9136210794446036,1,False
2019-05-08,5987.29,8.697394168035203,-15.121047921065003,-1.4690952980074308,-1.2177076730945293,-1.2436968950205456,-1.2298680081871023,1.8950372406739404,1,False
2019-05-09,6209.18,8.733784121120237,-15.078642047901099,-1.329154756124962,-1.226514504514439,-1.252616676515185,-1.238686039696684,1.8744191580112275,1,False
2019-05-10,6373.33,8.759877374924594,-15.033752041902744,-1.2697800119919698,-1.2310398338331945,-1.257241801813552,-1.243219216230028,1.8525697107052659,1,False
2019-05-11,7076.22,8.864495145808231,-14.978418236990233,0.19294084048324178,-1.234330153148739,-1.2602748827184664,-1.2463733285501775,1.8236705548199266,2,True
2019-05-12,6967.31,8.84898448951891,-14.924960764200302,-0.7377376393049986,-1.237903989475814,-1.2639673821664001,-1.2499522144200306,1.7970863029658457,1,False
2019-05-13,7790.71,8.960687277201941,-14.860453796430011,0.34273727806638865,-1.2172853251553357,-1.242512640552445,-1.2291267178076453,1.7630418679952595,2,True
2019-05-14,7947.56,8.980620242300342,-14.794338790622398,0.04831305160675292,-1.210267384470893,-1.2352825082625973,-1.2220414564631117,1.729064434360439,2,True
2019-05-15,8169.87,9.008208275854749,-14.725867692271553,0.06051595386057995,-1.1987163284992997,-1.223428287176898,-1.2104028476283992,1.6946250936912886,2,True
2019-05-16,7866.59,8.970379956535389,-14.661675101554344,-0.4009729865629805,-1.2180162838016908,-1.2428453511278703,-1.2296942593928084,1.6645612608691924,1,False
2019-05-17,7355.26,8.903170982512709,-14.604656953806384,-0.6460980809889179,-1.2442830911422804,-1.2694114796761355,-1.255976830839101,1.6402967977751757,1,False
2019-05-18,7257.45,8.88978380645032,-14.549309940212327,-0.8629432906367849,-1.248689620779541,-1.2738990390452636,-1.260376801456439,1.617740244146488,1,False
2019-05-19,8148.48,9.005586685773563,-14.482646253113405,0.4254954308604759,-1.216434650387456,-1.2405249147184514,-1.2292902951513822,1.5889711017672945,2,True
2019-05-20,7938.15,8.979435529611942,-14.419046224603438,-0.7503759356706166,-1.2299660581222274,-1.2542040333913125,-1.242808590333022,1.5630409542271055,1,False
2019-05-21,7904.87,8.975234304220555,-14.356272248297973,-0.8234769688388095,-1.2328098605738818,-1.2570684772612362,-1.2456084641220988,1.538373830648159,1,False
2019-05-22,7628.43,8.939637336395275,-14.297448328437097,-1.0008775279119184,-1.2481042336761434,-1.2725574953184189,-1.260912622161151,1.5166197871086486,1,False
2019-05-23,7851.51,8.968461148966176,-14.236102303951194,-0.9355676755101499,-1.2390212905311657,-1.2633249212474398,-1.2517311058379967,1.4940868024284941,1,False
2019-05-24,7964.87,8.9827959008048,-14.173711212892796,-0.9126323226931845,-1.2341680081678803,-1.2584163509340018,-1.246800105718722,1.471636460419939,1,False
2019-05-25,8025.41,8.990368037035829,-14.110962837243271,-0.9092069805557483,-1.2318598253426758,-1.2560965696674788,-1.2444232677416898,1.44958987702296,1,False
2019-05-26,8614.43,9.061193983105097,-14.041592271998235,-0.569090072482116,-1.1978984166883075,-1.2218158078354278,-1.2102214504377384,1.4246459106314509,1,False
2019-05-27,8756.32,9.077531004343156,-13.971092386666774,-0.65475843371317,-1.18854616201779,-1.2124366129736794,-1.2007487791740572,1.3998406059107227,1,False
2019-05-28,8715.64,9.072874391861342,-13.90155565896823,-0.7162224804653343,-1.1925033779796899,-1.2164444453955578,-1.2046285934644754,1.3762499655818337,1,False
2019-05-29,8645.68,9.06481505320792,-13.833304040517923,-0.775377632065887,-1.1985870254071946,-1.2225956738529886,-1.2106440739656645,1.3539456869229112,1,False
2019-05-30,8269.54,9.020334163737967,-13.769898216764142,-0.9178450197106258,-1.2262515466932562,-1.2482659302632093,-1.2372766061452134,1.3344808017293839,1,False
2019-05-31,8555.0,9.054271186326293,-13.703577839012544,-0.8421335317593592,-1.0272910649844698,-1.2290198331841162,-1.1946050641973587,1.314154388883677,0,False
2019-06-01,8544.07,9.05299275405031,-13.637834423407627,-0.8624408983077374,-1.0294069270576323,-1.2277863598969156,-1.1809877048807655,1.2945735766620408,0,False
2019-06-02,8725.98,9.074060061680012,-13.570478647298083,-0.8221675292316779,-1.0013172573821716,-1.214110080752135,-1.1458286448085075,1.2747489621546295,0,False
2019-06-03,8115.82,9.00157052228675,-13.51065578940066,-0.5278103523083062,-1.0996220473643474,-1.2587600350147925,-1.2038954867889478,1.2585009210615874,0,False
2019-06-04,7687.03,8.947289772034374,-13.45648958895595,-0.30188229883047724,-1.1590593474651711,-1.283683950659217,-1.24419922369113,1.2447281692450518,0,False
2019-06-05,7776.5,8.958861644484616,-13.401510843537782,-0.9030811218051169,-1.1489543837273228,-1.2808129690048566,-1.237936662955307,1.2308826142544413,0,False
2019-06-06,7786.7,8.960172429086809,-13.346726401824553,-1.1750846436751765,-1.1483696927019775,-1.2794513123044111,-1.2342123749448903,1.2173353116805414,0,False
2019-06-07,7980.53,8.984760104278507,-13.289879037267838,-1.141612645803568,-1.1246781721821808,-1.270937585519618,-1.2170025625656598,1.203265522320646,0,False
2019-06-08,7893.62,8.973810117237933,-13.234434964759883,-1.1835260357553172,-1.1367886265575402,-1.2766204740589442,-1.231246208177522,1.1899268009303199,0,False
2019-06-09,7628.13,8.93959800905018,-13.182626106958434,-1.2856111401535495,-1.171196826306561,-1.2908789237617908,-1.255610394452908,1.1780348554553686,0,False
2019-06-10,7982.75,8.985038242607763,-13.126721760060464,-1.128484550684292,-1.1298891059623517,-1.276069252353952,-1.2271569982148884,1.1649361693567888,0,False
2019-06-11,7884.9,8.972704817008538,-13.072341490319868,-1.2266768966818802,-1.1433607537394426,-1.2823635359586525,-1.2369679917835719,1.152549098975895,0,False
2019-06-12,8127.64,9.003025877498791,-13.015361746996273,-1.1625964349521514,-1.112748511377186,-1.2687123000825724,-1.2153123442194846,1.1394849062739145,0,False
2019-06-13,8218.54,9.014147856702936,-12.957661562831207,-1.147023751680563,-1.1007875988206757,-1.2638923154216468,-1.2061133089972713,1.1353783526985315,0,False
2019-06-14,8650.0,9.065314599925925,-12.895408245826632,-0.998608369017363,-1.0401540809605574,-1.2275673999056997,-1.1525012409157402,1.1440878455797003,0,False
2019-06-15,8808.7,9.083495148450865,-12.83182513264471,-1.0007308704921345,-1.0159124642521546,-1.216894459530549,-1.128946307309929,1.1528876175700622,0,False
2019-06-16,8953.33,9.09978080910823,-12.767114052631912,-0.9733711374805036,-0.9931846227974316,-1.203221818991156,-1.1062232163024786,1.1617527248939028,0,False
2019-06-17,9313.96,9.139269628922836,-12.699079182315964,-0.890084578719633,-0.9346990671929868,-1.1571813133741444,-1.0461898244135732,1.1707580669107436,0,False
2019-06-18,9081.55,9.11400016187274,-12.633938787247983,-0.965509250684494,-0.9750010161779757,-1.1896859374788098,-1.0864504894040286,1.1796354653918175,0,False
2019-06-19,9255.49,9.132972167960498,-12.567447581529128,-0.9320595207147524,-0.9465190279437461,-1.1697383903402732,-1.056979863947194,1.1885760543400294,0,False
2019-06-20,9517.12,9.160847561008296,-12.498783767592661,-0.8776335997379867,-0.9025256271314924,-1.1401758446385502,-1.0117083473719404,1.1975842269960655,0,False
2019-06-21,10159.86,9.226199941509975,-12.424438473781493,-0.6776977218541262,-0.791341368895165,-1.038793027145635,-0.8979527931537813,1.2065267211081099,0,False
2019-06-22,10729.5,9.280752236216548,-12.345529345194707,-0.39808340770456874,-0.6867067870642081,-0.9316034309064523,-0.790920133480258,1.215113936176581,0,False
2019-06-23,10906.07,9.297074793950646,-12.265739175551886,-0.5452445198517717,-0.6530311897264672,-0.8986675479959134,-0.7559499732547739,1.2235972753934545,0,False
2019-06-24,11056.59,9.310781909272464,-12.185333702724943,-0.5498660717392472,-0.6242361117129639,-0.8690622875935302,-0.7259105216807489,1.2320008489767988,0,False
2019-06-25,11820.86,9.377621046350576,-12.099365065022345,-0.25697398075168154,-0.47791956259528867,-0.7087027362184639,-0.5765182040033113,1.2393865382296416,0,False
2019-06-26,13093.8,9.479894114713009,-12.004656556757729,0.3866062675801545,-0.2319250640863534,-0.43690721654001297,-0.32581114781048115,1.2439496079116894,1,False
2019-06-27,11329.99,9.33520847140913,-11.924297903269629,1.0707035099750732,-0.6205405500872297,-0.8590688120388612,-0.7161393640898037,1.2524085826609024,1,False
2019-06-28,12400.63,9.425502556754138,-11.836288342871146,-0.14253462648182014,-0.42267831001595874,-0.6399369782636003,-0.5259227438743159,1.2593396102741583,0,False
2019-06-29,11903.13,9.384556669724638,-11.752864215815563,-0.5147964376667287,-0.5243190507481983,-0.749542253263947,-0.6282209089201574,1.2673315323571201,0,False
2019-06-30,10854.1,9.292298167774202,-11.678632567682923,-0.1034737443420104,-0.7338134183040841,-0.9751137574205254,-0.8400004498724406,1.2762866775242852,0,False
2019-07-01,10624.93,9.270958405535621,-11.606944058989566,-0.41185928122519044,-0.775945584520729,-0.9604542693386026,-0.8758068384734073,1.285276804732478,0,False
2019-07-02,10842.85,9.291261155566662,-11.533962997426034,-0.7703276060423474,-0.7377926871179319,-0.9035681848643444,-0.8349596944423698,1.2942585610758595,0,False
2019-07-03,11940.0,9.387649386946594,-11.452799857425509,-0.015165111363042438,-0.5470191872954829,-0.6940094425631209,-0.6247069459848777,1.302562847800291,0,False
2019-07-04,11145.67,9.318806360657272,-11.378578225022663,-0.6252013153409071,-0.7009052790972581,-0.8493016015841185,-0.7851046098981326,1.3115120001955771,0,False
2019-07-05,10970.73,9.30298609617831,-11.306383539300061,-0.7898174234797097,-0.732988401067256,-0.8796892952615657,-0.8147601386907547,1.3205020160441463,0,False
2019-07-06,11256.49,9.328700130185029,-11.232442359376538,-0.7451121899204165,-0.6831050117516726,-0.8223733380753165,-0.7581204485446964,1.3294578938416746,0,False
2019-07-07,11406.24,9.341915853052189,-11.157910512350764,-0.727561757372321,-0.580075223942354,-0.782585325942562,-0.7100293421218997,1.338389102342666,0,False
2019-07-08,12238.6,9.412350170439563,-11.077676941322201,-0.5888885054600896,-0.404022346000733,-0.6111377128590489,-0.5321947529025267,1.3467567965755594,0,False
2019-07-09,12543.41,9.43695070704526,-10.995945036851598,-0.5490627078314505,-0.33769287879452087,-0.5334896392809136,-0.4529189030493494,1.3548594767947446,0,False
2019-07-10,12108.37,9.40165222798327,-10.918076672374314,-0.6374998613640517,-0.382090613456137,-0.6111018271821922,-0.5234548718514385,1.3635303025695784,0,False
2019-07-11,11342.89,9.33634639490116,-10.84666044850379,-0.702158857947814,-0.5547743263509711,-0.7638167187730571,-0.6657430368455391,1.372528131929517,0,False
2019-07-12,11757.22,9.372222798949197,-10.772637288926198,-0.7267481484228662,-0.4688849813288226,-0.6643724092958315,-0.5774331784874724,1.3814802786792824,0,False
2019-07-13,11355.76,9.337480383167348,-10.702282529364208,-0.8117946604708517,-0.5562132583861892,-0.7314479475226123,-0.6564709603354966,1.3904721261931379,0,False
2019-07-14,10174.18,9.227608417382683,-10.642144040956742,0.2751739452321851,-0.8089479651820923,-0.9536342132785661,-0.8931431386240143,1.398485713477361,1,False
2019-07-15,10838.72,9.290880186840694,-10.576872075858017,-0.7521382526316631,-0.6844846675834457,-0.8310494341872435,-0.7724683496194,1.4071893081166436,0,False
2019-07-16,9439.59,9.152667825992951,-10.524193398860106,0.879488216312263,-0.967584812027025,-1.0857519473397346,-1.0388197852040761,1.413666789919154,1,False
2019-07-17,9667.92,9.17656846706841,-10.469763276718496,-0.5310956481274012,-0.9284863151011081,-1.0438724793828482,-0.9994993867010874,1.420567676646959,0,False
2019-07-18,10627.16,9.271168267248816,-10.407428369071928,-0.07857807552934393,-0.7629325887940548,-0.8961311622191013,-0.8402658106545567,1.4289571024703636,0,False
2019-07-19,10504.29,9.259539024131607,-10.346557992768547,-1.0184197822286138,-0.7861838616910245,-0.9105644808435812,-0.8533666768113424,1.4371409640787247,0,False
2019-07-20,10740.23,9.281751783103571,-10.28418845132657,-1.0266738912619733,-0.7162316666249338,-0.8546419368619874,-0.7969131410626208,1.4455596274733535,0,False
2019-07-21,10589.45,9.267613501458262,-10.223499356624407,-1.0640768803701135,-0.7455075614345414,-0.8696574207367574,-0.8152306103724328,1.4537382327158026,0,False
2019-07-22,10340.31,9.24380512827065,-10.165306867768042,-1.1208966950611519,-0.7032737395899846,-0.9080674387488356,-0.8440237690464715,1.4614808488908675,0,False
2019-07-23,9864.91,9.196739295252403,-10.111591174143815,-1.1143839513257054,-0.7730146170278146,-0.9817915720053718,-0.9129971727815964,1.4682290706147727,0,False
2019-07-24,9763.28,9.186383688523522,-10.059125523222672,-1.2535006882558068,-0.7918009362741993,-0.9933787582499958,-0.913929612818436,1.4746617506101172,0,False
2019-07-25,9879.87,9.19825463276061,-10.005978280001255,-1.2375041035988252,-0.7673567832856891,-0.9634781366145153,-0.8765875299766263,1.4812815580089176,0,False
2019-07-26,9824.0,9.192583650386924,-9.95367004234085,-1.2563484968815333,-0.7778853943316301,-0.9671709093460243,-0.871756937723311,1.487686434921545,0,False
2019-07-27,9476.52,9.156572439247956,-9.904802365824551,-1.2867661650049944,-0.8402291831531535,-1.0209325703048915,-0.9206863112038773,1.4930994465430862,0,False
2019-07-28,9541.54,9.163410176991146,-9.855654786064468,-1.3294686339279076,-0.8127201123508703,-1.0038231347747475,-0.8938026120246071,1.4986030278053377,0,False
2019-07-29,9507.64,9.159850964910934,-9.80712369280866,-1.343532545540834,-0.8165048809908542,-0.9985693259098632,-0.8838860103777745,1.503919450729355,0,False
2019-07-30,9574.21,9.166828304117582,-9.758299791813155,-1.3368483207732107,-0.7951053995808356,-0.9686421722143089,-0.8577561223153484,1.5093326315274773,0,False
2019-07-31,10080.53,9.218361119608193,-9.705371792550602,-1.0118790682249985,-0.7098339190072154,-0.8703692392936079,-0.7604324184270282,1.5159540266617415,0,False
2019-08-01,10374.99,9.247153381243013,-9.650332895990738,-1.051520485642586,-0.657925089992769,-0.8092735346853696,-0.6971388573670438,1.523130180827015,0,False
2019-08-02,10523.75,9.261389886651873,-9.594452883784285,-1.1762858029936356,-0.6314962669435458,-0.7535908806518866,-0.6590638127305707,1.5305207438023671,0,False
2019-08-03,10816.86,9.288861306956166,-9.536615428171478,-1.1033160418990922,-0.5784192697210377,-0.6449323293985355,-0.6004556491497327,1.5383571724082894,0,False
2019-08-04,10929.23,9.299196130381574,-9.478305442619765,-1.1184848428778167,-0.5583286942321471,-0.6109906935910305,-0.5765095549986615,1.5463050561404483,0,False
2019-08-05,11828.8,9.378292514802835,-9.413689904905338,-0.4046429966814509,-0.3937736004610553,-0.4473813487121416,-0.41197357093116577,1.5551752199440845,0,False
2019-08-06,11481.69,9.348508871582409,-9.352089069083037,-1.0436084225029494,-0.46460501901221335,-0.5177271634172013,-0.4824341009575353,1.5637193346368896,0,False
2019-08-07,11975.03,9.390578927495184,-9.287383274981602,-0.843228918331079,-0.37244111030547,-0.4260939001959141,-0.3929552753947805,1.5726247498745733,0,False
2019-08-08,11999.77,9.392642761919788,-9.22299643365559,-0.9492088189333943,-0.3694567753453498,-0.42321526616988786,-0.3897193415113929,1.581518409813089,0,False
2019-08-09,11879.99,9.38261075116544,-9.159944208703383,-1.0024429866581492,-0.39480894291559426,-0.4485045002091204,-0.41476172178448667,1.5902963031940622,0,False
2019-08-10,11309.31,9.333381559291546,-9.101502491326348,-1.0598502930383809,-0.5087377383146796,-0.560817254023818,-0.5281768037231394,1.5983584535044597,0,False
2019-08-11,11549.97,9.35443811854397,-9.04171346069356,-1.0719625079524522,-0.46538348676060165,-0.5172647036203553,-0.48468697700190577,1.6066972717367212,0,False
2019-08-12,11396.08,9.341024715600179,-8.983482763225492,-1.104229654989962,-0.49597933611597417,-0.5475049731803072,-0.5149901069404274,1.6147534814622115,0,False
2019-08-13,10892.71,9.295849037126386,-8.929445246505672,-1.1480095690939893,-0.592263955144605,-0.6435018653975378,-0.610834679251259,1.6217913338860033,0,False
2019-08-14,10050.37,9.21536472872993,-8.88249532093,-0.3430930761672284,-0.7470873389854589,-0.7982789700762047,-0.76507316945116,1.626447284790625,0,False
2019-08-15,10293.93,9.239309680111864,-8.833849973180728,-1.0927428218488746,-0.7076739969554509,-0.7587327467161122,-0.7255796994491674,1.6317543140341704,0,False
2019-08-16,10331.54,9.242956631350813,-8.785218255802965,-1.3182276447568484,-0.7021406155088469,-0.7531042234750438,-0.719892265832459,1.6370688435217193,0,False
2019-08-17,10216.02,9.23171235542385,-8.73783899423823,-1.3450690830413792,-0.722568843111693,-0.7735482824354987,-0.7401116170829375,1.6419217934353132,0,False
2019-08-18,10306.78,9.240557210091808,-8.69003100853964,-1.3348567472453412,-0.7082564464486197,-0.7590213167052253,-0.7256680529655123,1.646952300846224,0,False
2019-08-19,10915.54,9.297942740962302,-8.637773282018772,-0.8778697942274145,-0.6083431138620736,-0.6579346446084283,-0.6257592769692307,1.6535633288581888,0,False
2019-08-20,10760.51,9.283638230362053,-8.587055970385954,-1.2702380636111854,-0.6365920231309873,-0.686115528812928,-0.6538276190887025,1.6596809239765988,0,False
2019-08-21,10142.57,9.224496696708252,-8.541570996497017,-0.8389288594704867,-0.7455584262481457,-0.7957492975289732,-0.7623796388186506,1.6638005879170736,0,False
2019-08-22,10099.88,9.22027882157065,-8.496724317963231,-1.310800801003852,-0.753219256248238,-0.8033778447697305,-0.7699467264194296,1.6676601926210501,0,False
2019-08-23,10389.55,9.248555772279488,-8.449827785613623,-1.3540727086263238,-0.7073522583825861,-0.7567528358201776,-0.7241346316281216,1.6723911739642632,0,False
2019-08-24,10134.35,9.223685922640959,-8.40528562076538,-1.4048676274499137,-0.7505795478226533,-0.8002909193446776,-0.7671610973640597,1.6761401257639763,0,False
2019-08-25,10142.69,9.224508527959122,-8.360957964145019,-1.4088980593172344,-0.7499457882314358,-0.7994433091790286,-0.7664592613799892,1.6798073884582474,0,False
2019-08-26,10372.25,9.24688924972326,-8.315069480302547,-1.3745744676398117,-0.7139030263877842,-0.7625564897981695,-0.7304435762340626,1.6841652594503371,0,False
2019-08-27,10185.05,9.228676237829022,-8.270973423590512,-1.4127830295674701,-0.7454434819706569,-0.7942875134535218,-0.7641403279803874,1.6877532185530613,0,False
2019-08-28,9721.0,9.18204377282107,-8.230985575231944,-1.1117516674147547,-0.8210513187085129,-0.8708039904356364,-0.8395255982781961,1.6894001780439938,0,False
2019-08-29,9498.44,9.158882853578293,-8.1931414136282,-1.2069017985992065,-0.8554683468438463,-0.905513028568877,-0.8738029016000324,1.6899688372239108,0,False
2019-08-30,9584.54,9.167906662674483,-8.154783416531203,-1.5378475679520682,-0.8435331971715883,-0.8931806254984288,-0.8618049568828575,1.690826647561196,0,False
2019-08-31,9587.47,9.1682123165963,-8.116630853472664,-1.5422518427731189,-0.8437649507528986,-0.8932210941143712,-0.861954976497775,1.691598803207977,0,False
2019-09-01,9724.98,9.182453111929263,-8.077541643453904,-1.522176897472993,-0.8241580735496742,-0.8731887948341728,-0.8422924055782881,1.6928746972763058,0,False
2019-09-02,10340.0,9.24377514806242,-8.033673875604748,-0.7838335630073294,-0.7333492800471052,-0.7809823855480627,-0.7514834307233713,1.6964796449285937,0,False
2019-09-03,10615.28,9.27004975155678,-7.987938246929317,-0.925430421719563,-0.6902737589348245,-0.7352279192550378,-0.7083493818646603,1.7009250226666213,0,False
2019-09-04,10567.02,9.265493109124012,-7.942871081761794,-1.3219927738129507,-0.6989774348530472,-0.7437225447800853,-0.7169322774901185,1.7050950473769244,0,False
2019-09-05,10564.49,9.265253656286797,-7.898114181215654,-1.3996972733560222,-0.700182015940754,-0.7444015922604564,-0.7180270632832995,1.7091428607417682,0,False
2019-09-06,10298.73,9.239775865644663,-7.855720602047906,-1.4493893154862663,-0.7441879688947474,-0.7899928789714774,-0.7618698747183407,1.7121080619766966,0,False
2019-09-07,10455.88,9.254919778574084,-7.812362173612678,-1.4281993661728636,-0.7202714531235933,-0.7642992616756823,-0.7378798480159923,1.7155484868791746,0,False
2019-09-08,10381.18,9.247749830412923,-7.769862873071675,-1.445560876754804,-0.7329554487349091,-0.775013586457068,-0.7496878840561652,1.7185956352193459,0,False
2019-09-09,10303.12,9.24020204097032,-7.728245541313462,-1.463474079345167,-0.7418037625392819,-0.7844942961963096,-0.75944221302555,1.7212274488174153,0,False
2019-09-10,10098.15,9.220107517735155,-7.688520219738605,-1.501628578675791,-0.7770913552620852,-0.8126231629827463,-0.7914594228627315,1.7229135644054805,0,False
2019-09-11,10158.33,9.226049337543492,-7.648558944298635,-1.496105023670366,-0.7672348727550579,-0.8022214773485551,-0.7816678795701755,1.7247424151359603,0,False
2019-09-12,10415.01,9.251003313848235,-7.606824417176372,-1.459808049092296,-0.7246381951606604,-0.7617679663941935,-0.7422834740387242,1.7274920984580528,0,False
2019-09-13,10342.06,9.243974354525104,-7.565922268912839,-1.4762672415246048,-0.7373339659325739,-0.7728322219947247,-0.7544730068630567,1.7298406076183768,0,False
2019-09-14,10335.02,9.243293407285742,-7.525331861147604,-1.480759088422599,-0.7224468636230766,-0.7737218260940713,-0.7524672933861453,1.7320482232417114,0,False
2019-09-15,10302.01,9.240094300810362,-7.485254214022255,-1.4890260250802099,-0.6762775199238019,-0.7785649007171686,-0.7509382791712602,1.734009239824239,0,False
2019-09-16,10251.31,9.235160781278255,-7.445825047868791,-1.4998724532450132,-0.6854069916746505,-0.7848541115322067,-0.7549597101658627,1.7356486691178026,0,False
2019-09-17,10187.82,9.228948168098746,-7.4071420315968295,-1.5126018362584617,-0.6904659576390957,-0.7853913419496148,-0.758571639351581,1.7369090973485062,0,False
2019-09-18,10156.99,9.225917417396337,-7.3689424423497645,-1.520487718438807,-0.6849075115280124,-0.788736879732177,-0.7569543178541406,1.7379291582371053,0,False
2019-09-19,10244.29,9.234475756172914,-7.330289215343202,-1.5110085976206875,-0.6705134850399187,-0.7744459395267151,-0.7368832916053322,1.7392207293472257,0,False
2019-09-20,10168.59,9.22705883636292,-7.292472245281027,-1.5254336400435873,-0.6645784232918444,-0.7855351463326103,-0.741342838509638,1.7400769465318437,0,False
2019-09-21,9986.39,9.208978444974488,-7.256341809904366,-1.555870636253597,-0.6954695891067153,-0.812029995169369,-0.7643786058045293,1.740007902391765,0,False
2019-09-22,10028.87,9.213223212595182,-7.22008998009291,-1.5527486472112562,-0.6893336429236981,-0.8057591825447467,-0.7515704202287993,1.7400391518975273,0,False
2019-09-23,9702.25,9.180113096356086,-7.1867172703231486,-1.400768312385225,-0.7430635075357733,-0.85192389150669,-0.7974386861996923,1.7384109477146488,0,False
2019-09-24,8493.14,9.047014057807576,-7.164223006131701,0.8306579865309693,-0.9305712974334055,-1.0198639787779407,-0.9741823960883759,1.7298457525342117,1,False
2019-09-25,8430.05,9.039557982176413,-7.142449015276396,-0.07747871483105584,-0.9389358657246274,-1.0255467294889373,-0.9786646705428121,1.7209688517276034,0,False
2019-09-26,8063.73,8.995131507607754,-7.124355618035906,0.0018406978300942178,-0.9828642308009107,-1.0639603083160032,-1.0184877642315775,1.7098087809704818,1,False
2019-09-27,8177.91,9.0091918957283,-7.1052288497227,-0.4495854421963701,-0.9714535580015475,-1.053109733577454,-1.003022790491746,1.6995795120708221,0,False
2019-09-28,8198.81,9.011744300769916,-7.085998183150126,-0.6859798211794936,-0.9698959352670601,-1.0507857173774013,-0.9979028025054703,1.6896337742729988,0,False
2019-09-29,8043.82,8.992659373715274,-7.068398885283502,-0.6903942843506399,-0.9876910241276264,-1.052447553070624,-1.0122892903020335,1.6788392733868454,0,False
2019-09-30,8289.34,9.022725630967216,-7.048481152779225,-1.0746827136275876,-0.9624446672810908,-1.0016745013036823,-0.9863623687812866,1.6697548855363444,0,False
2019-10-01,8292.44,9.023099535341307,-7.028639529420003,-1.1855921177939002,-0.9628207628634863,-1.000165126929554,-0.9856220218255101,1.6608040566555526,0,False
2019-10-02,8359.94,9.0312065290195,-7.008254082726416,-1.3353704134343056,-0.9558685887781071,-0.9898469202998695,-0.9770791810675292,1.6523670446755159,0,False
2019-10-03,8223.96,9.014807123869888,-6.989291554799222,-1.3018393953519392,-0.9290895124018173,-1.0044645128658438,-0.9883851616454715,1.6432200021036685,0,False
2019-10-04,8137.13,9.004192816973116,-6.97127948769603,-1.305798012872834,-0.9396865275286224,-1.0137893961742972,-0.9939530350785397,1.6336755541496792,0,False
2019-10-05,8126.19,9.002847458011956,-6.953469675668066,-1.3647605578484316,-0.9296046283480893,-1.0137344306860128,-0.9902241063256257,1.6242021731432987,0,False
2019-10-06,7854.25,8.968810065545545,-6.938478430535577,-1.2213538293365367,-0.954339593457957,-1.0420937982535108,-1.0156637757875013,1.6132303329642221,0,False
2019-10-07,8190.09,9.010680165797725,-6.920211359938702,-1.2029699213496574,-0.9217798645176067,-1.0087814666045287,-0.9779709834606318,1.6044291435766547,0,False
2019-10-08,8168.39,9.008027106011196,-6.902253019143175,-1.5606377357902999,-0.9198061640624227,-1.0082713140560917,-0.9753406604978114,1.5956198740792427,0,False
2019-10-09,8560.74,9.054941913997453,-6.880634539675144,-1.088903044023061,-0.8769639467823442,-0.9646550542362247,-0.9272807899254976,1.5890659885401266,0,False
2019-10-10,8558.03,9.054625302462556,-6.859159149849112,-1.4804012945627527,-0.8768349805995577,-0.9649455595798291,-0.9227959277316738,1.582547225563204,0,False
2019-10-11,8258.5,9.018998251961145,-6.840650712752584,-1.3422497579947714,-0.9142239481856274,-1.000980493386906,-0.9544994111510919,1.574482695120091,0,False
2019-10-12,8300.09,9.024021637099395,-6.82183884127174,-1.7921813372964894,-0.9104671418855307,-0.9949944093018434,-0.9454908925719441,1.5667377048921138,0,False
2019-10-13,8275.01,9.020995408703747,-6.803369308025912,-1.8061023732201862,-0.9142344192094733,-0.9972235370149424,-0.9441314880401463,1.5589459714646599,0,False
2019-10-14,8348.2,9.029801225744318,-6.784294013694136,-1.8724259233567644,-0.9068953195634758,-0.9888857299332738,-0.9316150043093007,1.551627743033258,0,False
2019-10-15,8159.29,9.006912434368658,-6.767150651671378,-1.627977608004188,-0.9133667403244394,-1.008910247259951,-0.9478512174701386,1.5433936130630723,0,False
2019-10-16,7991.74,8.986163787266662,-6.751756084899048,-1.6036650267505852,-0.9295980975776836,-1.0250911847928412,-0.9605732129130058,1.5343694438586608,0,False
2019-10-17,8070.58,8.995980629809022,-6.73565678724002,-1.797680001474233,-0.9217919986242945,-1.0118575964535657,-0.9475182546781437,1.5258967285278504,0,False
2019-10-18,7947.01,8.980551036275866,-6.720874666196167,-1.7562684030879365,-0.9334842436698464,-1.0037159607323403,-0.9558755415276472,1.516887388092416,0,False
2019-10-19,7948.01,8.980676861849075,-6.706158835343655,-1.78004897942108,-0.9343852621082938,-0.9805321252523749,-0.9537819293275387,1.5080175079640366,0,False
2019-10-20,8223.35,9.01473294760638,-6.688798099915534,-1.3738889302790622,-0.9059388681321353,-0.948510495765443,-0.9241330319773092,1.5006795897523366,0,False
2019-10-21,8197.27,9.011556450990636,-6.671783159343037,-1.8061274386300668,-0.9098275888866779,-0.9435877074188894,-0.926073827514455,1.4932957025789972,0,False
2019-10-22,8020.0,8.98969370086056,-6.656604493044432,-1.6493447402060042,-0.9224218377331497,-0.9607198816560181,-0.9437107139211915,1.485115324247988,0,False
2019-10-23,7466.62,8.91819769915549,-6.647214881605545,-0.5262896223657676,-0.9756028493177511,-1.0143582778740474,-0.9963240190110978,1.4741710261657581,0,False
2019-10-24,7412.41,8.910910901579657,-6.6384525192510395,-1.0388432676490558,-0.9794786282304415,-1.0159434685848827,-0.9991652374233169,1.4631481783893958,0,False
2019-10-25,8655.02,9.065894778410645,-6.617355028615448,1.3411695070862222,-0.8788988792137234,-0.9151824917939635,-0.8962766937681037,1.4583387475803107,1,False
2019-10-26,9230.0,9.130214327496898,-6.591237537417063,1.1848247046167728,-0.8078072693106471,-0.8458992443506254,-0.8261476167358741,1.4559269659954845,1,False
2019-10-27,9529.93,9.162192651395667,-6.562715788243283,0.874697205062553,-0.7680855371950387,-0.8052540732094352,-0.7842265299948716,1.4546289653548363,1,False
2019-10-28,9205.14,9.127517302676996,-6.537124875482676,-0.011043514105881336,-0.8133486249312405,-0.8520315271180544,-0.8291038303597036,1.452050177261203,0,False
2019-10-29,9407.62,9.1492752781662,-6.509943584496572,-0.09339952270228746,-0.787140717323752,-0.8246309465850535,-0.8006482603683491,1.4502267823937087,0,False
2019-10-30,9154.72,9.122024872260779,-6.485090315561514,-0.5882507396625054,-0.8230451025396819,-0.8600545007993141,-0.8346595612316007,1.44739199789887,0,False
2019-10-31,9140.85,9.120508657935984,-6.460498158040849,-0.7742519752790449,-0.8257843508133353,-0.8521304943767415,-0.8353143456492452,1.4444841432395366,0,False
2019-11-01,9231.61,9.130388743488144,-6.435257575524164,-0.8357468957717435,-0.8128353790601675,-0.8366760633444396,-0.8228607002683004,1.4419140622343487,0,False
2019-11-02,9289.52,9.136642162012313,-6.409662050902555,-0.9104387763347124,-0.7980983057053082,-0.8283894869948911,-0.8142255208094696,1.4395441461707297,0,False
2019-11-03,9194.71,9.126383597661235,-6.385028821611061,-1.089887592319697,-0.81077437906083,-0.8412258596618879,-0.8261296290413265,1.4367838159034572,0,False
2019-11-04,9393.35,9.147757271091008,-6.358833885985796,-1.0333419632288243,-0.7847980346679015,-0.8150283918597772,-0.7990216788390656,1.4347599950027972,0,False
2019-11-05,9308.66,9.138700428655302,-6.333509316388884,-1.1765043982985481,-0.7969368028609867,-0.826371442138564,-0.8097493343931179,1.4323875365443317,0,False
2019-11-06,9339.05,9.141959812987665,-6.308069721119953,-1.2284590526734984,-0.7927318862468297,-0.8222281315381833,-0.8048726889238592,1.4301047724301035,0,False
2019-11-07,9216.2,9.12871808408909,-6.283828004734186,-1.3741945806081837,-0.8085925288105772,-0.8362919663717905,-0.8205212502004774,1.4273302517734816,0,False
2019-11-08,8773.73,9.079517308515035,-6.263634208130897,-1.0323295255236729,-0.8671146154592178,-0.8895420918566127,-0.8779200882149556,1.4227790271346146,0,False
2019-11-09,8809.41,9.08357574733467,-6.243229941095957,-1.5785213544446348,-0.8638715786299138,-0.8839368840995743,-0.8745217602869352,1.4183922645183589,0,False
2019-11-10,9039.47,9.109355823348931,-6.22089096470618,-1.5612809024290004,-0.8373529296238889,-0.8571848779726361,-0.8478047271045588,1.4149365690839506,0,False
2019-11-11,8733.27,9.074895149146386,-6.201414638756064,-1.364625770512185,-0.8765016102874759,-0.8966525627686506,-0.8870419099530845,1.4102553324504241,0,False
2019-11-12,8821.94,9.084997079462886,-6.181244091926728,-1.8420536181275302,-0.8671466206762339,-0.8863936179081251,-0.8773677469129582,1.4059548647220441,0,False
2019-11-13,8777.12,9.079903614596184,-6.1615902494576815,-1.899563447602025,-0.8734423296126382,-0.8920875639062777,-0.883588440369631,1.4014894938117723,0,False
2019-11-14,8646.68,9.064930711221182,-6.143234179802085,-1.805213180718476,-0.8895803719958874,-0.9079213391963683,-0.899712093207084,1.3965158632207044,0,False
2019-11-15,8471.73,9.044490017085007,-6.1266018725307045,-1.6809953315578128,-0.9101755259170075,-0.928486033215483,-0.9208329893192551,1.3908534323971242,0,False
2019-11-16,8491.02,9.046764413431756,-6.109880430753848,-1.9438646231688503,-0.9089757430832888,-0.9271488173710288,-0.9196342820278117,1.3853185935530417,0,False
2019-11-17,8502.4,9.048103755565494,-6.093144675988696,-1.9625452454816423,-0.9086208062679711,-0.9266776414549058,-0.9192831107616293,1.3798755435551382,0,False
2019-11-18,8187.17,9.010323573787714,-6.079498150973111,-1.2864106575302428,-0.9432047122778977,-0.9613619854827927,-0.9539778024300227,1.3731656627619981,0,False
2019-11-19,8133.64,9.003763826820403,-6.066446218221006,-1.5879321538000588,-0.9492848551378894,-0.9674252047495432,-0.9600829222780276,1.366306800731251,0,False
2019-11-20,8098.01,8.999373631464152,-6.053813420102182,-1.747211915351871,-0.9535634699911353,-0.9716924929707813,-0.9643806783210367,1.3593800781181502,0,False
2019-11-21,7627.74,8.939546881189221,-6.045994105808229,-0.7845988559093038,-0.9969568481532349,-1.0153216119411546,-1.0079157470410378,1.350501901830425,0,False
2019-11-22,7268.23,8.891268074584971,-6.042045455650351,-0.5629850737351243,-1.0230442851719659,-1.0416118624189576,-1.0340996834745895,1.3401463669682137,0,False
2019-11-23,7311.57,8.897213303964936,-6.0376458789931675,-1.0455835964436775,-1.0216314995489515,-1.040223067691173,-1.0326828370845007,1.3301900376774936,0,False
2019-11-24,6903.28,8.839751939955317,-6.037826479224193,-0.632112569491893,-1.0440315928687307,-1.0617521074835865,-1.0549142264290798,1.3185523740030713,0,False
2019-11-25,7109.57,8.869197042768688,-6.035670062637301,-1.1458625089271492,-1.0375695567614367,-1.0548139086964483,-1.0477529962997982,1.3081113137510518,0,False
2019-11-26,7156.14,8.875726008439473,-6.03300672305579,-1.299552186382288,-1.0339199634513991,-1.053395724934994,-1.0454932416497593,1.298085301169939,0,False
2019-11-27,7508.52,8.923793654764653,-6.0265449030367675,-1.0510178085114146,-0.9890781703610911,-1.0355470897416266,-1.025140889382511,1.289749938205328,0,False
2019-11-28,7419.49,8.911865600645555,-6.021063310113876,-1.6257877849860582,-0.9958087787106488,-1.0420263552675246,-1.0294953193132657,1.2811828357790829,0,False
2019-11-29,7739.68,8.954115622059849,-6.0122600379786455,-1.182815406439809,-0.9698361222713864,-1.0215363020796149,-1.006293553257817,1.274044380440565,0,False
2019-11-30,7541.89,8.928228092721222,-6.00555681922377,-1.5551250655980058,-0.9777916906189352,-1.0368802376807476,-1.0191716913349405,1.2662262684797605,0,False
2019-12-01,7390.89,8.908003439708365,-6.000493115101278,-1.557667009409614,-0.9809817381957864,-1.047608737518869,-1.026709067928537,1.2579277205450818,0,False
2019-12-02,7294.28,8.894845758347767,-5.9964996453640325,-1.6069735781209704,-0.9860769093674752,-1.0539496486069986,-1.0298196267024247,1.2493803592540078,0,False
2019-12-03,7292.71,8.894630498036207,-5.992544324359926,-1.7240594295057488,-0.9850350223955814,-1.0544557005926036,-1.0270374794406678,1.240973044630582,0,False
2019-12-04,7194.32,8.881047104778668,-5.98968705200531,-1.690921039175511,-0.9890630544579135,-1.058968583066586,-1.029670462428695,1.2323200988460745,0,False
2019-12-05,7389.0,8.907747686788648,-5.984727456770145,-1.535068373530105,-0.9773214852261505,-1.0486181198082685,-1.0178786473925048,1.224571740427524,0,False
2019-12-06,7527.47,8.926314274961033,-5.9783218730551955,-1.5694262867978246,-0.9689083732005426,-1.037893156872051,-1.006265039852795,1.2174643016355933,0,False
2019-12-07,7488.21,8.921085062635973,-5.97236507765709,-1.858770555724024,-0.9725854448201452,-1.0397875871358524,-1.0063383872484553,1.2103155386224893,0,False
2019-12-08,7510.11,8.924005391788063,-5.96620844913375,-1.9554093799430108,-0.9698302587354811,-1.039113436664509,-1.0021989173798542,1.203351682567173,0,False
2019-12-09,7338.64,8.90090881833743,-5.961916106137719,-1.616259561090815,-0.9809911073001192,-1.0509911846615494,-1.0109706151060063,1.1958632669401077,0,False
2019-12-10,7224.13,8.885182090505225,-5.9588936862039175,-1.6721917868273932,-0.9869987367008435,-1.057369916913971,-1.0149359983968054,1.188071550622249,0,False
2019-12-11,7210.0,8.883224230278994,-5.956042637186964,-1.847817848727313,-0.9858666486399131,-1.058527778594052,-1.0128728355302472,1.180354874818849,0,False
2019-12-12,7198.08,8.881569602775603,-5.953338016849022,-1.8659478657807806,-0.9864571205809379,-1.0584415394949547,-1.0106463200049383,1.1727199737847005,0,False
2019-12-13,7258.48,8.889925719507454,-5.9499852675798595,-1.9152148552973016,-0.983153208126351,-1.054603721377491,-1.0046431957514665,1.165423033850443,0,False
2019-12-14,7064.05,8.862773820401442,-5.948803415313545,-1.5218319510365,-0.9915757406663571,-1.0627550765614713,-1.0122195943029246,1.1575488133217677,0,False
2019-12-15,7118.59,8.870464951086893,-5.947018127747297,-1.8766759745115382,-0.9888154783874188,-1.0469958856192645,-1.007036262876065,1.1499990821224217,0,False
2019-12-16,6891.72,8.838075970008832,-5.94781070883593,-1.4010615495183618,-0.9986939465340827,-1.0453223743642424,-1.0158020017556864,1.14177026330067,0,False
2019-12-17,6623.82,8.798427521782834,-5.951743151426246,-1.1309502281606905,-1.0076560303404296,-1.0522123854791645,-1.0224027203603707,1.132730155541726,0,False
2019-12-18,7277.83,8.892588019833898,-5.948188746326988,0.012878730953815865,-0.9919988644128859,-1.0307130041667738,-1.0044853325851377,1.126154825920852,1,False
2019-12-19,7150.3,8.874909592849797,-5.9460550024506915,-1.0608388064723548,-0.9987890890193528,-1.031189036075693,-1.0106978621648661,1.1192518039303174,0,False
2019-12-20,7187.83,8.880144597095113,-5.9435175988547275,-1.3049318759601525,-0.9979457224356018,-1.02453989788362,-1.0086427966002802,1.112576918283995,0,False
2019-12-21,7132.75,8.872452133297084,-5.941603711327812,-1.5971866197993436,-1.0017288138511673,-1.0261521277626544,-1.0116363215529165,1.1058206523566205,0,False
2019-12-22,7501.44,8.92285028109476,-5.935703982973378,-0.9882543342019348,-0.9835276305726279,-1.0063444223147733,-0.9924768212169034,1.1003337844082544,0,False
2019-12-23,7317.09,8.897967986931386,-5.931808480514234,-1.5735525773090802,-0.9965775334032008,-1.0168819361556563,-1.0046680632482696,1.0943411605139624,0,False
2019-12-24,7255.77,8.889552293387402,-5.928601024577305,-1.7598666003510917,-1.0010743165589702,-1.0195234247114215,-1.008377042218367,1.0882374938958508,0,False
2019-12-25,7204.63,8.882479153888074,-5.925971569889644,-1.8514984768588914,-1.0048264701425884,-1.023063993626553,-1.0122870099251204,1.082058395143265,0,False
2019-12-26,7202.0,8.882114044208821,-5.923385226395508,-1.9656729260944172,-1.0059657442908498,-1.0242455167268611,-1.0132457879454506,1.0759574570792774,0,False
2019-12-27,7254.74,8.889410327322565,-5.920234313425091,-1.9652888382773548,-1.0042297462216883,-1.0202893788531582,-1.0111556096576337,1.070112869761247,0,False
2019-12-28,7316.14,8.89783814546763,-5.916432076317636,-1.9507401971551437,-1.001857285182698,-1.0175360564569302,-1.0087651250256218,1.0645500999922164,0,False
2019-12-29,7388.24,8.90764482590249,-5.911872606277398,-1.9188726504027074,-0.9786988145411792,-1.013202307285429,-1.0037649688855217,1.0592713238111653,0,False
2019-12-30,7246.0,8.888204871455022,-5.908878798697807,-1.6967714300936287,-0.984082819123256,-1.0224120793465787,-1.0113312630959783,1.0536386573742527,0,False
2019-12-31,7195.23,8.881173585454048,-5.90645864712299,-1.869089158636662,-0.9862587514302358,-1.0244181690283976,-1.0130294360010694,1.047929858813967,0,False
2020-01-01,7200.85,8.881954353591693,-5.903989779754617,-2.044977426483993,-0.9870050342741107,-1.0238852704804542,-1.0118984596943872,1.0423133034556358,0,False
2020-01-02,6965.71,8.848754819281297,-5.904166687766602,-1.3786301970582178,-0.9977369170984942,-1.0351162536350549,-1.0223023494329948,1.0360787746229898,0,False
2020-01-03,7344.96,8.901769642711598,-5.9001399189355235,-0.9217110861273425,-0.9808385263991092,-1.0195512678507601,-1.0054505151496693,1.0310301484242574,0,False
2020-01-04,7354.11,8.90301461959542,-5.8960359700140135,-1.4150392042502615,-0.9805208803883031,-1.019425944533442,-1.0039400721926772,1.0260673791868218,0,False
2020-01-05,7358.75,8.903645360342471,-5.891903960835875,-1.6552244739833188,-0.979814337532626,-1.0194864983381737,-1.0026781923101056,1.0211759256201898,0,False
2020-01-06,7758.0,8.956479847999912,-5.883605008685931,-0.924812414684147,-0.9537585974869008,-0.9949944020904862,-0.9763288556749842,1.017415514992585,0,False
2020-01-07,8145.28,9.005193897363627,-5.871487647842926,-0.642942725576684,-0.9223071928600306,-0.963427027117815,-0.9437220351948881,1.0146740707481308,0,False
2020-01-08,8055.98,8.994169951773667,-5.86030836230576,-1.1569179294043872,-0.9307665847009748,-0.9707081959625683,-0.9510208052816532,1.0117242175869678,0,False
2020-01-09,7817.76,8.96415334749336,-5.851567745307239,-1.451205842433842,-0.9518353792371105,-0.9918665544681494,-0.9711806578768958,1.0081892473386136,0,False
2020-01-10,8197.02,9.011525952567096,-5.839118196452167,-1.0503067139201452,-0.9206107322348647,-0.9606890790211898,-0.938626924858449,1.0056285806092293,0,False
2020-01-11,8020.01,8.989694947742576,-5.82846507691301,-1.5213021210163855,-0.9360552671454572,-0.978059704048237,-0.9542035815156235,1.0026450725434994,0,False
2020-01-12,8184.98,9.010056046308053,-5.81625463097304,-1.4478112502688514,-0.9209613213961645,-0.9633141044047471,-0.9382868200175224,1.000083126222231,0,False
2020-01-13,8110.34,9.000895069781862,-5.80483504649919,-1.584069626155543,-0.927630658066005,-0.9711262699121177,-0.9441184148876932,0.9973520655958892,0,False
2020-01-14,8810.01,9.08364385400336,-5.786918369340996,-0.23319742052011394,-0.8627121824438533,-0.9052945529523894,-0.8780142755018577,0.9962525711722858,0,False
2020-01-15,8821.41,9.084937000169536,-5.7689953524305375,-0.9271021705944151,-0.861321824464285,-0.9048236718201168,-0.8755910855556217,0.9951685960583616,0,False
2020-01-16,8720.01,9.073375663691358,-5.7520844793728685,-1.3022336849440797,-0.8724915274101723,-0.9171831672600202,-0.8859967414378438,0.9938511185503242,0,False
2020-01-17,8913.28,9.095297578424672,-5.733527841380945,-1.2305815519915502,-0.8490829564029869,-0.8950594269980898,-0.8630997325025079,0.99295014740654,0,False
2020-01-18,8915.96,9.095598208178961,-5.71504734082148,-1.2867113365591387,-0.8480715542493649,-0.8786779780968498,-0.8614953747743651,0.9920431880987225,0,False
2020-01-19,8701.7,9.071273687852983,-5.698592457834983,-1.4765910539382918,-0.872771632731336,-0.898206891398502,-0.8859771650988367,0.9906559846178898,0,False
2020-01-20,8642.35,9.064429815556066,-5.682767783508144,-1.558974277175975,-0.8797025373045594,-0.9046667640399708,-0.8922482787099876,0.9891311361079267,0,False
2020-01-21,8736.03,9.075211132044725,-5.66617467468451,-1.5423029312651901,-0.8688702685047737,-0.8946302089751867,-0.8818335885325908,0.9878101677367034,0,False
2020-01-22,8682.36,9.069048660100092,-5.650158585383631,-1.613435612949419,-0.8743629986421582,-0.9007938461118185,-0.8874309683289775,0.9863645391400238,0,False
2020-01-23,8404.52,9.03652493534817,-5.636802469227537,-1.3901686937668092,-0.9042332291675833,-0.930501476800648,-0.9169524064702612,0.9842886877958312,0,False
2020-01-24,8439.0,9.040619097157967,-5.623194271860657,-1.8236813486885246,-0.9006787835376682,-0.9268340399911323,-0.9132316201928364,0.9822959273409395,0,False
2020-01-25,8340.58,9.028888037299204,-5.610587528629713,-1.8486345901384191,-0.9098500915573047,-0.9367104981072538,-0.9226896470813007,0.9800815247851739,0,False
2020-01-26,8615.0,9.06126014896203,-5.59548770587186,-1.3926938129091575,-0.8832782198173007,-0.908820427591265,-0.8955828269520631,0.9784915819458114,0,False
2020-01-27,8907.57,9.094656755995281,-5.577827448752566,-1.220029641433782,-0.8526256082249921,-0.8766704711180936,-0.8643131633084099,0.9777691128105659,0,False
2020-01-28,9374.21,9.14571758062131,-5.556224186483822,-0.8201532561804352,-0.8000468562050963,-0.8230599967373422,-0.8108028852362795,0.9778185155966641,0,False
2020-01-29,9301.53,9.137934181739086,-5.535354240485777,-1.1793346820813575,-0.808814528809882,-0.832466102137072,-0.8197208318210891,0.9777308171420662,0,False
2020-01-30,9513.21,9.160436638017995,-5.512819174472229,-1.123844474945548,-0.7832155958743287,-0.8069883019196475,-0.793490322210732,0.9779514003816444,0,False
2020-01-31,9352.89,9.143440665433069,-5.4917507750056505,-1.4401947765190959,-0.803971443685265,-0.8276897094416724,-0.8137401060258217,0.9779000550811822,0,False
2020-02-01,9384.61,9.1468263924832,-5.470529938977424,-1.5208611934397247,-0.8000006409629001,-0.8230877079248907,-0.8096752992842282,0.9778772254914606,0,False
2020-02-02,9331.51,9.141152124261682,-5.449873346810537,-1.6113086806261134,-0.8063906157113088,-0.829195660437283,-0.8161141816380981,0.9777491306771904,0,False
2020-02-03,9292.24,9.136934922226569,-5.429662680320219,-1.6528763516065952,-0.811071161337034,-0.8332792091841904,-0.8213733846309623,0.9775378932537377,0,False
2020-02-04,9197.02,9.126634797522492,-5.410375676981363,-1.7176073308247932,-0.8218362310154631,-0.8449052207208394,-0.8327524829083504,0.9771527999810828,0,False
2020-02-05,9612.04,9.170771758312537,-5.38770995761555,-1.115723628327833,-0.7726434954999544,-0.7948214001963547,-0.7833838495639562,0.9773974819860435,0,False
2020-02-06,9772.0,9.187276432377631,-5.3638665222749236,-1.3004777047494327,-0.7527369778398515,-0.7741759211078427,-0.7629752356574148,0.9778523524320006,0,False
2020-02-07,9813.73,9.19153770455344,-5.33981869125522,-1.5126456604432041,-0.7430066459364066,-0.7679425665221996,-0.7573495123581574,0.9783413666656414,0,False
2020-02-08,9895.05,9.199789911080998,-5.315253157060191,-1.517896278281895,-0.7326617764830827,-0.757368477985977,-0.7465919324476911,0.9789195214129182,0,False
2020-02-09,10151.75,9.225401383401486,-5.288804812850801,-1.4428728017253432,-0.6989813700161999,-0.7235492398208053,-0.7126417687176261,0.9798214003974643,0,False
2020-02-10,9851.83,9.195412503711934,-5.26486753316197,-1.4440498725387476,-0.7387476949084263,-0.7643675430950809,-0.7534602758315381,0.9831622654608438,0,False
2020-02-11,10223.08,9.232403188217933,-5.238148961274341,-1.280327375969248,-0.6910259902213679,-0.7152680691324766,-0.7051035340808622,0.9918346289517453,0,False
2020-02-12,10326.46,9.242464812190933,-5.210787775385607,-1.4456883137741499,-0.6772282175594365,-0.7011802587005025,-0.6909808382554856,1.0003563901844916,0,False
2020-02-13,10229.63,9.233043690158647,-5.184321943664948,-1.5003458983758333,-0.6909223268722076,-0.714995208693616,-0.7043429786860277,1.0090329145405006,0,False
2020-02-14,10344.36,9.244196722630313,-5.1571269681729675,-1.480132162110581,-0.6759048970647951,-0.6996545466649698,-0.6887797063149286,1.0179333951614098,0,False
2020-02-15,9904.72,9.200766690181851,-5.13350061085061,-1.1282859291459046,-0.7365020866071749,-0.761105774681852,-0.7493378982816636,1.026217257990035,0,False
2020-02-16,9917.27,9.202032960791103,-5.109906243056481,-1.6025019561163911,-0.735177758941526,-0.7598964852071712,-0.747630095914704,1.0344615066487899,0,False
2020-02-17,9706.0,9.18049952996516,-5.088135777261837,-1.5256250859625504,-0.7626727228962411,-0.7875617312819815,-0.7747519757530963,1.042461646637669,0,False
2020-02-18,10164.71,9.226677196388387,-5.062857875181191,-1.0630452739702552,-0.7065772812747089,-0.7300984955889245,-0.7178224881323212,1.0510861740343167,0,False
2020-02-19,9593.79,9.168871293142024,-5.042262031264656,-0.7912685672613615,-0.7822088178246336,-0.8065948183349064,-0.7934818274305315,1.0588759597520518,0,False
2020-02-20,9596.42,9.16914539123855,-5.021759171880436,-1.347638680964188,-0.7823530217662844,-0.8064897310650787,-0.7930757985667142,1.0665752674730482,0,False
2020-02-21,9677.05,9.17751238175816,-5.00071350522135,-1.721839239949344,-0.7738091821244474,-0.7968783803163819,-0.7833949328865234,1.0743936330955595,0,False
2020-02-22,9650.86,9.174802309533138,-4.979997757223592,-1.8384003436093823,-0.7780435149887357,-0.8004786902215691,-0.786638416306928,1.0815824914246994,0,False
2020-02-23,9936.4,9.203960061011896,-4.9571094742703865,-1.4607496524526775,-0.7443969637411639,-0.7664454416482964,-0.7527863573145952,1.0892390493489448,0,False
2020-02-24,9656.13,9.175348225818471,-4.93659355918771,-1.4733559815546142,-0.779037476139835,-0.8022907040278175,-0.7881686406479097,1.0966146712816336,0,False
2020-02-25,9315.84,9.139471456103632,-4.919005804561767,-1.2304580829418743,-0.8192591399898549,-0.8438404007869621,-0.8289013880930617,1.1035276538770977,0,False
2020-02-26,8785.25,9.080829457814467,-4.90611474938323,-0.7195354575833992,-0.878469299918727,-0.9038463783610309,-0.8876478634355124,1.1093944808504843,0,False
2020-02-27,8823.21,9.085141028366941,-4.892959430462259,-1.0522949813818299,-0.8731209542337527,-0.899986421558882,-0.8837303289715637,1.1151567415137265,0,False
2020-02-28,8692.91,9.070263029867757,-4.881045696009639,-1.0878555032496395,-0.8861283341152482,-0.9129191616922344,-0.8962908496601902,1.1210568265887024,0,False
2020-02-29,8523.61,9.050595239004272,-4.8707426147503705,-1.0573344919394503,-0.9011541143810899,-0.9237820922499058,-0.9118872954534425,1.1264594550076583,0,False
2020-03-01,8531.88,9.051565014794724,-4.860424285917581,-1.2046280642993579,-0.8998785533984462,-0.9208511808008487,-0.9112168493776354,1.1321241844907886,0,False
2020-03-02,8915.24,9.095517450854677,-4.846721778850672,-1.111709001614332,-0.8667771708479454,-0.8858705725793848,-0.8767910505283198,1.1390526964011845,0,False
2020-03-03,8760.07,9.07795917476609,-4.834473520304501,-1.6195384191435895,-0.8830116829462616,-0.9014004157829094,-0.892399776329007,1.145167700109102,0,False
2020-03-04,8750.87,9.076908402980395,-4.822378352832996,-1.6820262495388754,-0.8841336164954838,-0.9026282583712615,-0.8934763301532458,1.1509959806066006,0,False
2020-03-05,9054.68,9.11103703010167,-4.807678871334035,-1.3416632307307688,-0.855427970944115,-0.8734134619461291,-0.8646603714321487,1.1576518293361924,0,False
2020-03-06,9131.88,9.11952686695888,-4.792397640594246,-1.5911778020096565,-0.8477962394093326,-0.8651740333412439,-0.8569702452899217,1.1645934462538645,0,False
2020-03-07,8886.66,9.092306554876762,-4.77933537053635,-1.503693595021942,-0.8730532871152232,-0.8911498099915809,-0.8826498796850951,1.1709758093124587,0,False
2020-03-08,8033.31,8.991351926242103,-4.774256242721122,0.22692821135048824,-0.9529030753095098,-0.9724534025649109,-0.9634105977400895,1.1749222523096792,1,False
2020-03-09,7929.87,8.978391921051896,-4.770227847076223,-0.40743875376588234,-0.9608345549894952,-0.9805780981616566,-0.9714322710658216,1.175938434909066,0,False
2020-03-10,7894.56,8.97392919366107,-4.766579507641296,-0.7347196127459878,-0.9641022903007331,-0.9838983440640164,-0.974722471617394,1.1760000773174024,0,False
2020-03-11,7934.52,8.97897813963744,-4.762564351176815,-1.0129619802646297,-0.9626764696171458,-0.9823757416255938,-0.9732480847110268,1.1757032930275775,0,False
2020-03-12,4800.0,8.476371196895983,-4.7979486371637545,8.89229170229624,-1.0333463839244892,-1.0563486731500036,-1.0455538029768012,1.1575340705956751,1,False
2020-03-13,5578.6,8.626693127838328,-4.821380981897284,3.1409224846340487,-1.151666641577658,-1.176452730008884,-1.1646025771636306,1.1460206782518128,1,False
2020-03-14,5172.06,8.551026340752532,-4.8506238445618575,3.0052273798399978,-1.11305618462527,-1.137406369922437,-1.1262276054917573,1.1286054115402884,1,False
2020-03-15,5361.3,8.586961761970862,-4.876911334720718,1.8320037244298804,-1.1373391759392153,-1.1617507398092555,-1.1506274786562378,1.1130599261077827,1,False
2020-03-16,5028.97,8.522970470753496,-4.9080737086,1.9575620568587637,-1.0990248527637974,-1.1229779186254765,-1.1120327531057868,1.0956195921702592,1,False
2020-03-17,5312.64,8.577844165826615,-4.934791578052409,1.0439753424512985,-1.138654050642318,-1.1626864061856454,-1.151875397891982,1.0807006363283835,1,False
2020-03-18,5393.04,8.592864512331786,-4.960206792335901,0.6561655776554121,-1.148488349338792,-1.172513701930754,-1.1617354933025081,1.0667092918290557,1,False
2020-03-19,6162.37,8.726216722793751,-4.975091918478242,0.7540115609733906,-1.2125284991243488,-1.237033845006448,-1.2260663661593394,1.0572618151308788,1,False
2020-03-20,6208.36,8.73365204987244,-4.989333176582912,-0.1355399576935179,-1.2152911570240057,-1.239845779010389,-1.228818205966058,1.0482123756021362,0,False
2020-03-21,6186.98,8.730202362941313,-5.003783250710097,-0.4751928865034971,-1.2158163559213617,-1.2404177896751476,-1.2293298317424028,1.0403797523335672,0,False
2020-03-22,5816.19,8.668400687180439,-5.02299339183979,-0.26213203337576907,-1.2020334869632054,-1.2266266585535286,-1.215487005732583,1.057867113678665,0,False
2020-03-23,6467.31,8.774515535971133,-5.033840043636685,0.15810578847472234,-1.2342054972199432,-1.2590593372932148,-1.2477362262153797,1.0785700152878426,1,False
2020-03-24,6744.72,8.816515255548918,-5.041367694220624,-0.027607138717335555,-1.2381123213270155,-1.2629049332487339,-1.2515932296739238,1.0990482441473635,0,False
2020-03-25,6677.43,8.806488461963987,-5.049650206448688,-0.5550022771497387,-1.2394598018740692,-1.2643317261643152,-1.2529488412150795,1.1166566026195728,0,False
2020-03-26,6737.36,8.815423435780582,-5.057205122558401,-0.6180703433121622,-1.240741080859435,-1.2656206239621142,-1.2542100188976215,1.136152462058823,0,False
2020-03-27,6359.11,8.75764370943514,-5.069238481818757,-0.8898500253911328,-1.2406444053531578,-1.2657568339297585,-1.254171500820964,1.156738019405309,0,False
2020-03-28,6236.65,8.738198458228737,-5.0827386979564,-1.0067780187363737,-1.2390553911106745,-1.2642305733269488,-1.2525745452058539,1.1740718400354782,0,False
2020-03-29,5881.42,8.679553508335703,-5.100754323166387,-0.683271157521385,-1.2274811875992357,-1.2526717090353272,-1.2409552273027096,1.1934443042318605,0,False
2020-03-30,6394.38,8.763174758570148,-5.1121715289705465,-0.33059164935634433,-1.251730616031689,-1.277116957723534,-1.2652560049127552,1.2086952753507783,0,False
2020-03-31,6410.44,8.76568319030462,-5.123346751362203,-0.978702563814996,-1.2532542650353364,-1.2786813370253696,-1.2667683779992016,1.22018077110532,0,False
2020-04-01,6642.92,8.801306904840958,-5.131700359725781,-0.8610198725947915,-1.2576286667889867,-1.2830310963312839,-1.2711080257097112,1.2291393622002844,0,False
2020-04-02,6794.09,8.823808395615421,-5.138268884619473,-0.8801137050075984,-1.2590222699706743,-1.2843859865960658,-1.2724632592773668,1.2373100906682999,0,False
2020-04-03,6734.1,8.814939449625609,-5.145505572340942,-1.1761721056495495,-1.2605430462005782,-1.285983397851775,-1.27447177289542,1.2472944342486219,0,False
2020-04-04,6856.99,8.833023848919584,-5.151306842752888,-1.164529831034933,-1.2613375180192008,-1.2867102637165917,-1.275227484736605,1.2549623456644514,0,False
2020-04-05,6772.78,8.820666916773876,-5.1580516369499465,-1.260309597437069,-1.263222507739269,-1.2886585414560614,-1.277129447076712,1.2620123274397614,0,False
2020-04-06,7329.9,8.899717152222834,-5.158612953010393,-0.4271207083405322,-1.258319649952137,-1.2834078911631182,-1.2720386845906528,1.2669805605319029,0,False
2020-04-07,7197.32,8.881464013490039,-5.160601793635271,-1.0762515215047435,-1.2634907778810067,-1.288738846644535,-1.2772671754508287,1.270405506863191,0,False
2020-04-08,7361.28,8.90398910964528,-5.160834053803411,-1.02031960187059,-1.2603330567241178,-1.2854278599925768,-1.2740318907351382,1.2721682412168933,0,False
2020-04-09,7283.54,8.893372286739098,-5.161900335177235,-1.1018233629535563,-1.2640117449119348,-1.289207872144791,-1.2777440314331083,1.2742583242765446,0,False
2020-04-10,6858.92,8.833305273923502,-5.167649876874213,-0.8383491260775364,-1.2756055456016695,-1.3012378999064076,-1.2895087528431761,1.2783437942651388,0,False
2020-04-11,6876.83,8.835913068932859,-5.1731771537972335,-1.400216322892956,-1.276697079473734,-1.3023501845014143,-1.2905884578646551,1.2822551984176203,0,False
2020-04-12,6903.79,8.839825815151174,-5.178381526808708,-1.413214004006779,-1.277680362404041,-1.3033359217193663,-1.2915571657226794,1.289987134672125,0,False
2020-04-13,6837.91,8.830237408369431,-5.184316434064403,-1.477422851180764,-1.279582401165179,-1.3053088711142125,-1.2934728792964696,1.2978990996338178,0,False
2020-04-14,6868.7,8.834730138780579,-5.189881313531972,-1.485910325591602,-1.2805880236766063,-1.3063156796816593,-1.2944630560292263,1.3108327019900445,0,False
2020-04-15,6621.24,8.798037942568753,-5.198286612943161,-1.3449627232959704,-1.2832343257014498,-1.3091513542758255,-1.2971676744258698,1.3218175801591348,0,False
2020-04-16,7101.94,8.86812326514293,-5.20120010904106,-0.6181219061327554,-1.283572094918409,-1.3092369283171956,-1.2973774412403123,1.3316298584012989,0,False
2020-04-17,7027.55,8.857593417661104,-5.204927994035682,-1.3829278554468964,-1.2862783094582215,-1.3120296153099522,-1.300106923768545,1.3413379191876207,0,False
2020-04-18,7248.6,8.888563625753573,-5.2062334271388435,-1.2478372418656434,-1.2832200188485205,-1.3087885745496528,-1.2969583492555505,1.3506843069863175,0,False
2020-04-19,7120.74,8.870766931589674,-5.2089267769251935,-1.4748072327989232,-1.2877646990669285,-1.3134809660332805,-1.3015536385774298,1.3567181109534237,0,False
2020-04-20,6826.83,8.828615715980368,-5.214898919486308,-1.2254223243501787,-1.2942846401320633,-1.320284404752463,-1.308174667053363,1.3645507161659716,0,False
2020-04-21,6841.37,8.830743282958412,-5.220685121126103,-1.6563506495003486,-1.2954276371864655,-1.3214397679547496,-1.3093070145245556,1.3690513717909059,0,False
2020-04-22,7125.14,8.871384654066617,-5.223286032298809,-1.257803521736845,-1.2935767451920008,-1.319395638678527,-1.3073596466278992,1.3753084464048784,0,False
2020-04-23,7482.39,8.920307538649865,-5.222071317554104,-0.9186358708676994,-1.2857921644775843,-1.3112630686091629,-1.2998715059920167,1.376971617316555,0,False
2020-04-24,7505.0,8.923324744067562,-5.220634515532143,-1.2201322493864775,-1.2861544983928708,-1.311612366326943,-1.3002167872892463,1.379614638826657,0,False
2020-04-25,7538.67,8.927801052870057,-5.218862988235366,-1.3865988523908075,-1.28606850105425,-1.3114981382498097,-1.3001074533413184,1.3803110897629725,0,False
2020-04-26,7693.1,8.948079102204556,-5.215527341023653,-1.3451307521466376,-1.2810058917792577,-1.306405654814608,-1.2949509768282121,1.3809247944006295,0,False
2020-04-27,7774.62,8.958619861254961,-5.211393278439504,-1.3486006207844854,-1.2784538288258942,-1.3039910458162594,-1.2923441560441837,1.3814950854472037,0,False
2020-04-28,7738.98,8.954025174953902,-5.207643500669736,-1.3828167706984917,-1.28132406003398,-1.306976209944176,-1.2952331088251314,1.3807045761349361,0,False
2020-04-29,8778.57,9.080068803204924,-5.194099897088147,0.6032588601483191,-1.2274220447157322,-1.2521115503731342,-1.2405526981749826,1.3726557204629743,1,False
2020-04-30,8620.0,9.061840363657739,-5.182046712674956,-0.6378486440540534,-1.2405691387394902,-1.2655665079624057,-1.253837817314109,1.3652644398631728,0,False
2020-05-01,8826.96,9.085565953459042,-5.168209175643595,-0.7300904915994575,-1.226308243411299,-1.2508756841390871,-1.2393686425059829,1.3590579550335218,0,False
2020-05-02,8972.05,9.101869468518016,-5.153174137658556,-0.8330315890601345,-1.2158992929082766,-1.2401410311728023,-1.2288026706771735,1.3514685046298416,0,False
2020-05-03,8894.16,9.093150160564777,-5.138896066647452,-1.0073764739214077,-1.2231725898913561,-1.2475574046865343,-1.2361386132956098,1.3439963017071745,0,False
2020-05-04,8871.96,9.090651020453762,-5.124886945409227,-1.0837835832754215,-1.2259059667374284,-1.2503152517555756,-1.23887887599072,1.3366523438012419,0,False
2020-05-05,9021.83,9.107402474962171,-5.109646885196631,-1.0534953167017236,-1.2150070200279472,-1.2390747985741906,-1.22781690540937,1.324647762694168,0,False
2020-05-06,9142.92,9.120735088262863,-5.093448242579944,-1.033592323486366,-1.205978021487164,-1.229753309149919,-1.218649341279937,1.312158163735739,0,False
2020-05-07,9986.4,9.20897944633684,-5.070465947781027,-0.21745971103845174,-1.1344543927746502,-1.15671004472777,-1.14622560748697,1.294410646716073,0,False
2020-05-08,9800.01,9.190138685066305,-5.049068758197358,-0.8218432504916795,-1.1537094228505618,-1.1762462895037529,-1.165680294140206,1.2785331408792306,0,False
2020-05-09,9539.4,9.163185869382719,-5.029878802547287,-0.9717476256813811,-1.179494697691818,-1.202509151514287,-1.1917410272037985,1.2648494185870904,0,False
2020-05-10,8722.77,9.073692127010053,-5.017747596717375,-0.1914810664392197,-1.2536386572869394,-1.2784153990751015,-1.26675045609543,1.256586754352017,0,False
2020-05-11,8561.52,9.055033023465542,-5.00713183809471,-0.6308383098287789,-1.2664268882047867,-1.2915196977470198,-1.2796763745178188,1.249457499681876,0,False
2020-05-12,8810.79,9.08373238573864,-4.994342067813194,-1.2529110616653378,-1.2499142775691583,-1.274495029819709,-1.2629212189031944,1.2409945675883085,0,False
2020-05-13,9309.37,9.138776698808519,-4.977340617159211,-0.9427700862416062,-1.2125189873912687,-1.236023360611024,-1.2254338649023908,1.2297829003244791,0,False
2020-05-14,9791.98,9.189318962266361,-4.9564987512597645,-0.6705056057487906,-1.1714483902372606,-1.1948907958591968,-1.1838132124186007,1.216054061994691,0,False
2020-05-15,9316.42,9.139533713714913,-4.939633904414089,-1.0578280953214614,-1.2169846793469241,-1.2407769118086411,-1.2298814225160672,1.2054772805098373,0,False
2020-05-16,9381.27,9.146470427291558,-4.922317895269552,-1.1466596292573736,-1.2122994496077364,-1.236285275289936,-1.225105669562313,1.194815023257349,0,False
2020-05-17,9680.04,9.17782131249349,-4.902656472022028,-1.0782498875866764,-1.1870558212713975,-1.211053402138284,-1.1995118031684007,1.1827848459541423,0,False
2020-05-18,9733.93,9.183372999079275,-4.882665942137675,-1.0791714390182625,-1.1829011175643807,-1.2068560074173948,-1.1952658527686284,1.1708108736026621,0,False
2020-05-19,9775.53,9.187637603332567,-4.862448113414364,-1.0833667723203362,-1.1798399885400492,-1.203599911218753,-1.1921205628551406,1.1589628345820742,0,False
2020-05-20,9511.43,9.160249512268946,-4.844461578024375,-1.1710791378960206,-1.2052586971091812,-1.2296064391399169,-1.2178369347983944,1.1488374658351612,0,False
2020-05-21,9068.65,9.112578689693686,-4.83026890653265,-1.1018968729491196,-1.2450128335848818,-1.270012807379942,-1.2580739822973157,1.1412365760349117,0,False
2020-05-22,9170.0,9.123692565250511,-4.815288887583247,-1.295635342474433,-1.237856252649859,-1.262836900161264,-1.2507933181723427,1.1332902274526926,0,False
2020-05-23,9179.15,9.124689886734984,-4.800310507312426,-1.3063000798822093,-1.238028169231077,-1.2629778457707341,-1.2509314919448682,1.1254754915801792,0,False
2020-05-24,8720.34,9.07341350696859,-4.789389643210509,-1.022086051325168,-1.2758577562861166,-1.3014992171625415,-1.2892337068384039,1.120067090482919,0,False
2020-05-25,8900.35,9.093845880789686,-4.776943453106736,-1.4117538856349345,-1.2639570346945017,-1.2894080578958698,-1.277140276722976,1.113885737417854,0,False
2020-05-26,8841.18,9.087175630886367,-4.765081765933146,-1.4406422482785413,-1.2693735401442336,-1.2949266046098233,-1.2825989651295595,1.1081029238728881,0,False
2020-05-27,9204.07,9.127401056515296,-4.7501641477942,-1.2631709968338183,-1.2431753296739527,-1.2678597284596302,-1.255981032876935,1.1007050132430172,0,False
2020-05-28,9575.89,9.167003760120872,-4.732253849933796,-1.0634274897921527,-1.2134202959043188,-1.2371590670841468,-1.2257693930781044,1.0917116488565421,0,False
2020-05-29,9427.07,9.151340616848586,-4.71565177025249,-1.316891039397949,-1.2274270194595622,-1.2514567979339304,-1.2399253545331317,1.083633174618509,0,False
2020-05-30,9697.72,9.179646085316138,-4.696942296423156,-1.2593010251047903,-1.2049481639917707,-1.228252634290292,-1.217095424072092,1.0744956201304279,0,False
2020-05-31,9448.27,9.153586934945585,-4.6803505664149885,-1.3356402978780175,-1.228266789981931,-1.2521210349109841,-1.2406886344153107,1.0667173887524894,0,False
2020-06-01,10200.77,9.230218486619199,-4.657906859684645,-0.46479327086367905,-1.1637950637414392,-1.1857147902265723,-1.1752963877429363,1.0566246392091403,0,False
2020-06-02,9518.04,9.16094422423579,-4.640947698339239,-0.6270562536075532,-1.2310352357173415,-1.2547313223915253,-1.243789798975495,1.0508434993891187,0,False
2020-06-03,9666.24,9.17639468139536,-4.6228808453424355,-1.3190016964095825,-1.2190392682331037,-1.242231924341736,-1.2315760223933572,1.0445996656439271,0,False
2020-06-04,9789.06,9.189020714571484,-4.603930824993479,-1.3000844324606144,-1.2089140007735775,-1.2316648725150865,-1.2212605125135447,1.0380114416349564,0,False
2020-06-05,9621.16,9.171720118510894,-4.586419726241831,-1.3525680450620396,-1.2249414139265775,-1.2480147670526378,-1.2374671871282394,1.0322120109251964,0,False
2020-06-06,9666.3,9.176400888546619,-4.568638348989317,-1.3522864172821043,-1.2218030196154608,-1.2446501297248256,-1.2342376652507956,1.0263606806779069,0,False
2020-06-07,9746.99,9.18471379837998,-4.550306997995759,-1.3434086451920102,-1.215473687722418,-1.238007422749037,-1.2277718123159167,1.0203272369180052,0,False
2020-06-08,9782.01,9.188300263384612,-4.531794378406488,-1.3456050305237195,-1.2131353071950277,-1.2354762411236475,-1.2253534859801452,1.01429062490055,0,False
2020-06-09,9772.43,9.187320434684178,-4.513454830542791,-1.358348214350992,-1.214800368242451,-1.2370763581296633,-1.226995183556655,1.0084169224447455,0,False
2020-06-10,9885.0,9.198773735604718,-4.494325699882028,-1.342130090030578,-1.2054672668548148,-1.2273844194284944,-1.2174833484504468,1.0022552205714772,0,False
2020-06-11,9280.4,9.135659928299596,-4.480178481198515,-0.757540429773111,-1.2611245194203584,-1.2845255739337225,-1.2738864852280596,0.9984071437225746,0,False
2020-06-12,9465.13,9.15536979836157,-4.464583272553833,-1.4636642148914225,-1.2471103218246158,-1.2700153133535532,-1.2596207924480431,0.9940015405725191,0,False
2020-06-13,9473.34,9.156236816712502,-4.449004222666489,-1.4711157663395404,-1.247285667104441,-1.2701097455352535,-1.2597537203410094,0.9896483797279764,0,False
2020-06-14,9342.1,9.142286345350726,-4.434586881198073,-1.5121467644703563,-1.25911949095856,-1.2822023557600666,-1.2717160468620137,0.9858329613655133,0,False
2020-06-15,9426.02,9.151229229272216,-4.419555919253246,-1.5009702060028722,-1.2531793854491846,-1.2760093236942798,-1.2656438919558055,0.9817936406897497,0,False
2020-06-16,9525.59,9.161737140333777,-4.403793419380479,-1.4863416472622335,-1.2457957035232616,-1.2683342598105602,-1.2581074132125352,0.9774839360513317,0,False
2020-06-17,9465.14,9.155370854870535,-4.388607086175665,-1.5095359791296308,-1.2517479450453814,-1.2743798142198275,-1.2641015404881197,0.9734601142514878,0,False
2020-06-18,9386.32,9.147008589103692,-4.374148376570809,-1.536921185642225,-1.2591587318508146,-1.281929854442952,-1.27157668318395,0.9697752353481421,0,False
2020-06-19,9310.23,9.138869074584647,-4.360396599185031,-1.5635112605559778,-1.2662323417103325,-1.2891374904536719,-1.2787111075406172,0.9664094698438277,0,False
2020-06-20,9358.95,9.14408838369187,-4.346316420533696,-1.5603161898982523,-1.2632273087633323,-1.2859763371229327,-1.2756174918570693,0.9629377234113609,0,False
2020-06-21,9294.69,9.137198548335258,-4.332844802184485,-1.5837172122572967,-1.2692954217037828,-1.2921239475253332,-1.2817321735955804,0.9597375726679767,0,False
2020-06-22,9685.69,9.1784048174954,-4.316264248665244,-1.2348143784744587,-1.2388274908943264,-1.2605780930417099,-1.2511073857662045,0.9552996550145161,0,False
2020-06-23,9624.89,9.172107730519249,-4.300258291159857,-1.5243200760197315,-1.2449111631854037,-1.2667030161572657,-1.2572331798765193,0.9511449302088737,0,False
2020-06-24,9296.49,9.137392188545899,-4.287018302362267,-1.3776343906549045,-1.2735924314958105,-1.296137526136924,-1.2863021190651451,0.9481324944988841,0,False
2020-06-25,9249.49,9.132323693851339,-4.274242262304786,-1.62680381933226,-1.278195354495604,-1.3007575538421325,-1.2909302322653433,0.9453199760581084,0,False
2020-06-26,9162.21,9.122842694943671,-4.262268643111083,-1.6547754408253703,-1.2858788357179074,-1.308562806537403,-1.2986884507119207,0.9428303671664142,0,False
2020-06-27,9012.0,9.106312301552135,-4.2516378560563854,-1.6976098419702306,-1.2981401470321081,-1.3211022528106442,-1.3111002139138226,0.9408534108472432,0,False
2020-06-28,9116.35,9.117824783661014,-4.240179378275229,-1.6802666631559002,-1.2914941876877595,-1.3141303984340278,-1.3043009460173045,0.9385756307992048,0,False
2020-06-29,9192.56,9.12614974021423,-4.228143050771793,-1.6697732450123923,-1.286714624085507,-1.309091860689881,-1.2993990388653922,0.9360921119987514,0,False
2020-06-30,9138.55,9.120257008536973,-4.216628742927574,-1.6893560623804567,-1.2917433532805789,-1.3141770477092085,-1.304461893778174,0.9338151586107627,0,False
2020-07-01,9232.0,9.13043098874788,-4.204394342574716,-1.6749609438735573,-1.2856358562527581,-1.3077801899610757,-1.2982110318286118,0.9312811096317547,0,False
2020-07-02,9086.54,9.114549476646662,-4.1934535352250855,-1.7152961794119086,-1.297673757457611,-1.320102552209958,-1.3103947130995552,0.92923595114033,0,False
2020-07-03,9058.26,9.111432327612357,-4.182815647381248,-1.7285577003582229,-1.3006913903039414,-1.323128969912916,-1.3134158958913016,0.9273068203832192,0,False
2020-07-04,9135.46,9.119918823318791,-4.171584182388354,-1.7175773666636975,-1.2959843973559801,-1.3181916714600603,-1.308587318435904,0.9251683823162652,0,False
2020-07-05,9069.41,9.112662491379252,-4.160976258514599,-1.7392466931338584,-1.301822623194828,-1.3241350725737617,-1.3144743688649618,0.9232623332438504,0,False
2020-07-06,9344.2,9.142511108948533,-4.148127066268836,-1.4817058077755023,-1.2824823638757317,-1.3041238372563002,-1.2947777300761154,0.9205466548758723,0,False
2020-07-07,9257.39,9.133177430459543,-4.136068928235775,-1.710285583040015,-1.2901852862574963,-1.3119908325949212,-1.3025554998475872,0.9181374788795116,0,False
2020-07-08,9436.06,9.152293799133886,-4.122604208829946,-1.6777594963765958,-1.2772767605639361,-1.2986311475267152,-1.2893978111674609,0.9152250142320689,0,False
2020-07-09,9232.43,9.13047756478625,-4.11089580724983,-1.6595528929319017,-1.2944093934198928,-1.3162149518289692,-1.3067516098398624,0.9129717702188828,0,False
2020-07-10,9288.34,9.136515129081547,-4.098788025238312,-1.7229965473877211,-1.291054572678846,-1.3127060789714424,-1.303297880514755,0.9113643898595372,0,False
2020-07-11,9234.03,9.130650851924555,-4.087200324129011,-1.7411506720526289,-1.2961334707450276,-1.3178908995959302,-1.3084116827733703,0.9116585729116922,0,False
2020-07-12,9302.75,9.138065334355767,-4.075106702830092,-1.7323748980432363,-1.2918103816291162,-1.3133933935762638,-1.3042883205297255,0.9120459447058223,0,False
2020-07-13,9242.62,9.131580674226637,-4.063580905995942,-1.7515550437649656,-1.297339598485154,-1.3189966687586143,-1.3098606751445308,0.9123402599010206,0,False
2020-07-14,9255.85,9.13301106303779,-4.052010310207421,-1.7547125380987256,-1.2972396604957843,-1.3187762954307367,-1.3097113444377644,0.9126478208827605,0,False
2020-07-15,9197.6,9.126697859439531,-4.040991956166623,-1.7732790245821008,-1.302563860457035,-1.324145573428178,-1.3150754120491601,0.9128645372046916,0,False
2020-07-16,9133.72,9.119728338578343,-4.030573951139957,-1.7929954376209376,-1.3082390010661837,-1.3298836054947043,-1.320797513619329,0.9129812643360365,0,False
2020-07-17,9154.32,9.121981177998267,-4.020042958000377,-1.7942671684421554,-1.3076536267537728,-1.3292340402618845,-1.3201544913112349,0.9131237362858396,0,False
2020-07-18,9170.28,9.123723099135491,-4.009438886037826,-1.7965127321032746,-1.3073985997170843,-1.3289578058821272,-1.3198417339116646,0.9132847919302798,0,False
2020-07-19,9208.99,9.127935459826544,-3.998571754195735,-1.7938622593023696,-1.30545175772186,-1.3269587925035546,-1.3178060614101892,0.913497549877271,0,False
2020-07-20,9160.78,9.122686606881306,-3.988171697960062,-1.8097579535852246,-1.3099521743372968,-1.3315548730486853,-1.3223317040188884,0.9136341031647235,0,False
2020-07-21,9390.0,9.147400572202308,-3.975928395346062,-1.5921133463836408,-1.2938767274931506,-1.3152177755943801,-1.30591897600193,0.9140943756652171,0,False
2020-07-22,9518.16,9.16095683179402,-3.9627097298503924,-1.6952925512872823,-1.2846881838793953,-1.305951082083792,-1.296517666966647,0.9147233140633816,0,False
2020-07-23,9603.27,9.169858944456402,-3.9488787137143095,-1.7347866092937745,-1.2786587862706558,-1.299937345194323,-1.2903303752816462,0.915458026601596,0,False
2020-07-24,9537.8,9.163018129881769,-3.935650651049476,-1.753654636478284,-1.284861946972209,-1.3063514517601615,-1.2965813728748792,0.9160979012541863,0,False
2020-07-25,9700.42,9.179924462523173,-3.9211941529538086,-1.7266663872984238,-1.2725145887405966,-1.2940034384078205,-1.2839703478277935,0.9169434418985799,0,False
2020-07-26,9931.54,9.203470830613885,-3.9050037668200037,-1.6171348342586764,-1.2538920735365326,-1.2753731491224014,-1.2649842187556741,0.918068491592855,0,False
2020-07-27,11029.96,9.308370485767718,-3.8808251180988758,0.20089499702862534,-1.1576463283257745,-1.1784476716879244,-1.1671710017779242,0.9203387486385541,1,False
2020-07-28,10906.27,9.297093132194044,-3.8576409778018124,-0.8197229868837579,-1.1708751594316884,-1.1921541493358767,-1.1805317009469267,0.9224820094170865,0,False
2020-07-29,11100.53,9.314748133908285,-3.8332202185030666,-0.9380501325619284,-1.1519530503295083,-1.1735125821188597,-1.161261857278802,0.9247909356210415,0,False
2020-07-30,11099.61,9.314665251548037,-3.808933913743398,-1.142044798090772,-1.1526244181146281,-1.1746323163486037,-1.1618773330850367,0.9270862502543274,0,False
2020-07-31,11335.46,9.335691144385505,-3.7831587484526343,-1.0967134757668904,-1.1290891996668433,-1.151479475803736,-1.137928339599639,0.9295739739425085,0,False
2020-08-01,11801.17,9.37595395808084,-3.7544252152337405,-0.8981061877885574,-1.0810948137799639,-1.103878604499501,-1.089643328962467,0.9324183841536939,0,False
2020-08-02,11071.35,9.312115969486749,-3.7307464321701347,-0.7154894254584572,-1.1614255591654143,-1.184644216409621,-1.171047200860089,0.9346465836476561,0,False
2020-08-03,11219.81,9.325436244886959,-3.706169510087744,-1.4768406471290527,-1.1470097945362185,-1.1703973187614165,-1.1563647960137435,0.9369947515960343,0,False
2020-08-04,11191.97,9.322951835855664,-3.6819125476748424,-1.5191864229072483,-1.1504335562888677,-1.1740391751177075,-1.159779299408202,0.9393056111302488,0,False
2020-08-05,11744.91,9.371175234228405,-3.654083679050528,-1.0642164916372923,-1.0947961103349557,-1.1178978276591138,-1.1032940538459197,0.9420588804349419,0,False
2020-08-06,11762.46,9.372668383250232,-3.6262873910255506,-1.3672376976405867,-1.0933674768300363,-1.116318319387296,-1.1018378130025608,0.9448121162561864,0,False
2020-08-07,11594.23,9.358262839550074,-3.5997421791902617,-1.472206785091625,-1.1119767771652878,-1.1352585908629298,-1.1205964845938992,0.9474204873255422,0,False
2020-08-08,11761.41,9.372579112224615,-3.5722403555269904,-1.4517756358315785,-1.0947806555000252,-1.1175306634178463,-1.1032326621088009,0.9501466484519597,0,False
2020-08-09,11681.68,9.365777081655306,-3.545404891551789,-1.4700833794960955,-1.1038044190664995,-1.126654091093317,-1.112321250815216,0.9527975825099604,0,False
2020-08-10,11892.92,9.383698544058696,-3.51733963111672,-1.4431872304936773,-1.0818866942220482,-1.104087392837092,-1.0901945717024066,0.9555967923055787,0,False
2020-08-11,11392.08,9.34067365609901,-3.4927146681000774,-1.1786244411329727,-1.1366176278172524,-1.1600271316654542,-1.1453931113987152,0.9579830396595741,0,False
2020-08-12,11564.33,9.355680639567533,-3.4670722896679114,-1.5063446811667232,-1.1194284516382549,-1.1422985249671955,-1.1280344079691726,0.9605004028909446,0,False
2020-08-13,11780.0,9.374158457205578,-3.4401531196551223,-1.47852202489221,-1.0974566495903137,-1.119669415410662,-1.1058517876618237,0.9631761872885819,0,False
2020-08-14,11760.54,9.37250513876575,-3.4135029427374906,-1.4870623128533593,-1.1000023545205686,-1.1221556678848283,-1.108405243240215,0.9658236928025948,0,False
2020-08-15,11852.4,9.380285657702082,-3.386399821846502,-1.4785657751181909,-1.0907831152972298,-1.1125887114005135,-1.0990896639260423,0.9685288186202271,0,False
2020-08-16,11911.0,9.385217621880901,-3.359064035546592,-1.4751966853855696,-1.0850366396927837,-1.1065823443322673,-1.0932774666065972,0.971265090527371,0,False
2020-08-17,12281.13,9.415819217011569,-3.3295384714560443,-1.4262030334774705,-1.0462341163263702,-1.0667391091341762,-1.0541181371047235,0.9742529615702418,0,False
2020-08-18,11945.01,9.388068896929923,-3.3022867295119505,-1.4815996022169389,-1.083556908407009,-1.1048199974933837,-1.0917504561678288,0.9769872800511035,0,False
2020-08-19,11754.59,9.371999081590902,-3.2764048033988917,-1.5156751423447616,-1.1043166755920553,-1.1259592200615984,-1.1126786925523091,0.979561814244528,0,False
2020-08-20,11853.55,9.380382679757803,-3.2500216541539713,-1.5060505650561669,-1.0944923482052362,-1.1157859548397455,-1.1027519288506806,0.9822007327300225,0,False
2020-08-21,11531.34,9.352823825070528,-3.2258776788605505,-1.5235818857181185,-1.1289290691482001,-1.1509364481185729,-1.1379007256873126,0.9845662781353558,0,False
2020-08-22,11662.96,9.36417328703585,-3.200998189863532,-1.5454195000416677,-1.1160611767092854,-1.1376555178364514,-1.1248927549622956,0.9870285537120482,0,False
2020-08-23,11648.13,9.362900931088472,-3.1763479692675003,-1.5527217773694086,-1.118101762211934,-1.139642293727959,-1.1269348535387138,0.9894659115054937,0,False
2020-08-24,11748.2,9.371455316347928,-3.1511783079634434,-1.5427268334611928,-1.108365491440294,-1.129563684781053,-1.117088792431539,0.991971857110965,0,False
2020-08-25,11318.42,9.33418676604381,-3.1289767017118053,-1.3035078162189069,-1.1533856955004556,-1.1755856328278034,-1.1625169380802476,0.9940988415512162,0,False
2020-08-26,11461.43,9.346742764334035,-3.105939533712906,-1.5964316814386152,-1.1398215998774441,-1.1615804270624053,-1.1488043773777394,0.9963404811515377,0,False
2020-08-27,11330.38,9.33524289273588,-3.0838994491440235,-1.6213268495662716,-1.1534909082671363,-1.1754901811930383,-1.1625874832260528,0.9984534546442515,0,False
2020-08-28,11526.91,9.352439580814828,-3.0606711939986266,-1.5962449123097386,-1.134699889263364,-1.1561205301791728,-1.1435976358503308,1.0007275406684286,0,False
2020-08-29,11465.84,9.347127459071297,-3.037970629779529,-1.610212686098974,-1.1413705289256324,-1.1628517914653516,-1.1503146303702971,1.0029362519617169,0,False
2020-08-30,11711.16,9.368297512317522,-3.013784568143463,-1.5784335427596095,-1.1175330255845646,-1.1383034747797542,-1.126231505178793,1.0053407675881354,0,False
2020-08-31,11649.51,9.363019398023459,-2.9901283671004535,-1.5922820511040632,-1.1243304985571212,-1.1451575149236608,-1.1330758140645587,1.007681591858287,0,False
2020-09-01,11921.97,9.38613819542039,-2.964844994180201,-1.5573527501566111,-1.0974237180630215,-1.1174590743477406,-1.105896634359473,1.010230093473266,0,False
2020-09-02,11388.54,9.340362865608805,-2.9431679464101816,-1.1086385247099446,-1.153167755587164,-1.1744909065095546,-1.1621472278908063,1.0123178984718941,0,False
2020-09-03,10140.85,9.224327100061915,-2.9304041041485207,0.4747713815960184,-1.2755224646851868,-1.3000384768906754,-1.2856893356088408,1.0130577943454981,1,False
2020-09-04,10446.25,9.253998341315645,-2.9154667990043506,-0.6644649554047124,-1.2513582503901945,-1.2750788852288644,-1.2612463699069347,1.0141582516504941,0,False
2020-09-05,10166.69,9.226871969006726,-2.902670578536152,-0.6480067388456647,-1.2759082261975736,-1.3002498332223098,-1.2860389661656653,1.0149126503911692,0,False
2020-09-06,10256.2,9.235637679750345,-2.8892859056328515,-0.9709727228262828,-1.2693634033023955,-1.2934235326851629,-1.27940587156169,1.015769391905564,0,False
2020-09-07,10373.44,9.2470039723477,-2.8751184179714198,-1.2441245730532593,-1.2603954859236668,-1.2841014800655435,-1.2703245252847237,1.0167585225795932,0,False
2020-09-08,10126.65,9.22292584166068,-2.862856997523382,-1.1635094373316344,-1.2818143454990971,-1.3060613862054713,-1.2919549954241472,1.0174366419532221,0,False
2020-09-09,10219.2,9.232023582807324,-2.8499799937456647,-1.3517789404941079,-1.275120967329758,-1.2990762154438569,-1.285171266996708,1.0182225175792148,0,False
2020-09-10,10336.87,9.243472394306758,-2.836312104439527,-1.5308520137612618,-1.2662323775845543,-1.2898289783130872,-1.2765834827665046,1.0191431615686928,0,False
2020-09-11,10387.89,9.248395983585256,-2.8223511122774365,-1.641016178761356,-1.2626962722592672,-1.2862139593681041,-1.2729879109020368,1.020115746483795,0,False
2020-09-12,10440.92,9.253487980159425,-2.8080856349508005,-1.7393550897452617,-1.2589511744912085,-1.2823844496840653,-1.2691812599866132,1.0211416706261511,0,False
2020-09-13,10332.83,9.243081483935399,-2.7946905631254384,-1.7258774703572377,-1.2687829425661896,-1.2925341784414623,-1.2791030917142316,1.0220305811975872,0,False
2020-09-14,10671.77,9.275357216199025,-2.7789307393310803,-1.4131765780362127,-1.2412971914940678,-1.2642645891855273,-1.2512901077530663,1.0233003712640276,0,False
2020-09-15,10785.31,9.285940302035572,-2.762459048817057,-1.6134644297533418,-1.2320218719556721,-1.2547475372510442,-1.2418945959468575,1.024683325132025,0,False
2020-09-16,10954.01,9.301460878251776,-2.7449052206678215,-1.622569488878149,-1.2176754602839568,-1.2400175317713036,-1.2273748499850299,1.0262324350543728,0,False
2020-09-17,10939.99,9.300180161898773,-2.727545728041479,-1.777191269632447,-1.2195700597038046,-1.2419883801964067,-1.229269830010963,1.0277565461136213,0,False
2020-09-18,10933.39,9.299576688617524,-2.7103284696870666,-1.7820083147124812,-1.2207924166645192,-1.243270056000393,-1.2304855170832814,1.0292633135297855,0,False
2020-09-19,11080.65,9.312955622840523,-2.6921952813650245,-1.7638660498428693,-1.208129685340519,-1.2302969453885477,-1.2176691802647617,1.030908639122409,0,False
2020-09-20,10920.28,9.298376889995811,-2.6752647328728125,-1.7916502971874722,-1.2234552915489865,-1.2460689586622355,-1.2331361471308613,1.032380289677971,0,False
2020-09-21,10417.22,9.25121548508562,-2.661994498645264,-1.0731711807479072,-1.2690927659825753,-1.2930466690472062,-1.2792442668795814,1.0332829361093545,0,False
2020-09-22,10529.61,9.261946567405095,-2.647991614975047,-1.715125439977109,-1.2604780613655182,-1.2842090866185871,-1.2705136017806289,1.0343083464155307,0,False
2020-09-23,10241.46,9.234199466555204,-2.636167752499027,-1.5138684757356424,-1.2853836803727938,-1.3099046741868554,-1.2956779526946482,1.0349798096443152,0,False
2020-09-24,10736.32,9.28138766502658,-2.6208499680951998,-1.0719030198639412,-1.246277093998697,-1.2696549655961948,-1.2561077091609472,1.0362205588726807,0,False
2020-09-25,10686.67,9.276752449410544,-2.6059700620574446,-1.6162791055172576,-1.2512445726811026,-1.274803178962605,-1.2611097481612263,1.0373970079452066,0,False
2020-09-26,10728.6,9.280668351809211,-2.590880013636822,-1.7766712725399847,-1.2483054254652812,-1.2718165327902633,-1.2581192094568179,1.0386102020975652,0,False
2020-09-27,10774.25,9.284914306980923,-2.575555897910102,-1.8405328885965797,-1.2450208526040827,-1.2684731711785258,-1.2547796551456607,1.0398636119279747,0,False
2020-09-28,10696.12,9.27763633786619,-2.5608692407650695,-1.8557600619734753,-1.2524630180293057,-1.2761690771893377,-1.262283177890368,1.041021665961027,0,False
2020-09-29,10840.48,9.29104255445609,-2.5452551364290086,-1.8377090000542815,-1.2407389867248564,-1.2641365498933557,-1.2504123082087182,1.0423274044561015,0,False
2020-09-30,10776.59,9.285131467890585,-2.5301764653605963,-1.8506594834339039,-1.2469739193116622,-1.270588587625758,-1.2571037647046377,1.0435544730032478,0,False
2020-10-01,10619.13,9.270412370536274,-2.5162957911516055,-1.8091216276153923,-1.261242510284279,-1.2852145801796642,-1.2715138449382946,1.044597067031794,0,False
2020-10-02,10570.4,9.265812921100007,-2.502843885995791,-1.8883922491108975,-1.2660329984089542,-1.290084735641125,-1.2763385188827836,1.0455750237909431,0,False
2020-10-03,10542.06,9.26312824891859,-2.489674367197143,-1.895978548056362,-1.269091220708407,-1.2931710562950347,-1.27941107624358,1.0465115071908198,0,False
2020-10-04,10666.63,9.274875455607846,-2.475696899432482,-1.87654786556797,-1.259429198551096,-1.283146502649235,-1.2696149685754838,1.0475814873748346,0,False
2020-10-05,10792.21,9.286579856556685,-2.4609183439688023,-1.8653478513878807,-1.2494673903666578,-1.2728135546245816,-1.259517233181858,1.0487811595478889,0,False
2020-10-06,10599.66,9.268577204114031,-2.4475836145924834,-1.7334070821474041,-1.266687589927803,-1.290485246742129,-1.276913005164541,1.0575440730994505,0,False
2020-10-07,10666.39,9.274852955277371,-2.4338548548030117,-1.890573532994627,-1.2618031100083624,-1.2853809455494383,-1.271950518568234,1.0719542209439372,0,False
2020-10-08,10925.57,9.298861192515822,-2.418396350323625,-1.595780200932405,-1.240599518024387,-1.2634586179697533,-1.2504821910426691,1.0866920562099782,0,False
2020-10-09,11050.64,9.310243623820721,-2.4021681229910787,-1.728221685705443,-1.2302958608875587,-1.2527705314245545,-1.2400418491894138,1.1009386322488235,0,False
2020-10-10,11293.22,9.3319578246284,-2.384394741235524,-1.6327309485026242,-1.2093594442554665,-1.2311365248702382,-1.218853003568679,1.1132422900637822,0,False
2020-10-11,11369.02,9.338647391297231,-2.3662161627374516,-1.7164723995472126,-1.2030189197947996,-1.2245272661439484,-1.212422435165097,1.128347764719096,0,False
2020-10-12,11528.25,9.352555823773152,-2.3470903129094864,-1.6960425866695124,-1.1889381622028143,-1.209952604036254,-1.1981689853735746,1.142741554632714,0,False
2020-10-13,11420.56,9.343170518785321,-2.3287770266499894,-1.8032275704229435,-1.199581217607634,-1.22081308018877,-1.2089039841400937,1.1539426150899732,0,False
2020-10-14,11417.89,9.34293670256643,-2.310583042361297,-1.806879927939256,-1.2004044961973286,-1.2215718728329545,-1.2097147809776574,1.1593219559200698,0,False
2020-10-15,11505.12,9.35054743266279,-2.2919170326261122,-1.798315176847914,-1.1929456531827247,-1.2138060222819327,-1.2021546599314386,1.161714452310059,0,False
2020-10-16,11319.32,9.334266279281481,-2.2745803584983997,-1.771281844785709,-1.2107787065961841,-1.2320705958829976,-1.220157245917096,1.1627943976149282,0,False
2020-10-17,11360.2,9.337871297753967,-2.2570696783253776,-1.8245660005025366,-1.207660980781539,-1.2287715485367787,-1.2169845985954346,1.1640285859661248,0,False
2020-10-18,11503.14,9.350375320560016,-2.2387160633699033,-1.8084436378270605,-1.1952322634900663,-1.2158843620994995,-1.2044007639207,1.1660611323117225,0,False
2020-10-19,11751.47,9.371733618130133,-2.218857297335276,-1.6542499124958339,-1.1728666366178306,-1.192770485598662,-1.1817761984274509,1.1694573799532757,0,False
2020-10-20,11909.99,9.38513282271843,-2.1980995581811396,-1.7360262517680574,-1.158410389871357,-1.1777985485733287,-1.1674521111705145,1.173604046419034,0,False
2020-10-21,12780.96,9.45571184248125,-2.1721469561252653,-0.5243586974571322,-1.075959003278922,-1.0929852301752825,-1.0840925677897386,1.1814802644734832,0,False
2020-10-22,12968.52,9.470280161316085,-2.145238281072281,-0.9178522720553366,-1.0572622774324885,-1.0737297065684537,-1.0651794358155635,1.1898490958914063,0,False
2020-10-23,12923.07,9.46676936520943,-2.1187375949134615,-1.2958373832053411,-1.0624219576304363,-1.0789700271813012,-1.070366499556445,1.1979540407328388,0,False
2020-10-24,13111.73,9.481262528387369,-2.0912904914922716,-1.299944091386621,-1.043524266913917,-1.0596470528512547,-1.0512517546176103,1.2065283250920613,0,False
2020-10-25,13028.83,9.474919873301399,-2.0644666977969877,-1.4702264903739055,-1.05260001908799,-1.0688893523453604,-1.0603940696271235,1.2147302079265754,0,False
2020-10-26,13052.19,9.476711214763249,-2.0376524296123626,-1.5424508952679907,-1.0506580083123607,-1.0669733057666768,-1.0584074941160952,1.2228870271955956,0,False
2020-10-27,13636.17,9.520481100179202,-2.007699454221083,-1.1378152473362022,-0.9914751153275633,-1.0065586689661938,-0.9985840499613732,1.2324562773998848,0,False
2020-10-28,13266.4,9.492989801899888,-1.9799681266031053,-1.5121489241344155,-1.0313334741061972,-1.0473086214542477,-1.0388306290078786,1.2410197125529638,0,False
2020-10-29,13455.7,9.507158087077155,-1.9513243274846792,-1.5367791951875804,-1.012226555580492,-1.027672257622037,-1.0194913507164287,1.2499967567119585,0,False
2020-10-30,13560.1,9.514886936098463,-1.9222557855417188,-1.5460925398246577,-1.0017289924179795,-1.0170038366771035,-1.0089267103844484,1.2591317618507145,0,False
2020-10-31,13791.0,9.531771484474337,-1.892080050651732,-1.496672037498178,-0.9775187401939552,-0.9928376657751875,-0.9849961055097722,1.2686792653307735,0,False
2020-11-01,13761.5,9.529630117173905,-1.8622270512804966,-1.5621971767791274,-0.9810743369692979,-0.9963949975641921,-0.9886019537691974,1.2780754441864397,0,False
2020-11-02,13549.37,9.514095330762002,-1.8336960760840388,-1.6109112748800904,-1.0042973837119797,-1.019807237796487,-1.01171455433093,1.286842396237031,0,False
2020-11-03,14023.53,9.548491912063424,-1.8027490923381728,-1.3515735406603602,-0.9547998936072472,-0.9698111014563551,-0.9626782277297399,1.2965809233109502,0,False
2020-11-04,14144.01,9.55704649189075,-1.7713305828654384,-1.545081673165102,-0.94220650414246,-0.9571521760135657,-0.9502573706372325,1.306438575024128,0,False
2020-11-05,15590.02,9.654386244924636,-1.7328193178913376,0.09696908283349215,-0.7903972249375216,-0.8042778376520422,-0.7994447016351036,1.3159240996503951,1,False
2020-11-06,15579.92,9.653738184623366,-1.694570371445172,-0.7254257334112502,-0.7920901021016014,-0.8059599234961243,-0.8011911788817018,1.3255839787929615,0,False
2020-11-07,14818.3,9.603618182418847,-1.6602662260790395,-0.9901725158005041,-0.8792323261415141,-0.8937412057293189,-0.8879041995280663,1.3358691667442595,0,False
2020-11-08,15475.1,9.646987559567458,-1.6229221876727773,-1.145682389313821,-0.8087801938954611,-0.8227427073585745,-0.8179043127924194,1.3458887338976724,0,False
2020-11-09,15328.41,9.637463248287148,-1.5864928456317273,-1.3416222053232842,-0.8256400360176644,-0.8397506442359917,-0.8348791157054823,1.3561121887539005,0,False
2020-11-10,15297.21,9.635425737811032,-1.5504156598407755,-1.3885678756101154,-0.8296000841317052,-0.8437360672695137,-0.8388790167770384,1.366390110049825,0,False
2020-11-11,15684.24,9.660411665513966,-1.5126827189380168,-1.308536354825985,-0.7879468673276556,-0.801629331417147,-0.7974658832823698,1.3764084044792557,0,False
2020-11-12,16291.86,9.698420875556817,-1.472340837789345,-1.1723613456641946,-0.7222243762324446,-0.7357355172259381,-0.7319169102594016,1.3854238941296226,0,False
2020-11-13,16320.7,9.700189519755119,-1.4320951098989048,-1.2010420856143793,-0.7197199933811625,-0.7333274132054789,-0.7294291036446143,1.39459159797573,0,False
2020-11-14,16070.45,9.684737460828606,-1.3932193484322721,-1.3033202662591297,-0.7483943174123262,-0.7618080301172839,-0.7580905500008404,1.4044256744436419,0,False
2020-11-15,15957.0,9.677652883410428,-1.3550846512455494,-1.3656287322622447,-0.761597571505053,-0.775081907896814,-0.7712960917721485,1.4145142892094582,0,False
2020-11-16,16713.57,9.723976243294935,-1.3137414290824363,-1.0751258390364602,-0.6805719456797985,-0.6943304600855038,-0.6902218203341132,1.4232981841445371,0,False
2020-11-17,17659.38,9.779022365953896,-1.2685720921372208,-0.645998846417716,-0.5787907032906696,-0.5922085119862447,-0.5881063665013327,1.4289005529270775,0,False
2020-11-18,17776.12,9.785611262531694,-1.223180385467879,-0.9477240543287075,-0.5668967692872823,-0.5801013288206583,-0.576118791567446,1.4345863306300588,0,False
2020-11-19,17802.82,9.787112150698242,-1.1779431573116708,-1.0386522448185356,-0.5650609096871179,-0.5781699708636464,-0.574231605306112,1.4407559397391885,0,False
2020-11-20,18655.67,9.833905400314528,-1.1295315327112598,-0.8775335998486096,-0.4734290566175156,-0.48595554283190456,-0.48187672864456865,1.4432274814970802,0,False
2020-11-21,18703.8,9.836481990754766,-1.0812202494566825,-0.9078762597184011,-0.4695495020878355,-0.4820582060880792,-0.4778980023862494,1.4464200315266103,0,False
2020-11-22,18414.43,9.820889875372687,-1.0343398818642104,-0.9994302877329273,-0.5032383926994238,-0.5159208979653965,-0.511766011148945,1.4519012252825971,0,False
2020-11-23,18368.0,9.818365299119293,-0.9879213998661001,-1.0383726678105005,-0.5097040323458973,-0.522421470212668,-0.5182118760528112,1.4581910775143025,0,False
2020-11-24,19160.01,9.860580573445384,-0.9386927592721145,-0.9087861120784992,-0.4257953594529654,-0.43823153360718314,-0.4335810570837966,1.4613658876142384,0,False
2020-11-25,18719.11,9.837300206166349,-0.8914588793905392,-1.024293420275315,-0.47618768592269606,-0.48873228113640466,-0.48429928306722947,1.46743328587725,0,False
2020-11-26,17149.47,9.749722548326467,-0.8508838045494636,-0.12107757840628208,-0.653951748174143,-0.6673552382172824,-0.6632336248405054,1.4775872718906866,0,False
2020-11-27,17139.52,9.749142187092188,-0.8105815619908247,-0.8596395868180344,-0.655925105814533,-0.6693360395484862,-0.6651754222780263,1.4877990290787542,0,False
2020-11-28,17719.85,9.782440759111957,-0.7680881846994171,-1.2955282734654412,-0.5960143247017151,-0.6091033044155002,-0.6048068732772814,1.4975068138301053,0,False
2020-11-29,18184.99,9.808351807517171,-0.7239584500509519,-1.2319213987819777,-0.5480577431029189,-0.5609188268785592,-0.5565435264772955,1.506503105855776,0,False
2020-11-30,19695.87,9.888164248077514,-0.6742993253261511,-0.30078098208548987,-0.39168876862345287,-0.40657719126936487,-0.4007421896401643,1.5103359559904654,0,False
2020-12-01,18764.96,9.839746579938819,-0.6284458852063242,-1.0262401687053022,-0.4965635150312836,-0.5093084044642351,-0.5046663966336933,1.518486442390646,0,False
2020-12-02,19204.09,9.86287855616349,-0.5811906831090998,-1.1144376553063273,-0.45064934128674217,-0.46482895408886127,-0.45957352882874003,1.5256029424468256,0,False
2020-12-03,19421.9,9.874156574340715,-0.5334030069437956,-1.098556048063597,-0.4285022582418957,-0.4437423021721996,-0.43795987225608923,1.5324002371503076,0,False
2020-12-04,18650.52,9.833629306720798,-0.48882209546421873,-1.2078319037745318,-0.5140690252969556,-0.5275868372764567,-0.5227839888798945,1.5417103290369683,0,False
2020-12-05,19147.66,9.859935793931106,-0.44260859816546744,-1.18319674737305,-0.4626586757404011,-0.4778460525199687,-0.4722557615210154,1.5501107808629067,0,False
2020-12-06,19359.4,9.870933368614777,-0.39587826933076925,-1.1672758109633157,-0.44140517322089656,-0.45761781290622283,-0.4515194633021863,1.5582424340725822,0,False
2020-12-07,19166.9,9.860940111956275,-0.35014303515214856,-1.2131534782438704,-0.4631869245068696,-0.4792470921131682,-0.4733173320094149,1.5671672950309294,0,False
2020-12-08,18324.11,9.815972958044716,-0.3079009098588551,-1.1041415294172596,-0.5549989921748834,-0.5691639519177691,-0.5642741289456494,1.5774182219080177,0,False
2020-12-09,18541.28,9.8277548766504,-0.265059310075208,-1.2976973511553545,-0.533282122067702,-0.5483435736340727,-0.5430918612787679,1.5876065345485648,0,False
2020-12-10,18254.63,9.812174025464719,-0.2235802560582755,-1.3229074798375804,-0.5643729891342594,-0.5790613312851054,-0.5740446725388351,1.5979460473178164,0,False
2020-12-11,18036.53,9.800154424782322,-0.18319840421905378,-1.343010504469828,-0.5880111198265491,-0.6025389866141941,-0.5976298722647366,1.6082212964671228,0,False
2020-12-12,18808.69,9.842074276063348,-0.14005694241321495,-1.1735490644418163,-0.5103713173722365,-0.5272290557758912,-0.5212081784310372,1.6184124067290173,0,False
2020-12-13,19174.99,9.861362104722936,-0.09579208395378412,-1.264834909405949,-0.473788838987902,-0.49091229351142973,-0.48528359024021617,1.628313885408361,0,False
2020-12-14,19273.14,9.866467695720818,-0.05142338404986894,-1.2609957090170418,-0.4648260954963251,-0.4821745835513118,-0.47662646329333463,1.6382179932183216,0,False
2020-12-15,19426.43,9.874389788999904,-0.006752044317655773,-1.2532561874514456,-0.4502739999365833,-0.4680269456347459,-0.4623900405736463,1.6480479540928448,0,False
2020-12-16,21335.52,9.968128568420934,0.04430992438540353,0.026148198619772245,-0.2635019260503381,-0.28358115172266085,-0.27681537583569177,1.6521852054890942,1,False
2020-12-17,22797.16,10.034391245780608,0.0997518086333867,0.3180408805604862,-0.05026183856494845,-0.13851434010326505,-0.11079955266548723,1.6487083590236884,1,False
2020-12-18,23107.39,10.047907758768412,0.1557937187145864,-0.06751021196497087,-0.0059363702790767685,-0.10383968887415472,-0.07127324938583332,1.6448528061456962,0,False
2020-12-19,23821.61,10.078348430885457,0.21362205623364217,-0.08488894589262008,0.10246588622020018,-0.021988009631703442,0.03169825149412373,1.6377893877654532,0,False
2020-12-20,23455.52,10.062861140629787,0.2699799822302137,-0.5391243661904075,0.04673533653927007,-0.07193887849532914,-0.027951945862756376,1.6353273013118468,0,False
2020-12-21,22719.71,10.030988108669119,0.3237327965958751,-0.9357993082827643,-0.07731669998106229,-0.15766443646615305,-0.13057401324698684,1.6382934917736265,0,False
2020-12-22,23810.79,10.077894118266899,0.3804350808713446,-0.7050193616095533,0.08192221577713188,-0.04015423640593107,0.01418568352831751,1.6364632663628775,0,False
2020-12-23,23232.76,10.05331863058807,0.43504818362212216,-0.9334073647776941,-0.015443300609578084,-0.11301158758957931,-0.07326255866804778,1.6390436108727808,0,False
2020-12-24,23729.2,10.074461636261443,0.49078930146881167,-0.8928257871193646,0.05293503811976436,-0.05678041739442288,-0.00602388256176757,1.6443939543908914,0,False
2020-12-25,24712.47,10.115063253517588,0.5490009764674102,-0.739220282845775,0.19045560458967062,0.07943675399761126,0.13491068011159565,1.6541365748977,0,False
2020-12-26,26493.39,10.184650546898224,0.6116683628818262,-0.40310357474364666,0.4356978721672422,0.3293983118484671,0.38419269066760897,1.6627281870855612,0,False
2020-12-27,26281.66,10.176626636509297,0.6733460635110146,-0.5336770412146454,0.3921367413660436,0.28901373985843387,0.3439617314617783,1.6717604643160155,0,False
2020-12-28,27079.41,10.206528939491967,0.7366712137175105,-0.4413674951127313,0.49394638769439053,0.39387463041445847,0.44926333928025375,1.6803445734023026,0,False
2020-12-29,27385.0,10.217750697217822,0.8003301508432499,-0.45402275698991046,0.5279701043648607,0.42875349887212905,0.4828699192898584,1.6889262263008498,0,False
2020-12-30,28875.54,10.27075014894793,0.8671931772296856,-0.2432892521649075,0.7169463904500071,0.6219640423281727,0.6760435612706118,1.6962978704323872,0,False
2020-12-31,28923.63,10.27241418706809,0.9336871670204658,-0.3063778502013772,0.706579844634856,0.6133286367877656,0.6688540197784585,1.7040137163017663,0,False
2021-01-01,29331.69,10.28642378049563,1.0006611511511443,-0.3024406989665227,0.7451129094660159,0.6539647112756097,0.7107081495044207,1.711674420262735,0,False
2021-01-02,32178.33,10.37904852361243,1.0734720579092862,0.08661316103704841,1.0880172625022075,1.0000504637968453,1.0574817276356985,1.7162770602180148,2,True
2021-01-03,33000.05,10.404264355598984,1.1474364674090816,0.13836118113680618,1.168509610530822,1.0844433904430606,1.141886606004446,1.720439777669942,2,True
2021-01-04,31988.71,10.37313830702889,1.2187129386631135,-0.07748983409201227,1.0111377878623644,0.9286283767058876,0.9864209545554288,1.7265929114872913,1,False
2021-01-05,33949.53,10.432630289002944,1.2934671716103274,0.13518553465338634,1.2266754188542623,1.1493105130888288,1.2061994809862453,1.7308578278897906,2,True
2021-01-06,36769.36,10.512420168650232,1.3730023477435787,0.4307272665070627,1.5286430781396694,1.4559682566653616,1.5116311839229193,1.7319218157907148,2,True
2021-01-07,39432.28,10.582340049191815,1.456562582734727,0.6728024177917078,1.797041880476581,1.7281984034687032,1.7823107125505775,1.7300392734117507,2,True
2021-01-08,40582.81,10.611099856916374,1.5413136246814312,0.7301263925321231,1.8864368362674122,1.8206775095897927,1.8721282041651408,1.7278217537281133,2,True
2021-01-09,40088.22,10.598837804551064,1.6245005561526047,0.6107984760715426,1.7880769764518558,1.725827376100635,1.775325790666674,1.7277420697478847,2,True
2021-01-10,38150.02,10.549281560958862,1.703686741281306,0.3372323979270435,1.5272849380485096,1.4694221678325685,1.5160787227839534,1.7312468324207215,2,True
2021-01-11,35404.47,10.47459336233677,1.7772946426968437,-0.03278480670109962,1.1789709928108612,1.1241285006863815,1.1693513746760509,1.7382470078724854,1,False
2021-01-12,34051.24,10.435621727948348,1.8477685701212534,-0.20752934597216477,1.0040785649555755,0.9629620674749815,0.9957191102235617,1.746670769305147,1,False
2021-01-13,37371.38,10.528660449814833,1.9237962353000737,0.08361972568067788,1.3230954172259635,1.3011932819751884,1.314941574103087,1.75277866626531,2,True
2021-01-14,39144.5,10.575015206237063,2.0022338052848276,0.21841704835562537,1.4778735106884344,1.4581757277611622,1.4693725514711107,1.757743421746682,2,True
2021-01-15,36742.22,10.511681781548958,2.0759114253022286,-0.07933650149773408,1.19251720320937,1.1761665891318167,1.1845962667622856,1.7653489515153074,1,False
2021-01-16,35994.98,10.491134763270523,2.147681630378901,-0.20132589607729434,1.092953507551336,1.076817993774641,1.0852293417301384,1.773803692631531,1,False
2021-01-17,35828.61,10.486502015240033,2.2186011134989747,-0.25379150378354876,1.0561205613132054,1.0404042355342045,1.0484280925534075,1.7826262226346652,1,False
2021-01-18,36631.27,10.508657526206505,2.290403512266201,-0.21421356635452993,1.116364161676227,1.1000294390464254,1.1084868969346446,1.7912510481573662,1,False
2021-01-19,35891.49,10.488255499022445,2.3603462272811453,-0.28109791651958327,1.0225316434874714,1.0069218438188556,1.0148119189958722,1.8005003349652453,1,False
2021-01-20,35468.23,10.476392645197492,2.429003222273882,-0.3244564307058577,0.962837795693177,0.9475201380889702,0.9552088010950757,1.8101046533269947,1,False
2021-01-21,30850.13,10.336896243263068,2.488270565889815,1.0688804120392357,0.4622538464599362,0.44432895812979684,0.4555736830598812,1.8200468530330072,1,False
2021-01-22,32945.17,10.402599943449951,2.5513070069159136,-0.5340735685305318,0.6465768965129128,0.6305360888698542,0.6396656714549926,1.83027924701545,0,False
2021-01-23,32078.0,10.375925715897324,2.6122100875376875,-0.6053605221331875,0.5514198301419089,0.5349006541109811,0.5445387757283644,1.840408940893004,0,False
2021-01-24,32259.9,10.381580251860385,2.673049811069212,-0.6046131108648822,0.5582324092942766,0.5418905518485643,0.5511185999013782,1.8505330659397592,0,False
2021-01-25,32254.2,10.381403546302534,2.733458359917472,-0.6165530164279218,0.5474327564206839,0.5311525418787868,0.540134865661982,1.860608094359244,0,False
2021-01-26,32467.77,10.388003183957984,2.7938662189786836,-0.6135945037615,0.5570710401211527,0.5405315194209064,0.5495511932723657,1.8706806141045793,0,False
2021-01-27,30366.15,10.321083780165162,2.849662171431809,-0.6025484099220766,0.34691054987362946,0.3293341886749919,0.33975580090371427,1.87973177258793,0,False
2021-01-28,33364.86,10.415258529315116,2.9109827445531833,0.022384942508477668,0.5972228459002843,0.5800283105732654,0.5891224484880125,1.8899082160493808,1,False
2021-01-29,34252.2,10.441506075204126,2.9735155347047804,-0.34068887130003644,0.6646280985596034,0.6470369697301062,0.6562419049175601,1.900186455861159,0,False
2021-01-30,34262.88,10.441817831392296,3.035627898921328,-0.5499839742826262,0.6542183213612266,0.6359965170083471,0.645674005712283,1.9104403451893424,0,False
2021-01-31,33092.98,10.407076454279892,3.0951477841928257,-0.6357427485025942,0.5386654268598995,0.5198636268642272,0.5301517756989401,1.92034071286801,0,False
2021-02-01,33526.37,10.420087572341027,3.1550665675457665,-0.6189619839280627,0.5665040373297824,0.5471486255425351,0.5577768529930287,1.9303068452921828,0,False
2021-02-02,35466.24,10.47633653707402,3.2180497828016246,-0.5125136110132922,0.7179786880267978,0.6984749365232471,0.708847628271176,1.9406405214972524,0,False
2021-02-03,37618.87,10.535261065189648,3.284218900747036,-0.40152018657695665,0.8815513168435536,0.8605459702907042,0.8720525938438634,1.950984052851951,1,False
2021-02-04,36936.66,10.51695983277312,3.3487796714586175,-0.4513572534108343,0.8103422593816743,0.7899740889519181,0.8007809832898275,1.9613918930259304,0,False
2021-02-05,38290.24,10.552950312406777,3.4150814437102763,-0.3880553925347785,0.9064736576208335,0.8839032174763636,0.8966764933383441,1.9717721072559304,1,False
2021-02-06,39186.94,10.576098807002037,3.482311869242631,-0.3514513860367914,0.9639734693309017,0.9407864238518115,0.954003532883679,1.9821057952713885,1,False
2021-02-07,38795.69,10.566064436967023,3.5484335267830835,-0.38350837166537843,0.9176339798797334,0.8949532880494224,0.9075839421180252,1.9925383125889151,1,False
2021-02-08,46374.87,10.744512996671306,3.6249101162790898,1.942965743499184,1.429824823040566,1.4050693712099074,1.4190035011430908,2.000354599144161,2,True
2021-02-09,46420.42,10.74549472761171,3.7008210452715646,0.6068196071870826,1.4104404028215185,1.386309402392366,1.3996569171326485,2.008531493617167,2,True
2021-02-10,44807.58,10.710132600519547,3.7739835785328597,-0.13820898628849498,1.266820186956468,1.2430032253236376,1.2566727162078828,2.017829741499814,1,False
2021-02-11,47969.51,10.778320879726408,3.8506641934064882,0.0009179265313030704,1.4682283561633036,1.4450394735375531,1.4571318214638607,2.025836112880411,2,True
2021-02-12,47287.6,10.764003383662812,3.925859159991217,-0.05284340466295312,1.3967462482388642,1.3735303724847425,1.385620661618732,2.0345626052019594,1,False
2021-02-13,47153.69,10.761167545868947,4.000277846769549,-0.07167765982585284,1.366292174140854,1.3428805458892574,1.3549730437995988,2.0436485074011643,1,False
2021-02-14,48577.79,10.790921709549368,4.075867274079009,-0.022631521036768465,1.4436095930158155,1.4202762628850483,1.4317182736129923,2.052368429006011,1,False
2021-02-15,47911.1,10.777102489329732,4.150025489304203,-0.06432661716664079,1.3760199356781475,1.35267431464605,1.3641716697744501,2.0616730021829888,1,False
2021-02-16,49133.45,10.802295344557624,4.225075641310603,-0.024887199092127776,1.4378751964086536,1.4153382631588738,1.4256716541368053,2.0707331404068783,1,False
2021-02-17,52119.71,10.861298467140417,4.302984426662079,0.08242240915456378,1.6083675431532336,1.5839839460366678,1.5953823663663256,2.078670139188737,2,True
2021-02-18,51552.6,10.850357924642678,4.37960365882442,0.04698131701351471,1.5475004786147917,1.5231663099467276,1.5345585867622737,2.0872694572965043,2,True
2021-02-19,55906.0,10.931426987909191,4.4603157870074135,0.1964108646581253,1.7886964217926746,1.7617225930663811,1.7753028874054253,2.0939079930528317,2,True
2021-02-20,55841.19,10.930267048097432,4.5402657616465625,0.18102213045890858,1.7579666680865476,1.731236709153388,1.7445978579439596,2.1010987077734096,2,True
2021-02-21,57408.57,10.957948874298943,4.621131910791712,0.22399465039883282,1.8260622258897437,1.7993986625949925,1.8126145106346137,2.1078875067302345,2,True
2021-02-22,54087.67,10.898361527583436,4.697872826430442,0.0879508181504689,1.5912959909613151,1.5650016909181368,1.578144251065325,2.116766141169352,2,True
2021-02-23,48891.0,10.797348609444098,4.768193399247085,0.2985881775248691,1.232558419627423,1.2092269661524118,1.2200018064797808,2.1272583983249156,2,True
2021-02-24,49676.2,10.813281224148875,4.8388816919381075,-0.11157275450199222,1.2637297870768918,1.2400785456019712,1.2510704465830615,2.1377377251316783,1,False
2021-02-25,47073.73,10.7594703749352,4.905960540841529,-0.17492759379696743,1.08319514772934,1.0605347869664787,1.0708173725708028,2.148336649033406,1,False
2021-02-26,46276.87,10.742397547214082,4.971570357262656,-0.27011314922665974,1.0198014657925902,0.9972875360784974,1.0075098288025612,2.158809075724412,1,False
2021-02-27,46106.43,10.738707698651018,5.036489002685895,-0.28701733528447626,0.996122845378151,0.9736667678404964,0.9838141091360882,2.1691849836162893,1,False
2021-02-28,45135.66,10.717427900423615,5.099733060689983,-0.3374988210709038,0.9237668100334002,0.9017314030719423,0.911570794076614,2.1792152326149328,1,False
2021-03-01,49587.03,10.811484586582557,5.167813391107684,0.0075034054540061845,1.1625482468258832,1.1375500035447972,1.1499168433956568,2.189907115921794,2,True
2021-03-02,48440.65,10.788094616239261,5.2340681591873635,-0.22822355935876937,1.080016396016949,1.0549374724597496,1.0674720666871527,2.2004859136045583,1,False
2021-03-03,50349.37,10.82674138565532,5.301992468322318,-0.16606691459403278,1.1737836476238597,1.148069811145898,1.1610976327606504,2.2112026109651985,1,False
2021-03-04,48374.09,10.786719618785638,5.3671738419403425,-0.2518845243504235,1.043636979703907,1.0182711257948325,1.0311086973964694,2.221637188142686,1,False
2021-03-05,48751.71,10.794495552733888,5.432308923865897,-0.246869406211911,1.051872899365335,1.0262870908598807,1.0393039550615524,2.2320672837569333,1,False
2021-03-06,48882.2,10.797168601015946,5.497114073917663,-0.25132803629500655,1.0460444316659658,1.02042020726288,1.033452919768041,2.2424369092805767,1,False
2021-03-07,50971.75,10.839026836666607,5.563757741920744,-0.1839099309768346,1.1465014783340124,1.1194903918715748,1.13381144389438,2.253104187447684,1,False
2021-03-08,52375.17,10.86618790304256,5.63140061522822,-0.14351356311921304,1.2076904660667627,1.179131776279387,1.194943819827406,2.2638735739227447,1,False
2021-03-09,54884.5,10.912986256122737,5.701103590679241,-0.06794555624579646,1.3234220711538855,1.295057440356068,1.3102205621459293,2.274693370079134,1,False
2021-03-10,55851.59,10.930453273205806,5.7712257908038405,-0.04566225584781858,1.3572090372409715,1.3283309467434699,1.3439826006037758,2.285515294879681,1,False
2021-03-11,57773.16,10.964279586950449,5.842650613795611,0.006035218224826888,1.437599601522479,1.4072619045262516,1.4243349657735247,2.296248893830003,2,True
2021-03-12,57221.72,10.95468882557211,5.912993545656798,-0.021341686342051247,1.391527518399796,1.3612475897567595,1.378280241403054,2.307101221769819,1,False
2021-03-13,61188.39,11.021712744621627,5.986421735683831,0.08847098461181968,1.5649994407401426,1.5350922374414968,1.5518388283874334,2.317552219270038,2,True
2021-03-14,58968.31,10.984755459943896,6.05726581786614,0.010543308206890867,1.4340411125697015,1.404027920444306,1.420872839452158,2.328414470451427,2,True
2021-03-15,55605.2,10.926032001045323,6.124397461584847,-0.10758938147305219,1.2445791042764496,1.2215375044199859,1.232278546448878,2.3392035133531968,1,False
2021-03-16,56900.75,10.949063801046886,6.192259544684926,-0.07549486793007976,1.2929517252168732,1.2690157251538912,1.2804371564789039,2.3500939201244977,1,False
2021-03-17,58912.97,10.983816549133538,6.261465307356489,-0.022852151400824194,1.3738480876794967,1.3453254486158015,1.3604282608414309,2.361079094740367,1,False
2021-03-18,57648.16,10.962113608448913,6.328982607725449,-0.0714312735788134,1.2964288547220943,1.274662560325381,1.2840876371016072,2.3719587588266933,1,False
2021-03-19,58030.01,10.968715569509298,6.3963403301118,-0.06874331139658674,1.299989081483562,1.2798629283018799,1.2878068027264402,2.382829605007827,1,False
2021-03-20,58102.28,10.969960184755054,6.46325551580314,-0.07558102759790009,1.2887986010861125,1.2703218901765287,1.2776176457432737,2.393645627938091,1,False
2021-03-21,57351.56,10.956955323582509,6.528981098558023,-0.10784169034300284,1.239065613537368,1.225152784896395,1.2315074333002476,2.4042334544534545,1,False
2021-03-22,54083.25,10.898279805064991,6.591129838931667,-0.2229660833842395,1.086497251743121,1.0640345775377145,1.073755566678771,2.413598650109874,1,False
2021-03-23,54340.89,10.903032261204698,6.653081885907663,-0.22304649755152406,1.089070731572055,1.0658422790650393,1.0766115223751895,2.4228641213803526,1,False
2021-03-24,52303.65,10.86482143729278,6.712589346682805,-0.2998159224874666,0.9916379093785552,0.967669616669206,0.9787077092935319,2.430792802058862,1,False
2021-03-25,51293.78,10.845324776244428,6.7706614878087805,-0.3425579920287536,0.9398994302592457,0.9156239535409113,0.9268280818064968,2.4377640667412463,1,False
2021-03-26,55025.59,10.915553628736088,6.8319906397202645,-0.23003347652513328,1.0868306737038598,1.0637754816957088,1.075392485140981,2.446707901718123,1,False
2021-03-27,55817.14,10.92983626966161,6.893624500607898,-0.2134001241322574,1.1112307003763109,1.0883793231492749,1.1002925649501947,2.455793942078728,1,False
2021-03-28,55777.63,10.929128171931747,6.954780602002838,-0.22288414170199244,1.1011041791723872,1.0782232622942098,1.0903772038263764,2.4646226268820812,1,False
2021-03-29,57635.47,10.961893455768932,7.0171945391791475,-0.17460851870996885,1.1674616041050636,1.1458274830088466,1.1573262223514245,2.4740645692997267,1,False
2021-03-30,58746.57,10.98098804732333,7.080142549747411,-0.14989198719672547,1.2028184075906945,1.1813073189266894,1.193298411228708,2.4837382224370645,1,False
2021-03-31,58740.55,10.980885568004656,7.142628694808704,-0.15832223552093483,1.1934545654431794,1.17239566821045,1.1841819330873091,2.493200042390133,1,False
2021-04-01,58720.44,10.980543156448334,7.204645882207838,-0.1670959813529409,1.183648607971407,1.1626962757241808,1.17461620548995,2.502428931691025,1,False
2021-04-02,58950.01,10.984445075600787,7.266416401016202,-0.16848671448107666,1.1837804699933892,1.1629530509558217,1.1750806805720593,2.511523710492753,1,False
2021-04-03,57051.94,10.951717359970601,7.326074503213191,-0.23346903487777215,1.098996560524994,1.0777872747010189,1.0899214024359198,2.519357626211125,1,False
2021-04-04,58202.01,10.971675169205646,7.386327593788041,-0.2073105688518071,1.135712989226163,1.115067182149508,1.1272975515639991,2.527559185890803,1,False
2021-04-05,59129.99,10.98749351969597,7.446956418013759,-0.18825212907303124,1.163123648650598,1.1430629633588474,1.155307926340072,2.535979118683199,1,False
2021-04-06,57991.15,10.968045691679201,7.506169975779234,-0.22954637940093514,1.1100552174206177,1.0898275238428121,1.102112272359887,2.5434525350197688,1,False
2021-04-07,55953.45,10.932275374037427,7.5631620925955545,-0.2989229901983199,1.0211723288511765,1.0004882136842788,1.0127758609261217,2.549162670493158,1,False
2021-04-08,58077.52,10.9695339488625,7.621638122657064,-0.2439415143302215,1.094823932304766,1.074494646133528,1.0874711625488647,2.5560580858269226,1,False
2021-04-09,58142.54,10.970652860809087,7.679762224145893,-0.24964679076628205,1.0893275913492948,1.0689057320942674,1.0822536673641083,2.5626589759230356,1,False
2021-04-10,59769.13,10.99824458591514,7.73886468567964,-0.21098926038507182,1.1425871407040513,1.1219436869941117,1.1360888012969441,2.569988005664735,1,False
2021-04-11,60002.43,11.002140340384134,7.797746837870739,-0.21201686413749554,1.1433841136632195,1.1224003228352302,1.136871919233196,2.5771362699572635,1,False
2021-04-12,59860.0,10.99976378140669,7.856097616143249,-0.22356116333828346,1.1300010698094671,1.1087675952228115,1.1235068391626215,2.5838556947226308,1,False
2021-04-13,63575.0,11.059975590290321,7.917036794600946,-0.1321296592241712,1.2562003154487325,1.2342407198372025,1.249410518050035,2.5923886127731057,1,False
2021-04-14,62959.53,11.050247418006242,7.977057623416918,-0.15610476905906756,1.2248876716057253,1.2028067093946992,1.2181507506125229,2.600311097582953,1,False
2021-04-15,63159.98,11.053426151713417,8.036810215047261,-0.1583423471442913,1.2236303948482898,1.201284432344671,1.2168839086276617,2.6080331174057507,1,False
2021-04-16,61334.8,11.02410266068058,8.09469232352756,-0.2151926207035646,1.147940746504104,1.125508759149558,1.1413463062569091,2.6142791532304206,1,False
2021-04-17,60006.66,11.002210835044194,8.151093324244444,-0.25917897589919514,1.0909418411050928,1.0683384811168413,1.0844617087021706,2.6191654635543897,1,False
2021-04-18,56150.01,10.935782138260963,8.203842287047,-0.3789511800527374,0.9361004573795164,0.9138135410912791,0.9295871499728185,2.6200411534409316,1,False
2021-04-19,55633.14,10.926534345840967,8.255785567500757,-0.40116907364109355,0.9102391878449111,0.8877602904508234,0.903707893882116,2.6199036873199018,1,False
2021-04-20,56425.0,10.940667601685737,8.308075835469717,-0.3847600603221988,0.9336978786300526,0.9103341279380601,0.9269050869348129,2.62020965602624,1,False
2021-04-21,53787.63,10.892798794062363,8.357679758723025,-0.47156087914975675,0.8264274304136073,0.8038641709117434,0.819784457379209,2.6168917543232544,1,False
2021-04-22,51690.96,10.853038190275313,8.405021027613957,-0.5328673746823451,0.7396839005893757,0.7177274489856073,0.733143336814469,2.6101814060817365,0,False
2021-04-23,51125.14,10.84203163172766,8.451521766998184,-0.5482502449734303,0.7128854951575692,0.6906530307770241,0.7062592399776378,2.6022350495297686,0,False
2021-04-24,50047.84,10.820734626968926,8.496689564402738,-0.5755502747113788,0.6662384697891423,0.6440046288851677,0.6595955313477807,2.592296508795829,0,False
2021-04-25,49066.77,10.800937302584847,8.540609401796377,-0.601047107765484,0.6236014771981131,0.6011843656308987,0.6167735580511806,2.580367899597101,0,False
2021-04-26,54001.39,10.896765065955865,8.588894984860122,0.06703625908757438,0.7989290884138074,0.7742203557260969,0.7914913843715593,2.575709762254091,1,False
2021-04-27,55011.97,10.915306076898887,8.637764488189845,-0.433539377997346,0.8306185554812933,0.805579875625573,0.8229231205620359,2.571956214391058,1,False
2021-04-28,54846.22,10.912288548105277,8.686170283940392,-0.4872059397420121,0.8190966578672816,0.793837579659429,0.8112707505151274,2.567590337554784,1,False
2021-04-29,53555.0,10.88846444219873,8.733113585709695,-0.5173040751848443,0.765909731646048,0.7404679547761892,0.7580768678987031,2.561111513862919,0,False
2021-04-30,57694.27,10.962913140805849,8.783337673691051,-0.42558438298528634,0.9058466042474345,0.8799006043329757,0.8974320493199218,2.5593758819567607,1,False
2021-05-01,57800.37,10.964750456024063,8.83331996639653,-0.42899087699191796,0.9037406854581619,0.877576458244581,0.8951673365876617,2.5573479789645774,1,False
2021-05-02,56578.21,10.943379207734395,8.881949612902368,-0.4663281498630565,0.8542659412290681,0.828013106236956,0.8456709359367813,2.5535079842083697,1,False
2021-05-03,57169.39,10.953773894269311,8.930760450725812,-0.45731464791509646,0.8696715969747166,0.8429905851136444,0.8607721494316324,2.5499741692556435,1,False
2021-05-04,53200.01,10.881813863299643,8.975815314890042,-0.4829373246622959,0.7182633704556869,0.6918341196080664,0.709733940613492,2.540839779697095,0,False
2021-05-05,57436.11,10.958428478587585,9.024237907649407,-0.37683299765322475,0.8593125334937439,0.8317971566723733,0.8499570336317493,2.536925903092867,1,False
2021-05-06,56393.68,10.940112374469736,9.071473521925281,-0.4869927818620874,0.817213906949886,0.7895602938192571,0.8077887470580084,2.531375753956599,0,False
2021-05-07,57314.75,10.9563132866797,9.119174500759167,-0.471545949550086,0.8438857475126343,0.8155676041417365,0.8341181980728419,2.5265795713682944,1,False
2021-05-08,58862.05,10.982951849587357,9.167830969031204,-0.44463224621313335,0.8911602476530694,0.861999418742018,0.880551185209328,2.523179371738132,1,False
2021-05-09,58240.84,10.97234210584348,9.215667825984779,-0.459273521455168,0.8643018023480386,0.834903498000047,0.853561069081327,2.5187001018416084,1,False
2021-05-10,55816.14,10.929818353857291,9.26118340744218,-0.5106195374042115,0.7740945876189662,0.7448705462646367,0.763479281233855,2.5108762620612786,0,False
2021-05-11,56670.02,10.945000602084018,9.307124791990438,-0.49631600662686015,0.7984578136151073,0.768721399165257,0.7875140202619423,2.5038296933871185,0,False
2021-05-12,49631.32,10.81237736504424,9.34651878547137,0.9108900953282673,0.5334391260710409,0.5044228468634128,0.5233750283201732,2.485810118291423,1,False
2021-05-13,49670.97,10.813175936801388,9.385704611860458,-0.15223573449459638,0.5311933172723132,0.5018118145765094,0.5209264337021876,2.467861846679795,0,False
2021-05-14,49841.45,10.816602246136052,9.42480720843243,-0.6566479102915896,0.5336235123634387,0.5038831613839979,0.5231341559066681,2.4502182305406133,0,False
2021-05-15,46762.99,10.752847357083192,9.460670930028012,-0.23239962914118584,0.4164502126462404,0.3867825337533254,0.4062752389294761,2.426866145425526,0,False
2021-05-16,46431.5,10.745733387190374,9.495978312850015,-0.43729790556214265,0.401245971326081,0.37130519304166637,0.39093874502025283,2.4031397249019255,0,False
2021-05-17,43538.04,10.681390317698114,9.528050164718632,-0.048100709447234546,0.28945888837507866,0.2605845420283888,0.27949821117680496,2.373641166337656,0,False
2021-05-18,42849.78,10.665455789823714,9.559176124565887,-0.12281503597811882,0.2611952572186989,0.2323490673201929,0.251184611193343,2.3585262650769416,0,False
2021-05-19,36690.09,10.510261970330783,9.582844275749343,1.4175501203023946,0.012515561993910887,-0.014955888395050904,0.003484679230759557,2.36397669614193,1,False
2021-05-20,40526.64,10.609714814631426,9.611009778400312,0.13457903652765513,0.15018587110368908,0.12206127683696054,0.14033419095698244,2.371924057595633,1,False
2021-05-21,37252.01,10.525461182083475,9.635058713150496,0.41034369114643043,0.021273417903050172,-0.0066815058187072555,0.01187489708137423,2.3783915307470602,1,False
2021-05-22,37449.73,10.530754779306559,9.659198003940904,0.21538626363417057,0.026995992724957774,-0.0011335484106237738,0.017409220965241994,2.3863731304137414,1,False
2021-05-23,34655.25,10.453204508292304,9.679558302896183,0.5874100984365165,-0.08407406891885645,-0.1118431387531518,-0.09325105563953187,2.3937298329542016,1,False
2021-05-24,38796.29,10.566079902482919,9.705047826646016,0.43323522080247967,0.06381124537957662,0.03536910205064707,0.05372679575437508,2.4046944112510182,1,False
2021-05-25,38324.72,10.553850397777254,9.729802684594596,-0.3021445234504392,0.0444066493791472,0.01579286402661581,0.03423367087635589,2.4162546944888845,0,False
2021-05-26,39241.91,10.57750058731633,9.755499806160325,-0.5348787341574566,0.0762091138620294,0.04695481545053573,0.06569278279060999,2.427643398667992,0,False
2021-05-27,38529.98,10.559191918544023,9.780178536079886,-0.5103861686078108,0.047931192857391745,0.01878969791510848,0.037365207592884815,2.4384335191574937,0,False
2021-05-28,35663.49,10.481882755388813,9.801096406245556,-0.16070774793957154,-0.06349821212278707,-0.09266500244237971,-0.07406307568074,2.445781444442098,0,False
2021-05-29,34605.15,10.451757793900292,9.820469275467495,-0.08076022151930218,-0.10512934882175187,-0.1344641856138032,-0.11564179024620753,2.4514199473968192,0,False
2021-05-30,35641.27,10.481259515068833,9.841079432526662,-0.3156104801784205,-0.06812578675071007,-0.0976524625216146,-0.07901100264366615,2.4575725497631296,0,False
2021-05-31,37253.81,10.525509500456465,9.863606906348153,-0.5963917790581408,-0.010815606347441963,-0.04062703034396021,-0.02217910805365244,2.467642284781511,0,False
2021-06-01,36693.09,10.510343732936374,9.885279272729274,-0.5792832233769789,-0.033211720938390345,-0.06322863103631975,-0.04463566304080962,2.4778322952388776,0,False
2021-06-02,37568.68,10.53392600353503,9.907901655362295,-0.7427947200162488,-0.0028718526119999883,-0.03380675281849974,-0.014632112828902089,2.4890688921126367,0,False
2021-06-03,39246.79,10.577624936426616,9.932403631519607,-0.9857498781120353,0.05550323262119244,0.023149274978584353,0.04326602734893024,2.502364941917494,0,False
2021-06-04,36829.0,10.514040857292054,9.95379404937901,-0.6915625219078034,-0.03625919974345687,-0.06748459626772109,-0.04819787814056019,2.5144471510886235,0,False
2021-06-05,35513.2,10.477659737337413,9.973351268590447,-0.6337455529313956,-0.08671885914866616,-0.11762568834552056,-0.09855811435854535,2.522983658391562,0,False
2021-06-06,35796.31,10.485600094450746,9.993140217492515,-0.7108983965813422,-0.07775958270734196,-0.10911906955038872,-0.08981765698132878,2.533883137618373,0,False
2021-06-07,33552.79,10.42087529840576,10.009789978021985,-0.48212928526406085,-0.16384393555048643,-0.1949143011568079,-0.17558589132502067,2.5420443798749073,0,False
2021-06-08,33380.81,10.415736462948972,10.026077161652191,-0.5052000896566065,-0.17143760188750545,-0.20273548377024259,-0.18329809895468124,2.5491400291079964,0,False
2021-06-09,37388.05,10.529106413629064,10.047495798200314,0.44197388632564394,-0.03268446938375729,-0.06576433060846834,-0.04545179530191125,2.5622605449378173,1,False
2021-06-10,36675.72,10.509870234720319,10.067878329210414,-0.7815002468980128,-0.06005420757371635,-0.09319350884801997,-0.07284680548671962,2.5716785609176864,0,False
2021-06-11,37331.98,10.527605610952074,10.088941812830816,-0.9126254385484249,-0.03810881393017439,-0.07172817484822729,-0.0511852073126646,2.581801341382857,0,False
2021-06-12,35546.11,10.478586005896817,10.107592889649597,-0.9095792415858133,-0.10505468360739036,-0.1383697528408926,-0.11793812314700815,2.5880348292413253,0,False
2021-06-13,39020.57,10.571844221963795,10.130426351969685,-0.018536089134963962,0.013183837414918069,-0.02176263719158356,-0.0004423678258058533,2.6012960082295726,0,False
2021-06-14,40516.29,10.609459394447178,10.15484796027589,-0.19060086454795577,0.06308799993205474,0.027163959827950033,0.049062377609947916,2.6125173202193,0,False
2021-06-15,40144.04,10.600229265018621,10.178683821476586,-0.7852628124059831,0.048281306905450364,0.012185607868927166,0.03415190678838209,2.623167497459484,0,False
2021-06-16,38349.01,10.55448399159909,10.200249949327853,-1.068605688845358,-0.017276889258284387,-0.052956772928352346,-0.03126413491558726,2.6320088062568954,0,False
2021-06-17,38092.97,10.547785029654214,10.221360968530261,-1.0776683230822965,-0.0278730620314696,-0.06379436793728052,-0.04243893480767744,2.6401207609452513,0,False
2021-06-18,35819.84,10.486257208826391,10.23948815801515,-0.7413961490875425,-0.11148545634643563,-0.14641726570649735,-0.12578044747372338,2.646593569825929,0,False
2021-06-19,35483.72,10.476829278728948,10.257049558222695,-1.03891964435673,-0.12479664916822114,-0.1598309267364764,-0.13918092549195824,2.6504972706977896,0,False
2021-06-20,35600.16,10.480105411212044,10.27463369870003,-1.1413164126784119,-0.1219838769725218,-0.15748543294598538,-0.1365439973678153,2.652150896846875,0,False
2021-06-21,31608.93,10.361194954589283,10.286605841832635,0.5631754314232804,-0.27197717752872574,-0.3063442154992577,-0.2857870105654601,2.6431092369272027,1,False
2021-06-22,32509.56,10.389289478909223,10.29976697850993,-0.7424835308810049,-0.2410753327560997,-0.2759806235867841,-0.25522454037868275,2.6358300338533223,0,False
2021-06-23,33678.07,10.424602162676319,10.314445050558447,-1.0278221175997797,-0.2011124605521756,-0.2364454799879768,-0.21564671529503127,2.6296621807543605,0,False
2021-06-24,34663.09,10.453430711055768,10.330334939059284,-1.147020095798231,-0.1678286696389969,-0.20376197579795316,-0.18270199060069792,2.6239169047161495,0,False
2021-06-25,31584.45,10.360420189852075,10.341818043596394,-0.02812415776163979,-0.28177764292852386,-0.31705300880439846,-0.296109854808586,2.6123561046708192,0,False
2021-06-26,32283.65,10.382316189101887,10.354205200375183,-0.960888438848621,-0.25815267544909437,-0.2937970314274182,-0.27277895479453684,2.6041426976265076,0,False
2021-06-27,34700.34,10.454504764157841,10.369809063990822,-0.5025198269307924,-0.176482682180475,-0.21319887345518865,-0.19171561169921789,2.5990533475601385,0,False
2021-06-28,34494.89,10.448566476107173,10.385019064628125,-1.216442102444974,-0.18486199429426903,-0.22176377073026662,-0.200200613427173,2.593304653306095,0,False
2021-06-29,35911.73,10.488819262055246,10.401963047941262,-0.9856028980495866,-0.13757566610124256,-0.1756065333247368,-0.1533149642182073,2.5911854178792364,0,False
2021-06-30,35045.0,10.464388228934425,10.417656902441575,-1.2042877652824386,-0.16911913870328077,-0.20698896850248905,-0.18484389065375614,2.587872281683532,0,False
2021-07-01,33504.69,10.419440708014072,10.431162129606934,-1.1215880018250812,-0.22474298514448987,-0.2619459539211596,-0.240302017391433,2.5803681162568455,0,False
2021-07-02,33786.55,10.427818073282275,10.444940376128981,-1.2292841485742088,-0.21605682746888608,-0.25370932307059374,-0.23181370904309612,2.568650033658816,0,False
2021-07-03,34669.13,10.45360494462323,10.459791054818979,-1.2218573158227772,-0.1868848912593284,-0.2251969146722887,-0.20294887608003742,2.557709318955522,0,False
2021-07-04,35286.51,10.471256016907827,10.475335666480708,-1.2053431602302012,-0.16692375589213965,-0.20530235239456074,-0.18323057247417304,2.5473840166082526,0,False
2021-07-05,33690.14,10.424960491927731,10.48863224841248,-1.0900291787210734,-0.2241005010051598,-0.26249633510042575,-0.24025208269791648,2.5345313876837117,0,False
2021-07-06,34220.01,10.44056583967291,10.50253435461937,-1.2416345173237722,-0.20701901822875127,-0.24545619072727168,-0.22339764852500046,2.521656417978837,0,False
2021-07-07,33862.12,10.430052264477302,10.51583959428851,-1.254309251860299,-0.22051161032174255,-0.2589850449377701,-0.23741924606550327,2.5083990797575355,0,False
2021-07-08,32875.71,10.40048936620503,10.52767541118614,-1.2509549818906167,-0.2559833588659474,-0.29451026083381465,-0.2728429778750389,2.493725712985876,0,False
2021-07-09,33815.81,10.428683723588778,10.540699868033874,-1.2597475801182938,-0.22499155207462873,-0.26353795766905647,-0.24214055271483,2.480826538233556,0,False
2021-07-10,33502.87,10.419386385785343,10.55318691452304,-1.271101946654349,-0.23685294896056885,-0.275453851983318,-0.2540768245464011,2.4676309738667985,0,False
2021-07-11,34258.99,10.441704290999889,10.566589883478526,-1.2498622951942946,-0.2122491257138385,-0.25116693985773036,-0.2297299624536484,2.4557908310713765,0,False
2021-07-12,33086.63,10.406884552272023,10.578282862874643,-1.288012615082338,-0.2539706165303894,-0.2926604911753674,-0.2713710707268207,2.4423265792597655,0,False
2021-07-13,32729.77,10.396040340278358,10.58937265032119,-1.300922001246938,-0.2672702458243532,-0.3060214764035971,-0.2847338020192011,2.4286113323130545,0,False
2021-07-14,32820.02,10.398793974028418,10.6004853657112,-1.299727229516063,-0.26518603161968995,-0.3040329084246079,-0.2827914626339732,2.4153875517486387,0,False
2021-07-15,31880.0,10.369734132904151,10.610161626298234,-1.2710959660689296,-0.29870782552485586,-0.33760061201249836,-0.31626522907205246,2.4009953488238915,0,False
2021-07-16,31383.87,10.354049345642727,10.619020213846957,-1.2422469753123608,-0.3167427057227647,-0.3557225361130492,-0.33433085228755344,2.3860621454174415,0,False
2021-07-17,31520.07,10.358379764781532,10.62798195297767,-1.2683037203609695,-0.31299890496360006,-0.35210428659194265,-0.3307333316896088,2.3716261229934683,0,False
2021-07-18,31778.56,10.366547127547433,10.63722237851452,-1.3043375689105021,-0.3051129950462925,-0.3443855305043107,-0.3230141680706649,2.35785654611409,0,False
2021-07-19,30839.65,10.33655647871533,10.644991074870765,-1.2372038311077607,-0.33845582446993056,-0.3777332738114819,-0.3563021598546056,2.3429115469597055,0,False
2021-07-20,29790.35,10.30193979454734,10.651081266365994,-1.1585961958789806,-0.37564334950940664,-0.41493838350194495,-0.3934030228938538,2.326547589164103,0,False
2021-07-21,32144.51,10.377996953031388,10.660571766815028,-0.40636595440314527,-0.29862436448780905,-0.3384226348280171,-0.3168810462439638,2.3141972312131394,0,False
2021-07-22,32287.83,10.382445658025501,10.670168471937501,-0.9991045129382272,-0.2947240132607043,-0.33482622982495747,-0.31311264591557786,2.302244691343441,0,False
2021-07-23,33634.09,10.423295414942825,10.681539026368823,-0.7851240275398483,-0.2509919090757042,-0.29163863345317975,-0.2696810558848215,2.292270248047235,0,False
2021-07-24,34258.14,10.441679479686279,10.693647423375856,-0.8486355139167026,-0.2312528276425121,-0.2723340626513589,-0.2501432208374535,2.283192812771612,0,False
2021-07-25,35381.02,10.473930797145576,10.707126019129701,-0.7323652323264218,-0.19534822442168903,-0.23713152120540595,-0.21450523452200296,2.2755186093131887,0,False
2021-07-26,37237.6,10.525074282482853,10.72283458622619,-0.44463182418243363,-0.13635384003194784,-0.17833566345096058,-0.1558644268921335,2.2698563893203003,0,False
2021-07-27,39457.87,10.582988799407083,10.741073885642225,-0.12945901692146844,-0.06686233706067511,-0.10925705133383821,-0.08718021342232206,2.266256015424,0,False
2021-07-28,40019.56,10.597123613574535,10.75982898927435,-0.19728834211568502,-0.050296384479652505,-0.09262372290109569,-0.0707855297963768,2.263115172146273,0,False
2021-07-29,40016.48,10.597046648247378,10.778447268744708,-0.3563064893698069,-0.05187584261511362,-0.09411430880058723,-0.07247623956673052,2.2599537084547925,0,False
2021-07-30,42206.37,10.650326436499919,10.79936967198578,-0.1068430100903961,0.014984639394505771,-0.027253845843388424,-0.005941819486084302,2.2584547164613684,0,False
2021-07-31,41461.83,10.632528523944766,10.81933578411967,-0.3643233060026745,-0.010351683023272851,-0.052472775508788976,-0.03131196769779423,2.256372090335978,0,False
2021-08-01,39845.44,10.592763248561692,10.837346159699303,-0.7404098944961668,-0.06404502582707614,-0.10620816499808095,-0.08493573345553607,2.2529875027211324,0,False
2021-08-02,39147.82,10.575100016599102,10.854419335322522,-0.9423928005837732,-0.08791517425144783,-0.13012650650339747,-0.10883814062740414,2.249003237402048,0,False
2021-08-03,38207.05,10.550775332540315,10.870255140094896,-1.1677499238597897,-0.11970821051478214,-0.16196333448151717,-0.14063265806286804,2.2441873684100777,0,False
2021-08-04,39723.18,10.589690175377404,10.887746162794055,-1.001983100032057,-0.07329926926756643,-0.11554673219083193,-0.09448708424902293,2.2406869158877316,0,False
2021-08-05,40862.46,10.61796707213936,10.906399654805622,-0.9056747731545387,-0.039074828396914986,-0.08133146852467485,-0.060487612983185834,2.2380771139928233,0,False
2021-08-06,42836.87,10.66515445933413,10.927073185199891,-0.7088337683393284,0.02003881048435399,-0.022198264088106393,-0.00167354559439765,2.2368630311943103,0,False
2021-08-07,44572.54,10.704873253322848,10.949416624954731,-0.5615999286914262,0.07105354348062717,0.028683542206769642,0.04907354332680725,2.236724228755537,0,False
2021-08-08,43794.37,10.687260549289931,10.970808195277455,-0.7214400016697433,0.045265356810039514,0.0030139755220141722,0.023253887105499336,2.236052044670083,0,False
2021-08-09,46253.4,10.741890253752098,10.994544278703657,-0.502614483555829,0.11678098570666672,0.07452899280090607,0.0944732981355766,2.236795758262416,0,False
2021-08-10,45584.99,10.727333774648573,11.017462051008504,-0.6378701711131005,0.09459925598637488,0.05237308385515072,0.07224732583936354,2.2371095289415432,0,False
2021-08-11,45511.0,10.725709333961985,11.040154259313864,-0.7023980567634034,0.09050227327998701,0.04829118875149584,0.06805453368192617,2.2373298388788534,0,False
2021-08-12,44399.0,10.700972225644158,11.061570379657324,-0.8737036240398901,0.05475462072476515,0.012582342826412386,0.03230608790245176,2.2368351487833364,0,False
2021-08-13,47800.0,10.774780918479548,11.086198232231686,-0.4536713874306717,0.15197130684345886,0.10983646954841558,0.12916893359606924,2.238198929363508,0,False
2021-08-14,47068.51,10.759359478912216,11.109965536683003,-0.6995346768020352,0.12819941135428647,0.08606811573079609,0.10535828775945727,2.2391283300092013,0,False
2021-08-15,46973.82,10.757345704221615,11.1334857772713,-0.7556063829233297,0.12343724930028749,0.08134241804256473,0.10050359102835707,2.239953530930124,0,False
2021-08-16,45901.29,10.734248500228874,11.155802834117837,-0.902046092254694,0.08944630909382861,0.047413072221738975,0.06612505078034546,2.240134337609948,0,False
2021-08-17,44695.95,10.707638172470022,11.176763232516537,-1.057495942073023,0.05134324100921527,0.009351454698037106,0.02803224103367568,2.2395544308474475,0,False
2021-08-18,44705.29,10.707847118118515,11.197590118644555,-1.0589477397863227,0.04989086291981659,0.007754701719296868,0.02648378854560946,2.238937454452171,0,False
2021-08-19,46760.62,10.752796674693997,11.22031282655053,-0.9399708104533195,0.10799649184812025,0.06582245408402868,0.08433683495292431,2.2394620894409782,0,False
2021-08-20,49322.47,10.806135037127264,11.245302151026552,-0.7063149597382035,0.17912066445132982,0.13693276995225584,0.15517817002929887,2.241225794531555,0,False
2021-08-21,48821.87,10.795933647187153,11.269667992966685,-0.8360575296411255,0.16254735571207093,0.1202706587494517,0.13854988304726812,2.242695379990335,0,False
2021-08-22,49239.22,10.804445739393069,11.294260750691716,-0.8374042624932567,0.17245356495909936,0.1301663759646945,0.14832884698709567,2.244308923749923,0,False
2021-08-23,49488.85,10.809502670658368,11.318922791586633,-0.8518149656110285,0.17750405353550963,0.13537963520034688,0.15327035812694817,2.2459839654571176,0,False
2021-08-24,47674.01,10.772141664652592,11.341735413773259,-1.0072644871103282,0.12259932187164864,0.08090482604136358,0.09843655661856397,2.2467072994521016,0,False
2021-08-25,48973.32,10.799030939008446,11.365612110244339,-0.9576456997321965,0.15759683807404667,0.11576636902440315,0.13325449281692311,2.248031779209281,0,False
2021-08-26,46843.87,10.754575435989532,11.387324266526798,-1.029189749145611,0.09344454357335054,0.05196874784937765,0.06920371876975455,2.2482031210424758,0,False
2021-08-27,49069.9,10.80100109117684,11.410986375902883,-0.9855212646520259,0.1542729661985006,0.11271128755927708,0.12980266867356152,2.2494741029583447,0,False
2021-08-28,48895.35,10.79743757891689,11.434332417403322,-0.9907350860955892,0.14729751744675976,0.10590184056180252,0.12276657323555823,2.250606570274387,0,False
2021-08-29,48767.83,10.794826153147854,11.45740686215192,-0.9949912541161883,0.14168610500758838,0.10036282224973786,0.11710060930471645,2.2516234491906415,0,False
2021-08-30,46982.91,10.75753919754622,11.478647601898103,-1.0342376569683887,0.08821133947818048,0.04744787635741445,0.06370292838400142,2.251657392454444,0,False
2021-08-31,47100.89,10.760047175792012,11.499856956602354,-1.033376476606362,0.08976223526000944,0.04874307754116915,0.06519082537958754,2.2517098902369015,0,False
2021-09-01,48810.52,10.795701142379043,11.522528125960763,-1.0001645549366467,0.1357697357672638,0.09423746220080234,0.11106572777460035,2.252605687192258,0,False
2021-09-02,49246.64,10.804596420922662,11.545449033408032,-0.993020575433571,0.14602511856096362,0.10441539055953203,0.12126570173072514,2.2536640585590146,0,False
2021-09-03,49999.14,10.819761084262362,11.568900479973617,-0.9797367886069459,0.16493541078528384,0.12297137926911503,0.14011440417832147,2.2550277477116114,0,False
2021-09-04,49915.64,10.818089659485382,11.592122410252948,-0.983033845542165,0.1605777281856904,0.11848094030612066,0.13573610339085224,2.2562994739392397,0,False
2021-09-05,51756.88,10.854312649150868,11.616819502440446,-0.949395331163239,0.20866652931018015,0.1666137075376761,0.18341106741311108,2.258338196792736,0,False
2021-09-06,52663.9,10.87168549031559,11.642137034601017,-0.9340061946542688,0.2310715769696858,0.18911395511299553,0.20576686123886018,2.2606959886718356,0,False
2021-09-07,46863.73,10.75499930769892,11.662051657287678,0.5366205404948929,0.06195659208288584,0.02066593273675617,0.036956883876256556,2.2602200319324752,1,False
2021-09-08,46048.31,10.737446341770063,11.681039539162928,-0.11882839190791428,0.03715286554918853,-0.003980118358172063,0.012167509603527926,2.2592332151446928,0,False
2021-09-09,46395.14,10.744949991349275,11.700229142533045,-0.7047292193333201,0.04520648946364405,0.003666821844844189,0.020183158247890493,2.2584120294957275,0,False
2021-09-10,44850.91,10.711099157136179,11.7177645906341,-0.6002297404121553,-0.0004922144267024686,-0.041571850089151076,-0.025464664594392616,2.2566212071687706,0,False
2021-09-11,45173.69,10.718270116700179,11.735492499445957,-0.9135815749996241,0.007024689840901666,-0.034452760160773435,-0.01798489221542226,2.255003401753287,0,False
2021-09-12,46025.24,10.736945220644989,11.7539276442055,-1.082728811223248,0.02917616814668224,-0.012846785529875154,0.004109773662213581,2.2538687884513102,0,False
2021-09-13,44940.73,10.713099789488119,11.771161582950842,-1.1079040851519362,-0.0031261547113608013,-0.04497477371810399,-0.02816647210709654,2.252042515879825,0,False
2021-09-14,47111.52,10.760272836085495,11.790380686819576,-1.0591039451475661,0.054812858424648475,0.012546521047872287,0.029693268651612006,2.2514639800153966,0,False
2021-09-15,48121.41,10.781482471404964,11.810413523963529,-1.0450032477376316,0.08070541105829339,0.03840154558782528,0.055537752311318245,2.251388944342239,0,False
2021-09-16,47737.82,10.773479234836783,11.829948758618754,-1.0544258845814536,0.0683742027589512,0.026026100682956983,0.043202767487400845,2.2510686485831504,0,False
2021-09-17,47299.98,10.764265151646955,11.848934433327733,-1.0650282998451281,0.05457017292982282,0.01215713157657056,0.029396445706920894,2.2504709595992853,0,False
2021-09-18,48292.74,10.785036517783894,11.86871407445622,-1.0464262393497292,0.07982617863148116,0.03738573230991263,0.054607233300483594,2.2503874700483517,0,False
2021-09-19,47241.75,10.763033314502376,11.887371663620428,-1.0696748539534542,0.049122904647902865,0.006627114240639699,0.02392470044381861,2.2499866251822938,0,False
2021-09-20,43015.62,10.669318584528233,11.90170730781059,0.012416831846727039,-0.07350298477431465,-0.1155263629240644,-0.09852885084896189,2.247023219717521,1,False
2021-09-21,40734.38,10.61482773230241,11.913491447658693,0.11113359224543196,-0.1403332071123125,-0.18206565153004756,-0.16528390920458358,2.2424207472308217,1,False
2021-09-22,43543.61,10.681518243616091,11.92814726332704,-0.6106302426280199,-0.06469700803137851,-0.10687794606309926,-0.08971827644983392,2.239797575481517,0,False
2021-09-23,44865.26,10.711419054878634,11.944020437536462,-0.729243893713962,-0.029967487288823372,-0.07218530316709727,-0.055026699035058683,2.2379805149828766,0,False
2021-09-24,42810.57,10.664540313696463,11.957677887323987,-1.0662439972823952,-0.0891912958519563,-0.131049886923692,-0.11419585120916553,2.234889806140417,0,False
2021-09-25,42670.64,10.661266374897782,11.97107485287225,-1.1851998871663367,-0.09442696045070746,-0.1360500227787867,-0.1197604171559225,2.231731195239723,0,False
2021-09-26,43160.9,10.672690271795993,11.984868252905017,-1.1756120250355986,-0.08223677880570711,-0.12366549501386583,-0.10758874669170354,2.2294494674371004,0,False
2021-09-27,42147.35,10.648927090753675,11.997486536952286,-1.2003142517197816,-0.11190326497724981,-0.15310118704136824,-0.13723233914121474,2.2290118794154226,0,False
2021-09-28,41026.54,10.621974453340288,12.008791921052435,-1.228131906323629,-0.14466924217465027,-0.1859818243498764,-0.16997314997218355,2.227984396622429,0,False
2021-09-29,41524.28,10.634033595378735,12.020529242406395,-1.2179212288951047,-0.13210411294847163,-0.17333649700126827,-0.15742031060922632,2.2271959456151387,0,False
2021-09-30,43824.1,10.687939173354948,12.03456291050828,-0.9030838471627247,-0.07120481076235709,-0.11235703638785131,-0.09655801257349432,2.2274823832702713,0,False
2021-10-01,48141.61,10.781902154899134,12.05266987961932,0.10481523522850411,0.03982273760722398,-0.0012187045048820504,0.014417772990006544,2.2293969856521305,1,False
2021-10-02,47634.9,10.77132096484194,12.070173829915877,-0.5630711754147846,0.024661616109256743,-0.01627844358369983,-0.0007236125979854306,2.231103489604486,0,False
2021-10-03,48200.01,10.78311450750755,12.08807415338449,-0.7307371957350117,0.03795280421544327,-0.002903740829814261,0.012555211084020646,2.232968619528342,0,False
2021-10-04,49224.94,10.804155684613745,12.10678094713665,-0.740014806921879,0.06307216489695285,0.021980584580177088,0.037657075720879875,2.2351337529557003,0,False
2021-10-05,51471.99,10.848793055198403,12.1273411313362,-0.509398270311527,0.11883308948308668,0.07775912298640163,0.09339159815943818,2.237929487224626,0,False
2021-10-06,55315.0,10.920799398469011,12.150964146314228,-0.06423255921895654,0.2121346452620329,0.17113914669371022,0.18665051208176126,2.2416331465807695,0,False
2021-10-07,53785.22,10.892753987217507,12.173184708561138,-0.47906580072522775,0.1711180928179692,0.13005328352507653,0.14569883727824956,2.2449539634744133,0,False
2021-10-08,53951.43,10.895839476359098,12.195393669998191,-0.5978289450067966,0.1732852333175851,0.1321478179668052,0.14787539247352122,2.2482806050620634,0,False
2021-10-09,54949.72,10.914173864277384,12.218268613147806,-0.5870225474649233,0.19613206816547593,0.1549337817545712,0.17071209934091722,2.2518060135152447,0,False
2021-10-10,54659.0,10.908869164400691,12.24075626606776,-0.7362624233358113,0.1867676209316906,0.14545549709908034,0.16137039868624675,2.2552310923291525,0,False
2021-10-11,57471.35,10.95904184174268,12.265321239776085,-0.5004954400686459,0.2529680362410795,0.21166088784639608,0.22753001201795453,2.259221095298995,0,False
2021-10-12,55996.93,10.933052146785965,12.288573722213187,-0.7659202918490959,0.21417463994074126,0.1727057556715585,0.18880167761805536,2.262876957087651,0,False
2021-10-13,57367.0,10.957224504089886,12.312744726827827,-0.6999331546306489,0.245320128648194,0.20379495778784576,0.21992915339617086,2.2667839299056425,0,False
2021-10-14,57347.94,10.956892202121628,12.336743420608563,-0.7815670271213706,0.24262101904365843,0.20109411012987993,0.2172466314683384,2.2706550023732177,0,False
2021-10-15,61672.42,11.029592108337727,12.363805698503572,-0.4368617625534168,0.34127911895953217,0.2996378287952931,0.3155393033495941,2.275247391498802,0,False
2021-10-16,60875.57,11.016587223790745,12.390120939523161,-0.5880603987923623,0.3198300007202466,0.2782862157506213,0.29413680721743884,2.279688555451039,0,False
2021-10-17,61528.33,11.027252998134287,12.416740330482842,-0.6001719708849778,0.33268972105251465,0.2913254979858759,0.30700009725269795,2.28420344630323,0,False
2021-10-18,62009.84,11.035048361111599,12.443535181099014,-0.6251173550583764,0.3414347556032401,0.29995757735944095,0.3157545487969478,2.2887633930108287,0,False
2021-10-19,64280.59,11.071012998402978,12.471749017023305,-0.5024723818982264,0.3908613368403675,0.34927909969089715,0.36514994955166363,2.293612094075462,0,False
2021-10-20,66001.41,11.097431384416726,12.500952173874344,-0.4321796837474805,0.427078368624073,0.3854325476333866,0.40134765360603525,2.2986434753265432,0,False
2021-10-21,62193.15,11.038000144045306,12.527351088983675,-0.7741854571996278,0.3350765106556072,0.29366734371196324,0.3095411583990574,2.3031430129031834,0,False
2021-10-22,60688.22,11.013504889020975,12.552501814546458,-0.901962499178401,0.2972579155959741,0.2558725403006968,0.27180262436348335,2.3073673769292538,0,False
2021-10-23,61286.75,11.023318948478941,12.577922778322128,-0.8941918395623696,0.308760901851999,0.267280946318514,0.2833152583862229,2.3116633692383863,0,False
2021-10-24,60852.22,11.01620358090548,12.602866881087971,-0.90248112280007,0.29622931739436303,0.25480501967524055,0.2708274928011069,2.3158547351456256,0,False
2021-10-25,63078.78,11.05213970036997,12.629231407137356,-0.8704344082135576,0.3444956039823203,0.30295318986183983,0.31907244491938447,2.3203778989978585,0,False
2021-10-26,60328.81,11.007565046393593,12.653467236835713,-0.9150499056911454,0.2776524149024902,0.23655551455580776,0.25236913410238454,2.32441143836518,0,False
2021-10-27,58413.44,10.975301279325166,12.67612666222499,-0.9475378639156213,0.23017926852335002,0.18932680690025083,0.20499233352200585,2.32803444136634,0,False
2021-10-28,60575.89,11.011652238106715,12.700232427263906,-0.9151456717081641,0.2776343062210666,0.2367646818069089,0.25243116331229465,2.3320516293772657,0,False
2021-10-29,62253.71,11.038973410944614,12.72538060687073,-0.8910982799674403,0.3133959513771926,0.27253086022377054,0.28818388689629715,2.3363318429592037,0,False
2021-10-30,61859.19,11.032615952069918,12.750087493726955,-0.8986204863562874,0.3019742967473384,0.2612389518192201,0.27680782915340174,2.340514800497578,0,False
2021-10-31,61299.8,11.02353185927624,12.774235686676366,-0.9087266434647852,0.28680364562746297,0.2462165507819421,0.26168716759118305,2.3445678175928113,0,False
2021-11-01,60911.11,11.017170867273085,12.797947350779111,-0.9162304484782848,0.2755868256957482,0.23514326290186577,0.25051395247394914,2.348517521877173,0,False
2021-11-02,63219.99,11.054375827591805,12.823133603893234,-0.8831673031965495,0.324865340538141,0.28442510790626696,0.2997713955237196,2.352838578107481,0,False
2021-11-03,62896.48,11.049245479278412,12.847932725456465,-0.8895035817270771,0.3151463603196337,0.2748659158365873,0.2900958451949689,2.3570762583290135,0,False
2021-11-04,61395.01,11.025083840474313,12.87151368371935,-0.9140061009258988,0.2786197885660883,0.23849734585416593,0.25337284416331834,2.3610173303561717,0,False
2021-11-05,60937.12,11.017597791823324,12.89461205793509,-0.9225468743568208,0.2659413409864926,0.22585904012528463,0.2407413419655073,2.364838922359566,0,False
2021-11-06,61470.61,11.026314453391755,12.917938585732886,-0.9158263520839021,0.27569746620896735,0.2356136572681017,0.250515705178388,2.3687299594556843,0,False
2021-11-07,63273.59,11.0552233014827,12.942374435466203,-0.8904250726636747,0.31332883622378593,0.2730632396784392,0.28813609228356774,2.372911866487371,0,False
2021-11-08,67525.83,11.120265470329072,12.969491997883088,-0.6397635992132087,0.4018517285594533,0.36124838268585574,0.37660806195405955,2.3776920501479357,0,False
2021-11-09,66947.66,11.111666399052192,12.996062523723058,-0.8421379779759715,0.3866466340484247,0.3460159102738926,0.36146166807766783,2.382370180987613,0,False
2021-11-10,64882.43,11.080332141848709,13.021097240998898,-0.873461347060414,0.3386664932009613,0.2982434686594384,0.31359977035073416,2.386719685882937,0,False
2021-11-11,64774.26,11.078663581204498,13.045897423452267,-0.8764939684683823,0.33383442399848084,0.29335422147520906,0.3088114338178193,2.3910221458970686,0,False
2021-11-12,64122.23,11.068546384658967,13.070096106854216,-0.887487171067312,0.31709993712494994,0.27649962106311465,0.2921375032247584,2.3951870694046185,0,False
2021-11-13,64380.0,11.0725583048528,13.094311521040465,-0.8851857000876469,0.32031828259169487,0.2795218003633164,0.29538759124736197,2.3993643111159835,0,False
2021-11-14,65519.1,11.090096982168872,13.119132166137346,-0.870333989234839,0.34244930129295587,0.30139194055810137,0.3175271377110404,2.403695587391884,0,False
2021-11-15,63606.74,11.060474718556044,13.142503578987062,-0.8998963944121199,0.2980802754428403,0.25700557747528935,0.2732639343719028,2.407674812405783,0,False
2021-11-16,60058.87,11.003080526841511,13.163225710373423,-0.814596356843946,0.21611938704331884,0.17517851365667778,0.1914691244431571,2.4109049220200287,0,False
2021-11-17,60344.87,11.007831218770118,13.184011467070178,-0.9533684037706665,0.22037071482384984,0.17938372681822784,0.19574768414593932,2.414164052721421,0,False
2021-11-18,56891.62,10.948903333345587,13.202094664661525,-0.7789976274875641,0.13952294697902715,0.09885706571871178,0.115045093496792,2.4165316142503865,0,False
2021-11-19,58052.24,10.969098573806196,13.22092262221387,-0.993910143693415,0.16353760841835394,0.12281964597091649,0.13907014729593928,2.419171576060796,0,False
2021-11-20,59707.51,10.997213087113977,13.240835765073616,-0.9693843598648528,0.19802645903742747,0.1570919395431257,0.1735666018014489,2.422183714821726,0,False
2021-11-21,58622.02,10.97886567290011,13.259813439639155,-0.9880132527536176,0.17181863679660275,0.13087401937790427,0.14742281347829975,2.4248954133334006,0,False
2021-11-22,56247.18,10.937511185476616,13.276861956516262,-1.0285993618666605,0.1160691897451001,0.07523936213566862,0.0917710666013347,2.426927566605236,0,False
2021-11-23,57541.27,10.960257708464328,13.294768549523308,-1.0089824165449635,0.14298506239797046,0.10187277106913077,0.11870171898613398,2.4292864765948945,0,False
2021-11-24,57138.29,10.953229748840632,13.312239125392951,-1.0169024175103742,0.13212604030249023,0.09092620749644885,0.10757679243971496,2.4314984940193765,0,False
2021-11-25,58960.36,10.984620632679041,13.330939984462011,-0.9894586205072256,0.17016769730615428,0.12892389949795702,0.1456258502774155,2.434157772716766,0,False
2021-11-26,53726.53,10.89166219946724,13.345480319098437,0.010262661023679343,0.047751307645417976,0.007350367777491358,0.023421487793645415,2.4352422371245384,1,False
2021-11-27,54721.03,10.910003375218695,13.360696059632726,-1.0649968946476323,0.0683905878167448,0.02796645103650297,0.044082288076943546,2.4366206467233935,0,False
2021-11-28,57274.88,10.955617412164548,13.37776504879997,-1.0248529685385677,0.12262438808593207,0.0820121553584123,0.0983269584986132,2.4387322331137518,0,False
2021-11-29,57776.25,10.964333070564095,13.395082991250526,-1.01814885216847,0.13181072657663437,0.09116718710930122,0.1075403884794357,2.4409470063796714,0,False
2021-11-30,56950.56,10.949938802013989,13.411649110516914,-1.0328975411189099,0.11173968458808002,0.07117896247234842,0.08752179910551562,2.4428935775810974,0,False
2021-12-01,57184.07,10.95403064207704,13.428265896963449,-1.030447612050684,0.11508919034295464,0.0744726750852487,0.09090217446497605,2.444871370322209,0,False
2021-12-02,56480.34,10.941647891979033,13.444220882355275,-1.043289765221164,0.097770724353497,0.05727394229920879,0.07363185633006837,2.446607929889341,0,False
2021-12-03,53601.05,10.88932393641926,13.45779051074757,-0.9302088470215077,0.031024715625798206,-0.00910795777673859,0.006984168050270073,2.447378733977589,0,False
2021-12-04,49152.47,10.802682378636106,13.467501193315123,-0.02198509304071461,-0.07408125990064005,-0.1138006669374593,-0.09800109385327668,2.4463637535578022,0,False
2021-12-05,49396.33,10.807631408918288,13.477323630672156,-0.5923233567600872,-0.06985949002493921,-0.10968316038927947,-0.09375336561678124,2.445432281068917,0,False
2021-12-06,50441.92,10.828577854382157,13.487948434048864,-1.1349302860268407,-0.04763653375567569,-0.08757578509870498,-0.07150354832217704,2.4449204702362826,0,False
2021-12-07,50588.95,10.831488451980654,13.498593832702198,-1.155497000670449,-0.04570738203976625,-0.08570034243633068,-0.0695477559030986,2.4444424144195502,0,False
2021-12-08,50471.19,10.829157957419728,13.509033417037763,-1.1588983301520188,-0.04975878578946643,-0.08976684963255964,-0.07357149545899153,2.443889098797506,0,False
2021-12-09,47545.59,10.769444319193006,13.516790430836211,-0.7587764364188405,-0.11895138604566119,-0.15875674548865482,-0.14270945274621688,2.442005379262584,0,False
2021-12-10,47140.54,10.760888631664223,13.524082376468115,-1.100670218128607,-0.12948112482732702,-0.16923917823107007,-0.15321645630366773,2.4399090949966236,0,False
2021-12-11,49389.99,10.807503051064515,13.533292158372873,-1.0625450341146008,-0.0803962273393934,-0.12019308194725113,-0.1040871289888545,2.4388377196242037,0,False
2021-12-12,50053.9,10.820855703785522,13.542977792515417,-1.173713965752007,-0.06683712137059825,-0.10659613547184138,-0.09050185218018451,2.4380278532002913,0,False
2021-12-13,46702.75,10.751558328432882,13.549571117485067,-0.5362784772416485,-0.14583404505155073,-0.1853937441503937,-0.1694429880560641,2.4356553363386326,0,False
2021-12-14,48343.28,10.786082504665554,13.557562021838482,-1.2102341419371694,-0.11023735236506485,-0.14994599922256288,-0.13409140451468102,2.434056935995031,0,False
2021-12-15,48864.98,10.796816263481949,13.56591951854739,-1.2016574237682276,-0.09978301522699254,-0.13976185108882822,-0.12360964521911781,2.432676296373971,0,False
2021-12-16,47632.38,10.771268061053766,13.573077264014046,-1.2264885172091207,-0.12908217087628385,-0.16927629501573385,-0.15288113308999124,2.430709235361081,0,False
2021-12-17,46131.2,10.7392447896538,13.578759904548408,-1.257343859769159,-0.1646985142449012,-0.20508078075288316,-0.18847492934493085,2.4279877632376397,0,False
2021-12-18,46834.48,10.754374962773865,13.585005847631592,-1.244775111237023,-0.1499757908994458,-0.1906310645577611,-0.17372210010072323,2.425612322281994,0,False
2021-12-19,46681.23,10.751097435667743,13.591019448469632,-1.2489594607779049,-0.15461940044152622,-0.19551773947641055,-0.17834294406007084,2.423150888712578,0,False
2021-12-20,46914.16,10.756074827842554,13.597157403635109,-1.2456035997454218,-0.15053083306398812,-0.19169060408340025,-0.17422912347056144,2.42079462728637,0,False
2021-12-21,48889.88,10.797325701080009,13.604983338213726,-1.1856617652397796,-0.10802448668857156,-0.14952410166173094,-0.1316786265058353,2.4193441072239485,0,False
2021-12-22,48588.16,10.791135158808894,13.612446414831158,-1.216595179847915,-0.11602135218021088,-0.15774813154934153,-0.13965042162983785,2.4177415432781233,0,False
2021-12-23,50838.81,10.836415318263121,13.621766612489312,-1.091690615407923,-0.06820219749272131,-0.11011022072200906,-0.09179042583599999,2.4170708803142764,0,False
2021-12-24,50820.0,10.836045256874154,13.6309700857765,-1.1787896909085256,-0.06995459783134451,-0.11206601592246715,-0.09351569633309198,2.4163690609125728,0,False
2021-12-25,50399.66,10.827739708004959,13.639715226217575,-1.1875800791218452,-0.0805502704495336,-0.12286007668094051,-0.10408317987022515,2.4154747150310216,0,False
2021-12-26,50775.49,10.835169036820533,13.648681579540172,-1.1820328579140762,-0.07363625802717713,-0.11612711104707887,-0.0971429080040398,2.414709722541634,0,False
2021-12-27,50701.44,10.8337095915428,13.657485418783896,-1.1845568755891684,-0.07658414588677775,-0.11925342129626065,-0.10006396421188272,2.413892348366385,0,False
2021-12-28,47543.74,10.769405408413,13.663420002098807,-0.6479873175744479,-0.14905617187336456,-0.19192052833662007,-0.17248605884421922,2.4116813011951472,0,False
2021-12-29,46464.66,10.746447302629038,13.668275573319018,-0.8641172886164472,-0.17442732244939343,-0.21749200897821072,-0.19783890974607227,2.4089387097061583,0,False
2021-12-30,47120.87,10.760471281652473,13.673648387346711,-1.256383702092016,-0.161024470858873,-0.20422846102325612,-0.18440673693222762,2.406518579752625,0,False
2021-12-31,46216.93,10.741101460159799,13.678098598102457,-1.2752449997553112,-0.18240125703313817,-0.22579478732947908,-0.20576647392689745,2.403667385486321,0,False
2022-01-01,47722.65,10.773161406941577,13.683843918352622,-1.247672494831269,-0.15050175201948787,-0.1939670011511892,-0.17382524574815256,2.4015325743688285,0,False
2022-01-02,47286.18,10.763973354197985,13.689104069475002,-1.2571829389023224,-0.16133668163814763,-0.2049586203688119,-0.18463958275869444,2.399183930360197,0,False
2022-01-03,46446.1,10.746047779468388,13.69350433181584,-1.274682021355559,-0.18118053934152217,-0.22497424193696347,-0.2048259093963156,2.3964308335102444,0,False
2022-01-04,45832.01,10.732738034276556,13.69724609232731,-1.2879323538353176,-0.19596708310874675,-0.23986281554958533,-0.21959773826174664,2.3933898402972065,0,False
2022-01-05,43451.13,10.679392137259851,13.69860764893596,-0.901118996688393,-0.25109445862176755,-0.2951434418060698,-0.274726277742685,2.389080033504453,0,False
2022-01-06,43082.31,10.670867751002678,13.699525739783981,-1.2804692222663927,-0.26036273585033076,-0.304491519492678,-0.28398425770730545,2.3845752076275297,0,False
2022-01-07,41566.48,10.635049352212068,13.698826624341361,-1.07180314251493,-0.295780848631544,-0.34001968475022415,-0.31941540372105764,2.3791869553091565,0,False
2022-01-08,41679.74,10.637770438403953,13.69817410955663,-1.3262218479149155,-0.2941495509053481,-0.33844707260430207,-0.3177648950479436,2.3745961470320696,0,False
2022-01-09,41864.62,10.642196357802879,13.69764145443071,-1.3767583736620912,-0.29092133251056307,-0.3352860155202602,-0.3145154412982106,2.374961502293012,0,False
2022-01-10,41822.49,10.641189512099663,13.696994440924286,-1.3787456686783413,-0.2927857800716844,-0.3372309811148817,-0.31636490348794305,2.375303555327401,0,False
2022-01-11,42729.29,10.66263991253934,13.697200139310233,-1.3606239041478887,-0.2735833789203711,-0.31811362326838377,-0.2971203779462727,2.375854991175008,0,False
2022-01-12,43902.66,10.689730189482752,13.698498874756625,-1.3375270168852569,-0.24868571728549835,-0.29332956297497154,-0.2721755737008969,2.3766631581089537,0,False
2022-01-13,42560.11,10.658672708598653,13.698384451952203,-1.3669252965544616,-0.27981755504126693,-0.32454035941977755,-0.30331365467521626,2.377146821186843,0,False
2022-01-14,43059.96,10.670348841981555,13.698700419553289,-1.3575294793712418,-0.2696910565838948,-0.31454661065839473,-0.29315780997006036,2.377736464900943,0,False
2022-01-15,43084.29,10.67091370848505,13.69896726481829,-1.3580974322443595,-0.27010550113799775,-0.31509230450188136,-0.2935548118716726,2.3783186548123707,0,False
2022-01-16,43071.66,10.670620519213957,13.69914819531958,-1.359435337841553,-0.27133840191226805,-0.31646255520102395,-0.29477116685281435,2.3788847523793186,0,False
2022-01-17,42201.62,10.650213887912871,13.698377736607348,-1.3789991884560806,-0.29171116661474283,-0.33692134866774676,-0.3151461505593905,2.3792276668226906,0,False
2022-01-18,42352.12,10.653773757859167,13.697690157233069,-1.3768641319350268,-0.2892962680060456,-0.334660964962512,-0.3127113157564271,2.379595222783132,0,False
2022-01-19,41660.01,10.63729695485334,13.696222832643972,-1.3928194133309177,-0.30564978426604344,-0.3511069521944398,-0.3290660680602255,2.379776115642412,0,False
2022-01-20,40680.91,10.613514219627145,13.693663528964446,-1.4154154435022597,-0.32847024462295693,-0.3739818668209317,-0.3518979759168887,2.3796855688916017,0,False
2022-01-21,36445.31,10.503568059748035,13.68630687452699,0.4237488502036002,-0.42746780321043054,-0.4725277184742028,-0.45100219128695945,2.3782632131570307,1,False
2022-01-22,35071.42,10.465141832762184,13.677244437198876,0.15044006893319972,-0.4593072888596945,-0.5045056911541942,-0.48290243014354434,2.3763284918638066,1,False
2022-01-23,36244.55,10.498044304152318,13.669550936876606,-0.8198104169369282,-0.43412331446748625,-0.4793272480285383,-0.4580103855504985,2.3748280822217485,0,False
2022-01-24,36660.35,10.509451068538521,13.662297402100139,-1.1510927582426345,-0.42561194106438544,-0.4710256163268099,-0.44946776333117766,2.373470245227105,0,False
2022-01-25,36958.32,10.517546070177076,13.655340081492055,-1.3547040337669498,-0.4197267062732178,-0.46531091445918554,-0.4435581650088951,2.3722101398922653,0,False
2022-01-26,36809.34,10.513506896301973,13.648155915298714,-1.398397176163396,-0.4237783939672222,-0.4694379274234922,-0.44760835596582615,2.370893519388104,0,False
2022-01-27,37160.1,10.522990883989817,13.64132756555043,-1.4348465146534182,-0.4167433066574258,-0.4625296670175717,-0.44054635997996355,2.3696910638215454,0,False
2022-01-28,37716.56,10.537854534285287,13.635085588480392,-1.4848163088940523,-0.40520600242863053,-0.4511309009050174,-0.42897222368082477,2.368666676575937,0,False
2022-01-29,38166.84,10.549722354782725,13.629299429235605,-1.4865493089763169,-0.39603272079204915,-0.4420188085051152,-0.4197666805611983,2.36777966348897,0,False
2022-01-30,37881.76,10.542225008733865,13.623134374734684,-1.4942466646113184,-0.4031202633479522,-0.44894419015322035,-0.426850750639905,2.3667945104986186,0,False
2022-01-31,38466.9,10.557553410227515,13.617573877079291,-1.481640458289069,-0.39102159131681646,-0.4369299111113132,-0.41471226845752246,2.3659868419052863,0,False
2022-02-01,38694.59,10.563455075964228,13.612210554193338,-1.4773825174244306,-0.3867841046745801,-0.4327131596113311,-0.4104505919521916,2.3652413436624595,0,False
2022-02-02,36896.36,10.515868180176431,13.604741772771852,-1.0300361176145567,-0.42788801272406063,-0.47367863447970027,-0.4516046454894583,2.3639082156700137,0,False
2022-02-03,37311.61,10.527059817254166,13.597703122414451,-1.512504635472206,-0.4194926070130053,-0.46540773841640815,-0.4431753939697666,2.3627096743474345,0,False
2022-02-04,41574.25,10.6352362642111,13.59526753880856,0.38579780972994415,-0.3304036367337082,-0.3767141348530212,-0.35385478712381074,2.362748804914247,1,False
2022-02-05,41382.59,10.630615539964312,13.592567652984942,-0.5872227738375153,-0.3354376142545883,-0.381667452339035,-0.35887602218246195,2.3627274949535346,0,False
2022-02-06,42380.87,10.654452360162786,13.590828966824152,-0.6657435785868702,-0.31482513091398534,-0.36110710688315906,-0.3382168999060541,2.362946193488414,0,False
2022-02-07,43839.99,10.688301693519682,13.590479721401083,-0.5595507291213817,-0.28461363862222305,-0.3309688832060852,-0.30794934891941156,2.3634943311461845,0,False
2022-02-08,44042.99,10.692921481356708,13.590258057331361,-0.7550798089350648,-0.2811949201378482,-0.3275108337729739,-0.3045070807938518,2.364075259372268,0,False
2022-02-09,44372.72,10.700380145176014,13.590285788926996,-0.8709355721628658,-0.2750866278884417,-0.3213807669184109,-0.2983729375553168,2.364716081187397,0,False
2022-02-10,43495.44,10.680411383995773,13.589381860433816,-1.2006255195509725,-0.29495807434592164,-0.3411927689388445,-0.318237664508909,2.3651483780939717,0,False
2022-02-11,42373.73,10.654283873732153,13.587283852119091,-1.4120832091373434,-0.3201836815969628,-0.36642632270498837,-0.34346456001714665,2.36530228066586,0,False
2022-02-12,42217.87,10.65059887010598,13.58496089265993,-1.4163467390941804,-0.32441655049557816,-0.3706641928566508,-0.34807253648757075,2.3654063579414744,0,False
2022-02-13,42053.66,10.6467017008524,13.582404477647232,-1.4207934941224287,-0.3288213291729811,-0.37503887976954264,-0.35246281294354764,2.36545829835022,0,False
2022-02-14,42535.94,10.65810464461331,13.580273678008371,-1.4117483112888463,-0.31937566465070977,-0.3655593683218962,-0.34298636468580473,2.365618385260115,0,False
2022-02-15,44544.86,10.704252050260592,13.580062492450514,-1.0625480792579374,-0.2780628133567862,-0.3242754098619019,-0.30160242184456587,2.366228777890777,0,False
2022-02-16,43873.56,10.689067139716741,13.579126262093485,-1.3871604621530282,-0.2933504162148602,-0.33947063554456686,-0.316879676346435,2.3666783823498343,0,False
2022-02-17,40515.7,10.609444832297095,13.574694143115341,-0.2784357913895117,-0.3679925954721581,-0.4136729915295835,-0.3915385408900682,2.3662772692938296,0,False
2022-02-18,39974.44,10.59599552884856,13.56962332589413,-0.7576566057374796,-0.38046809633444983,-0.42601566357095744,-0.40400589857774133,2.365715288295312,0,False
2022-02-19,40079.17,10.598612026961487,13.564606905736298,-1.1623480815178457,-0.379014398099785,-0.42447627620954287,-0.4025266377504158,2.3651743821538402,0,False
2022-02-20,38386.89,10.555471274033437,13.557675714706626,-0.8800739501452157,-0.41666764162147296,-0.4617813133995236,-0.44018701929302584,2.3641215053116773,0,False
2022-02-21,37008.16,10.518893707851412,13.549117416041753,-0.7068620552741269,-0.4474105944908785,-0.49204008413238476,-0.47094148663163315,2.362613307766778,0,False
2022-02-22,38230.33,10.55138445861763,13.541908605265265,-1.203133313729839,-0.42218619429985094,-0.4670007067202362,-0.44564796268220136,2.3615011470829677,0,False
2022-02-23,37250.01,10.525407492264046,13.533529635930083,-1.1009084978206407,-0.4441269215454809,-0.4886288285527516,-0.46759137919247584,2.3600654484108303,0,False
2022-02-24,38327.21,10.553915366787189,13.52632828050791,-1.431199142735855,-0.4220012485274747,-0.46667202674471703,-0.44540315785726176,2.3589736404418313,0,False
2022-02-25,39219.17,10.576920936854298,13.520064556952468,-1.4457282105748677,-0.403836944294336,-0.4486422646376729,-0.4271874278700819,2.358147190373594,0,False
2022-02-26,39116.72,10.574305276052824,13.513633401948601,-1.5019154752041466,-0.40671496171341515,-0.4515098583995765,-0.4301099804451264,2.357283155626859,0,False
2022-02-27,37699.07,10.537390704696818,13.505559350219311,-1.2779999611334363,-0.43806968088104675,-0.4825429370294008,-0.4615005043833991,2.3559720926550987,0,False
2022-02-28,43160.0,10.67266941937207,13.503256566740014,1.0229272910017189,-0.328154693862123,-0.37367802570500214,-0.35180148937811845,2.356164848770442,1,False
2022-03-01,44421.2,10.701472111941696,13.502127550824582,0.41656096099900397,-0.3027377180959732,-0.3484304113490571,-0.32652922066637685,2.3566314603083596,1,False
2022-03-02,43892.98,10.689509677392648,13.500414932428303,-0.329733179774081,-0.3145694623800077,-0.360426926246765,-0.3384623057232508,2.3569694301946242,0,False
2022-03-03,42454.0,10.656176415804389,13.497200736889189,-1.055167323039195,-0.3457744434314111,-0.39158898687728627,-0.36973005943923004,2.3569582307630084,0,False
2022-03-04,39148.66,10.575121473502401,13.49043562211698,-0.24720306000896963,-0.41801290713886513,-0.46299179714690547,-0.4422580780297101,2.356043577543409,0,False
2022-03-05,39397.96,10.581469317295822,13.48389014397728,-0.9264503746730388,-0.41337447177425285,-0.45862835693063364,-0.4377306866485409,2.3551958490277825,0,False
2022-03-06,38420.81,10.5563545188697,13.476209887237738,-0.887292681943946,-0.4347947968151467,-0.4801452188605562,-0.45919541608883746,2.3540468456202053,0,False
2022-03-07,37988.0,10.545025599362843,13.467991138735734,-0.9780157364352966,-0.4445621278662642,-0.49000313098422915,-0.4690344459975705,2.3527567435164762,0,False
2022-03-08,38730.63,10.56438603883661,13.460555914381192,-1.3311278850392634,-0.4295903926566439,-0.47526508210980944,-0.4541953809501948,2.351692811161784,0,False
2022-03-09,41941.71,10.644036076156922,13.45649631208412,-0.2796002955930301,-0.36472957376164816,-0.41099670295395974,-0.38955208521176793,2.351511262769678,0,False
2022-03-10,39422.0,10.582079315086874,13.44970997944778,-0.6944036976897792,-0.4191880077621699,-0.46503278990660524,-0.4439660268542839,2.3506374204484906,0,False
2022-03-11,38729.57,10.564358669942646,13.442107733497371,-0.9814727122388933,-0.4343988305929815,-0.4801415359272577,-0.45923034610289215,2.3495510915016187,0,False
2022-03-12,38807.36,10.566365198344004,13.434540630685756,-1.3368564478864537,-0.4333655001283635,-0.4791525250436199,-0.45829391362828215,2.3484827633313508,0,False
2022-03-13,37777.34,10.539464730953686,13.425764746754817,-1.221833750084109,-0.4557381500684717,-0.5012003783732437,-0.48069485053103833,2.347088713858511,0,False
2022-03-14,39671.37,10.588385047825092,13.419045837166522,-0.9988494550038269,-0.41739027722446564,-0.4634647516255258,-0.4425318041088493,2.3462643229497,0,False
2022-03-15,39280.33,10.578479163655109,13.411847138191696,-1.5269825214076258,-0.42618646782071073,-0.4722323030746488,-0.4513997649781214,2.3453200047329648,0,False
2022-03-16,41114.0,10.624103975085617,13.406559355746923,-1.0757864701968844,-0.38926272929084915,-0.43582521419040987,-0.4146529411676674,2.344877973383063,0,False
2022-03-17,40917.9,10.61932289910057,13.40100846030006,-1.4940994302033936,-0.3939815607325915,-0.44065091723501737,-0.4194575068726645,2.344375649153588,0,False
2022-03-18,41757.51,10.639634594342013,13.396274869629911,-1.4417350382138518,-0.3773751841084917,-0.4242952039452517,-0.4029849739469672,2.344082847432012,0,False
2022-03-19,42201.13,10.650202276916783,13.391937121248443,-1.468119770777158,-0.3689197958306794,-0.4160003494631285,-0.3946461193448737,2.3438918703854816,0,False
2022-03-20,41262.11,10.627699924435472,13.386571203018038,-1.4899009867620179,-0.3891057242918377,-0.43614110279344764,-0.41487755456576836,2.343453405074535,0,False
2022-03-21,41002.25,10.62138222222948,13.380876281169535,-1.4962710736178457,-0.3951282974028953,-0.44230594991996797,-0.4209775003766889,2.3429383216471407,0,False
2022-03-22,42364.13,10.654057292602038,13.376531041511575,-1.3780942545970498,-0.3680480826856996,-0.4153867071353287,-0.39405077560902135,2.342761433433815,0,False
2022-03-23,42882.76,10.666225159344945,13.372649476013985,-1.4597786590526969,-0.3581325897769556,-0.4055824554345067,-0.38425185042920723,2.3427000953855233,0,False
2022-03-24,43991.46,10.69175080315323,13.369805105945222,-1.4334805580331977,-0.33636948026055347,-0.3840081815055849,-0.36297854765267584,2.3428840343200887,0,False
2022-03-25,44313.16,10.699036977380773,13.367210333148819,-1.433554132585897,-0.3305532777052596,-0.3783154764553126,-0.3572705117331144,2.343128574277379,0,False
2022-03-26,44511.27,10.703497694516797,13.36474291371018,-1.4306381981029315,-0.32725769947634326,-0.37512874655034956,-0.35407797752072134,2.343405653477687,0,False
2022-03-27,46827.76,10.754231468447625,13.364393524940303,-0.9532777165978805,-0.2820202639444722,-0.3306231165932798,-0.30901547926059053,2.344142609620228,0,False
2022-03-28,47122.21,10.760499718753639,13.364243190140453,-1.323262236329205,-0.2769189980853325,-0.3256734738494484,-0.30402260659187946,2.344923532775469,0,False
2022-03-29,47434.8,10.767111415522105,13.364306140733369,-1.3737397616210203,-0.2714774668152031,-0.3204089414120094,-0.2986901317874098,2.3457508801536684,0,False
2022-03-30,47067.99,10.759348431125227,13.363963316333667,-1.387152800497674,-0.27963154435547816,-0.32857686642390166,-0.30692771643596256,2.3464981226894976,0,False
2022-03-31,45510.34,10.7256948318683,13.362101895659395,-1.3536325495938004,-0.31199439645838495,-0.3608841167761706,-0.33931950389778137,2.346926484693624,0,False
2022-04-01,46283.49,10.742540589008893,13.360898691325305,-1.4038935534256303,-0.29732564084325735,-0.346506694818986,-0.3247753581757316,2.3474999379138635,0,False
2022-04-02,45811.0,10.732279515937446,13.359185687379519,-1.4136527662524319,-0.30758438533456367,-0.3569966265869105,-0.335110352925027,2.347967404120605,0,False
2022-04-03,46407.35,10.745213130841986,13.357962175070814,-1.4035233123418804,-0.29646575125261637,-0.34614225011562183,-0.32410959860464217,2.348543067032921,0,False
2022-04-04,46580.51,10.748937492283503,13.35683062417433,-1.4012495150549094,-0.29378536026120405,-0.3437145322323405,-0.32153150275662695,2.349141395656393,0,False
2022-04-05,45497.55,10.72541375733544,13.354618511062876,-1.4225061746703969,-0.3163407342322363,-0.36654435362568333,-0.34413599539464373,2.349510397224713,0,False
2022-04-06,43170.47,10.672911975680437,13.350082053768048,-0.9091417859288098,-0.3645898526495938,-0.41489219440811465,-0.3923613898483213,2.349352002250179,0,False
2022-04-07,43444.19,10.67923240483664,13.34575810227442,-1.4397624844797678,-0.3597752561941832,-0.4103899099757279,-0.3876501332422319,2.3492486932880796,0,False
2022-04-08,42252.01,10.651407205618211,13.340177085345921,-1.2984874971407143,-0.3846692068893238,-0.4350329207098394,-0.41257448200773333,2.348848099960983,0,False
2022-04-09,42753.97,10.663217335550248,13.335047533099988,-1.4804918194662284,-0.3752636145647596,-0.4258631451613104,-0.4032815538265681,2.3485627226838264,0,False
2022-04-10,42158.85,10.649199905803371,13.329257102327324,-1.4934167083596652,-0.38794881490805844,-0.4384214512702278,-0.4160269850005657,2.3481216864041605,0,False
2022-04-11,39530.45,10.584826539985107,13.320641143082254,-0.6288230812795854,-0.4427564826081161,-0.49231423166304744,-0.4707606952846551,2.3469610829496865,0,False
2022-04-12,40074.94,10.59850648028387,13.312565164730081,-1.3316603174980577,-0.4324075715744579,-0.4821531373122112,-0.4605258416907914,2.345951903871737,0,False
2022-04-13,41147.79,10.624925498709173,13.305575788950001,-1.518269888100152,-0.41160758663522046,-0.4617424727459895,-0.4402170104821464,2.3452307647607,0,False
2022-04-14,39942.38,10.595193194578506,13.297254430334696,-1.4441747154033708,-0.4367176016244389,-0.4863708129427544,-0.46533601677686487,2.3441719014375537,0,False
2022-04-15,40551.9,10.610337914179526,13.289535299460404,-1.5327575172644277,-0.42512147471498957,-0.4749929648211856,-0.4538577356148937,2.34327787429643,0,False
2022-04-16,40378.71,10.606057944848356,13.28158113351616,-1.5372618216839622,-0.42921005193843154,-0.47901255326240166,-0.45801998872462557,2.342330197061699,0,False
2022-04-17,39678.12,10.588555181244129,13.272823708762218,-1.5531132569200523,-0.4439623617244567,-0.49359515896110084,-0.4728120768308614,2.341179280510167,0,False
2022-04-18,40801.13,10.616465056087154,13.265218848915675,-1.4864872671218419,-0.4222485282213168,-0.4721931217006218,-0.4512421300853791,2.3403363957618906,0,False
2022-04-19,41493.18,10.63328435536453,13.25828638038019,-1.5170267042013945,-0.4091023906818275,-0.45929425903310184,-0.43821727534412264,2.339670214308805,0,False
2022-04-20,41358.19,10.630025746135749,13.251160773207884,-1.5206534468606319,-0.41242439340118503,-0.46257268923074163,-0.441616335387895,2.338961969797539,0,False
2022-04-21,40480.01,10.60856355099689,13.24305942125001,-1.5398949190222166,-0.4307079750039248,-0.4807642442999405,-0.45993111479690396,2.338012113785196,0,False
2022-04-22,39709.18,10.589337674201689,13.234081121658672,-1.5571907110494976,-0.44681211252340525,-0.49682698454425855,-0.47607016152966114,2.3368408712375714,0,False
2022-04-23,39441.6,10.582576375845033,13.224764436905446,-1.5637828520555248,-0.452753766034851,-0.5027783647094624,-0.4820771562780106,2.335588190307958,0,False
2022-04-24,39450.13,10.58279262157911,13.21541044757715,-1.5644273927818417,-0.4531596195970123,-0.5032242078634918,-0.48256496011712485,2.3343341023745294,0,False
2022-04-25,40426.08,10.60723040022944,13.207061247041699,-1.5446741206994838,-0.43444338341392147,-0.4847090724236366,-0.4639844204504706,2.3333509771075875,0,False
2022-04-26,38112.65,10.548301527005394,13.19612785179657,-0.7528149461747597,-0.48208756260376534,-0.5320609883604568,-0.5115367667376806,2.3316860441119873,0,False
2022-04-27,39235.72,10.577342835355347,13.186401485599616,-1.4586766536077254,-0.46049006933904174,-0.5106434915853983,-0.490087753546595,2.3303588306248217,0,False
2022-04-28,39742.07,10.590165603324987,13.177181243992663,-1.5629515414849948,-0.4510358122462117,-0.5013053586518609,-0.48074475027323377,2.3291739830377924,0,False
2022-04-29,38596.11,10.560906773172487,13.166655564719429,-1.4532495453972223,-0.4746188632780539,-0.5248391199487941,-0.5043256942067667,2.327649497136886,0,False
2022-04-30,37630.8,10.53557814299477,13.154997012306357,-1.3882499567179234,-0.49452681751393196,-0.5444971717331678,-0.5242402138952271,2.3258232103029766,0,False
2022-05-01,38468.35,10.557591104262439,13.144245072716569,-1.5935659322906166,-0.47855962641999444,-0.5287846119409332,-0.5084048086874235,2.324257345906845,0,False
2022-05-02,38525.16,10.559066813327,13.13351391161224,-1.5931245686568771,-0.4779836525010885,-0.5282511679843332,-0.507910361287617,2.322706899232282,0,False
2022-05-03,37728.95,10.53818298325757,13.121841716825832,-1.6117215257629838,-0.494432983191516,-0.5445021557642562,-0.5246985021808405,2.3209088113249035,0,False
2022-05-04,39690.0,10.588854545777112,13.112308833155236,-0.9462372251809255,-0.45684324866477566,-0.5074327657259369,-0.4873056947820012,2.319695380039255,0,False
2022-05-05,36552.97,10.50651772042656,13.099188560052713,-0.19884271482639648,-0.5211985030211074,-0.5705381200907247,-0.55145162697202,2.3175108822510633,0,False
2022-05-06,36013.77,10.49165664430377,13.08539282979926,-0.6759477248087999,-0.532403971566819,-0.5817830268330172,-0.5626740847447662,2.3151449001640043,0,False
2022-05-07,35472.39,10.476509926382933,13.070911246565025,-0.8534693202513559,-0.5436294055363863,-0.5930057252923026,-0.5739122880287292,2.3125926971924433,0,False
2022-05-08,34038.4,10.435244578057345,13.054622475579286,-0.6305632453815952,-0.572719745706594,-0.6217011159337655,-0.6029113178838238,2.309513155474959,0,False
2022-05-09,30076.31,10.311493097666503,13.03298452992785,0.7750710751253784,-0.6535853717605591,-0.701424000129176,-0.6832493465125496,2.304712463573503,1,False
2022-05-10,31017.1,10.342293944288036,13.012659284310326,-0.1529125746708666,-0.6362057403628884,-0.6843280418852783,-0.6660320877668577,2.3003895656454985,0,False
2022-05-11,29103.94,10.278628839183487,12.989581442701152,0.20741002777306594,-0.6739632946309988,-0.7215955706100653,-0.703560257316873,2.295155053109431,1,False
2022-05-12,29029.75,10.276076445200678,12.966386849689803,0.024846958157492605,-0.6757577747854727,-0.7234493679933146,-0.705390257014524,2.2899179552286015,1,False
2022-05-13,29287.05,10.284900717781236,12.943564837169149,-0.2158129764662573,-0.671326542084451,-0.7191322231735976,-0.7010372032905712,2.284848473918257,0,False
2022-05-14,30086.74,10.31183982211297,12.92189250818739,-0.5593663568757883,-0.6567554474182643,-0.704778099859267,-0.6866117769477526,2.2802061224580545,0,False
2022-05-15,31328.89,10.352295954017615,12.901946791014533,-0.9615851424809418,-0.6338295783813626,-0.6821420344281851,-0.6638808346394232,2.276161962206064,0,False
2022-05-16,29874.01,10.30474415060942,12.87994203468664,-0.725755378982607,-0.66249040551581,-0.7106426147024014,-0.6923843898583836,2.271469631104036,0,False
2022-05-17,30444.93,10.323674756811915,12.85874003062674,-0.9402359946332597,-0.6521504290890391,-0.7005639840308784,-0.6821615970403061,2.2670747715806288,0,False
2022-05-18,28715.32,10.265186057237695,12.8350139043286,-0.6486681513913317,-0.6858997678956704,-0.7340727520505296,-0.7157038666528207,2.261885311401197,0,False
2022-05-19,30319.23,10.319537443655465,12.813616363961355,-0.8620643656276537,-0.6568120327846396,-0.7054156188829771,-0.6868525270735671,2.2575165469619725,0,False
2022-05-20,29201.01,10.281958576699282,12.790593820380298,-0.9044480324747162,-0.6785904979925832,-0.7271175667263883,-0.7085193243020159,2.252651894259442,0,False
2022-05-21,29445.06,10.290281433073996,12.767921556687844,-1.0168238236173304,-0.674431616928171,-0.7231533391982033,-0.7044362870087516,2.2479425519042353,0,False
2022-05-22,30293.94,10.318702971494794,12.746460812394337,-1.2333658817341016,-0.659034346948158,-0.708038936492039,-0.6891890446124856,2.2436570794194655,0,False
2022-05-23,29109.15,10.278807836725582,12.7232768784912,-1.0671630587663565,-0.6820417882948727,-0.7309722537415391,-0.7123700363175827,2.2388422675068655,0,False
2022-05-24,29654.58,10.297371861299492,12.700882912288897,-1.2166711429123829,-0.6723160642112588,-0.7214828248912938,-0.70275946309778,2.234317219850426,0,False
2022-05-25,29542.15,10.29357333610441,12.67831732967634,-1.242596447406615,-0.6748242910994109,-0.7241198424497512,-0.7052981509153806,2.2297672729259275,0,False
2022-05-26,29201.35,10.281970220064379,12.65524610700175,-1.227142907351742,-0.6816150351315982,-0.7309920134812314,-0.712087857657963,2.225085041925111,0,False
2022-05-27,28629.8,10.262203412388404,12.63132101636387,-1.1713706467921612,-0.692701040826283,-0.7420749975547268,-0.7231389627026675,2.220157341365042,0,False
2022-05-28,29031.33,10.27613087064369,12.607989085418845,-1.2797185956422101,-0.6856930911803675,-0.7352419066506573,-0.7162279046339953,2.215455713386017,0,False
2022-05-29,29468.1,10.291063601308553,12.585291411318792,-1.3877755308465347,-0.6780057441972672,-0.7277257399291923,-0.7086417728069662,2.2109875115922484,0,False
2022-05-30,31734.22,10.36515087289747,12.565760180435515,-0.3937601240968207,-0.6369543907326434,-0.6872495571972659,-0.6678888117488473,2.207511476681863,0,False
2022-05-31,31801.04,10.367254272636007,12.546301878890132,-1.0270239983363478,-0.6361085732213548,-0.6864814335601522,-0.6670988257456361,2.204077529117087,0,False
2022-06-01,29805.83,10.302459290942853,12.524051001976135,-0.6135290641553666,-0.6750725350097385,-0.7249653081106958,-0.7058179534168114,2.1998373952086783,0,False
2022-06-02,30452.62,10.323927312129522,12.502710576616167,-1.5765232626041716,-0.6634773813479112,-0.7136541214780967,-0.6943481113475072,2.1959032666616007,0,False
2022-06-03,29700.21,10.298909395472865,12.48028733649265,-1.4543137997930622,-0.6780803238848905,-0.7281420998026923,-0.7088880521641401,2.191665290367059,0,False
2022-06-04,29864.04,10.304410359998826,12.458091315523157,-1.6054727958288852,-0.6754345780548207,-0.7255758113507204,-0.706303808682001,2.187523507731659,0,False
2022-06-05,29919.21,10.306256027996513,12.435965352978304,-1.6242891799153916,-0.6748063176750271,-0.7250226401340252,-0.7057207519179667,2.18342900400839,0,False
2022-06-06,31373.1,10.353706116831464,12.415860808564066,-1.0224251231479409,-0.6484653922524116,-0.69921352185084,-0.6795987064661986,2.1799545112950662,0,False
2022-06-07,31125.33,10.345777236120442,12.39540178905453,-1.6395029161355907,-0.6535602581308851,-0.704324943739507,-0.6846988684537767,2.1763985227586655,0,False
2022-06-08,30204.77,10.31575513791051,12.373644263600939,-1.4343535070114024,-0.6714108182975905,-0.7219169090974573,-0.7024577742126733,2.1724850437927268,0,False
2022-06-09,30109.93,10.312610296664044,12.351742062804467,-1.693488650713633,-0.6735801358635202,-0.7239773930236019,-0.704651934744186,2.168552895894668,0,False
2022-06-10,29091.88,10.278214376420605,12.328359197660824,-1.3305480172065471,-0.6930713529351732,-0.7429474620037112,-0.7240332145912893,2.164203104042817,0,False
2022-06-11,28424.7,10.255013764473333,12.303979319560527,-1.3364139892107993,-0.7057793381278059,-0.7553100968811761,-0.7366815142735705,2.159577545839499,0,False
2022-06-12,26574.53,10.187708517258834,12.276720521231637,-0.5519053783704113,-0.7402633737986524,-0.7889713348583508,-0.7711863657657557,2.1540765060368146,0,False
2022-06-13,22487.41,10.020710876027323,12.242333019893938,1.7911251076671286,-0.7680619678881044,-0.8574858491731048,-0.8307980288470278,2.1461709420397925,1,False
2022-06-14,22136.41,10.00497904316007,12.207308496146567,1.0159507777400005,-0.7087718872031146,-0.8613028287734444,-0.8235566763012081,2.13810564446644,1,False
2022-06-15,22583.72,10.024984571698479,12.173175643091529,0.26529442474877607,-0.7816714032960862,-0.8570516391325448,-0.8325995225042573,2.130434837100128,1,False
2022-06-16,20401.31,9.923354393456844,12.134740609802499,1.0008035872116037,-0.41599189020607513,-0.8697923532506284,-0.7026405954038756,2.121255228644707,1,False
2022-06-17,20468.81,9.926657543111077,12.096499232355141,0.6296632999029836,-0.431336726044509,-0.8686591105975852,-0.7044819977211618,2.1122408053650057,1,False
2022-06-18,18970.79,9.850655706764105,12.055071549294139,1.039159296656444,-0.09940613096897843,-0.8780539333972894,-0.469197571364078,2.102117384388352,1,False
2022-06-19,20574.0,9.931783421690975,12.017165151433797,0.20545298413569268,-0.45254264336630773,-0.8698339083209522,-0.7207685306773473,2.0934313158121967,1,False
2022-06-20,20573.89,9.931778075122779,11.979309258537407,0.056350743297061356,-0.4316675165293279,-0.8699746170923293,-0.7128993390045574,2.084847281705833,1,False
2022-06-21,20723.52,9.939024566114622,11.941812074445233,-0.12358679672171347,-0.45507058220567614,-0.8686564106164106,-0.724458399368956,2.076473407716876,0,False
2022-06-22,19987.99,9.90288687216379,11.902828484164452,-0.0020567064458809625,-0.322741524772345,-0.8682372467201412,-0.6156518344252622,2.0676468653176667,0,False
2022-06-23,21110.13,9.957508299042258,11.866220106798178,-0.43098740552477466,-0.5270019764114474,-0.867202336551203,-0.7597241673074017,2.059741779961544,0,False
2022-06-24,21237.69,9.96353271237925,11.829912723781947,-0.5441117948076846,-0.5491174704286662,-0.8697717226061845,-0.7667414410219667,2.0520104162296033,0,False
2022-06-25,21491.19,9.975398362696273,11.794152678487265,-0.6813585008849641,-0.5906850294007479,-0.8734665151372867,-0.7809325193815251,2.044531506751665,0,False
2022-06-26,21038.07,9.954088932606165,11.757531329176397,-0.6304881275006311,-0.5200606039078414,-0.86741782089502,-0.73638291678638,2.0368283339402296,0,False
2022-06-27,20742.56,9.939942907146044,11.72035647717288,-0.6183647818422702,-0.4731164239489797,-0.8622756366447464,-0.6948763254123022,2.0290067207908633,0,False
2022-06-28,20281.29,9.91745406514958,11.682277887104867,-0.5626720225716149,-0.3974467391017581,-0.8649470131917794,-0.6227305011277732,2.020949730538393,0,False
2022-06-29,20123.01,9.909619215410041,11.643920256605274,-0.5817520140300161,-0.37243454821549793,-0.8644703877753696,-0.5905523864305489,2.0128715116335476,0,False
2022-06-30,19942.21,9.900593869871853,11.605234864917291,-0.5929863621202736,-0.34351841366214503,-0.8604160427960763,-0.5538931144108742,2.0047563023620123,0,False
2022-07-01,19279.8,9.866813194666749,11.56517785005044,-0.4839123106846026,-0.22794142602601655,-0.7441020958165595,-0.4320070899771465,1.9962516651644526,0,False
2022-07-02,19252.81,9.865412303088734,11.525123653753903,-0.5305505130540782,-0.2271290475318775,-0.7340505139946487,-0.4271094243023442,1.9878279701331905,0,False
2022-07-03,19315.83,9.868680245960709,11.485269346258255,-0.5960508765962831,-0.2430823443614944,-0.7134756210899598,-0.4344690322151759,1.9795497701463316,0,False
2022-07-04,20236.71,9.9152535607817,11.447439181551951,-0.8555802237996057,-0.4109818795664599,-0.8293459543010537,-0.5912553460663919,1.9720085503334586,0,False
2022-07-05,20175.83,9.912240632316704,11.409534016608015,-0.8832905768368899,-0.40347054520685344,-0.8114582117497469,-0.5782881510640124,1.9645079828993268,0,False
2022-07-06,20564.51,9.931322053490312,11.372484344776138,-1.0018308545535495,-0.4682687729008799,-0.8553921272984515,-0.6374212027926756,1.9573406956519697,0,False
2022-07-07,21624.98,9.981604406944161,11.337598351061423,-0.9582371029433228,-0.6281159754369637,-0.8682728729133122,-0.7703968195141727,1.9508929674929878,0,False
2022-07-08,21594.75,9.980205508573912,11.302692924164054,-1.1638981186277566,-0.6249536796669052,-0.8681195744692695,-0.7665948255027825,1.944488627178627,0,False
2022-07-09,21591.83,9.980070281380444,11.267821358199766,-1.1745052934059785,-0.6255234695188918,-0.8677779319478071,-0.7655769313730666,1.938142871500184,0,False
2022-07-10,20862.47,9.945707129982239,11.231546240722725,-1.1032294347235416,-0.5271173172003869,-0.8405003936521642,-0.679352486919903,1.9314275697309409,0,False
2022-07-11,19963.61,9.901666395235392,11.193468369526142,-0.9916282595311998,-0.3960755906756702,-0.7103451245618726,-0.5473572874890009,1.9242191176645531,0,False
2022-07-12,19328.75,9.869348903789641,11.154088783051273,-0.8775932701765341,-0.29649093044163194,-0.6102193430651968,-0.4463253357213509,1.9166695727783793,0,False
2022-07-13,20234.87,9.915162632777344,11.116688986629423,-1.0629255749743527,-0.4486048549154823,-0.7465723647919651,-0.5930066809070236,1.9097853348894178,0,False
2022-07-14,20588.84,9.93250446040662,11.08006629414839,-1.1168565907856929,-0.5033974538925556,-0.7880811301325534,-0.6443824023750709,1.903185096478016,0,False
2022-07-15,20830.04,9.944151454560423,11.043978548799885,-1.154660897907739,-0.5394620940618323,-0.808791527772838,-0.6766039635743277,1.8967908152965578,0,False
2022-07-16,21195.6,9.961548891949398,11.008663758207753,-1.2055020692241705,-0.5909780426327207,-0.8495834601524725,-0.7245049142443966,1.8906650512464311,0,False
2022-07-17,20798.16,9.942619800237996,10.97259963738797,-1.1716481074477294,-0.5394499538205243,-0.7934128406576507,-0.6703313799359858,1.8843714396728741,0,False
2022-07-18,22432.58,10.018269645420173,10.939741481937741,-0.35778641933148525,-0.753208500487129,-0.8714372977554884,-0.8332024444069864,1.8790096461729364,0,False
2022-07-19,23396.62,10.060346846468246,10.908672574511641,-0.3342786723169562,-0.821660555969164,-0.8701622554467454,-0.8525007200847518,1.8794804484112633,0,False
2022-07-20,23223.3,10.052911364017003,10.877318544363392,-0.8826130314815901,-0.8246993324762241,-0.8709243809111326,-0.8536813975939637,1.8843961652212282,0,False
2022-07-21,23152.19,10.049844655472008,10.845862959128556,-1.179580073879809,-0.8261332902450991,-0.872045125048195,-0.8540973334622657,1.8892982634688702,0,False
2022-07-22,22684.83,10.02945169813126,10.813583738648044,-1.4190605379188055,-0.7871590956378401,-0.87185285094983,-0.8469383754728141,1.8944719096261973,0,False
2022-07-23,22451.07,10.019093553504561,10.780902841889064,-1.4042038721244954,-0.7626931656652535,-0.8742104052658357,-0.8393437076335073,1.8997406074702639,0,False
2022-07-24,22579.68,10.024805665769751,10.748491698838112,-1.4254931891577856,-0.7773010046950191,-0.8739339200520249,-0.8446510070549533,1.9048356516691944,0,False
2022-07-25,21310.9,9.966973957893947,10.713702897750816,-0.7772385932400396,-0.6374541434230118,-0.8559172805237641,-0.7580258992034024,1.9107649942203546,0,False
2022-07-26,21254.67,9.96433191491372,10.678844589771884,-1.2892436757230834,-0.6317390005506435,-0.8511004827928906,-0.752143140188935,1.916660537472861,0,False
2022-07-27,22952.45,10.041179963603545,10.647223889185153,-0.3282241546766713,-0.8300190518568703,-0.8781136894507889,-0.8596632161924488,1.9211987472429293,0,False
2022-07-28,23842.93,10.079243016311933,10.617213785101178,-0.3798879309380534,-0.8199053289397397,-0.8699779659818057,-0.8515244599255325,1.9248993683378584,0,False
2022-07-29,23773.75,10.076337309795871,10.587104856267588,-0.8580895006007216,-0.8213344442940307,-0.8714151833753304,-0.8529705301617407,1.9285757208905998,0,False
2022-07-30,23643.51,10.070843937655752,10.556790068864341,-1.1870672477579451,-0.8237216136903422,-0.8737906121442451,-0.8553654753270821,1.9322816789830461,0,False
2022-07-31,23293.32,10.055921903169875,10.525878772083761,-1.522837866295637,-0.8295437941675898,-0.8789705372526276,-0.8609565166671064,1.936209851399117,0,False
2022-08-01,23268.01,10.054834734805357,10.494947836784897,-1.5568046022763384,-0.8302666217095496,-0.8797405279202425,-0.8615870841612151,1.9400746989397497,0,False
2022-08-02,22987.79,10.042718484384931,10.463539780846697,-1.5378965266587739,-0.8349153173342787,-0.8814100288802279,-0.8631075244211347,1.9441000437566296,0,False
2022-08-03,22818.37,10.035321192293496,10.431852425262205,-1.529240543698162,-0.8243443150087142,-0.8797634358679005,-0.8624415915941295,1.9481879806495968,0,False
2022-08-04,22622.98,10.026721482814317,10.399837198757774,-1.5180471523989032,-0.8057234806593054,-0.87986330764353,-0.8590905340319485,1.9523610304542902,0,False
2022-08-05,23312.42,10.056741544744895,10.369095901621765,-1.4336966175342407,-0.8311426989181939,-0.8809703984836904,-0.8627775912793063,1.9558271060425165,0,False
2022-08-06,22954.21,10.041256640931012,10.337738412316629,-1.5635855133045238,-0.8369940357605808,-0.8837674755724505,-0.8651625436124322,1.9595507827484748,0,False
2022-08-07,23174.39,10.050803068620542,10.30680374023657,-1.5907714088867657,-0.8339900449475006,-0.8831736529366475,-0.8650708164862067,1.9629906289976689,0,False
2022-08-08,23810.0,10.077860939480908,10.277014861727883,-1.5034356647512532,-0.8246096574249508,-0.8747325739901834,-0.8564943961654579,1.9657378257061042,0,False
2022-08-09,23149.95,10.049747899684833,10.24608488420966,-1.4783241450517743,-0.8353228766217509,-0.8846694444286667,-0.8664380638214251,1.9690310184635649,0,False
2022-08-10,23954.05,10.083892690839331,10.216592918916959,-1.3352610326822738,-0.8233990655823675,-0.8735286043255096,-0.8553402255832252,1.9714549189552901,0,False
2022-08-11,23934.39,10.083071615811432,10.187087913005232,-1.6853965311425279,-0.8240441393481034,-0.874147287739733,-0.856271840885102,1.9738115880566252,0,False
2022-08-12,24403.68,10.102489219581281,10.158406190355077,-1.664912493240199,-0.8169945519874567,-0.8671817207575002,-0.8493128652562871,1.9756048955391905,0,False
2022-08-13,24441.38,10.104032876503238,10.129806326102463,-1.741325003731804,-0.8167278424905792,-0.8668705290013964,-0.8490734880931257,1.9772744353327047,0,False
2022-08-14,24305.24,10.098447243942221,10.10099371360758,-1.7357365601472732,-0.8192496803733091,-0.8693113143392273,-0.8515959510011741,1.9790007308413573,0,False
2022-08-15,24094.82,10.08975215861698,10.071840917159799,-1.723773270350223,-0.8229452818342009,-0.8729714701409025,-0.8552805001167438,1.9808601279775322,0,False
2022-08-16,23854.74,10.07973821870825,10.042294936937017,-1.7091706971523863,-0.8270816574549738,-0.877091728433208,-0.8594010512313236,1.982881785782121,0,False
2022-08-17,23342.66,10.058037866784627,10.011875462689241,-1.6293873770536558,-0.8354478676833161,-0.885429219007365,-0.8677077482677455,1.9853402280528047,0,False
2022-08-18,23191.2,10.051528175353209,9.981212344344598,-1.6636003801515673,-0.8381005361219619,-0.8877470507489775,-0.8702005827858346,1.9878643039094188,0,False
2022-08-19,20834.39,9.944360265770168,9.94615899513977,0.3973007093407701,-0.6546065839115076,-0.8483299356905277,-0.763981945529063,1.9925385822568489,1,False
2022-08-20,21140.07,9.958925570677025,9.911748608512815,-0.7471022773777027,-0.6908188738827803,-0.8784819630653972,-0.7991012359218627,1.996853388057797,0,False
2022-08-21,21515.61,9.976533997183122,9.878103507069252,-1.3596553870141987,-0.7330386643165456,-0.8907844655384511,-0.832921573569552,2.0007307764833913,0,False
2022-08-22,21399.83,9.971138257053155,9.844273940303772,-1.475759538509155,-0.7218248071880259,-0.8897990490118186,-0.8248881801050157,2.004629122983084,0,False
2022-08-23,21529.12,9.977161716322891,9.81073034904172,-1.5468496361875013,-0.7365760941667157,-0.8923273356206207,-0.8354185835756278,2.0083135944858292,0,False
2022-08-24,21368.08,9.969653498698925,9.77691546207283,-1.5380656699035242,-0.7207479838996527,-0.8873433941842481,-0.8239019613070055,2.0120645461783293,0,False
2022-08-25,21559.04,9.978550497129913,9.74350439880694,-1.5619125255900113,-0.7418952715929009,-0.8934996187605271,-0.8390598829682875,2.015537332662644,0,False
2022-08-26,20241.05,9.915467999526168,9.707540678182164,-0.6466428614705171,-0.6016048051456175,-0.7879381826983609,-0.7091579641527348,2.0201784076046896,0,False
2022-08-27,20037.6,9.9053657875479,9.671210069008476,-1.071394917946315,-0.578636541851475,-0.7644976519572796,-0.6859066879668112,2.0249174497218685,0,False
2022-08-28,19555.61,9.881017480771103,9.63393043955548,-1.0492928243021993,-0.5205687013897067,-0.7075285301883885,-0.6280053333079809,2.030001166127754,0,False
2022-08-29,20285.73,9.917672962175672,9.5982061013341,-1.2738078249141398,-0.614171293251811,-0.797582608111005,-0.7201429047164689,2.0343276426861125,0,False
2022-08-30,19811.66,9.894025932244498,9.561560302630125,-1.427896067457287,-0.5593713927100274,-0.7432637099834546,-0.6655133267618051,2.0390116574101094,0,False
2022-08-31,20050.02,9.905985430240452,9.525454739590971,-1.4574701843663385,-0.5902612328493726,-0.7734807419450674,-0.696661797496627,2.0433812263513396,0,False
2022-09-01,20131.46,9.9100390445681,9.489563543170759,-1.4714595179948484,-0.6015462172192756,-0.7836367258521069,-0.7073206964737181,2.0475810270827255,0,False
2022-09-02,19951.86,9.901077651054782,9.453353870279319,-1.4601675367847278,-0.5819244713927645,-0.7626808619050218,-0.6874562340202385,2.0518658616769487,0,False
2022-09-03,19831.9,9.895047031346525,9.416947111530027,-1.4545670435911724,-0.5692140224789495,-0.7503658802649674,-0.6744104281667468,2.0561772871812116,0,False
2022-09-04,20000.3,9.90350255242363,9.38093564235662,-1.4768563050389731,-0.5911077442268734,-0.7694969261668528,-0.69423908554364,2.0602289418042967,0,False
2022-09-05,19796.84,9.89327760798624,9.344555625043636,-1.4631698605988033,-0.5686878806112857,-0.7455369266081977,-0.67041991161511,2.0643931653260315,0,False
2022-09-06,18790.61,9.841112555957201,9.306099314927216,-0.9033093451828853,-0.44595605033377284,-0.6242651294489456,-0.5473664345652748,2.069441572672652,0,False
2022-09-07,19292.84,9.86748932160526,9.268777081247217,-1.4266281392377194,-0.5148249582493648,-0.6891663146210644,-0.6129235070832747,2.0739182579632813,0,False
2022-09-08,19319.77,9.868884202933742,9.231566188976444,-1.43521242471364,-0.5201898080333277,-0.6918158415699956,-0.61574272196274,2.0782759835683557,0,False
2022-09-09,21360.11,9.969280442873606,9.19849362712794,0.24251931250539904,-0.7484226742915174,-0.8981103166382232,-0.8448396077612866,2.080304691592339,1,False
2022-09-10,21648.34,9.98268405612611,9.166002868815642,-0.386788827076084,-0.7687546715601575,-0.9033135458462092,-0.861687501684962,2.081897650165568,0,False
2022-09-11,21826.87,9.990897058595195,9.133880474179984,-0.7112720498807981,-0.7187948174906819,-0.9058836247965301,-0.8686233907762166,2.0831822805302127,0,False
2022-09-12,22395.74,10.016626041185464,9.102836407988447,-0.6889645615316506,-0.7705599860236272,-0.9047874960919163,-0.8855395828346022,2.083675230291682,0,False
2022-09-13,20173.57,9.912128610824324,9.067578759074644,0.3382393477837091,-0.543140949936483,-0.8129185789697818,-0.7332635037102123,2.086720849258189,1,False
2022-09-14,20226.71,9.914759287178352,9.032473903304927,-0.58867781451746,-0.5501928427374718,-0.8165513142807775,-0.7361963391323297,2.089638272452626,0,False
2022-09-15,19701.88,9.888469341644868,8.996348394545096,-0.6282815678575777,-0.49082823317357877,-0.7589786891497065,-0.6762401036685014,2.093134371672479,0,False
2022-09-16,19803.3,9.893603869461947,8.960480891652582,-0.9840825647411069,-0.4804934389837401,-0.7713501651671804,-0.6847793061506127,2.0964250580335047,0,False
2022-09-17,20113.62,9.909152476512153,8.925292031592832,-1.348753504175308,-0.5163818639521189,-0.8043642308462355,-0.7161337350649213,2.099272947251732,0,False
2022-09-18,19416.18,9.873862018068039,8.888720776269153,-1.141905776584715,-0.43760320065778113,-0.7262269783317197,-0.6365629480691727,2.1028042051103095,0,False
2022-09-19,19537.02,9.880066406289735,8.852452603226112,-1.3304996156476032,-0.45363991988239305,-0.7410344516170525,-0.6477938774313937,2.10610666909211,0,False
2022-09-20,18875.0,9.845593574117226,8.814841717150086,-1.1456758205678748,-0.36284077173850704,-0.6654106488073818,-0.5687707481495188,2.1100393318267208,0,False
2022-09-21,18461.36,9.823435178149202,8.77639257906972,-1.0746075763899154,-0.31012539661683575,-0.6125576863111228,-0.5141962475786025,2.114317346890171,0,False
2022-09-22,19401.63,9.873112362140441,8.740009609230384,-0.9626523453829781,-0.4339686991392537,-0.7264452617551769,-0.6299680368377779,2.1174677545433287,0,False
2022-09-23,19289.91,9.86733744025903,8.703445313067245,-1.5220895266431482,-0.41773885257623905,-0.709632082400013,-0.6142855003486589,2.120649601859118,0,False
2022-09-24,18920.5,9.848001269317992,8.666153992024393,-1.492312513084632,-0.37309434886308346,-0.6668040428687912,-0.5682310599090584,2.12415752325514,0,False
2022-09-25,18807.38,9.842004624980683,8.628676899936751,-1.4866749877041086,-0.36091483515372647,-0.6531980170491141,-0.5519793544709416,2.1277168851053103,0,False
2022-09-26,19227.82,9.864113467622,8.592146652740645,-1.5316088662621374,-0.4165080734148902,-0.7011559355381476,-0.6003474372355994,2.1306955538589722,0,False
2022-09-27,19079.13,9.856350346478404,8.555356708114862,-1.522764841206641,-0.39012128244724426,-0.6841182635605136,-0.5804445524493792,2.1337515336619064,0,False
2022-09-28,19412.82,9.873688951545162,8.51931776215143,-1.5582263396913456,-0.43141518549836444,-0.7222450796386449,-0.6165499392304592,2.13631154352171,0,False
2022-09-29,19591.51,9.882851588110995,8.483697665780896,-1.5790789748275518,-0.4528005474156157,-0.7408162956065145,-0.6337607424552532,2.1385550451338564,0,False
2022-09-30,19422.61,9.874193130343098,8.447778847136293,-1.5685750508893772,-0.4352764549181494,-0.7236834666858519,-0.6125863474562572,2.140909540366304,0,False
2022-10-01,19310.95,9.868427571519508,8.411678981837953,-1.563157039005529,-0.42416140236158634,-0.7116368002162639,-0.5975560101552277,2.1433040477538263,0,False
2022-10-02,19056.8,9.85517927224201,8.375098983004309,-1.544732974300725,-0.37007351486827555,-0.6844616788772301,-0.5657993297709276,2.145913462858457,0,False
2022-10-03,19629.08,9.884767419131968,8.339758213188405,-1.4388827072970822,-0.4383581793024523,-0.7469155636840408,-0.6277269878078086,2.1477067216567773,0,False
2022-10-04,20337.82,9.920237485884147,8.305886298482259,-1.2031142972821303,-0.5178800134900462,-0.8174102538508866,-0.698621724697211,2.148476332314763,0,False
2022-10-05,20158.26,9.911369408936615,8.271701482709028,-1.6129731582280424,-0.4965318385027004,-0.8007656350494006,-0.6778884164212515,2.149392040871621,0,False
2022-10-06,19960.67,9.90151911643636,8.23716602083007,-1.6290506151990987,-0.47568115731722255,-0.7817584425893939,-0.6550093361754806,2.1504761798897065,0,False
2022-10-07,19530.09,9.879711632155038,8.201803538454854,-1.603074204670675,-0.4312169935490383,-0.7388481687331937,-0.6077212738206719,2.1520316501816983,0,False
2022-10-08,19417.96,9.873953689983587,8.166259476316448,-1.598022848018304,-0.42085066106712465,-0.7275168649297272,-0.592859915789509,2.153656825247491,0,False
2022-10-09,19439.02,9.875037665221093,8.130808073208696,-1.6019007784419863,-0.4161409932669492,-0.7293521059694305,-0.5921868247391947,2.1551685203191373,0,False
2022-10-10,19131.87,9.859110809878503,8.094770049168696,-1.5836530702199274,-0.3817641323293935,-0.6978323632226869,-0.5577580443711024,2.1569845130926333,0,False
2022-10-11,19060.0,9.855347177208193,8.058633552239586,-1.581221414584737,-0.3631020543890092,-0.690042950386751,-0.5467358942320417,2.15879667660994,0,False
2022-10-12,19155.53,9.860346725767892,8.022748496212678,-1.5901883880607683,-0.3760682402422443,-0.698870971293822,-0.5545622362853222,2.1603862793863184,0,False
2022-10-13,19375.13,9.871745563876457,7.987368673724638,-1.6074655376526827,-0.40285069885760827,-0.7215262663442199,-0.5758740776757573,2.161586873710696,0,False
2022-10-14,19176.93,9.861463273060878,7.951628584316837,-1.5965666196698203,-0.3825412376115386,-0.6912934023049407,-0.5516337630014695,2.163039175588347,0,False
2022-10-15,19069.39,9.855839710668068,7.91571545144644,-1.591706758281433,-0.36383518228900796,-0.6752256939065886,-0.5370205125443668,2.164549406710811,0,False
2022-10-16,19262.98,9.865940398201742,7.880255445565022,-1.6072183795463286,-0.37636884921976055,-0.6923575547340832,-0.5556085623045842,2.165706127094825,0,False
2022-10-17,19549.86,9.880723404262552,7.8454325197291,-1.6287676806169624,-0.40455434389131234,-0.7219601717588827,-0.5834501468031664,2.166379509625941,0,False
2022-10-18,19327.44,9.869281126804868,7.810202261228176,-1.6163862772013118,-0.38207939515783074,-0.6991510291673492,-0.5574061348926137,2.1672645905648666,0,False
2022-10-19,19123.97,9.858697801035289,7.7746008243104665,-1.6051330029448128,-0.3611575616562733,-0.6783777209329008,-0.5327169900701731,2.1683330977677757,0,False
2022-10-20,19041.92,9.854398143597447,7.738879353533364,-1.601970760947504,-0.3304410171647367,-0.6689950522555383,-0.5206164496988369,2.169418984890662,0,False
2022-10-21,19164.37,9.860808104850657,7.703463054942725,-1.6125920237646694,-0.3467186635019489,-0.6800893778704937,-0.531012421815136,2.170243364729498,0,False
2022-10-22,19204.35,9.862892094854466,7.668179187024053,-1.6176170414275606,-0.3499275782685627,-0.6828861452644845,-0.5322786858130787,2.1709196688333976,0,False
2022-10-23,19570.4,9.881773499629373,7.633692205735048,-1.6442653919556744,-0.39119379552050354,-0.7209941630480716,-0.5679594108945131,2.1709916559729328,0,False
2022-10-24,19329.72,9.869399086841385,7.59876177007253,-1.6307381756239308,-0.3672533701291432,-0.6983672387213818,-0.5401430192307741,2.1713785680438598,0,False
2022-10-25,20080.07,9.907483059855366,7.565385299887628,-1.2315852837783883,-0.4484320793646414,-0.7724304869471769,-0.6136396276197641,2.1706562639342524,0,False
2022-10-26,20771.59,9.941341466660418,7.533388690634279,-1.080793198343671,-0.5124765851779939,-0.8293641981606704,-0.6741345603000902,2.168849167578959,0,False
2022-10-27,20295.11,9.91813524931251,7.500511844658411,-1.5881721233224844,-0.4695614290959648,-0.7896038066475342,-0.6293062483360832,2.1676676812250655,0,False
2022-10-28,20591.84,9.932650159797952,7.468247961781044,-1.6879929434102017,-0.4985493083052077,-0.8153072183302575,-0.6529221495232214,2.165977919740418,0,False
2022-10-29,20809.67,9.943173061501252,7.436436892934828,-1.7001827598948944,-0.5168450396498981,-0.8337946856894264,-0.6685813686526132,2.163897746636117,0,False
2022-10-30,20627.48,9.934379446398584,7.404314905111478,-1.727931230648873,-0.5021795780260233,-0.8191565085989289,-0.652155031731744,2.162020149928132,0,False
2022-10-31,20490.74,9.927728355758944,7.371967895115109,-1.7216414162086504,-0.4913145640898024,-0.8066365124781746,-0.6371431753822642,2.1602753037516615,0,False
2022-11-01,20483.62,9.927380821346123,7.339645296998385,-1.7233522669632355,-0.48898489085938124,-0.8062397179157546,-0.6333747383017738,2.158471902307878,0,False
2022-11-02,20151.84,9.911050878342332,7.30671770269439,-1.7048551806027454,-0.4599526263751687,-0.7774424999377149,-0.6007158051810104,2.157084100943655,0,False
2022-11-03,20207.82,9.913824937187181,7.273939809859375,-1.7105276541501708,-0.46370679601200626,-0.7831785431009579,-0.6027600458042092,2.155542387038784,0,False
2022-11-04,21148.52,9.959325205666627,7.242991808547222,-1.0516242819347106,-0.5504034229705833,-0.8621789439288803,-0.6822927477203776,2.1525416266628365,0,False
2022-11-05,21299.37,9.966432773795306,7.212356298107852,-1.406747659266442,-0.5639866492299558,-0.8698735699874686,-0.6911036819592656,2.1492635688339643,0,False
2022-11-06,20905.58,9.94777138796451,7.181019271696634,-1.696216016725185,-0.533451889411001,-0.8377113478137825,-0.6569711444014662,2.146524102452718,0,False
2022-11-07,20591.13,9.932615679526126,7.1491214887025425,-1.725797465645485,-0.5081118658613692,-0.8126038713047321,-0.6279756271430789,2.1441935364571294,0,False
2022-11-08,18547.23,9.82807573073977,7.113155894590132,0.3650397610164573,-0.31803212436048145,-0.6330003462428999,-0.4375623429757837,2.144713190539169,1,False
2022-11-09,15922.81,9.675507951360439,7.071257259698556,2.0499248586821603,0.005573974246213749,-0.32363837259266093,-0.11545118203304822,2.1485022056468024,1,False
2022-11-10,17601.15,9.77571951980071,7.033368447567604,0.2503662237449724,-0.2561644082126328,-0.5553475792687901,-0.3655808878750673,2.150095420883988,1,False
2022-11-11,17070.31,9.74509597613911,6.994342120905585,-0.20549166778623373,-0.19026427947405816,-0.49286164819650985,-0.29671729057103935,2.152451520210002,0,False
2022-11-12,16812.08,9.729852954619515,6.954786596589415,-0.3238455384353749,-0.15775486208505365,-0.4614749443976051,-0.2606685252719486,2.1564490781294214,0,False
2022-11-13,16329.85,9.700750000374253,6.9141628578149845,-0.264688689583632,-0.07925708087560915,-0.39900045874866635,-0.1915246360608332,2.160792743379498,0,False
2022-11-14,16619.46,9.718329576906866,6.874301418593454,-0.6213673573512686,-0.12393890355396314,-0.43772771226876894,-0.2321740295192211,2.1648286309343963,0,False
2022-11-15,16900.57,9.735102628153046,6.835166632254061,-0.8772644690132327,-0.15800925217729098,-0.472744383362711,-0.26957991464076453,2.168551771458779,0,False
2022-11-16,16662.76,9.7209315682662,6.795547315868127,-0.8741579273374596,-0.12680170137473876,-0.44296537052344936,-0.23558027949721602,2.1724238778923866,0,False
2022-11-17,16692.56,9.7227183901542,6.756068414801173,-0.9778623004296585,-0.13406524168370235,-0.44725654776961044,-0.23807507793030325,2.176204611378857,0,False
2022-11-18,16700.45,9.723190944149591,6.716678107788379,-1.0616325774083115,-0.13844977208457313,-0.44943498130438625,-0.23763127401030074,2.1799130165974367,0,False
2022-11-19,16700.68,9.723204716138742,6.677358199947261,-1.133873640246095,-0.141608897984997,-0.451092813428438,-0.2393364009580069,2.1835555917282017,0,False
2022-11-20,16280.23,9.697706767220863,6.63711627422355,-1.0415222174531344,-0.08595699606414445,-0.39841489993748563,-0.18011022812060862,2.187517878629254,0,False
2022-11-21,15781.29,9.666580340108023,6.59573895756691,-0.9196194437529204,-0.015524434437801944,-0.3322565105748036,-0.1061404710562906,2.19185794164206,0,False
2022-11-22,16226.94,9.694428102991566,6.55552263324616,-1.1459292645898504,-0.0878275297823649,-0.33922158852901496,-0.17394836849315123,2.195735860774952,0,False
2022-11-23,16603.11,9.717345306194519,6.516269518330896,-1.330072231040221,-0.14519867124650196,-0.36430764399786225,-0.22795146166076724,2.199192513931284,0,False
2022-11-24,16598.95,9.71709471933203,6.477076401533121,-1.3757194038150187,-0.1476923900290817,-0.34914552081852557,-0.22764188636293614,2.202585637106626,0,False
2022-11-25,16522.14,9.712456578636967,6.437773173362582,-1.3945487911422332,-0.1402292416691423,-0.3363058906607139,-0.21758643376260062,2.205985988490661,0,False
2022-11-26,16458.57,9.708601593178761,6.398390898726439,-1.4156834021902551,-0.13455784287717795,-0.32614223051832164,-0.20921165807742076,2.2240925919625476,0,False
2022-11-27,16428.78,9.706789953861659,6.359009178214222,-1.4454975321018482,-0.13354788471839374,-0.3200656973624676,-0.20579362251839312,2.259272958637824,0,False
2022-11-28,16212.91,9.693563117433694,6.319187114093855,-1.4162141638264851,-0.10663249135260568,-0.28988261079456845,-0.1769211276288852,2.291376070965234,0,False
2022-11-29,16442.53,9.707626549713906,6.2799808621039315,-1.5211776644199069,-0.14221561579290173,-0.32208563364359183,-0.21068187362636556,2.321154891225115,0,False
2022-11-30,17163.64,9.75054847175955,6.242500353313421,-1.1147712591120584,-0.2413025354549416,-0.4150774356178492,-0.30810426827644083,2.346039167130566,0,False
2022-12-01,16977.37,9.739636559765286,6.204661441537609,-1.567407554180452,-0.22089014444037602,-0.39097695049350684,-0.28666173286544144,2.3677117404959485,0,False
2022-12-02,17092.74,9.746409090935533,6.1671473098629255,-1.5777882013473867,-0.23790482748052583,-0.4010865678051708,-0.30321728095191375,2.391208608906422,0,False
2022-12-03,16885.2,9.73419277758221,6.129225508295636,-1.5650785935770664,-0.21469701829884955,-0.36949674050619885,-0.2798570100305905,2.4101319194917976,0,False
2022-12-04,17105.7,9.747167020280871,6.091867180862664,-1.5829966584995778,-0.2448432948579151,-0.3963960744251977,-0.3096716368827498,2.4302453408590448,0,False
2022-12-05,16966.35,9.738987249649178,6.0542564842717,-1.575178490149951,-0.23023304980907802,-0.3797009172393051,-0.29470624366478515,2.4508890614663463,0,False
2022-12-06,17088.96,9.746187919957178,6.016985563948195,-1.5860138265930106,-0.24781107615716683,-0.3982956144367575,-0.31227011381413106,2.474008457692509,0,False
2022-12-07,16836.64,9.731312742947951,5.979205551602198,-1.5701316949208224,-0.21940999494275307,-0.37127391493852213,-0.28404829709967616,2.490714845743793,0,False
2022-12-08,17224.1,9.754064844879645,5.942362244257906,-1.5977623684902138,-0.2697345081893643,-0.42068230246756333,-0.33419992594101616,2.508248102505244,0,False
2022-12-09,17128.56,9.748502524737384,5.905365833797288,-1.5952075977902256,-0.2607442790743299,-0.41194565251018306,-0.3264866540466505,2.5261937553568217,0,False
2022-12-10,17127.49,9.748440054020513,5.868427852439885,-1.597182274516205,-0.2629485455640893,-0.4092655775872276,-0.3284330106985925,2.5464627333003107,0,False
2022-12-11,17085.05,9.745959091088862,5.8314555727217865,-1.5962341381375171,-0.26022883166699073,-0.4053928310756586,-0.3256056979928337,2.5697449485359964,0,False
2022-12-12,17209.83,9.753236011178878,5.794822456400113,-1.6070523032562605,-0.2773251330723963,-0.4225341936815848,-0.342733392937126,2.593021035026486,0,False
2022-12-13,17774.7,9.785531376891882,5.759482987946452,-1.367457126308974,-0.3439273704988798,-0.4895125966207736,-0.40910407852688147,2.6104985633416105,0,False
2022-12-14,17803.15,9.787130686915624,5.72425856870675,-1.652093067198051,-0.3489324797828838,-0.4956126376147247,-0.41418152965289107,2.622825074158559,0,False
2022-12-15,17356.34,9.761713136493592,5.688117606966052,-1.5327409762770183,-0.3028318515722364,-0.4507857997143202,-0.36833683116833266,2.637016595045013,0,False
2022-12-16,16632.12,9.719091044519036,5.650408553224214,-1.1184930245314983,-0.22133128525427664,-0.3705844097032681,-0.28717246779770156,2.6518442901071206,0,False
2022-12-17,16776.52,9.727735568763267,5.613093537869058,-1.5612854482619862,-0.2417505591734405,-0.39184035988249477,-0.3075813627495109,2.665883966421866,0,False
2022-12-18,16738.21,9.725449408815944,5.575754338654952,-1.586681027477464,-0.23948942391828107,-0.3900398036200773,-0.3053905830853376,2.6834899091009743,0,False
2022-12-19,16438.88,9.707404539768772,5.5377914734428,-1.5671916069670262,-0.20502607054305505,-0.35650887196458836,-0.27111472903948663,2.6990644654144313,0,False
2022-12-20,16895.56,9.734806144500231,5.500936639472177,-1.4844129563710853,-0.26463060137054417,-0.41494241583983027,-0.33050134401314696,2.7181298040182305,0,False
2022-12-21,16824.67,9.730601540650444,5.4639831140335415,-1.5991036226630775,-0.2585296065896317,-0.4089551561526407,-0.32448823936967625,2.732660354313342,0,False
2022-12-22,16821.43,9.730408947749037,5.42708388514696,-1.6008541372369487,-0.2604651948589862,-0.4108450862618716,-0.326479545219034,2.7474492545357063,0,False
2022-12-23,16778.5,9.72785358389199,5.390149136456648,-1.5997852271827775,-0.2576731938743053,-0.4081090057012597,-0.3237619179859254,2.762505724746019,0,False
2022-12-24,16836.12,9.73128185744881,5.353406082548048,-1.605836325466889,-0.2668380057777583,-0.41708904415561476,-0.33295364057119664,2.7812398881325056,0,False
2022-12-25,16832.11,9.731043650687186,5.316714927068393,-1.6075109034105382,-0.26864431131992544,-0.4188706644576576,-0.3348174421611234,2.799709844926402,0,False
2022-12-26,16919.39,9.736215580500868,5.280280399855533,-1.6156107605733465,-0.28111877069135227,-0.43116594821881454,-0.34730743134043096,2.8141169945273026,0,False
2022-12-27,16706.36,9.723544764227693,5.243426117728748,-1.6025543131543214,-0.2585545115314636,-0.40908290061059666,-0.324888826827104,2.8280796558339643,0,False
2022-12-28,16547.31,9.713978829830165,5.206271754941555,-1.5931832428495298,-0.24186576721057138,-0.3927729926552703,-0.3083227280023776,2.840836840885279,0,False
2022-12-29,16633.47,9.719172209470612,5.16937670720899,-1.6012888924193829,-0.2546566357399687,-0.40549118699094283,-0.3222464052376526,2.853356025537365,0,False
2022-12-30,16607.48,9.717608475263495,5.132484610600425,-1.6013755569928378,-0.25387485954030925,-0.4058632438731313,-0.3215279170017474,2.862436277334782,0,False
2022-12-31,16542.4,9.71368206083243,5.095506421391159,-1.5986693438403161,-0.24835893118415628,-0.40117240857976155,-0.31614133275747625,2.8700052620610768,0,False
2023-01-01,16616.75,9.718166501754435,5.058759856548958,-1.6058981197295272,-0.2594445342378283,-0.4119625351120678,-0.3273832297702504,2.8886550697728186,0,False
2023-01-02,16672.87,9.721538126492936,5.022201922357614,-1.6117950529421026,-0.2682062482672869,-0.42199256575082145,-0.3363102219196969,2.9092138536302463,0,False
2023-01-03,16675.18,9.721676665328262,4.985710042016939,-1.6138642633984124,-0.27057201392552666,-0.42566350271480685,-0.33886484842766396,2.9288466921550103,0,False
2023-01-04,16850.36,9.732127300537442,4.949672024205539,-1.6280959400975386,-0.2929433110402417,-0.44916910110194636,-0.3613478180460309,2.952251191988191,0,False
2023-01-05,16831.85,9.73102820390077,4.913651410488964,-1.6286840134578249,-0.2928399552297026,-0.45036432062189097,-0.3614416528851426,2.974838327468532,0,False
2023-01-06,16950.65,9.738061460155924,4.877953818838459,-1.638837815063827,-0.3082119806998752,-0.4669015481800611,-0.37695358760964304,2.994530702552641,0,False
2023-01-07,16943.57,9.737643689804342,4.842297961609852,-1.6402083624598012,-0.3093581260445962,-0.4693181428308034,-0.3782917533071895,3.017439777567893,0,False
2023-01-08,17127.83,9.748459904951696,4.807105322868855,-1.654780611525087,-0.3315150030975656,-0.492548865188693,-0.40056232641036343,3.0332970025726462,0,False
2023-01-09,17178.26,9.751399909850235,4.772078369462105,-1.6600653525309577,-0.3387521902013405,-0.5009783632004869,-0.4079697421193272,3.046125900376993,0,False
2023-01-10,17440.66,9.7665595407836,4.737674382002197,-1.6796986427273326,-0.3681218451483082,-0.5312977810474282,-0.43742532565419195,3.0584682603097675,0,False
2023-01-11,17943.26,9.794969835938174,4.7043868014759305,-1.456430837017654,-0.41991347092881354,-0.5836864623441164,-0.4892076325217883,3.0691878024989205,0,False
2023-01-12,18846.62,9.844088866453307,4.672985765457367,-0.9548209756789483,-0.5031709885606467,-0.6668198833180236,-0.5723038488595599,3.0720146336083682,0,False
2023-01-13,19930.01,9.899981914962861,4.643716512289933,-0.5021943839567062,-0.5886908420577293,-0.7485784836167402,-0.6575513328494308,3.0703677372041893,0,False
2023-01-14,20954.92,9.95012874264728,4.616355436250312,-0.2177370529626299,-0.6568641392408502,-0.810028825895336,-0.7248737731923729,3.074549443050991,0,False
2023-01-15,20871.5,9.946139870991106,4.588871372602579,-0.5464512296085375,-0.6530387240718605,-0.8071028089465064,-0.7212402491826485,3.0880455601434886,0,False
2023-01-16,21185.65,9.961079344676357,4.561972208968184,-0.6041093246640781,-0.6721960948135471,-0.8269283958550415,-0.7405077121748844,3.0878077289124315,0,False
2023-01-17,21134.81,9.95867672313318,4.535007956638592,-0.7987017000748109,-0.6703644742071566,-0.8249838924738577,-0.7387335313576179,3.083039503128958,0,False
2023-01-18,20677.47,9.936799980712633,4.507251673237813,-1.109145964328631,-0.6452809769644526,-0.8010747246208912,-0.7149153715253359,3.088174557288683,0,False
2023-01-19,21071.59,9.955680966694302,4.480227866570107,-1.0611076803113217,-0.6695775883855019,-0.8251175705539043,-0.7392866884423276,3.090532582326212,0,False
2023-01-20,22667.21,10.02867466579108,4.455953087933909,-0.37602678466729533,-0.7538541764044355,-0.9043875016089448,-0.8228483837596056,3.0784412833572508,0,False
2023-01-21,22783.55,10.033794063314408,4.431885625408684,-0.685916213233019,-0.7596959668552393,-0.9081452472371996,-0.8281945830792651,3.068838819927189,0,False
2023-01-22,22707.88,10.030467279795413,4.4077098183105425,-0.8003172928746756,-0.7574314687693235,-0.9021023631627497,-0.8256876568068336,3.0638955594903745,0,False
2023-01-23,22916.45,10.03961027227056,4.383890995238268,-0.8226933934814156,-0.7670512003705549,-0.9120954807981163,-0.8354163673829639,3.05491795648052,0,False
2023-01-24,22632.89,10.027159437057971,4.359623112152205,-0.9763810154512338,-0.7562673404614868,-0.902593549317517,-0.8248890355190532,3.039598064304227,0,False
2023-01-25,23060.94,10.045895556218618,4.336069844033814,-0.9291629870131561,-0.7750459979660705,-0.9174747265438584,-0.8436335555040462,3.0091588031793624,0,False
2023-01-26,23009.65,10.043668972135803,4.3124479069952235,-1.0063013951495006,-0.7739089728604382,-0.918205544402926,-0.8427271683301922,2.9805832845319347,0,False
2023-01-27,23074.16,10.046468655674861,4.2889447594299295,-1.0487915749717767,-0.7773564675808552,-0.9208784357286753,-0.8461694638250916,2.9506068065771465,0,False
2023-01-28,23022.6,10.044231621163025,4.2653725132210045,-1.1157224593917712,-0.7762169150897121,-0.920554415334177,-0.8452798931244118,2.9193741228053365,0,False
2023-01-29,23742.3,10.075013546368876,4.242960479704699,-0.9990409730135288,-0.8045317384918153,-0.9281654280791645,-0.8700610389454679,2.880465456813187,0,False
2023-01-30,22826.15,10.035662087545559,4.219095005615068,-1.1892648949260074,-0.7722175507120402,-0.9214472126201834,-0.8416923821559478,2.849208415396564,0,False
2023-01-31,23125.13,10.048675183986447,4.195729063194855,-1.234006943618476,-0.7851255469365923,-0.9283729403000507,-0.8541137689645959,2.8170227292791203,0,False
2023-02-01,23732.66,10.074607437542982,4.1733415246995005,-1.1442726515929265,-0.8087177759596771,-0.9313356415948895,-0.8740979213672498,2.782050945522417,0,False
2023-02-02,23488.94,10.064284951049412,4.150581140205257,-1.2371970577425764,-0.8011027002130383,-0.9316277814440989,-0.8683929311934367,2.7498519965030552,0,False
2023-02-03,23431.9,10.061853620830316,4.127742505089934,-1.2872947674381217,-0.7999190211801506,-0.9309147432939201,-0.8676430920439729,2.7190862321358784,0,False
2023-02-04,23326.84,10.057359907920446,4.10474926090265,-1.3446577973221514,-0.7969588781572379,-0.9320631061147744,-0.8653814180475464,2.689938603168393,0,False
2023-02-05,22932.91,10.040328275780626,4.081136094883142,-1.4560719047079604,-0.7829716996294603,-0.9310249424184583,-0.8529528502766136,2.663909119927761,0,False
2023-02-06,22762.52,10.032870602673588,4.057260731528566,-1.5178270258226878,-0.7770330552989894,-0.9264903025870014,-0.8475292078379683,2.639544336977865,0,False
2023-02-07,23240.46,10.053650004229512,4.034172676360602,-1.4539149887588017,-0.7969884930608224,-0.9326729683590695,-0.8668910460219799,2.613309982178231,0,False
2023-02-08,22963.0,10.041639503918871,4.010652015215079,-1.5325959634310902,-0.7873396684424615,-0.9333221281449343,-0.8585342639021685,2.5892804961819205,0,False
2023-02-09,21796.35,9.989497803566353,3.985210737456307,-0.8763959893381332,-0.7395916999714464,-0.8983405814384878,-0.8119093927146306,2.571662529369377,0,False
2023-02-10,21625.19,9.98161411788865,3.9594976493207055,-1.267961906722247,-0.7321958215957921,-0.8920755817650284,-0.8047405730691051,2.5552102905651726,0,False
2023-02-11,21862.55,9.992530406345397,3.9342110737840104,-1.697150413095002,-0.7447541928933631,-0.9048387782358491,-0.8174103215519497,2.537965152505074,0,False
2023-02-12,21783.54,9.988909917714922,3.908810535715579,-1.7870838948628465,-0.7419033193167823,-0.9025652774723177,-0.8147538899219239,2.5214293210424397,0,False
2023-02-13,21773.97,9.988470498650152,3.8834143954290417,-1.8614250813909812,-0.7423615649468878,-0.9035348091601922,-0.815388797892633,2.5052613222193676,0,False
2023-02-14,22199.84,10.007840360627192,3.858756719240456,-1.6730341057556133,-0.7633361034871968,-0.9245486291029259,-0.8364205925506091,2.487621179073811,0,False
2023-02-15,24324.05,10.099220851820851,3.8375025392244226,0.07850087767363911,-0.8490838340632985,-0.9417586437148238,-0.903725163923648,2.460678581323488,1,False
2023-02-16,23517.72,10.065509458538186,3.8150079944299717,-1.304939812460649,-0.8250269123060169,-0.9462364282489325,-0.8913769666595911,2.438219344274598,0,False
2023-02-17,24569.97,10.109280244513258,3.794145976398785,-0.9622052777869399,-0.8602163115254742,-0.9408413371065445,-0.9093157238630908,2.4117163005645272,0,False
2023-02-18,24631.95,10.111799659722445,3.773384323119532,-1.1495842538652767,-0.8627842474121123,-0.9404122354254534,-0.9104443961836478,2.385777493281453,0,False
2023-02-19,24271.76,10.09706881360271,3.752084299910447,-1.448979955062296,-0.8535183139049598,-0.9456264172771783,-0.9076621234131081,2.3621644168640445,0,False
2023-02-20,24842.2,10.120299098953302,3.73165228587949,-1.3454057236857995,-0.8706950959972042,-0.9390473439826765,-0.9133983017941086,2.3368806016716905,0,False
2023-02-21,24452.16,10.104473834559238,3.7106407592018327,-1.5677941769357948,-0.8610825105676776,-0.9440851612658459,-0.9114022974888784,2.3139438441128455,0,False
2023-02-22,24182.21,10.093372517841717,3.6892262530493567,-1.6257002860214407,-0.8541301463927304,-0.9478408625181666,-0.9091469996496505,2.29281078541461,0,False
2023-02-23,23940.2,10.083314333295949,3.6674486236486223,-1.6785141433495787,-0.8476054658362093,-0.9498652375539045,-0.9065102616140492,2.27318039141068,0,False
2023-02-24,23185.29,10.051273304834462,3.64449631012093,-1.3640782580821371,-0.8236302017926792,-0.951773653959917,-0.8925306543208702,2.2567952703448286,0,False
2023-02-25,23157.07,10.050055412457459,3.6215124061047352,-1.7262813055443946,-0.8234590120324209,-0.9524875991868075,-0.8926215340510611,2.2409294890136255,0,False
2023-02-26,23554.85,10.067087023039146,3.5991714052306563,-1.7295963211366292,-0.8385776059420007,-0.9560583182337459,-0.9029513361557806,2.2241482733908944,0,False
2023-02-27,23492.09,10.064419047726506,3.5767435052476033,-1.805258213267324,-0.8372967205909463,-0.9564003382878274,-0.9031770662209209,2.207953481175905,0,False
2023-02-28,23141.57,10.049385846328558,3.553772324268723,-1.7781409209000203,-0.8259133367288032,-0.9537944576737902,-0.8958897912875284,2.1932800611442165,0,False
2023-03-01,23628.97,10.070228780572455,3.5315843561714413,-1.6363636143628613,-0.8441398351557741,-0.9567319564595653,-0.9075905397921994,2.1772907708621694,0,False
2023-03-02,23465.32,10.063278865467728,3.5091511353159373,-1.8485150786691948,-0.8395006469688786,-0.9585549997557294,-0.9053706423585327,2.162177661313012,0,False
2023-03-03,22354.34,10.01477576463574,3.48493991698682,-0.9615142645417831,-0.7999039914812369,-0.9542844197706513,-0.8749038724665542,2.1508613271248516,0,False
2023-03-04,22346.57,10.014428120702842,3.460733357257769,-1.4577972230758394,-0.8004489848566414,-0.9548060946689816,-0.8755646482026611,2.1397460866938687,0,False
2023-03-05,22430.24,10.018165327412428,3.4366821474313585,-1.7514569494281003,-0.8048324557148766,-0.9540025828343061,-0.8796623327950949,2.1285512556893336,0,False
2023-03-06,22410.0,10.017262566794972,3.412614708863169,-1.8849856222250825,-0.8048612747411763,-0.9546289283819429,-0.8798600805318244,2.1175921491749126,0,False
2023-03-07,22197.96,10.00775567174616,3.38821396191294,-1.8855329129426806,-0.7968219269870475,-0.9564014056080945,-0.872775200356677,2.107422092973758,0,False
2023-03-08,21705.44,9.98531819935499,3.3630045636818,-1.5967659651097932,-0.7759156963812093,-0.9473861886294049,-0.8528831881291291,2.0988032216576658,0,False
2023-03-09,20362.22,9.921436502048415,3.3354625549134242,-0.5851158221028059,-0.7093569461776373,-0.8817182689053924,-0.7866019448065626,2.093935488086085,0,False
2023-03-10,20150.69,9.910993809964724,3.307564477275636,-1.0172731827235844,-0.6976992756160368,-0.8704231372546299,-0.7751695470622444,2.089638398491809,0,False
2023-03-11,20455.73,9.926018317822514,3.2802492099552127,-1.4484562965995007,-0.7170147255166531,-0.8897051171139647,-0.7945727647166588,2.0845639597114074,0,False
2023-03-12,21997.11,9.99866636007513,3.255634961886377,-0.371239814626769,-0.8007779374418362,-0.9629685693880339,-0.8772481553557311,2.075365183905889,0,False
2023-03-13,24113.48,10.090526299208202,3.2344189061143624,0.5362860102571676,-0.8849591819199605,-0.9620845563524352,-0.9324817385981464,2.0602733047763784,1,False
2023-03-14,24670.41,10.113359828761062,3.214051539512524,0.25115751726465163,-0.9013776511091303,-0.956699203194347,-0.9361486659195746,2.0438958487604397,1,False
2023-03-15,24285.66,10.09764133168047,3.1931127541074664,-0.3530942451994523,-0.8921266468296706,-0.9613282993431126,-0.9351117540246963,2.0289849461322014,0,False
2023-03-16,24998.78,10.126582302659578,3.1732460891701524,-0.3032622054277514,-0.9118032640133356,-0.9547547801262277,-0.9378481588769805,2.0123996655336254,0,False
2023-03-17,27395.13,10.218120539352752,3.156749109624745,0.37874324855391395,-0.8753038724552044,-0.9331043506965399,-0.9120280811380124,1.9894927007977565,1,False
2023-03-18,26907.49,10.200159965494791,3.139588273892136,-0.03217763552353814,-0.8837268300834508,-0.9415393283637391,-0.9203744783997669,1.9686426226812463,0,False
2023-03-19,27972.87,10.238990390871185,3.1238522203880246,0.11348901980891091,-0.8666936659168647,-0.9248031563377,-0.9037814688033452,1.9455281699260578,1,False
2023-03-20,27717.01,10.229801583128197,3.1077728495405457,-0.1376030665240222,-0.871312052198801,-0.9294671654052975,-0.9083624583196427,1.9238203940359913,0,False
2023-03-21,28105.47,10.243719498299372,3.09219996208401,-0.17659259109887104,-0.8651726257348553,-0.9234215393358333,-0.9022911663013211,1.9045825394656728,0,False
2023-03-22,27250.97,10.212844395788132,3.0754868561830007,-0.5355749515849477,-0.8799140312699846,-0.9381489004561282,-0.9168919428145688,1.888702569163562,0,False
2023-03-23,28295.41,10.250454879664256,3.0601519584263626,-0.37683114591324207,-0.8631211326250812,-0.9214985753243274,-0.9002669334977411,1.8709257658329497,0,False
2023-03-24,27454.47,10.220284275210489,3.04370241652104,-0.6736580240534376,-0.8776702711330905,-0.9360807406054694,-0.9146784388830602,1.8553913611197954,0,False
2023-03-25,27462.95,10.2205931025395,3.0272604153645712,-0.7524157706883396,-0.8778500577165179,-0.9363370430289008,-0.914865268042807,1.8401967244931625,0,False
2023-03-26,27968.05,10.2388180662111,3.0114837433382537,-0.7146873540368688,-0.8698441208508733,-0.9284332236959529,-0.9069446658448644,1.8243502051914537,0,False
2023-03-27,27124.91,10.208207772864906,2.994577859035827,-0.9665937049941109,-0.8843110005096173,-0.9427572395744672,-0.9212720716744766,1.8105902483388248,0,False
2023-03-28,27261.07,10.213214956130969,2.9778532006117047,-0.9974075185340716,-0.8824008498695928,-0.9409016264018597,-0.9193885040394028,1.7968542225271575,0,False
2023-03-29,28348.6,10.252332925220482,2.962561199513125,-0.8344799395051241,-0.8649583920728923,-0.9237292807016548,-0.9021221990315454,1.7813136795639588,0,False
2023-03-30,28028.53,10.240978198973405,2.9468458607128842,-0.9538148261700399,-0.8706693688194044,-0.9293713846406885,-0.9077829419322573,1.7667441103586263,0,False
2023-03-31,28465.36,10.256443188415695,2.931692414717697,-0.9232737945657308,-0.8637190354778587,-0.9225294780746978,-0.9009090072987852,1.7516878532615763,0,False
2023-04-01,28452.73,10.255999392771558,2.916515722008207,-0.9758887357646895,-0.8642549050236756,-0.9230898116536194,-0.901446046422351,1.7370016529867016,0,False
2023-04-02,28171.87,10.246079241343793,2.900968213284907,-1.0735532206461833,-0.8693080558589548,-0.9281415414059397,-0.9064541563155827,1.7232904681804424,0,False
2023-04-03,27800.0,10.232791299678729,2.8849273405998215,-1.1830949002247602,-0.8758578738719524,-0.9347383490796608,-0.9129437574460371,1.7107207134242133,0,False
2023-04-04,28165.47,10.245852038567532,2.869360821563391,-1.158632042559175,-0.870131867505984,-0.9291094689846446,-0.9072820184129144,1.6977822462029826,0,False
2023-04-05,28170.01,10.24601321585793,2.853794352779238,-1.1962738132880641,-0.8703776405640099,-0.9294577854182458,-0.9075321047768579,1.6851022162682507,0,False
2023-04-06,28033.82,10.241166917427616,2.8380443308253103,-1.2554753725772618,-0.872973943618005,-0.9321576304205582,-0.9101088297131247,1.6729029410862601,0,False
2023-04-07,27906.33,10.236608823796121,2.822121822553399,-1.3106620364565273,-0.8754172169782933,-0.9345547781447278,-0.912534194094543,1.6611496918901303,0,False
2023-04-08,27938.38,10.237756649741277,2.8062364829403776,-1.3374981319001673,-0.8752059121946705,-0.934328398422571,-0.9126069397441421,1.6495708619921912,0,False
2023-04-09,28323.76,10.2514563073563,2.790848333239818,-1.3069129010078167,-0.8691463129011499,-0.9284108137168863,-0.9066156570302738,1.6376089081992935,0,False
2023-04-10,29637.34,10.296790331793083,2.7771155556199667,-1.0350046777963167,-0.8476832554414023,-0.907199775554708,-0.8853690454910245,1.6413758613937217,0,False
2023-04-11,30200.42,10.315611110551023,2.7640622519822036,-1.088743205373903,-0.8384221634240956,-0.8980425708488019,-0.8762063913970287,1.6516985969958216,0,False
2023-04-12,29888.07,10.305214683102914,2.750616033478338,-1.1648246352667775,-0.8441436340886571,-0.9038051407375388,-0.8818761049594551,1.6619575864382616,0,False
2023-04-13,30373.84,10.321336990613208,2.7377496328559485,-1.1268994845240052,-0.8361730617188707,-0.8959407078092596,-0.8739912736335118,1.6722922339573354,0,False
2023-04-14,30466.93,10.324397112062817,2.724983014851626,-1.143701026562851,-0.8348992394886781,-0.894729834790593,-0.872736512713028,1.6826331107830903,0,False
2023-04-15,30295.09,10.318740932161935,2.7119965934160803,-1.1952766256903256,-0.8382003168120699,-0.8980372055384291,-0.8760103528291445,1.6929313789236449,0,False
2023-04-16,30304.65,10.319056445069393,2.699009699217406,-1.221052418823469,-0.838365978902792,-0.8982050273220114,-0.8761795023393381,1.7032153745911764,0,False
2023-04-17,29430.27,10.289779015497361,2.6849382629415506,-1.3637267110886886,-0.8538284016510552,-0.9134248245690261,-0.8914813660377675,1.7131706377812865,0,False
2023-04-18,30380.01,10.321540105313634,2.672020846793262,-1.2628521974670903,-0.8381318720014479,-0.8979867843988509,-0.875949921340103,1.7234374995865835,0,False
2023-04-19,28797.1,10.268029966609566,2.6571313445794975,-0.833048102434232,-0.8659715845299145,-0.9257388624065515,-0.9034922843831049,1.7329469036194574,0,False
2023-04-20,28243.65,10.248623932546993,2.641523773881426,-1.0365512710926066,-0.8755985544512993,-0.9352449998774066,-0.9130239257827263,1.7420068282111332,0,False
2023-04-21,27262.84,10.213279881775538,2.6246163777493603,-0.8546140632459476,-0.8922538826933595,-0.9515372754556819,-0.9295059795533429,1.7501214912634562,0,False
2023-04-22,27816.85,10.23339723117307,2.608443341245912,-1.3658879065517004,-0.8836200588656076,-0.9431093745616017,-0.9209674964906785,1.7586943843190157,0,False
2023-04-23,27590.6,10.225230413984654,2.5919672329032006,-1.4353619104284723,-0.887653186500101,-0.946985943022254,-0.9249625235435726,1.7669807451541037,0,False
2023-04-24,27510.93,10.222338659235982,2.5753819742961097,-1.5345368035499813,-0.8892701467888499,-0.9485166509220153,-0.9265674528238336,1.7751119186822883,0,False
2023-04-25,28300.79,10.250644998436053,2.5598297441873337,-1.4501661935598824,-0.8767841395227094,-0.9363476820535165,-0.9142162511201384,1.7839122679697792,0,False
2023-04-26,28415.29,10.25468265955632,2.5444196843123654,-1.6764527040204287,-0.8752099218442904,-0.9347758138210103,-0.9126634063482314,1.7927411303929408,0,False
2023-04-27,29472.77,10.291222065206686,2.5303407588501394,-1.2478832515826643,-0.8581018621591567,-0.9180806757974832,-0.895736481873817,1.8023048212882202,0,False
2023-04-28,29311.7,10.285742032705324,2.516052129462531,-1.599708141261776,-0.8611497600028888,-0.921035237403624,-0.8990317385044602,1.8116995608116808,0,False
2023-04-29,29230.45,10.282966253128764,2.501653276589528,-1.6257112551174435,-0.8628421476437818,-0.9227495825000368,-0.900708776062802,1.8209714151227565,0,False
2023-04-30,29233.21,10.2830606707551,2.4872494918167374,-1.6411986256836735,-0.863118808162606,-0.9231215715756605,-0.900985717673657,1.8301793064734875,0,False
2023-05-01,28068.26,10.242394679547175,2.471349827950971,-1.1458791737242873,-0.883145432646702,-0.9430311599428534,-0.9207907719718293,1.8382392626036521,0,False
2023-05-02,28669.86,10.263601675712371,2.4562211635851607,-1.6237608832898616,-0.8736199185986431,-0.9337033344026711,-0.911371243384667,1.8468237429928462,0,False
2023-05-03,29026.16,10.275952771314433,2.441537643247777,-1.7103017883495257,-0.868034250029067,-0.9282499450867567,-0.9058496870134545,1.8556591010692949,0,False
2023-05-04,28838.16,10.269454789086168,2.4266088836305273,-1.745828811641886,-0.8715012577564404,-0.9316529309313816,-0.90928021686048,1.8642430900679634,0,False
2023-05-05,29505.61,10.292335693739512,2.4125097193528666,-1.5822913986666736,-0.8607539250471631,-0.9211324410184536,-0.8986530209717749,1.8733467018421464,0,False
2023-05-06,28848.2,10.269802878308695,2.397577731028434,-1.590756331536852,-0.8721888124753446,-0.9323083679059383,-0.9099584615092533,1.8817699149571683,0,False
2023-05-07,28430.1,10.255203722050044,2.3821050779449005,-1.654997728533521,-0.8794796644751774,-0.9394573026119002,-0.9171686283881524,1.8896616871515015,0,False
2023-05-08,27668.79,10.228060342153677,2.3656346526089256,-1.4744724710343298,-0.8924016236577366,-0.9523222461088205,-0.9299465675992006,1.896528658142707,0,False
2023-05-09,27628.27,10.226594802855479,2.3491075691135523,-1.638049921542545,-0.8933740995255691,-0.9534124226586959,-0.9309108162191019,1.9032450797670235,0,False
2023-05-10,27598.75,10.225525760824553,2.3325384850248576,-1.756667226855785,-0.8941673151108416,-0.9543260571985464,-0.9316978265496756,1.9098237705352052,0,False
2023-05-11,26968.62,10.202429246860246,2.315122688160738,-1.57633971927374,-0.9046994364846052,-0.9648960339959415,-0.9421151967418602,1.9153820991649315,0,False
2023-05-12,26795.01,10.195970955132838,2.297470330989506,-1.6619070590515468,-0.9077752422514639,-0.9680656109353477,-0.94516046403524,1.9205680837386148,0,False
2023-05-13,26775.28,10.195234352777609,2.279791079427046,-1.7391653567077852,-0.9083995404496819,-0.9688063722350412,-0.9457812073734059,1.9256232114897103,0,False
2023-05-14,26917.62,10.20053636974625,2.262305567771958,-1.8535350700704587,-0.9064627169594439,-0.9670147355710873,-0.9438685857091851,1.9308085645771271,0,False
2023-05-15,27162.14,10.209579370910358,2.2451498911620087,-1.9219988241343928,-0.902900005295393,-0.9636194640556089,-0.9403475512332194,1.9362807994392615,0,False
2023-05-16,27033.84,10.204844693553225,2.227820132582259,-1.9953763046590591,-0.9052618667818438,-0.9660889813131085,-0.942686501104151,1.9414480919794614,0,False
2023-05-17,27405.61,10.218503015944409,2.2109882358261728,-1.808156330285304,-0.8996724222197616,-0.9606999582175798,-0.9371604965362347,1.9470990782570483,0,False
2023-05-18,26821.28,10.196950881274768,2.19336766271004,-1.6135251914147726,-0.9093860798352623,-0.9704278567615919,-0.9470577524675348,1.9517027635295432,0,False
2023-05-19,26880.26,10.199147467209354,2.1758272969575105,-1.9632486511574623,-0.9087663565066357,-0.9699085623297449,-0.9464490024434249,1.9563054440074903,0,False
2023-05-20,27102.43,10.207378670744546,2.1585871409630992,-1.9417766940487062,-0.9055679196551852,-0.9668369250254796,-0.9432893997100759,1.9611787553935558,0,False
2023-05-21,26747.78,10.194206758226033,2.1408655105464427,-1.8198679760763445,-0.91152790006694,-0.9728143170616983,-0.9491878154433568,1.9653442112281863,0,False
2023-05-22,26849.27,10.197993911485472,2.1232823936941214,-2.0513266509096604,-0.9102419338227229,-0.9715907214766945,-0.9479197108492724,1.9695866605809658,0,False
2023-05-23,27219.61,10.211692948402595,2.1061989522455824,-1.8067153810973835,-0.9047177306217611,-0.966167027236107,-0.9424584835417907,1.9743600721136723,0,False
2023-05-24,26329.01,10.178426652087305,2.087901094959816,-1.3237983467696313,-0.9192684112624715,-0.9803189425630672,-0.9568458083283685,1.9774398718192412,0,False
2023-05-25,26473.79,10.183910465931309,2.0698051150598897,-1.8157572221047955,-0.917331178648895,-0.9784334735344683,-0.9549324091376785,1.98069725305234,0,False
2023-05-26,26705.92,10.192640542657905,2.052028819228096,-1.929216786707677,-0.9140255203697638,-0.9752248088413714,-0.9516654638168048,1.9842872740700896,0,False
2023-05-27,26854.27,10.198180118950173,2.034455048291494,-2.0079579290730467,-0.9120098264962943,-0.9732729385891812,-0.9496742871787749,1.988047338126632,0,False
2023-05-28,28065.0,10.2422785273763,2.018488562005359,-1.0557726429457643,-0.8933506103777006,-0.9549300049867204,-0.9312187415953569,1.9937281909373625,0,False
2023-05-29,27736.4,10.23050090895109,2.002088920951117,-1.7361872501973201,-0.8990043204625097,-0.9605157890370335,-0.9368094487237852,1.99878104209703,0,False
2023-05-30,27694.4,10.228985505672135,1.985631200761435,-1.947773387904123,-0.899993802096624,-0.9615322170639701,-0.9377892368848758,2.0036572804840036,0,False
2023-05-31,27210.35,10.21135269461261,1.9685283892199408,-1.7090465125893153,-0.9081022097032462,-0.9696436810637723,-0.9458073843807019,2.007591298072086,0,False
2023-06-01,26817.93,10.196825972648993,1.9508953756916927,-1.7386472805729318,-0.9146501833583602,-0.976309769177701,-0.9522838717203551,2.0106977728893036,0,False
2023-06-02,27242.59,10.212536836507143,1.9338349010212663,-1.7563806819009753,-0.908307648239945,-0.9700866259804063,-0.9460130035222587,2.014489853874308,0,False
2023-06-03,27069.22,10.206152568007765,1.9165408231916707,-1.9869023866087954,-0.911371905129199,-0.9732722836225686,-0.9490449433572591,2.0178593021776834,0,False
2023-06-04,27115.21,10.207850104035877,1.8993080536745293,-2.10277755140657,-0.910956620532969,-0.972979379484365,-0.94863628776676,2.021211655951125,0,False
2023-06-05,25728.2,10.155342945580319,1.880163115988867,-0.8463629477929855,-0.9332903310303544,-0.9953549738522446,-0.9707173732811651,2.0216420635421404,0,False
2023-06-06,27230.08,10.21207752359959,1.8630876109601298,-0.7421476362380448,-0.9109784244944055,-0.9731720849163897,-0.9486411606938143,2.0250366390097057,0,False
2023-06-07,26339.34,10.178818918035732,1.8448007181141044,-1.3224665677821354,-0.9254293884528333,-0.9877279571883654,-0.9632299168818431,2.026579167689681,0,False
2023-06-08,26498.61,10.184847557768427,1.8267353410776495,-1.8245211499983487,-0.9232840226017425,-0.9856526330480568,-0.9611109201067563,2.0283613338178097,0,False
2023-06-09,26477.81,10.184062302703294,1.8086429873769567,-1.9870852383371413,-0.9239143841635424,-0.9863539933749874,-0.9617377075039609,2.0300102072397763,0,False
2023-06-10,25841.21,10.159725783425593,1.7896670629751241,-1.5426876037141173,-0.9340865262873796,-0.9965656154356268,-0.9718017871058414,2.030212325360563,0,False
2023-06-11,25925.55,10.162984247916087,1.7708136733868325,-1.9318694362441333,-0.933116028377906,-0.9956657730925275,-0.9708453678252453,2.0305282912376668,0,False
2023-06-12,25905.19,10.162198613713402,1.7519354404258864,-2.024186455773825,-0.9337314570150553,-0.9963489727114944,-0.9714579313332447,2.0307262157198815,0,False
2023-06-13,25934.25,10.163319767917383,1.7331017796404298,-2.1022595305027982,-0.9335970574177215,-0.9962874287478177,-0.9713286840816556,2.030916142814354,0,False
2023-06-14,25128.6,10.131761918679354,1.7131247201997406,-1.363413888550794,-0.9461477037853501,-1.0088136907254435,-0.9837463096060759,2.0291907012008252,0,False
2023-06-15,25598.49,10.150288644353008,1.6938277678285298,-1.6859689872246648,-0.9395398514484858,-1.0023236197714003,-0.9772114446312902,2.0285164531091446,0,False
2023-06-16,26345.0,10.179033782643387,1.6755802745325497,-1.4328398123549908,-0.9286814209343994,-0.9916086486900929,-0.9664697437666891,2.029413422963508,0,False
2023-06-17,26516.99,10.18554093861242,1.6575714243367987,-1.6180123156432427,-0.9263486335843053,-0.9893786703723404,-0.9641652797938348,2.03058749725447,0,False
2023-06-18,26339.97,10.17884283634446,1.6393209170540797,-1.8634053496332732,-0.9293896141146707,-0.992364578912219,-0.9671766233364167,2.03130706293584,0,False
2023-06-19,26844.35,10.197810649488469,1.6217615628139508,-1.6746909658486557,-0.9219702211713745,-0.9850575612349234,-0.9598393219464912,2.0329845492838334,0,False
2023-06-20,28307.99,10.250899375938584,1.6061304844904212,-0.8293143439780211,-0.8996210486540523,-0.9630908091670022,-0.9377273593265995,2.037262822300579,0,False
2023-06-21,29993.89,10.308748973234755,1.5925954838810246,-0.35742697057010964,-0.8729607714094154,-0.9364763054446751,-0.9113537891002864,2.043946889753514,0,False
2023-06-22,29884.92,10.305109284326546,1.5789190025730135,-0.8522128452010456,-0.8750955885336905,-0.9387151017160577,-0.9134647650877471,2.05037896759223,0,False
2023-06-23,30688.5,10.33164327056399,1.566196746722246,-0.7884241744774418,-0.8621292712489043,-0.9258333156107466,-0.9006426105818159,2.0577234383262155,0,False
2023-06-24,30527.43,10.326380902690053,1.553272250677296,-1.0352243677038577,-0.8651616634220164,-0.928971491364298,-0.9036401611421339,2.0647680056466386,0,False
2023-06-25,30462.66,10.324256950279127,1.5402599237823642,-1.1958579015027813,-0.8665690924607886,-0.930483463175429,-0.9050314411195238,2.0716237039088545,0,False
2023-06-26,30267.99,10.317845997432435,1.5270044002150607,-1.329635763738558,-0.8701525674888758,-0.9341727122993473,-0.9085741052524474,2.0781132551649675,0,False
2023-06-27,30692.44,10.331771649178116,1.514244299932686,-1.3008282073340387,-0.8634098746369651,-0.9275248824146235,-0.9022119963017584,2.0850502944318925,0,False
2023-06-28,30077.41,10.311529670633233,1.5007385821692836,-1.4986614577299344,-0.8740913742324952,-0.9378198191985347,-0.9127673674730749,2.09103956611456,0,False
2023-06-29,30447.31,10.323752927692185,1.4876670483093355,-1.4733123382452555,-0.8682775700461304,-0.9321117928189685,-0.9070190620963577,2.097436382220918,0,False
2023-06-30,30472.0,10.32456350815844,1.4746145876106036,-1.5189741546991242,-0.8681854850296696,-0.9319586701288947,-0.9069266040560302,2.1037534219889005,0,False
2023-07-01,30585.9,10.328294397433032,1.4616871102922997,-1.543101347829135,-0.8666046035871539,-0.930428818586006,-0.9053625302626674,2.1101140930684705,0,False
2023-07-02,30617.03,10.32931166907949,1.4487858874497543,-1.5806809129493629,-0.8664047502646235,-0.9302908898341271,-0.9051634380476546,2.116402747269063,0,False
2023-07-03,31156.2,10.346768541328517,1.4365071833057574,-1.5217032282383622,-0.8577387751048507,-0.9217588844369533,-0.8965954061387287,2.123303990693785,0,False
2023-07-04,30766.51,10.334182039718861,1.4237598320780775,-1.6317027420847792,-0.8646413514949133,-0.9286166502276773,-0.9034149890178443,2.1295623679754017,0,False
2023-07-05,30504.81,10.325639655079422,1.4106916331521344,-1.7137074986380216,-0.8693515206347934,-0.9332524758243175,-0.9080673786197496,2.1353207244492056,0,False
2023-07-06,29895.43,10.305460904887761,1.396881374175293,-1.6433167462097382,-0.8798684536174654,-0.9434767753009375,-0.9184535686944526,2.1399922762549504,0,False
2023-07-07,30344.7,10.320377151913622,1.3836034842056324,-1.7740161871885565,-0.8727908607056007,-0.936584453075742,-0.9114569661646923,2.145270699146192,0,False
2023-07-08,30284.63,10.31839560207114,1.3702439851854618,-1.8418055921690173,-0.8741082250278194,-0.9377817431999548,-0.9127553464010115,2.1503304719559817,0,False
2023-07-09,30160.71,10.314295362958863,1.3567262712658377,-1.8884284984909194,-0.8764844661576097,-0.9399998141621548,-0.9150999845808411,2.155063701405017,0,False
2023-07-10,30411.57,10.322578407092772,1.3434996667591836,-1.8724604249064436,-0.8726561030212049,-0.9362377192755301,-0.9113141927461231,2.160084633787629,0,False
2023-07-11,30622.1,10.329477249485729,1.3305133013865347,-1.8633474587386267,-0.8694822788988747,-0.9331051991317983,-0.9081750280026264,2.165318905730687,0,False
2023-07-12,30380.0,10.321539776149764,1.3172288364948093,-1.9239872095429777,-0.8738404753957614,-0.9372406112584568,-0.9124772748475474,2.1700335857771145,0,False
2023-07-13,31454.23,10.356288752289467,1.3051941299204404,-1.2800421658276937,-0.856458009567976,-0.9204071642189082,-0.8952963008518695,2.1762847914977925,0,False
2023-07-14,30312.01,10.319299282600731,1.2918063076940254,-1.2242554990861945,-0.8761437503917394,-0.9393555239380762,-0.9147357261270614,2.180609234274829,0,False
2023-07-15,30289.52,10.318557057081591,1.278382167240647,-1.6365737249730334,-0.8768338608011491,-0.940061903251076,-0.9154127404333542,2.184767719096546,0,False
2023-07-16,30231.99,10.316655914253932,1.2648798140333557,-1.8174797500530817,-0.8781031214821235,-0.9413921053602929,-0.9166613150376784,2.1886974799190235,0,False
2023-07-17,30138.0,10.3135421129781,1.2512555117019024,-1.9144336763648697,-0.8799733221767192,-0.9433439818892299,-0.9187957176960113,2.192330752895342,0,False
2023-07-18,29859.13,10.304245934700871,1.237285585313124,-1.9121518604364423,-0.8848933866935441,-0.9480952694508695,-0.9236486926155116,2.1953173873936556,0,False
2023-07-19,29909.21,10.305921738704129,1.2233683616040971,-2.015903688012764,-0.8843881354592025,-0.9475388035180816,-0.9231442706100157,2.198275243977218,0,False
2023-07-20,29800.0,10.302263672493496,1.2093105172986374,-2.0496466331466365,-0.886496312842621,-0.9495308939547642,-0.9252203317789891,2.2008979230145664,0,False
2023-07-21,29901.72,10.305671282807886,1.1953683224774616,-2.0598246675337513,-0.8851477828282827,-0.9481880286384172,-0.9238832908477571,2.2035952986023215,0,False
2023-07-22,29794.0,10.302062309939538,1.1812873948248035,-2.054784991259168,-0.887229520769336,-0.9501950299713464,-0.9259332892002153,2.20595796488374,0,False
2023-07-23,30083.75,10.311740437846614,1.1675492445925795,-1.9034211271059192,-0.8828149682031251,-0.9458898183848476,-0.9215685540812264,2.2087633446232355,0,False
2023-07-24,29176.5,10.281118869714856,1.1526938292727213,-1.381088760588864,-0.8981065940436537,-0.9606201038334382,-0.9366596257313624,2.2095947782063723,0,False
2023-07-25,29228.91,10.282913566954972,1.1378975683034087,-1.792217857440622,-0.8975729957031097,-0.9600950838004816,-0.9361280198273753,2.210429286278794,0,False
2023-07-26,29351.96,10.287114603265042,1.1232474404016246,-2.032437616812386,-0.8958987828331013,-0.9585176555494838,-0.9344699139954407,2.2114169483677446,0,False
2023-07-27,29222.78,10.28270382109399,1.1084313669699977,-2.034684937550638,-0.8983040807330904,-0.9609022670226263,-0.9368403670704598,2.212015972234866,0,False
2023-07-28,29314.14,10.28582527245085,1.0937223957814026,-2.0668438267250964,-0.8971424222510688,-0.9597897115306023,-0.9356884799490838,2.212704634487466,0,False
2023-07-29,29352.9,10.287146627870845,1.0790551277714973,-2.111769982512445,-0.8968285334673434,-0.9594856679331597,-0.935373743543872,2.2133680577419153,0,False
2023-07-30,29281.09,10.284697194158305,1.064293021707356,-2.083590548403261,-0.8983024579733032,-0.9609014766459228,-0.9368245020086109,2.2137678163282626,0,False
2023-07-31,29232.25,10.283027830852701,1.049464552004634,-2.1030619273828783,-0.8994029799609062,-0.9620007181712671,-0.9379046545395431,2.213955331586651,0,False
2023-08-01,29705.99,10.299103987957091,1.0352119056817122,-1.7431162636329112,-0.8920987404824255,-0.9548927951010829,-0.9306856105801902,2.2150530022773824,0,False
2023-08-02,29186.01,10.28144476385766,1.0203132929297687,-1.703483439438509,-0.9008876563919922,-0.9636109713552828,-0.9393544108470451,2.2149178104340392,0,False
2023-08-03,29193.64,10.28170615631354,1.0054185404155132,-1.9932017299671778,-0.9010763561081484,-0.9639025622675967,-0.9395340182150601,2.2146999797373454,0,False
2023-08-04,29113.99,10.278974093647182,0.9904193871640969,-2.076459602704124,-0.9026692298787882,-0.9654169519219178,-0.9411000334364873,2.2142058038914234,0,False
2023-08-05,29072.13,10.277535262282532,0.9753628755485106,-2.108782086875995,-0.9036522194966932,-0.9663160176210871,-0.9420640192937944,2.2135224752379883,0,False
2023-08-06,29088.42,10.278095435816859,0.9603214456900205,-2.13054365278004,-0.9037018264548061,-0.9663484310726435,-0.9423877877494361,2.212783553179463,0,False
2023-08-07,29211.06,10.282302683665502,0.9454269345799222,-2.0395079222840105,-0.9020478836751782,-0.9647781576423582,-0.9407478777205273,2.2122283007580883,0,False
2023-08-08,29770.42,10.301270562072883,0.9312126053466029,-1.6701554899151998,-0.8934003535569078,-0.9562960687172445,-0.9322039720108836,2.2127925631285343,0,False
2023-08-09,29581.99,10.294921009187853,0.9167616231269952,-1.9858499711691853,-0.8967740163199751,-0.9596730646141785,-0.9355254592861257,2.2128473393992296,0,False
2023-08-10,29455.75,10.290644416201644,0.9021495081595842,-2.037705977864167,-0.8991280261069793,-0.9620741179758351,-0.9378409886484232,2.212525693547318,0,False
2023-08-11,29426.03,10.289634935763932,0.8874947463596474,-2.119485159858851,-0.8999187079760644,-0.962903757031003,-0.9386137362037701,2.212041584121238,0,False
2023-08-12,29430.17,10.289775617629456,0.8728390194565581,-2.124569573843182,-0.9001633995944679,-0.9631774972888291,-0.9388476275233536,2.2114715936475453,0,False
2023-08-13,29303.84,10.285473844438284,0.8580218246468971,-2.0370020146799344,-0.9025095775231688,-0.9654507645661593,-0.941154082193884,2.21052690568709,0,False
2023-08-14,29430.93,10.289801441135983,0.8433553459624686,-2.0363306480838497,-0.900781682369652,-0.9637072710724335,-0.9394403351500945,2.2097764094209675,0,False
2023-08-15,29200.0,10.281923988256374,0.8283983140015007,-1.9473436295944784,-0.9048115453800649,-0.9675133146369365,-0.9434071292331456,2.208417242563042,0,False
2023-08-16,28730.51,10.26571490329507,0.8128505164416445,-1.7384665197183495,-0.9126528673919081,-0.9749971254553549,-0.9511347285926104,2.2058865062726363,0,False
2023-08-17,26623.41,10.189546182918658,0.7945479022568699,-0.2366785764717536,-0.9466204511203716,-1.007743453821208,-0.9846391588899304,2.1978143072840766,0,False
2023-08-18,26054.0,10.16792658625751,0.775467617143368,-0.5682270175196193,-0.9554417957816922,-1.0162179925246908,-0.9933443900118497,2.188179418868513,0,False
2023-08-19,26100.01,10.169690976452474,0.756456094894972,-0.997837769760765,-0.9550684638968368,-1.0157975104752544,-0.9929708349586452,2.1787972704967817,0,False
2023-08-20,26189.99,10.173132555676561,0.7375737065301066,-1.2723308578254364,-0.9540496020453842,-1.014769459743496,-0.9919596131536778,2.1697841509553037,0,False
2023-08-21,26126.92,10.170721479389613,0.7186088883308541,-1.3899756869935038,-0.9552779119115763,-1.01599783666763,-0.9931666472605777,2.160695880388186,0,False
2023-08-22,26056.0,10.16800334695607,0.6995508119650393,-1.4787107565147262,-0.9566187243896743,-1.0173664258696793,-0.9944844559884592,2.1515151937700714,0,False
2023-08-23,26432.72,10.182357915659153,0.6810156913390399,-1.7015095971272458,-0.9514126140036041,-1.0123317014716886,-0.9893365794905052,2.1434775664097674,0,False
2023-08-24,26180.05,10.172752949316918,0.6621378639555562,-1.6941925084486633,-0.9554590273336194,-1.0163786400560308,-0.9933253339347082,2.1348329369661005,0,False
2023-08-25,26060.01,10.168157234408616,0.6430989540985611,-1.72450821429717,-0.9575218562590915,-1.018496068128354,-0.9953560901454093,2.125958456082758,0,False
2023-08-26,26017.37,10.166519670862652,0.6240060954210942,-1.7685090762776507,-0.9584447720310016,-1.019461190982237,-0.99652803923595,2.1170732183496543,0,False
2023-08-27,26101.77,10.169758407103332,0.6050352529829415,-1.8409023948501662,-0.9575137088492297,-1.0185066959298235,-0.9956019432215385,2.108519584307133,0,False
2023-08-28,26120.0,10.170456583390367,0.5860945367191507,-1.8896167676815998,-0.9575468781579808,-1.0184982068259105,-0.9956278099853763,2.1001109406711715,0,False
2023-08-29,27716.34,10.229777409954465,0.5692964635334713,-0.6555937000262941,-0.9345813368336788,-0.9962199422055343,-0.972943572427748,2.095722019624055,0,False
2023-08-30,27299.99,10.214641614872617,0.55195251425048,-1.5162060079524617,-0.9412912137581961,-1.0026816982020321,-0.9795548850710215,2.0903480145102558,0,False
2023-08-31,25940.78,10.163571526809262,0.5327695706946114,-0.8626554530682371,-0.9623003886436972,-1.0230508378301928,-1.0002783331300005,2.081602271675751,0,False
2023-09-01,25805.05,10.158325488189941,0.5134032562924736,-1.3007491812096106,-0.9645674823796352,-1.025270691621485,-1.0025104506214098,2.0726101331613602,0,False
2023-09-02,25869.51,10.160820334142558,0.49413287616540813,-1.5807245560458871,-0.9639367926407254,-1.0246900639202272,-1.00188119736187,2.063899873078102,0,False
2023-09-03,25971.21,10.164743895793205,0.47500962394068436,-1.761237480422189,-0.9627662375985193,-1.0235966200221558,-1.0007187393016381,2.0555556358424596,0,False
2023-09-04,25826.02,10.15913778981968,0.45569005618450764,-1.8035593003247086,-0.9651705635305452,-1.0259958335569106,-1.0030863339436473,2.046943466553422,0,False
2023-09-05,25792.1,10.157823522470055,0.43632921567234223,-1.8749808763586167,-0.9659578749396587,-1.0268366644804834,-1.0038574433223655,2.0383533083567915,0,False
2023-09-06,25759.95,10.156576239222618,0.4169296514083164,-1.9338600039981875,-0.9667187310022249,-1.0276662926366595,-1.0046024998518743,2.0297906956080753,0,False
2023-09-07,26255.0,10.17561172607196,0.3982212137876069,-1.6661510759774414,-0.9599085597677051,-1.0211201484021135,-0.9978703425759226,2.0226011885941113,0,False
2023-09-08,25910.5,10.162403570938466,0.3790421739364235,-1.8126011254907075,-0.9652504941161133,-1.0264466388473932,-1.0031376703883637,2.0146777621551473,0,False
2023-09-09,25901.61,10.162060407917805,0.35985653818963376,-2.05965483346295,-0.9656770695519918,-1.0269911805367278,-1.0035524326768113,2.0068774501232234,0,False
2023-09-10,25841.61,10.159741262457116,0.34059329680896394,-2.086412667213952,-0.9668410029273918,-1.0281695710652465,-1.0046953857039018,1.9990545941053655,0,False
2023-09-11,25162.52,10.133110864781314,0.3203787025849687,-1.4746719469083112,-0.9769166483188837,-1.0379606860233144,-1.0146391959855952,1.9896935418036157,0,False
2023-09-12,25840.1,10.15968282785809,0.3011277056528951,-1.4760589145465373,-0.9677382772697664,-1.0291128368503413,-1.0055658479663332,1.9820786693567745,0,False
2023-09-13,26222.0,10.174354032059346,0.2824099400392861,-1.566625587408509,-0.9625477190609746,-1.0241253286644374,-1.000433285866337,1.9754154383411062,0,False
2023-09-14,26522.73,10.18575738017819,0.2641065376260615,-1.6219457909956931,-0.9584640441998938,-1.0202074776316539,-0.9963940980907927,1.9694724742115768,0,False
2023-09-15,26600.0,10.188666494769791,0.2459112522757426,-1.7472047670951985,-0.9576252390364524,-1.0194246462742775,-0.9958298422213655,1.9637375081713615,0,False
2023-09-16,26559.67,10.187149178814387,0.22766482965881563,-1.883185715258469,-0.958519883483725,-1.020259292213207,-0.9967046718432514,1.9579536919991671,0,False
2023-09-17,26527.51,10.185937586714973,0.20937840686081038,-1.9848748952527266,-0.9592928927476603,-1.020992819575313,-0.9974595364981521,1.9521405964309084,0,False
2023-09-18,26762.51,10.194757306555038,0.19141227308603412,-1.922520280330096,-0.9561352497679408,-1.0179334974779621,-0.9943347522917082,1.9468600953566326,0,False
2023-09-19,27210.26,10.211349387042187,0.17404459107005188,-1.7265934477952183,-0.9498032738373688,-1.0118046517040054,-0.9880770000300931,1.9425166256425859,0,False
2023-09-20,27125.0,10.208211090842761,0.15656562221213144,-1.976094719883839,-0.9513855502969989,-1.0133593327130463,-0.989629224840013,1.9380100446199167,0,False
2023-09-21,26568.08,10.18746577419327,0.13834382794027747,-1.621717927902401,-0.9600440201064252,-1.0218064120190535,-0.9981641192375467,1.9323834696554947,0,False
2023-09-22,26580.14,10.187919599371499,0.12014185340035452,-1.9388462775857214,-0.9601651871352068,-1.021984989521177,-0.9982756479195658,1.9268194553765845,0,False
2023-09-23,26575.96,10.187762326734545,0.10193774197985052,-2.0893806275191182,-0.9605252222096299,-1.0224110113657163,-0.9986229380579363,1.9212836926354202,0,False
2023-09-24,26248.38,10.17535955182965,0.0832923010253331,-1.8318512352345335,-0.9656440372254169,-1.027486700766147,-1.0036672595388507,1.9151121835899956,0,False
2023-09-25,26304.81,10.177507091177407,0.06472854782105505,-2.090568634956096,-0.965121650747781,-1.0270876110613731,-1.003144011135332,1.9091101050561035,0,False
2023-09-26,26221.67,10.174341447127743,0.04605577637919108,-2.0648593146990115,-0.9666296277020454,-1.0286089965198177,-1.0046250043089118,1.902987783120162,0,False
2023-09-27,26372.99,10.180095659343545,0.027594066341476462,-1.999491268146468,-0.9647321978642062,-1.0268039823898565,-1.002744344046353,1.8972249807912764,0,False
2023-09-28,27021.39,10.204384053566303,0.010007157030869285,-1.5314949994698561,-0.9555868564229245,-1.0179746911031953,-0.9937086964051908,1.8928963855431467,0,False
2023-09-29,26906.96,10.200140268183008,-0.007729757726771412,-1.9427287485383609,-0.9575909746602865,-1.019937501359413,-0.9956777670421499,1.8883644199094405,0,False
2023-09-30,26962.56,10.202204516007871,-0.025390242753279568,-2.0647367153839453,-0.9570648614580174,-1.0194486574219872,-0.9951500493380987,1.883954670342642,0,False
2023-10-01,27992.57,10.239694396801047,-0.04170538812757162,-1.1977234499216374,-0.942104578579669,-1.004980811042424,-0.9803767324104318,1.8814168786208398,0,False
2023-10-02,27494.51,10.221741627361034,-0.05866458787845739,-1.69117286714828,-0.9500400941452622,-1.012668155614968,-0.9881946290683689,1.877979778097432,0,False
2023-10-03,27426.46,10.21926351982489,-0.07571194963570772,-1.935594884664409,-0.951366720933869,-1.0139614511926205,-0.9894942185571914,1.874416045262516,0,False
2023-10-04,27778.57,10.232020139101477,-0.09230169289431465,-1.8223206438825685,-0.9463730237458958,-1.0091313469360732,-0.9845575950004705,1.8714728274585442,0,False
2023-10-05,27410.39,10.21867741757941,-0.10936943289779161,-1.8074393973708647,-0.9522748729352178,-1.0148496743180135,-0.9906453572842987,1.8678672041447868,0,False
2023-10-06,27931.09,10.237495684314494,-0.1257626106571204,-1.6689282234466751,-0.9447606418296346,-1.007484408603863,-0.983222057475932,1.8651701047362328,0,False
2023-10-07,27956.67,10.238411090542485,-0.14212374870135513,-1.947773600031888,-0.9446713079538563,-1.0073078900710382,-0.9831229204530966,1.862499327368161,0,False
2023-10-08,27917.05,10.236992892268212,-0.15853642853810576,-2.1088849551135698,-0.9455762896402483,-1.00809411642777,-0.9840044556348271,1.8597436144781228,0,False
2023-10-09,27590.12,10.22521301660383,-0.17537127535339517,-1.8467055048591543,-0.9508612730343006,-1.0131232950774773,-0.989206114200012,1.8564098381700842,0,False
2023-10-10,27390.12,10.217937643408534,-0.19246602180401837,-1.959687814825204,-0.9541796773104703,-1.0162514985711368,-0.9924691089025502,1.8527218615640386,0,False
2023-10-11,26875.52,10.198971114079987,-0.21023819435863014,-1.66468254863499,-0.9622038629045676,-1.0239445480885883,-1.0003750640775235,1.848117866321778,0,False
2023-10-12,26759.63,10.1946496875397,-0.22816218005305455,-1.8837798641601875,-0.9642106292780795,-1.0258095739847293,-1.0023459961793242,1.8433258879883598,0,False
2023-10-13,26862.0,10.19846792746902,-0.24594647683274293,-2.04807166639015,-0.9630049971539142,-1.0245599488556691,-1.0011471476138545,1.838745620764876,0,False
2023-10-14,26852.48,10.198113460662316,-0.26374063177570956,-2.1261647738678295,-0.9634425238906039,-1.0249032444812385,-1.0015696506065714,1.8341709410775224,0,False
2023-10-15,27154.15,10.209285168192991,-0.2811325567495238,-1.861738833516977,-0.9593026390975373,-1.0208080332617526,-0.9974752025940526,1.8301503737777118,0,False
2023-10-16,28500.78,10.257686734303286,-0.2967925973659988,-0.9187007688774884,-0.9396746367712377,-1.001710366454153,-0.9780982674496499,1.8283653384191159,0,False
2023-10-17,28395.91,10.254000399693766,-0.31258668860919125,-1.499580801404544,-0.9415928497993143,-1.0034733316228972,-0.9799780932758579,1.826386203829547,0,False
2023-10-18,28320.0,10.251323547807656,-0.32847840709226683,-1.7720998776543562,-0.9430605191870334,-1.0048012605893353,-0.9814138621236317,1.8242611063249907,0,False
2023-10-19,28713.71,10.265129988033657,-0.34387856049883786,-1.732203539048145,-0.9373339929114826,-0.9991663462357396,-0.9757546946346823,1.8227263279021069,0,False
2023-10-20,29669.04,10.297859356846338,-0.3581123463860517,-1.3151086244377237,-0.9229135555964225,-0.9851225330048636,-0.9615221622723188,1.8225686260914555,0,False
2023-10-21,29909.8,10.30594146487479,-0.37206301548220183,-1.5251811889970548,-0.9194201570841803,-0.9816431710128115,-0.958064792944234,1.8226986277233923,0,False
2023-10-22,29992.46,10.308701295721443,-0.3859213319475404,-1.5929245733275037,-0.9184145730492382,-0.9805671422417715,-0.9570596065214658,1.8228896695064958,0,False
2023-10-23,33069.99,10.406381503586921,-0.3962975178644705,0.3295810398669947,-0.8706948794458714,-0.9343800755779382,-0.9099968411341192,1.8267133602299648,1,False
2023-10-24,33922.73,10.431840570157783,-0.405778612209993,-0.09475818952057846,-0.8569564451006098,-0.9177567989669405,-0.8950365792873275,1.8312881603557574,0,False
2023-10-25,34496.05,10.448600103711032,-0.41467721777478195,-0.34053650567441673,-0.8219630576630237,-0.905359025752996,-0.881145453807746,1.83630028194053,0,False
2023-10-26,34151.66,10.438566472895152,-0.4239513445355323,-0.8010283953047992,-0.853851401406493,-0.9129030482428524,-0.8910795189479258,1.8409334397089647,0,False
2023-10-27,33892.02,10.430934867427942,-0.4335144106644852,-1.039763550190136,-0.8585229893925077,-0.9191159249566985,-0.897063303619278,1.8452487492060075,0,False
2023-10-28,34081.0,10.436495323235768,-0.44289474525155653,-1.0751735960119595,-0.8556946885684719,-0.9161604185390474,-0.8934022040163956,1.8496686450919686,0,False
2023-10-29,34525.89,10.44946475636667,-0.45182819734378576,-1.0575085621540319,-0.8240094335069384,-0.9045091594277275,-0.8812540984274919,1.854424195657659,0,False
2023-10-30,34474.73,10.447981870868688,-0.4608317184941275,-1.1307333348971516,-0.813299688024325,-0.9054060797865585,-0.8822476960223293,1.859058286719857,0,False
2023-10-31,34639.77,10.452757722931464,-0.4696817011813266,-1.1594618524052924,-0.7979035354705701,-0.9023533549313738,-0.8761919258251292,1.863767909503312,0,False
2023-11-01,35421.43,10.475072283192677,-0.47775231400356305,-1.0803817851724078,-0.7212284803123662,-0.887735862275549,-0.8462196966701424,1.869080303055871,0,False
2023-11-02,34941.59,10.461433089235367,-0.48632874958984373,-1.2135240588316367,-0.771967385950369,-0.896060901895036,-0.8644919179378208,1.8739062760811398,0,False
2023-11-03,34716.78,10.454978422538003,-0.49515345571856273,-1.2979849541251325,-0.7956693457924491,-0.900748476199282,-0.8732845222321244,1.8784501512746827,0,False
2023-11-04,35062.07,10.464875198375234,-0.5036421912882739,-1.286832660547357,-0.7628058647848788,-0.8944400047081404,-0.8605166510405399,1.8832349900249232,0,False
2023-11-05,35011.88,10.463442711450133,-0.5122000770658451,-1.3366536165963532,-0.769036972120089,-0.8953771198910363,-0.862310708535675,1.8878973292440078,0,False
2023-11-06,35046.09,10.464419331318483,-0.520740967590322,-1.3707523778647177,-0.7668759596613253,-0.894707946258464,-0.8604834873866067,1.8925140140804595,0,False
2023-11-07,35399.12,10.47444224005582,-0.5289419931075598,-1.3558268289921749,-0.7333763224782225,-0.8883172341271518,-0.8449729869450893,1.8973756517917446,0,False
2023-11-08,35624.72,10.480795057890942,-0.5369348600323138,-1.359501280252397,-0.7122950742377446,-0.8843264634245788,-0.833640227216834,1.902360853301118,0,False
2023-11-09,36701.09,10.510561733874097,-0.5438843082029917,-1.245908783498308,-0.6068612849631052,-0.8656161004799089,-0.780367812280731,1.9081510860264457,0,False
2023-11-10,37301.63,10.526792304409005,-0.5502756152552759,-1.2020654984073518,-0.4856568336005904,-0.8556320101742921,-0.746476395725121,1.914305974879692,0,False
2023-11-11,37130.0,10.522180547171125,-0.5568538002292587,-1.259319405480842,-0.4837192007261789,-0.8588894305597266,-0.7524978927829036,1.9202705963569124,0,False
2023-11-12,37064.13,10.520404934536913,-0.5635172546622054,-1.3006741084049374,-0.4925540010397511,-0.858657440388626,-0.7529821604526749,1.92611588460451,0,False
2023-11-13,36462.93,10.504051407044392,-0.5707860794030034,-1.4079249788889951,-0.5571658764925056,-0.8663368357543402,-0.7831165208249863,1.9314083922103464,0,False
2023-11-14,35551.19,10.478728908651455,-0.5789791162182651,-1.5005974722301603,-0.6513840764461748,-0.886595948886164,-0.8298024162257862,1.9357937593497243,0,False
2023-11-15,37858.2,10.541602880051466,-0.5849469090496991,-0.5458944505016392,-0.433370203504284,-0.8414013226116575,-0.7086594420921268,1.942016401404522,0,False
2023-11-16,36163.51,10.495805878379333,-0.5925721773711985,-0.9802476781272946,-0.614085353073322,-0.8734780350826762,-0.8037755162567931,1.9468022018608089,0,False
2023-11-17,36613.92,10.508183774951998,-0.5997754658662499,-1.4982500631803628,-0.5717722444377572,-0.863823427127793,-0.7780121515124364,1.9519126844866468,0,False
2023-11-18,36568.1,10.506931554639213,-0.6070440382481478,-1.527883024356004,-0.577821607114088,-0.8645778146530002,-0.778872360067864,1.956902937409617,0,False
2023-11-19,37359.86,10.528352145012418,-0.6135686834265236,-1.4603509468003635,-0.47552074117308585,-0.8501291127647311,-0.7315670056003187,1.9624869973335042,0,False
2023-11-20,37448.78,10.530729411645705,-0.6200304625857553,-1.4739422692365771,-0.45338103733982194,-0.8485925301148598,-0.7231795844412297,1.9680662547019474,0,False
2023-11-21,35741.65,10.4840719544077,-0.6281792288153699,-0.9575394353721136,-0.6284490672373888,-0.8819993825991347,-0.8206133201331586,1.9719830339676079,0,False
2023-11-22,37408.34,10.529648953195418,-0.6347203455606607,-0.9851196431599745,-0.47625547248996397,-0.8506824065850729,-0.7272416361667324,1.9773852442760704,0,False
2023-11-23,37294.28,10.526595242665975,-0.6413923401441138,-1.5354678786090366,-0.4894323221800371,-0.8521429585404366,-0.731306497704841,1.9826108810906526,0,False
2023-11-24,37713.57,10.537775255620343,-0.647687066741703,-1.5330763810251997,-0.4504287082214676,-0.844687976552713,-0.7028056485032438,1.9881112293332184,0,False
2023-11-25,37780.67,10.539552875149177,-0.6539407707544334,-1.546149300754442,-0.44584685205777347,-0.8432699492446021,-0.6956116908783209,1.9935882728509216,0,False
2023-11-26,37447.43,10.530693361757463,-0.6605330645144822,-1.6000401348368225,-0.4807506010644081,-0.8491009542542947,-0.7140830527757509,1.9986985456587576,0,False
2023-11-27,37242.7,10.525211231448095,-0.6673427537508863,-1.639550848156025,-0.5024643620500585,-0.8521769058300994,-0.7244678065097395,2.0035395295644,0,False
2023-11-28,37818.87,10.540563463394848,-0.6736260495200919,-1.598931528258614,-0.4494650011958216,-0.8426566505544774,-0.6852102427491391,2.0088143435434787,0,False
2023-11-29,37854.64,10.541508840519924,-0.6798980255746178,-1.6131008607353354,-0.4480428500930479,-0.841862116148831,-0.6800050014264131,2.014038217534779,0,False
2023-11-30,37723.96,10.538050715330268,-0.686315807252244,-1.6431806174673735,-0.4627193395350923,-0.8438704418931254,-0.6858314170643947,2.019062410594833,0,False
2023-12-01,38682.52,10.56314309739336,-0.6918605013567815,-1.5051686320277038,-0.3656880075152813,-0.8256301295323925,-0.618413034117921,2.0248183469399024,0,False
2023-12-02,39450.35,10.582798198224525,-0.6967278449233448,-1.494032798348658,-0.29425367552609044,-0.800606506107925,-0.5547808027314112,2.031071610307185,0,False
2023-12-03,39972.26,10.595940992513713,-0.701151521419393,-1.482953395967355,-0.2379443422040365,-0.7870393991088753,-0.5055249076579338,2.037606257671984,0,False
2023-12-04,41991.1,10.645212970048615,-0.7038434654938822,-0.8885533296411283,-0.04519061167835133,-0.6555952675105566,-0.31751358206262187,2.04512731997757,0,False
2023-12-05,44073.32,10.69360988969332,-0.704838302641449,-0.5401134455035668,0.16164204092523518,-0.46158062980058745,-0.11240865827077692,2.053149117004651,0,False
2023-12-06,43762.69,10.686536906870177,-0.7061182922252955,-0.9825332029645601,0.12202939556930466,-0.48303824104709836,-0.14203303028335731,2.0611101695267395,0,False
2023-12-07,43273.14,10.675287398184828,-0.7078318777999053,-1.2356458507663375,0.06446869380914544,-0.5253075007019548,-0.1893587947191664,2.0689357009892686,0,False
2023-12-08,44170.99,10.695823517742157,-0.7088442304680984,-1.1616560141802013,0.14994026941665622,-0.4260561558674406,-0.09886622917149798,2.0769357627497658,0,False
2023-12-09,43713.6,10.685414545481663,-0.7102607130993488,-1.2755899872393404,0.0959786961542037,-0.46267485960954785,-0.14339828854038264,2.084818092040355,0,False
2023-12-10,43789.51,10.687149569963484,-0.7116472883718893,-1.2870184429310958,0.09783708986754334,-0.45064110047328715,-0.13434930140714768,2.09269197899721,0,False
2023-12-11,41253.4,10.62748881260856,-0.7151943631097207,-0.6227957383095277,-0.17102671707723943,-0.6793999048296737,-0.38737500866348773,2.0993740078190046,0,False
2023-12-12,41492.39,10.633265315909838,-0.7185631826986315,-1.32848559877533,-0.15195840061624427,-0.657796396898828,-0.36319384410963984,2.106137188473975,0,False
2023-12-13,42869.03,10.665904932790669,-0.7207957359328293,-1.3118820332102152,-0.027086365094459875,-0.5383985156054131,-0.23541751166388575,2.113574817532654,0,False
2023-12-14,43022.26,10.669472935147128,-0.722931390148971,-1.411075953763258,-0.016941043087888696,-0.5230870580695959,-0.21945090294689448,2.121029604539685,0,False
2023-12-15,41940.3,10.64400245750615,-0.7260062985590809,-1.494599232993107,-0.1272783292377708,-0.6113909334163871,-0.32130981990041146,2.127850473155544,0,False
2023-12-16,42278.03,10.652022844764291,-0.7288238214243105,-1.4968105988650744,-0.099579310070928,-0.5704902306193234,-0.2887365575263775,2.1348069284093705,0,False
2023-12-17,41374.65,10.630423653429084,-0.7324411521151165,-1.5796486644802965,-0.18916639737747526,-0.6364880602560989,-0.3713804960547598,2.1410931197105927,0,False
2023-12-18,42657.8,10.660965420137636,-0.7349965784313348,-1.3648040863899618,-0.07692551860725619,-0.5294250196941876,-0.2560718044491438,2.148142663119902,0,False
2023-12-19,42275.99,10.651974591588383,-0.7379025085469055,-1.5377601186769045,-0.11688015860168127,-0.5594261898827724,-0.2911522773540819,2.1548923208705353,0,False
2023-12-20,43668.93,10.684392144233012,-0.7396810049644543,-1.3166757791962054,0.005322237279499946,-0.4426584406736683,-0.16693089501017103,2.1623469474564256,0,False
2023-12-21,43861.8,10.688799060801458,-0.7413335451973749,-1.4494412600108193,0.01853625455129706,-0.42622200384940445,-0.1505368799875816,2.1698363524777373,0,False
2023-12-22,43969.04,10.69124102886851,-0.7429304730665891,-1.4551181060697425,0.023626523138095126,-0.41494349915412887,-0.14156071133414885,2.1773212618910853,0,False
2023-12-23,43702.16,10.685152807779783,-0.7447762118810953,-1.4866961241266612,-0.006242344046413474,-0.432746169389643,-0.16768347981612713,2.1846189479042044,0,False
2023-12-24,42991.5,10.668757700716931,-0.7472379778009395,-1.549075791462354,-0.07686103520331597,-0.48917991121573834,-0.2368301178459968,2.1914380386376715,0,False
2023-12-25,43576.13,10.682264802352616,-0.749247808156733,-1.5204026476309533,-0.028540797226570488,-0.4412798181663192,-0.18584513999944158,2.1985421845287223,0,False
2023-12-26,42508.93,10.657469450487946,-0.7521730234055205,-1.5106608219560758,-0.13091285529930238,-0.5221705479806542,-0.2841265482580037,2.204863023972028,0,False
2023-12-27,43428.85,10.678879245786156,-0.7543634734428232,-1.5545119946568655,-0.05425160876106865,-0.44691221894862676,-0.20558295275182967,2.2117422742766393,0,False
2023-12-28,42563.76,10.658758465977922,-0.7573021871465395,-1.625531531898685,-0.13646505490410407,-0.5176904297458927,-0.28451273241255537,2.217928461460821,0,False
2023-12-29,42066.95,10.647017675739187,-0.7606887547548226,-1.6709239839441918,-0.1836755387506436,-0.5574881916262188,-0.32927187801198227,2.2236125901996724,0,False
2023-12-30,42140.28,10.648759331854377,-0.7640413193516441,-1.6763331566224957,-0.1807131133363218,-0.5507941848236091,-0.3254307381100277,2.2292662948671507,0,False
2023-12-31,42283.58,10.652154110004108,-0.7673009707400075,-1.6768240975311568,-0.17180974284452416,-0.5374017895375027,-0.31519662489761885,2.2349507853029893,0,False
2024-01-01,44179.55,10.696017291317888,-0.7690241929383964,-1.0220488763748103,-0.016748542421768337,-0.38820162510870704,-0.1590498471247085,2.241962527988767,0,False
2024-01-02,44946.91,10.713237294489025,-0.7701644451440998,-1.19495146024012,0.04564479478148151,-0.32672816865603765,-0.09332946265478186,2.2493406888794896,0,False
2024-01-03,42845.23,10.665349599276464,-0.7730455447685421,-0.918958524190896,-0.14930124693182822,-0.4981726145755382,-0.2838781879058739,2.2551968531425057,0,False
2024-01-04,44151.1,10.69537312078402,-0.774884676019484,-1.3761681943218353,-0.04423053307584361,-0.3777059016718375,-0.1754423713638711,2.2619652608020653,0,False
2024-01-05,44145.11,10.695237441121003,-0.7767597675016286,-1.6059547268180319,-0.03461714225219663,-0.361323946757937,-0.17693465481190157,2.268649145422239,0,False
2024-01-06,43968.32,10.691224653575915,-0.7788090628801829,-1.6272079987601262,-0.055483726289874045,-0.376042490618618,-0.1942751576257989,2.2751216584280214,0,False
2024-01-07,43929.02,10.690330428503374,-0.7809209718608131,-1.6394969911912474,-0.06406897765169514,-0.3809239057806278,-0.19971271549555566,2.281476912397321,0,False
2024-01-08,46951.04,10.756860635615782,-0.7806900418414878,-0.44121133435245685,0.18175233836369326,-0.1367483998753058,0.0439832193673825,2.2894281156180876,0,False
2024-01-09,46110.0,10.738785125200751,-0.7811390521231196,-1.4232189173120975,0.09844462486849903,-0.20813357683798017,-0.034683784880948,2.296988387994099,0,False
2024-01-10,46653.99,10.750513733164585,-0.7812034472430773,-1.4971378146598486,0.13950944855212435,-0.16251529495666053,0.008149122493307771,2.304738773023799,0,False
2024-01-11,46339.16,10.743742670933855,-0.7815439328614002,-1.532947907894855,0.10490473065573207,-0.18700957661063547,-0.023773089733945884,2.312289336167426,0,False
2024-01-12,42782.73,10.663889795467075,-0.7847671242062145,-0.10030079775394585,-0.22132147060815074,-0.467643281770432,-0.340764338684014,2.316985033324256,0,False
2024-01-13,42847.99,10.66541401510775,-0.7879643938007701,-0.8823240961273122,-0.22008340609123372,-0.4659922849852039,-0.3404527181765242,2.3216380935201664,0,False
2024-01-14,41732.35,10.63903188640211,-0.7921313260011761,-0.8388520769955963,-0.3125959619001161,-0.5569966743332384,-0.43232469505586735,2.324875581107665,0,False
2024-01-15,42511.1,10.657520497282459,-0.7956653209617486,-1.3423776329502,-0.25652805973098963,-0.49938372661893343,-0.3758772530531069,2.328933778582648,0,False
2024-01-16,43137.95,10.672158399110758,-0.798704972973176,-1.6716825629453416,-0.21147200059817786,-0.4544522102969197,-0.3306817375436905,2.3335743643266875,0,False
2024-01-17,42776.1,10.663734814385327,-0.8020739249121592,-1.6911876901701062,-0.2427260635292792,-0.48718268210616106,-0.3625220817014678,2.3376981006570587,0,False
2024-01-18,41327.5,10.629283416927167,-0.8067000466387944,-1.2618876505273682,-0.35789662849326875,-0.5990964944407958,-0.47845231959661905,2.3398668090474235,0,False
2024-01-19,41659.03,10.637273430818496,-0.8110668669159629,-1.6196123321765294,-0.3359270423211811,-0.5758505641072349,-0.45675940611328886,2.3423670379151957,0,False
2024-01-20,41696.04,10.638161439248748,-0.8154282386252132,-1.7048751376375846,-0.33562886701906974,-0.5763212168733272,-0.4568701497802108,2.3447953705387543,0,False
2024-01-21,41580.33,10.635382497888447,-0.8199149809157068,-1.7485895080599492,-0.3465891512047619,-0.5871758657418181,-0.4681554656320945,2.3469430518330134,0,False
2024-01-22,39568.02,10.585776495220026,-0.8261972946330786,-0.8728934124957273,-0.4979600105870944,-0.7347761403731192,-0.620074762146637,2.3458599263265754,0,False
2024-01-23,39897.6,10.594071450692908,-0.83220619980968,-1.5515714103047702,-0.47724819372174554,-0.7147949918369096,-0.5996498142653068,2.3452257684866233,0,False
2024-01-24,40084.88,10.598754484834053,-0.8380710759773046,-1.6452929204961682,-0.46621202710031945,-0.7044879098922547,-0.5889645797797048,2.344791755198819,0,False
2024-01-25,39961.09,10.59566150966775,-0.8440695822986091,-1.6752025249417326,-0.4766577690826523,-0.7145297926419556,-0.599886142416104,2.3440444590060623,0,False
2024-01-26,41823.51,10.641213900594034,-0.8484662443516081,-0.9761872015539561,-0.35262054666668646,-0.586655727830915,-0.475099644659615,2.3460255202508526,0,False
2024-01-27,42120.63,10.64829292340101,-0.8526365397823542,-1.3457700921554476,-0.33366669722490316,-0.5669410173155147,-0.45564127049930797,2.3482931103786555,0,False
2024-01-28,42031.06,10.646164147762036,-0.8569093478365338,-1.6388699928311363,-0.3425714487147053,-0.5754012263581965,-0.464426981636188,2.350316450384714,0,False
2024-01-29,43302.7,10.675970267704747,-0.8601453530897686,-1.3797462409560868,-0.2547994037541293,-0.486206383372366,-0.37606195401807724,2.353861691557172,0,False
2024-01-30,42941.1,10.667584688244855,-0.8637088405643841,-1.6661480124355965,-0.28428407195729943,-0.5157170866589764,-0.4061455631744821,2.356838625137553,0,False
2024-01-31,42580.0,10.65913993844747,-0.867601289749465,-1.86278096339093,-0.31324846455429506,-0.5450065793075559,-0.4357034892606366,2.3592213963453625,0,False
2024-02-01,43082.94,10.67088237406708,-0.871101998385666,-1.828346005102282,-0.2798685538195649,-0.5119207690983543,-0.40252071348518637,2.3621405458522644,0,False
2024-02-02,43200.0,10.673595774232203,-0.8745337780495733,-1.8766807345667809,-0.27410481710524826,-0.5073684421275296,-0.39829556493574503,2.36508685229854,0,False
2024-02-03,43011.09,10.669213268400156,-0.8781498651361304,-1.9089270010292843,-0.2904666930041961,-0.5229707640912299,-0.4151400162004879,2.367665544094184,0,False
2024-02-04,42582.88,10.65920757354861,-0.8821504782959815,-1.887639022962941,-0.32383843334523693,-0.5564790767992064,-0.44905159606762846,2.3695399729248074,0,False
2024-02-05,42708.7,10.6621579255357,-0.8860727475610701,-1.9384230728594514,-0.3174364026136747,-0.5503810067460717,-0.44300293745999875,2.371466638018402,0,False
2024-02-06,43098.95,10.671253913846126,-0.8896976143188147,-1.9109203192355615,-0.29250681440353365,-0.525806992329015,-0.4183171025450397,2.3738030321976877,0,False
2024-02-07,44349.6,10.699858968531325,-0.8923297859062895,-1.4093075360079776,-0.20748967734825566,-0.4412856898691898,-0.3331041248180079,2.377585584245771,0,False
2024-02-08,45288.65,10.720811728201381,-0.8942441047451459,-1.3995804150083284,-0.14312510283977392,-0.3774966153344398,-0.26871537136171947,2.3822861796279424,0,False
2024-02-09,47132.77,10.760723791795598,-0.8947656858070786,-1.0588987902294462,-0.013819688239250682,-0.24902846640832574,-0.1388028091379294,2.388555898838619,0,False
2024-02-10,47751.09,10.77375717287347,-0.8948559005782619,-1.128549683177366,0.028112072333147296,-0.20737143440072195,-0.0969836914114657,2.395192344042438,0,False
2024-02-11,48299.99,10.785186632601306,-0.8945727790484098,-1.18118027876652,0.06476377760780612,-0.17093586761442564,-0.06047831443110001,2.4021135025699363,0,False
2024-02-12,49917.27,10.818122314047894,-0.8931499377258267,-0.9857237958859646,0.1800598751029636,-0.05529706933492194,0.055326609317434654,2.4098185099241514,0,False
2024-02-13,49699.59,10.813751962553711,-0.8919201980720599,-1.1726544670633534,0.15767075955201335,-0.07842957381908414,0.032436890386735834,2.417370808297955,0,False
2024-02-14,51795.17,10.85505218065691,-0.8892542041658467,-0.9124519499777961,0.30764687058597634,0.07206624816797484,0.18319228810612,2.4255528822850243,0,False
2024-02-15,51880.0,10.85668863843038,-0.8865694424774063,-1.01639291441014,0.30746016079375793,0.07185067197847232,0.1826293492220278,2.4337311792439102,0,False
2024-02-16,52124.11,10.861382884614807,-0.8837568870247487,-1.0796292183895664,0.3194483618429201,0.08368585471605733,0.19431783314089676,2.441933631285511,0,False
2024-02-17,51642.64,10.852102966814176,-0.8813152062347696,-1.241473501799435,0.27565433382430143,0.038963962715691206,0.14992760341847816,2.450004285141222,0,False
2024-02-18,52137.67,10.861642999108852,-0.8785724363744785,-1.2464523445196445,0.30654096468361314,0.07085929177135224,0.18105527346004419,2.4581666521434595,0,False
2024-02-19,51774.73,10.854657471378145,-0.8761185705501211,-1.3654452208765897,0.27239018908920126,0.03699739109045602,0.14639229608735316,2.4662025596374444,0,False
2024-02-20,52258.82,10.863963959409046,-0.8733719773154183,-1.3610114426322735,0.30216313254383736,0.06793298076329582,0.1761288738570431,2.474337886728257,0,False
2024-02-21,51849.39,10.856098448882586,-0.8709456789739337,-1.4659515000121708,0.264878078714836,0.03122870178163311,0.1386382538965547,2.4823142791381216,0,False
2024-02-22,51288.42,10.845220274683633,-0.868946509634995,-1.5821531281229684,0.2168821319169552,-0.014608168789609913,0.08900371579835996,2.490014387182277,0,False
2024-02-23,50744.15,10.834551619323868,-0.8673661792967148,-1.6515227430951596,0.17101142928583274,-0.0618825439196062,0.042566230527088106,2.4973680620655507,0,False
2024-02-24,51568.22,10.850660870257723,-0.8652488457566252,-1.6218665523692548,0.22479377012063045,-0.008552442029927425,0.0962918855193341,2.505077288507853,0,False
2024-02-25,51728.85,10.853770931936612,-0.8630591543858971,-1.6213043708190895,0.23067116722504266,-0.003256628732814091,0.10184960185102913,2.5127992556201497,0,False
2024-02-26,54476.47,10.905524144304174,-0.8590623931879778,-0.8104451940405706,0.4172278285056425,0.1848559067333659,0.28949556207303373,2.5211830680646914,0,False
2024-02-27,57037.34,10.951461420059687,-0.8534694848861478,-0.5198561496324543,0.5920485685243243,0.3618986169725521,0.46578533492153756,2.5292290388788348,0,False
2024-02-28,62432.1,11.041834845164251,-0.8446988509043016,0.4094010541439279,0.9542674421106535,0.7317808543814993,0.8325029731476121,2.5334008380117106,2,True
2024-02-29,61130.98,11.020774054302743,-0.8367309603989928,-0.29568828953222015,0.84232804025032,0.6203116611622678,0.7194119881459629,2.5392174975958515,1,False
2024-03-01,62387.9,11.041126625298084,-0.8280873586409269,-0.33316538688160113,0.9213900308697428,0.699930317207595,0.7988600173487402,2.544063919968329,1,False
2024-03-02,61987.28,11.03468448168845,-0.8197249007876314,-0.6249418405840739,0.8789927634278063,0.6559818813634987,0.7557043454981415,2.549598903044391,1,False
2024-03-03,63113.97,11.052697418636862,-0.8107710466955934,-0.6206684126670556,0.9474523480600593,0.7253272347338436,0.8244430476037943,2.5542702512339277,1,False
2024-03-04,68245.71,11.130869853928756,-0.7990821854544894,-0.06107324402320424,1.281100297373713,1.0630894656159784,1.1617965385639761,2.551955879798387,1,False
2024-03-05,63724.01,11.06231669361952,-0.7898950998575509,-0.37982263446247955,0.9209076765489344,0.6996568494046147,0.7985552044737335,2.556700858147595,1,False
2024-03-06,66074.04,11.098531210422562,-0.7794696422503001,-0.6345176780458048,1.0685588541982456,0.8495885722850016,0.9472491477646762,2.5589632125742567,1,False
2024-03-07,66823.17,11.109805155671426,-0.7686975094930439,-0.6574344784146391,1.105989098973911,0.8871366919010915,0.9846691710704781,2.560662211115888,1,False
2024-03-08,68124.19,11.129087641986603,-0.7572940454663087,-0.6147985439287891,1.1801283304529935,0.9626971776487344,1.0591538787120975,2.5609656980599538,1,False
2024-03-09,68313.27,11.131859316584555,-0.745849086241787,-0.689884900404637,1.1772848486251002,0.958715521701182,1.0559451140534815,2.561565729785519,1,False
2024-03-10,68955.88,11.141222158773202,-0.7341278636669338,-0.7111156945901365,1.2053084282271858,0.9866322182588013,1.0838810251588058,2.56176834916697,1,False
2024-03-11,72078.1,11.185505532334355,-0.720886775330714,-0.496562424447585,1.3940442472090298,1.177580131861581,1.274086064051888,2.5572940235237107,1,False
2024-03-12,71452.01,11.176781314522861,-0.7080178482581077,-0.6343282718490153,1.3325577059436466,1.1169316356780508,1.2118440130905068,2.554840975460666,1,False
2024-03-13,73072.41,11.199206146313353,-0.6944106275941885,-0.5671470567129999,1.4219308997913347,1.2058512999843118,1.30029008717878,2.550293857177137,1,False
2024-03-14,71388.94,11.175898234368344,-0.6816957539612332,-0.7219457121504393,1.2884290092352242,1.070873635806951,1.1658713706702437,2.5494825703770676,1,False
2024-03-15,69499.85,11.149079873277174,-0.6699961433680363,-0.8646606913464261,1.1445847292044693,0.922050039169533,1.0209263606314876,2.551916932758948,1,False
2024-03-16,65300.63,11.086756962997462,-0.660573759584512,-0.5386718292348809,0.8438553616224498,0.6255326306433306,0.7199890612135651,2.5586657021882773,1,False
2024-03-17,68393.48,11.133032777429818,-0.6495567603380541,-0.9523173546680093,1.0225844538563464,0.8029143642069236,0.899021358902146,2.563062215443235,1,False
2024-03-18,67609.99,11.1215110321776,-0.6390064620286948,-1.0607142159639142,0.9591957924947155,0.7420722712640617,0.8355809637871792,2.568499553179712,1,False
2024-03-19,61937.4,11.033879476540264,-0.6316313923205183,0.11185084307241322,0.568320111082869,0.3584308083965474,0.4478855516548857,2.5767896476031984,1,False
2024-03-20,67840.51,11.124914788126206,-0.621064515032908,0.19731528358637673,0.8945579662889318,0.6810320508757345,0.7737809630258013,2.582467227459081,2,True
2024-03-21,65501.27,11.08982481074835,-0.6118022329274713,-1.2379303245166084,0.736627832428023,0.5276680777769331,0.617053719036365,2.5898925703108175,0,False
2024-03-22,63796.64,11.063455803369251,-0.6035313236578702,-1.1824650069744298,0.6222933895147228,0.4170534158982104,0.5041193907620648,2.5980297941841775,0,False
2024-03-23,63990.01,11.066482256407912,-0.5952034744332408,-1.3501792262330294,0.625040083090096,0.4196966465656472,0.5071229566087666,2.606183633014067,0,False
2024-03-24,67209.99,11.115577176176618,-0.5851792469557936,-0.8813958291506834,0.799808089783524,0.5913532072522705,0.680933679457925,2.613067245846562,0,False
2024-03-25,69880.01,11.154534907350444,-0.5738230294933049,-0.698474386067568,0.9424950908847906,0.7320862717637879,0.823006123967842,2.6180708863565534,1,False
2024-03-26,69988.0,11.15607907776451,-0.5624690940573682,-1.0557606829104311,0.9368455267961938,0.7278117100370466,0.8176360669809438,2.623262666594892,1,False
2024-03-27,69469.99,11.148650139739889,-0.5514367086862936,-1.1462123588648394,0.8944523607400144,0.6866749086390423,0.7759397560818568,2.629163998343816,1,False
2024-03-28,70780.6,11.167340230834421,-0.5397959300830977,-1.1024112935992731,0.9581944208732552,0.749728774570687,0.8394438630235345,2.6341816949438543,1,False
2024-03-29,69850.54,11.15411309550705,-0.5286835371119348,-1.1618602082402871,0.8918382927767488,0.6874204633107684,0.7741012509419132,2.6402618048089908,1,False
2024-03-30,69582.18,11.150263779057328,-0.5177647840811351,-1.190292779098404,0.8651811189288017,0.6613464471673224,0.74807887081906,2.6467566328128718,1,False
2024-03-31,71280.01,11.174371202436488,-0.5060449173593305,-1.129676353834746,0.949270406888541,0.7449615114976779,0.8316996293644915,2.652133240982851,1,False
2024-04-01,69649.8,11.15123510770347,-0.495205876768782,-1.2185380997280688,0.8434093652349567,0.6421698745498728,0.7274916605273859,2.6589795734733643,1,False
2024-04-02,65463.99,11.089255499451493,-0.48662697899712315,-0.5484082388383864,0.5875975439317319,0.38899067390600955,0.47544343913729076,2.667368117501008,0,False
2024-04-03,65963.28,11.096853502544521,-0.4778293671762447,-1.234236964712398,0.6068791867019526,0.4085438346823809,0.4948789837975604,2.67574646342092,0,False
2024-04-04,68487.79,11.13441076018704,-0.46774828272882374,-1.1772277278961885,0.7333475126607258,0.5358313703863,0.6202074284005678,2.683576148793068,0,False
2024-04-05,67820.62,11.124621557483906,-0.4580697906315095,-1.3141486351955682,0.6871478403142188,0.48872664516001935,0.57512951074912,2.6917196960733896,0,False
2024-04-06,68896.0,11.14035340016409,-0.44788574747453197,-1.2892855801548126,0.7360951118537022,0.5372428239171817,0.6238365106358879,2.6995970958136404,0,False
2024-04-07,69360.39,11.147071234275986,-0.4375176799995593,-1.2820007130218822,0.751822742366178,0.5533134183783269,0.6397947479617483,2.707397098485992,0,False
2024-04-08,71620.0,11.179129643552423,-0.42606527477913336,-1.225886754228479,0.8613591929534048,0.6635989589442308,0.7483674605081201,2.7141145259244355,1,False
2024-04-09,69146.0,11.143975490155883,-0.41591976243168066,-1.2385303300796962,0.7143686551473595,0.5196415177784753,0.6043971241578614,2.7222002109109567,0,False
2024-04-10,70631.08,11.165225553238916,-0.40507376617718377,-1.2647839134762835,0.7830701042164346,0.5859290417903932,0.6725333029507194,2.72980262360701,0,False
2024-04-11,70006.23,11.156339517071231,-0.39459972245192787,-1.2875754543486357,0.7400704306978768,0.5481006315669715,0.6307909833627381,2.7377847448251824,0,False
2024-04-12,67116.52,11.114185492359537,-0.3856789087701347,-1.0577542100939934,0.5743195782744018,0.39061060034561423,0.46874078344418424,2.7462705628135398,0,False
2024-04-13,63924.51,11.065458134897314,-0.3785415694187089,-0.643764359080842,0.3957997728902749,0.2154030660206486,0.2943634222194496,2.7538388043158677,0,False
2024-04-14,65661.84,11.0922732138125,-0.3705001453648821,-1.427585599024432,0.47649001301707583,0.29324433320855925,0.37419453372673583,2.7620285034615026,0,False
2024-04-15,63419.99,11.05753439041336,-0.3637432912057447,-1.1727320298892436,0.352789734359383,0.17383127901198328,0.2534572732676929,2.769117722604282,0,False
2024-04-16,63793.39,11.063404858949838,-0.35682575713275977,-1.4198968654067543,0.36556794460300585,0.18632726145342518,0.26648297664819925,2.776331218467101,0,False
2024-04-17,61277.37,11.02316588573891,-0.3513858514577555,-1.106914903796056,0.23047583053941711,0.049009471827375875,0.13469402821812607,2.7814699618277796,0,False
2024-04-18,63470.08,11.058323892737723,-0.34474234651888164,-1.237930427865424,0.3310022576791836,0.15096626537875468,0.233992325298937,2.7882719613359637,0,False
2024-04-19,63818.01,11.06379071789826,-0.33795230544276395,-1.5075154742078571,0.3424206540483651,0.16183956241895664,0.2456895824703311,2.7951951515492226,0,False
2024-04-20,64940.59,11.081228130925082,-0.3305908297501077,-1.4796826014804392,0.3913938161026359,0.21120171903450602,0.2942629568747042,2.802688538948742,0,False
2024-04-21,64941.15,11.081236754154183,-0.32327812017483104,-1.484535932939922,0.3852714914776493,0.2040623671813104,0.28876542001281563,2.810088285859971,0,False
2024-04-22,66819.32,11.10974753926513,-0.315001775345493,-1.408893967217339,0.4697140161257055,0.2900716664176308,0.37136108664079,2.818251423666374,0,False
2024-04-23,66414.0,11.10366315661368,-0.3069924183600864,-1.4525732570842096,0.4429843403240498,0.26172520530452065,0.3456658127539701,2.8261983498126795,0,False
2024-04-24,64289.59,11.071152999762775,-0.3001879651882678,-1.3054511658530608,0.3305208471013689,0.1457471301761096,0.23598422948959066,2.832827146731365,0,False
2024-04-25,64498.34,11.074394766018568,-0.29331637871318095,-1.516760389071333,0.3349065149962234,0.14994113960423522,0.2407538761336579,2.839485315290591,0,False
2024-04-26,63770.01,11.063038296122853,-0.28689618397177863,-1.5424502783297867,0.2939591510316545,0.10889693946259518,0.20104805746080673,2.8454358381179685,0,False
2024-04-27,63461.98,11.058196265406835,-0.2806951658120589,-1.5559631595749075,0.2738216795395355,0.08871954077119526,0.18172791264166444,2.850968855580475,0,False
2024-04-28,63118.62,11.052771092162883,-0.27473360059100455,-1.5704751717408407,0.25222125676954277,0.06710876280483717,0.1609592559352774,2.8560211647070597,0,False
2024-04-29,63866.0,11.064542417382945,-0.268400431349114,-1.5533489939009921,0.2821621590284818,0.09684216974325563,0.19079942127246285,2.8616301059806317,0,False
2024-04-30,60672.0,11.013237585614693,-0.26393593632047824,-0.8191415775751967,0.12192065164652173,-0.06185176059427627,0.034194276056909396,2.8634257415511177,0,False
2024-05-01,58364.97,10.974471160079949,-0.26089132353423583,-0.6550565374617638,0.009379006831982246,-0.17381678424337244,-0.07604270952392243,2.8614925310509287,0,False
2024-05-02,59060.61,10.986319483724088,-0.25746686712225925,-1.2200603499505194,0.03686007315693817,-0.1465700104206814,-0.048614175268346715,2.8605333670977924,0,False
2024-05-03,62882.01,11.049015392241053,-0.25185800493505633,-0.5250560665101986,0.199409536681369,0.01628528822550507,0.11217487316204092,2.864600588935008,0,False
2024-05-04,63892.04,11.06495006296612,-0.2457290987009683,-0.8640480120671974,0.24058510844937978,0.057239786529590865,0.15307026549406405,2.869566659201834,0,False
2024-05-05,64012.0,11.06682584476588,-0.2395802842125595,-1.1859410558058683,0.24108761157148545,0.05765502694171852,0.15397456012725208,2.8744931591453735,0,False
2024-05-06,63165.19,11.053508637254549,-0.23395096114626096,-1.578214182099549,0.19700981219978508,0.013680939097215948,0.11109410440639175,2.8783464392563367,0,False
2024-05-07,62312.08,11.039910586460817,-0.22885008690272554,-1.6345432309585142,0.15324105281652511,-0.030075976613840802,0.06848469194146048,2.8809909644358114,0,False
2024-05-08,61193.03,11.021788573125697,-0.22443723457503886,-1.6713072114626684,0.09789547030606814,-0.0854621032523496,0.014461239442302074,2.881925753990866,0,False
2024-05-09,63074.01,11.052064077785605,-0.21899308378361557,-1.361856533265406,0.17619115998619525,-0.007239823565997072,0.09193991160763175,2.8851708335502217,0,False
2024-05-10,60799.99,11.01534490348056,-0.21489772263155774,-1.1952084942197723,0.06765089793714445,-0.11297156567616315,-0.014282144139238381,2.8851110389058077,0,False
2024-05-11,60825.99,11.015772443721486,-0.21083000550820882,-1.6369319131565696,0.06484689315040308,-0.1158779282349047,-0.016682168303412744,2.88490385000091,0,False
2024-05-12,61483.99,11.026532094700869,-0.20642313830434672,-1.6792745136371752,0.08962177103210993,-0.09148261786779285,0.007083199057260011,2.885500588451386,0,False
2024-05-13,62940.08,11.049938441669385,-0.20122887648270202,-1.539161712770687,0.1487086746338143,-0.03290573708811483,0.0656202684691181,2.8879187013361993,0,False
2024-05-14,61577.49,11.028051660660772,-0.19685636742370274,-1.578399751268277,0.08347807706527961,-0.09760476001513042,0.00190356959233946,2.8882558598139094,0,False
2024-05-15,66206.5,11.100533924416219,-0.18995457603641955,-0.2701051912096122,0.27261005524635856,0.09090153601028801,0.18885207048483177,2.8939097112681003,0,False
2024-05-16,65235.21,11.085754632825502,-0.18362552247599062,-1.2452083249229589,0.22411524185854184,0.043006845255385326,0.1416556265797353,2.898473275978141,0,False
2024-05-17,67024.0,11.112806043186817,-0.1763834845302455,-1.1212411661844004,0.2964935787034096,0.1148612940576658,0.21325214738516887,2.9045452672043326,0,False
2024-05-18,66915.2,11.11118142509248,-0.16924796489729346,-1.3711555992688762,0.28641004168551204,0.10478299404146271,0.20376782597415516,2.9103839810146894,0,False
2024-05-19,66274.01,11.10155309328632,-0.1625027867989607,-1.5762035711083129,0.2529331737009824,0.07148127522800327,0.1713100352495465,2.9154844728435374,0,False
2024-05-20,71446.62,11.1767058764308,-0.1531386302100567,-0.20083001470863304,0.4620136396286602,0.27984136326925557,0.3777997382285087,2.9237359966860406,0,False
2024-05-21,70148.34,11.158367421672573,-0.14447828240091828,-1.2613699251804182,0.3980537891434138,0.2169719059540649,0.315522852765063,2.9314050514250107,0,False
2024-05-22,69166.62,11.144273655285758,-0.13636968066535712,-1.5151572808310567,0.34905069887962137,0.16831391358601397,0.26787410152907454,2.938403764841696,0,False
2024-05-23,67969.65,11.126816560996838,-0.12893103129358202,-1.5496408026496773,0.29122781694909644,0.11085709407201506,0.21153752794146333,2.9443693591580864,0,False
2024-05-24,68549.99,11.135318539111529,-0.12124001384281077,-1.5389254432861919,0.31072748344422874,0.13008794398382248,0.23110809380159061,2.950670019195341,0,False
2024-05-25,69290.57,11.146064100882873,-0.11321754705745254,-1.5243728004181136,0.33683319930608,0.15593325870995478,0.25717356099070365,2.9573982424659255,0,False
2024-05-26,68507.67,11.134700988784974,-0.10564859720484511,-1.5480379915065463,0.2976945445890202,0.11710650293696857,0.21915551056005012,2.963375233788384,0,False
2024-05-27,69436.43,11.148166936722303,-0.09765150270100674,-1.528834864650091,0.33151311681903195,0.15052920950355791,0.2527988793122383,2.969956247504754,0,False
2024-05-28,68398.39,11.133104565321922,-0.09023905475912052,-1.5587571486138498,0.28169626095999734,0.10307953215622076,0.20430635336833425,2.9755273567006895,0,False
2024-05-29,67652.42,11.122138405316843,-0.08326479366875399,-1.5814979336090051,0.24500647917993276,0.06692650309648976,0.16869695961348008,2.980201644296624,0,False
2024-05-30,68352.17,11.132428590002187,-0.07597393975109618,-1.5677372854972496,0.2691803097110834,0.09075724313038179,0.19285011942387725,2.9854144955284383,0,False
2024-05-31,67540.01,11.120475441999956,-0.06915601068813426,-1.5920426612771883,0.23002266226028717,0.05278372938389318,0.15480749598833862,2.989610383739688,0,False
2024-06-01,67766.85,11.123828416306203,-0.06226724751208157,-1.5901092204101623,0.23462959939888112,0.05835966345395418,0.1587266916908251,2.9938782333429304,0,False
2024-06-02,67765.63,11.12381041324155,-0.055427340005482315,-1.5939101533636204,0.22978014276751618,0.05324781281875064,0.15436964218589336,2.9979650772074256,0,False
2024-06-03,68809.9,11.13910290891833,-0.04809325874986038,-1.5717267761894331,0.26765496441205905,0.0909016293872532,0.19198107420428262,3.0029866259978406,0,False
2024-06-04,70537.84,11.163904582396915,-0.039928792868678654,-1.5015283233645293,0.3327867975085931,0.1556989909500656,0.2563839416924401,3.009398390553526,0,False
2024-06-05,71108.0,11.171955127042576,-0.03152958628985824,-1.5238064264107383,0.35081256805914063,0.17344922505143948,0.2745026345230511,3.0161080847832125,0,False
2024-06-06,70799.06,11.167601002757515,-0.023335944460219984,-1.5349976295972232,0.3325684066596291,0.15512721055817974,0.2570387426901547,3.022444181077839,0,False
2024-06-07,69355.6,11.147002172302642,-0.015923398290411814,-1.5736078283309711,0.26731059635335386,0.09057290728834774,0.19350799616618253,3.0273417038717274,0,False
2024-06-08,69310.46,11.146351111738946,-0.008583184791422843,-1.578409329637917,0.26052310514257876,0.08365659165972393,0.18727462164623548,3.0320194469568533,0,False
2024-06-09,69648.14,11.15121127389803,-0.001119786289801466,-1.5739347774309203,0.2692526073165743,0.09222591860347933,0.19625981406492946,3.0368741217824846,0,False
2024-06-10,69540.0,11.149657405561852,0.006239174065324276,-1.5802139352332578,0.25993102853339684,0.08276913039474791,0.18753747554694733,3.0414406018244375,0,False
2024-06-11,67314.24,11.117127083146823,0.012395855942709517,-1.300079208796264,0.16382950103517402,-0.012936467851043604,0.09377405222149776,3.0430706950814503,0,False
2024-06-12,68263.99,11.131137673726313,0.019002322995914752,-1.6186739013276328,0.19692039117784163,0.019898008530871696,0.12666510220817914,3.0457748913324294,0,False
2024-06-13,66773.01,11.109054235961642,0.02477833572801238,-1.571165725926781,0.13243241293486266,-0.04417193307490708,0.06380188052034506,3.046189586916134,0,False
2024-06-14,66043.99,11.098076314137503,0.030119124805943438,-1.680856345478651,0.09942705073617344,-0.0771312967104924,0.031770407548567234,3.0452536104076304,0,False
2024-06-15,66228.25,11.100862388058815,0.03551336014241803,-1.6796345415019167,0.10264221835749185,-0.07406767118684912,0.03529138000409129,3.0444126349605725,0,False
2024-06-16,66676.87,11.107613395151107,0.0411014620425756,-1.6718473629051798,0.11608614707171865,-0.06080754896475095,0.04886244149661807,3.044081958828662,0,False
2024-06-17,66504.33,11.105022337306155,0.04655196273873223,-1.6795247016648385,0.10529992028051453,-0.07143053616878002,0.03863237579368836,3.043272906598629,0,False
2024-06-18,65175.32,11.084836148647723,0.051241549239756226,-1.6199609212190795,0.05178834079707465,-0.12239722171424303,-0.016050671377057287,3.0399999211735746,0,False
2024-06-19,64974.37,11.081748163425747,0.05577761171500314,-1.724667941171616,0.04181648104616955,-0.13248157135705776,-0.026910616573858296,3.036174410150982,0,False
2024-06-20,64869.99,11.080140392052627,0.06021289374854011,-1.7305673900061922,0.035467388033383444,-0.14025704129022448,-0.0340370060940718,3.0319742305745963,0,False
2024-06-21,64143.56,11.068878975292785,0.06420547773156449,-1.7510513501175642,0.0062884843768628304,-0.17210524726194834,-0.06559927779561288,3.0262169984252547,0,False
2024-06-22,64262.01,11.070723911359003,0.06822064355133792,-1.7501353359556764,0.008218540310899957,-0.17143748281173402,-0.0642338732241364,3.0205311558086496,0,False
2024-06-23,63210.01,11.054217953669148,0.07160805248005933,-1.7152341839021064,-0.03256276940512973,-0.21286973258228628,-0.1065885155881097,3.0125814441689425,0,False
2024-06-24,60293.3,11.006976265430868,0.07327971169702625,-0.915538077811096,-0.14169298368466798,-0.3197997914043432,-0.21851249855887975,2.9979524605440138,0,False
2024-06-25,61806.01,11.031755887908325,0.07579090601290285,-1.4999230591284267,-0.09108799583321035,-0.2685632119429947,-0.16732255441028518,2.986870677777539,0,False
2024-06-26,60864.99,11.016413411545647,0.07771834716453832,-1.7399131464869049,-0.12655709416588004,-0.30543828363750003,-0.20402689261626794,2.980455796412962,0,False
2024-06-27,61706.47,11.030144066632449,0.08009331855452152,-1.7791131558854958,-0.09914087678102661,-0.2779541110362067,-0.17653969106154568,2.984361814356151,0,False
2024-06-28,60427.84,11.009205204880935,0.0816864826395006,-1.5996080998974007,-0.1464303677519034,-0.3264314208862634,-0.22523358854895717,2.987112544847318,0,False
2024-06-29,60986.68,11.018410758655552,0.08356742709554403,-1.7875276042922759,-0.12890362193115693,-0.309304531240602,-0.20783709871299608,2.9902683577458116,0,False
2024-06-30,62772.01,11.047264552465297,0.08643185828125177,-1.3933327670503224,-0.06950794043540551,-0.24836457409516455,-0.1476808370936039,2.9947418018203367,0,False
2024-07-01,62899.99,11.049301283706008,0.08932773084999215,-1.7317247720876408,-0.06708137950247467,-0.24706496577478818,-0.14569554878479693,2.9992272547531913,0,False
2024-07-02,62135.47,11.037072280386267,0.0917494937505602,-1.7763638229910395,-0.09607654213717147,-0.2785317390075372,-0.1757654928224047,3.0030610102455926,0,False
2024-07-03,60208.58,11.005570146058146,0.09301509475827181,-1.3239998503407484,-0.16593739229334917,-0.3504680705684797,-0.24741411291959636,3.0051465293616575,0,False
2024-07-04,57050.01,10.951683530575044,0.09233346823064284,-0.7278655938529501,-0.2778038258694153,-0.466149075580593,-0.3613942407303742,3.0036864750338097,0,False
2024-07-05,56628.79,10.944272792112846,0.09135491485464563,-0.991254896018499,-0.2931486216878834,-0.4816981816438241,-0.3773471191331973,3.0016259857081455,0,False
2024-07-06,58230.13,10.972158197354863,0.09133063290819841,-1.418163646202351,-0.2425288290688643,-0.4307378197870024,-0.32629722658824284,3.0014455989505153,0,False
2024-07-07,55857.81,10.930564633574878,0.08979703154266494,-1.0610139499181879,-0.3241083134899621,-0.5122269465637197,-0.4093026309556206,2.9982197656944853,0,False
2024-07-08,56714.62,10.945787304803192,0.08877000804724934,-1.5389101087527037,-0.29784906746271356,-0.4861612060868323,-0.3830335234327318,2.996084097151519,0,False
2024-07-09,58050.0,10.969059987126037,0.08853389708485492,-1.5381986430355274,-0.2560848159583582,-0.4440796317243034,-0.3410181902973736,2.995515272210827,0,False
2024-07-10,57725.85,10.963460359103458,0.08806423890861512,-1.825568944095687,-0.2682443645087116,-0.45777928838603327,-0.3536889696150349,2.9944968290062843,0,False
2024-07-11,57339.89,10.956751821053937,0.08732215869553404,-1.8296058028263298,-0.28234751542212255,-0.47239995312290817,-0.3693337207868152,2.992946344396768,0,False
2024-07-12,57889.1,10.966284390225649,0.08688362118247674,-1.8242658990793073,-0.2659034829825398,-0.45577760748610996,-0.3529996358202433,2.9919911251525586,0,False
2024-07-13,59204.02,10.988744723972035,0.0872061589385296,-1.5589594044027617,-0.2247184150567809,-0.4150716412184386,-0.3115552629157239,2.9924308712366483,0,False
2024-07-14,60797.91,11.015310692363425,0.08843388695465007,-1.3964241513532158,-0.17420071904900075,-0.36352744058572056,-0.26058724379574255,2.994367063122832,0,False
2024-07-15,64724.14,11.077889517548074,0.09184123036632505,-0.5129743439108807,-0.04868784438988629,-0.23544380550250762,-0.13311577964786328,2.9992459646026575,0,False
2024-07-16,65043.99,11.082819089203518,0.09538154968832147,-0.9270325471838985,-0.03994626036180696,-0.22705013528290546,-0.12462500708535507,3.0042502557552573,0,False
2024-07-17,64087.99,11.06801226185949,0.0983552944376871,-1.3051531931066533,-0.07488541097695083,-0.26252635884443254,-0.16053652022823434,3.008560349154031,0,False
2024-07-18,63987.92,11.066449594526286,0.10123276441825808,-1.4613000870251611,-0.08029984374667447,-0.2691104900170469,-0.16640833002037467,3.012724635361645,0,False
2024-07-19,66660.0,11.10736035186173,0.10551902778963125,-1.0774153732027507,0.005843000463186645,-0.180765108439373,-0.07906511617573998,3.018446280897787,0,False
2024-07-20,67139.96,11.114534674763815,0.1100161792830916,-1.2167296063536914,0.01978070622619858,-0.1668416726947701,-0.06525205982468123,3.024348246427208,0,False
2024-07-21,68165.34,11.129691503504805,0.11500664481385177,-1.1855646087101621,0.052010132573506174,-0.13439429769964578,-0.03282337706082803,3.030671646141458,0,False
2024-07-22,67532.01,11.120356986675022,0.11962179160176203,-1.355447360460331,0.027919414049149507,-0.16024692785358208,-0.05781564568740973,3.036638219749515,0,False
2024-07-23,65936.01,11.096440005240805,0.12334568431923369,-1.5203619292452406,-0.029094801755697453,-0.21838411973057462,-0.11622233378272898,3.041665602360083,0,False
2024-07-24,65376.0,11.087910497617349,0.12672511228138042,-1.7015967495740585,-0.05004185905897348,-0.23963265337836667,-0.13793701695204488,3.0462693133229037,0,False
2024-07-25,65799.95,11.0943743574347,0.13029188059189015,-1.7284746218705613,-0.037976174720316516,-0.2282520138158532,-0.12608750998289497,3.051068903316582,0,False
2024-07-26,67907.99,11.125908979672458,0.13493382268109674,-1.321124008709881,0.029092840082171556,-0.1600895474905791,-0.05827865327285683,3.0569779008467277,0,False
2024-07-27,67896.5,11.125739765826474,0.13952580389451855,-1.6116055865744705,0.02639088097261927,-0.16343591726918558,-0.06144861570078411,3.062816677159328,0,False
2024-07-28,68249.88,11.130930954803903,0.1442578086852322,-1.6224340202510483,0.035881835752467964,-0.15482510152029474,-0.05221282940439093,3.0687662025117617,0,False
2024-07-29,66784.69,11.109229141639558,0.14817690134877107,-1.5776449370762062,-0.0159571749897988,-0.20724672085711346,-0.10522082933479057,3.073858676758987,0,False
2024-07-30,66188.0,11.100254456611735,0.1517354266717094,-1.7337303688273629,-0.03792750160454172,-0.23026626528375338,-0.127846773719311,3.078511710466422,0,False
2024-07-31,64628.0,11.07640303239672,0.1544070582144331,-1.5212798080135883,-0.09192340957430173,-0.28472762964201903,-0.18377857754315322,3.082002087155506,0,False
2024-08-01,65354.02,11.087574232080065,0.1574340156306825,-1.7560161871816,-0.07024509080836125,-0.26291567794643755,-0.16217072891389545,3.0859449483292494,0,False
2024-08-02,61498.33,11.026765298954375,0.158265922798899,-0.5553940469615746,-0.20116520964568568,-0.3953832015071495,-0.29434285812421696,3.086502828101756,0,False
2024-08-03,60697.99,11.013665862825514,0.15859670765756498,-0.9344949352903873,-0.22811219129252702,-0.42443071047270964,-0.32168608837592727,3.086145931856011,0,False
2024-08-04,58161.0,10.970970306007317,0.15737889104305777,-0.6273747636067346,-0.3102418347885394,-0.5073229684316671,-0.4043775074981703,3.082678868423587,0,False
2024-08-05,54018.81,10.897087598225774,0.15351048690044808,0.04166792007500186,-0.4402801973272624,-0.6314302942583053,-0.5345390466064308,3.072845330092012,1,False
2024-08-06,56022.01,10.933499928213267,0.15090311641093587,-0.6916288675029592,-0.38447683405954847,-0.5771178645850232,-0.4787365311025281,3.06633750476388,0,False
2024-08-07,55134.16,10.917524766745261,0.14769885440099462,-0.7141122991326085,-0.41178448927871486,-0.6028221684111953,-0.506232613562132,3.058447763148431,0,False
2024-08-08,61685.99,11.029812117659421,0.14844210881510234,0.7850542548973944,-0.23076606091516372,-0.42570329616148495,-0.32401191107708205,3.0589389387626102,1,False
2024-08-09,60837.99,11.015969708352134,0.14865810029596435,-0.4840732109063932,-0.2584605910332482,-0.4516415091493416,-0.3520132104159124,3.0584904550555447,0,False
2024-08-10,60923.51,11.017374421895619,0.14888784833827484,-0.8824607790431491,-0.2572208527611169,-0.4504296586759161,-0.3509501828873048,3.05806411213949,0,False
2024-08-11,58712.59,10.980409463227412,0.1477721954416179,-1.1799002645562218,-0.3268440996748273,-0.5174546518915037,-0.4208890739983185,3.055031981314941,0,False
2024-08-12,59346.64,10.991150785124352,0.14700337153509493,-1.6303362030074053,-0.30925608011690225,-0.5001019574094839,-0.40341758536974603,3.0527249541921533,0,False
2024-08-13,60587.15,11.01183810336781,0.14693307283787346,-1.5228584208418514,-0.27371562324098336,-0.46564571192637677,-0.36790638158216427,3.0517709070641215,0,False
2024-08-14,58683.39,10.979912001549385,0.14569639331102355,-1.3111087815292044,-0.3331184885645701,-0.5226252176602223,-0.42758296576810184,3.048539203705077,0,False
2024-08-15,57541.06,10.960254058903184,0.14372995196226745,-1.3481027852907177,-0.36824618026362366,-0.5558947124776992,-0.46289170892897763,3.043783415348378,0,False
2024-08-16,58874.6,10.983165037240438,0.14254291118342433,-1.5463496924077111,-0.3308609320707458,-0.5192773055085932,-0.42558134212933346,3.040717982210793,0,False
2024-08-17,59491.99,10.993596960622646,0.14169186630580816,-1.6847656003109863,-0.31392426868050427,-0.5026835848297814,-0.4087620131561397,3.0383473609196483,0,False
2024-08-18,58427.35,10.975539381105644,0.14016707146501323,-1.6729584081145852,-0.346855892322933,-0.5348253963999654,-0.4418659360619056,3.0346336628023627,0,False
2024-08-19,59438.5,10.99269744354159,0.13921712019441074,-1.696390696695001,-0.3186506626692632,-0.5074469790294225,-0.4137578198094322,3.0321128139460174,0,False
2024-08-20,59013.8,10.985526593842998,0.137979223869607,-1.8280066052264208,-0.33241088218447945,-0.5214648398193157,-0.4285523771401833,3.0290395705720683,0,False
2024-08-21,61156.03,11.021183746229145,0.13797094146198605,-1.21277735872594,-0.27169711943444447,-0.4603843414549028,-0.3678195141320475,3.028312726803631,0,False
2024-08-22,60375.84,11.008344303901566,0.13747226686150307,-1.8091138460346277,-0.2963980195286472,-0.4858684519852838,-0.3926876703776629,3.0266965899195606,0,False
2024-08-23,64037.24,11.067220068118193,0.1390243529122545,-0.6060485150588579,-0.19211747221130443,-0.38334626076915435,-0.2880758635603466,3.0285078120749156,0,False
2024-08-24,64157.01,11.069088639210088,0.1406042809372865,-1.1779000335360006,-0.19004578751912185,-0.3806913829790901,-0.2861403148028091,3.030345020100769,0,False
2024-08-25,64220.0,11.070069967643505,0.14218057311771723,-1.4554356449584118,-0.18969925029559093,-0.3796708895260942,-0.2859354546915254,3.032161733212103,0,False
2024-08-26,62834.0,11.048251607225382,0.14294563852879302,-1.574243169029467,-0.23348773328983025,-0.4238992228960131,-0.32994714555070487,3.032707098768508,0,False
2024-08-27,59415.0,10.992301998724127,0.14169193739152938,-0.682086312354637,-0.33892414030337864,-0.5281474579087133,-0.43530120174008013,3.030004935047354,0,False
2024-08-28,59034.9,10.985884073429384,0.1401774893698947,-1.1162759694396067,-0.35106348536067095,-0.5398863525841994,-0.4474817832829271,3.0281125783712195,0,False
2024-08-29,59359.01,10.99135919980461,0.13882401895465457,-1.4174428793302585,-0.3429488643206899,-0.5317835855295684,-0.4394652587744781,3.026922096305032,0,False
2024-08-30,59123.99,10.987392043195896,0.13729678696960612,-1.5247020149720893,-0.35085959592444144,-0.5387469553465616,-0.4474303995985088,3.0254496896002707,0,False
2024-08-31,58973.99,10.984851778228421,0.13564664047658062,-1.6179860841008105,-0.35629087556640476,-0.5434850136446381,-0.4529236350226474,3.0237796776552854,0,False
2024-09-01,57301.86,10.956088362908977,0.13294493793877893,-1.3921675135717764,-0.40542336649550753,-0.5923967931617744,-0.5018880278274855,3.0202669107421225,0,False
2024-09-02,59132.13,10.987529710489781,0.13132604910072135,-1.3220478517292804,-0.35603290554264716,-0.5432116856767768,-0.45270866469377435,3.0186801166658572,0,False
2024-09-03,57487.73,10.95932681270993,0.1286754076813857,-1.4067217864025272,-0.4042273762053983,-0.5921084859533179,-0.5007265718016685,3.015305490542125,0,False
2024-09-04,57970.9,10.967696439484955,0.12629026253871906,-1.7799449300678574,-0.3918805329813871,-0.5803534348955168,-0.4884973201329427,3.0124354407817067,0,False
2024-09-05,56180.0,10.936316100658235,0.12276216049569545,-1.3233678698317402,-0.44331609709720576,-0.6294935152042666,-0.5397054438019734,3.007467444782502,0,False
2024-09-06,53962.97,10.896053349577945,0.11777848452336095,-0.9746842872322061,-0.5050670553037119,-0.6872617445930854,-0.6010793751069053,2.9995722211897062,0,False
2024-09-07,54160.86,10.89971378633749,0.11289760569520677,-1.3596215857866207,-0.5007505357685783,-0.6831600502471515,-0.5968675903201849,2.9919946669927384,0,False
2024-09-08,54869.95,10.912721118807845,0.10845041470616587,-1.5894119767431074,-0.48308639760222327,-0.6665125158768418,-0.5793779385518892,2.985408922464348,0,False
2024-09-09,57042.0,10.951543117587086,0.10535050663920686,-1.1282382006848806,-0.42706082735216905,-0.6126936762011642,-0.5244684617012636,2.9814904358365073,0,False
2024-09-10,57635.99,10.961902477950138,0.10258736387888193,-1.3899265966130114,-0.4119000966748655,-0.5974575141849032,-0.5094352007443022,2.9782094598363624,0,False
2024-09-11,57338.0,10.956718859163896,0.09960986440763872,-1.7000985646594442,-0.4211106804665921,-0.6057514842375435,-0.5186631384194818,2.9745766612120588,0,False
2024-09-12,58132.32,10.970477070444321,0.09708930470694682,-1.662795367227709,-0.4005210800936636,-0.5853019263491044,-0.49821568536983685,2.9717727087596857,0,False
2024-09-13,60498.0,11.01036558562127,0.09595042314831204,-1.0997687903296005,-0.3373098002094891,-0.5236334937253866,-0.43520118242872124,2.9712016343894,0,False
2024-09-14,59993.03,11.001983667789702,0.09448107449495764,-1.5456504940838007,-0.35276000763110027,-0.5379145101978223,-0.4506480683329458,2.9701307462990543,0,False
2024-09-15,59132.0,10.98752751202098,0.09246668492076714,-1.7659087597276315,-0.3781132252169016,-0.5617205169664314,-0.475951896757221,2.96820495140392,0,False
2024-09-16,58213.99,10.971880982840238,0.08986604081954559,-1.7346467158654693,-0.40472737614074067,-0.5867349290225778,-0.5025027239717922,2.965320944112045,0,False
2024-09-17,60313.99,11.007319362439398,0.08848958911355292,-1.2158539000983817,-0.34904761777785426,-0.5325170822265298,-0.44701000314300426,2.964425452238107,0,False
2024-09-18,61759.99,11.031011022781547,0.08791913265678418,-1.2046017732593433,-0.3101823183042836,-0.49432853485113637,-0.4082760462623225,2.9647571435051496,0,False
2024-09-19,62947.99,11.05006410885946,0.08798897256865733,-1.2036846396041765,-0.278108619849655,-0.4626387932471438,-0.3763047076324534,2.9659378521049113,0,False
2024-09-20,63201.05,11.05407619392099,0.0881652439604589,-1.3689546215162007,-0.2722332418096136,-0.4562947401250056,-0.3704841993955296,2.9672462463927953,0,False
2024-09-21,63348.96,11.05641376888209,0.08838845041651164,-1.500313287994722,-0.2693585622394048,-0.45285006924022375,-0.3676576010782487,2.9686053174989433,0,False
2024-09-22,63578.76,11.060034731286247,0.0887039672876605,-1.5840723592533168,-0.2641670964176,-0.44716147402618395,-0.36251768055452116,2.9700713117754507,0,False
2024-09-23,63339.99,11.0562721622145,0.08885011090725078,-1.6882722194769462,-0.2723293206021978,-0.4543892487984465,-0.370704500415517,2.9713147373970217,0,False
2024-09-24,64262.7,11.070734648593891,0.08947270139872975,-1.6378592939828776,-0.24763863116804335,-0.42981705303024426,-0.34608838128842256,2.973139059784071,0,False
2024-09-25,63152.01,11.053299956250727,0.08944112351847087,-1.6871491840076829,-0.2809132046279352,-0.46130293096752284,-0.37932196599915635,2.974135427305357,0,False
2024-09-26,65173.99,11.08481574194208,0.09049031908205588,-1.3175096067362295,-0.22591159403562946,-0.40738687795886774,-0.32439474215748415,2.9764408349068723,0,False
2024-09-27,65769.95,11.093918326070082,0.09182454198507208,-1.5466417559249135,-0.21040226071605228,-0.3916889363129766,-0.3089360067847053,2.979053253946501,0,False
2024-09-28,65858.0,11.095256188023157,0.09316827255274833,-1.6443958496672921,-0.20937814109560632,-0.3899462452564743,-0.3079469953918936,2.9816635752819614,0,False
2024-09-29,65602.01,11.09136161470668,0.09433616503290049,-1.7001562835680022,-0.21820665765155606,-0.3977236235821975,-0.3175545419443284,2.98406597992859,0,False
2024-09-30,63327.59,11.056076374151926,0.09421669925990424,-1.2180182620854632,-0.2853423567636338,-0.46323837970466614,-0.3845115324138726,2.9848871954606535,0,False
2024-10-01,60805.78,11.015440129225267,0.09262258372945342,-0.8907323920696968,-0.35803114092001204,-0.5346160843168082,-0.45683171415743207,2.983610594992013,0,False
2024-10-02,60649.28,11.01286304290849,0.09090438621067426,-1.1966511066497671,-0.3634231800037706,-0.5404994648975191,-0.4621983301877138,2.9821523925194082,0,False
2024-10-03,60752.71,11.014566969261338,0.08921395089100162,-1.4378517135993507,-0.36174294416375774,-0.5384311098876176,-0.46052284334372173,2.9807465884002546,0,False
2024-10-04,62086.0,11.036275799671376,0.0882597833661904,-1.5743164288281393,-0.32702113846692527,-0.5044049762631558,-0.4259632363215133,2.9804350106200443,0,False
2024-10-05,62058.0,11.035824710605858,0.08725573098732206,-1.8114538961412188,-0.32898983873860216,-0.50609915956451,-0.42790973024293005,2.9800535832884774,0,False
2024-10-06,62819.91,11.048027340426854,0.08665006168025007,-1.8046653499953944,-0.3094449196905749,-0.4866956099903325,-0.4084469361685301,2.9802289689398784,0,False
2024-10-07,62224.0,11.038496056395529,0.0856722955722918,-1.8102660312460994,-0.327119679127332,-0.503301490411396,-0.4259873188899598,2.9798852478918083,0,False
2024-10-08,62160.49,11.037474867893343,0.08462449356472337,-1.8109902227501256,-0.33005373895126444,-0.505472368103024,-0.428879047663828,2.979443602277002,0,False
2024-10-09,60636.02,11.012644384916914,0.08266347693343605,-1.491736860721164,-0.3730892122053724,-0.5460826783335578,-0.47158226655640606,2.977647687686297,0,False
2024-10-10,60326.39,11.007524932084383,0.08048896442489205,-1.7436180330593114,-0.38248604449760826,-0.5551991130050011,-0.4808809063295677,2.975531880617821,0,False
2024-10-11,62540.0,11.043561631011832,0.07955903072498122,-1.1968246214482534,-0.3253653559121769,-0.4990054348649763,-0.424044835517648,2.975276830852337,0,False
2024-10-12,63206.22,11.054157993013762,0.07897046324728357,-1.4331434835824088,-0.30854754006899215,-0.4820690945947102,-0.4072901983257558,2.9754897621291687,0,False
2024-10-13,62870.02,11.048824699493805,0.07815846350562072,-1.7597263738785371,-0.3189765465180367,-0.4919569208989461,-0.41761608158008157,2.975397478238315,0,False
2024-10-14,66083.99,11.09868178772791,0.07907819769007998,-0.8329860418842585,-0.23465890261755853,-0.40936790124921496,-0.3335629266721601,2.977468884141347,0,False
2024-10-15,67074.14,11.113553853743124,0.08048754812437652,-1.0962370841103235,-0.2087848410391092,-0.38383718578890197,-0.307746185988777,2.98006565947936,0,False
2024-10-16,67620.01,11.121659224147107,0.08214599758806362,-1.280403442114244,-0.1951197207858779,-0.37005389894183655,-0.2940848774910717,2.9829107739457954,0,False
2024-10-17,67421.78,11.118723390100762,0.08366205002546798,-1.452092511710133,-0.20219260641143513,-0.37608090907279995,-0.3010766831531116,2.9855965788352923,0,False
2024-10-18,68428.0,11.133537376572182,0.08566461975677644,-1.4114475707722594,-0.17588555727026328,-0.35030725243167077,-0.274810096384888,2.98876374418106,0,False
2024-10-19,68378.0,11.13280641444733,0.0876022873556843,-1.5074259121412246,-0.17886848532659344,-0.35244889527699846,-0.27841837335814407,2.9918548768342696,0,False
2024-10-20,69031.99,11.142325299327778,0.08983819187580541,-1.5045186406030873,-0.1622919177066703,-0.33603484126241395,-0.2618444926061482,2.995223181876685,0,False
2024-10-21,67377.5,11.118066413274288,0.09117548678338366,-1.5057400491636845,-0.21057197596838528,-0.38553121043793503,-0.30978877559973833,2.9976683587835975,0,False
2024-10-22,67426.0,11.118785979191978,0.09250040361674837,-1.7679151946298521,-0.2107225050013732,-0.3864581834469881,-0.3098712688363384,3.0000894044541617,0,False
2024-10-23,66668.65,11.107490106419542,0.09338740954677331,-1.7745222197275878,-0.23316020267777063,-0.40779375331489764,-0.3320918053651046,3.0020131613538745,0,False
2024-10-24,68198.28,11.130174623572177,0.0950407483411354,-1.5469207384262136,-0.19314854240245022,-0.3683741964390099,-0.2922051209700078,3.004761630805192,0,False
2024-10-25,66698.33,11.107935194109013,0.09586802401031365,-1.558577551037779,-0.23638508019732815,-0.41129015833558563,-0.3350581277461519,3.006595487708268,0,False
2024-10-26,67092.76,11.113831418479576,0.09686713904156138,-1.7715724867575748,-0.22708758327526762,-0.4024858962275193,-0.32572846166255875,3.0086162977348927,0,False
2024-10-27,68021.7,11.127582050898097,0.09831597395327422,-1.7639249577064875,-0.20335516642179913,-0.3787609545409067,-0.3020412565023716,3.011120687143166,0,False
2024-10-28,69962.21,11.155710518113304,0.10072296443530039,-1.4030313958781284,-0.15240987705135167,-0.32685924432161745,-0.2512531991814553,3.014570596719793,0,False
2024-10-29,72736.42,11.194597500942681,0.10446747013610434,-1.0511293767563643,-0.0788777792455461,-0.2535522970851146,-0.1779008280164155,3.0191288720626286,0,False
2024-10-30,72344.74,11.189198027274337,0.10797869725377543,-1.448947506662383,-0.09169187103052755,-0.26591107710805884,-0.19054014726931565,3.023497966582851,0,False
2024-10-31,70292.01,11.160413415578427,0.11042886647548922,-1.3855342473986236,-0.15124036174601888,-0.3262755281064696,-0.24956511188224054,3.0269469118967933,0,False
2024-11-01,69496.01,11.14902461983292,0.11243590593198315,-1.551290648085053,-0.17482666545645634,-0.34875158649098204,-0.2728468742977209,3.029956640295144,0,False
2024-11-02,69374.74,11.147278103293965,0.11434206289334035,-1.748577474529917,-0.17971561529654329,-0.3536070019259231,-0.27756020402660125,3.0328536710014466,0,False
2024-11-03,68775.99,11.138609980454712,0.1159023862219263,-1.7594105365725652,-0.19761739233160627,-0.37246708881165935,-0.29517968737643374,3.035380884054075,0,False
2024-11-04,67850.01,11.125054812646939,0.11694440172306818,-1.73472047766536,-0.22430795799626027,-0.399753684244872,-0.32151716404081665,3.0373280659909137,0,False
2024-11-05,69372.01,11.147238751020843,0.11873467227348228,-1.5591473775969096,-0.18529982034791317,-0.36109255757495834,-0.28264292755140935,3.040076583931031,0,False
2024-11-06,75571.99,11.23284099086906,0.12351779982027256,0.11321813716103923,-0.026238085039809424,-0.20066236875477717,-0.12405291843819087,3.045265543199412,1,False
2024-11-07,75857.89,11.236617000461125,0.1283907666867895,-0.6333096377282958,-0.020417542784279433,-0.1942996766647753,-0.11809643428023787,3.05049907379267,0,False
2024-11-08,76509.78,11.245173854780644,0.13352270997185303,-0.8618840409671755,-0.004612885399035592,-0.1781248801162169,-0.10290345343665654,3.0558736858227973,0,False
2024-11-09,76677.46,11.247363071936977,0.13868767319870987,-1.0482735864537607,-0.0021171174160127455,-0.17571565393735003,-0.10024236878143253,3.061257956999113,0,False
2024-11-10,80370.01,11.294396375631292,0.14547354840544957,-0.7037939580842352,0.09468276015697033,-0.0791500316492044,-0.0036449048015270713,3.067359683387613,0,False
2024-11-11,88647.99,11.392428637810452,0.15568318082289584,0.43948401601128895,0.30762008015667835,0.13385676857956186,0.20953598920252647,3.0737641836014182,1,False
2024-11-12,87952.01,11.384546603798816,0.1655598229419326,-0.16553935958788069,0.2849170622148917,0.11301360033677961,0.18702373999246535,3.080218390392902,0,False
2024-11-13,90375.2,11.41172517246,0.17634541006399373,-0.08747244773713314,0.34729251011171897,0.1748224341878587,0.24954964883242087,3.08652827207713,0,False
2024-11-14,87325.59,11.377398826022091,0.18586078251726298,-0.523057567495719,0.25825652086051154,0.08686420560255226,0.16089554455753824,3.0930187432487504,0,False
2024-11-15,91032.07,11.418967140996914,0.1967950018148774,-0.30865341663819024,0.35388778625591116,0.18377690536360206,0.25665150331441833,3.0993122536556763,0,False
2024-11-16,90586.92,11.414065110747668,0.20750037227102008,-0.4614337818855847,0.33812455064066893,0.16779661736224238,0.2410863832199893,3.1056668780067356,0,False
2024-11-17,89855.99,11.405963556656248,0.21786412093013627,-0.6216374061079932,0.31464727389526115,0.1433821828822663,0.21788367451606927,3.1120909491212947,0,False
2024-11-18,90464.08,11.412708144822604,0.22841232170454576,-0.6622824358563348,0.32767622145721886,0.1568770015870166,0.23110222764523755,3.118492223326606,0,False
2024-11-19,92310.79,11.432916315066956,0.23962100923584498,-0.6059072240121544,0.3735529643354793,0.203103151018234,0.2770858772063395,3.124756586353846,0,False
2024-11-20,94286.56,11.454093934604037,0.2515231143773363,-0.5444388105840394,0.4224825793721949,0.25225710586970224,0.32615776306490074,3.1308149806641867,0,False
2024-11-21,98317.12,11.49595345170349,0.2648488628471382,-0.35257365222244674,0.5240373273989575,0.3549073847604491,0.42792980687004545,3.1362314867671826,0,False
2024-11-22,98892.0,11.501783624551384,0.2783206444652906,-0.39322362549096823,0.5349452354625021,0.365811154726545,0.43904769472380795,3.1415893892702336,0,False
2024-11-23,97672.4,11.48937430067981,0.2912930094877455,-0.5403600365868533,0.49772640662801837,0.3286158427352317,0.40209890490257455,3.147240638301273,0,False
2024-11-24,97900.04,11.491702237098702,0.3042882281469765,-0.5914003326878232,0.49951591821680674,0.3308110877891843,0.4041342503972118,3.1529013587021497,0,False
2024-11-25,93010.01,11.440462400751828,0.3154120691897953,-0.7920937958211072,0.36168039154792336,0.1894662518128755,0.267276734951624,3.159251526920397,0,False
2024-11-26,91965.16,11.429165088655697,0.3260807281540296,-1.061376619656324,0.3303647259575841,0.15792374842641516,0.23637113743370874,3.165694836372767,0,False
2024-11-27,95863.11,11.47067651533361,0.3381621240248007,-0.8785405151870536,0.4268007903225849,0.2554829244084479,0.3327778108965705,3.1717918310275217,0,False
2024-11-28,95643.98,11.468388035093692,0.35010496219451276,-0.9382299482815994,0.4171784492568307,0.24433383725548596,0.32275560494330546,3.1779495849908876,0,False
2024-11-29,97460.0,11.487197316397497,0.36265525347739486,-0.8833195163118039,0.4602327467652007,0.28848006452995145,0.3659490315656938,3.1838970054316937,0,False
2024-11-30,96407.99,11.47634436098139,0.3747633631136071,-0.9833715911162364,0.4286385187258546,0.2575804582431101,0.3347761708013986,3.1900263678469454,0,False
2024-12-01,97185.18,11.484373509688128,0.3870974871028067,-0.9829689992351698,0.44484741130984845,0.2742634741844583,0.3512070640080031,3.196089120439241,0,False
2024-12-02,95840.62,11.470441882443543,0.3988811693046963,-1.0916342463084427,0.40582090007474414,0.23439062830317078,0.3126492213444226,3.2023456691027836,0,False
2024-12-03,95849.69,11.470536514248424,0.41061112211912143,-1.12707316627757,0.4023157634185322,0.23077327285204113,0.30945780730931266,3.208628385544411,0,False
2024-12-04,98587.32,11.498697931915306,0.4232789575015444,-1.025531690430227,0.46778539020823473,0.2972138073348518,0.37496413546433666,3.214605411573752,0,False
2024-12-05,96945.63,11.481905584874085,0.43529477964535174,-1.1401053631260976,0.4212428161123191,0.24982435433100927,0.3289722465735639,3.220828793635838,0,False
2024-12-06,99740.84,11.510330500961581,0.4482569853165835,-1.039401718196018,0.4875953266193616,0.3171652534816314,0.3953610726899328,3.2267133991506567,0,False
2024-12-07,99831.99,11.511243952019402,0.46119197474978374,-1.067769313942031,0.48579651132874707,0.31542501368563797,0.3938823480667838,3.232627099531264,0,False
2024-12-08,101109.59,11.523960257087609,0.47451655451219205,-1.041379786390232,0.5138494157352684,0.3439912824316803,0.4221285580074888,3.238380660051686,0,False
2024-12-09,97276.47,11.485312409535025,0.48641643705350196,-1.122642833991624,0.41038390196752345,0.23939776253875908,0.3197289787186059,3.24468502409791,0,False
2024-12-10,96593.0,11.478261553806867,0.498010091584277,-1.3035294539704951,0.3893550510086902,0.21931744499884273,0.29918800677145785,3.2510739667008326,0,False
2024-12-11,101125.0,11.524112654360794,0.5111654753795962,-0.9320264183836033,0.4963461330416759,0.3268134936950705,0.40596381127006764,3.2569564216884577,0,False
2024-12-12,100004.29,11.51296836405005,0.523867658939505,-1.2054296712456394,0.4639936100708508,0.29520843602152247,0.37419052765676836,3.2630404636234056,0,False
2024-12-13,101424.25,11.527067493420736,0.5370084340812813,-1.1714337679296047,0.4951223160487676,0.3268274542197008,0.4054889798171643,3.268963033153813,0,False
2024-12-14,101420.0,11.52702558934901,0.5500878750003587,-1.1971199041513023,0.4909034749857384,0.32347207805708017,0.40165706774882837,3.274928337415342,0,False
2024-12-15,104463.99,11.556597697699653,0.5641508884630227,-1.0996967912349893,0.5607846160893941,0.3934447976490199,0.4715186081106113,3.2804310867660313,0,False
2024-12-16,106058.66,11.571747616253397,0.5786865265371247,-1.0630813574726694,0.5952606785991656,0.4283056939125935,0.5061710936254484,3.2856785826243255,0,False
2024-12-17,106133.74,11.572455275935207,0.5931843288051346,-1.0852985101766344,0.5924953130668812,0.4268027142907825,0.503801532494616,3.2909755911526855,0,False
2024-12-18,100204.01,11.514963486792205,0.6055920244035949,-0.6230893908589703,0.4376202128939893,0.26995406348650475,0.349909867539638,3.2972414455162644,0,False
2024-12-19,97461.86,11.487216400968105,0.6169629903612052,-0.7052636134532542,0.36573862290247805,0.20003001662625994,0.27906789493920114,3.3037429135328913,0,False
2024-12-20,97805.44,11.490735478197848,0.6284017275150284,-1.138070397347604,0.37061343547829645,0.2056374483254931,0.2842924606027143,3.3102413227947065,0,False
2024-12-21,97291.99,11.485471942072138,0.6395984749189257,-1.2950467485217394,0.3546188624468112,0.19017871842897388,0.2688748428312414,3.3167763773502927,0,False
2024-12-22,95186.27,11.463590987689289,0.6499679695955917,-1.2025378536864804,0.29955411804368703,0.13804409748831972,0.21489241457285102,3.323350634947234,0,False
2024-12-23,94881.47,11.460383707366171,0.6601700667176192,-1.3162951711151356,0.28901282774710274,0.12880517334165806,0.20489232426110662,3.3299210749808075,0,False
2024-12-24,98663.58,11.499471160364957,0.6716957165838378,-1.109433647915799,0.374785038829048,0.21279361645610828,0.2902151429355822,3.3364324411430077,0,False
2024-12-25,99429.6,11.507205135035322,0.6834372990808945,-1.4235874608874022,0.389589275234641,0.22777119066512813,0.3053016970545194,3.342916492983551,0,False
2024-12-26,95791.6,11.469930277442367,0.6938084073484356,-1.1572640747456355,0.2970558521871386,0.13844953397360515,0.2143693983590567,3.349499211226448,0,False
2024-12-27,94299.03,11.454226182248389,0.7035718425813545,-1.30808253075921,0.25799514072242596,0.10008645576881685,0.17628786101860924,3.3560321718044426,0,False
2024-12-28,95300.0,11.464785089642293,0.7136540716635871,-1.58191753184925,0.2786596762438833,0.1207510942610806,0.19712530166953454,3.3626001996029076,0,False
2024-12-29,93738.2,11.448261069244117,0.7231003804843691,-1.5927157397296376,0.23819866466536177,0.07999206407219449,0.15775734976970418,3.369081544939512,0,False
2024-12-30,92792.05,11.438116247001123,0.7321367259640275,-1.5994314491862667,0.21280298488856939,0.055877015469009264,0.13324439367282823,3.3754714697223887,0,False
2024-12-31,93576.0,11.446529219330543,0.7414175616237461,-1.5943922878675516,0.2284021319830167,0.07192658116185334,0.14907012743757775,3.3819165009693424,0,False
2025-01-01,94591.79,11.457325964804461,0.7510263648528234,-1.5878567693694148,0.24930299993366328,0.09319580857085791,0.17012131728231872,3.388423875771233,0,False
2025-01-02,96984.79,11.482309441066757,0.7614621160181267,-1.4821635618957454,0.3017382931077916,0.14488734525791747,0.22225708851941017,3.3950224954521513,0,False
2025-01-03,98174.18,11.494498526979447,0.7722726065475587,-1.5650674282635848,0.32626405366433364,0.16932354506294767,0.24690919242242393,3.4016317165856824,0,False
2025-01-04,98220.5,11.494970230193188,0.7830444813247143,-1.5650397720449385,0.32410533503789735,0.16826505811816883,0.24528474043006676,3.4082438756478375,0,False
2025-01-05,98363.61,11.496426197567976,0.793812466375364,-1.5643898373661531,0.3242117181409977,0.16955624954067747,0.2458880256406997,3.414858781710159,0,False
2025-01-06,102235.6,11.535035232691547,0.8058845524922866,-1.1202540968939914,0.4088984978283613,0.2529658163264918,0.32987510361942346,3.421362287679811,0,False
2025-01-07,96954.61,11.48199820982397,0.8160319401345397,-0.7376568950851567,0.27915872383154156,0.12778042661839473,0.2021921272949113,3.427942482195079,0,False
2025-01-08,95060.61,11.4622699671472,0.8254309620583616,-0.9354264457031243,0.23193747380825805,0.082105819516246,0.15631946886038048,3.434393966806756,0,False
2025-01-09,92552.49,11.43553122201574,0.8338363401717659,-0.8626838871341351,0.17056511390767146,0.020130273690487394,0.09656881795827212,3.4405355808666673,0,False
2025-01-10,94726.11,11.458744953949578,0.8430080073705641,-1.4343316822025458,0.21706028907447802,0.06694138184667817,0.1427757282964762,3.446925443637779,0,False
2025-01-11,94599.99,11.457412649331719,0.8520806686977437,-1.5704099569121035,0.2113893981135822,0.0615642058519475,0.13773745553839292,3.4532845706613595,0,False
2025-01-12,94545.06,11.456831825233554,0.861080954319777,-1.5927645654580331,0.20737573205522739,0.058179024509678386,0.13432991363147131,3.4596189418451617,0,False
2025-01-13,94536.1,11.456737051116379,0.8700261011950697,-1.5930904350059625,0.20442984378149964,0.05609663204278612,0.13196737004721698,3.4659327246383986,0,False
2025-01-14,96560.86,11.477928762111205,0.8796651690541025,-1.5800851812630103,0.24712342334925982,0.09821345983047243,0.17443821906921414,3.4724271438642313,0,False
2025-01-15,100497.35,11.517886637974417,0.8906570350552376,-1.083595575454543,0.33134650820410316,0.18271357076517103,0.25777293735081974,3.479068202373808,0,False
2025-01-16,99987.3,11.512798456905045,0.9014143123500346,-1.5274452393767752,0.3165519752191798,0.1679863111525463,0.24381231218318108,3.485705945040485,0,False
2025-01-17,104077.48,11.552890900748764,0.9135267253298767,-1.079855199974926,0.4033367709334304,0.2559616136290951,0.32971440561425697,3.4922670584630024,0,False
2025-01-18,104556.23,11.557480291794977,0.9257427541329727,-1.294972565453276,0.4105218465754931,0.26324871666983257,0.3373406768379704,3.49881766155052,0,False
2025-01-19,101331.57,11.526153290253054,0.9367990752980713,-1.3124780064464443,0.33339872348047617,0.18598805533711202,0.2622526096702651,3.5054699679026506,0,False
2025-01-20,102260.01,11.535273966423933,0.9481203926811802,-1.5465785303823683,0.3507966553571325,0.20370382038120868,0.279904409785745,3.5121228802428774,0,False
2025-01-21,106143.82,11.572550245935874,0.960696131543621,-1.154244714121284,0.43201099160772755,0.28474914216007885,0.36031477186099925,3.5186241748520195,0,False
2025-01-22,103706.66,11.54932161587764,0.9723964937766298,-1.5274526411263147,0.37355855002687355,0.22778112303760398,0.3035334256530829,3.5252647414636584,0,False
2025-01-23,103910.34,11.5512836909037,0.9841088358927185,-1.5377772348221184,0.3746739627795754,0.22976204681591494,0.3051975926017012,3.5319091542554224,0,False
2025-01-24,104870.5,11.560481534624847,0.9960874570443691,-1.532270213303547,0.3923610004037776,0.24772649295343147,0.32314163425499454,3.5385326895479525,0,False
2025-01-25,104746.85,11.55930176573318,1.0079670680052282,-1.5332834478057662,0.38617910456291954,0.24267129821914935,0.31764016645083054,3.5451723490820743,0,False
2025-01-26,102620.0,11.538788124495955,1.0190684443896991,-1.5465852852531945,0.3354749277026501,0.1946205418842539,0.2684260668255453,3.551842471095365,0,False
2025-01-27,102082.83,11.533539821548564,1.0299295754787263,-1.5501665690061077,0.32045860243870283,0.18099508679483794,0.2535756054749112,3.5585024284231737,0,False
2025-01-28,101335.52,11.526192270434795,1.0404771843821106,-1.5550761125769874,0.30090721465360065,0.16305570513652073,0.23491928657383365,3.5651326508512544,0,False
2025-01-29,103733.24,11.549577882874928,1.0517916093464181,-1.5225722989543728,0.349391881789917,0.21093034121626228,0.2831157523946676,3.571814143522289,0,False
2025-01-30,104722.94,11.559073475056,1.0633833509301946,-1.5350577462348578,0.3675274372965509,0.2293879662606553,0.30148711405215106,3.5784947542567194,0,False
2025-01-31,102429.56,11.536930621804835,1.0741405369383499,-1.5493934785733634,0.3138133717858206,0.1784576078533711,0.24930494606163975,3.5851499533750815,0,False
2025-02-01,100635.65,11.519261847629682,1.0842219938842281,-1.5513816443138273,0.27149730171321185,0.13850238477574336,0.2082837269857988,3.591698291649845,0,False
2025-02-02,97700.59,11.489662876907214,1.0932100859515916,-1.3204390913268487,0.20416171889282353,0.07443991243263429,0.14268418449201586,3.5979121043571687,0,False
2025-02-03,101328.52,11.526123190592088,1.1034266907432408,-1.1742121080356518,0.2778259972315634,0.14644899221572832,0.21564141782249732,3.604485861357509,0,False
2025-02-04,97763.13,11.490302791077825,1.1123313707978395,-1.191230320863112,0.19682987831118515,0.0692537807492446,0.13662425045714563,3.610655726619301,0,False
2025-02-05,96612.43,11.47846268687094,1.120768637666256,-1.4034214382152037,0.1694261577118929,0.04361443548465252,0.11018591882533575,3.6166085553508287,0,False
2025-02-06,96554.35,11.477861341217714,1.1291339551489004,-1.5891310260480842,0.16563660983338369,0.04070589108467952,0.10694211022074825,3.622519187310046,0,False
2025-02-07,96506.8,11.477368751165686,1.137431272204066,-1.5897020536063904,0.16208931510051294,0.03801094325533112,0.10393369028616135,3.628388417034086,0,False
2025-02-08,96444.74,11.476725480817702,1.1456554224229258,-1.590367600367684,0.1582506471223343,0.03501587021517703,0.10063619254801758,3.6342123364197443,0,False
2025-02-09,96462.75,11.476912202443206,1.1538356737265956,-1.5905107881973581,0.15612637395315865,0.03365097343337713,0.0990213763411423,3.6400056863867776,0,False
2025-02-10,97430.82,11.48689786668285,1.1623160566839632,-1.5845165903450649,0.17397624788887736,0.05148406586419528,0.11704573864899641,3.6459493209626848,0,False
2025-02-11,95778.2,11.469790380652562,1.170145062326058,-1.5956050840250542,0.13621991029497885,0.015853786633105847,0.08041481551303524,3.6515248922434482,0,False
2025-02-12,97869.99,11.491395244243504,1.1786825914657286,-1.5688767513188284,0.17726238518816093,0.055943359097081195,0.1212507978424457,3.6574849717063085,0,False
2025-02-13,96608.14,11.478418281660865,1.1867136646076317,-1.5908559740699326,0.14799531918316475,0.028448321112384576,0.09295724222745026,3.6631653342950687,0,False
2025-02-14,97500.48,11.487612580050744,1.195017281205243,-1.5853577770735754,0.16413385184760035,0.04452298048885346,0.1092927963115911,3.668991587044231,0,False
2025-02-15,97569.66,11.488321863418257,1.203295179707001,-1.5851720240613956,0.16306517273200455,0.04405421967357308,0.10870952194582068,3.6747970858358214,0,False
2025-02-16,96118.12,11.4733331307744,1.2109965772958684,-1.594904953385189,0.13000422821367272,0.01290379940354636,0.07611674540544501,3.6802513295964276,0,False
2025-02-17,95780.0,11.4698091738966,1.2185248058510836,-1.5973805653950415,0.12055921383582287,0.004580856828372202,0.06728792534801449,3.6855828648263103,0,False
2025-02-18,95671.74,11.46867823602642,1.225964140156055,-1.5983494578860913,0.11596772056859635,0.0008864389239678341,0.06320729142494973,3.6908449732186095,0,False
2025-02-19,96644.37,11.478793231517137,1.2337092883084613,-1.592278450691497,0.13368603294785203,0.018596325769705484,0.08106575701221672,3.696303685085822,0,False
2025-02-20,98305.0,11.495830169541591,1.2420025177955853,-1.5819072739371922,0.16533027708065967,0.04970491039282202,0.11264572661550766,3.7020849563571026,0,False
2025-02-21,96181.98,11.473997301020257,1.2494792569940607,-1.5619458091260348,0.11851458596484397,0.005481843187522759,0.06699639594003619,3.7073462615379644,0,False
2025-02-22,96551.01,11.477826748703032,1.2570411963163044,-1.59385046021406,0.12378462894783171,0.011227455116466804,0.07259401816061331,3.7126579444834507,0,False
2025-02-23,96258.0,11.47478736557913,1.2644472416165633,-1.596018428250983,0.11543602581851946,0.003891335202017963,0.06478284677328058,3.717852059759323,0,False
2025-02-24,91552.88,11.424672007827409,1.2700464988563678,-0.8066712765396102,0.014271026871609045,-0.09246471508411655,-0.03434773236271744,3.7214729734960437,0,False
2025-02-25,88680.4,11.392794174319985,1.2744818446718227,-0.7525841806196816,-0.046942512803083224,-0.15061539290779802,-0.09423889749808304,3.7237875442413397,0,False
2025-02-26,84250.09,11.341544916463295,1.2770758841612482,-0.3334186093105185,-0.14009031445086176,-0.23944545739488998,-0.18558991197939834,3.7235852933669418,0,False
2025-02-27,84708.58,11.346972174211077,1.2798195199524056,-0.7402267548560157,-0.13255994780467578,-0.23166312349951113,-0.17784150258787323,3.7236104393327953,0,False
2025-02-28,84349.94,11.342729376651988,1.28237335020358,-0.9146184494543286,-0.1412677782997935,-0.23949341770478724,-0.18609465239878253,3.723352624281308,0,False
2025-03-01,86064.53,11.362852642701908,1.285592253551345,-1.3076085781132354,-0.10916782145832307,-0.2080661463631138,-0.1541241284790257,3.724068314852537,0,False
2025-03-02,94270.0,11.453918284390197,1.2919631535348417,0.28546029993798383,0.04468451137900154,-0.059030709458568836,-0.001919298762856753,3.728387524718322,1,False
2025-03-03,86220.61,11.36466452320071,1.2951567449997072,0.2350899767319259,-0.1252105942213564,-0.22155813696449222,-0.16880595742992088,3.7290491916964634,1,False
2025-03-04,87281.98,11.37689930585917,1.2987376460728788,-0.8483169066844685,-0.1061360294878264,-0.2026259203348968,-0.1496598513612021,3.7302422386285916,0,False
2025-03-05,90606.01,11.414275825371805,1.3035868959139516,-1.1479954837628343,-0.04376541025790296,-0.14190515391235187,-0.08777686363312828,3.733003230648251,0,False
2025-03-06,89931.89,11.406807885033768,1.3081297043811784,-1.64698425118129,-0.05891464995455053,-0.15590973135531494,-0.10236257175416996,3.7353999736788968,0,False
2025-03-07,86801.75,11.371382061735527,1.3113861875643589,-1.1998342250537757,-0.12277625649493051,-0.2186779861670037,-0.16533444269651837,3.7361274024455984,0,False
2025-03-08,86222.45,11.364685863578224,1.314365985700802,-1.5060839644444919,-0.1352695235366829,-0.23063877796543544,-0.17819114010618248,3.7364608692789743,0,False
2025-03-09,80734.37,11.29891966197816,1.3149981856330104,-0.39090569668180897,-0.2446000109858687,-0.33718580879827115,-0.28707795651662366,3.7329705806401488,0,False
2025-03-10,78595.86,11.272074305274367,1.3146514793869757,-0.5541400426184386,-0.2861465289615219,-0.37799356124149597,-0.32843780801059613,3.727660887354353,0,False
2025-03-11,82932.99,11.3257882112991,1.31615238619511,-0.7124630242866732,-0.20852813882404986,-0.30203128545136304,-0.2509242145198586,3.7257467541710767,0,False
2025-03-12,83680.12,11.334756713332139,1.3179288225946808,-1.1185916883127076,-0.19566049768915514,-0.2895951512298531,-0.23802847938709132,3.724298819075272,0,False
2025-03-13,81115.78,11.303632795775583,1.3185744545722273,-1.314643837751786,-0.2457106463504979,-0.33914001115306447,-0.2878699670818481,3.720942486079446,0,False
2025-03-14,83983.2,11.338372057822783,1.3204006871398628,-1.2181939786241602,-0.19416892381877862,-0.2886613879048986,-0.23638052631889994,3.7196073641083625,0,False
2025-03-15,84338.44,11.34259303056795,1.322335433267984,-1.565763601728166,-0.18867552334044232,-0.2836530672800723,-0.2308395158481098,3.718455055850027,0,False
2025-03-16,82574.53,11.321456558447455,1.323489344865048,-1.580838082666927,-0.22323905133898395,-0.31837572319469115,-0.2652483241411901,3.716040163915531,0,False
2025-03-17,84010.03,11.338691475459175,1.3252092073016402,-1.6848664345379651,-0.1978044472179784,-0.29375085028889236,-0.23981280322766757,3.7145742024750983,0,False
2025-03-18,82715.03,11.323156605732219,1.3263450159042585,-1.6982924024542776,-0.2233097205338129,-0.3197723151976598,-0.26519167331824584,3.7121640786996486,0,False
2025-03-19,86845.94,11.371891023311164,1.3291513223099025,-0.8443050733429429,-0.14932906486302955,-0.24671910198037222,-0.1912781102665874,3.712358483878264,0,False
2025-03-20,84223.39,11.341227952627522,1.3308413287298853,-1.3264820446037924,-0.200429016483091,-0.2982130539586458,-0.24217902686926515,3.7108785621547993,0,False
2025-03-21,84088.79,11.339628543378666,1.3324359761494977,-1.6902690742840287,-0.20408090146871125,-0.3021108074699517,-0.24576300460030398,3.7092594419021743,0,False
2025-03-22,83840.59,11.336672536743848,1.3338878529612372,-1.692052326348454,-0.2098302593507072,-0.3080473729117774,-0.25144005744323755,3.707424804179168,0,False
2025-03-23,86082.5,11.363061417724808,1.33622613775031,-1.440226746257695,-0.1699565281886075,-0.26949184452193786,-0.21158315259955635,3.7069731666690244,0,False
2025-03-24,87498.16,11.379373043553175,1.3390960220039334,-1.4944472927976622,-0.1450359869443955,-0.2455094072040571,-0.1866476112372126,3.7072872016760057,0,False
2025-03-25,87392.87,11.378168979368516,1.3418824657343642,-1.6695236796939215,-0.14827016648021946,-0.2489642503703456,-0.18981001693401844,3.7074860946401578,0,False
2025-03-26,86909.17,11.372618829276595,1.344433220865622,-1.6727592551135615,-0.15855386771928778,-0.259280943816743,-0.20000724958091676,3.7073530679466646,0,False
2025-03-27,87232.01,11.376326629693029,1.3470732835309307,-1.6708263596619712,-0.15381334124961987,-0.25495777895447436,-0.1952129372007586,3.707350896132865,0,False
2025-03-28,84424.38,11.343611501430534,1.3485254422993762,-1.2706962867821714,-0.20783710004600423,-0.30782113496370855,-0.24954507382414023,3.705651423306453,0,False
2025-03-29,82648.54,11.32235243824136,1.3491933228522095,-1.2808746091986483,-0.2418302825278762,-0.3406285313237928,-0.28338779828459476,3.702684320928708,0,False
2025-03-30,82389.99,11.319219227935676,1.3497137290905468,-1.5060117473433285,-0.24760449266053614,-0.34598404180941184,-0.2890915048968839,3.6994919409753555,0,False
2025-03-31,82550.01,11.321159570486971,1.3502647878916267,-1.7024787255417413,-0.24575268223518518,-0.343914868892832,-0.2871886200871412,3.6963795378077378,0,False
2025-04-01,85158.34,11.352267626097843,1.35186911512663,-1.3131884507603786,-0.20009552960857818,-0.2991335514136691,-0.2415636383842368,3.6949948689437537,0,False
2025-04-02,82516.29,11.320751007376645,1.3523292821435318,-1.3022229475403582,-0.25014667869054175,-0.3475748144684482,-0.29141923171353734,3.6917721357840723,0,False
2025-04-03,83213.09,11.329159946164731,1.3530469944451564,-1.698882613425357,-0.23864514372301157,-0.33610097845184045,-0.2798882635104944,3.6890092951269047,0,False
2025-04-04,83889.87,11.33726014619079,1.3540110082661927,-1.6945134923532421,-0.22750922747332028,-0.3249770947743349,-0.26872042413196584,3.6866723370444188,0,False
2025-04-05,83537.99,11.33305677743133,1.354789546049101,-1.6969908850063384,-0.23498517118733853,-0.3319867404068515,-0.27612174468623685,3.68405432327958,0,False
2025-04-06,78430.0,11.269961786206713,1.3533181126398366,-0.4577179084996268,-0.3304745509569568,-0.42463844416414326,-0.37125259274868727,3.6774191131519856,0,False
2025-04-07,79163.24,11.279267328641408,1.352138776336048,-1.2835307334729262,-0.31852499734546713,-0.41276020157939186,-0.35928501775398597,3.6714165730164288,0,False
2025-04-08,76322.42,11.242722014214849,1.3496434919568274,-0.992408221570152,-0.37015042374293056,-0.4627968165555203,-0.4107082251477168,3.6628591503168244,0,False
2025-04-09,82615.22,11.321949204036216,1.3498934738868413,-0.02732222489705327,-0.26531740251899855,-0.3601845545343522,-0.3059705009317253,3.659535717919497,0,False
2025-04-10,79607.3,11.284861076170216,1.3488061749199998,-1.1535345861096151,-0.32058409676952443,-0.4137865322291512,-0.36103529933448997,3.6538857804829203,0,False
2025-04-11,83423.84,11.331689398818078,1.3493259348113906,-0.8933425625171254,-0.2558875131776624,-0.3503612507071535,-0.29639254325940717,3.651075925081033,0,False
2025-04-12,85276.9,11.353658887894685,1.3505785872779872,-0.9642037675749779,-0.2243045889908889,-0.31925510903453513,-0.264809426913689,3.6494333050146186,0,False
2025-04-13,83760.0,11.335710845544419,1.351163408437054,-1.3802694218656897,-0.252688634221346,-0.3466663487720648,-0.29307326865386507,3.6467698273395803,0,False
2025-04-14,84591.58,11.345590013454395,1.3520571174995561,-1.4054467397225254,-0.23905075128196837,-0.3330829184290707,-0.27940582032661654,3.6446142859879225,0,False
2025-04-15,83643.99,11.334324856852382,1.352517885008172,-1.6327184081462236,-0.2570315743115986,-0.3503555298287211,-0.29729265868165256,3.6417962029427926,0,False
2025-04-16,84030.38,11.338933679106493,1.353102958078175,-1.6747438406588417,-0.25125478352588837,-0.3444487175226608,-0.29147270358262883,3.639200146047816,0,False
2025-04-17,84947.91,11.349793524089952,1.3540312976134616,-1.6524911961493962,-0.2361577337792814,-0.3294363465435339,-0.27680163501961685,3.6371587755581,0,False
2025-04-18,84474.69,11.344207241850986,1.354725744455855,-1.696298833664224,-0.24563801851897765,-0.33840275548174825,-0.28620315607610786,3.6347754365425766,0,False
2025-04-19,85077.01,11.351312125302178,1.355631629006905,-1.6924904225269048,-0.23609461236415036,-0.32879896979725065,-0.27662134728160714,3.6327370439040654,0,False
2025-04-20,85179.24,11.352513021155175,1.3565416155400407,-1.691952632751891,-0.2353688801193076,-0.32780172003045105,-0.27583890119731336,3.6307225655858106,0,False
2025-04-21,87516.23,11.379579540859643,1.3583625393966319,-1.420338297777568,-0.19566178282931557,-0.2887153172130477,-0.23613817439231805,3.6300426483673243,0,False
2025-04-22,93442.99,11.445106796693928,1.3624413339338182,-0.39160324570797145,-0.09476220708000585,-0.1896850387884692,-0.1352713375997132,3.632132736803076,0,False
2025-04-23,93691.08,11.447758266256315,1.3665698980757965,-0.9156818817159382,-0.09171385179913008,-0.18636364733536231,-0.1321546229690132,3.6342710575454125,0,False
2025-04-24,93980.47,11.450842273708357,1.3707633103882557,-1.1308427789436015,-0.08793973311106575,-0.18233185232288177,-0.12831305720487962,3.636473029380608,0,False
2025-04-25,94638.68,11.457821550964129,1.3751580184838854,-1.2311908408067864,-0.07761510898742778,-0.17189669771198288,-0.11793026946953264,3.6388788072956295,0,False
2025-04-26,94628.0,11.457708694332299,1.3795050541233236,-1.3783802211939709,-0.07923796000856213,-0.17313318176404713,-0.11947610188286595,3.6412352566978017,0,False
2025-04-27,93749.3,11.448379477138115,1.3834814064208527,-1.4833022314053135,-0.09641413232691042,-0.18956309982001743,-0.13654953866723085,3.643221643515401,0,False
2025-04-28,95011.18,11.46174984786896,1.3878834386626537,-1.4443523190032463,-0.07545457218726721,-0.16876831859216948,-0.11558200382314647,3.6456482181158303,0,False
2025-04-29,94256.82,11.45377846343505,1.3919623054222394,-1.5311791850623055,-0.09018283767736966,-0.18298570987802568,-0.1303954140932818,3.6477342667645924,0,False
2025-04-30,94172.0,11.452878176464841,1.3959664175346844,-1.5728718957879018,-0.09294933462440598,-0.18547871905802416,-0.133222883213431,3.6497362236494464,0,False
2025-05-01,96489.91,11.477193722274851,1.4007797983813741,-1.4712900945024063,-0.053762069893954934,-0.14680099482497444,-0.09399275780359514,3.65255441692601,0,False
2025-05-02,96887.14,11.48130207493327,1.405692768108895,-1.4838134562830094,-0.04810284360264603,-0.1410192560808855,-0.08837475916586722,3.6554614568156736,0,False
2025-05-03,95856.42,11.470606725886466,1.410186261199805,-1.5746164361762949,-0.06776531087484161,-0.16006677584831583,-0.1081330567892381,3.657953735421604,0,False
2025-05-04,94277.62,11.453999112777254,1.414053753847162,-1.638911189139019,-0.09709873153658348,-0.1885973707865385,-0.13758018527502852,3.6597853482492146,0,False
2025-05-05,94733.68,11.458824865365125,1.4180475370988452,-1.6363682195465972,-0.09036616384149118,-0.18177349394387604,-0.13088690570980016,3.661749794294756,0,False
2025-05-06,96834.02,11.480753657802882,1.4227668541026,-1.5567442951724357,-0.05520933285822016,-0.14704813199291167,-0.09569487691671524,3.6644517882759295,0,False
2025-05-07,97030.5,11.482780641051518,1.4275129477558326,-1.623448844876774,-0.05310923419587996,-0.14475654928502565,-0.09407680211898442,3.6671741484579017,0,False
2025-05-08,103261.6,11.54502085318092,1.4343961240888459,-0.47603373451181064,0.0512539119993034,-0.041933748165420594,0.010551802077204395,3.6716466846229947,0,False
2025-05-09,102971.99,11.542212288481338,1.4411329395122938,-1.1737627112346387,0.044546367858493204,-0.04823208179584181,0.0037803813510358907,3.676012798314946,0,False
2025-05-10,104809.53,11.559899981849236,1.4484419411337885,-1.1930424162240252,0.07484292044010227,-0.018188518898435514,0.0341067949730088,3.6807489561523874,0,False
2025-05-11,104118.0,11.553280150318558,1.4554702923888885,-1.3952930821386242,0.06101995242533053,-0.03147610556379863,0.02020404258834767,3.6853000777183387,0,False
2025-05-12,102791.32,11.540456192640633,1.462001083402142,-1.4807989866873226,0.0360581953692281,-0.05568859141921461,-0.004861316210575746,3.689499507102951,0,False
2025-05-13,104103.72,11.553142988834901,1.4689290942261257,-1.4478378722268854,0.05719948384449321,-0.034650757869686466,0.01628544559183792,3.6939720205521294,0,False
2025-05-14,103507.82,11.54740244438894,1.4756079478597597,-1.4978948955284246,0.045171906087877176,-0.0461774390403524,0.004181757683536923,3.6982654378291513,0,False
2025-05-15,103763.71,11.549871573940932,1.4823257258182434,-1.5100896169271987,0.0480166190750599,-0.04310806180195209,0.00698534387752022,3.7025803394259387,0,False
2025-05-16,103463.9,11.546978038574858,1.4888944695825976,-1.545058654109897,0.04121042156998843,-0.04951566045062827,0.00011483520122456042,3.706781776053244,0,False
2025-05-17,103126.65,11.543713123508983,1.4953014256328472,-1.5804871183867357,0.033783255748739104,-0.056536841481411866,-0.007378228404161368,3.7108567403796995,0,False
2025-05-18,106454.26,11.575470688309059,1.502773829734699,-1.291989470773372,0.08874873452301166,-0.0022309674825034564,0.047697729511869874,3.7156514518047175,0,False
2025-05-19,105573.74,11.567164945087308,1.5099063093764389,-1.5224936900416115,0.07177584965923628,-0.018612525550029062,0.03063689939025524,3.72022571338132,0,False
2025-05-20,106849.99,11.579181167158145,1.5174113448597304,-1.4929500888296656,0.09196065375130641,0.0015005021472440814,0.05082905259218338,3.7250295642125413,0,False
2025-05-21,109643.99,11.604993941582356,1.5257715405356194,-1.4074597722282194,0.1376372841535755,0.04668142614538878,0.09659251222795057,3.730296080691896,0,False
2025-05-22,111696.21,11.623538054311553,1.5347307510452044,-1.3530884746245087,0.17067380133571552,0.07944214456772125,0.12967901344218724,3.73582609937622,0,False
2025-05-23,107318.3,11.583554463937022,1.5422379961117794,-1.0705380215188642,0.09212677721271458,0.002679280132161514,0.0509171833739903,3.74061332270451,0,False
2025-05-24,107761.91,11.587679535500293,1.5498406819540747,-1.5365066066296913,0.09797596621296159,0.008708789440422825,0.05673594145957112,3.745453028368023,0,False
2025-05-25,109004.19,11.599141600839442,1.5577955793124547,-1.5096764084980299,0.11730646442476048,0.027986265754687805,0.07607466910672547,3.750490590502489,0,False
2025-05-26,109434.79,11.603084125729024,1.565838727887804,-1.5123894278183314,0.12284255225872198,0.033712412521025616,0.08158054125719615,3.7555716006463746,0,False
2025-05-27,108938.17,11.59853575255901,1.5736726417632105,-1.5474986629429106,0.11258515412530147,0.023927283001850572,0.07085326290842747,3.760531094922175,0,False
2025-05-28,107781.78,11.587863906474514,1.5810832815564633,-1.5679459261073694,0.09108887502143016,0.003051324422269299,0.04926311948132343,3.7652296015722637,0,False
2025-05-29,105589.75,11.567316581149306,1.58772562774443,-1.5809540908731001,0.05187290313054318,-0.03550686941203329,0.009915988553368364,3.7693917275337188,0,False
2025-05-30,103985.48,11.55200655299176,1.5937843926390158,-1.5903502504812204,0.022974415560447634,-0.0649855366069347,-0.01908371894947334,3.7730877177805637,0,False
2025-05-31,104591.88,11.55782119853657,1.6000001666596595,-1.5872679267218353,0.03163729855398856,-0.05657674872001638,-0.010437879010581212,3.7769062719816846,0,False
2025-06-01,105642.93,11.567820101732613,1.6065191634627287,-1.5814534997402458,0.047684981903536885,-0.04057821756088478,0.0056127253289672205,3.7809577083937884,0,False
2025-06-02,105857.99,11.569853757889945,1.6130620086864798,-1.5804413967033077,0.04971278313192958,-0.038351905403061305,0.0076140678678690695,3.7850213478348573,0,False
2025-06-03,105376.89,11.56529863108637,1.619398008166122,-1.5834921080032298,0.040036772931202357,-0.04787413156044191,-0.002107941822133829,3.7889174408971242,0,False
2025-06-04,104696.86,11.558824405960005,1.625460339072829,-1.5872726711901057,0.027052731081176038,-0.0604166534174147,-0.015138669592046176,3.7925840814668303,0,False
2025-06-05,101508.68,11.527899591048968,1.6303936047283967,-1.3122381441483375,-0.02855941846004263,-0.11505044393913502,-0.07085066563323675,3.79520908681428,0,False
2025-06-06,104288.44,11.554915800713998,1.6362278242407875,-1.417401087107139,0.015659900719827452,-0.07109459731261539,-0.02656479729021096,3.7986704075185846,0,False
2025-06-07,105552.15,11.566960422562143,1.6424374321127202,-1.556946649155865,0.035061026196834086,-0.051750814288866846,-0.007150808210304907,3.80244257308631,0,False
2025-06-08,105734.0,11.568681785225083,1.648660460777482,-1.5827841099359166,0.036537151251401785,-0.05029838119874072,-0.0056943536567011215,3.8062197018712105,0,False
2025-06-09,110263.02,11.610623881574494,1.656304581360285,-1.015229773002938,0.10849058696516084,0.02112011182983643,0.06640843154900508,3.811008350627047,0,False
2025-06-10,110274.39,11.61072699333236,1.6639030316227492,-1.4941438335164108,0.10693959660687276,0.01985796086872352,0.06483257440921872,3.815763540601135,0,False
2025-06-11,108645.12,11.59584206981163,1.6709313717453416,-1.567539800532732,0.07803031664163565,-0.008516562916170459,0.03586140397816193,3.820134252906256,0,False
2025-06-12,105671.73,11.56809268102435,1.6769404215769192,-1.397151169213977,0.02657716913428251,-0.05884612542636223,-0.015668777811025263,3.8237035693492305,0,False
2025-06-13,106066.59,11.571822383401614,1.6830334858867164,-1.5823727054241723,0.031544596206841226,-0.053966019049333715,-0.010703806744362466,3.82733830787651,0,False
2025-06-14,105414.64,11.565656804874505,1.6888641647598959,-1.5859222904448886,0.01926438003921842,-0.06678328934114364,-0.023003722946641585,3.8307408569144283,0,False
2025-06-15,105594.01,11.567356925160611,1.6947081292752046,-1.5851113653591087,0.020705358112092467,-0.06527280860246001,-0.02156765775890694,3.834149360170551,0,False
2025-06-16,106794.53,11.57866198696812,1.7009014255399864,-1.5790176393766682,0.03875492263129951,-0.047236957634894015,-0.0038644242418621323,3.8378512037906414,0,False
2025-06-17,104551.17,11.557431895611954,1.7063051070866475,-1.5723363696495218,0.00010765607460705305,-0.08539179840695661,-0.042540887897649426,3.8408453584623565,0,False
2025-06-18,104886.78,11.560636761657088,1.7117754225114272,-1.5893594137920781,0.004124109057943548,-0.08117745308458808,-0.03851988047040607,3.8438969236102554,0,False
2025-06-19,104658.59,11.558458807639767,1.717123932840192,-1.5906937168557767,-0.0010551441787479282,-0.08601156428049718,-0.04370243352251434,3.846827911762599,0,False
2025-06-20,103297.99,11.54537319702878,1.72196923574245,-1.5981013716450896,-0.024768539075132146,-0.10968848911348536,-0.0674303986489423,3.84925489430532,0,False
2025-06-21,102120.01,11.533903969279427,1.7263687199194675,-1.6046045277438368,-0.04536529748620044,-0.13081570369649467,-0.08803098913403214,3.8512052441347002,0,False
2025-06-22,100963.87,11.522518009053066,1.7303260365766344,-1.6110604262901558,-0.06550308396082552,-0.1516983001234584,-0.10817357944876287,3.8526559940240106,0,False
2025-06-23,105333.93,11.564890868441857,1.7357225490207202,-1.001394569183603,0.0021990871628424385,-0.08338179090511945,-0.04038344766230152,3.8556171642764117,0,False
2025-06-24,106083.0,11.57197708556279,1.7413214622313797,-1.3568369570786423,0.012806447758217385,-0.07308053662769706,-0.02976034482369932,3.8587621715847287,0,False
2025-06-25,107340.58,11.583762049107316,1.7472867974627992,-1.4327514482018813,0.031503806545460034,-0.05456341165643885,-0.011038578763443097,3.8622292821345483,0,False
2025-06-26,106947.06,11.580089224651642,1.7530772227270324,-1.5802278800229286,0.023625349014841746,-0.06302634064862084,-0.018913735975217748,3.8655367667188623,0,False
2025-06-27,107047.59,11.581028780919945,1.7588543664652374,-1.5798369306880764,0.023741658824763673,-0.06337326533624495,-0.01878905630581965,3.8688269210111708,0,False
2025-06-28,107296.79,11.583354012048273,1.7646667157143998,-1.5786811021603457,0.02624156546826374,-0.06129933339182189,-0.016278916805393957,3.8721431506156954,0,False
2025-06-29,108356.93,11.593185964310054,1.7707767641787808,-1.5733985395987926,0.041664043081005374,-0.046100072190506554,-0.0008339268264391156,3.8757133272529667,0,False
2025-06-30,107146.5,11.581952335879192,1.7764472355046204,-1.5797668262355502,0.020605322554079465,-0.06794032233356273,-0.021897102267632258,3.8788900850947527,0,False
2025-07-01,105681.14,11.568181726420386,1.7815901452417235,-1.5875520779607817,-0.004484278672034699,-0.09386668262150528,-0.0469941653653443,3.8815590481293203,0,False
2025-07-02,108849.6,11.597722391874132,1.7877210954726117,-1.346552865868195,0.043872509416499735,-0.04517681206375433,0.001428789684182898,3.8851322513652238,0,False
2025-07-03,109584.78,11.604453775239774,1.7940407331867012,-1.5679892056541698,0.05401162782908567,-0.035338821790886724,0.011586668851566529,3.8888577485226485,0,False
2025-07-04,107984.24,11.589740569532207,1.7997988093591175,-1.5763004833191177,0.02675146853014442,-0.06347756477012342,-0.01568191392732044,3.8920924921099913,0,False
2025-07-05,108198.12,11.591719270012513,1.8055799776894155,-1.575335914731857,0.0286446714792371,-0.0620125435585491,-0.013778893569899012,3.8953428681420035,0,False
2025-07-06,109203.84,11.600971506509838,1.811638537573124,-1.5703729356768201,0.043023243443812864,-0.047859680899869944,0.00022174801367876333,3.8988328668392542,0,False
2025-07-07,108262.94,11.592318176826861,1.8173479150781089,-1.5752999169078565,0.02650114290219428,-0.06519375153463594,-0.016310072296288072,3.9020071456559284,0,False
2025-07-08,108922.98,11.59839630594336,1.8232237942915048,-1.5720787372176794,0.03541139893545972,-0.056691137530873695,-0.0073855955917268195,3.905326589152834,0,False
2025-07-09,111233.99,11.619391279560073,1.8297874508340295,-1.5607176992454426,0.07000763101558402,-0.022086814822782495,0.027262011377142827,3.909219783217324,0,False
2025-07-10,116010.0,11.661431673269453,1.8377735188737034,-1.0076086929869421,0.14207814625949092,0.050623249741780056,0.09946082971695162,3.9140898985317203,0,False
2025-07-11,117527.66,11.674428989118436,1.846164115521447,-1.1996111992758778,0.1640105172448334,0.07232502024158773,0.12143245056305138,3.9191821308172496,1,False
2025-07-12,117420.0,11.673512529618177,1.8544720990123893,-1.4304492428568534,0.16045664782787628,0.06814070384893638,0.11788613522084128,3.924247024501278,1,False
2025-07-13,119086.64,11.68760657440819,1.8632223358637672,-1.4122139130490814,0.1845566673939768,0.09203998260140606,0.1420301807665225,3.9295327143507603,1,False
2025-07-14,119841.18,11.69392264516452,1.8721421450098952,-1.472645212739884,0.19441324489348522,0.10146985335234646,0.15191179683206804,3.934888033974223,1,False
2025-07-15,117758.09,11.67638771440182,1.880397562751056,-1.5282703062580718,0.15960370533279244,0.06559266600445043,0.11708224017433609,3.9399313354199226,1,False
2025-07-16,118630.43,11.683768309364082,1.8888605897233781,-1.523997536258625,0.1713190902661767,0.07692160654402386,0.12882392207661264,3.945074575217236,1,False
2025-07-17,119177.56,11.688369760857626,1.8974337225026976,-1.5214199875786998,0.17794532353948872,0.0830856526823613,0.13547022504664896,3.950267039422487,1,False
2025-07-18,117924.84,11.67780275135697,1.9055866800942665,-1.5281589215632554,0.1564641563879192,0.06075174249845324,0.11397786560643794,3.9552451535092863,1,False
2025-07-19,117840.0,11.677083051136512,1.9136643163088662,-1.5288359914254732,0.15331678701925028,0.05701578831600578,0.11083733816727967,3.9601788060242895,1,False
2025-07-20,117265.12,11.672192633218396,1.9215210276878527,-1.5320735417000044,0.14256344864453774,0.046124990849848994,0.10008185447533335,3.964984408596979,1,False
2025-07-21,117380.36,11.673174881069626,1.9293623943197313,-1.531707473754923,0.14255716734556798,0.04605363682587669,0.10008536080494551,3.9697769160998635,1,False
2025-07-22,119954.42,11.694867116275898,1.9379120120241264,-1.5187741245577009,0.18005859153585538,0.08312292398045096,0.13765531506845374,3.9749421730292274,1,False
2025-07-23,118755.99,11.68482616272999,1.9460599736765523,-1.5251844212331223,0.15959678857631407,0.06294467052983126,0.11718188909191472,3.9798983781358057,1,False
2025-07-24,118340.99,11.681325481921567,1.9540354726409084,-1.5275664883806,0.15136629910990496,0.05432779101916616,0.10895741770986465,3.98475504285626,1,False
2025-07-25,117614.31,11.675165990717275,1.9617459330803362,-1.5315823392989882,0.1383561084573504,0.04084210363447913,0.09595604043398259,3.9894519037553215,1,False
2025-07-26,117919.99,11.677761622619904,1.9694976390208359,-1.5302294155960665,0.14126783004472945,0.04333888278860229,0.09843372241463397,3.9941693896684147,1,False
2025-07-27,119415.55,11.690364705966724,1.9776400599738704,-1.522788110903247,0.1622363807767928,0.06417608734274091,0.11943952570223515,3.999107501086481,1,False
2025-07-28,118062.32,11.678967899626505,1.9853342656329052,-1.5300315487035372,0.1395902438656758,0.04098802930240158,0.09680258410427883,4.003781136327402,1,False
2025-07-29,117950.76,11.678022528223286,1.9929460574387952,-1.5308445515374234,0.1361160986320766,0.03706101530708958,0.09334662730500108,4.008399248928081,1,False
2025-07-30,117840.3,11.677085596958118,2.000475871126127,-1.5316521002979029,0.13267211712135374,0.03398011648883818,0.08992737610089485,4.012960949590243,1,False
2025-07-31,115764.08,11.65930960601944,2.007335806440618,-1.5424654762198662,0.09903740088878535,0.001256259644439557,0.056321679484265925,4.017056016369038,1,False
2025-08-01,113297.93,11.637776176769762,2.0133958113767987,-1.5462191780295336,0.05950531234581467,-0.0373396088783518,0.01683050138697019,4.02050868792303,1,False
2025-08-02,112546.35,11.631120415777916,2.019176748791701,-1.5583963032796502,0.046518999543593814,-0.04979663852693539,0.0038798995476792774,4.0237122011142565,1,False
2025-08-03,114208.8,11.645783631028593,2.025423486942349,-1.5504878735259788,0.06994736650451487,-0.026570724339163767,0.02734008564190851,4.02731290679623,1,False
2025-08-04,115055.03,11.653165814629501,2.031881011827995,-1.546556088546996,0.08110012045554486,-0.015341277490514778,0.03852499581373486,4.031080511164469,1,False
2025-08-05,114129.75,11.645091238060711,2.038009294831173,-1.5511523100587368,0.0654703357558978,-0.03037555354185843,0.022934488245823302,4.034571806970971,1,False
2025-08-06,114992.27,11.652620187694893,2.044353663080527,-1.5471402939585126,0.0768399443908277,-0.01892708184778528,0.03433848208343357,4.038238400639441,1,False
2025-08-07,117472.01,11.673955371423226,2.051395751757467,-1.5356146994134958,0.11211590759635687,0.015989891747579133,0.06964966074334117,4.042436269462024,1,False
2025-08-08,116674.74,11.667145342403277,2.058151798336704,-1.5395083232704851,0.0984117710373502,0.00286265634118283,0.05599328515889966,4.046417792845026,1,False
2025-08-09,116462.25,11.66532246514266,2.06479638738948,-1.5406407219993483,0.09357159809945378,-0.0017564374241797335,0.05119917915563432,4.050308729539524,1,False
2025-08-10,119294.01,11.689346397269723,2.0722319561235834,-1.4917967811359714,0.1337765472388155,0.038033051506642115,0.09143994516493988,4.0547656507556855,1,False
2025-08-11,118686.0,11.68423662924413,2.0794401975018393,-1.53061623739998,0.12292491661546506,0.02747823885920193,0.08064301154472049,4.059063049088903,1,False
2025-08-12,120134.08,11.69636373134521,2.0870231418524723,-1.5235057575152275,0.1426745323318479,0.047059748126118156,0.10043155037339457,4.06360793499054,1,False
2025-08-13,123306.43,11.722427837022233,2.095466569244567,-1.4360575011728076,0.18747022025956334,0.09162172306635248,0.14526519880209762,4.068651320466511,1,False
2025-08-14,118295.09,11.68093754445594,2.1024112824373598,-1.016660031841858,0.10950324362296614,0.015218500232682777,0.067446583370875,4.072743339252379,1,False
2025-08-15,117342.05,11.672848452925503,2.109025549977968,-1.3473208182058656,0.09363726961226942,-0.0006183074114553909,0.051220623555501395,4.076577307801509,1,False
2025-08-16,117380.66,11.673177436860191,2.115603701909243,-1.5380007692049107,0.09257459875080405,-0.0013478599802685268,0.05021268886820759,4.080377860505715,1,False
2025-08-17,117405.01,11.673384860082292,2.1221415547170697,-1.5380123170254167,0.0913040650445891,-0.0023679941781977383,0.04899686205952662,4.084141422917792,1,False
2025-08-18,116227.05,11.663300884604999,2.1282800602782617,-1.5437201573225316,0.0722021562204889,-0.021297260296439368,0.02997605632328147,4.087567214106731,1,False
2025-08-19,112872.94,11.634018040275894,2.1333499789374666,-1.3479964344514772,0.02047456071592268,-0.07249632602388452,-0.02159249149152055,4.089982084596283,1,False
2025-08-20,114271.24,11.646330199573963,2.1388044287222434,-1.553573152894192,0.03943179698921538,-0.05371461302402792,-0.002602838394064138,4.092774960943334,1,False
2025-08-21,112500.0,11.630708500626612,2.1436681231500314,-1.562364686906577,0.011738086934898664,-0.08098222832176588,-0.03017659504876944,4.094969073412995,1,False
2025-08-22,116935.99,11.66938197005226,2.1498364129107177,-1.0921967526859924,0.0739446550400897,-0.01934571135290474,0.03201785221671304,4.098406081569686,1,False
2025-08-23,115438.05,11.656489301413192,2.155508024657493,-1.548827588637408,0.05030607626814268,-0.04239355869775456,0.008494131020031916,4.101393138064209,1,False
2025-08-24,113493.59,11.639501638537853,2.1605409194475986,-1.5583795292434048,0.02014887174639459,-0.07191825538910103,-0.021522067633037607,4.103750150235407,1,False
2025-08-25,110111.98,11.609253126963944,2.1644735164301494,-1.3212172626826888,-0.03129310303911503,-0.12234356183728828,-0.07272784625428576,4.104886656924258,1,False
2025-08-26,111763.22,11.624137805255234,2.1688821341802362,-1.5673697322529234,-0.00884252384360063,-0.10005478911594508,-0.0502533407332476,4.106571229265686,1,False
2025-08-27,111262.01,11.61964314925794,2.1730899397616774,-1.569973391887419,-0.0175111393991805,-0.10840974453834465,-0.05882085246050889,4.108027410401833,1,False
2025-08-28,112566.9,11.631302990549122,2.1776608055957385,-1.563711848483665,-8.731346098496822e-05,-0.09109509546484451,-0.041360692583706386,4.109888615232899,1,False
2025-08-29,108377.4,11.593374859166358,2.1808643053108105,-1.1116651816532381,-0.06321995392028354,-0.1530784355231504,-0.10421521898970991,4.1101209457012615,1,False
2025-08-30,108816.33,11.59741669405308,2.1841666952322063,-1.5829707688706542,-0.05817650636844989,-0.14797352322689838,-0.09910670196782555,4.110491696239993,1,False
2025-08-31,108246.35,11.59216492705146,2.1872436263306088,-1.5859912309459179,-0.06766635529286058,-0.1571969059380921,-0.1084918774296372,4.1105876534820425,1,False
2025-09-01,109237.42,11.601278957586292,2.1905965732972805,-1.5811188377269962,-0.05475424692712139,-0.144383372162575,-0.09553444544638735,4.111040885546913,1,False
2025-09-02,111240.01,11.619445398243618,2.194540864469384,-1.5713259999615976,-0.02755281781208814,-0.11750565032072698,-0.0683193306850712,4.112214661122875,1,False
2025-09-03,111705.71,11.623623102819693,2.1985876033660223,-1.5691548611312092,-0.02222106277788712,-0.11217388865678286,-0.06291997478238427,4.113507805185419,1,False
2025-09-04,110730.87,11.614857941610625,2.202285164999012,-1.574120408997521,-0.0376056089121936,-0.1273021193182004,-0.07857546973665232,4.114389120677631,1,False
2025-09-05,110659.99,11.614217626085207,2.205917503998506,-1.57459607437961,-0.0399347287873503,-0.13009465367060719,-0.08081784676541194,4.115193062048797,1,False
2025-09-06,110187.97,11.609943004587738,2.209357959370326,-1.5770757064440386,-0.04800154696714944,-0.13861157534993082,-0.08878228336308609,4.1157637435920265,1,False
2025-09-07,111137.34,11.618522012770278,2.2130551594003127,-1.5724966578316553,-0.03580869790624684,-0.12650711236076628,-0.07654132939881746,4.116649854474811,1,False
2025-09-08,112065.23,11.62683639145622,2.2169994634802506,-1.568062423938633,-0.02395312566671596,-0.11458139571143627,-0.0646338980467263,4.117829183898783,1,False
2025-09-09,111546.39,11.622195837167581,2.2207386331402215,-1.570743916231697,-0.03270337777792305,-0.12348816337662535,-0.07327073874992228,4.11876745273412,1,False
2025-09-10,113960.0,11.643602788611844,2.225181462747481,-1.5592039254754975,-6.870361073057513e-05,-0.09079826990550706,-0.04063733618938335,4.120509197956471,1,False
2025-09-11,115482.69,11.656875927582465,2.2300431395995433,-1.5520697607555185,0.020043452705512808,-0.0707843429339684,-0.02049284851670664,4.122693380437651,1,False
2025-09-12,116029.42,11.661599058621867,2.235024794536863,-1.549600821128998,0.026364967790241837,-0.06460658624648373,-0.014111315262980305,4.124997636788676,1,False
2025-09-13,115918.29,11.660640825332964,2.2399280936090915,-1.5502515977522704,0.023405180199639643,-0.06782583295168591,-0.017040629227345432,4.127219481282245,1,False
2025-09-14,115268.01,11.655015217630647,2.244590392828217,-1.5534770419543156,0.01278004281628825,-0.07872720903530334,-0.027594946568283693,4.129188092992954,1,False
2025-09-15,115349.71,11.65572374951118,2.2492329721171775,-1.5532106921301596,0.012588801915588154,-0.07880637885923115,-0.027759378641813447,4.131133950531808,1,False
2025-09-16,116788.96,11.66812382436097,2.2542635717920385,-1.5465524955950758,0.03147343626947728,-0.06016917086507933,-0.008932595193896373,4.133478500257963,1,False
2025-09-17,116447.59,11.66519657952083,2.2591470751663936,-1.5482877692221981,0.025252616853978997,-0.06653126256401894,-0.015096306522683137,4.135671085021953,1,False
2025-09-18,117073.53,11.670557477919102,2.2641727305674237,-1.5454700113803868,0.03268781419303347,-0.05897787968045912,-0.007665355749001137,4.138005629446238,1,False
2025-09-19,115632.38,11.658171299804895,2.26872147286241,-1.5524426856538525,0.010856736577796892,-0.08012380286303164,-0.02935438702539988,4.139842096851491,1,False
2025-09-20,115685.63,11.658631704949663,2.273242016050262,-1.5523124643729544,0.010264953713896218,-0.08041208965378589,-0.029912052445966883,4.141646799736949,1,False
2025-09-21,115232.29,11.654705283107473,2.2775814442370708,-1.5545981156982551,0.0025445696980952183,-0.08770946077708774,-0.037563764038565296,4.143252948156342,1,False
2025-09-22,112650.99,11.632049734104065,2.2810870153909235,-1.5253247091777171,-0.035386518372933176,-0.12531888101426258,-0.07526620791500703,4.143890966554946,1,False
2025-09-23,111998.8,11.62624343593412,2.284347531842896,-1.5706273903965924,-0.045771352838417226,-0.13554577168679635,-0.0855646892784858,4.144228937103821,1,False
2025-09-24,113307.0,11.637856227984932,2.287970715369139,-1.5643984392702355,-0.028831963096271937,-0.11864387430006852,-0.06907362702041257,4.1450149655938295,1,False
2025-09-25,108994.49,11.599052609474848,2.290198195211268,-1.0834991451709728,-0.09135226304367851,-0.17975983640660254,-0.13121150230244807,4.1439939536609645,1,False
2025-09-26,109643.46,11.604989107744396,2.292592029908565,-1.583088214544938,-0.08350179656622439,-0.17176410742600182,-0.12336731861220757,4.143213491161344,1,False
2025-09-27,109635.85,11.604919698551134,2.2949425642989767,-1.5832477490951384,-0.08474777222030616,-0.1727132058869793,-0.12457469473718831,4.1423834497150684,1,False
2025-09-28,112163.95,11.627716919194656,2.2980470999755247,-1.5209950416627849,-0.05126507436402843,-0.1394842418807001,-0.0912153169169395,4.1425547781428715,1,False
2025-09-29,114311.96,11.646686481229226,2.301771007770668,-1.4925017460713246,-0.022980341871522016,-0.11136623705363802,-0.06302981971161598,4.143484398240572,1,False
2025-09-30,114048.93,11.644382845818459,2.3053716494322787,-1.5621439999148463,-0.02789348051059821,-0.1160840209583061,-0.06787997671496125,4.144270011150907,1,False
2025-10-01,118594.99,11.683469521820456,2.310292206256457,-1.0750058159054727,0.032516886544305776,-0.056310868443878476,-0.007700728535115504,4.146503826856332,1,False
2025-10-02,120529.35,11.699648570719594,2.315731951956232,-1.2310003545508466,0.057674210038698645,-0.031389472808620464,0.017377690707696933,4.149237338096952,1,False
2025-10-03,122232.0,11.71367615723255,2.321615036249159,-1.2919410066867607,0.07959308072839483,-0.009678992414749309,0.03923381863864572,4.152366550273166,1,False
2025-10-04,122391.0,11.714976116945179,2.327497044812766,-1.419517202555223,0.08029411216431784,-0.00886350221632068,0.03997653082694052,4.155491330507042,1,False
2025-10-05,123482.31,11.723853185924106,2.3336421044084763,-1.4329246828816067,0.0937726248846708,0.004442008525372558,0.053433570528805964,4.158836485208943,1,False
2025-10-06,124658.54,11.733333598438008,2.340070807713257,-1.43474385659087,0.10835545672517355,0.018934093634789213,0.06799026887971071,4.162408670815784,1,False
2025-10-07,121332.95,11.706293698605117,2.3455097281766886,-1.4040908150263398,0.060453916450512436,-0.028636761762462562,0.020403805686850806,4.165122372639748,1,False
2025-10-08,123306.0,11.722424349768975,2.3514651997064613,-1.521041385653398,0.08584343995069854,-0.0035675356844307674,0.0457155005942208,4.168296478873879,1,False
2025-10-09,121662.4,11.709005274788455,2.3569064525840715,-1.528577737390329,0.061669951978273636,-0.027271476148877195,0.021723517799246733,4.171005666572379,1,False
2025-10-10,112774.5,11.633145528660028,2.359658103326191,-0.067404818102899,-0.06577456064763235,-0.15236288949087232,-0.10490098956820154,4.17069345752762,1,False
2025-10-11,110644.4,11.614076734166833,2.3617037023191902,-0.4623075699674053,-0.09608841568003157,-0.18220964934449177,-0.13502038517306886,4.16943017388196,1,False
2025-10-12,114958.8,11.652329082285064,2.365042097620116,-1.0971413992338088,-0.039981497559148156,-0.12697227109108944,-0.07911701715178214,4.169876886130449,1,False
2025-10-13,115166.0,11.654129844792985,2.3684008809616794,-1.524902386751907,-0.038407256322711594,-0.12549654453264686,-0.0775084827807946,4.17035207078104,1,False
2025-10-14,113028.14,11.635392093241187,2.3710642322230364,-1.5548260440477029,-0.06880001431615451,-0.15547351048553357,-0.10808409362890921,4.169951060667053,1,False
2025-10-15,110763.28,11.615150590425333,2.3729808280945814,-1.4476183248777261,-0.10078357545782875,-0.18703718893757207,-0.13986456444173928,4.168540433509481,1,False
2025-10-16,108194.28,11.591683778932417,2.3740394178379436,-1.31788775072384,-0.13675488378144293,-0.22366200147118134,-0.1756162584736744,4.165882799964237,1,False
2025-10-17,106431.68,11.575258555933528,2.3744867143810424,-1.2628097411212957,-0.16152276113834202,-0.24891521693264304,-0.2002275126234046,4.162291256859459,1,False
2025-10-18,107185.01,11.582311685751868,2.375141869252797,-1.4128523179776817,-0.1525178387919404,-0.24001304858394562,-0.19122951036607336,4.159060165328726,1,False
2025-10-19,108642.78,11.595820531566748,2.376229547842812,-1.5942131850182628,-0.1342347826988877,-0.22178663182177966,-0.17299426921947234,4.156521182603549,1,False
2025-10-20,110532.09,11.613061165019744,2.377879143248685,-1.5849531737201348,-0.11029636882173993,-0.19797020452686143,-0.14912870251625082,4.154826534614848,1,False
2025-10-21,108297.67,11.59263891844555,2.3787772599017054,-1.58478954426807,-0.1414671660672841,-0.22848261325439734,-0.1800872897660976,4.152040880348505,1,False
2025-10-22,107567.44,11.585873278686044,2.379400968561701,-1.6002085748155623,-0.15222574035575928,-0.2388214316949805,-0.19074699030252615,4.148857368453413,1,False
2025-10-23,110078.18,11.60894611960026,2.3807905372706877,-1.5119453648256953,-0.1203024954070257,-0.20714506000383726,-0.15893310437468994,4.146847937248535,1,False
2025-10-24,111004.89,11.617329533378173,2.382432884986297,-1.5833521089473748,-0.10903565844436912,-0.19587625549180515,-0.1477497722089955,4.145216443594871,1,False
2025-10-25,111646.27,11.623090848738906,2.384236247325749,-1.5803221466242017,-0.10155845574000685,-0.18833181642594443,-0.14033385631736625,4.14382440019596,1,False
2025-10-26,114559.4,11.64884874475059,2.386897231768721,-1.4380164834846147,-0.06436365996885672,-0.15155136163739286,-0.10336642359099424,4.143579106871633,1,False
2025-10-27,114107.65,11.644897580053136,2.389379204893148,-1.5687776671410016,-0.07144759315880794,-0.1583551121085659,-0.11047000889890392,4.143112798586962,1,False
2025-10-28,112898.45,11.634244021079825,2.391448877459787,-1.5747629259629619,-0.08861568540496226,-0.17510577921091716,-0.12761662778976215,4.1421143465460855,1,False
2025-10-29,110021.29,11.608429171501594,2.3925785469925898,-1.436169695839912,-0.1281659509717332,-0.2140632901586823,-0.1670156310367332,4.139813763724585,1,False
2025-10-30,108322.88,11.59287167568039,2.3931270899859505,-1.4975636459414456,-0.15163835490169278,-0.23722696569434124,-0.19042022657348673,4.136665409961694,1,False
2025-10-31,109608.01,11.604665734767156,2.394048517738428,-1.5915817460149557,-0.13574916389031758,-0.22165165844132634,-0.17467703670276413,4.13410362538064,1,False
2025-11-01,110098.1,11.609127065522811,2.3950867393395265,-1.589261366297732,-0.13024565552694836,-0.21633387242999144,-0.16926607568373067,4.13173477947069,1,False
2025-11-02,110540.68,11.613138876987657,2.3962259127263685,-1.587186396376596,-0.12537600654043143,-0.2115326212825719,-0.16448562707367,4.129532258755922,1,False
2025-11-03,106583.04,11.576679678619074,2.3960555917127966,-1.1433780811820964,-0.1790844361848205,-0.2642125908275589,-0.21830924853550712,4.125359610279179,1,False
2025-11-04,101497.22,11.527786687926328,2.3941444725293355,-0.643256209344135,-0.24747844263504,-0.33135706350733124,-0.28636012757354135,4.1182466176568395,1,False
2025-11-05,103885.16,11.551041337242305,2.3930092912437444,-1.4025046718765108,-0.21783055560151446,-0.30202780635194787,-0.25691617829532487,4.1125705597057385,1,False
2025-11-06,101346.04,11.526296078595829,2.3909762358263724,-1.2540198364920159,-0.2517165524288868,-0.3356381935528434,-0.29067567972967895,4.105367314151206,1,False
2025-11-07,103339.08,11.545770899150105,2.3895875858244975,-1.6097758281497172,-0.227124452374249,-0.3111973384523516,-0.26626289179713125,4.099372603166187,1,False
2025-11-08,102312.94,11.53579143465403,2.387815985375019,-1.6315340004474377,-0.2411481387606296,-0.32533887705229836,-0.280268429456496,4.092768637132107,1,False
2025-11-09,104722.96,11.559073666036106,2.3868210758044714,-1.5050226085730296,-0.2113174233772954,-0.2957318843617843,-0.25064301871451417,4.087550872015157,1,False
2025-11-10,106011.13,11.57129936758209,2.386216408758225,-1.6106789372655022,-0.19562597202514578,-0.28017328784379686,-0.2350888682847844,4.083012850240183,1,False
2025-11-11,103058.99,11.543056821717757,2.384591207497491,-1.3685595661174887,-0.23493439947716205,-0.31933462806788954,-0.27422149790901174,4.076828175303371,1,False
2025-11-12,101654.37,11.529333808786626,2.382452959863688,-1.4850214612727815,-0.2537573026762069,-0.33788651052323676,-0.2929883965929916,4.069810419598931,1,False
2025-11-13,99692.02,11.509840912626187,2.3796013714079725,-1.4117266919537346,-0.27965752369491215,-0.3633364504373695,-0.31879229526962166,4.061576412218437,1,False
2025-11-14,94594.0,11.457349328081376,2.3748876112666495,-0.7019959886151781,-0.3460024904493103,-0.42864648050715676,-0.3847952300261917,4.049806021691945,1,False
2025-11-15,95596.24,11.467888767722094,2.3705109107886533,-1.2205626711854454,-0.33425074940629024,-0.4169860861091078,-0.3731506833775544,4.0388632225423615,1,False
2025-11-16,94261.44,11.45382747725473,2.3656135126303415,-1.2096580140601558,-0.3515395299199426,-0.43398788702945906,-0.3903976164947529,4.0270045879005085,1,False
2025-11-17,92215.14,11.431879604306937,2.3599213909725862,-1.1095441650210254,-0.3775810417936057,-0.45961211954759545,-0.41635063582027243,4.013650112260222,1,False
2025-11-18,92960.83,11.439933500617308,2.35448119969857,-1.307184350779258,-0.36907432290354275,-0.4511695430232131,-0.40793330432286884,4.000999515740639,1,False
2025-11-19,91554.96,11.424694726679864,2.348480909689737,-1.2630429773063605,-0.38695832487896753,-0.4687478428185172,-0.4257743148071499,3.9873510948899105,1,False
2025-11-20,86637.23,11.36948490978797,2.3405285881577687,-0.6265599160305273,-0.44820087239137,-0.5282556376430346,-0.48667592207238386,3.9696016828779417,1,False
2025-11-21,85129.43,11.351928083213727,2.3319392932301293,-0.8262742347546019,-0.46652107163671214,-0.5448490455945003,-0.5048179677291433,3.950668041666317,1,False
2025-11-22,84739.74,11.347339955967206,2.323165920217493,-0.8833969816210623,-0.4715391133554506,-0.5497202773856364,-0.5098011570079933,3.9316283464152204,1,False
2025-11-23,86830.0,11.37170746305469,2.3152176434829754,-1.1539178681421838,-0.4479569030339983,-0.5278482334440263,-0.48687879215400176,3.9147748187871345,1,False
2025-11-24,88300.01,11.388495499842328,2.307829068207299,-1.3463724814232503,-0.43126346284025574,-0.5122244241839372,-0.47036402658653914,3.899391479140084,0,False
2025-11-25,87369.96,11.377906795468984,2.3000454954664256,-1.3293141741864651,-0.4428394421152691,-0.5226552393506623,-0.4818928791300173,3.8833998733017996,0,False
2025-11-26,90484.02,11.412928539511254,2.2934566024180265,-1.181056741345317,-0.4070530061226142,-0.48803257498177827,-0.4463335750491604,3.870101692103733,0,False
2025-11-27,91333.95,11.422277848504121,2.287166121018969,-1.43719302187501,-0.397440429069601,-0.47841507522392673,-0.4368092363121292,3.8575666071850874,0,False
2025-11-28,90890.7,11.417412964700498,2.2806783897916,-1.7012666029481787,-0.4033255729937095,-0.48412028956814845,-0.44272020323793254,3.844816185761342,0,False
2025-11-29,90802.44,11.416441436475028,2.2741293527336817,-1.701910822064451,-0.4049129592769312,-0.4855979920144799,-0.4443637012039061,3.832117403813622,0,False
2025-11-30,90360.0,11.41155697058194,2.2673827898804215,-1.7046971595770224,-0.41074672820896746,-0.49127655351966126,-0.45023289511555165,3.819267314756982,0,False
2025-12-01,86286.01,11.365422755008083,2.259001994469538,-0.8745820900375245,-0.46051121531730704,-0.5383215949165264,-0.49963947017014043,3.8036434527323997,0,False
2025-12-02,91277.88,11.42166375902523,2.25255589175307,-0.5966765425752005,-0.403981487409458,-0.48444962375644557,-0.4435418350769979,3.7919643536762173,0,False
2025-12-03,93429.95,11.444967236626844,2.24689406524382,-0.7522994710244786,-0.3789884100258451,-0.45975372724543373,-0.4187212986407335,3.7818190308055506,0,False
2025-12-04,92078.06,11.430391974537848,2.2406958062680467,-1.3544368140261749,-0.39593174666315933,-0.4764013182404077,-0.4356433737513683,3.770858614019002,0,False
2025-12-05,89330.04,11.400093104473687,2.2334142137095694,-1.310518936048852,-0.42966713985522403,-0.5096518941363637,-0.4692711681451392,3.7580802251745364,0,False
2025-12-06,89236.79,11.399048677482664,2.226070019733576,-1.657106044753513,-0.4312686985178411,-0.5109230335898464,-0.47092502452374,3.745357297614537,0,False
2025-12-07,90395.31,11.411947664503453,2.219149018252072,-1.7069001482489634,-0.41819766532745584,-0.4981763185905983,-0.4579717211942759,3.7335657781378973,0,False
2025-12-08,90634.34,11.414588448915412,2.212293232879192,-1.7055738298052467,-0.4158870483235417,-0.4958324645548294,-0.45573230975128887,3.7220392977437524,0,False
2025-12-09,92678.8,11.436895030685191,2.2061875626656895,-1.530223392207212,-0.3923686008010355,-0.4725122673871383,-0.43237561460387286,3.7119378957110496,0,False
2025-12-10,92015.37,11.42971090729473,2.199803649317088,-1.697675785512956,-0.4008608405518383,-0.48085410529702605,-0.44088915942081425,3.701489991885989,0,False
2025-12-11,92513.38,11.435108561688558,2.193580158316236,-1.6948512419663717,-0.3954756594938246,-0.47548314165940825,-0.4355898206559783,3.6914331159429827,0,False
2025-12-12,90268.42,11.410542955092604,2.186473209456931,-1.4677117459710742,-0.42298415094833985,-0.5026173691863994,-0.46302434599109193,3.680010892953426,0,False
2025-12-13,90240.01,11.410228177547483,2.1793288255932897,-1.70878332659343,-0.4238289331976407,-0.5033662432249073,-0.46423137997697067,3.6686682607356094,0,False
2025-12-14,88172.17,11.38704665932409,2.1713506378274046,-1.5056911419973544,-0.4488040784632087,-0.5268940257155383,-0.48906568994092603,3.656029555364551,0,False
2025-12-15,86432.08,11.367114182175031,2.1626531182662285,-1.4601417056299453,-0.46956424776341465,-0.5470245208400536,-0.5095657374618522,3.6422839772410818,0,False
2025-12-16,87863.42,11.383538842335586,2.154503634665678,-1.6918536148574117,-0.45372361733986744,-0.5314843531076395,-0.4940308466823887,3.6296966989829587,0,False
2025-12-17,86243.22,11.364926723108129,2.14568111771814,-1.6314726645062847,-0.47300196987614646,-0.549675225958977,-0.5130457094697368,3.616101336809167,0,False
2025-12-18,85516.41,11.356463566333241,2.136540086083833,-1.7386085053308618,-0.48176952537606743,-0.5583340962307676,-0.5217142066743264,3.60213303542297,0,False
2025-12-19,88136.94,11.386647020298417,2.128426881857814,-1.3121850891374107,-0.45275716801313914,-0.5303544750306503,-0.4932209589187338,3.5901312542092896,0,False
2025-12-20,88360.9,11.389184843086527,2.1203771651019143,-1.662360164576034,-0.4506565129616497,-0.5282548777120514,-0.4912019280964413,3.578390689877285,0,False
2025-12-21,88658.86,11.392551250106745,2.112419691266642,-1.7198934497326552,-0.4477028572756473,-0.5254343613630759,-0.48833936732703837,3.5669516362713805,0,False
2025-12-22,88620.79,11.392121759180007,2.1044221401388263,-1.7202389659072646,-0.4486294184328026,-0.5261314060622629,-0.48931348118880186,3.55559251413075,0,False
2025-12-23,87486.0,11.37923405954434,2.095950780211004,-1.727411425777031,-0.4622649110530086,-0.5391476816970455,-0.5028095128314856,3.5436084637134195,0,False
2025-12-24,87669.45,11.38132877103723,2.0875280423158693,-1.7263818984232595,-0.46063794924616963,-0.5375618155108166,-0.50126511328783,3.5318593536422416,0,False
2025-12-25,87225.27,11.376249361493004,2.0789040623862207,-1.7292667475068424,-0.4662075299909202,-0.5430692958064219,-0.5068012378725658,3.519937411764324,0,False
2025-12-26,87369.56,11.377902217225895,2.0703135625407825,-1.7284775254371827,-0.46503031706909653,-0.5418410284625732,-0.5056985106346378,3.5082241336069964,0,False
2025-12-27,87877.01,11.38369350225109,2.0619005760812623,-1.7254401320204085,-0.45971575239505674,-0.5365195693524125,-0.5005241346847699,3.4969416227005197,0,False
2025-12-28,87952.71,11.384554562652905,2.0534931777188787,-1.725081967660789,-0.45932420824404135,-0.5360883364636368,-0.5001949151382392,3.485810014215287,0,False
2025-12-29,87237.13,11.376385322021099,2.0447769810295595,-1.7296590392368578,-0.46800754909903663,-0.5446147880793863,-0.5087940459615591,3.4743388271310405,0,False
2025-12-30,88485.49,11.390593862751704,2.0365315164464906,-1.7220735320749425,-0.4543209163570349,-0.5311190256109782,-0.49537679410774654,3.463733801412801,0,False
2025-12-31,87648.22,11.381086582099815,2.027930446535108,-1.7273844951110182,-0.46442876313382064,-0.541016294970604,-0.5053758101255523,3.452720697741329,0,False
2026-01-01,88839.04,11.39458147200671,2.0197750639839667,-1.720184080504436,-0.45137765517071854,-0.5284644016666311,-0.49257184904030105,3.4425102689835194,0,False
2026-01-02,89995.13,11.407510836737233,2.012044979503834,-1.7132890743627653,-0.43863609621852406,-0.5160681766859639,-0.48028314925872617,3.4330376545110326,0,False
2026-01-03,90628.01,11.414518605398513,2.0045334029317567,-1.7095936246531924,-0.4318326222345448,-0.5101030382920861,-0.47358185666000924,3.4239823368506497,0,False
2026-01-04,91529.73,11.424419116521968,1.9973406871001798,-1.7043337841734836,-0.4219123898537889,-0.5002213461810389,-0.4637575460043499,3.4154691118401668,0,False
2026-01-05,93859.71,11.449556499635559,1.9909966976877755,-1.4495938673844484,-0.39550326291491433,-0.473993195846322,-0.437512464014629,3.4081771355321453,0,False
2026-01-06,93747.97,11.448365290264887,1.984583713853625,-1.6916578489396192,-0.3973605492600917,-0.4757392989949595,-0.43941463197178543,3.4008695469032353,0,False
2026-01-07,91364.16,11.422608558003802,1.977246802617714,-1.4322925637944195,-0.4261484704440133,-0.5041208146752316,-0.4681134733808346,3.3924171906971017,0,False
2026-01-08,91099.99,11.41971297347856,1.96978309186072,-1.7076375564733737,-0.4297233575382531,-0.5075808875440537,-0.4717249281997739,3.383885752844956,0,False
2026-01-09,90641.28,11.414665017402706,1.9621178678197593,-1.7105028894265004,-0.43554353879555907,-0.5131042845087422,-0.47756579116798314,3.375175934539101,0,False
2026-01-10,90504.7,11.413157062041167,1.954374654117609,-1.7114350692057214,-0.4376181892730152,-0.5151062605932125,-0.4796787021898604,3.3664569936718913,0,False
2026-01-11,91013.65,11.418764774250112,1.9468012244812676,-1.7084991784436052,-0.4322655970243826,-0.5099595813702706,-0.47441184957417976,3.3580597735549156,0,False
2026-01-12,91296.2,11.421864444687309,1.9393100305793185,-1.7069240803431904,-0.4295107265904522,-0.5072394080096355,-0.471720964441748,3.349861008341486,0,False
2026-01-13,95414.0,11.465980597193681,1.933328394665733,-0.9235589698094528,-0.3831081102135395,-0.46136911697669675,-0.4255475642652783,3.343634086833708,0,False
2026-01-14,96951.78,11.481969020481626,1.9278751277210586,-1.1240557533821622,-0.3656448528836665,-0.4441493081808185,-0.4082145627784166,3.338085865722237,0,False
2026-01-15,95604.8,11.467978306984074,1.921906130280263,-1.6499895854832183,-0.3822524073034583,-0.4605669461481401,-0.4247934195648798,3.3319867337798055,0,False
2026-01-16,95550.94,11.467414787401294,1.9158894570916765,-1.683119239335321,-0.3834427510697515,-0.46178817659994,-0.4260306617038873,3.3264716012790023,0,False
2026-01-17,95147.77,11.463186435770725,1.9096976455735328,-1.6855355803525083,-0.38874363417878105,-0.4670761900261081,-0.43135906600530344,3.3216612666069207,0,False
2026-01-18,93673.14,11.44756676758005,1.9029345491964587,-1.6942029828621317,-0.40666459988880055,-0.48481975917963693,-0.44924640684733114,3.3162878369658135,0,False
2026-01-19,92631.0,11.436379137828363,1.895755272782664,-1.7004303308326758,-0.4193528536938652,-0.4974147747757039,-0.46192775731736385,3.310511412863838,0,False
2026-01-20,88427.66,11.389940095611614,1.8869337668493418,-0.858274263470691,-0.4690413335470711,-0.5447251954167448,-0.5111051352555251,3.302924827074786,0,False
2026-01-21,89454.73,11.401487966242023,1.8784904021861522,-1.5919588306040704,-0.4580078095000067,-0.5338518280048465,-0.5002923847394518,3.2958525721033674,0,False
2026-01-22,89559.67,11.402660386025241,1.8700635563203922,-1.7196259637087223,-0.45730080385743593,-0.5332167166643027,-0.49990190445049665,3.2888667481622287,0,False
2026-01-23,89600.26,11.403113500744526,1.8616281778808168,-1.719489010292724,-0.45732154270207126,-0.5332110847696329,-0.49997063853181223,3.281937588879616,0,False
2026-01-24,89225.34,11.398920358942302,1.8530226210516136,-1.7218832683494296,-0.46204157216498815,-0.5378218754844046,-0.5046629356279467,3.274881304209133,0,False
2026-01-25,86670.36,11.369867235806161,1.843382204585591,-1.339357753474406,-0.4914932956231362,-0.5665534601577074,-0.5336415900765543,3.26669313364445,0,False
2026-01-26,88347.08,11.389028426833812,1.8343860489115178,-1.6135175537314472,-0.4735179218507789,-0.5489009739071389,-0.5160189298690026,3.2593370404856086,0,False
2026-01-27,89250.0,11.399196699641886,1.8257202550135732,-1.722356932380706,-0.46392279343581055,-0.539501205946243,-0.5066261585311205,3.252424351385375,0,False
2026-01-28,89299.99,11.399756654882502,1.8170500344958873,-1.7221616042275087,-0.46383498823549313,-0.5394208222128858,-0.506586118339386,3.245572061918877,0,False
2026-01-29,84650.16,11.346282277695348,1.8064956431631092,-0.6620119251305265,-0.5171596272198329,-0.5914597786078546,-0.5588701279730444,3.236610470088922,0,False
2026-01-30,84260.49,11.34166835084959,1.79575983629111,-1.1615762757935784,-0.5218003518224176,-0.59593306779718,-0.5634614671701058,3.2275278160051135,0,False
2026-01-31,78741.09,11.273920407429602,1.7826468325226765,-0.26670106509872715,-0.5822412063909163,-0.6535474051216675,-0.6218927401779856,3.215549271219269,0,False
2026-02-01,76968.21,11.25114775844399,1.7687250933224006,-0.386675261248274,-0.6005572620444085,-0.6708044187152404,-0.639497472992703,3.202648792989369,0,False
2026-02-02,78738.61,11.273888911306607,1.7555789899515961,-0.93114576235384,-0.5835443618889724,-0.6547233333054386,-0.6231801344832688,3.190945290593145,0,False
2026-02-03,75770.21,11.235460486467044,1.7410799300115711,-0.6685041983698934,-0.6139426346053594,-0.6841911775010446,-0.6523531013444052,3.1776072522278778,0,False
2026-02-04,73165.83,11.200483787684146,1.7253504340777286,-0.4702029698383847,-0.6394512413278342,-0.709616548748135,-0.6770134742016604,3.162770577996627,0,False
2026-02-05,62909.86,11.049458187160232,1.704358156146699,2.031482932434815,-0.7329536644188583,-0.8014768219705525,-0.768645246804316,3.140189127985109,1,False
2026-02-06,70580.26,11.164505780985582,1.6873632928546702,1.0319216168548184,-0.679788033431226,-0.7468137367864462,-0.7141677741559792,3.1241416839483676,1,False
2026-02-07,69289.38,11.146046926681265,1.669717283553809,-0.4117078261878806,-0.6911549949676238,-0.7573905048161804,-0.7253560126658701,3.107430521664162,0,False
2026-02-08,70330.38,11.16095913238714,1.6525810867992201,-0.609206863649272,-0.6828376919366861,-0.7495225282098383,-0.7171697646345044,3.091708654458827,0,False
2026-02-09,70138.0,11.158220008887854,1.63534039254299,-0.7356943372330571,-0.6848034594258546,-0.7513692634933374,-0.7191253962421542,3.0760930045914177,0,False
2026-02-10,68841.29,11.139558989255072,1.6174423329650827,-0.6830444963721576,-0.6960827441424137,-0.7620317834734331,-0.7302565313059662,3.0598251521765754,0,False
2026-02-11,67082.52,11.1136787823156,1.5986375595092377,-0.5781207214070481,-0.710750808866009,-0.7764400342903364,-0.7450887817580065,3.042568329862575,0,False
2026-02-12,66272.17,11.101525329377921,1.5794047169839434,-0.5755365639167049,-0.7173611271118152,-0.7831868894621442,-0.7517468238953235,3.0250108355747534,0,False
2026-02-13,68853.96,11.139743018842669,1.56149360090242,-0.9190620352801688,-0.6979642551123986,-0.763819952684412,-0.7322462679501339,3.009545046237638,0,False
2026-02-14,69822.95,11.153718031270325,1.5440598313570617,-1.0772642352432973,-0.6903635614477343,-0.7563150441294655,-0.7247428355862228,2.99494127631879,0,False
2026-02-15,68832.58,11.139432458345299,1.5261215600915707,-1.040905225304378,-0.6989643794614822,-0.7650398247935462,-0.7332484540381343,2.979914737913082,0,False
2026-02-16,68892.43,11.14030158158976,1.508205756443728,-1.1012448185643364,-0.6988003646072453,-0.7649865221272447,-0.7331058018013308,2.9651500358573495,0,False
2026-02-17,67503.52,11.119935023649102,1.4895755888764666,-1.026145620936682,-0.7104301610472095,-0.7767602378670974,-0.7446734831980241,2.9497062741653215,0,False
2026-02-18,66461.0,11.104370588439984,1.4703991921972517,-0.9825372247187949,-0.7189079690611745,-0.7853864701001586,-0.7531887433126444,2.9338110728644393,0,False
2026-02-19,67003.73,11.112503568465286,1.451499682928244,-1.0796026172629487,-0.7150941113976284,-0.7816642986853625,-0.7493555736913824,2.918524665352476,0,False
2026-02-20,68020.01,11.127557205576759,1.4331164480750214,-1.2114313833840256,-0.7075422948964742,-0.774183430373475,-0.7417939586045597,2.9041159620545285,0,False
2026-02-21,67975.93,11.126908950907632,1.414703988464604,-1.2482174639136498,-0.7082131643943376,-0.774966505435641,-0.7424803269107425,2.889954743634688,0,False
2026-02-22,67643.4,11.122005067863943,1.3961148611090977,-1.2592809850801905,-0.7111712796597951,-0.7780471851449237,-0.7454497939694936,2.875795829316743,0,False
2026-02-23,64656.02,11.07683649664758,1.3759539677770545,-0.8951676065792287,-0.7347642186367777,-0.8018677880090084,-0.7691794835308509,2.8599524997510044,0,False
2026-02-24,64058.15,11.067546543570366,1.3554680809172654,-1.0409504217486185,-0.739311394320652,-0.8065606163679345,-0.7738595407706385,2.843979451713938,0,False
2026-02-25,67988.04,11.127087086336187,1.3370424504082756,-0.4977715191346388,-0.7119004001469611,-0.7783521026028781,-0.7457766886135718,2.830712707371365,0,False
2026-02-26,67485.18,11.119663297199216,1.3183530936524683,-1.2811372111856976,-0.7161919895959199,-0.7826817794935342,-0.7500799865189521,2.817339779612574,0,False
2026-02-27,65872.1,11.095470262104234,1.2988198729324596,-1.283397923288809,-0.7290173976900923,-0.79579022405267,-0.7629788768662852,2.8032054749757376,0,False
2026-02-28,66973.26,11.112048714232102,1.2798563183046738,-1.3734747559488598,-0.7211575344150043,-0.7875594526429137,-0.7550237865310255,2.78992375422314,0,False
2026-03-01,65776.47,11.094017454575521,1.2602631066075352,-1.3201819716020229,-0.7306065504322412,-0.7973375196025473,-0.7645629066259928,2.776135804681774,0,False
2026-03-02,68830.06,11.139395847104947,1.2422362416252175,-0.8890215528180663,-0.7082302973600717,-0.7740530553643727,-0.7419512958509159,2.764241298085723,0,False
2026-03-03,68338.0,11.132221259803524,1.2239538064343123,-1.5133550906592719,-0.7125168731424139,-0.7783725025486331,-0.7464686480608029,2.7522391789325344,0,False
2026-03-04,72666.77,11.193639475120454,1.2077895067944107,-0.44541010093428857,-0.6782037556689501,-0.7450391236982977,-0.7125063073970909,2.7425142829024414,0,False
2026-03-05,70890.72,11.168894815378103,1.190758404185935,-1.4107295658581893,-0.6941444928061188,-0.7601071880638854,-0.7280344128517492,2.7320636376111245,0,False
2026-03-06,68114.02,11.128938344663643,1.1723361159028527,-1.034769934786095,-0.7178690327854007,-0.7837740410652587,-0.7513909645015945,2.720354956857606,0,False
2026-03-07,67262.91,11.116364249300377,1.1534725173444356,-1.1525144786353827,-0.7248704529767124,-0.7908471013158714,-0.758406076957373,2.7083534233344655,0,False
2026-03-08,65971.2,11.096973562137881,1.1339328980248766,-1.1089824847816419,-0.735053651542218,-0.8012021756574325,-0.768676527826008,2.6958232005905045,0,False
2026-03-09,68432.16,11.133598168551401,1.1156551175559815,-1.1311087335256211,-0.7168740768830518,-0.7829229555048463,-0.7505585138969667,2.684729954645783,0,False
2026-03-10,69948.63,11.155516394483675,1.0981281539995928,-1.1548580496844312,-0.7053279056493327,-0.7712590174033919,-0.7389199681546101,2.674497156775499,0,False
2026-03-11,70191.86,11.158987628874716,1.0807129775354574,-1.3959834153886672,-0.7036765966039071,-0.7696190831567644,-0.7372859518377443,2.6644925781829145,0,False
2026-03-12,70541.34,11.163954199923763,1.0634610323858709,-1.519399335624458,-0.7011626008226086,-0.7671184208618759,-0.7347783991660788,2.6547574787794344,0,False
2026-03-13,70930.0,11.169448754196132,1.0463902319008604,-1.594303013258489,-0.6982435946306549,-0.764301765345352,-0.7319343260630934,2.6453004638829616,0,False
2026-03-14,71211.95,11.173415920395652,1.0294474587740332,-1.663839027591669,-0.696197135101668,-0.7623566958367896,-0.7299524717718925,2.636066382917485,0,False
2026-03-15,72815.24,11.19568055293542,1.0132643681146447,-1.5250820510350873,-0.6829311598860116,-0.7497412419925804,-0.717014744209246,2.627597940477444,0,False
2026-03-16,74884.67,11.223704475659758,0.9980383222423199,-1.3156350943951227,-0.6651376791394842,-0.7325355302544144,-0.6998073228558672,2.6200207554446564,0,False
2026-03-17,73909.36,11.210594756561358,0.9823472822897712,-1.5578433268528242,-0.6743596763256255,-0.7414168124191085,-0.7087109551002077,2.612136896445755,0,False
2026-03-18,71246.54,11.173901535548245,0.9653780043236504,-1.128167537240191,-0.6976779250879439,-0.7643150664177858,-0.7320799213439969,2.6032575315714963,0,False
2026-03-19,69930.0,11.155250020697913,0.9477557962886881,-1.216323835681055,-0.7081719117733588,-0.7757916708860201,-0.7433107237530142,2.5939127098006978,0,False
2026-03-20,70510.73,11.16352017580089,0.9304111171833861,-1.612757656470948,-0.7039257776934007,-0.7713838296987499,-0.7389627980390018,2.584913500861378,0,False
2026-03-21,68918.12,11.140674412266332,0.9122697249846469,-1.4627456770141238,-0.7165193624275189,-0.7846649899324109,-0.7522864405398774,2.5753293929351733,0,False
2026-03-22,67859.0,11.125187302008008,0.8935871788037513,-1.4133541111088124,-0.7249477748282662,-0.7934432079204804,-0.7609907872702126,2.56538547998542,0,False
2026-03-23,70906.45,11.1691166815841,0.876414131608215,-0.9271812120315142,-0.7019964048808683,-0.7700337588293307,-0.7379666346845739,2.55684109357158,0,False
2026-03-24,70556.74,11.164172487799277,0.8590618788142572,-1.536505528071746,-0.7049170666151072,-0.7733149702055155,-0.7411736696334597,2.5482415703015326,0,False
2026-03-25,71336.53,11.175163817415914,0.8420802977460057,-1.5871982083337892,-0.699160240834042,-0.7672039160884213,-0.7351717737718115,2.5400363171954674,0,False
2026-03-26,68820.31,11.13925418384583,0.8238516189664679,-1.1491619217507496,-0.7189603597966974,-0.7885488642385186,-0.7562494997329526,2.530897908987031,0,False
2026-03-27,66407.28,11.103561968008876,0.8043859627670981,-0.8969520266009026,-0.7379564363460345,-0.8079058682017282,-0.7755186982573318,2.520818749101314,0,False
2026-03-28,66377.03,11.103106341880707,0.7849004684570648,-1.2335575512327743,-0.7384029950366086,-0.8084671207145933,-0.7760682464480666,2.510844547223777,0,False
2026-03-29,66010.93,11.097575613357998,0.7652203200494861,-1.3707775528932855,-0.7414364033336363,-0.8114988392415713,-0.7791160349655255,2.500825343456929,0,False
2026-03-30,66797.37,11.109418987492184,0.7459445108865067,-1.676326247280589,-0.7356270544585214,-0.8060971629774354,-0.7736310685036933,2.49126460004458,0,False
2026-03-31,68284.48,11.131437786941111,0.7274226260764571,-1.5339457953971505,-0.7244919632857466,-0.7952936135252999,-0.7627667306676498,2.482427382982826,0,False
2026-04-01,68113.92,11.128936876536033,0.7088086472128101,-1.866248810238925,-0.7260208651635586,-0.7969642524079366,-0.7644202617218067,2.4736146753653876,0,False
2026-04-02,66901.99,11.110983991563307,0.6895707637788823,-1.646598632161146,-0.7355971861704821,-0.8066686934822613,-0.77410336521816,2.464401735229876,0,False
2026-04-03,66964.3,11.111914920544756,0.6703604147479387,-1.8394373735115144,-0.7353335244377265,-0.8065414282754801,-0.7739599682767411,2.4553157039931013,0,False
2026-04-04,67300.42,11.11692175632657,0.6513178333776978,-1.8540831598806236,-0.7329727835413696,-0.8043617110247975,-0.7717543993673092,2.4464643600691023,0,False
2026-04-05,69034.18,11.142357023246827,0.6331456133040955,-1.438697145891859,-0.719993300262048,-0.7915377096388475,-0.7589172867821538,2.438378946109494,0,False
2026-04-06,68853.66,11.139738661785303,0.6148767238226711,-1.8527460168740735,-0.7215975147206892,-0.7933127541288569,-0.7606684788811671,2.430305389391536,0,False
2026-04-07,71924.22,11.183368343731123,0.5981022353420798,-0.9335325106978822,-0.6986111339908706,-0.7693124578650407,-0.736958696889606,2.423402924023781,0,False
2026-04-08,71069.93,11.171419600876035,0.5809075610523544,-1.678686992990146,-0.7053967000184673,-0.7769019658903048,-0.744361405067051,2.416268019657958,0,False
2026-04-09,71787.97,11.181472192251938,0.5640501446276855,-1.6902278704192497,-0.7001446621928046,-0.7712760348322133,-0.7388585866692156,2.4094394717534118,0,False
2026-04-10,72962.7,11.197703630642433,0.5477417562689123,-1.612263892481472,-0.6914380539127718,-0.761700015572815,-0.7295354245149049,2.4030529392939104,0,False
2026-04-11,73043.16,11.198805778297942,0.5314611965794821,-1.6988066810241473,-0.6910518433106947,-0.7613598547759066,-0.7292097274482302,2.3967429368786313,0,False
2026-04-12,70740.98,11.166780316211717,0.5140697205371969,-1.2551463536149199,-0.7090322470325754,-0.7816147884319147,-0.7491314628575508,2.389728919900675,0,False
2026-04-13,74417.99,11.217452992667283,0.49841173234923863,-0.7373758316209489,-0.6816344432654063,-0.7516140664441,-0.7198241511883998,2.3839468923142775,0,False
2026-04-14,74131.55,11.213596496645716,0.4826100091359475,-1.3811072347035969,-0.6840484936559156,-0.7545205173614018,-0.7226249336015912,2.3781209778527006,0,False
2026-04-15,74809.99,11.222706711194473,0.46711035832287384,-1.4901042157949815,-0.6791313262804443,-0.7491433085689282,-0.7172150643644581,2.3725391969541367,0,False
2026-04-16,75154.29,11.22729847938013,0.4517569767843384,-1.605886871558507,-0.6767499441478855,-0.7464507733896832,-0.7146172146709154,2.3670968400994896,0,False
2026-04-17,77072.0,11.252495328870001,0.4372573825395279,-1.4266387042947417,-0.6625417288285259,-0.7298167290133761,-0.6984659109092429,2.362227124647144,0,False
2026-04-18,75691.76,11.234424582774318,0.422123890315389,-1.642532746702654,-0.6732983773645381,-0.7427065459159378,-0.7110479777365842,2.357007524399143,0,False
2026-04-19,73801.79,11.20913826503697,0.40610989870433944,-1.4419389678155325,-0.6879902588019153,-0.7599647365250815,-0.7278080929059976,2.351279117074211,0,False
2026-04-20,75840.97,11.236393926931498,0.3910212974431129,-1.3871509602968977,-0.6728700450868967,-0.7425978630831256,-0.7109898889398818,2.346174140078989,0,False
2026-04-21,76336.15,11.242901892750814,0.3761439747052325,-1.6369571714909115,-0.6693608921991249,-0.7385353483621826,-0.7070562041409325,2.341237669311663,0,False
2026-04-22,78178.23,11.266746499029258,0.36207270499810446,-1.4624408819917405,-0.6557697823254772,-0.7221809728218116,-0.6913614654016748,2.336815301794746,0,False
2026-04-23,78257.48,11.267759694888179,0.348022289397664,-1.6316324027038331,-0.6554122472984157,-0.7217826776537847,-0.6910248260647432,2.3324379626160243,0,False
2026-04-24,77437.13,11.257221660313272,0.3335962249602602,-1.8274134890666653,-0.6618622430632117,-0.729862087454912,-0.6987321421394419,2.327875861119536,0,False
2026-04-25,77625.0,11.25964481923578,0.31924002720000405,-1.8262158572542182,-0.6606834310002713,-0.7285230181188971,-0.6974374267461576,2.323388636060305,0,False
2026-04-26,78657.55,11.272858898793384,0.3053238711773627,-1.7771496588937705,-0.6529265972519556,-0.7194166148982669,-0.6886707644496326,2.319185808198308,0,False
2026-04-27,77371.32,11.256371448274274,0.29082783695769826,-1.6860284957303757,-0.6631496285595334,-0.7318722416473843,-0.7005840525089769,2.3146838605632594,0,False
2026-04-28,76342.77,11.242988610681543,0.27585951101164946,-1.7129384794024107,-0.6711780615469288,-0.7415897069252224,-0.7100194297687993,2.3099430811205313,0,False
2026-04-29,75780.0,11.235589684572592,0.26062505877549297,-1.7883239029251174,-0.6756709540339529,-0.7468263792111232,-0.7152678533364268,2.305083771414454,0,False
2026-04-30,76346.57,11.243038384948703,0.24563427000047683,-1.8357819128904258,-0.6716375796976845,-0.742314049302538,-0.7107438012210675,2.3004031764856,0,False
2026-05-01,78231.13,11.26742292916128,0.23146752918580873,-1.4659524971860791,-0.6577798499539739,-0.7256666024427003,-0.694763159427217,2.2962231316900152,0,False
2026-05-02,78686.85,11.27323133022836,0.217486293450715,-1.7062692033226008,-0.6546000854644536,-0.7217956932437648,-0.6913064211546488,2.292175448679652,0,False
2026-05-03,78568.57,11.271727025673325,0.20343948428118153,-1.8208286038007435,-0.6557295574210019,-0.723228425952185,-0.6927318960641413,2.2881207926457545,0,False
2026-05-04,79861.01,11.288043027669719,0.18993821170053918,-1.690364278024069,-0.6450549811434582,-0.7114659694702234,-0.6815874320504433,2.284388980431364,0,False
2026-05-05,80905.52,11.30103733310452,0.17686762453051139,-1.7234045262511501,-0.6354589207604951,-0.7018628777221405,-0.6725253530956274,2.2809094494122535,0,False
2026-05-06,81447.01,11.307707903718562,0.16401019119611307,-1.7927132937223162,-0.630593196549019,-0.697096515580856,-0.6679607088348524,2.277563504305501,0,False
2026-05-07,80006.0,11.289856910843659,0.15052502365144693,-1.647413092407578,-0.6450076099224311,-0.7115082575861155,-0.6816083644351103,2.2739139493967504,0,False
2026-05-08,80193.17,11.292193628133345,0.13710514468016935,-1.8105269287611048,-0.6435817960585456,-0.710152409818813,-0.6802893117244189,2.270323429355828,0,False
2026-05-09,80678.4,11.29822616043868,0.12387710145909084,-1.8074011587599303,-0.639305411823126,-0.7059321411099453,-0.6762708979373755,2.266856545099077,0,False
2026-05-10,82210.07,11.317033079623739,0.11127830490961353,-1.6205585035130718,-0.6249698899269609,-0.6920981514621249,-0.6627449627440615,2.263731759641031,0,False
2026-05-11,81745.65,11.31136787633457,0.09846913433392286,-1.8006390568527313,-0.6298933105105664,-0.6966503473663077,-0.6674237027103809,2.2605219419058415,0,False
2026-05-12,80504.47,11.296067989815345,0.08511985978158869,-1.7181896091178452,-0.6423646785172796,-0.7091197621323371,-0.6792273881486263,2.257059728565091,0,False
2026-05-13,79313.61,11.281165019630679,0.07124503704691082,-1.7051687890482703,-0.6528442277308756,-0.7206331616126352,-0.6904157729639536,2.25335007924256,0,False
2026-05-14,81089.99,11.303314804618827,0.05811486721670436,-1.5270697640910686,-0.6378076085831837,-0.7047006604375738,-0.674938134334275,2.250045680421573,0,False
2026-05-15,79113.21,11.278635143604832,0.04412401914501432,-1.4564623531268435,-0.6550122244588791,-0.7237786536666573,-0.6933687724895486,2.2463246894260385,0,False
2026-05-16,78148.05,11.266360383522962,0.029698895267636152,-1.5718155451013534,-0.6624884723952161,-0.7329827913259218,-0.7023400687348248,2.2424033012627635,0,False
2026-05-17,77457.67,11.257486872575019,0.014956773300768843,-1.6490493950389487,-0.6679011615780973,-0.739499927452884,-0.7087738854319757,2.238342786437733,0,False
2026-05-18,77001.87,11.251584986255214,-1.376198278355221e-16,-1.7250204622038723,-0.6715520479547462,-0.7436254835583004,-0.7131019227223233,2.234197643764502,0,False
