date,close,return,momentum_20d_positive,pos_BuyHold,ret_BuyHold,equity_BuyHold,event_BDE,pos_BDE,ret_BDE,equity_BDE,event_CSW,pos_CSW,ret_CSW,equity_CSW,event_SADF,pos_SADF,ret_SADF,equity_SADF,event_QADF,pos_QADF,ret_QADF,equity_QADF,event_CADF,pos_CADF,ret_CADF,equity_CADF,event_SMT,pos_SMT,ret_SMT,equity_SMT,event_Consensus,pos_Consensus,ret_Consensus,equity_Consensus
2018-06-12,14.6282,0.0,False,1.0,0.0,1.0,0,0.0,0.0,1.0,0,0.0,0.0,1.0,0,0.0,0.0,1.0,0,0.0,0.0,1.0,0,0.0,0.0,1.0,0,0.0,0.0,1.0,0,0.0,0.0,1.0
2018-06-13,13.8499,-0.053205452482191884,False,1.0,-0.053205452482191884,0.9467945475178081,0,0.0,-0.0,1.0,0,0.0,-0.0,1.0,0,0.0,-0.0,1.0,0,0.0,-0.0,1.0,0,0.0,-0.0,1.0,0,0.0,-0.0,1.0,0,0.0,-0.0,1.0
2018-06-14,14.0624,0.015343071069105152,False,1.0,0.015343071069105152,0.9613212835482151,0,0.0,0.0,1.0,0,0.0,0.0,1.0,0,0.0,0.0,1.0,0,0.0,0.0,1.0,0,0.0,0.0,1.0,0,0.0,0.0,1.0,0,0.0,0.0,1.0
2018-06-15,13.82,-0.017237455910797617,False,1.0,-0.017237455910797617,0.9447505503069413,0,0.0,-0.0,1.0,0,0.0,-0.0,1.0,0,0.0,-0.0,1.0,0,0.0,-0.0,1.0,0,0.0,-0.0,1.0,0,0.0,-0.0,1.0,0,0.0,-0.0,1.0
2018-06-16,14.44,0.04486251808972508,False,1.0,0.04486251808972508,0.9871344389603642,0,0.0,0.0,1.0,0,0.0,0.0,1.0,0,0.0,0.0,1.0,0,0.0,0.0,1.0,0,0.0,0.0,1.0,0,0.0,0.0,1.0,0,0.0,0.0,1.0
2018-06-17,14.2399,-0.01385734072022149,False,1.0,-0.01385734072022149,0.9734553807030258,0,0.0,-0.0,1.0,0,0.0,-0.0,1.0,0,0.0,-0.0,1.0,0,0.0,-0.0,1.0,0,0.0,-0.0,1.0,0,0.0,-0.0,1.0,0,0.0,-0.0,1.0
2018-06-18,15.0902,0.05971249798102507,False,1.0,0.05971249798102507,1.0315828331578734,0,0.0,0.0,1.0,0,0.0,0.0,1.0,0,0.0,0.0,1.0,0,0.0,0.0,1.0,0,0.0,0.0,1.0,0,0.0,0.0,1.0,0,0.0,0.0,1.0
2018-06-19,15.6025,0.03394918556414095,False,1.0,0.03394918556414095,1.0666042301855323,0,0.0,0.0,1.0,0,0.0,0.0,1.0,0,0.0,0.0,1.0,0,0.0,0.0,1.0,0,0.0,0.0,1.0,0,0.0,0.0,1.0,0,0.0,0.0,1.0
2018-06-20,17.35,0.11200128184585822,False,1.0,0.11200128184585822,1.1860652711885267,0,0.0,0.0,1.0,0,0.0,0.0,1.0,0,0.0,0.0,1.0,0,0.0,0.0,1.0,0,0.0,0.0,1.0,0,0.0,0.0,1.0,0,0.0,0.0,1.0
2018-06-21,17.5826,0.013406340057636745,False,1.0,0.013406340057636745,1.2019660655446331,0,0.0,0.0,1.0,0,0.0,0.0,1.0,0,0.0,0.0,1.0,0,0.0,0.0,1.0,0,0.0,0.0,1.0,0,0.0,0.0,1.0,0,0.0,0.0,1.0
2018-06-22,14.48,-0.17645854424260343,False,1.0,-0.17645854424260343,0.9898688833896175,0,0.0,-0.0,1.0,0,0.0,-0.0,1.0,0,0.0,-0.0,1.0,0,0.0,-0.0,1.0,0,0.0,-0.0,1.0,0,0.0,-0.0,1.0,0,0.0,-0.0,1.0
2018-06-23,14.753,0.018853591160221006,False,1.0,0.018853591160221006,1.00853146661927,0,0.0,0.0,1.0,0,0.0,0.0,1.0,0,0.0,0.0,1.0,0,0.0,0.0,1.0,0,0.0,0.0,1.0,0,0.0,0.0,1.0,0,0.0,0.0,1.0
2018-06-24,14.792,0.002643530129465166,False,1.0,0.002643530129465166,1.0111975499377917,0,0.0,0.0,1.0,0,0.0,0.0,1.0,0,0.0,0.0,1.0,0,0.0,0.0,1.0,0,0.0,0.0,1.0,0,0.0,0.0,1.0,0,0.0,0.0,1.0
2018-06-25,15.85,0.0715251487290427,False,1.0,0.0715251487290427,1.0835236050915358,0,0.0,0.0,1.0,0,0.0,0.0,1.0,0,0.0,0.0,1.0,0,0.0,0.0,1.0,0,0.0,0.0,1.0,0,0.0,0.0,1.0,0,0.0,0.0,1.0
2018-06-26,14.8447,-0.06342586750788648,False,1.0,-0.06342586750788648,1.0148001804733324,0,0.0,-0.0,1.0,0,0.0,-0.0,1.0,0,0.0,-0.0,1.0,0,0.0,-0.0,1.0,0,0.0,-0.0,1.0,0,0.0,-0.0,1.0,0,0.0,-0.0,1.0
2018-06-27,15.4501,0.04078223204241249,False,1.0,0.04078223204241249,1.056185996910078,0,0.0,0.0,1.0,0,0.0,0.0,1.0,0,0.0,0.0,1.0,0,0.0,0.0,1.0,0,0.0,0.0,1.0,0,0.0,0.0,1.0,0,0.0,0.0,1.0
2018-06-28,14.5421,-0.058769846149863136,False,1.0,-0.058769846149863136,0.9941141083660329,0,0.0,-0.0,1.0,0,0.0,-0.0,1.0,0,0.0,-0.0,1.0,0,0.0,-0.0,1.0,0,0.0,-0.0,1.0,0,0.0,-0.0,1.0,0,0.0,-0.0,1.0
2018-06-29,15.2534,0.04891315559650944,False,1.0,0.04891315559650944,1.042739366429226,0,0.0,0.0,1.0,0,0.0,0.0,1.0,0,0.0,0.0,1.0,0,0.0,0.0,1.0,0,0.0,0.0,1.0,0,0.0,0.0,1.0,0,0.0,0.0,1.0
2018-06-30,16.1571,0.05924580749210007,False,1.0,0.05924580749210007,1.1045173021971262,0,0.0,0.0,1.0,0,0.0,0.0,1.0,0,0.0,0.0,1.0,0,0.0,0.0,1.0,0,0.0,0.0,1.0,0,0.0,0.0,1.0,0,0.0,0.0,1.0
2018-07-01,16.0358,-0.007507535386919728,False,1.0,-0.007507535386919728,1.0962250994654161,0,0.0,-0.0,1.0,0,0.0,-0.0,1.0,0,0.0,-0.0,1.0,0,0.0,-0.0,1.0,0,0.0,-0.0,1.0,0,0.0,-0.0,1.0,0,0.0,-0.0,1.0
2018-07-02,16.6514,0.038389104378952155,True,1.0,0.038389104378952155,1.1383081992316213,0,0.0,0.0,1.0,0,0.0,0.0,1.0,0,0.0,0.0,1.0,0,0.0,0.0,1.0,0,0.0,0.0,1.0,0,0.0,0.0,1.0,0,0.0,0.0,1.0
2018-07-03,16.1401,-0.030706126812159895,True,1.0,-0.030706126812159895,1.1033551633146939,0,0.0,-0.0,1.0,0,0.0,-0.0,1.0,0,0.0,-0.0,1.0,0,0.0,-0.0,1.0,0,0.0,-0.0,1.0,0,0.0,-0.0,1.0,0,0.0,-0.0,1.0
2018-07-04,16.8426,0.04352513305369854,True,1.0,0.04352513305369854,1.151378843603451,0,0.0,0.0,1.0,0,0.0,0.0,1.0,0,0.0,0.0,1.0,0,0.0,0.0,1.0,0,0.0,0.0,1.0,0,0.0,0.0,1.0,0,0.0,0.0,1.0
2018-07-05,17.4,0.03309465284457258,True,1.0,0.03309465284457258,1.1894833267250928,0,0.0,0.0,1.0,0,0.0,0.0,1.0,0,0.0,0.0,1.0,0,0.0,0.0,1.0,0,0.0,0.0,1.0,0,0.0,0.0,1.0,0,0.0,0.0,1.0
2018-07-06,18.327,0.05327586206896573,True,1.0,0.05327586206896573,1.2528540763730334,0,0.0,0.0,1.0,0,0.0,0.0,1.0,0,0.0,0.0,1.0,0,0.0,0.0,1.0,0,0.0,0.0,1.0,0,0.0,0.0,1.0,0,0.0,0.0,1.0
2018-07-07,18.6621,0.01828449828122425,True,1.0,0.01828449828122425,1.2757618845791008,0,0.0,0.0,1.0,0,0.0,0.0,1.0,0,0.0,0.0,1.0,0,0.0,0.0,1.0,0,0.0,0.0,1.0,0,0.0,0.0,1.0,0,0.0,0.0,1.0
2018-07-08,18.3447,-0.01700773224878227,True,1.0,-0.01700773224878227,1.2540640680329775,0,0.0,-0.0,1.0,0,0.0,-0.0,1.0,0,0.0,-0.0,1.0,0,0.0,-0.0,1.0,0,0.0,-0.0,1.0,0,0.0,-0.0,1.0,0,0.0,-0.0,1.0
2018-07-09,18.1567,-0.010248191575768395,True,1.0,-0.010248191575768395,1.2412121792154882,0,0.0,-0.0,1.0,0,0.0,-0.0,1.0,0,0.0,-0.0,1.0,0,0.0,-0.0,1.0,0,0.0,-0.0,1.0,0,0.0,-0.0,1.0,0,0.0,-0.0,1.0
2018-07-10,16.05,-0.11602879377860509,False,1.0,-0.11602879377860509,1.0971958272378013,0,0.0,-0.0,1.0,0,0.0,-0.0,1.0,0,0.0,-0.0,1.0,0,0.0,-0.0,1.0,0,0.0,-0.0,1.0,0,0.0,-0.0,1.0,0,0.0,-0.0,1.0
2018-07-11,16.44,0.024299065420560817,False,1.0,0.024299065420560817,1.123856660423019,0,0.0,0.0,1.0,0,0.0,0.0,1.0,0,0.0,0.0,1.0,0,0.0,0.0,1.0,0,0.0,0.0,1.0,0,0.0,0.0,1.0,0,0.0,0.0,1.0
2018-07-12,16.3326,-0.006532846715328611,True,1.0,-0.006532846715328611,1.1165146771304741,0,0.0,-0.0,1.0,0,0.0,-0.0,1.0,0,0.0,-0.0,1.0,0,0.0,-0.0,1.0,0,0.0,-0.0,1.0,0,0.0,-0.0,1.0,0,0.0,-0.0,1.0
2018-07-13,16.27,-0.003832825147251473,True,1.0,-0.003832825147251473,1.1122352715986932,0,0.0,-0.0,1.0,0,0.0,-0.0,1.0,0,0.0,-0.0,1.0,0,0.0,-0.0,1.0,0,0.0,-0.0,1.0,0,0.0,-0.0,1.0,0,0.0,-0.0,1.0
2018-07-14,16.3634,0.005740626920712977,True,1.0,0.005740626920712977,1.1186201993409992,0,0.0,0.0,1.0,0,0.0,0.0,1.0,0,0.0,0.0,1.0,0,0.0,0.0,1.0,0,0.0,0.0,1.0,0,0.0,0.0,1.0,0,0.0,0.0,1.0
2018-07-15,16.6365,0.01668968551767991,True,1.0,0.01668968551767991,1.137289618681725,0,0.0,0.0,1.0,0,0.0,0.0,1.0,0,0.0,0.0,1.0,0,0.0,0.0,1.0,0,0.0,0.0,1.0,0,0.0,0.0,1.0,0,0.0,0.0,1.0
2018-07-16,17.384,0.04493132569951608,True,1.0,0.04493132569951608,1.188389548953392,0,0.0,0.0,1.0,0,0.0,0.0,1.0,0,0.0,0.0,1.0,0,0.0,0.0,1.0,0,0.0,0.0,1.0,0,0.0,0.0,1.0,0,0.0,0.0,1.0
2018-07-17,17.92,0.030832949838932366,True,1.0,0.030832949838932366,1.2250311043053834,0,0.0,0.0,1.0,0,0.0,0.0,1.0,0,0.0,0.0,1.0,0,0.0,0.0,1.0,0,0.0,0.0,1.0,0,0.0,0.0,1.0,0,0.0,0.0,1.0
2018-07-18,17.3411,-0.03230468750000004,True,1.0,-0.03230468750000004,1.185456857303018,0,0.0,-0.0,1.0,0,0.0,-0.0,1.0,0,0.0,-0.0,1.0,0,0.0,-0.0,1.0,0,0.0,-0.0,1.0,0,0.0,-0.0,1.0,0,0.0,-0.0,1.0
2018-07-19,17.3844,0.0024969580937770353,True,1.0,0.0024969580937770353,1.1884168933976842,0,0.0,0.0,1.0,0,0.0,0.0,1.0,0,0.0,0.0,1.0,0,0.0,0.0,1.0,0,0.0,0.0,1.0,0,0.0,0.0,1.0,0,0.0,0.0,1.0
2018-07-20,16.1008,-0.07383631301626747,False,1.0,-0.07383631301626747,1.1006685716629525,0,0.0,-0.0,1.0,0,0.0,-0.0,1.0,0,0.0,-0.0,1.0,0,0.0,-0.0,1.0,0,0.0,-0.0,1.0,0,0.0,-0.0,1.0,0,0.0,-0.0,1.0
2018-07-21,16.3356,0.014583126304283045,True,1.0,0.014583126304283045,1.1167197604626682,0,0.0,0.0,1.0,0,0.0,0.0,1.0,0,0.0,0.0,1.0,0,0.0,0.0,1.0,0,0.0,0.0,1.0,0,0.0,0.0,1.0,0,0.0,0.0,1.0
2018-07-22,16.1449,-0.011673890154019428,False,1.0,-0.011673890154019428,1.103683296646204,0,0.0,-0.0,1.0,0,0.0,-0.0,1.0,0,0.0,-0.0,1.0,0,0.0,-0.0,1.0,0,0.0,-0.0,1.0,0,0.0,-0.0,1.0,0,0.0,-0.0,1.0
2018-07-23,16.0477,-0.0060204770546736786,False,1.0,-0.0060204770546736786,1.0970385966831189,0,0.0,-0.0,1.0,0,0.0,-0.0,1.0,0,0.0,-0.0,1.0,0,0.0,-0.0,1.0,0,0.0,-0.0,1.0,0,0.0,-0.0,1.0,0,0.0,-0.0,1.0
2018-07-24,16.5948,0.034092112888451265,False,1.0,0.034092112888451265,1.134438960364228,0,0.0,0.0,1.0,0,0.0,0.0,1.0,0,0.0,0.0,1.0,0,0.0,0.0,1.0,0,0.0,0.0,1.0,0,0.0,0.0,1.0,0,0.0,0.0,1.0
2018-07-25,16.5352,-0.0035914864897437226,False,1.0,-0.0035914864897437226,1.1303646381646408,0,0.0,-0.0,1.0,0,0.0,-0.0,1.0,0,0.0,-0.0,1.0,0,0.0,-0.0,1.0,0,0.0,-0.0,1.0,0,0.0,-0.0,1.0,0,0.0,-0.0,1.0
2018-07-26,16.66,0.007547534955730795,False,1.0,0.007547534955730795,1.1388961047839103,0,0.0,0.0,1.0,0,0.0,0.0,1.0,0,0.0,0.0,1.0,0,0.0,0.0,1.0,0,0.0,0.0,1.0,0,0.0,0.0,1.0,0,0.0,0.0,1.0
2018-07-27,17.0736,0.024825930372148752,False,1.0,0.024825930372148752,1.1671702601823872,0,0.0,0.0,1.0,0,0.0,0.0,1.0,0,0.0,0.0,1.0,0,0.0,0.0,1.0,0,0.0,0.0,1.0,0,0.0,0.0,1.0,0,0.0,0.0,1.0
2018-07-28,17.0143,-0.0034731983881548523,False,1.0,-0.0034731983881548523,1.1631164463160195,0,0.0,-0.0,1.0,0,0.0,-0.0,1.0,0,0.0,-0.0,1.0,0,0.0,-0.0,1.0,0,0.0,-0.0,1.0,0,0.0,-0.0,1.0,0,0.0,-0.0,1.0
2018-07-29,16.8879,-0.007429044979811117,False,1.0,-0.007429044979811117,1.1544756019195797,0,0.0,-0.0,1.0,0,0.0,-0.0,1.0,0,0.0,-0.0,1.0,0,0.0,-0.0,1.0,0,0.0,-0.0,1.0,0,0.0,-0.0,1.0,0,0.0,-0.0,1.0
2018-07-30,17.118,0.013625139893059579,True,1.0,0.013625139893059579,1.1702054934988582,0,0.0,0.0,1.0,0,0.0,0.0,1.0,0,0.0,0.0,1.0,0,0.0,0.0,1.0,0,0.0,0.0,1.0,0,0.0,0.0,1.0,0,0.0,0.0,1.0
2018-07-31,16.185,-0.05450403084472488,False,1.0,-0.05450403084472488,1.10642457718653,0,0.0,-0.0,1.0,0,0.0,-0.0,1.0,0,0.0,-0.0,1.0,0,0.0,-0.0,1.0,0,0.0,-0.0,1.0,0,0.0,-0.0,1.0,0,0.0,-0.0,1.0
2018-08-01,15.4773,-0.0437256719184429,False,1.0,-0.0437256719184429,1.05804541912197,0,0.0,-0.0,1.0,0,0.0,-0.0,1.0,0,0.0,-0.0,1.0,0,0.0,-0.0,1.0,0,0.0,-0.0,1.0,0,0.0,-0.0,1.0,0,0.0,-0.0,1.0
2018-08-02,14.9281,-0.0354842252847718,False,1.0,-0.0354842252847718,1.020501497108325,0,0.0,-0.0,1.0,0,0.0,-0.0,1.0,0,0.0,-0.0,1.0,0,0.0,-0.0,1.0,0,0.0,-0.0,1.0,0,0.0,-0.0,1.0,0,0.0,-0.0,1.0
2018-08-03,16.5698,0.10997380778531762,True,1.0,0.10997380778531762,1.1327299325959448,0,0.0,0.0,1.0,0,0.0,0.0,1.0,0,0.0,0.0,1.0,0,0.0,0.0,1.0,0,0.0,0.0,1.0,0,0.0,0.0,1.0,0,0.0,0.0,1.0
2018-08-04,16.4573,-0.0067894603435165735,False,1.0,-0.0067894603435165735,1.1250393076386704,0,0.0,-0.0,1.0,0,0.0,-0.0,1.0,0,0.0,-0.0,1.0,0,0.0,-0.0,1.0,0,0.0,-0.0,1.0,0,0.0,-0.0,1.0,0,0.0,-0.0,1.0
2018-08-05,17.687,0.07472064068832673,True,1.0,0.07472064068832673,1.2091029655049834,0,0.0,0.0,1.0,0,0.0,0.0,1.0,0,0.0,0.0,1.0,0,0.0,0.0,1.0,0,0.0,0.0,1.0,0,0.0,0.0,1.0,0,0.0,0.0,1.0
2018-08-06,18.7005,0.05730197320065589,True,1.0,0.05730197320065589,1.2783869512311836,0,0.0,0.0,1.0,0,0.0,0.0,1.0,0,0.0,0.0,1.0,0,0.0,0.0,1.0,0,0.0,0.0,1.0,0,0.0,0.0,1.0,0,0.0,0.0,1.0
2018-08-07,17.3,-0.07489104569396543,False,1.0,-0.07489104569396543,1.1826472156519598,0,0.0,-0.0,1.0,0,0.0,-0.0,1.0,0,0.0,-0.0,1.0,0,0.0,-0.0,1.0,0,0.0,-0.0,1.0,0,0.0,-0.0,1.0,0,0.0,-0.0,1.0
2018-08-08,15.1413,-0.1247803468208093,False,1.0,-0.1247803468208093,1.0350760859162438,0,0.0,-0.0,1.0,0,0.0,-0.0,1.0,0,0.0,-0.0,1.0,0,0.0,-0.0,1.0,0,0.0,-0.0,1.0,0,0.0,-0.0,1.0,0,0.0,-0.0,1.0
2018-08-09,15.0176,-0.008169708017145116,False,1.0,-0.008169708017145116,1.0266198165187788,0,0.0,-0.0,1.0,0,0.0,-0.0,1.0,0,0.0,-0.0,1.0,0,0.0,-0.0,1.0,0,0.0,-0.0,1.0,0,0.0,-0.0,1.0,0,0.0,-0.0,1.0
2018-08-10,14.2569,-0.05065389942467502,False,1.0,-0.05065389942467502,0.9746175195854582,0,0.0,-0.0,1.0,0,0.0,-0.0,1.0,0,0.0,-0.0,1.0,0,0.0,-0.0,1.0,0,0.0,-0.0,1.0,0,0.0,-0.0,1.0,0,0.0,-0.0,1.0
2018-08-11,13.1436,-0.07808850451360394,False,1.0,-0.07808850451360394,0.8985110950082716,0,0.0,-0.0,1.0,0,0.0,-0.0,1.0,0,0.0,-0.0,1.0,0,0.0,-0.0,1.0,0,0.0,-0.0,1.0,0,0.0,-0.0,1.0,0,0.0,-0.0,1.0
2018-08-12,13.1844,0.0031041723728659765,False,1.0,0.0031041723728659765,0.9013002283261099,0,0.0,0.0,1.0,0,0.0,0.0,1.0,0,0.0,0.0,1.0,0,0.0,0.0,1.0,0,0.0,0.0,1.0,0,0.0,0.0,1.0,0,0.0,0.0,1.0
2018-08-13,11.9,-0.09741816085677013,False,1.0,-0.09741816085677013,0.8134972177027933,0,0.0,-0.0,1.0,0,0.0,-0.0,1.0,0,0.0,-0.0,1.0,0,0.0,-0.0,1.0,0,0.0,-0.0,1.0,0,0.0,-0.0,1.0,0,0.0,-0.0,1.0
2018-08-14,11.77,-0.010924369747899232,False,1.0,-0.010924369747899232,0.8046102733077207,0,0.0,-0.0,1.0,0,0.0,-0.0,1.0,0,0.0,-0.0,1.0,0,0.0,-0.0,1.0,0,0.0,-0.0,1.0,0,0.0,-0.0,1.0,0,0.0,-0.0,1.0
2018-08-15,13.2459,0.12539507221750212,False,1.0,0.12539507221750212,0.9055044366360865,0,0.0,0.0,1.0,0,0.0,0.0,1.0,0,0.0,0.0,1.0,0,0.0,0.0,1.0,0,0.0,0.0,1.0,0,0.0,0.0,1.0,0,0.0,0.0,1.0
2018-08-16,13.8966,0.04912463479265283,False,1.0,0.04912463479265283,0.9499870113889611,0,0.0,0.0,1.0,0,0.0,0.0,1.0,0,0.0,0.0,1.0,0,0.0,0.0,1.0,0,0.0,0.0,1.0,0,0.0,0.0,1.0,0,0.0,0.0,1.0
2018-08-17,14.4524,0.03999539455694201,False,1.0,0.03999539455694201,0.9879821167334328,0,0.0,0.0,1.0,0,0.0,0.0,1.0,0,0.0,0.0,1.0,0,0.0,0.0,1.0,0,0.0,0.0,1.0,0,0.0,0.0,1.0,0,0.0,0.0,1.0
2018-08-18,13.1793,-0.08808917550026296,False,1.0,-0.08808917550026296,0.9009515866613802,0,0.0,-0.0,1.0,0,0.0,-0.0,1.0,0,0.0,-0.0,1.0,0,0.0,-0.0,1.0,0,0.0,-0.0,1.0,0,0.0,-0.0,1.0,0,0.0,-0.0,1.0
2018-08-19,13.3035,0.009423869249505001,False,1.0,0.009423869249505001,0.9094420366142111,0,0.0,0.0,1.0,0,0.0,0.0,1.0,0,0.0,0.0,1.0,0,0.0,0.0,1.0,0,0.0,0.0,1.0,0,0.0,0.0,1.0,0,0.0,0.0,1.0
2018-08-20,12.3703,-0.07014695380914793,False,1.0,-0.07014695380914793,0.8456474480797366,0,0.0,-0.0,1.0,0,0.0,-0.0,1.0,0,0.0,-0.0,1.0,0,0.0,-0.0,1.0,0,0.0,-0.0,1.0,0,0.0,-0.0,1.0,0,0.0,-0.0,1.0
2018-08-21,12.732,0.02923938788873337,False,1.0,0.02923938788873337,0.8703736618312575,0,0.0,0.0,1.0,0,0.0,0.0,1.0,0,0.0,0.0,1.0,0,0.0,0.0,1.0,0,0.0,0.0,1.0,0,0.0,0.0,1.0,0,0.0,0.0,1.0
2018-08-22,12.1713,-0.04403864278982084,False,1.0,-0.04403864278982084,0.8320435870442024,0,0.0,-0.0,1.0,0,0.0,-0.0,1.0,0,0.0,-0.0,1.0,0,0.0,-0.0,1.0,0,0.0,-0.0,1.0,0,0.0,-0.0,1.0,0,0.0,-0.0,1.0
2018-08-23,12.4789,0.025272567433223925,False,1.0,0.025272567433223925,0.8530714647051586,0,0.0,0.0,1.0,0,0.0,0.0,1.0,0,0.0,0.0,1.0,0,0.0,0.0,1.0,0,0.0,0.0,1.0,0,0.0,0.0,1.0,0,0.0,0.0,1.0
2018-08-24,12.5709,0.007372444686631008,False,1.0,0.007372444686631008,0.8593606868924407,0,0.0,0.0,1.0,0,0.0,0.0,1.0,0,0.0,0.0,1.0,0,0.0,0.0,1.0,0,0.0,0.0,1.0,0,0.0,0.0,1.0,0,0.0,0.0,1.0
2018-08-25,12.505,-0.005242265867996698,False,1.0,-0.005242265867996698,0.8548556896952463,0,0.0,-0.0,1.0,0,0.0,-0.0,1.0,0,0.0,-0.0,1.0,0,0.0,-0.0,1.0,0,0.0,-0.0,1.0,0,0.0,-0.0,1.0,0,0.0,-0.0,1.0
2018-08-26,12.4457,-0.004742103158736577,False,1.0,-0.004742103158736577,0.8508018758288786,0,0.0,-0.0,1.0,0,0.0,-0.0,1.0,0,0.0,-0.0,1.0,0,0.0,-0.0,1.0,0,0.0,-0.0,1.0,0,0.0,-0.0,1.0,0,0.0,-0.0,1.0
2018-08-27,12.7227,0.022256683031087077,False,1.0,0.022256683031087077,0.8697379035014562,0,0.0,0.0,1.0,0,0.0,0.0,1.0,0,0.0,0.0,1.0,0,0.0,0.0,1.0,0,0.0,0.0,1.0,0,0.0,0.0,1.0,0,0.0,0.0,1.0
2018-08-28,13.1837,0.03623444709063328,False,1.0,0.03623444709063328,0.901252375548598,0,0.0,0.0,1.0,0,0.0,0.0,1.0,0,0.0,0.0,1.0,0,0.0,0.0,1.0,0,0.0,0.0,1.0,0,0.0,0.0,1.0,0,0.0,0.0,1.0
2018-08-29,12.996,-0.014237277850679186,False,1.0,-0.014237277850679186,0.888420995064328,0,0.0,-0.0,1.0,0,0.0,-0.0,1.0,0,0.0,-0.0,1.0,0,0.0,-0.0,1.0,0,0.0,-0.0,1.0,0,0.0,-0.0,1.0,0,0.0,-0.0,1.0
2018-08-30,12.848,-0.011388119421360421,False,1.0,-0.011388119421360421,0.8783035506760916,0,0.0,-0.0,1.0,0,0.0,-0.0,1.0,0,0.0,-0.0,1.0,0,0.0,-0.0,1.0,0,0.0,-0.0,1.0,0,0.0,-0.0,1.0,0,0.0,-0.0,1.0
2018-08-31,12.7411,-0.00832036114570367,False,1.0,-0.00832036114570367,0.8709957479389127,0,0.0,-0.0,1.0,0,0.0,-0.0,1.0,0,0.0,-0.0,1.0,0,0.0,-0.0,1.0,0,0.0,-0.0,1.0,0,0.0,-0.0,1.0,0,0.0,-0.0,1.0
2018-09-01,13.1736,0.03394526375273732,False,1.0,0.03394526375273732,0.9005619283302118,0,0.0,0.0,1.0,0,0.0,0.0,1.0,0,0.0,0.0,1.0,0,0.0,0.0,1.0,0,0.0,0.0,1.0,0,0.0,0.0,1.0,0,0.0,0.0,1.0
2018-09-02,13.4031,0.017421206048460647,True,1.0,0.017421206048460647,0.9162508032430514,1,0.0,0.0,1.0,0,0.0,0.0,1.0,0,0.0,0.0,1.0,0,0.0,0.0,1.0,0,0.0,0.0,1.0,0,0.0,0.0,1.0,0,0.0,0.0,1.0
2018-09-03,14.0611,0.0490931202483007,True,1.0,0.0490931202483007,0.9612324141042646,0,1.0,0.0480931202483007,1.0480931202483008,0,0.0,0.0,1.0,0,0.0,0.0,1.0,0,0.0,0.0,1.0,0,0.0,0.0,1.0,0,0.0,0.0,1.0,0,0.0,0.0,1.0
2018-09-04,13.9819,-0.005632560752714899,True,1.0,-0.005632560752714899,0.9558182141343435,0,1.0,-0.005632560752714899,1.0421896720739998,0,0.0,-0.0,1.0,0,0.0,-0.0,1.0,0,0.0,-0.0,1.0,0,0.0,-0.0,1.0,0,0.0,-0.0,1.0,0,0.0,-0.0,1.0
2018-09-05,11.7599,-0.15891974624335747,False,1.0,-0.15891974624335747,0.8039198260893345,0,1.0,-0.15891974624335747,0.8765651538505518,0,0.0,-0.0,1.0,0,0.0,-0.0,1.0,0,0.0,-0.0,1.0,0,0.0,-0.0,1.0,0,0.0,-0.0,1.0,0,0.0,-0.0,1.0
2018-09-06,11.9851,0.019149822702573926,False,1.0,0.019149822702573926,0.8193147482260293,0,1.0,0.019149822702573926,0.8933512211340443,0,0.0,0.0,1.0,0,0.0,0.0,1.0,0,0.0,0.0,1.0,0,0.0,0.0,1.0,0,0.0,0.0,1.0,0,0.0,0.0,1.0
2018-09-07,11.5867,-0.03324127458260662,False,1.0,-0.03324127458260662,0.7920796817106687,0,1.0,-0.03324127458260662,0.8636550878936207,0,0.0,-0.0,1.0,0,0.0,-0.0,1.0,0,0.0,-0.0,1.0,0,0.0,-0.0,1.0,0,0.0,-0.0,1.0,0,0.0,-0.0,1.0
2018-09-08,10.9721,-0.05304357582400521,False,1.0,-0.05304357582400521,0.7500649430551949,0,1.0,-0.05304357582400521,0.8178437337531476,0,0.0,-0.0,1.0,0,0.0,-0.0,1.0,0,0.0,-0.0,1.0,0,0.0,-0.0,1.0,0,0.0,-0.0,1.0,0,0.0,-0.0,1.0
2018-09-09,11.21,0.021682266840440834,False,1.0,0.021682266840440834,0.7663280512981777,0,1.0,0.021682266840440834,0.8355764398221658,0,0.0,0.0,1.0,0,0.0,0.0,1.0,0,0.0,0.0,1.0,0,0.0,0.0,1.0,0,0.0,0.0,1.0,0,0.0,0.0,1.0
2018-09-10,11.3064,0.008599464763603848,False,1.0,0.008599464763603848,0.7729180623726776,0,1.0,0.008599464763603848,0.842761949973714,0,0.0,0.0,1.0,0,0.0,0.0,1.0,0,0.0,0.0,1.0,0,0.0,0.0,1.0,0,0.0,0.0,1.0,0,0.0,0.0,1.0
2018-09-11,11.2605,-0.004059647633198882,False,1.0,-0.004059647633198882,0.7697802873901096,0,1.0,-0.004059647633198882,0.8393406334181531,0,0.0,-0.0,1.0,0,0.0,-0.0,1.0,0,0.0,-0.0,1.0,0,0.0,-0.0,1.0,0,0.0,-0.0,1.0,0,0.0,-0.0,1.0
2018-09-12,10.7222,-0.047804271568757994,False,1.0,-0.047804271568757994,0.7329815014834362,0,1.0,-0.047804271568757994,0.7992165658395384,0,0.0,-0.0,1.0,0,0.0,-0.0,1.0,0,0.0,-0.0,1.0,0,0.0,-0.0,1.0,0,0.0,-0.0,1.0,0,0.0,-0.0,1.0
2018-09-13,11.1085,0.03602805394415309,False,1.0,0.03602805394415309,0.7593893985589478,0,1.0,0.03602805394415309,0.828010783386666,0,0.0,0.0,1.0,0,0.0,0.0,1.0,0,0.0,0.0,1.0,0,0.0,0.0,1.0,0,0.0,0.0,1.0,0,0.0,0.0,1.0
2018-09-14,10.9416,-0.01502453076472976,False,1.0,-0.01502453076472976,0.7479799291778892,0,1.0,-0.01502453076472976,0.815570309898145,0,0.0,-0.0,1.0,0,0.0,-0.0,1.0,0,0.0,-0.0,1.0,0,0.0,-0.0,1.0,0,0.0,-0.0,1.0,0,0.0,-0.0,1.0
2018-09-15,11.28,0.030927835051546504,False,1.0,0.030927835051546504,0.7711133290493705,0,1.0,0.030927835051546504,0.8407941339156135,0,0.0,0.0,1.0,0,0.0,0.0,1.0,0,0.0,0.0,1.0,0,0.0,0.0,1.0,0,0.0,0.0,1.0,0,0.0,0.0,1.0
2018-09-16,11.2048,-0.006666666666666599,False,1.0,-0.006666666666666599,0.7659725735223747,0,1.0,-0.006666666666666599,0.8351888396895095,0,0.0,-0.0,1.0,0,0.0,-0.0,1.0,0,0.0,-0.0,1.0,0,0.0,-0.0,1.0,0,0.0,-0.0,1.0,0,0.0,-0.0,1.0
2018-09-17,10.28,-0.08253605597601044,False,1.0,-0.08253605597601044,0.7027522183180432,0,1.0,-0.08253605597601044,0.7662556468663569,0,0.0,-0.0,1.0,0,0.0,-0.0,1.0,0,0.0,-0.0,1.0,0,0.0,-0.0,1.0,0,0.0,-0.0,1.0,0,0.0,-0.0,1.0
2018-09-18,10.5548,0.026731517509727798,False,1.0,0.026731517509727798,0.7215378515470121,0,1.0,0.026731517509727798,0.7867388231074928,0,0.0,0.0,1.0,0,0.0,0.0,1.0,0,0.0,0.0,1.0,0,0.0,0.0,1.0,0,0.0,0.0,1.0,0,0.0,0.0,1.0
2018-09-19,10.7821,0.021535225679311765,False,1.0,0.021535225679311765,0.7370763320162428,0,1.0,0.021535225679311765,0.8036814212137887,0,0.0,0.0,1.0,0,0.0,0.0,1.0,0,0.0,0.0,1.0,0,0.0,0.0,1.0,0,0.0,0.0,1.0,0,0.0,0.0,1.0
2018-09-20,11.14,0.0331939047124401,False,1.0,0.0331939047124401,0.7615427735469849,0,1.0,0.0331939047124401,0.8303587457287177,0,0.0,0.0,1.0,0,0.0,0.0,1.0,0,0.0,0.0,1.0,0,0.0,0.0,1.0,0,0.0,0.0,1.0,0,0.0,0.0,1.0
2018-09-21,11.7085,0.05103231597845603,False,1.0,0.05103231597845603,0.8004060649977444,0,1.0,0.05103231597845603,0.8727338756162201,0,0.0,0.0,1.0,0,0.0,0.0,1.0,0,0.0,0.0,1.0,0,0.0,0.0,1.0,0,0.0,0.0,1.0,0,0.0,0.0,1.0
2018-09-22,11.4491,-0.022154844770893023,False,1.0,-0.022154844770893023,0.782673192874038,0,1.0,-0.022154844770893023,0.8533985920756428,0,0.0,-0.0,1.0,0,0.0,-0.0,1.0,0,0.0,-0.0,1.0,0,0.0,-0.0,1.0,0,0.0,-0.0,1.0,0,0.0,-0.0,1.0
2018-09-23,11.6,0.01318007528976084,False,1.0,0.01318007528976084,0.7929888844833953,0,0.0,-0.001,0.8525451934835672,0,0.0,0.0,1.0,0,0.0,0.0,1.0,0,0.0,0.0,1.0,0,0.0,0.0,1.0,0,0.0,0.0,1.0,0,0.0,0.0,1.0
2018-09-24,11.0405,-0.04823275862068965,False,1.0,-0.04823275862068965,0.7547408430292177,0,0.0,-0.0,0.8525451934835672,0,0.0,-0.0,1.0,0,0.0,-0.0,1.0,0,0.0,-0.0,1.0,0,0.0,-0.0,1.0,0,0.0,-0.0,1.0,0,0.0,-0.0,1.0
2018-09-25,11.11,0.006295004755219491,False,1.0,0.006295004755219491,0.7594919402250451,0,0.0,0.0,0.8525451934835672,0,0.0,0.0,1.0,0,0.0,0.0,1.0,0,0.0,0.0,1.0,0,0.0,0.0,1.0,0,0.0,0.0,1.0,0,0.0,0.0,1.0
2018-09-26,10.9619,-0.013330333033303332,False,1.0,-0.013330333033303332,0.7493676597257355,0,0.0,-0.0,0.8525451934835672,0,0.0,-0.0,1.0,0,0.0,-0.0,1.0,0,0.0,-0.0,1.0,0,0.0,-0.0,1.0,0,0.0,-0.0,1.0,0,0.0,-0.0,1.0
2018-09-27,11.4479,0.04433537981554303,False,1.0,0.04433537981554303,0.7825911595411605,0,0.0,0.0,0.8525451934835672,0,0.0,0.0,1.0,0,0.0,0.0,1.0,0,0.0,0.0,1.0,0,0.0,0.0,1.0,0,0.0,0.0,1.0,0,0.0,0.0,1.0
2018-09-28,11.2481,-0.017452982643104797,True,1.0,-0.017452982643104797,0.7689326096170415,0,0.0,-0.0,0.8525451934835672,0,0.0,-0.0,1.0,0,0.0,-0.0,1.0,0,0.0,-0.0,1.0,0,0.0,-0.0,1.0,0,0.0,-0.0,1.0,0,0.0,-0.0,1.0
2018-09-29,11.3992,0.013433379859709493,True,1.0,0.013433379859709493,0.7792619734485449,0,0.0,0.0,0.8525451934835672,0,0.0,0.0,1.0,0,0.0,0.0,1.0,0,0.0,0.0,1.0,0,0.0,0.0,1.0,0,0.0,0.0,1.0,0,0.0,0.0,1.0
2018-09-30,11.3203,-0.00692153835356879,True,1.0,-0.00692153835356879,0.7738682818118431,0,0.0,-0.0,0.8525451934835672,0,0.0,-0.0,1.0,0,0.0,-0.0,1.0,0,0.0,-0.0,1.0,0,0.0,-0.0,1.0,0,0.0,-0.0,1.0,0,0.0,-0.0,1.0
2018-10-01,11.2504,-0.006174748019045273,False,1.0,-0.006174748019045273,0.7690898401717234,0,0.0,-0.0,0.8525451934835672,0,0.0,-0.0,1.0,0,0.0,-0.0,1.0,0,0.0,-0.0,1.0,0,0.0,-0.0,1.0,0,0.0,-0.0,1.0,0,0.0,-0.0,1.0
2018-10-02,11.163,-0.007768612671549491,True,1.0,-0.007768612671549491,0.7631150790938054,0,0.0,-0.0,0.8525451934835672,0,0.0,-0.0,1.0,0,0.0,-0.0,1.0,0,0.0,-0.0,1.0,0,0.0,-0.0,1.0,0,0.0,-0.0,1.0,0,0.0,-0.0,1.0
2018-10-03,11.141,-0.001970796380901252,True,1.0,-0.001970796380901252,0.7616111346577161,0,0.0,-0.0,0.8525451934835672,0,0.0,-0.0,1.0,0,0.0,-0.0,1.0,0,0.0,-0.0,1.0,0,0.0,-0.0,1.0,0,0.0,-0.0,1.0,0,0.0,-0.0,1.0
2018-10-04,11.0936,-0.004254555246387182,True,1.0,-0.004254555246387182,0.7583708180090513,0,0.0,-0.0,0.8525451934835672,0,0.0,-0.0,1.0,0,0.0,-0.0,1.0,0,0.0,-0.0,1.0,0,0.0,-0.0,1.0,0,0.0,-0.0,1.0,0,0.0,-0.0,1.0
2018-10-05,11.0963,0.00024338357251019183,False,1.0,0.00024338357251019183,0.7585553930080258,0,0.0,0.0,0.8525451934835672,0,0.0,0.0,1.0,0,0.0,0.0,1.0,0,0.0,0.0,1.0,0,0.0,0.0,1.0,0,0.0,0.0,1.0,0,0.0,0.0,1.0
2018-10-06,10.9652,-0.01181474906049762,False,1.0,-0.01181474906049762,0.7495932513911487,0,0.0,-0.0,0.8525451934835672,0,0.0,-0.0,1.0,0,0.0,-0.0,1.0,0,0.0,-0.0,1.0,0,0.0,-0.0,1.0,0,0.0,-0.0,1.0,0,0.0,-0.0,1.0
2018-10-07,10.95,-0.0013862036260168242,True,1.0,-0.0013862036260168242,0.7485541625080326,0,0.0,-0.0,0.8525451934835672,0,0.0,-0.0,1.0,0,0.0,-0.0,1.0,0,0.0,-0.0,1.0,0,0.0,-0.0,1.0,0,0.0,-0.0,1.0,0,0.0,-0.0,1.0
2018-10-08,11.0077,0.0052694063926941315,True,1.0,0.0052694063926941315,0.7524985985972302,0,0.0,0.0,0.8525451934835672,0,0.0,0.0,1.0,0,0.0,0.0,1.0,0,0.0,0.0,1.0,0,0.0,0.0,1.0,0,0.0,0.0,1.0,0,0.0,0.0,1.0
2018-10-09,10.9509,-0.0051600243465936835,True,1.0,-0.0051600243465936835,0.7486156875076909,0,0.0,-0.0,0.8525451934835672,0,0.0,-0.0,1.0,0,0.0,-0.0,1.0,0,0.0,-0.0,1.0,0,0.0,-0.0,1.0,0,0.0,-0.0,1.0,0,0.0,-0.0,1.0
2018-10-10,10.9023,-0.0044379913979673,False,1.0,-0.0044379913979673,0.7452933375261485,0,0.0,-0.0,0.8525451934835672,0,0.0,-0.0,1.0,0,0.0,-0.0,1.0,0,0.0,-0.0,1.0,0,0.0,-0.0,1.0,0,0.0,-0.0,1.0,0,0.0,-0.0,1.0
2018-10-11,9.2017,-0.15598543426616396,False,1.0,-0.15598543426616396,0.6290384326164534,0,0.0,-0.0,0.8525451934835672,0,0.0,-0.0,1.0,0,0.0,-0.0,1.0,0,0.0,-0.0,1.0,0,0.0,-0.0,1.0,0,0.0,-0.0,1.0,0,0.0,-0.0,1.0
2018-10-12,9.5181,0.034384950606953124,False,1.0,0.034384950606953124,0.6506678880518454,0,0.0,0.0,0.8525451934835672,0,0.0,0.0,1.0,0,0.0,0.0,1.0,0,0.0,0.0,1.0,0,0.0,0.0,1.0,0,0.0,0.0,1.0,0,0.0,0.0,1.0
2018-10-13,9.5974,0.008331494731091293,False,1.0,0.008331494731091293,0.6560889241328396,0,0.0,0.0,0.8525451934835672,0,0.0,0.0,1.0,0,0.0,0.0,1.0,0,0.0,0.0,1.0,0,0.0,0.0,1.0,0,0.0,0.0,1.0,0,0.0,0.0,1.0
2018-10-14,9.5081,-0.00930460333006855,False,1.0,-0.00930460333006855,0.6499842769445321,0,0.0,-0.0,0.8525451934835672,0,0.0,-0.0,1.0,0,0.0,-0.0,1.0,0,0.0,-0.0,1.0,0,0.0,-0.0,1.0,0,0.0,-0.0,1.0,0,0.0,-0.0,1.0
2018-10-15,10.0182,0.05364899401562884,False,1.0,0.05364899401562884,0.6848552795285822,0,0.0,0.0,0.8525451934835672,0,0.0,0.0,1.0,0,0.0,0.0,1.0,0,0.0,0.0,1.0,0,0.0,0.0,1.0,0,0.0,0.0,1.0,0,0.0,0.0,1.0
2018-10-16,9.989,-0.0029146952546365013,False,1.0,-0.0029146952546365013,0.6828591350952274,0,0.0,-0.0,0.8525451934835672,0,0.0,-0.0,1.0,0,0.0,-0.0,1.0,0,0.0,-0.0,1.0,0,0.0,-0.0,1.0,0,0.0,-0.0,1.0,0,0.0,-0.0,1.0
2018-10-17,10.1051,0.011622785063569951,False,1.0,0.011622785063569951,0.6907958600511346,0,0.0,0.0,0.8525451934835672,0,0.0,0.0,1.0,0,0.0,0.0,1.0,0,0.0,0.0,1.0,0,0.0,0.0,1.0,0,0.0,0.0,1.0,0,0.0,0.0,1.0
2018-10-18,9.7965,-0.030539034744831883,False,1.0,-0.030539034744831883,0.6696996212794469,0,0.0,-0.0,0.8525451934835672,0,0.0,-0.0,1.0,0,0.0,-0.0,1.0,0,0.0,-0.0,1.0,0,0.0,-0.0,1.0,0,0.0,-0.0,1.0,0,0.0,-0.0,1.0
2018-10-19,9.75,-0.004746593171030433,False,1.0,-0.004746593171030433,0.6665208296304402,0,0.0,-0.0,0.8525451934835672,0,0.0,-0.0,1.0,0,0.0,-0.0,1.0,0,0.0,-0.0,1.0,0,0.0,-0.0,1.0,0,0.0,-0.0,1.0,0,0.0,-0.0,1.0
2018-10-20,9.82,0.007179487179487243,False,1.0,0.007179487179487243,0.6713061073816332,0,0.0,0.0,0.8525451934835672,0,0.0,0.0,1.0,0,0.0,0.0,1.0,0,0.0,0.0,1.0,0,0.0,0.0,1.0,0,0.0,0.0,1.0,0,0.0,0.0,1.0
2018-10-21,9.7639,-0.005712830957230186,False,1.0,-0.005712830957230186,0.6674710490696057,0,0.0,-0.0,0.8525451934835672,0,0.0,-0.0,1.0,0,0.0,-0.0,1.0,0,0.0,-0.0,1.0,0,0.0,-0.0,1.0,0,0.0,-0.0,1.0,0,0.0,-0.0,1.0
2018-10-22,10.2037,0.04504347647968543,False,1.0,0.04504347647968543,0.6975362655692435,0,0.0,0.0,0.8525451934835672,0,0.0,0.0,1.0,0,0.0,0.0,1.0,0,0.0,0.0,1.0,0,0.0,0.0,1.0,0,0.0,0.0,1.0,0,0.0,0.0,1.0
2018-10-23,9.9226,-0.027548830326254214,False,1.0,-0.027548830326254214,0.6783199573426675,0,0.0,-0.0,0.8525451934835672,0,0.0,-0.0,1.0,0,0.0,-0.0,1.0,0,0.0,-0.0,1.0,0,0.0,-0.0,1.0,0,0.0,-0.0,1.0,0,0.0,-0.0,1.0
2018-10-24,9.8365,-0.008677161227903962,False,1.0,-0.008677161227903962,0.6724340657087002,0,0.0,-0.0,0.8525451934835672,0,0.0,-0.0,1.0,0,0.0,-0.0,1.0,0,0.0,-0.0,1.0,0,0.0,-0.0,1.0,0,0.0,-0.0,1.0,0,0.0,-0.0,1.0
2018-10-25,9.776,-0.006150561683525568,False,1.0,-0.006150561683525568,0.668298218509455,0,0.0,-0.0,0.8525451934835672,0,0.0,-0.0,1.0,0,0.0,-0.0,1.0,0,0.0,-0.0,1.0,0,0.0,-0.0,1.0,0,0.0,-0.0,1.0,0,0.0,-0.0,1.0
2018-10-26,9.754,-0.0022504091653028357,False,1.0,-0.0022504091653028357,0.6667942740733658,0,0.0,-0.0,0.8525451934835672,0,0.0,-0.0,1.0,0,0.0,-0.0,1.0,0,0.0,-0.0,1.0,0,0.0,-0.0,1.0,0,0.0,-0.0,1.0,0,0.0,-0.0,1.0
2018-10-27,9.6867,-0.006899733442690126,False,1.0,-0.006899733442690126,0.6621935713211475,0,0.0,-0.0,0.8525451934835672,0,0.0,-0.0,1.0,0,0.0,-0.0,1.0,0,0.0,-0.0,1.0,0,0.0,-0.0,1.0,0,0.0,-0.0,1.0,0,0.0,-0.0,1.0
2018-10-28,9.6286,-0.005997914666501458,False,1.0,-0.005997914666501458,0.6582217907876574,0,0.0,-0.0,0.8525451934835672,0,0.0,-0.0,1.0,0,0.0,-0.0,1.0,0,0.0,-0.0,1.0,0,0.0,-0.0,1.0,0,0.0,-0.0,1.0,0,0.0,-0.0,1.0
2018-10-29,9.1034,-0.05454583220821296,False,1.0,-0.05454583220821296,0.6223185354315643,0,0.0,-0.0,0.8525451934835672,0,0.0,-0.0,1.0,0,0.0,-0.0,1.0,0,0.0,-0.0,1.0,0,0.0,-0.0,1.0,0,0.0,-0.0,1.0,0,0.0,-0.0,1.0
2018-10-30,9.0239,-0.008733000856822826,False,1.0,-0.008733000856822826,0.6168838271284238,0,0.0,-0.0,0.8525451934835672,0,0.0,-0.0,1.0,0,0.0,-0.0,1.0,0,0.0,-0.0,1.0,0,0.0,-0.0,1.0,0,0.0,-0.0,1.0,0,0.0,-0.0,1.0
2018-10-31,9.0855,0.006826316780992769,False,1.0,0.006826316780992769,0.6210948715494736,0,0.0,0.0,0.8525451934835672,0,0.0,0.0,1.0,0,0.0,0.0,1.0,0,0.0,0.0,1.0,0,0.0,0.0,1.0,0,0.0,0.0,1.0,0,0.0,0.0,1.0
2018-11-01,9.107,0.0023664080127676623,False,1.0,0.0023664080127676623,0.6225646354301972,0,0.0,0.0,0.8525451934835672,0,0.0,0.0,1.0,0,0.0,0.0,1.0,0,0.0,0.0,1.0,0,0.0,0.0,1.0,0,0.0,0.0,1.0,0,0.0,0.0,1.0
2018-11-02,9.209,0.011200175689030534,False,1.0,0.011200175689030534,0.6295374687247927,0,0.0,0.0,0.8525451934835672,0,0.0,0.0,1.0,0,0.0,0.0,1.0,0,0.0,0.0,1.0,0,0.0,0.0,1.0,0,0.0,0.0,1.0,0,0.0,0.0,1.0
2018-11-03,9.154,-0.0059724182864588915,False,1.0,-0.0059724182864588915,0.6257776076345697,0,0.0,-0.0,0.8525451934835672,0,0.0,-0.0,1.0,0,0.0,-0.0,1.0,0,0.0,-0.0,1.0,0,0.0,-0.0,1.0,0,0.0,-0.0,1.0,0,0.0,-0.0,1.0
2018-11-04,9.5696,0.04540091763163634,False,1.0,0.04540091763163634,0.6541884852545092,0,0.0,0.0,0.8525451934835672,0,0.0,0.0,1.0,0,0.0,0.0,1.0,0,0.0,0.0,1.0,0,0.0,0.0,1.0,0,0.0,0.0,1.0,0,0.0,0.0,1.0
2018-11-05,9.4899,-0.008328456779802651,False,1.0,-0.008328456779802651,0.6487401047292225,0,0.0,-0.0,0.8525451934835672,0,0.0,-0.0,1.0,0,0.0,-0.0,1.0,0,0.0,-0.0,1.0,0,0.0,-0.0,1.0,0,0.0,-0.0,1.0,0,0.0,-0.0,1.0
2018-11-06,10.0255,0.056438950884624584,False,1.0,0.056438950884624584,0.6853543156369213,0,0.0,0.0,0.8525451934835672,0,0.0,0.0,1.0,0,0.0,0.0,1.0,0,0.0,0.0,1.0,0,0.0,0.0,1.0,0,0.0,0.0,1.0,0,0.0,0.0,1.0
2018-11-07,9.7302,-0.029454890030422343,False,1.0,-0.029454890030422343,0.6651672796379604,0,0.0,-0.0,0.8525451934835672,0,0.0,-0.0,1.0,0,0.0,-0.0,1.0,0,0.0,-0.0,1.0,0,0.0,-0.0,1.0,0,0.0,-0.0,1.0,0,0.0,-0.0,1.0
2018-11-08,9.5167,-0.02194199502579597,False,1.0,-0.02194199502579597,0.650572182496822,0,0.0,-0.0,0.8525451934835672,0,0.0,-0.0,1.0,0,0.0,-0.0,1.0,0,0.0,-0.0,1.0,0,0.0,-0.0,1.0,0,0.0,-0.0,1.0,0,0.0,-0.0,1.0
2018-11-09,9.5498,0.003478096398961794,False,1.0,0.003478096398961794,0.652834935262029,0,0.0,0.0,0.8525451934835672,0,0.0,0.0,1.0,0,0.0,0.0,1.0,0,0.0,0.0,1.0,0,0.0,0.0,1.0,0,0.0,0.0,1.0,0,0.0,0.0,1.0
2018-11-10,9.519,-0.0032251984334750183,False,1.0,-0.0032251984334750183,0.6507294130515041,0,0.0,-0.0,0.8525451934835672,0,0.0,-0.0,1.0,0,0.0,-0.0,1.0,0,0.0,-0.0,1.0,0,0.0,-0.0,1.0,0,0.0,-0.0,1.0,0,0.0,-0.0,1.0
2018-11-11,9.3041,-0.022575900829919116,False,1.0,-0.022575900829919116,0.6360386103553419,0,0.0,-0.0,0.8525451934835672,0,0.0,-0.0,1.0,0,0.0,-0.0,1.0,0,0.0,-0.0,1.0,0,0.0,-0.0,1.0,0,0.0,-0.0,1.0,0,0.0,-0.0,1.0
2018-11-12,9.2608,-0.004653862275770915,False,1.0,-0.004653862275770915,0.6330785742606755,0,0.0,-0.0,0.8525451934835672,0,0.0,-0.0,1.0,0,0.0,-0.0,1.0,0,0.0,-0.0,1.0,0,0.0,-0.0,1.0,0,0.0,-0.0,1.0,0,0.0,-0.0,1.0
2018-11-13,9.1848,-0.008206634416033198,False,1.0,-0.008206634416033198,0.6278831298450946,0,0.0,-0.0,0.8525451934835672,0,0.0,-0.0,1.0,0,0.0,-0.0,1.0,0,0.0,-0.0,1.0,0,0.0,-0.0,1.0,0,0.0,-0.0,1.0,0,0.0,-0.0,1.0
2018-11-14,8.2012,-0.10708997474087611,False,1.0,-0.10708997474087611,0.5606431413297612,0,0.0,-0.0,0.8525451934835672,0,0.0,-0.0,1.0,0,0.0,-0.0,1.0,0,0.0,-0.0,1.0,0,0.0,-0.0,1.0,0,0.0,-0.0,1.0,0,0.0,-0.0,1.0
2018-11-15,7.8927,-0.03761644637370143,False,1.0,-0.03761644637370143,0.5395537386691468,0,0.0,-0.0,0.8525451934835672,0,0.0,-0.0,1.0,0,0.0,-0.0,1.0,0,0.0,-0.0,1.0,0,0.0,-0.0,1.0,0,0.0,-0.0,1.0,0,0.0,-0.0,1.0
2018-11-16,7.5637,-0.04168408782799293,False,1.0,-0.04168408782799293,0.5170629332385401,0,0.0,-0.0,0.8525451934835672,0,0.0,-0.0,1.0,0,0.0,-0.0,1.0,0,0.0,-0.0,1.0,0,0.0,-0.0,1.0,0,0.0,-0.0,1.0,0,0.0,-0.0,1.0
2018-11-17,7.4797,-0.011105675793593006,False,1.0,-0.011105675793593006,0.5113205999371087,0,0.0,-0.0,0.8525451934835672,0,0.0,-0.0,1.0,0,0.0,-0.0,1.0,0,0.0,-0.0,1.0,0,0.0,-0.0,1.0,0,0.0,-0.0,1.0,0,0.0,-0.0,1.0
2018-11-18,7.5234,0.005842480313381415,False,1.0,0.005842480313381415,0.5143079804760676,0,0.0,0.0,0.8525451934835672,0,0.0,0.0,1.0,0,0.0,0.0,1.0,0,0.0,0.0,1.0,0,0.0,0.0,1.0,0,0.0,0.0,1.0,0,0.0,0.0,1.0
2018-11-19,6.2797,-0.16531089666905918,False,1.0,-0.16531089666905918,0.4292872670595159,0,0.0,-0.0,0.8525451934835672,0,0.0,-0.0,1.0,0,0.0,-0.0,1.0,0,0.0,-0.0,1.0,0,0.0,-0.0,1.0,0,0.0,-0.0,1.0,0,0.0,-0.0,1.0
2018-11-20,5.65,-0.10027549086739806,False,1.0,-0.10027549086739806,0.38624027563199914,0,0.0,-0.0,0.8525451934835672,0,0.0,-0.0,1.0,0,0.0,-0.0,1.0,0,0.0,-0.0,1.0,0,0.0,-0.0,1.0,0,0.0,-0.0,1.0,0,0.0,-0.0,1.0
2018-11-21,5.8304,0.03192920353982287,False,1.0,0.03192920353982287,0.39857262000793053,0,0.0,0.0,0.8525451934835672,0,0.0,0.0,1.0,0,0.0,0.0,1.0,0,0.0,0.0,1.0,0,0.0,0.0,1.0,0,0.0,0.0,1.0,0,0.0,0.0,1.0
2018-11-22,5.2988,-0.09117727771679474,False,1.0,-0.09117727771679474,0.36223185354315696,0,0.0,-0.0,0.8525451934835672,0,0.0,-0.0,1.0,0,0.0,-0.0,1.0,0,0.0,-0.0,1.0,0,0.0,-0.0,1.0,0,0.0,-0.0,1.0,0,0.0,-0.0,1.0
2018-11-23,5.2632,-0.006718502302408003,False,1.0,-0.006718502302408003,0.3597981980011217,0,0.0,-0.0,0.8525451934835672,0,0.0,-0.0,1.0,0,0.0,-0.0,1.0,0,0.0,-0.0,1.0,0,0.0,-0.0,1.0,0,0.0,-0.0,1.0,0,0.0,-0.0,1.0
2018-11-24,4.855,-0.07755737954096364,False,1.0,-0.07755737954096364,0.33189319260059397,0,0.0,-0.0,0.8525451934835672,0,0.0,-0.0,1.0,0,0.0,-0.0,1.0,0,0.0,-0.0,1.0,0,0.0,-0.0,1.0,0,0.0,-0.0,1.0,0,0.0,-0.0,1.0
2018-11-25,4.8493,-0.0011740473738414137,False,1.0,-0.0011740473738414137,0.3315035342694254,0,0.0,-0.0,0.8525451934835672,0,0.0,-0.0,1.0,0,0.0,-0.0,1.0,0,0.0,-0.0,1.0,0,0.0,-0.0,1.0,0,0.0,-0.0,1.0,0,0.0,-0.0,1.0
2018-11-26,4.4013,-0.09238446786134091,False,1.0,-0.09238446786134091,0.30087775666179073,0,0.0,-0.0,0.8525451934835672,0,0.0,-0.0,1.0,0,0.0,-0.0,1.0,0,0.0,-0.0,1.0,0,0.0,-0.0,1.0,0,0.0,-0.0,1.0,0,0.0,-0.0,1.0
2018-11-27,4.5871,0.042214800172676314,False,1.0,0.042214800172676314,0.31357925103567136,0,0.0,0.0,0.8525451934835672,0,0.0,0.0,1.0,0,0.0,0.0,1.0,0,0.0,0.0,1.0,0,0.0,0.0,1.0,0,0.0,0.0,1.0,0,0.0,0.0,1.0
2018-11-28,5.0011,0.09025310108783313,False,1.0,0.09025310108783313,0.34188075087844083,0,0.0,0.0,0.8525451934835672,0,0.0,0.0,1.0,0,0.0,0.0,1.0,0,0.0,0.0,1.0,0,0.0,0.0,1.0,0,0.0,0.0,1.0,0,0.0,0.0,1.0
2018-11-29,4.9318,-0.013856951470676449,False,1.0,-0.013856951470676449,0.33714332590475987,0,0.0,-0.0,0.8525451934835672,0,0.0,-0.0,1.0,0,0.0,-0.0,1.0,0,0.0,-0.0,1.0,0,0.0,-0.0,1.0,0,0.0,-0.0,1.0,0,0.0,-0.0,1.0
2018-11-30,4.6277,-0.06166105681495604,False,1.0,-0.06166105681495604,0.31635471213136324,0,0.0,-0.0,0.8525451934835672,0,0.0,-0.0,1.0,0,0.0,-0.0,1.0,0,0.0,-0.0,1.0,0,0.0,-0.0,1.0,0,0.0,-0.0,1.0,0,0.0,-0.0,1.0
2018-12-01,4.8396,0.045789485057371904,False,1.0,0.045789485057371904,0.3308404314953315,0,0.0,0.0,0.8525451934835672,0,0.0,0.0,1.0,0,0.0,0.0,1.0,0,0.0,0.0,1.0,0,0.0,0.0,1.0,0,0.0,0.0,1.0,0,0.0,0.0,1.0
2018-12-02,5.1879,0.07196875774857436,False,1.0,0.07196875774857436,0.3546506063630528,0,0.0,0.0,0.8525451934835672,0,0.0,0.0,1.0,0,0.0,0.0,1.0,0,0.0,0.0,1.0,0,0.0,0.0,1.0,0,0.0,0.0,1.0,0,0.0,0.0,1.0
2018-12-03,4.5162,-0.12947435378476835,False,1.0,-0.12947435378476835,0.30873244828482027,0,0.0,-0.0,0.8525451934835672,0,0.0,-0.0,1.0,0,0.0,-0.0,1.0,0,0.0,-0.0,1.0,0,0.0,-0.0,1.0,0,0.0,-0.0,1.0,0,0.0,-0.0,1.0
2018-12-04,4.4169,-0.02198751162481738,False,1.0,-0.02198751162481738,0.3019441899891995,0,0.0,-0.0,0.8525451934835672,0,0.0,-0.0,1.0,0,0.0,-0.0,1.0,0,0.0,-0.0,1.0,0,0.0,-0.0,1.0,0,0.0,-0.0,1.0,0,0.0,-0.0,1.0
2018-12-05,4.0393,-0.08548982317915288,False,1.0,-0.08548982317915288,0.2761310345770503,0,0.0,-0.0,0.8525451934835672,0,0.0,-0.0,1.0,0,0.0,-0.0,1.0,0,0.0,-0.0,1.0,0,0.0,-0.0,1.0,0,0.0,-0.0,1.0,0,0.0,-0.0,1.0
2018-12-06,3.5229,-0.12784393335478916,False,1.0,-0.12784393335478916,0.2408293569953929,0,0.0,-0.0,0.8525451934835672,0,0.0,-0.0,1.0,0,0.0,-0.0,1.0,0,0.0,-0.0,1.0,0,0.0,-0.0,1.0,0,0.0,-0.0,1.0,0,0.0,-0.0,1.0
2018-12-07,3.8285,0.08674671435465098,False,1.0,0.08674671435465098,0.26172051243488653,0,0.0,0.0,0.8525451934835672,0,0.0,0.0,1.0,0,0.0,0.0,1.0,0,0.0,0.0,1.0,0,0.0,0.0,1.0,0,0.0,0.0,1.0,0,0.0,0.0,1.0
2018-12-08,3.7962,-0.008436724565756837,False,1.0,-0.008436724565756837,0.25951244855826466,0,0.0,-0.0,0.8525451934835672,0,0.0,-0.0,1.0,0,0.0,-0.0,1.0,0,0.0,-0.0,1.0,0,0.0,-0.0,1.0,0,0.0,-0.0,1.0,0,0.0,-0.0,1.0
2018-12-09,3.9069,0.02916073968705546,False,1.0,0.02916073968705546,0.26708002351622256,0,0.0,0.0,0.8525451934835672,0,0.0,0.0,1.0,0,0.0,0.0,1.0,0,0.0,0.0,1.0,0,0.0,0.0,1.0,0,0.0,0.0,1.0,0,0.0,0.0,1.0
2018-12-10,3.8312,-0.01937597583762063,False,1.0,-0.01937597583762063,0.2619050874338611,0,0.0,-0.0,0.8525451934835672,0,0.0,-0.0,1.0,0,0.0,-0.0,1.0,0,0.0,-0.0,1.0,0,0.0,-0.0,1.0,0,0.0,-0.0,1.0,0,0.0,-0.0,1.0
2018-12-11,3.6912,-0.03654207558989353,False,1.0,-0.03654207558989353,0.25233453193147526,0,0.0,-0.0,0.8525451934835672,0,0.0,-0.0,1.0,0,0.0,-0.0,1.0,0,0.0,-0.0,1.0,0,0.0,-0.0,1.0,0,0.0,-0.0,1.0,0,0.0,-0.0,1.0
2018-12-12,3.8621,0.04629930645860436,False,1.0,0.04629930645860436,0.2640174457554591,0,0.0,0.0,0.8525451934835672,0,0.0,0.0,1.0,0,0.0,0.0,1.0,0,0.0,0.0,1.0,0,0.0,0.0,1.0,0,0.0,0.0,1.0,0,0.0,0.0,1.0
2018-12-13,3.8637,0.0004142823852308908,False,1.0,0.0004142823852308908,0.26412682353262923,0,0.0,0.0,0.8525451934835672,0,0.0,0.0,1.0,0,0.0,0.0,1.0,0,0.0,0.0,1.0,0,0.0,0.0,1.0,0,0.0,0.0,1.0,0,0.0,0.0,1.0
2018-12-14,3.7136,-0.038848771902580403,False,1.0,-0.038848771902580403,0.253865820811857,0,0.0,-0.0,0.8525451934835672,0,0.0,-0.0,1.0,0,0.0,-0.0,1.0,0,0.0,-0.0,1.0,0,0.0,-0.0,1.0,0,0.0,-0.0,1.0,0,0.0,-0.0,1.0
2018-12-15,3.5977,-0.0312096079276174,False,1.0,-0.0312096079276174,0.24594276807809615,0,0.0,-0.0,0.8525451934835672,0,0.0,-0.0,1.0,0,0.0,-0.0,1.0,0,0.0,-0.0,1.0,0,0.0,-0.0,1.0,0,0.0,-0.0,1.0,0,0.0,-0.0,1.0
2018-12-16,3.611,0.0036968062929094714,False,1.0,0.0036968062929094714,0.24685197085082283,0,0.0,0.0,0.8525451934835672,0,0.0,0.0,1.0,0,0.0,0.0,1.0,0,0.0,0.0,1.0,0,0.0,0.0,1.0,0,0.0,0.0,1.0,0,0.0,0.0,1.0
2018-12-17,3.9594,0.09648296870672946,False,1.0,0.09648296870672946,0.27066898182961724,0,0.0,0.0,0.8525451934835672,0,0.0,0.0,1.0,0,0.0,0.0,1.0,0,0.0,0.0,1.0,0,0.0,0.0,1.0,0,0.0,0.0,1.0,0,0.0,0.0,1.0
2018-12-18,4.1642,0.0517250088397232,False,1.0,0.0517250088397232,0.2846693373073931,0,0.0,0.0,0.8525451934835672,0,0.0,0.0,1.0,0,0.0,0.0,1.0,0,0.0,0.0,1.0,0,0.0,0.0,1.0,0,0.0,0.0,1.0,0,0.0,0.0,1.0
2018-12-19,4.3031,0.033355746601988256,False,1.0,0.033355746601988256,0.2941646955879744,0,0.0,0.0,0.8525451934835672,0,0.0,0.0,1.0,0,0.0,0.0,1.0,0,0.0,0.0,1.0,0,0.0,0.0,1.0,0,0.0,0.0,1.0,0,0.0,0.0,1.0
2018-12-20,4.7063,0.09369989077641705,True,1.0,0.09369989077641705,0.3217278954348456,1,0.0,0.0,0.8525451934835672,1,0.0,0.0,1.0,0,0.0,0.0,1.0,0,0.0,0.0,1.0,0,0.0,0.0,1.0,0,0.0,0.0,1.0,1,0.0,0.0,1.0
2018-12-21,4.4714,-0.04991182032594599,False,1.0,-0.04991182032594599,0.30566987052405686,0,1.0,-0.05091182032594599,0.8091405657731829,0,1.0,-0.05091182032594599,0.949088179674054,0,0.0,-0.0,1.0,0,0.0,-0.0,1.0,0,0.0,-0.0,1.0,0,0.0,-0.0,1.0,0,1.0,-0.05091182032594599,0.949088179674054
2018-12-22,4.6151,0.03213758554367763,False,1.0,0.03213758554367763,0.3154933621361486,0,1.0,0.03213758554367763,0.8351443899225783,0,1.0,0.03213758554367763,0.9795895822368222,0,0.0,0.0,1.0,0,0.0,0.0,1.0,0,0.0,0.0,1.0,0,0.0,0.0,1.0,0,1.0,0.03213758554367763,0.9795895822368222
2018-12-23,4.8427,0.04931637450976134,True,1.0,0.04931637450976134,0.33105235093859864,1,1.0,0.04931637450976134,0.8763306834257264,0,1.0,0.04931637450976134,1.027899388940274,0,0.0,0.0,1.0,0,0.0,0.0,1.0,0,0.0,0.0,1.0,0,0.0,0.0,1.0,0,1.0,0.04931637450976134,1.027899388940274
2018-12-24,5.0642,0.045738947281475095,True,1.0,0.045738947281475095,0.3461943369655876,1,1.0,0.045738947281475095,0.9164131263560747,0,1.0,0.045738947281475095,1.0749144249016738,0,0.0,0.0,1.0,0,0.0,0.0,1.0,0,0.0,0.0,1.0,0,0.0,0.0,1.0,0,1.0,0.045738947281475095,1.0749144249016738
2018-12-25,4.647,-0.08238221239287535,True,1.0,-0.08238221239287535,0.31767408156847793,1,1.0,-0.08238221239287535,0.8409169855409897,0,1.0,-0.08238221239287535,0.9863605964452586,0,0.0,-0.0,1.0,0,0.0,-0.0,1.0,0,0.0,-0.0,1.0,0,0.0,-0.0,1.0,0,1.0,-0.08238221239287535,0.9863605964452586
2018-12-26,5.4207,0.1664945125887669,True,1.0,0.1664945125887669,0.37056507294130586,1,1.0,0.1664945125887669,0.9809250491762519,1,1.0,0.1664945125887669,1.1505842231871775,0,0.0,0.0,1.0,0,0.0,0.0,1.0,0,0.0,0.0,1.0,0,0.0,0.0,1.0,1,1.0,0.1664945125887669,1.1505842231871775
2018-12-27,4.7049,-0.13204936631800313,True,1.0,-0.13204936631800313,0.32163218987982184,1,1.0,-0.13204936631800313,0.8513945180270718,1,1.0,-0.13204936631800313,0.9986503056198188,0,0.0,-0.0,1.0,0,0.0,-0.0,1.0,0,0.0,-0.0,1.0,0,0.0,-0.0,1.0,1,1.0,-0.13204936631800313,0.9986503056198188
2018-12-28,5.1775,0.10044846861782397,True,1.0,0.10044846861782397,0.3539396508114471,0,1.0,0.10044846861782397,0.9369157935525014,0,1.0,0.10044846861782397,1.0989631995040514,0,0.0,0.0,1.0,0,0.0,0.0,1.0,0,0.0,0.0,1.0,0,0.0,0.0,1.0,0,1.0,0.10044846861782397,1.0989631995040514
2018-12-29,5.0314,-0.028218252052148785,True,1.0,-0.028218252052148785,0.3439520925336002,0,1.0,-0.028218252052148785,0.910477667538398,0,1.0,-0.028218252052148785,1.0679523789444103,0,0.0,-0.0,1.0,0,0.0,-0.0,1.0,0,0.0,-0.0,1.0,0,0.0,-0.0,1.0,0,1.0,-0.028218252052148785,1.0679523789444103
2018-12-30,5.2048,0.03446356878801127,True,1.0,0.03446356878801127,0.35580590913441235,0,1.0,0.03446356878801127,0.9418559772635556,0,1.0,0.03446356878801127,1.1047578292184812,0,0.0,0.0,1.0,0,0.0,0.0,1.0,0,0.0,0.0,1.0,0,0.0,0.0,1.0,0,1.0,0.03446356878801127,1.1047578292184812
2018-12-31,4.9798,-0.04322932677528424,True,1.0,-0.04322932677528424,0.34042465921986376,0,1.0,-0.04322932677528424,0.9011401774471747,0,1.0,-0.04322932677528424,1.056999892011642,0,0.0,-0.0,1.0,0,0.0,-0.0,1.0,0,0.0,-0.0,1.0,0,0.0,-0.0,1.0,0,1.0,-0.04322932677528424,1.056999892011642
2019-01-01,5.252,0.05466082975219888,True,1.0,0.05466082975219888,0.35903255356093106,0,1.0,0.05466082975219888,0.9503972472694809,0,1.0,0.05466082975219888,1.1147763831569828,0,0.0,0.0,1.0,0,0.0,0.0,1.0,0,0.0,0.0,1.0,0,0.0,0.0,1.0,0,1.0,0.05466082975219888,1.1147763831569828
2019-01-02,5.32,0.012947448591013044,True,1.0,0.012947448591013044,0.36368110909066137,0,1.0,0.012947448591013044,0.9627024667695429,0,1.0,0.012947448591013044,1.1292098930683834,0,0.0,0.0,1.0,0,0.0,0.0,1.0,0,0.0,0.0,1.0,0,0.0,0.0,1.0,0,1.0,0.012947448591013044,1.1292098930683834
2019-01-03,4.9982,-0.06048872180451137,True,1.0,-0.06048872180451137,0.3416825036573202,0,1.0,-0.06048872180451137,0.9044698250766031,0,1.0,-0.06048872180451137,1.060905429987668,0,0.0,-0.0,1.0,0,0.0,-0.0,1.0,0,0.0,-0.0,1.0,0,0.0,-0.0,1.0,0,1.0,-0.06048872180451137,1.060905429987668
2019-01-04,5.1894,0.038253771357688926,True,1.0,0.038253771357688926,0.3547531480291501,0,1.0,0.038253771357688926,0.9390692069650124,0,1.0,0.038253771357688926,1.1014890637385468,0,0.0,0.0,1.0,0,0.0,0.0,1.0,0,0.0,0.0,1.0,0,0.0,0.0,1.0,0,1.0,0.038253771357688926,1.1014890637385468
2019-01-05,5.0564,-0.025629167148417897,True,1.0,-0.025629167148417897,0.34566112030188356,0,1.0,-0.025629167148417897,0.9150016452957739,0,1.0,-0.025629167148417897,1.0732588164118373,0,0.0,-0.0,1.0,0,0.0,-0.0,1.0,0,0.0,-0.0,1.0,0,0.0,-0.0,1.0,0,1.0,-0.025629167148417897,1.0732588164118373
2019-01-06,5.385,0.06498694723518694,True,1.0,0.06498694723518694,0.3681245812881977,0,1.0,0.06498694723518694,0.9744648089387196,0,1.0,0.06498694723518694,1.1430066304836926,0,0.0,0.0,1.0,0,0.0,0.0,1.0,0,0.0,0.0,1.0,0,0.0,0.0,1.0,0,1.0,0.06498694723518694,1.1430066304836926
2019-01-07,4.8099,-0.10679665738161559,True,1.0,-0.10679665738161559,0.32881010650661135,0,1.0,-0.10679665738161559,0.8703952246080496,0,1.0,-0.10679665738161559,1.0209373429830106,0,0.0,-0.0,1.0,0,0.0,-0.0,1.0,0,0.0,-0.0,1.0,0,0.0,-0.0,1.0,0,1.0,-0.10679665738161559,1.0209373429830106
2019-01-08,4.8852,0.015655211127050483,True,1.0,0.015655211127050483,0.3339576981446803,0,1.0,0.015655211127050483,0.8840214456132651,0,1.0,0.015655211127050483,1.0369203326348997,0,0.0,0.0,1.0,0,0.0,0.0,1.0,0,0.0,0.0,1.0,0,0.0,0.0,1.0,0,1.0,0.015655211127050483,1.0369203326348997
2019-01-09,4.9059,0.004237288135593209,True,1.0,0.004237288135593209,0.3353727731368188,0,1.0,0.004237288135593209,0.8877672991963722,0,1.0,0.004237288135593209,1.041314062857929,0,0.0,0.0,1.0,0,0.0,0.0,1.0,0,0.0,0.0,1.0,0,0.0,0.0,1.0,0,1.0,0.004237288135593209,1.041314062857929
2019-01-10,4.3316,-0.11706312807028274,False,1.0,-0.11706312807028274,0.2961129872438175,0,1.0,-0.11706312807028274,0.7838424821539383,0,1.0,-0.11706312807028274,0.9194145813562048,0,0.0,-0.0,1.0,0,0.0,-0.0,1.0,0,0.0,-0.0,1.0,0,0.0,-0.0,1.0,0,1.0,-0.11706312807028274,0.9194145813562048
2019-01-11,4.3799,0.011150614091790523,False,1.0,0.011150614091790523,0.2994148288921406,0,1.0,0.011150614091790523,0.792582807181188,0,1.0,0.011150614091790523,0.9296666185432729,0,0.0,0.0,1.0,0,0.0,0.0,1.0,0,0.0,0.0,1.0,0,0.0,0.0,1.0,0,1.0,0.011150614091790523,0.9296666185432729
2019-01-12,4.4593,0.018128267768670492,False,1.0,0.018128267768670492,0.30484270108420797,0,1.0,0.018128267768670492,0.8069509605386131,0,1.0,0.018128267768670492,0.9465198639398198,0,0.0,0.0,1.0,0,0.0,0.0,1.0,0,0.0,0.0,1.0,0,0.0,0.0,1.0,0,1.0,0.018128267768670492,0.9465198639398198
2019-01-13,4.1395,-0.07171529163770096,False,1.0,-0.07171529163770096,0.2829808178723295,0,1.0,-0.07171529163770096,0.7490802370662636,0,1.0,-0.07171529163770096,0.8786399158564986,0,0.0,-0.0,1.0,0,0.0,-0.0,1.0,0,0.0,-0.0,1.0,0,0.0,-0.0,1.0,0,1.0,-0.07171529163770096,0.8786399158564986
2019-01-14,4.2913,0.0366710955429399,False,1.0,0.0366710955429399,0.29335803448134495,0,1.0,0.0366710955429399,0.7765498300090486,0,1.0,0.0366710955429399,0.910860604158713,0,0.0,0.0,1.0,0,0.0,0.0,1.0,0,0.0,0.0,1.0,0,0.0,0.0,1.0,0,1.0,0.0366710955429399,0.910860604158713
2019-01-15,4.1215,-0.039568429147344486,False,1.0,-0.039568429147344486,0.2817503178791656,0,1.0,-0.039568429147344486,0.7458229730809532,0,1.0,-0.039568429147344486,0.8748192808799515,0,0.0,-0.0,1.0,0,0.0,-0.0,1.0,0,0.0,-0.0,1.0,0,0.0,-0.0,1.0,0,1.0,-0.039568429147344486,0.8748192808799515
2019-01-16,4.2516,0.03156617736261058,False,1.0,0.03156617736261058,0.29064409838531124,0,1.0,0.03156617736261058,0.7693657533303362,0,1.0,0.03156617736261058,0.9024339814604395,0,0.0,0.0,1.0,0,0.0,0.0,1.0,0,0.0,0.0,1.0,0,0.0,0.0,1.0,0,1.0,0.03156617736261058,0.9024339814604395
2019-01-17,4.4137,0.03812682284316504,False,1.0,0.03812682284316504,0.30172543443485944,0,0.0,-0.001,0.7685963875770059,0,0.0,-0.001,0.9015315474789791,0,0.0,0.0,1.0,0,0.0,0.0,1.0,0,0.0,0.0,1.0,0,0.0,0.0,1.0,0,0.0,-0.001,0.9015315474789791
2019-01-18,4.3153,-0.022294220268708975,False,1.0,-0.022294220268708975,0.29499870113889676,0,0.0,-0.0,0.7685963875770059,0,0.0,-0.0,0.9015315474789791,0,0.0,-0.0,1.0,0,0.0,-0.0,1.0,0,0.0,-0.0,1.0,0,0.0,-0.0,1.0,0,0.0,-0.0,0.9015315474789791
2019-01-19,4.341,0.005955553495701427,False,1.0,0.005955553495701427,0.2967555816846919,0,0.0,0.0,0.7685963875770059,0,0.0,0.0,0.9015315474789791,0,0.0,0.0,1.0,0,0.0,0.0,1.0,0,0.0,0.0,1.0,0,0.0,0.0,1.0,0,0.0,0.0,0.9015315474789791
2019-01-20,4.2098,-0.03022345081778388,False,1.0,-0.03022345081778388,0.28778660395674177,0,0.0,-0.0,0.7685963875770059,0,0.0,-0.0,0.9015315474789791,0,0.0,-0.0,1.0,0,0.0,-0.0,1.0,0,0.0,-0.0,1.0,0,0.0,-0.0,1.0,0,0.0,-0.0,0.9015315474789791
2019-01-21,4.2231,0.003159294978383631,False,1.0,0.003159294978383631,0.2886958067294684,0,0.0,0.0,0.7685963875770059,0,0.0,0.0,0.9015315474789791,0,0.0,0.0,1.0,0,0.0,0.0,1.0,0,0.0,0.0,1.0,0,0.0,0.0,1.0,0,0.0,0.0,0.9015315474789791
2019-01-22,4.2776,0.012905211811228723,False,1.0,0.012905211811228723,0.2924214872643257,0,0.0,0.0,0.7685963875770059,0,0.0,0.0,0.9015315474789791,0,0.0,0.0,1.0,0,0.0,0.0,1.0,0,0.0,0.0,1.0,0,0.0,0.0,1.0,0,0.0,0.0,0.9015315474789791
2019-01-23,4.2467,-0.007223676828127856,False,1.0,-0.007223676828127856,0.2903091289427277,0,0.0,-0.0,0.7685963875770059,0,0.0,-0.0,0.9015315474789791,0,0.0,-0.0,1.0,0,0.0,-0.0,1.0,0,0.0,-0.0,1.0,0,0.0,-0.0,1.0,0,0.0,-0.0,0.9015315474789791
2019-01-24,4.2637,0.004003108295853375,False,1.0,0.004003108295853375,0.2914712678251603,0,0.0,0.0,0.7685963875770059,0,0.0,0.0,0.9015315474789791,0,0.0,0.0,1.0,0,0.0,0.0,1.0,0,0.0,0.0,1.0,0,0.0,0.0,1.0,0,0.0,0.0,0.9015315474789791
2019-01-25,4.3159,0.01224288763280712,False,1.0,0.01224288763280712,0.29503971780533556,0,0.0,0.0,0.7685963875770059,0,0.0,0.0,0.9015315474789791,0,0.0,0.0,1.0,0,0.0,0.0,1.0,0,0.0,0.0,1.0,0,0.0,0.0,1.0,0,0.0,0.0,0.9015315474789791
2019-01-26,4.2704,-0.010542412938205126,False,1.0,-0.010542412938205126,0.2919292872670602,0,0.0,-0.0,0.7685963875770059,0,0.0,-0.0,0.9015315474789791,0,0.0,-0.0,1.0,0,0.0,-0.0,1.0,0,0.0,-0.0,1.0,0,0.0,-0.0,1.0,0,0.0,-0.0,0.9015315474789791
2019-01-27,4.2064,-0.014986886474334993,False,1.0,-0.014986886474334993,0.28755417618025525,0,0.0,-0.0,0.7685963875770059,0,0.0,-0.0,0.9015315474789791,0,0.0,-0.0,1.0,0,0.0,-0.0,1.0,0,0.0,-0.0,1.0,0,0.0,-0.0,1.0,0,0.0,-0.0,0.9015315474789791
2019-01-28,3.9067,-0.07124857360213022,False,1.0,-0.07124857360213022,0.2670663512940764,0,0.0,-0.0,0.7685963875770059,0,0.0,-0.0,0.9015315474789791,0,0.0,-0.0,1.0,0,0.0,-0.0,1.0,0,0.0,-0.0,1.0,0,0.0,-0.0,1.0,0,0.0,-0.0,0.9015315474789791
2019-01-29,3.8689,-0.009675685361046349,False,1.0,-0.009675685361046349,0.26448230130843225,0,0.0,-0.0,0.7685963875770059,0,0.0,-0.0,0.9015315474789791,0,0.0,-0.0,1.0,0,0.0,-0.0,1.0,0,0.0,-0.0,1.0,0,0.0,-0.0,1.0,0,0.0,-0.0,0.9015315474789791
2019-01-30,3.973,0.02690687275452963,False,1.0,0.02690687275452963,0.27159869293556343,0,0.0,0.0,0.7685963875770059,0,0.0,0.0,0.9015315474789791,0,0.0,0.0,1.0,0,0.0,0.0,1.0,0,0.0,0.0,1.0,0,0.0,0.0,1.0,0,0.0,0.0,0.9015315474789791
2019-01-31,3.9287,-0.011150264283916411,False,1.0,-0.011150264283916411,0.26857029573016566,0,0.0,-0.0,0.7685963875770059,0,0.0,-0.0,0.9015315474789791,0,0.0,-0.0,1.0,0,0.0,-0.0,1.0,0,0.0,-0.0,1.0,0,0.0,-0.0,1.0,0,0.0,-0.0,0.9015315474789791
2019-02-01,3.9046,-0.006134344694173732,False,1.0,-0.006134344694173732,0.26692279296154064,0,0.0,-0.0,0.7685963875770059,0,0.0,-0.0,0.9015315474789791,0,0.0,-0.0,1.0,0,0.0,-0.0,1.0,0,0.0,-0.0,1.0,0,0.0,-0.0,1.0,0,0.0,-0.0,0.9015315474789791
2019-02-02,3.9821,0.01984838395738353,False,1.0,0.01984838395738353,0.2722207790432185,0,0.0,0.0,0.7685963875770059,0,0.0,0.0,0.9015315474789791,0,0.0,0.0,1.0,0,0.0,0.0,1.0,0,0.0,0.0,1.0,0,0.0,0.0,1.0,0,0.0,0.0,0.9015315474789791
2019-02-03,3.8983,-0.021044172672710415,False,1.0,-0.021044172672710415,0.2664921179639333,0,0.0,-0.0,0.7685963875770059,0,0.0,-0.0,0.9015315474789791,0,0.0,-0.0,1.0,0,0.0,-0.0,1.0,0,0.0,-0.0,1.0,0,0.0,-0.0,1.0,0,0.0,-0.0,0.9015315474789791
2019-02-04,3.8746,-0.006079573147269257,False,1.0,-0.006079573147269257,0.26487195963960086,0,0.0,-0.0,0.7685963875770059,0,0.0,-0.0,0.9015315474789791,0,0.0,-0.0,1.0,0,0.0,-0.0,1.0,0,0.0,-0.0,1.0,0,0.0,-0.0,1.0,0,0.0,-0.0,0.9015315474789791
2019-02-05,3.8582,-0.004232694987869712,False,1.0,-0.004232694987869712,0.2637508374236071,0,0.0,-0.0,0.7685963875770059,0,0.0,-0.0,0.9015315474789791,0,0.0,-0.0,1.0,0,0.0,-0.0,1.0,0,0.0,-0.0,1.0,0,0.0,-0.0,1.0,0,0.0,-0.0,0.9015315474789791
2019-02-06,3.745,-0.02934010678554766,False,1.0,-0.02934010678554766,0.25601235968882086,0,0.0,-0.0,0.7685963875770059,0,0.0,-0.0,0.9015315474789791,0,0.0,-0.0,1.0,0,0.0,-0.0,1.0,0,0.0,-0.0,1.0,0,0.0,-0.0,1.0,0,0.0,-0.0,0.9015315474789791
2019-02-07,3.8406,0.02552736982643511,False,1.0,0.02552736982643511,0.2625476818747357,0,0.0,0.0,0.7685963875770059,0,0.0,0.0,0.9015315474789791,0,0.0,0.0,1.0,0,0.0,0.0,1.0,0,0.0,0.0,1.0,0,0.0,0.0,1.0,0,0.0,0.0,0.9015315474789791
2019-02-08,4.1355,0.07678487736291228,False,1.0,0.07678487736291228,0.2827073734294042,0,0.0,0.0,0.7685963875770059,0,0.0,0.0,0.9015315474789791,0,0.0,0.0,1.0,0,0.0,0.0,1.0,0,0.0,0.0,1.0,0,0.0,0.0,1.0,0,0.0,0.0,0.9015315474789791
2019-02-09,4.0761,-0.014363438520130556,False,1.0,-0.014363438520130556,0.2786467234519634,0,0.0,-0.0,0.7685963875770059,0,0.0,-0.0,0.9015315474789791,0,0.0,-0.0,1.0,0,0.0,-0.0,1.0,0,0.0,-0.0,1.0,0,0.0,-0.0,1.0,0,0.0,-0.0,0.9015315474789791
2019-02-10,4.1584,0.02019086872255338,False,1.0,0.02019086872255338,0.28427284286515164,0,0.0,0.0,0.7685963875770059,0,0.0,0.0,0.9015315474789791,0,0.0,0.0,1.0,0,0.0,0.0,1.0,0,0.0,0.0,1.0,0,0.0,0.0,1.0,0,0.0,0.0,0.9015315474789791
2019-02-11,4.0697,-0.021330319353597638,False,1.0,-0.021330319353597638,0.2782092123432829,0,0.0,-0.0,0.7685963875770059,0,0.0,-0.0,0.9015315474789791,0,0.0,-0.0,1.0,0,0.0,-0.0,1.0,0,0.0,-0.0,1.0,0,0.0,-0.0,1.0,0,0.0,-0.0,0.9015315474789791
2019-02-12,4.0685,-0.0002948620291421955,False,1.0,-0.0002948620291421955,0.2781271790104053,0,0.0,-0.0,0.7685963875770059,0,0.0,-0.0,0.9015315474789791,0,0.0,-0.0,1.0,0,0.0,-0.0,1.0,0,0.0,-0.0,1.0,0,0.0,-0.0,1.0,0,0.0,-0.0,0.9015315474789791
2019-02-13,4.0982,0.007299987710458478,False,1.0,0.007299987710458478,0.28015750399912576,0,0.0,0.0,0.7685963875770059,0,0.0,0.0,0.9015315474789791,0,0.0,0.0,1.0,0,0.0,0.0,1.0,0,0.0,0.0,1.0,0,0.0,0.0,1.0,0,0.0,0.0,0.9015315474789791
2019-02-14,4.1065,0.002025279390951873,False,1.0,0.002025279390951873,0.2807249012181957,0,0.0,0.0,0.7685963875770059,0,0.0,0.0,0.9015315474789791,0,0.0,0.0,1.0,0,0.0,0.0,1.0,0,0.0,0.0,1.0,0,0.0,0.0,1.0,0,0.0,0.0,0.9015315474789791
2019-02-15,4.0937,-0.0031170096188967156,False,1.0,-0.0031170096188967156,0.27984987900083474,0,0.0,-0.0,0.7685963875770059,0,0.0,-0.0,0.9015315474789791,0,0.0,-0.0,1.0,0,0.0,-0.0,1.0,0,0.0,-0.0,1.0,0,0.0,-0.0,1.0,0,0.0,-0.0,0.9015315474789791
2019-02-16,4.0758,-0.0043725724894350115,False,1.0,-0.0043725724894350115,0.27862621511874397,0,0.0,-0.0,0.7685963875770059,0,0.0,-0.0,0.9015315474789791,0,0.0,-0.0,1.0,0,0.0,-0.0,1.0,0,0.0,-0.0,1.0,0,0.0,-0.0,1.0,0,0.0,-0.0,0.9015315474789791
2019-02-17,4.1738,0.024044359389567616,True,1.0,0.024044359389567616,0.285325603970414,0,0.0,0.0,0.7685963875770059,0,0.0,0.0,0.9015315474789791,0,0.0,0.0,1.0,0,0.0,0.0,1.0,0,0.0,0.0,1.0,0,0.0,0.0,1.0,0,0.0,0.0,0.9015315474789791
2019-02-18,4.3857,0.05076908332934016,True,1.0,0.05076908332934016,0.29981132333438226,0,0.0,0.0,0.7685963875770059,0,0.0,0.0,0.9015315474789791,0,0.0,0.0,1.0,0,0.0,0.0,1.0,0,0.0,0.0,1.0,0,0.0,0.0,1.0,0,0.0,0.0,0.9015315474789791
2019-02-19,4.5363,0.03433887406799374,True,1.0,0.03433887406799374,0.3101065066105202,0,0.0,0.0,0.7685963875770059,0,0.0,0.0,0.9015315474789791,0,0.0,0.0,1.0,0,0.0,0.0,1.0,0,0.0,0.0,1.0,0,0.0,0.0,1.0,0,0.0,0.0,0.9015315474789791
2019-02-20,4.6727,0.03006855807596498,True,1.0,0.03006855807596498,0.31943096211427324,0,0.0,0.0,0.7685963875770059,0,0.0,0.0,0.9015315474789791,0,0.0,0.0,1.0,0,0.0,0.0,1.0,0,0.0,0.0,1.0,0,0.0,0.0,1.0,0,0.0,0.0,0.9015315474789791
2019-02-21,4.492,-0.03867143193442757,True,1.0,-0.03867143193442757,0.3070781094051224,0,0.0,-0.0,0.7685963875770059,0,0.0,-0.0,0.9015315474789791,0,0.0,-0.0,1.0,0,0.0,-0.0,1.0,0,0.0,-0.0,1.0,0,0.0,-0.0,1.0,0,0.0,-0.0,0.9015315474789791
2019-02-22,4.6762,0.04100623330365094,True,1.0,0.04100623330365094,0.3196702260018329,0,0.0,0.0,0.7685963875770059,0,0.0,0.0,0.9015315474789791,0,0.0,0.0,1.0,0,0.0,0.0,1.0,0,0.0,0.0,1.0,0,0.0,0.0,1.0,0,0.0,0.0,0.9015315474789791
2019-02-23,4.8067,0.027907275137932563,True,1.0,0.027907275137932563,0.32859135095227116,0,0.0,0.0,0.7685963875770059,0,0.0,0.0,0.9015315474789791,0,0.0,0.0,1.0,0,0.0,0.0,1.0,0,0.0,0.0,1.0,0,0.0,0.0,1.0,0,0.0,0.0,0.9015315474789791
2019-02-24,4.0862,-0.14989493831526834,True,1.0,-0.14989493831526834,0.2793371706703498,0,0.0,-0.0,0.7685963875770059,1,0.0,-0.0,0.9015315474789791,0,0.0,-0.0,1.0,0,0.0,-0.0,1.0,0,0.0,-0.0,1.0,0,0.0,-0.0,1.0,0,0.0,-0.0,0.9015315474789791
2019-02-25,4.2366,0.03680681317605616,True,1.0,0.03680681317605616,0.28961868172434146,0,0.0,0.0,0.7685963875770059,0,1.0,0.03580681317605616,0.9338125191718798,0,0.0,0.0,1.0,0,0.0,0.0,1.0,0,0.0,0.0,1.0,0,0.0,0.0,1.0,0,0.0,0.0,0.9015315474789791
2019-02-26,4.2545,0.00422508615399142,True,1.0,0.00422508615399142,0.29084234560643224,0,0.0,0.0,0.7685963875770059,0,1.0,0.00422508615399142,0.9377579575170567,0,0.0,0.0,1.0,0,0.0,0.0,1.0,0,0.0,0.0,1.0,0,0.0,0.0,1.0,0,0.0,0.0,0.9015315474789791
2019-02-27,4.2854,0.007262898107885718,True,1.0,0.007262898107885718,0.29295470392803025,0,0.0,0.0,0.7685963875770059,0,1.0,0.007262898107885718,0.9445687980123622,0,0.0,0.0,1.0,0,0.0,0.0,1.0,0,0.0,0.0,1.0,0,0.0,0.0,1.0,0,0.0,0.0,0.9015315474789791
2019-02-28,4.2171,-0.015937835441265702,True,1.0,-0.015937835441265702,0.28828564006508056,0,0.0,-0.0,0.7685963875770059,0,1.0,-0.015937835441265702,0.9295144159466869,0,0.0,-0.0,1.0,0,0.0,-0.0,1.0,0,0.0,-0.0,1.0,0,0.0,-0.0,1.0,0,0.0,-0.0,0.9015315474789791
2019-03-01,4.2312,0.00334352991392195,True,1.0,0.00334352991392195,0.2892495317263923,0,0.0,0.0,0.7685963875770059,0,1.0,0.00334352991392195,0.9326222752018264,0,0.0,0.0,1.0,0,0.0,0.0,1.0,0,0.0,0.0,1.0,0,0.0,0.0,1.0,0,0.0,0.0,0.9015315474789791
2019-03-02,4.23,-0.00028360748723765816,True,1.0,-0.00028360748723765816,0.2891674983935147,0,0.0,-0.0,0.7685963875770059,0,1.0,-0.00028360748723765816,0.9323577765418145,0,0.0,-0.0,1.0,0,0.0,-0.0,1.0,0,0.0,-0.0,1.0,0,0.0,-0.0,1.0,0,0.0,-0.0,0.9015315474789791
2019-03-03,4.2423,0.002907801418439604,True,1.0,0.002907801418439604,0.29000834005550996,0,0.0,0.0,0.7685963875770059,0,1.0,0.002907801418439604,0.935068887806936,0,0.0,0.0,1.0,0,0.0,0.0,1.0,0,0.0,0.0,1.0,0,0.0,0.0,1.0,0,0.0,0.0,0.9015315474789791
2019-03-04,4.0855,-0.03696108243169993,True,1.0,-0.03696108243169993,0.2792893178928378,0,0.0,-0.0,0.7685963875770059,0,1.0,-0.03696108243169993,0.9005077295653858,0,0.0,-0.0,1.0,0,0.0,-0.0,1.0,0,0.0,-0.0,1.0,0,0.0,-0.0,1.0,0,0.0,-0.0,0.9015315474789791
2019-03-05,4.2664,0.04427854607759163,True,1.0,0.04427854607759163,0.2916558428241349,0,0.0,0.0,0.7685963875770059,0,1.0,0.04427854607759163,0.9403809025621742,0,0.0,0.0,1.0,0,0.0,0.0,1.0,0,0.0,0.0,1.0,0,0.0,0.0,1.0,0,0.0,0.0,0.9015315474789791
2019-03-06,4.265,-0.0003281455090944352,True,1.0,-0.0003281455090944352,0.291560137269111,0,0.0,-0.0,0.7685963875770059,0,1.0,-0.0003281455090944352,0.9400723207921603,0,0.0,-0.0,1.0,0,0.0,-0.0,1.0,0,0.0,-0.0,1.0,0,0.0,-0.0,1.0,0,0.0,-0.0,0.9015315474789791
2019-03-07,4.3542,0.020914419695193365,True,1.0,0.020914419695193365,0.2976579483463454,0,0.0,0.0,0.7685963875770059,0,1.0,0.020914419695193365,0.959733387853042,0,0.0,0.0,1.0,0,0.0,0.0,1.0,0,0.0,0.0,1.0,0,0.0,0.0,1.0,0,0.0,0.0,0.9015315474789791
2019-03-08,4.1892,-0.03789444674107756,True,1.0,-0.03789444674107756,0.2863783650756764,0,0.0,-0.0,0.7685963875770059,0,1.0,-0.03789444674107756,0.9233648221014109,0,0.0,-0.0,1.0,0,0.0,-0.0,1.0,0,0.0,-0.0,1.0,0,0.0,-0.0,1.0,0,0.0,-0.0,0.9015315474789791
2019-03-09,4.2432,0.012890289315382386,True,1.0,0.012890289315382386,0.290069865055168,0,0.0,0.0,0.7685963875770059,0,1.0,0.012890289315382386,0.9352672618019446,0,0.0,0.0,1.0,0,0.0,0.0,1.0,0,0.0,0.0,1.0,0,0.0,0.0,1.0,0,0.0,0.0,0.9015315474789791
2019-03-10,4.3094,0.015601432880844701,False,1.0,0.015601432880844701,0.2945953705855819,0,0.0,0.0,0.7685963875770059,0,1.0,0.015601432880844701,0.9498587712125991,0,0.0,0.0,1.0,0,0.0,0.0,1.0,0,0.0,0.0,1.0,0,0.0,0.0,1.0,0,0.0,0.0,0.9015315474789791
2019-03-11,4.1992,-0.025572005383580065,False,1.0,-0.025572005383580065,0.2870619761829896,0,0.0,-0.0,0.7685963875770059,0,1.0,-0.025572005383580065,0.9255689776015098,0,0.0,-0.0,1.0,0,0.0,-0.0,1.0,0,0.0,-0.0,1.0,0,0.0,-0.0,1.0,0,0.0,-0.0,0.9015315474789791
2019-03-12,4.2704,0.016955610592493953,False,1.0,0.016955610592493953,0.2919292872670602,0,0.0,0.0,0.7685963875770059,0,1.0,0.016955610592493953,0.9412625647622137,0,0.0,0.0,1.0,0,0.0,0.0,1.0,0,0.0,0.0,1.0,0,0.0,0.0,1.0,0,0.0,0.0,0.9015315474789791
2019-03-13,4.2156,-0.012832521543649333,False,1.0,-0.012832521543649333,0.28818309839898343,0,0.0,-0.0,0.7685963875770059,0,1.0,-0.012832521543649333,0.929183792621672,0,0.0,-0.0,1.0,0,0.0,-0.0,1.0,0,0.0,-0.0,1.0,0,0.0,-0.0,1.0,0,0.0,-0.0,0.9015315474789791
2019-03-14,4.296,0.01907201821804727,False,1.0,0.01907201821804727,0.2936793317017822,0,0.0,0.0,0.7685963875770059,0,1.0,0.01907201821804727,0.9469052028424667,0,0.0,0.0,1.0,0,0.0,0.0,1.0,0,0.0,0.0,1.0,0,0.0,0.0,1.0,0,0.0,0.0,0.9015315474789791
2019-03-15,4.3995,0.0240921787709496,False,1.0,0.0240921787709496,0.3007547066624745,0,0.0,0.0,0.7685963875770059,0,1.0,0.0240921787709496,0.9697182122684898,0,0.0,0.0,1.0,0,0.0,0.0,1.0,0,0.0,0.0,1.0,0,0.0,0.0,1.0,0,0.0,0.0,0.9015315474789791
2019-03-16,4.4836,0.01911580861461526,True,1.0,0.01911580861461526,0.30650387607497914,0,0.0,0.0,0.7685963875770059,0,1.0,0.01911580861461526,0.988255160024321,0,0.0,0.0,1.0,0,0.0,0.0,1.0,0,0.0,0.0,1.0,0,0.0,0.0,1.0,0,0.0,0.0,0.9015315474789791
2019-03-17,4.4148,-0.015344812204478586,True,1.0,-0.015344812204478586,0.3018006316566638,0,0.0,-0.0,0.7685963875770059,0,0.0,-0.001,0.9872669048642967,0,0.0,-0.0,1.0,0,0.0,-0.0,1.0,0,0.0,-0.0,1.0,0,0.0,-0.0,1.0,0,0.0,-0.0,0.9015315474789791
2019-03-18,4.3927,-0.005005889281507692,True,1.0,-0.005005889281507692,0.30028985110950146,0,0.0,-0.0,0.7685963875770059,0,0.0,-0.0,0.9872669048642967,0,0.0,-0.0,1.0,0,0.0,-0.0,1.0,0,0.0,-0.0,1.0,0,0.0,-0.0,1.0,0,0.0,-0.0,0.9015315474789791
2019-03-19,4.5956,0.0461902702210486,True,1.0,0.0461902702210486,0.3141603204768878,0,0.0,0.0,0.7685963875770059,0,0.0,0.0,0.9872669048642967,0,0.0,0.0,1.0,0,0.0,0.0,1.0,0,0.0,0.0,1.0,0,0.0,0.0,1.0,0,0.0,0.0,0.9015315474789791
2019-03-20,4.6506,0.011967969361998287,True,1.0,0.011967969361998287,0.31792018156711077,0,0.0,0.0,0.7685963875770059,0,0.0,0.0,0.9872669048642967,0,0.0,0.0,1.0,0,0.0,0.0,1.0,0,0.0,0.0,1.0,0,0.0,0.0,1.0,0,0.0,0.0,0.9015315474789791
2019-03-21,4.7593,0.023373328172708874,True,1.0,0.023373328172708874,0.32535103430360607,0,0.0,0.0,0.7685963875770059,0,0.0,0.0,0.9872669048642967,0,0.0,0.0,1.0,0,0.0,0.0,1.0,0,0.0,0.0,1.0,0,0.0,0.0,1.0,0,0.0,0.0,0.9015315474789791
2019-03-22,4.8519,0.019456642783602707,True,1.0,0.019456642783602707,0.331681273157327,0,0.0,0.0,0.7685963875770059,0,0.0,0.0,0.9872669048642967,0,0.0,0.0,1.0,0,0.0,0.0,1.0,0,0.0,0.0,1.0,0,0.0,0.0,1.0,0,0.0,0.0,0.9015315474789791
2019-03-23,4.874,0.00455491663059826,True,1.0,0.00455491663059826,0.3331920537044893,0,0.0,0.0,0.7685963875770059,0,0.0,0.0,0.9872669048642967,0,0.0,0.0,1.0,0,0.0,0.0,1.0,0,0.0,0.0,1.0,0,0.0,0.0,1.0,0,0.0,0.0,0.9015315474789791
2019-03-24,4.8234,-0.010381616741895638,True,1.0,-0.010381616741895638,0.32973298150148417,0,0.0,-0.0,0.7685963875770059,0,0.0,-0.0,0.9872669048642967,0,0.0,-0.0,1.0,0,0.0,-0.0,1.0,0,0.0,-0.0,1.0,0,0.0,-0.0,1.0,0,0.0,-0.0,0.9015315474789791
2019-03-25,4.6901,-0.027636107310196167,True,1.0,-0.027636107310196167,0.3206204454409982,0,0.0,-0.0,0.7685963875770059,0,0.0,-0.0,0.9872669048642967,0,0.0,-0.0,1.0,0,0.0,-0.0,1.0,0,0.0,-0.0,1.0,0,0.0,-0.0,1.0,0,0.0,-0.0,0.9015315474789791
2019-03-26,4.6663,-0.0050745186669794995,True,1.0,-0.0050745186669794995,0.31899345100559257,0,0.0,-0.0,0.7685963875770059,0,0.0,-0.0,0.9872669048642967,0,0.0,-0.0,1.0,0,0.0,-0.0,1.0,0,0.0,-0.0,1.0,0,0.0,-0.0,1.0,0,0.0,-0.0,0.9015315474789791
2019-03-27,4.7962,0.027837901549407462,True,1.0,0.027837901549407462,0.327873559289592,0,0.0,0.0,0.7685963875770059,0,0.0,0.0,0.9872669048642967,0,0.0,0.0,1.0,0,0.0,0.0,1.0,0,0.0,0.0,1.0,0,0.0,0.0,1.0,0,0.0,0.0,0.9015315474789791
2019-03-28,4.7055,-0.018910804386806257,True,1.0,-0.018910804386806257,0.3216732065462606,0,0.0,-0.0,0.7685963875770059,0,0.0,-0.0,0.9872669048642967,0,0.0,-0.0,1.0,0,0.0,-0.0,1.0,0,0.0,-0.0,1.0,0,0.0,-0.0,1.0,0,0.0,-0.0,0.9015315474789791
2019-03-29,4.8722,0.0354266284135587,True,1.0,0.0354266284135587,0.3330690037051729,0,0.0,0.0,0.7685963875770059,0,0.0,0.0,0.9872669048642967,0,0.0,0.0,1.0,0,0.0,0.0,1.0,0,0.0,0.0,1.0,0,0.0,0.0,1.0,0,0.0,0.0,0.9015315474789791
2019-03-30,4.7843,-0.018041131316448467,True,1.0,-0.018041131316448467,0.3270600620718892,0,0.0,-0.0,0.7685963875770059,0,0.0,-0.0,0.9872669048642967,0,0.0,-0.0,1.0,0,0.0,-0.0,1.0,0,0.0,-0.0,1.0,0,0.0,-0.0,1.0,0,0.0,-0.0,0.9015315474789791
2019-03-31,4.8245,0.008402483121877635,True,1.0,0.008402483121877635,0.3298081787232885,0,0.0,0.0,0.7685963875770059,0,0.0,0.0,0.9872669048642967,0,0.0,0.0,1.0,0,0.0,0.0,1.0,0,0.0,0.0,1.0,0,0.0,0.0,1.0,0,0.0,0.0,0.9015315474789791
2019-04-01,4.8095,-0.0031091304798424035,True,1.0,-0.0031091304798424035,0.3287827620623186,0,0.0,-0.0,0.7685963875770059,0,0.0,-0.0,0.9872669048642967,0,0.0,-0.0,1.0,0,0.0,-0.0,1.0,0,0.0,-0.0,1.0,0,0.0,-0.0,1.0,0,0.0,-0.0,0.9015315474789791
2019-04-02,5.4288,0.1287659839900197,True,1.0,0.1287659839900197,0.37111879793822955,0,0.0,0.0,0.7685963875770059,1,0.0,0.0,0.9872669048642967,0,0.0,0.0,1.0,0,0.0,0.0,1.0,0,0.0,0.0,1.0,0,0.0,0.0,1.0,0,0.0,0.0,0.9015315474789791
2019-04-03,5.4051,-0.004365605658709026,True,1.0,-0.004365605658709026,0.3694986396138971,0,0.0,-0.0,0.7685963875770059,0,1.0,-0.005365605658709026,0.9819696199729007,0,0.0,-0.0,1.0,0,0.0,-0.0,1.0,0,0.0,-0.0,1.0,0,0.0,-0.0,1.0,0,0.0,-0.0,0.9015315474789791
2019-04-04,5.3285,-0.014171800706739957,True,1.0,-0.014171800706739957,0.3642621785318774,0,0.0,-0.0,0.7685963875770059,0,1.0,-0.014171800706739957,0.9680533422185715,0,0.0,-0.0,1.0,0,0.0,-0.0,1.0,0,0.0,-0.0,1.0,0,0.0,-0.0,1.0,0,0.0,-0.0,0.9015315474789791
2019-04-05,5.7268,0.07474899127334145,True,1.0,0.07474899127334145,0.39149040893616505,0,0.0,0.0,0.7685963875770059,0,1.0,0.07474899127334145,1.0404143530481966,0,0.0,0.0,1.0,0,0.0,0.0,1.0,0,0.0,0.0,1.0,0,0.0,0.0,1.0,0,0.0,0.0,0.9015315474789791
2019-04-06,5.9932,0.04651812530558086,True,1.0,0.04651812530558086,0.4097018088349907,0,0.0,0.0,0.7685963875770059,0,1.0,0.04651812530558086,1.0888124782930175,0,0.0,0.0,1.0,0,0.0,0.0,1.0,0,0.0,0.0,1.0,0,0.0,0.0,1.0,0,0.0,0.0,0.9015315474789791
2019-04-07,7.6627,0.27856570780217593,True,1.0,0.27856570780217593,0.5238306832009416,0,0.0,0.0,0.7685963875770059,1,1.0,0.27856570780217593,1.3921182969725532,0,0.0,0.0,1.0,0,0.0,0.0,1.0,0,0.0,0.0,1.0,0,0.0,0.0,1.0,0,0.0,0.0,0.9015315474789791
2019-04-08,7.1169,-0.07122815717697417,True,1.0,-0.07122815717697417,0.48651918896378316,0,0.0,-0.0,0.7685963875770059,1,1.0,-0.07122815717697417,1.2929602761068506,0,0.0,-0.0,1.0,0,0.0,-0.0,1.0,0,0.0,-0.0,1.0,0,0.0,-0.0,1.0,0,0.0,-0.0,0.9015315474789791
2019-04-09,6.9248,-0.026992089252342977,True,1.0,-0.026992089252342977,0.4733870195922952,0,0.0,-0.0,0.7685963875770059,0,1.0,-0.026992089252342977,1.2580605769344404,0,0.0,-0.0,1.0,0,0.0,-0.0,1.0,0,0.0,-0.0,1.0,0,0.0,-0.0,1.0,0,0.0,-0.0,0.9015315474789791
2019-04-10,7.0264,0.014671903881700477,True,1.0,0.014671903881700477,0.480332508442598,0,0.0,0.0,0.7685963875770059,0,1.0,0.014671903881700477,1.2765187207965791,0,0.0,0.0,1.0,0,0.0,0.0,1.0,0,0.0,0.0,1.0,0,0.0,0.0,1.0,0,0.0,0.0,0.9015315474789791
2019-04-11,6.2411,-0.1117642035750882,True,1.0,-0.1117642035750882,0.4266485281852867,0,0.0,-0.0,0.7685963875770059,1,1.0,-0.1117642035750882,1.133849622618059,0,0.0,-0.0,1.0,0,0.0,-0.0,1.0,0,0.0,-0.0,1.0,0,0.0,-0.0,1.0,0,0.0,-0.0,0.9015315474789791
2019-04-12,6.31,0.011039720562080246,True,1.0,0.011039720562080246,0.4313586087146751,0,0.0,0.0,0.7685963875770059,0,1.0,0.011039720562080246,1.1463670056111825,0,0.0,0.0,1.0,0,0.0,0.0,1.0,0,0.0,0.0,1.0,0,0.0,0.0,1.0,0,0.0,0.0,0.9015315474789791
2019-04-13,6.2917,-0.0029001584786053636,True,1.0,-0.0029001584786053636,0.4301076003882918,0,0.0,-0.0,0.7685963875770059,0,1.0,-0.0029001584786053636,1.143042359620266,0,0.0,-0.0,1.0,0,0.0,-0.0,1.0,0,0.0,-0.0,1.0,0,0.0,-0.0,1.0,0,0.0,-0.0,0.9015315474789791
2019-04-14,6.4124,0.019184004323155923,True,1.0,0.019184004323155923,0.438358786453563,0,0.0,0.0,0.7685963875770059,0,1.0,0.019184004323155923,1.1649704891887713,0,0.0,0.0,1.0,0,0.0,0.0,1.0,0,0.0,0.0,1.0,0,0.0,0.0,1.0,0,0.0,0.0,0.9015315474789791
2019-04-15,6.1626,-0.03895577318944543,True,1.0,-0.03895577318944543,0.42128218099287745,0,0.0,-0.0,0.7685963875770059,0,1.0,-0.03895577318944543,1.1195881630395363,0,0.0,-0.0,1.0,0,0.0,-0.0,1.0,0,0.0,-0.0,1.0,0,0.0,-0.0,1.0,0,0.0,-0.0,0.9015315474789791
2019-04-16,6.2393,0.012446045500275726,True,1.0,0.012446045500275726,0.4265254781859702,0,0.0,0.0,0.7685963875770059,0,1.0,0.012446045500275726,1.1335226082582965,0,0.0,0.0,1.0,0,0.0,0.0,1.0,0,0.0,0.0,1.0,0,0.0,0.0,1.0,0,0.0,0.0,0.9015315474789791
2019-04-17,6.1861,-0.008526597534979974,True,1.0,-0.008526597534979974,0.42288866709506356,0,0.0,-0.0,0.7685963875770059,0,1.0,-0.008526597534979974,1.1238575171808773,0,0.0,-0.0,1.0,0,0.0,-0.0,1.0,0,0.0,-0.0,1.0,0,0.0,-0.0,1.0,0,0.0,-0.0,0.9015315474789791
2019-04-18,6.3218,0.0219362764908424,True,1.0,0.0219362764908424,0.4321652698213047,0,0.0,0.0,0.7685963875770059,0,1.0,0.0219362764908424,1.1485107664140688,0,0.0,0.0,1.0,0,0.0,0.0,1.0,0,0.0,0.0,1.0,0,0.0,0.0,1.0,0,0.0,0.0,0.9015315474789791
2019-04-19,6.2528,-0.010914612926698042,True,1.0,-0.010914612926698042,0.4274483531808432,0,0.0,-0.0,0.7685963875770059,0,1.0,-0.010914612926698042,1.135975215956514,0,0.0,-0.0,1.0,0,0.0,-0.0,1.0,0,0.0,-0.0,1.0,0,0.0,-0.0,1.0,0,0.0,-0.0,0.9015315474789791
2019-04-20,6.2131,-0.006349155578300847,True,1.0,-0.006349155578300847,0.4247344170848095,0,0.0,-0.0,0.7685963875770059,0,1.0,-0.006349155578300847,1.1287627325773122,0,0.0,-0.0,1.0,0,0.0,-0.0,1.0,0,0.0,-0.0,1.0,0,0.0,-0.0,1.0,0,0.0,-0.0,0.9015315474789791
2019-04-21,5.8822,-0.053258437816870785,True,1.0,-0.053258437816870785,0.40211372554381336,0,0.0,-0.0,0.7685963875770059,0,1.0,-0.053258437816870785,1.0686465927743423,0,0.0,-0.0,1.0,0,0.0,-0.0,1.0,0,0.0,-0.0,1.0,0,0.0,-0.0,1.0,0,0.0,-0.0,0.9015315474789791
2019-04-22,5.8944,0.002074053925402053,True,1.0,0.002074053925402053,0.40294773109473553,0,0.0,0.0,0.7685963875770059,0,1.0,0.002074053925402053,1.0708630234349534,0,0.0,0.0,1.0,0,0.0,0.0,1.0,0,0.0,0.0,1.0,0,0.0,0.0,1.0,0,0.0,0.0,0.9015315474789791
2019-04-23,5.8715,-0.0038850434310532256,True,1.0,-0.0038850434310532256,0.4013822616589881,0,0.0,-0.0,0.7685963875770059,0,1.0,-0.0038850434310532256,1.0667026740801997,0,0.0,-0.0,1.0,0,0.0,-0.0,1.0,0,0.0,-0.0,1.0,0,0.0,-0.0,1.0,0,0.0,-0.0,0.9015315474789791
2019-04-24,5.5508,-0.054619773482074474,True,1.0,-0.054619773482074474,0.37945885344745145,0,0.0,-0.0,0.7685963875770059,0,1.0,-0.054619773482074474,1.0084396156492161,0,0.0,-0.0,1.0,0,0.0,-0.0,1.0,0,0.0,-0.0,1.0,0,0.0,-0.0,1.0,0,0.0,-0.0,0.9015315474789791
2019-04-25,5.4369,-0.02051956474742378,False,1.0,-0.02051956474742378,0.3716725229351533,0,0.0,-0.0,0.7685963875770059,0,1.0,-0.02051956474742378,0.9877468736620348,0,0.0,-0.0,1.0,0,0.0,-0.0,1.0,0,0.0,-0.0,1.0,0,0.0,-0.0,1.0,0,0.0,-0.0,0.9015315474789791
2019-04-26,5.4835,0.00857106071474556,False,1.0,0.00857106071474556,0.37485815069523315,0,0.0,0.0,0.7685963875770059,0,1.0,0.00857106071474556,0.9962129120869923,0,0.0,0.0,1.0,0,0.0,0.0,1.0,0,0.0,0.0,1.0,0,0.0,0.0,1.0,0,0.0,0.0,0.9015315474789791
2019-04-27,5.5464,0.011470775964256497,False,1.0,0.011470775964256497,0.37915806456023365,0,0.0,0.0,0.7685963875770059,0,1.0,0.011470775964256497,1.0076402472142416,0,0.0,0.0,1.0,0,0.0,0.0,1.0,0,0.0,0.0,1.0,0,0.0,0.0,1.0,0,0.0,0.0,0.9015315474789791
2019-04-28,5.6296,0.015000721188518584,False,1.0,0.015000721188518584,0.38484570897308007,0,0.0,0.0,0.7685963875770059,0,1.0,0.015000721188518584,1.0227555776210324,0,0.0,0.0,1.0,0,0.0,0.0,1.0,0,0.0,0.0,1.0,0,0.0,0.0,1.0,0,0.0,0.0,0.9015315474789791
2019-04-29,5.5908,-0.006892141537587104,False,1.0,-0.006892141537587104,0.38219329787670453,0,0.0,-0.0,0.7685963875770059,0,1.0,-0.006892141537587104,1.0157066014217115,0,0.0,-0.0,1.0,0,0.0,-0.0,1.0,0,0.0,-0.0,1.0,0,0.0,-0.0,1.0,0,0.0,-0.0,0.9015315474789791
2019-04-30,5.886,0.05280103026400518,False,1.0,0.05280103026400518,0.40237349776459236,0,0.0,0.0,0.7685963875770059,0,1.0,0.05280103026400518,1.069336956422729,0,0.0,0.0,1.0,0,0.0,0.0,1.0,0,0.0,0.0,1.0,0,0.0,0.0,1.0,0,0.0,0.0,0.9015315474789791
2019-05-01,5.8103,-0.012861026163778488,False,1.0,-0.012861026163778488,0.3971985616822309,0,0.0,-0.0,0.7685963875770059,0,1.0,-0.012861026163778488,1.055584185848281,0,0.0,-0.0,1.0,0,0.0,-0.0,1.0,0,0.0,-0.0,1.0,0,0.0,-0.0,1.0,0,0.0,-0.0,0.9015315474789791
2019-05-02,5.7789,-0.005404195996764338,False,1.0,-0.005404195996764338,0.39505202280526724,0,0.0,-0.0,0.7685963875770059,0,0.0,-0.001,1.0545286016624327,0,0.0,-0.0,1.0,0,0.0,-0.0,1.0,0,0.0,-0.0,1.0,0,0.0,-0.0,1.0,0,0.0,-0.0,0.9015315474789791
2019-05-03,6.0612,0.0488501271868349,False,1.0,0.0488501271868349,0.41435036436472095,0,0.0,0.0,0.7685963875770059,0,0.0,0.0,1.0545286016624327,0,0.0,0.0,1.0,0,0.0,0.0,1.0,0,0.0,0.0,1.0,0,0.0,0.0,1.0,0,0.0,0.0,0.9015315474789791
2019-05-04,5.8306,-0.038045271563386884,False,1.0,-0.038045271563386884,0.39858629223007686,0,0.0,-0.0,0.7685963875770059,0,0.0,-0.0,1.0545286016624327,0,0.0,-0.0,1.0,0,0.0,-0.0,1.0,0,0.0,-0.0,1.0,0,0.0,-0.0,1.0,0,0.0,-0.0,0.9015315474789791
2019-05-05,5.7213,-0.018745926662778967,False,1.0,-0.018745926662778967,0.39111442282714287,0,0.0,-0.0,0.7685963875770059,0,0.0,-0.0,1.0545286016624327,0,0.0,-0.0,1.0,0,0.0,-0.0,1.0,0,0.0,-0.0,1.0,0,0.0,-0.0,1.0,0,0.0,-0.0,0.9015315474789791
2019-05-06,5.6912,-0.00526104207085798,False,1.0,-0.00526104207085798,0.38905675339412993,0,0.0,-0.0,0.7685963875770059,0,0.0,-0.0,1.0545286016624327,0,0.0,-0.0,1.0,0,0.0,-0.0,1.0,0,0.0,-0.0,1.0,0,0.0,-0.0,1.0,0,0.0,-0.0,0.9015315474789791
2019-05-07,5.6603,-0.005429434917064935,False,1.0,-0.005429434917064935,0.3869443950725319,0,0.0,-0.0,0.7685963875770059,0,0.0,-0.0,1.0545286016624327,0,0.0,-0.0,1.0,0,0.0,-0.0,1.0,0,0.0,-0.0,1.0,0,0.0,-0.0,1.0,0,0.0,-0.0,0.9015315474789791
2019-05-08,5.707,0.008250446089429708,False,1.0,0.008250446089429708,0.39013685894368483,0,0.0,0.0,0.7685963875770059,0,0.0,0.0,1.0545286016624327,0,0.0,0.0,1.0,0,0.0,0.0,1.0,0,0.0,0.0,1.0,0,0.0,0.0,1.0,0,0.0,0.0,0.9015315474789791
2019-05-09,5.5821,-0.021885403889959743,False,1.0,-0.021885403889959743,0.38159855621334204,0,0.0,-0.0,0.7685963875770059,0,0.0,-0.0,1.0545286016624327,0,0.0,-0.0,1.0,0,0.0,-0.0,1.0,0,0.0,-0.0,1.0,0,0.0,-0.0,1.0,0,0.0,-0.0,0.9015315474789791
2019-05-10,5.6392,0.010229125239605175,False,1.0,0.010229125239605175,0.38550197563610084,0,0.0,0.0,0.7685963875770059,0,0.0,0.0,1.0545286016624327,0,0.0,0.0,1.0,0,0.0,0.0,1.0,0,0.0,0.0,1.0,0,0.0,0.0,1.0,0,0.0,0.0,0.9015315474789791
2019-05-11,5.9556,0.05610724925521349,True,1.0,0.05610724925521349,0.4071314310714928,0,0.0,0.0,0.7685963875770059,0,0.0,0.0,1.0545286016624327,0,0.0,0.0,1.0,0,0.0,0.0,1.0,0,0.0,0.0,1.0,0,0.0,0.0,1.0,0,0.0,0.0,0.9015315474789791
2019-05-12,5.8319,-0.0207703673853179,False,1.0,-0.0207703673853179,0.39867516167402767,0,0.0,-0.0,0.7685963875770059,0,0.0,-0.0,1.0545286016624327,0,0.0,-0.0,1.0,0,0.0,-0.0,1.0,0,0.0,-0.0,1.0,0,0.0,-0.0,1.0,0,0.0,-0.0,0.9015315474789791
2019-05-13,6.0496,0.0373291723109106,True,1.0,0.0373291723109106,0.4135573754802376,0,0.0,0.0,0.7685963875770059,0,0.0,0.0,1.0545286016624327,0,0.0,0.0,1.0,0,0.0,0.0,1.0,0,0.0,0.0,1.0,0,0.0,0.0,1.0,0,0.0,0.0,0.9015315474789791
2019-05-14,6.5399,0.0810466807722825,True,1.0,0.0810466807722825,0.4470748280718074,0,0.0,0.0,0.7685963875770059,0,0.0,0.0,1.0545286016624327,0,0.0,0.0,1.0,0,0.0,0.0,1.0,0,0.0,0.0,1.0,0,0.0,0.0,1.0,0,0.0,0.0,0.9015315474789791
2019-05-15,7.628,0.1663786908056697,True,1.0,0.1663786908056697,0.5214585526585646,0,0.0,0.0,0.7685963875770059,1,0.0,0.0,1.0545286016624327,0,0.0,0.0,1.0,0,0.0,0.0,1.0,0,0.0,0.0,1.0,0,0.0,0.0,1.0,0,0.0,0.0,0.9015315474789791
2019-05-16,7.6505,0.002949659150498052,True,1.0,0.002949659150498052,0.5229966776500193,0,0.0,0.0,0.7685963875770059,1,1.0,0.0019496591504980518,1.0565845730001258,0,0.0,0.0,1.0,0,0.0,0.0,1.0,0,0.0,0.0,1.0,0,0.0,0.0,1.0,0,0.0,0.0,0.9015315474789791
2019-05-17,7.2659,-0.05027122410299978,True,1.0,-0.05027122410299978,0.4967049944627509,0,0.0,-0.0,0.7685963875770059,0,1.0,-0.05027122410299978,1.0034687731470642,0,0.0,-0.0,1.0,0,0.0,-0.0,1.0,0,0.0,-0.0,1.0,0,0.0,-0.0,1.0,0,0.0,-0.0,0.9015315474789791
2019-05-18,7.16,-0.014574932217619296,True,1.0,-0.014574932217619296,0.48946555283630333,0,0.0,-0.0,0.7685963875770059,0,1.0,-0.014574932217619296,0.9888432837959481,0,0.0,-0.0,1.0,0,0.0,-0.0,1.0,0,0.0,-0.0,1.0,0,0.0,-0.0,1.0,0,0.0,-0.0,0.9015315474789791
2019-05-19,7.765,0.08449720670391048,True,1.0,0.08449720670391048,0.5308240248287562,0,0.0,0.0,0.7685963875770059,0,1.0,0.08449720670391048,1.072397779144628,0,0.0,0.0,1.0,0,0.0,0.0,1.0,0,0.0,0.0,1.0,0,0.0,0.0,1.0,0,0.0,0.0,0.9015315474789791
2019-05-20,7.3647,-0.051551835157759185,True,1.0,-0.051551835157759185,0.5034590722030059,0,0.0,-0.0,0.7685963875770059,0,1.0,-0.051551835157759185,1.017113705610617,0,0.0,-0.0,1.0,0,0.0,-0.0,1.0,0,0.0,-0.0,1.0,0,0.0,-0.0,1.0,0,0.0,-0.0,0.9015315474789791
2019-05-21,7.385,0.0027563919779487467,True,1.0,0.0027563919779487467,0.5048468027508518,0,0.0,0.0,0.7685963875770059,0,1.0,0.0027563919779487467,1.0199172696694239,0,0.0,0.0,1.0,0,0.0,0.0,1.0,0,0.0,0.0,1.0,0,0.0,0.0,1.0,0,0.0,0.0,0.9015315474789791
2019-05-22,6.9025,-0.06533513879485442,True,1.0,-0.06533513879485442,0.47186256682298644,0,0.0,-0.0,0.7685963875770059,0,1.0,-0.06533513879485442,0.9532808332963031,0,0.0,-0.0,1.0,0,0.0,-0.0,1.0,0,0.0,-0.0,1.0,0,0.0,-0.0,1.0,0,0.0,-0.0,0.9015315474789791
2019-05-23,7.0552,0.0221224194132561,True,1.0,0.0221224194132561,0.48230130843166014,0,0.0,0.0,0.7685963875770059,0,1.0,0.0221224194132561,0.9743697117091021,0,0.0,0.0,1.0,0,0.0,0.0,1.0,0,0.0,0.0,1.0,0,0.0,0.0,1.0,0,0.0,0.0,0.9015315474789791
2019-05-24,7.2925,0.03363476584646796,True,1.0,0.03363476584646796,0.49852340000820416,0,0.0,0.0,0.7685963875770059,0,1.0,0.03363476584646796,1.0071424088103282,0,0.0,0.0,1.0,0,0.0,0.0,1.0,0,0.0,0.0,1.0,0,0.0,0.0,1.0,0,0.0,0.0,0.9015315474789791
2019-05-25,7.2763,-0.0022214604045253106,True,1.0,-0.0022214604045253106,0.4974159500143566,0,0.0,-0.0,0.7685963875770059,0,1.0,-0.0022214604045253106,1.0049050818274379,0,0.0,-0.0,1.0,0,0.0,-0.0,1.0,0,0.0,-0.0,1.0,0,0.0,-0.0,1.0,0,0.0,-0.0,0.9015315474789791
2019-05-26,7.6004,0.04454186880694855,True,1.0,0.04454186880694855,0.5195717860023797,0,0.0,0.0,0.7685963875770059,0,1.0,0.04454186880694855,1.0496654321456316,0,0.0,0.0,1.0,0,0.0,0.0,1.0,0,0.0,0.0,1.0,0,0.0,0.0,1.0,0,0.0,0.0,0.9015315474789791
2019-05-27,8.1316,0.06989105836534937,True,1.0,0.06989105836534937,0.5558852080228609,0,0.0,0.0,0.7685963875770059,0,1.0,0.06989105836534937,1.1230276601278115,0,0.0,0.0,1.0,0,0.0,0.0,1.0,0,0.0,0.0,1.0,0,0.0,0.0,1.0,0,0.0,0.0,0.9015315474789791
2019-05-28,8.2296,0.012051748733336476,True,1.0,0.012051748733336476,0.5625845968745309,0,0.0,0.0,0.7685963875770059,0,1.0,0.012051748733336476,1.1365621073082588,0,0.0,0.0,1.0,0,0.0,0.0,1.0,0,0.0,0.0,1.0,0,0.0,0.0,1.0,0,0.0,0.0,0.9015315474789791
2019-05-29,8.1954,-0.004155730533683344,True,1.0,-0.004155730533683344,0.5602466468875195,0,0.0,-0.0,0.7685963875770059,0,1.0,-0.004155730533683344,1.1318388614554904,0,0.0,-0.0,1.0,0,0.0,-0.0,1.0,0,0.0,-0.0,1.0,0,0.0,-0.0,1.0,0,0.0,-0.0,0.9015315474789791
2019-05-30,8.0665,-0.015728335407667715,True,1.0,-0.015728335407667715,0.5514348997142514,0,0.0,-0.0,0.7685963875770059,0,1.0,-0.015728335407667715,1.1140369202150857,0,0.0,-0.0,1.0,0,0.0,-0.0,1.0,0,0.0,-0.0,1.0,0,0.0,-0.0,1.0,0,0.0,-0.0,0.9015315474789791
2019-05-31,8.6614,0.07374945763342233,True,1.0,0.07374945763342233,0.5921029244883181,0,0.0,0.0,0.7685963875770059,0,1.0,0.07374945763342233,1.1961965388645566,0,0.0,0.0,1.0,0,0.0,0.0,1.0,0,0.0,0.0,1.0,0,0.0,0.0,1.0,0,0.0,0.0,0.9015315474789791
2019-06-01,8.5698,-0.010575657514951375,True,1.0,-0.010575657514951375,0.5858410467453286,0,0.0,-0.0,0.7685963875770059,0,1.0,-0.010575657514951375,1.1835459739489549,0,0.0,-0.0,1.0,0,0.0,-0.0,1.0,0,0.0,-0.0,1.0,0,0.0,-0.0,1.0,0,0.0,-0.0,0.9015315474789791
2019-06-02,9.5287,0.11189292632266801,True,1.0,0.11189292632266801,0.6513925158255983,0,0.0,0.0,0.7685963875770059,0,1.0,0.11189292632266801,1.3159763964115156,0,0.0,0.0,1.0,0,0.0,0.0,1.0,0,0.0,0.0,1.0,0,0.0,0.0,1.0,0,0.0,0.0,0.9015315474789791
2019-06-03,9.3529,-0.018449526168312635,True,1.0,-0.018449526168312635,0.6393746325590309,0,0.0,-0.0,0.7685963875770059,0,1.0,-0.018449526168312635,1.2916972554490396,0,0.0,-0.0,1.0,0,0.0,-0.0,1.0,0,0.0,-0.0,1.0,0,0.0,-0.0,1.0,0,0.0,-0.0,0.9015315474789791
2019-06-04,8.2603,-0.11681938222369526,True,1.0,-0.11681938222369526,0.5646832829739827,0,0.0,-0.0,0.7685963875770059,1,1.0,-0.11681938222369526,1.14080198004744,0,0.0,-0.0,1.0,0,0.0,-0.0,1.0,0,0.0,-0.0,1.0,0,0.0,-0.0,1.0,0,0.0,-0.0,0.9015315474789791
2019-06-05,8.0964,-0.019841894362190415,True,1.0,-0.019841894362190415,0.5534788969251181,0,0.0,-0.0,0.7685963875770059,0,1.0,-0.019841894362190415,1.118166307671161,0,0.0,-0.0,1.0,0,0.0,-0.0,1.0,0,0.0,-0.0,1.0,0,0.0,-0.0,1.0,0,0.0,-0.0,0.9015315474789791
2019-06-06,7.9374,-0.019638357788646643,True,1.0,-0.019638357788646643,0.5426094803188372,0,0.0,-0.0,0.7685963875770059,0,1.0,-0.019638357788646643,1.0962073576539049,0,0.0,-0.0,1.0,0,0.0,-0.0,1.0,0,0.0,-0.0,1.0,0,0.0,-0.0,1.0,0,0.0,-0.0,0.9015315474789791
2019-06-07,8.2067,0.03392798649431805,True,1.0,0.03392798649431805,0.5610191274387836,0,0.0,0.0,0.7685963875770059,0,1.0,0.03392798649431805,1.1333994660793587,0,0.0,0.0,1.0,0,0.0,0.0,1.0,0,0.0,0.0,1.0,0,0.0,0.0,1.0,0,0.0,0.0,0.9015315474789791
2019-06-08,8.3993,0.023468629290701593,True,1.0,0.023468629290701593,0.5741854773656373,0,0.0,0.0,0.7685963875770059,0,1.0,0.023468629290701593,1.1599987979870543,0,0.0,0.0,1.0,0,0.0,0.0,1.0,0,0.0,0.0,1.0,0,0.0,0.0,1.0,0,0.0,0.0,0.9015315474789791
2019-06-09,8.1171,-0.03359803793173233,True,1.0,-0.03359803793173233,0.5548939719172568,0,0.0,-0.0,0.7685963875770059,0,1.0,-0.03359803793173233,1.1210251143715213,0,0.0,-0.0,1.0,0,0.0,-0.0,1.0,0,0.0,-0.0,1.0,0,0.0,-0.0,1.0,0,0.0,-0.0,0.9015315474789791
2019-06-10,8.3124,0.0240603171083269,True,1.0,0.0240603171083269,0.568244896843085,0,0.0,0.0,0.7685963875770059,0,1.0,0.0240603171083269,1.1479973341096985,0,0.0,0.0,1.0,0,0.0,0.0,1.0,0,0.0,0.0,1.0,0,0.0,0.0,1.0,0,0.0,0.0,0.9015315474789791
2019-06-11,8.2267,-0.010309898464944012,True,1.0,-0.010309898464944012,0.5623863496534102,0,0.0,-0.0,0.7685963875770059,0,1.0,-0.010309898464944012,1.136161598157001,0,0.0,-0.0,1.0,0,0.0,-0.0,1.0,0,0.0,-0.0,1.0,0,0.0,-0.0,1.0,0,0.0,-0.0,0.9015315474789791
2019-06-12,8.6203,0.04784421456963317,True,1.0,0.04784421456963317,0.5892932828372607,0,0.0,0.0,0.7685963875770059,0,1.0,0.04784421456963317,1.1905203574450018,0,0.0,0.0,1.0,0,0.0,0.0,1.0,0,0.0,0.0,1.0,0,0.0,0.0,1.0,0,0.0,0.0,0.9015315474789791
2019-06-13,8.5339,-0.010022853032957246,True,1.0,-0.010022853032957246,0.5833868828700739,0,0.0,-0.0,0.7685963875770059,0,1.0,-0.010022853032957246,1.1785879468695868,0,0.0,-0.0,1.0,0,0.0,-0.0,1.0,0,0.0,-0.0,1.0,0,0.0,-0.0,1.0,0,0.0,-0.0,0.9015315474789791
2019-06-14,8.5408,0.0008085400578869972,True,1.0,0.0008085400578869972,0.5838585745341202,0,0.0,0.0,0.7685963875770059,0,1.0,0.0008085400578869972,1.1795408824363736,0,0.0,0.0,1.0,0,0.0,0.0,1.0,0,0.0,0.0,1.0,0,0.0,0.0,1.0,0,0.0,0.0,0.9015315474789791
2019-06-15,8.5849,0.005163450730610641,True,1.0,0.005163450730610641,0.5868732995173717,0,0.0,0.0,0.7685963875770059,0,1.0,0.005163450730610641,1.1856313836675747,0,0.0,0.0,1.0,0,0.0,0.0,1.0,0,0.0,0.0,1.0,0,0.0,0.0,1.0,0,0.0,0.0,0.9015315474789791
2019-06-16,8.6827,0.011392095423359727,True,1.0,0.011392095423359727,0.5935590161468955,0,0.0,0.0,0.7685963875770059,0,1.0,0.011392095423359727,1.1991382095272458,0,0.0,0.0,1.0,0,0.0,0.0,1.0,0,0.0,0.0,1.0,0,0.0,0.0,1.0,0,0.0,0.0,0.9015315474789791
2019-06-17,8.7705,0.010112061916224269,True,1.0,0.010112061916224269,0.5995611216691061,0,0.0,0.0,0.7685963875770059,0,1.0,0.010112061916224269,1.2112639693480955,0,0.0,0.0,1.0,0,0.0,0.0,1.0,0,0.0,0.0,1.0,0,0.0,0.0,1.0,0,0.0,0.0,0.9015315474789791
2019-06-18,8.4395,-0.037740151644718,True,1.0,-0.037740151644718,0.5769335940170368,0,0.0,-0.0,0.7685963875770059,0,1.0,-0.037740151644718,1.1655506834631153,0,0.0,-0.0,1.0,0,0.0,-0.0,1.0,0,0.0,-0.0,1.0,0,0.0,-0.0,1.0,0,0.0,-0.0,0.9015315474789791
2019-06-19,8.5168,0.009159310385686181,True,1.0,0.009159310385686181,0.5822179078765684,0,0.0,0.0,0.7685963875770059,0,1.0,0.009159310385686181,1.1762263239432027,0,0.0,0.0,1.0,0,0.0,0.0,1.0,0,0.0,0.0,1.0,0,0.0,0.0,1.0,0,0.0,0.0,0.9015315474789791
2019-06-20,8.4845,-0.0037925042269396636,False,1.0,-0.0037925042269396636,0.5800098439999465,0,0.0,-0.0,0.7685963875770059,0,1.0,-0.0037925042269396636,1.1717654806378104,0,0.0,-0.0,1.0,0,0.0,-0.0,1.0,0,0.0,-0.0,1.0,0,0.0,-0.0,1.0,0,0.0,-0.0,0.9015315474789791
2019-06-21,8.6985,0.02522246449407728,True,1.0,0.02522246449407728,0.5946391216964504,0,0.0,0.0,0.7685963875770059,0,1.0,0.02522246449407728,1.201320293868583,0,0.0,0.0,1.0,0,0.0,0.0,1.0,0,0.0,0.0,1.0,0,0.0,0.0,1.0,0,0.0,0.0,0.9015315474789791
2019-06-22,9.1712,0.05434270276484465,False,1.0,0.05434270276484465,0.6269534187391489,0,0.0,0.0,0.7685963875770059,0,1.0,0.05434270276484465,1.2666032855236593,0,0.0,0.0,1.0,0,0.0,0.0,1.0,0,0.0,0.0,1.0,0,0.0,0.0,1.0,0,0.0,0.0,0.9015315474789791
2019-06-23,9.2979,0.01381498604326592,False,1.0,0.01381498604326592,0.6356147714688081,0,0.0,0.0,0.7685963875770059,0,1.0,0.01381498604326592,1.2841013922355233,0,0.0,0.0,1.0,0,0.0,0.0,1.0,0,0.0,0.0,1.0,0,0.0,0.0,1.0,0,0.0,0.0,0.9015315474789791
2019-06-24,9.3112,0.0014304305273233897,True,1.0,0.0014304305273233897,0.6365239742415347,0,0.0,0.0,0.7685963875770059,0,1.0,0.0014304305273233897,1.2859382100671555,0,0.0,0.0,1.0,0,0.0,0.0,1.0,0,0.0,0.0,1.0,0,0.0,0.0,1.0,0,0.0,0.0,0.9015315474789791
2019-06-25,9.2572,-0.005799467308188033,True,1.0,-0.005799467308188033,0.632832474262043,0,0.0,-0.0,0.7685963875770059,0,0.0,-0.001,1.2846522718570883,0,0.0,-0.0,1.0,0,0.0,-0.0,1.0,0,0.0,-0.0,1.0,0,0.0,-0.0,1.0,0,0.0,-0.0,0.9015315474789791
2019-06-26,9.0856,-0.01853692261158879,True,1.0,-0.01853692261158879,0.6211017076605473,0,0.0,-0.0,0.7685963875770059,0,0.0,-0.0,1.2846522718570883,0,0.0,-0.0,1.0,0,0.0,-0.0,1.0,0,0.0,-0.0,1.0,0,0.0,-0.0,1.0,0,0.0,-0.0,0.9015315474789791
2019-06-27,7.7688,-0.14493264066214673,False,1.0,-0.14493264066214673,0.5310837970495355,0,0.0,-0.0,0.7685963875770059,0,0.0,-0.0,1.2846522718570883,0,0.0,-0.0,1.0,0,0.0,-0.0,1.0,0,0.0,-0.0,1.0,0,0.0,-0.0,1.0,0,0.0,-0.0,0.9015315474789791
2019-06-28,8.0315,0.033814746164143816,False,1.0,0.033814746164143816,0.5490422608386551,0,0.0,0.0,0.7685963875770059,0,0.0,0.0,1.2846522718570883,0,0.0,0.0,1.0,0,0.0,0.0,1.0,0,0.0,0.0,1.0,0,0.0,0.0,1.0,0,0.0,0.0,0.9015315474789791
2019-06-29,8.2662,0.02922243665566837,True,1.0,0.02922243665566837,0.5650866135272977,0,0.0,0.0,0.7685963875770059,0,0.0,0.0,1.2846522718570883,0,0.0,0.0,1.0,0,0.0,0.0,1.0,0,0.0,0.0,1.0,0,0.0,0.0,1.0,0,0.0,0.0,0.9015315474789791
2019-06-30,7.7728,-0.05968885340301466,False,1.0,-0.05968885340301466,0.5313572414924609,0,0.0,-0.0,0.7685963875770059,0,0.0,-0.0,1.2846522718570883,0,0.0,-0.0,1.0,0,0.0,-0.0,1.0,0,0.0,-0.0,1.0,0,0.0,-0.0,1.0,0,0.0,-0.0,0.9015315474789791
2019-07-01,7.7914,0.002392960065870753,False,1.0,0.002392960065870753,0.5326287581520636,0,0.0,0.0,0.7685963875770059,0,0.0,0.0,1.2846522718570883,0,0.0,0.0,1.0,0,0.0,0.0,1.0,0,0.0,0.0,1.0,0,0.0,0.0,1.0,0,0.0,0.0,0.9015315474789791
2019-07-02,7.7045,-0.01115332289447335,False,1.0,-0.01115332289447335,0.5266881776295113,0,0.0,-0.0,0.7685963875770059,0,0.0,-0.0,1.2846522718570883,0,0.0,-0.0,1.0,0,0.0,-0.0,1.0,0,0.0,-0.0,1.0,0,0.0,-0.0,1.0,0,0.0,-0.0,0.9015315474789791
2019-07-03,7.8494,0.018807190602894375,False,1.0,0.018807190602894375,0.5365937025744806,0,0.0,0.0,0.7685963875770059,0,0.0,0.0,1.2846522718570883,0,0.0,0.0,1.0,0,0.0,0.0,1.0,0,0.0,0.0,1.0,0,0.0,0.0,1.0,0,0.0,0.0,0.9015315474789791
2019-07-04,7.7515,-0.012472290875735759,False,1.0,-0.012472290875735759,0.5299011498338836,0,0.0,-0.0,0.7685963875770059,0,0.0,-0.0,1.2846522718570883,0,0.0,-0.0,1.0,0,0.0,-0.0,1.0,0,0.0,-0.0,1.0,0,0.0,-0.0,1.0,0,0.0,-0.0,0.9015315474789791
2019-07-05,7.8456,0.012139585886602688,False,1.0,0.012139585886602688,0.5363339303537016,0,0.0,0.0,0.7685963875770059,0,0.0,0.0,1.2846522718570883,0,0.0,0.0,1.0,0,0.0,0.0,1.0,0,0.0,0.0,1.0,0,0.0,0.0,1.0,0,0.0,0.0,0.9015315474789791
2019-07-06,7.8398,-0.0007392678698888711,False,1.0,-0.0007392678698888711,0.5359374359114599,0,0.0,-0.0,0.7685963875770059,0,0.0,-0.0,1.2846522718570883,0,0.0,-0.0,1.0,0,0.0,-0.0,1.0,0,0.0,-0.0,1.0,0,0.0,-0.0,1.0,0,0.0,-0.0,0.9015315474789791
2019-07-07,7.956,0.014821806678741778,False,1.0,0.014821806678741778,0.5438809969784402,0,0.0,0.0,0.7685963875770059,0,0.0,0.0,1.2846522718570883,0,0.0,0.0,1.0,0,0.0,0.0,1.0,0,0.0,0.0,1.0,0,0.0,0.0,1.0,0,0.0,0.0,0.9015315474789791
2019-07-08,7.9985,0.005341880341880323,False,1.0,0.005341880341880323,0.5467863441845215,0,0.0,0.0,0.7685963875770059,0,0.0,0.0,1.2846522718570883,0,0.0,0.0,1.0,0,0.0,0.0,1.0,0,0.0,0.0,1.0,0,0.0,0.0,1.0,0,0.0,0.0,0.9015315474789791
2019-07-09,7.8812,-0.014665249734325259,False,1.0,-0.014665249734325259,0.5387675858957368,0,0.0,-0.0,0.7685963875770059,0,0.0,-0.0,1.2846522718570883,0,0.0,-0.0,1.0,0,0.0,-0.0,1.0,0,0.0,-0.0,1.0,0,0.0,-0.0,1.0,0,0.0,-0.0,0.9015315474789791
2019-07-10,7.2765,-0.07672689438156621,False,1.0,-0.07672689438156621,0.4974296222365032,0,0.0,-0.0,0.7685963875770059,0,0.0,-0.0,1.2846522718570883,0,0.0,-0.0,1.0,0,0.0,-0.0,1.0,0,0.0,-0.0,1.0,0,0.0,-0.0,1.0,0,0.0,-0.0,0.9015315474789791
2019-07-11,6.6257,-0.089438603724318,False,1.0,-0.089438603724318,0.4529402113725554,0,0.0,-0.0,0.7685963875770059,0,0.0,-0.0,1.2846522718570883,0,0.0,-0.0,1.0,0,0.0,-0.0,1.0,0,0.0,-0.0,1.0,0,0.0,-0.0,1.0,0,0.0,-0.0,0.9015315474789791
2019-07-12,6.7671,0.021341141313370615,False,1.0,0.021341141313370615,0.46260647242996505,0,0.0,0.0,0.7685963875770059,0,0.0,0.0,1.2846522718570883,0,0.0,0.0,1.0,0,0.0,0.0,1.0,0,0.0,0.0,1.0,0,0.0,0.0,1.0,0,0.0,0.0,0.9015315474789791
2019-07-13,6.606,-0.02380635722835489,False,1.0,-0.02380635722835489,0.4515934974911482,0,0.0,-0.0,0.7685963875770059,0,0.0,-0.0,1.2846522718570883,0,0.0,-0.0,1.0,0,0.0,-0.0,1.0,0,0.0,-0.0,1.0,0,0.0,-0.0,1.0,0,0.0,-0.0,0.9015315474789791
2019-07-14,5.642,-0.14592794429306688,False,1.0,-0.14592794429306688,0.38569338674614867,0,0.0,-0.0,0.7685963875770059,0,0.0,-0.0,1.2846522718570883,0,0.0,-0.0,1.0,0,0.0,-0.0,1.0,0,0.0,-0.0,1.0,0,0.0,-0.0,1.0,0,0.0,-0.0,0.9015315474789791
2019-07-15,5.7593,0.020790499822757713,False,1.0,0.020790499822757713,0.3937121450349333,0,0.0,0.0,0.7685963875770059,0,0.0,0.0,1.2846522718570883,0,0.0,0.0,1.0,0,0.0,0.0,1.0,0,0.0,0.0,1.0,0,0.0,0.0,1.0,0,0.0,0.0,0.9015315474789791
2019-07-16,5.3295,-0.07462712482419731,False,1.0,-0.07462712482419731,0.36433053964260886,0,0.0,-0.0,0.7685963875770059,0,0.0,-0.0,1.2846522718570883,0,0.0,-0.0,1.0,0,0.0,-0.0,1.0,0,0.0,-0.0,1.0,0,0.0,-0.0,1.0,0,0.0,-0.0,0.9015315474789791
2019-07-17,5.6974,0.0690308659348906,False,1.0,0.0690308659348906,0.3894805922806641,0,0.0,0.0,0.7685963875770059,0,0.0,0.0,1.2846522718570883,0,0.0,0.0,1.0,0,0.0,0.0,1.0,0,0.0,0.0,1.0,0,0.0,0.0,1.0,0,0.0,0.0,0.9015315474789791
2019-07-18,6.0243,0.05737704918032782,False,1.0,0.05737704918032782,0.411827839378735,0,0.0,0.0,0.7685963875770059,0,0.0,0.0,1.2846522718570883,0,0.0,0.0,1.0,0,0.0,0.0,1.0,0,0.0,0.0,1.0,0,0.0,0.0,1.0,0,0.0,0.0,0.9015315474789791
2019-07-19,5.8456,-0.02966319738392842,False,1.0,-0.02966319738392842,0.39961170889104686,0,0.0,-0.0,0.7685963875770059,0,0.0,-0.0,1.2846522718570883,0,0.0,-0.0,1.0,0,0.0,-0.0,1.0,0,0.0,-0.0,1.0,0,0.0,-0.0,1.0,0,0.0,-0.0,0.9015315474789791
2019-07-20,6.1579,0.05342479813877099,False,1.0,0.05342479813877099,0.42096088377244034,0,0.0,0.0,0.7685963875770059,0,0.0,0.0,1.2846522718570883,0,0.0,0.0,1.0,0,0.0,0.0,1.0,0,0.0,0.0,1.0,0,0.0,0.0,1.0,0,0.0,0.0,0.9015315474789791
2019-07-21,6.2549,0.015752123288783615,False,1.0,0.015752123288783615,0.4275919115133791,0,0.0,0.0,0.7685963875770059,0,0.0,0.0,1.2846522718570883,0,0.0,0.0,1.0,0,0.0,0.0,1.0,0,0.0,0.0,1.0,0,0.0,0.0,1.0,0,0.0,0.0,0.9015315474789791
2019-07-22,6.3705,0.01848151049577118,False,1.0,0.01848151049577118,0.4354944559139205,0,0.0,0.0,0.7685963875770059,0,0.0,0.0,1.2846522718570883,0,0.0,0.0,1.0,0,0.0,0.0,1.0,0,0.0,0.0,1.0,0,0.0,0.0,1.0,0,0.0,0.0,0.9015315474789791
2019-07-23,6.0293,-0.0535593752452711,False,1.0,-0.0535593752452711,0.41216964493239167,0,0.0,-0.0,0.7685963875770059,0,0.0,-0.0,1.2846522718570883,0,0.0,-0.0,1.0,0,0.0,-0.0,1.0,0,0.0,-0.0,1.0,0,0.0,-0.0,1.0,0,0.0,-0.0,0.9015315474789791
2019-07-24,6.1022,0.012090955832351868,False,1.0,0.012090955832351868,0.41715316990470536,0,0.0,0.0,0.7685963875770059,0,0.0,0.0,1.2846522718570883,0,0.0,0.0,1.0,0,0.0,0.0,1.0,0,0.0,0.0,1.0,0,0.0,0.0,1.0,0,0.0,0.0,0.9015315474789791
2019-07-25,6.0069,-0.015617318344203768,False,1.0,-0.015617318344203768,0.4106383560520098,0,0.0,-0.0,0.7685963875770059,0,0.0,-0.0,1.2846522718570883,0,0.0,-0.0,1.0,0,0.0,-0.0,1.0,0,0.0,-0.0,1.0,0,0.0,-0.0,1.0,0,0.0,-0.0,0.9015315474789791
2019-07-26,6.2,0.032146365013567824,False,1.0,0.032146365013567824,0.42383888653422913,0,0.0,0.0,0.7685963875770059,0,0.0,0.0,1.2846522718570883,0,0.0,0.0,1.0,0,0.0,0.0,1.0,0,0.0,0.0,1.0,0,0.0,0.0,1.0,0,0.0,0.0,0.9015315474789791
2019-07-27,5.9484,-0.04058064516129034,False,1.0,-0.04058064516129034,0.40663923107422717,0,0.0,-0.0,0.7685963875770059,0,0.0,-0.0,1.2846522718570883,0,0.0,-0.0,1.0,0,0.0,-0.0,1.0,0,0.0,-0.0,1.0,0,0.0,-0.0,1.0,0,0.0,-0.0,0.9015315474789791
2019-07-28,5.9072,-0.0069262322641383545,False,1.0,-0.0069262322641383545,0.40382275331209644,0,0.0,-0.0,0.7685963875770059,0,0.0,-0.0,1.2846522718570883,0,0.0,-0.0,1.0,0,0.0,-0.0,1.0,0,0.0,-0.0,1.0,0,0.0,-0.0,1.0,0,0.0,-0.0,0.9015315474789791
2019-07-29,5.9339,0.004519907908992593,False,1.0,0.004519907908992593,0.40564799496862297,0,0.0,0.0,0.7685963875770059,0,0.0,0.0,1.2846522718570883,0,0.0,0.0,1.0,0,0.0,0.0,1.0,0,0.0,0.0,1.0,0,0.0,0.0,1.0,0,0.0,0.0,0.9015315474789791
2019-07-30,5.9289,-0.0008426161546370992,False,1.0,-0.0008426161546370992,0.40530618941496627,0,0.0,-0.0,0.7685963875770059,0,0.0,-0.0,1.2846522718570883,0,0.0,-0.0,1.0,0,0.0,-0.0,1.0,0,0.0,-0.0,1.0,0,0.0,-0.0,1.0,0,0.0,-0.0,0.9015315474789791
2019-07-31,6.0494,0.02032417480477,False,1.0,0.02032417480477,0.41354370325809126,0,0.0,0.0,0.7685963875770059,0,0.0,0.0,1.2846522718570883,0,0.0,0.0,1.0,0,0.0,0.0,1.0,0,0.0,0.0,1.0,0,0.0,0.0,1.0,0,0.0,0.0,0.9015315474789791
2019-08-01,5.9614,-0.014546897212946774,False,1.0,-0.014546897212946774,0.40752792551373446,0,0.0,-0.0,0.7685963875770059,0,0.0,-0.0,1.2846522718570883,0,0.0,-0.0,1.0,0,0.0,-0.0,1.0,0,0.0,-0.0,1.0,0,0.0,-0.0,1.0,0,0.0,-0.0,0.9015315474789791
2019-08-02,5.8796,-0.013721609018016001,False,1.0,-0.013721609018016001,0.40193598665591185,0,0.0,-0.0,0.7685963875770059,0,0.0,-0.0,1.2846522718570883,0,0.0,-0.0,1.0,0,0.0,-0.0,1.0,0,0.0,-0.0,1.0,0,0.0,-0.0,1.0,0,0.0,-0.0,0.9015315474789791
2019-08-03,5.8851,0.0009354377848833639,True,1.0,0.0009354377848833639,0.4023119727649342,0,0.0,0.0,0.7685963875770059,0,0.0,0.0,1.2846522718570883,0,0.0,0.0,1.0,0,0.0,0.0,1.0,0,0.0,0.0,1.0,0,0.0,0.0,1.0,0,0.0,0.0,0.9015315474789791
2019-08-04,6.0954,0.03573431207626032,True,1.0,0.03573431207626032,0.4166883143517323,0,0.0,0.0,0.7685963875770059,0,0.0,0.0,1.2846522718570883,0,0.0,0.0,1.0,0,0.0,0.0,1.0,0,0.0,0.0,1.0,0,0.0,0.0,1.0,0,0.0,0.0,0.9015315474789791
2019-08-05,6.1787,0.01366604324572629,True,1.0,0.01366604324572629,0.4223827948756519,0,0.0,0.0,0.7685963875770059,0,0.0,0.0,1.2846522718570883,0,0.0,0.0,1.0,0,0.0,0.0,1.0,0,0.0,0.0,1.0,0,0.0,0.0,1.0,0,0.0,0.0,0.9015315474789791
2019-08-06,5.8644,-0.05086830563063427,True,1.0,-0.05086830563063427,0.40089689777279575,0,0.0,-0.0,0.7685963875770059,0,0.0,-0.0,1.2846522718570883,0,0.0,-0.0,1.0,0,0.0,-0.0,1.0,0,0.0,-0.0,1.0,0,0.0,-0.0,1.0,0,0.0,-0.0,0.9015315474789791
2019-08-07,5.9058,0.00705954573357892,False,1.0,0.00705954573357892,0.4037270477570727,0,0.0,0.0,0.7685963875770059,0,0.0,0.0,1.2846522718570883,0,0.0,0.0,1.0,0,0.0,0.0,1.0,0,0.0,0.0,1.0,0,0.0,0.0,1.0,0,0.0,0.0,0.9015315474789791
2019-08-08,6.0026,0.016390666802126752,True,1.0,0.016390666802126752,0.4103444032758652,0,0.0,0.0,0.7685963875770059,0,0.0,0.0,1.2846522718570883,0,0.0,0.0,1.0,0,0.0,0.0,1.0,0,0.0,0.0,1.0,0,0.0,0.0,1.0,0,0.0,0.0,0.9015315474789791
2019-08-09,5.8101,-0.03206943657748307,False,1.0,-0.03206943657748307,0.3971848894600847,0,0.0,-0.0,0.7685963875770059,0,0.0,-0.0,1.2846522718570883,0,0.0,-0.0,1.0,0,0.0,-0.0,1.0,0,0.0,-0.0,1.0,0,0.0,-0.0,1.0,0,0.0,-0.0,0.9015315474789791
2019-08-10,5.6582,-0.026144128328256078,False,1.0,-0.026144128328256078,0.38680083673999605,0,0.0,-0.0,0.7685963875770059,0,0.0,-0.0,1.2846522718570883,0,0.0,-0.0,1.0,0,0.0,-0.0,1.0,0,0.0,-0.0,1.0,0,0.0,-0.0,1.0,0,0.0,-0.0,0.9015315474789791
2019-08-11,5.8311,0.030557421087978653,False,1.0,0.030557421087978653,0.3986204727854426,0,0.0,0.0,0.7685963875770059,0,0.0,0.0,1.2846522718570883,0,0.0,0.0,1.0,0,0.0,0.0,1.0,0,0.0,0.0,1.0,0,0.0,0.0,1.0,0,0.0,0.0,0.9015315474789791
2019-08-12,5.7907,-0.006928366860455171,False,1.0,-0.006928366860455171,0.395858683911897,0,0.0,-0.0,0.7685963875770059,0,0.0,-0.0,1.2846522718570883,0,0.0,-0.0,1.0,0,0.0,-0.0,1.0,0,0.0,-0.0,1.0,0,0.0,-0.0,1.0,0,0.0,-0.0,0.9015315474789791
2019-08-13,5.9204,0.02239798297269746,False,1.0,0.02239798297269746,0.4047251199737501,0,0.0,0.0,0.7685963875770059,0,0.0,0.0,1.2846522718570883,0,0.0,0.0,1.0,0,0.0,0.0,1.0,0,0.0,0.0,1.0,0,0.0,0.0,1.0,0,0.0,0.0,0.9015315474789791
2019-08-14,5.5958,-0.054827376528613025,False,1.0,-0.054827376528613025,0.38253510343036123,0,0.0,-0.0,0.7685963875770059,0,0.0,-0.0,1.2846522718570883,0,0.0,-0.0,1.0,0,0.0,-0.0,1.0,0,0.0,-0.0,1.0,0,0.0,-0.0,1.0,0,0.0,-0.0,0.9015315474789791
2019-08-15,5.6492,0.009542871439293998,False,1.0,0.009542871439293998,0.3861855867434142,0,0.0,0.0,0.7685963875770059,0,0.0,0.0,1.2846522718570883,0,0.0,0.0,1.0,0,0.0,0.0,1.0,0,0.0,0.0,1.0,0,0.0,0.0,1.0,0,0.0,0.0,0.9015315474789791
2019-08-16,5.5317,-0.020799405225518708,False,1.0,-0.020799405225518708,0.3781531562324832,0,0.0,-0.0,0.7685963875770059,0,0.0,-0.0,1.2846522718570883,0,0.0,-0.0,1.0,0,0.0,-0.0,1.0,0,0.0,-0.0,1.0,0,0.0,-0.0,1.0,0,0.0,-0.0,0.9015315474789791
2019-08-17,5.4552,-0.013829383372200299,False,1.0,-0.013829383372200299,0.3729235312615366,0,0.0,-0.0,0.7685963875770059,0,0.0,-0.0,1.2846522718570883,0,0.0,-0.0,1.0,0,0.0,-0.0,1.0,0,0.0,-0.0,1.0,0,0.0,-0.0,1.0,0,0.0,-0.0,0.9015315474789791
2019-08-18,5.5729,0.021575744244024087,False,1.0,0.021575744244024087,0.3809696339946138,0,0.0,0.0,0.7685963875770059,0,0.0,0.0,1.2846522718570883,0,0.0,0.0,1.0,0,0.0,0.0,1.0,0,0.0,0.0,1.0,0,0.0,0.0,1.0,0,0.0,0.0,0.9015315474789791
2019-08-19,5.5436,-0.005257585817079136,False,1.0,-0.005257585817079136,0.3789666534501859,0,0.0,-0.0,0.7685963875770059,0,0.0,-0.0,1.2846522718570883,0,0.0,-0.0,1.0,0,0.0,-0.0,1.0,0,0.0,-0.0,1.0,0,0.0,-0.0,1.0,0,0.0,-0.0,0.9015315474789791
2019-08-20,6.0315,0.08801140053394918,False,1.0,0.08801140053394918,0.4123200393760005,0,0.0,0.0,0.7685963875770059,0,0.0,0.0,1.2846522718570883,0,0.0,0.0,1.0,0,0.0,0.0,1.0,0,0.0,0.0,1.0,0,0.0,0.0,1.0,0,0.0,0.0,0.9015315474789791
2019-08-21,6.1547,0.020426096327613275,True,1.0,0.020426096327613275,0.4207421282181,0,0.0,0.0,0.7685963875770059,0,0.0,0.0,1.2846522718570883,0,0.0,0.0,1.0,0,0.0,0.0,1.0,0,0.0,0.0,1.0,0,0.0,0.0,1.0,0,0.0,0.0,0.9015315474789791
2019-08-22,7.2149,0.17225859911937214,True,1.0,0.17225859911937214,0.49321857781545314,0,0.0,0.0,0.7685963875770059,1,0.0,0.0,1.2846522718570883,0,0.0,0.0,1.0,0,0.0,0.0,1.0,0,0.0,0.0,1.0,0,0.0,0.0,1.0,0,0.0,0.0,0.9015315474789791
2019-08-23,7.1433,-0.00992390746926497,True,1.0,-0.00992390746926497,0.4883239222870901,0,0.0,-0.0,0.7685963875770059,1,1.0,-0.01092390746926497,1.2706188493091404,0,0.0,-0.0,1.0,0,0.0,-0.0,1.0,0,0.0,-0.0,1.0,0,0.0,-0.0,1.0,0,0.0,-0.0,0.9015315474789791
2019-08-24,6.853,-0.040639480352218205,True,1.0,-0.040639480352218205,0.46847869184178575,0,0.0,-0.0,0.7685963875770059,0,1.0,-0.040639480352218205,1.2189815595474836,0,0.0,-0.0,1.0,0,0.0,-0.0,1.0,0,0.0,-0.0,1.0,0,0.0,-0.0,1.0,0,0.0,-0.0,0.9015315474789791
2019-08-25,7.13,0.04042025390339998,True,1.0,0.04042025390339998,0.48741471951436344,0,0.0,0.0,0.7685963875770059,0,1.0,0.04042025390339998,1.2682531036879554,0,0.0,0.0,1.0,0,0.0,0.0,1.0,0,0.0,0.0,1.0,0,0.0,0.0,1.0,0,0.0,0.0,0.9015315474789791
2019-08-26,7.3415,0.02966339410939689,True,1.0,0.02966339410939689,0.5018730944340392,0,0.0,0.0,0.7685963875770059,0,1.0,0.02966339410939689,1.305873795333117,0,0.0,0.0,1.0,0,0.0,0.0,1.0,0,0.0,0.0,1.0,0,0.0,0.0,1.0,0,0.0,0.0,0.9015315474789791
2019-08-27,7.204,-0.01872914254580127,True,1.0,-0.01872914254580127,0.4924734417084817,0,0.0,-0.0,0.7685963875770059,0,1.0,-0.01872914254580127,1.2814158988734965,0,0.0,-0.0,1.0,0,0.0,-0.0,1.0,0,0.0,-0.0,1.0,0,0.0,-0.0,1.0,0,0.0,-0.0,0.9015315474789791
2019-08-28,6.4597,-0.10331760133259305,True,1.0,-0.10331760133259305,0.4415922669911548,0,0.0,-0.0,0.7685963875770059,1,1.0,-0.10331760133259305,1.1490230818924383,0,0.0,-0.0,1.0,0,0.0,-0.0,1.0,0,0.0,-0.0,1.0,0,0.0,-0.0,1.0,0,0.0,-0.0,0.9015315474789791
2019-08-29,5.9395,-0.08053005557533632,True,1.0,-0.08053005557533632,0.4060308171887183,0,0.0,-0.0,0.7685963875770059,1,1.0,-0.08053005557533632,1.056492189250296,0,0.0,-0.0,1.0,0,0.0,-0.0,1.0,0,0.0,-0.0,1.0,0,0.0,-0.0,1.0,0,0.0,-0.0,0.9015315474789791
2019-08-30,6.3003,0.06074585402811694,True,1.0,0.06074585402811694,0.4306955059405812,0,0.0,0.0,0.7685963875770059,0,1.0,0.06074585402811694,1.1206697095603402,0,0.0,0.0,1.0,0,0.0,0.0,1.0,0,0.0,0.0,1.0,0,0.0,0.0,1.0,0,0.0,0.0,0.9015315474789791
2019-08-31,6.2604,-0.00633303176039246,True,1.0,-0.00633303176039246,0.4279678976224012,0,0.0,-0.0,0.7685963875770059,0,1.0,-0.00633303176039246,1.1135724726967848,0,0.0,-0.0,1.0,0,0.0,-0.0,1.0,0,0.0,-0.0,1.0,0,0.0,-0.0,1.0,0,0.0,-0.0,0.9015315474789791
2019-09-01,6.2372,-0.003705833493067523,True,1.0,-0.003705833493067523,0.42638191985343443,0,0.0,-0.0,0.7685963875770059,0,1.0,-0.003705833493067523,1.109445758530507,0,0.0,-0.0,1.0,0,0.0,-0.0,1.0,0,0.0,-0.0,1.0,0,0.0,-0.0,1.0,0,0.0,-0.0,0.9015315474789791
2019-09-02,6.684,0.07163470788174187,True,1.0,0.07163470788174187,0.45692566412819147,0,0.0,0.0,0.7685963875770059,0,1.0,0.07163470788174187,1.1889205813534776,0,0.0,0.0,1.0,0,0.0,0.0,1.0,0,0.0,0.0,1.0,0,0.0,0.0,1.0,0,0.0,0.0,0.9015315474789791
2019-09-03,6.7977,0.01701077199281853,True,1.0,0.01701077199281853,0.4646983224183433,0,0.0,0.0,0.7685963875770059,0,1.0,0.01701077199281853,1.2091450382804507,0,0.0,0.0,1.0,0,0.0,0.0,1.0,0,0.0,0.0,1.0,0,0.0,0.0,1.0,0,0.0,0.0,0.9015315474789791
2019-09-04,6.762,-0.005251776336113734,True,1.0,-0.005251776336113734,0.4622578307652349,0,0.0,-0.0,0.7685963875770059,0,1.0,-0.005251776336113734,1.2027948789814802,0,0.0,-0.0,1.0,0,0.0,-0.0,1.0,0,0.0,-0.0,1.0,0,0.0,-0.0,1.0,0,0.0,-0.0,0.9015315474789791
2019-09-05,7.0396,0.04105294291629713,True,1.0,0.04105294291629713,0.48123487510425145,0,0.0,0.0,0.7685963875770059,0,1.0,0.04105294291629713,1.2521731484883214,0,0.0,0.0,1.0,0,0.0,0.0,1.0,0,0.0,0.0,1.0,0,0.0,0.0,1.0,0,0.0,0.0,0.9015315474789791
2019-09-06,6.6563,-0.05444911642706973,True,1.0,-0.05444911642706973,0.4550320613609337,0,0.0,-0.0,0.7685963875770059,0,1.0,-0.05444911642706973,1.1839934269394303,0,0.0,-0.0,1.0,0,0.0,-0.0,1.0,0,0.0,-0.0,1.0,0,0.0,-0.0,1.0,0,0.0,-0.0,0.9015315474789791
2019-09-07,6.6361,-0.0030347189880264303,True,1.0,-0.0030347189880264303,0.4536511669241609,0,0.0,-0.0,0.7685963875770059,0,1.0,-0.0030347189880264303,1.1804003396049987,0,0.0,-0.0,1.0,0,0.0,-0.0,1.0,0,0.0,-0.0,1.0,0,0.0,-0.0,1.0,0,0.0,-0.0,0.9015315474789791
2019-09-08,6.648,0.0017932219225147428,True,1.0,0.0017932219225147428,0.4544646641418637,0,0.0,0.0,0.7685963875770059,0,1.0,0.0017932219225147428,1.1825170593713221,0,0.0,0.0,1.0,0,0.0,0.0,1.0,0,0.0,0.0,1.0,0,0.0,0.0,1.0,0,0.0,0.0,0.9015315474789791
2019-09-09,6.5924,-0.008363417569193787,True,1.0,-0.008363417569193787,0.4506637863852019,0,0.0,-0.0,0.7685963875770059,0,1.0,-0.008363417569193787,1.1726271754211046,0,0.0,-0.0,1.0,0,0.0,-0.0,1.0,0,0.0,-0.0,1.0,0,0.0,-0.0,1.0,0,0.0,-0.0,0.9015315474789791
2019-09-10,6.5302,-0.009435107093016204,True,1.0,-0.009435107093016204,0.44641172529771334,0,0.0,-0.0,0.7685963875770059,0,1.0,-0.009435107093016204,1.1615633124408253,0,0.0,-0.0,1.0,0,0.0,-0.0,1.0,0,0.0,-0.0,1.0,0,0.0,-0.0,1.0,0,0.0,-0.0,0.9015315474789791
2019-09-11,6.3291,-0.030795381458454507,False,1.0,-0.030795381458454507,0.43266430592964344,0,0.0,-0.0,0.7685963875770059,0,1.0,-0.030795381458454507,1.125792527146064,0,0.0,-0.0,1.0,0,0.0,-0.0,1.0,0,0.0,-0.0,1.0,0,0.0,-0.0,1.0,0,0.0,-0.0,0.9015315474789791
2019-09-12,6.1985,-0.02063484539665994,False,1.0,-0.02063484539665994,0.42373634486813205,0,0.0,-0.0,0.7685963875770059,0,1.0,-0.02063484539665994,1.10256197239969,0,0.0,-0.0,1.0,0,0.0,-0.0,1.0,0,0.0,-0.0,1.0,0,0.0,-0.0,1.0,0,0.0,-0.0,0.9015315474789791
2019-09-13,6.1596,-0.006275711865773914,False,1.0,-0.006275711865773914,0.42107709766068346,0,0.0,-0.0,0.7685963875770059,0,1.0,-0.006275711865773914,1.09564261114675,0,0.0,-0.0,1.0,0,0.0,-0.0,1.0,0,0.0,-0.0,1.0,0,0.0,-0.0,1.0,0,0.0,-0.0,0.9015315474789791
2019-09-14,6.241,0.013215143840509036,False,1.0,0.013215143840509036,0.4266416920742135,0,0.0,0.0,0.7685963875770059,0,1.0,0.013215143840509036,1.1101216858508454,0,0.0,0.0,1.0,0,0.0,0.0,1.0,0,0.0,0.0,1.0,0,0.0,0.0,1.0,0,0.0,0.0,0.9015315474789791
2019-09-15,6.2496,0.001377984297388224,False,1.0,0.001377984297388224,0.42722959762650287,0,0.0,0.0,0.7685963875770059,0,1.0,0.001377984297388224,1.111651416102138,0,0.0,0.0,1.0,0,0.0,0.0,1.0,0,0.0,0.0,1.0,0,0.0,0.0,1.0,0,0.0,0.0,0.9015315474789791
2019-09-16,6.2175,-0.0051363287250383305,False,1.0,-0.0051363287250383305,0.4250352059720273,0,0.0,-0.0,0.7685963875770059,0,1.0,-0.0051363287250383305,1.1059416090013832,0,0.0,-0.0,1.0,0,0.0,-0.0,1.0,0,0.0,-0.0,1.0,0,0.0,-0.0,1.0,0,0.0,-0.0,0.9015315474789791
2019-09-17,6.2816,0.010309609971853595,False,1.0,0.010309609971853595,0.42941715316990536,0,0.0,0.0,0.7685963875770059,0,1.0,0.010309609971853595,1.1173434356418317,0,0.0,0.0,1.0,0,0.0,0.0,1.0,0,0.0,0.0,1.0,0,0.0,0.0,1.0,0,0.0,0.0,0.9015315474789791
2019-09-18,6.3742,0.014741467142129316,True,1.0,0.014741467142129316,0.4357473920236262,0,0.0,0.0,0.7685963875770059,0,1.0,0.014741467142129316,1.1338147171848196,0,0.0,0.0,1.0,0,0.0,0.0,1.0,0,0.0,0.0,1.0,0,0.0,0.0,1.0,0,0.0,0.0,0.9015315474789791
2019-09-19,6.2103,-0.025713030654827218,False,1.0,-0.025713030654827218,0.4245430059747617,0,0.0,-0.0,0.7685963875770059,0,0.0,-0.001,1.1326809024676348,0,0.0,-0.0,1.0,0,0.0,-0.0,1.0,0,0.0,-0.0,1.0,0,0.0,-0.0,1.0,0,0.0,-0.0,0.9015315474789791
2019-09-20,6.1695,-0.006569730930872875,False,1.0,-0.006569730930872875,0.42175387265692355,0,0.0,-0.0,0.7685963875770059,0,0.0,-0.0,1.1326809024676348,0,0.0,-0.0,1.0,0,0.0,-0.0,1.0,0,0.0,-0.0,1.0,0,0.0,-0.0,1.0,0,0.0,-0.0,0.9015315474789791
2019-09-21,6.1217,-0.00774779155523142,False,1.0,-0.00774779155523142,0.4184862115639661,0,0.0,-0.0,0.7685963875770059,0,0.0,-0.0,1.1326809024676348,0,0.0,-0.0,1.0,0,0.0,-0.0,1.0,0,0.0,-0.0,1.0,0,0.0,-0.0,1.0,0,0.0,-0.0,0.9015315474789791
2019-09-22,5.9926,-0.021088913210382643,False,1.0,-0.021088913210382643,0.4096607921685518,0,0.0,-0.0,0.7685963875770059,0,0.0,-0.0,1.1326809024676348,0,0.0,-0.0,1.0,0,0.0,-0.0,1.0,0,0.0,-0.0,1.0,0,0.0,-0.0,1.0,0,0.0,-0.0,0.9015315474789791
2019-09-23,5.8206,-0.02870206588125368,False,1.0,-0.02870206588125368,0.39790268112276345,0,0.0,-0.0,0.7685963875770059,0,0.0,-0.0,1.1326809024676348,0,0.0,-0.0,1.0,0,0.0,-0.0,1.0,0,0.0,-0.0,1.0,0,0.0,-0.0,1.0,0,0.0,-0.0,0.9015315474789791
2019-09-24,4.6197,-0.20631893619214514,False,1.0,-0.20631893619214514,0.31580782324551254,0,0.0,-0.0,0.7685963875770059,0,0.0,-0.0,1.1326809024676348,0,0.0,-0.0,1.0,0,0.0,-0.0,1.0,0,0.0,-0.0,1.0,0,0.0,-0.0,1.0,0,0.0,-0.0,0.9015315474789791
2019-09-25,4.8148,0.042232179578760576,False,1.0,0.042232179578760576,0.3291450759491945,0,0.0,0.0,0.7685963875770059,0,0.0,0.0,1.1326809024676348,0,0.0,0.0,1.0,0,0.0,0.0,1.0,0,0.0,0.0,1.0,0,0.0,0.0,1.0,0,0.0,0.0,0.9015315474789791
2019-09-26,4.6891,-0.026107003406164342,False,1.0,-0.026107003406164342,0.32055208433026666,0,0.0,-0.0,0.7685963875770059,0,0.0,-0.0,1.1326809024676348,0,0.0,-0.0,1.0,0,0.0,-0.0,1.0,0,0.0,-0.0,1.0,0,0.0,-0.0,1.0,0,0.0,-0.0,0.9015315474789791
2019-09-27,4.6623,-0.005715382482779141,False,1.0,-0.005715382482779141,0.31872000656266714,0,0.0,-0.0,0.7685963875770059,0,0.0,-0.0,1.1326809024676348,0,0.0,-0.0,1.0,0,0.0,-0.0,1.0,0,0.0,-0.0,1.0,0,0.0,-0.0,1.0,0,0.0,-0.0,0.9015315474789791
2019-09-28,4.6691,0.0014585076035433797,False,1.0,0.0014585076035433797,0.3191848621156402,0,0.0,0.0,0.7685963875770059,0,0.0,0.0,1.1326809024676348,0,0.0,0.0,1.0,0,0.0,0.0,1.0,0,0.0,0.0,1.0,0,0.0,0.0,1.0,0,0.0,0.0,0.9015315474789791
2019-09-29,4.5424,-0.02713585059219137,False,1.0,-0.02713585059219137,0.31052350938598094,0,0.0,-0.0,0.7685963875770059,0,0.0,-0.0,1.1326809024676348,0,0.0,-0.0,1.0,0,0.0,-0.0,1.0,0,0.0,-0.0,1.0,0,0.0,-0.0,1.0,0,0.0,-0.0,0.9015315474789791
2019-09-30,4.7096,0.036808735470236,False,1.0,0.036808735470236,0.32195348710025884,0,0.0,0.0,0.7685963875770059,0,0.0,0.0,1.1326809024676348,0,0.0,0.0,1.0,0,0.0,0.0,1.0,0,0.0,0.0,1.0,0,0.0,0.0,1.0,0,0.0,0.0,0.9015315474789791
2019-10-01,4.6106,-0.021020893494139714,False,1.0,-0.021020893494139714,0.3151857371378574,0,0.0,-0.0,0.7685963875770059,0,0.0,-0.0,1.1326809024676348,0,0.0,-0.0,1.0,0,0.0,-0.0,1.0,0,0.0,-0.0,1.0,0,0.0,-0.0,1.0,0,0.0,-0.0,0.9015315474789791
2019-10-02,4.6781,0.014640176983472752,False,1.0,0.014640176983472752,0.319800112112222,0,0.0,0.0,0.7685963875770059,0,0.0,0.0,1.1326809024676348,0,0.0,0.0,1.0,0,0.0,0.0,1.0,0,0.0,0.0,1.0,0,0.0,0.0,1.0,0,0.0,0.0,0.9015315474789791
2019-10-03,4.5989,-0.016929950193454446,False,1.0,-0.016929950193454446,0.31438591214230094,0,0.0,-0.0,0.7685963875770059,0,0.0,-0.0,1.1326809024676348,0,0.0,-0.0,1.0,0,0.0,-0.0,1.0,0,0.0,-0.0,1.0,0,0.0,-0.0,1.0,0,0.0,-0.0,0.9015315474789791
2019-10-04,4.578,-0.0045445650046750385,False,1.0,-0.0045445650046750385,0.3129571649280162,0,0.0,-0.0,0.7685963875770059,0,0.0,-0.0,1.1326809024676348,0,0.0,-0.0,1.0,0,0.0,-0.0,1.0,0,0.0,-0.0,1.0,0,0.0,-0.0,1.0,0,0.0,-0.0,0.9015315474789791
2019-10-05,4.6157,0.008235037134119771,False,1.0,0.008235037134119771,0.3155343788025872,0,0.0,0.0,0.7685963875770059,0,0.0,0.0,1.1326809024676348,0,0.0,0.0,1.0,0,0.0,0.0,1.0,0,0.0,0.0,1.0,0,0.0,0.0,1.0,0,0.0,0.0,0.9015315474789791
2019-10-06,4.4874,-0.027796433910349472,False,1.0,-0.027796433910349472,0.3067636482957579,0,0.0,-0.0,0.7685963875770059,0,0.0,-0.0,1.1326809024676348,0,0.0,-0.0,1.0,0,0.0,-0.0,1.0,0,0.0,-0.0,1.0,0,0.0,-0.0,1.0,0,0.0,-0.0,0.9015315474789791
2019-10-07,4.6622,0.03895351428444105,False,1.0,0.03895351428444105,0.318713170451594,0,0.0,0.0,0.7685963875770059,0,0.0,0.0,1.1326809024676348,0,0.0,0.0,1.0,0,0.0,0.0,1.0,0,0.0,0.0,1.0,0,0.0,0.0,1.0,0,0.0,0.0,0.9015315474789791
2019-10-08,4.6171,-0.009673544678478141,False,1.0,-0.009673544678478141,0.3156300843576111,0,0.0,-0.0,0.7685963875770059,0,0.0,-0.0,1.1326809024676348,0,0.0,-0.0,1.0,0,0.0,-0.0,1.0,0,0.0,-0.0,1.0,0,0.0,-0.0,1.0,0,0.0,-0.0,0.9015315474789791
2019-10-09,5.0611,0.09616425895042346,False,1.0,0.09616425895042346,0.3459824175223204,0,0.0,0.0,0.7685963875770059,0,0.0,0.0,1.1326809024676348,0,0.0,0.0,1.0,0,0.0,0.0,1.0,0,0.0,0.0,1.0,0,0.0,0.0,1.0,0,0.0,0.0,0.9015315474789791
2019-10-10,4.8269,-0.04627452530082388,False,1.0,-0.04627452530082388,0.3299722453890436,0,0.0,-0.0,0.7685963875770059,0,0.0,-0.0,1.1326809024676348,0,0.0,-0.0,1.0,0,0.0,-0.0,1.0,0,0.0,-0.0,1.0,0,0.0,-0.0,1.0,0,0.0,-0.0,0.9015315474789791
2019-10-11,4.6383,-0.03907269676189684,False,1.0,-0.03907269676189684,0.3170793399051153,0,0.0,-0.0,0.7685963875770059,0,0.0,-0.0,1.1326809024676348,0,0.0,-0.0,1.0,0,0.0,-0.0,1.0,0,0.0,-0.0,1.0,0,0.0,-0.0,1.0,0,0.0,-0.0,0.9015315474789791
2019-10-12,4.7046,0.014294030140353131,False,1.0,0.014294030140353131,0.32161168154660225,0,0.0,0.0,0.7685963875770059,0,0.0,0.0,1.1326809024676348,0,0.0,0.0,1.0,0,0.0,0.0,1.0,0,0.0,0.0,1.0,0,0.0,0.0,1.0,0,0.0,0.0,0.9015315474789791
2019-10-13,4.7404,0.007609573608808429,False,1.0,0.007609573608808429,0.3240590093107838,0,0.0,0.0,0.7685963875770059,0,0.0,0.0,1.1326809024676348,0,0.0,0.0,1.0,0,0.0,0.0,1.0,0,0.0,0.0,1.0,0,0.0,0.0,1.0,0,0.0,0.0,0.9015315474789791
2019-10-14,4.7892,0.010294489916462757,True,1.0,0.010294489916462757,0.3273950315144726,0,0.0,0.0,0.7685963875770059,0,0.0,0.0,1.1326809024676348,0,0.0,0.0,1.0,0,0.0,0.0,1.0,0,0.0,0.0,1.0,0,0.0,0.0,1.0,0,0.0,0.0,0.9015315474789791
2019-10-15,4.5352,-0.05303599766140488,False,1.0,-0.05303599766140488,0.3100313093887154,0,0.0,-0.0,0.7685963875770059,0,0.0,-0.0,1.1326809024676348,0,0.0,-0.0,1.0,0,0.0,-0.0,1.0,0,0.0,-0.0,1.0,0,0.0,-0.0,1.0,0,0.0,-0.0,0.9015315474789791
2019-10-16,4.4162,-0.026239195625330725,False,1.0,-0.026239195625330725,0.30189633721168746,0,0.0,-0.0,0.7685963875770059,0,0.0,-0.0,1.1326809024676348,0,0.0,-0.0,1.0,0,0.0,-0.0,1.0,0,0.0,-0.0,1.0,0,0.0,-0.0,1.0,0,0.0,-0.0,0.9015315474789791
2019-10-17,4.4999,0.01895294597164998,False,1.0,0.01895294597164998,0.3076181621798996,0,0.0,0.0,0.7685963875770059,0,0.0,0.0,1.1326809024676348,0,0.0,0.0,1.0,0,0.0,0.0,1.0,0,0.0,0.0,1.0,0,0.0,0.0,1.0,0,0.0,0.0,0.9015315474789791
2019-10-18,4.4109,-0.01977821729371776,False,1.0,-0.01977821729371776,0.30153402332481144,0,0.0,-0.0,0.7685963875770059,0,0.0,-0.0,1.1326809024676348,0,0.0,-0.0,1.0,0,0.0,-0.0,1.0,0,0.0,-0.0,1.0,0,0.0,-0.0,1.0,0,0.0,-0.0,0.9015315474789791
2019-10-19,4.4174,0.0014736221632773994,False,1.0,0.0014736221632773994,0.3019783705445651,0,0.0,0.0,0.7685963875770059,0,0.0,0.0,1.1326809024676348,0,0.0,0.0,1.0,0,0.0,0.0,1.0,0,0.0,0.0,1.0,0,0.0,0.0,1.0,0,0.0,0.0,0.9015315474789791
2019-10-20,4.5013,0.018993072848281667,False,1.0,0.018993072848281667,0.30771386773492343,0,0.0,0.0,0.7685963875770059,0,0.0,0.0,1.1326809024676348,0,0.0,0.0,1.0,0,0.0,0.0,1.0,0,0.0,0.0,1.0,0,0.0,0.0,1.0,0,0.0,0.0,0.9015315474789791
2019-10-21,4.5775,0.016928442894275086,False,1.0,0.016928442894275086,0.3129229843726506,0,0.0,0.0,0.7685963875770059,0,0.0,0.0,1.1326809024676348,0,0.0,0.0,1.0,0,0.0,0.0,1.0,0,0.0,0.0,1.0,0,0.0,0.0,1.0,0,0.0,0.0,0.9015315474789791
2019-10-22,4.4532,-0.027154560349535783,False,1.0,-0.027154560349535783,0.3044256983087466,0,0.0,-0.0,0.7685963875770059,0,0.0,-0.0,1.1326809024676348,0,0.0,-0.0,1.0,0,0.0,-0.0,1.0,0,0.0,-0.0,1.0,0,0.0,-0.0,1.0,0,0.0,-0.0,0.9015315474789791
2019-10-23,4.2546,-0.04459714362705469,False,1.0,-0.04459714362705469,0.290849181717505,0,0.0,-0.0,0.7685963875770059,0,0.0,-0.0,1.1326809024676348,0,0.0,-0.0,1.0,0,0.0,-0.0,1.0,0,0.0,-0.0,1.0,0,0.0,-0.0,1.0,0,0.0,-0.0,0.9015315474789791
2019-10-24,4.2582,0.0008461429981667656,False,1.0,0.0008461429981667656,0.2910952817161378,0,0.0,0.0,0.7685963875770059,0,0.0,0.0,1.1326809024676348,0,0.0,0.0,1.0,0,0.0,0.0,1.0,0,0.0,0.0,1.0,0,0.0,0.0,1.0,0,0.0,0.0,0.9015315474789791
2019-10-25,4.7416,0.11352214550749129,True,1.0,0.11352214550749129,0.32414104264366134,0,0.0,0.0,0.7685963875770059,1,0.0,0.0,1.1326809024676348,0,0.0,0.0,1.0,0,0.0,0.0,1.0,0,0.0,0.0,1.0,0,0.0,0.0,1.0,0,0.0,0.0,0.9015315474789791
2019-10-26,4.5738,-0.03538889826218994,True,1.0,-0.03538889826218994,0.31267004826294464,0,0.0,-0.0,0.7685963875770059,0,1.0,-0.03638889826218994,1.0914638923442146,0,0.0,-0.0,1.0,0,0.0,-0.0,1.0,0,0.0,-0.0,1.0,0,0.0,-0.0,1.0,0,0.0,-0.0,0.9015315474789791
2019-10-27,4.7735,0.04366172547990721,True,1.0,0.04366172547990721,0.3263217620759907,0,0.0,0.0,0.7685963875770059,0,1.0,0.04366172547990721,1.1391190891829788,0,0.0,0.0,1.0,0,0.0,0.0,1.0,0,0.0,0.0,1.0,0,0.0,0.0,1.0,0,0.0,0.0,0.9015315474789791
2019-10-28,4.7364,-0.007772074997381528,True,1.0,-0.007772074997381528,0.32378556486785837,0,0.0,-0.0,0.7685963875770059,0,1.0,-0.007772074997381528,1.1302657701908998,0,0.0,-0.0,1.0,0,0.0,-0.0,1.0,0,0.0,-0.0,1.0,0,0.0,-0.0,1.0,0,0.0,-0.0,0.9015315474789791
2019-10-29,4.9239,0.03958702812262471,False,1.0,0.03958702812262471,0.33660327312998223,0,0.0,0.0,0.7685963875770059,0,1.0,0.03958702812262471,1.175009633021487,0,0.0,0.0,1.0,0,0.0,0.0,1.0,0,0.0,0.0,1.0,0,0.0,0.0,1.0,0,0.0,0.0,0.9015315474789791
2019-10-30,4.7871,-0.02778285505392064,False,1.0,-0.02778285505392064,0.32725147318193665,0,0.0,-0.0,0.7685963875770059,0,1.0,-0.02778285505392064,1.1423645107002904,0,0.0,-0.0,1.0,0,0.0,-0.0,1.0,0,0.0,-0.0,1.0,0,0.0,-0.0,1.0,0,0.0,-0.0,0.9015315474789791
2019-10-31,4.8074,0.004240563180213597,True,1.0,0.004240563180213597,0.3286392037297826,0,0.0,0.0,0.7685963875770059,0,1.0,0.004240563180213597,1.1472087795827488,0,0.0,0.0,1.0,0,0.0,0.0,1.0,0,0.0,0.0,1.0,0,0.0,0.0,1.0,0,0.0,0.0,0.9015315474789791
2019-11-01,4.8656,0.012106336065232703,True,1.0,0.012106336065232703,0.33261782037434584,0,0.0,0.0,0.7685963875770059,0,1.0,0.012106336065232703,1.161097274605363,0,0.0,0.0,1.0,0,0.0,0.0,1.0,0,0.0,0.0,1.0,0,0.0,0.0,1.0,0,0.0,0.0,0.9015315474789791
2019-11-02,4.9241,0.012023183163433204,True,1.0,0.012023183163433204,0.33661694535212855,0,0.0,0.0,0.7685963875770059,0,1.0,0.012023183163433204,1.1750573598085063,0,0.0,0.0,1.0,0,0.0,0.0,1.0,0,0.0,0.0,1.0,0,0.0,0.0,1.0,0,0.0,0.0,0.9015315474789791
2019-11-03,4.8765,-0.009666741130358814,True,1.0,-0.009666741130358814,0.33336295648131736,0,0.0,-0.0,0.7685963875770059,0,1.0,-0.009666741130358814,1.1636983844979145,0,0.0,-0.0,1.0,0,0.0,-0.0,1.0,0,0.0,-0.0,1.0,0,0.0,-0.0,1.0,0,0.0,-0.0,0.9015315474789791
2019-11-04,4.9625,0.017635599302778804,True,1.0,0.017635599302778804,0.33924201200421156,0,0.0,0.0,0.7685963875770059,0,1.0,0.017635599302778804,1.1842209029162107,0,0.0,0.0,1.0,0,0.0,0.0,1.0,0,0.0,0.0,1.0,0,0.0,0.0,1.0,0,0.0,0.0,0.9015315474789791
2019-11-05,5.0179,0.011163727959697667,True,1.0,0.011163727959697667,0.34302921753872706,0,0.0,0.0,0.7685963875770059,0,1.0,0.011163727959697667,1.1974412229205549,0,0.0,0.0,1.0,0,0.0,0.0,1.0,0,0.0,0.0,1.0,0,0.0,0.0,1.0,0,0.0,0.0,0.9015315474789791
2019-11-06,5.0745,0.011279618964108451,True,1.0,0.011279618964108451,0.34689845640612016,0,0.0,0.0,0.7685963875770059,0,1.0,0.011279618964108451,1.2109479036470148,0,0.0,0.0,1.0,0,0.0,0.0,1.0,0,0.0,0.0,1.0,0,0.0,0.0,1.0,0,0.0,0.0,0.9015315474789791
2019-11-07,5.2412,0.032850527145531716,True,1.0,0.032850527145531716,0.35829425356503247,0,0.0,0.0,0.7685963875770059,0,1.0,0.032850527145531716,1.2507281806275958,0,0.0,0.0,1.0,0,0.0,0.0,1.0,0,0.0,0.0,1.0,0,0.0,0.0,1.0,0,0.0,0.0,0.9015315474789791
2019-11-08,4.9754,-0.05071357704342527,True,1.0,-0.05071357704342527,0.34012387033264563,0,0.0,-0.0,0.7685963875770059,0,1.0,-0.05071357704342527,1.187299280678955,0,0.0,-0.0,1.0,0,0.0,-0.0,1.0,0,0.0,-0.0,1.0,0,0.0,-0.0,1.0,0,0.0,-0.0,0.9015315474789791
2019-11-09,4.9554,-0.004019777304337224,True,1.0,-0.004019777304337224,0.33875664811801914,0,0.0,-0.0,0.7685963875770059,0,1.0,-0.004019777304337224,1.182526601977026,0,0.0,-0.0,1.0,0,0.0,-0.0,1.0,0,0.0,-0.0,1.0,0,0.0,-0.0,1.0,0,0.0,-0.0,0.9015315474789791
2019-11-10,5.0365,0.016365984582475734,True,1.0,0.016365984582475734,0.3443007341983298,0,0.0,0.0,0.7685963875770059,0,1.0,0.016365984582475734,1.2018798141133493,0,0.0,0.0,1.0,0,0.0,0.0,1.0,0,0.0,0.0,1.0,0,0.0,0.0,1.0,0,0.0,0.0,0.9015315474789791
2019-11-11,4.8916,-0.02876997915218893,True,1.0,-0.02876997915218893,0.3343952092533605,0,0.0,-0.0,0.7685963875770059,0,1.0,-0.02876997915218893,1.1673017569178716,0,0.0,-0.0,1.0,0,0.0,-0.0,1.0,0,0.0,-0.0,1.0,0,0.0,-0.0,1.0,0,0.0,-0.0,0.9015315474789791
2019-11-12,4.9067,0.0030869245236730958,True,1.0,0.0030869245236730958,0.3354274620254035,0,0.0,0.0,0.7685963875770059,0,1.0,0.0030869245236730958,1.170905129337828,0,0.0,0.0,1.0,0,0.0,0.0,1.0,0,0.0,0.0,1.0,0,0.0,0.0,1.0,0,0.0,0.0,0.9015315474789791
2019-11-13,4.849,-0.011759430982126395,True,1.0,-0.011759430982126395,0.331483025936206,0,0.0,-0.0,0.7685963875770059,0,1.0,-0.011759430982126395,1.1571359512827621,0,0.0,-0.0,1.0,0,0.0,-0.0,1.0,0,0.0,-0.0,1.0,0,0.0,-0.0,1.0,0,0.0,-0.0,0.9015315474789791
2019-11-14,4.7515,-0.020107238605898137,True,1.0,-0.020107238605898137,0.3248178176399016,0,0.0,-0.0,0.7685963875770059,0,1.0,-0.020107238605898137,1.1338691426108567,0,0.0,-0.0,1.0,0,0.0,-0.0,1.0,0,0.0,-0.0,1.0,0,0.0,-0.0,1.0,0,0.0,-0.0,0.9015315474789791
2019-11-15,4.5652,-0.0392086709460171,False,1.0,-0.0392086709460171,0.3120821427106553,0,0.0,-0.0,0.7685963875770059,0,0.0,-0.001,1.1327352734682459,0,0.0,-0.0,1.0,0,0.0,-0.0,1.0,0,0.0,-0.0,1.0,0,0.0,-0.0,1.0,0,0.0,-0.0,0.9015315474789791
2019-11-16,4.6297,0.014128625251905724,False,1.0,0.014128625251905724,0.31649143435282595,0,0.0,0.0,0.7685963875770059,0,0.0,0.0,1.1327352734682459,0,0.0,0.0,1.0,0,0.0,0.0,1.0,0,0.0,0.0,1.0,0,0.0,0.0,1.0,0,0.0,0.0,0.9015315474789791
2019-11-17,4.6139,-0.003412748126228382,False,1.0,-0.003412748126228382,0.315411328803271,0,0.0,-0.0,0.7685963875770059,0,0.0,-0.0,1.1327352734682459,0,0.0,-0.0,1.0,0,0.0,-0.0,1.0,0,0.0,-0.0,1.0,0,0.0,-0.0,1.0,0,0.0,-0.0,0.9015315474789791
2019-11-18,4.3674,-0.05342551854179767,False,1.0,-0.05342551854179767,0.2985603150079988,0,0.0,-0.0,0.7685963875770059,0,0.0,-0.0,1.1327352734682459,0,0.0,-0.0,1.0,0,0.0,-0.0,1.0,0,0.0,-0.0,1.0,0,0.0,-0.0,1.0,0,0.0,-0.0,0.9015315474789791
2019-11-19,4.3865,0.004373311352291909,False,1.0,0.004373311352291909,0.2998660122229671,0,0.0,0.0,0.7685963875770059,0,0.0,0.0,1.1327352734682459,0,0.0,0.0,1.0,0,0.0,0.0,1.0,0,0.0,0.0,1.0,0,0.0,0.0,1.0,0,0.0,0.0,0.9015315474789791
2019-11-20,4.3374,-0.011193434401003066,False,1.0,-0.011193434401003066,0.29650948168605895,0,0.0,-0.0,0.7685963875770059,0,0.0,-0.0,1.1327352734682459,0,0.0,-0.0,1.0,0,0.0,-0.0,1.0,0,0.0,-0.0,1.0,0,0.0,-0.0,1.0,0,0.0,-0.0,0.9015315474789791
2019-11-21,4.1785,-0.036634850371190075,False,1.0,-0.036634850371190075,0.28564690119085107,0,0.0,-0.0,0.7685963875770059,0,0.0,-0.0,1.1327352734682459,0,0.0,-0.0,1.0,0,0.0,-0.0,1.0,0,0.0,-0.0,1.0,0,0.0,-0.0,1.0,0,0.0,-0.0,0.9015315474789791
2019-11-22,3.8672,-0.0745004188105779,False,1.0,-0.0745004188105779,0.2643660874201889,0,0.0,-0.0,0.7685963875770059,0,0.0,-0.0,1.1327352734682459,0,0.0,-0.0,1.0,0,0.0,-0.0,1.0,0,0.0,-0.0,1.0,0,0.0,-0.0,1.0,0,0.0,-0.0,0.9015315474789791
2019-11-23,3.9887,0.031418080264791204,False,1.0,0.031418080264791204,0.27267196237404523,0,0.0,0.0,0.7685963875770059,0,0.0,0.0,1.1327352734682459,0,0.0,0.0,1.0,0,0.0,0.0,1.0,0,0.0,0.0,1.0,0,0.0,0.0,1.0,0,0.0,0.0,0.9015315474789791
2019-11-24,3.7023,-0.07180284303156415,False,1.0,-0.07180284303156415,0.2530933402605931,0,0.0,-0.0,0.7685963875770059,0,0.0,-0.0,1.1327352734682459,0,0.0,-0.0,1.0,0,0.0,-0.0,1.0,0,0.0,-0.0,1.0,0,0.0,-0.0,1.0,0,0.0,-0.0,0.9015315474789791
2019-11-25,3.7691,0.018042838235691194,False,1.0,0.018042838235691194,0.2576598624574457,0,0.0,0.0,0.7685963875770059,0,0.0,0.0,1.1327352734682459,0,0.0,0.0,1.0,0,0.0,0.0,1.0,0,0.0,0.0,1.0,0,0.0,0.0,1.0,0,0.0,0.0,0.9015315474789791
2019-11-26,3.8706,0.026929505717545377,False,1.0,0.026929505717545377,0.26459851519667543,0,0.0,0.0,0.7685963875770059,0,0.0,0.0,1.1327352734682459,0,0.0,0.0,1.0,0,0.0,0.0,1.0,0,0.0,0.0,1.0,0,0.0,0.0,1.0,0,0.0,0.0,0.9015315474789791
2019-11-27,3.945,0.01922182607347689,False,1.0,0.01922182607347689,0.26968458183508615,0,0.0,0.0,0.7685963875770059,0,0.0,0.0,1.1327352734682459,0,0.0,0.0,1.0,0,0.0,0.0,1.0,0,0.0,0.0,1.0,0,0.0,0.0,1.0,0,0.0,0.0,0.9015315474789791
2019-11-28,3.9389,-0.0015462610899873441,False,1.0,-0.0015462610899873441,0.26926757905962506,0,0.0,-0.0,0.7685963875770059,0,0.0,-0.0,1.1327352734682459,0,0.0,-0.0,1.0,0,0.0,-0.0,1.0,0,0.0,-0.0,1.0,0,0.0,-0.0,1.0,0,0.0,-0.0,0.9015315474789791
2019-11-29,4.0776,0.035212876691462114,False,1.0,0.035212876691462114,0.27874926511806014,0,0.0,0.0,0.7685963875770059,0,0.0,0.0,1.1327352734682459,0,0.0,0.0,1.0,0,0.0,0.0,1.0,0,0.0,0.0,1.0,0,0.0,0.0,1.0,0,0.0,0.0,0.9015315474789791
2019-11-30,3.9409,-0.033524622326859044,False,1.0,-0.033524622326859044,0.26940430128108767,0,0.0,-0.0,0.7685963875770059,0,0.0,-0.0,1.1327352734682459,0,0.0,-0.0,1.0,0,0.0,-0.0,1.0,0,0.0,-0.0,1.0,0,0.0,-0.0,1.0,0,0.0,-0.0,0.9015315474789791
2019-12-01,3.9288,-0.0030703646375194182,False,1.0,-0.0030703646375194182,0.2685771318412386,0,0.0,-0.0,0.7685963875770059,0,0.0,-0.0,1.1327352734682459,0,0.0,-0.0,1.0,0,0.0,-0.0,1.0,0,0.0,-0.0,1.0,0,0.0,-0.0,1.0,0,0.0,-0.0,0.9015315474789791
2019-12-02,3.8545,-0.01891162695988602,False,1.0,-0.01891162695988602,0.263497901313901,0,0.0,-0.0,0.7685963875770059,0,0.0,-0.0,1.1327352734682459,0,0.0,-0.0,1.0,0,0.0,-0.0,1.0,0,0.0,-0.0,1.0,0,0.0,-0.0,1.0,0,0.0,-0.0,0.9015315474789791
2019-12-03,3.8285,-0.006745362563237767,False,1.0,-0.006745362563237767,0.2617205124348865,0,0.0,-0.0,0.7685963875770059,0,0.0,-0.0,1.1327352734682459,0,0.0,-0.0,1.0,0,0.0,-0.0,1.0,0,0.0,-0.0,1.0,0,0.0,-0.0,1.0,0,0.0,-0.0,0.9015315474789791
2019-12-04,3.7499,-0.020530233773018214,False,1.0,-0.020530233773018214,0.2563473291314041,0,0.0,-0.0,0.7685963875770059,0,0.0,-0.0,1.1327352734682459,0,0.0,-0.0,1.0,0,0.0,-0.0,1.0,0,0.0,-0.0,1.0,0,0.0,-0.0,1.0,0,0.0,-0.0,0.9015315474789791
2019-12-05,3.7879,0.010133603562761717,False,1.0,0.010133603562761717,0.25894505133919454,0,0.0,0.0,0.7685963875770059,0,0.0,0.0,1.1327352734682459,0,0.0,0.0,1.0,0,0.0,0.0,1.0,0,0.0,0.0,1.0,0,0.0,0.0,1.0,0,0.0,0.0,0.9015315474789791
2019-12-06,3.887,0.02616225349138035,False,1.0,0.02616225349138035,0.2657196374126691,0,0.0,0.0,0.7685963875770059,0,0.0,0.0,1.1327352734682459,0,0.0,0.0,1.0,0,0.0,0.0,1.0,0,0.0,0.0,1.0,0,0.0,0.0,1.0,0,0.0,0.0,0.9015315474789791
2019-12-07,3.8603,-0.006869050681759692,False,1.0,-0.006869050681759692,0.26389439575614265,0,0.0,-0.0,0.7685963875770059,0,0.0,-0.0,1.1327352734682459,0,0.0,-0.0,1.0,0,0.0,-0.0,1.0,0,0.0,-0.0,1.0,0,0.0,-0.0,1.0,0,0.0,-0.0,0.9015315474789791
2019-12-08,3.8977,0.00968836618915625,False,1.0,0.00968836618915625,0.2664511012974943,0,0.0,0.0,0.7685963875770059,0,0.0,0.0,1.1327352734682459,0,0.0,0.0,1.0,0,0.0,0.0,1.0,0,0.0,0.0,1.0,0,0.0,0.0,1.0,0,0.0,0.0,0.9015315474789791
2019-12-09,3.7975,-0.025707468507068287,False,1.0,-0.025707468507068287,0.25960131800221525,0,0.0,-0.0,0.7685963875770059,0,0.0,-0.0,1.1327352734682459,0,0.0,-0.0,1.0,0,0.0,-0.0,1.0,0,0.0,-0.0,1.0,0,0.0,-0.0,1.0,0,0.0,-0.0,0.9015315474789791
2019-12-10,3.7749,-0.005951283739302093,False,1.0,-0.005951283739302093,0.25805635689968726,0,0.0,-0.0,0.7685963875770059,0,0.0,-0.0,1.1327352734682459,0,0.0,-0.0,1.0,0,0.0,-0.0,1.0,0,0.0,-0.0,1.0,0,0.0,-0.0,1.0,0,0.0,-0.0,0.9015315474789791
2019-12-11,3.7748,-2.649076796745753e-05,False,1.0,-2.649076796745753e-05,0.2580495207886141,0,0.0,-0.0,0.7685963875770059,0,0.0,-0.0,1.1327352734682459,0,0.0,-0.0,1.0,0,0.0,-0.0,1.0,0,0.0,-0.0,1.0,0,0.0,-0.0,1.0,0,0.0,-0.0,0.9015315474789791
2019-12-12,3.8157,0.010835011126417271,False,1.0,0.010835011126417271,0.2608454902175254,0,0.0,0.0,0.7685963875770059,0,0.0,0.0,1.1327352734682459,0,0.0,0.0,1.0,0,0.0,0.0,1.0,0,0.0,0.0,1.0,0,0.0,0.0,1.0,0,0.0,0.0,0.9015315474789791
2019-12-13,3.8562,0.01061404198443272,False,1.0,0.01061404198443272,0.2636141152021442,0,0.0,0.0,0.7685963875770059,0,0.0,0.0,1.1327352734682459,0,0.0,0.0,1.0,0,0.0,0.0,1.0,0,0.0,0.0,1.0,0,0.0,0.0,1.0,0,0.0,0.0,0.9015315474789791
2019-12-14,3.7984,-0.01498884912608267,True,1.0,-0.01498884912608267,0.2596628430018735,0,0.0,-0.0,0.7685963875770059,0,0.0,-0.0,1.1327352734682459,0,0.0,-0.0,1.0,0,0.0,-0.0,1.0,0,0.0,-0.0,1.0,0,0.0,-0.0,1.0,0,0.0,-0.0,0.9015315474789791
2019-12-15,3.8056,0.0018955349620892736,True,1.0,0.0018955349620892736,0.26015504299913905,0,0.0,0.0,0.7685963875770059,0,0.0,0.0,1.1327352734682459,0,0.0,0.0,1.0,0,0.0,0.0,1.0,0,0.0,0.0,1.0,0,0.0,0.0,1.0,0,0.0,0.0,0.9015315474789791
2019-12-16,3.6796,-0.03310910237544673,False,1.0,-0.03310910237544673,0.25154154304699183,0,0.0,-0.0,0.7685963875770059,0,0.0,-0.0,1.1327352734682459,0,0.0,-0.0,1.0,0,0.0,-0.0,1.0,0,0.0,-0.0,1.0,0,0.0,-0.0,1.0,0,0.0,-0.0,0.9015315474789791
2019-12-17,3.469,-0.05723448200891412,False,1.0,-0.05723448200891412,0.23714469312697428,0,0.0,-0.0,0.7685963875770059,0,0.0,-0.0,1.1327352734682459,0,0.0,-0.0,1.0,0,0.0,-0.0,1.0,0,0.0,-0.0,1.0,0,0.0,-0.0,1.0,0,0.0,-0.0,0.9015315474789791
2019-12-18,3.7645,0.08518304987027969,False,1.0,0.08518304987027969,0.2573454013480815,0,0.0,0.0,0.7685963875770059,0,0.0,0.0,1.1327352734682459,0,0.0,0.0,1.0,0,0.0,0.0,1.0,0,0.0,0.0,1.0,0,0.0,0.0,1.0,0,0.0,0.0,0.9015315474789791
2019-12-19,3.7268,-0.010014610173993854,False,1.0,-0.010014610173993854,0.25476818747351043,0,0.0,-0.0,0.7685963875770059,0,0.0,-0.0,1.1327352734682459,0,0.0,-0.0,1.0,0,0.0,-0.0,1.0,0,0.0,-0.0,1.0,0,0.0,-0.0,1.0,0,0.0,-0.0,0.9015315474789791
2019-12-20,4.0541,0.08782333369110229,True,1.0,0.08782333369110229,0.27714277901587386,0,0.0,0.0,0.7685963875770059,0,0.0,0.0,1.1327352734682459,0,0.0,0.0,1.0,0,0.0,0.0,1.0,0,0.0,0.0,1.0,0,0.0,0.0,1.0,0,0.0,0.0,0.9015315474789791
2019-12-21,4.086,0.00786857748945513,True,1.0,0.00786857748945513,0.2793234984482032,0,0.0,0.0,0.7685963875770059,0,0.0,0.0,1.1327352734682459,0,0.0,0.0,1.0,0,0.0,0.0,1.0,0,0.0,0.0,1.0,0,0.0,0.0,1.0,0,0.0,0.0,0.9015315474789791
2019-12-22,4.1929,0.026162506118453166,True,1.0,0.026162506118453166,0.28663130118538205,0,0.0,0.0,0.7685963875770059,0,0.0,0.0,1.1327352734682459,0,0.0,0.0,1.0,0,0.0,0.0,1.0,0,0.0,0.0,1.0,0,0.0,0.0,1.0,0,0.0,0.0,0.9015315474789791
2019-12-23,3.9901,-0.04836747835626887,True,1.0,-0.04836747835626887,0.2727676679290689,0,0.0,-0.0,0.7685963875770059,0,0.0,-0.0,1.1327352734682459,0,0.0,-0.0,1.0,0,0.0,-0.0,1.0,0,0.0,-0.0,1.0,0,0.0,-0.0,1.0,0,0.0,-0.0,0.9015315474789791
2019-12-24,3.9346,-0.013909425828926514,True,1.0,-0.013909425828926514,0.26897362628348026,0,0.0,-0.0,0.7685963875770059,0,0.0,-0.0,1.1327352734682459,0,0.0,-0.0,1.0,0,0.0,-0.0,1.0,0,0.0,-0.0,1.0,0,0.0,-0.0,1.0,0,0.0,-0.0,0.9015315474789791
2019-12-25,4.0403,0.026864230163167857,True,1.0,0.026864230163167857,0.27619939568778157,0,0.0,0.0,0.7685963875770059,0,0.0,0.0,1.1327352734682459,0,0.0,0.0,1.0,0,0.0,0.0,1.0,0,0.0,0.0,1.0,0,0.0,0.0,1.0,0,0.0,0.0,0.9015315474789791
2019-12-26,4.49,0.11130361606811379,True,1.0,0.11130361606811379,0.30694138718365943,0,0.0,0.0,0.7685963875770059,1,0.0,0.0,1.1327352734682459,0,0.0,0.0,1.0,0,0.0,0.0,1.0,0,0.0,0.0,1.0,0,0.0,0.0,1.0,0,0.0,0.0,0.9015315474789791
2019-12-27,4.5117,0.0048329621380847065,True,1.0,0.0048329621380847065,0.30842482328652926,0,0.0,0.0,0.7685963875770059,0,1.0,0.0038329621380847065,1.1370770048839227,0,0.0,0.0,1.0,0,0.0,0.0,1.0,0,0.0,0.0,1.0,0,0.0,0.0,1.0,0,0.0,0.0,0.9015315474789791
2019-12-28,4.4137,-0.02172130239155967,True,1.0,-0.02172130239155967,0.3017254344348592,0,0.0,-0.0,0.7685963875770059,0,1.0,-0.02172130239155967,1.11237821141835,0,0.0,-0.0,1.0,0,0.0,-0.0,1.0,0,0.0,-0.0,1.0,0,0.0,-0.0,1.0,0,0.0,-0.0,0.9015315474789791
2019-12-29,4.6434,0.05204250402156907,True,1.0,0.05204250402156907,0.31742798156984503,0,0.0,0.0,0.7685963875770059,0,1.0,0.05204250402156907,1.1702691589595953,0,0.0,0.0,1.0,0,0.0,0.0,1.0,0,0.0,0.0,1.0,0,0.0,0.0,1.0,0,0.0,0.0,0.9015315474789791
2019-12-30,4.6243,-0.004113365206529718,True,1.0,-0.004113365206529718,0.31612228435487666,0,0.0,-0.0,0.7685963875770059,0,1.0,-0.004113365206529718,1.165455414518856,0,0.0,-0.0,1.0,0,0.0,-0.0,1.0,0,0.0,-0.0,1.0,0,0.0,-0.0,1.0,0,0.0,-0.0,0.9015315474789791
2019-12-31,4.4945,-0.028069113163073256,True,1.0,-0.028069113163073256,0.3072490121819504,0,0.0,-0.0,0.7685963875770059,0,1.0,-0.028069113163073256,1.1327421146022099,0,0.0,-0.0,1.0,0,0.0,-0.0,1.0,0,0.0,-0.0,1.0,0,0.0,-0.0,1.0,0,0.0,-0.0,0.9015315474789791
2020-01-01,4.5035,0.0020024474357547284,True,1.0,0.0020024474357547284,0.3078642621785323,0,0.0,0.0,0.7685963875770059,0,1.0,0.0020024474357547284,1.1350103711449664,0,0.0,0.0,1.0,0,0.0,0.0,1.0,0,0.0,0.0,1.0,0,0.0,0.0,1.0,0,0.0,0.0,0.9015315474789791
2020-01-02,4.2283,-0.06110802709004104,True,1.0,-0.06110802709004104,0.28905128450527107,0,0.0,-0.0,0.7685963875770059,0,1.0,-0.06110802709004104,1.0656521266375623,0,0.0,-0.0,1.0,0,0.0,-0.0,1.0,0,0.0,-0.0,1.0,0,0.0,-0.0,1.0,0,0.0,-0.0,0.9015315474789791
2020-01-03,4.5768,0.08242083106685905,True,1.0,0.08242083106685905,0.31287513159513863,0,0.0,0.0,0.7685963875770059,0,1.0,0.08242083106685905,1.153484060543196,0,0.0,0.0,1.0,0,0.0,0.0,1.0,0,0.0,0.0,1.0,0,0.0,0.0,1.0,0,0.0,0.0,0.9015315474789791
2020-01-04,4.7598,0.03998426848453063,True,1.0,0.03998426848453063,0.3253852148589715,0,0.0,0.0,0.7685963875770059,0,1.0,0.03998426848453063,1.1996052769125818,0,0.0,0.0,1.0,0,0.0,0.0,1.0,0,0.0,0.0,1.0,0,0.0,0.0,1.0,0,0.0,0.0,0.9015315474789791
2020-01-05,4.8784,0.02491701331988727,True,1.0,0.02491701331988727,0.33349284259170686,0,0.0,0.0,0.7685963875770059,0,1.0,0.02491701331988727,1.2294958575760195,0,0.0,0.0,1.0,0,0.0,0.0,1.0,0,0.0,0.0,1.0,0,0.0,0.0,1.0,0,0.0,0.0,0.9015315474789791
2020-01-06,5.0333,0.03175221384060345,True,1.0,0.03175221384060345,0.34408197864398943,0,0.0,0.0,0.7685963875770059,0,1.0,0.03175221384060345,1.2685350729619094,0,0.0,0.0,1.0,0,0.0,0.0,1.0,0,0.0,0.0,1.0,0,0.0,0.0,1.0,0,0.0,0.0,0.9015315474789791
2020-01-07,4.8344,-0.039516817992172104,True,1.0,-0.039516817992172104,0.33048495371952846,0,0.0,-0.0,0.7685963875770059,0,1.0,-0.039516817992172104,1.218406603366987,0,0.0,-0.0,1.0,0,0.0,-0.0,1.0,0,0.0,-0.0,1.0,0,0.0,-0.0,1.0,0,0.0,-0.0,0.9015315474789791
2020-01-08,4.9521,0.024346351150090983,True,1.0,0.024346351150090983,0.33853105645260567,0,0.0,0.0,0.7685963875770059,0,1.0,0.024346351150090983,1.2480703583761492,0,0.0,0.0,1.0,0,0.0,0.0,1.0,0,0.0,0.0,1.0,0,0.0,0.0,1.0,0,0.0,0.0,0.9015315474789791
2020-01-09,5.1848,0.04699016578825144,True,1.0,0.04699016578825144,0.35443868691978553,0,0.0,0.0,0.7685963875770059,0,1.0,0.04699016578825144,1.3067173914316468,0,0.0,0.0,1.0,0,0.0,0.0,1.0,0,0.0,0.0,1.0,0,0.0,0.0,1.0,0,0.0,0.0,0.9015315474789791
2020-01-10,5.36,0.03379108162320632,True,1.0,0.03379108162320632,0.36641555351991406,0,0.0,0.0,0.7685963875770059,0,1.0,0.03379108162320632,1.3508727854639768,0,0.0,0.0,1.0,0,0.0,0.0,1.0,0,0.0,0.0,1.0,0,0.0,0.0,1.0,0,0.0,0.0,0.9015315474789791
2020-01-11,5.5704,0.03925373134328347,True,1.0,0.03925373134328347,0.3807987312177853,0,0.0,0.0,0.7685963875770059,0,1.0,0.03925373134328347,1.4038995828635328,0,0.0,0.0,1.0,0,0.0,0.0,1.0,0,0.0,0.0,1.0,0,0.0,0.0,1.0,0,0.0,0.0,0.9015315474789791
2020-01-12,5.5765,0.001095073962372517,True,1.0,0.001095073962372517,0.3812157339932464,0,0.0,0.0,0.7685963875770059,0,1.0,0.001095073962372517,1.4054369567425122,0,0.0,0.0,1.0,0,0.0,0.0,1.0,0,0.0,0.0,1.0,0,0.0,0.0,1.0,0,0.0,0.0,0.9015315474789791
2020-01-13,5.4677,-0.019510445620012584,True,1.0,-0.019510445620012584,0.373778045145678,0,0.0,-0.0,0.7685963875770059,0,1.0,-0.019510445620012584,1.3780162554256314,0,0.0,-0.0,1.0,0,0.0,-0.0,1.0,0,0.0,-0.0,1.0,0,0.0,-0.0,1.0,0,0.0,-0.0,0.9015315474789791
2020-01-14,6.7895,0.2417469868500468,True,1.0,0.2417469868500468,0.4641377613103464,0,0.0,0.0,0.7685963875770059,1,1.0,0.2417469868500468,1.7111475330051622,0,0.0,0.0,1.0,0,0.0,0.0,1.0,0,0.0,0.0,1.0,0,0.0,0.0,1.0,0,0.0,0.0,0.9015315474789791
2020-01-15,7.9911,0.17697915899550787,True,1.0,0.17697915899550787,0.5462804719651093,0,0.0,0.0,0.7685963875770059,1,1.0,0.17697915899550787,2.013984984313654,0,0.0,0.0,1.0,0,0.0,0.0,1.0,0,0.0,0.0,1.0,0,0.0,0.0,1.0,0,0.0,0.0,0.9015315474789791
2020-01-16,8.414,0.052921375029720386,True,1.0,0.052921375029720386,0.5751903856933875,0,0.0,0.0,0.7685963875770059,1,1.0,0.052921375029720386,2.1205678389727423,0,0.0,0.0,1.0,0,0.0,0.0,1.0,0,0.0,0.0,1.0,0,0.0,0.0,1.0,0,0.0,0.0,0.9015315474789791
2020-01-17,9.4792,0.12659852626574764,True,1.0,0.12659852626574764,0.6480086408443974,0,0.0,0.0,0.7685963875770059,1,1.0,0.12659852626574764,2.3890286022332328,0,0.0,0.0,1.0,0,0.0,0.0,1.0,0,0.0,0.0,1.0,0,0.0,0.0,1.0,0,0.0,0.0,0.9015315474789791
2020-01-18,8.2944,-0.12498945058654753,True,1.0,-0.12498945058654753,0.5670143968499207,0,0.0,-0.0,0.7685963875770059,1,1.0,-0.12498945058654753,2.0904252298045534,0,0.0,-0.0,1.0,0,0.0,-0.0,1.0,0,0.0,-0.0,1.0,0,0.0,-0.0,1.0,0,0.0,-0.0,0.9015315474789791
2020-01-19,8.5268,0.028018904320987748,True,1.0,0.028018904320987748,0.5829015189838812,0,0.0,0.0,0.7685963875770059,1,1.0,0.028018904320987748,2.148996654308626,0,0.0,0.0,1.0,0,0.0,0.0,1.0,0,0.0,0.0,1.0,0,0.0,0.0,1.0,0,0.0,0.0,0.9015315474789791
2020-01-20,8.6347,0.012654219636909492,True,1.0,0.012654219636909492,0.5902776828317914,0,0.0,0.0,0.7685963875770059,1,1.0,0.012654219636909492,2.176190529971231,0,0.0,0.0,1.0,0,0.0,0.0,1.0,0,0.0,0.0,1.0,0,0.0,0.0,1.0,0,0.0,0.0,0.9015315474789791
2020-01-21,8.943,0.03570477260356464,True,1.0,0.03570477260356464,0.6113534132702595,0,0.0,0.0,0.7685963875770059,1,1.0,0.03570477260356464,2.2538909179858844,0,0.0,0.0,1.0,0,0.0,0.0,1.0,0,0.0,0.0,1.0,0,0.0,0.0,1.0,0,0.0,0.0,0.9015315474789791
2020-01-22,9.3457,0.04502963211450317,True,1.0,0.04502963211450317,0.6388824325617651,0,0.0,0.0,0.7685963875770059,1,1.0,0.04502963211450317,2.3553827968490086,0,0.0,0.0,1.0,0,0.0,0.0,1.0,0,0.0,0.0,1.0,0,0.0,0.0,1.0,0,0.0,0.0,0.9015315474789791
2020-01-23,8.4421,-0.09668617653038303,True,1.0,-0.09668617653038303,0.5771113329049378,0,0.0,-0.0,0.7685963875770059,1,1.0,-0.09668617653038303,2.1276498399562382,0,0.0,-0.0,1.0,0,0.0,-0.0,1.0,0,0.0,-0.0,1.0,0,0.0,-0.0,1.0,0,0.0,-0.0,0.9015315474789791
2020-01-24,8.6118,0.020101633479821412,True,1.0,0.020101633479821412,0.5887122133960441,0,0.0,0.0,0.7685963875770059,1,1.0,0.020101633479821412,2.1704190772124394,0,0.0,0.0,1.0,0,0.0,0.0,1.0,0,0.0,0.0,1.0,0,0.0,0.0,1.0,0,0.0,0.0,0.9015315474789791
2020-01-25,8.3966,-0.024988968624445662,True,1.0,-0.024988968624445662,0.5740009023666623,0,0.0,-0.0,0.7685963875770059,1,1.0,-0.024988968624445662,2.1161825429900794,0,0.0,-0.0,1.0,0,0.0,-0.0,1.0,0,0.0,-0.0,1.0,0,0.0,-0.0,1.0,0,0.0,-0.0,0.9015315474789791
2020-01-26,9.19,0.0944906271586119,True,1.0,0.0944906271586119,0.6282386076208974,0,0.0,0.0,0.7685963875770059,1,1.0,0.0944906271586119,2.316141958659318,0,0.0,0.0,1.0,0,0.0,0.0,1.0,0,0.0,0.0,1.0,0,0.0,0.0,1.0,0,0.0,0.0,0.9015315474789791
2020-01-27,10.4161,0.1334167573449403,True,1.0,0.1334167573449403,0.7120561654885779,0,0.0,0.0,0.7685963875770059,1,1.0,0.1334167573449403,2.625154108334203,0,0.0,0.0,1.0,0,0.0,0.0,1.0,0,0.0,0.0,1.0,0,0.0,0.0,1.0,0,0.0,0.0,0.9015315474789791
2020-01-28,11.3697,0.09155058035157104,True,1.0,0.09155058035157104,0.7772453206819715,0,0.0,0.0,0.7685963875770059,1,1.0,0.09155058035157104,2.8654884904645104,1,0.0,0.0,1.0,0,0.0,0.0,1.0,1,0.0,0.0,1.0,0,0.0,0.0,1.0,1,0.0,0.0,0.9015315474789791
2020-01-29,12.2231,0.07505914843839334,True,1.0,0.07505914843839334,0.8355846925800863,0,0.0,0.0,0.7685963875770059,1,1.0,0.07505914843839334,3.080569616418794,1,1.0,0.07405914843839334,1.0740591484383932,1,0.0,0.0,1.0,1,1.0,0.07405914843839334,1.0740591484383932,0,0.0,0.0,1.0,1,1.0,0.07405914843839334,0.9682982061756192
2020-01-30,12.2842,0.004998731909253706,True,1.0,0.004998731909253706,0.8397615564457703,0,0.0,0.0,0.7685963875770059,1,1.0,0.004998731909253706,3.095968558059064,1,1.0,0.004998731909253706,1.0794280821761182,1,1.0,0.003998731909253706,1.0039987319092538,1,1.0,0.004998731909253706,1.0794280821761182,0,0.0,0.0,1.0,1,1.0,0.004998731909253706,0.9731384693165024
2020-01-31,11.338,-0.07702577294410717,True,1.0,-0.07702577294410717,0.7750782734717884,0,0.0,-0.0,0.7685963875770059,1,1.0,-0.07702577294410717,2.8574991868639117,1,1.0,-0.07702577294410717,0.9962842998089274,1,1.0,-0.07702577294410717,0.9266649535490401,1,1.0,-0.07702577294410717,0.9962842998089274,0,0.0,-0.0,1.0,1,1.0,-0.07702577294410717,0.8981817265357535
2020-02-01,11.5282,0.016775445404833444,True,1.0,0.016775445404833444,0.7880805567328869,0,0.0,0.0,0.7685963875770059,1,1.0,0.016775445404833444,2.9054350084675034,1,1.0,0.016775445404833444,1.0129974126880648,1,1.0,0.016775445404833444,0.9422101708858746,1,1.0,0.016775445404833444,1.0129974126880648,0,0.0,0.0,1.0,1,1.0,0.016775445404833444,0.913249125052873
2020-02-02,11.3658,-0.014087194878645404,True,1.0,-0.014087194878645404,0.7769787123501194,0,0.0,-0.0,0.7685963875770059,1,1.0,-0.014087194878645404,2.864505579295983,1,1.0,-0.014087194878645404,0.9987271207239644,1,1.0,-0.014087194878645404,0.9289370725919635,1,1.0,-0.014087194878645404,0.9987271207239644,0,0.0,-0.0,1.0,1,1.0,-0.014087194878645404,0.9003840066555008
2020-02-03,11.7782,0.03628429147090384,True,1.0,0.03628429147090384,0.8051708344157187,0,0.0,0.0,0.7685963875770059,1,1.0,0.03628429147090384,2.968442134655189,1,1.0,0.03628429147090384,1.0349652266722094,1,1.0,0.03628429147090384,0.9626428960920184,1,1.0,0.03628429147090384,1.0349652266722094,0,0.0,0.0,1.0,1,1.0,0.03628429147090384,0.9330538023887291
2020-02-04,11.4111,-0.031167750590073262,True,1.0,-0.031167750590073262,0.7800754706662484,0,0.0,-0.0,0.7685963875770059,1,1.0,-0.031167750590073262,2.875922470561191,1,1.0,-0.031167750590073262,1.0027076886178914,1,1.0,-0.031167750590073262,0.9326394823993165,1,1.0,-0.031167750590073262,1.0027076886178914,0,0.0,-0.0,1.0,1,1.0,-0.031167750590073262,0.9039726141887577
2020-02-05,12.3345,0.08092120829718441,True,1.0,0.08092120829718441,0.843200120315556,0,0.0,0.0,0.7685963875770059,1,1.0,0.08092120829718441,3.1086455918480262,1,1.0,0.08092120829718441,1.083848006349728,1,1.0,0.08092120829718441,1.00810979622073,1,1.0,0.08092120829718441,1.083848006349728,0,0.0,0.0,1.0,1,1.0,0.08092120829718441,0.9771231703964766
2020-02-06,12.1132,-0.01794154606996634,True,1.0,-0.01794154606996634,0.8280718065107133,0,0.0,-0.0,0.7685963875770059,1,1.0,-0.01794154606996634,3.052871683746687,1,1.0,-0.01794154606996634,1.0644020974109631,1,1.0,-0.01794154606996634,0.9900227478682513,1,1.0,-0.01794154606996634,1.0644020974109631,0,0.0,-0.0,1.0,1,1.0,-0.01794154606996634,0.9595920700187766
2020-02-07,11.6967,-0.034383977809332,True,1.0,-0.034383977809332,0.7995994038911155,0,0.0,-0.0,0.7685963875770059,1,1.0,-0.034383977809332,2.947901811518003,1,1.0,-0.034383977809332,1.0278037193133782,1,1.0,-0.034383977809332,0.9559818276748154,1,1.0,-0.034383977809332,1.0278037193133782,0,0.0,-0.0,1.0,1,1.0,-0.034383977809332,0.92659747757724
2020-02-08,11.6984,0.00014534013867151252,True,1.0,0.00014534013867151252,0.7997156177793587,0,0.0,0.0,0.7685963875770059,1,1.0,0.00014534013867151252,2.948330259976079,1,1.0,0.00014534013867151252,1.0279531004484703,1,1.0,0.00014534013867151252,0.9561207702062171,1,1.0,0.00014534013867151252,1.0279531004484703,0,0.0,0.0,1.0,1,1.0,0.00014534013867151252,0.9267321493831238
2020-02-09,11.7025,0.0003504752786707144,True,1.0,0.0003504752786707144,0.7999958983333573,0,0.0,0.0,0.7685963875770059,1,1.0,0.0003504752786707144,2.949363576845557,1,1.0,0.0003504752786707144,1.0283133725978104,1,1.0,0.0003504752786707144,0.9564558668995979,1,1.0,0.0003504752786707144,1.0283133725978104,0,0.0,0.0,1.0,1,1.0,0.0003504752786707144,0.927056946091432
2020-02-10,11.8387,0.011638538773766083,True,1.0,0.011638538773766083,0.8093066816149639,0,0.0,0.0,0.7685963875770059,1,1.0,0.011638538773766083,2.9836898591926073,1,1.0,0.011638538773766083,1.0402814376563723,1,1.0,0.011638538773766083,0.967587615591905,1,1.0,0.011638538773766083,1.0402814376563723,0,0.0,0.0,1.0,1,1.0,0.011638538773766083,0.9378465343040062
2020-02-11,11.96,0.010246057421845478,True,1.0,0.010246057421845478,0.817598884346674,0,0.0,0.0,0.7685963875770059,1,1.0,0.010246057421845478,3.014260916818873,1,1.0,0.010246057421845478,1.0509402210014793,1,1.0,0.010246057421845478,0.9775015738619262,1,1.0,0.010246057421845478,1.0509402210014793,0,0.0,0.0,1.0,1,1.0,0.010246057421845478,0.9474557637473638
2020-02-12,12.2074,0.02068561872909691,True,1.0,0.02068561872909691,0.8345114231416043,0,0.0,0.0,0.7685963875770059,1,1.0,0.02068561872909691,3.0766127688942064,1,1.0,0.02068561872909691,1.0726795697201887,1,1.0,0.02068561872909691,0.9977217987259261,1,1.0,0.02068561872909691,1.0726795697201887,0,0.0,0.0,1.0,1,1.0,0.02068561872909691,0.9670544724389272
2020-02-13,12.055,-0.012484230876353641,True,1.0,-0.012484230876353641,0.8240931898661501,0,0.0,-0.0,0.7685963875770059,1,1.0,-0.012484230876353641,3.0382036247701936,1,1.0,-0.012484230876353641,1.0592879903154542,1,1.0,-0.012484230876353641,0.9852660094402609,1,1.0,-0.012484230876353641,1.0592879903154542,0,0.0,-0.0,1.0,1,1.0,-0.012484230876353641,0.9549815411349892
2020-02-14,12.0094,-0.0037826627955205305,True,1.0,-0.0037826627955205305,0.8209759232168016,0,0.0,-0.0,0.7685963875770059,1,1.0,-0.0037826627955205305,3.0267111249535597,1,1.0,-0.0037826627955205305,1.0552810610447463,1,1.0,-0.0037826627955205305,0.9815390803626602,1,1.0,-0.0037826627955205305,1.0552810610447463,0,0.0,-0.0,1.0,1,1.0,-0.0037826627955205305,0.951369167988929
2020-02-15,10.4066,-0.13346212133828506,True,1.0,-0.13346212133828506,0.7114067349366302,0,0.0,-0.0,0.7685963875770059,1,1.0,-0.13346212133828506,2.6227598375390704,0,1.0,-0.13346212133828506,0.9144410120295982,0,1.0,-0.13346212133828506,0.8505407925210302,0,1.0,-0.13346212133828506,0.9144410120295982,0,0.0,-0.0,1.0,0,1.0,-0.13346212133828506,0.8243974206532872
2020-02-16,9.5637,-0.08099667518690046,False,1.0,-0.08099667518690046,0.6537851547011946,0,0.0,-0.0,0.7685963875770059,0,1.0,-0.08099667518690046,2.4103250108846703,0,1.0,-0.08099667518690046,0.8403743304006562,0,1.0,-0.08099667518690046,0.7816498162159954,0,1.0,-0.08099667518690046,0.8403743304006562,0,0.0,-0.0,1.0,0,1.0,-0.08099667518690046,0.7576239705477144
2020-02-17,9.6792,0.012076915838012292,False,1.0,0.012076915838012292,0.6616808629906628,0,0.0,0.0,0.7685963875770059,0,1.0,0.012076915838012292,2.4394343031833805,0,1.0,0.012076915838012292,0.8505234604613309,0,1.0,0.012076915838012292,0.7910897352612337,0,1.0,0.012076915838012292,0.8505234604613309,0,0.0,0.0,1.0,0,1.0,0.012076915838012292,0.7667737314768798
2020-02-18,9.8629,0.018978841226547694,False,1.0,0.018978841226547694,0.6742387990320076,0,0.0,0.0,0.7685963875770059,0,1.0,0.018978841226547694,2.485731939506092,0,1.0,0.018978841226547694,0.8666654101768804,0,1.0,0.018978841226547694,0.8061037017427083,0,1.0,0.018978841226547694,0.8666654101768804,0,0.0,0.0,1.0,0,1.0,0.018978841226547694,0.7813262083832669
2020-02-19,8.813,-0.10644942156972081,False,1.0,-0.10644942156972081,0.6024664688751871,0,0.0,-0.0,0.7685963875770059,0,1.0,-0.10644942156972081,2.2211272123682884,0,1.0,-0.10644942156972081,0.7744093785690667,0,1.0,-0.10644942156972081,0.7202944289669863,0,1.0,-0.10644942156972081,0.7744093785690667,0,0.0,-0.0,1.0,0,1.0,-0.10644942156972081,0.698154485443605
2020-02-20,8.8702,0.006490411891523884,False,1.0,0.006490411891523884,0.606376724409019,0,0.0,0.0,0.7685963875770059,0,1.0,0.006490411891523884,2.2355432428400306,0,1.0,0.006490411891523884,0.779435614408639,0,1.0,0.006490411891523884,0.724969436494152,0,1.0,0.006490411891523884,0.779435614408639,0,0.0,0.0,1.0,0,1.0,0.006490411891523884,0.7026857956180489
2020-02-21,9.4157,0.061498049649387765,False,1.0,0.061498049649387765,0.643667710312958,0,0.0,0.0,0.7685963875770059,0,1.0,0.061498049649387765,2.37302479218156,0,1.0,0.061498049649387765,0.8273693845220425,0,1.0,0.061498049649387765,0.769553642893958,0,1.0,0.061498049649387765,0.8273693845220425,0,0.0,0.0,1.0,0,1.0,0.061498049649387765,0.7458996015648872
2020-02-22,9.4958,0.008507067982199912,False,1.0,0.008507067982199912,0.6491434352825373,0,0.0,0.0,0.7685963875770059,0,1.0,0.008507067982199912,2.393212275412094,0,1.0,0.008507067982199912,0.8344078721225624,0,1.0,0.008507067982199912,0.7761002880500065,0,1.0,0.008507067982199912,0.8344078721225624,0,0.0,0.0,1.0,0,1.0,0.008507067982199912,0.7522450201832955
2020-02-23,9.7439,0.02612734050843546,False,1.0,0.02612734050843546,0.6661038268549796,0,0.0,0.0,0.7685963875770059,0,1.0,0.02612734050843546,2.4557405474407537,0,1.0,0.02612734050843546,0.8562087307204277,0,1.0,0.02612734050843546,0.7963777245445839,0,1.0,0.02612734050843546,0.8562087307204277,0,0.0,0.0,1.0,0,1.0,0.02612734050843546,0.7718991819713994
2020-02-24,9.3481,-0.040620285511961285,False,1.0,-0.040620285511961285,0.6390464992275203,0,0.0,-0.0,0.7685963875770059,0,1.0,-0.040620285511961285,2.35598766526041,0,1.0,-0.040620285511961285,0.82142928762073,0,1.0,-0.040620285511961285,0.7640286339982169,0,1.0,-0.040620285511961285,0.82142928762073,0,0.0,-0.0,1.0,0,1.0,-0.040620285511961285,0.7405444168132718
2020-02-25,9.1742,-0.01860271071126751,False,1.0,-0.01860271071126751,0.6271585020713425,0,0.0,-0.0,0.7685963875770059,0,1.0,-0.01860271071126751,2.312159908284256,0,1.0,-0.01860271071126751,0.8061484762133589,0,1.0,-0.01860271071126751,0.7498156303448231,0,1.0,-0.01860271071126751,0.8061484762133589,0,0.0,-0.0,1.0,0,1.0,-0.01860271071126751,0.7267682832584501
2020-02-26,7.6823,-0.16261908395282432,False,1.0,-0.16261908395282432,0.5251705609712753,0,0.0,-0.0,0.7685963875770059,0,1.0,-0.16261908395282432,1.936158582046624,0,1.0,-0.16261908395282432,0.6750533494815774,0,1.0,-0.16261908395282432,0.6278812994046384,0,1.0,-0.16261908395282432,0.6750533494815774,0,0.0,-0.0,1.0,0,1.0,-0.16261908395282432,0.6085818907889942
2020-02-27,7.7166,0.004464808716139634,False,1.0,0.004464808716139634,0.5275153470693599,0,0.0,0.0,0.7685963875770059,0,1.0,0.004464808716139634,1.9448031597595743,0,1.0,0.004464808716139634,0.678067333560202,0,1.0,0.004464808716139634,0.6306846693029213,0,1.0,0.004464808716139634,0.678067333560202,0,0.0,0.0,1.0,0,1.0,0.004464808716139634,0.6112990925194736
2020-02-28,7.4529,-0.03417308140891062,False,1.0,-0.03417308140891062,0.5094885221695089,0,0.0,-0.0,0.7685963875770059,0,1.0,-0.03417308140891062,1.8783432430568037,0,1.0,-0.03417308140891062,0.6548956833697263,0,1.0,-0.03417308140891062,0.6091322307554807,0,1.0,-0.03417308140891062,0.6548956833697263,0,0.0,-0.0,1.0,0,1.0,-0.03417308140891062,0.5904091188656124
2020-02-29,7.354,-0.013270002280991178,False,1.0,-0.013270002280991178,0.5027276083181808,0,0.0,-0.0,0.7685963875770059,0,1.0,-0.013270002280991178,1.8534176239369555,0,1.0,-0.013270002280991178,0.6462052161575987,0,1.0,-0.013270002280991178,0.6010490446639303,0,1.0,-0.013270002280991178,0.6462052161575987,0,0.0,-0.0,1.0,0,1.0,-0.013270002280991178,0.5825743885115477
2020-03-01,7.7346,0.051754147402774064,False,1.0,0.051754147402774064,0.5287458470625239,0,0.0,0.0,0.7685963875770059,0,1.0,0.051754147402774064,1.949339672845088,0,1.0,0.051754147402774064,0.6796490161670605,0,1.0,0.051754147402774064,0.6321558255177638,0,1.0,0.051754147402774064,0.6796490161670605,0,0.0,0.0,1.0,0,1.0,0.051754147402774064,0.6127250292876554
2020-03-02,8.456,0.09326920590592902,False,1.0,0.09326920590592902,0.5780615523441033,0,0.0,0.0,0.7685963875770059,0,1.0,0.09326920590592902,2.131153036172273,0,1.0,0.09326920590592902,0.7430393401997082,0,1.0,0.09326920590592902,0.6911164973726127,0,1.0,0.09326920590592902,0.7430393401997082,0,0.0,0.0,1.0,0,1.0,0.09326920590592902,0.6698734062080021
2020-03-03,8.4782,0.0026253547776726727,False,1.0,0.0026253547776726727,0.5795791690023387,0,0.0,0.0,0.7685963875770059,0,1.0,0.0026253547776726727,2.1367480689777394,0,1.0,0.0026253547776726727,0.7449900820815002,0,1.0,0.0026253547776726727,0.6929309233709183,0,1.0,0.0026253547776726727,0.7449900820815002,0,0.0,0.0,1.0,0,1.0,0.0026253547776726727,0.6716320615554261
2020-03-04,7.9381,-0.06370455993017377,False,1.0,-0.06370455993017377,0.5426573330963489,0,0.0,-0.0,0.7685963875770059,0,1.0,-0.06370455993017377,2.000627473561864,0,1.0,-0.06370455993017377,0.6975308167501542,0,1.0,-0.06370455993017377,0.648788063835565,0,1.0,-0.06370455993017377,0.6975308167501542,0,0.0,-0.0,1.0,0,1.0,-0.06370455993017377,0.6288460366390423
2020-03-05,8.1748,0.02981821846537569,False,1.0,0.02981821846537569,0.558838408006454,0,0.0,0.0,0.7685963875770059,0,1.0,0.02981821846537569,2.0602826206363645,0,1.0,0.02981821846537569,0.7183299430303421,0,1.0,0.02981821846537569,0.668133768060742,0,1.0,0.02981821846537569,0.7183299430303421,0,0.0,0.0,1.0,0,1.0,0.02981821846537569,0.6475971051406308
2020-03-06,8.2189,0.005394627391495765,False,1.0,0.005394627391495765,0.5618531329897055,0,0.0,0.0,0.7685963875770059,0,1.0,0.005394627391495765,2.071397077695872,0,0.0,-0.001,0.7176116130873118,0,0.0,-0.001,0.6674656342926812,0,0.0,-0.001,0.7176116130873118,0,0.0,0.0,1.0,0,0.0,-0.001,0.6469495080354902
2020-03-07,7.8017,-0.050761050748883596,False,1.0,-0.050761050748883596,0.5333328775925958,0,0.0,-0.0,0.7685963875770059,0,0.0,-0.001,2.069325680618176,0,0.0,-0.0,0.7176116130873118,0,0.0,-0.0,0.6674656342926812,0,0.0,-0.0,0.7176116130873118,0,0.0,-0.0,1.0,0,0.0,-0.0,0.6469495080354902
2020-03-08,6.4442,-0.17400053834420703,False,1.0,-0.17400053834420703,0.4405326697748191,0,0.0,-0.0,0.7685963875770059,0,0.0,-0.0,2.069325680618176,0,0.0,-0.0,0.7176116130873118,0,0.0,-0.0,0.6674656342926812,0,0.0,-0.0,0.7176116130873118,0,0.0,-0.0,1.0,0,0.0,-0.0,0.6469495080354902
2020-03-09,6.9302,0.07541665373514173,False,1.0,0.07541665373514173,0.47375616959024414,0,0.0,0.0,0.7685963875770059,0,0.0,0.0,2.069325680618176,0,0.0,0.0,0.7176116130873118,0,0.0,0.0,0.6674656342926812,0,0.0,0.0,0.7176116130873118,0,0.0,0.0,1.0,0,0.0,0.0,0.6469495080354902
2020-03-10,6.8285,-0.014674901157253784,False,1.0,-0.014674901157253784,0.46680384462886815,0,0.0,-0.0,0.7685963875770059,0,0.0,-0.0,2.069325680618176,0,0.0,-0.0,0.7176116130873118,0,0.0,-0.0,0.6674656342926812,0,0.0,-0.0,0.7176116130873118,0,0.0,-0.0,1.0,0,0.0,-0.0,0.6469495080354902
2020-03-11,6.5922,-0.03460496448707617,False,1.0,-0.03460496448707617,0.45065011416305556,0,0.0,-0.0,0.7685963875770059,0,0.0,-0.0,2.069325680618176,0,0.0,-0.0,0.7176116130873118,0,0.0,-0.0,0.6674656342926812,0,0.0,-0.0,0.7176116130873118,0,0.0,-0.0,1.0,0,0.0,-0.0,0.6469495080354902
2020-03-12,3.7168,-0.43618215466763754,False,1.0,-0.43618215466763754,0.25408457636619713,0,0.0,-0.0,0.7685963875770059,0,0.0,-0.0,2.069325680618176,0,0.0,-0.0,0.7176116130873118,0,0.0,-0.0,0.6674656342926812,0,0.0,-0.0,0.7176116130873118,0,0.0,-0.0,1.0,0,0.0,-0.0,0.6469495080354902
2020-03-13,4.8432,0.30305639259578143,False,1.0,0.30305639259578143,0.33108653149396416,0,0.0,0.0,0.7685963875770059,0,0.0,0.0,2.069325680618176,0,0.0,0.0,0.7176116130873118,0,0.0,0.0,0.6674656342926812,0,0.0,0.0,0.7176116130873118,0,0.0,0.0,1.0,0,0.0,0.0,0.6469495080354902
2020-03-14,4.5898,-0.052320779649818294,False,1.0,-0.052320779649818294,0.31376382603464587,0,0.0,-0.0,0.7685963875770059,0,0.0,-0.0,2.069325680618176,0,0.0,-0.0,0.7176116130873118,0,0.0,-0.0,0.6674656342926812,0,0.0,-0.0,0.7176116130873118,0,0.0,-0.0,1.0,0,0.0,-0.0,0.6469495080354902
2020-03-15,5.0484,0.09991720772146917,False,1.0,0.09991720772146917,0.3451142314160325,0,0.0,0.0,0.7685963875770059,0,0.0,0.0,2.069325680618176,0,0.0,0.0,0.7176116130873118,0,0.0,0.0,0.6674656342926812,0,0.0,0.0,0.7176116130873118,0,0.0,0.0,1.0,0,0.0,0.0,0.6469495080354902
2020-03-16,4.4987,-0.10888598367799696,False,1.0,-0.10888598367799696,0.3075361288470219,0,0.0,-0.0,0.7685963875770059,0,0.0,-0.0,2.069325680618176,0,0.0,-0.0,0.7176116130873118,0,0.0,-0.0,0.6674656342926812,0,0.0,-0.0,0.7176116130873118,0,0.0,-0.0,1.0,0,0.0,-0.0,0.6469495080354902
2020-03-17,4.6047,0.02356236246026633,False,1.0,0.02356236246026633,0.3147824065845426,0,0.0,0.0,0.7685963875770059,0,0.0,0.0,2.069325680618176,0,0.0,0.0,0.7176116130873118,0,0.0,0.0,0.6674656342926812,0,0.0,0.0,0.7176116130873118,0,0.0,0.0,1.0,0,0.0,0.0,0.6469495080354902
2020-03-18,4.6039,-0.00017373553108779305,False,1.0,-0.00017373553108779305,0.31472771769595753,0,0.0,-0.0,0.7685963875770059,0,0.0,-0.0,2.069325680618176,0,0.0,-0.0,0.7176116130873118,0,0.0,-0.0,0.6674656342926812,0,0.0,-0.0,0.7176116130873118,0,0.0,-0.0,1.0,0,0.0,-0.0,0.6469495080354902
2020-03-19,5.0403,0.09478920046047912,False,1.0,0.09478920046047912,0.34456050641910874,0,0.0,0.0,0.7685963875770059,0,0.0,0.0,2.069325680618176,0,0.0,0.0,0.7176116130873118,0,0.0,0.0,0.6674656342926812,0,0.0,0.0,0.7176116130873118,0,0.0,0.0,1.0,0,0.0,0.0,0.6469495080354902
2020-03-20,4.8869,-0.03043469634743967,False,1.0,-0.03043469634743967,0.33407391203292314,0,0.0,-0.0,0.7685963875770059,0,0.0,-0.0,2.069325680618176,0,0.0,-0.0,0.7176116130873118,0,0.0,-0.0,0.6674656342926812,0,0.0,-0.0,0.7176116130873118,0,0.0,-0.0,1.0,0,0.0,-0.0,0.6469495080354902
2020-03-21,5.008,0.02478053571793981,False,1.0,0.02478053571793981,0.34235244254248687,0,0.0,0.0,0.7685963875770059,0,0.0,0.0,2.069325680618176,0,0.0,0.0,0.7176116130873118,0,0.0,0.0,0.6674656342926812,0,0.0,0.0,0.7176116130873118,0,0.0,0.0,1.0,0,0.0,0.0,0.6469495080354902
2020-03-22,4.5935,-0.08276757188498407,False,1.0,-0.08276757188498407,0.3140167621443517,0,0.0,-0.0,0.7685963875770059,0,0.0,-0.0,2.069325680618176,0,0.0,-0.0,0.7176116130873118,0,0.0,-0.0,0.6674656342926812,0,0.0,-0.0,0.7176116130873118,0,0.0,-0.0,1.0,0,0.0,-0.0,0.6469495080354902
2020-03-23,4.9669,0.08128877762055087,False,1.0,0.08128877762055087,0.3395428008914293,0,0.0,0.0,0.7685963875770059,0,0.0,0.0,2.069325680618176,0,0.0,0.0,0.7176116130873118,0,0.0,0.0,0.6674656342926812,0,0.0,0.0,0.7176116130873118,0,0.0,0.0,1.0,0,0.0,0.0,0.6469495080354902
2020-03-24,5.0657,0.0198916829410698,False,1.0,0.0198916829410698,0.3462968786316844,0,0.0,0.0,0.7685963875770059,0,0.0,0.0,2.069325680618176,0,0.0,0.0,0.7176116130873118,0,0.0,0.0,0.6674656342926812,0,0.0,0.0,0.7176116130873118,0,0.0,0.0,1.0,0,0.0,0.0,0.6469495080354902
2020-03-25,5.0181,-0.009396529601042314,False,1.0,-0.009396529601042314,0.3430428897608732,0,0.0,-0.0,0.7685963875770059,0,0.0,-0.0,2.069325680618176,0,0.0,-0.0,0.7176116130873118,0,0.0,-0.0,0.6674656342926812,0,0.0,-0.0,0.7176116130873118,0,0.0,-0.0,1.0,0,0.0,-0.0,0.6469495080354902
2020-03-26,5.0968,0.015683226719276355,False,1.0,0.015683226719276355,0.34842290917542873,0,0.0,0.0,0.7685963875770059,0,0.0,0.0,2.069325680618176,0,0.0,0.0,0.7176116130873118,0,0.0,0.0,0.6674656342926812,0,0.0,0.0,0.7176116130873118,0,0.0,0.0,1.0,0,0.0,0.0,0.6469495080354902
2020-03-27,4.9209,-0.03451185057290862,False,1.0,-0.03451185057290862,0.33639818979778824,0,0.0,-0.0,0.7685963875770059,0,0.0,-0.0,2.069325680618176,0,0.0,-0.0,0.7176116130873118,0,0.0,-0.0,0.6674656342926812,0,0.0,-0.0,0.7176116130873118,0,0.0,-0.0,1.0,0,0.0,-0.0,0.6469495080354902
2020-03-28,4.8133,-0.02186591883598521,False,1.0,-0.02186591883598521,0.32904253428309743,0,0.0,-0.0,0.7685963875770059,0,0.0,-0.0,2.069325680618176,0,0.0,-0.0,0.7176116130873118,0,0.0,-0.0,0.6674656342926812,0,0.0,-0.0,0.7176116130873118,0,0.0,-0.0,1.0,0,0.0,-0.0,0.6469495080354902
2020-03-29,4.8126,-0.00014543037001646386,False,1.0,-0.00014543037001646386,0.3289946815055855,0,0.0,-0.0,0.7685963875770059,0,0.0,-0.0,2.069325680618176,0,0.0,-0.0,0.7176116130873118,0,0.0,-0.0,0.6674656342926812,0,0.0,-0.0,0.7176116130873118,0,0.0,-0.0,1.0,0,0.0,-0.0,0.6469495080354902
2020-03-30,4.9529,0.029152640984083433,False,1.0,0.029152640984083433,0.3385857453411907,0,0.0,0.0,0.7685963875770059,0,0.0,0.0,2.069325680618176,0,0.0,0.0,0.7176116130873118,0,0.0,0.0,0.6674656342926812,0,0.0,0.0,0.7176116130873118,0,0.0,0.0,1.0,0,0.0,0.0,0.6469495080354902
2020-03-31,4.9341,-0.00379575602172455,False,1.0,-0.00379575602172455,0.33730055645944174,0,0.0,-0.0,0.7685963875770059,0,0.0,-0.0,2.069325680618176,0,0.0,-0.0,0.7176116130873118,0,0.0,-0.0,0.6674656342926812,0,0.0,-0.0,0.7176116130873118,0,0.0,-0.0,1.0,0,0.0,-0.0,0.6469495080354902
2020-04-01,5.0254,0.018503881153604684,True,1.0,0.018503881153604684,0.34354192586921195,0,0.0,0.0,0.7685963875770059,0,0.0,0.0,2.069325680618176,0,0.0,0.0,0.7176116130873118,0,0.0,0.0,0.6674656342926812,0,0.0,0.0,0.7176116130873118,0,0.0,0.0,1.0,0,0.0,0.0,0.6469495080354902
2020-04-02,5.0957,0.013988936204083258,True,1.0,0.013988936204083258,0.34834771195362424,0,0.0,0.0,0.7685963875770059,0,0.0,0.0,2.069325680618176,0,0.0,0.0,0.7176116130873118,0,0.0,0.0,0.6674656342926812,0,0.0,0.0,0.7176116130873118,0,0.0,0.0,1.0,0,0.0,0.0,0.6469495080354902
2020-04-03,5.1164,0.004062248562513471,True,1.0,0.004062248562513471,0.3497627869457627,0,0.0,0.0,0.7685963875770059,0,0.0,0.0,2.069325680618176,0,0.0,0.0,0.7176116130873118,0,0.0,0.0,0.6674656342926812,0,0.0,0.0,0.7176116130873118,0,0.0,0.0,1.0,0,0.0,0.0,0.6469495080354902
2020-04-04,5.1474,0.00605894769760007,True,1.0,0.00605894769760007,0.3518819813784339,0,0.0,0.0,0.7685963875770059,0,0.0,0.0,2.069325680618176,0,0.0,0.0,0.7176116130873118,0,0.0,0.0,0.6674656342926812,0,0.0,0.0,0.7176116130873118,0,0.0,0.0,1.0,0,0.0,0.0,0.6469495080354902
2020-04-05,5.0296,-0.022885340171737156,True,1.0,-0.022885340171737156,0.3438290425342836,0,0.0,-0.0,0.7685963875770059,0,0.0,-0.0,2.069325680618176,0,0.0,-0.0,0.7176116130873118,0,0.0,-0.0,0.6674656342926812,0,0.0,-0.0,0.7176116130873118,0,0.0,-0.0,1.0,0,0.0,-0.0,0.6469495080354902
2020-04-06,5.6197,0.11732543343407031,True,1.0,0.11732543343407031,0.3841689339768398,0,0.0,0.0,0.7685963875770059,0,0.0,0.0,2.069325680618176,0,0.0,0.0,0.7176116130873118,0,0.0,0.0,0.6674656342926812,0,0.0,0.0,0.7176116130873118,0,0.0,0.0,1.0,0,0.0,0.0,0.6469495080354902
2020-04-07,5.4749,-0.025766499991102698,True,1.0,-0.025766499991102698,0.37427024514294366,0,0.0,-0.0,0.7685963875770059,0,0.0,-0.0,2.069325680618176,0,0.0,-0.0,0.7176116130873118,0,0.0,-0.0,0.6674656342926812,0,0.0,-0.0,0.7176116130873118,0,0.0,-0.0,1.0,0,0.0,-0.0,0.6469495080354902
2020-04-08,5.8256,0.06405596449250206,True,1.0,0.06405596449250206,0.3982444866764201,0,0.0,0.0,0.7685963875770059,0,0.0,0.0,2.069325680618176,0,0.0,0.0,0.7176116130873118,0,0.0,0.0,0.6674656342926812,0,0.0,0.0,0.7176116130873118,0,0.0,0.0,1.0,0,0.0,0.0,0.6469495080354902
2020-04-09,5.8893,0.010934496017577677,True,1.0,0.010934496017577677,0.40259908943000566,0,0.0,0.0,0.7685963875770059,0,0.0,0.0,2.069325680618176,0,0.0,0.0,0.7176116130873118,0,0.0,0.0,0.6674656342926812,0,0.0,0.0,0.7176116130873118,0,0.0,0.0,1.0,0,0.0,0.0,0.6469495080354902
2020-04-10,5.2478,-0.10892635797123607,True,1.0,-0.10892635797123607,0.3587454368958592,0,0.0,-0.0,0.7685963875770059,0,0.0,-0.0,2.069325680618176,0,0.0,-0.0,0.7176116130873118,0,0.0,-0.0,0.6674656342926812,0,0.0,-0.0,0.7176116130873118,0,0.0,-0.0,1.0,0,0.0,-0.0,0.6469495080354902
2020-04-11,5.2804,0.006212126986546718,True,1.0,0.006212126986546718,0.36097400910570043,0,0.0,0.0,0.7685963875770059,0,0.0,0.0,2.069325680618176,0,0.0,0.0,0.7176116130873118,0,0.0,0.0,0.6674656342926812,0,0.0,0.0,0.7176116130873118,0,0.0,0.0,1.0,0,0.0,0.0,0.6469495080354902
2020-04-12,5.3145,0.006457844102719434,True,1.0,0.006457844102719434,0.3633051229816387,0,0.0,0.0,0.7685963875770059,0,0.0,0.0,2.069325680618176,0,0.0,0.0,0.7176116130873118,0,0.0,0.0,0.6674656342926812,0,0.0,0.0,0.7176116130873118,0,0.0,0.0,1.0,0,0.0,0.0,0.6469495080354902
2020-04-13,5.1805,-0.025214037068397643,True,1.0,-0.025214037068397643,0.3541447341436409,0,0.0,-0.0,0.7685963875770059,0,0.0,-0.0,2.069325680618176,0,0.0,-0.0,0.7176116130873118,0,0.0,-0.0,0.6674656342926812,0,0.0,-0.0,0.7176116130873118,0,0.0,-0.0,1.0,0,0.0,-0.0,0.6469495080354902
2020-04-14,5.2449,0.012431232506514789,True,1.0,0.012431232506514789,0.35854718967473836,0,0.0,0.0,0.7685963875770059,0,0.0,0.0,2.069325680618176,0,0.0,0.0,0.7176116130873118,0,0.0,0.0,0.6674656342926812,0,0.0,0.0,0.7176116130873118,0,0.0,0.0,1.0,0,0.0,0.0,0.6469495080354902
2020-04-15,5.1002,-0.02758870521840273,True,1.0,-0.02758870521840273,0.34865533695191525,0,0.0,-0.0,0.7685963875770059,0,0.0,-0.0,2.069325680618176,0,0.0,-0.0,0.7176116130873118,0,0.0,-0.0,0.6674656342926812,0,0.0,-0.0,0.7176116130873118,0,0.0,-0.0,1.0,0,0.0,-0.0,0.6469495080354902
2020-04-16,5.4755,0.07358534959413365,True,1.0,0.07358534959413365,0.3743112618093824,0,0.0,0.0,0.7685963875770059,0,0.0,0.0,2.069325680618176,0,0.0,0.0,0.7176116130873118,0,0.0,0.0,0.6674656342926812,0,0.0,0.0,0.7176116130873118,0,0.0,0.0,1.0,0,0.0,0.0,0.6469495080354902
2020-04-17,5.3707,-0.019139804584056286,True,1.0,-0.019139804584056286,0.3671470174047393,0,0.0,-0.0,0.7685963875770059,0,0.0,-0.0,2.069325680618176,0,0.0,-0.0,0.7176116130873118,0,0.0,-0.0,0.6674656342926812,0,0.0,-0.0,0.7176116130873118,0,0.0,-0.0,1.0,0,0.0,-0.0,0.6469495080354902
2020-04-18,5.6573,0.05336362112946169,True,1.0,0.05336362112946169,0.3867393117403377,0,0.0,0.0,0.7685963875770059,0,0.0,0.0,2.069325680618176,0,0.0,0.0,0.7176116130873118,0,0.0,0.0,0.6674656342926812,0,0.0,0.0,0.7176116130873118,0,0.0,0.0,1.0,0,0.0,0.0,0.6469495080354902
2020-04-19,5.4796,-0.031410743640959526,True,1.0,-0.031410743640959526,0.3745915423633808,0,0.0,-0.0,0.7685963875770059,0,0.0,-0.0,2.069325680618176,0,0.0,-0.0,0.7176116130873118,0,0.0,-0.0,0.6674656342926812,0,0.0,-0.0,0.7176116130873118,0,0.0,-0.0,1.0,0,0.0,-0.0,0.6469495080354902
2020-04-20,5.2249,-0.04648149499963494,True,1.0,-0.04648149499963494,0.3571799674601118,0,0.0,-0.0,0.7685963875770059,0,0.0,-0.0,2.069325680618176,0,0.0,-0.0,0.7176116130873118,0,0.0,-0.0,0.6674656342926812,0,0.0,-0.0,0.7176116130873118,0,0.0,-0.0,1.0,0,0.0,-0.0,0.6469495080354902
2020-04-21,5.1993,-0.004899615303642135,True,1.0,-0.004899615303642135,0.35542992302538984,0,0.0,-0.0,0.7685963875770059,0,0.0,-0.0,2.069325680618176,0,0.0,-0.0,0.7176116130873118,0,0.0,-0.0,0.6674656342926812,0,0.0,-0.0,0.7176116130873118,0,0.0,-0.0,1.0,0,0.0,-0.0,0.6469495080354902
2020-04-22,5.3867,0.036043313522974296,True,1.0,0.036043313522974296,0.3682407951764406,0,0.0,0.0,0.7685963875770059,0,0.0,0.0,2.069325680618176,0,0.0,0.0,0.7176116130873118,0,0.0,0.0,0.6674656342926812,0,0.0,0.0,0.7176116130873118,0,0.0,0.0,1.0,0,0.0,0.0,0.6469495080354902
2020-04-23,5.6028,0.04011732600664608,True,1.0,0.04011732600664608,0.38301363120548043,0,0.0,0.0,0.7685963875770059,0,0.0,0.0,2.069325680618176,0,0.0,0.0,0.7176116130873118,0,0.0,0.0,0.6674656342926812,0,0.0,0.0,0.7176116130873118,0,0.0,0.0,1.0,0,0.0,0.0,0.6469495080354902
2020-04-24,5.5931,-0.0017312772185337222,True,1.0,-0.0017312772185337222,0.3823505284313865,0,0.0,-0.0,0.7685963875770059,0,0.0,-0.0,2.069325680618176,0,0.0,-0.0,0.7176116130873118,0,0.0,-0.0,0.6674656342926812,0,0.0,-0.0,0.7176116130873118,0,0.0,-0.0,1.0,0,0.0,-0.0,0.6469495080354902
2020-04-25,5.75,0.028052421733922195,True,1.0,0.028052421733922195,0.3930763867051318,0,0.0,0.0,0.7685963875770059,0,0.0,0.0,2.069325680618176,0,0.0,0.0,0.7176116130873118,0,0.0,0.0,0.6674656342926812,0,0.0,0.0,0.7176116130873118,0,0.0,0.0,1.0,0,0.0,0.0,0.6469495080354902
2020-04-26,6.2159,0.0810260869565218,True,1.0,0.0810260869565218,0.4249258281948572,0,0.0,0.0,0.7685963875770059,0,0.0,0.0,2.069325680618176,0,0.0,0.0,0.7176116130873118,0,0.0,0.0,0.6674656342926812,0,0.0,0.0,0.7176116130873118,0,0.0,0.0,1.0,0,0.0,0.0,0.6469495080354902
2020-04-27,6.103,-0.018163097861934818,True,1.0,-0.018163097861934818,0.4172078587932903,0,0.0,-0.0,0.7685963875770059,0,0.0,-0.0,2.069325680618176,0,0.0,-0.0,0.7176116130873118,0,0.0,-0.0,0.6674656342926812,0,0.0,-0.0,0.7176116130873118,0,0.0,-0.0,1.0,0,0.0,-0.0,0.6469495080354902
2020-04-28,6.1423,0.006439456005243205,True,1.0,0.006439456005243205,0.41989445044503143,0,0.0,0.0,0.7685963875770059,0,0.0,0.0,2.069325680618176,0,0.0,0.0,0.7176116130873118,0,0.0,0.0,0.6674656342926812,0,0.0,0.0,0.7176116130873118,0,0.0,0.0,1.0,0,0.0,0.0,0.6469495080354902
2020-04-29,6.7433,0.09784608371456938,True,1.0,0.09784608371456938,0.4609794779945591,0,0.0,0.0,0.7685963875770059,0,0.0,0.0,2.069325680618176,0,0.0,0.0,0.7176116130873118,0,0.0,0.0,0.6674656342926812,0,0.0,0.0,0.7176116130873118,0,0.0,0.0,1.0,0,0.0,0.0,0.6469495080354902
2020-04-30,6.4418,-0.04471104652024971,True,1.0,-0.04471104652024971,0.4403686031090639,0,0.0,-0.0,0.7685963875770059,0,0.0,-0.0,2.069325680618176,0,0.0,-0.0,0.7176116130873118,0,0.0,-0.0,0.6674656342926812,0,0.0,-0.0,0.7176116130873118,0,0.0,-0.0,1.0,0,0.0,-0.0,0.6469495080354902
2020-05-01,6.647,0.03185445061939207,True,1.0,0.03185445061939207,0.4543963030311322,0,0.0,0.0,0.7685963875770059,0,0.0,0.0,2.069325680618176,0,0.0,0.0,0.7176116130873118,0,0.0,0.0,0.6674656342926812,0,0.0,0.0,0.7176116130873118,0,0.0,0.0,1.0,0,0.0,0.0,0.6469495080354902
2020-05-02,7.4719,0.12410109823980742,True,1.0,0.12410109823980742,0.510787383273404,0,0.0,0.0,0.7685963875770059,0,0.0,0.0,2.069325680618176,0,0.0,0.0,0.7176116130873118,0,0.0,0.0,0.6674656342926812,0,0.0,0.0,0.7176116130873118,0,0.0,0.0,1.0,0,0.0,0.0,0.6469495080354902
2020-05-03,7.2077,-0.03535914559884368,True,1.0,-0.03535914559884368,0.49272637781818734,0,0.0,-0.0,0.7685963875770059,0,0.0,-0.0,2.069325680618176,0,0.0,-0.0,0.7176116130873118,0,0.0,-0.0,0.6674656342926812,0,0.0,-0.0,0.7176116130873118,0,0.0,-0.0,1.0,0,0.0,-0.0,0.6469495080354902
2020-05-04,7.214,0.0008740652357894785,True,1.0,0.0008740652357894785,0.4931570528157947,0,0.0,0.0,0.7685963875770059,0,0.0,0.0,2.069325680618176,0,0.0,0.0,0.7176116130873118,0,0.0,0.0,0.6674656342926812,0,0.0,0.0,0.7176116130873118,0,0.0,0.0,1.0,0,0.0,0.0,0.6469495080354902
2020-05-05,7.1905,-0.0032575547546438433,True,1.0,-0.0032575547546438433,0.49155056671360847,0,0.0,-0.0,0.7685963875770059,0,0.0,-0.0,2.069325680618176,0,0.0,-0.0,0.7176116130873118,0,0.0,-0.0,0.6674656342926812,0,0.0,-0.0,0.7176116130873118,0,0.0,-0.0,1.0,0,0.0,-0.0,0.6469495080354902
2020-05-06,6.8379,-0.049036923718795644,True,1.0,-0.049036923718795644,0.4674464390697425,0,0.0,-0.0,0.7685963875770059,0,0.0,-0.0,2.069325680618176,0,0.0,-0.0,0.7176116130873118,0,0.0,-0.0,0.6674656342926812,0,0.0,-0.0,0.7176116130873118,0,0.0,-0.0,1.0,0,0.0,-0.0,0.6469495080354902
2020-05-07,7.09,0.036868044282601264,True,1.0,0.036868044282601264,0.48468027508511,0,0.0,0.0,0.7685963875770059,0,0.0,0.0,2.069325680618176,0,0.0,0.0,0.7176116130873118,0,0.0,0.0,0.6674656342926812,0,0.0,0.0,0.7176116130873118,0,0.0,0.0,1.0,0,0.0,0.0,0.6469495080354902
2020-05-08,7.1445,0.007686882933709338,True,1.0,0.007686882933709338,0.4884059556199673,0,0.0,0.0,0.7685963875770059,0,0.0,0.0,2.069325680618176,0,0.0,0.0,0.7176116130873118,0,0.0,0.0,0.6674656342926812,0,0.0,0.0,0.7176116130873118,0,0.0,0.0,1.0,0,0.0,0.0,0.6469495080354902
2020-05-09,7.0544,-0.012611099447127128,True,1.0,-0.012611099447127128,0.48224661954307474,0,0.0,-0.0,0.7685963875770059,0,0.0,-0.0,2.069325680618176,0,0.0,-0.0,0.7176116130873118,0,0.0,-0.0,0.6674656342926812,0,0.0,-0.0,0.7176116130873118,0,0.0,-0.0,1.0,0,0.0,-0.0,0.6469495080354902
2020-05-10,6.1909,-0.12240587434792471,True,1.0,-0.12240587434792471,0.42321680042657367,0,0.0,-0.0,0.7685963875770059,1,0.0,-0.0,2.069325680618176,0,0.0,-0.0,0.7176116130873118,0,0.0,-0.0,0.6674656342926812,0,0.0,-0.0,0.7176116130873118,0,0.0,-0.0,1.0,0,0.0,-0.0,0.6469495080354902
2020-05-11,6.0165,-0.028170379104815235,True,1.0,-0.028170379104815235,0.41129462271503014,0,0.0,-0.0,0.7685963875770059,0,1.0,-0.029170379104815236,2.0089626660232143,0,0.0,-0.0,0.7176116130873118,0,0.0,-0.0,0.6674656342926812,0,0.0,-0.0,0.7176116130873118,0,0.0,-0.0,1.0,0,0.0,-0.0,0.6469495080354902
2020-05-12,6.0888,0.01201695337820996,True,1.0,0.01201695337820996,0.4162371310209051,1,0.0,0.0,0.7685963875770059,0,1.0,0.01201695337820996,2.0331042767193797,0,0.0,0.0,0.7176116130873118,0,0.0,0.0,0.6674656342926812,0,0.0,0.0,0.7176116130873118,0,0.0,0.0,1.0,0,0.0,0.0,0.6469495080354902
2020-05-13,6.2145,0.020644461962948446,True,1.0,0.020644461962948446,0.42483012263983294,1,1.0,0.019644461962948445,0.7836950500776219,0,1.0,0.020644461962948446,2.0750766206268207,0,0.0,0.0,0.7176116130873118,0,0.0,0.0,0.6674656342926812,0,0.0,0.0,0.7176116130873118,0,0.0,0.0,1.0,0,0.0,0.0,0.6469495080354902
2020-05-14,6.2779,0.010201947059296668,True,1.0,0.010201947059296668,0.429164217060199,1,1.0,0.010201947059296668,0.7916902654891466,0,1.0,0.010201947059296668,2.0962464424544396,0,0.0,0.0,0.7176116130873118,0,0.0,0.0,0.6674656342926812,0,0.0,0.0,0.7176116130873118,0,0.0,0.0,1.0,0,0.0,0.0,0.6469495080354902
2020-05-15,6.5011,0.03555329011293584,True,1.0,0.03555329011293584,0.4444224169754313,1,1.0,0.03555329011293584,0.8198374591776694,0,1.0,0.03555329011293584,2.170774900371232,0,0.0,0.0,0.7176116130873118,0,0.0,0.0,0.6674656342926812,0,0.0,0.0,0.7176116130873118,0,0.0,0.0,1.0,0,0.0,0.0,0.6469495080354902
2020-05-16,6.6938,0.029641137653627858,True,1.0,0.029641137653627858,0.45759560301335805,1,1.0,0.029641137653627858,0.8441383741587551,0,1.0,0.029641137653627858,2.235119138008176,0,0.0,0.0,0.7176116130873118,0,0.0,0.0,0.6674656342926812,0,0.0,0.0,0.7176116130873118,0,0.0,0.0,1.0,0,0.0,0.0,0.6469495080354902
2020-05-17,6.6575,-0.005422928680271388,True,1.0,-0.005422928680271388,0.4551140946938108,1,1.0,-0.005422928680271388,0.839560671959412,0,1.0,-0.005422928680271388,2.222998246330848,0,0.0,-0.0,0.7176116130873118,0,0.0,-0.0,0.6674656342926812,0,0.0,-0.0,0.7176116130873118,0,0.0,-0.0,1.0,0,0.0,-0.0,0.6469495080354902
2020-05-18,6.712,0.00818625610214041,True,1.0,0.00818625610214041,0.45883977522866815,1,1.0,0.00818625610214041,0.8464335306333568,0,1.0,0.00818625610214041,2.2411962792899214,0,0.0,0.0,0.7176116130873118,0,0.0,0.0,0.6674656342926812,0,0.0,0.0,0.7176116130873118,0,0.0,0.0,1.0,0,0.0,0.0,0.6469495080354902
2020-05-19,6.6712,-0.006078665077473122,False,1.0,-0.006078665077473122,0.45605064191083,0,1.0,-0.006078665077473122,0.8412883446902936,0,1.0,-0.006078665077473122,2.227572797735239,0,0.0,-0.0,0.7176116130873118,0,0.0,-0.0,0.6674656342926812,0,0.0,-0.0,0.7176116130873118,0,0.0,-0.0,1.0,0,0.0,-0.0,0.6469495080354902
2020-05-20,6.4513,-0.03296258544189956,True,1.0,-0.03296258544189956,0.4410180336610111,1,1.0,-0.03296258544189956,0.8135573057471656,0,1.0,-0.03296258544189956,2.15414623906184,0,0.0,-0.0,0.7176116130873118,0,0.0,-0.0,0.6674656342926812,0,0.0,-0.0,0.7176116130873118,0,0.0,-0.0,1.0,0,0.0,-0.0,0.6469495080354902
2020-05-21,6.1255,-0.0505014493202921,False,1.0,-0.0505014493202921,0.4187459837847447,0,1.0,-0.0505014493202921,0.7724714827018216,0,1.0,-0.0505014493202921,2.0453587319413606,0,0.0,-0.0,0.7176116130873118,0,0.0,-0.0,0.6674656342926812,0,0.0,-0.0,0.7176116130873118,0,0.0,-0.0,1.0,0,0.0,-0.0,0.6469495080354902
2020-05-22,6.4632,0.05513019345359571,False,1.0,0.05513019345359571,0.4418315308787139,0,1.0,0.05513019345359571,0.815057984980559,0,1.0,0.05513019345359571,2.158119754515289,0,0.0,0.0,0.7176116130873118,0,0.0,0.0,0.6674656342926812,0,0.0,0.0,0.7176116130873118,0,0.0,0.0,1.0,0,0.0,0.0,0.6469495080354902
2020-05-23,6.5575,0.014590295828691646,False,1.0,0.014590295828691646,0.44827798362067806,0,1.0,0.014590295828691646,0.8269499220989627,0,1.0,0.014590295828691646,2.1896073601674106,0,0.0,0.0,0.7176116130873118,0,0.0,0.0,0.6674656342926812,0,0.0,0.0,0.7176116130873118,0,0.0,0.0,1.0,0,0.0,0.0,0.6469495080354902
2020-05-24,6.5819,0.0037209302325580396,False,1.0,0.0037209302325580396,0.4499459947225224,0,1.0,0.0037209302325580396,0.8300269450649123,0,1.0,0.0037209302325580396,2.197754736391289,0,0.0,0.0,0.7176116130873118,0,0.0,0.0,0.6674656342926812,0,0.0,0.0,0.7176116130873118,0,0.0,0.0,1.0,0,0.0,0.0,0.6469495080354902
2020-05-25,6.8067,0.03415427156292261,False,1.0,0.03415427156292261,0.46531357241492477,0,1.0,0.03415427156292261,0.8583759107512023,0,1.0,0.03415427156292261,2.2728174484866965,0,0.0,0.0,0.7176116130873118,0,0.0,0.0,0.6674656342926812,0,0.0,0.0,0.7176116130873118,0,0.0,0.0,1.0,0,0.0,0.0,0.6469495080354902
2020-05-26,6.708,-0.014500418705099438,False,1.0,-0.014500418705099438,0.45856633078574277,0,1.0,-0.014500418705099438,0.8459291006389389,0,1.0,-0.014500418705099438,2.2398606438433837,0,0.0,-0.0,0.7176116130873118,0,0.0,-0.0,0.6674656342926812,0,0.0,-0.0,0.7176116130873118,0,0.0,-0.0,1.0,0,0.0,-0.0,0.6469495080354902
2020-05-27,6.7757,0.01009242695289192,False,1.0,0.01009242695289192,0.46319437798225355,0,1.0,0.01009242695289192,0.8544665782944629,0,1.0,0.01009242695289192,2.2624662737760306,0,0.0,0.0,0.7176116130873118,0,0.0,0.0,0.6674656342926812,0,0.0,0.0,0.7176116130873118,0,0.0,0.0,1.0,0,0.0,0.0,0.6469495080354902
2020-05-28,6.8609,0.012574346561978977,False,1.0,0.012574346561978977,0.4690187446165627,0,1.0,0.012574346561978977,0.8652109371755659,0,1.0,0.012574346561978977,2.29091530878728,0,0.0,0.0,0.7176116130873118,0,0.0,0.0,0.6674656342926812,0,0.0,0.0,0.7176116130873118,0,0.0,0.0,1.0,0,0.0,0.0,0.6469495080354902
2020-05-29,7.2254,0.0531271407541285,True,1.0,0.0531271407541285,0.49393636947813147,1,1.0,0.0531271407541285,0.9111771204169036,0,1.0,0.0531271407541285,2.412625088853009,0,0.0,0.0,0.7176116130873118,0,0.0,0.0,0.6674656342926812,0,0.0,0.0,0.7176116130873118,0,0.0,0.0,1.0,0,0.0,0.0,0.6469495080354902
2020-05-30,7.4928,0.03700833171865914,True,1.0,0.03700833171865914,0.5122161304876883,1,1.0,0.03700833171865914,0.944898265543745,0,1.0,0.03700833171865914,2.501912318454041,0,0.0,0.0,0.7176116130873118,0,0.0,0.0,0.6674656342926812,0,0.0,0.0,0.7176116130873118,0,0.0,0.0,1.0,0,0.0,0.0,0.6469495080354902
2020-05-31,6.9388,-0.07393764680760195,True,1.0,-0.07393764680760195,0.4743440751425331,1,1.0,-0.07393764680760195,0.875034711316856,0,0.0,-0.001,2.4994104061355866,0,0.0,-0.0,0.7176116130873118,0,0.0,-0.0,0.6674656342926812,0,0.0,-0.0,0.7176116130873118,0,0.0,-0.0,1.0,0,0.0,-0.0,0.6469495080354902
2020-06-01,7.2045,0.038291923675563666,True,1.0,0.038291923675563666,0.4925076222638468,1,1.0,0.038291923675563666,0.9085414736960699,0,0.0,0.0,2.4994104061355866,0,0.0,0.0,0.7176116130873118,0,0.0,0.0,0.6674656342926812,0,0.0,0.0,0.7176116130873118,0,0.0,0.0,1.0,0,0.0,0.0,0.6469495080354902
2020-06-02,6.9781,-0.03142480394198066,True,1.0,-0.03142480394198066,0.47703066679427436,1,1.0,-0.03142480394198066,0.8799907360120127,0,0.0,-0.0,2.4994104061355866,0,0.0,-0.0,0.7176116130873118,0,0.0,-0.0,0.6674656342926812,0,0.0,-0.0,0.7176116130873118,0,0.0,-0.0,1.0,0,0.0,-0.0,0.6469495080354902
2020-06-03,6.9413,-0.0052736418222726344,True,1.0,-0.0052736418222726344,0.4745149779193615,1,1.0,-0.0052736418222726344,0.8753499800633673,0,0.0,-0.0,2.4994104061355866,0,0.0,-0.0,0.7176116130873118,0,0.0,-0.0,0.6674656342926812,0,0.0,-0.0,0.7176116130873118,0,0.0,-0.0,1.0,0,0.0,-0.0,0.6469495080354902
2020-06-04,6.9152,-0.0037601025744458116,True,1.0,-0.0037601025744458116,0.4727307529292738,1,1.0,-0.0037601025744458116,0.87205857434979,0,0.0,-0.0,2.4994104061355866,0,0.0,-0.0,0.7176116130873118,0,0.0,-0.0,0.6674656342926812,0,0.0,-0.0,0.7176116130873118,0,0.0,-0.0,1.0,0,0.0,-0.0,0.6469495080354902
2020-06-05,6.8436,-0.010354002776492233,True,1.0,-0.010354002776492233,0.4678360974009108,1,1.0,-0.010354002776492233,0.8630292774497084,0,0.0,-0.0,2.4994104061355866,0,0.0,-0.0,0.7176116130873118,0,0.0,-0.0,0.6674656342926812,0,0.0,-0.0,0.7176116130873118,0,0.0,-0.0,1.0,0,0.0,-0.0,0.6469495080354902
2020-06-06,6.862,0.002688643404056279,True,1.0,0.002688643404056279,0.4690939418383672,1,1.0,0.002688643404056279,0.865349655424031,0,0.0,0.0,2.4994104061355866,0,0.0,0.0,0.7176116130873118,0,0.0,0.0,0.6674656342926812,0,0.0,0.0,0.7176116130873118,0,0.0,0.0,1.0,0,0.0,0.0,0.6469495080354902
2020-06-07,6.8326,-0.004284465170504181,True,1.0,-0.004284465170504181,0.46708412518286624,1,1.0,-0.004284465170504181,0.861642094965059,0,0.0,-0.0,2.4994104061355866,0,0.0,-0.0,0.7176116130873118,0,0.0,-0.0,0.6674656342926812,0,0.0,-0.0,0.7176116130873118,0,0.0,-0.0,1.0,0,0.0,-0.0,0.6469495080354902
2020-06-08,6.9004,0.00992301612856017,True,1.0,0.00992301612856017,0.47171900849045023,1,1.0,0.00992301612856017,0.8701921833704436,0,0.0,0.0,2.4994104061355866,0,0.0,0.0,0.7176116130873118,0,0.0,0.0,0.6674656342926812,0,0.0,0.0,0.7176116130873118,0,0.0,0.0,1.0,0,0.0,0.0,0.6469495080354902
2020-06-09,6.7826,-0.017071474117442476,True,1.0,-0.017071474117442476,0.46366606964629986,1,1.0,-0.017071474117442476,0.8553367200348343,0,0.0,-0.0,2.4994104061355866,0,0.0,-0.0,0.7176116130873118,0,0.0,-0.0,0.6674656342926812,0,0.0,-0.0,0.7176116130873118,0,0.0,-0.0,1.0,0,0.0,-0.0,0.6469495080354902
2020-06-10,6.8084,0.0038038510305782314,True,1.0,0.0038038510305782314,0.4654297863031681,1,1.0,0.0038038510305782314,0.8585902934988302,0,0.0,0.0,2.4994104061355866,0,0.0,0.0,0.7176116130873118,0,0.0,0.0,0.6674656342926812,0,0.0,0.0,0.7176116130873118,0,0.0,0.0,1.0,0,0.0,0.0,0.6469495080354902
2020-06-11,6.264,-0.07996004935080192,False,1.0,-0.07996004935080192,0.4282139976210336,0,1.0,-0.07996004935080192,0.7899373712585442,0,0.0,-0.0,2.4994104061355866,0,0.0,-0.0,0.7176116130873118,0,0.0,-0.0,0.6674656342926812,0,0.0,-0.0,0.7176116130873118,0,0.0,-0.0,1.0,0,0.0,-0.0,0.6469495080354902
2020-06-12,6.4048,0.022477650063856824,False,1.0,0.022477650063856824,0.4378392420120044,0,1.0,0.022477650063856824,0.8076933070620568,0,0.0,0.0,2.4994104061355866,0,0.0,0.0,0.7176116130873118,0,0.0,0.0,0.6674656342926812,0,0.0,0.0,0.7176116130873118,0,0.0,0.0,1.0,0,0.0,0.0,0.6469495080354902
2020-06-13,6.4923,0.013661628778416146,False,1.0,0.013661628778416146,0.4438208392009955,0,1.0,0.013661628778416146,0.8187277131899499,0,0.0,0.0,2.4994104061355866,0,0.0,0.0,0.7176116130873118,0,0.0,0.0,0.6674656342926812,0,0.0,0.0,0.7176116130873118,0,0.0,0.0,1.0,0,0.0,0.0,0.6469495080354902
2020-06-14,6.3165,-0.02707823113534502,False,1.0,-0.02707823113534502,0.4318029559344282,0,1.0,-0.02707823113534502,0.7965580149352799,0,0.0,-0.0,2.4994104061355866,0,0.0,-0.0,0.7176116130873118,0,0.0,-0.0,0.6674656342926812,0,0.0,-0.0,0.7176116130873118,0,0.0,-0.0,1.0,0,0.0,-0.0,0.6469495080354902
2020-06-15,6.2414,-0.01188949576505971,False,1.0,-0.01188949576505971,0.4266690365185055,0,1.0,-0.01188949576505971,0.7870873417900826,0,0.0,-0.0,2.4994104061355866,0,0.0,-0.0,0.7176116130873118,0,0.0,-0.0,0.6674656342926812,0,0.0,-0.0,0.7176116130873118,0,0.0,-0.0,1.0,0,0.0,-0.0,0.6469495080354902
2020-06-16,6.2527,0.001810491235940681,False,1.0,0.001810491235940681,0.4274415170697695,0,1.0,0.001810491235940681,0.7885123565243134,0,0.0,0.0,2.4994104061355866,0,0.0,0.0,0.7176116130873118,0,0.0,0.0,0.6674656342926812,0,0.0,0.0,0.7176116130873118,0,0.0,0.0,1.0,0,0.0,0.0,0.6469495080354902
2020-06-17,6.2823,0.004733954931469553,False,1.0,0.004733954931469553,0.42946500594741677,0,1.0,0.004733954931469553,0.7922451384830064,0,0.0,0.0,2.4994104061355866,0,0.0,0.0,0.7176116130873118,0,0.0,0.0,0.6674656342926812,0,0.0,0.0,0.7176116130873118,0,0.0,0.0,1.0,0,0.0,0.0,0.6469495080354902
2020-06-18,6.2085,-0.011747290005252875,False,1.0,-0.011747290005252875,0.4244199559754448,0,1.0,-0.011747290005252875,0.7829384050859948,0,0.0,-0.0,2.4994104061355866,0,0.0,-0.0,0.7176116130873118,0,0.0,-0.0,0.6674656342926812,0,0.0,-0.0,0.7176116130873118,0,0.0,-0.0,1.0,0,0.0,-0.0,0.6469495080354902
2020-06-19,6.3406,0.02127728114681493,False,1.0,0.02127728114681493,0.43345045870305315,0,1.0,0.02127728114681493,0.7995972056516484,0,0.0,0.0,2.4994104061355866,0,0.0,0.0,0.7176116130873118,0,0.0,0.0,0.6674656342926812,0,0.0,0.0,0.7176116130873118,0,0.0,0.0,1.0,0,0.0,0.0,0.6469495080354902
2020-06-20,6.2619,-0.012412074567075715,False,1.0,-0.012412074567075715,0.4280704392884977,0,1.0,-0.012412074567075715,0.7896725455114747,0,0.0,-0.0,2.4994104061355866,0,0.0,-0.0,0.7176116130873118,0,0.0,-0.0,0.6674656342926812,0,0.0,-0.0,0.7176116130873118,0,0.0,-0.0,1.0,0,0.0,-0.0,0.6469495080354902
2020-06-21,6.2125,-0.007888979383254169,False,1.0,-0.007888979383254169,0.42469340041837017,0,1.0,-0.007888979383254169,0.7834428350804128,0,0.0,-0.0,2.4994104061355866,0,0.0,-0.0,0.7176116130873118,0,0.0,-0.0,0.6674656342926812,0,0.0,-0.0,0.7176116130873118,0,0.0,-0.0,1.0,0,0.0,-0.0,0.6469495080354902
2020-06-22,6.3745,0.026076458752515075,False,1.0,0.026076458752515075,0.43576790035684515,0,1.0,0.026076458752515075,0.8038722498543407,0,0.0,0.0,2.4994104061355866,0,0.0,0.0,0.7176116130873118,0,0.0,0.0,0.6674656342926812,0,0.0,0.0,0.7176116130873118,0,0.0,0.0,1.0,0,0.0,0.0,0.6469495080354902
2020-06-23,6.3735,-0.00015687504902350824,False,1.0,-0.00015687504902350824,0.4356995392461138,0,1.0,-0.00015687504902350824,0.8037461423557362,0,0.0,-0.0,2.4994104061355866,0,0.0,-0.0,0.7176116130873118,0,0.0,-0.0,0.6674656342926812,0,0.0,-0.0,0.7176116130873118,0,0.0,-0.0,1.0,0,0.0,-0.0,0.6469495080354902
2020-06-24,6.2228,-0.02364477916372476,False,1.0,-0.02364477916372476,0.42539751985890284,0,1.0,-0.02364477916372476,0.7847417423160391,0,0.0,-0.0,2.4994104061355866,0,0.0,-0.0,0.7176116130873118,0,0.0,-0.0,0.6674656342926812,0,0.0,-0.0,0.7176116130873118,0,0.0,-0.0,1.0,0,0.0,-0.0,0.6469495080354902
2020-06-25,6.1534,-0.0111525358359581,False,1.0,-0.0111525358359581,0.4206532587741487,0,1.0,-0.0111525358359581,0.7759898819128873,0,0.0,-0.0,2.4994104061355866,0,0.0,-0.0,0.7176116130873118,0,0.0,-0.0,0.6674656342926812,0,0.0,-0.0,0.7176116130873118,0,0.0,-0.0,1.0,0,0.0,-0.0,0.6469495080354902
2020-06-26,6.044,-0.017778788962199865,False,1.0,-0.017778788962199865,0.41317455326014146,0,1.0,-0.017778788962199865,0.7621937215655556,0,0.0,-0.0,2.4994104061355866,0,0.0,-0.0,0.7176116130873118,0,0.0,-0.0,0.6674656342926812,0,0.0,-0.0,0.7176116130873118,0,0.0,-0.0,1.0,0,0.0,-0.0,0.6469495080354902
2020-06-27,5.589,-0.07528127068166768,False,1.0,-0.07528127068166768,0.38207024787738764,0,1.0,-0.07528127068166768,0.7048148097005114,0,0.0,-0.0,2.4994104061355866,0,0.0,-0.0,0.7176116130873118,0,0.0,-0.0,0.6674656342926812,0,0.0,-0.0,0.7176116130873118,0,0.0,-0.0,1.0,0,0.0,-0.0,0.6469495080354902
2020-06-28,5.7511,0.029003399534800467,False,1.0,0.029003399534800467,0.3931515839269358,0,1.0,0.029003399534800467,0.7252568352242996,0,0.0,0.0,2.4994104061355866,0,0.0,0.0,0.7176116130873118,0,0.0,0.0,0.6674656342926812,0,0.0,0.0,0.7176116130873118,0,0.0,0.0,1.0,0,0.0,0.0,0.6469495080354902
2020-06-29,5.8253,0.012901879640416558,False,1.0,0.012901879640416558,0.3982239783432002,0,1.0,0.012901879640416558,0.734614011620753,0,0.0,0.0,2.4994104061355866,0,0.0,0.0,0.7176116130873118,0,0.0,0.0,0.6674656342926812,0,0.0,0.0,0.7176116130873118,0,0.0,0.0,1.0,0,0.0,0.0,0.6469495080354902
2020-06-30,5.7284,-0.01663433642902523,False,1.0,-0.01663433642902523,0.39159978671333456,0,1.0,-0.01663433642902523,0.7223941950059776,0,0.0,-0.0,2.4994104061355866,0,0.0,-0.0,0.7176116130873118,0,0.0,-0.0,0.6674656342926812,0,0.0,-0.0,0.7176116130873118,0,0.0,-0.0,1.0,0,0.0,-0.0,0.6469495080354902
2020-07-01,5.7095,-0.003299350604007989,False,1.0,-0.003299350604007989,0.3903077617205125,0,0.0,-0.001,0.7216718008109716,0,0.0,-0.0,2.4994104061355866,0,0.0,-0.0,0.7176116130873118,0,0.0,-0.0,0.6674656342926812,0,0.0,-0.0,0.7176116130873118,0,0.0,-0.0,1.0,0,0.0,-0.0,0.6469495080354902
2020-07-02,5.6408,-0.012032577283475065,False,1.0,-0.012032577283475065,0.3856113534132703,0,0.0,-0.0,0.7216718008109716,0,0.0,-0.0,2.4994104061355866,0,0.0,-0.0,0.7176116130873118,0,0.0,-0.0,0.6674656342926812,0,0.0,-0.0,0.7176116130873118,0,0.0,-0.0,1.0,0,0.0,-0.0,0.6469495080354902
2020-07-03,5.6483,0.0013295986384911362,False,1.0,0.0013295986384911362,0.3861240617437553,0,0.0,0.0,0.7216718008109716,0,0.0,0.0,2.4994104061355866,0,0.0,0.0,0.7176116130873118,0,0.0,0.0,0.6674656342926812,0,0.0,0.0,0.7176116130873118,0,0.0,0.0,1.0,0,0.0,0.0,0.6469495080354902
2020-07-04,5.6977,0.008745994369987464,False,1.0,0.008745994369987464,0.3895011006138829,0,0.0,0.0,0.7216718008109716,0,0.0,0.0,2.4994104061355866,0,0.0,0.0,0.7176116130873118,0,0.0,0.0,0.6674656342926812,0,0.0,0.0,0.7176116130873118,0,0.0,0.0,1.0,0,0.0,0.0,0.6469495080354902
2020-07-05,5.6498,-0.008406901030240332,False,1.0,-0.008406901030240332,0.38622660340985226,0,0.0,-0.0,0.7216718008109716,0,0.0,-0.0,2.4994104061355866,0,0.0,-0.0,0.7176116130873118,0,0.0,-0.0,0.6674656342926812,0,0.0,-0.0,0.7176116130873118,0,0.0,-0.0,1.0,0,0.0,-0.0,0.6469495080354902
2020-07-06,6.1047,0.0805161244645829,False,1.0,0.0805161244645829,0.41732407268153304,0,0.0,0.0,0.7216718008109716,0,0.0,0.0,2.4994104061355866,0,0.0,0.0,0.7176116130873118,0,0.0,0.0,0.6674656342926812,0,0.0,0.0,0.7176116130873118,0,0.0,0.0,1.0,0,0.0,0.0,0.6469495080354902
2020-07-07,6.2192,0.01875604042786705,False,1.0,0.01875604042786705,0.42515141986027,0,0.0,0.0,0.7216718008109716,0,0.0,0.0,2.4994104061355866,0,0.0,0.0,0.7176116130873118,0,0.0,0.0,0.6674656342926812,0,0.0,0.0,0.7176116130873118,0,0.0,0.0,1.0,0,0.0,0.0,0.6469495080354902
2020-07-08,6.634,0.06669668124517636,True,1.0,0.06669668124517636,0.4535076085916246,1,0.0,0.0,0.7216718008109716,0,0.0,0.0,2.4994104061355866,0,0.0,0.0,0.7176116130873118,0,0.0,0.0,0.6674656342926812,0,0.0,0.0,0.7176116130873118,0,0.0,0.0,1.0,0,0.0,0.0,0.6469495080354902
2020-07-09,6.6456,0.0017485679831172884,True,1.0,0.0017485679831172884,0.454300597476108,1,1.0,0.0007485679831172884,0.7222120212153774,0,0.0,0.0,2.4994104061355866,0,0.0,0.0,0.7176116130873118,0,0.0,0.0,0.6674656342926812,0,0.0,0.0,0.7176116130873118,0,0.0,0.0,1.0,0,0.0,0.0,0.6469495080354902
2020-07-10,6.3821,-0.03965029493198502,True,1.0,-0.03965029493198502,0.4362874447984033,1,1.0,-0.03965029493198502,0.6935761015707627,0,0.0,-0.0,2.4994104061355866,0,0.0,-0.0,0.7176116130873118,0,0.0,-0.0,0.6674656342926812,0,0.0,-0.0,0.7176116130873118,0,0.0,-0.0,1.0,0,0.0,-0.0,0.6469495080354902
2020-07-11,6.5017,0.01873991319471635,True,1.0,0.01873991319471635,0.44446343364186996,1,1.0,0.01873991319471635,0.7065736575081285,0,0.0,0.0,2.4994104061355866,0,0.0,0.0,0.7176116130873118,0,0.0,0.0,0.6674656342926812,0,0.0,0.0,0.7176116130873118,0,0.0,0.0,1.0,0,0.0,0.0,0.6469495080354902
2020-07-12,6.4603,-0.00636756540597061,True,1.0,-0.00636756540597061,0.4416332836575931,1,1.0,-0.00636756540597061,0.7020745035298096,0,0.0,-0.0,2.4994104061355866,0,0.0,-0.0,0.7176116130873118,0,0.0,-0.0,0.6674656342926812,0,0.0,-0.0,0.7176116130873118,0,0.0,-0.0,1.0,0,0.0,-0.0,0.6469495080354902
2020-07-13,6.3015,-0.02458090181570516,False,1.0,-0.02458090181570516,0.4307775392734583,0,1.0,-0.02458090181570516,0.6848168790912335,0,0.0,-0.0,2.4994104061355866,0,0.0,-0.0,0.7176116130873118,0,0.0,-0.0,0.6674656342926812,0,0.0,-0.0,0.7176116130873118,0,0.0,-0.0,1.0,0,0.0,-0.0,0.6469495080354902
2020-07-14,6.3273,0.004094263270649989,True,1.0,0.004094263270649989,0.4325412559303266,1,1.0,0.004094263270649989,0.6876206996864178,0,0.0,0.0,2.4994104061355866,0,0.0,0.0,0.7176116130873118,0,0.0,0.0,0.6674656342926812,0,0.0,0.0,0.7176116130873118,0,0.0,0.0,1.0,0,0.0,0.0,0.6469495080354902
2020-07-15,6.2219,-0.016657974175398715,True,1.0,-0.016657974175398715,0.4253359948592447,1,1.0,-0.016657974175398715,0.6761663318285719,0,0.0,-0.0,2.4994104061355866,0,0.0,-0.0,0.7176116130873118,0,0.0,-0.0,0.6674656342926812,0,0.0,-0.0,0.7176116130873118,0,0.0,-0.0,1.0,0,0.0,-0.0,0.6469495080354902
2020-07-16,6.0317,-0.03056944020315333,False,1.0,-0.03056944020315333,0.4123337115981463,0,1.0,-0.03056944020315333,0.6554963055803529,0,0.0,-0.0,2.4994104061355866,0,0.0,-0.0,0.7176116130873118,0,0.0,-0.0,0.6674656342926812,0,0.0,-0.0,0.7176116130873118,0,0.0,-0.0,1.0,0,0.0,-0.0,0.6469495080354902
2020-07-17,6.029,-0.0004476349951091363,True,1.0,-0.0004476349951091363,0.41214913659917174,1,1.0,-0.0004476349951091363,0.6552028824948104,0,0.0,-0.0,2.4994104061355866,0,0.0,-0.0,0.7176116130873118,0,0.0,-0.0,0.6674656342926812,0,0.0,-0.0,0.7176116130873118,0,0.0,-0.0,1.0,0,0.0,-0.0,0.6469495080354902
2020-07-18,6.0518,0.003781721678553618,True,1.0,0.003781721678553618,0.413707769923846,1,1.0,0.003781721678553618,0.6576806774393918,0,0.0,0.0,2.4994104061355866,0,0.0,0.0,0.7176116130873118,0,0.0,0.0,0.6674656342926812,0,0.0,0.0,0.7176116130873118,0,0.0,0.0,1.0,0,0.0,0.0,0.6469495080354902
2020-07-19,6.1004,0.008030668561419763,True,1.0,0.008030668561419763,0.4170301199053885,1,1.0,0.008030668561419763,0.6629622929791577,0,0.0,0.0,2.4994104061355866,0,0.0,0.0,0.7176116130873118,0,0.0,0.0,0.6674656342926812,0,0.0,0.0,0.7176116130873118,0,0.0,0.0,1.0,0,0.0,0.0,0.6469495080354902
2020-07-20,6.0289,-0.011720542915218624,True,1.0,-0.011720542915218624,0.41214230048809863,1,1.0,-0.011720542915218624,0.6551920149731237,0,0.0,-0.0,2.4994104061355866,0,0.0,-0.0,0.7176116130873118,0,0.0,-0.0,0.6674656342926812,0,0.0,-0.0,0.7176116130873118,0,0.0,-0.0,1.0,0,0.0,-0.0,0.6469495080354902
2020-07-21,6.1908,0.026853986631060422,True,1.0,0.026853986631060422,0.4232099643155005,1,1.0,0.026853986631060422,0.6727865325839896,0,0.0,0.0,2.4994104061355866,0,0.0,0.0,0.7176116130873118,0,0.0,0.0,0.6674656342926812,0,0.0,0.0,0.7176116130873118,0,0.0,0.0,1.0,0,0.0,0.0,0.6469495080354902
2020-07-22,6.3569,0.026830135039090264,True,1.0,0.026830135039090264,0.43456474480797397,1,1.0,0.026830135039090264,0.6908374861056993,0,0.0,0.0,2.4994104061355866,0,0.0,0.0,0.7176116130873118,0,0.0,0.0,0.6674656342926812,0,0.0,0.0,0.7176116130873118,0,0.0,0.0,1.0,0,0.0,0.0,0.6469495080354902
2020-07-23,6.4402,0.013103871383850496,True,1.0,0.013103871383850496,0.4402592253318935,1,1.0,0.013103871383850496,0.699890131670771,0,0.0,0.0,2.4994104061355866,0,0.0,0.0,0.7176116130873118,0,0.0,0.0,0.6674656342926812,0,0.0,0.0,0.7176116130873118,0,0.0,0.0,1.0,0,0.0,0.0,0.6469495080354902
2020-07-24,6.2548,-0.028787925840812356,True,1.0,-0.028787925840812356,0.42758507540230545,1,1.0,-0.028787925840812356,0.6797417464635164,0,0.0,-0.0,2.4994104061355866,0,0.0,-0.0,0.7176116130873118,0,0.0,-0.0,0.6674656342926812,0,0.0,-0.0,0.7176116130873118,0,0.0,-0.0,1.0,0,0.0,-0.0,0.6469495080354902
2020-07-25,6.7067,0.07224851314190683,True,1.0,0.07224851314190683,0.4584774613417921,1,1.0,0.07224851314190683,0.7288520769659884,0,0.0,0.0,2.4994104061355866,0,0.0,0.0,0.7176116130873118,0,0.0,0.0,0.6674656342926812,0,0.0,0.0,0.7176116130873118,0,0.0,0.0,1.0,0,0.0,0.0,0.6469495080354902
2020-07-26,6.6358,-0.010571518034204641,True,1.0,-0.010571518034204641,0.453630658590941,1,1.0,-0.010571518034204641,0.7211470040900749,0,0.0,-0.0,2.4994104061355866,0,0.0,-0.0,0.7176116130873118,0,0.0,-0.0,0.6674656342926812,0,0.0,-0.0,0.7176116130873118,0,0.0,-0.0,1.0,0,0.0,-0.0,0.6469495080354902
2020-07-27,7.1167,0.0724705385936888,True,1.0,0.0724705385936888,0.4865055167416362,1,1.0,0.0724705385936888,0.7734089158817078,0,0.0,0.0,2.4994104061355866,0,0.0,0.0,0.7176116130873118,0,0.0,0.0,0.6674656342926812,0,0.0,0.0,0.7176116130873118,0,0.0,0.0,1.0,0,0.0,0.0,0.6469495080354902
2020-07-28,7.2125,0.013461295263254014,True,1.0,0.013461295263254014,0.49305451114969734,1,1.0,0.013461295263254014,0.7838200016576247,0,0.0,0.0,2.4994104061355866,0,0.0,0.0,0.7176116130873118,0,0.0,0.0,0.6674656342926812,0,0.0,0.0,0.7176116130873118,0,0.0,0.0,1.0,0,0.0,0.0,0.6469495080354902
2020-07-29,7.2644,0.0071958405545926585,True,1.0,0.0071958405545926585,0.4966024527966532,1,1.0,0.0071958405545926585,0.7894602454130535,0,0.0,0.0,2.4994104061355866,0,0.0,0.0,0.7176116130873118,0,0.0,0.0,0.6674656342926812,0,0.0,0.0,0.7176116130873118,0,0.0,0.0,1.0,0,0.0,0.0,0.6469495080354902
2020-07-30,7.3422,0.010709762678266621,True,1.0,0.010709762678266621,0.5019209472115505,1,1.0,0.010709762678266621,0.7979151772853534,0,0.0,0.0,2.4994104061355866,0,0.0,0.0,0.7176116130873118,0,0.0,0.0,0.6674656342926812,0,0.0,0.0,0.7176116130873118,0,0.0,0.0,1.0,0,0.0,0.0,0.6469495080354902
2020-07-31,7.3976,0.0075454223529731745,True,1.0,0.0075454223529731745,0.505708152746066,1,1.0,0.0075454223529731745,0.8039357842998189,0,0.0,0.0,2.4994104061355866,0,0.0,0.0,0.7176116130873118,0,0.0,0.0,0.6674656342926812,0,0.0,0.0,0.7176116130873118,0,0.0,0.0,1.0,0,0.0,0.0,0.6469495080354902
2020-08-01,7.833,0.05885692657077968,True,1.0,0.05885692657077968,0.5354725803584858,1,1.0,0.05885692657077968,0.8512529737239756,0,0.0,0.0,2.4994104061355866,0,0.0,0.0,0.7176116130873118,0,0.0,0.0,0.6674656342926812,0,0.0,0.0,0.7176116130873118,0,0.0,0.0,1.0,0,0.0,0.0,0.6469495080354902
2020-08-02,7.1939,-0.08159070598748885,True,1.0,-0.08159070598748885,0.49178299449009455,1,1.0,-0.08159070598748885,0.7817986426238871,0,0.0,-0.0,2.4994104061355866,0,0.0,-0.0,0.7176116130873118,0,0.0,-0.0,0.6674656342926812,0,0.0,-0.0,0.7176116130873118,0,0.0,-0.0,1.0,0,0.0,-0.0,0.6469495080354902
2020-08-03,7.1658,-0.003906087101572253,True,1.0,-0.003906087101572253,0.4898620472785442,1,1.0,-0.003906087101572253,0.7787448690299072,0,0.0,-0.0,2.4994104061355866,0,0.0,-0.0,0.7176116130873118,0,0.0,-0.0,0.6674656342926812,0,0.0,-0.0,0.7176116130873118,0,0.0,-0.0,1.0,0,0.0,-0.0,0.6469495080354902
2020-08-04,7.139,-0.003739987161238023,True,1.0,-0.003739987161238023,0.4880299695109447,1,1.0,-0.003739987161238023,0.7758323732178554,0,0.0,-0.0,2.4994104061355866,0,0.0,-0.0,0.7176116130873118,0,0.0,-0.0,0.6674656342926812,0,0.0,-0.0,0.7176116130873118,0,0.0,-0.0,1.0,0,0.0,-0.0,0.6469495080354902
2020-08-05,7.2239,0.011892421907830242,True,1.0,0.011892421907830242,0.4938338278120344,1,1.0,0.011892421907830242,0.7850588991299153,0,0.0,0.0,2.4994104061355866,0,0.0,0.0,0.7176116130873118,0,0.0,0.0,0.6674656342926812,0,0.0,0.0,0.7176116130873118,0,0.0,0.0,1.0,0,0.0,0.0,0.6469495080354902
2020-08-06,7.0997,-0.017192929027256776,True,1.0,-0.017192929027256776,0.48534337785920356,1,1.0,-0.017192929027256776,0.7715614371949584,0,0.0,-0.0,2.4994104061355866,0,0.0,-0.0,0.7176116130873118,0,0.0,-0.0,0.6674656342926812,0,0.0,-0.0,0.7176116130873118,0,0.0,-0.0,1.0,0,0.0,-0.0,0.6469495080354902
2020-08-07,6.8756,-0.031564714002000116,True,1.0,-0.031564714002000116,0.47002365294431314,1,1.0,-0.031564714002000116,0.7472073210949274,0,0.0,-0.0,2.4994104061355866,0,0.0,-0.0,0.7176116130873118,0,0.0,-0.0,0.6674656342926812,0,0.0,-0.0,0.7176116130873118,0,0.0,-0.0,1.0,0,0.0,-0.0,0.6469495080354902
2020-08-08,6.9377,0.009031939030775593,True,1.0,0.009031939030775593,0.4742688779207286,1,1.0,0.009031939030775593,0.7539560520624059,0,0.0,0.0,2.4994104061355866,0,0.0,0.0,0.7176116130873118,0,0.0,0.0,0.6674656342926812,0,0.0,0.0,0.7176116130873118,0,0.0,0.0,1.0,0,0.0,0.0,0.6469495080354902
2020-08-09,6.8798,-0.008345705349035004,True,1.0,-0.008345705349035004,0.4703107696093847,1,1.0,-0.008345705349035004,0.7476637570057714,0,0.0,-0.0,2.4994104061355866,0,0.0,-0.0,0.7176116130873118,0,0.0,-0.0,0.6674656342926812,0,0.0,-0.0,0.7176116130873118,0,0.0,-0.0,1.0,0,0.0,-0.0,0.6469495080354902
2020-08-10,7.0649,0.026904851885229064,True,1.0,0.026904851885229064,0.48296441120575334,1,1.0,0.026904851885229064,0.7677795396479655,0,0.0,0.0,2.4994104061355866,0,0.0,0.0,0.7176116130873118,0,0.0,0.0,0.6674656342926812,0,0.0,0.0,0.7176116130873118,0,0.0,0.0,1.0,0,0.0,0.0,0.6469495080354902
2020-08-11,6.743,-0.045563277611855746,True,1.0,-0.045563277611855746,0.46095896966133915,1,1.0,-0.045563277611855746,0.7327969873382825,0,0.0,-0.0,2.4994104061355866,0,0.0,-0.0,0.7176116130873118,0,0.0,-0.0,0.6674656342926812,0,0.0,-0.0,0.7176116130873118,0,0.0,-0.0,1.0,0,0.0,-0.0,0.6469495080354902
2020-08-12,6.7535,0.0015571703989321062,True,1.0,0.0015571703989321062,0.461676761324018,1,1.0,0.0015571703989321062,0.7339380771153923,0,0.0,0.0,2.4994104061355866,0,0.0,0.0,0.7176116130873118,0,0.0,0.0,0.6674656342926812,0,0.0,0.0,0.7176116130873118,0,0.0,0.0,1.0,0,0.0,0.0,0.6469495080354902
2020-08-13,6.9236,0.025186940105130784,True,1.0,0.025186940105130784,0.4733049862594168,1,1.0,0.025186940105130784,0.7524237315045725,0,0.0,0.0,2.4994104061355866,0,0.0,0.0,0.7176116130873118,0,0.0,0.0,0.6674656342926812,0,0.0,0.0,0.7176116130873118,0,0.0,0.0,1.0,0,0.0,0.0,0.6469495080354902
2020-08-14,6.8833,-0.005820671327055327,True,1.0,-0.005820671327055327,0.4705500334969443,1,1.0,-0.005820671327055327,0.7480441202648079,0,0.0,-0.0,2.4994104061355866,0,0.0,-0.0,0.7176116130873118,0,0.0,-0.0,0.6674656342926812,0,0.0,-0.0,0.7176116130873118,0,0.0,-0.0,1.0,0,0.0,-0.0,0.6469495080354902
2020-08-15,7.1732,0.04211642671393068,True,1.0,0.04211642671393068,0.490367919497956,1,1.0,0.04211642671393068,0.7795490656347275,0,0.0,0.0,2.4994104061355866,0,0.0,0.0,0.7176116130873118,0,0.0,0.0,0.6674656342926812,0,0.0,0.0,0.7176116130873118,0,0.0,0.0,1.0,0,0.0,0.0,0.6469495080354902
2020-08-16,7.2479,0.010413762337589949,True,1.0,0.010413762337589949,0.49547449446958614,1,1.0,0.010413762337589949,0.7876671043347379,0,0.0,0.0,2.4994104061355866,0,0.0,0.0,0.7176116130873118,0,0.0,0.0,0.6674656342926812,0,0.0,0.0,0.7176116130873118,0,0.0,0.0,1.0,0,0.0,0.0,0.6469495080354902
2020-08-17,7.3884,0.01938492528870439,True,1.0,0.01938492528870439,0.5050792305273376,1,1.0,0.01938492528870439,0.8029359723046369,0,0.0,0.0,2.4994104061355866,0,0.0,0.0,0.7176116130873118,0,0.0,0.0,0.6674656342926812,0,0.0,0.0,0.7176116130873118,0,0.0,0.0,1.0,0,0.0,0.0,0.6469495080354902
2020-08-18,7.2702,-0.01599805099886309,True,1.0,-0.01599805099886309,0.49699894723889476,1,1.0,-0.01599805099886309,0.7900905616708855,0,0.0,-0.0,2.4994104061355866,0,0.0,-0.0,0.7176116130873118,0,0.0,-0.0,0.6674656342926812,0,0.0,-0.0,0.7176116130873118,0,0.0,-0.0,1.0,0,0.0,-0.0,0.6469495080354902
2020-08-19,6.798,-0.06495007014937693,False,1.0,-0.06495007014937693,0.46471883075156206,0,1.0,-0.06495007014937693,0.7387741242660009,0,0.0,-0.0,2.4994104061355866,0,0.0,-0.0,0.7176116130873118,0,0.0,-0.0,0.6674656342926812,0,0.0,-0.0,0.7176116130873118,0,0.0,-0.0,1.0,0,0.0,-0.0,0.6469495080354902
2020-08-20,6.9696,0.025242718446601975,False,1.0,0.025242718446601975,0.4764495973530578,0,1.0,0.025242718446601975,0.7574227914804824,0,0.0,0.0,2.4994104061355866,0,0.0,0.0,0.7176116130873118,0,0.0,0.0,0.6674656342926812,0,0.0,0.0,0.7176116130873118,0,0.0,0.0,1.0,0,0.0,0.0,0.6469495080354902
2020-08-21,6.6324,-0.0483815426997245,False,1.0,-0.0483815426997245,0.4533982308144543,0,1.0,-0.0483815426997245,0.7207775083527249,0,0.0,-0.0,2.4994104061355866,0,0.0,-0.0,0.7176116130873118,0,0.0,-0.0,0.6674656342926812,0,0.0,-0.0,0.7176116130873118,0,0.0,-0.0,1.0,0,0.0,-0.0,0.6469495080354902
2020-08-22,6.7702,0.020776792714552794,False,1.0,0.020776792714552794,0.46281839187323115,0,1.0,0.020776792714552794,0.7357529532370813,0,0.0,0.0,2.4994104061355866,0,0.0,0.0,0.7176116130873118,0,0.0,0.0,0.6674656342926812,0,0.0,0.0,0.7176116130873118,0,0.0,0.0,1.0,0,0.0,0.0,0.6469495080354902
2020-08-23,6.7588,-0.0016838498124132073,False,1.0,-0.0016838498124132073,0.46203907521089405,0,1.0,-0.0016838498124132073,0.7345140557647907,0,0.0,-0.0,2.4994104061355866,0,0.0,-0.0,0.7176116130873118,0,0.0,-0.0,0.6674656342926812,0,0.0,-0.0,0.7176116130873118,0,0.0,-0.0,1.0,0,0.0,-0.0,0.6469495080354902
2020-08-24,6.8537,0.014040954015505758,False,1.0,0.014040954015505758,0.468526544619297,0,1.0,0.014040954015505758,0.7448273338455267,0,0.0,0.0,2.4994104061355866,0,0.0,0.0,0.7176116130873118,0,0.0,0.0,0.6674656342926812,0,0.0,0.0,0.7176116130873118,0,0.0,0.0,1.0,0,0.0,0.0,0.6469495080354902
2020-08-25,6.4692,-0.056101084085968145,False,1.0,-0.056101084085968145,0.4422416975431017,0,1.0,-0.056101084085968145,0.7030417129599313,0,0.0,-0.0,2.4994104061355866,0,0.0,-0.0,0.7176116130873118,0,0.0,-0.0,0.6674656342926812,0,0.0,-0.0,0.7176116130873118,0,0.0,-0.0,1.0,0,0.0,-0.0,0.6469495080354902
2020-08-26,6.46,-0.0014221232919062743,False,1.0,-0.0014221232919062743,0.4416127753243735,0,1.0,-0.0014221232919062743,0.7020419009647494,0,0.0,-0.0,2.4994104061355866,0,0.0,-0.0,0.7176116130873118,0,0.0,-0.0,0.6674656342926812,0,0.0,-0.0,0.7176116130873118,0,0.0,-0.0,1.0,0,0.0,-0.0,0.6469495080354902
2020-08-27,6.3544,-0.016346749226006208,False,1.0,-0.016346749226006208,0.43439384203114534,0,1.0,-0.016346749226006208,0.6905657980635299,0,0.0,-0.0,2.4994104061355866,0,0.0,-0.0,0.7176116130873118,0,0.0,-0.0,0.6674656342926812,0,0.0,-0.0,0.7176116130873118,0,0.0,-0.0,1.0,0,0.0,-0.0,0.6469495080354902
2020-08-28,6.5278,0.027288178270175045,False,1.0,0.027288178270175045,0.4462476586319575,0,1.0,0.027288178270175045,0.7094100806683732,0,0.0,0.0,2.4994104061355866,0,0.0,0.0,0.7176116130873118,0,0.0,0.0,0.6674656342926812,0,0.0,0.0,0.7176116130873118,0,0.0,0.0,1.0,0,0.0,0.0,0.6469495080354902
2020-08-29,6.4926,-0.00539232206869078,False,1.0,-0.00539232206869078,0.4438413475342148,0,1.0,-0.00539232206869078,0.7055847130346334,0,0.0,-0.0,2.4994104061355866,0,0.0,-0.0,0.7176116130873118,0,0.0,-0.0,0.6674656342926812,0,0.0,-0.0,0.7176116130873118,0,0.0,-0.0,1.0,0,0.0,-0.0,0.6469495080354902
2020-08-30,6.6907,0.03051165942765599,False,1.0,0.03051165942765599,0.4573836835700906,0,1.0,0.03051165942765599,0.7271132734961065,0,0.0,0.0,2.4994104061355866,0,0.0,0.0,0.7176116130873118,0,0.0,0.0,0.6674656342926812,0,0.0,0.0,0.7176116130873118,0,0.0,0.0,1.0,0,0.0,0.0,0.6469495080354902
2020-08-31,6.5858,-0.015678479082906094,False,1.0,-0.015678479082906094,0.45021260305437444,0,1.0,-0.015678479082906094,0.7157132432466945,0,0.0,-0.0,2.4994104061355866,0,0.0,-0.0,0.7176116130873118,0,0.0,-0.0,0.6674656342926812,0,0.0,-0.0,0.7176116130873118,0,0.0,-0.0,1.0,0,0.0,-0.0,0.6469495080354902
2020-09-01,6.7359,0.02279146041483182,False,1.0,0.02279146041483182,0.4604736057751466,0,1.0,0.02279146041483182,0.7320253932985225,0,0.0,0.0,2.4994104061355866,0,0.0,0.0,0.7176116130873118,0,0.0,0.0,0.6674656342926812,0,0.0,0.0,0.7176116130873118,0,0.0,0.0,1.0,0,0.0,0.0,0.6469495080354902
2020-09-02,6.2946,-0.06551463056161766,False,1.0,-0.06551463056161766,0.43030584760941193,0,1.0,-0.06551463056161766,0.6840670200948469,0,0.0,-0.0,2.4994104061355866,0,0.0,-0.0,0.7176116130873118,0,0.0,-0.0,0.6674656342926812,0,0.0,-0.0,0.7176116130873118,0,0.0,-0.0,1.0,0,0.0,-0.0,0.6469495080354902
2020-09-03,5.4849,-0.12863406729577742,False,1.0,-0.12863406729577742,0.3749538562502563,0,1.0,-0.12863406729577742,0.5960726969971444,0,0.0,-0.0,2.4994104061355866,0,0.0,-0.0,0.7176116130873118,0,0.0,-0.0,0.6674656342926812,0,0.0,-0.0,0.7176116130873118,0,0.0,-0.0,1.0,0,0.0,-0.0,0.6469495080354902
2020-09-04,5.3018,-0.03338255939032608,False,1.0,-0.03338255939032608,0.36243693687535034,0,1.0,-0.03338255939032608,0.5761742647886854,0,0.0,-0.0,2.4994104061355866,0,0.0,-0.0,0.7176116130873118,0,0.0,-0.0,0.6674656342926812,0,0.0,-0.0,0.7176116130873118,0,0.0,-0.0,1.0,0,0.0,-0.0,0.6469495080354902
2020-09-05,5.023,-0.05258591421781289,False,1.0,-0.05258591421781289,0.3433778592034563,0,1.0,-0.05258591421781289,0.5458756143259962,0,0.0,-0.0,2.4994104061355866,0,0.0,-0.0,0.7176116130873118,0,0.0,-0.0,0.6674656342926812,0,0.0,-0.0,0.7176116130873118,0,0.0,-0.0,1.0,0,0.0,-0.0,0.6469495080354902
2020-09-06,5.1492,0.0251244276328888,False,1.0,0.0251244276328888,0.35200503137774986,0,1.0,0.0251244276328888,0.5595904266946884,0,0.0,0.0,2.4994104061355866,0,0.0,0.0,0.7176116130873118,0,0.0,0.0,0.6674656342926812,0,0.0,0.0,0.7176116130873118,0,0.0,0.0,1.0,0,0.0,0.0,0.6469495080354902
2020-09-07,5.0983,-0.009885030684378182,False,1.0,-0.009885030684378182,0.3485254508415253,0,1.0,-0.009885030684378182,0.5540588581561271,0,0.0,-0.0,2.4994104061355866,0,0.0,-0.0,0.7176116130873118,0,0.0,-0.0,0.6674656342926812,0,0.0,-0.0,0.7176116130873118,0,0.0,-0.0,1.0,0,0.0,-0.0,0.6469495080354902
2020-09-08,5.0882,-0.001981052507698755,False,1.0,-0.001981052507698755,0.34783500362313885,0,0.0,-0.001,0.5535047992979709,0,0.0,-0.0,2.4994104061355866,0,0.0,-0.0,0.7176116130873118,0,0.0,-0.0,0.6674656342926812,0,0.0,-0.0,0.7176116130873118,0,0.0,-0.0,1.0,0,0.0,-0.0,0.6469495080354902
2020-09-09,5.0505,-0.007409299948901271,False,1.0,-0.007409299948901271,0.34525778974856786,0,0.0,-0.0,0.5535047992979709,0,0.0,-0.0,2.4994104061355866,0,0.0,-0.0,0.7176116130873118,0,0.0,-0.0,0.6674656342926812,0,0.0,-0.0,0.7176116130873118,0,0.0,-0.0,1.0,0,0.0,-0.0,0.6469495080354902
2020-09-10,5.1856,0.026749826749826733,False,1.0,0.026749826749826733,0.35449337580837015,0,0.0,0.0,0.5535047992979709,0,0.0,0.0,2.4994104061355866,0,0.0,0.0,0.7176116130873118,0,0.0,0.0,0.6674656342926812,0,0.0,0.0,0.7176116130873118,0,0.0,0.0,1.0,0,0.0,0.0,0.6469495080354902
2020-09-11,5.2164,0.005939524838012966,False,1.0,0.005939524838012966,0.35659889801889505,0,0.0,0.0,0.5535047992979709,0,0.0,0.0,2.4994104061355866,0,0.0,0.0,0.7176116130873118,0,0.0,0.0,0.6674656342926812,0,0.0,0.0,0.7176116130873118,0,0.0,0.0,1.0,0,0.0,0.0,0.6469495080354902
2020-09-12,5.2316,0.002913886971857904,False,1.0,0.002913886971857904,0.3576379869020112,0,0.0,0.0,0.5535047992979709,0,0.0,0.0,2.4994104061355866,0,0.0,0.0,0.7176116130873118,0,0.0,0.0,0.6674656342926812,0,0.0,0.0,0.7176116130873118,0,0.0,0.0,1.0,0,0.0,0.0,0.6469495080354902
2020-09-13,5.06,-0.03280067283431465,False,1.0,-0.03280067283431465,0.3459072203005154,0,0.0,-0.0,0.5535047992979709,0,0.0,-0.0,2.4994104061355866,0,0.0,-0.0,0.7176116130873118,0,0.0,-0.0,0.6674656342926812,0,0.0,-0.0,0.7176116130873118,0,0.0,-0.0,1.0,0,0.0,-0.0,0.6469495080354902
2020-09-14,5.1494,0.017667984189723374,False,1.0,0.017667984189723374,0.35201870359989607,0,0.0,0.0,0.5535047992979709,0,0.0,0.0,2.4994104061355866,0,0.0,0.0,0.7176116130873118,0,0.0,0.0,0.6674656342926812,0,0.0,0.0,0.7176116130873118,0,0.0,0.0,1.0,0,0.0,0.0,0.6469495080354902
2020-09-15,5.1688,0.003767429215054241,False,1.0,0.003767429215054241,0.3533449091480838,0,0.0,0.0,0.5535047992979709,0,0.0,0.0,2.4994104061355866,0,0.0,0.0,0.7176116130873118,0,0.0,0.0,0.6674656342926812,0,0.0,0.0,0.7176116130873118,0,0.0,0.0,1.0,0,0.0,0.0,0.6469495080354902
2020-09-16,5.1179,-0.009847546819377828,False,1.0,-0.009847546819377828,0.34986532861185926,0,0.0,-0.0,0.5535047992979709,0,0.0,-0.0,2.4994104061355866,0,0.0,-0.0,0.7176116130873118,0,0.0,-0.0,0.6674656342926812,0,0.0,-0.0,0.7176116130873118,0,0.0,-0.0,1.0,0,0.0,-0.0,0.6469495080354902
2020-09-17,5.2043,0.016881924226733735,False,1.0,0.016881924226733735,0.355771728579046,0,0.0,0.0,0.5535047992979709,0,0.0,0.0,2.4994104061355866,0,0.0,0.0,0.7176116130873118,0,0.0,0.0,0.6674656342926812,0,0.0,0.0,0.7176116130873118,0,0.0,0.0,1.0,0,0.0,0.0,0.6469495080354902
2020-09-18,5.1854,-0.003631612320581179,False,1.0,-0.003631612320581179,0.3544797035862239,0,0.0,-0.0,0.5535047992979709,0,0.0,-0.0,2.4994104061355866,0,0.0,-0.0,0.7176116130873118,0,0.0,-0.0,0.6674656342926812,0,0.0,-0.0,0.7176116130873118,0,0.0,-0.0,1.0,0,0.0,-0.0,0.6469495080354902
2020-09-19,5.2177,0.006229027654568675,False,1.0,0.006229027654568675,0.35668776746284575,0,0.0,0.0,0.5535047992979709,0,0.0,0.0,2.4994104061355866,0,0.0,0.0,0.7176116130873118,0,0.0,0.0,0.6674656342926812,0,0.0,0.0,0.7176116130873118,0,0.0,0.0,1.0,0,0.0,0.0,0.6469495080354902
2020-09-20,5.0895,-0.024570212929068247,False,1.0,-0.024570212929068247,0.34792387306708966,0,0.0,-0.0,0.5535047992979709,0,0.0,-0.0,2.4994104061355866,0,0.0,-0.0,0.7176116130873118,0,0.0,-0.0,0.6674656342926812,0,0.0,-0.0,0.7176116130873118,0,0.0,-0.0,1.0,0,0.0,-0.0,0.6469495080354902
2020-09-21,4.8161,-0.053718439925336536,False,1.0,-0.053718439925336536,0.32923394539314477,0,0.0,-0.0,0.5535047992979709,0,0.0,-0.0,2.4994104061355866,0,0.0,-0.0,0.7176116130873118,0,0.0,-0.0,0.6674656342926812,0,0.0,-0.0,0.7176116130873118,0,0.0,-0.0,1.0,0,0.0,-0.0,0.6469495080354902
2020-09-22,4.9453,0.02682668549241085,False,1.0,0.02682668549241085,0.33806620089963224,0,0.0,0.0,0.5535047992979709,0,0.0,0.0,2.4994104061355866,0,0.0,0.0,0.7176116130873118,0,0.0,0.0,0.6674656342926812,0,0.0,0.0,0.7176116130873118,0,0.0,0.0,1.0,0,0.0,0.0,0.6469495080354902
2020-09-23,4.8357,-0.0221624572826723,False,1.0,-0.0221624572826723,0.33057382316347883,0,0.0,-0.0,0.5535047992979709,0,0.0,-0.0,2.4994104061355866,0,0.0,-0.0,0.7176116130873118,0,0.0,-0.0,0.6674656342926812,0,0.0,-0.0,0.7176116130873118,0,0.0,-0.0,1.0,0,0.0,-0.0,0.6469495080354902
2020-09-24,4.9688,0.027524453543437355,False,1.0,0.027524453543437355,0.33967268700181846,0,0.0,0.0,0.5535047992979709,0,0.0,0.0,2.4994104061355866,0,0.0,0.0,0.7176116130873118,0,0.0,0.0,0.6674656342926812,0,0.0,0.0,0.7176116130873118,0,0.0,0.0,1.0,0,0.0,0.0,0.6469495080354902
2020-09-25,4.9772,0.001690549025921806,False,1.0,0.001690549025921806,0.34024692033196163,0,0.0,0.0,0.5535047992979709,0,0.0,0.0,2.4994104061355866,0,0.0,0.0,0.7176116130873118,0,0.0,0.0,0.6674656342926812,0,0.0,0.0,0.7176116130873118,0,0.0,0.0,1.0,0,0.0,0.0,0.6469495080354902
2020-09-26,5.3621,0.07733263682391711,True,1.0,0.07733263682391711,0.3665591118524495,1,0.0,0.0,0.5535047992979709,0,0.0,0.0,2.4994104061355866,0,0.0,0.0,0.7176116130873118,0,0.0,0.0,0.6674656342926812,0,0.0,0.0,0.7176116130873118,0,0.0,0.0,1.0,0,0.0,0.0,0.6469495080354902
2020-09-27,5.444,0.015273866582122597,True,1.0,0.015273866582122597,0.37215788682134515,1,1.0,0.014273866582122596,0.5614054529557148,0,0.0,0.0,2.4994104061355866,0,0.0,0.0,0.7176116130873118,0,0.0,0.0,0.6674656342926812,0,0.0,0.0,0.7176116130873118,0,0.0,0.0,1.0,0,0.0,0.0,0.6469495080354902
2020-09-28,5.411,-0.006061719324026549,True,1.0,-0.006061719324026549,0.3699019701672113,1,1.0,-0.006061719324026549,0.5580023706729192,0,0.0,-0.0,2.4994104061355866,0,0.0,-0.0,0.7176116130873118,0,0.0,-0.0,0.6674656342926812,0,0.0,-0.0,0.7176116130873118,0,0.0,-0.0,1.0,0,0.0,-0.0,0.6469495080354902
2020-09-29,5.4137,0.0004989835520237129,True,1.0,0.0004989835520237129,0.37008654516618594,1,1.0,0.0004989835520237129,0.5582808046778752,0,0.0,0.0,2.4994104061355866,0,0.0,0.0,0.7176116130873118,0,0.0,0.0,0.6674656342926812,0,0.0,0.0,0.7176116130873118,0,0.0,0.0,1.0,0,0.0,0.0,0.6469495080354902
2020-09-30,5.3972,-0.0030478231154295043,True,1.0,-0.0030478231154295043,0.368958586839119,1,1.0,-0.0030478231154295043,0.5565792635364774,0,0.0,-0.0,2.4994104061355866,0,0.0,-0.0,0.7176116130873118,0,0.0,-0.0,0.6674656342926812,0,0.0,-0.0,0.7176116130873118,0,0.0,-0.0,1.0,0,0.0,-0.0,0.6469495080354902
2020-10-01,5.3287,-0.012691766100941138,True,1.0,-0.012691766100941138,0.3642758507540231,1,1.0,-0.012691766100941138,0.5495152897070383,0,0.0,-0.0,2.4994104061355866,0,0.0,-0.0,0.7176116130873118,0,0.0,-0.0,0.6674656342926812,0,0.0,-0.0,0.7176116130873118,0,0.0,-0.0,1.0,0,0.0,-0.0,0.6469495080354902
2020-10-02,5.1802,-0.027867960290502425,False,1.0,-0.027867960290502425,0.35412422581042097,0,1.0,-0.027867960290502425,0.5342014194344586,0,0.0,-0.0,2.4994104061355866,0,0.0,-0.0,0.7176116130873118,0,0.0,-0.0,0.6674656342926812,0,0.0,-0.0,0.7176116130873118,0,0.0,-0.0,1.0,0,0.0,-0.0,0.6469495080354902
2020-10-03,5.1341,-0.008899270298444062,True,1.0,-0.008899270298444062,0.3509727786057068,0,1.0,-0.008899270298444062,0.5294474166090989,0,0.0,-0.0,2.4994104061355866,0,0.0,-0.0,0.7176116130873118,0,0.0,-0.0,0.6674656342926812,0,0.0,-0.0,0.7176116130873118,0,0.0,-0.0,1.0,0,0.0,-0.0,0.6469495080354902
2020-10-04,5.1535,0.003778656434428651,True,1.0,0.003778656434428651,0.35229898415389455,0,1.0,0.003778656434428651,0.5314480164965605,0,0.0,0.0,2.4994104061355866,0,0.0,0.0,0.7176116130873118,0,0.0,0.0,0.6674656342926812,0,0.0,0.0,0.7176116130873118,0,0.0,0.0,1.0,0,0.0,0.0,0.6469495080354902
2020-10-05,5.0997,-0.010439507131075887,False,1.0,-0.010439507131075887,0.34862115639654917,0,1.0,-0.010439507131075887,0.5258999611385485,0,0.0,-0.0,2.4994104061355866,0,0.0,-0.0,0.7176116130873118,0,0.0,-0.0,0.6674656342926812,0,0.0,-0.0,0.7176116130873118,0,0.0,-0.0,1.0,0,0.0,-0.0,0.6469495080354902
2020-10-06,5.2388,0.027276114281232333,True,1.0,0.027276114281232333,0.35813018689927684,0,1.0,0.027276114281232333,0.5402444685790593,0,0.0,0.0,2.4994104061355866,0,0.0,0.0,0.7176116130873118,0,0.0,0.0,0.6674656342926812,0,0.0,0.0,0.7176116130873118,0,0.0,0.0,1.0,0,0.0,0.0,0.6469495080354902
2020-10-07,5.1736,-0.012445598228601917,False,1.0,-0.012445598228601917,0.3536730424795943,0,1.0,-0.012445598228601917,0.5335208029778997,0,0.0,-0.0,2.4994104061355866,0,0.0,-0.0,0.7176116130873118,0,0.0,-0.0,0.6674656342926812,0,0.0,-0.0,0.7176116130873118,0,0.0,-0.0,1.0,0,0.0,-0.0,0.6469495080354902
2020-10-08,5.1745,0.00017396010514914018,False,1.0,0.00017396010514914018,0.35373456747925247,0,1.0,0.00017396010514914018,0.533613614312885,0,0.0,0.0,2.4994104061355866,0,0.0,0.0,0.7176116130873118,0,0.0,0.0,0.6674656342926812,0,0.0,0.0,0.7176116130873118,0,0.0,0.0,1.0,0,0.0,0.0,0.6469495080354902
2020-10-09,5.2674,0.017953425451734617,True,1.0,0.017953425451734617,0.3600853146661928,0,1.0,0.017953425451734617,0.5431938065574821,0,0.0,0.0,2.4994104061355866,0,0.0,0.0,0.7176116130873118,0,0.0,0.0,0.6674656342926812,0,0.0,0.0,0.7176116130873118,0,0.0,0.0,1.0,0,0.0,0.0,0.6469495080354902
2020-10-10,5.2712,0.0007214185366595238,True,1.0,0.0007214185366595238,0.36034508688697187,0,1.0,0.0007214185366595238,0.5435856766385313,0,0.0,0.0,2.4994104061355866,0,0.0,0.0,0.7176116130873118,0,0.0,0.0,0.6674656342926812,0,0.0,0.0,0.7176116130873118,0,0.0,0.0,1.0,0,0.0,0.0,0.6469495080354902
2020-10-11,5.428,0.029746547275762536,True,1.0,0.029746547275762536,0.37106410904964393,0,1.0,0.029746547275762536,0.5597554736670868,0,0.0,0.0,2.4994104061355866,0,0.0,0.0,0.7176116130873118,0,0.0,0.0,0.6674656342926812,0,0.0,0.0,0.7176116130873118,0,0.0,0.0,1.0,0,0.0,0.0,0.6469495080354902
2020-10-12,5.4483,0.003739867354458415,True,1.0,0.003739867354458415,0.3724518395974899,0,1.0,0.003739867354458415,0.5618488848895338,0,0.0,0.0,2.4994104061355866,0,0.0,0.0,0.7176116130873118,0,0.0,0.0,0.6674656342926812,0,0.0,0.0,0.7176116130873118,0,0.0,0.0,1.0,0,0.0,0.0,0.6469495080354902
2020-10-13,5.3502,-0.01800561643081322,True,1.0,-0.01800561643081322,0.3657456146347467,0,1.0,-0.01800561643081322,0.5517324493761327,0,0.0,-0.0,2.4994104061355866,0,0.0,-0.0,0.7176116130873118,0,0.0,-0.0,0.6674656342926812,0,0.0,-0.0,0.7176116130873118,0,0.0,-0.0,1.0,0,0.0,-0.0,0.6469495080354902
2020-10-14,5.3812,0.005794175918657274,True,1.0,0.005794175918657274,0.36786480906741786,0,1.0,0.005794175918657274,0.5549292842478497,0,0.0,0.0,2.4994104061355866,0,0.0,0.0,0.7176116130873118,0,0.0,0.0,0.6674656342926812,0,0.0,0.0,0.7176116130873118,0,0.0,0.0,1.0,0,0.0,0.0,0.6469495080354902
2020-10-15,5.3321,-0.00912435887906049,True,1.0,-0.00912435887906049,0.36450827853050966,0,1.0,-0.00912435887906049,0.5498659103058722,0,0.0,-0.0,2.4994104061355866,0,0.0,-0.0,0.7176116130873118,0,0.0,-0.0,0.6674656342926812,0,0.0,-0.0,0.7176116130873118,0,0.0,-0.0,1.0,0,0.0,-0.0,0.6469495080354902
2020-10-16,5.1737,-0.02970686971362113,False,1.0,-0.02970686971362113,0.35367987859066746,0,1.0,-0.02970686971362113,0.533531115348454,0,0.0,-0.0,2.4994104061355866,0,0.0,-0.0,0.7176116130873118,0,0.0,-0.0,0.6674656342926812,0,0.0,-0.0,0.7176116130873118,0,0.0,-0.0,1.0,0,0.0,-0.0,0.6469495080354902
2020-10-17,5.1938,0.0038850339215648066,False,1.0,0.0038850339215648066,0.3550539369163671,0,1.0,0.0038850339215648066,0.535603901829793,0,0.0,0.0,2.4994104061355866,0,0.0,0.0,0.7176116130873118,0,0.0,0.0,0.6674656342926812,0,0.0,0.0,0.7176116130873118,0,0.0,0.0,1.0,0,0.0,0.0,0.6469495080354902
2020-10-18,5.2282,0.006623281604990483,False,1.0,0.006623281604990483,0.35740555912552474,0,1.0,0.006623281604990483,0.5391513573003434,0,0.0,0.0,2.4994104061355866,0,0.0,0.0,0.7176116130873118,0,0.0,0.0,0.6674656342926812,0,0.0,0.0,0.7176116130873118,0,0.0,0.0,1.0,0,0.0,0.0,0.6469495080354902
2020-10-19,5.2086,-0.0037489001950958833,False,1.0,-0.0037489001950958833,0.35606568135519073,0,1.0,-0.0037489001950958833,0.5371301326717739,0,0.0,-0.0,2.4994104061355866,0,0.0,-0.0,0.7176116130873118,0,0.0,-0.0,0.6674656342926812,0,0.0,-0.0,0.7176116130873118,0,0.0,-0.0,1.0,0,0.0,-0.0,0.6469495080354902
2020-10-20,5.0807,-0.024555542756210746,False,1.0,-0.024555542756210746,0.347322295292654,0,1.0,-0.024555542756210746,0.523940610733303,0,0.0,-0.0,2.4994104061355866,0,0.0,-0.0,0.7176116130873118,0,0.0,-0.0,0.6674656342926812,0,0.0,-0.0,0.7176116130873118,0,0.0,-0.0,1.0,0,0.0,-0.0,0.6469495080354902
2020-10-21,5.3379,0.050622945657094576,True,1.0,0.050622945657094576,0.36490477297275137,0,1.0,0.050622945657094576,0.550464027798,0,0.0,0.0,2.4994104061355866,0,0.0,0.0,0.7176116130873118,0,0.0,0.0,0.6674656342926812,0,0.0,0.0,0.7176116130873118,0,0.0,0.0,1.0,0,0.0,0.0,0.6469495080354902
2020-10-22,5.612,0.0513497817493771,True,1.0,0.0513497817493771,0.38364255342420817,0,0.0,-0.001,0.549913563770202,0,0.0,0.0,2.4994104061355866,0,0.0,0.0,0.7176116130873118,0,0.0,0.0,0.6674656342926812,0,0.0,0.0,0.7176116130873118,0,0.0,0.0,1.0,0,0.0,0.0,0.6469495080354902
2020-10-23,5.482,-0.023164647184604426,True,1.0,-0.023164647184604426,0.37475560902913563,0,0.0,-0.0,0.549913563770202,0,0.0,-0.0,2.4994104061355866,0,0.0,-0.0,0.7176116130873118,0,0.0,-0.0,0.6674656342926812,0,0.0,-0.0,0.7176116130873118,0,0.0,-0.0,1.0,0,0.0,-0.0,0.6469495080354902
2020-10-24,5.529,0.008573513316307846,True,1.0,0.008573513316307846,0.37796858123350796,0,0.0,0.0,0.549913563770202,0,0.0,0.0,2.4994104061355866,0,0.0,0.0,0.7176116130873118,0,0.0,0.0,0.6674656342926812,0,0.0,0.0,0.7176116130873118,0,0.0,0.0,1.0,0,0.0,0.0,0.6469495080354902
2020-10-25,5.5585,0.005335503707722955,True,1.0,0.005335503707722955,0.3799852340000821,0,0.0,0.0,0.549913563770202,0,0.0,0.0,2.4994104061355866,0,0.0,0.0,0.7176116130873118,0,0.0,0.0,0.6674656342926812,0,0.0,0.0,0.7176116130873118,0,0.0,0.0,1.0,0,0.0,0.0,0.6469495080354902
2020-10-26,5.435,-0.022218224341099324,True,1.0,-0.022218224341099324,0.3715426368247632,0,0.0,-0.0,0.549913563770202,0,0.0,-0.0,2.4994104061355866,0,0.0,-0.0,0.7176116130873118,0,0.0,-0.0,0.6674656342926812,0,0.0,-0.0,0.7176116130873118,0,0.0,-0.0,1.0,0,0.0,-0.0,0.6469495080354902
2020-10-27,5.4582,0.004268629254829737,True,1.0,0.004268629254829737,0.3731286145937299,0,0.0,0.0,0.549913563770202,0,0.0,0.0,2.4994104061355866,0,0.0,0.0,0.7176116130873118,0,0.0,0.0,0.6674656342926812,0,0.0,0.0,0.7176116130873118,0,0.0,0.0,1.0,0,0.0,0.0,0.6469495080354902
2020-10-28,5.2714,-0.03422373676303536,True,1.0,-0.03422373676303536,0.360358759109118,0,0.0,-0.0,0.549913563770202,0,0.0,-0.0,2.4994104061355866,0,0.0,-0.0,0.7176116130873118,0,0.0,-0.0,0.6674656342926812,0,0.0,-0.0,0.7176116130873118,0,0.0,-0.0,1.0,0,0.0,-0.0,0.6469495080354902
2020-10-29,5.4065,0.025628865197101502,True,1.0,0.025628865197101502,0.36959434516892037,0,0.0,0.0,0.549913563770202,0,0.0,0.0,2.4994104061355866,0,0.0,0.0,0.7176116130873118,0,0.0,0.0,0.6674656342926812,0,0.0,0.0,0.7176116130873118,0,0.0,0.0,1.0,0,0.0,0.0,0.6469495080354902
2020-10-30,5.2584,-0.027392952927032366,False,1.0,-0.027392952927032366,0.3594700646696108,0,0.0,-0.0,0.549913563770202,0,0.0,-0.0,2.4994104061355866,0,0.0,-0.0,0.7176116130873118,0,0.0,-0.0,0.6674656342926812,0,0.0,-0.0,0.7176116130873118,0,0.0,-0.0,1.0,0,0.0,-0.0,0.6469495080354902
2020-10-31,5.2734,0.002852578731172839,False,1.0,0.002852578731172839,0.3604954813305806,0,0.0,0.0,0.549913563770202,0,0.0,0.0,2.4994104061355866,0,0.0,0.0,0.7176116130873118,0,0.0,0.0,0.6674656342926812,0,0.0,0.0,0.7176116130873118,0,0.0,0.0,1.0,0,0.0,0.0,0.6469495080354902
2020-11-01,5.2434,-0.005688929343497406,False,1.0,-0.005688929343497406,0.35844464800864084,0,0.0,-0.0,0.549913563770202,0,0.0,-0.0,2.4994104061355866,0,0.0,-0.0,0.7176116130873118,0,0.0,-0.0,0.6674656342926812,0,0.0,-0.0,0.7176116130873118,0,0.0,-0.0,1.0,0,0.0,-0.0,0.6469495080354902
2020-11-02,4.9961,-0.047164053858183674,False,1.0,-0.047164053858183674,0.3415389453247836,0,0.0,-0.0,0.549913563770202,0,0.0,-0.0,2.4994104061355866,0,0.0,-0.0,0.7176116130873118,0,0.0,-0.0,0.6674656342926812,0,0.0,-0.0,0.7176116130873118,0,0.0,-0.0,1.0,0,0.0,-0.0,0.6469495080354902
2020-11-03,4.8866,-0.021917095334360925,False,1.0,-0.021917095334360925,0.33405340369970327,0,0.0,-0.0,0.549913563770202,0,0.0,-0.0,2.4994104061355866,0,0.0,-0.0,0.7176116130873118,0,0.0,-0.0,0.6674656342926812,0,0.0,-0.0,0.7176116130873118,0,0.0,-0.0,1.0,0,0.0,-0.0,0.6469495080354902
2020-11-04,4.8774,-0.0018826996275528307,False,1.0,-0.0018826996275528307,0.3334244814809751,0,0.0,-0.0,0.549913563770202,0,0.0,-0.0,2.4994104061355866,0,0.0,-0.0,0.7176116130873118,0,0.0,-0.0,0.6674656342926812,0,0.0,-0.0,0.7176116130873118,0,0.0,-0.0,1.0,0,0.0,-0.0,0.6469495080354902
2020-11-05,5.0979,0.045208512732193507,False,1.0,0.045208512732193507,0.3484981063972328,0,0.0,0.0,0.549913563770202,0,0.0,0.0,2.4994104061355866,0,0.0,0.0,0.7176116130873118,0,0.0,0.0,0.6674656342926812,0,0.0,0.0,0.7176116130873118,0,0.0,0.0,1.0,0,0.0,0.0,0.6469495080354902
2020-11-06,5.3597,0.05135447929539616,True,1.0,0.05135447929539616,0.36639504518669425,0,0.0,0.0,0.549913563770202,0,0.0,0.0,2.4994104061355866,0,0.0,0.0,0.7176116130873118,0,0.0,0.0,0.6674656342926812,0,0.0,0.0,0.7176116130873118,0,0.0,0.0,1.0,0,0.0,0.0,0.6469495080354902
2020-11-07,5.0771,-0.0527268317256564,False,1.0,-0.0527268317256564,0.3470761952940212,0,0.0,-0.0,0.549913563770202,0,0.0,-0.0,2.4994104061355866,0,0.0,-0.0,0.7176116130873118,0,0.0,-0.0,0.6674656342926812,0,0.0,-0.0,0.7176116130873118,0,0.0,-0.0,1.0,0,0.0,-0.0,0.6469495080354902
2020-11-08,5.1801,0.020287171810679405,False,1.0,0.020287171810679405,0.3541173896993479,0,0.0,0.0,0.549913563770202,0,0.0,0.0,2.4994104061355866,0,0.0,0.0,0.7176116130873118,0,0.0,0.0,0.6674656342926812,0,0.0,0.0,0.7176116130873118,0,0.0,0.0,1.0,0,0.0,0.0,0.6469495080354902
2020-11-09,5.0283,-0.029304453581977308,False,1.0,-0.029304453581977308,0.3437401730903324,0,0.0,-0.0,0.549913563770202,0,0.0,-0.0,2.4994104061355866,0,0.0,-0.0,0.7176116130873118,0,0.0,-0.0,0.6674656342926812,0,0.0,-0.0,0.7176116130873118,0,0.0,-0.0,1.0,0,0.0,-0.0,0.6469495080354902
2020-11-10,5.1324,0.02070282202732532,False,1.0,0.02070282202732532,0.3508565647174635,0,0.0,0.0,0.549913563770202,0,0.0,0.0,2.4994104061355866,0,0.0,0.0,0.7176116130873118,0,0.0,0.0,0.6674656342926812,0,0.0,0.0,0.7176116130873118,0,0.0,0.0,1.0,0,0.0,0.0,0.6469495080354902
2020-11-11,5.0917,-0.007930013249162093,False,1.0,-0.007930013249162093,0.34807426751069853,0,0.0,-0.0,0.549913563770202,0,0.0,-0.0,2.4994104061355866,0,0.0,-0.0,0.7176116130873118,0,0.0,-0.0,0.6674656342926812,0,0.0,-0.0,0.7176116130873118,0,0.0,-0.0,1.0,0,0.0,-0.0,0.6469495080354902
2020-11-12,5.0448,-0.009211068994638305,False,1.0,-0.009211068994638305,0.3448681314173993,0,0.0,-0.0,0.549913563770202,0,0.0,-0.0,2.4994104061355866,0,0.0,-0.0,0.7176116130873118,0,0.0,-0.0,0.6674656342926812,0,0.0,-0.0,0.7176116130873118,0,0.0,-0.0,1.0,0,0.0,-0.0,0.6469495080354902
2020-11-13,5.1344,0.01776086267047261,False,1.0,0.01776086267047261,0.35099328693892623,0,0.0,0.0,0.549913563770202,0,0.0,0.0,2.4994104061355866,0,0.0,0.0,0.7176116130873118,0,0.0,0.0,0.6674656342926812,0,0.0,0.0,0.7176116130873118,0,0.0,0.0,1.0,0,0.0,0.0,0.6469495080354902
2020-11-14,5.0333,-0.019690713617949607,False,1.0,-0.019690713617949607,0.34408197864398904,0,0.0,-0.0,0.549913563770202,0,0.0,-0.0,2.4994104061355866,0,0.0,-0.0,0.7176116130873118,0,0.0,-0.0,0.6674656342926812,0,0.0,-0.0,0.7176116130873118,0,0.0,-0.0,1.0,0,0.0,-0.0,0.6469495080354902
2020-11-15,5.0241,-0.0018278266743487759,False,1.0,-0.0018278266743487759,0.34345305642526086,0,0.0,-0.0,0.549913563770202,0,0.0,-0.0,2.4994104061355866,0,0.0,-0.0,0.7176116130873118,0,0.0,-0.0,0.6674656342926812,0,0.0,-0.0,0.7176116130873118,0,0.0,-0.0,1.0,0,0.0,-0.0,0.6469495080354902
2020-11-16,5.395,0.07382416751258924,False,1.0,0.07382416751258924,0.3688081923955101,0,0.0,0.0,0.549913563770202,0,0.0,0.0,2.4994104061355866,0,0.0,0.0,0.7176116130873118,0,0.0,0.0,0.6674656342926812,0,0.0,0.0,0.7176116130873118,0,0.0,0.0,1.0,0,0.0,0.0,0.6469495080354902
2020-11-17,5.7751,0.07045412418906416,True,1.0,0.07045412418906416,0.39479225058448764,0,0.0,0.0,0.549913563770202,0,0.0,0.0,2.4994104061355866,0,0.0,0.0,0.7176116130873118,0,0.0,0.0,0.6674656342926812,0,0.0,0.0,0.7176116130873118,0,0.0,0.0,1.0,0,0.0,0.0,0.6469495080354902
2020-11-18,6.0431,0.04640612283769974,True,1.0,0.04640612283769974,0.4131130282604833,0,0.0,0.0,0.549913563770202,0,0.0,0.0,2.4994104061355866,0,0.0,0.0,0.7176116130873118,0,0.0,0.0,0.6674656342926812,0,0.0,0.0,0.7176116130873118,0,0.0,0.0,1.0,0,0.0,0.0,0.6469495080354902
2020-11-19,5.9188,-0.02056891330608457,True,1.0,-0.02056891330608457,0.40461574219657936,0,0.0,-0.0,0.549913563770202,0,0.0,-0.0,2.4994104061355866,0,0.0,-0.0,0.7176116130873118,0,0.0,-0.0,0.6674656342926812,0,0.0,-0.0,0.7176116130873118,0,0.0,-0.0,1.0,0,0.0,-0.0,0.6469495080354902
2020-11-20,6.0635,0.024447523146583716,True,1.0,0.024447523146583716,0.41450759491940237,0,0.0,0.0,0.549913563770202,0,0.0,0.0,2.4994104061355866,0,0.0,0.0,0.7176116130873118,0,0.0,0.0,0.6674656342926812,0,0.0,0.0,0.7176116130873118,0,0.0,0.0,1.0,0,0.0,0.0,0.6469495080354902
2020-11-21,6.5853,0.08605590830378484,True,1.0,0.08605590830378484,0.45017842249900886,0,0.0,0.0,0.549913563770202,0,0.0,0.0,2.4994104061355866,0,0.0,0.0,0.7176116130873118,0,0.0,0.0,0.6674656342926812,0,0.0,0.0,0.7176116130873118,0,0.0,0.0,1.0,0,0.0,0.0,0.6469495080354902
2020-11-22,6.0316,-0.08408121118248224,True,1.0,-0.08408121118248224,0.412326875487073,0,0.0,-0.0,0.549913563770202,0,0.0,-0.0,2.4994104061355866,0,0.0,-0.0,0.7176116130873118,0,0.0,-0.0,0.6674656342926812,0,0.0,-0.0,0.7176116130873118,0,0.0,-0.0,1.0,0,0.0,-0.0,0.6469495080354902
2020-11-23,6.5685,0.08901452350951655,True,1.0,0.08901452350951655,0.4490299558387225,0,0.0,0.0,0.549913563770202,0,0.0,0.0,2.4994104061355866,0,0.0,0.0,0.7176116130873118,0,0.0,0.0,0.6674656342926812,0,0.0,0.0,0.7176116130873118,0,0.0,0.0,1.0,0,0.0,0.0,0.6469495080354902
2020-11-24,7.2767,0.10781761437162207,True,1.0,0.10781761437162207,0.4974432944586484,0,0.0,0.0,0.549913563770202,1,0.0,0.0,2.4994104061355866,0,0.0,0.0,0.7176116130873118,0,0.0,0.0,0.6674656342926812,0,0.0,0.0,0.7176116130873118,0,0.0,0.0,1.0,0,0.0,0.0,0.6469495080354902
2020-11-25,6.95,-0.044896725163879214,True,1.0,-0.044896725163879214,0.4751097195827238,0,0.0,-0.0,0.549913563770202,0,1.0,-0.045896725163879215,2.384695653653442,0,0.0,-0.0,0.7176116130873118,0,0.0,-0.0,0.6674656342926812,0,0.0,-0.0,0.7176116130873118,0,0.0,-0.0,1.0,0,0.0,-0.0,0.6469495080354902
2020-11-26,6.1404,-0.11648920863309364,True,1.0,-0.11648920863309364,0.41976456433464127,0,0.0,-0.0,0.549913563770202,1,1.0,-0.11648920863309364,2.1069043441285746,0,0.0,-0.0,0.7176116130873118,0,0.0,-0.0,0.6674656342926812,0,0.0,-0.0,0.7176116130873118,0,0.0,-0.0,1.0,0,0.0,-0.0,0.6469495080354902
2020-11-27,6.2115,0.011579050224741039,True,1.0,0.011579050224741039,0.4246250393076386,1,0.0,0.0,0.549913563770202,0,1.0,0.011579050224741039,2.1313002953479643,0,0.0,0.0,0.7176116130873118,0,0.0,0.0,0.6674656342926812,0,0.0,0.0,0.7176116130873118,0,0.0,0.0,1.0,0,0.0,0.0,0.6469495080354902
2020-11-28,6.3268,0.01856234403928214,True,1.0,0.01856234403928214,0.4325070753749607,1,1.0,0.01756234403928214,0.559571334969002,0,1.0,0.01856234403928214,2.170862224681237,0,0.0,0.0,0.7176116130873118,0,0.0,0.0,0.6674656342926812,0,0.0,0.0,0.7176116130873118,0,0.0,0.0,1.0,0,0.0,0.0,0.6469495080354902
2020-11-29,6.3926,0.01040020231396599,True,1.0,0.01040020231396599,0.437005236461082,1,1.0,0.01040020231396599,0.5653909900617756,0,1.0,0.01040020231396599,2.193439631013668,0,0.0,0.0,0.7176116130873118,0,0.0,0.0,0.6674656342926812,0,0.0,0.0,0.7176116130873118,0,0.0,0.0,1.0,0,0.0,0.0,0.6469495080354902
2020-11-30,6.7458,0.055251384413227855,True,1.0,0.055251384413227855,0.4611503807713868,1,1.0,0.055251384413227855,0.5966296249974543,0,1.0,0.055251384413227855,2.314630207254013,0,0.0,0.0,0.7176116130873118,0,0.0,0.0,0.6674656342926812,0,0.0,0.0,0.7176116130873118,0,0.0,0.0,1.0,0,0.0,0.0,0.6469495080354902
2020-12-01,6.1466,-0.0888256396572682,True,1.0,-0.0888256396572682,0.42018840322117557,1,1.0,-0.0888256396572682,0.5436336169185794,0,1.0,-0.0888256396572682,2.10903169852464,0,0.0,-0.0,0.7176116130873118,0,0.0,-0.0,0.6674656342926812,0,0.0,-0.0,0.7176116130873118,0,0.0,-0.0,1.0,0,0.0,-0.0,0.6469495080354902
2020-12-02,6.2376,0.014804932808381688,True,1.0,0.014804932808381688,0.42640926429772624,1,1.0,0.014804932808381688,0.5516820760894364,0,1.0,0.014804932808381688,2.1402557711120442,0,0.0,0.0,0.7176116130873118,0,0.0,0.0,0.6674656342926812,0,0.0,0.0,0.7176116130873118,0,0.0,0.0,1.0,0,0.0,0.0,0.6469495080354902
2020-12-03,6.587,0.05601513402590741,True,1.0,0.05601513402590741,0.450294636387252,1,1.0,0.05601513402590741,0.5825846215212771,0,1.0,0.05601513402590741,2.2601424849806073,0,0.0,0.0,0.7176116130873118,0,0.0,0.0,0.6674656342926812,0,0.0,0.0,0.7176116130873118,0,0.0,0.0,1.0,0,0.0,0.0,0.6469495080354902
2020-12-04,5.9515,-0.09647791103689074,True,1.0,-0.09647791103689074,0.4068511505174936,1,1.0,-0.09647791103689074,0.5263780742346866,0,1.0,-0.09647791103689074,2.042088659383951,0,0.0,-0.0,0.7176116130873118,0,0.0,-0.0,0.6674656342926812,0,0.0,-0.0,0.7176116130873118,0,0.0,-0.0,1.0,0,0.0,-0.0,0.6469495080354902
2020-12-05,6.1922,0.040443585650676184,True,1.0,0.040443585650676184,0.423305669870524,1,1.0,0.040443585650676184,0.5476666909646352,0,1.0,0.040443585650676184,2.1246780469860203,0,0.0,0.0,0.7176116130873118,0,0.0,0.0,0.6674656342926812,0,0.0,0.0,0.7176116130873118,0,0.0,0.0,1.0,0,0.0,0.0,0.6469495080354902
2020-12-06,6.1708,-0.003455960724782714,True,1.0,-0.003455960724782714,0.42184274210087364,1,1.0,-0.003455960724782714,0.5457739763903897,0,1.0,-0.003455960724782714,2.1173352431028287,0,0.0,-0.0,0.7176116130873118,0,0.0,-0.0,0.6674656342926812,0,0.0,-0.0,0.7176116130873118,0,0.0,-0.0,1.0,0,0.0,-0.0,0.6469495080354902
2020-12-07,6.1525,-0.00296557982757506,True,1.0,-0.00296557982757506,0.42059173377449033,1,1.0,-0.00296557982757506,0.5441554400955909,0,1.0,-0.00296557982757506,2.1110561164176693,0,0.0,-0.0,0.7176116130873118,0,0.0,-0.0,0.6674656342926812,0,0.0,-0.0,0.7176116130873118,0,0.0,-0.0,1.0,0,0.0,-0.0,0.6469495080354902
2020-12-08,5.7707,-0.06205607476635522,False,1.0,-0.06205607476635522,0.39449146169726956,0,1.0,-0.06205607476635522,0.5103872894205,0,1.0,-0.06205607476635522,1.980052260221283,0,0.0,-0.0,0.7176116130873118,0,0.0,-0.0,0.6674656342926812,0,0.0,-0.0,0.7176116130873118,0,0.0,-0.0,1.0,0,0.0,-0.0,0.6469495080354902
2020-12-09,6.0625,0.05056578924567212,True,1.0,0.05056578924567212,0.4144392338086708,1,1.0,0.05056578924567212,0.536195425531007,0,1.0,0.05056578924567212,2.080175165507049,0,0.0,0.0,0.7176116130873118,0,0.0,0.0,0.6674656342926812,0,0.0,0.0,0.7176116130873118,0,0.0,0.0,1.0,0,0.0,0.0,0.6469495080354902
2020-12-10,5.8918,-0.028156701030927822,False,1.0,-0.028156701030927822,0.4027699922068333,0,1.0,-0.028156701030927822,0.5210979312401792,0,1.0,-0.028156701030927822,2.0216042952799063,0,0.0,-0.0,0.7176116130873118,0,0.0,-0.0,0.6674656342926812,0,0.0,-0.0,0.7176116130873118,0,0.0,-0.0,1.0,0,0.0,-0.0,0.6469495080354902
2020-12-11,5.7895,-0.017363114837570803,False,1.0,-0.017363114837570803,0.39577665057901856,0,1.0,-0.017363114837570803,0.5120500480184355,0,1.0,-0.017363114837570803,1.9865029477448348,0,0.0,-0.0,0.7176116130873118,0,0.0,-0.0,0.6674656342926812,0,0.0,-0.0,0.7176116130873118,0,0.0,-0.0,1.0,0,0.0,-0.0,0.6469495080354902
2020-12-12,5.971,0.03134985750064767,False,1.0,0.03134985750064767,0.40818419217675445,0,1.0,0.03134985750064767,0.5281027440570132,0,1.0,0.03134985750064767,2.048779532081252,0,0.0,0.0,0.7176116130873118,0,0.0,0.0,0.6674656342926812,0,0.0,0.0,0.7176116130873118,0,0.0,0.0,1.0,0,0.0,0.0,0.6469495080354902
2020-12-13,6.1209,0.025104672584156607,False,1.0,0.025104672584156607,0.4184315226753803,0,1.0,0.025104672584156607,0.5413605905373592,0,1.0,0.025104672584156607,2.1002134714312737,0,0.0,0.0,0.7176116130873118,0,0.0,0.0,0.6674656342926812,0,0.0,0.0,0.7176116130873118,0,0.0,0.0,1.0,0,0.0,0.0,0.6469495080354902
2020-12-14,6.0388,-0.013413060170889834,False,1.0,-0.013413060170889834,0.4128190754843384,0,1.0,-0.013413060170889834,0.5340992883623331,0,1.0,-0.013413060170889834,2.0720431817672527,0,0.0,-0.0,0.7176116130873118,0,0.0,-0.0,0.6674656342926812,0,0.0,-0.0,0.7176116130873118,0,0.0,-0.0,1.0,0,0.0,-0.0,0.6469495080354902
2020-12-15,6.0499,0.00183811353248986,False,1.0,0.00183811353248986,0.4135778838134561,0,1.0,0.00183811353248986,0.5350810234919651,0,1.0,0.00183811353248986,2.0758518323795623,0,0.0,0.0,0.7176116130873118,0,0.0,0.0,0.6674656342926812,0,0.0,0.0,0.7176116130873118,0,0.0,0.0,1.0,0,0.0,0.0,0.6469495080354902
2020-12-16,6.4654,0.06867882113753931,True,1.0,0.06867882113753931,0.4419819253223225,1,1.0,0.06867882113753931,0.5718297573984612,0,1.0,0.06867882113753931,2.2184188890835914,0,0.0,0.0,0.7176116130873118,0,0.0,0.0,0.6674656342926812,0,0.0,0.0,0.7176116130873118,0,0.0,0.0,1.0,0,0.0,0.0,0.6469495080354902
2020-12-17,6.4786,0.0020416370216846946,True,1.0,0.0020416370216846946,0.44288429198397605,1,1.0,0.0020416370216846946,0.5729972262012669,0,0.0,-0.001,2.216200470194508,0,0.0,0.0,0.7176116130873118,0,0.0,0.0,0.6674656342926812,0,0.0,0.0,0.7176116130873118,0,0.0,0.0,1.0,0,0.0,0.0,0.6469495080354902
2020-12-18,6.3915,-0.013444262649337846,True,1.0,-0.013444262649337846,0.4369300392392774,1,1.0,-0.013444262649337846,0.5652937009948751,0,0.0,-0.0,2.216200470194508,0,0.0,-0.0,0.7176116130873118,0,0.0,-0.0,0.6674656342926812,0,0.0,-0.0,0.7176116130873118,0,0.0,-0.0,1.0,0,0.0,-0.0,0.6469495080354902
2020-12-19,6.4149,0.003661112414926171,True,1.0,0.003661112414926171,0.43852968923039054,1,1.0,0.003661112414926171,0.567363304781667,0,0.0,0.0,2.216200470194508,0,0.0,0.0,0.7176116130873118,0,0.0,0.0,0.6674656342926812,0,0.0,0.0,0.7176116130873118,0,0.0,0.0,1.0,0,0.0,0.0,0.6469495080354902
2020-12-20,6.4949,0.01247096603220621,False,1.0,0.01247096603220621,0.4439985780888967,0,1.0,0.01247096603220621,0.5744388732835194,0,0.0,0.0,2.216200470194508,0,0.0,0.0,0.7176116130873118,0,0.0,0.0,0.6674656342926812,0,0.0,0.0,0.7176116130873118,0,0.0,0.0,1.0,0,0.0,0.0,0.6469495080354902
2020-12-21,6.1075,-0.05964679979676368,False,1.0,-0.05964679979676368,0.41751548379158054,0,1.0,-0.05964679979676368,0.5401754328132988,0,0.0,-0.0,2.216200470194508,0,0.0,-0.0,0.7176116130873118,0,0.0,-0.0,0.6674656342926812,0,0.0,-0.0,0.7176116130873118,0,0.0,-0.0,1.0,0,0.0,-0.0,0.6469495080354902
2020-12-22,6.1198,0.0020139173147768474,False,1.0,0.0020139173147768474,0.4183563254535758,0,1.0,0.0020139173147768474,0.5412633014704586,0,0.0,0.0,2.216200470194508,0,0.0,0.0,0.7176116130873118,0,0.0,0.0,0.6674656342926812,0,0.0,0.0,0.7176116130873118,0,0.0,0.0,1.0,0,0.0,0.0,0.6469495080354902
2020-12-23,5.099,-0.16680283669400953,False,1.0,-0.16680283669400953,0.3485733036190371,0,1.0,-0.16680283669400953,0.45097904738682126,0,0.0,-0.0,2.216200470194508,0,0.0,-0.0,0.7176116130873118,0,0.0,-0.0,0.6674656342926812,0,0.0,-0.0,0.7176116130873118,0,0.0,-0.0,1.0,0,0.0,-0.0,0.6469495080354902
2020-12-24,5.6031,0.0988625220631496,False,1.0,0.0988625220631496,0.3830341395386991,0,1.0,0.0988625220631496,0.49556397340911906,0,0.0,0.0,2.216200470194508,0,0.0,0.0,0.7176116130873118,0,0.0,0.0,0.6674656342926812,0,0.0,0.0,0.7176116130873118,0,0.0,0.0,1.0,0,0.0,0.0,0.6469495080354902
2020-12-25,5.7568,0.02743124341882175,False,1.0,0.02743124341882175,0.39354124225810405,0,1.0,0.02743124341882175,0.5091579093933031,0,0.0,0.0,2.216200470194508,0,0.0,0.0,0.7176116130873118,0,0.0,0.0,0.6674656342926812,0,0.0,0.0,0.7176116130873118,0,0.0,0.0,1.0,0,0.0,0.0,0.6469495080354902
2020-12-26,5.8379,0.01408768760422463,False,1.0,0.01408768760422463,0.3990853283384147,0,1.0,0.01408768760422463,0.516330766962056,0,0.0,0.0,2.216200470194508,0,0.0,0.0,0.7176116130873118,0,0.0,0.0,0.6674656342926812,0,0.0,0.0,0.7176116130873118,0,0.0,0.0,1.0,0,0.0,0.0,0.6469495080354902
2020-12-27,5.8101,-0.004761986330701129,False,1.0,-0.004761986330701129,0.3971848894600838,0,1.0,-0.004761986330701129,0.5138720069076623,0,0.0,-0.0,2.216200470194508,0,0.0,-0.0,0.7176116130873118,0,0.0,-0.0,0.6674656342926812,0,0.0,-0.0,0.7176116130873118,0,0.0,-0.0,1.0,0,0.0,-0.0,0.6469495080354902
2020-12-28,5.9188,0.01870880019276777,True,1.0,0.01870880019276777,0.40461574219657903,1,1.0,0.01870880019276777,0.5234859356095544,0,0.0,0.0,2.216200470194508,0,0.0,0.0,0.7176116130873118,0,0.0,0.0,0.6674656342926812,0,0.0,0.0,0.7176116130873118,0,0.0,0.0,1.0,0,0.0,0.0,0.6469495080354902
2020-12-29,5.719,-0.03375684260323031,False,1.0,-0.03375684260323031,0.3909571922724599,0,1.0,-0.03375684260323031,0.5058147032761778,0,0.0,-0.0,2.216200470194508,0,0.0,-0.0,0.7176116130873118,0,0.0,-0.0,0.6674656342926812,0,0.0,-0.0,0.7176116130873118,0,0.0,-0.0,1.0,0,0.0,-0.0,0.6469495080354902
2020-12-30,5.6799,-0.006836859590837574,False,1.0,-0.006836859590837574,0.388284272842865,0,1.0,-0.006836859590837574,0.5023565191708974,0,0.0,-0.0,2.216200470194508,0,0.0,-0.0,0.7176116130873118,0,0.0,-0.0,0.6674656342926812,0,0.0,-0.0,0.7176116130873118,0,0.0,-0.0,1.0,0,0.0,-0.0,0.6469495080354902
2020-12-31,5.6562,-0.004172608672687872,False,1.0,-0.004172608672687872,0.38666411451853255,0,1.0,-0.004172608672687872,0.5002603820022237,0,0.0,-0.0,2.216200470194508,0,0.0,-0.0,0.7176116130873118,0,0.0,-0.0,0.6674656342926812,0,0.0,-0.0,0.7176116130873118,0,0.0,-0.0,1.0,0,0.0,-0.0,0.6469495080354902
2021-01-01,5.6938,0.006647572575227301,False,1.0,0.006647572575227301,0.3892344922820305,0,1.0,0.006647572575227301,0.5035858991980944,0,0.0,0.0,2.216200470194508,0,0.0,0.0,0.7176116130873118,0,0.0,0.0,0.6674656342926812,0,0.0,0.0,0.7176116130873118,0,0.0,0.0,1.0,0,0.0,0.0,0.6469495080354902
2021-01-02,5.7763,0.014489444659102846,False,1.0,0.014489444659102846,0.39487428391736495,0,1.0,0.014489444659102846,0.5108825792156297,0,0.0,0.0,2.216200470194508,0,0.0,0.0,0.7176116130873118,0,0.0,0.0,0.6674656342926812,0,0.0,0.0,0.7176116130873118,0,0.0,0.0,1.0,0,0.0,0.0,0.6469495080354902
2021-01-03,6.5678,0.13702543150459645,True,1.0,0.13702543150459645,0.4489821030612104,1,1.0,0.13702543150459645,0.5808864850808326,1,0.0,0.0,2.216200470194508,0,0.0,0.0,0.7176116130873118,0,0.0,0.0,0.6674656342926812,0,0.0,0.0,0.7176116130873118,0,0.0,0.0,1.0,1,0.0,0.0,0.6469495080354902
2021-01-04,7.0374,0.07150035019336753,True,1.0,0.07150035019336753,0.4810844806606416,1,1.0,0.07150035019336753,0.6224200721867065,1,1.0,0.07050035019336753,2.372443379441927,0,0.0,0.0,0.7176116130873118,0,0.0,0.0,0.6674656342926812,0,0.0,0.0,0.7176116130873118,0,0.0,0.0,1.0,1,1.0,0.07050035019336753,0.6925596749094192
2021-01-05,7.271,0.03319407735811519,True,1.0,0.03319407735811519,0.4970536361274796,1,1.0,0.03319407735811519,0.6430807322121157,1,1.0,0.03319407735811519,2.4511944485068704,0,0.0,0.0,0.7176116130873118,0,0.0,0.0,0.6674656342926812,0,0.0,0.0,0.7176116130873118,0,0.0,0.0,1.0,1,1.0,0.03319407735811519,0.7155485543334735
2021-01-06,7.5723,0.04143859166552066,True,1.0,0.04143859166552066,0.5176508387908285,1,1.0,0.04143859166552066,0.6697290920822176,1,1.0,0.04143859166552066,2.5527684943513376,0,0.0,0.0,0.7176116130873118,0,0.0,0.0,0.6674656342926812,0,0.0,0.0,0.7176116130873118,0,0.0,0.0,1.0,1,1.0,0.04143859166552066,0.7451998786933519
2021-01-07,7.2142,-0.04729078351359561,True,1.0,-0.04729078351359561,0.49317072503794024,1,1.0,-0.04729078351359561,0.6380570785758005,0,1.0,-0.04729078351359561,2.432046072124641,0,0.0,-0.0,0.7176116130873118,0,0.0,-0.0,0.6674656342926812,0,0.0,-0.0,0.7176116130873118,0,0.0,-0.0,1.0,0,1.0,-0.04729078351359561,0.7099587925557069
2021-01-08,6.9565,-0.035721216489700836,True,1.0,-0.035721216489700836,0.47555406680247725,1,1.0,-0.035721216489700836,0.6152649035392083,0,1.0,-0.035721216489700836,2.34517042786935,0,0.0,-0.0,0.7176116130873118,0,0.0,-0.0,0.6674656342926812,0,0.0,-0.0,0.7176116130873118,0,0.0,-0.0,1.0,0,1.0,-0.035721216489700836,0.6845982008280579
2021-01-09,7.763,0.11593473729605397,True,1.0,0.11593473729605397,0.5306873026072926,1,1.0,0.11593473729605397,0.6865954784985083,0,1.0,0.11593473729605397,2.617057145338858,0,0.0,0.0,0.7176116130873118,0,0.0,0.0,0.6674656342926812,0,0.0,0.0,0.7176116130873118,0,0.0,0.0,1.0,0,1.0,0.11593473729605397,0.76396691339441
2021-01-10,8.8346,0.13803941775086948,True,1.0,0.13803941775086948,0.6039430688669827,1,1.0,0.13803941775086948,0.781372718580822,1,1.0,0.13803941775086948,2.9783141899021865,0,0.0,0.0,0.7176116130873118,0,0.0,0.0,0.6674656342926812,0,0.0,0.0,0.7176116130873118,0,0.0,0.0,1.0,1,1.0,0.13803941775086948,0.8694244613003033
2021-01-11,7.2221,-0.18252099698911095,True,1.0,-0.18252099698911095,0.4937107778127177,1,1.0,-0.18252099698911095,0.6387557909653584,1,1.0,-0.18252099698911095,2.434709314614423,0,0.0,-0.0,0.7176116130873118,0,0.0,-0.0,0.6674656342926812,0,0.0,-0.0,0.7176116130873118,0,0.0,-0.0,1.0,1,1.0,-0.18252099698911095,0.7107362418170512
2021-01-12,7.0544,-0.023220392960496272,True,1.0,-0.023220392960496272,0.48224661954307413,1,1.0,-0.023220392960496272,0.6239236304933502,1,1.0,-0.023220392960496272,2.378174407584496,0,0.0,-0.0,0.7176116130873118,0,0.0,-0.0,0.6674656342926812,0,0.0,-0.0,0.7176116130873118,0,0.0,-0.0,1.0,1,1.0,-0.023220392960496272,0.694232666990793
2021-01-13,7.595,0.0766330233613064,True,1.0,0.0766330233613064,0.5192026360044296,1,1.0,0.0766330233613064,0.6717367846446182,0,1.0,0.0766330233613064,2.5604211025181796,0,0.0,0.0,0.7176116130873118,0,0.0,0.0,0.6674656342926812,0,0.0,0.0,0.7176116130873118,0,0.0,0.0,1.0,0,1.0,0.0766330233613064,0.7474338151784805
2021-01-14,7.788,0.025411454904542552,True,1.0,0.025411454904542552,0.5323963303755758,1,1.0,0.025411454904542552,0.6888065936553373,0,1.0,0.025411454904542552,2.6254851279014595,0,0.0,0.0,0.7176116130873118,0,0.0,0.0,0.6674656342926812,0,0.0,0.0,0.7176116130873118,0,0.0,0.0,1.0,0,1.0,0.025411454904542552,0.7664271958670187
2021-01-15,7.567,-0.02837699024139706,True,1.0,-0.02837699024139706,0.5172885249039525,1,1.0,-0.02837699024139706,0.6692603356689698,0,1.0,-0.02837699024139706,2.5509817620480666,0,0.0,-0.0,0.7176116130873118,0,0.0,-0.0,0.6674656342926812,0,0.0,-0.0,0.7176116130873118,0,0.0,-0.0,1.0,0,1.0,-0.02837699024139706,0.744678298809159
2021-01-16,7.7799,0.02813532443504685,True,1.0,0.02813532443504685,0.531842605378652,1,1.0,0.02813532443504685,0.6880901923445246,0,1.0,0.02813532443504685,2.6227544615511764,0,0.0,0.0,0.7176116130873118,0,0.0,0.0,0.6674656342926812,0,0.0,0.0,0.7176116130873118,0,0.0,0.0,1.0,0,1.0,0.02813532443504685,0.7656300643458935
2021-01-17,7.684,-0.012326636589159223,True,1.0,-0.012326636589159223,0.5252867748595178,1,1.0,-0.012326636589159223,0.679608354602929,0,1.0,-0.012326636589159223,2.590424720441039,0,0.0,-0.0,0.7176116130873118,0,0.0,-0.0,0.6674656342926812,0,0.0,-0.0,0.7176116130873118,0,0.0,-0.0,1.0,0,1.0,-0.012326636589159223,0.7561924207809672
2021-01-18,7.7078,0.003097345132743401,True,1.0,0.003097345132743401,0.5269137692949234,1,1.0,0.003097345132743401,0.6817133362322302,0,1.0,0.003097345132743401,2.5984481598406353,0,0.0,0.0,0.7176116130873118,0,0.0,0.0,0.6674656342926812,0,0.0,0.0,0.7176116130873118,0,0.0,0.0,1.0,0,1.0,0.003097345132743401,0.7585346096948905
2021-01-19,7.8177,0.014258283816393824,True,1.0,0.014258283816393824,0.5344266553642962,1,1.0,0.014258283816393824,0.6914333984616501,0,1.0,0.014258283816393824,2.6354975711858293,0,0.0,0.0,0.7176116130873118,0,0.0,0.0,0.6674656342926812,0,0.0,0.0,0.7176116130873118,0,0.0,0.0,1.0,0,1.0,0.014258283816393824,0.7693500114444778
2021-01-20,7.9,0.010527392967240923,True,1.0,0.010527392967240923,0.5400527747774844,1,1.0,0.010527392967240923,0.6987123895579308,0,1.0,0.010527392967240923,2.6632424897819114,0,0.0,0.0,0.7176116130873118,0,0.0,0.0,0.6674656342926812,0,0.0,0.0,0.7176116130873118,0,0.0,0.0,1.0,0,1.0,0.010527392967240923,0.7774492613443051
2021-01-21,7.1346,-0.09688607594936716,True,1.0,-0.09688607594936716,0.48772918062372655,1,1.0,-0.09688607594936716,0.6310168879164573,0,1.0,-0.09688607594936716,2.4052113756453193,0,0.0,-0.0,0.7176116130873118,0,0.0,-0.0,0.6674656342926812,0,0.0,-0.0,0.7176116130873118,0,0.0,-0.0,1.0,0,1.0,-0.09688607594936716,0.7021252531629214
2021-01-22,7.4292,0.04129173324362956,True,1.0,0.04129173324362956,0.5078683638451755,1,1.0,0.04129173324362956,0.6570726689245289,0,1.0,0.04129173324362956,2.504526722163009,0,0.0,0.0,0.7176116130873118,0,0.0,0.0,0.6674656342926812,0,0.0,0.0,0.7176116130873118,0,0.0,0.0,1.0,0,1.0,0.04129173324362956,0.7311172218201406
2021-01-23,7.4488,0.0026382383029128764,True,1.0,0.0026382383029128764,0.5092082416155096,1,1.0,0.0026382383029128764,0.6588061832074827,0,1.0,0.0026382383029128764,2.5111342604920885,0,0.0,0.0,0.7176116130873118,0,0.0,0.0,0.6674656342926812,0,0.0,0.0,0.7176116130873118,0,0.0,0.0,1.0,0,1.0,0.0026382383029128764,0.7330460832786657
2021-01-24,7.6294,0.02424551605627756,True,1.0,0.02424551605627756,0.5215542582135873,1,1.0,0.02424551605627756,0.6747792791004147,0,1.0,0.02424551605627756,2.5720180065243183,0,0.0,0.0,0.7176116130873118,0,0.0,0.0,0.6674656342926812,0,0.0,0.0,0.7176116130873118,0,0.0,0.0,1.0,0,1.0,0.02424551605627756,0.75081916386079
2021-01-25,7.4976,-0.01727527721708133,True,1.0,-0.01727527721708133,0.5125442638191983,1,1.0,-0.01727527721708133,0.6631222799936127,0,1.0,-0.01727527721708133,2.5275856824542857,0,0.0,-0.0,0.7176116130873118,0,0.0,-0.0,0.6674656342926812,0,0.0,-0.0,0.7176116130873118,0,0.0,-0.0,1.0,0,1.0,-0.01727527721708133,0.7378485546651976
2021-01-26,7.4342,-0.00845603926589844,False,1.0,-0.00845603926589844,0.5082101693988321,0,1.0,-0.00845603926589844,0.6575148919558946,0,1.0,-0.00845603926589844,2.5062123186755296,0,0.0,-0.0,0.7176116130873118,0,0.0,-0.0,0.6674656342926812,0,0.0,-0.0,0.7176116130873118,0,0.0,-0.0,1.0,0,1.0,-0.00845603926589844,0.7316092783146623
2021-01-27,6.8713,-0.07571762933469639,False,1.0,-0.07571762933469639,0.46972970016816806,0,1.0,-0.07571762933469639,0.6077294230847352,0,1.0,-0.07571762933469639,2.316447863296006,0,0.0,-0.0,0.7176116130873118,0,0.0,-0.0,0.6674656342926812,0,0.0,-0.0,0.7176116130873118,0,0.0,-0.0,1.0,0,1.0,-0.07571762933469639,0.6762135581614079
2021-01-28,7.6533,0.11380670324392761,True,1.0,0.11380670324392761,0.5231880887600658,1,1.0,0.11380670324392761,0.676893105190343,0,1.0,0.11380670324392761,2.5800751578541647,0,0.0,0.0,0.7176116130873118,0,0.0,0.0,0.6674656342926812,0,0.0,0.0,0.7176116130873118,0,0.0,0.0,1.0,0,1.0,0.11380670324392761,0.7531711939046036
2021-01-29,7.6132,-0.005239569858753734,False,1.0,-0.005239569858753734,0.5204468082197397,0,1.0,-0.005239569858753734,0.6733464764787894,0,1.0,-0.005239569858753734,2.5665566738237526,0,0.0,-0.0,0.7176116130873118,0,0.0,-0.0,0.6674656342926812,0,0.0,-0.0,0.7176116130873118,0,0.0,-0.0,1.0,0,1.0,-0.005239569858753734,0.7492249008185395
2021-01-30,7.5859,-0.003585877160720896,False,1.0,-0.003585877160720896,0.5185805498967744,0,1.0,-0.003585877160720896,0.6709319387275322,0,1.0,-0.003585877160720896,2.557353316865392,0,0.0,-0.0,0.7176116130873118,0,0.0,-0.0,0.6674656342926812,0,0.0,-0.0,0.7176116130873118,0,0.0,-0.0,1.0,0,1.0,-0.003585877160720896,0.7465382723584509
2021-01-31,7.4155,-0.02246272690122464,True,1.0,-0.02246272690122464,0.5069318166281562,1,1.0,-0.02246272690122464,0.6558609778185864,0,1.0,-0.02246272690122464,2.4999081877187037,0,0.0,-0.0,0.7176116130873118,0,0.0,-0.0,0.6674656342926812,0,0.0,-0.0,0.7176116130873118,0,0.0,-0.0,1.0,0,1.0,-0.02246272690122464,0.729768987025151
2021-02-01,7.5241,0.014645000337131675,True,1.0,0.014645000337131675,0.5143558332535784,1,1.0,0.014645000337131675,0.6654660620598511,0,1.0,0.014645000337131675,2.5365193439706424,0,0.0,0.0,0.7176116130873118,0,0.0,0.0,0.6674656342926812,0,0.0,0.0,0.7176116130873118,0,0.0,0.0,1.0,0,1.0,0.014645000337131675,0.7404564540861626
2021-02-02,7.7835,0.03447588415890279,True,1.0,0.03447588415890279,0.5320887053772847,1,1.0,0.03447588415890279,0.6884085929271078,0,0.0,-0.001,2.533982824626672,0,0.0,0.0,0.7176116130873118,0,0.0,0.0,0.6674656342926812,0,0.0,0.0,0.7176116130873118,0,0.0,0.0,1.0,0,0.0,-0.001,0.7397159976320764
2021-02-03,7.9413,0.020273655810367996,True,1.0,0.020273655810367996,0.542876088650688,1,1.0,0.020273655810367996,0.7023651517970116,0,0.0,0.0,2.533982824626672,0,0.0,0.0,0.7176116130873118,0,0.0,0.0,0.6674656342926812,0,0.0,0.0,0.7176116130873118,0,0.0,0.0,1.0,0,0.0,0.0,0.7397159976320764
2021-02-04,7.6584,-0.03562389029503987,True,1.0,-0.03562389029503987,0.5235367304247955,1,1.0,-0.03562389029503987,0.6773441726823358,0,0.0,-0.0,2.533982824626672,0,0.0,-0.0,0.7176116130873118,0,0.0,-0.0,0.6674656342926812,0,0.0,-0.0,0.7176116130873118,0,0.0,-0.0,1.0,0,0.0,-0.0,0.7397159976320764
2021-02-05,8.5174,0.11216442076673983,True,1.0,0.11216442076673983,0.5822589245430055,1,1.0,0.11216442076673983,0.7533180894709767,0,0.0,0.0,2.533982824626672,0,0.0,0.0,0.7176116130873118,0,0.0,0.0,0.6674656342926812,0,0.0,0.0,0.7176116130873118,0,0.0,0.0,1.0,0,0.0,0.0,0.7397159976320764
2021-02-06,8.7691,0.02955127151478143,True,1.0,0.02955127151478143,0.5994654161140806,1,1.0,0.02955127151478143,0.7755795968699299,0,0.0,0.0,2.533982824626672,0,0.0,0.0,0.7176116130873118,0,0.0,0.0,0.6674656342926812,0,0.0,0.0,0.7176116130873118,0,0.0,0.0,1.0,0,0.0,0.0,0.7397159976320764
2021-02-07,8.2787,-0.05592364096657576,True,1.0,-0.05592364096657576,0.5659411274114378,1,1.0,-0.05592364096657576,0.7322063619535745,0,0.0,-0.0,2.533982824626672,0,0.0,-0.0,0.7176116130873118,0,0.0,-0.0,0.6674656342926812,0,0.0,-0.0,0.7176116130873118,0,0.0,-0.0,1.0,0,0.0,-0.0,0.7397159976320764
2021-02-08,8.6941,0.05017696015074824,True,1.0,0.05017696015074824,0.594338332809231,1,1.0,0.05017696015074824,0.7689462513994433,0,0.0,0.0,2.533982824626672,0,0.0,0.0,0.7176116130873118,0,0.0,0.0,0.6674656342926812,0,0.0,0.0,0.7176116130873118,0,0.0,0.0,1.0,0,0.0,0.0,0.7397159976320764
2021-02-09,9.578,0.10166664749657794,True,1.0,0.10166664749657794,0.6547627185846508,1,1.0,0.10166664749657794,0.8471224388842855,0,0.0,0.0,2.533982824626672,0,0.0,0.0,0.7176116130873118,0,0.0,0.0,0.6674656342926812,0,0.0,0.0,0.7176116130873118,0,0.0,0.0,1.0,0,0.0,0.0,0.7397159976320764
2021-02-10,10.3754,0.08325328878680316,True,1.0,0.08325328878680316,0.7092738682818112,1,1.0,0.08325328878680316,0.9176481679265,1,0.0,0.0,2.533982824626672,0,0.0,0.0,0.7176116130873118,0,0.0,0.0,0.6674656342926812,0,0.0,0.0,0.7176116130873118,0,0.0,0.0,1.0,1,0.0,0.0,0.7397159976320764
2021-02-11,11.7205,0.12964319447924888,True,1.0,0.12964319447924888,0.8012263983265192,1,1.0,0.12964319447924888,1.0366150078245215,1,1.0,0.12864319447924888,2.8599624699421975,0,0.0,0.0,0.7176116130873118,0,0.0,0.0,0.6674656342926812,0,0.0,0.0,0.7176116130873118,0,0.0,0.0,1.0,1,1.0,0.12864319447924888,0.8348754265748713
2021-02-12,11.9265,0.017576041977731327,True,1.0,0.017576041977731327,0.8153087871371726,1,1.0,0.017576041977731327,1.0548345967167916,1,1.0,0.017576041977731327,2.9102292903686378,0,0.0,0.0,0.7176116130873118,0,0.0,0.0,0.6674656342926812,0,0.0,0.0,0.7176116130873118,0,0.0,0.0,1.0,1,1.0,0.017576041977731327,0.8495492321185276
2021-02-13,16.6377,0.3950194944032195,True,1.0,0.3950194944032195,1.1373716520146007,1,1.0,0.3950194944032195,1.4715148257908826,1,1.0,0.3950194944032195,4.0598265932474975,1,0.0,0.0,0.7176116130873118,1,0.0,0.0,0.6674656342926812,1,0.0,0.0,0.7176116130873118,0,0.0,0.0,1.0,1,1.0,0.3950194944032195,1.1851377402606318
2021-02-14,16.072,-0.03400109390120032,True,1.0,-0.03400109390120032,1.0986997716738889,1,1.0,-0.03400109390120032,1.4214817120221583,1,1.0,-0.03400109390120032,3.9217880480278993,1,1.0,-0.03500109390120032,0.692494421633051,1,1.0,-0.03500109390120032,0.6441036069509789,1,1.0,-0.03500109390120032,0.692494421633051,0,0.0,-0.0,1.0,1,1.0,-0.03400109390120032,1.1448417606681738
2021-02-15,14.6826,-0.08644848183175702,True,1.0,-0.08644848183175702,1.003718844423783,1,1.0,-0.08644848183175702,1.298596776066236,1,1.0,-0.08644848183175702,3.5827554252099576,1,1.0,-0.08644848183175702,0.632629330205913,1,1.0,-0.08644848183175702,0.588421827987708,1,1.0,-0.08644848183175702,0.632629330205913,0,0.0,-0.0,1.0,1,1.0,-0.08644848183175702,1.0458719285208145
2021-02-16,14.3907,-0.019880675084794297,True,1.0,-0.019880675084794297,0.9837642362013086,1,1.0,-0.019880675084794297,1.272779795495102,1,1.0,-0.019880675084794297,3.5115278286930742,0,1.0,-0.019880675084794297,0.6200522320429782,1,1.0,-0.019880675084794297,0.5767236048126837,0,1.0,-0.019880675084794297,0.6200522320429782,0,0.0,-0.0,1.0,1,1.0,-0.019880675084794297,1.025079288529585
2021-02-17,15.3015,0.0632908753570014,True,1.0,0.0632908753570014,1.0460275358554012,1,1.0,0.0632908753570014,1.3533351428886922,1,1.0,0.0632908753570014,3.7337754988115295,1,1.0,0.0632908753570014,0.6592958805760408,1,1.0,0.0632908753570014,0.6132249466003238,1,1.0,0.0632908753570014,0.6592958805760408,0,0.0,0.0,1.0,1,1.0,0.0632908753570014,1.0899574540109547
2021-02-18,14.9458,-0.023246086984936132,True,1.0,-0.023246086984936132,1.0217114887682681,1,1.0,-0.023246086984936132,1.3218753964373307,1,1.0,-0.023246086984936132,3.6469798287839335,1,1.0,-0.023246086984936132,0.6439698311873601,1,1.0,-0.023246086984936132,0.5989698661503199,1,1.0,-0.023246086984936132,0.6439698311873601,0,0.0,-0.0,1.0,1,1.0,-0.023246086984936132,1.0646202082251366
2021-02-19,15.3876,0.029560143986939513,True,1.0,0.029560143986939513,1.0519134274893684,1,1.0,0.029560143986939513,1.360950223488811,1,1.0,0.029560143986939513,3.7547850776402507,1,1.0,0.029560143986939513,0.6630056721205035,1,1.0,0.029560143986939513,0.6166755016375612,1,1.0,0.029560143986939513,0.6630056721205035,0,0.0,0.0,1.0,1,1.0,0.029560143986939513,1.0960905348716772
2021-02-20,15.0833,-0.01977566352127691,True,1.0,-0.01977566352127691,1.0311111414938257,1,1.0,-0.01977566352127691,1.3340365297998895,1,1.0,-0.01977566352127691,3.6805317113501257,1,1.0,-0.01977566352127691,0.6498942950359504,1,1.0,-0.01977566352127691,0.6044803344153622,1,1.0,-0.01977566352127691,0.6498942950359504,0,0.0,-0.0,1.0,1,1.0,-0.01977566352127691,1.0744146172651985
2021-02-21,15.669,0.03883102504093938,True,1.0,0.03883102504093938,1.071150244049164,1,1.0,0.03883102504093938,1.385838535694077,1,1.0,0.03883102504093938,3.8234505303975337,1,1.0,0.03883102504093938,0.6751303566804551,1,1.0,0.03883102504093938,0.6279529254178006,1,1.0,0.03883102504093938,0.6751303566804551,0,0.0,0.0,1.0,1,1.0,0.03883102504093938,1.1161352381725747
2021-02-22,13.9359,-0.11060693088263451,True,1.0,-0.11060693088263451,0.952673603040701,1,1.0,-0.11060693088263451,1.232555188562071,1,1.0,-0.11060693088263451,3.4005504018486814,0,1.0,-0.11060693088263451,0.6004562599823315,0,1.0,-0.11060693088263451,0.5584969795985657,0,1.0,-0.11060693088263451,0.6004562599823315,0,0.0,-0.0,1.0,1,1.0,-0.11060693088263451,0.9926829450283479
2021-02-23,11.3651,-0.18447319512912697,True,1.0,-0.18447319512912697,0.7769308595726053,1,1.0,-0.18447319512912697,1.005181794755042,1,1.0,-0.18447319512912697,2.7732400040220186,0,1.0,-0.18447319512912697,0.4896881751681051,0,1.0,-0.18447319512912697,0.45546925730205146,0,1.0,-0.18447319512912697,0.4896881751681051,0,0.0,-0.0,1.0,1,1.0,-0.18447319512912697,0.809559550408777
2021-02-24,11.8729,0.044680645132906927,True,1.0,0.044680645132906927,0.8116446316019732,1,1.0,0.044680645132906927,1.0500939658205506,1,1.0,0.044680645132906927,2.897150156510108,0,1.0,0.044680645132906927,0.511567758748572,0,1.0,0.044680645132906927,0.4758199175565131,0,1.0,0.044680645132906927,0.511567758748572,0,0.0,0.0,1.0,1,1.0,0.044680645132906927,0.8457311933945473
2021-02-25,11.039,-0.07023557850230355,True,1.0,-0.07023557850230355,0.7546383013631196,1,1.0,-0.07023557850230355,0.9763400086493661,1,1.0,-0.07023557850230355,2.6936671392595812,0,1.0,-0.07023557850230355,0.47563750126973914,0,1.0,-0.07023557850230355,0.442400430384013,0,1.0,-0.07023557850230355,0.47563750126973914,0,0.0,-0.0,1.0,1,1.0,-0.07023557850230355,0.7863307737690377
2021-02-26,10.7153,-0.02932330827067675,True,1.0,-0.02932330827067675,0.732509809819389,1,1.0,-0.02932330827067675,0.9477104895987455,1,1.0,-0.02932330827067675,2.6146799073564804,0,1.0,-0.02932330827067675,0.4616902361949122,0,1.0,-0.02932330827067675,0.4294277861847825,0,1.0,-0.02932330827067675,0.4616902361949122,0,0.0,-0.0,1.0,1,1.0,-0.02932330827067675,0.7632729540870884
2021-02-27,11.0991,0.035817942568103556,True,1.0,0.035817942568103556,0.7587468041180723,1,1.0,0.035817942568103556,0.9816555294863827,1,1.0,0.035817942568103556,2.708332362112149,0,1.0,0.035817942568103556,0.4782270305591957,0,1.0,0.035817942568103556,0.4448090059674969,0,1.0,0.035817942568103556,0.4782270305591957,0,0.0,0.0,1.0,1,1.0,0.035817942568103556,0.7906118209203664
2021-02-28,10.3656,-0.06608643944103565,True,1.0,-0.06608643944103565,0.708603929396644,1,1.0,-0.06608643944103565,0.9167814107850231,1,1.0,-0.06608643944103565,2.5293483194772275,0,1.0,-0.06608643944103565,0.4466227088650791,0,1.0,-0.06608643944103565,0.41541316253179866,0,1.0,-0.06608643944103565,0.4466227088650791,0,0.0,-0.0,1.0,1,1.0,-0.06608643944103565,0.7383631006957457
2021-03-01,11.0783,0.068756270741684,True,1.0,0.068756270741684,0.7573248930148607,1,1.0,0.068756270741684,0.9798158816759012,0,1.0,0.068756270741684,2.7032568773312273,0,1.0,0.068756270741684,0.4773308207551908,0,1.0,0.068756270741684,0.44397542240449417,0,1.0,0.068756270741684,0.4773308207551908,0,0.0,0.0,1.0,0,1.0,0.068756270741684,0.7891301939528517
2021-03-02,10.9081,-0.0153633680257802,True,1.0,-0.0153633680257802,0.7456898319683888,1,1.0,-0.0153633680257802,0.96476260968821,0,1.0,-0.0153633680257802,2.6617257470565665,0,1.0,-0.0153633680257802,0.46999741168588105,0,1.0,-0.0153633680257802,0.4371544645956927,0,1.0,-0.0153633680257802,0.46999741168588105,0,0.0,-0.0,1.0,0,1.0,-0.0153633680257802,0.7770064963628986
2021-03-03,11.2516,0.03149036037440078,False,1.0,0.03149036037440078,0.7691718735045997,0,1.0,0.03149036037440078,0.9951433319430392,0,1.0,0.03149036037440078,2.745544450049199,0,1.0,0.03149036037440078,0.48479779955490504,0,1.0,0.03149036037440078,0.4509206162250893,0,1.0,0.03149036037440078,0.48479779955490504,0,0.0,0.0,1.0,0,1.0,0.03149036037440078,0.8014747109466168
2021-03-04,11.0004,-0.022325713676277115,False,1.0,-0.022325713676277115,0.7519995624888903,0,1.0,-0.022325713676277115,0.9729260468472225,0,1.0,-0.022325713676277115,2.684248210771909,0,1.0,-0.022325713676277115,0.47397434269115307,0,1.0,-0.022325713676277115,0.4408534916565175,0,1.0,-0.022325713676277115,0.47397434269115307,0,0.0,-0.0,1.0,0,1.0,-0.022325713676277115,0.7835812160312456
2021-03-05,10.9437,-0.005154358023344741,False,1.0,-0.005154358023344741,0.748123487510424,0,1.0,-0.005154358023344741,0.9679112376715344,0,1.0,-0.005154358023344741,2.6704126344700683,0,1.0,-0.005154358023344741,0.4715313092350434,0,1.0,-0.005154358023344741,0.4385811749246782,0,1.0,-0.005154358023344741,0.4715313092350434,0,0.0,-0.0,1.0,0,1.0,-0.005154358023344741,0.7795423579034527
2021-03-06,11.1134,0.015506638522620353,False,1.0,0.015506638522620353,0.7597243680015302,0,1.0,0.015506638522620353,0.9829202873560889,0,1.0,0.015506638522620353,2.711821757899034,0,1.0,0.015506638522620353,0.4788431747994491,0,1.0,0.015506638522620353,0.4453820946670613,0,1.0,0.015506638522620353,0.4788431747994491,0,0.0,0.0,1.0,0,1.0,0.015506638522620353,0.7916304394605327
2021-03-07,11.5466,0.03897997012615395,False,1.0,0.03897997012615395,0.789338401170341,0,1.0,0.03897997012615395,1.02123449079362,0,1.0,0.03897997012615395,2.8175284890093923,0,1.0,0.03897997012615395,0.49750846744824434,0,1.0,0.03897997012615395,0.46274307541190723,0,1.0,0.03897997012615395,0.49750846744824434,0,0.0,0.0,1.0,0,1.0,0.03897997012615395,0.8224881703416583
2021-03-08,11.7082,0.013995461867562842,False,1.0,0.013995461867562842,0.8003855566645236,0,1.0,0.013995461867562842,1.035527139167362,0,1.0,0.013995461867562842,2.8569611015380953,0,1.0,0.013995461867562842,0.5044713282332058,0,1.0,0.013995461867562842,0.46921937847831335,0,1.0,0.013995461867562842,0.5044713282332058,0,0.0,0.0,1.0,0,1.0,0.013995461867562842,0.8339992721661965
2021-03-09,12.3956,0.0587109888795887,False,1.0,0.0587109888795887,0.8473769841812379,0,1.0,0.0587109888795887,1.0963239615195293,0,1.0,0.0587109888795887,3.024696112999916,0,1.0,0.0587109888795887,0.534089338775177,0,1.0,0.0587109888795887,0.49676771219024113,0,1.0,0.0587109888795887,0.534089338775177,0,0.0,0.0,1.0,0,1.0,0.0587109888795887,0.8829641941599311
2021-03-10,11.958,-0.03530284939817352,False,1.0,-0.03530284939817352,0.8174621621252092,0,1.0,-0.03530284939817352,1.0576206018143963,0,1.0,-0.03530284939817352,2.9179157216474394,0,1.0,-0.03530284939817352,0.5152344632832268,0,1.0,-0.03530284939817352,0.47923039646091387,0,1.0,-0.03530284939817352,0.5152344632832268,0,0.0,-0.0,1.0,0,1.0,-0.03530284939817352,0.8517930421895235
2021-03-11,12.2593,0.025196521157384133,False,1.0,0.025196521157384133,0.838059364788558,0,1.0,0.025196521157384133,1.084268961684498,0,1.0,0.025196521157384133,2.991437046863393,0,1.0,0.025196521157384133,0.5282165793383561,0,1.0,0.025196521157384133,0.49130533528460285,0,1.0,0.025196521157384133,0.5282165793383561,0,0.0,0.0,1.0,0,1.0,0.025196521157384133,0.8732552635987644
2021-03-12,11.9365,-0.026331030319838744,False,1.0,-0.026331030319838744,0.8159923982444857,0,1.0,-0.026331030319838744,1.0557190427795236,0,1.0,-0.026331030319838744,2.912669427282544,0,1.0,-0.026331030319838744,0.5143080925723563,0,1.0,-0.026331030319838744,0.4783687596049254,0,1.0,-0.026331030319838744,0.5143080925723563,0,0.0,-0.0,1.0,0,1.0,-0.026331030319838744,0.8502615527759866
2021-03-13,13.7733,0.15388095337829344,False,1.0,0.15388095337829344,0.9415580864357872,0,1.0,0.15388095337829344,1.218174095582056,0,1.0,0.15388095337829344,3.36087377562859,0,1.0,0.15388095337829344,0.5934503121875622,0,1.0,0.15388095337829344,0.5519806003993231,0,1.0,0.15388095337829344,0.5934503121875622,0,0.0,0.0,1.0,0,1.0,0.15388095337829344,0.9811006111380636
2021-03-14,12.7214,-0.07637240167570603,False,1.0,-0.07637240167570603,0.8696490340575042,0,1.0,-0.07637240167570603,1.1251392142433232,0,1.0,-0.07637240167570603,3.104195773654937,0,0.0,-0.001,0.5928568618753746,0,0.0,-0.001,0.5514286197989238,0,0.0,-0.001,0.5928568618753746,0,0.0,-0.0,1.0,0,1.0,-0.07637240167570603,0.9061716011799468
2021-03-15,12.156,-0.044444793812001726,True,1.0,-0.044444793812001726,0.8309976620500119,1,1.0,-0.044444793812001726,1.075132633856481,0,1.0,-0.044444793812001726,2.9662304325427558,0,0.0,-0.0,0.5928568618753746,0,0.0,-0.0,0.5514286197989238,0,0.0,-0.0,0.5928568618753746,0,0.0,-0.0,1.0,0,1.0,-0.044444793812001726,0.8658969912072125
2021-03-16,12.4297,0.022515630141493936,True,1.0,0.022515630141493936,0.8497080980571762,1,1.0,0.022515630141493936,1.0993399225934437,0,1.0,0.022515630141493936,3.033016979876332,0,0.0,0.0,0.5928568618753746,0,0.0,0.0,0.5514286197989238,0,0.0,0.0,0.5928568618753746,0,0.0,0.0,1.0,0,1.0,0.022515630141493936,0.8853932076018666
2021-03-17,12.5671,0.011054168644456297,True,1.0,0.011054168644456297,0.8591009146716604,1,1.0,0.011054168644456297,1.1114922114953751,0,1.0,0.011054168644456297,3.0665444610733843,0,0.0,0.0,0.5928568618753746,0,0.0,0.0,0.5514286197989238,0,0.0,0.0,0.5928568618753746,0,0.0,0.0,1.0,0,1.0,0.011054168644456297,0.8951804934353537
2021-03-18,12.169,-0.031677952749639915,True,1.0,-0.031677952749639915,0.8318863564895191,1,1.0,-0.031677952749639915,1.0762824137380318,0,1.0,-0.031677952749639915,2.9694026105308318,0,0.0,-0.0,0.5928568618753746,0,0.0,-0.0,0.5514286197989238,0,0.0,-0.0,0.5928568618753746,0,0.0,-0.0,1.0,0,1.0,-0.031677952749639915,0.8668230080619092
2021-03-19,12.2569,0.007223272249157642,True,1.0,0.007223272249157642,0.8378952981228027,1,1.0,0.007223272249157642,1.084056694629442,0,1.0,0.007223272249157642,2.990851414004055,0,0.0,0.0,0.5928568618753746,0,0.0,0.0,0.5514286197989238,0,0.0,0.0,0.5928568618753746,0,0.0,0.0,1.0,0,1.0,0.007223272249157642,0.8730843066409741
2021-03-20,12.3108,0.0043975230278456845,True,1.0,0.0043975230278456845,0.8415799619912214,1,1.0,0.0043975230278456845,1.0888238589075654,0,1.0,0.0043975230278456845,3.0040037519700027,0,0.0,0.0,0.5928568618753746,0,0.0,0.0,0.5514286197989238,0,0.0,0.0,0.5928568618753746,0,0.0,0.0,1.0,0,1.0,0.0043975230278456845,0.8769237149846785
2021-03-21,11.9811,-0.0267813627059168,True,1.0,-0.0267813627059168,0.8190413037831028,1,1.0,-0.0267813627059168,1.0596636722193058,0,0.0,-0.001,3.0009997482180326,0,0.0,-0.0,0.5928568618753746,0,0.0,-0.0,0.5514286197989238,0,0.0,-0.0,0.5928568618753746,0,0.0,-0.0,1.0,0,0.0,-0.001,0.8760467912696938
2021-03-22,11.6556,-0.027167789268097264,True,1.0,-0.027167789268097264,0.7967897622400558,1,1.0,-0.027167789268097264,1.0308749528773935,0,0.0,-0.0,3.0009997482180326,0,0.0,-0.0,0.5928568618753746,0,0.0,-0.0,0.5514286197989238,0,0.0,-0.0,0.5928568618753746,0,0.0,-0.0,1.0,0,0.0,-0.0,0.8760467912696938
2021-03-23,12.2413,0.05025052335358127,True,1.0,0.05025052335358127,0.8368288647953942,1,1.0,0.05025052335358127,1.082676958771581,0,0.0,0.0,3.0009997482180326,0,0.0,0.0,0.5928568618753746,0,0.0,0.0,0.5514286197989238,0,0.0,0.0,0.5928568618753746,0,0.0,0.0,1.0,0,0.0,0.0,0.8760467912696938
2021-03-24,11.292,-0.07754895313406263,True,1.0,-0.07754895313406263,0.7719336623781453,1,1.0,-0.07754895313406263,0.9987164940364742,0,0.0,-0.0,3.0009997482180326,0,0.0,-0.0,0.5928568618753746,0,0.0,-0.0,0.5514286197989238,0,0.0,-0.0,0.5928568618753746,0,0.0,-0.0,1.0,0,0.0,-0.0,0.8760467912696938
2021-03-25,11.0876,-0.018101310662415826,True,1.0,-0.018101310662415826,0.7579606513446621,1,1.0,-0.018101310662415826,0.9806384165142412,0,0.0,-0.0,3.0009997482180326,0,0.0,-0.0,0.5928568618753746,0,0.0,-0.0,0.5514286197989238,0,0.0,-0.0,0.5928568618753746,0,0.0,-0.0,1.0,0,0.0,-0.0,0.8760467912696938
2021-03-26,11.7593,0.06058118979761162,True,1.0,0.06058118979761162,0.8038788094228944,1,1.0,0.06058118979761162,1.0400466585479198,0,0.0,0.0,3.0009997482180326,0,0.0,0.0,0.5928568618753746,0,0.0,0.0,0.5514286197989238,0,0.0,0.0,0.5928568618753746,0,0.0,0.0,1.0,0,0.0,0.0,0.8760467912696938
2021-03-27,11.7927,0.002840305120202835,True,1.0,0.002840305120202835,0.8061620705213207,1,1.0,0.002840305120202835,1.0430007083974433,0,0.0,0.0,3.0009997482180326,0,0.0,0.0,0.5928568618753746,0,0.0,0.0,0.5514286197989238,0,0.0,0.0,0.5928568618753746,0,0.0,0.0,1.0,0,0.0,0.0,0.8760467912696938
2021-03-28,11.8644,0.0060800325625174345,True,1.0,0.0060800325625174345,0.8110635621607568,1,1.0,0.0060800325625174345,1.0493421866672286,0,0.0,0.0,3.0009997482180326,0,0.0,0.0,0.5928568618753746,0,0.0,0.0,0.5514286197989238,0,0.0,0.0,0.5928568618753746,0,0.0,0.0,1.0,0,0.0,0.0,0.8760467912696938
2021-03-29,12.6381,0.06521189440679676,True,1.0,0.06521189440679676,0.8639545535335845,1,1.0,0.06521189440679676,1.117771778540769,0,0.0,0.0,3.0009997482180326,0,0.0,0.0,0.5928568618753746,0,0.0,0.0,0.5514286197989238,0,0.0,0.0,0.5928568618753746,0,0.0,0.0,1.0,0,0.0,0.0,0.8760467912696938
2021-03-30,13.016,0.02990164660827177,True,1.0,0.02990164660827177,0.889788217278953,1,1.0,0.02990164660827177,1.1511949952513945,0,0.0,0.0,3.0009997482180326,0,0.0,0.0,0.5928568618753746,0,0.0,0.0,0.5514286197989238,0,0.0,0.0,0.5928568618753746,0,0.0,0.0,1.0,0,0.0,0.0,0.8760467912696938
2021-03-31,14.1287,0.0854870928088507,True,1.0,0.0854870928088507,0.9658536251897006,1,1.0,0.0854870928088507,1.249607308651535,0,0.0,0.0,3.0009997482180326,0,0.0,0.0,0.5928568618753746,0,0.0,0.0,0.5514286197989238,0,0.0,0.0,0.5928568618753746,0,0.0,0.0,1.0,0,0.0,0.0,0.8760467912696938
2021-04-01,14.315,0.013185926518363367,True,1.0,0.013185926518363367,0.9785893001189468,1,1.0,0.013185926518363367,1.2660845388002238,0,0.0,0.0,3.0009997482180326,0,0.0,0.0,0.5928568618753746,0,0.0,0.0,0.5514286197989238,0,0.0,0.0,0.5928568618753746,0,0.0,0.0,1.0,0,0.0,0.0,0.8760467912696938
2021-04-02,15.2454,0.06499476074048216,True,1.0,0.06499476074048216,1.0421924775433737,1,1.0,0.06499476074048216,1.348373400476768,0,0.0,0.0,3.0009997482180326,1,0.0,0.0,0.5928568618753746,1,0.0,0.0,0.5514286197989238,1,0.0,0.0,0.5928568618753746,0,0.0,0.0,1.0,1,0.0,0.0,0.8760467912696938
2021-04-03,13.571,-0.10982985031550507,True,1.0,-0.10982985031550507,0.9277286337348396,1,1.0,-0.10982985031550507,1.200281751732996,1,0.0,-0.0,3.0009997482180326,0,1.0,-0.11082985031550507,0.5271506246152068,0,1.0,-0.11082985031550507,0.4903138684069235,0,1.0,-0.11082985031550507,0.5271506246152068,0,0.0,-0.0,1.0,1,1.0,-0.11082985031550507,0.7789546565238951
2021-04-04,14.5489,0.07205806499152612,True,1.0,0.07205806499152612,0.9945789639190044,1,1.0,0.07205806499152612,1.286771732207515,0,1.0,0.07105806499152612,3.2142449833664632,0,1.0,0.07205806499152612,0.5651360785840529,0,1.0,0.07205806499152612,0.5256449370028362,0,1.0,0.07205806499152612,0.5651360785840529,0,0.0,0.0,1.0,0,1.0,0.07205806499152612,0.8350846217891458
2021-04-05,16.0744,0.1048532878774342,True,1.0,0.1048532878774342,1.0988638383396439,1,1.0,0.1048532878774342,1.4216939790772143,0,1.0,0.1048532878774342,3.5512691379159858,1,1.0,0.1048532878774342,0.6243924545217509,1,1.0,0.1048532878774342,0.5807605369037103,1,1.0,0.1048532878774342,0.6243924545217509,0,0.0,0.0,1.0,1,1.0,0.1048532878774342,0.9226459900396213
2021-04-06,17.7329,0.10317647937092511,True,1.0,0.10317647937092511,1.2122407404875497,1,1.0,0.10317647937092511,1.5683793585812429,1,1.0,0.10317647937092511,3.9176765848647777,1,1.0,0.10317647937092511,0.6888150697250756,1,1.0,0.10317647937092511,0.6406813644590034,1,1.0,0.10317647937092511,0.6888150697250756,0,0.0,0.0,1.0,1,1.0,0.10317647937092511,1.017841354997611
2021-04-07,19.1937,0.08237795284471239,True,1.0,0.08237795284471239,1.3121026510438722,1,1.0,0.08237795284471239,1.6975792394250688,1,1.0,0.08237795284471239,4.2404067618336025,1,1.0,0.08237795284471239,0.7455582450576151,1,1.0,0.08237795284471239,0.6934593836888931,1,1.0,0.08237795284471239,0.7455582450576151,0,0.0,0.0,1.0,1,1.0,0.08237795284471239,1.1016890421430023
2021-04-08,19.6292,0.022689736736533295,True,1.0,0.022689736736533295,1.341873914767365,1,1.0,0.022689736736533295,1.7360968654570281,1,1.0,0.022689736736533295,4.3366204749154225,1,1.0,0.022689736736533295,0.7624747653597242,1,1.0,0.022689736736533295,0.7091937945422727,1,1.0,0.022689736736533295,0.7624747653597242,0,0.0,0.0,1.0,1,1.0,0.022689736736533295,1.1266860764747506
2021-04-09,18.7707,-0.04373586289813136,True,1.0,-0.04373586289813136,1.2831859012045208,1,1.0,-0.04373586289813136,1.660167170971524,0,1.0,-0.04373586289813136,4.146954636383292,1,1.0,-0.04373586289813136,0.7291272735586665,1,1.0,-0.04373586289813136,0.6781765919759664,1,1.0,-0.04373586289813136,0.7291272735586665,0,0.0,-0.0,1.0,1,1.0,-0.04373586289813136,1.0774094887048173
2021-04-10,20.4439,0.08913892396127987,True,1.0,0.08913892396127987,1.397567711680177,1,1.0,0.08913892396127987,1.8081526861877677,1,1.0,0.08913892396127987,4.5166097103867395,1,1.0,0.08913892396127987,0.7941208941545077,1,1.0,0.08913892396127987,0.738628523640432,1,1.0,0.08913892396127987,0.7941208941545077,0,0.0,0.0,1.0,1,1.0,0.08913892396127987,1.1734486111936375
2021-04-11,20.3709,-0.0035707472644652682,True,1.0,-0.0035707472644652682,1.39257735059679,1,1.0,-0.0035707472644652682,1.8016962299298271,1,1.0,-0.0035707472644652682,4.500482038618719,1,1.0,-0.0035707472644652682,0.7912852891440508,1,1.0,-0.0035707472644652682,0.7359910678601869,1,1.0,-0.0035707472644652682,0.7912852891440508,0,0.0,-0.0,1.0,1,1.0,-0.0035707472644652682,1.1692585227752272
2021-04-12,19.5225,-0.04164764443397184,True,1.0,-0.04164764443397184,1.3345797842523324,1,1.0,-0.04164764443397184,1.7266598259676822,0,1.0,-0.04164764443397184,4.31304756289285,1,1.0,-0.04164764443397184,0.7583301207759467,1,1.0,-0.04164764443397184,0.7053387735593666,1,1.0,-0.04164764443397184,0.7583301207759467,0,0.0,-0.0,1.0,1,1.0,-0.04164764443397184,1.1205616595672934
2021-04-13,21.2069,0.08627993341016782,True,1.0,0.08627993341016782,1.4497272391681797,1,1.0,0.08627993341016782,1.8756359207741857,1,1.0,0.08627993341016782,4.685177019414131,1,1.0,0.08627993341016782,0.8237587930994199,1,1.0,0.08627993341016782,0.7661953559736782,1,1.0,0.08627993341016782,0.8237587930994199,0,0.0,0.0,1.0,1,1.0,0.08627993341016782,1.2172436449367465
2021-04-14,21.9193,0.03359284006620489,True,1.0,0.03359284006620489,1.4984276944531771,1,1.0,0.03359284006620489,1.938643858283182,1,1.0,0.03359284006620489,4.8425654217091685,1,1.0,0.03359284006620489,0.8514311904891387,1,1.0,0.03359284006620489,0.7919340340263709,1,1.0,0.03359284006620489,0.8514311904891387,0,0.0,0.0,1.0,1,1.0,0.03359284006620489,1.258134316022711
2021-04-15,28.6129,0.30537471543343075,True,1.0,0.30537471543343075,1.956009625244388,1,1.0,0.30537471543343075,2.530656674833177,1,1.0,0.30537471543343075,6.321362459331377,1,1.0,0.30537471543343075,1.1114367479959066,1,1.0,0.30537471543343075,1.0337706643092228,1,1.0,0.30537471543343075,1.1114367479959066,0,0.0,0.0,1.0,1,1.0,0.30537471543343075,1.6423367247551803
2021-04-16,38.2734,0.3376274337798686,True,1.0,0.3376274337798686,2.616412135464373,1,1.0,0.3376274337798686,3.385075793734998,1,1.0,0.3376274337798686,8.455627844467829,1,1.0,0.3376274337798686,1.486688285030407,1,1.0,0.3376274337798686,1.3828000008168557,1,1.0,0.3376274337798686,1.486688285030407,0,0.0,0.0,1.0,1,1.0,0.3376274337798686,2.1968346585367065
2021-04-17,37.7258,-0.014307586992532761,True,1.0,-0.014307586992532761,2.5789775912278983,1,1.0,-0.014307586992532761,3.3366435273398176,1,1.0,-0.014307586992532761,8.334648213506624,1,1.0,-0.014307586992532761,1.4654173630615552,1,1.0,-0.014307586992532761,1.3630154695118941,1,1.0,-0.014307586992532761,1.4654173630615552,0,0.0,-0.0,1.0,1,1.0,-0.014307586992532761,2.1654032555514817
2021-04-18,37.0728,-0.01730910941583741,True,1.0,-0.01730910941583741,2.534337785920342,1,1.0,-0.01730910941583741,3.278889199443447,1,1.0,-0.01730910941583741,8.190382875636523,1,1.0,-0.01730910941583741,1.4400522935844549,1,1.0,-0.01730910941583741,1.3394228856146337,1,1.0,-0.01730910941583741,1.4400522935844549,0,0.0,-0.0,1.0,1,1.0,-0.01730910941583741,2.1279220536717305
2021-04-19,33.4166,-0.09862217043223054,True,1.0,-0.09862217043223054,2.284395892864464,1,1.0,-0.09862217043223054,2.9555180299875357,1,1.0,-0.09862217043223054,7.382629539770275,1,1.0,-0.09862217043223054,1.2980312108552443,1,1.0,-0.09862217043223054,1.2073260935087173,1,1.0,-0.09862217043223054,1.2980312108552443,0,0.0,-0.0,1.0,1,1.0,-0.09862217043223054,1.9180617622280152
2021-04-20,33.739,0.009647899546931571,True,1.0,0.009647899546931571,2.3064355149642437,1,1.0,0.009647899546931571,2.9840325710500006,1,1.0,0.009647899546931571,7.4538564079621885,1,1.0,0.009647899546931571,1.3105544855863576,1,1.0,0.009647899546931571,1.2189742543792788,1,1.0,0.009647899546931571,1.3105544855863576,0,0.0,0.0,1.0,1,1.0,0.009647899546931571,1.9365670294348016
2021-04-21,31.9236,-0.053807166780283855,True,1.0,-0.053807166780283855,2.1823327545425926,1,1.0,-0.053807166780283855,2.823470232821714,1,1.0,-0.053807166780283855,7.0527855130626795,1,1.0,-0.053807166780283855,1.2400372618057633,1,1.0,-0.053807166780283855,1.1533847033730207,1,1.0,-0.053807166780283855,1.2400372618057633,0,0.0,-0.0,1.0,1,1.0,-0.053807166780283855,1.8323658443008044
2021-04-22,33.5104,0.049706173489205474,True,1.0,0.049706173489205474,2.2908081650510623,1,1.0,0.049706173489205474,2.963814134055957,1,1.0,0.049706173489205474,7.403352493357128,1,1.0,0.049706173489205474,1.30167476907416,1,1.0,0.049706173489205474,1.2107150435386758,1,1.0,0.049706173489205474,1.30167476907416,0,0.0,0.0,1.0,1,1.0,0.049706173489205474,1.9234457388533146
2021-04-23,32.6158,-0.026696189839572115,True,1.0,-0.026696189839572115,2.229652315390817,1,1.0,-0.026696189839572115,2.8846915892839924,1,1.0,-0.026696189839572115,7.205711189745197,1,1.0,-0.026696189839572115,1.266925012329575,1,1.0,-0.026696189839572115,1.1783935648947415,1,1.0,-0.026696189839572115,1.266925012329575,0,0.0,-0.0,1.0,1,1.0,-0.026696189839572115,1.8720970662627705
2021-04-24,29.6577,-0.09069530718240859,True,1.0,-0.09069530718240859,2.0274333137364784,1,1.0,-0.09069530718240859,2.62306359946737,1,1.0,-0.09069530718240859,6.552186999923538,1,1.0,-0.09069530718240859,1.1520208591592673,1,1.0,-0.09069530718240859,1.0715187985448393,1,1.0,-0.09069530718240859,1.1520208591592673,0,0.0,-0.0,1.0,1,1.0,-0.09069530718240859,1.7023066477627826
2021-04-25,29.315,-0.011555177913324277,True,1.0,-0.011555177913324277,2.0040059610888528,1,1.0,-0.011555177913324277,2.59275363289756,1,1.0,-0.011555177913324277,6.47647531341805,1,1.0,-0.011555177913324277,1.1387090531718214,1,1.0,-0.011555177913324277,1.0591372081901822,1,1.0,-0.011555177913324277,1.1387090531718214,0,0.0,-0.0,1.0,1,1.0,-0.011555177913324277,1.6826361915848491
2021-04-26,32.825,0.11973392461197352,True,1.0,0.11973392461197352,2.243953459755811,1,1.0,0.11973392461197352,2.9031942009163365,1,1.0,0.11973392461197352,7.251929120346155,1,1.0,0.11973392461197352,1.275051157099268,1,1.0,0.11973392461197352,1.1859518628293615,1,1.0,0.11973392461197352,1.275051157099268,0,0.0,0.0,1.0,1,1.0,0.11973392461197352,1.8841048264974476
2021-04-27,33.803,0.0297943640517897,True,1.0,0.0297943640517897,2.310810626051049,1,1.0,0.0297943640517897,2.9896930258514827,1,1.0,0.0297943640517897,7.467995736635523,1,1.0,0.0297943640517897,1.3130404954585393,1,1.0,0.0297943640517897,1.2212865443783976,1,1.0,0.0297943640517897,1.3130404954585393,0,0.0,0.0,1.0,1,1.0,0.0297943640517897,1.9402405316098466
2021-04-28,35.061,0.03721563174866138,True,1.0,0.03721563174866138,2.3968089033510585,1,1.0,0.03721563174866138,3.1009563405431124,1,1.0,0.03721563174866138,7.745921915870724,1,1.0,0.03721563174866138,1.3619061270086041,1,1.0,0.03721563174866138,1.2667374946735792,1,1.0,0.03721563174866138,1.3619061270086041,0,0.0,0.0,1.0,1,1.0,0.03721563174866138,2.0124478087380657
2021-04-29,34.529,-0.015173554661874866,True,1.0,-0.015173554661874866,2.360440792441993,1,1.0,-0.015173554661874866,3.053903810005794,1,1.0,-0.015173554661874866,7.628388746273646,1,1.0,-0.015173554661874866,1.3412411699460969,1,1.0,-0.015173554661874866,1.2475165840559033,1,1.0,-0.015173554661874866,1.3412411699460969,0,0.0,-0.0,1.0,1,1.0,-0.015173554661874866,1.9819118219080083
2021-04-30,36.317,0.051782559587592925,True,1.0,0.051782559587592925,2.4826704584296055,1,1.0,0.051782559587592925,3.212042766022196,1,1.0,0.051782559587592925,8.023406241084883,1,1.0,0.051782559587592925,1.4106940707501634,1,1.0,0.051782559587592925,1.3121161859062884,1,1.0,0.051782559587592925,1.4106940707501634,0,0.0,0.0,1.0,1,1.0,0.051782559587592925,2.0845402889233147
2021-05-01,44.706,0.23099374948371287,True,1.0,0.23099374948371287,3.0561518163547086,1,1.0,0.23099374948371287,3.9540045680476994,1,1.0,0.23099374948371287,9.876762932344104,1,1.0,0.23099374948371287,1.7365555835271858,1,1.0,0.23099374948371287,1.6152068234470505,1,1.0,0.23099374948371287,1.7365555835271858,0,0.0,0.0,1.0,1,1.0,0.23099374948371287,2.5660560662115732
2021-05-02,44.92,0.004786829508343304,True,1.0,0.004786829508343304,3.0707810940512124,1,1.0,0.004786829508343304,3.9729317137901545,1,1.0,0.004786829508343304,9.924041312595559,1,1.0,0.004786829508343304,1.744868179037292,1,1.0,0.004786829508343304,1.6229385431316043,1,1.0,0.004786829508343304,1.744868179037292,0,0.0,0.0,1.0,1,1.0,0.004786829508343304,2.578339339109378
2021-05-03,52.037,0.15843722172751562,True,1.0,0.15843722172751562,3.5573071191260675,1,1.0,0.15843722172751562,4.602391976636204,1,1.0,0.15843722172751562,11.496378846472286,1,1.0,0.15843722172751562,2.0213202456047097,1,1.0,0.15843722172751562,1.8800724169398775,1,1.0,0.15843722172751562,2.0213202456047097,0,0.0,0.0,1.0,1,1.0,0.15843722172751562,2.9868442606686267
2021-05-04,69.249,0.3307646482310662,True,1.0,0.3307646482310662,4.733938557033668,1,1.0,0.3307646482310662,6.124700539809759,1,1.0,0.3307646482310662,15.298974551556762,1,1.0,0.3307646482310662,2.689901525604484,1,1.0,0.3307646482310662,2.5019339085779264,1,1.0,0.3307646482310662,2.689901525604484,0,0.0,0.0,1.0,1,1.0,0.3307646482310662,3.9747867518696642
2021-05-05,93.962,0.3568715793729875,True,1.0,0.3568715793729875,6.423346686536955,1,1.0,0.3568715793729875,8.310432094638257,1,1.0,0.3568715793729875,20.758743762557966,1,1.0,0.3568715793729875,3.6498509314047647,1,1.0,0.3568715793729875,3.394803014018963,1,1.0,0.3568715793729875,3.6498509314047647,0,0.0,0.0,1.0,1,1.0,0.3568715793729875,5.393275177680218
2021-05-06,133.864,0.42466103318362736,True,1.0,0.42466103318362736,9.151091726938368,1,1.0,0.42466103318362736,11.839548774149716,1,1.0,0.42466103318362736,29.574173336360012,1,1.0,0.42466103318362736,5.199800398901337,1,1.0,0.42466103318362736,4.836443569407148,1,1.0,0.42466103318362736,5.199800398901337,0,0.0,0.0,1.0,1,1.0,0.42466103318362736,7.683588986877511
2021-05-07,119.763,-0.10533825375007466,True,1.0,-0.10533825375007466,8.187131704515926,1,1.0,-0.10533825375007466,10.592391381091948,1,1.0,-0.10533825375007466,26.45888156100583,1,1.0,-0.10533825375007466,4.652062505032128,1,1.0,-0.10533825375007466,4.326981049445021,1,1.0,-0.10533825375007466,4.652062505032128,0,0.0,-0.0,1.0,1,1.0,-0.10533825375007466,6.874213140466528
2021-05-08,127.317,0.06307457228025348,True,1.0,0.06307457228025348,8.703531534980371,1,1.0,0.06307457228025348,11.260501936879367,1,1.0,0.06307457228025348,28.127764198480158,1,1.0,0.06307457228025348,4.945489357758034,1,1.0,0.06307457228025348,4.599903528403528,1,1.0,0.06307457228025348,4.945489357758034,0,0.0,0.0,1.0,1,1.0,0.06307457228025348,7.307801194064752
2021-05-09,117.904,-0.07393356739477053,True,1.0,-0.07393356739477053,8.060048399666389,1,1.0,-0.07393356739477053,10.427972858030152,1,1.0,-0.07393356739477053,26.048178248447613,1,1.0,-0.07393356739477053,4.57985168702611,1,1.0,-0.07393356739477053,4.259816250876863,1,1.0,-0.07393356739477053,4.57985168702611,0,0.0,-0.0,1.0,1,1.0,-0.07393356739477053,6.767509381975781
2021-05-10,105.094,-0.10864771339394763,True,1.0,-0.10864771339394763,7.184342571198089,1,1.0,-0.10864771339394763,9.294997451671028,1,1.0,-0.10864771339394763,23.218103243675817,1,1.0,-0.10864771339394763,4.08226127354731,1,1.0,-0.10864771339394763,3.7969969557407133,1,1.0,-0.10864771339394763,4.08226127354731,0,0.0,-0.0,1.0,1,1.0,-0.10864771339394763,6.032234962252025
2021-05-11,111.173,0.057843454431271146,True,1.0,0.057843454431271146,7.599909763333827,1,1.0,0.057843454431271146,9.832652213205543,1,1.0,0.057843454431271146,24.561118540631927,1,1.0,0.057843454431271146,4.318393367500287,1,1.0,0.057843454431271146,4.016628376125777,1,1.0,0.057843454431271146,4.318393367500287,0,0.0,0.0,1.0,1,1.0,0.057843454431271146,6.3811602704097705
2021-05-12,84.996,-0.2354618477508028,True,1.0,-0.2354618477508028,5.810420967719877,1,1.0,-0.2354618477508028,7.5174377547931455,1,1.0,-0.2354618477508028,18.77791218622823,1,1.0,-0.2354618477508028,3.3015764858738574,1,1.0,-0.2354618477508028,3.0708656369548946,1,1.0,-0.2354618477508028,3.3015764858738574,0,0.0,-0.0,1.0,1,1.0,-0.2354618477508028,4.878640482345073
2021-05-13,88.383,0.039848934067485464,True,1.0,0.039848934067485464,6.041960049766882,1,1.0,0.039848934067485464,7.816999636240324,1,1.0,0.039848934067485464,19.52619197086227,1,1.0,0.039848934067485464,3.4331407895782053,1,1.0,0.039848934067485464,3.1932363592520168,1,1.0,0.039848934067485464,3.4331407895782053,0,0.0,0.0,1.0,1,1.0,0.039848934067485464,5.0730491052650075
2021-05-14,103.313,0.16892388807802416,True,1.0,0.16892388807802416,7.062591432985596,1,1.0,0.16892388807802416,9.13747760789854,1,1.0,0.16892388807802416,22.824632237938225,1,1.0,0.16892388807802416,4.013080280073013,1,1.0,0.16892388807802416,3.732650260608982,1,1.0,0.16892388807802416,4.013080280073013,0,0.0,0.0,1.0,1,1.0,0.16892388807802416,5.930008284537115
2021-05-15,95.088,-0.07961243986719979,True,1.0,-0.07961243986719979,6.50032129722043,1,1.0,-0.07961243986719979,8.410020721301832,1,1.0,-0.07961243986719979,21.007507576404418,1,1.0,-0.07961243986719979,3.6935891675934553,1,1.0,-0.07961243986719979,3.435484866190962,1,1.0,-0.07961243986719979,3.6935891675934553,0,0.0,-0.0,1.0,1,1.0,-0.07961243986719979,5.457905856572407
2021-05-16,93.859,-0.012924869594480914,True,1.0,-0.012924869594480914,6.416305492131629,1,1.0,-0.012924869594480914,8.301322300192123,1,1.0,-0.012924869594480914,20.73598828047432,1,1.0,-0.012924869594480914,3.6458500092667228,1,1.0,-0.012924869594480914,3.391081672301631,1,1.0,-0.012924869594480914,3.6458500092667228,0,0.0,-0.0,1.0,1,1.0,-0.012924869594480914,5.387363135117255
2021-05-17,89.677,-0.044556195996121706,True,1.0,-0.044556195996121706,6.13041932705322,1,1.0,-0.044556195996121706,7.931446956757786,1,1.0,-0.044556195996121706,19.812071522476224,1,1.0,-0.044556195996121706,3.4834048016813726,1,1.0,-0.044556195996121706,3.2399879726717034,1,1.0,-0.044556195996121706,3.4834048016813726,0,0.0,-0.0,1.0,1,1.0,-0.044556195996121706,5.1473227273666895
2021-05-18,88.577,-0.012266244410495508,True,1.0,-0.012266244410495508,6.05522210524876,1,1.0,-0.012266244410495508,7.834157889857314,1,1.0,-0.012266244410495508,19.56905181090331,1,1.0,-0.012266244410495508,3.4406765070032552,1,1.0,-0.012266244410495508,3.2002454883118463,1,1.0,-0.012266244410495508,3.4406765070032552,0,0.0,-0.0,1.0,1,1.0,-0.012266244410495508,5.084184408733111
2021-05-19,59.436,-0.32899059575284784,True,1.0,-0.32899059575284784,4.063110977427157,1,1.0,-0.32899059575284784,5.256793618451283,1,1.0,-0.32899059575284784,13.131017797315884,1,1.0,-0.32899059575284784,2.3087262931714267,1,1.0,-0.32899059575284784,2.1473948185567684,1,1.0,-0.32899059575284784,2.3087262931714267,0,0.0,-0.0,1.0,1,1.0,-0.32899059575284784,3.4115355511866645
2021-05-20,73.744,0.24072952419409122,True,1.0,0.24072952419409122,5.041221749770985,1,1.0,0.24072952419409122,6.522259045007596,1,1.0,0.24072952419409122,16.29204146384788,1,1.0,0.24072952419409122,2.8645048752209723,1,1.0,0.24072952419409122,2.6643361514847963,1,1.0,0.24072952419409122,2.8645048752209723,0,0.0,0.0,1.0,1,1.0,0.24072952419409122,4.232792881195057
2021-05-21,64.167,-0.12986819266652205,True,1.0,-0.12986819266652205,4.386527392297065,1,1.0,-0.12986819266652205,5.675225050729583,1,1.0,-0.12986819266652205,14.176223484089919,1,1.0,-0.12986819266652205,2.492496804191583,1,1.0,-0.12986819266652205,2.3183236308353887,1,1.0,-0.12986819266652205,2.492496804191583,0,0.0,-0.0,1.0,1,1.0,-0.12986819266652205,3.6830877197825345
2021-05-22,58.498,-0.088347592999517,True,1.0,-0.088347592999517,3.9989882555611715,1,1.0,-0.088347592999517,5.173832577767063,1,1.0,-0.088347592999517,12.923788261447347,1,1.0,-0.088347592999517,2.2722907109822685,1,1.0,-0.088347592999517,2.1135053182571815,1,1.0,-0.088347592999517,2.2722907109822685,1,0.0,-0.0,1.0,1,1.0,-0.088347592999517,3.357695784933668
2021-05-23,51.553,-0.11872200759000306,False,1.0,-0.11872200759000306,3.524220341532105,0,1.0,-0.11872200759000306,4.559584787199996,0,1.0,-0.11872200759000306,11.389450173380203,0,1.0,-0.11872200759000306,2.002519795946338,0,1.0,-0.11872200759000306,1.8625857238215404,0,1.0,-0.11872200759000306,2.002519795946338,0,1.0,-0.11972200759000307,0.8802779924099969,0,1.0,-0.11872200759000306,2.9590634004698515
2021-05-24,73.711,0.4298100983453921,True,1.0,0.4298100983453921,5.03896583311685,1,1.0,0.4298100983453921,6.5193403730005794,1,1.0,0.4298100983453921,16.28475087250069,1,1.0,0.4298100983453921,2.863223026380628,1,1.0,0.4298100983453921,2.663143876954,1,1.0,0.4298100983453921,2.863223026380628,1,1.0,0.4298100983453921,1.258630362899022,1,1.0,0.4298100983453921,4.2308987316360485
2021-05-25,78.364,0.06312490673033877,False,1.0,0.06312490673033877,5.3570500813497155,0,1.0,0.06312490673033877,6.930873125989573,0,1.0,0.06312490673033877,17.3127242524541,0,1.0,0.06312490673033877,3.0439637128690635,0,1.0,0.06312490673033877,2.8312545857961937,0,1.0,0.06312490673033877,3.0439637128690635,0,1.0,0.06312490673033877,1.3380812871649952,0,1.0,0.06312490673033877,4.4979738194560825
2021-05-26,79.886,0.019422183655760206,False,1.0,0.019422183655760206,5.461095691882795,0,1.0,0.019422183655760206,7.065485816737315,0,1.0,0.019422183655760206,17.648975162466797,0,1.0,0.019422183655760206,3.1030841351418763,0,1.0,0.019422183655760206,2.8862437323377406,0,1.0,0.019422183655760206,3.1030841351418763,0,1.0,0.019422183655760206,1.3640697476706498,0,1.0,0.019422183655760206,4.58533429305636
2021-05-27,74.596,-0.06621936259169303,False,1.0,-0.06621936259169303,5.099465416114075,0,1.0,-0.06621936259169303,6.597613849552323,0,1.0,-0.06621936259169303,16.480271276811624,0,1.0,-0.06621936259169303,2.8975998816443864,0,1.0,-0.06621936259169303,2.6951185120980665,0,1.0,-0.06621936259169303,2.8975998816443864,0,1.0,-0.06621936259169303,1.2737419184492877,0,1.0,-0.06621936259169303,4.281696378900336
2021-05-28,68.199,-0.0857552683790016,False,1.0,-0.0857552683790016,4.662159390765775,0,1.0,-0.0857552683790016,6.031833703222945,0,1.0,-0.0857552683790016,15.067001190509892,0,1.0,-0.0857552683790016,2.6491154261390086,0,1.0,-0.0857552683790016,2.4639979007798813,0,1.0,-0.0857552683790016,2.6491154261390086,0,1.0,-0.0857552683790016,1.1645118383870847,0,1.0,-0.0857552683790016,3.9145183568103383
2021-05-29,64.293,-0.05727356706110043,False,1.0,-0.05727356706110043,4.395140892249213,0,1.0,-0.05727356706110043,5.686369071120001,0,1.0,-0.05727356706110043,14.204060287415544,0,1.0,-0.05727356706110043,2.4973911361274403,0,1.0,-0.05727356706110043,2.322875951771154,0,1.0,-0.05727356706110043,2.4973911361274403,0,1.0,-0.05727356706110043,1.0978160915177766,0,1.0,-0.05727356706110043,3.6903199271896527
2021-05-30,66.124,0.02847899460283365,False,1.0,0.02847899460283365,4.520310085998272,0,1.0,0.02847899460283365,5.848311145206147,0,1.0,0.02847899460283365,14.608577643679174,0,1.0,0.02847899460283365,2.5685143248143785,0,1.0,0.02847899460283365,2.389029123464697,0,1.0,0.02847899460283365,2.5685143248143785,0,1.0,0.02847899460283365,1.1290807900630153,0,1.0,0.02847899460283365,3.795416528478816
2021-05-31,70.019,0.05890448248744806,False,1.0,0.05890448248744806,4.786576612296792,0,1.0,0.05890448248744806,6.192802886640091,0,1.0,0.05890448248744806,15.469088349657799,0,1.0,0.05890448248744806,2.7198113318791663,0,1.0,0.05890448248744806,2.5297536476298266,0,1.0,0.05890448248744806,2.7198113318791663,0,1.0,0.05890448248744806,1.1955887096881963,0,1.0,0.05890448248744806,4.018983574913167
2021-06-01,67.765,-0.03219126237164205,False,1.0,-0.03219126237164205,4.632490668708381,0,1.0,-0.03219126237164205,5.993448744100397,0,1.0,-0.03219126237164205,14.971118867943854,0,1.0,-0.03219126237164205,2.6322571716932788,0,1.0,-0.03219126237164205,2.4483176842233565,0,1.0,-0.03219126237164205,2.6322571716932788,0,1.0,-0.03219126237164205,1.1571011998460505,0,1.0,-0.03219126237164205,3.8896074201858175
2021-06-02,68.403,0.009414889692319184,False,1.0,0.009414889692319184,4.6761050573549685,0,1.0,0.009414889692319184,6.0498764029026715,0,1.0,0.009414889692319184,15.112070300656145,0,1.0,0.009414889692319184,2.657039582606587,0,1.0,0.009414889692319184,2.4713683251520737,0,1.0,0.009414889692319184,2.657039582606587,0,1.0,0.009414889692319184,1.1679951800054513,0,1.0,0.009414889692319184,3.9262276449932934
2021-06-03,69.864,0.02135871233717812,False,1.0,0.02135871233717812,4.7759806401334375,0,1.0,0.02135871233717812,6.179093972667752,0,1.0,0.02135871233717812,15.434844663027071,0,1.0,0.02135871233717812,2.713790526719977,0,1.0,0.02135871233717812,2.5241535702882105,0,1.0,0.02135871233717812,2.713790526719977,0,1.0,0.02135871233717812,1.1929420530663983,0,1.0,0.02135871233717812,4.0100868118329815
2021-06-04,64.72,-0.07362876445665878,False,1.0,-0.07362876445665878,4.42433108653149,0,1.0,-0.07362876445665878,5.724134917998637,0,1.0,-0.07362876445665878,14.298396120907935,0,1.0,-0.07362876445665878,2.5139774832433996,0,1.0,-0.07362876445665878,2.3383032616090254,0,1.0,-0.07362876445665878,2.5139774832433996,0,1.0,-0.07362876445665878,1.1051072036307295,0,1.0,-0.07362876445665878,3.7148290745137773
2021-06-05,63.122,-0.024690976514215035,False,1.0,-0.024690976514215035,4.315090031582829,0,1.0,-0.024690976514215035,5.582800437174135,0,1.0,-0.024690976514215035,13.945354758095654,0,1.0,-0.024690976514215035,2.4519049242473714,0,1.0,-0.024690976514215035,2.2805682706935246,0,1.0,-0.024690976514215035,2.4519049242473714,0,1.0,-0.024690976514215035,1.0778210276201932,0,1.0,-0.024690976514215035,3.6231063170806346
2021-06-06,64.086,0.015272012927346923,False,1.0,0.015272012927346923,4.380990142327828,0,1.0,0.015272012927346923,5.668061037621456,0,1.0,0.015272012927346923,14.15832839623773,0,1.0,0.015272012927346923,2.489350447947103,0,1.0,0.015272012927346923,2.3153971388052534,0,1.0,0.015272012927346923,2.489350447947103,0,1.0,0.015272012927346923,1.0942815242873751,0,1.0,0.015272012927346923,3.6784384435922424
2021-06-07,58.01,-0.09481009892956338,False,1.0,-0.09481009892956338,3.965628033524285,0,1.0,-0.09481009892956338,5.130671609905762,0,1.0,-0.09481009892956338,12.815975880313184,0,1.0,-0.09481009892956338,2.2533348857068853,0,1.0,-0.09481009892956338,2.0958741070138993,0,1.0,-0.09481009892956338,2.2533348857068853,0,1.0,-0.09481009892956338,0.9905325847128956,0,1.0,-0.09481009892956338,3.3296853308489527
2021-06-08,56.681,-0.02290984313049471,False,1.0,-0.02290984313049471,3.874776117362351,0,1.0,-0.02290984313049471,5.013128728168738,0,1.0,-0.02290984313049471,12.522363883331005,0,1.0,-0.02290984313049471,2.2017113369548693,0,1.0,-0.02290984313049471,2.047857960000945,0,1.0,-0.02290984313049471,2.2017113369548693,0,1.0,-0.02290984313049471,0.9678396385814797,0,1.0,-0.02290984313049471,3.253402762245294
2021-06-09,62.32,0.09948660044812208,False,1.0,0.09948660044812208,4.260264420776305,0,1.0,0.09948660044812208,5.511867862943063,0,1.0,0.09948660044812208,13.768171295657952,0,1.0,0.09948660044812208,2.420752113036599,0,1.0,0.09948660044812208,2.2515923866420655,0,1.0,0.09948660044812208,2.420752113036599,0,1.0,0.09948660044812208,1.0641267140028903,0,1.0,0.09948660044812208,3.5770727429496083
2021-06-10,57.894,-0.07102053915275996,False,1.0,-0.07102053915275996,3.957698144679451,0,1.0,-0.07102053915275996,5.1204120355780764,0,1.0,-0.07102053915275996,12.79034834709277,0,1.0,-0.07102053915275996,2.2488289928135567,0,1.0,-0.07102053915275996,2.0916830813904963,0,1.0,-0.07102053915275996,2.2488289928135567,0,1.0,-0.07102053915275996,0.9885518610475502,0,1.0,-0.07102053915275996,3.323027108156685
2021-06-11,56.865,-0.017773862576432764,False,1.0,-0.017773862576432764,3.8873545617369154,0,1.0,-0.017773862576432764,5.0294025357229994,0,1.0,-0.017773862576432764,12.56301445326684,0,1.0,-0.017773862576432764,2.208858615337391,0,1.0,-0.017773862576432764,2.054505793748412,0,1.0,-0.017773862576432764,2.208858615337391,0,1.0,-0.017773862576432764,0.9709814761196142,0,1.0,-0.017773862576432764,3.2639640809985475
2021-06-12,55.195,-0.029367800932032062,True,1.0,-0.029367800932032062,3.773191506815599,1,1.0,-0.029367800932032062,4.881700043246829,0,1.0,-0.029367800932032062,12.194066345697058,0,1.0,-0.029367800932032062,2.1439892952351585,0,1.0,-0.029367800932032062,1.9941694765839022,0,1.0,-0.029367800932032062,2.1439892952351585,1,1.0,-0.029367800932032062,0.9424658854202427,1,1.0,-0.029367800932032062,3.168108633618479
2021-06-13,58.998,0.06890116858411077,False,1.0,0.06890116858411077,4.033168810926836,0,1.0,0.06890116858411077,5.218054880903639,0,1.0,0.06890116858411077,13.034251766707763,0,1.0,0.06890116858411077,2.291712663108685,0,1.0,0.06890116858411077,2.131570083875298,0,1.0,0.06890116858411077,2.291712663108685,0,1.0,0.06890116858411077,1.007402886276356,0,1.0,0.06890116858411077,3.386395020676203
2021-06-14,59.304,0.005186616495474583,False,1.0,0.005186616495474583,4.054087310810623,0,1.0,0.005186616495474583,5.245118930423226,0,0.0,-0.001,13.021217514941055,0,0.0,-0.001,2.2894209504455763,0,0.0,-0.001,2.1294385137914227,0,0.0,-0.001,2.2894209504455763,0,1.0,0.005186616495474583,1.0126278987039057,0,1.0,0.005186616495474583,3.403958952950635
2021-06-15,58.154,-0.019391609334952098,False,1.0,-0.019391609334952098,3.9754720334695963,0,1.0,-0.019391609334952098,5.143407633209097,0,0.0,-0.0,13.021217514941055,0,0.0,-0.0,2.2894209504455763,0,0.0,-0.0,2.1294385137914227,0,0.0,-0.0,2.2894209504455763,0,1.0,-0.019391609334952098,0.9929914140905661,0,1.0,-0.019391609334952098,3.337950710742804
2021-06-16,55.351,-0.048199607937545186,False,1.0,-0.048199607937545186,3.7838558400896862,0,1.0,-0.048199607937545186,4.895497401825442,0,0.0,-0.0,13.021217514941055,0,0.0,-0.0,2.2894209504455763,0,0.0,-0.0,2.1294385137914227,0,0.0,-0.0,2.2894209504455763,0,1.0,-0.048199607937545186,0.9451296172460523,0,1.0,-0.048199607937545186,3.1770627951701504
2021-06-17,55.552,0.0036313707069430823,False,1.0,0.0036313707069430823,3.7975964233466835,0,1.0,0.0036313707069430823,4.913274767686347,0,0.0,0.0,13.021217514941055,0,0.0,0.0,2.2894209504455763,0,0.0,0.0,2.1294385137914227,0,0.0,0.0,2.2894209504455763,0,1.0,0.0036313707069430823,0.9485617332523839,0,1.0,0.0036313707069430823,3.18859988793865
2021-06-18,52.568,-0.05371543778801846,False,1.0,-0.05371543778801846,3.5936068689244034,0,1.0,-0.05371543778801846,4.64935606256725,0,0.0,-0.0,13.021217514941055,0,0.0,-0.0,2.2894209504455763,0,0.0,-0.0,2.1294385137914227,0,0.0,-0.0,2.2894209504455763,0,1.0,-0.05371543778801846,0.8976093244817706,0,1.0,-0.05371543778801846,3.017322849027199
2021-06-19,50.864,-0.03241515751027246,False,1.0,-0.03241515751027246,3.477119536238222,0,1.0,-0.03241515751027246,4.498646453477792,0,0.0,-0.0,13.021217514941055,0,0.0,-0.0,2.2894209504455763,0,0.0,-0.0,2.1294385137914227,0,0.0,-0.0,2.2894209504455763,0,1.0,-0.03241515751027246,0.8685131768460047,0,1.0,-0.03241515751027246,2.919515853616638
2021-06-20,50.956,0.0018087448883297164,False,1.0,0.0018087448883297164,3.483408758425504,0,1.0,0.0018087448883297164,4.506783357254923,0,0.0,0.0,13.021217514941055,0,0.0,0.0,2.2894209504455763,0,0.0,0.0,2.1294385137914227,0,0.0,0.0,2.2894209504455763,0,1.0,0.0018087448883297164,0.8700840956150719,0,1.0,0.0018087448883297164,2.9247965129932645
2021-06-21,39.461,-0.22558678075202143,False,1.0,-0.22558678075202143,2.697597790568899,0,1.0,-0.22558678075202143,3.490112608144998,0,0.0,-0.0,13.021217514941055,0,0.0,-0.0,2.2894209504455763,0,0.0,-0.0,2.1294385137914227,0,0.0,-0.0,2.2894209504455763,0,1.0,-0.22558678075202143,0.6738046255017338,0,1.0,-0.22558678075202143,2.265001083272376
2021-06-22,36.545,-0.0738957451661133,False,1.0,-0.0738957451661133,2.4982567916763494,0,1.0,-0.0738957451661133,3.232208136252476,0,0.0,-0.0,13.021217514941055,0,0.0,-0.0,2.2894209504455763,0,0.0,-0.0,2.1294385137914227,0,0.0,-0.0,2.2894209504455763,0,1.0,-0.0738957451661133,0.6240133306039093,0,1.0,-0.0738957451661133,2.09762714042191
2021-06-23,40.763,0.11541934601176629,False,1.0,0.11541934601176629,2.786603956741087,0,1.0,0.11541934601176629,3.6052674855126465,0,0.0,0.0,13.021217514941055,0,0.0,0.0,2.2894209504455763,0,0.0,0.0,2.1294385137914227,0,0.0,0.0,2.2894209504455763,0,1.0,0.11541934601176629,0.6960365411248366,0,1.0,0.11541934601176629,2.339733893145938
2021-06-24,43.151,0.05858253808600944,False,1.0,0.05858253808600944,2.9498502891674967,0,1.0,0.05858253808600944,3.8164732052929424,0,0.0,0.0,13.021217514941055,0,0.0,0.0,2.2894209504455763,0,0.0,0.0,2.1294385137914227,0,0.0,0.0,2.2894209504455763,0,1.0,0.05858253808600944,0.7368121283045366,0,1.0,0.05858253808600944,2.476801443052287
2021-06-25,39.35,-0.08808602349887606,False,1.0,-0.08808602349887606,2.690009707277722,0,1.0,-0.08808602349887606,3.4802952568486774,0,0.0,-0.0,13.021217514941055,0,0.0,-0.0,2.2894209504455763,0,0.0,-0.0,2.1294385137914227,0,0.0,-0.0,2.2894209504455763,0,1.0,-0.08808602349887606,0.6719092778564463,0,1.0,-0.08808602349887606,2.258629852937533
2021-06-26,40.555,0.030622617534942886,False,1.0,0.030622617534942886,2.7723848457089715,0,1.0,0.030622617534942886,3.5868710074078303,0,0.0,0.0,13.021217514941055,0,0.0,0.0,2.2894209504455763,0,0.0,0.0,2.1294385137914227,0,0.0,0.0,2.2894209504455763,0,1.0,0.030622617534942886,0.6924848986904238,0,1.0,0.030622617534942886,2.3277950110770433
2021-06-27,42.307,0.043200591788928655,False,1.0,0.043200591788928655,2.892153511710257,0,1.0,0.043200591788928655,3.741825957598399,0,0.0,0.0,13.021217514941055,0,0.0,0.0,2.2894209504455763,0,0.0,0.0,2.1294385137914227,0,0.0,0.0,2.2894209504455763,0,1.0,0.043200591788928655,0.7224006561187465,0,1.0,0.043200591788928655,2.4283571331188876
2021-06-28,43.351,0.024676767438012615,False,1.0,0.024676767438012615,2.963522511313762,0,1.0,0.024676767438012615,3.834162126547574,0,0.0,0.0,13.021217514941055,0,0.0,0.0,2.2894209504455763,0,0.0,0.0,2.1294385137914227,0,0.0,0.0,2.2894209504455763,0,1.0,0.024676767438012615,0.7402271691068565,0,1.0,0.024676767438012615,2.4882811373493015
2021-06-29,56.829,0.31090401605499296,False,1.0,0.31090401605499296,3.884893561750589,0,1.0,0.31090401605499296,5.026218529897166,0,0.0,0.0,13.021217514941055,0,0.0,0.0,2.2894209504455763,0,0.0,0.0,2.1294385137914227,0,0.0,0.0,2.2894209504455763,0,1.0,0.31090401605499296,0.9703667687751966,0,1.0,0.31090401605499296,3.2618977360250847
2021-06-30,57.551,0.012704781009695854,False,1.0,0.012704781009695854,3.9342502836986077,0,1.0,0.012704781009695854,5.090075535626385,0,0.0,0.0,13.021217514941055,0,0.0,0.0,2.2894209504455763,0,0.0,0.0,2.1294385137914227,0,0.0,0.0,2.2894209504455763,0,1.0,0.012704781009695854,0.9826950660715716,0,1.0,0.012704781009695854,3.303339432437306
2021-07-01,53.076,-0.07775711977202826,False,1.0,-0.07775711977202826,3.628334313175919,0,1.0,-0.07775711977202826,4.6942859225540134,0,0.0,-0.0,13.021217514941055,0,0.0,-0.0,2.2894209504455763,0,0.0,-0.0,2.1294385137914227,0,0.0,-0.0,2.2894209504455763,0,1.0,-0.07775711977202826,0.9062835281196632,0,1.0,-0.07775711977202826,3.0464812725416146
2021-07-02,53.737,0.012453839776923603,False,1.0,0.012453839776923603,3.673521007369326,0,1.0,0.012453839776923603,4.752747807300569,0,0.0,0.0,13.021217514941055,0,0.0,0.0,2.2894209504455763,0,0.0,0.0,2.1294385137914227,0,0.0,0.0,2.2894209504455763,0,1.0,0.012453839776923603,0.9175702379713305,0,1.0,0.012453839776923603,3.0844216621932463
2021-07-03,56.877,0.058432737220164954,False,1.0,0.058432737220164954,3.8881748950656934,0,0.0,-0.001,4.7479950594932685,0,0.0,0.0,13.021217514941055,0,0.0,0.0,2.2894209504455763,0,0.0,0.0,2.1294385137914227,0,0.0,0.0,2.2894209504455763,0,0.0,-0.001,0.9166526677333592,0,0.0,-0.001,3.081337240531053
2021-07-04,56.363,-0.009037044851170073,False,1.0,-0.009037044851170073,3.8530372841497913,0,0.0,-0.0,4.7479950594932685,0,0.0,-0.0,13.021217514941055,0,0.0,-0.0,2.2894209504455763,0,0.0,-0.0,2.1294385137914227,0,0.0,-0.0,2.2894209504455763,0,0.0,-0.0,0.9166526677333592,0,0.0,-0.0,3.081337240531053
2021-07-05,53.683,-0.04754892393946386,False,1.0,-0.04754892393946386,3.6698295073898346,0,0.0,-0.0,4.7479950594932685,0,0.0,-0.0,13.021217514941055,0,0.0,-0.0,2.2894209504455763,0,0.0,-0.0,2.1294385137914227,0,0.0,-0.0,2.2894209504455763,0,0.0,-0.0,0.9166526677333592,0,0.0,-0.0,3.081337240531053
2021-07-06,54.649,0.017994523405920004,False,1.0,0.017994523405920004,3.735866340356297,0,0.0,0.0,4.7479950594932685,0,0.0,0.0,13.021217514941055,0,0.0,0.0,2.2894209504455763,0,0.0,0.0,2.1294385137914227,0,0.0,0.0,2.2894209504455763,0,0.0,0.0,0.9166526677333592,0,0.0,0.0,3.081337240531053
2021-07-07,52.813,-0.033596223169682804,False,1.0,-0.033596223169682804,3.6103553410535807,0,0.0,-0.0,4.7479950594932685,0,0.0,-0.0,13.021217514941055,0,0.0,-0.0,2.2894209504455763,0,0.0,-0.0,2.1294385137914227,0,0.0,-0.0,2.2894209504455763,0,0.0,-0.0,0.9166526677333592,0,0.0,-0.0,3.081337240531053
2021-07-08,49.471,-0.06327987427337978,False,1.0,-0.06327987427337978,3.381892508989485,0,0.0,-0.0,4.7479950594932685,0,0.0,-0.0,13.021217514941055,0,0.0,-0.0,2.2894209504455763,0,0.0,-0.0,2.1294385137914227,0,0.0,-0.0,2.2894209504455763,0,0.0,-0.0,0.9166526677333592,0,0.0,-0.0,3.081337240531053
2021-07-09,50.084,0.012391097814881569,False,1.0,0.012391097814881569,3.423797869867789,0,0.0,0.0,4.7479950594932685,0,0.0,0.0,13.021217514941055,0,0.0,0.0,2.2894209504455763,0,0.0,0.0,2.1294385137914227,0,0.0,0.0,2.2894209504455763,0,0.0,0.0,0.9166526677333592,0,0.0,0.0,3.081337240531053
2021-07-10,49.135,-0.01894816707930691,False,1.0,-0.01894816707930691,3.358923175783759,0,0.0,-0.0,4.7479950594932685,0,0.0,-0.0,13.021217514941055,0,0.0,-0.0,2.2894209504455763,0,0.0,-0.0,2.1294385137914227,0,0.0,-0.0,2.2894209504455763,0,0.0,-0.0,0.9166526677333592,0,0.0,-0.0,3.081337240531053
2021-07-11,49.704,0.011580339879922796,True,1.0,0.011580339879922796,3.3978206477898847,1,0.0,0.0,4.7479950594932685,0,0.0,0.0,13.021217514941055,0,0.0,0.0,2.2894209504455763,0,0.0,0.0,2.1294385137914227,0,0.0,0.0,2.2894209504455763,1,0.0,0.0,0.9166526677333592,1,0.0,0.0,3.081337240531053
2021-07-12,47.689,-0.04053999678094322,True,1.0,-0.04053999678094322,3.2600730096662605,1,1.0,-0.04153999678094322,4.550763360005984,0,0.0,-0.0,13.021217514941055,0,0.0,-0.0,2.2894209504455763,0,0.0,-0.0,2.1294385137914227,0,0.0,-0.0,2.2894209504455763,1,1.0,-0.04153999678094322,0.8785749188664724,1,1.0,-0.04153999678094322,2.9533385014783926
2021-07-13,45.544,-0.04497892595776809,True,1.0,-0.04497892595776809,3.1134384271475635,1,1.0,-0.04497892595776809,4.346074911784951,0,0.0,-0.0,13.021217514941055,0,0.0,-0.0,2.2894209504455763,0,0.0,-0.0,2.1294385137914227,0,0.0,-0.0,2.2894209504455763,1,1.0,-0.04497892595776809,0.8390575626424253,1,1.0,-0.04497892595776809,2.82050050769217
2021-07-14,45.61,0.0014491480765852494,True,1.0,0.0014491480765852494,3.117950260455831,1,1.0,0.0014491480765852494,4.35237301788406,0,0.0,0.0,13.021217514941055,0,0.0,0.0,2.2894209504455763,0,0.0,0.0,2.1294385137914227,0,0.0,0.0,2.2894209504455763,0,1.0,0.0014491480765852494,0.8402734812954729,0,1.0,0.0014491480765852494,2.8245878305779
2021-07-15,43.235,-0.05207191405393552,True,1.0,-0.05207191405393552,2.955592622468929,1,1.0,-0.05207191405393552,4.125736624166133,0,0.0,-0.0,13.021217514941055,0,0.0,-0.0,2.2894209504455763,0,0.0,-0.0,2.1294385137914227,0,0.0,-0.0,2.2894209504455763,0,1.0,-0.05207191405393552,0.7965188327956538,0,1.0,-0.05207191405393552,2.6775061358262553
2021-07-16,41.153,-0.04815542962877295,True,1.0,-0.04815542962877295,2.813264789926306,1,1.0,-0.04815542962877295,3.9270600044942494,0,0.0,-0.0,13.021217514941055,0,0.0,-0.0,2.2894209504455763,0,0.0,-0.0,2.1294385137914227,0,0.0,-0.0,2.2894209504455763,0,1.0,-0.04815542962877295,0.7581621261949704,0,1.0,-0.04815542962877295,2.5485696775218663
2021-07-17,41.459,0.007435666901562499,False,1.0,0.007435666901562499,2.8341832898100923,0,1.0,0.007435666901562499,3.9562603145901174,0,0.0,0.0,13.021217514941055,0,0.0,0.0,2.2894209504455763,0,0.0,0.0,2.1294385137914227,0,0.0,0.0,2.2894209504455763,0,1.0,0.007435666901562499,0.7637995672227366,0,1.0,0.007435666901562499,2.5675199927193413
2021-07-18,41.88,0.010154610579126366,False,1.0,0.010154610579126366,2.862963317427981,0,1.0,0.010154610579126366,3.996434597434432,0,0.0,0.0,13.021217514941055,0,0.0,0.0,2.2894209504455763,0,0.0,0.0,2.1294385137914227,0,0.0,0.0,2.2894209504455763,0,1.0,0.010154610579126366,0.7715556543883887,0,1.0,0.010154610579126366,2.5935921583995274
2021-07-19,41.582,-0.0071155682903534245,False,1.0,-0.0071155682903534245,2.842591706430045,0,1.0,-0.0071155682903534245,3.967997694138456,0,0.0,-0.0,13.021217514941055,0,0.0,-0.0,2.2894209504455763,0,0.0,-0.0,2.1294385137914227,0,0.0,-0.0,2.2894209504455763,0,1.0,-0.0071155682903534245,0.7660655974397798,0,1.0,-0.0071155682903534245,2.5751372762791105
2021-07-20,39.311,-0.054614977634553474,False,1.0,-0.054614977634553474,2.687343623959201,0,1.0,-0.054614977634553474,3.7512855888191243,0,0.0,-0.0,13.021217514941055,0,0.0,-0.0,2.2894209504455763,0,0.0,-0.0,2.1294385137914227,0,0.0,-0.0,2.2894209504455763,0,1.0,-0.054614977634553474,0.7242269419690054,0,1.0,-0.054614977634553474,2.434496211529222
2021-07-21,42.905,0.09142479204293963,False,1.0,0.09142479204293963,2.933033455927591,0,1.0,0.09142479204293963,4.094246093670589,0,0.0,0.0,13.021217514941055,0,0.0,0.0,2.2894209504455763,0,0.0,0.0,2.1294385137914227,0,0.0,0.0,2.2894209504455763,0,1.0,0.09142479204293963,0.7904392395304158,0,1.0,0.09142479204293963,2.6570695213976054
2021-07-22,43.395,0.01142058035194049,False,1.0,0.01142058035194049,2.9665304001859414,0,1.0,0.01142058035194049,4.141004760163972,0,0.0,0.0,13.021217514941055,0,0.0,0.0,2.2894209504455763,0,0.0,0.0,2.1294385137914227,0,0.0,0.0,2.2894209504455763,0,1.0,0.01142058035194049,0.7994665143787997,0,1.0,0.01142058035194049,2.6874147973674187
2021-07-23,45.814,0.05574374927987091,False,1.0,0.05574374927987091,3.1318959270450217,0,1.0,0.05574374927987091,4.371839891281305,0,0.0,0.0,13.021217514941055,0,0.0,0.0,2.2894209504455763,0,0.0,0.0,2.1294385137914227,0,0.0,0.0,2.2894209504455763,0,1.0,0.05574374927987091,0.8440317753139838,0,1.0,0.05574374927987091,2.8372213740428833
2021-07-24,49.414,0.07857860042781684,False,1.0,0.07857860042781684,3.3779959256777996,0,1.0,0.07857860042781684,4.715372951232689,0,0.0,0.0,13.021217514941055,0,0.0,0.0,2.2894209504455763,0,0.0,0.0,2.1294385137914227,0,0.0,0.0,2.2894209504455763,0,1.0,0.07857860042781684,0.9103546109347622,0,1.0,0.07857860042781684,3.0601662587190606
2021-07-25,48.433,-0.01985267333144458,False,1.0,-0.01985267333144458,3.3109336760503676,0,1.0,-0.01985267333144458,4.6217601923959375,0,0.0,-0.0,13.021217514941055,0,0.0,-0.0,2.2894209504455763,0,0.0,-0.0,2.1294385137914227,0,0.0,-0.0,2.2894209504455763,0,1.0,-0.01985267333144458,0.8922816382281,0,1.0,-0.01985267333144458,2.999413777644802
2021-07-26,48.373,-0.0012388247682365572,False,1.0,-0.0012388247682365572,3.306832009406488,0,1.0,-0.0012388247682365572,4.616034641396747,0,0.0,-0.0,13.021217514941055,0,0.0,-0.0,2.2894209504455763,0,0.0,-0.0,2.1294385137914227,0,0.0,-0.0,2.2894209504455763,0,1.0,-0.0012388247682365572,0.8911762576344203,0,1.0,-0.0012388247682365572,2.995698029566866
2021-07-27,49.515,0.02360821119219403,False,1.0,0.02360821119219403,3.3849003978616636,0,1.0,0.02360821119219403,4.725010962081325,0,0.0,0.0,13.021217514941055,0,0.0,0.0,2.2894209504455763,0,0.0,0.0,2.1294385137914227,0,0.0,0.0,2.2894209504455763,0,1.0,0.02360821119219403,0.9122153349341229,0,1.0,0.02360821119219403,3.06642110131692
2021-07-28,49.275,-0.004847016055740672,False,1.0,-0.004847016055740672,3.3684937312861454,0,1.0,-0.004847016055740672,4.702108758084566,0,0.0,-0.0,13.021217514941055,0,0.0,-0.0,2.2894209504455763,0,0.0,-0.0,2.1294385137914227,0,0.0,-0.0,2.2894209504455763,0,1.0,-0.004847016055740672,0.9077938125594043,0,1.0,-0.004847016055740672,3.0515581090051747
2021-07-29,49.379,0.0021106037544393885,False,1.0,0.0021106037544393885,3.3756032868022037,0,1.0,0.0021106037544393885,4.712033046483161,0,0.0,0.0,13.021217514941055,0,0.0,0.0,2.2894209504455763,0,0.0,0.0,2.1294385137914227,0,0.0,0.0,2.2894209504455763,0,1.0,0.0021106037544393885,0.909709805588449,0,1.0,0.0021106037544393885,3.0579987390069308
2021-07-30,50.963,0.03207841390064603,True,1.0,0.03207841390064603,3.483887286200626,1,1.0,0.03207841390064603,4.86318759286177,0,0.0,0.0,13.021217514941055,0,0.0,0.0,2.2894209504455763,0,0.0,0.0,2.1294385137914227,0,0.0,0.0,2.2894209504455763,0,1.0,0.03207841390064603,0.9388918532615915,0,1.0,0.03207841390064603,3.156094488264449
2021-07-31,51.324,0.007083570433451758,True,1.0,0.007083570433451758,3.508565647174635,1,1.0,0.007083570433451758,4.8976363247068955,0,0.0,0.0,13.021217514941055,0,0.0,0.0,2.2894209504455763,0,0.0,0.0,2.1294385137914227,0,0.0,0.0,2.2894209504455763,0,1.0,0.007083570433451758,0.9455425598335641,0,1.0,0.007083570433451758,3.1784509058666988
2021-08-01,50.245,-0.021023302938196542,True,1.0,-0.021023302938196542,3.4348040086955334,1,1.0,-0.021023302938196542,4.794671832571467,0,0.0,-0.0,13.021217514941055,0,0.0,-0.0,2.2894209504455763,0,0.0,-0.0,2.1294385137914227,0,0.0,-0.0,2.2894209504455763,0,1.0,-0.021023302938196542,0.9256641321572252,0,1.0,-0.021023302938196542,3.111629369598478
2021-08-02,51.325,0.021494676087173037,True,1.0,0.021494676087173037,3.5086340082853673,1,1.0,0.021494676087173037,4.897731750556883,0,0.0,0.0,13.021217514941055,0,0.0,0.0,2.2894209504455763,0,0.0,0.0,2.1294385137914227,0,0.0,0.0,2.2894209504455763,0,1.0,0.021494676087173037,0.9455609828434589,0,1.0,0.021494676087173037,3.1785128350013316
2021-08-03,49.451,-0.03651242084754025,True,1.0,-0.03651242084754025,3.38052528677486,1,1.0,-0.03651242084754025,4.718903707682189,0,0.0,-0.0,13.021217514941055,0,0.0,-0.0,2.2894209504455763,0,0.0,-0.0,2.1294385137914227,0,0.0,-0.0,2.2894209504455763,0,0.0,-0.001,0.9446154218606154,0,0.0,-0.001,3.1753343221663304
2021-08-04,51.576,0.042971830701098,True,1.0,0.042971830701098,3.52579264707893,1,1.0,0.042971830701098,4.921683638903492,0,0.0,0.0,13.021217514941055,0,0.0,0.0,2.2894209504455763,0,0.0,0.0,2.1294385137914227,0,0.0,0.0,2.2894209504455763,0,0.0,0.0,0.9446154218606154,0,0.0,0.0,3.1753343221663304
2021-08-05,52.431,0.016577477896696058,True,1.0,0.016577477896696058,3.5842413967542144,1,1.0,0.016577477896696058,5.003272740641945,0,0.0,0.0,13.021217514941055,0,0.0,0.0,2.2894209504455763,0,0.0,0.0,2.1294385137914227,0,0.0,0.0,2.2894209504455763,0,0.0,0.0,0.9446154218606154,0,0.0,0.0,3.1753343221663304
2021-08-06,53.1,0.012759626938261714,True,1.0,0.012759626938261714,3.6299749798334724,1,1.0,0.012759626938261714,5.0671126342829105,0,0.0,0.0,13.021217514941055,0,0.0,0.0,2.2894209504455763,0,0.0,0.0,2.1294385137914227,0,0.0,0.0,2.2894209504455763,0,0.0,0.0,0.9446154218606154,0,0.0,0.0,3.1753343221663304
2021-08-07,60.587,0.14099811676082874,True,1.0,0.14099811676082874,4.141794615878919,1,1.0,0.14099811676082874,5.781565973131803,0,0.0,0.0,13.021217514941055,0,0.0,0.0,2.2894209504455763,0,0.0,0.0,2.1294385137914227,0,0.0,0.0,2.2894209504455763,0,0.0,0.0,0.9446154218606154,0,0.0,0.0,3.1753343221663304
2021-08-08,57.068,-0.058081766715632144,True,1.0,-0.058081766715632144,3.9012318672153787,1,1.0,-0.058081766715632144,5.445762407029325,0,0.0,-0.0,13.021217514941055,0,0.0,-0.0,2.2894209504455763,0,0.0,-0.0,2.1294385137914227,0,0.0,-0.0,2.2894209504455763,0,0.0,-0.0,0.9446154218606154,0,0.0,-0.0,3.1753343221663304
2021-08-09,59.034,0.0344501296698676,True,1.0,0.0344501296698676,4.035629810913168,1,1.0,0.0344501296698676,5.633369628102776,0,0.0,0.0,13.021217514941055,0,0.0,0.0,2.2894209504455763,0,0.0,0.0,2.1294385137914227,0,0.0,0.0,2.2894209504455763,0,0.0,0.0,0.9446154218606154,0,0.0,0.0,3.1753343221663304
2021-08-10,58.884,-0.002540908628925642,True,1.0,-0.002540908628925642,4.025375644303469,1,1.0,-0.002540908628925642,5.619055750604802,0,0.0,-0.0,13.021217514941055,0,0.0,-0.0,2.2894209504455763,0,0.0,-0.0,2.1294385137914227,0,0.0,-0.0,2.2894209504455763,0,0.0,-0.0,0.9446154218606154,0,0.0,-0.0,3.1753343221663304
2021-08-11,60.721,0.031196929556415842,True,1.0,0.031196929556415842,4.150955004716916,1,1.0,0.031196929556415842,5.794353037029993,0,0.0,0.0,13.021217514941055,0,0.0,0.0,2.2894209504455763,0,0.0,0.0,2.1294385137914227,0,0.0,0.0,2.2894209504455763,0,0.0,0.0,0.9446154218606154,0,0.0,0.0,3.1753343221663304
2021-08-12,60.0,-0.011873980995042888,True,1.0,-0.011873980995042888,4.101666643879629,1,1.0,-0.011873980995042888,5.72555099918973,0,0.0,-0.0,13.021217514941055,0,0.0,-0.0,2.2894209504455763,0,0.0,-0.0,2.1294385137914227,0,0.0,-0.0,2.2894209504455763,0,0.0,-0.0,0.9446154218606154,0,0.0,-0.0,3.1753343221663304
2021-08-13,64.264,0.07106666666666661,True,1.0,0.07106666666666661,4.3931584200380085,1,1.0,0.07106666666666661,6.132446823532146,0,0.0,0.0,13.021217514941055,0,0.0,0.0,2.2894209504455763,0,0.0,0.0,2.1294385137914227,0,0.0,0.0,2.2894209504455763,1,0.0,0.0,0.9446154218606154,1,0.0,0.0,3.1753343221663304
2021-08-14,67.268,0.04674467820241501,True,1.0,0.04674467820241501,4.598515196674915,1,1.0,0.04674467820241501,6.419106076891579,0,0.0,0.0,13.021217514941055,0,0.0,0.0,2.2894209504455763,0,0.0,0.0,2.1294385137914227,0,0.0,0.0,2.2894209504455763,1,1.0,0.04574467820241501,0.9878265503586678,1,1.0,0.04574467820241501,3.320588968918913
2021-08-15,74.989,0.1147796872212643,True,1.0,0.1147796872212643,5.1263313326314925,1,1.0,0.1147796872212643,7.155889064637311,0,0.0,0.0,13.021217514941055,0,0.0,0.0,2.2894209504455763,0,0.0,0.0,2.1294385137914227,0,0.0,0.0,2.2894209504455763,1,1.0,0.1147796872212643,1.1012089728376961,1,1.0,0.1147796872212643,3.7017251321618065
2021-08-16,69.036,-0.07938497646321463,True,1.0,-0.07938497646321463,4.7193776404479015,1,1.0,-0.07938497646321463,6.587818979667703,0,0.0,-0.0,13.021217514941055,0,0.0,-0.0,2.2894209504455763,0,0.0,-0.0,2.1294385137914227,0,0.0,-0.0,2.2894209504455763,1,1.0,-0.07938497646321463,1.013789524447895,1,1.0,-0.07938497646321463,3.4078637696718515
2021-08-17,62.891,-0.08901153021611918,True,1.0,-0.08901153021611918,4.299298615003896,1,1.0,-0.08901153021611918,6.001427131500687,0,0.0,-0.0,13.021217514941055,0,0.0,-0.0,2.2894209504455763,0,0.0,-0.0,2.1294385137914227,0,0.0,-0.0,2.2894209504455763,1,1.0,-0.08901153021611918,0.9235505675597161,1,1.0,-0.08901153021611918,3.104524600765288
2021-08-18,63.952,0.016870458412173495,True,1.0,0.016870458412173495,4.371829753489834,1,1.0,0.016870458412173495,6.102673958336359,0,0.0,0.0,13.021217514941055,0,0.0,0.0,2.2894209504455763,0,0.0,0.0,2.1294385137914227,0,0.0,0.0,2.2894209504455763,1,1.0,0.016870458412173495,0.9391312890012715,1,1.0,0.016870458412173495,3.156899353932068
2021-08-19,67.054,0.04850512884663494,True,1.0,0.04850512884663494,4.583885918978411,1,1.0,0.04850512884663494,6.398684944994468,0,0.0,0.0,13.021217514941055,0,0.0,0.0,2.2894209504455763,0,0.0,0.0,2.1294385137914227,0,0.0,0.0,2.2894209504455763,1,1.0,0.04850512884663494,0.9846839731781846,1,1.0,0.04850512884663494,3.3100251638504017
2021-08-20,70.2,0.04691740984877857,True,1.0,0.04691740984877857,4.798949973339166,1,1.0,0.04691740984877857,6.698894669051983,0,0.0,0.0,13.021217514941055,0,0.0,0.0,2.2894209504455763,0,0.0,0.0,2.1294385137914227,0,0.0,0.0,2.2894209504455763,1,1.0,0.04691740984877857,1.030882794719309,1,1.0,0.04691740984877857,3.4653229710725415
2021-08-21,67.512,-0.03829059829059833,True,1.0,-0.03829059829059833,4.615195307693359,1,1.0,-0.03829059829059833,6.442389984288282,0,0.0,-0.0,13.021217514941055,0,0.0,-0.0,2.2894209504455763,0,0.0,-0.0,2.1294385137914227,0,0.0,-0.0,2.2894209504455763,1,1.0,-0.03829059829059833,0.9914096757420227,1,1.0,-0.03829059829059833,3.33263368124002
2021-08-22,67.359,-0.0022662637753289028,True,1.0,-0.0022662637753289028,4.604736057751466,1,1.0,-0.0022662637753289028,6.427789829240348,0,0.0,-0.0,13.021217514941055,0,0.0,-0.0,2.2894209504455763,0,0.0,-0.0,2.1294385137914227,0,0.0,-0.0,2.2894209504455763,1,1.0,-0.0022662637753289028,0.989162879907378,1,1.0,-0.0022662637753289028,3.325081054251785
2021-08-23,68.257,0.013331551834201871,True,1.0,0.013331551834201871,4.666124335188198,1,1.0,0.013331551834201871,6.513482242528221,0,0.0,0.0,13.021217514941055,0,0.0,0.0,2.2894209504455763,0,0.0,0.0,2.1294385137914227,0,0.0,0.0,2.2894209504455763,1,1.0,0.013331551834201871,1.0023499561133316,1,1.0,0.013331551834201871,3.369409544679465
2021-08-24,62.832,-0.07947902779202143,True,1.0,-0.07947902779202143,4.295265309470747,1,1.0,-0.07947902779202143,5.9957970063514825,0,0.0,-0.0,13.021217514941055,0,0.0,-0.0,2.2894209504455763,0,0.0,-0.0,2.1294385137914227,0,0.0,-0.0,2.2894209504455763,1,1.0,-0.07947902779202143,0.9226841560940686,1,1.0,-0.07947902779202143,3.1016121498351836
2021-08-25,63.773,0.014976445123503934,True,1.0,0.014976445123503934,4.359593114668926,1,1.0,0.014976445123503934,6.0855927311887745,0,0.0,0.0,13.021217514941055,0,0.0,0.0,2.2894209504455763,0,0.0,0.0,2.1294385137914227,0,0.0,0.0,2.2894209504455763,1,1.0,0.014976445123503934,0.936502684724138,1,1.0,0.014976445123503934,3.1480632739915833
2021-08-26,59.77,-0.06276951060793756,True,1.0,-0.06276951060793756,4.085943588411423,1,1.0,-0.06276951060793756,5.703603053692833,0,0.0,-0.0,13.021217514941055,0,0.0,-0.0,2.2894209504455763,0,0.0,-0.0,2.1294385137914227,0,0.0,-0.0,2.2894209504455763,1,1.0,-0.06276951060793756,0.8777188695209842,1,1.0,-0.06276951060793756,2.95046088292031
2021-08-27,64.09,0.07227706207127316,True,1.0,0.07227706207127316,4.381263586770756,1,1.0,0.07227706207127316,6.115842725634493,0,0.0,0.0,13.021217514941055,0,0.0,0.0,2.2894209504455763,0,0.0,0.0,2.1294385137914227,0,0.0,0.0,2.2894209504455763,1,1.0,0.07227706207127316,0.9411578107344801,1,1.0,0.07227706207127316,3.1637115272940046
2021-08-28,64.19,0.0015603058199407105,True,1.0,0.0015603058199407105,4.388099697843889,1,1.0,0.0015603058199407105,6.125385310633142,0,0.0,0.0,13.021217514941055,0,0.0,0.0,2.2894209504455763,0,0.0,0.0,2.1294385137914227,0,0.0,0.0,2.2894209504455763,1,1.0,0.0015603058199407105,0.9426263047440518,1,1.0,0.0015603058199407105,3.168647884802655
2021-08-29,63.23,-0.014955600560835003,True,1.0,-0.014955600560835003,4.322473031541815,1,1.0,-0.014955600560835003,6.033776494646107,0,0.0,-0.0,13.021217514941055,0,0.0,-0.0,2.2894209504455763,0,0.0,-0.0,2.1294385137914227,0,0.0,-0.0,2.2894209504455763,1,1.0,-0.014955600560835003,0.9285287622521639,1,1.0,-0.014955600560835003,3.121258852719612
2021-08-30,61.83,-0.022141388581369603,True,1.0,-0.022141388581369603,4.226767476517957,1,1.0,-0.022141388581369603,5.900180304665013,0,0.0,-0.0,13.021217514941055,0,0.0,-0.0,2.2894209504455763,0,0.0,-0.0,2.1294385137914227,0,0.0,-0.0,2.2894209504455763,1,1.0,-0.022141388581369603,0.9079698461181606,1,1.0,-0.022141388581369603,3.052149847598507
2021-08-31,63.8,0.03186155587902317,True,1.0,0.03186155587902317,4.3614388646586715,1,1.0,0.03186155587902317,6.088169229138409,0,0.0,0.0,13.021217514941055,0,0.0,0.0,2.2894209504455763,0,0.0,0.0,2.1294385137914227,0,0.0,0.0,2.2894209504455763,1,1.0,0.03186155587902317,0.9368991781067224,1,1.0,0.03186155587902317,3.149396090518919
2021-09-01,68.75,0.07758620689655182,True,1.0,0.07758620689655182,4.699826362778741,1,1.0,0.07758620689655182,6.560527186571562,0,0.0,0.0,13.021217514941055,0,0.0,0.0,2.2894209504455763,0,0.0,0.0,2.1294385137914227,0,0.0,0.0,2.2894209504455763,1,1.0,0.07758620689655182,1.00958963158052,1,1.0,0.07758620689655182,3.393745787197111
2021-09-02,67.61,-0.016581818181818142,True,1.0,-0.016581818181818142,4.621894696545028,1,1.0,-0.016581818181818142,6.451741717586958,0,0.0,-0.0,13.021217514941055,0,0.0,-0.0,2.2894209504455763,0,0.0,-0.0,2.1294385137914227,0,0.0,-0.0,2.2894209504455763,1,1.0,-0.016581818181818142,0.992848799871403,1,1.0,-0.016581818181818142,3.337471311598497
2021-09-03,69.98,0.03505398609673138,True,1.0,0.03505398609673138,4.783910528978274,1,1.0,0.03505398609673138,6.677900982054953,0,0.0,0.0,13.021217514941055,0,0.0,0.0,2.2894209504455763,0,0.0,0.0,2.1294385137914227,0,0.0,0.0,2.2894209504455763,1,1.0,0.03505398609673138,1.0276521078982515,1,1.0,0.03505398609673138,3.4544629845535106
2021-09-04,68.81,-0.016719062589311218,False,1.0,-0.016719062589311218,4.703928029422621,0,1.0,-0.016719062589311218,6.566252737570753,0,0.0,-0.0,13.021217514941055,0,0.0,-0.0,2.2894209504455763,0,0.0,-0.0,2.1294385137914227,0,0.0,-0.0,2.2894209504455763,0,1.0,-0.016719062589311218,1.010470727986263,0,1.0,-0.016719062589311218,3.3967076017023015
2021-09-05,73.54,0.06874000871966279,True,1.0,0.06874000871966279,5.027276083181798,1,1.0,0.06874000871966279,7.0176170080068765,0,0.0,0.0,13.021217514941055,0,0.0,0.0,2.2894209504455763,0,0.0,0.0,2.1294385137914227,0,0.0,0.0,2.2894209504455763,1,1.0,0.06874000871966279,1.0799304946390027,1,1.0,0.06874000871966279,3.6301973118614628
2021-09-06,73.48,-0.0008158825129181979,True,1.0,-0.0008158825129181979,5.023174416537918,1,1.0,-0.0008158825129181979,7.011891457007686,0,0.0,-0.0,13.021217514941055,0,0.0,-0.0,2.2894209504455763,0,0.0,-0.0,2.1294385137914227,0,0.0,-0.0,2.2894209504455763,1,1.0,-0.0008158825129181979,1.0790493982332596,1,1.0,-0.0008158825129181979,3.6272354973562724
2021-09-07,59.36,-0.19216113228089282,False,1.0,-0.19216113228089282,4.057915533011578,0,1.0,-0.19216113228089282,5.66447845519837,0,0.0,-0.0,13.021217514941055,0,0.0,-0.0,2.2894209504455763,0,0.0,-0.0,2.1294385137914227,0,0.0,-0.0,2.2894209504455763,0,1.0,-0.19216113228089282,0.8716980440817405,0,1.0,-0.19216113228089282,2.9302218171348438
2021-09-08,58.71,-0.010950134770889464,False,1.0,-0.010950134770889464,4.0134808110362155,0,1.0,-0.010950134770889464,5.602451652707147,0,0.0,-0.0,13.021217514941055,0,0.0,-0.0,2.2894209504455763,0,0.0,-0.0,2.1294385137914227,0,0.0,-0.0,2.2894209504455763,0,1.0,-0.010950134770889464,0.8621528330195246,0,1.0,-0.010950134770889464,2.8981354933286165
2021-09-09,58.92,0.0035769034236075026,False,1.0,0.0035769034236075026,4.027836644289794,0,1.0,0.0035769034236075026,5.622491081204311,0,0.0,0.0,13.021217514941055,0,0.0,0.0,2.2894209504455763,0,0.0,0.0,2.1294385137914227,0,0.0,0.0,2.2894209504455763,0,1.0,0.0035769034236075026,0.865236670439625,0,1.0,0.0035769034236075026,2.908501844096782
2021-09-10,56.31,-0.04429735234215881,False,1.0,-0.04429735234215881,3.84941414528103,0,1.0,-0.04429735234215881,5.373429612739558,0,0.0,-0.0,13.021217514941055,0,0.0,-0.0,2.2894209504455763,0,0.0,-0.0,2.1294385137914227,0,0.0,-0.0,2.2894209504455763,0,1.0,-0.04429735234215881,0.8269089767898046,0,1.0,-0.04429735234215881,2.779662913121008
2021-09-11,57.08,0.01367430296572536,False,1.0,0.01367430296572536,3.902052200544152,0,1.0,0.01367430296572536,5.4469075172291594,0,0.0,0.0,13.021217514941055,0,0.0,0.0,2.2894209504455763,0,0.0,0.0,2.1294385137914227,0,0.0,0.0,2.2894209504455763,0,1.0,0.01367430296572536,0.8382163806635063,0,1.0,0.01367430296572536,2.817672865937616
2021-09-12,58.07,0.017344078486335013,False,1.0,0.017344078486335013,3.9697297001681657,0,1.0,0.017344078486335013,5.54137910871579,0,0.0,0.0,13.021217514941055,0,0.0,0.0,2.2894209504455763,0,0.0,0.0,2.1294385137914227,0,0.0,0.0,2.2894209504455763,0,1.0,0.017344078486335013,0.8527544713582659,0,1.0,0.017344078486335013,2.8665428052732542
2021-09-13,55.72,-0.040468400206647215,False,1.0,-0.040468400206647215,3.809081089949547,0,1.0,-0.040468400206647215,5.3171283612475255,0,0.0,-0.0,13.021217514941055,0,0.0,-0.0,2.2894209504455763,0,0.0,-0.0,2.1294385137914227,0,0.0,-0.0,2.2894209504455763,0,1.0,-0.040468400206647215,0.8182448621333317,0,1.0,-0.040468400206647215,2.750538403819971
2021-09-14,57.14,0.02548456568557067,False,1.0,0.02548456568557067,3.9061538671880314,0,1.0,0.02548456568557067,5.452633068228349,0,0.0,0.0,13.021217514941055,0,0.0,0.0,2.2894209504455763,0,0.0,0.0,2.1294385137914227,0,0.0,0.0,2.2894209504455763,0,1.0,0.02548456568557067,0.8390974770692493,0,1.0,0.02548456568557067,2.8206346804428057
2021-09-15,59.18,0.03570178508925448,False,1.0,0.03570178508925448,4.045610533079938,0,1.0,0.03570178508925448,5.6473018022008,0,0.0,0.0,13.021217514941055,0,0.0,0.0,2.2894209504455763,0,0.0,0.0,2.1294385137914227,0,0.0,0.0,2.2894209504455763,0,1.0,0.03570178508925448,0.8690547548645113,0,1.0,0.03570178508925448,2.9213363736192726
2021-09-16,57.99,-0.020108144643460557,False,1.0,-0.020108144643460557,3.9642608113096593,0,1.0,-0.020108144643460557,5.5337450407168705,0,0.0,-0.0,13.021217514941055,0,0.0,-0.0,2.2894209504455763,0,0.0,-0.0,2.1294385137914227,0,0.0,-0.0,2.2894209504455763,0,1.0,-0.020108144643460557,0.8515796761506086,0,1.0,-0.020108144643460557,2.8625937192663335
2021-09-17,56.7,-0.02224521469218832,False,1.0,-0.02224521469218832,3.876074978466247,0,1.0,-0.02224521469218832,5.410645694234291,0,0.0,-0.0,13.021217514941055,0,0.0,-0.0,2.2894209504455763,0,0.0,-0.0,2.1294385137914227,0,0.0,-0.0,2.2894209504455763,0,1.0,-0.02224521469218832,0.8326361034271341,0,1.0,-0.02224521469218832,2.798914707404744
2021-09-18,57.19,0.00864197530864197,False,1.0,0.00864197530864197,3.9095719227245973,0,1.0,0.00864197530864197,5.457404360727674,0,0.0,0.0,13.021217514941055,0,0.0,0.0,2.2894209504455763,0,0.0,0.0,2.1294385137914227,0,0.0,0.0,2.2894209504455763,0,1.0,0.00864197530864197,0.8398317240740353,0,1.0,0.00864197530864197,2.8231028591971308
2021-09-19,55.33,-0.03252316838608149,False,1.0,-0.03252316838608149,3.782420256764329,0,1.0,-0.03252316838608149,5.279912279752792,0,0.0,-0.0,13.021217514941055,0,0.0,-0.0,2.2894209504455763,0,0.0,-0.0,2.1294385137914227,0,0.0,-0.0,2.2894209504455763,0,1.0,-0.03252316838608149,0.8125177354960023,0,1.0,-0.03252316838608149,2.7312866095362343
2021-09-20,49.11,-0.11241641062714625,False,1.0,-0.11241641062714625,3.3572141480154745,0,1.0,-0.11241641062714625,4.68636349283679,0,0.0,-0.0,13.021217514941055,0,0.0,-0.0,2.2894209504455763,0,0.0,-0.0,2.1294385137914227,0,0.0,-0.0,2.2894209504455763,0,1.0,-0.11241641062714625,0.7211774081006447,0,1.0,-0.11241641062714625,2.424245172498183
2021-09-21,45.81,-0.0671960904092852,False,1.0,-0.0671960904092852,3.1316224826020953,0,1.0,-0.0671960904092852,4.371458187881355,0,0.0,-0.0,13.021217514941055,0,0.0,-0.0,2.2894209504455763,0,0.0,-0.0,2.1294385137914227,0,0.0,-0.0,2.2894209504455763,0,1.0,-0.0671960904092852,0.6727171057847798,0,1.0,-0.0671960904092852,2.2613453747127217
2021-09-22,51.26,0.11896965728006981,False,1.0,0.11896965728006981,3.504190536087828,0,1.0,0.11896965728006981,4.891529070307755,0,0.0,0.0,13.021217514941055,0,0.0,0.0,2.2894209504455763,0,0.0,0.0,2.1294385137914227,0,0.0,0.0,2.2894209504455763,0,1.0,0.11896965728006981,0.7527500293064355,0,1.0,0.11896965728006981,2.530376858934165
2021-09-23,51.31,0.0009754194303550623,False,1.0,0.0009754194303550623,3.507608591624394,0,1.0,0.0009754194303550623,4.8963003628070805,0,0.0,0.0,13.021217514941055,0,0.0,0.0,2.2894209504455763,0,0.0,0.0,2.1294385137914227,0,0.0,0.0,2.2894209504455763,0,1.0,0.0009754194303550623,0.7534842763112214,0,1.0,0.0009754194303550623,2.53284503768849
2021-09-24,47.64,-0.0715260183200156,False,1.0,-0.0715260183200156,3.2567233152404236,0,1.0,-0.0715260183200156,4.546087493356643,0,0.0,-0.0,13.021217514941055,0,0.0,-0.0,2.2894209504455763,0,0.0,-0.0,2.1294385137914227,0,0.0,-0.0,2.2894209504455763,0,1.0,-0.0715260183200156,0.6995905461599413,0,1.0,-0.0715260183200156,2.3516807171210226
2021-09-25,47.34,-0.006297229219143552,False,1.0,-0.006297229219143552,3.2362149820210253,0,1.0,-0.006297229219143552,4.517459738360694,0,0.0,-0.0,13.021217514941055,0,0.0,-0.0,2.2894209504455763,0,0.0,-0.0,2.1294385137914227,0,0.0,-0.0,2.2894209504455763,0,1.0,-0.006297229219143552,0.6951850641312264,0,1.0,-0.006297229219143552,2.3368716445950715
2021-09-26,47.19,-0.003168567807351197,False,1.0,-0.003168567807351197,3.2259608154113257,0,1.0,-0.003168567807351197,4.503145860862719,0,0.0,-0.0,13.021217514941055,0,0.0,-0.0,2.2894209504455763,0,0.0,-0.0,2.1294385137914227,0,0.0,-0.0,2.2894209504455763,0,1.0,-0.003168567807351197,0.6929823231168688,0,1.0,-0.003168567807351197,2.3294671083320955
2021-09-27,45.37,-0.038567493112947715,False,1.0,-0.038567493112947715,3.10154359388031,0,0.0,-0.001,4.498642715001856,0,0.0,-0.0,13.021217514941055,0,0.0,-0.0,2.2894209504455763,0,0.0,-0.0,2.1294385137914227,0,0.0,-0.0,2.2894209504455763,0,0.0,-0.001,0.6922893407937519,0,0.0,-0.001,2.3271376412237634
2021-09-28,44.99,-0.008375578576151566,False,1.0,-0.008375578576151566,3.075566371802406,0,0.0,-0.0,4.498642715001856,0,0.0,-0.0,13.021217514941055,0,0.0,-0.0,2.2894209504455763,0,0.0,-0.0,2.1294385137914227,0,0.0,-0.0,2.2894209504455763,0,0.0,-0.0,0.6922893407937519,0,0.0,-0.0,2.3271376412237634
2021-09-29,45.52,0.011780395643476327,False,1.0,0.011780395643476327,3.1117977604900093,0,0.0,0.0,4.498642715001856,0,0.0,0.0,13.021217514941055,0,0.0,0.0,2.2894209504455763,0,0.0,0.0,2.1294385137914227,0,0.0,0.0,2.2894209504455763,0,0.0,0.0,0.6922893407937519,0,0.0,0.0,2.3271376412237634
2021-09-30,47.01,0.032732864674868134,False,1.0,0.032732864674868134,3.2136558154796866,0,0.0,0.0,4.498642715001856,0,0.0,0.0,13.021217514941055,0,0.0,0.0,2.2894209504455763,0,0.0,0.0,2.1294385137914227,0,0.0,0.0,2.2894209504455763,0,0.0,0.0,0.6922893407937519,0,0.0,0.0,2.3271376412237634
2021-10-01,51.9,0.10402042118698152,False,1.0,0.10402042118698152,3.547941646955876,0,0.0,0.0,4.498642715001856,0,0.0,0.0,13.021217514941055,0,0.0,0.0,2.2894209504455763,0,0.0,0.0,2.1294385137914227,0,0.0,0.0,2.2894209504455763,0,0.0,0.0,0.6922893407937519,0,0.0,0.0,2.3271376412237634
2021-10-02,53.17,0.02447013487475913,False,1.0,0.02447013487475913,3.6347602575846616,0,0.0,0.0,4.498642715001856,0,0.0,0.0,13.021217514941055,0,0.0,0.0,2.2894209504455763,0,0.0,0.0,2.1294385137914227,0,0.0,0.0,2.2894209504455763,0,0.0,0.0,0.6922893407937519,0,0.0,0.0,2.3271376412237634
2021-10-03,53.68,0.009591875117547444,False,1.0,0.009591875117547444,3.669624424057638,0,0.0,0.0,4.498642715001856,0,0.0,0.0,13.021217514941055,0,0.0,0.0,2.2894209504455763,0,0.0,0.0,2.1294385137914227,0,0.0,0.0,2.2894209504455763,0,0.0,0.0,0.6922893407937519,0,0.0,0.0,2.3271376412237634
2021-10-04,52.58,-0.020491803278688603,False,1.0,-0.020491803278688603,3.5944272022531782,0,0.0,-0.0,4.498642715001856,0,0.0,-0.0,13.021217514941055,0,0.0,-0.0,2.2894209504455763,0,0.0,-0.0,2.1294385137914227,0,0.0,-0.0,2.2894209504455763,0,0.0,-0.0,0.6922893407937519,0,0.0,-0.0,2.3271376412237634
2021-10-05,54.36,0.03385317611259042,False,1.0,0.03385317611259042,3.7161099793549406,0,0.0,0.0,4.498642715001856,0,0.0,0.0,13.021217514941055,0,0.0,0.0,2.2894209504455763,0,0.0,0.0,2.1294385137914227,0,0.0,0.0,2.2894209504455763,0,0.0,0.0,0.6922893407937519,0,0.0,0.0,2.3271376412237634
2021-10-06,54.83,0.008646063281824823,False,1.0,0.008646063281824823,3.7482397013986644,0,0.0,0.0,4.498642715001856,0,0.0,0.0,13.021217514941055,0,0.0,0.0,2.2894209504455763,0,0.0,0.0,2.1294385137914227,0,0.0,0.0,2.2894209504455763,0,0.0,0.0,0.6922893407937519,0,0.0,0.0,2.3271376412237634
2021-10-07,54.34,-0.00893671347802294,False,1.0,-0.00893671347802294,3.714742757140314,0,0.0,-0.0,4.498642715001856,0,0.0,-0.0,13.021217514941055,0,0.0,-0.0,2.2894209504455763,0,0.0,-0.0,2.1294385137914227,0,0.0,-0.0,2.2894209504455763,0,0.0,-0.0,0.6922893407937519,0,0.0,-0.0,2.3271376412237634
2021-10-08,53.68,-0.012145748987854366,False,1.0,-0.012145748987854366,3.669624424057638,0,0.0,-0.0,4.498642715001856,0,0.0,-0.0,13.021217514941055,0,0.0,-0.0,2.2894209504455763,0,0.0,-0.0,2.1294385137914227,0,0.0,-0.0,2.2894209504455763,0,0.0,-0.0,0.6922893407937519,0,0.0,-0.0,2.3271376412237634
2021-10-09,55.63,0.03632637853949339,True,1.0,0.03632637853949339,3.8029285899837264,1,0.0,0.0,4.498642715001856,0,0.0,0.0,13.021217514941055,0,0.0,0.0,2.2894209504455763,0,0.0,0.0,2.1294385137914227,0,0.0,0.0,2.2894209504455763,1,0.0,0.0,0.6922893407937519,1,0.0,0.0,2.3271376412237634
2021-10-10,52.84,-0.05015279525435912,True,1.0,-0.05015279525435912,3.6122010910433238,1,1.0,-0.05115279525435912,4.268524565278852,0,0.0,-0.0,13.021217514941055,0,0.0,-0.0,2.2894209504455763,0,0.0,-0.0,2.1294385137914227,0,0.0,-0.0,2.2894209504455763,1,1.0,-0.05115279525435912,0.6568768058873539,1,1.0,-0.05115279525435912,2.208098045933532
2021-10-11,53.93,0.020628311884935524,True,1.0,0.020628311884935524,3.68671470174047,1,1.0,0.020628311884935524,4.356577021299933,0,0.0,0.0,13.021217514941055,0,0.0,0.0,2.2894209504455763,0,0.0,0.0,2.1294385137914227,0,0.0,0.0,2.2894209504455763,1,1.0,0.020628311884935524,0.6704270655091784,1,1.0,0.020628311884935524,2.253647381097566
2021-10-12,52.73,-0.022251066196921965,True,1.0,-0.022251066196921965,3.6046813688628774,1,1.0,-0.022251066196921965,4.259638537606999,0,0.0,-0.0,13.021217514941055,0,0.0,-0.0,2.2894209504455763,0,0.0,-0.0,2.1294385137914227,0,0.0,-0.0,2.2894209504455763,1,1.0,-0.022251066196921965,0.6555093484943255,1,1.0,-0.022251066196921965,2.203501324036244
2021-10-13,53.43,0.013275175421960883,True,1.0,0.013275175421960883,3.6525341463748062,1,1.0,0.013275175421960883,4.316185986427876,0,0.0,0.0,13.021217514941055,0,0.0,0.0,2.2894209504455763,0,0.0,0.0,2.1294385137914227,0,0.0,0.0,2.2894209504455763,1,1.0,0.013275175421960883,0.6642113500863229,1,1.0,0.013275175421960883,2.2327531906553486
2021-10-14,54.5,0.020026202507954283,True,1.0,0.020026202507954283,3.725680534857326,1,1.0,0.020026202507954283,4.4026228010540756,0,0.0,0.0,13.021217514941055,0,0.0,0.0,2.2894209504455763,0,0.0,0.0,2.1294385137914227,0,0.0,0.0,2.2894209504455763,1,1.0,0.020026202507954283,0.6775129810912334,1,1.0,0.020026202507954283,2.277466758201694
2021-10-15,54.3,-0.003669724770642202,True,1.0,-0.003669724770642202,3.7120083127110606,1,1.0,-0.003669724770642202,4.386466387105253,0,0.0,-0.0,13.021217514941055,0,0.0,-0.0,2.2894209504455763,0,0.0,-0.0,2.1294385137914227,0,0.0,-0.0,2.2894209504455763,1,1.0,-0.003669724770642202,0.6750266949220912,1,1.0,-0.003669724770642202,2.2691090820248068
2021-10-16,54.12,-0.0033149171270717703,True,1.0,-0.0033149171270717703,3.699703312779422,1,1.0,-0.0033149171270717703,4.371925614551313,0,0.0,-0.0,13.021217514941055,0,0.0,-0.0,2.2894209504455763,0,0.0,-0.0,2.1294385137914227,0,0.0,-0.0,2.2894209504455763,1,1.0,-0.0033149171270717703,0.6727890373698633,1,1.0,-0.0033149171270717703,2.2615871734656086
2021-10-17,53.11,-0.018662232076866236,True,1.0,-0.018662232076866236,3.6306585909407816,1,1.0,-0.018662232076866236,4.29033572410976,0,0.0,-0.0,13.021217514941055,0,0.0,-0.0,2.2894209504455763,0,0.0,-0.0,2.1294385137914227,0,0.0,-0.0,2.2894209504455763,1,1.0,-0.018662232076866236,0.6602332922156955,1,1.0,-0.018662232076866236,2.2193809087723295
2021-10-18,52.43,-0.01280361513839201,True,1.0,-0.01280361513839201,3.584173035643479,1,1.0,-0.01280361513839201,4.235403916683764,0,0.0,-0.0,13.021217514941055,0,0.0,-0.0,2.2894209504455763,0,0.0,-0.0,2.1294385137914227,0,0.0,-0.0,2.2894209504455763,1,1.0,-0.01280361513839201,0.6517799192406122,1,1.0,-0.01280361513839201,2.190964809770914
2021-10-19,52.87,0.008392141903490247,True,1.0,0.008392141903490247,3.6142519243652624,1,1.0,0.008392141903490247,4.270948027371173,0,0.0,0.0,13.021217514941055,0,0.0,0.0,2.2894209504455763,0,0.0,0.0,2.1294385137914227,0,0.0,0.0,2.2894209504455763,1,1.0,0.008392141903490247,0.6572497488127248,1,1.0,0.008392141903490247,2.209351697360065
2021-10-20,55.59,0.05144694533762073,True,1.0,0.05144694533762073,3.8001941455544728,1,1.0,0.05144694533762073,4.490675257075156,0,0.0,0.0,13.021217514941055,0,0.0,0.0,2.2894209504455763,0,0.0,0.0,2.1294385137914227,0,0.0,0.0,2.2894209504455763,1,1.0,0.05144694533762073,0.691063240713058,1,1.0,0.05144694533762073,2.323016093365728
2021-10-21,55.35,-0.00431732325957912,True,1.0,-0.00431732325957912,3.783787478978954,1,1.0,-0.00431732325957912,4.471287560336569,0,0.0,-0.0,13.021217514941055,0,0.0,-0.0,2.2894209504455763,0,0.0,-0.0,2.1294385137914227,0,0.0,-0.0,2.2894209504455763,1,1.0,-0.00431732325957912,0.6880796973100874,1,1.0,-0.00431732325957912,2.3129868819534636
2021-10-22,54.55,-0.01445347786811213,True,1.0,-0.01445347786811213,3.729098590393892,1,1.0,-0.01445347786811213,4.40666190454128,0,0.0,-0.0,13.021217514941055,0,0.0,-0.0,2.2894209504455763,0,0.0,-0.0,2.1294385137914227,0,0.0,-0.0,2.2894209504455763,1,1.0,-0.01445347786811213,0.6781345526335189,1,1.0,-0.01445347786811213,2.2795561772459156
2021-10-23,55.88,0.024381301558203505,True,1.0,0.024381301558203505,3.820018867666557,1,1.0,0.024381301558203505,4.514102057300948,0,0.0,0.0,13.021217514941055,0,0.0,0.0,2.2894209504455763,0,0.0,0.0,2.1294385137914227,0,0.0,0.0,2.2894209504455763,1,1.0,0.024381301558203505,0.6946683556583141,1,1.0,0.024381301558203505,2.3351347238222138
2021-10-24,54.94,-0.016821760916249207,True,1.0,-0.016821760916249207,3.755759423579109,1,1.0,-0.016821760916249207,4.438166911741483,0,0.0,-0.0,13.021217514941055,0,0.0,-0.0,2.2894209504455763,0,0.0,-0.0,2.1294385137914227,0,0.0,-0.0,2.2894209504455763,1,1.0,-0.016821760916249207,0.682982810663346,1,1.0,-0.016821760916249207,2.295853645790845
2021-10-25,55.42,0.008736803785948322,True,1.0,0.008736803785948322,3.788572756730146,1,1.0,0.008736803785948322,4.476942305218657,0,0.0,0.0,13.021217514941055,0,0.0,0.0,2.2894209504455763,0,0.0,0.0,2.1294385137914227,0,0.0,0.0,2.2894209504455763,1,1.0,0.008736803785948322,0.6889498974692871,1,1.0,0.008736803785948322,2.315912068615374
2021-10-26,54.2,-0.022013713460844464,False,1.0,-0.022013713460844464,3.705172201637927,0,1.0,-0.022013713460844464,4.378388180130841,0,0.0,-0.0,13.021217514941055,0,0.0,-0.0,2.2894209504455763,0,0.0,-0.0,2.1294385137914227,0,0.0,-0.0,2.2894209504455763,0,1.0,-0.022013713460844464,0.67378355183752,0,1.0,-0.022013713460844464,2.264930243936363
2021-10-27,48.71,-0.10129151291512917,False,1.0,-0.10129151291512917,3.329869703722941,0,1.0,-0.10129151291512917,3.934894617235669,0,0.0,-0.0,13.021217514941055,0,0.0,-0.0,2.2894209504455763,0,0.0,-0.0,2.1294385137914227,0,0.0,-0.0,2.2894209504455763,0,1.0,-0.10129151291512917,0.6055349964945683,0,1.0,-0.10129151291512917,2.0355120328808165
2021-10-28,52.18,0.07123793882159712,False,1.0,0.07123793882159712,3.567082757960646,0,1.0,0.07123793882159712,4.215208399247736,0,0.0,0.0,13.021217514941055,0,0.0,0.0,2.2894209504455763,0,0.0,0.0,2.1294385137914227,0,0.0,0.0,2.2894209504455763,0,1.0,0.07123793882159712,0.6486720615291844,0,1.0,0.07123793882159712,2.1805177145498047
2021-10-29,53.94,0.033729398236872266,False,1.0,0.033729398236872266,3.687398312847781,0,1.0,0.033729398236872266,4.357384841997372,0,0.0,0.0,13.021217514941055,0,0.0,0.0,2.2894209504455763,0,0.0,0.0,2.1294385137914227,0,0.0,0.0,2.2894209504455763,0,1.0,0.033729398236872266,0.6705513798176352,0,1.0,0.033729398236872266,2.2540652649064095
2021-10-30,52.95,-0.018353726362625,True,1.0,-0.018353726362625,3.6197208132237675,1,1.0,-0.018353726362625,4.2774105929507025,0,0.0,-0.0,13.021217514941055,0,0.0,-0.0,2.2894209504455763,0,0.0,-0.0,2.1294385137914227,0,0.0,-0.0,2.2894209504455763,1,1.0,-0.018353726362625,0.6582442632803818,1,1.0,-0.018353726362625,2.2126947678308193
2021-10-31,54.37,0.026817752596789424,True,1.0,0.026817752596789424,3.716793590462252,1,1.0,0.026817752596789424,4.3921211319873406,0,0.0,0.0,13.021217514941055,0,0.0,0.0,2.2894209504455763,0,0.0,0.0,2.1294385137914227,0,0.0,0.0,2.2894209504455763,1,1.0,0.026817752596789424,0.6758968950812909,1,1.0,0.026817752596789424,2.2720342686867165
2021-11-01,53.88,-0.009012322972227205,True,1.0,-0.009012322972227205,3.6832966462039023,1,1.0,-0.009012322972227205,4.352537917812726,0,0.0,-0.0,13.021217514941055,0,0.0,-0.0,2.2894209504455763,0,0.0,-0.0,2.1294385137914227,0,0.0,-0.0,2.2894209504455763,1,1.0,-0.009012322972227205,0.6698054939668927,1,1.0,-0.009012322972227205,2.2515579620533437
2021-11-02,55.21,0.024684484038604237,True,1.0,0.024684484038604237,3.7742169234765672,1,1.0,0.024684484038604237,4.459978070572394,0,0.0,0.0,13.021217514941055,0,0.0,0.0,2.2894209504455763,0,0.0,0.0,2.1294385137914227,0,0.0,0.0,2.2894209504455763,1,1.0,0.024684484038604237,0.6863392969916879,1,1.0,0.024684484038604237,2.307136508629642
2021-11-03,55.48,0.004890418402463181,True,1.0,0.004890418402463181,3.792674423374025,1,1.0,0.004890418402463181,4.4817892294033035,0,0.0,0.0,13.021217514941055,0,0.0,0.0,2.2894209504455763,0,0.0,0.0,2.1294385137914227,0,0.0,0.0,2.2894209504455763,1,1.0,0.004890418402463181,0.6896957833200298,1,1.0,0.004890418402463181,2.3184193714684387
2021-11-04,53.65,-0.03298485940879592,False,1.0,-0.03298485940879592,3.6675735907356968,0,1.0,-0.03298485940879592,4.33395804177158,0,0.0,-0.0,13.021217514941055,0,0.0,-0.0,2.2894209504455763,0,0.0,-0.0,2.1294385137914227,0,0.0,-0.0,2.2894209504455763,0,1.0,-0.03298485940879592,0.6669462648723792,0,1.0,-0.03298485940879592,2.2419466344499233
2021-11-05,53.12,-0.009878844361603023,False,1.0,-0.009878844361603023,3.6313422020480934,0,1.0,-0.009878844361603023,4.291143544807201,0,0.0,-0.0,13.021217514941055,0,0.0,-0.0,2.2894209504455763,0,0.0,-0.0,2.1294385137914227,0,0.0,-0.0,2.2894209504455763,0,1.0,-0.009878844361603023,0.6603576065241524,0,1.0,-0.009878844361603023,2.2197987925811726
2021-11-06,52.88,-0.004518072289156572,False,1.0,-0.004518072289156572,3.614935535472575,0,1.0,-0.004518072289156572,4.271755848068614,0,0.0,-0.0,13.021217514941055,0,0.0,-0.0,2.2894209504455763,0,0.0,-0.0,2.1294385137914227,0,0.0,-0.0,2.2894209504455763,0,1.0,-0.004518072289156572,0.6573740631211819,0,1.0,-0.004518072289156572,2.209769581168908
2021-11-07,54.08,0.0226928895612708,True,1.0,0.0226928895612708,3.696968868350168,1,1.0,0.0226928895612708,4.368694331761548,0,0.0,0.0,13.021217514941055,0,0.0,0.0,2.2894209504455763,0,0.0,0.0,2.1294385137914227,0,0.0,0.0,2.2894209504455763,1,1.0,0.0226928895612708,0.6722917801360347,1,1.0,0.0226928895612708,2.25991563823023
2021-11-08,56.59,0.04641272189349133,True,1.0,0.04641272189349133,3.8685552562857994,1,1.0,0.04641272189349133,4.571457326819268,0,0.0,0.0,13.021217514941055,0,0.0,0.0,2.2894209504455763,0,0.0,0.0,2.1294385137914227,0,0.0,0.0,2.2894209504455763,1,1.0,0.04641272189349133,0.7034946715587688,1,1.0,0.04641272189349133,2.3648044742501617
2021-11-09,60.85,0.07527831772397953,True,1.0,0.07527831772397953,4.1597735880012525,1,1.0,0.07527831772397953,4.915588943929183,0,0.0,0.0,13.021217514941055,0,0.0,0.0,2.2894209504455763,0,0.0,0.0,2.1294385137914227,0,0.0,0.0,2.2894209504455763,1,1.0,0.07527831772397953,0.7564525669614964,1,1.0,0.07527831772397953,2.542822976817854
2021-11-10,56.63,-0.06935086277732128,True,1.0,-0.06935086277732128,3.871289700715052,1,1.0,-0.06935086277732128,4.574688609609033,0,0.0,-0.0,13.021217514941055,0,0.0,-0.0,2.2894209504455763,0,0.0,-0.0,2.1294385137914227,0,0.0,-0.0,2.2894209504455763,1,1.0,-0.06935086277732128,0.7039919287925973,1,1.0,-0.06935086277732128,2.3664760094855395
2021-11-11,56.74,0.001942433339219507,True,1.0,0.001942433339219507,3.878809422895498,1,1.0,0.001942433339219507,4.583574637280885,0,0.0,0.0,13.021217514941055,0,0.0,0.0,2.2894209504455763,0,0.0,0.0,2.1294385137914227,0,0.0,0.0,2.2894209504455763,1,1.0,0.001942433339219507,0.7053593861856255,1,1.0,0.001942433339219507,2.3710727313828275
2021-11-12,55.5,-0.021854071201973913,False,1.0,-0.021854071201973913,3.7940416455886528,0,1.0,-0.021854071201973913,4.4834048707981875,0,0.0,-0.0,13.021217514941055,0,0.0,-0.0,2.2894209504455763,0,0.0,-0.0,2.1294385137914227,0,0.0,-0.0,2.2894209504455763,0,1.0,-0.021854071201973913,0.6899444119369442,0,1.0,-0.021854071201973913,2.3192551390861285
2021-11-13,56.29,0.014234234234234311,True,1.0,0.014234234234234311,3.8480469230664016,1,1.0,0.014234234234234311,4.5472227058960355,0,0.0,0.0,13.021217514941055,0,0.0,0.0,2.2894209504455763,0,0.0,0.0,2.1294385137914227,0,0.0,0.0,2.2894209504455763,1,1.0,0.014234234234234311,0.6997652423050558,1,1.0,0.014234234234234311,2.352267959984832
2021-11-14,56.12,-0.0030200746136080925,True,1.0,-0.0030200746136080925,3.836425534242076,1,1.0,-0.0030200746136080925,4.533489754039537,0,0.0,-0.0,13.021217514941055,0,0.0,-0.0,2.2894209504455763,0,0.0,-0.0,2.1294385137914227,0,0.0,-0.0,2.2894209504455763,1,1.0,-0.0030200746136080925,0.697651899061285,1,1.0,-0.0030200746136080925,2.345163935234478
2021-11-15,54.81,-0.023342836778332043,True,1.0,-0.023342836778332043,3.746872479184038,1,1.0,-0.023342836778332043,4.427665242674752,0,0.0,-0.0,13.021217514941055,0,0.0,-0.0,2.2894209504455763,0,0.0,-0.0,2.1294385137914227,0,0.0,-0.0,2.2894209504455763,1,1.0,-0.023342836778332043,0.6813667246534041,1,1.0,-0.023342836778332043,2.290421156275869
2021-11-16,50.82,-0.07279693486590044,True,1.0,-0.07279693486590044,3.4741116473660427,1,1.0,-0.07279693486590044,4.105344784395746,0,0.0,-0.0,13.021217514941055,0,0.0,-0.0,2.2894209504455763,0,0.0,-0.0,2.1294385137914227,0,0.0,-0.0,2.2894209504455763,1,1.0,-0.07279693486590044,0.6317653155790183,1,1.0,-0.07279693486590044,2.123685516546974
2021-11-17,51.24,0.008264462809917328,False,1.0,0.008264462809917328,3.5028233138732,0,1.0,0.008264462809917328,4.139273253688273,0,0.0,0.0,13.021217514941055,0,0.0,0.0,2.2894209504455763,0,0.0,0.0,2.1294385137914227,0,0.0,0.0,2.2894209504455763,0,1.0,0.008264462809917328,0.6369865165342168,0,1.0,0.008264462809917328,2.1412366365184368
2021-11-18,48.43,-0.05483996877439501,False,1.0,-0.05483996877439501,3.310728592718171,0,1.0,-0.05483996877439501,3.91227563770732,0,0.0,-0.0,13.021217514941055,0,0.0,-0.0,2.2894209504455763,0,0.0,-0.0,2.1294385137914227,0,0.0,-0.0,2.2894209504455763,0,1.0,-0.05483996877439501,0.6020541958577696,0,1.0,-0.05483996877439501,2.023811286233175
2021-11-19,50.66,0.04604583935577122,False,1.0,0.04604583935577122,3.4631738696490304,0,1.0,0.04604583935577122,4.092419653236688,0,0.0,0.0,13.021217514941055,0,0.0,0.0,2.2894209504455763,0,0.0,0.0,2.1294385137914227,0,0.0,0.0,2.2894209504455763,0,1.0,0.04604583935577122,0.6297762866437046,0,1.0,0.04604583935577122,2.116999375605465
2021-11-20,51.06,0.00789577575996847,False,1.0,0.00789577575996847,3.4905183139415614,0,1.0,0.00789577575996847,4.124732481134333,0,0.0,0.0,13.021217514941055,0,0.0,0.0,2.2894209504455763,0,0.0,0.0,2.1294385137914227,0,0.0,0.0,2.2894209504455763,0,1.0,0.00789577575996847,0.6347488589819889,0,1.0,0.00789577575996847,2.133714727959239
2021-11-21,50.41,-0.012730121425773677,False,1.0,-0.012730121425773677,3.4460835919661985,0,1.0,-0.012730121425773677,4.07222413580066,0,0.0,-0.0,13.021217514941055,0,0.0,-0.0,2.2894209504455763,0,0.0,-0.0,2.1294385137914227,0,0.0,-0.0,2.2894209504455763,0,1.0,-0.012730121425773677,0.6266684289322768,0,1.0,-0.012730121425773677,2.1065522803843564
2021-11-22,48.59,-0.03610394762943847,False,1.0,-0.03610394762943847,3.321666370435184,0,1.0,-0.03610394762943847,3.9252007688663775,0,0.0,-0.0,13.021217514941055,0,0.0,-0.0,2.2894209504455763,0,0.0,-0.0,2.1294385137914227,0,0.0,-0.0,2.2894209504455763,0,1.0,-0.03610394762943847,0.6040432247930834,0,1.0,-0.03610394762943847,2.0304974271746854
2021-11-23,49.55,0.019757151677299634,False,1.0,0.019757151677299634,3.3872930367372573,0,1.0,0.019757151677299634,4.002751555820724,0,0.0,0.0,13.021217514941055,0,0.0,0.0,2.2894209504455763,0,0.0,0.0,2.1294385137914227,0,0.0,0.0,2.2894209504455763,0,1.0,0.019757151677299634,0.6159773984049655,0,1.0,0.019757151677299634,2.070614272823742
2021-11-24,48.28,-0.02563067608476277,False,1.0,-0.02563067608476277,3.3004744261084724,0,1.0,-0.02563067608476277,3.9001583272457023,0,0.0,-0.0,13.021217514941055,0,0.0,-0.0,2.2894209504455763,0,0.0,-0.0,2.1294385137914227,0,0.0,-0.0,2.2894209504455763,0,1.0,-0.02563067608476277,0.6001894812309129,0,1.0,-0.02563067608476277,2.0175430291005103
2021-11-25,50.55,0.04701739850869924,False,1.0,0.04701739850869924,3.455654147468585,0,1.0,0.04701739850869924,4.083533625564836,0,0.0,0.0,13.021217514941055,0,0.0,0.0,2.2894209504455763,0,0.0,0.0,2.1294385137914227,0,0.0,0.0,2.2894209504455763,0,1.0,0.04701739850869924,0.6284088292506762,0,1.0,0.04701739850869924,2.1124026537081773
2021-11-26,46.67,-0.07675568743817995,False,1.0,-0.07675568743817995,3.190413037831036,0,1.0,-0.07675568743817995,3.7700991949576834,0,0.0,-0.0,13.021217514941055,0,0.0,-0.0,2.2894209504455763,0,0.0,-0.0,2.1294385137914227,0,0.0,-0.0,2.2894209504455763,0,1.0,-0.07675568743817995,0.5801748775693187,0,1.0,-0.07675568743817995,1.9502637358765704
2021-11-27,46.78,0.002356974501821263,False,1.0,0.002356974501821263,3.197932760011482,0,1.0,0.002356974501821263,3.7789852226295357,0,0.0,0.0,13.021217514941055,0,0.0,0.0,2.2894209504455763,0,0.0,0.0,2.1294385137914227,0,0.0,0.0,2.2894209504455763,0,1.0,0.002356974501821263,0.5815423349623469,0,1.0,0.002356974501821263,1.9548604577738582
2021-11-28,47.5,0.015391192817443278,False,1.0,0.015391192817443278,3.247152759738037,0,1.0,0.015391192817443278,3.837148312845296,0,0.0,0.0,13.021217514941055,0,0.0,0.0,2.2894209504455763,0,0.0,0.0,2.1294385137914227,0,0.0,0.0,2.2894209504455763,0,1.0,0.015391192817443278,0.5904929651712585,0,1.0,0.015391192817443278,1.984948092010651
2021-11-29,48.22,0.015157894736842037,False,1.0,0.015157894736842037,3.2963727594645924,0,1.0,0.015157894736842037,3.895311403061056,0,0.0,0.0,13.021217514941055,0,0.0,0.0,2.2894209504455763,0,0.0,0.0,2.1294385137914227,0,0.0,0.0,2.2894209504455763,0,1.0,0.015157894736842037,0.5994435953801701,0,1.0,0.015157894736842037,2.015035726247444
2021-11-30,48.32,0.0020738282870178537,False,1.0,0.0020738282870178537,3.303208870537725,0,1.0,0.0020738282870178537,3.9033896100354672,0,0.0,0.0,13.021217514941055,0,0.0,0.0,2.2894209504455763,0,0.0,0.0,2.1294385137914227,0,0.0,0.0,2.2894209504455763,0,1.0,0.0020738282870178537,0.6006867384647412,0,1.0,0.0020738282870178537,2.0192145643358876
2021-12-01,47.85,-0.009726821192052926,False,1.0,-0.009726821192052926,3.2710791484940014,0,1.0,-0.009726821192052926,3.865422037255735,0,0.0,-0.0,13.021217514941055,0,0.0,-0.0,2.2894209504455763,0,0.0,-0.0,2.1294385137914227,0,0.0,-0.0,2.2894209504455763,0,1.0,-0.009726821192052926,0.5948439659672572,0,1.0,-0.009726821192052926,1.9995740253202035
2021-12-02,47.03,-0.01713688610240338,False,1.0,-0.01713688610240338,3.215023037694313,0,1.0,-0.01713688610240338,3.7991807400655637,0,0.0,-0.0,13.021217514941055,0,0.0,-0.0,2.2894209504455763,0,0.0,-0.0,2.1294385137914227,0,0.0,-0.0,2.2894209504455763,0,1.0,-0.01713688610240338,0.5846501926737744,0,1.0,-0.01713688610240338,1.9653075529949668
2021-12-03,44.87,-0.04592813098022541,False,1.0,-0.04592813098022541,3.0673630385146464,0,1.0,-0.04592813098022541,3.624691469418283,0,0.0,-0.0,13.021217514941055,0,0.0,-0.0,2.2894209504455763,0,0.0,-0.0,2.1294385137914227,0,0.0,-0.0,2.2894209504455763,0,1.0,-0.04592813098022541,0.5577983020470393,0,1.0,-0.04592813098022541,1.8750446502845877
2021-12-04,39.33,-0.12346779585469136,False,1.0,-0.12346779585469136,2.6886424850630943,0,1.0,-0.12346779585469136,3.177158803035905,0,0.0,-0.0,13.021217514941055,0,0.0,-0.0,2.2894209504455763,0,0.0,-0.0,2.1294385137914227,0,0.0,-0.0,2.2894209504455763,0,1.0,-0.12346779585469136,0.488928175161802,0,1.0,-0.12346779585469136,1.643537020184819
2021-12-05,38.79,-0.013729977116704761,False,1.0,-0.013729977116704761,2.651727485268178,0,1.0,-0.013729977116704761,3.133536485374085,0,0.0,-0.0,13.021217514941055,0,0.0,-0.0,2.2894209504455763,0,0.0,-0.0,2.1294385137914227,0,0.0,-0.0,2.2894209504455763,0,1.0,-0.013729977116704761,0.48221520250511823,0,1.0,-0.013729977116704761,1.6209712945072243
2021-12-06,39.32,0.013663315287445243,False,1.0,0.013663315287445243,2.687958873955781,0,1.0,0.013663315287445243,3.176350982338464,0,0.0,0.0,13.021217514941055,0,0.0,0.0,2.2894209504455763,0,0.0,0.0,2.1294385137914227,0,0.0,0.0,2.2894209504455763,0,1.0,0.013663315287445243,0.48880386085334493,0,1.0,0.013663315287445243,1.6431191363759747
2021-12-07,39.6,0.007121057985757906,False,1.0,0.007121057985757906,2.7070999849605526,0,0.0,-0.001,3.1731746313561255,0,0.0,0.0,13.021217514941055,0,0.0,0.0,2.2894209504455763,0,0.0,0.0,2.1294385137914227,0,0.0,0.0,2.2894209504455763,0,0.0,-0.001,0.48831505699249156,0,0.0,-0.001,1.6414760172395988
2021-12-08,40.95,0.03409090909090917,False,1.0,0.03409090909090917,2.7993874844478444,0,0.0,0.0,3.1731746313561255,0,0.0,0.0,13.021217514941055,0,0.0,0.0,2.2894209504455763,0,0.0,0.0,2.1294385137914227,0,0.0,0.0,2.2894209504455763,0,0.0,0.0,0.48831505699249156,0,0.0,0.0,1.6414760172395988
2021-12-09,37.5,-0.08424908424908428,False,1.0,-0.08424908424908428,2.5635416524247656,0,0.0,-0.0,3.1731746313561255,0,0.0,-0.0,13.021217514941055,0,0.0,-0.0,2.2894209504455763,0,0.0,-0.0,2.1294385137914227,0,0.0,-0.0,2.2894209504455763,0,0.0,-0.0,0.48831505699249156,0,0.0,-0.0,1.6414760172395988
2021-12-10,36.37,-0.030133333333333456,False,1.0,-0.030133333333333456,2.4862935972983657,0,0.0,-0.0,3.1731746313561255,0,0.0,-0.0,13.021217514941055,0,0.0,-0.0,2.2894209504455763,0,0.0,-0.0,2.1294385137914227,0,0.0,-0.0,2.2894209504455763,0,0.0,-0.0,0.48831505699249156,0,0.0,-0.0,1.6414760172395988
2021-12-11,38.0,0.04481715699752553,False,1.0,0.04481715699752553,2.597722207790429,0,0.0,0.0,3.1731746313561255,0,0.0,0.0,13.021217514941055,0,0.0,0.0,2.2894209504455763,0,0.0,0.0,2.1294385137914227,0,0.0,0.0,2.2894209504455763,0,0.0,0.0,0.48831505699249156,0,0.0,0.0,1.6414760172395988
2021-12-12,37.9,-0.0026315789473684292,False,1.0,-0.0026315789473684292,2.590886096717296,0,0.0,-0.0,3.1731746313561255,0,0.0,-0.0,13.021217514941055,0,0.0,-0.0,2.2894209504455763,0,0.0,-0.0,2.1294385137914227,0,0.0,-0.0,2.2894209504455763,0,0.0,-0.0,0.48831505699249156,0,0.0,-0.0,1.6414760172395988
2021-12-13,34.19,-0.09788918205804753,False,1.0,-0.09788918205804753,2.337266375904073,0,0.0,-0.0,3.1731746313561255,0,0.0,-0.0,13.021217514941055,0,0.0,-0.0,2.2894209504455763,0,0.0,-0.0,2.1294385137914227,0,0.0,-0.0,2.2894209504455763,0,0.0,-0.0,0.48831505699249156,0,0.0,-0.0,1.6414760172395988
2021-12-14,35.41,0.035682948230476796,False,1.0,0.035682948230476796,2.420666930996292,0,0.0,0.0,3.1731746313561255,0,0.0,0.0,13.021217514941055,0,0.0,0.0,2.2894209504455763,0,0.0,0.0,2.1294385137914227,0,0.0,0.0,2.2894209504455763,0,0.0,0.0,0.48831505699249156,0,0.0,0.0,1.6414760172395988
2021-12-15,36.14,0.020615645297938467,False,1.0,0.020615645297938467,2.4705705418301607,0,0.0,0.0,3.1731746313561255,0,0.0,0.0,13.021217514941055,0,0.0,0.0,2.2894209504455763,0,0.0,0.0,2.1294385137914227,0,0.0,0.0,2.2894209504455763,0,0.0,0.0,0.48831505699249156,0,0.0,0.0,1.6414760172395988
2021-12-16,35.16,-0.027116768123962465,False,1.0,-0.027116768123962465,2.40357665331346,0,0.0,-0.0,3.1731746313561255,0,0.0,-0.0,13.021217514941055,0,0.0,-0.0,2.2894209504455763,0,0.0,-0.0,2.1294385137914227,0,0.0,-0.0,2.2894209504455763,0,0.0,-0.0,0.48831505699249156,0,0.0,-0.0,1.6414760172395988
2021-12-17,34.3,-0.024459613196814556,False,1.0,-0.024459613196814556,2.3447860980845188,0,0.0,-0.0,3.1731746313561255,0,0.0,-0.0,13.021217514941055,0,0.0,-0.0,2.2894209504455763,0,0.0,-0.0,2.1294385137914227,0,0.0,-0.0,2.2894209504455763,0,0.0,-0.0,0.48831505699249156,0,0.0,-0.0,1.6414760172395988
2021-12-18,35.03,0.02128279883381934,False,1.0,0.02128279883381934,2.3946897089183876,0,0.0,0.0,3.1731746313561255,0,0.0,0.0,13.021217514941055,0,0.0,0.0,2.2894209504455763,0,0.0,0.0,2.1294385137914227,0,0.0,0.0,2.2894209504455763,0,0.0,0.0,0.48831505699249156,0,0.0,0.0,1.6414760172395988
2021-12-19,34.87,-0.004567513559806002,False,1.0,-0.004567513559806002,2.383751931201375,0,0.0,-0.0,3.1731746313561255,0,0.0,-0.0,13.021217514941055,0,0.0,-0.0,2.2894209504455763,0,0.0,-0.0,2.1294385137914227,0,0.0,-0.0,2.2894209504455763,0,0.0,-0.0,0.48831505699249156,0,0.0,-0.0,1.6414760172395988
2021-12-20,34.55,-0.009176942930886112,False,1.0,-0.009176942930886112,2.36187637576735,0,0.0,-0.0,3.1731746313561255,0,0.0,-0.0,13.021217514941055,0,0.0,-0.0,2.2894209504455763,0,0.0,-0.0,2.1294385137914227,0,0.0,-0.0,2.2894209504455763,0,0.0,-0.0,0.48831505699249156,0,0.0,-0.0,1.6414760172395988
2021-12-21,35.32,0.022286541244573188,False,1.0,0.022286541244573188,2.4145144310304723,0,0.0,0.0,3.1731746313561255,0,0.0,0.0,13.021217514941055,0,0.0,0.0,2.2894209504455763,0,0.0,0.0,2.1294385137914227,0,0.0,0.0,2.2894209504455763,0,0.0,0.0,0.48831505699249156,0,0.0,0.0,1.6414760172395988
2021-12-22,35.7,0.01075877689694238,False,1.0,0.01075877689694238,2.440491653108377,0,0.0,0.0,3.1731746313561255,0,0.0,0.0,13.021217514941055,0,0.0,0.0,2.2894209504455763,0,0.0,0.0,2.1294385137914227,0,0.0,0.0,2.2894209504455763,0,0.0,0.0,0.48831505699249156,0,0.0,0.0,1.6414760172395988
2021-12-23,37.53,0.05126050420168071,False,1.0,0.05126050420168071,2.5655924857467056,0,0.0,0.0,3.1731746313561255,0,0.0,0.0,13.021217514941055,0,0.0,0.0,2.2894209504455763,0,0.0,0.0,2.1294385137914227,0,0.0,0.0,2.2894209504455763,0,0.0,0.0,0.48831505699249156,0,0.0,0.0,1.6414760172395988
2021-12-24,37.41,-0.003197442046363075,False,1.0,-0.003197442046363075,2.557389152458946,0,0.0,-0.0,3.1731746313561255,0,0.0,-0.0,13.021217514941055,0,0.0,-0.0,2.2894209504455763,0,0.0,-0.0,2.1294385137914227,0,0.0,-0.0,2.2894209504455763,0,0.0,-0.0,0.48831505699249156,0,0.0,-0.0,1.6414760172395988
2021-12-25,38.08,0.017909649826249652,False,1.0,0.017909649826249652,2.6031910966489353,0,0.0,0.0,3.1731746313561255,0,0.0,0.0,13.021217514941055,0,0.0,0.0,2.2894209504455763,0,0.0,0.0,2.1294385137914227,0,0.0,0.0,2.2894209504455763,0,0.0,0.0,0.48831505699249156,0,0.0,0.0,1.6414760172395988
2021-12-26,37.93,-0.003939075630252087,False,1.0,-0.003939075630252087,2.592936930039236,0,0.0,-0.0,3.1731746313561255,0,0.0,-0.0,13.021217514941055,0,0.0,-0.0,2.2894209504455763,0,0.0,-0.0,2.1294385137914227,0,0.0,-0.0,2.2894209504455763,0,0.0,-0.0,0.48831505699249156,0,0.0,-0.0,1.6414760172395988
2021-12-27,37.62,-0.00817295017136832,False,1.0,-0.00817295017136832,2.5717449857125247,0,0.0,-0.0,3.1731746313561255,0,0.0,-0.0,13.021217514941055,0,0.0,-0.0,2.2894209504455763,0,0.0,-0.0,2.1294385137914227,0,0.0,-0.0,2.2894209504455763,0,0.0,-0.0,0.48831505699249156,0,0.0,-0.0,1.6414760172395988
2021-12-28,34.93,-0.07150451887293985,False,1.0,-0.07150451887293985,2.3878535978452553,0,0.0,-0.0,3.1731746313561255,0,0.0,-0.0,13.021217514941055,0,0.0,-0.0,2.2894209504455763,0,0.0,-0.0,2.1294385137914227,0,0.0,-0.0,2.2894209504455763,0,0.0,-0.0,0.48831505699249156,0,0.0,-0.0,1.6414760172395988
2021-12-29,34.14,-0.022616661895218937,False,1.0,-0.022616661895218937,2.333848320367507,0,0.0,-0.0,3.1731746313561255,0,0.0,-0.0,13.021217514941055,0,0.0,-0.0,2.2894209504455763,0,0.0,-0.0,2.1294385137914227,0,0.0,-0.0,2.2894209504455763,0,0.0,-0.0,0.48831505699249156,0,0.0,-0.0,1.6414760172395988
2021-12-30,34.59,0.013181019332161759,False,1.0,0.013181019332161759,2.3646108201966043,0,0.0,0.0,3.1731746313561255,0,0.0,0.0,13.021217514941055,0,0.0,0.0,2.2894209504455763,0,0.0,0.0,2.1294385137914227,0,0.0,0.0,2.2894209504455763,0,0.0,0.0,0.48831505699249156,0,0.0,0.0,1.6414760172395988
2021-12-31,34.06,-0.0153223474992773,False,1.0,-0.0153223474992773,2.328379431509001,0,0.0,-0.0,3.1731746313561255,0,0.0,-0.0,13.021217514941055,0,0.0,-0.0,2.2894209504455763,0,0.0,-0.0,2.1294385137914227,0,0.0,-0.0,2.2894209504455763,0,0.0,-0.0,0.48831505699249156,0,0.0,-0.0,1.6414760172395988
2022-01-01,34.88,0.024075161479741647,False,1.0,0.024075161479741647,2.3844355423086894,0,0.0,0.0,3.1731746313561255,0,0.0,0.0,13.021217514941055,0,0.0,0.0,2.2894209504455763,0,0.0,0.0,2.1294385137914227,0,0.0,0.0,2.2894209504455763,0,0.0,0.0,0.48831505699249156,0,0.0,0.0,1.6414760172395988
2022-01-02,35.41,0.015194954128440186,True,1.0,0.015194954128440186,2.4206669309962923,1,0.0,0.0,3.1731746313561255,0,0.0,0.0,13.021217514941055,0,0.0,0.0,2.2894209504455763,0,0.0,0.0,2.1294385137914227,0,0.0,0.0,2.2894209504455763,0,0.0,0.0,0.48831505699249156,0,0.0,0.0,1.6414760172395988
2022-01-03,34.72,-0.019486020898051293,False,1.0,-0.019486020898051293,2.3734977645916766,0,1.0,-0.020486020898051294,3.1081689095449976,0,0.0,-0.0,13.021217514941055,0,0.0,-0.0,2.2894209504455763,0,0.0,-0.0,2.1294385137914227,0,0.0,-0.0,2.2894209504455763,0,0.0,-0.0,0.48831505699249156,0,0.0,-0.0,1.6414760172395988
2022-01-04,34.14,-0.016705069124423932,False,1.0,-0.016705069124423932,2.333848320367507,0,1.0,-0.016705069124423932,3.056246733060663,0,0.0,-0.0,13.021217514941055,0,0.0,-0.0,2.2894209504455763,0,0.0,-0.0,2.1294385137914227,0,0.0,-0.0,2.2894209504455763,0,0.0,-0.0,0.48831505699249156,0,0.0,-0.0,1.6414760172395988
2022-01-05,31.94,-0.0644405389572349,False,1.0,-0.0644405389572349,2.183453876758587,0,1.0,-0.0644405389572349,2.8593005463959456,0,0.0,-0.0,13.021217514941055,0,0.0,-0.0,2.2894209504455763,0,0.0,-0.0,2.1294385137914227,0,0.0,-0.0,2.2894209504455763,0,0.0,-0.0,0.48831505699249156,0,0.0,-0.0,1.6414760172395988
2022-01-06,31.63,-0.00970569818409528,False,1.0,-0.00970569818409528,2.1622619324318757,0,1.0,-0.00970569818409528,2.831549038275008,0,0.0,-0.0,13.021217514941055,0,0.0,-0.0,2.2894209504455763,0,0.0,-0.0,2.1294385137914227,0,0.0,-0.0,2.2894209504455763,0,0.0,-0.0,0.48831505699249156,0,0.0,-0.0,1.6414760172395988
2022-01-07,30.45,-0.03730635472652544,False,1.0,-0.03730635472652544,2.08159582176891,0,1.0,-0.03730635472652544,2.7259142654275683,0,0.0,-0.0,13.021217514941055,0,0.0,-0.0,2.2894209504455763,0,0.0,-0.0,2.1294385137914227,0,0.0,-0.0,2.2894209504455763,0,0.0,-0.0,0.48831505699249156,0,0.0,-0.0,1.6414760172395988
2022-01-08,29.35,-0.03612479474548436,False,1.0,-0.03612479474548436,2.00639859996445,0,1.0,-0.03612479474548436,2.6274411720952098,0,0.0,-0.0,13.021217514941055,0,0.0,-0.0,2.2894209504455763,0,0.0,-0.0,2.1294385137914227,0,0.0,-0.0,2.2894209504455763,0,0.0,-0.0,0.48831505699249156,0,0.0,-0.0,1.6414760172395988
2022-01-09,29.73,0.012947189097103795,False,1.0,0.012947189097103795,2.0323758220423542,0,1.0,0.012947189097103795,2.6614591497918423,0,0.0,0.0,13.021217514941055,0,0.0,0.0,2.2894209504455763,0,0.0,0.0,2.1294385137914227,0,0.0,0.0,2.2894209504455763,0,0.0,0.0,0.48831505699249156,0,0.0,0.0,1.6414760172395988
2022-01-10,28.48,-0.04204507231752441,False,1.0,-0.04204507231752441,1.9469244336281952,0,1.0,-0.04204507231752441,2.5495579073687074,0,0.0,-0.0,13.021217514941055,0,0.0,-0.0,2.2894209504455763,0,0.0,-0.0,2.1294385137914227,0,0.0,-0.0,2.2894209504455763,0,0.0,-0.0,0.48831505699249156,0,0.0,-0.0,1.6414760172395988
2022-01-11,29.66,0.04143258426966301,False,1.0,0.04143258426966301,2.0275905442911615,0,1.0,0.04143258426966301,2.655192680216147,0,0.0,0.0,13.021217514941055,0,0.0,0.0,2.2894209504455763,0,0.0,0.0,2.1294385137914227,0,0.0,0.0,2.2894209504455763,0,0.0,0.0,0.48831505699249156,0,0.0,0.0,1.6414760172395988
2022-01-12,31.16,0.050573162508428915,False,1.0,0.050573162508428915,2.1301322103881524,0,1.0,0.050573162508428915,2.789474171123909,0,0.0,0.0,13.021217514941055,0,0.0,0.0,2.2894209504455763,0,0.0,0.0,2.1294385137914227,0,0.0,0.0,2.2894209504455763,0,0.0,0.0,0.48831505699249156,0,0.0,0.0,1.6414760172395988
2022-01-13,30.28,-0.028241335044929317,False,1.0,-0.028241335044929317,2.069974432944585,0,1.0,-0.028241335044929317,2.710695696458022,0,0.0,-0.0,13.021217514941055,0,0.0,-0.0,2.2894209504455763,0,0.0,-0.0,2.1294385137914227,0,0.0,-0.0,2.2894209504455763,0,0.0,-0.0,0.48831505699249156,0,0.0,-0.0,1.6414760172395988
2022-01-14,31.97,0.05581241743725229,False,1.0,0.05581241743725229,2.1855047100805276,0,1.0,0.05581241743725229,2.8619861762141006,0,0.0,0.0,13.021217514941055,0,0.0,0.0,2.2894209504455763,0,0.0,0.0,2.1294385137914227,0,0.0,0.0,2.2894209504455763,0,0.0,0.0,0.48831505699249156,0,0.0,0.0,1.6414760172395988
2022-01-15,32.84,0.02721301219893668,False,1.0,0.02721301219893668,2.2449788764167824,0,1.0,0.02721301219893668,2.939869440940603,0,0.0,0.0,13.021217514941055,0,0.0,0.0,2.2894209504455763,0,0.0,0.0,2.1294385137914227,0,0.0,0.0,2.2894209504455763,0,0.0,0.0,0.48831505699249156,0,0.0,0.0,1.6414760172395988
2022-01-16,32.28,-0.01705237515225344,False,1.0,-0.01705237515225344,2.206696654407239,0,1.0,-0.01705237515225344,2.889737684335038,0,0.0,-0.0,13.021217514941055,0,0.0,-0.0,2.2894209504455763,0,0.0,-0.0,2.1294385137914227,0,0.0,-0.0,2.2894209504455763,0,0.0,-0.0,0.48831505699249156,0,0.0,-0.0,1.6414760172395988
2022-01-17,30.98,-0.040272614622057,False,1.0,-0.040272614622057,2.1178272104565137,0,1.0,-0.040272614622057,2.7733603922149777,0,0.0,-0.0,13.021217514941055,0,0.0,-0.0,2.2894209504455763,0,0.0,-0.0,2.1294385137914227,0,0.0,-0.0,2.2894209504455763,0,0.0,-0.0,0.48831505699249156,0,0.0,-0.0,1.6414760172395988
2022-01-18,32.66,0.0542285345384117,False,1.0,0.0542285345384117,2.232673876485143,0,1.0,0.0542285345384117,2.9237556620316707,0,0.0,0.0,13.021217514941055,0,0.0,0.0,2.2894209504455763,0,0.0,0.0,2.1294385137914227,0,0.0,0.0,2.2894209504455763,0,0.0,0.0,0.48831505699249156,0,0.0,0.0,1.6414760172395988
2022-01-19,31.3,-0.041641151255358166,False,1.0,-0.041641151255358166,2.1397027658905383,0,1.0,-0.041641151255358166,2.8020071102753,0,0.0,-0.0,13.021217514941055,0,0.0,-0.0,2.2894209504455763,0,0.0,-0.0,2.1294385137914227,0,0.0,-0.0,2.2894209504455763,0,0.0,-0.0,0.48831505699249156,0,0.0,-0.0,1.6414760172395988
2022-01-20,29.35,-0.06230031948881787,False,1.0,-0.06230031948881787,2.0063985999644505,0,1.0,-0.06230031948881787,2.6274411720952098,0,0.0,-0.0,13.021217514941055,0,0.0,-0.0,2.2894209504455763,0,0.0,-0.0,2.1294385137914227,0,0.0,-0.0,2.2894209504455763,0,0.0,-0.0,0.48831505699249156,0,0.0,-0.0,1.6414760172395988
2022-01-21,25.91,-0.11720613287904602,False,1.0,-0.11720613287904602,1.7712363790486851,0,1.0,-0.11720613287904602,2.319488952946742,0,0.0,-0.0,13.021217514941055,0,0.0,-0.0,2.2894209504455763,0,0.0,-0.0,2.1294385137914227,0,0.0,-0.0,2.2894209504455763,0,0.0,-0.0,0.48831505699249156,0,0.0,-0.0,1.6414760172395988
2022-01-22,24.2,-0.06599768429177932,False,1.0,-0.06599768429177932,1.6543388796981155,0,1.0,-0.06599768429177932,2.1664080533118932,0,0.0,-0.0,13.021217514941055,0,0.0,-0.0,2.2894209504455763,0,0.0,-0.0,2.1294385137914227,0,0.0,-0.0,2.2894209504455763,0,0.0,-0.0,0.48831505699249156,0,0.0,-0.0,1.6414760172395988
2022-01-23,25.13,0.03842975206611565,False,1.0,0.03842975206611565,1.7179147126782497,0,0.0,-0.001,2.1642416452585813,0,0.0,0.0,13.021217514941055,0,0.0,0.0,2.2894209504455763,0,0.0,0.0,2.1294385137914227,0,0.0,0.0,2.2894209504455763,0,0.0,0.0,0.48831505699249156,0,0.0,0.0,1.6414760172395988
2022-01-24,24.11,-0.040588937524870694,False,1.0,-0.040588937524870694,1.648186379732296,0,0.0,-0.0,2.1642416452585813,0,0.0,-0.0,13.021217514941055,0,0.0,-0.0,2.2894209504455763,0,0.0,-0.0,2.1294385137914227,0,0.0,-0.0,2.2894209504455763,0,0.0,-0.0,0.48831505699249156,0,0.0,-0.0,1.6414760172395988
2022-01-25,24.03,-0.003318125259228477,False,1.0,-0.003318125259228477,1.6427174908737898,0,0.0,-0.0,2.1642416452585813,0,0.0,-0.0,13.021217514941055,0,0.0,-0.0,2.2894209504455763,0,0.0,-0.0,2.1294385137914227,0,0.0,-0.0,2.2894209504455763,0,0.0,-0.0,0.48831505699249156,0,0.0,-0.0,1.6414760172395988
2022-01-26,24.31,0.011652101539741944,False,1.0,0.011652101539741944,1.6618586018785613,0,0.0,0.0,2.1642416452585813,0,0.0,0.0,13.021217514941055,0,0.0,0.0,2.2894209504455763,0,0.0,0.0,2.1294385137914227,0,0.0,0.0,2.2894209504455763,0,0.0,0.0,0.48831505699249156,0,0.0,0.0,1.6414760172395988
2022-01-27,24.31,0.0,False,1.0,0.0,1.6618586018785613,0,0.0,0.0,2.1642416452585813,0,0.0,0.0,13.021217514941055,0,0.0,0.0,2.2894209504455763,0,0.0,0.0,2.1294385137914227,0,0.0,0.0,2.2894209504455763,0,0.0,0.0,0.48831505699249156,0,0.0,0.0,1.6414760172395988
2022-01-28,25.16,0.034965034965035,False,1.0,0.034965034965035,1.7199655460001892,0,0.0,0.0,2.1642416452585813,0,0.0,0.0,13.021217514941055,0,0.0,0.0,2.2894209504455763,0,0.0,0.0,2.1294385137914227,0,0.0,0.0,2.2894209504455763,0,0.0,0.0,0.48831505699249156,0,0.0,0.0,1.6414760172395988
2022-01-29,25.33,0.006756756756756577,False,1.0,0.006756756756756577,1.7315869348245145,0,0.0,0.0,2.1642416452585813,0,0.0,0.0,13.021217514941055,0,0.0,0.0,2.2894209504455763,0,0.0,0.0,2.1294385137914227,0,0.0,0.0,2.2894209504455763,0,0.0,0.0,0.48831505699249156,0,0.0,0.0,1.6414760172395988
2022-01-30,24.91,-0.016581129095933567,False,1.0,-0.016581129095933567,1.7028752683173574,0,0.0,-0.0,2.1642416452585813,0,0.0,-0.0,13.021217514941055,0,0.0,-0.0,2.2894209504455763,0,0.0,-0.0,2.1294385137914227,0,0.0,-0.0,2.2894209504455763,0,0.0,-0.0,0.48831505699249156,0,0.0,-0.0,1.6414760172395988
2022-01-31,25.66,0.03010839020473699,False,1.0,0.03010839020473699,1.7541461013658526,0,0.0,0.0,2.1642416452585813,0,0.0,0.0,13.021217514941055,0,0.0,0.0,2.2894209504455763,0,0.0,0.0,2.1294385137914227,0,0.0,0.0,2.2894209504455763,0,0.0,0.0,0.48831505699249156,0,0.0,0.0,1.6414760172395988
2022-02-01,26.79,0.044037412314887,False,1.0,0.044037412314887,1.8313941564922522,0,0.0,0.0,2.1642416452585813,0,0.0,0.0,13.021217514941055,0,0.0,0.0,2.2894209504455763,0,0.0,0.0,2.1294385137914227,0,0.0,0.0,2.2894209504455763,0,0.0,0.0,0.48831505699249156,0,0.0,0.0,1.6414760172395988
2022-02-02,26.26,-0.019783501306457563,False,1.0,-0.019783501306457563,1.7951627678046491,0,0.0,-0.0,2.1642416452585813,0,0.0,-0.0,13.021217514941055,0,0.0,-0.0,2.2894209504455763,0,0.0,-0.0,2.1294385137914227,0,0.0,-0.0,2.2894209504455763,0,0.0,-0.0,0.48831505699249156,0,0.0,-0.0,1.6414760172395988
2022-02-03,27.92,0.06321401370906332,False,1.0,0.06321401370906332,1.9086422116186523,0,0.0,0.0,2.1642416452585813,0,0.0,0.0,13.021217514941055,0,0.0,0.0,2.2894209504455763,0,0.0,0.0,2.1294385137914227,0,0.0,0.0,2.2894209504455763,0,0.0,0.0,0.48831505699249156,0,0.0,0.0,1.6414760172395988
2022-02-04,29.69,0.06339541547277938,False,1.0,0.06339541547277938,2.0296413776131015,0,0.0,0.0,2.1642416452585813,0,0.0,0.0,13.021217514941055,0,0.0,0.0,2.2894209504455763,0,0.0,0.0,2.1294385137914227,0,0.0,0.0,2.2894209504455763,0,0.0,0.0,0.48831505699249156,0,0.0,0.0,1.6414760172395988
2022-02-05,29.42,-0.009093971034018211,False,1.0,-0.009093971034018211,2.011183877715643,0,0.0,-0.0,2.1642416452585813,0,0.0,-0.0,13.021217514941055,0,0.0,-0.0,2.2894209504455763,0,0.0,-0.0,2.1294385137914227,0,0.0,-0.0,2.2894209504455763,0,0.0,-0.0,0.48831505699249156,0,0.0,-0.0,1.6414760172395988
2022-02-06,29.89,0.01597552685248127,False,1.0,0.01597552685248127,2.043313599759367,0,0.0,0.0,2.1642416452585813,0,0.0,0.0,13.021217514941055,0,0.0,0.0,2.2894209504455763,0,0.0,0.0,2.1294385137914227,0,0.0,0.0,2.2894209504455763,0,0.0,0.0,0.48831505699249156,0,0.0,0.0,1.6414760172395988
2022-02-07,32.67,0.09300769488123128,True,1.0,0.09300769488123128,2.2333574875924564,0,0.0,0.0,2.1642416452585813,0,0.0,0.0,13.021217514941055,0,0.0,0.0,2.2894209504455763,0,0.0,0.0,2.1294385137914227,0,0.0,0.0,2.2894209504455763,0,0.0,0.0,0.48831505699249156,0,0.0,0.0,1.6414760172395988
2022-02-08,32.07,-0.018365472910927494,True,1.0,-0.018365472910927494,2.19234082115366,0,0.0,-0.0,2.1642416452585813,0,0.0,-0.0,13.021217514941055,0,0.0,-0.0,2.2894209504455763,0,0.0,-0.0,2.1294385137914227,0,0.0,-0.0,2.2894209504455763,0,0.0,-0.0,0.48831505699249156,0,0.0,-0.0,1.6414760172395988
2022-02-09,33.79,0.05363267851574682,True,1.0,0.05363267851574682,2.3099219316115427,0,0.0,0.0,2.1642416452585813,0,0.0,0.0,13.021217514941055,0,0.0,0.0,2.2894209504455763,0,0.0,0.0,2.1294385137914227,0,0.0,0.0,2.2894209504455763,0,0.0,0.0,0.48831505699249156,0,0.0,0.0,1.6414760172395988
2022-02-10,34.34,0.01627700503107432,True,1.0,0.01627700503107432,2.347520542513773,0,0.0,0.0,2.1642416452585813,0,0.0,0.0,13.021217514941055,0,0.0,0.0,2.2894209504455763,0,0.0,0.0,2.1294385137914227,0,0.0,0.0,2.2894209504455763,0,0.0,0.0,0.48831505699249156,0,0.0,0.0,1.6414760172395988
2022-02-11,32.69,-0.04804892253931292,True,1.0,-0.04804892253931292,2.234724709807083,0,0.0,-0.0,2.1642416452585813,0,0.0,-0.0,13.021217514941055,0,0.0,-0.0,2.2894209504455763,0,0.0,-0.0,2.1294385137914227,0,0.0,-0.0,2.2894209504455763,0,0.0,-0.0,0.48831505699249156,0,0.0,-0.0,1.6414760172395988
2022-02-12,31.71,-0.02997858672376863,True,1.0,-0.02997858672376863,2.1677308212903825,0,0.0,-0.0,2.1642416452585813,0,0.0,-0.0,13.021217514941055,0,0.0,-0.0,2.2894209504455763,0,0.0,-0.0,2.1294385137914227,0,0.0,-0.0,2.2894209504455763,0,0.0,-0.0,0.48831505699249156,0,0.0,-0.0,1.6414760172395988
2022-02-13,32.47,0.023967202775149632,True,1.0,0.023967202775149632,2.219685265446191,0,0.0,0.0,2.1642416452585813,0,0.0,0.0,13.021217514941055,0,0.0,0.0,2.2894209504455763,0,0.0,0.0,2.1294385137914227,0,0.0,0.0,2.2894209504455763,0,0.0,0.0,0.48831505699249156,0,0.0,0.0,1.6414760172395988
2022-02-14,31.4,-0.03295349553433935,True,1.0,-0.03295349553433935,2.146538876963671,0,0.0,-0.0,2.1642416452585813,0,0.0,-0.0,13.021217514941055,0,0.0,-0.0,2.2894209504455763,0,0.0,-0.0,2.1294385137914227,0,0.0,-0.0,2.2894209504455763,0,0.0,-0.0,0.48831505699249156,0,0.0,-0.0,1.6414760172395988
2022-02-15,33.47,0.06592356687898082,True,1.0,0.06592356687898082,2.288046376177518,0,0.0,0.0,2.1642416452585813,0,0.0,0.0,13.021217514941055,0,0.0,0.0,2.2894209504455763,0,0.0,0.0,2.1294385137914227,0,0.0,0.0,2.2894209504455763,0,0.0,0.0,0.48831505699249156,0,0.0,0.0,1.6414760172395988
2022-02-16,32.24,-0.036749327756199435,True,1.0,-0.036749327756199435,2.203962209977986,0,0.0,-0.0,2.1642416452585813,0,0.0,-0.0,13.021217514941055,0,0.0,-0.0,2.2894209504455763,0,0.0,-0.0,2.1294385137914227,0,0.0,-0.0,2.2894209504455763,0,0.0,-0.0,0.48831505699249156,0,0.0,-0.0,1.6414760172395988
2022-02-17,29.43,-0.08715880893300254,True,1.0,-0.08715880893300254,2.0118674888229564,0,0.0,-0.0,2.1642416452585813,0,0.0,-0.0,13.021217514941055,0,0.0,-0.0,2.2894209504455763,0,0.0,-0.0,2.1294385137914227,0,0.0,-0.0,2.2894209504455763,0,0.0,-0.0,0.48831505699249156,0,0.0,-0.0,1.6414760172395988
2022-02-18,28.95,-0.016309887869520923,True,1.0,-0.016309887869520923,1.9790541556719194,0,0.0,-0.0,2.1642416452585813,0,0.0,-0.0,13.021217514941055,0,0.0,-0.0,2.2894209504455763,0,0.0,-0.0,2.1294385137914227,0,0.0,-0.0,2.2894209504455763,0,0.0,-0.0,0.48831505699249156,0,0.0,-0.0,1.6414760172395988
2022-02-19,28.69,-0.00898100172711569,True,1.0,-0.00898100172711569,1.9612802668817744,0,0.0,-0.0,2.1642416452585813,0,0.0,-0.0,13.021217514941055,0,0.0,-0.0,2.2894209504455763,0,0.0,-0.0,2.1294385137914227,0,0.0,-0.0,2.2894209504455763,0,0.0,-0.0,0.48831505699249156,0,0.0,-0.0,1.6414760172395988
2022-02-20,27.23,-0.05088881143255497,True,1.0,-0.05088881143255497,1.8614730452140367,0,0.0,-0.0,2.1642416452585813,0,0.0,-0.0,13.021217514941055,0,0.0,-0.0,2.2894209504455763,0,0.0,-0.0,2.1294385137914227,0,0.0,-0.0,2.2894209504455763,0,0.0,-0.0,0.48831505699249156,0,0.0,-0.0,1.6414760172395988
2022-02-21,24.98,-0.08262945280940137,False,1.0,-0.08262945280940137,1.7076605460685508,0,0.0,-0.0,2.1642416452585813,0,0.0,-0.0,13.021217514941055,0,0.0,-0.0,2.2894209504455763,0,0.0,-0.0,2.1294385137914227,0,0.0,-0.0,2.2894209504455763,0,0.0,-0.0,0.48831505699249156,0,0.0,-0.0,1.6414760172395988
2022-02-22,26.66,0.06725380304243389,True,1.0,0.06725380304243389,1.8225072120971801,0,0.0,0.0,2.1642416452585813,0,0.0,0.0,13.021217514941055,0,0.0,0.0,2.2894209504455763,0,0.0,0.0,2.1294385137914227,0,0.0,0.0,2.2894209504455763,0,0.0,0.0,0.48831505699249156,0,0.0,0.0,1.6414760172395988
2022-02-23,26.54,-0.004501125281320406,False,1.0,-0.004501125281320406,1.8143038788094208,0,0.0,-0.0,2.1642416452585813,0,0.0,-0.0,13.021217514941055,0,0.0,-0.0,2.2894209504455763,0,0.0,-0.0,2.1294385137914227,0,0.0,-0.0,2.2894209504455763,0,0.0,-0.0,0.48831505699249156,0,0.0,-0.0,1.6414760172395988
2022-02-24,26.52,-0.0007535795026375469,False,1.0,-0.0007535795026375469,1.8129366565947942,0,0.0,-0.0,2.1642416452585813,0,0.0,-0.0,13.021217514941055,0,0.0,-0.0,2.2894209504455763,0,0.0,-0.0,2.1294385137914227,0,0.0,-0.0,2.2894209504455763,0,0.0,-0.0,0.48831505699249156,0,0.0,-0.0,1.6414760172395988
2022-02-25,27.99,0.05542986425339369,False,1.0,0.05542986425339369,1.913427489369845,0,0.0,0.0,2.1642416452585813,0,0.0,0.0,13.021217514941055,0,0.0,0.0,2.2894209504455763,0,0.0,0.0,2.1294385137914227,0,0.0,0.0,2.2894209504455763,0,0.0,0.0,0.48831505699249156,0,0.0,0.0,1.6414760172395988
2022-02-26,28.89,0.032154340836012985,False,1.0,0.032154340836012985,1.9749524890280397,0,0.0,0.0,2.1642416452585813,0,0.0,0.0,13.021217514941055,0,0.0,0.0,2.2894209504455763,0,0.0,0.0,2.1294385137914227,0,0.0,0.0,2.2894209504455763,0,0.0,0.0,0.48831505699249156,0,0.0,0.0,1.6414760172395988
2022-02-27,27.36,-0.052959501557632405,False,1.0,-0.052959501557632405,1.8703599896091092,0,0.0,-0.0,2.1642416452585813,0,0.0,-0.0,13.021217514941055,0,0.0,-0.0,2.2894209504455763,0,0.0,-0.0,2.1294385137914227,0,0.0,-0.0,2.2894209504455763,0,0.0,-0.0,0.48831505699249156,0,0.0,-0.0,1.6414760172395988
2022-02-28,30.49,0.11440058479532156,False,1.0,0.11440058479532156,2.0843302661981626,0,0.0,0.0,2.1642416452585813,0,0.0,0.0,13.021217514941055,0,0.0,0.0,2.2894209504455763,0,0.0,0.0,2.1294385137914227,0,0.0,0.0,2.2894209504455763,0,0.0,0.0,0.48831505699249156,0,0.0,0.0,1.6414760172395988
2022-03-01,30.34,-0.004919645785503413,False,1.0,-0.004919645785503413,2.0740760995884635,0,0.0,-0.0,2.1642416452585813,0,0.0,-0.0,13.021217514941055,0,0.0,-0.0,2.2894209504455763,0,0.0,-0.0,2.1294385137914227,0,0.0,-0.0,2.2894209504455763,0,0.0,-0.0,0.48831505699249156,0,0.0,-0.0,1.6414760172395988
2022-03-02,29.52,-0.027027027027027084,False,1.0,-0.027027027027027084,2.018019988788775,0,0.0,-0.0,2.1642416452585813,0,0.0,-0.0,13.021217514941055,0,0.0,-0.0,2.2894209504455763,0,0.0,-0.0,2.1294385137914227,0,0.0,-0.0,2.2894209504455763,0,0.0,-0.0,0.48831505699249156,0,0.0,-0.0,1.6414760172395988
2022-03-03,30.23,0.024051490514905183,False,1.0,0.024051490514905183,2.0665563774080176,0,0.0,0.0,2.1642416452585813,0,0.0,0.0,13.021217514941055,0,0.0,0.0,2.2894209504455763,0,0.0,0.0,2.1294385137914227,0,0.0,0.0,2.2894209504455763,0,0.0,0.0,0.48831505699249156,0,0.0,0.0,1.6414760172395988
2022-03-04,27.59,-0.08733046642408204,False,1.0,-0.08733046642408204,1.886083045077314,0,0.0,-0.0,2.1642416452585813,0,0.0,-0.0,13.021217514941055,0,0.0,-0.0,2.2894209504455763,0,0.0,-0.0,2.1294385137914227,0,0.0,-0.0,2.2894209504455763,0,0.0,-0.0,0.48831505699249156,0,0.0,-0.0,1.6414760172395988
2022-03-05,27.84,0.009061254077564307,False,1.0,0.009061254077564307,1.9031733227601457,0,0.0,0.0,2.1642416452585813,0,0.0,0.0,13.021217514941055,0,0.0,0.0,2.2894209504455763,0,0.0,0.0,2.1294385137914227,0,0.0,0.0,2.2894209504455763,0,0.0,0.0,0.48831505699249156,0,0.0,0.0,1.6414760172395988
2022-03-06,26.55,-0.04633620689655171,False,1.0,-0.04633620689655171,1.8149874899167338,0,0.0,-0.0,2.1642416452585813,0,0.0,-0.0,13.021217514941055,0,0.0,-0.0,2.2894209504455763,0,0.0,-0.0,2.1294385137914227,0,0.0,-0.0,2.2894209504455763,0,0.0,-0.0,0.48831505699249156,0,0.0,-0.0,1.6414760172395988
2022-03-07,26.13,-0.015819209039548032,False,1.0,-0.015819209039548032,1.7862758234095764,0,0.0,-0.0,2.1642416452585813,0,0.0,-0.0,13.021217514941055,0,0.0,-0.0,2.2894209504455763,0,0.0,-0.0,2.1294385137914227,0,0.0,-0.0,2.2894209504455763,0,0.0,-0.0,0.48831505699249156,0,0.0,-0.0,1.6414760172395988
2022-03-08,26.74,0.023344814389590463,False,1.0,0.023344814389590463,1.8279761009556859,0,0.0,0.0,2.1642416452585813,0,0.0,0.0,13.021217514941055,0,0.0,0.0,2.2894209504455763,0,0.0,0.0,2.1294385137914227,0,0.0,0.0,2.2894209504455763,0,0.0,0.0,0.48831505699249156,0,0.0,0.0,1.6414760172395988
2022-03-09,28.05,0.04899027673896783,False,1.0,0.04899027673896783,1.9175291560137242,0,0.0,0.0,2.1642416452585813,0,0.0,0.0,13.021217514941055,0,0.0,0.0,2.2894209504455763,0,0.0,0.0,2.1294385137914227,0,0.0,0.0,2.2894209504455763,0,0.0,0.0,0.48831505699249156,0,0.0,0.0,1.6414760172395988
2022-03-10,26.69,-0.048484848484848464,False,1.0,-0.048484848484848464,1.8245580454191195,0,0.0,-0.0,2.1642416452585813,0,0.0,-0.0,13.021217514941055,0,0.0,-0.0,2.2894209504455763,0,0.0,-0.0,2.1294385137914227,0,0.0,-0.0,2.2894209504455763,0,0.0,-0.0,0.48831505699249156,0,0.0,-0.0,1.6414760172395988
2022-03-11,26.48,-0.007868115399025877,False,1.0,-0.007868115399025877,1.8102022121655408,0,0.0,-0.0,2.1642416452585813,0,0.0,-0.0,13.021217514941055,0,0.0,-0.0,2.2894209504455763,0,0.0,-0.0,2.1294385137914227,0,0.0,-0.0,2.2894209504455763,0,0.0,-0.0,0.48831505699249156,0,0.0,-0.0,1.6414760172395988
2022-03-12,26.3,-0.006797583081570968,False,1.0,-0.006797583081570968,1.7978972122339019,0,0.0,-0.0,2.1642416452585813,0,0.0,-0.0,13.021217514941055,0,0.0,-0.0,2.2894209504455763,0,0.0,-0.0,2.1294385137914227,0,0.0,-0.0,2.2894209504455763,0,0.0,-0.0,0.48831505699249156,0,0.0,-0.0,1.6414760172395988
2022-03-13,25.36,-0.03574144486692021,True,1.0,-0.03574144486692021,1.7336377681464543,0,0.0,-0.0,2.1642416452585813,0,0.0,-0.0,13.021217514941055,0,0.0,-0.0,2.2894209504455763,0,0.0,-0.0,2.1294385137914227,0,0.0,-0.0,2.2894209504455763,0,0.0,-0.0,0.48831505699249156,0,0.0,-0.0,1.6414760172395988
2022-03-14,25.93,0.02247634069400628,False,1.0,0.02247634069400628,1.7726036012633106,0,0.0,0.0,2.1642416452585813,0,0.0,0.0,13.021217514941055,0,0.0,0.0,2.2894209504455763,0,0.0,0.0,2.1294385137914227,0,0.0,0.0,2.2894209504455763,0,0.0,0.0,0.48831505699249156,0,0.0,0.0,1.6414760172395988
2022-03-15,25.85,-0.003085229463941297,False,1.0,-0.003085229463941297,1.7671347124048047,0,0.0,-0.0,2.1642416452585813,0,0.0,-0.0,13.021217514941055,0,0.0,-0.0,2.2894209504455763,0,0.0,-0.0,2.1294385137914227,0,0.0,-0.0,2.2894209504455763,0,0.0,-0.0,0.48831505699249156,0,0.0,-0.0,1.6414760172395988
2022-03-16,27.36,0.058413926499032875,True,1.0,0.058413926499032875,1.8703599896091085,0,0.0,0.0,2.1642416452585813,0,0.0,0.0,13.021217514941055,0,0.0,0.0,2.2894209504455763,0,0.0,0.0,2.1294385137914227,0,0.0,0.0,2.2894209504455763,0,0.0,0.0,0.48831505699249156,0,0.0,0.0,1.6414760172395988
2022-03-17,27.15,-0.007675438596491224,False,1.0,-0.007675438596491224,1.8560041563555298,0,0.0,-0.0,2.1642416452585813,0,0.0,-0.0,13.021217514941055,0,0.0,-0.0,2.2894209504455763,0,0.0,-0.0,2.1294385137914227,0,0.0,-0.0,2.2894209504455763,0,0.0,-0.0,0.48831505699249156,0,0.0,-0.0,1.6414760172395988
2022-03-18,28.05,0.03314917127071837,False,1.0,0.03314917127071837,1.9175291560137244,0,0.0,0.0,2.1642416452585813,0,0.0,0.0,13.021217514941055,0,0.0,0.0,2.2894209504455763,0,0.0,0.0,2.1294385137914227,0,0.0,0.0,2.2894209504455763,0,0.0,0.0,0.48831505699249156,0,0.0,0.0,1.6414760172395988
2022-03-19,34.01,0.21247771836007123,True,1.0,0.21247771836007123,2.3249613759724337,0,0.0,0.0,2.1642416452585813,1,0.0,0.0,13.021217514941055,0,0.0,0.0,2.2894209504455763,0,0.0,0.0,2.1294385137914227,0,0.0,0.0,2.2894209504455763,0,0.0,0.0,0.48831505699249156,0,0.0,0.0,1.6414760172395988
2022-03-20,38.17,0.12231696559835359,True,1.0,0.12231696559835359,2.609343596614755,0,0.0,0.0,2.1642416452585813,1,1.0,0.12131696559835359,14.600912112249837,0,0.0,0.0,2.2894209504455763,0,0.0,0.0,2.1294385137914227,0,0.0,0.0,2.2894209504455763,0,0.0,0.0,0.48831505699249156,0,0.0,0.0,1.6414760172395988
2022-03-21,38.39,0.0057636887608067955,True,1.0,0.0057636887608067955,2.6243830409756463,0,0.0,0.0,2.1642416452585813,1,1.0,0.0057636887608067955,14.685067225288739,0,0.0,0.0,2.2894209504455763,0,0.0,0.0,2.1294385137914227,0,0.0,0.0,2.2894209504455763,0,0.0,0.0,0.48831505699249156,0,0.0,0.0,1.6414760172395988
2022-03-22,45.86,0.19458192237561867,True,1.0,0.19458192237561867,3.1350405381386595,0,0.0,0.0,2.1642416452585813,1,1.0,0.19458192237561867,17.542515836200614,0,0.0,0.0,2.2894209504455763,0,0.0,0.0,2.1294385137914227,0,0.0,0.0,2.2894209504455763,0,0.0,0.0,0.48831505699249156,0,0.0,0.0,1.6414760172395988
2022-03-23,45.13,-0.015918011338857285,True,1.0,-0.015918011338857285,3.085136927304791,0,0.0,-0.0,2.1642416452585813,1,1.0,-0.015918011338857285,17.26327387020789,0,0.0,-0.0,2.2894209504455763,0,0.0,-0.0,2.1294385137914227,0,0.0,-0.0,2.2894209504455763,0,0.0,-0.0,0.48831505699249156,0,0.0,-0.0,1.6414760172395988
2022-03-24,48.52,0.07511633060048739,True,1.0,0.07511633060048739,3.31688109268399,0,0.0,0.0,2.1642416452585813,1,1.0,0.07511633060048739,18.56002765748918,0,0.0,0.0,2.2894209504455763,0,0.0,0.0,2.1294385137914227,0,0.0,0.0,2.2894209504455763,0,0.0,0.0,0.48831505699249156,0,0.0,0.0,1.6414760172395988
2022-03-25,48.15,-0.007625721352019887,True,1.0,-0.007625721352019887,3.2915874817133983,0,0.0,-0.0,2.1642416452585813,1,1.0,-0.007625721352019887,18.418494058287383,0,0.0,-0.0,2.2894209504455763,0,0.0,-0.0,2.1294385137914227,0,0.0,-0.0,2.2894209504455763,0,0.0,-0.0,0.48831505699249156,0,0.0,-0.0,1.6414760172395988
2022-03-26,47.18,-0.02014537902388369,True,1.0,-0.02014537902388369,3.225277204304011,0,0.0,-0.0,2.1642416452585813,1,1.0,-0.02014537902388369,18.047446514434032,0,0.0,-0.0,2.2894209504455763,0,0.0,-0.0,2.1294385137914227,0,0.0,-0.0,2.2894209504455763,0,0.0,-0.0,0.48831505699249156,0,0.0,-0.0,1.6414760172395988
2022-03-27,48.0,0.017380245866892796,True,1.0,0.017380245866892796,3.2813333151036996,0,0.0,0.0,2.1642416452585813,1,1.0,0.017380245866892796,18.361115572124493,0,0.0,0.0,2.2894209504455763,0,0.0,0.0,2.1294385137914227,0,0.0,0.0,2.2894209504455763,0,0.0,0.0,0.48831505699249156,0,0.0,0.0,1.6414760172395988
2022-03-28,47.07,-0.01937500000000003,True,1.0,-0.01937500000000003,3.2177574821235653,0,0.0,-0.0,2.1642416452585813,1,1.0,-0.01937500000000003,18.00536895791458,0,0.0,-0.0,2.2894209504455763,0,0.0,-0.0,2.1294385137914227,0,0.0,-0.0,2.2894209504455763,0,0.0,-0.0,0.48831505699249156,0,0.0,-0.0,1.6414760172395988
2022-03-29,49.28,0.046951349054599634,True,1.0,0.046951349054599634,3.3688355368397986,0,0.0,0.0,2.1642416452585813,1,1.0,0.046951349054599634,18.85074532071448,0,0.0,0.0,2.2894209504455763,0,0.0,0.0,2.1294385137914227,0,0.0,0.0,2.2894209504455763,0,0.0,0.0,0.48831505699249156,0,0.0,0.0,1.6414760172395988
2022-03-30,49.66,0.007711038961038863,True,1.0,0.007711038961038863,3.3948127589177024,0,0.0,0.0,2.1642416452585813,1,1.0,0.007711038961038863,18.99610415232713,0,0.0,0.0,2.2894209504455763,0,0.0,0.0,2.1294385137914227,0,0.0,0.0,2.2894209504455763,0,0.0,0.0,0.48831505699249156,0,0.0,0.0,1.6414760172395988
2022-03-31,47.45,-0.04450261780104703,True,1.0,-0.04450261780104703,3.24373470420147,0,0.0,-0.0,2.1642416452585813,0,1.0,-0.04450261780104703,18.150727789527235,0,0.0,-0.0,2.2894209504455763,0,0.0,-0.0,2.1294385137914227,0,0.0,-0.0,2.2894209504455763,0,0.0,-0.0,0.48831505699249156,0,0.0,-0.0,1.6414760172395988
2022-04-01,47.18,-0.005690200210748175,True,1.0,-0.005690200210748175,3.2252772043040117,0,0.0,-0.0,2.1642416452585813,0,1.0,-0.005690200210748175,18.047446514434032,0,0.0,-0.0,2.2894209504455763,0,0.0,-0.0,2.1294385137914227,0,0.0,-0.0,2.2894209504455763,0,0.0,-0.0,0.48831505699249156,0,0.0,-0.0,1.6414760172395988
2022-04-02,45.49,-0.03582026282323014,True,1.0,-0.03582026282323014,3.109746927168069,0,0.0,-0.0,2.1642416452585813,0,1.0,-0.03582026282323014,17.400982236998818,0,0.0,-0.0,2.2894209504455763,0,0.0,-0.0,2.1294385137914227,0,0.0,-0.0,2.2894209504455763,0,0.0,-0.0,0.48831505699249156,0,0.0,-0.0,1.6414760172395988
2022-04-03,46.71,0.026819081116728816,True,1.0,0.026819081116728816,3.1931474822602874,0,0.0,0.0,2.1642416452585813,0,1.0,0.026819081116728816,17.867660591123645,0,0.0,0.0,2.2894209504455763,0,0.0,0.0,2.1294385137914227,0,0.0,0.0,2.2894209504455763,0,0.0,0.0,0.48831505699249156,0,0.0,0.0,1.6414760172395988
2022-04-04,46.74,0.0006422607578677741,True,1.0,0.0006422607578677741,3.1951983155822274,0,0.0,0.0,2.1642416452585813,0,1.0,0.0006422607578677741,17.879136288356225,0,0.0,0.0,2.2894209504455763,0,0.0,0.0,2.1294385137914227,0,0.0,0.0,2.2894209504455763,0,0.0,0.0,0.48831505699249156,0,0.0,0.0,1.6414760172395988
2022-04-05,44.39,-0.05027813436029105,True,1.0,-0.05027813436029105,3.0345497053636086,0,0.0,-0.0,2.1642416452585813,0,1.0,-0.05027813436029105,16.980206671804297,0,0.0,-0.0,2.2894209504455763,0,0.0,-0.0,2.1294385137914227,0,0.0,-0.0,2.2894209504455763,0,0.0,-0.0,0.48831505699249156,0,0.0,-0.0,1.6414760172395988
2022-04-06,38.43,-0.13426447398062624,True,1.0,-0.13426447398062624,2.6271174854048995,0,0.0,-0.0,2.1642416452585813,1,1.0,-0.13426447398062624,14.700368154932173,0,0.0,-0.0,2.2894209504455763,0,0.0,-0.0,2.1294385137914227,0,0.0,-0.0,2.2894209504455763,0,0.0,-0.0,0.48831505699249156,0,0.0,-0.0,1.6414760172395988
2022-04-07,43.45,0.13062711423367168,True,1.0,0.13062711423367168,2.9702902612761615,0,0.0,0.0,2.1642416452585813,0,1.0,0.13062711423367168,16.620634825183526,0,0.0,0.0,2.2894209504455763,0,0.0,0.0,2.1294385137914227,0,0.0,0.0,2.2894209504455763,0,0.0,0.0,0.48831505699249156,0,0.0,0.0,1.6414760172395988
2022-04-08,40.49,-0.06812428078250865,True,1.0,-0.06812428078250865,2.7679413735114333,0,0.0,-0.0,2.1642416452585813,0,1.0,-0.06812428078250865,15.488366031569182,0,0.0,-0.0,2.2894209504455763,0,0.0,-0.0,2.1294385137914227,0,0.0,-0.0,2.2894209504455763,0,0.0,-0.0,0.48831505699249156,0,0.0,-0.0,1.6414760172395988
2022-04-09,41.96,0.03630526055816241,True,1.0,0.03630526055816241,2.8684322062864838,0,0.0,0.0,2.1642416452585813,0,1.0,0.03630526055816241,16.050675195965493,0,0.0,0.0,2.2894209504455763,0,0.0,0.0,2.1294385137914227,0,0.0,0.0,2.2894209504455763,0,0.0,0.0,0.48831505699249156,0,0.0,0.0,1.6414760172395988
2022-04-10,40.32,-0.03908484270734036,True,1.0,-0.03908484270734036,2.7563199846871074,0,0.0,-0.0,2.1642416452585813,0,1.0,-0.03908484270734036,15.423337080584572,0,0.0,-0.0,2.2894209504455763,0,0.0,-0.0,2.1294385137914227,0,0.0,-0.0,2.2894209504455763,0,0.0,-0.0,0.48831505699249156,0,0.0,-0.0,1.6414760172395988
2022-04-11,37.0,-0.08234126984126988,False,1.0,-0.08234126984126988,2.5293610970591014,0,0.0,-0.0,2.1642416452585813,0,1.0,-0.08234126984126988,14.153359920179295,0,0.0,-0.0,2.2894209504455763,0,0.0,-0.0,2.1294385137914227,0,0.0,-0.0,2.2894209504455763,0,0.0,-0.0,0.48831505699249156,0,0.0,-0.0,1.6414760172395988
2022-04-12,38.12,0.030270270270270183,False,1.0,0.030270270270270183,2.6059255410781876,0,0.0,0.0,2.1642416452585813,0,1.0,0.030270270270270183,14.581785950195531,0,0.0,0.0,2.2894209504455763,0,0.0,0.0,2.1294385137914227,0,0.0,0.0,2.2894209504455763,0,0.0,0.0,0.48831505699249156,0,0.0,0.0,1.6414760172395988
2022-04-13,38.59,0.01232948583420801,False,1.0,0.01232948583420801,2.638055263121912,0,0.0,0.0,2.1642416452585813,0,1.0,0.01232948583420801,14.76157187350592,0,0.0,0.0,2.2894209504455763,0,0.0,0.0,2.1294385137914227,0,0.0,0.0,2.2894209504455763,0,0.0,0.0,0.48831505699249156,0,0.0,0.0,1.6414760172395988
2022-04-14,37.05,-0.03990671158331194,False,1.0,-0.03990671158331194,2.5327791525956678,0,0.0,-0.0,2.1642416452585813,0,1.0,-0.03990671158331194,14.17248608223359,0,0.0,-0.0,2.2894209504455763,0,0.0,-0.0,2.1294385137914227,0,0.0,-0.0,2.2894209504455763,0,0.0,-0.0,0.48831505699249156,0,0.0,-0.0,1.6414760172395988
2022-04-15,37.35,0.00809716599190291,False,1.0,0.00809716599190291,2.553287485815066,0,0.0,0.0,2.1642416452585813,0,1.0,0.00809716599190291,14.287243054559369,0,0.0,0.0,2.2894209504455763,0,0.0,0.0,2.1294385137914227,0,0.0,0.0,2.2894209504455763,0,0.0,0.0,0.48831505699249156,0,0.0,0.0,1.6414760172395988
2022-04-16,38.14,0.021151271753681478,False,1.0,0.021151271753681478,2.6072927632928145,0,0.0,0.0,2.1642416452585813,0,1.0,0.021151271753681478,14.589436415017252,0,0.0,0.0,2.2894209504455763,0,0.0,0.0,2.1294385137914227,0,0.0,0.0,2.2894209504455763,0,0.0,0.0,0.48831505699249156,0,0.0,0.0,1.6414760172395988
2022-04-17,36.6,-0.04037755637126372,False,1.0,-0.04037755637126372,2.502016652766571,0,0.0,-0.0,2.1642416452585813,0,1.0,-0.04037755637126372,14.000350623744925,0,0.0,-0.0,2.2894209504455763,0,0.0,-0.0,2.1294385137914227,0,0.0,-0.0,2.2894209504455763,0,0.0,-0.0,0.48831505699249156,0,0.0,-0.0,1.6414760172395988
2022-04-18,36.9,0.008196721311475308,False,1.0,0.008196721311475308,2.5225249859859686,0,0.0,0.0,2.1642416452585813,0,1.0,0.008196721311475308,14.115107596070702,0,0.0,0.0,2.2894209504455763,0,0.0,0.0,2.1294385137914227,0,0.0,0.0,2.2894209504455763,0,0.0,0.0,0.48831505699249156,0,0.0,0.0,1.6414760172395988
2022-04-19,37.8,0.024390243902439046,False,1.0,0.024390243902439046,2.584049985644163,0,0.0,0.0,2.1642416452585813,0,1.0,0.024390243902439046,14.459378513048037,0,0.0,0.0,2.2894209504455763,0,0.0,0.0,2.1294385137914227,0,0.0,0.0,2.2894209504455763,0,0.0,0.0,0.48831505699249156,0,0.0,0.0,1.6414760172395988
2022-04-20,36.54,-0.033333333333333326,False,1.0,-0.033333333333333326,2.497914986122691,0,0.0,-0.0,2.1642416452585813,0,1.0,-0.033333333333333326,13.977399229279769,0,0.0,-0.0,2.2894209504455763,0,0.0,-0.0,2.1294385137914227,0,0.0,-0.0,2.2894209504455763,0,0.0,-0.0,0.48831505699249156,0,0.0,-0.0,1.6414760172395988
2022-04-21,34.89,-0.0451559934318555,False,1.0,-0.0451559934318555,2.3851191534160012,0,0.0,-0.0,2.1642416452585813,0,1.0,-0.0451559934318555,13.346235881487988,0,0.0,-0.0,2.2894209504455763,0,0.0,-0.0,2.1294385137914227,0,0.0,-0.0,2.2894209504455763,0,0.0,-0.0,0.48831505699249156,0,0.0,-0.0,1.6414760172395988
2022-04-22,35.53,0.01834336486099164,False,1.0,0.01834336486099164,2.4288702642840505,0,0.0,0.0,2.1642416452585813,0,1.0,0.01834336486099164,13.59105075578298,0,0.0,0.0,2.2894209504455763,0,0.0,0.0,2.1294385137914227,0,0.0,0.0,2.2894209504455763,0,0.0,0.0,0.48831505699249156,0,0.0,0.0,1.6414760172395988
2022-04-23,34.54,-0.02786377708978338,False,1.0,-0.02786377708978338,2.3611927646600366,0,0.0,-0.0,2.1642416452585813,0,1.0,-0.02786377708978338,13.21235274710791,0,0.0,-0.0,2.2894209504455763,0,0.0,-0.0,2.1294385137914227,0,0.0,-0.0,2.2894209504455763,0,0.0,-0.0,0.48831505699249156,0,0.0,-0.0,1.6414760172395988
2022-04-24,33.63,-0.026346265199768237,False,1.0,-0.026346265199768237,2.2989841538945295,0,0.0,-0.0,2.1642416452585813,0,1.0,-0.026346265199768237,12.86425659771972,0,0.0,-0.0,2.2894209504455763,0,0.0,-0.0,2.1294385137914227,0,0.0,-0.0,2.2894209504455763,0,0.0,-0.0,0.48831505699249156,0,0.0,-0.0,1.6414760172395988
2022-04-25,33.64,0.0002973535533750127,False,1.0,0.0002973535533750127,2.2996677650018427,0,0.0,0.0,2.1642416452585813,0,1.0,0.0002973535533750127,12.86808183013058,0,0.0,0.0,2.2894209504455763,0,0.0,0.0,2.1294385137914227,0,0.0,0.0,2.2894209504455763,0,0.0,0.0,0.48831505699249156,0,0.0,0.0,1.6414760172395988
2022-04-26,30.69,-0.08769322235434007,False,1.0,-0.08769322235434007,2.0980024883444277,0,0.0,-0.0,2.1642416452585813,0,1.0,-0.08769322235434007,11.739638268927095,0,0.0,-0.0,2.2894209504455763,0,0.0,-0.0,2.1294385137914227,0,0.0,-0.0,2.2894209504455763,0,0.0,-0.0,0.48831505699249156,0,0.0,-0.0,1.6414760172395988
2022-04-27,31.27,0.018898664059954218,False,1.0,0.018898664059954218,2.137651932568597,0,0.0,0.0,2.1642416452585813,0,0.0,-0.001,11.727898630658167,0,0.0,0.0,2.2894209504455763,0,0.0,0.0,2.1294385137914227,0,0.0,0.0,2.2894209504455763,0,0.0,0.0,0.48831505699249156,0,0.0,0.0,1.6414760172395988
2022-04-28,31.12,-0.004796929964822505,False,1.0,-0.004796929964822505,2.127397765958898,0,0.0,-0.0,2.1642416452585813,0,0.0,-0.0,11.727898630658167,0,0.0,-0.0,2.2894209504455763,0,0.0,-0.0,2.1294385137914227,0,0.0,-0.0,2.2894209504455763,0,0.0,-0.0,0.48831505699249156,0,0.0,-0.0,1.6414760172395988
2022-04-29,29.19,-0.062017994858611813,False,1.0,-0.062017994858611813,1.9954608222474366,0,0.0,-0.0,2.1642416452585813,0,0.0,-0.0,11.727898630658167,0,0.0,-0.0,2.2894209504455763,0,0.0,-0.0,2.1294385137914227,0,0.0,-0.0,2.2894209504455763,0,0.0,-0.0,0.48831505699249156,0,0.0,-0.0,1.6414760172395988
2022-04-30,25.89,-0.11305241521068865,False,1.0,-0.11305241521068865,1.7698691568340572,0,0.0,-0.0,2.1642416452585813,0,0.0,-0.0,11.727898630658167,0,0.0,-0.0,2.2894209504455763,0,0.0,-0.0,2.1294385137914227,0,0.0,-0.0,2.2894209504455763,0,0.0,-0.0,0.48831505699249156,0,0.0,-0.0,1.6414760172395988
2022-05-01,27.66,0.06836616454229438,False,1.0,0.06836616454229438,1.8908683228285061,0,0.0,0.0,2.1642416452585813,0,0.0,0.0,11.727898630658167,0,0.0,0.0,2.2894209504455763,0,0.0,0.0,2.1294385137914227,0,0.0,0.0,2.2894209504455763,0,0.0,0.0,0.48831505699249156,0,0.0,0.0,1.6414760172395988
2022-05-02,27.41,-0.009038322487346373,False,1.0,-0.009038322487346373,1.8737780451456743,0,0.0,-0.0,2.1642416452585813,0,0.0,-0.0,11.727898630658167,0,0.0,-0.0,2.2894209504455763,0,0.0,-0.0,2.1294385137914227,0,0.0,-0.0,2.2894209504455763,0,0.0,-0.0,0.48831505699249156,0,0.0,-0.0,1.6414760172395988
2022-05-03,26.83,-0.021160160525355742,False,1.0,-0.021160160525355742,1.8341286009215045,0,0.0,-0.0,2.1642416452585813,0,0.0,-0.0,11.727898630658167,0,0.0,-0.0,2.2894209504455763,0,0.0,-0.0,2.1294385137914227,0,0.0,-0.0,2.2894209504455763,0,0.0,-0.0,0.48831505699249156,0,0.0,-0.0,1.6414760172395988
2022-05-04,30.64,0.14200521803950816,False,1.0,0.14200521803950816,2.094584432807861,0,0.0,0.0,2.1642416452585813,0,0.0,0.0,11.727898630658167,0,0.0,0.0,2.2894209504455763,0,0.0,0.0,2.1294385137914227,0,0.0,0.0,2.2894209504455763,0,0.0,0.0,0.48831505699249156,0,0.0,0.0,1.6414760172395988
2022-05-05,28.31,-0.0760443864229765,False,1.0,-0.0760443864229765,1.9353030448038688,0,0.0,-0.0,2.1642416452585813,0,0.0,-0.0,11.727898630658167,0,0.0,-0.0,2.2894209504455763,0,0.0,-0.0,2.1294385137914227,0,0.0,-0.0,2.2894209504455763,0,0.0,-0.0,0.48831505699249156,0,0.0,-0.0,1.6414760172395988
2022-05-06,27.95,-0.01271635464500176,False,1.0,-0.01271635464500176,1.910693044940591,0,0.0,-0.0,2.1642416452585813,0,0.0,-0.0,11.727898630658167,0,0.0,-0.0,2.2894209504455763,0,0.0,-0.0,2.1294385137914227,0,0.0,-0.0,2.2894209504455763,0,0.0,-0.0,0.48831505699249156,0,0.0,-0.0,1.6414760172395988
2022-05-07,26.84,-0.03971377459749548,False,1.0,-0.03971377459749548,1.8348122120288182,0,0.0,-0.0,2.1642416452585813,0,0.0,-0.0,11.727898630658167,0,0.0,-0.0,2.2894209504455763,0,0.0,-0.0,2.1294385137914227,0,0.0,-0.0,2.2894209504455763,0,0.0,-0.0,0.48831505699249156,0,0.0,-0.0,1.6414760172395988
2022-05-08,26.52,-0.011922503725782407,False,1.0,-0.011922503725782407,1.8129366565947935,0,0.0,-0.0,2.1642416452585813,0,0.0,-0.0,11.727898630658167,0,0.0,-0.0,2.2894209504455763,0,0.0,-0.0,2.1294385137914227,0,0.0,-0.0,2.2894209504455763,0,0.0,-0.0,0.48831505699249156,0,0.0,-0.0,1.6414760172395988
2022-05-09,22.72,-0.1432880844645551,False,1.0,-0.1432880844645551,1.5531644358157506,0,0.0,-0.0,2.1642416452585813,0,0.0,-0.0,11.727898630658167,0,0.0,-0.0,2.2894209504455763,0,0.0,-0.0,2.1294385137914227,0,0.0,-0.0,2.2894209504455763,0,0.0,-0.0,0.48831505699249156,0,0.0,-0.0,1.6414760172395988
2022-05-10,23.89,0.05149647887323949,False,1.0,0.05149647887323949,1.6331469353714034,0,0.0,0.0,2.1642416452585813,0,0.0,0.0,11.727898630658167,0,0.0,0.0,2.2894209504455763,0,0.0,0.0,2.1294385137914227,0,0.0,0.0,2.2894209504455763,0,0.0,0.0,0.48831505699249156,0,0.0,0.0,1.6414760172395988
2022-05-11,19.98,-0.1636668061950607,False,1.0,-0.1636668061950607,1.3658549924119145,0,0.0,-0.0,2.1642416452585813,0,0.0,-0.0,11.727898630658167,0,0.0,-0.0,2.2894209504455763,0,0.0,-0.0,2.1294385137914227,0,0.0,-0.0,2.2894209504455763,0,0.0,-0.0,0.48831505699249156,0,0.0,-0.0,1.6414760172395988
2022-05-12,18.89,-0.0545545545545546,False,1.0,-0.0545545545545546,1.291341381714768,0,0.0,-0.0,2.1642416452585813,0,0.0,-0.0,11.727898630658167,0,0.0,-0.0,2.2894209504455763,0,0.0,-0.0,2.1294385137914227,0,0.0,-0.0,2.2894209504455763,0,0.0,-0.0,0.48831505699249156,0,0.0,-0.0,1.6414760172395988
2022-05-13,20.48,0.08417151932239286,False,1.0,0.08417151932239286,1.400035547777578,0,0.0,0.0,2.1642416452585813,0,0.0,0.0,11.727898630658167,0,0.0,0.0,2.2894209504455763,0,0.0,0.0,2.1294385137914227,0,0.0,0.0,2.2894209504455763,0,0.0,0.0,0.48831505699249156,0,0.0,0.0,1.6414760172395988
2022-05-14,21.08,0.029296875,False,1.0,0.029296875,1.4410522142163744,0,0.0,0.0,2.1642416452585813,0,0.0,0.0,11.727898630658167,0,0.0,0.0,2.2894209504455763,0,0.0,0.0,2.1294385137914227,0,0.0,0.0,2.2894209504455763,0,0.0,0.0,0.48831505699249156,0,0.0,0.0,1.6414760172395988
2022-05-15,22.16,0.05123339658444026,False,1.0,0.05123339658444026,1.5148822138062077,0,0.0,0.0,2.1642416452585813,0,0.0,0.0,11.727898630658167,0,0.0,0.0,2.2894209504455763,0,0.0,0.0,2.1294385137914227,0,0.0,0.0,2.2894209504455763,0,0.0,0.0,0.48831505699249156,0,0.0,0.0,1.6414760172395988
2022-05-16,20.88,-0.0577617328519856,False,1.0,-0.0577617328519856,1.427379992070109,0,0.0,-0.0,2.1642416452585813,0,0.0,-0.0,11.727898630658167,0,0.0,-0.0,2.2894209504455763,0,0.0,-0.0,2.1294385137914227,0,0.0,-0.0,2.2894209504455763,0,0.0,-0.0,0.48831505699249156,0,0.0,-0.0,1.6414760172395988
2022-05-17,21.77,0.042624521072796906,False,1.0,0.042624521072796906,1.4882213806209899,0,0.0,0.0,2.1642416452585813,0,0.0,0.0,11.727898630658167,0,0.0,0.0,2.2894209504455763,0,0.0,0.0,2.1294385137914227,0,0.0,0.0,2.2894209504455763,0,0.0,0.0,0.48831505699249156,0,0.0,0.0,1.6414760172395988
2022-05-18,19.8,-0.09049150206706469,False,1.0,-0.09049150206706469,1.3535499924802756,0,0.0,-0.0,2.1642416452585813,0,0.0,-0.0,11.727898630658167,0,0.0,-0.0,2.2894209504455763,0,0.0,-0.0,2.1294385137914227,0,0.0,-0.0,2.2894209504455763,0,0.0,-0.0,0.48831505699249156,0,0.0,-0.0,1.6414760172395988
2022-05-19,20.89,0.055050505050505016,False,1.0,0.055050505050505016,1.428063603177422,0,0.0,0.0,2.1642416452585813,0,0.0,0.0,11.727898630658167,0,0.0,0.0,2.2894209504455763,0,0.0,0.0,2.1294385137914227,0,0.0,0.0,2.2894209504455763,0,0.0,0.0,0.48831505699249156,0,0.0,0.0,1.6414760172395988
2022-05-20,20.16,-0.034944949736716135,False,1.0,-0.034944949736716135,1.3781599923435532,0,0.0,-0.0,2.1642416452585813,0,0.0,-0.0,11.727898630658167,0,0.0,-0.0,2.2894209504455763,0,0.0,-0.0,2.1294385137914227,0,0.0,-0.0,2.2894209504455763,0,0.0,-0.0,0.48831505699249156,0,0.0,-0.0,1.6414760172395988
2022-05-21,20.35,0.009424603174603252,False,1.0,0.009424603174603252,1.3911486033825056,0,0.0,0.0,2.1642416452585813,0,0.0,0.0,11.727898630658167,0,0.0,0.0,2.2894209504455763,0,0.0,0.0,2.1294385137914227,0,0.0,0.0,2.2894209504455763,0,0.0,0.0,0.48831505699249156,0,0.0,0.0,1.6414760172395988
2022-05-22,21.08,0.03587223587223565,False,1.0,0.03587223587223565,1.441052214216374,0,0.0,0.0,2.1642416452585813,0,0.0,0.0,11.727898630658167,0,0.0,0.0,2.2894209504455763,0,0.0,0.0,2.1294385137914227,0,0.0,0.0,2.2894209504455763,0,0.0,0.0,0.48831505699249156,0,0.0,0.0,1.6414760172395988
2022-05-23,21.86,0.03700189753320693,False,1.0,0.03700189753320693,1.4943738805868092,0,0.0,0.0,2.1642416452585813,0,0.0,0.0,11.727898630658167,0,0.0,0.0,2.2894209504455763,0,0.0,0.0,2.1294385137914227,0,0.0,0.0,2.2894209504455763,0,0.0,0.0,0.48831505699249156,0,0.0,0.0,1.6414760172395988
2022-05-24,24.22,0.1079597438243367,False,1.0,0.1079597438243367,1.655706101912741,0,0.0,0.0,2.1642416452585813,0,0.0,0.0,11.727898630658167,0,0.0,0.0,2.2894209504455763,0,0.0,0.0,2.1294385137914227,0,0.0,0.0,2.2894209504455763,0,0.0,0.0,0.48831505699249156,0,0.0,0.0,1.6414760172395988
2022-05-25,23.73,-0.020231213872832332,False,1.0,-0.020231213872832332,1.6222091576543909,0,0.0,-0.0,2.1642416452585813,0,0.0,-0.0,11.727898630658167,0,0.0,-0.0,2.2894209504455763,0,0.0,-0.0,2.1294385137914227,0,0.0,-0.0,2.2894209504455763,0,0.0,-0.0,0.48831505699249156,0,0.0,-0.0,1.6414760172395988
2022-05-26,21.9,-0.07711757269279396,False,1.0,-0.07711757269279396,1.4971083250160624,0,0.0,-0.0,2.1642416452585813,0,0.0,-0.0,11.727898630658167,0,0.0,-0.0,2.2894209504455763,0,0.0,-0.0,2.1294385137914227,0,0.0,-0.0,2.2894209504455763,0,0.0,-0.0,0.48831505699249156,0,0.0,-0.0,1.6414760172395988
2022-05-27,22.51,0.02785388127853894,False,1.0,0.02785388127853894,1.5388086025621721,0,0.0,0.0,2.1642416452585813,0,0.0,0.0,11.727898630658167,0,0.0,0.0,2.2894209504455763,0,0.0,0.0,2.1294385137914227,0,0.0,0.0,2.2894209504455763,0,0.0,0.0,0.48831505699249156,0,0.0,0.0,1.6414760172395988
2022-05-28,22.74,0.010217681030652903,False,1.0,0.010217681030652903,1.5545316580303772,0,0.0,0.0,2.1642416452585813,0,0.0,0.0,11.727898630658167,0,0.0,0.0,2.2894209504455763,0,0.0,0.0,2.1294385137914227,0,0.0,0.0,2.2894209504455763,0,0.0,0.0,0.48831505699249156,0,0.0,0.0,1.6414760172395988
2022-05-29,23.67,0.04089709762533,True,1.0,0.04089709762533,1.6181074910105115,0,0.0,0.0,2.1642416452585813,0,0.0,0.0,11.727898630658167,0,0.0,0.0,2.2894209504455763,0,0.0,0.0,2.1294385137914227,0,0.0,0.0,2.2894209504455763,0,0.0,0.0,0.48831505699249156,0,0.0,0.0,1.6414760172395988
2022-05-30,24.84,0.049429657794676674,True,1.0,0.049429657794676674,1.698089990566164,0,0.0,0.0,2.1642416452585813,0,0.0,0.0,11.727898630658167,0,0.0,0.0,2.2894209504455763,0,0.0,0.0,2.1294385137914227,0,0.0,0.0,2.2894209504455763,0,0.0,0.0,0.48831505699249156,0,0.0,0.0,1.6414760172395988
2022-05-31,23.77,-0.043075684380032175,True,1.0,-0.043075684380032175,1.624943602083644,0,0.0,-0.0,2.1642416452585813,0,0.0,-0.0,11.727898630658167,0,0.0,-0.0,2.2894209504455763,0,0.0,-0.0,2.1294385137914227,0,0.0,-0.0,2.2894209504455763,0,0.0,-0.0,0.48831505699249156,0,0.0,-0.0,1.6414760172395988
2022-06-01,22.02,-0.07362221287336979,True,1.0,-0.07362221287336979,1.5053116583038217,0,0.0,-0.0,2.1642416452585813,0,0.0,-0.0,11.727898630658167,0,0.0,-0.0,2.2894209504455763,0,0.0,-0.0,2.1294385137914227,0,0.0,-0.0,2.2894209504455763,0,0.0,-0.0,0.48831505699249156,0,0.0,-0.0,1.6414760172395988
2022-06-02,22.42,0.01816530426884655,True,1.0,0.01816530426884655,1.5326561025963525,0,0.0,0.0,2.1642416452585813,0,0.0,0.0,11.727898630658167,0,0.0,0.0,2.2894209504455763,0,0.0,0.0,2.1294385137914227,0,0.0,0.0,2.2894209504455763,0,0.0,0.0,0.48831505699249156,0,0.0,0.0,1.6414760172395988
2022-06-03,21.84,-0.025869759143621884,True,1.0,-0.025869759143621884,1.4930066583721826,0,0.0,-0.0,2.1642416452585813,0,0.0,-0.0,11.727898630658167,0,0.0,-0.0,2.2894209504455763,0,0.0,-0.0,2.1294385137914227,0,0.0,-0.0,2.2894209504455763,0,0.0,-0.0,0.48831505699249156,0,0.0,-0.0,1.6414760172395988
2022-06-04,21.98,0.0064102564102563875,False,1.0,0.0064102564102563875,1.5025772138745683,0,0.0,0.0,2.1642416452585813,0,0.0,0.0,11.727898630658167,0,0.0,0.0,2.2894209504455763,0,0.0,0.0,2.1294385137914227,0,0.0,0.0,2.2894209504455763,0,0.0,0.0,0.48831505699249156,0,0.0,0.0,1.6414760172395988
2022-06-05,21.82,-0.007279344858962755,True,1.0,-0.007279344858962755,1.491639436157556,0,0.0,-0.0,2.1642416452585813,0,0.0,-0.0,11.727898630658167,0,0.0,-0.0,2.2894209504455763,0,0.0,-0.0,2.1294385137914227,0,0.0,-0.0,2.2894209504455763,0,0.0,-0.0,0.48831505699249156,0,0.0,-0.0,1.6414760172395988
2022-06-06,22.52,0.03208065994500453,True,1.0,0.03208065994500453,1.5394922136694849,0,0.0,0.0,2.1642416452585813,0,0.0,0.0,11.727898630658167,0,0.0,0.0,2.2894209504455763,0,0.0,0.0,2.1294385137914227,0,0.0,0.0,2.2894209504455763,0,0.0,0.0,0.48831505699249156,0,0.0,0.0,1.6414760172395988
2022-06-07,21.54,-0.043516873889875685,True,1.0,-0.043516873889875685,1.4724983251527843,0,0.0,-0.0,2.1642416452585813,0,0.0,-0.0,11.727898630658167,0,0.0,-0.0,2.2894209504455763,0,0.0,-0.0,2.1294385137914227,0,0.0,-0.0,2.2894209504455763,0,0.0,-0.0,0.48831505699249156,0,0.0,-0.0,1.6414760172395988
2022-06-08,21.28,-0.01207056638811499,True,1.0,-0.01207056638811499,1.4547244363626395,0,0.0,-0.0,2.1642416452585813,0,0.0,-0.0,11.727898630658167,0,0.0,-0.0,2.2894209504455763,0,0.0,-0.0,2.1294385137914227,0,0.0,-0.0,2.2894209504455763,0,0.0,-0.0,0.48831505699249156,0,0.0,-0.0,1.6414760172395988
2022-06-09,21.17,-0.005169172932330768,True,1.0,-0.005169172932330768,1.4472047141821935,0,0.0,-0.0,2.1642416452585813,0,0.0,-0.0,11.727898630658167,0,0.0,-0.0,2.2894209504455763,0,0.0,-0.0,2.1294385137914227,0,0.0,-0.0,2.2894209504455763,0,0.0,-0.0,0.48831505699249156,0,0.0,-0.0,1.6414760172395988
2022-06-10,20.0,-0.05526688710439309,False,1.0,-0.05526688710439309,1.3672222146265407,0,0.0,-0.0,2.1642416452585813,0,0.0,-0.0,11.727898630658167,0,0.0,-0.0,2.2894209504455763,0,0.0,-0.0,2.1294385137914227,0,0.0,-0.0,2.2894209504455763,0,0.0,-0.0,0.48831505699249156,0,0.0,-0.0,1.6414760172395988
2022-06-11,18.22,-0.08900000000000008,False,1.0,-0.08900000000000008,1.2455394375247784,0,0.0,-0.0,2.1642416452585813,0,0.0,-0.0,11.727898630658167,0,0.0,-0.0,2.2894209504455763,0,0.0,-0.0,2.1294385137914227,0,0.0,-0.0,2.2894209504455763,0,0.0,-0.0,0.48831505699249156,0,0.0,-0.0,1.6414760172395988
2022-06-12,16.56,-0.09110867178924265,False,1.0,-0.09110867178924265,1.1320599937107754,0,0.0,-0.0,2.1642416452585813,0,0.0,-0.0,11.727898630658167,0,0.0,-0.0,2.2894209504455763,0,0.0,-0.0,2.1294385137914227,0,0.0,-0.0,2.2894209504455763,0,0.0,-0.0,0.48831505699249156,0,0.0,-0.0,1.6414760172395988
2022-06-13,14.45,-0.12741545893719808,False,1.0,-0.12741545893719808,0.9878180500676753,0,0.0,-0.0,2.1642416452585813,0,0.0,-0.0,11.727898630658167,0,0.0,-0.0,2.2894209504455763,0,0.0,-0.0,2.1294385137914227,0,0.0,-0.0,2.2894209504455763,0,0.0,-0.0,0.48831505699249156,0,0.0,-0.0,1.6414760172395988
2022-06-14,14.57,0.008304498269896321,False,1.0,0.008304498269896321,0.9960213833554347,0,0.0,0.0,2.1642416452585813,0,0.0,0.0,11.727898630658167,0,0.0,0.0,2.2894209504455763,0,0.0,0.0,2.1294385137914227,0,0.0,0.0,2.2894209504455763,0,0.0,0.0,0.48831505699249156,0,0.0,0.0,1.6414760172395988
2022-06-15,15.88,0.08991077556623206,False,1.0,0.08991077556623206,1.0855744384134731,0,0.0,0.0,2.1642416452585813,0,0.0,0.0,11.727898630658167,0,0.0,0.0,2.2894209504455763,0,0.0,0.0,2.1294385137914227,0,0.0,0.0,2.2894209504455763,0,0.0,0.0,0.48831505699249156,0,0.0,0.0,1.6414760172395988
2022-06-16,13.82,-0.12972292191435775,False,1.0,-0.12972292191435775,0.9447505503069393,0,0.0,-0.0,2.1642416452585813,0,0.0,-0.0,11.727898630658167,0,0.0,-0.0,2.2894209504455763,0,0.0,-0.0,2.1294385137914227,0,0.0,-0.0,2.2894209504455763,0,0.0,-0.0,0.48831505699249156,0,0.0,-0.0,1.6414760172395988
2022-06-17,14.35,0.03835021707670028,False,1.0,0.03835021707670028,0.9809819389945424,0,0.0,0.0,2.1642416452585813,0,0.0,0.0,11.727898630658167,0,0.0,0.0,2.2894209504455763,0,0.0,0.0,2.1294385137914227,0,0.0,0.0,2.2894209504455763,0,0.0,0.0,0.48831505699249156,0,0.0,0.0,1.6414760172395988
2022-06-18,13.67,-0.04738675958188154,False,1.0,-0.04738675958188154,0.9344963836972401,0,0.0,-0.0,2.1642416452585813,0,0.0,-0.0,11.727898630658167,0,0.0,-0.0,2.2894209504455763,0,0.0,-0.0,2.1294385137914227,0,0.0,-0.0,2.2894209504455763,0,0.0,-0.0,0.48831505699249156,0,0.0,-0.0,1.6414760172395988
2022-06-19,15.37,0.12435991221653242,False,1.0,0.12435991221653242,1.050710271940496,0,0.0,0.0,2.1642416452585813,0,0.0,0.0,11.727898630658167,0,0.0,0.0,2.2894209504455763,0,0.0,0.0,2.1294385137914227,0,0.0,0.0,2.2894209504455763,0,0.0,0.0,0.48831505699249156,0,0.0,0.0,1.6414760172395988
2022-06-20,16.24,0.05660377358490565,False,1.0,0.05660377358490565,1.1101844382767505,0,0.0,0.0,2.1642416452585813,0,0.0,0.0,11.727898630658167,0,0.0,0.0,2.2894209504455763,0,0.0,0.0,2.1294385137914227,0,0.0,0.0,2.2894209504455763,0,0.0,0.0,0.48831505699249156,0,0.0,0.0,1.6414760172395988
2022-06-21,16.14,-0.006157635467980205,False,1.0,-0.006157635467980205,1.103348327203618,0,0.0,-0.0,2.1642416452585813,0,0.0,-0.0,11.727898630658167,0,0.0,-0.0,2.2894209504455763,0,0.0,-0.0,2.1294385137914227,0,0.0,-0.0,2.2894209504455763,0,0.0,-0.0,0.48831505699249156,0,0.0,-0.0,1.6414760172395988
2022-06-22,15.2,-0.058240396530359395,False,1.0,-0.058240396530359395,1.0390888831161706,0,0.0,-0.0,2.1642416452585813,0,0.0,-0.0,11.727898630658167,0,0.0,-0.0,2.2894209504455763,0,0.0,-0.0,2.1294385137914227,0,0.0,-0.0,2.2894209504455763,0,0.0,-0.0,0.48831505699249156,0,0.0,-0.0,1.6414760172395988
2022-06-23,15.93,0.048026315789473806,False,1.0,0.048026315789473806,1.0889924939500395,0,0.0,0.0,2.1642416452585813,0,0.0,0.0,11.727898630658167,0,0.0,0.0,2.2894209504455763,0,0.0,0.0,2.1294385137914227,0,0.0,0.0,2.2894209504455763,0,0.0,0.0,0.48831505699249156,0,0.0,0.0,1.6414760172395988
2022-06-24,16.41,0.030131826741996326,False,1.0,0.030131826741996326,1.1218058271010767,0,0.0,0.0,2.1642416452585813,0,0.0,0.0,11.727898630658167,0,0.0,0.0,2.2894209504455763,0,0.0,0.0,2.1294385137914227,0,0.0,0.0,2.2894209504455763,0,0.0,0.0,0.48831505699249156,0,0.0,0.0,1.6414760172395988
2022-06-25,16.55,0.008531383302864182,False,1.0,0.008531383302864182,1.1313763826034626,0,0.0,0.0,2.1642416452585813,0,0.0,0.0,11.727898630658167,0,0.0,0.0,2.2894209504455763,0,0.0,0.0,2.1294385137914227,0,0.0,0.0,2.2894209504455763,0,0.0,0.0,0.48831505699249156,0,0.0,0.0,1.6414760172395988
2022-06-26,16.69,0.008459214501510548,False,1.0,0.008459214501510548,1.1409469381058484,0,0.0,0.0,2.1642416452585813,0,0.0,0.0,11.727898630658167,0,0.0,0.0,2.2894209504455763,0,0.0,0.0,2.1294385137914227,0,0.0,0.0,2.2894209504455763,0,0.0,0.0,0.48831505699249156,0,0.0,0.0,1.6414760172395988
2022-06-27,16.56,-0.007789095266626855,False,1.0,-0.007789095266626855,1.1320599937107756,0,0.0,-0.0,2.1642416452585813,0,0.0,-0.0,11.727898630658167,0,0.0,-0.0,2.2894209504455763,0,0.0,-0.0,2.1294385137914227,0,0.0,-0.0,2.2894209504455763,0,0.0,-0.0,0.48831505699249156,0,0.0,-0.0,1.6414760172395988
2022-06-28,15.44,-0.06763285024154586,False,1.0,-0.06763285024154586,1.0554955496916893,0,0.0,-0.0,2.1642416452585813,0,0.0,-0.0,11.727898630658167,0,0.0,-0.0,2.2894209504455763,0,0.0,-0.0,2.1294385137914227,0,0.0,-0.0,2.2894209504455763,0,0.0,-0.0,0.48831505699249156,0,0.0,-0.0,1.6414760172395988
2022-06-29,15.23,-0.013601036269429989,False,1.0,-0.013601036269429989,1.0411397164381107,0,0.0,-0.0,2.1642416452585813,0,0.0,-0.0,11.727898630658167,0,0.0,-0.0,2.2894209504455763,0,0.0,-0.0,2.1294385137914227,0,0.0,-0.0,2.2894209504455763,0,0.0,-0.0,0.48831505699249156,0,0.0,-0.0,1.6414760172395988
2022-06-30,15.01,-0.014445173998686833,False,1.0,-0.014445173998686833,1.0261002720772188,0,0.0,-0.0,2.1642416452585813,0,0.0,-0.0,11.727898630658167,0,0.0,-0.0,2.2894209504455763,0,0.0,-0.0,2.1294385137914227,0,0.0,-0.0,2.2894209504455763,0,0.0,-0.0,0.48831505699249156,0,0.0,-0.0,1.6414760172395988
2022-07-01,14.64,-0.024650233177881398,False,1.0,-0.024650233177881398,1.0008066611066277,0,0.0,-0.0,2.1642416452585813,0,0.0,-0.0,11.727898630658167,0,0.0,-0.0,2.2894209504455763,0,0.0,-0.0,2.1294385137914227,0,0.0,-0.0,2.2894209504455763,0,0.0,-0.0,0.48831505699249156,0,0.0,-0.0,1.6414760172395988
2022-07-02,14.77,0.008879781420765065,False,1.0,0.008879781420765065,1.0096936055017003,0,0.0,0.0,2.1642416452585813,0,0.0,0.0,11.727898630658167,0,0.0,0.0,2.2894209504455763,0,0.0,0.0,2.1294385137914227,0,0.0,0.0,2.2894209504455763,0,0.0,0.0,0.48831505699249156,0,0.0,0.0,1.6414760172395988
2022-07-03,14.81,0.0027081922816520887,True,1.0,0.0027081922816520887,1.0124280499309535,0,0.0,0.0,2.1642416452585813,0,0.0,0.0,11.727898630658167,0,0.0,0.0,2.2894209504455763,0,0.0,0.0,2.1294385137914227,0,0.0,0.0,2.2894209504455763,0,0.0,0.0,0.48831505699249156,0,0.0,0.0,1.6414760172395988
2022-07-04,15.4,0.03983794733288315,True,1.0,0.03983794733288315,1.0527611052624364,0,0.0,0.0,2.1642416452585813,0,0.0,0.0,11.727898630658167,0,0.0,0.0,2.2894209504455763,0,0.0,0.0,2.1294385137914227,0,0.0,0.0,2.2894209504455763,0,0.0,0.0,0.48831505699249156,0,0.0,0.0,1.6414760172395988
2022-07-05,14.93,-0.030519480519480613,False,1.0,-0.030519480519480613,1.0206313832187126,0,0.0,-0.0,2.1642416452585813,0,0.0,-0.0,11.727898630658167,0,0.0,-0.0,2.2894209504455763,0,0.0,-0.0,2.1294385137914227,0,0.0,-0.0,2.2894209504455763,0,0.0,-0.0,0.48831505699249156,0,0.0,-0.0,1.6414760172395988
2022-07-06,15.22,0.01942397856664435,True,1.0,0.01942397856664435,1.0404561053307975,0,0.0,0.0,2.1642416452585813,0,0.0,0.0,11.727898630658167,0,0.0,0.0,2.2894209504455763,0,0.0,0.0,2.1294385137914227,0,0.0,0.0,2.2894209504455763,0,0.0,0.0,0.48831505699249156,0,0.0,0.0,1.6414760172395988
2022-07-07,15.88,0.043363994743758294,True,1.0,0.043363994743758294,1.0855744384134733,0,0.0,0.0,2.1642416452585813,0,0.0,0.0,11.727898630658167,0,0.0,0.0,2.2894209504455763,0,0.0,0.0,2.1294385137914227,0,0.0,0.0,2.2894209504455763,0,0.0,0.0,0.48831505699249156,0,0.0,0.0,1.6414760172395988
2022-07-08,15.57,-0.01952141057934509,True,1.0,-0.01952141057934509,1.0643824940867619,0,0.0,-0.0,2.1642416452585813,0,0.0,-0.0,11.727898630658167,0,0.0,-0.0,2.2894209504455763,0,0.0,-0.0,2.1294385137914227,0,0.0,-0.0,2.2894209504455763,0,0.0,-0.0,0.48831505699249156,0,0.0,-0.0,1.6414760172395988
2022-07-09,15.85,0.017983301220295456,True,1.0,0.017983301220295456,1.0835236050915336,0,0.0,0.0,2.1642416452585813,0,0.0,0.0,11.727898630658167,0,0.0,0.0,2.2894209504455763,0,0.0,0.0,2.1294385137914227,0,0.0,0.0,2.2894209504455763,0,0.0,0.0,0.48831505699249156,0,0.0,0.0,1.6414760172395988
2022-07-10,15.13,-0.04542586750788635,False,1.0,-0.04542586750788635,1.0343036053649781,0,0.0,-0.0,2.1642416452585813,0,0.0,-0.0,11.727898630658167,0,0.0,-0.0,2.2894209504455763,0,0.0,-0.0,2.1294385137914227,0,0.0,-0.0,2.2894209504455763,0,0.0,-0.0,0.48831505699249156,0,0.0,-0.0,1.6414760172395988
2022-07-11,14.2,-0.061467283542630646,False,1.0,-0.061467283542630646,0.9707277723848439,0,0.0,-0.0,2.1642416452585813,0,0.0,-0.0,11.727898630658167,0,0.0,-0.0,2.2894209504455763,0,0.0,-0.0,2.1294385137914227,0,0.0,-0.0,2.2894209504455763,0,0.0,-0.0,0.48831505699249156,0,0.0,-0.0,1.6414760172395988
2022-07-12,13.84,-0.025352112676056304,False,1.0,-0.025352112676056304,0.9461177725215661,0,0.0,-0.0,2.1642416452585813,0,0.0,-0.0,11.727898630658167,0,0.0,-0.0,2.2894209504455763,0,0.0,-0.0,2.1294385137914227,0,0.0,-0.0,2.2894209504455763,0,0.0,-0.0,0.48831505699249156,0,0.0,-0.0,1.6414760172395988
2022-07-13,14.42,0.041907514450867156,False,1.0,0.041907514450867156,0.985767216745736,0,0.0,0.0,2.1642416452585813,0,0.0,0.0,11.727898630658167,0,0.0,0.0,2.2894209504455763,0,0.0,0.0,2.1294385137914227,0,0.0,0.0,2.2894209504455763,0,0.0,0.0,0.48831505699249156,0,0.0,0.0,1.6414760172395988
2022-07-14,14.73,0.021497919556171974,False,1.0,0.021497919556171974,1.0069591610724473,0,0.0,0.0,2.1642416452585813,0,0.0,0.0,11.727898630658167,0,0.0,0.0,2.2894209504455763,0,0.0,0.0,2.1294385137914227,0,0.0,0.0,2.2894209504455763,0,0.0,0.0,0.48831505699249156,0,0.0,0.0,1.6414760172395988
2022-07-15,15.06,0.022403258655804503,False,1.0,0.022403258655804503,1.0295183276137854,0,0.0,0.0,2.1642416452585813,0,0.0,0.0,11.727898630658167,0,0.0,0.0,2.2894209504455763,0,0.0,0.0,2.1294385137914227,0,0.0,0.0,2.2894209504455763,0,0.0,0.0,0.48831505699249156,0,0.0,0.0,1.6414760172395988
2022-07-16,17.3,0.14873837981407712,True,1.0,0.14873837981407712,1.182647215651958,0,0.0,0.0,2.1642416452585813,1,0.0,0.0,11.727898630658167,0,0.0,0.0,2.2894209504455763,0,0.0,0.0,2.1294385137914227,0,0.0,0.0,2.2894209504455763,0,0.0,0.0,0.48831505699249156,0,0.0,0.0,1.6414760172395988
2022-07-17,19.25,0.11271676300578037,True,1.0,0.11271676300578037,1.315951381578046,0,0.0,0.0,2.1642416452585813,1,1.0,0.11171676300578037,13.03810150253522,0,0.0,0.0,2.2894209504455763,0,0.0,0.0,2.1294385137914227,0,0.0,0.0,2.2894209504455763,0,0.0,0.0,0.48831505699249156,0,0.0,0.0,1.6414760172395988
2022-07-18,25.26,0.3122077922077924,True,1.0,0.3122077922077924,1.7268016570733218,0,0.0,0.0,2.1642416452585813,1,1.0,0.3122077922077924,17.10869838722284,0,0.0,0.0,2.2894209504455763,0,0.0,0.0,2.1294385137914227,0,0.0,0.0,2.2894209504455763,0,0.0,0.0,0.48831505699249156,0,0.0,0.0,1.6414760172395988
2022-07-19,25.25,-0.0003958828186857444,True,1.0,-0.0003958828186857444,1.7261180459660084,0,0.0,-0.0,2.1642416452585813,1,1.0,-0.0003958828186857444,17.101925347481263,0,0.0,-0.0,2.2894209504455763,0,0.0,-0.0,2.1294385137914227,0,0.0,-0.0,2.2894209504455763,0,0.0,-0.0,0.48831505699249156,0,0.0,-0.0,1.6414760172395988
2022-07-20,23.35,-0.0752475247524752,True,1.0,-0.0752475247524752,1.5962319355764871,0,0.0,-0.0,2.1642416452585813,1,1.0,-0.0752475247524752,15.815047796581684,0,0.0,-0.0,2.2894209504455763,0,0.0,-0.0,2.1294385137914227,0,0.0,-0.0,2.2894209504455763,0,0.0,-0.0,0.48831505699249156,0,0.0,-0.0,1.6414760172395988
2022-07-21,26.3,0.12633832976445403,True,1.0,0.12633832976445403,1.797897212233902,0,0.0,0.0,2.1642416452585813,1,1.0,0.12633832976445403,17.813094520346823,0,0.0,0.0,2.2894209504455763,0,0.0,0.0,2.1294385137914227,0,0.0,0.0,2.2894209504455763,0,0.0,0.0,0.48831505699249156,0,0.0,0.0,1.6414760172395988
2022-07-22,24.88,-0.05399239543726242,True,1.0,-0.05399239543726242,1.7008244349954176,0,0.0,-0.0,2.1642416452585813,1,1.0,-0.05399239543726242,16.851322877042925,0,0.0,-0.0,2.2894209504455763,0,0.0,-0.0,2.1294385137914227,0,0.0,-0.0,2.2894209504455763,0,0.0,-0.0,0.48831505699249156,0,0.0,-0.0,1.6414760172395988
2022-07-23,25.54,0.026527331189710512,True,1.0,0.026527331189710512,1.7459427680780932,0,0.0,0.0,2.1642416452585813,1,1.0,0.026527331189710512,17.298343499986988,0,0.0,0.0,2.2894209504455763,0,0.0,0.0,2.1294385137914227,0,0.0,0.0,2.2894209504455763,0,0.0,0.0,0.48831505699249156,0,0.0,0.0,1.6414760172395988
2022-07-24,25.53,-0.0003915426781518905,True,1.0,-0.0003915426781518905,1.74525915697078,0,0.0,-0.0,2.1642416452585813,1,1.0,-0.0003915426781518905,17.29157046024541,0,0.0,-0.0,2.2894209504455763,0,0.0,-0.0,2.1294385137914227,0,0.0,-0.0,2.2894209504455763,0,0.0,-0.0,0.48831505699249156,0,0.0,-0.0,1.6414760172395988
2022-07-25,23.27,-0.08852330591461033,True,1.0,-0.08852330591461033,1.5907630467179807,0,0.0,-0.0,2.1642416452585813,0,1.0,-0.08852330591461033,15.760863478649066,0,0.0,-0.0,2.2894209504455763,0,0.0,-0.0,2.1294385137914227,0,0.0,-0.0,2.2894209504455763,0,0.0,-0.0,0.48831505699249156,0,0.0,-0.0,1.6414760172395988
2022-07-26,25.17,0.08165019338203705,True,1.0,0.08165019338203705,1.7206491571075022,0,0.0,0.0,2.1642416452585813,0,1.0,0.08165019338203705,17.047741029548646,0,0.0,0.0,2.2894209504455763,0,0.0,0.0,2.1294385137914227,0,0.0,0.0,2.2894209504455763,0,0.0,0.0,0.48831505699249156,0,0.0,0.0,1.6414760172395988
2022-07-27,32.92,0.3079062375844259,True,1.0,0.3079062375844259,2.250447765275287,0,0.0,0.0,2.1642416452585813,1,1.0,0.3079062375844259,22.296846829270617,0,0.0,0.0,2.2894209504455763,0,0.0,0.0,2.1294385137914227,0,0.0,0.0,2.2894209504455763,0,0.0,0.0,0.48831505699249156,0,0.0,0.0,1.6414760172395988
2022-07-28,40.81,0.2396719319562577,True,1.0,0.2396719319562577,2.789816928945458,0,0.0,0.0,2.1642416452585813,1,1.0,0.2396719319562577,27.640775185374665,0,0.0,0.0,2.2894209504455763,0,0.0,0.0,2.1294385137914227,0,0.0,0.0,2.2894209504455763,0,0.0,0.0,0.48831505699249156,0,0.0,0.0,1.6414760172395988
2022-07-29,40.5,-0.007596177407498184,True,1.0,-0.007596177407498184,2.7686249846187465,0,0.0,-0.0,2.1642416452585813,1,1.0,-0.007596177407498184,27.430810953385784,0,0.0,-0.0,2.2894209504455763,0,0.0,-0.0,2.1294385137914227,0,0.0,-0.0,2.2894209504455763,0,0.0,-0.0,0.48831505699249156,0,0.0,-0.0,1.6414760172395988
2022-07-30,39.45,-0.025925925925925908,True,1.0,-0.025925925925925908,2.696845818350853,0,0.0,-0.0,2.1642416452585813,1,1.0,-0.025925925925925908,26.719641780520227,0,0.0,-0.0,2.2894209504455763,0,0.0,-0.0,2.1294385137914227,0,0.0,-0.0,2.2894209504455763,0,0.0,-0.0,0.48831505699249156,0,0.0,-0.0,1.6414760172395988
2022-07-31,36.35,-0.0785804816223068,True,1.0,-0.0785804816223068,2.484926375083739,0,0.0,-0.0,2.1642416452585813,1,1.0,-0.0785804816223068,24.619999460631437,0,0.0,-0.0,2.2894209504455763,0,0.0,-0.0,2.1294385137914227,0,0.0,-0.0,2.2894209504455763,0,0.0,-0.0,0.48831505699249156,0,0.0,-0.0,1.6414760172395988
2022-08-01,34.95,-0.038514442916093516,True,1.0,-0.038514442916093516,2.3892208200598812,0,0.0,-0.0,2.1642416452585813,1,1.0,-0.038514442916093516,23.671773896810695,0,0.0,-0.0,2.2894209504455763,0,0.0,-0.0,2.1294385137914227,0,0.0,-0.0,2.2894209504455763,0,0.0,-0.0,0.48831505699249156,0,0.0,-0.0,1.6414760172395988
2022-08-02,36.52,0.04492131616595141,True,1.0,0.04492131616595141,2.496547763908065,0,0.0,0.0,2.1642416452585813,1,1.0,0.04492131616595141,24.735141136238244,0,0.0,0.0,2.2894209504455763,0,0.0,0.0,2.1294385137914227,0,0.0,0.0,2.2894209504455763,0,0.0,0.0,0.48831505699249156,0,0.0,0.0,1.6414760172395988
2022-08-03,35.95,-0.015607886089813783,True,1.0,-0.015607886089813783,2.4575819307912083,0,0.0,-0.0,2.1642416452585813,1,1.0,-0.015607886089813783,24.349077870968372,0,0.0,-0.0,2.2894209504455763,0,0.0,-0.0,2.1294385137914227,0,0.0,-0.0,2.2894209504455763,0,0.0,-0.0,0.48831505699249156,0,0.0,-0.0,1.6414760172395988
2022-08-04,34.78,-0.03254520166898478,True,1.0,-0.03254520166898478,2.3775994312355553,0,0.0,-0.0,2.1642416452585813,1,1.0,-0.03254520166898478,23.55663222120389,0,0.0,-0.0,2.2894209504455763,0,0.0,-0.0,2.1294385137914227,0,0.0,-0.0,2.2894209504455763,0,0.0,-0.0,0.48831505699249156,0,0.0,-0.0,1.6414760172395988
2022-08-05,38.3,0.10120759056929263,True,1.0,0.10120759056929263,2.6182305410098263,0,0.0,0.0,2.1642416452585813,1,1.0,0.10120759056929263,25.940742210238902,0,0.0,0.0,2.2894209504455763,0,0.0,0.0,2.1294385137914227,0,0.0,0.0,2.2894209504455763,0,0.0,0.0,0.48831505699249156,0,0.0,0.0,1.6414760172395988
2022-08-06,37.82,-0.012532637075717945,True,1.0,-0.012532637075717945,2.5854172078587894,0,0.0,-0.0,2.1642416452585813,1,1.0,-0.012532637075717945,25.61563630264322,0,0.0,-0.0,2.2894209504455763,0,0.0,-0.0,2.1294385137914227,0,0.0,-0.0,2.2894209504455763,0,0.0,-0.0,0.48831505699249156,0,0.0,-0.0,1.6414760172395988
2022-08-07,37.72,-0.0026441036488630276,True,1.0,-0.0026441036488630276,2.5785810967856566,0,0.0,-0.0,2.1642416452585813,1,1.0,-0.0026441036488630276,25.547905905227452,0,0.0,-0.0,2.2894209504455763,0,0.0,-0.0,2.1294385137914227,0,0.0,-0.0,2.2894209504455763,0,0.0,-0.0,0.48831505699249156,0,0.0,-0.0,1.6414760172395988
2022-08-08,38.06,0.00901378579003187,True,1.0,0.00901378579003187,2.601823874434308,0,0.0,0.0,2.1642416452585813,1,1.0,0.00901378579003187,25.778189256441063,0,0.0,0.0,2.2894209504455763,0,0.0,0.0,2.1294385137914227,0,0.0,0.0,2.2894209504455763,0,0.0,0.0,0.48831505699249156,0,0.0,0.0,1.6414760172395988
2022-08-09,36.41,-0.04335260115606954,True,1.0,-0.04335260115606954,2.489028041727618,0,0.0,-0.0,2.1642416452585813,1,1.0,-0.04335260115606954,24.660637699080898,0,0.0,-0.0,2.2894209504455763,0,0.0,-0.0,2.1294385137914227,0,0.0,-0.0,2.2894209504455763,0,0.0,-0.0,0.48831505699249156,0,0.0,-0.0,1.6414760172395988
2022-08-10,38.82,0.06619060697610557,True,1.0,0.06619060697610557,2.6537783185901165,0,0.0,0.0,2.1642416452585813,1,1.0,0.06619060697610557,26.292940276800895,0,0.0,0.0,2.2894209504455763,0,0.0,0.0,2.1294385137914227,0,0.0,0.0,2.2894209504455763,0,0.0,0.0,0.48831505699249156,0,0.0,0.0,1.6414760172395988
2022-08-11,42.08,0.08397733127253981,True,1.0,0.08397733127253981,2.8766355395742425,0,0.0,0.0,2.1642416452585813,1,1.0,0.08397733127253981,28.500951232554907,0,0.0,0.0,2.2894209504455763,0,0.0,0.0,2.1294385137914227,0,0.0,0.0,2.2894209504455763,0,0.0,0.0,0.48831505699249156,0,0.0,0.0,1.6414760172395988
2022-08-12,43.38,0.030893536121673115,True,1.0,0.030893536121673115,2.965504983524968,0,0.0,0.0,2.1642416452585813,1,1.0,0.030893536121673115,29.381446398959888,0,0.0,0.0,2.2894209504455763,0,0.0,0.0,2.1294385137914227,0,0.0,0.0,2.2894209504455763,0,0.0,0.0,0.48831505699249156,0,0.0,0.0,1.6414760172395988
2022-08-13,43.55,0.003918856615952038,True,1.0,0.003918856615952038,2.9771263723492933,0,0.0,0.0,2.1642416452585813,1,1.0,0.003918856615952038,29.49658807456669,0,0.0,0.0,2.2894209504455763,0,0.0,0.0,2.1294385137914227,0,0.0,0.0,2.2894209504455763,0,0.0,0.0,0.48831505699249156,0,0.0,0.0,1.6414760172395988
2022-08-14,41.54,-0.0461538461538461,True,1.0,-0.0461538461538461,2.839720539779326,0,0.0,-0.0,2.1642416452585813,1,1.0,-0.0461538461538461,28.13520708650977,0,0.0,-0.0,2.2894209504455763,0,0.0,-0.0,2.1294385137914227,0,0.0,-0.0,2.2894209504455763,0,0.0,-0.0,0.48831505699249156,0,0.0,-0.0,1.6414760172395988
2022-08-15,41.91,0.008907077515647455,True,1.0,0.008907077515647455,2.8650141507499165,0,0.0,0.0,2.1642416452585813,1,1.0,0.008907077515647455,28.385809556948107,0,0.0,0.0,2.2894209504455763,0,0.0,0.0,2.1294385137914227,0,0.0,0.0,2.2894209504455763,0,0.0,0.0,0.48831505699249156,0,0.0,0.0,1.6414760172395988
2022-08-16,39.89,-0.04819852063946539,True,1.0,-0.04819852063946539,2.7269247070726363,0,0.0,-0.0,2.1642416452585813,1,1.0,-0.04819852063946539,27.01765552914961,0,0.0,-0.0,2.2894209504455763,0,0.0,-0.0,2.1294385137914227,0,0.0,-0.0,2.2894209504455763,0,0.0,-0.0,0.48831505699249156,0,0.0,-0.0,1.6414760172395988
2022-08-17,40.3,0.01027826522938069,False,1.0,0.01027826522938069,2.75495276247248,0,0.0,0.0,2.1642416452585813,0,1.0,0.01027826522938069,27.295350158554253,0,0.0,0.0,2.2894209504455763,0,0.0,0.0,2.1294385137914227,0,0.0,0.0,2.2894209504455763,0,0.0,0.0,0.48831505699249156,0,0.0,0.0,1.6414760172395988
2022-08-18,39.56,-0.018362282878411795,False,1.0,-0.018362282878411795,2.7043655405312985,0,0.0,-0.0,2.1642416452585813,0,1.0,-0.018362282878411795,26.794145217677578,0,0.0,-0.0,2.2894209504455763,0,0.0,-0.0,2.1294385137914227,0,0.0,-0.0,2.2894209504455763,0,0.0,-0.0,0.48831505699249156,0,0.0,-0.0,1.6414760172395988
2022-08-19,32.92,-0.1678463094034378,False,1.0,-0.1678463094034378,2.250447765275287,0,0.0,-0.0,2.1642416452585813,0,1.0,-0.1678463094034378,22.296846829270624,0,0.0,-0.0,2.2894209504455763,0,0.0,-0.0,2.1294385137914227,0,0.0,-0.0,2.2894209504455763,0,0.0,-0.0,0.48831505699249156,0,0.0,-0.0,1.6414760172395988
2022-08-20,32.78,-0.004252733900364514,False,1.0,-0.004252733900364514,2.240877209772901,0,0.0,-0.0,2.1642416452585813,0,1.0,-0.004252733900364514,22.20202427288855,0,0.0,-0.0,2.2894209504455763,0,0.0,-0.0,2.1294385137914227,0,0.0,-0.0,2.2894209504455763,0,0.0,-0.0,0.48831505699249156,0,0.0,-0.0,1.6414760172395988
2022-08-21,33.67,0.02715070164734601,False,1.0,0.02715070164734601,2.3017185983237822,0,0.0,0.0,2.1642416452585813,0,1.0,0.02715070164734601,22.80482480988888,0,0.0,0.0,2.2894209504455763,0,0.0,0.0,2.1294385137914227,0,0.0,0.0,2.2894209504455763,0,0.0,0.0,0.48831505699249156,0,0.0,0.0,1.6414760172395988
2022-08-22,34.06,0.01158301158301156,False,1.0,0.01158301158301156,2.3283794315089996,0,0.0,0.0,2.1642416452585813,0,1.0,0.01158301158301156,23.068973359810375,0,0.0,0.0,2.2894209504455763,0,0.0,0.0,2.1294385137914227,0,0.0,0.0,2.2894209504455763,0,0.0,0.0,0.48831505699249156,0,0.0,0.0,1.6414760172395988
2022-08-23,34.32,0.007633587786259444,False,1.0,0.007633587786259444,2.3461533202991443,0,0.0,0.0,2.1642416452585813,0,1.0,0.007633587786259444,23.24507239309137,0,0.0,0.0,2.2894209504455763,0,0.0,0.0,2.1294385137914227,0,0.0,0.0,2.2894209504455763,0,0.0,0.0,0.48831505699249156,0,0.0,0.0,1.6414760172395988
2022-08-24,35.29,0.028263403263403264,True,1.0,0.028263403263403264,2.4124635977085314,0,0.0,0.0,2.1642416452585813,0,1.0,0.028263403263403264,23.902057248024313,0,0.0,0.0,2.2894209504455763,0,0.0,0.0,2.1294385137914227,0,0.0,0.0,2.2894209504455763,0,0.0,0.0,0.48831505699249156,0,0.0,0.0,1.6414760172395988
2022-08-25,37.09,0.05100595069424774,False,1.0,0.05100595069424774,2.53551359702492,0,0.0,0.0,2.1642416452585813,0,1.0,0.05100595069424774,25.121204401508127,0,0.0,0.0,2.2894209504455763,0,0.0,0.0,2.1294385137914227,0,0.0,0.0,2.2894209504455763,0,0.0,0.0,0.48831505699249156,0,0.0,0.0,1.6414760172395988
2022-08-26,33.9,-0.08600700997573485,False,1.0,-0.08600700997573485,2.3174416537919864,0,0.0,-0.0,2.1642416452585813,0,1.0,-0.08600700997573485,22.960604723945142,0,0.0,-0.0,2.2894209504455763,0,0.0,-0.0,2.1294385137914227,0,0.0,-0.0,2.2894209504455763,0,0.0,-0.0,0.48831505699249156,0,0.0,-0.0,1.6414760172395988
2022-08-27,33.03,-0.025663716814159243,False,1.0,-0.025663716814159243,2.257967487455732,0,0.0,-0.0,2.1642416452585813,0,1.0,-0.025663716814159243,22.371350266427967,0,0.0,-0.0,2.2894209504455763,0,0.0,-0.0,2.1294385137914227,0,0.0,-0.0,2.2894209504455763,0,0.0,-0.0,0.48831505699249156,0,0.0,-0.0,1.6414760172395988
2022-08-28,30.94,-0.06327580986981529,False,1.0,-0.06327580986981529,2.1150927660272587,0,0.0,-0.0,2.1642416452585813,0,1.0,-0.06327580986981529,20.95578496043843,0,0.0,-0.0,2.2894209504455763,0,0.0,-0.0,2.1294385137914227,0,0.0,-0.0,2.2894209504455763,0,0.0,-0.0,0.48831505699249156,0,0.0,-0.0,1.6414760172395988
2022-08-29,33.53,0.08371040723981893,False,1.0,0.08371040723981893,2.2921480428213954,0,0.0,0.0,2.1642416452585813,0,1.0,0.08371040723981893,22.7100022535068,0,0.0,0.0,2.2894209504455763,0,0.0,0.0,2.1294385137914227,0,0.0,0.0,2.2894209504455763,0,0.0,0.0,0.48831505699249156,0,0.0,0.0,1.6414760172395988
2022-08-30,32.33,-0.03578884580972275,False,1.0,-0.03578884580972275,2.2101147099438028,0,0.0,-0.0,2.1642416452585813,0,1.0,-0.03578884580972275,21.89723748451759,0,0.0,-0.0,2.2894209504455763,0,0.0,-0.0,2.1294385137914227,0,0.0,-0.0,2.2894209504455763,0,0.0,-0.0,0.48831505699249156,0,0.0,-0.0,1.6414760172395988
2022-08-31,32.43,0.003093102381688917,False,1.0,0.003093102381688917,2.2169508210169355,0,0.0,0.0,2.1642416452585813,0,1.0,0.003093102381688917,21.964967881933358,0,0.0,0.0,2.2894209504455763,0,0.0,0.0,2.1294385137914227,0,0.0,0.0,2.2894209504455763,0,0.0,0.0,0.48831505699249156,0,0.0,0.0,1.6414760172395988
2022-09-01,32.93,0.015417823003391895,False,1.0,0.015417823003391895,2.251131376382599,0,0.0,0.0,2.1642416452585813,0,1.0,0.015417823003391895,22.303619869012195,0,0.0,0.0,2.2894209504455763,0,0.0,0.0,2.1294385137914227,0,0.0,0.0,2.2894209504455763,0,0.0,0.0,0.48831505699249156,0,0.0,0.0,1.6414760172395988
2022-09-02,32.44,-0.014880048587913808,False,1.0,-0.014880048587913808,2.2176344321242487,0,0.0,-0.0,2.1642416452585813,0,1.0,-0.014880048587913808,21.971740921674932,0,0.0,-0.0,2.2894209504455763,0,0.0,-0.0,2.1294385137914227,0,0.0,-0.0,2.2894209504455763,0,0.0,-0.0,0.48831505699249156,0,0.0,-0.0,1.6414760172395988
2022-09-03,32.23,-0.006473489519112197,False,1.0,-0.006473489519112197,2.20327859887067,0,0.0,-0.0,2.1642416452585813,0,1.0,-0.006473489519112197,21.82950708710182,0,0.0,-0.0,2.2894209504455763,0,0.0,-0.0,2.1294385137914227,0,0.0,-0.0,2.2894209504455763,0,0.0,-0.0,0.48831505699249156,0,0.0,-0.0,1.6414760172395988
2022-09-04,32.45,0.006825938566553003,False,1.0,0.006825938566553003,2.2183180432315623,0,0.0,0.0,2.1642416452585813,0,1.0,0.006825938566553003,21.97851396141651,0,0.0,0.0,2.2894209504455763,0,0.0,0.0,2.1294385137914227,0,0.0,0.0,2.2894209504455763,0,0.0,0.0,0.48831505699249156,0,0.0,0.0,1.6414760172395988
2022-09-05,39.65,0.22187981510015398,False,1.0,0.22187981510015398,2.7105180404971168,0,0.0,0.0,2.1642416452585813,0,1.0,0.22187981510015398,26.855102575351758,0,0.0,0.0,2.2894209504455763,0,0.0,0.0,2.1294385137914227,0,0.0,0.0,2.2894209504455763,0,0.0,0.0,0.48831505699249156,0,0.0,0.0,1.6414760172395988
2022-09-06,34.4,-0.1324085750315258,False,1.0,-0.1324085750315258,2.3516222091576497,0,0.0,-0.0,2.1642416452585813,0,0.0,-0.001,26.828247472776408,0,0.0,-0.0,2.2894209504455763,0,0.0,-0.0,2.1294385137914227,0,0.0,-0.0,2.2894209504455763,0,0.0,-0.0,0.48831505699249156,0,0.0,-0.0,1.6414760172395988
2022-09-07,37.27,0.08343023255813975,False,1.0,0.08343023255813975,2.5478185969565588,0,0.0,0.0,2.1642416452585813,0,0.0,0.0,26.828247472776408,0,0.0,0.0,2.2894209504455763,0,0.0,0.0,2.1294385137914227,0,0.0,0.0,2.2894209504455763,0,0.0,0.0,0.48831505699249156,0,0.0,0.0,1.6414760172395988
2022-09-08,37.11,-0.004292997048564673,True,1.0,-0.004292997048564673,2.536880819239546,0,0.0,-0.0,2.1642416452585813,0,0.0,-0.0,26.828247472776408,0,0.0,-0.0,2.2894209504455763,0,0.0,-0.0,2.1294385137914227,0,0.0,-0.0,2.2894209504455763,0,0.0,-0.0,0.48831505699249156,0,0.0,-0.0,1.6414760172395988
2022-09-09,39.14,0.05470223659391005,True,1.0,0.05470223659391005,2.67565387402414,0,0.0,0.0,2.1642416452585813,0,0.0,0.0,26.828247472776408,0,0.0,0.0,2.2894209504455763,0,0.0,0.0,2.1294385137914227,0,0.0,0.0,2.2894209504455763,0,0.0,0.0,0.48831505699249156,0,0.0,0.0,1.6414760172395988
2022-09-10,39.25,0.0028104241185487044,True,1.0,0.0028104241185487044,2.6831735962045853,0,0.0,0.0,2.1642416452585813,0,0.0,0.0,26.828247472776408,0,0.0,0.0,2.2894209504455763,0,0.0,0.0,2.1294385137914227,0,0.0,0.0,2.2894209504455763,0,0.0,0.0,0.48831505699249156,0,0.0,0.0,1.6414760172395988
2022-09-11,38.53,-0.018343949044585917,True,1.0,-0.018343949044585917,2.63395359647803,0,0.0,-0.0,2.1642416452585813,0,0.0,-0.0,26.828247472776408,0,0.0,-0.0,2.2894209504455763,0,0.0,-0.0,2.1294385137914227,0,0.0,-0.0,2.2894209504455763,0,0.0,-0.0,0.48831505699249156,0,0.0,-0.0,1.6414760172395988
2022-09-12,38.44,-0.0023358422008825652,True,1.0,-0.0023358422008825652,2.6278010965122105,0,0.0,-0.0,2.1642416452585813,0,0.0,-0.0,26.828247472776408,0,0.0,-0.0,2.2894209504455763,0,0.0,-0.0,2.1294385137914227,0,0.0,-0.0,2.2894209504455763,0,0.0,-0.0,0.48831505699249156,0,0.0,-0.0,1.6414760172395988
2022-09-13,35.29,-0.08194588969823102,False,1.0,-0.08194588969823102,2.4124635977085305,0,0.0,-0.0,2.1642416452585813,0,0.0,-0.0,26.828247472776408,0,0.0,-0.0,2.2894209504455763,0,0.0,-0.0,2.1294385137914227,0,0.0,-0.0,2.2894209504455763,0,0.0,-0.0,0.48831505699249156,0,0.0,-0.0,1.6414760172395988
2022-09-14,39.21,0.11107962595636156,True,1.0,0.11107962595636156,2.6804391517753325,0,0.0,0.0,2.1642416452585813,0,0.0,0.0,26.828247472776408,0,0.0,0.0,2.2894209504455763,0,0.0,0.0,2.1294385137914227,0,0.0,0.0,2.2894209504455763,0,0.0,0.0,0.48831505699249156,0,0.0,0.0,1.6414760172395988
2022-09-15,35.68,-0.09002805406783987,True,1.0,-0.09002805406783987,2.439124430893748,0,0.0,-0.0,2.1642416452585813,0,0.0,-0.0,26.828247472776408,0,0.0,-0.0,2.2894209504455763,0,0.0,-0.0,2.1294385137914227,0,0.0,-0.0,2.2894209504455763,0,0.0,-0.0,0.48831505699249156,0,0.0,-0.0,1.6414760172395988
2022-09-16,34.1,-0.04428251121076232,True,1.0,-0.04428251121076232,2.331113875938251,0,0.0,-0.0,2.1642416452585813,0,0.0,-0.0,26.828247472776408,0,0.0,-0.0,2.2894209504455763,0,0.0,-0.0,2.1294385137914227,0,0.0,-0.0,2.2894209504455763,0,0.0,-0.0,0.48831505699249156,0,0.0,-0.0,1.6414760172395988
2022-09-17,34.43,0.009677419354838568,True,1.0,0.009677419354838568,2.3536730424795884,0,0.0,0.0,2.1642416452585813,0,0.0,0.0,26.828247472776408,0,0.0,0.0,2.2894209504455763,0,0.0,0.0,2.1294385137914227,0,0.0,0.0,2.2894209504455763,0,0.0,0.0,0.48831505699249156,0,0.0,0.0,1.6414760172395988
2022-09-18,29.54,-0.14202730177171075,False,1.0,-0.14202730177171075,2.0193872110033992,0,0.0,-0.0,2.1642416452585813,0,0.0,-0.0,26.828247472776408,0,0.0,-0.0,2.2894209504455763,0,0.0,-0.0,2.1294385137914227,0,0.0,-0.0,2.2894209504455763,0,0.0,-0.0,0.48831505699249156,0,0.0,-0.0,1.6414760172395988
2022-09-19,30.38,0.028436018957346043,False,1.0,0.028436018957346043,2.076810544017714,0,0.0,0.0,2.1642416452585813,0,0.0,0.0,26.828247472776408,0,0.0,0.0,2.2894209504455763,0,0.0,0.0,2.1294385137914227,0,0.0,0.0,2.2894209504455763,0,0.0,0.0,0.48831505699249156,0,0.0,0.0,1.6414760172395988
2022-09-20,29.12,-0.041474654377880116,False,1.0,-0.041474654377880116,1.990675544496242,0,0.0,-0.0,2.1642416452585813,0,0.0,-0.0,26.828247472776408,0,0.0,-0.0,2.2894209504455763,0,0.0,-0.0,2.1294385137914227,0,0.0,-0.0,2.2894209504455763,0,0.0,-0.0,0.48831505699249156,0,0.0,-0.0,1.6414760172395988
2022-09-21,27.73,-0.047733516483516536,False,1.0,-0.047733516483516536,1.8956536005796973,0,0.0,-0.0,2.1642416452585813,0,0.0,-0.0,26.828247472776408,0,0.0,-0.0,2.2894209504455763,0,0.0,-0.0,2.1294385137914227,0,0.0,-0.0,2.2894209504455763,0,0.0,-0.0,0.48831505699249156,0,0.0,-0.0,1.6414760172395988
2022-09-22,28.62,0.03209520375045072,False,1.0,0.03209520375045072,1.9564949891305783,0,0.0,0.0,2.1642416452585813,0,0.0,0.0,26.828247472776408,0,0.0,0.0,2.2894209504455763,0,0.0,0.0,2.1294385137914227,0,0.0,0.0,2.2894209504455763,0,0.0,0.0,0.48831505699249156,0,0.0,0.0,1.6414760172395988
2022-09-23,28.88,0.009084556254367548,False,1.0,0.009084556254367548,1.9742688779207231,0,0.0,0.0,2.1642416452585813,0,0.0,0.0,26.828247472776408,0,0.0,0.0,2.2894209504455763,0,0.0,0.0,2.1294385137914227,0,0.0,0.0,2.2894209504455763,0,0.0,0.0,0.48831505699249156,0,0.0,0.0,1.6414760172395988
2022-09-24,28.67,-0.007271468144044224,False,1.0,-0.007271468144044224,1.9599130446671447,0,0.0,-0.0,2.1642416452585813,0,0.0,-0.0,26.828247472776408,0,0.0,-0.0,2.2894209504455763,0,0.0,-0.0,2.1294385137914227,0,0.0,-0.0,2.2894209504455763,0,0.0,-0.0,0.48831505699249156,0,0.0,-0.0,1.6414760172395988
2022-09-25,28.37,-0.010463899546564348,False,1.0,-0.010463899546564348,1.9394047114477466,0,0.0,-0.0,2.1642416452585813,0,0.0,-0.0,26.828247472776408,0,0.0,-0.0,2.2894209504455763,0,0.0,-0.0,2.1294385137914227,0,0.0,-0.0,2.2894209504455763,0,0.0,-0.0,0.48831505699249156,0,0.0,-0.0,1.6414760172395988
2022-09-26,28.48,0.0038773352132535077,False,1.0,0.0038773352132535077,1.9469244336281928,0,0.0,0.0,2.1642416452585813,0,0.0,0.0,26.828247472776408,0,0.0,0.0,2.2894209504455763,0,0.0,0.0,2.1294385137914227,0,0.0,0.0,2.2894209504455763,0,0.0,0.0,0.48831505699249156,0,0.0,0.0,1.6414760172395988
2022-09-27,28.1,-0.013342696629213502,False,1.0,-0.013342696629213502,1.9209472115502886,0,0.0,-0.0,2.1642416452585813,0,0.0,-0.0,26.828247472776408,0,0.0,-0.0,2.2894209504455763,0,0.0,-0.0,2.1294385137914227,0,0.0,-0.0,2.2894209504455763,0,0.0,-0.0,0.48831505699249156,0,0.0,-0.0,1.6414760172395988
2022-09-28,27.63,-0.01672597864768688,False,1.0,-0.01672597864768688,1.8888174895065648,0,0.0,-0.0,2.1642416452585813,0,0.0,-0.0,26.828247472776408,0,0.0,-0.0,2.2894209504455763,0,0.0,-0.0,2.1294385137914227,0,0.0,-0.0,2.2894209504455763,0,0.0,-0.0,0.48831505699249156,0,0.0,-0.0,1.6414760172395988
2022-09-29,27.8,0.006152732537097361,False,1.0,0.006152732537097361,1.9004388783308903,0,0.0,0.0,2.1642416452585813,0,0.0,0.0,26.828247472776408,0,0.0,0.0,2.2894209504455763,0,0.0,0.0,2.1294385137914227,0,0.0,0.0,2.2894209504455763,0,0.0,0.0,0.48831505699249156,0,0.0,0.0,1.6414760172395988
2022-09-30,27.74,-0.0021582733812950394,False,1.0,-0.0021582733812950394,1.8963372116870105,0,0.0,-0.0,2.1642416452585813,0,0.0,-0.0,26.828247472776408,0,0.0,-0.0,2.2894209504455763,0,0.0,-0.0,2.1294385137914227,0,0.0,-0.0,2.2894209504455763,0,0.0,-0.0,0.48831505699249156,0,0.0,-0.0,1.6414760172395988
2022-10-01,27.54,-0.007209805335255948,False,1.0,-0.007209805335255948,1.8826649895407452,0,0.0,-0.0,2.1642416452585813,0,0.0,-0.0,26.828247472776408,0,0.0,-0.0,2.2894209504455763,0,0.0,-0.0,2.1294385137914227,0,0.0,-0.0,2.2894209504455763,0,0.0,-0.0,0.48831505699249156,0,0.0,-0.0,1.6414760172395988
2022-10-02,26.94,-0.02178649237472763,False,1.0,-0.02178649237472763,1.8416483231019491,0,0.0,-0.0,2.1642416452585813,0,0.0,-0.0,26.828247472776408,0,0.0,-0.0,2.2894209504455763,0,0.0,-0.0,2.1294385137914227,0,0.0,-0.0,2.2894209504455763,0,0.0,-0.0,0.48831505699249156,0,0.0,-0.0,1.6414760172395988
2022-10-03,27.43,0.018188567186339988,False,1.0,0.018188567186339988,1.8751452673602993,0,0.0,0.0,2.1642416452585813,0,0.0,0.0,26.828247472776408,0,0.0,0.0,2.2894209504455763,0,0.0,0.0,2.1294385137914227,0,0.0,0.0,2.2894209504455763,0,0.0,0.0,0.48831505699249156,0,0.0,0.0,1.6414760172395988
2022-10-04,27.9,0.017134524243529015,False,1.0,0.017134524243529015,1.907274989404023,0,0.0,0.0,2.1642416452585813,0,0.0,0.0,26.828247472776408,0,0.0,0.0,2.2894209504455763,0,0.0,0.0,2.1294385137914227,0,0.0,0.0,2.2894209504455763,0,0.0,0.0,0.48831505699249156,0,0.0,0.0,1.6414760172395988
2022-10-05,27.63,-0.009677419354838679,False,1.0,-0.009677419354838679,1.8888174895065648,0,0.0,-0.0,2.1642416452585813,0,0.0,-0.0,26.828247472776408,0,0.0,-0.0,2.2894209504455763,0,0.0,-0.0,2.1294385137914227,0,0.0,-0.0,2.2894209504455763,0,0.0,-0.0,0.48831505699249156,0,0.0,-0.0,1.6414760172395988
2022-10-06,27.84,0.007600434310532034,False,1.0,0.007600434310532034,1.9031733227601435,0,0.0,0.0,2.1642416452585813,0,0.0,0.0,26.828247472776408,0,0.0,0.0,2.2894209504455763,0,0.0,0.0,2.1294385137914227,0,0.0,0.0,2.2894209504455763,0,0.0,0.0,0.48831505699249156,0,0.0,0.0,1.6414760172395988
2022-10-07,27.5,-0.012212643678160884,False,1.0,-0.012212643678160884,1.8799305451114925,0,0.0,-0.0,2.1642416452585813,0,0.0,-0.0,26.828247472776408,0,0.0,-0.0,2.2894209504455763,0,0.0,-0.0,2.1294385137914227,0,0.0,-0.0,2.2894209504455763,0,0.0,-0.0,0.48831505699249156,0,0.0,-0.0,1.6414760172395988
2022-10-08,26.97,-0.01927272727272733,False,1.0,-0.01927272727272733,1.8436991564238892,0,0.0,-0.0,2.1642416452585813,0,0.0,-0.0,26.828247472776408,0,0.0,-0.0,2.2894209504455763,0,0.0,-0.0,2.1294385137914227,0,0.0,-0.0,2.2894209504455763,0,0.0,-0.0,0.48831505699249156,0,0.0,-0.0,1.6414760172395988
2022-10-09,26.97,0.0,False,1.0,0.0,1.8436991564238892,0,0.0,0.0,2.1642416452585813,0,0.0,0.0,26.828247472776408,0,0.0,0.0,2.2894209504455763,0,0.0,0.0,2.1294385137914227,0,0.0,0.0,2.2894209504455763,0,0.0,0.0,0.48831505699249156,0,0.0,0.0,1.6414760172395988
2022-10-10,24.23,-0.10159436410826839,False,1.0,-0.10159436410826839,1.6563897130200533,0,0.0,-0.0,2.1642416452585813,0,0.0,-0.0,26.828247472776408,0,0.0,-0.0,2.2894209504455763,0,0.0,-0.0,2.1294385137914227,0,0.0,-0.0,2.2894209504455763,0,0.0,-0.0,0.48831505699249156,0,0.0,-0.0,1.6414760172395988
2022-10-11,23.75,-0.019810152703260475,False,1.0,-0.019810152703260475,1.6235763798690164,0,0.0,-0.0,2.1642416452585813,0,0.0,-0.0,26.828247472776408,0,0.0,-0.0,2.2894209504455763,0,0.0,-0.0,2.1294385137914227,0,0.0,-0.0,2.2894209504455763,0,0.0,-0.0,0.48831505699249156,0,0.0,-0.0,1.6414760172395988
2022-10-12,23.8,0.002105263157894832,False,1.0,0.002105263157894832,1.626994435405583,0,0.0,0.0,2.1642416452585813,0,0.0,0.0,26.828247472776408,0,0.0,0.0,2.2894209504455763,0,0.0,0.0,2.1294385137914227,0,0.0,0.0,2.2894209504455763,0,0.0,0.0,0.48831505699249156,0,0.0,0.0,1.6414760172395988
2022-10-13,22.98,-0.03445378151260503,False,1.0,-0.03445378151260503,1.5709383246058948,0,0.0,-0.0,2.1642416452585813,0,0.0,-0.0,26.828247472776408,0,0.0,-0.0,2.2894209504455763,0,0.0,-0.0,2.1294385137914227,0,0.0,-0.0,2.2894209504455763,0,0.0,-0.0,0.48831505699249156,0,0.0,-0.0,1.6414760172395988
2022-10-14,23.14,0.006962576153176636,False,1.0,0.006962576153176636,1.581876102322907,0,0.0,0.0,2.1642416452585813,0,0.0,0.0,26.828247472776408,0,0.0,0.0,2.2894209504455763,0,0.0,0.0,2.1294385137914227,0,0.0,0.0,2.2894209504455763,0,0.0,0.0,0.48831505699249156,0,0.0,0.0,1.6414760172395988
2022-10-15,22.78,-0.015557476231633505,False,1.0,-0.015557476231633505,1.5572661024596295,0,0.0,-0.0,2.1642416452585813,0,0.0,-0.0,26.828247472776408,0,0.0,-0.0,2.2894209504455763,0,0.0,-0.0,2.1294385137914227,0,0.0,-0.0,2.2894209504455763,0,0.0,-0.0,0.48831505699249156,0,0.0,-0.0,1.6414760172395988
2022-10-16,23.11,0.014486391571553847,False,1.0,0.014486391571553847,1.579825269000967,0,0.0,0.0,2.1642416452585813,0,0.0,0.0,26.828247472776408,0,0.0,0.0,2.2894209504455763,0,0.0,0.0,2.1294385137914227,0,0.0,0.0,2.2894209504455763,0,0.0,0.0,0.48831505699249156,0,0.0,0.0,1.6414760172395988
2022-10-17,23.83,0.031155344006923436,False,1.0,0.031155344006923436,1.6290452687275225,0,0.0,0.0,2.1642416452585813,0,0.0,0.0,26.828247472776408,0,0.0,0.0,2.2894209504455763,0,0.0,0.0,2.1294385137914227,0,0.0,0.0,2.2894209504455763,0,0.0,0.0,0.48831505699249156,0,0.0,0.0,1.6414760172395988
2022-10-18,23.4,-0.018044481745698726,False,1.0,-0.018044481745698726,1.599649991113052,0,0.0,-0.0,2.1642416452585813,0,0.0,-0.0,26.828247472776408,0,0.0,-0.0,2.2894209504455763,0,0.0,-0.0,2.1294385137914227,0,0.0,-0.0,2.2894209504455763,0,0.0,-0.0,0.48831505699249156,0,0.0,-0.0,1.6414760172395988
2022-10-19,22.35,-0.04487179487179471,False,1.0,-0.04487179487179471,1.527870824845159,0,0.0,-0.0,2.1642416452585813,0,0.0,-0.0,26.828247472776408,0,0.0,-0.0,2.2894209504455763,0,0.0,-0.0,2.1294385137914227,0,0.0,-0.0,2.2894209504455763,0,0.0,-0.0,0.48831505699249156,0,0.0,-0.0,1.6414760172395988
2022-10-20,21.67,-0.030425055928411604,False,1.0,-0.030425055928411604,1.4813852695478567,0,0.0,-0.0,2.1642416452585813,0,0.0,-0.0,26.828247472776408,0,0.0,-0.0,2.2894209504455763,0,0.0,-0.0,2.1294385137914227,0,0.0,-0.0,2.2894209504455763,0,0.0,-0.0,0.48831505699249156,0,0.0,-0.0,1.6414760172395988
2022-10-21,22.03,0.0166128287955698,False,1.0,0.0166128287955698,1.5059952694111343,0,0.0,0.0,2.1642416452585813,0,0.0,0.0,26.828247472776408,0,0.0,0.0,2.2894209504455763,0,0.0,0.0,2.1294385137914227,0,0.0,0.0,2.2894209504455763,0,0.0,0.0,0.48831505699249156,0,0.0,0.0,1.6414760172395988
2022-10-22,23.23,0.054471175669541516,False,1.0,0.054471175669541516,1.5880286022887267,0,0.0,0.0,2.1642416452585813,0,0.0,0.0,26.828247472776408,0,0.0,0.0,2.2894209504455763,0,0.0,0.0,2.1294385137914227,0,0.0,0.0,2.2894209504455763,0,0.0,0.0,0.48831505699249156,0,0.0,0.0,1.6414760172395988
2022-10-23,23.44,0.00904003443822643,False,1.0,0.00904003443822643,1.6023844355423054,0,0.0,0.0,2.1642416452585813,0,0.0,0.0,26.828247472776408,0,0.0,0.0,2.2894209504455763,0,0.0,0.0,2.1294385137914227,0,0.0,0.0,2.2894209504455763,0,0.0,0.0,0.48831505699249156,0,0.0,0.0,1.6414760172395988
2022-10-24,22.66,-0.03327645051194539,False,1.0,-0.03327645051194539,1.5490627691718704,0,0.0,-0.0,2.1642416452585813,0,0.0,-0.0,26.828247472776408,0,0.0,-0.0,2.2894209504455763,0,0.0,-0.0,2.1294385137914227,0,0.0,-0.0,2.2894209504455763,0,0.0,-0.0,0.48831505699249156,0,0.0,-0.0,1.6414760172395988
2022-10-25,24.67,0.08870255957634599,False,1.0,0.08870255957634599,1.6864686017418378,0,0.0,0.0,2.1642416452585813,0,0.0,0.0,26.828247472776408,0,0.0,0.0,2.2894209504455763,0,0.0,0.0,2.1294385137914227,0,0.0,0.0,2.2894209504455763,0,0.0,0.0,0.48831505699249156,0,0.0,0.0,1.6414760172395988
2022-10-26,25.49,0.033238751520064724,False,1.0,0.033238751520064724,1.7425247125415257,0,0.0,0.0,2.1642416452585813,0,0.0,0.0,26.828247472776408,0,0.0,0.0,2.2894209504455763,0,0.0,0.0,2.1294385137914227,0,0.0,0.0,2.2894209504455763,0,0.0,0.0,0.48831505699249156,0,0.0,0.0,1.6414760172395988
2022-10-27,24.75,-0.029030992546096424,False,1.0,-0.029030992546096424,1.691937490600344,0,0.0,-0.0,2.1642416452585813,0,0.0,-0.0,26.828247472776408,0,0.0,-0.0,2.2894209504455763,0,0.0,-0.0,2.1294385137914227,0,0.0,-0.0,2.2894209504455763,0,0.0,-0.0,0.48831505699249156,0,0.0,-0.0,1.6414760172395988
2022-10-28,25.48,0.029494949494949463,False,1.0,0.029494949494949463,1.7418411014342126,0,0.0,0.0,2.1642416452585813,0,0.0,0.0,26.828247472776408,0,0.0,0.0,2.2894209504455763,0,0.0,0.0,2.1294385137914227,0,0.0,0.0,2.2894209504455763,0,0.0,0.0,0.48831505699249156,0,0.0,0.0,1.6414760172395988
2022-10-29,25.88,0.015698587127158437,False,1.0,0.015698587127158437,1.7691855457267431,0,0.0,0.0,2.1642416452585813,0,0.0,0.0,26.828247472776408,0,0.0,0.0,2.2894209504455763,0,0.0,0.0,2.1294385137914227,0,0.0,0.0,2.2894209504455763,0,0.0,0.0,0.48831505699249156,0,0.0,0.0,1.6414760172395988
2022-10-30,24.51,-0.052936630602781976,True,1.0,-0.052936630602781976,1.6755308240248252,0,0.0,-0.0,2.1642416452585813,0,0.0,-0.0,26.828247472776408,0,0.0,-0.0,2.2894209504455763,0,0.0,-0.0,2.1294385137914227,0,0.0,-0.0,2.2894209504455763,0,0.0,-0.0,0.48831505699249156,0,0.0,-0.0,1.6414760172395988
2022-10-31,24.25,-0.010607915136679025,True,1.0,-0.010607915136679025,1.65775693523468,0,0.0,-0.0,2.1642416452585813,0,0.0,-0.0,26.828247472776408,0,0.0,-0.0,2.2894209504455763,0,0.0,-0.0,2.1294385137914227,0,0.0,-0.0,2.2894209504455763,0,0.0,-0.0,0.48831505699249156,0,0.0,-0.0,1.6414760172395988
2022-11-01,24.03,-0.009072164948453532,True,1.0,-0.009072164948453532,1.642717490873788,0,0.0,-0.0,2.1642416452585813,0,0.0,-0.0,26.828247472776408,0,0.0,-0.0,2.2894209504455763,0,0.0,-0.0,2.1294385137914227,0,0.0,-0.0,2.2894209504455763,0,0.0,-0.0,0.48831505699249156,0,0.0,-0.0,1.6414760172395988
2022-11-02,22.95,-0.04494382022471921,False,1.0,-0.04494382022471921,1.5688874912839548,0,0.0,-0.0,2.1642416452585813,0,0.0,-0.0,26.828247472776408,0,0.0,-0.0,2.2894209504455763,0,0.0,-0.0,2.1294385137914227,0,0.0,-0.0,2.2894209504455763,0,0.0,-0.0,0.48831505699249156,0,0.0,-0.0,1.6414760172395988
2022-11-03,24.02,0.046623093681917194,True,1.0,0.046623093681917194,1.6420338797664746,0,0.0,0.0,2.1642416452585813,0,0.0,0.0,26.828247472776408,0,0.0,0.0,2.2894209504455763,0,0.0,0.0,2.1294385137914227,0,0.0,0.0,2.2894209504455763,0,0.0,0.0,0.48831505699249156,0,0.0,0.0,1.6414760172395988
2022-11-04,25.78,0.07327227310574536,True,1.0,0.07327227310574536,1.7623494346536104,0,0.0,0.0,2.1642416452585813,0,0.0,0.0,26.828247472776408,0,0.0,0.0,2.2894209504455763,0,0.0,0.0,2.1294385137914227,0,0.0,0.0,2.2894209504455763,0,0.0,0.0,0.48831505699249156,0,0.0,0.0,1.6414760172395988
2022-11-05,26.52,0.028704422032583388,True,1.0,0.028704422032583388,1.8129366565947924,0,0.0,0.0,2.1642416452585813,0,0.0,0.0,26.828247472776408,0,0.0,0.0,2.2894209504455763,0,0.0,0.0,2.1294385137914227,0,0.0,0.0,2.2894209504455763,0,0.0,0.0,0.48831505699249156,0,0.0,0.0,1.6414760172395988
2022-11-06,24.82,-0.0641025641025641,True,1.0,-0.0641025641025641,1.6967227683515365,0,0.0,-0.0,2.1642416452585813,0,0.0,-0.0,26.828247472776408,0,0.0,-0.0,2.2894209504455763,0,0.0,-0.0,2.1294385137914227,0,0.0,-0.0,2.2894209504455763,0,0.0,-0.0,0.48831505699249156,0,0.0,-0.0,1.6414760172395988
2022-11-07,25.04,0.008863819500402936,True,1.0,0.008863819500402936,1.7117622127124286,0,0.0,0.0,2.1642416452585813,0,0.0,0.0,26.828247472776408,0,0.0,0.0,2.2894209504455763,0,0.0,0.0,2.1294385137914227,0,0.0,0.0,2.2894209504455763,0,0.0,0.0,0.48831505699249156,0,0.0,0.0,1.6414760172395988
2022-11-08,21.89,-0.12579872204472842,False,1.0,-0.12579872204472842,1.4964247139087485,0,0.0,-0.0,2.1642416452585813,0,0.0,-0.0,26.828247472776408,0,0.0,-0.0,2.2894209504455763,0,0.0,-0.0,2.1294385137914227,0,0.0,-0.0,2.2894209504455763,0,0.0,-0.0,0.48831505699249156,0,0.0,-0.0,1.6414760172395988
2022-11-09,18.37,-0.16080402010050254,False,1.0,-0.16080402010050254,1.2557936041344773,0,0.0,-0.0,2.1642416452585813,0,0.0,-0.0,26.828247472776408,0,0.0,-0.0,2.2894209504455763,0,0.0,-0.0,2.1294385137914227,0,0.0,-0.0,2.2894209504455763,0,0.0,-0.0,0.48831505699249156,0,0.0,-0.0,1.6414760172395988
2022-11-10,22.01,0.19814915623298868,False,1.0,0.19814915623298868,1.5046280471965077,0,0.0,0.0,2.1642416452585813,0,0.0,0.0,26.828247472776408,0,0.0,0.0,2.2894209504455763,0,0.0,0.0,2.1294385137914227,0,0.0,0.0,2.2894209504455763,0,0.0,0.0,0.48831505699249156,0,0.0,0.0,1.6414760172395988
2022-11-11,21.55,-0.02089959109495687,False,1.0,-0.02089959109495687,1.473181936260097,0,0.0,-0.0,2.1642416452585813,0,0.0,-0.0,26.828247472776408,0,0.0,-0.0,2.2894209504455763,0,0.0,-0.0,2.1294385137914227,0,0.0,-0.0,2.2894209504455763,0,0.0,-0.0,0.48831505699249156,0,0.0,-0.0,1.6414760172395988
2022-11-12,20.49,-0.0491879350348029,False,1.0,-0.0491879350348029,1.4007191588848902,0,0.0,-0.0,2.1642416452585813,0,0.0,-0.0,26.828247472776408,0,0.0,-0.0,2.2894209504455763,0,0.0,-0.0,2.1294385137914227,0,0.0,-0.0,2.2894209504455763,0,0.0,-0.0,0.48831505699249156,0,0.0,-0.0,1.6414760172395988
2022-11-13,19.89,-0.029282576866764165,False,1.0,-0.029282576866764165,1.359702492446094,0,0.0,-0.0,2.1642416452585813,0,0.0,-0.0,26.828247472776408,0,0.0,-0.0,2.2894209504455763,0,0.0,-0.0,2.1294385137914227,0,0.0,-0.0,2.2894209504455763,0,0.0,-0.0,0.48831505699249156,0,0.0,-0.0,1.6414760172395988
2022-11-14,20.48,0.02966314731020603,False,1.0,0.02966314731020603,1.4000355477775768,0,0.0,0.0,2.1642416452585813,0,0.0,0.0,26.828247472776408,0,0.0,0.0,2.2894209504455763,0,0.0,0.0,2.1294385137914227,0,0.0,0.0,2.2894209504455763,0,0.0,0.0,0.48831505699249156,0,0.0,0.0,1.6414760172395988
2022-11-15,20.56,0.00390625,False,1.0,0.00390625,1.405504436636083,0,0.0,0.0,2.1642416452585813,0,0.0,0.0,26.828247472776408,0,0.0,0.0,2.2894209504455763,0,0.0,0.0,2.1294385137914227,0,0.0,0.0,2.2894209504455763,0,0.0,0.0,0.48831505699249156,0,0.0,0.0,1.6414760172395988
2022-11-16,19.92,-0.03112840466926059,False,1.0,-0.03112840466926059,1.3617533257680339,0,0.0,-0.0,2.1642416452585813,0,0.0,-0.0,26.828247472776408,0,0.0,-0.0,2.2894209504455763,0,0.0,-0.0,2.1294385137914227,0,0.0,-0.0,2.2894209504455763,0,0.0,-0.0,0.48831505699249156,0,0.0,-0.0,1.6414760172395988
2022-11-17,19.67,-0.012550200803212896,False,1.0,-0.012550200803212896,1.344663048085202,0,0.0,-0.0,2.1642416452585813,0,0.0,-0.0,26.828247472776408,0,0.0,-0.0,2.2894209504455763,0,0.0,-0.0,2.1294385137914227,0,0.0,-0.0,2.2894209504455763,0,0.0,-0.0,0.48831505699249156,0,0.0,-0.0,1.6414760172395988
2022-11-18,19.55,-0.006100660904931443,False,1.0,-0.006100660904931443,1.3364597147974426,0,0.0,-0.0,2.1642416452585813,0,0.0,-0.0,26.828247472776408,0,0.0,-0.0,2.2894209504455763,0,0.0,-0.0,2.1294385137914227,0,0.0,-0.0,2.2894209504455763,0,0.0,-0.0,0.48831505699249156,0,0.0,-0.0,1.6414760172395988
2022-11-19,19.51,-0.002046035805626567,False,1.0,-0.002046035805626567,1.3337252703681897,0,0.0,-0.0,2.1642416452585813,0,0.0,-0.0,26.828247472776408,0,0.0,-0.0,2.2894209504455763,0,0.0,-0.0,2.1294385137914227,0,0.0,-0.0,2.2894209504455763,0,0.0,-0.0,0.48831505699249156,0,0.0,-0.0,1.6414760172395988
2022-11-20,18.17,-0.06868272680676579,False,1.0,-0.06868272680676579,1.2421213819882115,0,0.0,-0.0,2.1642416452585813,0,0.0,-0.0,26.828247472776408,0,0.0,-0.0,2.2894209504455763,0,0.0,-0.0,2.1294385137914227,0,0.0,-0.0,2.2894209504455763,0,0.0,-0.0,0.48831505699249156,0,0.0,-0.0,1.6414760172395988
2022-11-21,18.03,-0.007705008255366019,False,1.0,-0.007705008255366019,1.2325508264858258,0,0.0,-0.0,2.1642416452585813,0,0.0,-0.0,26.828247472776408,0,0.0,-0.0,2.2894209504455763,0,0.0,-0.0,2.1294385137914227,0,0.0,-0.0,2.2894209504455763,0,0.0,-0.0,0.48831505699249156,0,0.0,-0.0,1.6414760172395988
2022-11-22,18.48,0.024958402662229595,False,1.0,0.024958402662229595,1.263313326314923,0,0.0,0.0,2.1642416452585813,0,0.0,0.0,26.828247472776408,0,0.0,0.0,2.2894209504455763,0,0.0,0.0,2.1294385137914227,0,0.0,0.0,2.2894209504455763,0,0.0,0.0,0.48831505699249156,0,0.0,0.0,1.6414760172395988
2022-11-23,20.33,0.10010822510822504,False,1.0,0.10010822510822504,1.3897813811678779,0,0.0,0.0,2.1642416452585813,0,0.0,0.0,26.828247472776408,0,0.0,0.0,2.2894209504455763,0,0.0,0.0,2.1294385137914227,0,0.0,0.0,2.2894209504455763,0,0.0,0.0,0.48831505699249156,0,0.0,0.0,1.6414760172395988
2022-11-24,20.21,-0.005902606984751424,False,1.0,-0.005902606984751424,1.381578047880119,0,0.0,-0.0,2.1642416452585813,0,0.0,-0.0,26.828247472776408,0,0.0,-0.0,2.2894209504455763,0,0.0,-0.0,2.1294385137914227,0,0.0,-0.0,2.2894209504455763,0,0.0,-0.0,0.48831505699249156,0,0.0,-0.0,1.6414760172395988
2022-11-25,20.1,-0.005442850074220629,False,1.0,-0.005442850074220629,1.374058325699673,0,0.0,-0.0,2.1642416452585813,0,0.0,-0.0,26.828247472776408,0,0.0,-0.0,2.2894209504455763,0,0.0,-0.0,2.1294385137914227,0,0.0,-0.0,2.2894209504455763,0,0.0,-0.0,0.48831505699249156,0,0.0,-0.0,1.6414760172395988
2022-11-26,19.89,-0.010447761194029903,False,1.0,-0.010447761194029903,1.3597024924460943,0,0.0,-0.0,2.1642416452585813,0,0.0,-0.0,26.828247472776408,0,0.0,-0.0,2.2894209504455763,0,0.0,-0.0,2.1294385137914227,0,0.0,-0.0,2.2894209504455763,0,0.0,-0.0,0.48831505699249156,0,0.0,-0.0,1.6414760172395988
2022-11-27,19.82,-0.0035193564605329186,False,1.0,-0.0035193564605329186,1.3549172146949013,0,0.0,-0.0,2.1642416452585813,0,0.0,-0.0,26.828247472776408,0,0.0,-0.0,2.2894209504455763,0,0.0,-0.0,2.1294385137914227,0,0.0,-0.0,2.2894209504455763,0,0.0,-0.0,0.48831505699249156,0,0.0,-0.0,1.6414760172395988
2022-11-28,19.32,-0.025227043390514625,False,1.0,-0.025227043390514625,1.3207366593292378,0,0.0,-0.0,2.1642416452585813,0,0.0,-0.0,26.828247472776408,0,0.0,-0.0,2.2894209504455763,0,0.0,-0.0,2.1294385137914227,0,0.0,-0.0,2.2894209504455763,0,0.0,-0.0,0.48831505699249156,0,0.0,-0.0,1.6414760172395988
2022-11-29,19.51,0.009834368530020843,True,1.0,0.009834368530020843,1.33372527036819,0,0.0,0.0,2.1642416452585813,0,0.0,0.0,26.828247472776408,0,0.0,0.0,2.2894209504455763,0,0.0,0.0,2.1294385137914227,0,0.0,0.0,2.2894209504455763,0,0.0,0.0,0.48831505699249156,0,0.0,0.0,1.6414760172395988
2022-11-30,20.29,0.03997949769349041,False,1.0,0.03997949769349041,1.3870469367386251,0,0.0,0.0,2.1642416452585813,0,0.0,0.0,26.828247472776408,0,0.0,0.0,2.2894209504455763,0,0.0,0.0,2.1294385137914227,0,0.0,0.0,2.2894209504455763,0,0.0,0.0,0.48831505699249156,0,0.0,0.0,1.6414760172395988
2022-12-01,19.75,-0.02661409561360273,False,1.0,-0.02661409561360273,1.3501319369437086,0,0.0,-0.0,2.1642416452585813,0,0.0,-0.0,26.828247472776408,0,0.0,-0.0,2.2894209504455763,0,0.0,-0.0,2.1294385137914227,0,0.0,-0.0,2.2894209504455763,0,0.0,-0.0,0.48831505699249156,0,0.0,-0.0,1.6414760172395988
2022-12-02,19.86,0.005569620253164542,False,1.0,0.005569620253164542,1.3576516591241545,0,0.0,0.0,2.1642416452585813,0,0.0,0.0,26.828247472776408,0,0.0,0.0,2.2894209504455763,0,0.0,0.0,2.1294385137914227,0,0.0,0.0,2.2894209504455763,0,0.0,0.0,0.48831505699249156,0,0.0,0.0,1.6414760172395988
2022-12-03,19.23,-0.031722054380664555,False,1.0,-0.031722054380664555,1.3145841593634187,0,0.0,-0.0,2.1642416452585813,0,0.0,-0.0,26.828247472776408,0,0.0,-0.0,2.2894209504455763,0,0.0,-0.0,2.1294385137914227,0,0.0,-0.0,2.2894209504455763,0,0.0,-0.0,0.48831505699249156,0,0.0,-0.0,1.6414760172395988
2022-12-04,19.49,0.013520540821632787,False,1.0,0.013520540821632787,1.3323580481535635,0,0.0,0.0,2.1642416452585813,0,0.0,0.0,26.828247472776408,0,0.0,0.0,2.2894209504455763,0,0.0,0.0,2.1294385137914227,0,0.0,0.0,2.2894209504455763,0,0.0,0.0,0.48831505699249156,0,0.0,0.0,1.6414760172395988
2022-12-05,19.45,-0.0020523345305284435,False,1.0,-0.0020523345305284435,1.3296236037243105,0,0.0,-0.0,2.1642416452585813,0,0.0,-0.0,26.828247472776408,0,0.0,-0.0,2.2894209504455763,0,0.0,-0.0,2.1294385137914227,0,0.0,-0.0,2.2894209504455763,0,0.0,-0.0,0.48831505699249156,0,0.0,-0.0,1.6414760172395988
2022-12-06,19.55,0.005141388174807249,False,1.0,0.005141388174807249,1.3364597147974433,0,0.0,0.0,2.1642416452585813,0,0.0,0.0,26.828247472776408,0,0.0,0.0,2.2894209504455763,0,0.0,0.0,2.1294385137914227,0,0.0,0.0,2.2894209504455763,0,0.0,0.0,0.48831505699249156,0,0.0,0.0,1.6414760172395988
2022-12-07,18.71,-0.042966751918158574,False,1.0,-0.042966751918158574,1.2790363817831285,0,0.0,-0.0,2.1642416452585813,0,0.0,-0.0,26.828247472776408,0,0.0,-0.0,2.2894209504455763,0,0.0,-0.0,2.1294385137914227,0,0.0,-0.0,2.2894209504455763,0,0.0,-0.0,0.48831505699249156,0,0.0,-0.0,1.6414760172395988
2022-12-08,19.18,0.025120256547300768,False,1.0,0.025120256547300768,1.311166103826852,0,0.0,0.0,2.1642416452585813,0,0.0,0.0,26.828247472776408,0,0.0,0.0,2.2894209504455763,0,0.0,0.0,2.1294385137914227,0,0.0,0.0,2.2894209504455763,0,0.0,0.0,0.48831505699249156,0,0.0,0.0,1.6414760172395988
2022-12-09,19.17,-0.0005213764337851368,False,1.0,-0.0005213764337851368,1.3104824927195389,0,0.0,-0.0,2.1642416452585813,0,0.0,-0.0,26.828247472776408,0,0.0,-0.0,2.2894209504455763,0,0.0,-0.0,2.1294385137914227,0,0.0,-0.0,2.2894209504455763,0,0.0,-0.0,0.48831505699249156,0,0.0,-0.0,1.6414760172395988
2022-12-10,19.15,-0.0010432968179449054,True,1.0,-0.0010432968179449054,1.309115270504912,0,0.0,-0.0,2.1642416452585813,0,0.0,-0.0,26.828247472776408,0,0.0,-0.0,2.2894209504455763,0,0.0,-0.0,2.1294385137914227,0,0.0,-0.0,2.2894209504455763,0,0.0,-0.0,0.48831505699249156,0,0.0,-0.0,1.6414760172395988
2022-12-11,18.89,-0.013577023498694385,True,1.0,-0.013577023498694385,1.2913413817147672,0,0.0,-0.0,2.1642416452585813,0,0.0,-0.0,26.828247472776408,0,0.0,-0.0,2.2894209504455763,0,0.0,-0.0,2.1294385137914227,0,0.0,-0.0,2.2894209504455763,0,0.0,-0.0,0.48831505699249156,0,0.0,-0.0,1.6414760172395988
2022-12-12,18.55,-0.017998941238750676,True,1.0,-0.017998941238750676,1.268098604066116,0,0.0,-0.0,2.1642416452585813,0,0.0,-0.0,26.828247472776408,0,0.0,-0.0,2.2894209504455763,0,0.0,-0.0,2.1294385137914227,0,0.0,-0.0,2.2894209504455763,0,0.0,-0.0,0.48831505699249156,0,0.0,-0.0,1.6414760172395988
2022-12-13,19.26,0.03827493261455528,False,1.0,0.03827493261455528,1.3166349926853582,0,0.0,0.0,2.1642416452585813,0,0.0,0.0,26.828247472776408,0,0.0,0.0,2.2894209504455763,0,0.0,0.0,2.1294385137914227,0,0.0,0.0,2.2894209504455763,0,0.0,0.0,0.48831505699249156,0,0.0,0.0,1.6414760172395988
2022-12-14,18.77,-0.025441329179647032,False,1.0,-0.025441329179647032,1.2831380484270078,0,0.0,-0.0,2.1642416452585813,0,0.0,-0.0,26.828247472776408,0,0.0,-0.0,2.2894209504455763,0,0.0,-0.0,2.1294385137914227,0,0.0,-0.0,2.2894209504455763,0,0.0,-0.0,0.48831505699249156,0,0.0,-0.0,1.6414760172395988
2022-12-15,18.19,-0.03090037293553538,False,1.0,-0.03090037293553538,1.2434886042028384,0,0.0,-0.0,2.1642416452585813,0,0.0,-0.0,26.828247472776408,0,0.0,-0.0,2.2894209504455763,0,0.0,-0.0,2.1294385137914227,0,0.0,-0.0,2.2894209504455763,0,0.0,-0.0,0.48831505699249156,0,0.0,-0.0,1.6414760172395988
2022-12-16,15.94,-0.12369433754810344,False,1.0,-0.12369433754810344,1.0896761050573525,0,0.0,-0.0,2.1642416452585813,0,0.0,-0.0,26.828247472776408,0,0.0,-0.0,2.2894209504455763,0,0.0,-0.0,2.1294385137914227,0,0.0,-0.0,2.2894209504455763,0,0.0,-0.0,0.48831505699249156,0,0.0,-0.0,1.6414760172395988
2022-12-17,16.2,0.016311166875784266,False,1.0,0.016311166875784266,1.1074499938474975,0,0.0,0.0,2.1642416452585813,0,0.0,0.0,26.828247472776408,0,0.0,0.0,2.2894209504455763,0,0.0,0.0,2.1294385137914227,0,0.0,0.0,2.2894209504455763,0,0.0,0.0,0.48831505699249156,0,0.0,0.0,1.6414760172395988
2022-12-18,15.94,-0.016049382716049387,False,1.0,-0.016049382716049387,1.0896761050573525,0,0.0,-0.0,2.1642416452585813,0,0.0,-0.0,26.828247472776408,0,0.0,-0.0,2.2894209504455763,0,0.0,-0.0,2.1294385137914227,0,0.0,-0.0,2.2894209504455763,0,0.0,-0.0,0.48831505699249156,0,0.0,-0.0,1.6414760172395988
2022-12-19,15.2,-0.046424090338770374,False,1.0,-0.046424090338770374,1.0390888831161704,0,0.0,-0.0,2.1642416452585813,0,0.0,-0.0,26.828247472776408,0,0.0,-0.0,2.2894209504455763,0,0.0,-0.0,2.1294385137914227,0,0.0,-0.0,2.2894209504455763,0,0.0,-0.0,0.48831505699249156,0,0.0,-0.0,1.6414760172395988
2022-12-20,15.93,0.048026315789473806,False,1.0,0.048026315789473806,1.0889924939500393,0,0.0,0.0,2.1642416452585813,0,0.0,0.0,26.828247472776408,0,0.0,0.0,2.2894209504455763,0,0.0,0.0,2.1294385137914227,0,0.0,0.0,2.2894209504455763,0,0.0,0.0,0.48831505699249156,0,0.0,0.0,1.6414760172395988
2022-12-21,16.64,0.044569993722536116,False,1.0,0.044569993722536116,1.1375288825692815,0,0.0,0.0,2.1642416452585813,0,0.0,0.0,26.828247472776408,0,0.0,0.0,2.2894209504455763,0,0.0,0.0,2.1294385137914227,0,0.0,0.0,2.2894209504455763,0,0.0,0.0,0.48831505699249156,0,0.0,0.0,1.6414760172395988
2022-12-22,16.49,-0.00901442307692324,False,1.0,-0.00901442307692324,1.1272747159595824,0,0.0,-0.0,2.1642416452585813,0,0.0,-0.0,26.828247472776408,0,0.0,-0.0,2.2894209504455763,0,0.0,-0.0,2.1294385137914227,0,0.0,-0.0,2.2894209504455763,0,0.0,-0.0,0.48831505699249156,0,0.0,-0.0,1.6414760172395988
2022-12-23,16.4,-0.00545785324439052,False,1.0,-0.00545785324439052,1.121122215993763,0,0.0,-0.0,2.1642416452585813,0,0.0,-0.0,26.828247472776408,0,0.0,-0.0,2.2894209504455763,0,0.0,-0.0,2.1294385137914227,0,0.0,-0.0,2.2894209504455763,0,0.0,-0.0,0.48831505699249156,0,0.0,-0.0,1.6414760172395988
2022-12-24,16.45,0.0030487804878049918,False,1.0,0.0030487804878049918,1.1245402715303294,0,0.0,0.0,2.1642416452585813,0,0.0,0.0,26.828247472776408,0,0.0,0.0,2.2894209504455763,0,0.0,0.0,2.1294385137914227,0,0.0,0.0,2.2894209504455763,0,0.0,0.0,0.48831505699249156,0,0.0,0.0,1.6414760172395988
2022-12-25,16.2,-0.015197568389057725,False,1.0,-0.015197568389057725,1.1074499938474978,0,0.0,-0.0,2.1642416452585813,0,0.0,-0.0,26.828247472776408,0,0.0,-0.0,2.2894209504455763,0,0.0,-0.0,2.1294385137914227,0,0.0,-0.0,2.2894209504455763,0,0.0,-0.0,0.48831505699249156,0,0.0,-0.0,1.6414760172395988
2022-12-26,16.25,0.0030864197530864335,False,1.0,0.0030864197530864335,1.1108680493840641,0,0.0,0.0,2.1642416452585813,0,0.0,0.0,26.828247472776408,0,0.0,0.0,2.2894209504455763,0,0.0,0.0,2.1294385137914227,0,0.0,0.0,2.2894209504455763,0,0.0,0.0,0.48831505699249156,0,0.0,0.0,1.6414760172395988
2022-12-27,15.87,-0.023384615384615448,False,1.0,-0.023384615384615448,1.0848908273061597,0,0.0,-0.0,2.1642416452585813,0,0.0,-0.0,26.828247472776408,0,0.0,-0.0,2.2894209504455763,0,0.0,-0.0,2.1294385137914227,0,0.0,-0.0,2.2894209504455763,0,0.0,-0.0,0.48831505699249156,0,0.0,-0.0,1.6414760172395988
2022-12-28,15.12,-0.047258979206049156,False,1.0,-0.047258979206049156,1.0336199942576645,0,0.0,-0.0,2.1642416452585813,0,0.0,-0.0,26.828247472776408,0,0.0,-0.0,2.2894209504455763,0,0.0,-0.0,2.1294385137914227,0,0.0,-0.0,2.2894209504455763,0,0.0,-0.0,0.48831505699249156,0,0.0,-0.0,1.6414760172395988
2022-12-29,15.7,0.03835978835978837,False,1.0,0.03835978835978837,1.0732694384818342,0,0.0,0.0,2.1642416452585813,0,0.0,0.0,26.828247472776408,0,0.0,0.0,2.2894209504455763,0,0.0,0.0,2.1294385137914227,0,0.0,0.0,2.2894209504455763,0,0.0,0.0,0.48831505699249156,0,0.0,0.0,1.6414760172395988
2022-12-30,15.55,-0.009554140127388422,False,1.0,-0.009554140127388422,1.0630152718721353,0,0.0,-0.0,2.1642416452585813,0,0.0,-0.0,26.828247472776408,0,0.0,-0.0,2.2894209504455763,0,0.0,-0.0,2.1294385137914227,0,0.0,-0.0,2.2894209504455763,0,0.0,-0.0,0.48831505699249156,0,0.0,-0.0,1.6414760172395988
2022-12-31,15.69,0.009003215434083556,False,1.0,0.009003215434083556,1.072585827374521,0,0.0,0.0,2.1642416452585813,0,0.0,0.0,26.828247472776408,0,0.0,0.0,2.2894209504455763,0,0.0,0.0,2.1294385137914227,0,0.0,0.0,2.2894209504455763,0,0.0,0.0,0.48831505699249156,0,0.0,0.0,1.6414760172395988
2023-01-01,15.79,0.006373486297004405,False,1.0,0.006373486297004405,1.0794219384476536,0,0.0,0.0,2.1642416452585813,0,0.0,0.0,26.828247472776408,0,0.0,0.0,2.2894209504455763,0,0.0,0.0,2.1294385137914227,0,0.0,0.0,2.2894209504455763,0,0.0,0.0,0.48831505699249156,0,0.0,0.0,1.6414760172395988
2023-01-02,16.12,0.020899303356554988,False,1.0,0.020899303356554988,1.1019811049889916,0,0.0,0.0,2.1642416452585813,0,0.0,0.0,26.828247472776408,0,0.0,0.0,2.2894209504455763,0,0.0,0.0,2.1294385137914227,0,0.0,0.0,2.2894209504455763,0,0.0,0.0,0.48831505699249156,0,0.0,0.0,1.6414760172395988
2023-01-03,15.89,-0.014267990074441683,False,1.0,-0.014267990074441683,1.0862580495207863,0,0.0,-0.0,2.1642416452585813,0,0.0,-0.0,26.828247472776408,0,0.0,-0.0,2.2894209504455763,0,0.0,-0.0,2.1294385137914227,0,0.0,-0.0,2.2894209504455763,0,0.0,-0.0,0.48831505699249156,0,0.0,-0.0,1.6414760172395988
2023-01-04,19.2,0.2083071113908117,True,1.0,0.2083071113908117,1.3125333260414787,0,0.0,0.0,2.1642416452585813,1,0.0,0.0,26.828247472776408,0,0.0,0.0,2.2894209504455763,0,0.0,0.0,2.1294385137914227,0,0.0,0.0,2.2894209504455763,0,0.0,0.0,0.48831505699249156,0,0.0,0.0,1.6414760172395988
2023-01-05,18.23,-0.05052083333333324,True,1.0,-0.05052083333333324,1.2462230486320915,0,0.0,-0.0,2.1642416452585813,0,1.0,-0.05152083333333324,25.446033806106076,0,0.0,-0.0,2.2894209504455763,0,0.0,-0.0,2.1294385137914227,0,0.0,-0.0,2.2894209504455763,0,0.0,-0.0,0.48831505699249156,0,0.0,-0.0,1.6414760172395988
2023-01-06,20.43,0.12068019747668668,True,1.0,0.12068019747668668,1.3966174922410108,0,0.0,0.0,2.1642416452585813,1,1.0,0.12068019747668668,28.516866190825404,0,0.0,0.0,2.2894209504455763,0,0.0,0.0,2.1294385137914227,0,0.0,0.0,2.2894209504455763,0,0.0,0.0,0.48831505699249156,0,0.0,0.0,1.6414760172395988
2023-01-07,20.03,-0.01957905041605479,True,1.0,-0.01957905041605479,1.36927304794848,0,0.0,-0.0,2.1642416452585813,0,1.0,-0.01957905041605479,27.958533029967345,0,0.0,-0.0,2.2894209504455763,0,0.0,-0.0,2.1294385137914227,0,0.0,-0.0,2.2894209504455763,0,0.0,-0.0,0.48831505699249156,0,0.0,-0.0,1.6414760172395988
2023-01-08,20.39,0.017973040439341004,True,1.0,0.017973040439341004,1.3938830478117579,0,0.0,0.0,2.1642416452585813,0,1.0,0.017973040439341004,28.4610328747396,0,0.0,0.0,2.2894209504455763,0,0.0,0.0,2.1294385137914227,0,0.0,0.0,2.2894209504455763,0,0.0,0.0,0.48831505699249156,0,0.0,0.0,1.6414760172395988
2023-01-09,20.12,-0.013241785188818023,True,1.0,-0.013241785188818023,1.3754255479142996,0,0.0,-0.0,2.1642416452585813,0,1.0,-0.013241785188818023,28.08415799116041,0,0.0,-0.0,2.2894209504455763,0,0.0,-0.0,2.1294385137914227,0,0.0,-0.0,2.2894209504455763,0,0.0,-0.0,0.48831505699249156,0,0.0,-0.0,1.6414760172395988
2023-01-10,20.23,0.005467196819085363,True,1.0,0.005467196819085363,1.3829452700947453,0,0.0,0.0,2.1642416452585813,0,1.0,0.005467196819085363,28.237699610396373,0,0.0,0.0,2.2894209504455763,0,0.0,0.0,2.1294385137914227,0,0.0,0.0,2.2894209504455763,0,0.0,0.0,0.48831505699249156,0,0.0,0.0,1.6414760172395988
2023-01-11,20.52,0.014335145823034967,True,1.0,0.014335145823034967,1.40276999220683,0,0.0,0.0,2.1642416452585813,0,1.0,0.014335145823034967,28.64249115201846,0,0.0,0.0,2.2894209504455763,0,0.0,0.0,2.1294385137914227,0,0.0,0.0,2.2894209504455763,0,0.0,0.0,0.48831505699249156,0,0.0,0.0,1.6414760172395988
2023-01-12,20.88,0.01754385964912286,True,1.0,0.01754385964912286,1.4273799920701078,0,0.0,0.0,2.1642416452585813,0,1.0,0.01754385964912286,29.144990996790717,0,0.0,0.0,2.2894209504455763,0,0.0,0.0,2.1294385137914227,0,0.0,0.0,2.2894209504455763,0,0.0,0.0,0.48831505699249156,0,0.0,0.0,1.6414760172395988
2023-01-13,21.62,0.03544061302682011,True,1.0,0.03544061302682011,1.47796721401129,0,0.0,0.0,2.1642416452585813,0,1.0,0.03544061302682011,30.177907344378134,0,0.0,0.0,2.2894209504455763,0,0.0,0.0,2.1294385137914227,0,0.0,0.0,2.2894209504455763,0,0.0,0.0,0.48831505699249156,0,0.0,0.0,1.6414760172395988
2023-01-14,22.5,0.04070305272895469,True,1.0,0.04070305272895469,1.5381249914548578,0,0.0,0.0,2.1642416452585813,0,1.0,0.04070305272895469,31.406240298265867,0,0.0,0.0,2.2894209504455763,0,0.0,0.0,2.1294385137914227,0,0.0,0.0,2.2894209504455763,0,0.0,0.0,0.48831505699249156,0,0.0,0.0,1.6414760172395988
2023-01-15,22.4,-0.004444444444444473,True,1.0,-0.004444444444444473,1.531288880381725,0,0.0,-0.0,2.1642416452585813,0,1.0,-0.004444444444444473,31.26665700805135,0,0.0,-0.0,2.2894209504455763,0,0.0,-0.0,2.1294385137914227,0,0.0,-0.0,2.2894209504455763,0,0.0,-0.0,0.48831505699249156,0,0.0,-0.0,1.6414760172395988
2023-01-16,21.87,-0.023660714285714146,True,1.0,-0.023660714285714146,1.495057491694122,0,0.0,-0.0,2.1642416452585813,0,1.0,-0.023660714285714146,30.526865569914424,0,0.0,-0.0,2.2894209504455763,0,0.0,-0.0,2.1294385137914227,0,0.0,-0.0,2.2894209504455763,0,0.0,-0.0,0.48831505699249156,0,0.0,-0.0,1.6414760172395988
2023-01-17,21.84,-0.001371742112482921,True,1.0,-0.001371742112482921,1.493006658372182,0,0.0,-0.0,2.1642416452585813,0,1.0,-0.001371742112482921,30.484990582850067,0,0.0,-0.0,2.2894209504455763,0,0.0,-0.0,2.1294385137914227,0,0.0,-0.0,2.2894209504455763,0,0.0,-0.0,0.48831505699249156,0,0.0,-0.0,1.6414760172395988
2023-01-18,20.36,-0.06776556776556775,True,1.0,-0.06776556776556775,1.391832214489818,0,0.0,-0.0,2.1642416452585813,0,1.0,-0.06776556776556775,28.419157887675247,0,0.0,-0.0,2.2894209504455763,0,0.0,-0.0,2.1294385137914227,0,0.0,-0.0,2.2894209504455763,0,0.0,-0.0,0.48831505699249156,0,0.0,-0.0,1.6414760172395988
2023-01-19,20.73,0.018172888015717037,True,1.0,0.018172888015717037,1.417125825460409,0,0.0,0.0,2.1642416452585813,0,1.0,0.018172888015717037,28.935616061468952,0,0.0,0.0,2.2894209504455763,0,0.0,0.0,2.1294385137914227,0,0.0,0.0,2.2894209504455763,0,0.0,0.0,0.48831505699249156,0,0.0,0.0,1.6414760172395988
2023-01-20,22.46,0.08345393150024116,True,1.0,0.08345393150024116,1.5353905470256048,0,0.0,0.0,2.1642416452585813,0,1.0,0.08345393150024116,31.35040698218006,0,0.0,0.0,2.2894209504455763,0,0.0,0.0,2.1294385137914227,0,0.0,0.0,2.2894209504455763,0,0.0,0.0,0.48831505699249156,0,0.0,0.0,1.6414760172395988
2023-01-21,21.8,-0.029385574354407806,True,1.0,-0.029385574354407806,1.490272213942929,0,0.0,-0.0,2.1642416452585813,0,1.0,-0.029385574354407806,30.429157266764264,0,0.0,-0.0,2.2894209504455763,0,0.0,-0.0,2.1294385137914227,0,0.0,-0.0,2.2894209504455763,0,0.0,-0.0,0.48831505699249156,0,0.0,-0.0,1.6414760172395988
2023-01-22,22.55,0.034403669724770714,True,1.0,0.034403669724770714,1.5415430469914244,0,0.0,0.0,2.1642416452585813,0,1.0,0.034403669724770714,31.47603194337313,0,0.0,0.0,2.2894209504455763,0,0.0,0.0,2.1294385137914227,0,0.0,0.0,2.2894209504455763,0,0.0,0.0,0.48831505699249156,0,0.0,0.0,1.6414760172395988
2023-01-23,22.79,0.01064301552106417,True,1.0,0.01064301552106417,1.5579497135669427,0,0.0,0.0,2.1642416452585813,0,1.0,0.01064301552106417,31.81103183988796,0,0.0,0.0,2.2894209504455763,0,0.0,0.0,2.1294385137914227,0,0.0,0.0,2.2894209504455763,0,0.0,0.0,0.48831505699249156,0,0.0,0.0,1.6414760172395988
2023-01-24,21.18,-0.07064501974550241,True,1.0,-0.07064501974550241,1.4478883252895063,0,0.0,-0.0,2.1642416452585813,0,1.0,-0.07064501974550241,29.56374086743427,0,0.0,-0.0,2.2894209504455763,0,0.0,-0.0,2.1294385137914227,0,0.0,-0.0,2.2894209504455763,0,0.0,-0.0,0.48831505699249156,0,0.0,-0.0,1.6414760172395988
2023-01-25,21.84,0.031161473087818692,True,1.0,0.031161473087818692,1.4930066583721822,0,0.0,0.0,2.1642416452585813,0,1.0,0.031161473087818692,30.484990582850067,0,0.0,0.0,2.2894209504455763,0,0.0,0.0,2.1294385137914227,0,0.0,0.0,2.2894209504455763,0,0.0,0.0,0.48831505699249156,0,0.0,0.0,1.6414760172395988
2023-01-26,21.98,0.0064102564102563875,True,1.0,0.0064102564102563875,1.5025772138745679,0,0.0,0.0,2.1642416452585813,0,1.0,0.0064102564102563875,30.680407189150387,0,0.0,0.0,2.2894209504455763,0,0.0,0.0,2.1294385137914227,0,0.0,0.0,2.2894209504455763,0,0.0,0.0,0.48831505699249156,0,0.0,0.0,1.6414760172395988
2023-01-27,22.02,0.0018198362147405778,True,1.0,0.0018198362147405778,1.5053116583038209,0,0.0,0.0,2.1642416452585813,0,0.0,-0.001,30.649726781961235,0,0.0,0.0,2.2894209504455763,0,0.0,0.0,2.1294385137914227,0,0.0,0.0,2.2894209504455763,0,0.0,0.0,0.48831505699249156,0,0.0,0.0,1.6414760172395988
2023-01-28,21.72,-0.013623978201634857,True,1.0,-0.013623978201634857,1.4848033250844228,0,0.0,-0.0,2.1642416452585813,0,0.0,-0.0,30.649726781961235,0,0.0,-0.0,2.2894209504455763,0,0.0,-0.0,2.1294385137914227,0,0.0,-0.0,2.2894209504455763,0,0.0,-0.0,0.48831505699249156,0,0.0,-0.0,1.6414760172395988
2023-01-29,22.75,0.047421731123388655,True,1.0,0.047421731123388655,1.5552152691376897,0,0.0,0.0,2.1642416452585813,0,0.0,0.0,30.649726781961235,0,0.0,0.0,2.2894209504455763,0,0.0,0.0,2.1294385137914227,0,0.0,0.0,2.2894209504455763,0,0.0,0.0,0.48831505699249156,0,0.0,0.0,1.6414760172395988
2023-01-30,21.35,-0.06153846153846143,True,1.0,-0.06153846153846143,1.459509714113832,0,0.0,-0.0,2.1642416452585813,0,0.0,-0.0,30.649726781961235,0,0.0,-0.0,2.2894209504455763,0,0.0,-0.0,2.1294385137914227,0,0.0,-0.0,2.2894209504455763,0,0.0,-0.0,0.48831505699249156,0,0.0,-0.0,1.6414760172395988
2023-01-31,21.69,0.015925058548009297,True,1.0,0.015925058548009297,1.482752491762483,0,0.0,0.0,2.1642416452585813,0,0.0,0.0,30.649726781961235,0,0.0,0.0,2.2894209504455763,0,0.0,0.0,2.1294385137914227,0,0.0,0.0,2.2894209504455763,0,0.0,0.0,0.48831505699249156,0,0.0,0.0,1.6414760172395988
2023-02-01,22.35,0.03042876901798075,True,1.0,0.03042876901798075,1.5278708248451591,0,0.0,0.0,2.1642416452585813,0,0.0,0.0,30.649726781961235,0,0.0,0.0,2.2894209504455763,0,0.0,0.0,2.1294385137914227,0,0.0,0.0,2.2894209504455763,0,0.0,0.0,0.48831505699249156,0,0.0,0.0,1.6414760172395988
2023-02-02,22.42,0.0031319910514542304,True,1.0,0.0031319910514542304,1.532656102596352,0,0.0,0.0,2.1642416452585813,0,0.0,0.0,30.649726781961235,0,0.0,0.0,2.2894209504455763,0,0.0,0.0,2.1294385137914227,0,0.0,0.0,2.2894209504455763,0,0.0,0.0,0.48831505699249156,0,0.0,0.0,1.6414760172395988
2023-02-03,23.17,0.033452274754683264,True,1.0,0.033452274754683264,1.5839269356448473,0,0.0,0.0,2.1642416452585813,0,0.0,0.0,30.649726781961235,0,0.0,0.0,2.2894209504455763,0,0.0,0.0,2.1294385137914227,0,0.0,0.0,2.2894209504455763,0,0.0,0.0,0.48831505699249156,0,0.0,0.0,1.6414760172395988
2023-02-04,23.81,0.027621924902891504,True,1.0,0.027621924902891504,1.6276780465128964,0,0.0,0.0,2.1642416452585813,0,0.0,0.0,30.649726781961235,0,0.0,0.0,2.2894209504455763,0,0.0,0.0,2.1294385137914227,0,0.0,0.0,2.2894209504455763,0,0.0,0.0,0.48831505699249156,0,0.0,0.0,1.6414760172395988
2023-02-05,22.85,-0.04031919361612757,True,1.0,-0.04031919361612757,1.5620513802108227,0,0.0,-0.0,2.1642416452585813,0,0.0,-0.0,30.649726781961235,0,0.0,-0.0,2.2894209504455763,0,0.0,-0.0,2.1294385137914227,0,0.0,-0.0,2.2894209504455763,0,0.0,-0.0,0.48831505699249156,0,0.0,-0.0,1.6414760172395988
2023-02-06,22.13,-0.031509846827133536,True,1.0,-0.031509846827133536,1.512831380484267,0,0.0,-0.0,2.1642416452585813,0,0.0,-0.0,30.649726781961235,0,0.0,-0.0,2.2894209504455763,0,0.0,-0.0,2.1294385137914227,0,0.0,-0.0,2.2894209504455763,0,0.0,-0.0,0.48831505699249156,0,0.0,-0.0,1.6414760172395988
2023-02-07,23.2,0.04835065521915949,True,1.0,0.04835065521915949,1.5859777689667869,0,0.0,0.0,2.1642416452585813,0,0.0,0.0,30.649726781961235,0,0.0,0.0,2.2894209504455763,0,0.0,0.0,2.1294385137914227,0,0.0,0.0,2.2894209504455763,0,0.0,0.0,0.48831505699249156,0,0.0,0.0,1.6414760172395988
2023-02-08,22.64,-0.024137931034482696,True,1.0,-0.024137931034482696,1.5476955469572438,0,0.0,-0.0,2.1642416452585813,0,0.0,-0.0,30.649726781961235,0,0.0,-0.0,2.2894209504455763,0,0.0,-0.0,2.1294385137914227,0,0.0,-0.0,2.2894209504455763,0,0.0,-0.0,0.48831505699249156,0,0.0,-0.0,1.6414760172395988
2023-02-09,20.9,-0.07685512367491176,False,1.0,-0.07685512367491176,1.4287472142847346,0,0.0,-0.0,2.1642416452585813,0,0.0,-0.0,30.649726781961235,0,0.0,-0.0,2.2894209504455763,0,0.0,-0.0,2.1294385137914227,0,0.0,-0.0,2.2894209504455763,0,0.0,-0.0,0.48831505699249156,0,0.0,-0.0,1.6414760172395988
2023-02-10,20.97,0.0033492822966507685,False,1.0,0.0033492822966507685,1.4335324920359276,0,0.0,0.0,2.1642416452585813,0,0.0,0.0,30.649726781961235,0,0.0,0.0,2.2894209504455763,0,0.0,0.0,2.1294385137914227,0,0.0,0.0,2.2894209504455763,0,0.0,0.0,0.48831505699249156,0,0.0,0.0,1.6414760172395988
2023-02-11,21.49,0.024797329518359446,False,1.0,0.024797329518359446,1.4690802696162175,0,0.0,0.0,2.1642416452585813,0,0.0,0.0,30.649726781961235,0,0.0,0.0,2.2894209504455763,0,0.0,0.0,2.1294385137914227,0,0.0,0.0,2.2894209504455763,0,0.0,0.0,0.48831505699249156,0,0.0,0.0,1.6414760172395988
2023-02-12,21.06,-0.02000930665425782,False,1.0,-0.02000930665425782,1.439684992001747,0,0.0,-0.0,2.1642416452585813,0,0.0,-0.0,30.649726781961235,0,0.0,-0.0,2.2894209504455763,0,0.0,-0.0,2.1294385137914227,0,0.0,-0.0,2.2894209504455763,0,0.0,-0.0,0.48831505699249156,0,0.0,-0.0,1.6414760172395988
2023-02-13,20.64,-0.019943019943019835,False,1.0,-0.019943019943019835,1.4109733254945898,0,0.0,-0.0,2.1642416452585813,0,0.0,-0.0,30.649726781961235,0,0.0,-0.0,2.2894209504455763,0,0.0,-0.0,2.1294385137914227,0,0.0,-0.0,2.2894209504455763,0,0.0,-0.0,0.48831505699249156,0,0.0,-0.0,1.6414760172395988
2023-02-14,21.23,0.028585271317829397,False,1.0,0.028585271317829397,1.4513063808260727,0,0.0,0.0,2.1642416452585813,0,0.0,0.0,30.649726781961235,0,0.0,0.0,2.2894209504455763,0,0.0,0.0,2.1294385137914227,0,0.0,0.0,2.2894209504455763,0,0.0,0.0,0.48831505699249156,0,0.0,0.0,1.6414760172395988
2023-02-15,22.47,0.05840791333019313,True,1.0,0.05840791333019313,1.5360741581329183,0,0.0,0.0,2.1642416452585813,0,0.0,0.0,30.649726781961235,0,0.0,0.0,2.2894209504455763,0,0.0,0.0,2.1294385137914227,0,0.0,0.0,2.2894209504455763,0,0.0,0.0,0.48831505699249156,0,0.0,0.0,1.6414760172395988
2023-02-16,21.35,-0.049844236760124505,False,1.0,-0.049844236760124505,1.4595097141138322,0,0.0,-0.0,2.1642416452585813,0,0.0,-0.0,30.649726781961235,0,0.0,-0.0,2.2894209504455763,0,0.0,-0.0,2.1294385137914227,0,0.0,-0.0,2.2894209504455763,0,0.0,-0.0,0.48831505699249156,0,0.0,-0.0,1.6414760172395988
2023-02-17,22.42,0.050117096018735374,True,1.0,0.050117096018735374,1.532656102596352,0,0.0,0.0,2.1642416452585813,0,0.0,0.0,30.649726781961235,0,0.0,0.0,2.2894209504455763,0,0.0,0.0,2.1294385137914227,0,0.0,0.0,2.2894209504455763,0,0.0,0.0,0.48831505699249156,0,0.0,0.0,1.6414760172395988
2023-02-18,22.62,0.008920606601248826,False,1.0,0.008920606601248826,1.5463283247426174,0,0.0,0.0,2.1642416452585813,0,0.0,0.0,30.649726781961235,0,0.0,0.0,2.2894209504455763,0,0.0,0.0,2.1294385137914227,0,0.0,0.0,2.2894209504455763,0,0.0,0.0,0.48831505699249156,0,0.0,0.0,1.6414760172395988
2023-02-19,22.5,-0.0053050397877985045,True,1.0,-0.0053050397877985045,1.538124991454858,0,0.0,-0.0,2.1642416452585813,0,0.0,-0.0,30.649726781961235,0,0.0,-0.0,2.2894209504455763,0,0.0,-0.0,2.1294385137914227,0,0.0,-0.0,2.2894209504455763,0,0.0,-0.0,0.48831505699249156,0,0.0,-0.0,1.6414760172395988
2023-02-20,23.18,0.03022222222222215,True,1.0,0.03022222222222215,1.5846105467521603,0,0.0,0.0,2.1642416452585813,0,0.0,0.0,30.649726781961235,0,0.0,0.0,2.2894209504455763,0,0.0,0.0,2.1294385137914227,0,0.0,0.0,2.2894209504455763,0,0.0,0.0,0.48831505699249156,0,0.0,0.0,1.6414760172395988
2023-02-21,22.85,-0.014236410698878266,True,1.0,-0.014236410698878266,1.5620513802108225,0,0.0,-0.0,2.1642416452585813,0,0.0,-0.0,30.649726781961235,0,0.0,-0.0,2.2894209504455763,0,0.0,-0.0,2.1294385137914227,0,0.0,-0.0,2.2894209504455763,0,0.0,-0.0,0.48831505699249156,0,0.0,-0.0,1.6414760172395988
2023-02-22,22.48,-0.01619256017505477,True,1.0,-0.01619256017505477,1.5367577692402314,0,0.0,-0.0,2.1642416452585813,0,0.0,-0.0,30.649726781961235,0,0.0,-0.0,2.2894209504455763,0,0.0,-0.0,2.1294385137914227,0,0.0,-0.0,2.2894209504455763,0,0.0,-0.0,0.48831505699249156,0,0.0,-0.0,1.6414760172395988
2023-02-23,22.12,-0.016014234875444844,False,1.0,-0.016014234875444844,1.5121477693769536,0,0.0,-0.0,2.1642416452585813,0,0.0,-0.0,30.649726781961235,0,0.0,-0.0,2.2894209504455763,0,0.0,-0.0,2.1294385137914227,0,0.0,-0.0,2.2894209504455763,0,0.0,-0.0,0.48831505699249156,0,0.0,-0.0,1.6414760172395988
2023-02-24,21.11,-0.04566003616636538,False,1.0,-0.04566003616636538,1.443103047538313,0,0.0,-0.0,2.1642416452585813,0,0.0,-0.0,30.649726781961235,0,0.0,-0.0,2.2894209504455763,0,0.0,-0.0,2.1294385137914227,0,0.0,-0.0,2.2894209504455763,0,0.0,-0.0,0.48831505699249156,0,0.0,-0.0,1.6414760172395988
2023-02-25,20.98,-0.006158218853623776,False,1.0,-0.006158218853623776,1.4342161031432408,0,0.0,-0.0,2.1642416452585813,0,0.0,-0.0,30.649726781961235,0,0.0,-0.0,2.2894209504455763,0,0.0,-0.0,2.1294385137914227,0,0.0,-0.0,2.2894209504455763,0,0.0,-0.0,0.48831505699249156,0,0.0,-0.0,1.6414760172395988
2023-02-26,21.41,0.020495710200190587,False,1.0,0.020495710200190587,1.4636113807577114,0,0.0,0.0,2.1642416452585813,0,0.0,0.0,30.649726781961235,0,0.0,0.0,2.2894209504455763,0,0.0,0.0,2.1294385137914227,0,0.0,0.0,2.2894209504455763,0,0.0,0.0,0.48831505699249156,0,0.0,0.0,1.6414760172395988
2023-02-27,21.31,-0.00467071461933688,False,1.0,-0.00467071461933688,1.4567752696845784,0,0.0,-0.0,2.1642416452585813,0,0.0,-0.0,30.649726781961235,0,0.0,-0.0,2.2894209504455763,0,0.0,-0.0,2.1294385137914227,0,0.0,-0.0,2.2894209504455763,0,0.0,-0.0,0.48831505699249156,0,0.0,-0.0,1.6414760172395988
2023-02-28,20.76,-0.025809479117784973,False,1.0,-0.025809479117784973,1.4191766587823487,0,0.0,-0.0,2.1642416452585813,0,0.0,-0.0,30.649726781961235,0,0.0,-0.0,2.2894209504455763,0,0.0,-0.0,2.1294385137914227,0,0.0,-0.0,2.2894209504455763,0,0.0,-0.0,0.48831505699249156,0,0.0,-0.0,1.6414760172395988
2023-03-01,21.29,0.02552986512524069,True,1.0,0.02552986512524069,1.4554080474699518,0,0.0,0.0,2.1642416452585813,0,0.0,0.0,30.649726781961235,0,0.0,0.0,2.2894209504455763,0,0.0,0.0,2.1294385137914227,0,0.0,0.0,2.2894209504455763,0,0.0,0.0,0.48831505699249156,0,0.0,0.0,1.6414760172395988
2023-03-02,21.1,-0.008924377642085424,True,1.0,-0.008924377642085424,1.4424194364309997,0,0.0,-0.0,2.1642416452585813,0,0.0,-0.0,30.649726781961235,0,0.0,-0.0,2.2894209504455763,0,0.0,-0.0,2.1294385137914227,0,0.0,-0.0,2.2894209504455763,0,0.0,-0.0,0.48831505699249156,0,0.0,-0.0,1.6414760172395988
2023-03-03,20.36,-0.035071090047393505,False,1.0,-0.035071090047393505,1.3918322144898174,0,0.0,-0.0,2.1642416452585813,0,0.0,-0.0,30.649726781961235,0,0.0,-0.0,2.2894209504455763,0,0.0,-0.0,2.1294385137914227,0,0.0,-0.0,2.2894209504455763,0,0.0,-0.0,0.48831505699249156,0,0.0,-0.0,1.6414760172395988
2023-03-04,19.95,-0.02013752455795681,False,1.0,-0.02013752455795681,1.3638041590899732,0,0.0,-0.0,2.1642416452585813,0,0.0,-0.0,30.649726781961235,0,0.0,-0.0,2.2894209504455763,0,0.0,-0.0,2.1294385137914227,0,0.0,-0.0,2.2894209504455763,0,0.0,-0.0,0.48831505699249156,0,0.0,-0.0,1.6414760172395988
2023-03-05,19.75,-0.010025062656641603,False,1.0,-0.010025062656641603,1.350131936943708,0,0.0,-0.0,2.1642416452585813,0,0.0,-0.0,30.649726781961235,0,0.0,-0.0,2.2894209504455763,0,0.0,-0.0,2.1294385137914227,0,0.0,-0.0,2.2894209504455763,0,0.0,-0.0,0.48831505699249156,0,0.0,-0.0,1.6414760172395988
2023-03-06,19.65,-0.005063291139240533,False,1.0,-0.005063291139240533,1.3432958258705752,0,0.0,-0.0,2.1642416452585813,0,0.0,-0.0,30.649726781961235,0,0.0,-0.0,2.2894209504455763,0,0.0,-0.0,2.1294385137914227,0,0.0,-0.0,2.2894209504455763,0,0.0,-0.0,0.48831505699249156,0,0.0,-0.0,1.6414760172395988
2023-03-07,19.21,-0.02239185750636119,False,1.0,-0.02239185750636119,1.3132169371487914,0,0.0,-0.0,2.1642416452585813,0,0.0,-0.0,30.649726781961235,0,0.0,-0.0,2.2894209504455763,0,0.0,-0.0,2.1294385137914227,0,0.0,-0.0,2.2894209504455763,0,0.0,-0.0,0.48831505699249156,0,0.0,-0.0,1.6414760172395988
2023-03-08,18.25,-0.04997397188964081,False,1.0,-0.04997397188964081,1.2475902708467175,0,0.0,-0.0,2.1642416452585813,0,0.0,-0.0,30.649726781961235,0,0.0,-0.0,2.2894209504455763,0,0.0,-0.0,2.1294385137914227,0,0.0,-0.0,2.2894209504455763,0,0.0,-0.0,0.48831505699249156,0,0.0,-0.0,1.6414760172395988
2023-03-09,17.07,-0.06465753424657528,False,1.0,-0.06465753424657528,1.1669241601837517,0,0.0,-0.0,2.1642416452585813,0,0.0,-0.0,30.649726781961235,0,0.0,-0.0,2.2894209504455763,0,0.0,-0.0,2.1294385137914227,0,0.0,-0.0,2.2894209504455763,0,0.0,-0.0,0.48831505699249156,0,0.0,-0.0,1.6414760172395988
2023-03-10,17.43,0.02108963093145877,False,1.0,0.02108963093145877,1.1915341600470295,0,0.0,0.0,2.1642416452585813,0,0.0,0.0,30.649726781961235,0,0.0,0.0,2.2894209504455763,0,0.0,0.0,2.1294385137914227,0,0.0,0.0,2.2894209504455763,0,0.0,0.0,0.48831505699249156,0,0.0,0.0,1.6414760172395988
2023-03-11,17.15,-0.01606425702811254,False,1.0,-0.01606425702811254,1.1723930490422578,0,0.0,-0.0,2.1642416452585813,0,0.0,-0.0,30.649726781961235,0,0.0,-0.0,2.2894209504455763,0,0.0,-0.0,2.1294385137914227,0,0.0,-0.0,2.2894209504455763,0,0.0,-0.0,0.48831505699249156,0,0.0,-0.0,1.6414760172395988
2023-03-12,18.72,0.09154518950437329,False,1.0,0.09154518950437329,1.2797199928904412,0,0.0,0.0,2.1642416452585813,0,0.0,0.0,30.649726781961235,0,0.0,0.0,2.2894209504455763,0,0.0,0.0,2.1294385137914227,0,0.0,0.0,2.2894209504455763,0,0.0,0.0,0.48831505699249156,0,0.0,0.0,1.6414760172395988
2023-03-13,19.56,0.044871794871794934,False,1.0,0.044871794871794934,1.337143325904756,0,0.0,0.0,2.1642416452585813,0,0.0,0.0,30.649726781961235,0,0.0,0.0,2.2894209504455763,0,0.0,0.0,2.1294385137914227,0,0.0,0.0,2.2894209504455763,0,0.0,0.0,0.48831505699249156,0,0.0,0.0,1.6414760172395988
2023-03-14,20.22,0.033742331288343586,False,1.0,0.033742331288343586,1.382261658987432,0,0.0,0.0,2.1642416452585813,0,0.0,0.0,30.649726781961235,0,0.0,0.0,2.2894209504455763,0,0.0,0.0,2.1294385137914227,0,0.0,0.0,2.2894209504455763,0,0.0,0.0,0.48831505699249156,0,0.0,0.0,1.6414760172395988
2023-03-15,18.4,-0.09000989119683489,False,1.0,-0.09000989119683489,1.2578444374564166,0,0.0,-0.0,2.1642416452585813,0,0.0,-0.0,30.649726781961235,0,0.0,-0.0,2.2894209504455763,0,0.0,-0.0,2.1294385137914227,0,0.0,-0.0,2.2894209504455763,0,0.0,-0.0,0.48831505699249156,0,0.0,-0.0,1.6414760172395988
2023-03-16,18.73,0.017934782608695743,False,1.0,0.017934782608695743,1.2804036039977547,0,0.0,0.0,2.1642416452585813,0,0.0,0.0,30.649726781961235,0,0.0,0.0,2.2894209504455763,0,0.0,0.0,2.1294385137914227,0,0.0,0.0,2.2894209504455763,0,0.0,0.0,0.48831505699249156,0,0.0,0.0,1.6414760172395988
2023-03-17,20.28,0.08275493860117455,False,1.0,0.08275493860117455,1.3863633256313115,0,0.0,0.0,2.1642416452585813,0,0.0,0.0,30.649726781961235,0,0.0,0.0,2.2894209504455763,0,0.0,0.0,2.1294385137914227,0,0.0,0.0,2.2894209504455763,0,0.0,0.0,0.48831505699249156,0,0.0,0.0,1.6414760172395988
2023-03-18,20.76,0.02366863905325456,False,1.0,0.02366863905325456,1.4191766587823487,0,0.0,0.0,2.1642416452585813,0,0.0,0.0,30.649726781961235,0,0.0,0.0,2.2894209504455763,0,0.0,0.0,2.1294385137914227,0,0.0,0.0,2.2894209504455763,0,0.0,0.0,0.48831505699249156,0,0.0,0.0,1.6414760172395988
2023-03-19,21.06,0.01445086705202292,False,1.0,0.01445086705202292,1.4396849920017465,0,0.0,0.0,2.1642416452585813,0,0.0,0.0,30.649726781961235,0,0.0,0.0,2.2894209504455763,0,0.0,0.0,2.1294385137914227,0,0.0,0.0,2.2894209504455763,0,0.0,0.0,0.48831505699249156,0,0.0,0.0,1.6414760172395988
2023-03-20,19.57,-0.070750237416904,False,1.0,-0.070750237416904,1.3378269370120695,0,0.0,-0.0,2.1642416452585813,0,0.0,-0.0,30.649726781961235,0,0.0,-0.0,2.2894209504455763,0,0.0,-0.0,2.1294385137914227,0,0.0,-0.0,2.2894209504455763,0,0.0,-0.0,0.48831505699249156,0,0.0,-0.0,1.6414760172395988
2023-03-21,20.9,0.06796116504854366,False,1.0,0.06796116504854366,1.4287472142847344,0,0.0,0.0,2.1642416452585813,0,0.0,0.0,30.649726781961235,0,0.0,0.0,2.2894209504455763,0,0.0,0.0,2.1294385137914227,0,0.0,0.0,2.2894209504455763,0,0.0,0.0,0.48831505699249156,0,0.0,0.0,1.6414760172395988
2023-03-22,20.03,-0.04162679425837312,False,1.0,-0.04162679425837312,1.36927304794848,0,0.0,-0.0,2.1642416452585813,0,0.0,-0.0,30.649726781961235,0,0.0,-0.0,2.2894209504455763,0,0.0,-0.0,2.1294385137914227,0,0.0,-0.0,2.2894209504455763,0,0.0,-0.0,0.48831505699249156,0,0.0,-0.0,1.6414760172395988
2023-03-23,20.78,0.03744383424862696,True,1.0,0.03744383424862696,1.4205438809969753,0,0.0,0.0,2.1642416452585813,0,0.0,0.0,30.649726781961235,0,0.0,0.0,2.2894209504455763,0,0.0,0.0,2.1294385137914227,0,0.0,0.0,2.2894209504455763,0,0.0,0.0,0.48831505699249156,0,0.0,0.0,1.6414760172395988
2023-03-24,20.19,-0.028392685274302165,True,1.0,-0.028392685274302165,1.3802108256654924,0,0.0,-0.0,2.1642416452585813,0,0.0,-0.0,30.649726781961235,0,0.0,-0.0,2.2894209504455763,0,0.0,-0.0,2.1294385137914227,0,0.0,-0.0,2.2894209504455763,0,0.0,-0.0,0.48831505699249156,0,0.0,-0.0,1.6414760172395988
2023-03-25,20.02,-0.008420009905894088,True,1.0,-0.008420009905894088,1.3685894368411666,0,0.0,-0.0,2.1642416452585813,0,0.0,-0.0,30.649726781961235,0,0.0,-0.0,2.2894209504455763,0,0.0,-0.0,2.1294385137914227,0,0.0,-0.0,2.2894209504455763,0,0.0,-0.0,0.48831505699249156,0,0.0,-0.0,1.6414760172395988
2023-03-26,20.33,0.015484515484515349,True,1.0,0.015484515484515349,1.3897813811678779,0,0.0,0.0,2.1642416452585813,0,0.0,0.0,30.649726781961235,0,0.0,0.0,2.2894209504455763,0,0.0,0.0,2.1294385137914227,0,0.0,0.0,2.2894209504455763,0,0.0,0.0,0.48831505699249156,0,0.0,0.0,1.6414760172395988
2023-03-27,19.67,-0.03246433841613361,True,1.0,-0.03246433841613361,1.3446630480852022,0,0.0,-0.0,2.1642416452585813,0,0.0,-0.0,30.649726781961235,0,0.0,-0.0,2.2894209504455763,0,0.0,-0.0,2.1294385137914227,0,0.0,-0.0,2.2894209504455763,0,0.0,-0.0,0.48831505699249156,0,0.0,-0.0,1.6414760172395988
2023-03-28,20.16,0.02491103202846956,True,1.0,0.02491103202846956,1.3781599923435521,0,0.0,0.0,2.1642416452585813,0,0.0,0.0,30.649726781961235,0,0.0,0.0,2.2894209504455763,0,0.0,0.0,2.1294385137914227,0,0.0,0.0,2.2894209504455763,0,0.0,0.0,0.48831505699249156,0,0.0,0.0,1.6414760172395988
2023-03-29,20.67,0.02529761904761907,True,1.0,0.02529761904761907,1.4130241588165289,0,0.0,0.0,2.1642416452585813,0,0.0,0.0,30.649726781961235,0,0.0,0.0,2.2894209504455763,0,0.0,0.0,2.1294385137914227,0,0.0,0.0,2.2894209504455763,0,0.0,0.0,0.48831505699249156,0,0.0,0.0,1.6414760172395988
2023-03-30,20.28,-0.018867924528301883,True,1.0,-0.018867924528301883,1.3863633256313113,0,0.0,-0.0,2.1642416452585813,0,0.0,-0.0,30.649726781961235,0,0.0,-0.0,2.2894209504455763,0,0.0,-0.0,2.1294385137914227,0,0.0,-0.0,2.2894209504455763,0,0.0,-0.0,0.48831505699249156,0,0.0,-0.0,1.6414760172395988
2023-03-31,20.74,0.02268244575936862,True,1.0,0.02268244575936862,1.4178094365677214,0,0.0,0.0,2.1642416452585813,0,0.0,0.0,30.649726781961235,0,0.0,0.0,2.2894209504455763,0,0.0,0.0,2.1294385137914227,0,0.0,0.0,2.2894209504455763,0,0.0,0.0,0.48831505699249156,0,0.0,0.0,1.6414760172395988
2023-04-01,21.24,0.024108003857280513,True,1.0,0.024108003857280513,1.4519899919333847,0,0.0,0.0,2.1642416452585813,0,0.0,0.0,30.649726781961235,0,0.0,0.0,2.2894209504455763,0,0.0,0.0,2.1294385137914227,0,0.0,0.0,2.2894209504455763,0,0.0,0.0,0.48831505699249156,0,0.0,0.0,1.6414760172395988
2023-04-02,20.43,-0.03813559322033888,True,1.0,-0.03813559322033888,1.39661749224101,0,0.0,-0.0,2.1642416452585813,0,0.0,-0.0,30.649726781961235,0,0.0,-0.0,2.2894209504455763,0,0.0,-0.0,2.1294385137914227,0,0.0,-0.0,2.2894209504455763,0,0.0,-0.0,0.48831505699249156,0,0.0,-0.0,1.6414760172395988
2023-04-03,20.7,0.013215859030836885,True,1.0,0.013215859030836885,1.415074992138468,0,0.0,0.0,2.1642416452585813,0,0.0,0.0,30.649726781961235,0,0.0,0.0,2.2894209504455763,0,0.0,0.0,2.1294385137914227,0,0.0,0.0,2.2894209504455763,0,0.0,0.0,0.48831505699249156,0,0.0,0.0,1.6414760172395988
2023-04-04,21.12,0.020289855072463947,True,1.0,0.020289855072463947,1.4437866586456256,0,0.0,0.0,2.1642416452585813,0,0.0,0.0,30.649726781961235,0,0.0,0.0,2.2894209504455763,0,0.0,0.0,2.1294385137914227,0,0.0,0.0,2.2894209504455763,0,0.0,0.0,0.48831505699249156,0,0.0,0.0,1.6414760172395988
2023-04-05,21.13,0.00047348484848486194,True,1.0,0.00047348484848486194,1.4444702697529388,0,0.0,0.0,2.1642416452585813,0,0.0,0.0,30.649726781961235,0,0.0,0.0,2.2894209504455763,0,0.0,0.0,2.1294385137914227,0,0.0,0.0,2.2894209504455763,0,0.0,0.0,0.48831505699249156,0,0.0,0.0,1.6414760172395988
2023-04-06,20.7,-0.02035021296734496,True,1.0,-0.02035021296734496,1.4150749921384682,0,0.0,-0.0,2.1642416452585813,0,0.0,-0.0,30.649726781961235,0,0.0,-0.0,2.2894209504455763,0,0.0,-0.0,2.1294385137914227,0,0.0,-0.0,2.2894209504455763,0,0.0,-0.0,0.48831505699249156,0,0.0,-0.0,1.6414760172395988
2023-04-07,20.48,-0.010628019323671412,False,1.0,-0.010628019323671412,1.4000355477775763,0,0.0,-0.0,2.1642416452585813,0,0.0,-0.0,30.649726781961235,0,0.0,-0.0,2.2894209504455763,0,0.0,-0.0,2.1294385137914227,0,0.0,-0.0,2.2894209504455763,0,0.0,-0.0,0.48831505699249156,0,0.0,-0.0,1.6414760172395988
2023-04-08,20.35,-0.00634765625,False,1.0,-0.00634765625,1.3911486033825038,0,0.0,-0.0,2.1642416452585813,0,0.0,-0.0,30.649726781961235,0,0.0,-0.0,2.2894209504455763,0,0.0,-0.0,2.1294385137914227,0,0.0,-0.0,2.2894209504455763,0,0.0,-0.0,0.48831505699249156,0,0.0,-0.0,1.6414760172395988
2023-04-09,20.56,0.010319410319410194,True,1.0,0.010319410319410194,1.4055044366360823,0,0.0,0.0,2.1642416452585813,0,0.0,0.0,30.649726781961235,0,0.0,0.0,2.2894209504455763,0,0.0,0.0,2.1294385137914227,0,0.0,0.0,2.2894209504455763,0,0.0,0.0,0.48831505699249156,0,0.0,0.0,1.6414760172395988
2023-04-10,21.01,0.021887159533074074,True,1.0,0.021887159533074074,1.4362669364651797,0,0.0,0.0,2.1642416452585813,0,0.0,0.0,30.649726781961235,0,0.0,0.0,2.2894209504455763,0,0.0,0.0,2.1294385137914227,0,0.0,0.0,2.2894209504455763,0,0.0,0.0,0.48831505699249156,0,0.0,0.0,1.6414760172395988
2023-04-11,21.48,0.02237029985721084,True,1.0,0.02237029985721084,1.4683966585089032,0,0.0,0.0,2.1642416452585813,0,0.0,0.0,30.649726781961235,0,0.0,0.0,2.2894209504455763,0,0.0,0.0,2.1294385137914227,0,0.0,0.0,2.2894209504455763,0,0.0,0.0,0.48831505699249156,0,0.0,0.0,1.6414760172395988
2023-04-12,22.04,0.02607076350093096,True,1.0,0.02607076350093096,1.5066788805184461,0,0.0,0.0,2.1642416452585813,0,0.0,0.0,30.649726781961235,0,0.0,0.0,2.2894209504455763,0,0.0,0.0,2.1294385137914227,0,0.0,0.0,2.2894209504455763,0,0.0,0.0,0.48831505699249156,0,0.0,0.0,1.6414760172395988
2023-04-13,22.4,0.016333938294010864,True,1.0,0.016333938294010864,1.5312888803817237,0,0.0,0.0,2.1642416452585813,0,0.0,0.0,30.649726781961235,0,0.0,0.0,2.2894209504455763,0,0.0,0.0,2.1294385137914227,0,0.0,0.0,2.2894209504455763,0,0.0,0.0,0.48831505699249156,0,0.0,0.0,1.6414760172395988
2023-04-14,22.41,0.0004464285714287364,True,1.0,0.0004464285714287364,1.5319724914890374,0,0.0,0.0,2.1642416452585813,0,0.0,0.0,30.649726781961235,0,0.0,0.0,2.2894209504455763,0,0.0,0.0,2.1294385137914227,0,0.0,0.0,2.2894209504455763,0,0.0,0.0,0.48831505699249156,0,0.0,0.0,1.6414760172395988
2023-04-15,22.08,-0.014725568942436484,True,1.0,-0.014725568942436484,1.5094133249476993,0,0.0,-0.0,2.1642416452585813,0,0.0,-0.0,30.649726781961235,0,0.0,-0.0,2.2894209504455763,0,0.0,-0.0,2.1294385137914227,0,0.0,-0.0,2.2894209504455763,0,0.0,-0.0,0.48831505699249156,0,0.0,-0.0,1.6414760172395988
2023-04-16,22.25,0.007699275362318847,True,1.0,0.007699275362318847,1.5210347137720248,0,0.0,0.0,2.1642416452585813,0,0.0,0.0,30.649726781961235,0,0.0,0.0,2.2894209504455763,0,0.0,0.0,2.1294385137914227,0,0.0,0.0,2.2894209504455763,0,0.0,0.0,0.48831505699249156,0,0.0,0.0,1.6414760172395988
2023-04-17,21.72,-0.02382022471910117,True,1.0,-0.02382022471910117,1.4848033250844215,0,0.0,-0.0,2.1642416452585813,0,0.0,-0.0,30.649726781961235,0,0.0,-0.0,2.2894209504455763,0,0.0,-0.0,2.1294385137914227,0,0.0,-0.0,2.2894209504455763,0,0.0,-0.0,0.48831505699249156,0,0.0,-0.0,1.6414760172395988
2023-04-18,21.87,0.006906077348066475,True,1.0,0.006906077348066475,1.4950574916941208,0,0.0,0.0,2.1642416452585813,0,0.0,0.0,30.649726781961235,0,0.0,0.0,2.2894209504455763,0,0.0,0.0,2.1294385137914227,0,0.0,0.0,2.2894209504455763,0,0.0,0.0,0.48831505699249156,0,0.0,0.0,1.6414760172395988
2023-04-19,20.3,-0.07178783721993598,True,1.0,-0.07178783721993598,1.3877305478459374,0,0.0,-0.0,2.1642416452585813,0,0.0,-0.0,30.649726781961235,0,0.0,-0.0,2.2894209504455763,0,0.0,-0.0,2.1294385137914227,0,0.0,-0.0,2.2894209504455763,0,0.0,-0.0,0.48831505699249156,0,0.0,-0.0,1.6414760172395988
2023-04-20,20.07,-0.011330049261083719,False,1.0,-0.011330049261083719,1.3720074923777323,0,0.0,-0.0,2.1642416452585813,0,0.0,-0.0,30.649726781961235,0,0.0,-0.0,2.2894209504455763,0,0.0,-0.0,2.1294385137914227,0,0.0,-0.0,2.2894209504455763,0,0.0,-0.0,0.48831505699249156,0,0.0,-0.0,1.6414760172395988
2023-04-21,19.32,-0.03736920777279518,False,1.0,-0.03736920777279518,1.3207366593292371,0,0.0,-0.0,2.1642416452585813,0,0.0,-0.0,30.649726781961235,0,0.0,-0.0,2.2894209504455763,0,0.0,-0.0,2.1294385137914227,0,0.0,-0.0,2.2894209504455763,0,0.0,-0.0,0.48831505699249156,0,0.0,-0.0,1.6414760172395988
2023-04-22,20.19,0.045031055900621064,False,1.0,0.045031055900621064,1.3802108256654915,0,0.0,0.0,2.1642416452585813,0,0.0,0.0,30.649726781961235,0,0.0,0.0,2.2894209504455763,0,0.0,0.0,2.1294385137914227,0,0.0,0.0,2.2894209504455763,0,0.0,0.0,0.48831505699249156,0,0.0,0.0,1.6414760172395988
2023-04-23,19.71,-0.02377414561664193,False,1.0,-0.02377414561664193,1.3473974925144545,0,0.0,-0.0,2.1642416452585813,0,0.0,-0.0,30.649726781961235,0,0.0,-0.0,2.2894209504455763,0,0.0,-0.0,2.1294385137914227,0,0.0,-0.0,2.2894209504455763,0,0.0,-0.0,0.48831505699249156,0,0.0,-0.0,1.6414760172395988
2023-04-24,19.4,-0.0157280568239474,False,1.0,-0.0157280568239474,1.3262055481877428,0,0.0,-0.0,2.1642416452585813,0,0.0,-0.0,30.649726781961235,0,0.0,-0.0,2.2894209504455763,0,0.0,-0.0,2.1294385137914227,0,0.0,-0.0,2.2894209504455763,0,0.0,-0.0,0.48831505699249156,0,0.0,-0.0,1.6414760172395988
2023-04-25,19.79,0.020103092783505083,False,1.0,0.020103092783505083,1.3528663813729602,0,0.0,0.0,2.1642416452585813,0,0.0,0.0,30.649726781961235,0,0.0,0.0,2.2894209504455763,0,0.0,0.0,2.1294385137914227,0,0.0,0.0,2.2894209504455763,0,0.0,0.0,0.48831505699249156,0,0.0,0.0,1.6414760172395988
2023-04-26,19.34,-0.022738756947953465,False,1.0,-0.022738756947953465,1.3221038815438633,0,0.0,-0.0,2.1642416452585813,0,0.0,-0.0,30.649726781961235,0,0.0,-0.0,2.2894209504455763,0,0.0,-0.0,2.1294385137914227,0,0.0,-0.0,2.2894209504455763,0,0.0,-0.0,0.48831505699249156,0,0.0,-0.0,1.6414760172395988
2023-04-27,19.81,0.024301964839710477,False,1.0,0.024301964839710477,1.354233603587587,0,0.0,0.0,2.1642416452585813,0,0.0,0.0,30.649726781961235,0,0.0,0.0,2.2894209504455763,0,0.0,0.0,2.1294385137914227,0,0.0,0.0,2.2894209504455763,0,0.0,0.0,0.48831505699249156,0,0.0,0.0,1.6414760172395988
2023-04-28,19.75,-0.003028773346794522,False,1.0,-0.003028773346794522,1.3501319369437075,0,0.0,-0.0,2.1642416452585813,0,0.0,-0.0,30.649726781961235,0,0.0,-0.0,2.2894209504455763,0,0.0,-0.0,2.1294385137914227,0,0.0,-0.0,2.2894209504455763,0,0.0,-0.0,0.48831505699249156,0,0.0,-0.0,1.6414760172395988
2023-04-29,19.81,0.0030379746835442756,False,1.0,0.0030379746835442756,1.354233603587587,0,0.0,0.0,2.1642416452585813,0,0.0,0.0,30.649726781961235,0,0.0,0.0,2.2894209504455763,0,0.0,0.0,2.1294385137914227,0,0.0,0.0,2.2894209504455763,0,0.0,0.0,0.48831505699249156,0,0.0,0.0,1.6414760172395988
2023-04-30,19.4,-0.020696617869762735,False,1.0,-0.020696617869762735,1.326205548187743,0,0.0,-0.0,2.1642416452585813,0,0.0,-0.0,30.649726781961235,0,0.0,-0.0,2.2894209504455763,0,0.0,-0.0,2.1294385137914227,0,0.0,-0.0,2.2894209504455763,0,0.0,-0.0,0.48831505699249156,0,0.0,-0.0,1.6414760172395988
2023-05-01,19.21,-0.009793814432989545,False,1.0,-0.009793814432989545,1.3132169371487912,0,0.0,-0.0,2.1642416452585813,0,0.0,-0.0,30.649726781961235,0,0.0,-0.0,2.2894209504455763,0,0.0,-0.0,2.1294385137914227,0,0.0,-0.0,2.2894209504455763,0,0.0,-0.0,0.48831505699249156,0,0.0,-0.0,1.6414760172395988
2023-05-02,19.25,0.0020822488287350893,False,1.0,0.0020822488287350893,1.3159513815780444,0,0.0,0.0,2.1642416452585813,0,0.0,0.0,30.649726781961235,0,0.0,0.0,2.2894209504455763,0,0.0,0.0,2.1294385137914227,0,0.0,0.0,2.2894209504455763,0,0.0,0.0,0.48831505699249156,0,0.0,0.0,1.6414760172395988
2023-05-03,19.55,0.01558441558441559,False,1.0,0.01558441558441559,1.3364597147974424,0,0.0,0.0,2.1642416452585813,0,0.0,0.0,30.649726781961235,0,0.0,0.0,2.2894209504455763,0,0.0,0.0,2.1294385137914227,0,0.0,0.0,2.2894209504455763,0,0.0,0.0,0.48831505699249156,0,0.0,0.0,1.6414760172395988
2023-05-04,19.31,-0.012276214833759735,False,1.0,-0.012276214833759735,1.3200530482219237,0,0.0,-0.0,2.1642416452585813,0,0.0,-0.0,30.649726781961235,0,0.0,-0.0,2.2894209504455763,0,0.0,-0.0,2.1294385137914227,0,0.0,-0.0,2.2894209504455763,0,0.0,-0.0,0.48831505699249156,0,0.0,-0.0,1.6414760172395988
2023-05-05,19.6,0.015018125323666531,False,1.0,0.015018125323666531,1.3398777703340086,0,0.0,0.0,2.1642416452585813,0,0.0,0.0,30.649726781961235,0,0.0,0.0,2.2894209504455763,0,0.0,0.0,2.1294385137914227,0,0.0,0.0,2.2894209504455763,0,0.0,0.0,0.48831505699249156,0,0.0,0.0,1.6414760172395988
2023-05-06,18.94,-0.03367346938775506,False,1.0,-0.03367346938775506,1.294759437251333,0,0.0,-0.0,2.1642416452585813,0,0.0,-0.0,30.649726781961235,0,0.0,-0.0,2.2894209504455763,0,0.0,-0.0,2.1294385137914227,0,0.0,-0.0,2.2894209504455763,0,0.0,-0.0,0.48831505699249156,0,0.0,-0.0,1.6414760172395988
2023-05-07,18.73,-0.011087645195353768,False,1.0,-0.011087645195353768,1.2804036039977542,0,0.0,-0.0,2.1642416452585813,0,0.0,-0.0,30.649726781961235,0,0.0,-0.0,2.2894209504455763,0,0.0,-0.0,2.1294385137914227,0,0.0,-0.0,2.2894209504455763,0,0.0,-0.0,0.48831505699249156,0,0.0,-0.0,1.6414760172395988
2023-05-08,18.27,-0.024559530165509935,False,1.0,-0.024559530165509935,1.2489574930613436,0,0.0,-0.0,2.1642416452585813,0,0.0,-0.0,30.649726781961235,0,0.0,-0.0,2.2894209504455763,0,0.0,-0.0,2.1294385137914227,0,0.0,-0.0,2.2894209504455763,0,0.0,-0.0,0.48831505699249156,0,0.0,-0.0,1.6414760172395988
2023-05-09,18.74,0.025725232621784277,False,1.0,0.025725232621784277,1.2810872151050672,0,0.0,0.0,2.1642416452585813,0,0.0,0.0,30.649726781961235,0,0.0,0.0,2.2894209504455763,0,0.0,0.0,2.1294385137914227,0,0.0,0.0,2.2894209504455763,0,0.0,0.0,0.48831505699249156,0,0.0,0.0,1.6414760172395988
2023-05-10,18.81,0.003735325506937004,False,1.0,0.003735325506937004,1.28587249285626,0,0.0,0.0,2.1642416452585813,0,0.0,0.0,30.649726781961235,0,0.0,0.0,2.2894209504455763,0,0.0,0.0,2.1294385137914227,0,0.0,0.0,2.2894209504455763,0,0.0,0.0,0.48831505699249156,0,0.0,0.0,1.6414760172395988
2023-05-11,18.09,-0.038277511961722466,False,1.0,-0.038277511961722466,1.2366524931297045,0,0.0,-0.0,2.1642416452585813,0,0.0,-0.0,30.649726781961235,0,0.0,-0.0,2.2894209504455763,0,0.0,-0.0,2.1294385137914227,0,0.0,-0.0,2.2894209504455763,0,0.0,-0.0,0.48831505699249156,0,0.0,-0.0,1.6414760172395988
2023-05-12,18.21,0.0066334991708125735,False,1.0,0.0066334991708125735,1.2448558264174636,0,0.0,0.0,2.1642416452585813,0,0.0,0.0,30.649726781961235,0,0.0,0.0,2.2894209504455763,0,0.0,0.0,2.1294385137914227,0,0.0,0.0,2.2894209504455763,0,0.0,0.0,0.48831505699249156,0,0.0,0.0,1.6414760172395988
2023-05-13,18.1,-0.006040637012630357,False,1.0,-0.006040637012630357,1.2373361042370177,0,0.0,-0.0,2.1642416452585813,0,0.0,-0.0,30.649726781961235,0,0.0,-0.0,2.2894209504455763,0,0.0,-0.0,2.1294385137914227,0,0.0,-0.0,2.2894209504455763,0,0.0,-0.0,0.48831505699249156,0,0.0,-0.0,1.6414760172395988
2023-05-14,18.12,0.0011049723756906271,False,1.0,0.0011049723756906271,1.2387033264516443,0,0.0,0.0,2.1642416452585813,0,0.0,0.0,30.649726781961235,0,0.0,0.0,2.2894209504455763,0,0.0,0.0,2.1294385137914227,0,0.0,0.0,2.2894209504455763,0,0.0,0.0,0.48831505699249156,0,0.0,0.0,1.6414760172395988
2023-05-15,18.29,0.009381898454746018,False,1.0,0.009381898454746018,1.2503247152759698,0,0.0,0.0,2.1642416452585813,0,0.0,0.0,30.649726781961235,0,0.0,0.0,2.2894209504455763,0,0.0,0.0,2.1294385137914227,0,0.0,0.0,2.2894209504455763,0,0.0,0.0,0.48831505699249156,0,0.0,0.0,1.6414760172395988
2023-05-16,18.29,0.0,False,1.0,0.0,1.2503247152759698,0,0.0,0.0,2.1642416452585813,0,0.0,0.0,30.649726781961235,0,0.0,0.0,2.2894209504455763,0,0.0,0.0,2.1294385137914227,0,0.0,0.0,2.2894209504455763,0,0.0,0.0,0.48831505699249156,0,0.0,0.0,1.6414760172395988
2023-05-17,18.55,0.014215418261344981,False,1.0,0.014215418261344981,1.2680986040661149,0,0.0,0.0,2.1642416452585813,0,0.0,0.0,30.649726781961235,0,0.0,0.0,2.2894209504455763,0,0.0,0.0,2.1294385137914227,0,0.0,0.0,2.2894209504455763,0,0.0,0.0,0.48831505699249156,0,0.0,0.0,1.6414760172395988
2023-05-18,18.34,-0.01132075471698113,False,1.0,-0.01132075471698113,1.2537427708125362,0,0.0,-0.0,2.1642416452585813,0,0.0,-0.0,30.649726781961235,0,0.0,-0.0,2.2894209504455763,0,0.0,-0.0,2.1294385137914227,0,0.0,-0.0,2.2894209504455763,0,0.0,-0.0,0.48831505699249156,0,0.0,-0.0,1.6414760172395988
2023-05-19,18.3,-0.0021810250817884125,False,1.0,-0.0021810250817884125,1.2510083263832832,0,0.0,-0.0,2.1642416452585813,0,0.0,-0.0,30.649726781961235,0,0.0,-0.0,2.2894209504455763,0,0.0,-0.0,2.1294385137914227,0,0.0,-0.0,2.2894209504455763,0,0.0,-0.0,0.48831505699249156,0,0.0,-0.0,1.6414760172395988
2023-05-20,18.32,0.0010928961748633004,False,1.0,0.0010928961748633004,1.2523755485979096,0,0.0,0.0,2.1642416452585813,0,0.0,0.0,30.649726781961235,0,0.0,0.0,2.2894209504455763,0,0.0,0.0,2.1294385137914227,0,0.0,0.0,2.2894209504455763,0,0.0,0.0,0.48831505699249156,0,0.0,0.0,1.6414760172395988
2023-05-21,17.93,-0.021288209606986963,False,1.0,-0.021288209606986963,1.225714715412692,0,0.0,-0.0,2.1642416452585813,0,0.0,-0.0,30.649726781961235,0,0.0,-0.0,2.2894209504455763,0,0.0,-0.0,2.1294385137914227,0,0.0,-0.0,2.2894209504455763,0,0.0,-0.0,0.48831505699249156,0,0.0,-0.0,1.6414760172395988
2023-05-22,18.23,0.01673173452314569,False,1.0,0.01673173452314569,1.2462230486320902,0,0.0,0.0,2.1642416452585813,0,0.0,0.0,30.649726781961235,0,0.0,0.0,2.2894209504455763,0,0.0,0.0,2.1294385137914227,0,0.0,0.0,2.2894209504455763,0,0.0,0.0,0.48831505699249156,0,0.0,0.0,1.6414760172395988
2023-05-23,18.37,0.0076796489303345705,False,1.0,0.0076796489303345705,1.255793604134476,0,0.0,0.0,2.1642416452585813,0,0.0,0.0,30.649726781961235,0,0.0,0.0,2.2894209504455763,0,0.0,0.0,2.1294385137914227,0,0.0,0.0,2.2894209504455763,0,0.0,0.0,0.48831505699249156,0,0.0,0.0,1.6414760172395988
2023-05-24,17.79,-0.031573217201959825,False,1.0,-0.031573217201959825,1.2161441599103062,0,0.0,-0.0,2.1642416452585813,0,0.0,-0.0,30.649726781961235,0,0.0,-0.0,2.2894209504455763,0,0.0,-0.0,2.1294385137914227,0,0.0,-0.0,2.2894209504455763,0,0.0,-0.0,0.48831505699249156,0,0.0,-0.0,1.6414760172395988
2023-05-25,17.72,-0.00393479482855541,False,1.0,-0.00393479482855541,1.2113588821591132,0,0.0,-0.0,2.1642416452585813,0,0.0,-0.0,30.649726781961235,0,0.0,-0.0,2.2894209504455763,0,0.0,-0.0,2.1294385137914227,0,0.0,-0.0,2.2894209504455763,0,0.0,-0.0,0.48831505699249156,0,0.0,-0.0,1.6414760172395988
2023-05-26,18.02,0.016930022573363512,False,1.0,0.016930022573363512,1.2318672153785115,0,0.0,0.0,2.1642416452585813,0,0.0,0.0,30.649726781961235,0,0.0,0.0,2.2894209504455763,0,0.0,0.0,2.1294385137914227,0,0.0,0.0,2.2894209504455763,0,0.0,0.0,0.48831505699249156,0,0.0,0.0,1.6414760172395988
2023-05-27,18.17,0.008324084350721517,False,1.0,0.008324084350721517,1.2421213819882106,0,0.0,0.0,2.1642416452585813,0,0.0,0.0,30.649726781961235,0,0.0,0.0,2.2894209504455763,0,0.0,0.0,2.1294385137914227,0,0.0,0.0,2.2894209504455763,0,0.0,0.0,0.48831505699249156,0,0.0,0.0,1.6414760172395988
2023-05-28,18.54,0.02036323610346713,True,1.0,0.02036323610346713,1.2674149929588014,0,0.0,0.0,2.1642416452585813,0,0.0,0.0,30.649726781961235,0,0.0,0.0,2.2894209504455763,0,0.0,0.0,2.1294385137914227,0,0.0,0.0,2.2894209504455763,0,0.0,0.0,0.48831505699249156,0,0.0,0.0,1.6414760172395988
2023-05-29,18.36,-0.009708737864077666,False,1.0,-0.009708737864077666,1.2551099930271625,0,0.0,-0.0,2.1642416452585813,0,0.0,-0.0,30.649726781961235,0,0.0,-0.0,2.2894209504455763,0,0.0,-0.0,2.1294385137914227,0,0.0,-0.0,2.2894209504455763,0,0.0,-0.0,0.48831505699249156,0,0.0,-0.0,1.6414760172395988
2023-05-30,18.26,-0.005446623093681824,False,1.0,-0.005446623093681824,1.24827388195403,0,0.0,-0.0,2.1642416452585813,0,0.0,-0.0,30.649726781961235,0,0.0,-0.0,2.2894209504455763,0,0.0,-0.0,2.1294385137914227,0,0.0,-0.0,2.2894209504455763,0,0.0,-0.0,0.48831505699249156,0,0.0,-0.0,1.6414760172395988
2023-05-31,18.02,-0.013143483023001168,False,1.0,-0.013143483023001168,1.2318672153785115,0,0.0,-0.0,2.1642416452585813,0,0.0,-0.0,30.649726781961235,0,0.0,-0.0,2.2894209504455763,0,0.0,-0.0,2.1294385137914227,0,0.0,-0.0,2.2894209504455763,0,0.0,-0.0,0.48831505699249156,0,0.0,-0.0,1.6414760172395988
2023-06-01,17.83,-0.010543840177580588,False,1.0,-0.010543840177580588,1.2188786043395592,0,0.0,-0.0,2.1642416452585813,0,0.0,-0.0,30.649726781961235,0,0.0,-0.0,2.2894209504455763,0,0.0,-0.0,2.1294385137914227,0,0.0,-0.0,2.2894209504455763,0,0.0,-0.0,0.48831505699249156,0,0.0,-0.0,1.6414760172395988
2023-06-02,18.15,0.01794727986539546,True,1.0,0.01794727986539546,1.2407541597735838,0,0.0,0.0,2.1642416452585813,0,0.0,0.0,30.649726781961235,0,0.0,0.0,2.2894209504455763,0,0.0,0.0,2.1294385137914227,0,0.0,0.0,2.2894209504455763,0,0.0,0.0,0.48831505699249156,0,0.0,0.0,1.6414760172395988
2023-06-03,18.13,-0.001101928374655614,True,1.0,-0.001101928374655614,1.2393869375589572,0,0.0,-0.0,2.1642416452585813,0,0.0,-0.0,30.649726781961235,0,0.0,-0.0,2.2894209504455763,0,0.0,-0.0,2.1294385137914227,0,0.0,-0.0,2.2894209504455763,0,0.0,-0.0,0.48831505699249156,0,0.0,-0.0,1.6414760172395988
2023-06-04,18.23,0.005515719801434171,False,1.0,0.005515719801434171,1.24622304863209,0,0.0,0.0,2.1642416452585813,0,0.0,0.0,30.649726781961235,0,0.0,0.0,2.2894209504455763,0,0.0,0.0,2.1294385137914227,0,0.0,0.0,2.2894209504455763,0,0.0,0.0,0.48831505699249156,0,0.0,0.0,1.6414760172395988
2023-06-05,17.0,-0.0674712013165113,False,1.0,-0.0674712013165113,1.1621388824325578,0,0.0,-0.0,2.1642416452585813,0,0.0,-0.0,30.649726781961235,0,0.0,-0.0,2.2894209504455763,0,0.0,-0.0,2.1294385137914227,0,0.0,-0.0,2.2894209504455763,0,0.0,-0.0,0.48831505699249156,0,0.0,-0.0,1.6414760172395988
2023-06-06,17.59,0.03470588235294114,False,1.0,0.03470588235294114,1.2024719377640407,0,0.0,0.0,2.1642416452585813,0,0.0,0.0,30.649726781961235,0,0.0,0.0,2.2894209504455763,0,0.0,0.0,2.1294385137914227,0,0.0,0.0,2.2894209504455763,0,0.0,0.0,0.48831505699249156,0,0.0,0.0,1.6414760172395988
2023-06-07,16.91,-0.0386583285957931,False,1.0,-0.0386583285957931,1.1559863824667385,0,0.0,-0.0,2.1642416452585813,0,0.0,-0.0,30.649726781961235,0,0.0,-0.0,2.2894209504455763,0,0.0,-0.0,2.1294385137914227,0,0.0,-0.0,2.2894209504455763,0,0.0,-0.0,0.48831505699249156,0,0.0,-0.0,1.6414760172395988
2023-06-08,16.98,0.004139562389118945,False,1.0,0.004139562389118945,1.1607716602179314,0,0.0,0.0,2.1642416452585813,0,0.0,0.0,30.649726781961235,0,0.0,0.0,2.2894209504455763,0,0.0,0.0,2.1294385137914227,0,0.0,0.0,2.2894209504455763,0,0.0,0.0,0.48831505699249156,0,0.0,0.0,1.6414760172395988
2023-06-09,16.94,-0.002355712603062332,False,1.0,-0.002355712603062332,1.1580372157886785,0,0.0,-0.0,2.1642416452585813,0,0.0,-0.0,30.649726781961235,0,0.0,-0.0,2.2894209504455763,0,0.0,-0.0,2.1294385137914227,0,0.0,-0.0,2.2894209504455763,0,0.0,-0.0,0.48831505699249156,0,0.0,-0.0,1.6414760172395988
2023-06-10,15.08,-0.10979929161747348,False,1.0,-0.10979929161747348,1.0308855498284102,0,0.0,-0.0,2.1642416452585813,0,0.0,-0.0,30.649726781961235,0,0.0,-0.0,2.2894209504455763,0,0.0,-0.0,2.1294385137914227,0,0.0,-0.0,2.2894209504455763,0,0.0,-0.0,0.48831505699249156,0,0.0,-0.0,1.6414760172395988
2023-06-11,15.09,0.0006631299734747298,False,1.0,0.0006631299734747298,1.0315691609357234,0,0.0,0.0,2.1642416452585813,0,0.0,0.0,30.649726781961235,0,0.0,0.0,2.2894209504455763,0,0.0,0.0,2.1294385137914227,0,0.0,0.0,2.2894209504455763,0,0.0,0.0,0.48831505699249156,0,0.0,0.0,1.6414760172395988
2023-06-12,15.14,0.0033134526176277213,False,1.0,0.0033134526176277213,1.03498721647229,0,0.0,0.0,2.1642416452585813,0,0.0,0.0,30.649726781961235,0,0.0,0.0,2.2894209504455763,0,0.0,0.0,2.1294385137914227,0,0.0,0.0,2.2894209504455763,0,0.0,0.0,0.48831505699249156,0,0.0,0.0,1.6414760172395988
2023-06-13,15.27,0.00858652575957719,False,1.0,0.00858652575957719,1.0438741608673623,0,0.0,0.0,2.1642416452585813,0,0.0,0.0,30.649726781961235,0,0.0,0.0,2.2894209504455763,0,0.0,0.0,2.1294385137914227,0,0.0,0.0,2.2894209504455763,0,0.0,0.0,0.48831505699249156,0,0.0,0.0,1.6414760172395988
2023-06-14,14.75,-0.03405370006548791,False,1.0,-0.03405370006548791,1.0083263832870724,0,0.0,-0.0,2.1642416452585813,0,0.0,-0.0,30.649726781961235,0,0.0,-0.0,2.2894209504455763,0,0.0,-0.0,2.1294385137914227,0,0.0,-0.0,2.2894209504455763,0,0.0,-0.0,0.48831505699249156,0,0.0,-0.0,1.6414760172395988
2023-06-15,15.08,0.022372881355932295,False,1.0,0.022372881355932295,1.0308855498284104,0,0.0,0.0,2.1642416452585813,0,0.0,0.0,30.649726781961235,0,0.0,0.0,2.2894209504455763,0,0.0,0.0,2.1294385137914227,0,0.0,0.0,2.2894209504455763,0,0.0,0.0,0.48831505699249156,0,0.0,0.0,1.6414760172395988
2023-06-16,15.25,0.011273209549071517,False,1.0,0.011273209549071517,1.042506938652736,0,0.0,0.0,2.1642416452585813,0,0.0,0.0,30.649726781961235,0,0.0,0.0,2.2894209504455763,0,0.0,0.0,2.1294385137914227,0,0.0,0.0,2.2894209504455763,0,0.0,0.0,0.48831505699249156,0,0.0,0.0,1.6414760172395988
2023-06-17,15.34,0.005901639344262355,False,1.0,0.005901639344262355,1.0486594386185555,0,0.0,0.0,2.1642416452585813,0,0.0,0.0,30.649726781961235,0,0.0,0.0,2.2894209504455763,0,0.0,0.0,2.1294385137914227,0,0.0,0.0,2.2894209504455763,0,0.0,0.0,0.48831505699249156,0,0.0,0.0,1.6414760172395988
2023-06-18,15.23,-0.007170795306388533,False,1.0,-0.007170795306388533,1.0411397164381095,0,0.0,-0.0,2.1642416452585813,0,0.0,-0.0,30.649726781961235,0,0.0,-0.0,2.2894209504455763,0,0.0,-0.0,2.1294385137914227,0,0.0,-0.0,2.2894209504455763,0,0.0,-0.0,0.48831505699249156,0,0.0,-0.0,1.6414760172395988
2023-06-19,15.39,0.010505581089954141,False,1.0,0.010505581089954141,1.0520774941551219,0,0.0,0.0,2.1642416452585813,0,0.0,0.0,30.649726781961235,0,0.0,0.0,2.2894209504455763,0,0.0,0.0,2.1294385137914227,0,0.0,0.0,2.2894209504455763,0,0.0,0.0,0.48831505699249156,0,0.0,0.0,1.6414760172395988
2023-06-20,15.79,0.02599090318388564,False,1.0,0.02599090318388564,1.0794219384476527,0,0.0,0.0,2.1642416452585813,0,0.0,0.0,30.649726781961235,0,0.0,0.0,2.2894209504455763,0,0.0,0.0,2.1294385137914227,0,0.0,0.0,2.2894209504455763,0,0.0,0.0,0.48831505699249156,0,0.0,0.0,1.6414760172395988
2023-06-21,16.79,0.06333122229259036,False,1.0,0.06333122229259036,1.1477830491789798,0,0.0,0.0,2.1642416452585813,0,0.0,0.0,30.649726781961235,0,0.0,0.0,2.2894209504455763,0,0.0,0.0,2.1294385137914227,0,0.0,0.0,2.2894209504455763,0,0.0,0.0,0.48831505699249156,0,0.0,0.0,1.6414760172395988
2023-06-22,16.62,-0.010125074449076732,False,1.0,-0.010125074449076732,1.1361616603546543,0,0.0,-0.0,2.1642416452585813,0,0.0,-0.0,30.649726781961235,0,0.0,-0.0,2.2894209504455763,0,0.0,-0.0,2.1294385137914227,0,0.0,-0.0,2.2894209504455763,0,0.0,-0.0,0.48831505699249156,0,0.0,-0.0,1.6414760172395988
2023-06-23,18.89,0.13658243080625754,True,1.0,0.13658243080625754,1.2913413817147665,0,0.0,0.0,2.1642416452585813,1,0.0,0.0,30.649726781961235,0,0.0,0.0,2.2894209504455763,0,0.0,0.0,2.1294385137914227,0,0.0,0.0,2.2894209504455763,0,0.0,0.0,0.48831505699249156,0,0.0,0.0,1.6414760172395988
2023-06-24,19.23,0.017998941238750676,True,1.0,0.017998941238750676,1.3145841593634178,0,0.0,0.0,2.1642416452585813,0,1.0,0.016998941238750676,31.170739686511553,0,0.0,0.0,2.2894209504455763,0,0.0,0.0,2.1294385137914227,0,0.0,0.0,2.2894209504455763,0,0.0,0.0,0.48831505699249156,0,0.0,0.0,1.6414760172395988
2023-06-25,18.35,-0.04576183047321891,True,1.0,-0.04576183047321891,1.25442638191985,0,0.0,-0.0,2.1642416452585813,0,1.0,-0.04576183047321891,29.744309581252573,0,0.0,-0.0,2.2894209504455763,0,0.0,-0.0,2.1294385137914227,0,0.0,-0.0,2.2894209504455763,0,0.0,-0.0,0.48831505699249156,0,0.0,-0.0,1.6414760172395988
2023-06-26,18.61,0.01416893732970026,True,1.0,0.01416893732970026,1.272200270709995,0,0.0,0.0,2.1642416452585813,0,1.0,0.01416893732970026,30.165754839624544,0,0.0,0.0,2.2894209504455763,0,0.0,0.0,2.1294385137914227,0,0.0,0.0,2.2894209504455763,0,0.0,0.0,0.48831505699249156,0,0.0,0.0,1.6414760172395988
2023-06-27,18.69,0.004298764105319819,True,1.0,0.004298764105319819,1.2776691595685015,0,0.0,0.0,2.1642416452585813,0,1.0,0.004298764105319819,30.295430303739,0,0.0,0.0,2.2894209504455763,0,0.0,0.0,2.1294385137914227,0,0.0,0.0,2.2894209504455763,0,0.0,0.0,0.48831505699249156,0,0.0,0.0,1.6414760172395988
2023-06-28,17.48,-0.06474050294275013,True,1.0,-0.06474050294275013,1.1949522155835959,0,0.0,-0.0,2.1642416452585813,0,1.0,-0.06474050294275013,28.334088909007903,0,0.0,-0.0,2.2894209504455763,0,0.0,-0.0,2.1294385137914227,0,0.0,-0.0,2.2894209504455763,0,0.0,-0.0,0.48831505699249156,0,0.0,-0.0,1.6414760172395988
2023-06-29,18.02,0.030892448512585657,True,1.0,0.030892448512585657,1.2318672153785122,0,0.0,0.0,2.1642416452585813,0,1.0,0.030892448512585657,29.209398291780452,0,0.0,0.0,2.2894209504455763,0,0.0,0.0,2.1294385137914227,0,0.0,0.0,2.2894209504455763,0,0.0,0.0,0.48831505699249156,0,0.0,0.0,1.6414760172395988
2023-06-30,20.92,0.16093229744728088,True,1.0,0.16093229744728088,1.4301144364993605,0,0.0,0.0,2.1642416452585813,1,1.0,0.16093229744728088,33.91013386592936,0,0.0,0.0,2.2894209504455763,0,0.0,0.0,2.1294385137914227,0,0.0,0.0,2.2894209504455763,0,0.0,0.0,0.48831505699249156,0,0.0,0.0,1.6414760172395988
2023-07-01,20.88,-0.0019120458891014325,True,1.0,-0.0019120458891014325,1.4273799920701074,0,0.0,-0.0,2.1642416452585813,0,1.0,-0.0019120458891014325,33.84529613387213,0,0.0,-0.0,2.2894209504455763,0,0.0,-0.0,2.1294385137914227,0,0.0,-0.0,2.2894209504455763,0,0.0,-0.0,0.48831505699249156,0,0.0,-0.0,1.6414760172395988
2023-07-02,20.38,-0.023946360153256685,True,1.0,-0.023946360153256685,1.3931994367044438,0,0.0,-0.0,2.1642416452585813,0,1.0,-0.023946360153256685,33.034824483156804,0,0.0,-0.0,2.2894209504455763,0,0.0,-0.0,2.1294385137914227,0,0.0,-0.0,2.2894209504455763,0,0.0,-0.0,0.48831505699249156,0,0.0,-0.0,1.6414760172395988
2023-07-03,20.07,-0.01521099116781155,True,1.0,-0.01521099116781155,1.3720074923777326,0,0.0,-0.0,2.1642416452585813,0,1.0,-0.01521099116781155,32.5323320597133,0,0.0,-0.0,2.2894209504455763,0,0.0,-0.0,2.1294385137914227,0,0.0,-0.0,2.2894209504455763,0,0.0,-0.0,0.48831505699249156,0,0.0,-0.0,1.6414760172395988
2023-07-04,19.51,-0.027902341803687003,True,1.0,-0.027902341803687003,1.3337252703681897,0,0.0,-0.0,2.1642416452585813,0,1.0,-0.027902341803687003,31.62460381091213,0,0.0,-0.0,2.2894209504455763,0,0.0,-0.0,2.1294385137914227,0,0.0,-0.0,2.2894209504455763,0,0.0,-0.0,0.48831505699249156,0,0.0,-0.0,1.6414760172395988
2023-07-05,19.38,-0.0066632496155818455,True,1.0,-0.0066632496155818455,1.3248383259731171,0,0.0,-0.0,2.1642416452585813,0,1.0,-0.0066632496155818455,31.413881181726143,0,0.0,-0.0,2.2894209504455763,0,0.0,-0.0,2.1294385137914227,0,0.0,-0.0,2.2894209504455763,0,0.0,-0.0,0.48831505699249156,0,0.0,-0.0,1.6414760172395988
2023-07-06,18.71,-0.03457172342621251,True,1.0,-0.03457172342621251,1.279036381783128,0,0.0,-0.0,2.1642416452585813,0,1.0,-0.03457172342621251,30.327849169767607,0,0.0,-0.0,2.2894209504455763,0,0.0,-0.0,2.1294385137914227,0,0.0,-0.0,2.2894209504455763,0,0.0,-0.0,0.48831505699249156,0,0.0,-0.0,1.6414760172395988
2023-07-07,19.22,0.027258150721539254,True,1.0,0.027258150721539254,1.3139005482561048,0,0.0,0.0,2.1642416452585813,0,1.0,0.027258150721539254,31.154530253497242,0,0.0,0.0,2.2894209504455763,0,0.0,0.0,2.1294385137914227,0,0.0,0.0,2.2894209504455763,0,0.0,0.0,0.48831505699249156,0,0.0,0.0,1.6414760172395988
2023-07-08,19.0,-0.01144640998959412,True,1.0,-0.01144640998959412,1.298861103895213,0,0.0,-0.0,2.1642416452585813,0,1.0,-0.01144640998959412,30.7979227271825,0,0.0,-0.0,2.2894209504455763,0,0.0,-0.0,2.1294385137914227,0,0.0,-0.0,2.2894209504455763,0,0.0,-0.0,0.48831505699249156,0,0.0,-0.0,1.6414760172395988
2023-07-09,18.63,-0.01947368421052642,True,1.0,-0.01947368421052642,1.273567492924622,0,0.0,-0.0,2.1642416452585813,0,1.0,-0.01947368421052642,30.19817370565315,0,0.0,-0.0,2.2894209504455763,0,0.0,-0.0,2.1294385137914227,0,0.0,-0.0,2.2894209504455763,0,0.0,-0.0,0.48831505699249156,0,0.0,-0.0,1.6414760172395988
2023-07-10,18.96,0.017713365539452575,True,1.0,0.017713365539452575,1.29612665946596,0,0.0,0.0,2.1642416452585813,0,1.0,0.017713365539452575,30.73308499512527,0,0.0,0.0,2.2894209504455763,0,0.0,0.0,2.1294385137914227,0,0.0,0.0,2.2894209504455763,0,0.0,0.0,0.48831505699249156,0,0.0,0.0,1.6414760172395988
2023-07-11,18.88,-0.0042194092827004814,True,1.0,-0.0042194092827004814,1.2906577706074538,0,0.0,-0.0,2.1642416452585813,0,1.0,-0.0042194092827004814,30.603409531010815,0,0.0,-0.0,2.2894209504455763,0,0.0,-0.0,2.1294385137914227,0,0.0,-0.0,2.2894209504455763,0,0.0,-0.0,0.48831505699249156,0,0.0,-0.0,1.6414760172395988
2023-07-12,18.77,-0.005826271186440635,True,1.0,-0.005826271186440635,1.2831380484270078,0,0.0,-0.0,2.1642416452585813,0,1.0,-0.005826271186440635,30.425105767853445,0,0.0,-0.0,2.2894209504455763,0,0.0,-0.0,2.1294385137914227,0,0.0,-0.0,2.2894209504455763,0,0.0,-0.0,0.48831505699249156,0,0.0,-0.0,1.6414760172395988
2023-07-13,20.19,0.07565263718700055,True,1.0,0.07565263718700055,1.3802108256654921,0,0.0,0.0,2.1642416452585813,0,1.0,0.07565263718700055,32.72684525588498,0,0.0,0.0,2.2894209504455763,0,0.0,0.0,2.1294385137914227,0,0.0,0.0,2.2894209504455763,0,0.0,0.0,0.48831505699249156,0,0.0,0.0,1.6414760172395988
2023-07-14,19.07,-0.05547300643883113,False,1.0,-0.05547300643883113,1.303646381646406,0,0.0,-0.0,2.1642416452585813,0,1.0,-0.05547300643883113,30.911388758282644,0,0.0,-0.0,2.2894209504455763,0,0.0,-0.0,2.1294385137914227,0,0.0,-0.0,2.2894209504455763,0,0.0,-0.0,0.48831505699249156,0,0.0,-0.0,1.6414760172395988
2023-07-15,19.28,0.01101206082852646,True,1.0,0.01101206082852646,1.3180022148999846,0,0.0,0.0,2.1642416452585813,0,1.0,0.01101206082852646,31.25178685158308,0,0.0,0.0,2.2894209504455763,0,0.0,0.0,2.1294385137914227,0,0.0,0.0,2.2894209504455763,0,0.0,0.0,0.48831505699249156,0,0.0,0.0,1.6414760172395988
2023-07-16,18.79,-0.02541493775933623,True,1.0,-0.02541493775933623,1.2845052706416342,0,0.0,-0.0,2.1642416452585813,0,1.0,-0.02541493775933623,30.457524633882056,0,0.0,-0.0,2.2894209504455763,0,0.0,-0.0,2.1294385137914227,0,0.0,-0.0,2.2894209504455763,0,0.0,-0.0,0.48831505699249156,0,0.0,-0.0,1.6414760172395988
2023-07-17,19.06,0.014369345396487487,True,1.0,0.014369345396487487,1.3029627705390925,0,0.0,0.0,2.1642416452585813,0,1.0,0.014369345396487487,30.895179325268334,0,0.0,0.0,2.2894209504455763,0,0.0,0.0,2.1294385137914227,0,0.0,0.0,2.2894209504455763,0,0.0,0.0,0.48831505699249156,0,0.0,0.0,1.6414760172395988
2023-07-18,18.74,-0.016789087093389332,True,1.0,-0.016789087093389332,1.2810872151050678,0,0.0,-0.0,2.1642416452585813,0,1.0,-0.016789087093389332,30.37647746881052,0,0.0,-0.0,2.2894209504455763,0,0.0,-0.0,2.1294385137914227,0,0.0,-0.0,2.2894209504455763,0,0.0,-0.0,0.48831505699249156,0,0.0,-0.0,1.6414760172395988
2023-07-19,18.77,0.0016008537886873508,True,1.0,0.0016008537886873508,1.2831380484270076,0,0.0,0.0,2.1642416452585813,0,1.0,0.0016008537886873508,30.42510576785344,0,0.0,0.0,2.2894209504455763,0,0.0,0.0,2.1294385137914227,0,0.0,0.0,2.2894209504455763,0,0.0,0.0,0.48831505699249156,0,0.0,0.0,1.6414760172395988
2023-07-20,18.7,-0.0037293553542887548,False,1.0,-0.0037293553542887548,1.2783527706758147,0,0.0,-0.0,2.1642416452585813,0,1.0,-0.0037293553542887548,30.311639736753296,0,0.0,-0.0,2.2894209504455763,0,0.0,-0.0,2.1294385137914227,0,0.0,-0.0,2.2894209504455763,0,0.0,-0.0,0.48831505699249156,0,0.0,-0.0,1.6414760172395988
2023-07-21,18.75,0.002673796791443861,False,1.0,0.002673796791443861,1.281770826212381,0,0.0,0.0,2.1642416452585813,0,0.0,-0.001,30.281328097016544,0,0.0,0.0,2.2894209504455763,0,0.0,0.0,2.1294385137914227,0,0.0,0.0,2.2894209504455763,0,0.0,0.0,0.48831505699249156,0,0.0,0.0,1.6414760172395988
2023-07-22,18.48,-0.014399999999999968,False,1.0,-0.014399999999999968,1.2633133263149228,0,0.0,-0.0,2.1642416452585813,0,0.0,-0.0,30.281328097016544,0,0.0,-0.0,2.2894209504455763,0,0.0,-0.0,2.1294385137914227,0,0.0,-0.0,2.2894209504455763,0,0.0,-0.0,0.48831505699249156,0,0.0,-0.0,1.6414760172395988
2023-07-23,18.7,0.011904761904761862,False,1.0,0.011904761904761862,1.2783527706758147,0,0.0,0.0,2.1642416452585813,0,0.0,0.0,30.281328097016544,0,0.0,0.0,2.2894209504455763,0,0.0,0.0,2.1294385137914227,0,0.0,0.0,2.2894209504455763,0,0.0,0.0,0.48831505699249156,0,0.0,0.0,1.6414760172395988
2023-07-24,18.1,-0.03208556149732611,False,1.0,-0.03208556149732611,1.2373361042370186,0,0.0,-0.0,2.1642416452585813,0,0.0,-0.0,30.281328097016544,0,0.0,-0.0,2.2894209504455763,0,0.0,-0.0,2.1294385137914227,0,0.0,-0.0,2.2894209504455763,0,0.0,-0.0,0.48831505699249156,0,0.0,-0.0,1.6414760172395988
2023-07-25,18.08,-0.0011049723756907381,False,1.0,-0.0011049723756907381,1.235968882022392,0,0.0,-0.0,2.1642416452585813,0,0.0,-0.0,30.281328097016544,0,0.0,-0.0,2.2894209504455763,0,0.0,-0.0,2.1294385137914227,0,0.0,-0.0,2.2894209504455763,0,0.0,-0.0,0.48831505699249156,0,0.0,-0.0,1.6414760172395988
2023-07-26,18.3,0.012168141592920456,False,1.0,0.012168141592920456,1.251008326383284,0,0.0,0.0,2.1642416452585813,0,0.0,0.0,30.281328097016544,0,0.0,0.0,2.2894209504455763,0,0.0,0.0,2.1294385137914227,0,0.0,0.0,2.2894209504455763,0,0.0,0.0,0.48831505699249156,0,0.0,0.0,1.6414760172395988
2023-07-27,18.39,0.004918032786885185,False,1.0,0.004918032786885185,1.2571608263491034,0,0.0,0.0,2.1642416452585813,0,0.0,0.0,30.281328097016544,0,0.0,0.0,2.2894209504455763,0,0.0,0.0,2.1294385137914227,0,0.0,0.0,2.2894209504455763,0,0.0,0.0,0.48831505699249156,0,0.0,0.0,1.6414760172395988
2023-07-28,18.47,0.004350190320826508,False,1.0,0.004350190320826508,1.2626297152076096,0,0.0,0.0,2.1642416452585813,0,0.0,0.0,30.281328097016544,0,0.0,0.0,2.2894209504455763,0,0.0,0.0,2.1294385137914227,0,0.0,0.0,2.2894209504455763,0,0.0,0.0,0.48831505699249156,0,0.0,0.0,1.6414760172395988
2023-07-29,18.61,0.007579859231185759,False,1.0,0.007579859231185759,1.2722002707099955,0,0.0,0.0,2.1642416452585813,0,0.0,0.0,30.281328097016544,0,0.0,0.0,2.2894209504455763,0,0.0,0.0,2.1294385137914227,0,0.0,0.0,2.2894209504455763,0,0.0,0.0,0.48831505699249156,0,0.0,0.0,1.6414760172395988
2023-07-30,18.87,0.01397098334228919,False,1.0,0.01397098334228919,1.2899741595001406,0,0.0,0.0,2.1642416452585813,0,0.0,0.0,30.281328097016544,0,0.0,0.0,2.2894209504455763,0,0.0,0.0,2.1294385137914227,0,0.0,0.0,2.2894209504455763,0,0.0,0.0,0.48831505699249156,0,0.0,0.0,1.6414760172395988
2023-07-31,18.5,-0.019607843137254943,False,1.0,-0.019607843137254943,1.2646805485295496,0,0.0,-0.0,2.1642416452585813,0,0.0,-0.0,30.281328097016544,0,0.0,-0.0,2.2894209504455763,0,0.0,-0.0,2.1294385137914227,0,0.0,-0.0,2.2894209504455763,0,0.0,-0.0,0.48831505699249156,0,0.0,-0.0,1.6414760172395988
2023-08-01,18.53,0.001621621621621605,False,1.0,0.001621621621621605,1.2667313818514894,0,0.0,0.0,2.1642416452585813,0,0.0,0.0,30.281328097016544,0,0.0,0.0,2.2894209504455763,0,0.0,0.0,2.1294385137914227,0,0.0,0.0,2.2894209504455763,0,0.0,0.0,0.48831505699249156,0,0.0,0.0,1.6414760172395988
2023-08-02,18.08,-0.024284943335132425,False,1.0,-0.024284943335132425,1.235968882022392,0,0.0,-0.0,2.1642416452585813,0,0.0,-0.0,30.281328097016544,0,0.0,-0.0,2.2894209504455763,0,0.0,-0.0,2.1294385137914227,0,0.0,-0.0,2.2894209504455763,0,0.0,-0.0,0.48831505699249156,0,0.0,-0.0,1.6414760172395988
2023-08-03,17.93,-0.008296460176991038,False,1.0,-0.008296460176991038,1.225714715412693,0,0.0,-0.0,2.1642416452585813,0,0.0,-0.0,30.281328097016544,0,0.0,-0.0,2.2894209504455763,0,0.0,-0.0,2.1294385137914227,0,0.0,-0.0,2.2894209504455763,0,0.0,-0.0,0.48831505699249156,0,0.0,-0.0,1.6414760172395988
2023-08-04,17.93,0.0,False,1.0,0.0,1.225714715412693,0,0.0,0.0,2.1642416452585813,0,0.0,0.0,30.281328097016544,0,0.0,0.0,2.2894209504455763,0,0.0,0.0,2.1294385137914227,0,0.0,0.0,2.2894209504455763,0,0.0,0.0,0.48831505699249156,0,0.0,0.0,1.6414760172395988
2023-08-05,17.94,0.000557724484104849,False,1.0,0.000557724484104849,1.2263983265200062,0,0.0,0.0,2.1642416452585813,0,0.0,0.0,30.281328097016544,0,0.0,0.0,2.2894209504455763,0,0.0,0.0,2.1294385137914227,0,0.0,0.0,2.2894209504455763,0,0.0,0.0,0.48831505699249156,0,0.0,0.0,1.6414760172395988
2023-08-06,17.83,-0.00613154960981066,False,1.0,-0.00613154960981066,1.21887860433956,0,0.0,-0.0,2.1642416452585813,0,0.0,-0.0,30.281328097016544,0,0.0,-0.0,2.2894209504455763,0,0.0,-0.0,2.1294385137914227,0,0.0,-0.0,2.2894209504455763,0,0.0,-0.0,0.48831505699249156,0,0.0,-0.0,1.6414760172395988
2023-08-07,17.71,-0.006730229949523103,False,1.0,-0.006730229949523103,1.210675271051801,0,0.0,-0.0,2.1642416452585813,0,0.0,-0.0,30.281328097016544,0,0.0,-0.0,2.2894209504455763,0,0.0,-0.0,2.1294385137914227,0,0.0,-0.0,2.2894209504455763,0,0.0,-0.0,0.48831505699249156,0,0.0,-0.0,1.6414760172395988
2023-08-08,17.94,0.012987012987013102,False,1.0,0.012987012987013102,1.2263983265200062,0,0.0,0.0,2.1642416452585813,0,0.0,0.0,30.281328097016544,0,0.0,0.0,2.2894209504455763,0,0.0,0.0,2.1294385137914227,0,0.0,0.0,2.2894209504455763,0,0.0,0.0,0.48831505699249156,0,0.0,0.0,1.6414760172395988
2023-08-09,17.85,-0.0050167224080267525,False,1.0,-0.0050167224080267525,1.220245826554187,0,0.0,-0.0,2.1642416452585813,0,0.0,-0.0,30.281328097016544,0,0.0,-0.0,2.2894209504455763,0,0.0,-0.0,2.1294385137914227,0,0.0,-0.0,2.2894209504455763,0,0.0,-0.0,0.48831505699249156,0,0.0,-0.0,1.6414760172395988
2023-08-10,17.74,-0.006162464985994598,False,1.0,-0.006162464985994598,1.2127261043737407,0,0.0,-0.0,2.1642416452585813,0,0.0,-0.0,30.281328097016544,0,0.0,-0.0,2.2894209504455763,0,0.0,-0.0,2.1294385137914227,0,0.0,-0.0,2.2894209504455763,0,0.0,-0.0,0.48831505699249156,0,0.0,-0.0,1.6414760172395988
2023-08-11,17.64,-0.005636978579481311,False,1.0,-0.005636978579481311,1.2058899933006082,0,0.0,-0.0,2.1642416452585813,0,0.0,-0.0,30.281328097016544,0,0.0,-0.0,2.2894209504455763,0,0.0,-0.0,2.1294385137914227,0,0.0,-0.0,2.2894209504455763,0,0.0,-0.0,0.48831505699249156,0,0.0,-0.0,1.6414760172395988
2023-08-12,17.73,0.005102040816326481,False,1.0,0.005102040816326481,1.2120424932664275,0,0.0,0.0,2.1642416452585813,0,0.0,0.0,30.281328097016544,0,0.0,0.0,2.2894209504455763,0,0.0,0.0,2.1294385137914227,0,0.0,0.0,2.2894209504455763,0,0.0,0.0,0.48831505699249156,0,0.0,0.0,1.6414760172395988
2023-08-13,17.53,-0.011280315848843703,False,1.0,-0.011280315848843703,1.1983702711201623,0,0.0,-0.0,2.1642416452585813,0,0.0,-0.0,30.281328097016544,0,0.0,-0.0,2.2894209504455763,0,0.0,-0.0,2.1294385137914227,0,0.0,-0.0,2.2894209504455763,0,0.0,-0.0,0.48831505699249156,0,0.0,-0.0,1.6414760172395988
2023-08-14,17.51,-0.0011409013120364797,False,1.0,-0.0011409013120364797,1.1970030489055357,0,0.0,-0.0,2.1642416452585813,0,0.0,-0.0,30.281328097016544,0,0.0,-0.0,2.2894209504455763,0,0.0,-0.0,2.1294385137914227,0,0.0,-0.0,2.2894209504455763,0,0.0,-0.0,0.48831505699249156,0,0.0,-0.0,1.6414760172395988
2023-08-15,16.71,-0.04568817818389492,False,1.0,-0.04568817818389492,1.142314160320474,0,0.0,-0.0,2.1642416452585813,0,0.0,-0.0,30.281328097016544,0,0.0,-0.0,2.2894209504455763,0,0.0,-0.0,2.1294385137914227,0,0.0,-0.0,2.2894209504455763,0,0.0,-0.0,0.48831505699249156,0,0.0,-0.0,1.6414760172395988
2023-08-16,16.24,-0.028126870137642257,False,1.0,-0.028126870137642257,1.1101844382767503,0,0.0,-0.0,2.1642416452585813,0,0.0,-0.0,30.281328097016544,0,0.0,-0.0,2.2894209504455763,0,0.0,-0.0,2.1294385137914227,0,0.0,-0.0,2.2894209504455763,0,0.0,-0.0,0.48831505699249156,0,0.0,-0.0,1.6414760172395988
2023-08-17,14.93,-0.08066502463054182,False,1.0,-0.08066502463054182,1.020631383218712,0,0.0,-0.0,2.1642416452585813,0,0.0,-0.0,30.281328097016544,0,0.0,-0.0,2.2894209504455763,0,0.0,-0.0,2.1294385137914227,0,0.0,-0.0,2.2894209504455763,0,0.0,-0.0,0.48831505699249156,0,0.0,-0.0,1.6414760172395988
2023-08-18,15.43,0.03348961821835239,False,1.0,0.03348961821835239,1.0548119385843755,0,0.0,0.0,2.1642416452585813,0,0.0,0.0,30.281328097016544,0,0.0,0.0,2.2894209504455763,0,0.0,0.0,2.1294385137914227,0,0.0,0.0,2.2894209504455763,0,0.0,0.0,0.48831505699249156,0,0.0,0.0,1.6414760172395988
2023-08-19,15.56,0.008425145819831448,False,1.0,0.008425145819831448,1.063698882979448,0,0.0,0.0,2.1642416452585813,0,0.0,0.0,30.281328097016544,0,0.0,0.0,2.2894209504455763,0,0.0,0.0,2.1294385137914227,0,0.0,0.0,2.2894209504455763,0,0.0,0.0,0.48831505699249156,0,0.0,0.0,1.6414760172395988
2023-08-20,15.57,0.0006426735218509894,False,1.0,0.0006426735218509894,1.0643824940867614,0,0.0,0.0,2.1642416452585813,0,0.0,0.0,30.281328097016544,0,0.0,0.0,2.2894209504455763,0,0.0,0.0,2.1294385137914227,0,0.0,0.0,2.2894209504455763,0,0.0,0.0,0.48831505699249156,0,0.0,0.0,1.6414760172395988
2023-08-21,15.79,0.014129736673089255,False,1.0,0.014129736673089255,1.0794219384476533,0,0.0,0.0,2.1642416452585813,0,0.0,0.0,30.281328097016544,0,0.0,0.0,2.2894209504455763,0,0.0,0.0,2.1294385137914227,0,0.0,0.0,2.2894209504455763,0,0.0,0.0,0.48831505699249156,0,0.0,0.0,1.6414760172395988
2023-08-22,15.52,-0.017099430018999384,False,1.0,-0.017099430018999384,1.060964438550195,0,0.0,-0.0,2.1642416452585813,0,0.0,-0.0,30.281328097016544,0,0.0,-0.0,2.2894209504455763,0,0.0,-0.0,2.1294385137914227,0,0.0,-0.0,2.2894209504455763,0,0.0,-0.0,0.48831505699249156,0,0.0,-0.0,1.6414760172395988
2023-08-23,16.2,0.04381443298969079,False,1.0,0.04381443298969079,1.1074499938474975,0,0.0,0.0,2.1642416452585813,0,0.0,0.0,30.281328097016544,0,0.0,0.0,2.2894209504455763,0,0.0,0.0,2.1294385137914227,0,0.0,0.0,2.2894209504455763,0,0.0,0.0,0.48831505699249156,0,0.0,0.0,1.6414760172395988
2023-08-24,16.04,-0.00987654320987652,False,1.0,-0.00987654320987652,1.0965122161304852,0,0.0,-0.0,2.1642416452585813,0,0.0,-0.0,30.281328097016544,0,0.0,-0.0,2.2894209504455763,0,0.0,-0.0,2.1294385137914227,0,0.0,-0.0,2.2894209504455763,0,0.0,-0.0,0.48831505699249156,0,0.0,-0.0,1.6414760172395988
2023-08-25,16.01,-0.0018703241895260403,False,1.0,-0.0018703241895260403,1.0944613828085457,0,0.0,-0.0,2.1642416452585813,0,0.0,-0.0,30.281328097016544,0,0.0,-0.0,2.2894209504455763,0,0.0,-0.0,2.1294385137914227,0,0.0,-0.0,2.2894209504455763,0,0.0,-0.0,0.48831505699249156,0,0.0,-0.0,1.6414760172395988
2023-08-26,15.86,-0.009369144284822162,False,1.0,-0.009369144284822162,1.0842072161988463,0,0.0,-0.0,2.1642416452585813,0,0.0,-0.0,30.281328097016544,0,0.0,-0.0,2.2894209504455763,0,0.0,-0.0,2.1294385137914227,0,0.0,-0.0,2.2894209504455763,0,0.0,-0.0,0.48831505699249156,0,0.0,-0.0,1.6414760172395988
2023-08-27,16.02,0.010088272383354413,False,1.0,0.010088272383354413,1.0951449939158586,0,0.0,0.0,2.1642416452585813,0,0.0,0.0,30.281328097016544,0,0.0,0.0,2.2894209504455763,0,0.0,0.0,2.1294385137914227,0,0.0,0.0,2.2894209504455763,0,0.0,0.0,0.48831505699249156,0,0.0,0.0,1.6414760172395988
2023-08-28,15.91,-0.006866416978776546,False,1.0,-0.006866416978776546,1.0876252717354127,0,0.0,-0.0,2.1642416452585813,0,0.0,-0.0,30.281328097016544,0,0.0,-0.0,2.2894209504455763,0,0.0,-0.0,2.1294385137914227,0,0.0,-0.0,2.2894209504455763,0,0.0,-0.0,0.48831505699249156,0,0.0,-0.0,1.6414760172395988
2023-08-29,16.89,0.06159648020113129,False,1.0,0.06159648020113129,1.154619160252113,0,0.0,0.0,2.1642416452585813,0,0.0,0.0,30.281328097016544,0,0.0,0.0,2.2894209504455763,0,0.0,0.0,2.1294385137914227,0,0.0,0.0,2.2894209504455763,0,0.0,0.0,0.48831505699249156,0,0.0,0.0,1.6414760172395988
2023-08-30,16.01,-0.052101835405565344,False,1.0,-0.052101835405565344,1.0944613828085452,0,0.0,-0.0,2.1642416452585813,0,0.0,-0.0,30.281328097016544,0,0.0,-0.0,2.2894209504455763,0,0.0,-0.0,2.1294385137914227,0,0.0,-0.0,2.2894209504455763,0,0.0,-0.0,0.48831505699249156,0,0.0,-0.0,1.6414760172395988
2023-08-31,15.53,-0.02998126171143045,False,1.0,-0.02998126171143045,1.0616480496575083,0,0.0,-0.0,2.1642416452585813,0,0.0,-0.0,30.281328097016544,0,0.0,-0.0,2.2894209504455763,0,0.0,-0.0,2.1294385137914227,0,0.0,-0.0,2.2894209504455763,0,0.0,-0.0,0.48831505699249156,0,0.0,-0.0,1.6414760172395988
2023-09-01,15.37,-0.010302640051513157,False,1.0,-0.010302640051513157,1.050710271940496,0,0.0,-0.0,2.1642416452585813,0,0.0,-0.0,30.281328097016544,0,0.0,-0.0,2.2894209504455763,0,0.0,-0.0,2.1294385137914227,0,0.0,-0.0,2.2894209504455763,0,0.0,-0.0,0.48831505699249156,0,0.0,-0.0,1.6414760172395988
2023-09-02,15.45,0.005204944697462688,False,1.0,0.005204944697462688,1.056179160799002,0,0.0,0.0,2.1642416452585813,0,0.0,0.0,30.281328097016544,0,0.0,0.0,2.2894209504455763,0,0.0,0.0,2.1294385137914227,0,0.0,0.0,2.2894209504455763,0,0.0,0.0,0.48831505699249156,0,0.0,0.0,1.6414760172395988
2023-09-03,15.38,-0.0045307443365695255,False,1.0,-0.0045307443365695255,1.0513938830478093,0,0.0,-0.0,2.1642416452585813,0,0.0,-0.0,30.281328097016544,0,0.0,-0.0,2.2894209504455763,0,0.0,-0.0,2.1294385137914227,0,0.0,-0.0,2.2894209504455763,0,0.0,-0.0,0.48831505699249156,0,0.0,-0.0,1.6414760172395988
2023-09-04,15.37,-0.0006501950585177108,False,1.0,-0.0006501950585177108,1.050710271940496,0,0.0,-0.0,2.1642416452585813,0,0.0,-0.0,30.281328097016544,0,0.0,-0.0,2.2894209504455763,0,0.0,-0.0,2.1294385137914227,0,0.0,-0.0,2.2894209504455763,0,0.0,-0.0,0.48831505699249156,0,0.0,-0.0,1.6414760172395988
2023-09-05,15.39,0.0013012361743658385,False,1.0,0.0013012361743658385,1.0520774941551227,0,0.0,0.0,2.1642416452585813,0,0.0,0.0,30.281328097016544,0,0.0,0.0,2.2894209504455763,0,0.0,0.0,2.1294385137914227,0,0.0,0.0,2.2894209504455763,0,0.0,0.0,0.48831505699249156,0,0.0,0.0,1.6414760172395988
2023-09-06,15.49,0.006497725795971299,True,1.0,0.006497725795971299,1.0589136052282553,0,0.0,0.0,2.1642416452585813,0,0.0,0.0,30.281328097016544,0,0.0,0.0,2.2894209504455763,0,0.0,0.0,2.1294385137914227,0,0.0,0.0,2.2894209504455763,0,0.0,0.0,0.48831505699249156,0,0.0,0.0,1.6414760172395988
2023-09-07,15.58,0.005810200129115595,True,1.0,0.005810200129115595,1.0650661051940749,0,0.0,0.0,2.1642416452585813,0,0.0,0.0,30.281328097016544,0,0.0,0.0,2.2894209504455763,0,0.0,0.0,2.1294385137914227,0,0.0,0.0,2.2894209504455763,0,0.0,0.0,0.48831505699249156,0,0.0,0.0,1.6414760172395988
2023-09-08,15.43,-0.009627727856225898,False,1.0,-0.009627727856225898,1.054811938584376,0,0.0,-0.0,2.1642416452585813,0,0.0,-0.0,30.281328097016544,0,0.0,-0.0,2.2894209504455763,0,0.0,-0.0,2.1294385137914227,0,0.0,-0.0,2.2894209504455763,0,0.0,-0.0,0.48831505699249156,0,0.0,-0.0,1.6414760172395988
2023-09-09,15.4,-0.0019442644199610948,False,1.0,-0.0019442644199610948,1.0527611052624362,0,0.0,-0.0,2.1642416452585813,0,0.0,-0.0,30.281328097016544,0,0.0,-0.0,2.2894209504455763,0,0.0,-0.0,2.1294385137914227,0,0.0,-0.0,2.2894209504455763,0,0.0,-0.0,0.48831505699249156,0,0.0,-0.0,1.6414760172395988
2023-09-10,15.08,-0.020779220779220786,False,1.0,-0.020779220779220786,1.0308855498284115,0,0.0,-0.0,2.1642416452585813,0,0.0,-0.0,30.281328097016544,0,0.0,-0.0,2.2894209504455763,0,0.0,-0.0,2.1294385137914227,0,0.0,-0.0,2.2894209504455763,0,0.0,-0.0,0.48831505699249156,0,0.0,-0.0,1.6414760172395988
2023-09-11,14.71,-0.024535809018567556,False,1.0,-0.024535809018567556,1.0055919388578205,0,0.0,-0.0,2.1642416452585813,0,0.0,-0.0,30.281328097016544,0,0.0,-0.0,2.2894209504455763,0,0.0,-0.0,2.1294385137914227,0,0.0,-0.0,2.2894209504455763,0,0.0,-0.0,0.48831505699249156,0,0.0,-0.0,1.6414760172395988
2023-09-12,14.97,0.017675050985723972,False,1.0,0.017675050985723972,1.0233658276479656,0,0.0,0.0,2.1642416452585813,0,0.0,0.0,30.281328097016544,0,0.0,0.0,2.2894209504455763,0,0.0,0.0,2.1294385137914227,0,0.0,0.0,2.2894209504455763,0,0.0,0.0,0.48831505699249156,0,0.0,0.0,1.6414760172395988
2023-09-13,15.16,0.012692050768203123,False,1.0,0.012692050768203123,1.0363544386869177,0,0.0,0.0,2.1642416452585813,0,0.0,0.0,30.281328097016544,0,0.0,0.0,2.2894209504455763,0,0.0,0.0,2.1294385137914227,0,0.0,0.0,2.2894209504455763,0,0.0,0.0,0.48831505699249156,0,0.0,0.0,1.6414760172395988
2023-09-14,15.26,0.006596306068601621,False,1.0,0.006596306068601621,1.0431905497600504,0,0.0,0.0,2.1642416452585813,0,0.0,0.0,30.281328097016544,0,0.0,0.0,2.2894209504455763,0,0.0,0.0,2.1294385137914227,0,0.0,0.0,2.2894209504455763,0,0.0,0.0,0.48831505699249156,0,0.0,0.0,1.6414760172395988
2023-09-15,15.69,0.02817824377457412,False,1.0,0.02817824377457412,1.072585827374521,0,0.0,0.0,2.1642416452585813,0,0.0,0.0,30.281328097016544,0,0.0,0.0,2.2894209504455763,0,0.0,0.0,2.1294385137914227,0,0.0,0.0,2.2894209504455763,0,0.0,0.0,0.48831505699249156,0,0.0,0.0,1.6414760172395988
2023-09-16,15.66,-0.0019120458891013214,False,1.0,-0.0019120458891013214,1.0705349940525812,0,0.0,-0.0,2.1642416452585813,0,0.0,-0.0,30.281328097016544,0,0.0,-0.0,2.2894209504455763,0,0.0,-0.0,2.1294385137914227,0,0.0,-0.0,2.2894209504455763,0,0.0,-0.0,0.48831505699249156,0,0.0,-0.0,1.6414760172395988
2023-09-17,15.42,-0.01532567049808431,False,1.0,-0.01532567049808431,1.0541283274770628,0,0.0,-0.0,2.1642416452585813,0,0.0,-0.0,30.281328097016544,0,0.0,-0.0,2.2894209504455763,0,0.0,-0.0,2.1294385137914227,0,0.0,-0.0,2.2894209504455763,0,0.0,-0.0,0.48831505699249156,0,0.0,-0.0,1.6414760172395988
2023-09-18,15.69,0.017509727626459082,False,1.0,0.017509727626459082,1.072585827374521,0,0.0,0.0,2.1642416452585813,0,0.0,0.0,30.281328097016544,0,0.0,0.0,2.2894209504455763,0,0.0,0.0,2.1294385137914227,0,0.0,0.0,2.2894209504455763,0,0.0,0.0,0.48831505699249156,0,0.0,0.0,1.6414760172395988
2023-09-19,15.75,0.003824091778202643,False,1.0,0.003824091778202643,1.0766874940184006,0,0.0,0.0,2.1642416452585813,0,0.0,0.0,30.281328097016544,0,0.0,0.0,2.2894209504455763,0,0.0,0.0,2.1294385137914227,0,0.0,0.0,2.2894209504455763,0,0.0,0.0,0.48831505699249156,0,0.0,0.0,1.6414760172395988
2023-09-20,15.58,-0.0107936507936508,True,1.0,-0.0107936507936508,1.065066105194075,0,0.0,-0.0,2.1642416452585813,0,0.0,-0.0,30.281328097016544,0,0.0,-0.0,2.2894209504455763,0,0.0,-0.0,2.1294385137914227,0,0.0,-0.0,2.2894209504455763,0,0.0,-0.0,0.48831505699249156,0,0.0,-0.0,1.6414760172395988
2023-09-21,15.22,-0.023106546854942178,False,1.0,-0.023106546854942178,1.0404561053307975,0,0.0,-0.0,2.1642416452585813,0,0.0,-0.0,30.281328097016544,0,0.0,-0.0,2.2894209504455763,0,0.0,-0.0,2.1294385137914227,0,0.0,-0.0,2.2894209504455763,0,0.0,-0.0,0.48831505699249156,0,0.0,-0.0,1.6414760172395988
2023-09-22,15.19,-0.001971090670170872,False,1.0,-0.001971090670170872,1.0384052720088577,0,0.0,-0.0,2.1642416452585813,0,0.0,-0.0,30.281328097016544,0,0.0,-0.0,2.2894209504455763,0,0.0,-0.0,2.1294385137914227,0,0.0,-0.0,2.2894209504455763,0,0.0,-0.0,0.48831505699249156,0,0.0,-0.0,1.6414760172395988
2023-09-23,15.26,0.004608294930875667,False,1.0,0.004608294930875667,1.0431905497600507,0,0.0,0.0,2.1642416452585813,0,0.0,0.0,30.281328097016544,0,0.0,0.0,2.2894209504455763,0,0.0,0.0,2.1294385137914227,0,0.0,0.0,2.2894209504455763,0,0.0,0.0,0.48831505699249156,0,0.0,0.0,1.6414760172395988
2023-09-24,15.09,-0.011140235910878094,False,1.0,-0.011140235910878094,1.0315691609357251,0,0.0,-0.0,2.1642416452585813,0,0.0,-0.0,30.281328097016544,0,0.0,-0.0,2.2894209504455763,0,0.0,-0.0,2.1294385137914227,0,0.0,-0.0,2.2894209504455763,0,0.0,-0.0,0.48831505699249156,0,0.0,-0.0,1.6414760172395988
2023-09-25,15.22,0.008614976805831676,False,1.0,0.008614976805831676,1.0404561053307977,0,0.0,0.0,2.1642416452585813,0,0.0,0.0,30.281328097016544,0,0.0,0.0,2.2894209504455763,0,0.0,0.0,2.1294385137914227,0,0.0,0.0,2.2894209504455763,0,0.0,0.0,0.48831505699249156,0,0.0,0.0,1.6414760172395988
2023-09-26,15.12,-0.006570302233902869,False,1.0,-0.006570302233902869,1.033619994257665,0,0.0,-0.0,2.1642416452585813,0,0.0,-0.0,30.281328097016544,0,0.0,-0.0,2.2894209504455763,0,0.0,-0.0,2.1294385137914227,0,0.0,-0.0,2.2894209504455763,0,0.0,-0.0,0.48831505699249156,0,0.0,-0.0,1.6414760172395988
2023-09-27,15.35,0.015211640211640232,False,1.0,0.015211640211640232,1.0493430497258702,0,0.0,0.0,2.1642416452585813,0,0.0,0.0,30.281328097016544,0,0.0,0.0,2.2894209504455763,0,0.0,0.0,2.1294385137914227,0,0.0,0.0,2.2894209504455763,0,0.0,0.0,0.48831505699249156,0,0.0,0.0,1.6414760172395988
2023-09-28,15.81,0.029967426710097778,True,1.0,0.029967426710097778,1.0807891606622808,0,0.0,0.0,2.1642416452585813,0,0.0,0.0,30.281328097016544,0,0.0,0.0,2.2894209504455763,0,0.0,0.0,2.1294385137914227,0,0.0,0.0,2.2894209504455763,0,0.0,0.0,0.48831505699249156,0,0.0,0.0,1.6414760172395988
2023-09-29,15.87,0.003795066413662118,True,1.0,0.003795066413662118,1.0848908273061604,0,0.0,0.0,2.1642416452585813,0,0.0,0.0,30.281328097016544,0,0.0,0.0,2.2894209504455763,0,0.0,0.0,2.1294385137914227,0,0.0,0.0,2.2894209504455763,0,0.0,0.0,0.48831505699249156,0,0.0,0.0,1.6414760172395988
2023-09-30,16.35,0.030245746691871522,True,1.0,0.030245746691871522,1.1177041604571973,0,0.0,0.0,2.1642416452585813,0,0.0,0.0,30.281328097016544,0,0.0,0.0,2.2894209504455763,0,0.0,0.0,2.1294385137914227,0,0.0,0.0,2.2894209504455763,0,0.0,0.0,0.48831505699249156,0,0.0,0.0,1.6414760172395988
2023-10-01,16.7,0.021406727828745975,True,1.0,0.021406727828745975,1.1416305492131615,0,0.0,0.0,2.1642416452585813,0,0.0,0.0,30.281328097016544,0,0.0,0.0,2.2894209504455763,0,0.0,0.0,2.1294385137914227,0,0.0,0.0,2.2894209504455763,0,0.0,0.0,0.48831505699249156,0,0.0,0.0,1.6414760172395988
2023-10-02,16.14,-0.033532934131736414,True,1.0,-0.033532934131736414,1.1033483272036184,0,0.0,-0.0,2.1642416452585813,0,0.0,-0.0,30.281328097016544,0,0.0,-0.0,2.2894209504455763,0,0.0,-0.0,2.1294385137914227,0,0.0,-0.0,2.2894209504455763,0,0.0,-0.0,0.48831505699249156,0,0.0,-0.0,1.6414760172395988
2023-10-03,15.7,-0.02726146220570025,True,1.0,-0.02726146220570025,1.0732694384818344,0,0.0,-0.0,2.1642416452585813,0,0.0,-0.0,30.281328097016544,0,0.0,-0.0,2.2894209504455763,0,0.0,-0.0,2.1294385137914227,0,0.0,-0.0,2.2894209504455763,0,0.0,-0.0,0.48831505699249156,0,0.0,-0.0,1.6414760172395988
2023-10-04,15.63,-0.004458598726114538,True,1.0,-0.004458598726114538,1.0684841607306417,0,0.0,-0.0,2.1642416452585813,0,0.0,-0.0,30.281328097016544,0,0.0,-0.0,2.2894209504455763,0,0.0,-0.0,2.1294385137914227,0,0.0,-0.0,2.2894209504455763,0,0.0,-0.0,0.48831505699249156,0,0.0,-0.0,1.6414760172395988
2023-10-05,15.44,-0.012156110044785784,False,1.0,-0.012156110044785784,1.0554955496916893,0,0.0,-0.0,2.1642416452585813,0,0.0,-0.0,30.281328097016544,0,0.0,-0.0,2.2894209504455763,0,0.0,-0.0,2.1294385137914227,0,0.0,-0.0,2.2894209504455763,0,0.0,-0.0,0.48831505699249156,0,0.0,-0.0,1.6414760172395988
2023-10-06,15.72,0.0181347150259068,True,1.0,0.0181347150259068,1.074636660696461,0,0.0,0.0,2.1642416452585813,0,0.0,0.0,30.281328097016544,0,0.0,0.0,2.2894209504455763,0,0.0,0.0,2.1294385137914227,0,0.0,0.0,2.2894209504455763,0,0.0,0.0,0.48831505699249156,0,0.0,0.0,1.6414760172395988
2023-10-07,15.66,-0.003816793893129833,True,1.0,-0.003816793893129833,1.0705349940525812,0,0.0,-0.0,2.1642416452585813,0,0.0,-0.0,30.281328097016544,0,0.0,-0.0,2.2894209504455763,0,0.0,-0.0,2.1294385137914227,0,0.0,-0.0,2.2894209504455763,0,0.0,-0.0,0.48831505699249156,0,0.0,-0.0,1.6414760172395988
2023-10-08,15.49,-0.01085568326947639,False,1.0,-0.01085568326947639,1.0589136052282557,0,0.0,-0.0,2.1642416452585813,0,0.0,-0.0,30.281328097016544,0,0.0,-0.0,2.2894209504455763,0,0.0,-0.0,2.1294385137914227,0,0.0,-0.0,2.2894209504455763,0,0.0,-0.0,0.48831505699249156,0,0.0,-0.0,1.6414760172395988
2023-10-09,15.04,-0.029051000645577862,False,1.0,-0.029051000645577862,1.0281511053991585,0,0.0,-0.0,2.1642416452585813,0,0.0,-0.0,30.281328097016544,0,0.0,-0.0,2.2894209504455763,0,0.0,-0.0,2.1294385137914227,0,0.0,-0.0,2.2894209504455763,0,0.0,-0.0,0.48831505699249156,0,0.0,-0.0,1.6414760172395988
2023-10-10,14.94,-0.0066489361702127825,False,1.0,-0.0066489361702127825,1.0213149943260258,0,0.0,-0.0,2.1642416452585813,0,0.0,-0.0,30.281328097016544,0,0.0,-0.0,2.2894209504455763,0,0.0,-0.0,2.1294385137914227,0,0.0,-0.0,2.2894209504455763,0,0.0,-0.0,0.48831505699249156,0,0.0,-0.0,1.6414760172395988
2023-10-11,14.94,0.0,False,1.0,0.0,1.0213149943260258,0,0.0,0.0,2.1642416452585813,0,0.0,0.0,30.281328097016544,0,0.0,0.0,2.2894209504455763,0,0.0,0.0,2.1294385137914227,0,0.0,0.0,2.2894209504455763,0,0.0,0.0,0.48831505699249156,0,0.0,0.0,1.6414760172395988
2023-10-12,14.79,-0.010040160642570295,False,1.0,-0.010040160642570295,1.0110608277163267,0,0.0,-0.0,2.1642416452585813,0,0.0,-0.0,30.281328097016544,0,0.0,-0.0,2.2894209504455763,0,0.0,-0.0,2.1294385137914227,0,0.0,-0.0,2.2894209504455763,0,0.0,-0.0,0.48831505699249156,0,0.0,-0.0,1.6414760172395988
2023-10-13,14.85,0.0040567951318459805,False,1.0,0.0040567951318459805,1.0151624943602064,0,0.0,0.0,2.1642416452585813,0,0.0,0.0,30.281328097016544,0,0.0,0.0,2.2894209504455763,0,0.0,0.0,2.1294385137914227,0,0.0,0.0,2.2894209504455763,0,0.0,0.0,0.48831505699249156,0,0.0,0.0,1.6414760172395988
2023-10-14,14.99,0.009427609427609562,False,1.0,0.009427609427609562,1.0247330498625924,0,0.0,0.0,2.1642416452585813,0,0.0,0.0,30.281328097016544,0,0.0,0.0,2.2894209504455763,0,0.0,0.0,2.1294385137914227,0,0.0,0.0,2.2894209504455763,0,0.0,0.0,0.48831505699249156,0,0.0,0.0,1.6414760172395988
2023-10-15,14.94,-0.0033355570380253496,False,1.0,-0.0033355570380253496,1.021314994326026,0,0.0,-0.0,2.1642416452585813,0,0.0,-0.0,30.281328097016544,0,0.0,-0.0,2.2894209504455763,0,0.0,-0.0,2.1294385137914227,0,0.0,-0.0,2.2894209504455763,0,0.0,-0.0,0.48831505699249156,0,0.0,-0.0,1.6414760172395988
2023-10-16,15.24,0.02008032128514059,True,1.0,0.02008032128514059,1.041823327545424,0,0.0,0.0,2.1642416452585813,0,0.0,0.0,30.281328097016544,0,0.0,0.0,2.2894209504455763,0,0.0,0.0,2.1294385137914227,0,0.0,0.0,2.2894209504455763,0,0.0,0.0,0.48831505699249156,0,0.0,0.0,1.6414760172395988
2023-10-17,14.96,-0.01837270341207342,False,1.0,-0.01837270341207342,1.0226822165406526,0,0.0,-0.0,2.1642416452585813,0,0.0,-0.0,30.281328097016544,0,0.0,-0.0,2.2894209504455763,0,0.0,-0.0,2.1294385137914227,0,0.0,-0.0,2.2894209504455763,0,0.0,-0.0,0.48831505699249156,0,0.0,-0.0,1.6414760172395988
2023-10-18,14.81,-0.010026737967914423,False,1.0,-0.010026737967914423,1.0124280499309535,0,0.0,-0.0,2.1642416452585813,0,0.0,-0.0,30.281328097016544,0,0.0,-0.0,2.2894209504455763,0,0.0,-0.0,2.1294385137914227,0,0.0,-0.0,2.2894209504455763,0,0.0,-0.0,0.48831505699249156,0,0.0,-0.0,1.6414760172395988
2023-10-19,14.8,-0.0006752194463199857,False,1.0,-0.0006752194463199857,1.0117444388236403,0,0.0,-0.0,2.1642416452585813,0,0.0,-0.0,30.281328097016544,0,0.0,-0.0,2.2894209504455763,0,0.0,-0.0,2.1294385137914227,0,0.0,-0.0,2.2894209504455763,0,0.0,-0.0,0.48831505699249156,0,0.0,-0.0,1.6414760172395988
2023-10-20,15.3,0.03378378378378377,False,1.0,0.03378378378378377,1.0459249941893038,0,0.0,0.0,2.1642416452585813,0,0.0,0.0,30.281328097016544,0,0.0,0.0,2.2894209504455763,0,0.0,0.0,2.1294385137914227,0,0.0,0.0,2.2894209504455763,0,0.0,0.0,0.48831505699249156,0,0.0,0.0,1.6414760172395988
2023-10-21,15.74,0.02875816993464042,False,1.0,0.02875816993464042,1.0760038829110876,0,0.0,0.0,2.1642416452585813,0,0.0,0.0,30.281328097016544,0,0.0,0.0,2.2894209504455763,0,0.0,0.0,2.1294385137914227,0,0.0,0.0,2.2894209504455763,0,0.0,0.0,0.48831505699249156,0,0.0,0.0,1.6414760172395988
2023-10-22,15.88,0.008894536213468918,False,1.0,0.008894536213468918,1.0855744384134736,0,0.0,0.0,2.1642416452585813,0,0.0,0.0,30.281328097016544,0,0.0,0.0,2.2894209504455763,0,0.0,0.0,2.1294385137914227,0,0.0,0.0,2.2894209504455763,0,0.0,0.0,0.48831505699249156,0,0.0,0.0,1.6414760172395988
2023-10-23,16.64,0.04785894206549113,True,1.0,0.04785894206549113,1.137528882569282,0,0.0,0.0,2.1642416452585813,0,0.0,0.0,30.281328097016544,0,0.0,0.0,2.2894209504455763,0,0.0,0.0,2.1294385137914227,0,0.0,0.0,2.2894209504455763,0,0.0,0.0,0.48831505699249156,0,0.0,0.0,1.6414760172395988
2023-10-24,16.46,-0.01081730769230771,True,1.0,-0.01081730769230771,1.125223882637643,0,0.0,-0.0,2.1642416452585813,0,0.0,-0.0,30.281328097016544,0,0.0,-0.0,2.2894209504455763,0,0.0,-0.0,2.1294385137914227,0,0.0,-0.0,2.2894209504455763,0,0.0,-0.0,0.48831505699249156,0,0.0,-0.0,1.6414760172395988
2023-10-25,16.39,-0.004252733900364514,True,1.0,-0.004252733900364514,1.12043860488645,0,0.0,-0.0,2.1642416452585813,0,0.0,-0.0,30.281328097016544,0,0.0,-0.0,2.2894209504455763,0,0.0,-0.0,2.1294385137914227,0,0.0,-0.0,2.2894209504455763,0,0.0,-0.0,0.48831505699249156,0,0.0,-0.0,1.6414760172395988
2023-10-26,16.56,0.01037217815741287,True,1.0,0.01037217815741287,1.1320599937107754,0,0.0,0.0,2.1642416452585813,0,0.0,0.0,30.281328097016544,0,0.0,0.0,2.2894209504455763,0,0.0,0.0,2.1294385137914227,0,0.0,0.0,2.2894209504455763,0,0.0,0.0,0.48831505699249156,0,0.0,0.0,1.6414760172395988
2023-10-27,16.07,-0.029589371980676238,True,1.0,-0.029589371980676238,1.0985630494524252,0,0.0,-0.0,2.1642416452585813,0,0.0,-0.0,30.281328097016544,0,0.0,-0.0,2.2894209504455763,0,0.0,-0.0,2.1294385137914227,0,0.0,-0.0,2.2894209504455763,0,0.0,-0.0,0.48831505699249156,0,0.0,-0.0,1.6414760172395988
2023-10-28,16.22,0.009334163036714305,True,1.0,0.009334163036714305,1.1088172160621241,0,0.0,0.0,2.1642416452585813,0,0.0,0.0,30.281328097016544,0,0.0,0.0,2.2894209504455763,0,0.0,0.0,2.1294385137914227,0,0.0,0.0,2.2894209504455763,0,0.0,0.0,0.48831505699249156,0,0.0,0.0,1.6414760172395988
2023-10-29,16.65,0.02651048088779273,True,1.0,0.02651048088779273,1.1382124936765947,0,0.0,0.0,2.1642416452585813,0,0.0,0.0,30.281328097016544,0,0.0,0.0,2.2894209504455763,0,0.0,0.0,2.1294385137914227,0,0.0,0.0,2.2894209504455763,0,0.0,0.0,0.48831505699249156,0,0.0,0.0,1.6414760172395988
2023-10-30,16.78,0.007807807807807876,True,1.0,0.007807807807807876,1.1470994380716673,0,0.0,0.0,2.1642416452585813,0,0.0,0.0,30.281328097016544,0,0.0,0.0,2.2894209504455763,0,0.0,0.0,2.1294385137914227,0,0.0,0.0,2.2894209504455763,0,0.0,0.0,0.48831505699249156,0,0.0,0.0,1.6414760172395988
2023-10-31,17.48,0.04171632896305111,True,1.0,0.04171632896305111,1.194952215583596,0,0.0,0.0,2.1642416452585813,0,0.0,0.0,30.281328097016544,0,0.0,0.0,2.2894209504455763,0,0.0,0.0,2.1294385137914227,0,0.0,0.0,2.2894209504455763,0,0.0,0.0,0.48831505699249156,0,0.0,0.0,1.6414760172395988
2023-11-01,17.76,0.016018306636155666,True,1.0,0.016018306636155666,1.2140933265883678,0,0.0,0.0,2.1642416452585813,0,0.0,0.0,30.281328097016544,0,0.0,0.0,2.2894209504455763,0,0.0,0.0,2.1294385137914227,0,0.0,0.0,2.2894209504455763,0,0.0,0.0,0.48831505699249156,0,0.0,0.0,1.6414760172395988
2023-11-02,17.3,-0.025900900900900914,True,1.0,-0.025900900900900914,1.1826472156519574,0,0.0,-0.0,2.1642416452585813,0,0.0,-0.0,30.281328097016544,0,0.0,-0.0,2.2894209504455763,0,0.0,-0.0,2.1294385137914227,0,0.0,-0.0,2.2894209504455763,0,0.0,-0.0,0.48831505699249156,0,0.0,-0.0,1.6414760172395988
2023-11-03,17.26,-0.0023121387283236983,True,1.0,-0.0023121387283236983,1.1799127712227044,0,0.0,-0.0,2.1642416452585813,0,0.0,-0.0,30.281328097016544,0,0.0,-0.0,2.2894209504455763,0,0.0,-0.0,2.1294385137914227,0,0.0,-0.0,2.2894209504455763,0,0.0,-0.0,0.48831505699249156,0,0.0,-0.0,1.6414760172395988
2023-11-04,17.47,0.012166859791425066,True,1.0,0.012166859791425066,1.194268604476283,0,0.0,0.0,2.1642416452585813,0,0.0,0.0,30.281328097016544,0,0.0,0.0,2.2894209504455763,0,0.0,0.0,2.1294385137914227,0,0.0,0.0,2.2894209504455763,0,0.0,0.0,0.48831505699249156,0,0.0,0.0,1.6414760172395988
2023-11-05,17.98,0.029192902117916475,True,1.0,0.029192902117916475,1.2291327709492597,0,0.0,0.0,2.1642416452585813,0,0.0,0.0,30.281328097016544,0,0.0,0.0,2.2894209504455763,0,0.0,0.0,2.1294385137914227,0,0.0,0.0,2.2894209504455763,0,0.0,0.0,0.48831505699249156,0,0.0,0.0,1.6414760172395988
2023-11-06,18.52,0.030033370411568283,True,1.0,0.030033370411568283,1.2660477707441762,0,0.0,0.0,2.1642416452585813,0,0.0,0.0,30.281328097016544,0,0.0,0.0,2.2894209504455763,0,0.0,0.0,2.1294385137914227,0,0.0,0.0,2.2894209504455763,0,0.0,0.0,0.48831505699249156,0,0.0,0.0,1.6414760172395988
2023-11-07,18.12,-0.021598272138228847,True,1.0,-0.021598272138228847,1.2387033264516456,0,0.0,-0.0,2.1642416452585813,0,0.0,-0.0,30.281328097016544,0,0.0,-0.0,2.2894209504455763,0,0.0,-0.0,2.1294385137914227,0,0.0,-0.0,2.2894209504455763,0,0.0,-0.0,0.48831505699249156,0,0.0,-0.0,1.6414760172395988
2023-11-08,18.32,0.011037527593819041,True,1.0,0.011037527593819041,1.2523755485979111,0,0.0,0.0,2.1642416452585813,0,0.0,0.0,30.281328097016544,0,0.0,0.0,2.2894209504455763,0,0.0,0.0,2.1294385137914227,0,0.0,0.0,2.2894209504455763,0,0.0,0.0,0.48831505699249156,0,0.0,0.0,1.6414760172395988
2023-11-09,20.68,0.12882096069868987,True,1.0,0.12882096069868987,1.4137077699238427,0,0.0,0.0,2.1642416452585813,0,0.0,0.0,30.281328097016544,0,0.0,0.0,2.2894209504455763,0,0.0,0.0,2.1294385137914227,0,0.0,0.0,2.2894209504455763,0,0.0,0.0,0.48831505699249156,0,0.0,0.0,1.6414760172395988
2023-11-10,20.74,0.0029013539651836506,True,1.0,0.0029013539651836506,1.4178094365677223,0,0.0,0.0,2.1642416452585813,0,0.0,0.0,30.281328097016544,0,0.0,0.0,2.2894209504455763,0,0.0,0.0,2.1294385137914227,0,0.0,0.0,2.2894209504455763,0,0.0,0.0,0.48831505699249156,0,0.0,0.0,1.6414760172395988
2023-11-11,20.05,-0.0332690453230472,True,1.0,-0.0332690453230472,1.3706402701631066,0,0.0,-0.0,2.1642416452585813,0,0.0,-0.0,30.281328097016544,0,0.0,-0.0,2.2894209504455763,0,0.0,-0.0,2.1294385137914227,0,0.0,-0.0,2.2894209504455763,0,0.0,-0.0,0.48831505699249156,0,0.0,-0.0,1.6414760172395988
2023-11-12,20.05,0.0,True,1.0,0.0,1.3706402701631066,0,0.0,0.0,2.1642416452585813,0,0.0,0.0,30.281328097016544,0,0.0,0.0,2.2894209504455763,0,0.0,0.0,2.1294385137914227,0,0.0,0.0,2.2894209504455763,0,0.0,0.0,0.48831505699249156,0,0.0,0.0,1.6414760172395988
2023-11-13,19.97,-0.003990024937655989,True,1.0,-0.003990024937655989,1.3651713813046003,0,0.0,-0.0,2.1642416452585813,0,0.0,-0.0,30.281328097016544,0,0.0,-0.0,2.2894209504455763,0,0.0,-0.0,2.1294385137914227,0,0.0,-0.0,2.2894209504455763,0,0.0,-0.0,0.48831505699249156,0,0.0,-0.0,1.6414760172395988
2023-11-14,19.07,-0.045067601402103086,True,1.0,-0.045067601402103086,1.3036463816464061,0,0.0,-0.0,2.1642416452585813,0,0.0,-0.0,30.281328097016544,0,0.0,-0.0,2.2894209504455763,0,0.0,-0.0,2.1294385137914227,0,0.0,-0.0,2.2894209504455763,0,0.0,-0.0,0.48831505699249156,0,0.0,-0.0,1.6414760172395988
2023-11-15,19.89,0.04299947561615114,True,1.0,0.04299947561615114,1.3597024924460943,0,0.0,0.0,2.1642416452585813,0,0.0,0.0,30.281328097016544,0,0.0,0.0,2.2894209504455763,0,0.0,0.0,2.1294385137914227,0,0.0,0.0,2.2894209504455763,0,0.0,0.0,0.48831505699249156,0,0.0,0.0,1.6414760172395988
2023-11-16,19.28,-0.03066867772750126,True,1.0,-0.03066867772750126,1.3180022148999848,0,0.0,-0.0,2.1642416452585813,0,0.0,-0.0,30.281328097016544,0,0.0,-0.0,2.2894209504455763,0,0.0,-0.0,2.1294385137914227,0,0.0,-0.0,2.2894209504455763,0,0.0,-0.0,0.48831505699249156,0,0.0,-0.0,1.6414760172395988
2023-11-17,19.38,0.005186721991701226,True,1.0,0.005186721991701226,1.3248383259731176,0,0.0,0.0,2.1642416452585813,0,0.0,0.0,30.281328097016544,0,0.0,0.0,2.2894209504455763,0,0.0,0.0,2.1294385137914227,0,0.0,0.0,2.2894209504455763,0,0.0,0.0,0.48831505699249156,0,0.0,0.0,1.6414760172395988
2023-11-18,19.19,-0.009803921568627305,True,1.0,-0.009803921568627305,1.3118497149341657,0,0.0,-0.0,2.1642416452585813,0,0.0,-0.0,30.281328097016544,0,0.0,-0.0,2.2894209504455763,0,0.0,-0.0,2.1294385137914227,0,0.0,-0.0,2.2894209504455763,0,0.0,-0.0,0.48831505699249156,0,0.0,-0.0,1.6414760172395988
2023-11-19,19.59,0.02084418968212609,True,1.0,0.02084418968212609,1.3391941592266965,0,0.0,0.0,2.1642416452585813,0,0.0,0.0,30.281328097016544,0,0.0,0.0,2.2894209504455763,0,0.0,0.0,2.1294385137914227,0,0.0,0.0,2.2894209504455763,0,0.0,0.0,0.48831505699249156,0,0.0,0.0,1.6414760172395988
2023-11-20,19.44,-0.007656967840734996,True,1.0,-0.007656967840734996,1.3289399926169976,0,0.0,-0.0,2.1642416452585813,0,0.0,-0.0,30.281328097016544,0,0.0,-0.0,2.2894209504455763,0,0.0,-0.0,2.1294385137914227,0,0.0,-0.0,2.2894209504455763,0,0.0,-0.0,0.48831505699249156,0,0.0,-0.0,1.6414760172395988
2023-11-21,18.06,-0.07098765432098775,True,1.0,-0.07098765432098775,1.234601659807766,0,0.0,-0.0,2.1642416452585813,0,0.0,-0.0,30.281328097016544,0,0.0,-0.0,2.2894209504455763,0,0.0,-0.0,2.1294385137914227,0,0.0,-0.0,2.2894209504455763,0,0.0,-0.0,0.48831505699249156,0,0.0,-0.0,1.6414760172395988
2023-11-22,18.98,0.05094130675526043,True,1.0,0.05094130675526043,1.2974938816805872,0,0.0,0.0,2.1642416452585813,0,0.0,0.0,30.281328097016544,0,0.0,0.0,2.2894209504455763,0,0.0,0.0,2.1294385137914227,0,0.0,0.0,2.2894209504455763,0,0.0,0.0,0.48831505699249156,0,0.0,0.0,1.6414760172395988
2023-11-23,18.92,-0.0031612223393044925,True,1.0,-0.0031612223393044925,1.2933922150367076,0,0.0,-0.0,2.1642416452585813,0,0.0,-0.0,30.281328097016544,0,0.0,-0.0,2.2894209504455763,0,0.0,-0.0,2.1294385137914227,0,0.0,-0.0,2.2894209504455763,0,0.0,-0.0,0.48831505699249156,0,0.0,-0.0,1.6414760172395988
2023-11-24,19.2,0.014799154334038,True,1.0,0.014799154334038,1.312533326041479,0,0.0,0.0,2.1642416452585813,0,0.0,0.0,30.281328097016544,0,0.0,0.0,2.2894209504455763,0,0.0,0.0,2.1294385137914227,0,0.0,0.0,2.2894209504455763,0,0.0,0.0,0.48831505699249156,0,0.0,0.0,1.6414760172395988
2023-11-25,19.42,0.01145833333333357,True,1.0,0.01145833333333357,1.3275727704023714,0,0.0,0.0,2.1642416452585813,0,0.0,0.0,30.281328097016544,0,0.0,0.0,2.2894209504455763,0,0.0,0.0,2.1294385137914227,0,0.0,0.0,2.2894209504455763,0,0.0,0.0,0.48831505699249156,0,0.0,0.0,1.6414760172395988
2023-11-26,19.11,-0.015962924819773572,True,1.0,-0.015962924819773572,1.3063808260756598,0,0.0,-0.0,2.1642416452585813,0,0.0,-0.0,30.281328097016544,0,0.0,-0.0,2.2894209504455763,0,0.0,-0.0,2.1294385137914227,0,0.0,-0.0,2.2894209504455763,0,0.0,-0.0,0.48831505699249156,0,0.0,-0.0,1.6414760172395988
2023-11-27,18.55,-0.0293040293040292,True,1.0,-0.0293040293040292,1.2680986040661169,0,0.0,-0.0,2.1642416452585813,0,0.0,-0.0,30.281328097016544,0,0.0,-0.0,2.2894209504455763,0,0.0,-0.0,2.1294385137914227,0,0.0,-0.0,2.2894209504455763,0,0.0,-0.0,0.48831505699249156,0,0.0,-0.0,1.6414760172395988
2023-11-28,18.85,0.016172506738544534,True,1.0,0.016172506738544534,1.2886069372855151,0,0.0,0.0,2.1642416452585813,0,0.0,0.0,30.281328097016544,0,0.0,0.0,2.2894209504455763,0,0.0,0.0,2.1294385137914227,0,0.0,0.0,2.2894209504455763,0,0.0,0.0,0.48831505699249156,0,0.0,0.0,1.6414760172395988
2023-11-29,18.74,-0.005835543766578355,False,1.0,-0.005835543766578355,1.281087215105069,0,0.0,-0.0,2.1642416452585813,0,0.0,-0.0,30.281328097016544,0,0.0,-0.0,2.2894209504455763,0,0.0,-0.0,2.1294385137914227,0,0.0,-0.0,2.2894209504455763,0,0.0,-0.0,0.48831505699249156,0,0.0,-0.0,1.6414760172395988
2023-11-30,18.65,-0.0048025613660619415,False,1.0,-0.0048025613660619415,1.2749347151392494,0,0.0,-0.0,2.1642416452585813,0,0.0,-0.0,30.281328097016544,0,0.0,-0.0,2.2894209504455763,0,0.0,-0.0,2.1294385137914227,0,0.0,-0.0,2.2894209504455763,0,0.0,-0.0,0.48831505699249156,0,0.0,-0.0,1.6414760172395988
2023-12-01,18.97,0.0171581769436997,False,1.0,0.0171581769436997,1.296810270573274,0,0.0,0.0,2.1642416452585813,0,0.0,0.0,30.281328097016544,0,0.0,0.0,2.2894209504455763,0,0.0,0.0,2.1294385137914227,0,0.0,0.0,2.2894209504455763,0,0.0,0.0,0.48831505699249156,0,0.0,0.0,1.6414760172395988
2023-12-02,19.59,0.03268318397469705,False,1.0,0.03268318397469705,1.339194159226697,0,0.0,0.0,2.1642416452585813,0,0.0,0.0,30.281328097016544,0,0.0,0.0,2.2894209504455763,0,0.0,0.0,2.1294385137914227,0,0.0,0.0,2.2894209504455763,0,0.0,0.0,0.48831505699249156,0,0.0,0.0,1.6414760172395988
2023-12-03,19.84,0.012761613067891808,False,1.0,0.012761613067891808,1.3562844369095288,0,0.0,0.0,2.1642416452585813,0,0.0,0.0,30.281328097016544,0,0.0,0.0,2.2894209504455763,0,0.0,0.0,2.1294385137914227,0,0.0,0.0,2.2894209504455763,0,0.0,0.0,0.48831505699249156,0,0.0,0.0,1.6414760172395988
2023-12-04,19.98,0.007056451612903247,True,1.0,0.007056451612903247,1.3658549924119145,0,0.0,0.0,2.1642416452585813,0,0.0,0.0,30.281328097016544,0,0.0,0.0,2.2894209504455763,0,0.0,0.0,2.1294385137914227,0,0.0,0.0,2.2894209504455763,0,0.0,0.0,0.48831505699249156,0,0.0,0.0,1.6414760172395988
2023-12-05,20.26,0.014014014014014142,True,1.0,0.014014014014014142,1.3849961034166862,0,0.0,0.0,2.1642416452585813,0,0.0,0.0,30.281328097016544,0,0.0,0.0,2.2894209504455763,0,0.0,0.0,2.1294385137914227,0,0.0,0.0,2.2894209504455763,0,0.0,0.0,0.48831505699249156,0,0.0,0.0,1.6414760172395988
2023-12-06,20.28,0.000987166831194486,True,1.0,0.000987166831194486,1.3863633256313128,0,0.0,0.0,2.1642416452585813,0,0.0,0.0,30.281328097016544,0,0.0,0.0,2.2894209504455763,0,0.0,0.0,2.1294385137914227,0,0.0,0.0,2.2894209504455763,0,0.0,0.0,0.48831505699249156,0,0.0,0.0,1.6414760172395988
2023-12-07,21.98,0.08382642998027601,True,1.0,0.08382642998027601,1.5025772138745686,0,0.0,0.0,2.1642416452585813,0,0.0,0.0,30.281328097016544,0,0.0,0.0,2.2894209504455763,0,0.0,0.0,2.1294385137914227,0,0.0,0.0,2.2894209504455763,0,0.0,0.0,0.48831505699249156,0,0.0,0.0,1.6414760172395988
2023-12-08,22.26,0.01273885350318471,True,1.0,0.01273885350318471,1.5217183248793402,0,0.0,0.0,2.1642416452585813,0,0.0,0.0,30.281328097016544,0,0.0,0.0,2.2894209504455763,0,0.0,0.0,2.1294385137914227,0,0.0,0.0,2.2894209504455763,0,0.0,0.0,0.48831505699249156,0,0.0,0.0,1.6414760172395988
2023-12-09,22.04,-0.009883198562443907,True,1.0,-0.009883198562443907,1.5066788805184481,0,0.0,-0.0,2.1642416452585813,0,0.0,-0.0,30.281328097016544,0,0.0,-0.0,2.2894209504455763,0,0.0,-0.0,2.1294385137914227,0,0.0,-0.0,2.2894209504455763,0,0.0,-0.0,0.48831505699249156,0,0.0,-0.0,1.6414760172395988
2023-12-10,21.96,-0.003629764065335661,True,1.0,-0.003629764065335661,1.5012099916599422,0,0.0,-0.0,2.1642416452585813,0,0.0,-0.0,30.281328097016544,0,0.0,-0.0,2.2894209504455763,0,0.0,-0.0,2.1294385137914227,0,0.0,-0.0,2.2894209504455763,0,0.0,-0.0,0.48831505699249156,0,0.0,-0.0,1.6414760172395988
2023-12-11,20.16,-0.08196721311475408,True,1.0,-0.08196721311475408,1.3781599923435535,0,0.0,-0.0,2.1642416452585813,0,0.0,-0.0,30.281328097016544,0,0.0,-0.0,2.2894209504455763,0,0.0,-0.0,2.1294385137914227,0,0.0,-0.0,2.2894209504455763,0,0.0,-0.0,0.48831505699249156,0,0.0,-0.0,1.6414760172395988
2023-12-12,20.31,0.007440476190476053,True,1.0,0.007440476190476053,1.3884141589532524,0,0.0,0.0,2.1642416452585813,0,0.0,0.0,30.281328097016544,0,0.0,0.0,2.2894209504455763,0,0.0,0.0,2.1294385137914227,0,0.0,0.0,2.2894209504455763,0,0.0,0.0,0.48831505699249156,0,0.0,0.0,1.6414760172395988
2023-12-13,20.75,0.021664204825209366,True,1.0,0.021664204825209366,1.4184930476750364,0,0.0,0.0,2.1642416452585813,0,0.0,0.0,30.281328097016544,0,0.0,0.0,2.2894209504455763,0,0.0,0.0,2.1294385137914227,0,0.0,0.0,2.2894209504455763,0,0.0,0.0,0.48831505699249156,0,0.0,0.0,1.6414760172395988
2023-12-14,20.88,0.006265060240963738,True,1.0,0.006265060240963738,1.4273799920701087,0,0.0,0.0,2.1642416452585813,0,0.0,0.0,30.281328097016544,0,0.0,0.0,2.2894209504455763,0,0.0,0.0,2.1294385137914227,0,0.0,0.0,2.2894209504455763,0,0.0,0.0,0.48831505699249156,0,0.0,0.0,1.6414760172395988
2023-12-15,19.95,-0.04454022988505746,True,1.0,-0.04454022988505746,1.3638041590899745,0,0.0,-0.0,2.1642416452585813,0,0.0,-0.0,30.281328097016544,0,0.0,-0.0,2.2894209504455763,0,0.0,-0.0,2.1294385137914227,0,0.0,-0.0,2.2894209504455763,0,0.0,-0.0,0.48831505699249156,0,0.0,-0.0,1.6414760172395988
2023-12-16,20.74,0.0395989974937343,True,1.0,0.0395989974937343,1.417809436567723,0,0.0,0.0,2.1642416452585813,0,0.0,0.0,30.281328097016544,0,0.0,0.0,2.2894209504455763,0,0.0,0.0,2.1294385137914227,0,0.0,0.0,2.2894209504455763,0,0.0,0.0,0.48831505699249156,0,0.0,0.0,1.6414760172395988
2023-12-17,19.96,-0.03760848601735767,True,1.0,-0.03760848601735767,1.364487770197288,0,0.0,-0.0,2.1642416452585813,0,0.0,-0.0,30.281328097016544,0,0.0,-0.0,2.2894209504455763,0,0.0,-0.0,2.1294385137914227,0,0.0,-0.0,2.2894209504455763,0,0.0,-0.0,0.48831505699249156,0,0.0,-0.0,1.6414760172395988
2023-12-18,19.92,-0.002004008016032066,True,1.0,-0.002004008016032066,1.3617533257680348,0,0.0,-0.0,2.1642416452585813,0,0.0,-0.0,30.281328097016544,0,0.0,-0.0,2.2894209504455763,0,0.0,-0.0,2.1294385137914227,0,0.0,-0.0,2.2894209504455763,0,0.0,-0.0,0.48831505699249156,0,0.0,-0.0,1.6414760172395988
2023-12-19,19.65,-0.013554216867470048,True,1.0,-0.013554216867470048,1.3432958258705763,0,0.0,-0.0,2.1642416452585813,0,0.0,-0.0,30.281328097016544,0,0.0,-0.0,2.2894209504455763,0,0.0,-0.0,2.1294385137914227,0,0.0,-0.0,2.2894209504455763,0,0.0,-0.0,0.48831505699249156,0,0.0,-0.0,1.6414760172395988
2023-12-20,20.18,0.026972010178117012,True,1.0,0.026972010178117012,1.3795272145581796,0,0.0,0.0,2.1642416452585813,0,0.0,0.0,30.281328097016544,0,0.0,0.0,2.2894209504455763,0,0.0,0.0,2.1294385137914227,0,0.0,0.0,2.2894209504455763,0,0.0,0.0,0.48831505699249156,0,0.0,0.0,1.6414760172395988
2023-12-21,20.65,0.023290386521308104,True,1.0,0.023290386521308104,1.4116569366019032,0,0.0,0.0,2.1642416452585813,0,0.0,0.0,30.281328097016544,0,0.0,0.0,2.2894209504455763,0,0.0,0.0,2.1294385137914227,0,0.0,0.0,2.2894209504455763,0,0.0,0.0,0.48831505699249156,0,0.0,0.0,1.6414760172395988
2023-12-22,21.9,0.060532687651331685,True,1.0,0.060532687651331685,1.497108325016062,0,0.0,0.0,2.1642416452585813,0,0.0,0.0,30.281328097016544,0,0.0,0.0,2.2894209504455763,0,0.0,0.0,2.1294385137914227,0,0.0,0.0,2.2894209504455763,0,0.0,0.0,0.48831505699249156,0,0.0,0.0,1.6414760172395988
2023-12-23,21.47,-0.01963470319634697,True,1.0,-0.01963470319634697,1.4677130474015914,0,0.0,-0.0,2.1642416452585813,0,0.0,-0.0,30.281328097016544,0,0.0,-0.0,2.2894209504455763,0,0.0,-0.0,2.1294385137914227,0,0.0,-0.0,2.2894209504455763,0,0.0,-0.0,0.48831505699249156,0,0.0,-0.0,1.6414760172395988
2023-12-24,20.84,-0.02934326967862133,True,1.0,-0.02934326967862133,1.4246455476408553,0,0.0,-0.0,2.1642416452585813,0,0.0,-0.0,30.281328097016544,0,0.0,-0.0,2.2894209504455763,0,0.0,-0.0,2.1294385137914227,0,0.0,-0.0,2.2894209504455763,0,0.0,-0.0,0.48831505699249156,0,0.0,-0.0,1.6414760172395988
2023-12-25,21.44,0.028790786948176716,True,1.0,0.028790786948176716,1.4656622140796516,0,0.0,0.0,2.1642416452585813,0,0.0,0.0,30.281328097016544,0,0.0,0.0,2.2894209504455763,0,0.0,0.0,2.1294385137914227,0,0.0,0.0,2.2894209504455763,0,0.0,0.0,0.48831505699249156,0,0.0,0.0,1.6414760172395988
2023-12-26,20.84,-0.027985074626865725,True,1.0,-0.027985074626865725,1.4246455476408553,0,0.0,-0.0,2.1642416452585813,0,0.0,-0.0,30.281328097016544,0,0.0,-0.0,2.2894209504455763,0,0.0,-0.0,2.1294385137914227,0,0.0,-0.0,2.2894209504455763,0,0.0,-0.0,0.48831505699249156,0,0.0,-0.0,1.6414760172395988
2023-12-27,22.72,0.09021113243762002,True,1.0,0.09021113243762002,1.5531644358157501,0,0.0,0.0,2.1642416452585813,0,0.0,0.0,30.281328097016544,0,0.0,0.0,2.2894209504455763,0,0.0,0.0,2.1294385137914227,0,0.0,0.0,2.2894209504455763,0,0.0,0.0,0.48831505699249156,0,0.0,0.0,1.6414760172395988
2023-12-28,22.44,-0.012323943661971759,True,1.0,-0.012323943661971759,1.5340233248109787,0,0.0,-0.0,2.1642416452585813,0,0.0,-0.0,30.281328097016544,0,0.0,-0.0,2.2894209504455763,0,0.0,-0.0,2.1294385137914227,0,0.0,-0.0,2.2894209504455763,0,0.0,-0.0,0.48831505699249156,0,0.0,-0.0,1.6414760172395988
2023-12-29,22.49,0.002228163992869847,True,1.0,0.002228163992869847,1.537441380347545,0,0.0,0.0,2.1642416452585813,0,0.0,0.0,30.281328097016544,0,0.0,0.0,2.2894209504455763,0,0.0,0.0,2.1294385137914227,0,0.0,0.0,2.2894209504455763,0,0.0,0.0,0.48831505699249156,0,0.0,0.0,1.6414760172395988
2023-12-30,22.26,-0.010226767452200858,True,1.0,-0.010226767452200858,1.52171832487934,0,0.0,-0.0,2.1642416452585813,0,0.0,-0.0,30.281328097016544,0,0.0,-0.0,2.2894209504455763,0,0.0,-0.0,2.1294385137914227,0,0.0,-0.0,2.2894209504455763,0,0.0,-0.0,0.48831505699249156,0,0.0,-0.0,1.6414760172395988
2023-12-31,21.92,-0.015274034141958714,True,1.0,-0.015274034141958714,1.4984755472306888,0,0.0,-0.0,2.1642416452585813,0,0.0,-0.0,30.281328097016544,0,0.0,-0.0,2.2894209504455763,0,0.0,-0.0,2.1294385137914227,0,0.0,-0.0,2.2894209504455763,0,0.0,-0.0,0.48831505699249156,0,0.0,-0.0,1.6414760172395988
2024-01-01,22.5,0.026459854014598383,True,1.0,0.026459854014598383,1.5381249914548583,0,0.0,0.0,2.1642416452585813,0,0.0,0.0,30.281328097016544,0,0.0,0.0,2.2894209504455763,0,0.0,0.0,2.1294385137914227,0,0.0,0.0,2.2894209504455763,0,0.0,0.0,0.48831505699249156,0,0.0,0.0,1.6414760172395988
2024-01-02,21.97,-0.023555555555555552,True,1.0,-0.023555555555555552,1.501893602767255,0,0.0,-0.0,2.1642416452585813,0,0.0,-0.0,30.281328097016544,0,0.0,-0.0,2.2894209504455763,0,0.0,-0.0,2.1294385137914227,0,0.0,-0.0,2.2894209504455763,0,0.0,-0.0,0.48831505699249156,0,0.0,-0.0,1.6414760172395988
2024-01-03,20.03,-0.08830223031406459,False,1.0,-0.08830223031406459,1.3692730479484805,0,0.0,-0.0,2.1642416452585813,0,0.0,-0.0,30.281328097016544,0,0.0,-0.0,2.2894209504455763,0,0.0,-0.0,2.1294385137914227,0,0.0,-0.0,2.2894209504455763,0,0.0,-0.0,0.48831505699249156,0,0.0,-0.0,1.6414760172395988
2024-01-04,20.47,0.02196704942586103,True,1.0,0.02196704942586103,1.399351936670264,0,0.0,0.0,2.1642416452585813,0,0.0,0.0,30.281328097016544,0,0.0,0.0,2.2894209504455763,0,0.0,0.0,2.1294385137914227,0,0.0,0.0,2.2894209504455763,0,0.0,0.0,0.48831505699249156,0,0.0,0.0,1.6414760172395988
2024-01-05,20.13,-0.01660967269174396,False,1.0,-0.01660967269174396,1.376109159021613,0,0.0,-0.0,2.1642416452585813,0,0.0,-0.0,30.281328097016544,0,0.0,-0.0,2.2894209504455763,0,0.0,-0.0,2.1294385137914227,0,0.0,-0.0,2.2894209504455763,0,0.0,-0.0,0.48831505699249156,0,0.0,-0.0,1.6414760172395988
2024-01-06,19.88,-0.012419274714356665,False,1.0,-0.012419274714356665,1.3590188813387813,0,0.0,-0.0,2.1642416452585813,0,0.0,-0.0,30.281328097016544,0,0.0,-0.0,2.2894209504455763,0,0.0,-0.0,2.1294385137914227,0,0.0,-0.0,2.2894209504455763,0,0.0,-0.0,0.48831505699249156,0,0.0,-0.0,1.6414760172395988
2024-01-07,19.27,-0.030684104627766606,False,1.0,-0.030684104627766606,1.3173186037926718,0,0.0,-0.0,2.1642416452585813,0,0.0,-0.0,30.281328097016544,0,0.0,-0.0,2.2894209504455763,0,0.0,-0.0,2.1294385137914227,0,0.0,-0.0,2.2894209504455763,0,0.0,-0.0,0.48831505699249156,0,0.0,-0.0,1.6414760172395988
2024-01-08,20.32,0.05448884276076815,True,1.0,0.05448884276076815,1.3890977700605653,0,0.0,0.0,2.1642416452585813,0,0.0,0.0,30.281328097016544,0,0.0,0.0,2.2894209504455763,0,0.0,0.0,2.1294385137914227,0,0.0,0.0,2.2894209504455763,0,0.0,0.0,0.48831505699249156,0,0.0,0.0,1.6414760172395988
2024-01-09,21.22,0.04429133858267709,True,1.0,0.04429133858267709,1.4506227697187595,0,0.0,0.0,2.1642416452585813,0,0.0,0.0,30.281328097016544,0,0.0,0.0,2.2894209504455763,0,0.0,0.0,2.1294385137914227,0,0.0,0.0,2.2894209504455763,0,0.0,0.0,0.48831505699249156,0,0.0,0.0,1.6414760172395988
2024-01-10,26.41,0.24458058435438268,True,1.0,0.24458058435438268,1.8054169344143467,0,0.0,0.0,2.1642416452585813,1,0.0,0.0,30.281328097016544,0,0.0,0.0,2.2894209504455763,0,0.0,0.0,2.1294385137914227,0,0.0,0.0,2.2894209504455763,0,0.0,0.0,0.48831505699249156,0,0.0,0.0,1.6414760172395988
2024-01-11,29.62,0.12154486936766373,True,1.0,0.12154486936766373,2.0248560998619065,0,0.0,0.0,2.1642416452585813,1,1.0,0.12054486936766373,33.931586836750775,0,0.0,0.0,2.2894209504455763,0,0.0,0.0,2.1294385137914227,0,0.0,0.0,2.2894209504455763,0,0.0,0.0,0.48831505699249156,0,0.0,0.0,1.6414760172395988
2024-01-12,29.01,-0.020594193112761672,True,1.0,-0.020594193112761672,1.983155822315797,0,0.0,-0.0,2.1642416452585813,1,1.0,-0.020594193112761672,33.23279318481229,0,0.0,-0.0,2.2894209504455763,0,0.0,-0.0,2.1294385137914227,0,0.0,-0.0,2.2894209504455763,0,0.0,-0.0,0.48831505699249156,0,0.0,-0.0,1.6414760172395988
2024-01-13,28.59,-0.014477766287487093,True,1.0,-0.014477766287487093,1.9544441558086396,0,0.0,-0.0,2.1642416452585813,1,1.0,-0.014477766287487093,32.75165657200218,0,0.0,-0.0,2.2894209504455763,0,0.0,-0.0,2.1294385137914227,0,0.0,-0.0,2.2894209504455763,0,0.0,-0.0,0.48831505699249156,0,0.0,-0.0,1.6414760172395988
2024-01-14,26.49,-0.07345225603357819,True,1.0,-0.07345225603357819,1.8108858232728529,0,0.0,-0.0,2.1642416452585813,0,1.0,-0.07345225603357819,30.345973507951655,0,0.0,-0.0,2.2894209504455763,0,0.0,-0.0,2.1294385137914227,0,0.0,-0.0,2.2894209504455763,0,0.0,-0.0,0.48831505699249156,0,0.0,-0.0,1.6414760172395988
2024-01-15,26.74,0.009437523593808894,True,1.0,0.009437523593808894,1.8279761009556845,0,0.0,0.0,2.1642416452585813,0,1.0,0.009437523593808894,30.63236434891005,0,0.0,0.0,2.2894209504455763,0,0.0,0.0,2.1294385137914227,0,0.0,0.0,2.2894209504455763,0,0.0,0.0,0.48831505699249156,0,0.0,0.0,1.6414760172395988
2024-01-16,27.29,0.02056843679880327,True,1.0,0.02056843679880327,1.8655747118579142,0,0.0,0.0,2.1642416452585813,0,1.0,0.02056843679880327,31.26242419901852,0,0.0,0.0,2.2894209504455763,0,0.0,0.0,2.1294385137914227,0,0.0,0.0,2.2894209504455763,0,0.0,0.0,0.48831505699249156,0,0.0,0.0,1.6414760172395988
2024-01-17,26.18,-0.04067423964822281,True,1.0,-0.04067423964822281,1.7896938789461412,0,0.0,-0.0,2.1642416452585813,0,1.0,-0.04067423964822281,29.99084886516324,0,0.0,-0.0,2.2894209504455763,0,0.0,-0.0,2.1294385137914227,0,0.0,-0.0,2.2894209504455763,0,0.0,-0.0,0.48831505699249156,0,0.0,-0.0,1.6414760172395988
2024-01-18,24.46,-0.06569900687547747,True,1.0,-0.06569900687547747,1.6721127684882586,0,0.0,-0.0,2.1642416452585813,0,1.0,-0.06569900687547747,28.020479879369475,0,0.0,-0.0,2.2894209504455763,0,0.0,-0.0,2.1294385137914227,0,0.0,-0.0,2.2894209504455763,0,0.0,-0.0,0.48831505699249156,0,0.0,-0.0,1.6414760172395988
2024-01-19,25.33,0.03556827473425983,True,1.0,0.03556827473425983,1.7315869348245128,0,0.0,0.0,2.1642416452585813,0,1.0,0.03556827473425983,29.017120005904687,0,0.0,0.0,2.2894209504455763,0,0.0,0.0,2.1294385137914227,0,0.0,0.0,2.2894209504455763,0,0.0,0.0,0.48831505699249156,0,0.0,0.0,1.6414760172395988
2024-01-20,24.72,-0.02408211606790367,True,1.0,-0.02408211606790367,1.6898866572784033,0,0.0,-0.0,2.1642416452585813,0,1.0,-0.02408211606790367,28.3183263539662,0,0.0,-0.0,2.2894209504455763,0,0.0,-0.0,2.1294385137914227,0,0.0,-0.0,2.2894209504455763,0,0.0,-0.0,0.48831505699249156,0,0.0,-0.0,1.6414760172395988
2024-01-21,24.51,-0.008495145631067902,True,1.0,-0.008495145631067902,1.6755308240248248,0,0.0,-0.0,2.1642416452585813,0,1.0,-0.008495145631067902,28.077758047561147,0,0.0,-0.0,2.2894209504455763,0,0.0,-0.0,2.1294385137914227,0,0.0,-0.0,2.2894209504455763,0,0.0,-0.0,0.48831505699249156,0,0.0,-0.0,1.6414760172395988
2024-01-22,22.95,-0.06364749082007348,True,1.0,-0.06364749082007348,1.5688874912839545,0,0.0,-0.0,2.1642416452585813,0,1.0,-0.06364749082007348,26.290679199980755,0,0.0,-0.0,2.2894209504455763,0,0.0,-0.0,2.1294385137914227,0,0.0,-0.0,2.2894209504455763,0,0.0,-0.0,0.48831505699249156,0,0.0,-0.0,1.6414760172395988
2024-01-23,23.13,0.007843137254901933,True,1.0,0.007843137254901933,1.5811924912155935,0,0.0,0.0,2.1642416452585813,0,1.0,0.007843137254901933,26.4968806054708,0,0.0,0.0,2.2894209504455763,0,0.0,0.0,2.1294385137914227,0,0.0,0.0,2.2894209504455763,0,0.0,0.0,0.48831505699249156,0,0.0,0.0,1.6414760172395988
2024-01-24,23.0,-0.005620406398616495,True,1.0,-0.005620406398616495,1.572305546820521,0,0.0,-0.0,2.1642416452585813,0,1.0,-0.005620406398616495,26.347957368172434,0,0.0,-0.0,2.2894209504455763,0,0.0,-0.0,2.1294385137914227,0,0.0,-0.0,2.2894209504455763,0,0.0,-0.0,0.48831505699249156,0,0.0,-0.0,1.6414760172395988
2024-01-25,23.26,0.011304347826087024,True,1.0,0.011304347826087024,1.590079435610666,0,0.0,0.0,2.1642416452585813,0,1.0,0.011304347826087024,26.64580384276917,0,0.0,0.0,2.2894209504455763,0,0.0,0.0,2.1294385137914227,0,0.0,0.0,2.2894209504455763,0,0.0,0.0,0.48831505699249156,0,0.0,0.0,1.6414760172395988
2024-01-26,23.9,0.02751504729148735,True,1.0,0.02751504729148735,1.633830546478715,0,0.0,0.0,2.1642416452585813,0,1.0,0.02751504729148735,27.378964395622656,0,0.0,0.0,2.2894209504455763,0,0.0,0.0,2.1294385137914227,0,0.0,0.0,2.2894209504455763,0,0.0,0.0,0.48831505699249156,0,0.0,0.0,1.6414760172395988
2024-01-27,24.03,0.005439330543933085,True,1.0,0.005439330543933085,1.6427174908737876,0,0.0,0.0,2.1642416452585813,0,1.0,0.005439330543933085,27.527887632921022,0,0.0,0.0,2.2894209504455763,0,0.0,0.0,2.1294385137914227,0,0.0,0.0,2.2894209504455763,0,0.0,0.0,0.48831505699249156,0,0.0,0.0,1.6414760172395988
2024-01-28,23.5,-0.022055763628797354,True,1.0,-0.022055763628797354,1.6064861021861843,0,0.0,-0.0,2.1642416452585813,0,1.0,-0.022055763628797354,26.92073905008922,0,0.0,-0.0,2.2894209504455763,0,0.0,-0.0,2.1294385137914227,0,0.0,-0.0,2.2894209504455763,0,0.0,-0.0,0.48831505699249156,0,0.0,-0.0,1.6414760172395988
2024-01-29,24.72,0.051914893617021285,True,1.0,0.051914893617021285,1.6898866572784033,0,0.0,0.0,2.1642416452585813,0,1.0,0.051914893617021285,28.318326353966192,0,0.0,0.0,2.2894209504455763,0,0.0,0.0,2.1294385137914227,0,0.0,0.0,2.2894209504455763,0,0.0,0.0,0.48831505699249156,0,0.0,0.0,1.6414760172395988
2024-01-30,25.32,0.024271844660194164,False,1.0,0.024271844660194164,1.7309033237171993,0,0.0,0.0,2.1642416452585813,0,1.0,0.024271844660194164,29.00566437226634,0,0.0,0.0,2.2894209504455763,0,0.0,0.0,2.1294385137914227,0,0.0,0.0,2.2894209504455763,0,0.0,0.0,0.48831505699249156,0,0.0,0.0,1.6414760172395988
2024-01-31,24.33,-0.03909952606635081,False,1.0,-0.03909952606635081,1.6632258240931854,0,0.0,-0.0,2.1642416452585813,0,1.0,-0.03909952606635081,27.87155664207109,0,0.0,-0.0,2.2894209504455763,0,0.0,-0.0,2.1294385137914227,0,0.0,-0.0,2.2894209504455763,0,0.0,-0.0,0.48831505699249156,0,0.0,-0.0,1.6414760172395988
2024-02-01,24.42,0.0036991368680643344,False,1.0,0.0036991368680643344,1.6693783240590052,0,0.0,0.0,2.1642416452585813,0,1.0,0.0036991368680643344,27.97465734481612,0,0.0,0.0,2.2894209504455763,0,0.0,0.0,2.1294385137914227,0,0.0,0.0,2.2894209504455763,0,0.0,0.0,0.48831505699249156,0,0.0,0.0,1.6414760172395988
2024-02-02,25.13,0.0290745290745289,False,1.0,0.0290745290745289,1.717914712678247,0,0.0,0.0,2.1642416452585813,0,1.0,0.0290745290745289,28.78800733313796,0,0.0,0.0,2.2894209504455763,0,0.0,0.0,2.1294385137914227,0,0.0,0.0,2.2894209504455763,0,0.0,0.0,0.48831505699249156,0,0.0,0.0,1.6414760172395988
2024-02-03,24.86,-0.010744130521289308,False,1.0,-0.010744130521289308,1.6994572127807888,0,0.0,-0.0,2.1642416452585813,0,0.0,-0.001,28.75921932580482,0,0.0,-0.0,2.2894209504455763,0,0.0,-0.0,2.1294385137914227,0,0.0,-0.0,2.2894209504455763,0,0.0,-0.0,0.48831505699249156,0,0.0,-0.0,1.6414760172395988
2024-02-04,24.99,0.005229283990345834,False,1.0,0.005229283990345834,1.708344157175861,0,0.0,0.0,2.1642416452585813,0,0.0,0.0,28.75921932580482,0,0.0,0.0,2.2894209504455763,0,0.0,0.0,2.1294385137914227,0,0.0,0.0,2.2894209504455763,0,0.0,0.0,0.48831505699249156,0,0.0,0.0,1.6414760172395988
2024-02-05,24.31,-0.027210884353741527,False,1.0,-0.027210884353741527,1.6618586018785586,0,0.0,-0.0,2.1642416452585813,0,0.0,-0.0,28.75921932580482,0,0.0,-0.0,2.2894209504455763,0,0.0,-0.0,2.1294385137914227,0,0.0,-0.0,2.2894209504455763,0,0.0,-0.0,0.48831505699249156,0,0.0,-0.0,1.6414760172395988
2024-02-06,24.73,0.01727684080625269,False,1.0,0.01727684080625269,1.6905702683857162,0,0.0,0.0,2.1642416452585813,0,0.0,0.0,28.75921932580482,0,0.0,0.0,2.2894209504455763,0,0.0,0.0,2.1294385137914227,0,0.0,0.0,2.2894209504455763,0,0.0,0.0,0.48831505699249156,0,0.0,0.0,1.6414760172395988
2024-02-07,25.17,0.017792155276991517,True,1.0,0.017792155276991517,1.7206491571075002,0,0.0,0.0,2.1642416452585813,0,0.0,0.0,28.75921932580482,0,0.0,0.0,2.2894209504455763,0,0.0,0.0,2.1294385137914227,0,0.0,0.0,2.2894209504455763,0,0.0,0.0,0.48831505699249156,0,0.0,0.0,1.6414760172395988
2024-02-08,25.62,0.01787842669845041,True,1.0,0.01787842669845041,1.7514116569365972,0,0.0,0.0,2.1642416452585813,0,0.0,0.0,28.75921932580482,0,0.0,0.0,2.2894209504455763,0,0.0,0.0,2.1294385137914227,0,0.0,0.0,2.2894209504455763,0,0.0,0.0,0.48831505699249156,0,0.0,0.0,1.6414760172395988
2024-02-09,26.15,0.02068696330991404,True,1.0,0.02068696330991404,1.7876430456242003,0,0.0,0.0,2.1642416452585813,0,0.0,0.0,28.75921932580482,0,0.0,0.0,2.2894209504455763,0,0.0,0.0,2.1294385137914227,0,0.0,0.0,2.2894209504455763,0,0.0,0.0,0.48831505699249156,0,0.0,0.0,1.6414760172395988
2024-02-10,25.89,-0.009942638623326894,True,1.0,-0.009942638623326894,1.7698691568340554,0,0.0,-0.0,2.1642416452585813,0,0.0,-0.0,28.75921932580482,0,0.0,-0.0,2.2894209504455763,0,0.0,-0.0,2.1294385137914227,0,0.0,-0.0,2.2894209504455763,0,0.0,-0.0,0.48831505699249156,0,0.0,-0.0,1.6414760172395988
2024-02-11,25.88,-0.00038624951718813083,True,1.0,-0.00038624951718813083,1.769185545726742,0,0.0,-0.0,2.1642416452585813,0,0.0,-0.0,28.75921932580482,0,0.0,-0.0,2.2894209504455763,0,0.0,-0.0,2.1294385137914227,0,0.0,-0.0,2.2894209504455763,0,0.0,-0.0,0.48831505699249156,0,0.0,-0.0,1.6414760172395988
2024-02-12,26.92,0.040185471406491535,True,1.0,0.040185471406491535,1.840281100887322,0,0.0,0.0,2.1642416452585813,0,0.0,0.0,28.75921932580482,0,0.0,0.0,2.2894209504455763,0,0.0,0.0,2.1294385137914227,0,0.0,0.0,2.2894209504455763,0,0.0,0.0,0.48831505699249156,0,0.0,0.0,1.6414760172395988
2024-02-13,26.21,-0.026374442793462127,True,1.0,-0.026374442793462127,1.7917447122680799,0,0.0,-0.0,2.1642416452585813,0,0.0,-0.0,28.75921932580482,0,0.0,-0.0,2.2894209504455763,0,0.0,-0.0,2.1294385137914227,0,0.0,-0.0,2.2894209504455763,0,0.0,-0.0,0.48831505699249156,0,0.0,-0.0,1.6414760172395988
2024-02-14,26.89,0.0259442960702021,True,1.0,0.0259442960702021,1.8382302675653819,0,0.0,0.0,2.1642416452585813,0,0.0,0.0,28.75921932580482,0,0.0,0.0,2.2894209504455763,0,0.0,0.0,2.1294385137914227,0,0.0,0.0,2.2894209504455763,0,0.0,0.0,0.48831505699249156,0,0.0,0.0,1.6414760172395988
2024-02-15,26.78,-0.00409074005206389,True,1.0,-0.00409074005206389,1.8307105453849362,0,0.0,-0.0,2.1642416452585813,0,0.0,-0.0,28.75921932580482,0,0.0,-0.0,2.2894209504455763,0,0.0,-0.0,2.1294385137914227,0,0.0,-0.0,2.2894209504455763,0,0.0,-0.0,0.48831505699249156,0,0.0,-0.0,1.6414760172395988
2024-02-16,26.77,-0.00037341299477222645,True,1.0,-0.00037341299477222645,1.830026934277623,0,0.0,-0.0,2.1642416452585813,0,0.0,-0.0,28.75921932580482,0,0.0,-0.0,2.2894209504455763,0,0.0,-0.0,2.1294385137914227,0,0.0,-0.0,2.2894209504455763,0,0.0,-0.0,0.48831505699249156,0,0.0,-0.0,1.6414760172395988
2024-02-17,26.04,-0.02726933134105347,True,1.0,-0.02726933134105347,1.7801233234437541,0,0.0,-0.0,2.1642416452585813,0,0.0,-0.0,28.75921932580482,0,0.0,-0.0,2.2894209504455763,0,0.0,-0.0,2.1294385137914227,0,0.0,-0.0,2.2894209504455763,0,0.0,-0.0,0.48831505699249156,0,0.0,-0.0,1.6414760172395988
2024-02-18,26.54,0.01920122887864828,True,1.0,0.01920122887864828,1.8143038788094177,0,0.0,0.0,2.1642416452585813,0,0.0,0.0,28.75921932580482,0,0.0,0.0,2.2894209504455763,0,0.0,0.0,2.1294385137914227,0,0.0,0.0,2.2894209504455763,0,0.0,0.0,0.48831505699249156,0,0.0,0.0,1.6414760172395988
2024-02-19,27.4,0.03240391861341374,True,1.0,0.03240391861341374,1.8730944340383588,0,0.0,0.0,2.1642416452585813,0,0.0,0.0,28.75921932580482,0,0.0,0.0,2.2894209504455763,0,0.0,0.0,2.1294385137914227,0,0.0,0.0,2.2894209504455763,0,0.0,0.0,0.48831505699249156,0,0.0,0.0,1.6414760172395988
2024-02-20,27.07,-0.012043795620437892,True,1.0,-0.012043795620437892,1.850535267497021,0,0.0,-0.0,2.1642416452585813,0,0.0,-0.0,28.75921932580482,0,0.0,-0.0,2.2894209504455763,0,0.0,-0.0,2.1294385137914227,0,0.0,-0.0,2.2894209504455763,0,0.0,-0.0,0.48831505699249156,0,0.0,-0.0,1.6414760172395988
2024-02-21,26.07,-0.03694126339120796,True,1.0,-0.03694126339120796,1.7821741567656941,0,0.0,-0.0,2.1642416452585813,0,0.0,-0.0,28.75921932580482,0,0.0,-0.0,2.2894209504455763,0,0.0,-0.0,2.1294385137914227,0,0.0,-0.0,2.2894209504455763,0,0.0,-0.0,0.48831505699249156,0,0.0,-0.0,1.6414760172395988
2024-02-22,25.81,-0.009973149213655552,True,1.0,-0.009973149213655552,1.764400267975549,0,0.0,-0.0,2.1642416452585813,0,0.0,-0.0,28.75921932580482,0,0.0,-0.0,2.2894209504455763,0,0.0,-0.0,2.1294385137914227,0,0.0,-0.0,2.2894209504455763,0,0.0,-0.0,0.48831505699249156,0,0.0,-0.0,1.6414760172395988
2024-02-23,25.42,-0.015110422316931271,True,1.0,-0.015110422316931271,1.7377394347903319,0,0.0,-0.0,2.1642416452585813,0,0.0,-0.0,28.75921932580482,0,0.0,-0.0,2.2894209504455763,0,0.0,-0.0,2.1294385137914227,0,0.0,-0.0,2.2894209504455763,0,0.0,-0.0,0.48831505699249156,0,0.0,-0.0,1.6414760172395988
2024-02-24,26.09,0.026357199055861535,True,1.0,0.026357199055861535,1.783541378980321,0,0.0,0.0,2.1642416452585813,0,0.0,0.0,28.75921932580482,0,0.0,0.0,2.2894209504455763,0,0.0,0.0,2.1294385137914227,0,0.0,0.0,2.2894209504455763,0,0.0,0.0,0.48831505699249156,0,0.0,0.0,1.6414760172395988
2024-02-25,27.19,0.0421617477960905,True,1.0,0.0421617477960905,1.8587386007847806,0,0.0,0.0,2.1642416452585813,0,0.0,0.0,28.75921932580482,0,0.0,0.0,2.2894209504455763,0,0.0,0.0,2.1294385137914227,0,0.0,0.0,2.2894209504455763,0,0.0,0.0,0.48831505699249156,0,0.0,0.0,1.6414760172395988
2024-02-26,27.77,0.02133137182787781,True,1.0,0.02133137182787781,1.89838804500895,0,0.0,0.0,2.1642416452585813,0,0.0,0.0,28.75921932580482,0,0.0,0.0,2.2894209504455763,0,0.0,0.0,2.1294385137914227,0,0.0,0.0,2.2894209504455763,0,0.0,0.0,0.48831505699249156,0,0.0,0.0,1.6414760172395988
2024-02-27,28.13,0.012963629816348465,True,1.0,0.012963629816348465,1.9229980448722275,0,0.0,0.0,2.1642416452585813,0,0.0,0.0,28.75921932580482,0,0.0,0.0,2.2894209504455763,0,0.0,0.0,2.1294385137914227,0,0.0,0.0,2.2894209504455763,0,0.0,0.0,0.48831505699249156,0,0.0,0.0,1.6414760172395988
2024-02-28,29.57,0.051190899395663125,True,1.0,0.051190899395663125,2.0214380443253384,0,0.0,0.0,2.1642416452585813,0,0.0,0.0,28.75921932580482,0,0.0,0.0,2.2894209504455763,0,0.0,0.0,2.1294385137914227,0,0.0,0.0,2.2894209504455763,0,0.0,0.0,0.48831505699249156,0,0.0,0.0,1.6414760172395988
2024-02-29,28.87,-0.023672641190395693,True,1.0,-0.023672641190395693,1.9735852668134095,0,0.0,-0.0,2.1642416452585813,0,0.0,-0.0,28.75921932580482,0,0.0,-0.0,2.2894209504455763,0,0.0,-0.0,2.1294385137914227,0,0.0,-0.0,2.2894209504455763,0,0.0,-0.0,0.48831505699249156,0,0.0,-0.0,1.6414760172395988
2024-03-01,30.33,0.050571527537235816,True,1.0,0.050571527537235816,2.0733924884811468,0,0.0,0.0,2.1642416452585813,0,0.0,0.0,28.75921932580482,0,0.0,0.0,2.2894209504455763,0,0.0,0.0,2.1294385137914227,0,0.0,0.0,2.2894209504455763,0,0.0,0.0,0.48831505699249156,0,0.0,0.0,1.6414760172395988
2024-03-02,34.31,0.13122321134190584,True,1.0,0.13122321134190584,2.3454697091918284,0,0.0,0.0,2.1642416452585813,1,0.0,0.0,28.75921932580482,0,0.0,0.0,2.2894209504455763,0,0.0,0.0,2.1294385137914227,0,0.0,0.0,2.2894209504455763,0,0.0,0.0,0.48831505699249156,0,0.0,0.0,1.6414760172395988
2024-03-03,33.6,-0.02069367531331978,True,1.0,-0.02069367531331978,2.296933320572586,0,0.0,-0.0,2.1642416452585813,0,1.0,-0.021693675313319782,28.13532615948626,0,0.0,-0.0,2.2894209504455763,0,0.0,-0.0,2.1294385137914227,0,0.0,-0.0,2.2894209504455763,0,0.0,-0.0,0.48831505699249156,0,0.0,-0.0,1.6414760172395988
2024-03-04,35.96,0.07023809523809521,True,1.0,0.07023809523809521,2.4582655418985175,0,0.0,0.0,2.1642416452585813,0,1.0,0.07023809523809521,30.11149787783113,0,0.0,0.0,2.2894209504455763,0,0.0,0.0,2.1294385137914227,0,0.0,0.0,2.2894209504455763,0,0.0,0.0,0.48831505699249156,0,0.0,0.0,1.6414760172395988
2024-03-05,34.18,-0.049499443826473866,True,1.0,-0.049499443826473866,2.3365827647967556,0,0.0,-0.0,2.1642416452585813,0,1.0,-0.049499443826473866,28.62099548009644,0,0.0,-0.0,2.2894209504455763,0,0.0,-0.0,2.1294385137914227,0,0.0,-0.0,2.2894209504455763,0,0.0,-0.0,0.48831505699249156,0,0.0,-0.0,1.6414760172395988
2024-03-06,37.3,0.09128145114101804,True,1.0,0.09128145114101804,2.5498694302784957,0,0.0,0.0,2.1642416452585813,0,1.0,0.09128145114101804,31.23356148062016,0,0.0,0.0,2.2894209504455763,0,0.0,0.0,2.1294385137914227,0,0.0,0.0,2.2894209504455763,0,0.0,0.0,0.48831505699249156,0,0.0,0.0,1.6414760172395988
2024-03-07,37.9,0.01608579088471851,True,1.0,0.01608579088471851,2.5908860967172918,0,0.0,0.0,2.1642416452585813,0,1.0,0.01608579088471851,31.735978019182415,0,0.0,0.0,2.2894209504455763,0,0.0,0.0,2.1294385137914227,0,0.0,0.0,2.2894209504455763,0,0.0,0.0,0.48831505699249156,0,0.0,0.0,1.6414760172395988
2024-03-08,38.06,0.004221635883905117,True,1.0,0.004221635883905117,2.6018238744343045,0,0.0,0.0,2.1642416452585813,0,1.0,0.004221635883905117,31.86995576279902,0,0.0,0.0,2.2894209504455763,0,0.0,0.0,2.1294385137914227,0,0.0,0.0,2.2894209504455763,0,0.0,0.0,0.48831505699249156,0,0.0,0.0,1.6414760172395988
2024-03-09,37.24,-0.02154492905937988,True,1.0,-0.02154492905937988,2.5457677636346165,0,0.0,-0.0,2.1642416452585813,0,1.0,-0.02154492905937988,31.183319826763938,0,0.0,-0.0,2.2894209504455763,0,0.0,-0.0,2.1294385137914227,0,0.0,-0.0,2.2894209504455763,0,0.0,-0.0,0.48831505699249156,0,0.0,-0.0,1.6414760172395988
2024-03-10,36.14,-0.029538131041890514,True,1.0,-0.029538131041890514,2.4705705418301567,0,0.0,-0.0,2.1642416452585813,0,1.0,-0.029538131041890514,30.2622228393998,0,0.0,-0.0,2.2894209504455763,0,0.0,-0.0,2.1294385137914227,0,0.0,-0.0,2.2894209504455763,0,0.0,-0.0,0.48831505699249156,0,0.0,-0.0,1.6414760172395988
2024-03-11,37.98,0.050913115661316954,True,1.0,0.050913115661316954,2.596354985575798,0,0.0,0.0,2.1642416452585813,0,1.0,0.050913115661316954,31.80296689099071,0,0.0,0.0,2.2894209504455763,0,0.0,0.0,2.1294385137914227,0,0.0,0.0,2.2894209504455763,0,0.0,0.0,0.48831505699249156,0,0.0,0.0,1.6414760172395988
2024-03-12,36.87,-0.02922590837282779,True,1.0,-0.02922590837282779,2.520474152664025,0,0.0,-0.0,2.1642416452585813,0,1.0,-0.02922590837282779,30.87349629465054,0,0.0,-0.0,2.2894209504455763,0,0.0,-0.0,2.1294385137914227,0,0.0,-0.0,2.2894209504455763,0,0.0,-0.0,0.48831505699249156,0,0.0,-0.0,1.6414760172395988
2024-03-13,36.52,-0.009492812584757093,True,1.0,-0.009492812584757093,2.496547763908061,0,0.0,-0.0,2.1642416452585813,0,1.0,-0.009492812584757093,30.58041998048923,0,0.0,-0.0,2.2894209504455763,0,0.0,-0.0,2.1294385137914227,0,0.0,-0.0,2.2894209504455763,0,0.0,-0.0,0.48831505699249156,0,0.0,-0.0,1.6414760172395988
2024-03-14,35.08,-0.03943044906900339,True,1.0,-0.03943044906900339,2.39810776445495,0,0.0,-0.0,2.1642416452585813,0,1.0,-0.03943044906900339,29.374620287939813,0,0.0,-0.0,2.2894209504455763,0,0.0,-0.0,2.1294385137914227,0,0.0,-0.0,2.2894209504455763,0,0.0,-0.0,0.48831505699249156,0,0.0,-0.0,1.6414760172395988
2024-03-15,33.3,-0.050741163055872285,True,1.0,-0.050741163055872285,2.276424987353188,0,0.0,-0.0,2.1642416452585813,0,1.0,-0.050741163055872285,27.884117890205125,0,0.0,-0.0,2.2894209504455763,0,0.0,-0.0,2.1294385137914227,0,0.0,-0.0,2.2894209504455763,0,0.0,-0.0,0.48831505699249156,0,0.0,-0.0,1.6414760172395988
2024-03-16,30.69,-0.07837837837837824,True,1.0,-0.07837837837837824,2.098002488344425,0,0.0,-0.0,2.1642416452585813,0,1.0,-0.07837837837837824,25.69860594745932,0,0.0,-0.0,2.2894209504455763,0,0.0,-0.0,2.1294385137914227,0,0.0,-0.0,2.2894209504455763,0,0.0,-0.0,0.48831505699249156,0,0.0,-0.0,1.6414760172395988
2024-03-17,31.95,0.04105571847507328,True,1.0,0.04105571847507328,2.184137487865897,0,0.0,0.0,2.1642416452585813,0,1.0,0.04105571847507328,26.753680678440055,0,0.0,0.0,2.2894209504455763,0,0.0,0.0,2.1294385137914227,0,0.0,0.0,2.2894209504455763,0,0.0,0.0,0.48831505699249156,0,0.0,0.0,1.6414760172395988
2024-03-18,31.43,-0.016275430359937393,True,1.0,-0.016275430359937393,2.1485897102856066,0,0.0,-0.0,2.1642416452585813,0,1.0,-0.016275430359937393,26.318253011686103,0,0.0,-0.0,2.2894209504455763,0,0.0,-0.0,2.1294385137914227,0,0.0,-0.0,2.2894209504455763,0,0.0,-0.0,0.48831505699249156,0,0.0,-0.0,1.6414760172395988
2024-03-19,27.72,-0.1180400890868597,False,1.0,-0.1180400890868597,1.8949699894723835,0,0.0,-0.0,2.1642416452585813,0,1.0,-0.1180400890868597,23.21164408157616,0,0.0,-0.0,2.2894209504455763,0,0.0,-0.0,2.1294385137914227,0,0.0,-0.0,2.2894209504455763,0,0.0,-0.0,0.48831505699249156,0,0.0,-0.0,1.6414760172395988
2024-03-20,30.59,0.10353535353535359,True,1.0,0.10353535353535359,2.091166377271292,0,0.0,0.0,2.1642416452585813,0,1.0,0.10353535353535359,25.614869857698945,0,0.0,0.0,2.2894209504455763,0,0.0,0.0,2.1294385137914227,0,0.0,0.0,2.2894209504455763,0,0.0,0.0,0.48831505699249156,0,0.0,0.0,1.6414760172395988
2024-03-21,30.3,-0.009480222294867557,False,1.0,-0.009480222294867557,2.071341655159207,0,0.0,-0.0,2.1642416452585813,0,1.0,-0.009480222294867557,25.372035197393856,0,0.0,-0.0,2.2894209504455763,0,0.0,-0.0,2.1294385137914227,0,0.0,-0.0,2.2894209504455763,0,0.0,-0.0,0.48831505699249156,0,0.0,-0.0,1.6414760172395988
2024-03-22,29.34,-0.03168316831683171,False,1.0,-0.03168316831683171,2.0057149888571333,0,0.0,-0.0,2.1642416452585813,0,1.0,-0.03168316831683171,24.568168735694247,0,0.0,-0.0,2.2894209504455763,0,0.0,-0.0,2.1294385137914227,0,0.0,-0.0,2.2894209504455763,0,0.0,-0.0,0.48831505699249156,0,0.0,-0.0,1.6414760172395988
2024-03-23,30.26,0.03135650988411731,False,1.0,0.03135650988411731,2.068607210729954,0,0.0,0.0,2.1642416452585813,0,0.0,-0.001,24.543600566958553,0,0.0,0.0,2.2894209504455763,0,0.0,0.0,2.1294385137914227,0,0.0,0.0,2.2894209504455763,0,0.0,0.0,0.48831505699249156,0,0.0,0.0,1.6414760172395988
2024-03-24,31.56,0.0429610046265696,False,1.0,0.0429610046265696,2.157476654680679,0,0.0,0.0,2.1642416452585813,0,0.0,0.0,24.543600566958553,0,0.0,0.0,2.2894209504455763,0,0.0,0.0,2.1294385137914227,0,0.0,0.0,2.2894209504455763,0,0.0,0.0,0.48831505699249156,0,0.0,0.0,1.6414760172395988
2024-03-25,32.45,0.028200253485424653,False,1.0,0.028200253485424653,2.21831804323156,0,0.0,0.0,2.1642416452585813,0,0.0,0.0,24.543600566958553,0,0.0,0.0,2.2894209504455763,0,0.0,0.0,2.1294385137914227,0,0.0,0.0,2.2894209504455763,0,0.0,0.0,0.48831505699249156,0,0.0,0.0,1.6414760172395988
2024-03-26,32.13,-0.00986132511556237,False,1.0,-0.00986132511556237,2.1964424877975355,0,0.0,-0.0,2.1642416452585813,0,0.0,-0.0,24.543600566958553,0,0.0,-0.0,2.2894209504455763,0,0.0,-0.0,2.1294385137914227,0,0.0,-0.0,2.2894209504455763,0,0.0,-0.0,0.48831505699249156,0,0.0,-0.0,1.6414760172395988
2024-03-27,31.77,-0.011204481792717158,False,1.0,-0.011204481792717158,2.1718324879342576,0,0.0,-0.0,2.1642416452585813,0,0.0,-0.0,24.543600566958553,0,0.0,-0.0,2.2894209504455763,0,0.0,-0.0,2.1294385137914227,0,0.0,-0.0,2.2894209504455763,0,0.0,-0.0,0.48831505699249156,0,0.0,-0.0,1.6414760172395988
2024-03-28,32.52,0.02360717658168099,False,1.0,0.02360717658168099,2.2231033209827533,0,0.0,0.0,2.1642416452585813,0,0.0,0.0,24.543600566958553,0,0.0,0.0,2.2894209504455763,0,0.0,0.0,2.1294385137914227,0,0.0,0.0,2.2894209504455763,0,0.0,0.0,0.48831505699249156,0,0.0,0.0,1.6414760172395988
2024-03-29,34.16,0.05043050430504281,False,1.0,0.05043050430504281,2.335215542582129,0,0.0,0.0,2.1642416452585813,0,0.0,0.0,24.543600566958553,0,0.0,0.0,2.2894209504455763,0,0.0,0.0,2.1294385137914227,0,0.0,0.0,2.2894209504455763,0,0.0,0.0,0.48831505699249156,0,0.0,0.0,1.6414760172395988
2024-03-30,32.89,-0.037177985948477654,False,1.0,-0.037177985948477654,2.248396931953344,0,0.0,-0.0,2.1642416452585813,0,0.0,-0.0,24.543600566958553,0,0.0,-0.0,2.2894209504455763,0,0.0,-0.0,2.1294385137914227,0,0.0,-0.0,2.2894209504455763,0,0.0,-0.0,0.48831505699249156,0,0.0,-0.0,1.6414760172395988
2024-03-31,34.28,0.04226208574034662,False,1.0,0.04226208574034662,2.3434188758698884,0,0.0,0.0,2.1642416452585813,0,0.0,0.0,24.543600566958553,0,0.0,0.0,2.2894209504455763,0,0.0,0.0,2.1294385137914227,0,0.0,0.0,2.2894209504455763,0,0.0,0.0,0.48831505699249156,0,0.0,0.0,1.6414760172395988
2024-04-01,32.68,-0.046674445740956916,False,1.0,-0.046674445740956916,2.234041098699765,0,0.0,-0.0,2.1642416452585813,0,0.0,-0.0,24.543600566958553,0,0.0,-0.0,2.2894209504455763,0,0.0,-0.0,2.1294385137914227,0,0.0,-0.0,2.2894209504455763,0,0.0,-0.0,0.48831505699249156,0,0.0,-0.0,1.6414760172395988
2024-04-02,29.98,-0.08261933904528762,False,1.0,-0.08261933904528762,2.0494660997251826,0,0.0,-0.0,2.1642416452585813,0,0.0,-0.0,24.543600566958553,0,0.0,-0.0,2.2894209504455763,0,0.0,-0.0,2.1294385137914227,0,0.0,-0.0,2.2894209504455763,0,0.0,-0.0,0.48831505699249156,0,0.0,-0.0,1.6414760172395988
2024-04-03,30.64,0.02201467645096722,False,1.0,0.02201467645096722,2.094584432807858,0,0.0,0.0,2.1642416452585813,0,0.0,0.0,24.543600566958553,0,0.0,0.0,2.2894209504455763,0,0.0,0.0,2.1294385137914227,0,0.0,0.0,2.2894209504455763,0,0.0,0.0,0.48831505699249156,0,0.0,0.0,1.6414760172395988
2024-04-04,32.84,0.07180156657963455,False,1.0,0.07180156657963455,2.2449788764167775,0,0.0,0.0,2.1642416452585813,0,0.0,0.0,24.543600566958553,0,0.0,0.0,2.2894209504455763,0,0.0,0.0,2.1294385137914227,0,0.0,0.0,2.2894209504455763,0,0.0,0.0,0.48831505699249156,0,0.0,0.0,1.6414760172395988
2024-04-05,33.1,0.007917174177831887,True,1.0,0.007917174177831887,2.2627527652069226,0,0.0,0.0,2.1642416452585813,0,0.0,0.0,24.543600566958553,0,0.0,0.0,2.2894209504455763,0,0.0,0.0,2.1294385137914227,0,0.0,0.0,2.2894209504455763,0,0.0,0.0,0.48831505699249156,0,0.0,0.0,1.6414760172395988
2024-04-06,33.47,0.01117824773413889,True,1.0,0.01117824773413889,2.288046376177513,0,0.0,0.0,2.1642416452585813,0,0.0,0.0,24.543600566958553,0,0.0,0.0,2.2894209504455763,0,0.0,0.0,2.1294385137914227,0,0.0,0.0,2.2894209504455763,0,0.0,0.0,0.48831505699249156,0,0.0,0.0,1.6414760172395988
2024-04-07,33.88,0.012249775918733219,True,1.0,0.012249775918733219,2.3160744315773574,0,0.0,0.0,2.1642416452585813,0,0.0,0.0,24.543600566958553,0,0.0,0.0,2.2894209504455763,0,0.0,0.0,2.1294385137914227,0,0.0,0.0,2.2894209504455763,0,0.0,0.0,0.48831505699249156,0,0.0,0.0,1.6414760172395988
2024-04-08,35.65,0.05224321133412024,True,1.0,0.05224321133412024,2.4370735975718056,0,0.0,0.0,2.1642416452585813,0,0.0,0.0,24.543600566958553,0,0.0,0.0,2.2894209504455763,0,0.0,0.0,2.1294385137914227,0,0.0,0.0,2.2894209504455763,0,0.0,0.0,0.48831505699249156,0,0.0,0.0,1.6414760172395988
2024-04-09,32.77,-0.08078541374474046,True,1.0,-0.08078541374474046,2.2401935986655843,0,0.0,-0.0,2.1642416452585813,0,0.0,-0.0,24.543600566958553,0,0.0,-0.0,2.2894209504455763,0,0.0,-0.0,2.1294385137914227,0,0.0,-0.0,2.2894209504455763,0,0.0,-0.0,0.48831505699249156,0,0.0,-0.0,1.6414760172395988
2024-04-10,33.51,0.0225816295392125,True,1.0,0.0225816295392125,2.290780820606766,0,0.0,0.0,2.1642416452585813,0,0.0,0.0,24.543600566958553,0,0.0,0.0,2.2894209504455763,0,0.0,0.0,2.1294385137914227,0,0.0,0.0,2.2894209504455763,0,0.0,0.0,0.48831505699249156,0,0.0,0.0,1.6414760172395988
2024-04-11,33.74,0.006863622799164526,True,1.0,0.006863622799164526,2.3065038760749714,0,0.0,0.0,2.1642416452585813,0,0.0,0.0,24.543600566958553,0,0.0,0.0,2.2894209504455763,0,0.0,0.0,2.1294385137914227,0,0.0,0.0,2.2894209504455763,0,0.0,0.0,0.48831505699249156,0,0.0,0.0,1.6414760172395988
2024-04-12,29.47,-0.12655601659751048,False,1.0,-0.12655601659751048,2.014601933252205,0,0.0,-0.0,2.1642416452585813,0,0.0,-0.0,24.543600566958553,0,0.0,-0.0,2.2894209504455763,0,0.0,-0.0,2.1294385137914227,0,0.0,-0.0,2.2894209504455763,0,0.0,-0.0,0.48831505699249156,0,0.0,-0.0,1.6414760172395988
2024-04-13,25.48,-0.13539192399049882,False,1.0,-0.13539192399049882,1.7418411014342106,0,0.0,-0.0,2.1642416452585813,0,0.0,-0.0,24.543600566958553,0,0.0,-0.0,2.2894209504455763,0,0.0,-0.0,2.1294385137914227,0,0.0,-0.0,2.2894209504455763,0,0.0,-0.0,0.48831505699249156,0,0.0,-0.0,1.6414760172395988
2024-04-14,27.0,0.05965463108320246,False,1.0,0.05965463108320246,1.8457499897458274,0,0.0,0.0,2.1642416452585813,0,0.0,0.0,24.543600566958553,0,0.0,0.0,2.2894209504455763,0,0.0,0.0,2.1294385137914227,0,0.0,0.0,2.2894209504455763,0,0.0,0.0,0.48831505699249156,0,0.0,0.0,1.6414760172395988
2024-04-15,26.44,-0.020740740740740726,False,1.0,-0.020740740740740726,1.8074677677362843,0,0.0,-0.0,2.1642416452585813,0,0.0,-0.0,24.543600566958553,0,0.0,-0.0,2.2894209504455763,0,0.0,-0.0,2.1294385137914227,0,0.0,-0.0,2.2894209504455763,0,0.0,-0.0,0.48831505699249156,0,0.0,-0.0,1.6414760172395988
2024-04-16,26.18,-0.009833585476550777,False,1.0,-0.009833585476550777,1.7896938789461392,0,0.0,-0.0,2.1642416452585813,0,0.0,-0.0,24.543600566958553,0,0.0,-0.0,2.2894209504455763,0,0.0,-0.0,2.1294385137914227,0,0.0,-0.0,2.2894209504455763,0,0.0,-0.0,0.48831505699249156,0,0.0,-0.0,1.6414760172395988
2024-04-17,25.4,-0.029793735676088673,False,1.0,-0.029793735676088673,1.7363722125757042,0,0.0,-0.0,2.1642416452585813,0,0.0,-0.0,24.543600566958553,0,0.0,-0.0,2.2894209504455763,0,0.0,-0.0,2.1294385137914227,0,0.0,-0.0,2.2894209504455763,0,0.0,-0.0,0.48831505699249156,0,0.0,-0.0,1.6414760172395988
2024-04-18,26.13,0.028740157480315,False,1.0,0.028740157480315,1.7862758234095728,0,0.0,0.0,2.1642416452585813,0,0.0,0.0,24.543600566958553,0,0.0,0.0,2.2894209504455763,0,0.0,0.0,2.1294385137914227,0,0.0,0.0,2.2894209504455763,0,0.0,0.0,0.48831505699249156,0,0.0,0.0,1.6414760172395988
2024-04-19,26.05,-0.003061615001913487,False,1.0,-0.003061615001913487,1.7808069345510666,0,0.0,-0.0,2.1642416452585813,0,0.0,-0.0,24.543600566958553,0,0.0,-0.0,2.2894209504455763,0,0.0,-0.0,2.1294385137914227,0,0.0,-0.0,2.2894209504455763,0,0.0,-0.0,0.48831505699249156,0,0.0,-0.0,1.6414760172395988
2024-04-20,27.89,0.07063339731285989,False,1.0,0.07063339731285989,1.906591378296708,0,0.0,0.0,2.1642416452585813,0,0.0,0.0,24.543600566958553,0,0.0,0.0,2.2894209504455763,0,0.0,0.0,2.1294385137914227,0,0.0,0.0,2.2894209504455763,0,0.0,0.0,0.48831505699249156,0,0.0,0.0,1.6414760172395988
2024-04-21,27.46,-0.015417712441735398,False,1.0,-0.015417712441735398,1.8771961006822375,0,0.0,-0.0,2.1642416452585813,0,0.0,-0.0,24.543600566958553,0,0.0,-0.0,2.2894209504455763,0,0.0,-0.0,2.1294385137914227,0,0.0,-0.0,2.2894209504455763,0,0.0,-0.0,0.48831505699249156,0,0.0,-0.0,1.6414760172395988
2024-04-22,28.33,0.03168244719592117,False,1.0,0.03168244719592117,1.9366702670184917,0,0.0,0.0,2.1642416452585813,0,0.0,0.0,24.543600566958553,0,0.0,0.0,2.2894209504455763,0,0.0,0.0,2.1294385137914227,0,0.0,0.0,2.2894209504455763,0,0.0,0.0,0.48831505699249156,0,0.0,0.0,1.6414760172395988
2024-04-23,28.12,-0.007412636780797621,False,1.0,-0.007412636780797621,1.9223144337649132,0,0.0,-0.0,2.1642416452585813,0,0.0,-0.0,24.543600566958553,0,0.0,-0.0,2.2894209504455763,0,0.0,-0.0,2.1294385137914227,0,0.0,-0.0,2.2894209504455763,0,0.0,-0.0,0.48831505699249156,0,0.0,-0.0,1.6414760172395988
2024-04-24,26.37,-0.06223328591749644,False,1.0,-0.06223328591749644,1.802682489985091,0,0.0,-0.0,2.1642416452585813,0,0.0,-0.0,24.543600566958553,0,0.0,-0.0,2.2894209504455763,0,0.0,-0.0,2.1294385137914227,0,0.0,-0.0,2.2894209504455763,0,0.0,-0.0,0.48831505699249156,0,0.0,-0.0,1.6414760172395988
2024-04-25,26.45,0.0030337504740234333,False,1.0,0.0030337504740234333,1.808151378843597,0,0.0,0.0,2.1642416452585813,0,0.0,0.0,24.543600566958553,0,0.0,0.0,2.2894209504455763,0,0.0,0.0,2.1294385137914227,0,0.0,0.0,2.2894209504455763,0,0.0,0.0,0.48831505699249156,0,0.0,0.0,1.6414760172395988
2024-04-26,27.11,0.024952741020793923,False,1.0,0.024952741020793923,1.8532697119262727,0,0.0,0.0,2.1642416452585813,0,0.0,0.0,24.543600566958553,0,0.0,0.0,2.2894209504455763,0,0.0,0.0,2.1294385137914227,0,0.0,0.0,2.2894209504455763,0,0.0,0.0,0.48831505699249156,0,0.0,0.0,1.6414760172395988
2024-04-27,27.85,0.027296200663961656,False,1.0,0.027296200663961656,1.9038569338674547,0,0.0,0.0,2.1642416452585813,0,0.0,0.0,24.543600566958553,0,0.0,0.0,2.2894209504455763,0,0.0,0.0,2.1294385137914227,0,0.0,0.0,2.2894209504455763,0,0.0,0.0,0.48831505699249156,0,0.0,0.0,1.6414760172395988
2024-04-28,27.99,0.0050269299820466795,False,1.0,0.0050269299820466795,1.9134274893698404,0,0.0,0.0,2.1642416452585813,0,0.0,0.0,24.543600566958553,0,0.0,0.0,2.2894209504455763,0,0.0,0.0,2.1294385137914227,0,0.0,0.0,2.2894209504455763,0,0.0,0.0,0.48831505699249156,0,0.0,0.0,1.6414760172395988
2024-04-29,27.59,-0.014290818149338969,False,1.0,-0.014290818149338969,1.8860830450773098,0,0.0,-0.0,2.1642416452585813,0,0.0,-0.0,24.543600566958553,0,0.0,-0.0,2.2894209504455763,0,0.0,-0.0,2.1294385137914227,0,0.0,-0.0,2.2894209504455763,0,0.0,-0.0,0.48831505699249156,0,0.0,-0.0,1.6414760172395988
2024-04-30,25.43,-0.07828923523015585,False,1.0,-0.07828923523015585,1.7384230458976437,0,0.0,-0.0,2.1642416452585813,0,0.0,-0.0,24.543600566958553,0,0.0,-0.0,2.2894209504455763,0,0.0,-0.0,2.1294385137914227,0,0.0,-0.0,2.2894209504455763,0,0.0,-0.0,0.48831505699249156,0,0.0,-0.0,1.6414760172395988
2024-05-01,25.55,0.004718836020448425,False,1.0,0.004718836020448425,1.7466263791854033,0,0.0,0.0,2.1642416452585813,0,0.0,0.0,24.543600566958553,0,0.0,0.0,2.2894209504455763,0,0.0,0.0,2.1294385137914227,0,0.0,0.0,2.2894209504455763,0,0.0,0.0,0.48831505699249156,0,0.0,0.0,1.6414760172395988
2024-05-02,25.66,0.004305283757338518,False,1.0,0.004305283757338518,1.7541461013658493,0,0.0,0.0,2.1642416452585813,0,0.0,0.0,24.543600566958553,0,0.0,0.0,2.2894209504455763,0,0.0,0.0,2.1294385137914227,0,0.0,0.0,2.2894209504455763,0,0.0,0.0,0.48831505699249156,0,0.0,0.0,1.6414760172395988
2024-05-03,26.89,0.047934528448947855,True,1.0,0.047934528448947855,1.8382302675653814,0,0.0,0.0,2.1642416452585813,0,0.0,0.0,24.543600566958553,0,0.0,0.0,2.2894209504455763,0,0.0,0.0,2.1294385137914227,0,0.0,0.0,2.2894209504455763,0,0.0,0.0,0.48831505699249156,0,0.0,0.0,1.6414760172395988
2024-05-04,26.95,0.002231312755671233,False,1.0,0.002231312755671233,1.842331934209261,0,0.0,0.0,2.1642416452585813,0,0.0,0.0,24.543600566958553,0,0.0,0.0,2.2894209504455763,0,0.0,0.0,2.1294385137914227,0,0.0,0.0,2.2894209504455763,0,0.0,0.0,0.48831505699249156,0,0.0,0.0,1.6414760172395988
2024-05-05,27.67,0.026716141001855487,True,1.0,0.026716141001855487,1.8915519339358167,0,0.0,0.0,2.1642416452585813,0,0.0,0.0,24.543600566958553,0,0.0,0.0,2.2894209504455763,0,0.0,0.0,2.1294385137914227,0,0.0,0.0,2.2894209504455763,0,0.0,0.0,0.48831505699249156,0,0.0,0.0,1.6414760172395988
2024-05-06,26.98,-0.024936754607878586,True,1.0,-0.024936754607878586,1.844382767531201,0,0.0,-0.0,2.1642416452585813,0,0.0,-0.0,24.543600566958553,0,0.0,-0.0,2.2894209504455763,0,0.0,-0.0,2.1294385137914227,0,0.0,-0.0,2.2894209504455763,0,0.0,-0.0,0.48831505699249156,0,0.0,-0.0,1.6414760172395988
2024-05-07,27.07,0.0033358042994811044,True,1.0,0.0033358042994811044,1.8505352674970204,0,0.0,0.0,2.1642416452585813,0,0.0,0.0,24.543600566958553,0,0.0,0.0,2.2894209504455763,0,0.0,0.0,2.1294385137914227,0,0.0,0.0,2.2894209504455763,0,0.0,0.0,0.48831505699249156,0,0.0,0.0,1.6414760172395988
2024-05-08,27.18,0.004063538973032799,True,1.0,0.004063538973032799,1.858054989677466,0,0.0,0.0,2.1642416452585813,0,0.0,0.0,24.543600566958553,0,0.0,0.0,2.2894209504455763,0,0.0,0.0,2.1294385137914227,0,0.0,0.0,2.2894209504455763,0,0.0,0.0,0.48831505699249156,0,0.0,0.0,1.6414760172395988
2024-05-09,27.66,0.017660044150110465,True,1.0,0.017660044150110465,1.8908683228285033,0,0.0,0.0,2.1642416452585813,0,0.0,0.0,24.543600566958553,0,0.0,0.0,2.2894209504455763,0,0.0,0.0,2.1294385137914227,0,0.0,0.0,2.2894209504455763,0,0.0,0.0,0.48831505699249156,0,0.0,0.0,1.6414760172395988
2024-05-10,26.38,-0.0462762111352133,False,1.0,-0.0462762111352133,1.8033661010924047,0,0.0,-0.0,2.1642416452585813,0,0.0,-0.0,24.543600566958553,0,0.0,-0.0,2.2894209504455763,0,0.0,-0.0,2.1294385137914227,0,0.0,-0.0,2.2894209504455763,0,0.0,-0.0,0.48831505699249156,0,0.0,-0.0,1.6414760172395988
2024-05-11,26.47,0.0034116755117512554,False,1.0,0.0034116755117512554,1.809518601058224,0,0.0,0.0,2.1642416452585813,0,0.0,0.0,24.543600566958553,0,0.0,0.0,2.2894209504455763,0,0.0,0.0,2.1294385137914227,0,0.0,0.0,2.2894209504455763,0,0.0,0.0,0.48831505699249156,0,0.0,0.0,1.6414760172395988
2024-05-12,26.69,0.008311295806573638,False,1.0,0.008311295806573638,1.8245580454191161,0,0.0,0.0,2.1642416452585813,0,0.0,0.0,24.543600566958553,0,0.0,0.0,2.2894209504455763,0,0.0,0.0,2.1294385137914227,0,0.0,0.0,2.2894209504455763,0,0.0,0.0,0.48831505699249156,0,0.0,0.0,1.6414760172395988
2024-05-13,26.3,-0.014612214312476612,False,1.0,-0.014612214312476612,1.7978972122338985,0,0.0,-0.0,2.1642416452585813,0,0.0,-0.0,24.543600566958553,0,0.0,-0.0,2.2894209504455763,0,0.0,-0.0,2.1294385137914227,0,0.0,-0.0,2.2894209504455763,0,0.0,-0.0,0.48831505699249156,0,0.0,-0.0,1.6414760172395988
2024-05-14,25.36,-0.03574144486692021,False,1.0,-0.03574144486692021,1.7336377681464512,0,0.0,-0.0,2.1642416452585813,0,0.0,-0.0,24.543600566958553,0,0.0,-0.0,2.2894209504455763,0,0.0,-0.0,2.1294385137914227,0,0.0,-0.0,2.2894209504455763,0,0.0,-0.0,0.48831505699249156,0,0.0,-0.0,1.6414760172395988
2024-05-15,27.09,0.06821766561514186,True,1.0,0.06821766561514186,1.8519024897116467,0,0.0,0.0,2.1642416452585813,0,0.0,0.0,24.543600566958553,0,0.0,0.0,2.2894209504455763,0,0.0,0.0,2.1294385137914227,0,0.0,0.0,2.2894209504455763,0,0.0,0.0,0.48831505699249156,0,0.0,0.0,1.6414760172395988
2024-05-16,27.24,0.0055370985603542255,True,1.0,0.0055370985603542255,1.8621566563213454,0,0.0,0.0,2.1642416452585813,0,0.0,0.0,24.543600566958553,0,0.0,0.0,2.2894209504455763,0,0.0,0.0,2.1294385137914227,0,0.0,0.0,2.2894209504455763,0,0.0,0.0,0.48831505699249156,0,0.0,0.0,1.6414760172395988
2024-05-17,28.31,0.03928046989721001,True,1.0,0.03928046989721001,1.9353030448038653,0,0.0,0.0,2.1642416452585813,0,0.0,0.0,24.543600566958553,0,0.0,0.0,2.2894209504455763,0,0.0,0.0,2.1294385137914227,0,0.0,0.0,2.2894209504455763,0,0.0,0.0,0.48831505699249156,0,0.0,0.0,1.6414760172395988
2024-05-18,28.62,0.010950194277640435,True,1.0,0.010950194277640435,1.9564949891305767,0,0.0,0.0,2.1642416452585813,0,0.0,0.0,24.543600566958553,0,0.0,0.0,2.2894209504455763,0,0.0,0.0,2.1294385137914227,0,0.0,0.0,2.2894209504455763,0,0.0,0.0,0.48831505699249156,0,0.0,0.0,1.6414760172395988
2024-05-19,27.58,-0.036338225017470416,False,1.0,-0.036338225017470416,1.8853994339699964,0,0.0,-0.0,2.1642416452585813,0,0.0,-0.0,24.543600566958553,0,0.0,-0.0,2.2894209504455763,0,0.0,-0.0,2.1294385137914227,0,0.0,-0.0,2.2894209504455763,0,0.0,-0.0,0.48831505699249156,0,0.0,-0.0,1.6414760172395988
2024-05-20,32.36,0.17331399564902106,True,1.0,0.17331399564902106,2.212165543265739,0,0.0,0.0,2.1642416452585813,1,0.0,0.0,24.543600566958553,0,0.0,0.0,2.2894209504455763,0,0.0,0.0,2.1294385137914227,0,0.0,0.0,2.2894209504455763,0,0.0,0.0,0.48831505699249156,0,0.0,0.0,1.6414760172395988
2024-05-21,31.72,-0.01977750309023485,True,1.0,-0.01977750309023485,2.16841443239769,0,0.0,-0.0,2.1642416452585813,0,1.0,-0.02077750309023485,24.033645830333082,0,0.0,-0.0,2.2894209504455763,0,0.0,-0.0,2.1294385137914227,0,0.0,-0.0,2.2894209504455763,0,0.0,-0.0,0.48831505699249156,0,0.0,-0.0,1.6414760172395988
2024-05-22,30.38,-0.04224464060529631,True,1.0,-0.04224464060529631,2.076810544017712,0,0.0,-0.0,2.1642416452585813,0,1.0,-0.04224464060529631,23.018353099795682,0,0.0,-0.0,2.2894209504455763,0,0.0,-0.0,2.1294385137914227,0,0.0,-0.0,2.2894209504455763,0,0.0,-0.0,0.48831505699249156,0,0.0,-0.0,1.6414760172395988
2024-05-23,32.42,0.06714944042132998,True,1.0,0.06714944042132998,2.2162672099096192,0,0.0,0.0,2.1642416452585813,0,1.0,0.06714944042132998,24.564022629867548,0,0.0,0.0,2.2894209504455763,0,0.0,0.0,2.1294385137914227,0,0.0,0.0,2.2894209504455763,0,0.0,0.0,0.48831505699249156,0,0.0,0.0,1.6414760172395988
2024-05-24,31.59,-0.02560148056755096,True,1.0,-0.02560148056755096,2.1595274880026176,0,0.0,-0.0,2.1642416452585813,0,1.0,-0.02560148056755096,23.935147281848113,0,0.0,-0.0,2.2894209504455763,0,0.0,-0.0,2.1294385137914227,0,0.0,-0.0,2.2894209504455763,0,0.0,-0.0,0.48831505699249156,0,0.0,-0.0,1.6414760172395988
2024-05-25,31.67,0.002532446976891478,True,1.0,0.002532446976891478,2.164996376861124,0,0.0,0.0,2.1642416452585813,0,1.0,0.002532446976891478,23.99576177322348,0,0.0,0.0,2.2894209504455763,0,0.0,0.0,2.1294385137914227,0,0.0,0.0,2.2894209504455763,0,0.0,0.0,0.48831505699249156,0,0.0,0.0,1.6414760172395988
2024-05-26,31.71,0.00126302494474273,True,1.0,0.00126302494474273,2.167730821290377,0,0.0,0.0,2.1642416452585813,0,1.0,0.00126302494474273,24.026069018911166,0,0.0,0.0,2.2894209504455763,0,0.0,0.0,2.1294385137914227,0,0.0,0.0,2.2894209504455763,0,0.0,0.0,0.48831505699249156,0,0.0,0.0,1.6414760172395988
2024-05-27,31.91,0.0063071586250393885,True,1.0,0.0063071586250393885,2.1814030434366427,0,0.0,0.0,2.1642416452585813,0,1.0,0.0063071586250393885,24.177605247349582,0,0.0,0.0,2.2894209504455763,0,0.0,0.0,2.1294385137914227,0,0.0,0.0,2.2894209504455763,0,0.0,0.0,0.48831505699249156,0,0.0,0.0,1.6414760172395988
2024-05-28,31.42,-0.015355687872140367,True,1.0,-0.015355687872140367,2.1479060991782926,0,0.0,-0.0,2.1642416452585813,0,1.0,-0.015355687872140367,23.80634148767546,0,0.0,-0.0,2.2894209504455763,0,0.0,-0.0,2.1294385137914227,0,0.0,-0.0,2.2894209504455763,0,0.0,-0.0,0.48831505699249156,0,0.0,-0.0,1.6414760172395988
2024-05-29,30.43,-0.031508593252705386,True,1.0,-0.031508593252705386,2.0802285995542786,0,0.0,-0.0,2.1642416452585813,0,1.0,-0.031508593252705386,23.05623715690529,0,0.0,-0.0,2.2894209504455763,0,0.0,-0.0,2.1294385137914227,0,0.0,-0.0,2.2894209504455763,0,0.0,-0.0,0.48831505699249156,0,0.0,-0.0,1.6414760172395988
2024-05-30,29.8,-0.02070325336838641,True,1.0,-0.02070325336838641,2.037161099793543,0,0.0,-0.0,2.1642416452585813,0,1.0,-0.02070325336838641,22.578898037324276,0,0.0,-0.0,2.2894209504455763,0,0.0,-0.0,2.1294385137914227,0,0.0,-0.0,2.2894209504455763,0,0.0,-0.0,0.48831505699249156,0,0.0,-0.0,1.6414760172395988
2024-05-31,29.59,-0.007046979865771852,True,1.0,-0.007046979865771852,2.0228052665399643,0,0.0,-0.0,2.1642416452585813,0,1.0,-0.007046979865771852,22.419784997463935,0,0.0,-0.0,2.2894209504455763,0,0.0,-0.0,2.1294385137914227,0,0.0,-0.0,2.2894209504455763,0,0.0,-0.0,0.48831505699249156,0,0.0,-0.0,1.6414760172395988
2024-06-01,29.56,-0.0010138560324434165,True,1.0,-0.0010138560324434165,2.0207544332180243,0,0.0,-0.0,2.1642416452585813,0,1.0,-0.0010138560324434165,22.39705456319817,0,0.0,-0.0,2.2894209504455763,0,0.0,-0.0,2.1294385137914227,0,0.0,-0.0,2.2894209504455763,0,0.0,-0.0,0.48831505699249156,0,0.0,-0.0,1.6414760172395988
2024-06-02,28.93,-0.021312584573748294,True,1.0,-0.021312584573748294,1.9776869334572884,0,0.0,-0.0,2.1642416452585813,0,1.0,-0.021312584573748294,21.919715443617154,0,0.0,-0.0,2.2894209504455763,0,0.0,-0.0,2.1294385137914227,0,0.0,-0.0,2.2894209504455763,0,0.0,-0.0,0.48831505699249156,0,0.0,-0.0,1.6414760172395988
2024-06-03,28.63,-0.010369858278603594,True,1.0,-0.010369858278603594,1.9571786002378901,0,0.0,-0.0,2.1642416452585813,0,1.0,-0.010369858278603594,21.692411100959525,0,0.0,-0.0,2.2894209504455763,0,0.0,-0.0,2.1294385137914227,0,0.0,-0.0,2.2894209504455763,0,0.0,-0.0,0.48831505699249156,0,0.0,-0.0,1.6414760172395988
2024-06-04,29.73,0.03842123646524631,True,1.0,0.03842123646524631,2.03237582204235,0,0.0,0.0,2.1642416452585813,0,1.0,0.03842123646524631,22.525860357370824,0,0.0,0.0,2.2894209504455763,0,0.0,0.0,2.1294385137914227,0,0.0,0.0,2.2894209504455763,0,0.0,0.0,0.48831505699249156,0,0.0,0.0,1.6414760172395988
2024-06-05,29.8,0.0023545240497813147,True,1.0,0.0023545240497813147,2.0371610997935425,0,0.0,0.0,2.1642416452585813,0,1.0,0.0023545240497813147,22.57889803732427,0,0.0,0.0,2.2894209504455763,0,0.0,0.0,2.1294385137914227,0,0.0,0.0,2.2894209504455763,0,0.0,0.0,0.48831505699249156,0,0.0,0.0,1.6414760172395988
2024-06-06,29.05,-0.025167785234899376,True,1.0,-0.025167785234899376,1.9858902667450473,0,0.0,-0.0,2.1642416452585813,0,1.0,-0.025167785234899376,22.0106371806802,0,0.0,-0.0,2.2894209504455763,0,0.0,-0.0,2.1294385137914227,0,0.0,-0.0,2.2894209504455763,0,0.0,-0.0,0.48831505699249156,0,0.0,-0.0,1.6414760172395988
2024-06-07,27.05,-0.0688468158347676,False,1.0,-0.0688468158347676,1.8491680452823935,0,0.0,-0.0,2.1642416452585813,0,1.0,-0.0688468158347676,20.49527489629602,0,0.0,-0.0,2.2894209504455763,0,0.0,-0.0,2.1294385137914227,0,0.0,-0.0,2.2894209504455763,0,0.0,-0.0,0.48831505699249156,0,0.0,-0.0,1.6414760172395988
2024-06-08,26.84,-0.007763401109057377,False,1.0,-0.007763401109057377,1.8348122120288148,0,0.0,-0.0,2.1642416452585813,0,1.0,-0.007763401109057377,20.33616185643568,0,0.0,-0.0,2.2894209504455763,0,0.0,-0.0,2.1294385137914227,0,0.0,-0.0,2.2894209504455763,0,0.0,-0.0,0.48831505699249156,0,0.0,-0.0,1.6414760172395988
2024-06-09,26.97,0.004843517138598985,False,1.0,0.004843517138598985,1.8436991564238872,0,0.0,0.0,2.1642416452585813,0,1.0,0.004843517138598985,20.43466040492065,0,0.0,0.0,2.2894209504455763,0,0.0,0.0,2.1294385137914227,0,0.0,0.0,2.2894209504455763,0,0.0,0.0,0.48831505699249156,0,0.0,0.0,1.6414760172395988
2024-06-10,26.62,-0.01297738227660361,False,1.0,-0.01297738227660361,1.8197727676679227,0,0.0,-0.0,2.1642416452585813,0,0.0,-0.001,20.41422574451573,0,0.0,-0.0,2.2894209504455763,0,0.0,-0.0,2.1294385137914227,0,0.0,-0.0,2.2894209504455763,0,0.0,-0.0,0.48831505699249156,0,0.0,-0.0,1.6414760172395988
2024-06-11,25.67,-0.035687453042824946,False,1.0,-0.035687453042824946,1.7548297124731622,0,0.0,-0.0,2.1642416452585813,0,0.0,-0.0,20.41422574451573,0,0.0,-0.0,2.2894209504455763,0,0.0,-0.0,2.1294385137914227,0,0.0,-0.0,2.2894209504455763,0,0.0,-0.0,0.48831505699249156,0,0.0,-0.0,1.6414760172395988
2024-06-12,26.11,0.017140631086871805,False,1.0,0.017140631086871805,1.784908601194946,0,0.0,0.0,2.1642416452585813,0,0.0,0.0,20.41422574451573,0,0.0,0.0,2.2894209504455763,0,0.0,0.0,2.1294385137914227,0,0.0,0.0,2.2894209504455763,0,0.0,0.0,0.48831505699249156,0,0.0,0.0,1.6414760172395988
2024-06-13,25.31,-0.030639601685178097,False,1.0,-0.030639601685178097,1.7302197126098844,0,0.0,-0.0,2.1642416452585813,0,0.0,-0.0,20.41422574451573,0,0.0,-0.0,2.2894209504455763,0,0.0,-0.0,2.1294385137914227,0,0.0,-0.0,2.2894209504455763,0,0.0,-0.0,0.48831505699249156,0,0.0,-0.0,1.6414760172395988
2024-06-14,25.13,-0.007111813512445608,False,1.0,-0.007111813512445608,1.7179147126782457,0,0.0,-0.0,2.1642416452585813,0,0.0,-0.0,20.41422574451573,0,0.0,-0.0,2.2894209504455763,0,0.0,-0.0,2.1294385137914227,0,0.0,-0.0,2.2894209504455763,0,0.0,-0.0,0.48831505699249156,0,0.0,-0.0,1.6414760172395988
2024-06-15,25.63,0.019896538002387665,False,1.0,0.019896538002387665,1.7520952680439092,0,0.0,0.0,2.1642416452585813,0,0.0,0.0,20.41422574451573,0,0.0,0.0,2.2894209504455763,0,0.0,0.0,2.1294385137914227,0,0.0,0.0,2.2894209504455763,0,0.0,0.0,0.48831505699249156,0,0.0,0.0,1.6414760172395988
2024-06-16,25.46,-0.00663285212641429,False,1.0,-0.00663285212641429,1.7404738792195837,0,0.0,-0.0,2.1642416452585813,0,0.0,-0.0,20.41422574451573,0,0.0,-0.0,2.2894209504455763,0,0.0,-0.0,2.1294385137914227,0,0.0,-0.0,2.2894209504455763,0,0.0,-0.0,0.48831505699249156,0,0.0,-0.0,1.6414760172395988
2024-06-17,24.09,-0.053809897879026014,False,1.0,-0.053809897879026014,1.6468191575176656,0,0.0,-0.0,2.1642416452585813,0,0.0,-0.0,20.41422574451573,0,0.0,-0.0,2.2894209504455763,0,0.0,-0.0,2.1294385137914227,0,0.0,-0.0,2.2894209504455763,0,0.0,-0.0,0.48831505699249156,0,0.0,-0.0,1.6414760172395988
2024-06-18,23.05,-0.04317144043171439,False,1.0,-0.04317144043171439,1.5757236023570855,0,0.0,-0.0,2.1642416452585813,0,0.0,-0.0,20.41422574451573,0,0.0,-0.0,2.2894209504455763,0,0.0,-0.0,2.1294385137914227,0,0.0,-0.0,2.2894209504455763,0,0.0,-0.0,0.48831505699249156,0,0.0,-0.0,1.6414760172395988
2024-06-19,23.98,0.04034707158351414,False,1.0,0.04034707158351414,1.6392994353372197,0,0.0,0.0,2.1642416452585813,0,0.0,0.0,20.41422574451573,0,0.0,0.0,2.2894209504455763,0,0.0,0.0,2.1294385137914227,0,0.0,0.0,2.2894209504455763,0,0.0,0.0,0.48831505699249156,0,0.0,0.0,1.6414760172395988
2024-06-20,24.06,0.0033361134278564464,False,1.0,0.0033361134278564464,1.6447683241957256,0,0.0,0.0,2.1642416452585813,0,0.0,0.0,20.41422574451573,0,0.0,0.0,2.2894209504455763,0,0.0,0.0,2.1294385137914227,0,0.0,0.0,2.2894209504455763,0,0.0,0.0,0.48831505699249156,0,0.0,0.0,1.6414760172395988
2024-06-21,23.56,-0.020781379883624274,False,1.0,-0.020781379883624274,1.610587768830062,0,0.0,-0.0,2.1642416452585813,0,0.0,-0.0,20.41422574451573,0,0.0,-0.0,2.2894209504455763,0,0.0,-0.0,2.1294385137914227,0,0.0,-0.0,2.2894209504455763,0,0.0,-0.0,0.48831505699249156,0,0.0,-0.0,1.6414760172395988
2024-06-22,23.36,-0.008488964346349714,False,1.0,-0.008488964346349714,1.5969155466837968,0,0.0,-0.0,2.1642416452585813,0,0.0,-0.0,20.41422574451573,0,0.0,-0.0,2.2894209504455763,0,0.0,-0.0,2.1294385137914227,0,0.0,-0.0,2.2894209504455763,0,0.0,-0.0,0.48831505699249156,0,0.0,-0.0,1.6414760172395988
2024-06-23,22.66,-0.02996575342465746,False,1.0,-0.02996575342465746,1.5490627691718681,0,0.0,-0.0,2.1642416452585813,0,0.0,-0.0,20.41422574451573,0,0.0,-0.0,2.2894209504455763,0,0.0,-0.0,2.1294385137914227,0,0.0,-0.0,2.2894209504455763,0,0.0,-0.0,0.48831505699249156,0,0.0,-0.0,1.6414760172395988
2024-06-24,23.0,0.015004413062665423,False,1.0,0.015004413062665423,1.5723055468205192,0,0.0,0.0,2.1642416452585813,0,0.0,0.0,20.41422574451573,0,0.0,0.0,2.2894209504455763,0,0.0,0.0,2.1294385137914227,0,0.0,0.0,2.2894209504455763,0,0.0,0.0,0.48831505699249156,0,0.0,0.0,1.6414760172395988
2024-06-25,23.48,0.02086956521739136,False,1.0,0.02086956521739136,1.6051188799715561,0,0.0,0.0,2.1642416452585813,0,0.0,0.0,20.41422574451573,0,0.0,0.0,2.2894209504455763,0,0.0,0.0,2.1294385137914227,0,0.0,0.0,2.2894209504455763,0,0.0,0.0,0.48831505699249156,0,0.0,0.0,1.6414760172395988
2024-06-26,23.68,0.008517887563884052,False,1.0,0.008517887563884052,1.6187911021178214,0,0.0,0.0,2.1642416452585813,0,0.0,0.0,20.41422574451573,0,0.0,0.0,2.2894209504455763,0,0.0,0.0,2.1294385137914227,0,0.0,0.0,2.2894209504455763,0,0.0,0.0,0.48831505699249156,0,0.0,0.0,1.6414760172395988
2024-06-27,24.07,0.016469594594594517,False,1.0,0.016469594594594517,1.6454519353030388,0,0.0,0.0,2.1642416452585813,0,0.0,0.0,20.41422574451573,0,0.0,0.0,2.2894209504455763,0,0.0,0.0,2.1294385137914227,0,0.0,0.0,2.2894209504455763,0,0.0,0.0,0.48831505699249156,0,0.0,0.0,1.6414760172395988
2024-06-28,23.41,-0.02742002492729534,False,1.0,-0.02742002492729534,1.6003336022203631,0,0.0,-0.0,2.1642416452585813,0,0.0,-0.0,20.41422574451573,0,0.0,-0.0,2.2894209504455763,0,0.0,-0.0,2.1294385137914227,0,0.0,-0.0,2.2894209504455763,0,0.0,-0.0,0.48831505699249156,0,0.0,-0.0,1.6414760172395988
2024-06-29,23.14,-0.011533532678342562,False,1.0,-0.011533532678342562,1.5818761023229049,0,0.0,-0.0,2.1642416452585813,0,0.0,-0.0,20.41422574451573,0,0.0,-0.0,2.2894209504455763,0,0.0,-0.0,2.1294385137914227,0,0.0,-0.0,2.2894209504455763,0,0.0,-0.0,0.48831505699249156,0,0.0,-0.0,1.6414760172395988
2024-06-30,23.69,0.023768366464995694,False,1.0,0.023768366464995694,1.6194747132251348,0,0.0,0.0,2.1642416452585813,0,0.0,0.0,20.41422574451573,0,0.0,0.0,2.2894209504455763,0,0.0,0.0,2.1294385137914227,0,0.0,0.0,2.2894209504455763,0,0.0,0.0,0.48831505699249156,0,0.0,0.0,1.6414760172395988
2024-07-01,23.24,-0.01899535669058683,False,1.0,-0.01899535669058683,1.5887122133960376,0,0.0,-0.0,2.1642416452585813,0,0.0,-0.0,20.41422574451573,0,0.0,-0.0,2.2894209504455763,0,0.0,-0.0,2.1294385137914227,0,0.0,-0.0,2.2894209504455763,0,0.0,-0.0,0.48831505699249156,0,0.0,-0.0,1.6414760172395988
2024-07-02,23.29,0.002151462994836484,False,1.0,0.002151462994836484,1.592130268932604,0,0.0,0.0,2.1642416452585813,0,0.0,0.0,20.41422574451573,0,0.0,0.0,2.2894209504455763,0,0.0,0.0,2.1294385137914227,0,0.0,0.0,2.2894209504455763,0,0.0,0.0,0.48831505699249156,0,0.0,0.0,1.6414760172395988
2024-07-03,22.54,-0.0322026620867325,False,1.0,-0.0322026620867325,1.5408594358841088,0,0.0,-0.0,2.1642416452585813,0,0.0,-0.0,20.41422574451573,0,0.0,-0.0,2.2894209504455763,0,0.0,-0.0,2.1294385137914227,0,0.0,-0.0,2.2894209504455763,0,0.0,-0.0,0.48831505699249156,0,0.0,-0.0,1.6414760172395988
2024-07-04,20.77,-0.07852706299911272,False,1.0,-0.07852706299911272,1.41986026988966,0,0.0,-0.0,2.1642416452585813,0,0.0,-0.0,20.41422574451573,0,0.0,-0.0,2.2894209504455763,0,0.0,-0.0,2.1294385137914227,0,0.0,-0.0,2.2894209504455763,0,0.0,-0.0,0.48831505699249156,0,0.0,-0.0,1.6414760172395988
2024-07-05,20.22,-0.026480500722195544,False,1.0,-0.026480500722195544,1.3822616589874301,0,0.0,-0.0,2.1642416452585813,0,0.0,-0.0,20.41422574451573,0,0.0,-0.0,2.2894209504455763,0,0.0,-0.0,2.1294385137914227,0,0.0,-0.0,2.2894209504455763,0,0.0,-0.0,0.48831505699249156,0,0.0,-0.0,1.6414760172395988
2024-07-06,21.18,0.04747774480712175,False,1.0,0.04747774480712175,1.447888325289504,0,0.0,0.0,2.1642416452585813,0,0.0,0.0,20.41422574451573,0,0.0,0.0,2.2894209504455763,0,0.0,0.0,2.1294385137914227,0,0.0,0.0,2.2894209504455763,0,0.0,0.0,0.48831505699249156,0,0.0,0.0,1.6414760172395988
2024-07-07,19.76,-0.06704438149197345,False,1.0,-0.06704438149197345,1.35081554805102,0,0.0,-0.0,2.1642416452585813,0,0.0,-0.0,20.41422574451573,0,0.0,-0.0,2.2894209504455763,0,0.0,-0.0,2.1294385137914227,0,0.0,-0.0,2.2894209504455763,0,0.0,-0.0,0.48831505699249156,0,0.0,-0.0,1.6414760172395988
2024-07-08,20.4,0.0323886639676112,False,1.0,0.0323886639676112,1.394566658919069,0,0.0,0.0,2.1642416452585813,0,0.0,0.0,20.41422574451573,0,0.0,0.0,2.2894209504455763,0,0.0,0.0,2.1294385137914227,0,0.0,0.0,2.2894209504455763,0,0.0,0.0,0.48831505699249156,0,0.0,0.0,1.6414760172395988
2024-07-09,20.64,0.011764705882353121,False,1.0,0.011764705882353121,1.4109733254945878,0,0.0,0.0,2.1642416452585813,0,0.0,0.0,20.41422574451573,0,0.0,0.0,2.2894209504455763,0,0.0,0.0,2.1294385137914227,0,0.0,0.0,2.2894209504455763,0,0.0,0.0,0.48831505699249156,0,0.0,0.0,1.6414760172395988
2024-07-10,20.99,0.01695736434108519,False,1.0,0.01695736434108519,1.434899714250552,0,0.0,0.0,2.1642416452585813,0,0.0,0.0,20.41422574451573,0,0.0,0.0,2.2894209504455763,0,0.0,0.0,2.1294385137914227,0,0.0,0.0,2.2894209504455763,0,0.0,0.0,0.48831505699249156,0,0.0,0.0,1.6414760172395988
2024-07-11,20.66,-0.015721772272510592,False,1.0,-0.015721772272510592,1.4123405477092144,0,0.0,-0.0,2.1642416452585813,0,0.0,-0.0,20.41422574451573,0,0.0,-0.0,2.2894209504455763,0,0.0,-0.0,2.1294385137914227,0,0.0,-0.0,2.2894209504455763,0,0.0,-0.0,0.48831505699249156,0,0.0,-0.0,1.6414760172395988
2024-07-12,21.48,0.039690222652468465,False,1.0,0.039690222652468465,1.4683966585089023,0,0.0,0.0,2.1642416452585813,0,0.0,0.0,20.41422574451573,0,0.0,0.0,2.2894209504455763,0,0.0,0.0,2.1294385137914227,0,0.0,0.0,2.2894209504455763,0,0.0,0.0,0.48831505699249156,0,0.0,0.0,1.6414760172395988
2024-07-13,22.39,0.042364990689013116,False,1.0,0.042364990689013116,1.5306052692744099,0,0.0,0.0,2.1642416452585813,0,0.0,0.0,20.41422574451573,0,0.0,0.0,2.2894209504455763,0,0.0,0.0,2.1294385137914227,0,0.0,0.0,2.2894209504455763,0,0.0,0.0,0.48831505699249156,0,0.0,0.0,1.6414760172395988
2024-07-14,22.58,0.008485931219294196,False,1.0,0.008485931219294196,1.5435938803133618,0,0.0,0.0,2.1642416452585813,0,0.0,0.0,20.41422574451573,0,0.0,0.0,2.2894209504455763,0,0.0,0.0,2.1294385137914227,0,0.0,0.0,2.2894209504455763,0,0.0,0.0,0.48831505699249156,0,0.0,0.0,1.6414760172395988
2024-07-15,23.88,0.057573073516386186,True,1.0,0.057573073516386186,1.6324633242640867,0,0.0,0.0,2.1642416452585813,0,0.0,0.0,20.41422574451573,0,0.0,0.0,2.2894209504455763,0,0.0,0.0,2.1294385137914227,0,0.0,0.0,2.2894209504455763,0,0.0,0.0,0.48831505699249156,0,0.0,0.0,1.6414760172395988
2024-07-16,23.59,-0.012144053601339966,False,1.0,-0.012144053601339966,1.612638602152002,0,0.0,-0.0,2.1642416452585813,0,0.0,-0.0,20.41422574451573,0,0.0,-0.0,2.2894209504455763,0,0.0,-0.0,2.1294385137914227,0,0.0,-0.0,2.2894209504455763,0,0.0,-0.0,0.48831505699249156,0,0.0,-0.0,1.6414760172395988
2024-07-17,22.96,-0.026706231454005858,False,1.0,-0.026706231454005858,1.5695711023912662,0,0.0,-0.0,2.1642416452585813,0,0.0,-0.0,20.41422574451573,0,0.0,-0.0,2.2894209504455763,0,0.0,-0.0,2.1294385137914227,0,0.0,-0.0,2.2894209504455763,0,0.0,-0.0,0.48831505699249156,0,0.0,-0.0,1.6414760172395988
2024-07-18,23.01,0.00217770034843201,False,1.0,0.00217770034843201,1.5729891579278326,0,0.0,0.0,2.1642416452585813,0,0.0,0.0,20.41422574451573,0,0.0,0.0,2.2894209504455763,0,0.0,0.0,2.1294385137914227,0,0.0,0.0,2.2894209504455763,0,0.0,0.0,0.48831505699249156,0,0.0,0.0,1.6414760172395988
2024-07-19,23.61,0.02607561929595814,True,1.0,0.02607561929595814,1.6140058243666284,0,0.0,0.0,2.1642416452585813,0,0.0,0.0,20.41422574451573,0,0.0,0.0,2.2894209504455763,0,0.0,0.0,2.1294385137914227,0,0.0,0.0,2.2894209504455763,0,0.0,0.0,0.48831505699249156,0,0.0,0.0,1.6414760172395988
2024-07-20,23.92,0.013130029648454222,True,1.0,0.013130029648454222,1.63519776869334,0,0.0,0.0,2.1642416452585813,0,0.0,0.0,20.41422574451573,0,0.0,0.0,2.2894209504455763,0,0.0,0.0,2.1294385137914227,0,0.0,0.0,2.2894209504455763,0,0.0,0.0,0.48831505699249156,0,0.0,0.0,1.6414760172395988
2024-07-21,24.16,0.010033444816053505,True,1.0,0.010033444816053505,1.6516044352688586,0,0.0,0.0,2.1642416452585813,0,0.0,0.0,20.41422574451573,0,0.0,0.0,2.2894209504455763,0,0.0,0.0,2.1294385137914227,0,0.0,0.0,2.2894209504455763,0,0.0,0.0,0.48831505699249156,0,0.0,0.0,1.6414760172395988
2024-07-22,23.43,-0.0302152317880795,True,1.0,-0.0302152317880795,1.60170082443499,0,0.0,-0.0,2.1642416452585813,0,0.0,-0.0,20.41422574451573,0,0.0,-0.0,2.2894209504455763,0,0.0,-0.0,2.1294385137914227,0,0.0,-0.0,2.2894209504455763,0,0.0,-0.0,0.48831505699249156,0,0.0,-0.0,1.6414760172395988
2024-07-23,24.05,0.026461801109688432,True,1.0,0.026461801109688432,1.6440847130884126,0,0.0,0.0,2.1642416452585813,0,0.0,0.0,20.41422574451573,0,0.0,0.0,2.2894209504455763,0,0.0,0.0,2.1294385137914227,0,0.0,0.0,2.2894209504455763,0,0.0,0.0,0.48831505699249156,0,0.0,0.0,1.6414760172395988
2024-07-24,22.86,-0.04948024948024954,True,1.0,-0.04948024948024954,1.5627349913181334,0,0.0,-0.0,2.1642416452585813,0,0.0,-0.0,20.41422574451573,0,0.0,-0.0,2.2894209504455763,0,0.0,-0.0,2.1294385137914227,0,0.0,-0.0,2.2894209504455763,0,0.0,-0.0,0.48831505699249156,0,0.0,-0.0,1.6414760172395988
2024-07-25,22.09,-0.0336832895888014,True,1.0,-0.0336832895888014,1.5100969360550116,0,0.0,-0.0,2.1642416452585813,0,0.0,-0.0,20.41422574451573,0,0.0,-0.0,2.2894209504455763,0,0.0,-0.0,2.1294385137914227,0,0.0,-0.0,2.2894209504455763,0,0.0,-0.0,0.48831505699249156,0,0.0,-0.0,1.6414760172395988
2024-07-26,22.91,0.03712086917157076,True,1.0,0.03712086917157076,1.5661530468546996,0,0.0,0.0,2.1642416452585813,0,0.0,0.0,20.41422574451573,0,0.0,0.0,2.2894209504455763,0,0.0,0.0,2.1294385137914227,0,0.0,0.0,2.2894209504455763,0,0.0,0.0,0.48831505699249156,0,0.0,0.0,1.6414760172395988
2024-07-27,22.82,-0.003928415539065866,True,1.0,-0.003928415539065866,1.5600005468888802,0,0.0,-0.0,2.1642416452585813,0,0.0,-0.0,20.41422574451573,0,0.0,-0.0,2.2894209504455763,0,0.0,-0.0,2.1294385137914227,0,0.0,-0.0,2.2894209504455763,0,0.0,-0.0,0.48831505699249156,0,0.0,-0.0,1.6414760172395988
2024-07-28,22.64,-0.007887817703768563,True,1.0,-0.007887817703768563,1.5476955469572415,0,0.0,-0.0,2.1642416452585813,0,0.0,-0.0,20.41422574451573,0,0.0,-0.0,2.2894209504455763,0,0.0,-0.0,2.1294385137914227,0,0.0,-0.0,2.2894209504455763,0,0.0,-0.0,0.48831505699249156,0,0.0,-0.0,1.6414760172395988
2024-07-29,22.83,0.008392226148409732,True,1.0,0.008392226148409732,1.5606841579961934,0,0.0,0.0,2.1642416452585813,0,0.0,0.0,20.41422574451573,0,0.0,0.0,2.2894209504455763,0,0.0,0.0,2.1294385137914227,0,0.0,0.0,2.2894209504455763,0,0.0,0.0,0.48831505699249156,0,0.0,0.0,1.6414760172395988
2024-07-30,22.24,-0.025843188786684235,True,1.0,-0.025843188786684235,1.5203511026647105,0,0.0,-0.0,2.1642416452585813,0,0.0,-0.0,20.41422574451573,0,0.0,-0.0,2.2894209504455763,0,0.0,-0.0,2.1294385137914227,0,0.0,-0.0,2.2894209504455763,0,0.0,-0.0,0.48831505699249156,0,0.0,-0.0,1.6414760172395988
2024-07-31,21.78,-0.020683453237409943,True,1.0,-0.020683453237409943,1.4889049917283004,0,0.0,-0.0,2.1642416452585813,0,0.0,-0.0,20.41422574451573,0,0.0,-0.0,2.2894209504455763,0,0.0,-0.0,2.1294385137914227,0,0.0,-0.0,2.2894209504455763,0,0.0,-0.0,0.48831505699249156,0,0.0,-0.0,1.6414760172395988
2024-08-01,21.54,-0.011019283746556585,True,1.0,-0.011019283746556585,1.4724983251527817,0,0.0,-0.0,2.1642416452585813,0,0.0,-0.0,20.41422574451573,0,0.0,-0.0,2.2894209504455763,0,0.0,-0.0,2.1294385137914227,0,0.0,-0.0,2.2894209504455763,0,0.0,-0.0,0.48831505699249156,0,0.0,-0.0,1.6414760172395988
2024-08-02,20.23,-0.06081708449396461,False,1.0,-0.06081708449396461,1.3829452700947436,0,0.0,-0.0,2.1642416452585813,0,0.0,-0.0,20.41422574451573,0,0.0,-0.0,2.2894209504455763,0,0.0,-0.0,2.1294385137914227,0,0.0,-0.0,2.2894209504455763,0,0.0,-0.0,0.48831505699249156,0,0.0,-0.0,1.6414760172395988
2024-08-03,19.65,-0.028670291646070267,False,1.0,-0.028670291646070267,1.3432958258705738,0,0.0,-0.0,2.1642416452585813,0,0.0,-0.0,20.41422574451573,0,0.0,-0.0,2.2894209504455763,0,0.0,-0.0,2.1294385137914227,0,0.0,-0.0,2.2894209504455763,0,0.0,-0.0,0.48831505699249156,0,0.0,-0.0,1.6414760172395988
2024-08-04,18.92,-0.03715012722646294,False,1.0,-0.03715012722646294,1.2933922150367054,0,0.0,-0.0,2.1642416452585813,0,0.0,-0.0,20.41422574451573,0,0.0,-0.0,2.2894209504455763,0,0.0,-0.0,2.1294385137914227,0,0.0,-0.0,2.2894209504455763,0,0.0,-0.0,0.48831505699249156,0,0.0,-0.0,1.6414760172395988
2024-08-05,17.66,-0.06659619450317134,False,1.0,-0.06659619450317134,1.2072572155152335,0,0.0,-0.0,2.1642416452585813,0,0.0,-0.0,20.41422574451573,0,0.0,-0.0,2.2894209504455763,0,0.0,-0.0,2.1294385137914227,0,0.0,-0.0,2.2894209504455763,0,0.0,-0.0,0.48831505699249156,0,0.0,-0.0,1.6414760172395988
2024-08-06,18.14,0.027180067950169917,False,1.0,0.027180067950169917,1.2400705486662704,0,0.0,0.0,2.1642416452585813,0,0.0,0.0,20.41422574451573,0,0.0,0.0,2.2894209504455763,0,0.0,0.0,2.1294385137914227,0,0.0,0.0,2.2894209504455763,0,0.0,0.0,0.48831505699249156,0,0.0,0.0,1.6414760172395988
2024-08-07,18.16,0.0011025358324145973,False,1.0,0.0011025358324145973,1.241437770880897,0,0.0,0.0,2.1642416452585813,0,0.0,0.0,20.41422574451573,0,0.0,0.0,2.2894209504455763,0,0.0,0.0,2.1294385137914227,0,0.0,0.0,2.2894209504455763,0,0.0,0.0,0.48831505699249156,0,0.0,0.0,1.6414760172395988
2024-08-08,19.86,0.09361233480176212,False,1.0,0.09361233480176212,1.3576516591241528,0,0.0,0.0,2.1642416452585813,0,0.0,0.0,20.41422574451573,0,0.0,0.0,2.2894209504455763,0,0.0,0.0,2.1294385137914227,0,0.0,0.0,2.2894209504455763,0,0.0,0.0,0.48831505699249156,0,0.0,0.0,1.6414760172395988
2024-08-09,19.42,-0.022155085599194213,False,1.0,-0.022155085599194213,1.3275727704023692,0,0.0,-0.0,2.1642416452585813,0,0.0,-0.0,20.41422574451573,0,0.0,-0.0,2.2894209504455763,0,0.0,-0.0,2.1294385137914227,0,0.0,-0.0,2.2894209504455763,0,0.0,-0.0,0.48831505699249156,0,0.0,-0.0,1.6414760172395988
2024-08-10,19.39,-0.00154479917610717,False,1.0,-0.00154479917610717,1.3255219370804294,0,0.0,-0.0,2.1642416452585813,0,0.0,-0.0,20.41422574451573,0,0.0,-0.0,2.2894209504455763,0,0.0,-0.0,2.1294385137914227,0,0.0,-0.0,2.2894209504455763,0,0.0,-0.0,0.48831505699249156,0,0.0,-0.0,1.6414760172395988
2024-08-11,18.41,-0.05054151624548742,False,1.0,-0.05054151624548742,1.258528048563729,0,0.0,-0.0,2.1642416452585813,0,0.0,-0.0,20.41422574451573,0,0.0,-0.0,2.2894209504455763,0,0.0,-0.0,2.1294385137914227,0,0.0,-0.0,2.2894209504455763,0,0.0,-0.0,0.48831505699249156,0,0.0,-0.0,1.6414760172395988
2024-08-12,19.18,0.041825095057034245,False,1.0,0.041825095057034245,1.3111661038268507,0,0.0,0.0,2.1642416452585813,0,0.0,0.0,20.41422574451573,0,0.0,0.0,2.2894209504455763,0,0.0,0.0,2.1294385137914227,0,0.0,0.0,2.2894209504455763,0,0.0,0.0,0.48831505699249156,0,0.0,0.0,1.6414760172395988
2024-08-13,19.16,-0.0010427528675703845,False,1.0,-0.0010427528675703845,1.3097988816122241,0,0.0,-0.0,2.1642416452585813,0,0.0,-0.0,20.41422574451573,0,0.0,-0.0,2.2894209504455763,0,0.0,-0.0,2.1294385137914227,0,0.0,-0.0,2.2894209504455763,0,0.0,-0.0,0.48831505699249156,0,0.0,-0.0,1.6414760172395988
2024-08-14,18.83,-0.017223382045929103,False,1.0,-0.017223382045929103,1.287239715070886,0,0.0,-0.0,2.1642416452585813,0,0.0,-0.0,20.41422574451573,0,0.0,-0.0,2.2894209504455763,0,0.0,-0.0,2.1294385137914227,0,0.0,-0.0,2.2894209504455763,0,0.0,-0.0,0.48831505699249156,0,0.0,-0.0,1.6414760172395988
2024-08-15,18.54,-0.015400955921402004,False,1.0,-0.015400955921402004,1.2674149929588012,0,0.0,-0.0,2.1642416452585813,0,0.0,-0.0,20.41422574451573,0,0.0,-0.0,2.2894209504455763,0,0.0,-0.0,2.1294385137914227,0,0.0,-0.0,2.2894209504455763,0,0.0,-0.0,0.48831505699249156,0,0.0,-0.0,1.6414760172395988
2024-08-16,18.74,0.010787486515641875,False,1.0,0.010787486515641875,1.2810872151050667,0,0.0,0.0,2.1642416452585813,0,0.0,0.0,20.41422574451573,0,0.0,0.0,2.2894209504455763,0,0.0,0.0,2.1294385137914227,0,0.0,0.0,2.2894209504455763,0,0.0,0.0,0.48831505699249156,0,0.0,0.0,1.6414760172395988
2024-08-17,18.79,0.0026680896478121774,False,1.0,0.0026680896478121774,1.2845052706416331,0,0.0,0.0,2.1642416452585813,0,0.0,0.0,20.41422574451573,0,0.0,0.0,2.2894209504455763,0,0.0,0.0,2.1294385137914227,0,0.0,0.0,2.2894209504455763,0,0.0,0.0,0.48831505699249156,0,0.0,0.0,1.6414760172395988
2024-08-18,18.57,-0.011708355508249002,False,1.0,-0.011708355508249002,1.2694658262807412,0,0.0,-0.0,2.1642416452585813,0,0.0,-0.0,20.41422574451573,0,0.0,-0.0,2.2894209504455763,0,0.0,-0.0,2.1294385137914227,0,0.0,-0.0,2.2894209504455763,0,0.0,-0.0,0.48831505699249156,0,0.0,-0.0,1.6414760172395988
2024-08-19,18.94,0.019924609585352693,False,1.0,0.019924609585352693,1.2947594372513322,0,0.0,0.0,2.1642416452585813,0,0.0,0.0,20.41422574451573,0,0.0,0.0,2.2894209504455763,0,0.0,0.0,2.1294385137914227,0,0.0,0.0,2.2894209504455763,0,0.0,0.0,0.48831505699249156,0,0.0,0.0,1.6414760172395988
2024-08-20,18.88,-0.0031678986272440923,False,1.0,-0.0031678986272440923,1.2906577706074525,0,0.0,-0.0,2.1642416452585813,0,0.0,-0.0,20.41422574451573,0,0.0,-0.0,2.2894209504455763,0,0.0,-0.0,2.1294385137914227,0,0.0,-0.0,2.2894209504455763,0,0.0,-0.0,0.48831505699249156,0,0.0,-0.0,1.6414760172395988
2024-08-21,19.49,0.03230932203389836,False,1.0,0.03230932203389836,1.332358048153562,0,0.0,0.0,2.1642416452585813,0,0.0,0.0,20.41422574451573,0,0.0,0.0,2.2894209504455763,0,0.0,0.0,2.1294385137914227,0,0.0,0.0,2.2894209504455763,0,0.0,0.0,0.48831505699249156,0,0.0,0.0,1.6414760172395988
2024-08-22,19.49,0.0,False,1.0,0.0,1.332358048153562,0,0.0,0.0,2.1642416452585813,0,0.0,0.0,20.41422574451573,0,0.0,0.0,2.2894209504455763,0,0.0,0.0,2.1294385137914227,0,0.0,0.0,2.2894209504455763,0,0.0,0.0,0.48831505699249156,0,0.0,0.0,1.6414760172395988
2024-08-23,20.57,0.055413032324268974,True,1.0,0.055413032324268974,1.4061880477433952,0,0.0,0.0,2.1642416452585813,0,0.0,0.0,20.41422574451573,0,0.0,0.0,2.2894209504455763,0,0.0,0.0,2.1294385137914227,0,0.0,0.0,2.2894209504455763,0,0.0,0.0,0.48831505699249156,0,0.0,0.0,1.6414760172395988
2024-08-24,20.62,0.002430724355858116,True,1.0,0.002430724355858116,1.4096061032799616,0,0.0,0.0,2.1642416452585813,0,0.0,0.0,20.41422574451573,0,0.0,0.0,2.2894209504455763,0,0.0,0.0,2.1294385137914227,0,0.0,0.0,2.2894209504455763,0,0.0,0.0,0.48831505699249156,0,0.0,0.0,1.6414760172395988
2024-08-25,20.12,-0.02424830261881672,True,1.0,-0.02424830261881672,1.375425547914298,0,0.0,-0.0,2.1642416452585813,0,0.0,-0.0,20.41422574451573,0,0.0,-0.0,2.2894209504455763,0,0.0,-0.0,2.1294385137914227,0,0.0,-0.0,2.2894209504455763,0,0.0,-0.0,0.48831505699249156,0,0.0,-0.0,1.6414760172395988
2024-08-26,19.44,-0.03379721669980118,True,1.0,-0.03379721669980118,1.3289399926169958,0,0.0,-0.0,2.1642416452585813,0,0.0,-0.0,20.41422574451573,0,0.0,-0.0,2.2894209504455763,0,0.0,-0.0,2.1294385137914227,0,0.0,-0.0,2.2894209504455763,0,0.0,-0.0,0.48831505699249156,0,0.0,-0.0,1.6414760172395988
2024-08-27,18.3,-0.058641975308642014,True,1.0,-0.058641975308642014,1.251008326383283,0,0.0,-0.0,2.1642416452585813,0,0.0,-0.0,20.41422574451573,0,0.0,-0.0,2.2894209504455763,0,0.0,-0.0,2.1294385137914227,0,0.0,-0.0,2.2894209504455763,0,0.0,-0.0,0.48831505699249156,0,0.0,-0.0,1.6414760172395988
2024-08-28,18.58,0.015300546448087315,False,1.0,0.015300546448087315,1.2701494373880544,0,0.0,0.0,2.1642416452585813,0,0.0,0.0,20.41422574451573,0,0.0,0.0,2.2894209504455763,0,0.0,0.0,2.1294385137914227,0,0.0,0.0,2.2894209504455763,0,0.0,0.0,0.48831505699249156,0,0.0,0.0,1.6414760172395988
2024-08-29,18.47,-0.005920344456404658,False,1.0,-0.005920344456404658,1.2626297152076085,0,0.0,-0.0,2.1642416452585813,0,0.0,-0.0,20.41422574451573,0,0.0,-0.0,2.2894209504455763,0,0.0,-0.0,2.1294385137914227,0,0.0,-0.0,2.2894209504455763,0,0.0,-0.0,0.48831505699249156,0,0.0,-0.0,1.6414760172395988
2024-08-30,18.57,0.005414185165132812,False,1.0,0.005414185165132812,1.2694658262807414,0,0.0,0.0,2.1642416452585813,0,0.0,0.0,20.41422574451573,0,0.0,0.0,2.2894209504455763,0,0.0,0.0,2.1294385137914227,0,0.0,0.0,2.2894209504455763,0,0.0,0.0,0.48831505699249156,0,0.0,0.0,1.6414760172395988
2024-08-31,18.41,-0.008616047388260606,False,1.0,-0.008616047388260606,1.2585280485637291,0,0.0,-0.0,2.1642416452585813,0,0.0,-0.0,20.41422574451573,0,0.0,-0.0,2.2894209504455763,0,0.0,-0.0,2.1294385137914227,0,0.0,-0.0,2.2894209504455763,0,0.0,-0.0,0.48831505699249156,0,0.0,-0.0,1.6414760172395988
2024-09-01,17.62,-0.042911461162411735,False,1.0,-0.042911461162411735,1.204522771085981,0,0.0,-0.0,2.1642416452585813,0,0.0,-0.0,20.41422574451573,0,0.0,-0.0,2.2894209504455763,0,0.0,-0.0,2.1294385137914227,0,0.0,-0.0,2.2894209504455763,0,0.0,-0.0,0.48831505699249156,0,0.0,-0.0,1.6414760172395988
2024-09-02,18.27,0.03688989784335983,False,1.0,0.03688989784335983,1.2489574930613434,0,0.0,0.0,2.1642416452585813,0,0.0,0.0,20.41422574451573,0,0.0,0.0,2.2894209504455763,0,0.0,0.0,2.1294385137914227,0,0.0,0.0,2.2894209504455763,0,0.0,0.0,0.48831505699249156,0,0.0,0.0,1.6414760172395988
2024-09-03,17.66,-0.03338806787082649,False,1.0,-0.03338806787082649,1.207257215515234,0,0.0,-0.0,2.1642416452585813,0,0.0,-0.0,20.41422574451573,0,0.0,-0.0,2.2894209504455763,0,0.0,-0.0,2.1294385137914227,0,0.0,-0.0,2.2894209504455763,0,0.0,-0.0,0.48831505699249156,0,0.0,-0.0,1.6414760172395988
2024-09-04,18.07,0.02321630804077013,False,1.0,0.02321630804077013,1.235285270915078,0,0.0,0.0,2.1642416452585813,0,0.0,0.0,20.41422574451573,0,0.0,0.0,2.2894209504455763,0,0.0,0.0,2.1294385137914227,0,0.0,0.0,2.2894209504455763,0,0.0,0.0,0.48831505699249156,0,0.0,0.0,1.6414760172395988
2024-09-05,17.61,-0.025456557830658588,False,1.0,-0.025456557830658588,1.2038391599786675,0,0.0,-0.0,2.1642416452585813,0,0.0,-0.0,20.41422574451573,0,0.0,-0.0,2.2894209504455763,0,0.0,-0.0,2.1294385137914227,0,0.0,-0.0,2.2894209504455763,0,0.0,-0.0,0.48831505699249156,0,0.0,-0.0,1.6414760172395988
2024-09-06,17.3,-0.017603634298693827,False,1.0,-0.017603634298693827,1.1826472156519563,0,0.0,-0.0,2.1642416452585813,0,0.0,-0.0,20.41422574451573,0,0.0,-0.0,2.2894209504455763,0,0.0,-0.0,2.1294385137914227,0,0.0,-0.0,2.2894209504455763,0,0.0,-0.0,0.48831505699249156,0,0.0,-0.0,1.6414760172395988
2024-09-07,17.63,0.019075144508670316,False,1.0,0.019075144508670316,1.205206382193294,0,0.0,0.0,2.1642416452585813,0,0.0,0.0,20.41422574451573,0,0.0,0.0,2.2894209504455763,0,0.0,0.0,2.1294385137914227,0,0.0,0.0,2.2894209504455763,0,0.0,0.0,0.48831505699249156,0,0.0,0.0,1.6414760172395988
2024-09-08,17.94,0.01758366420873525,False,1.0,0.01758366420873525,1.2263983265200054,0,0.0,0.0,2.1642416452585813,0,0.0,0.0,20.41422574451573,0,0.0,0.0,2.2894209504455763,0,0.0,0.0,2.1294385137914227,0,0.0,0.0,2.2894209504455763,0,0.0,0.0,0.48831505699249156,0,0.0,0.0,1.6414760172395988
2024-09-09,18.34,0.02229654403567438,False,1.0,0.02229654403567438,1.253742770812536,0,0.0,0.0,2.1642416452585813,0,0.0,0.0,20.41422574451573,0,0.0,0.0,2.2894209504455763,0,0.0,0.0,2.1294385137914227,0,0.0,0.0,2.2894209504455763,0,0.0,0.0,0.48831505699249156,0,0.0,0.0,1.6414760172395988
2024-09-10,18.56,0.011995637949836269,False,1.0,0.011995637949836269,1.2687822151734276,0,0.0,0.0,2.1642416452585813,0,0.0,0.0,20.41422574451573,0,0.0,0.0,2.2894209504455763,0,0.0,0.0,2.1294385137914227,0,0.0,0.0,2.2894209504455763,0,0.0,0.0,0.48831505699249156,0,0.0,0.0,1.6414760172395988
2024-09-11,18.46,-0.005387931034482651,False,1.0,-0.005387931034482651,1.261946104100295,0,0.0,-0.0,2.1642416452585813,0,0.0,-0.0,20.41422574451573,0,0.0,-0.0,2.2894209504455763,0,0.0,-0.0,2.1294385137914227,0,0.0,-0.0,2.2894209504455763,0,0.0,-0.0,0.48831505699249156,0,0.0,-0.0,1.6414760172395988
2024-09-12,18.56,0.005417118093174356,False,1.0,0.005417118093174356,1.2687822151734276,0,0.0,0.0,2.1642416452585813,0,0.0,0.0,20.41422574451573,0,0.0,0.0,2.2894209504455763,0,0.0,0.0,2.1294385137914227,0,0.0,0.0,2.2894209504455763,0,0.0,0.0,0.48831505699249156,0,0.0,0.0,1.6414760172395988
2024-09-13,18.85,0.015625000000000222,False,1.0,0.015625000000000222,1.2886069372855127,0,0.0,0.0,2.1642416452585813,0,0.0,0.0,20.41422574451573,0,0.0,0.0,2.2894209504455763,0,0.0,0.0,2.1294385137914227,0,0.0,0.0,2.2894209504455763,0,0.0,0.0,0.48831505699249156,0,0.0,0.0,1.6414760172395988
2024-09-14,18.61,-0.0127320954907163,False,1.0,-0.0127320954907163,1.272200270709994,0,0.0,-0.0,2.1642416452585813,0,0.0,-0.0,20.41422574451573,0,0.0,-0.0,2.2894209504455763,0,0.0,-0.0,2.1294385137914227,0,0.0,-0.0,2.2894209504455763,0,0.0,-0.0,0.48831505699249156,0,0.0,-0.0,1.6414760172395988
2024-09-15,17.79,-0.044062332079527144,False,1.0,-0.044062332079527144,1.216144159910306,0,0.0,-0.0,2.1642416452585813,0,0.0,-0.0,20.41422574451573,0,0.0,-0.0,2.2894209504455763,0,0.0,-0.0,2.1294385137914227,0,0.0,-0.0,2.2894209504455763,0,0.0,-0.0,0.48831505699249156,0,0.0,-0.0,1.6414760172395988
2024-09-16,17.75,-0.0022484541877458852,False,1.0,-0.0022484541877458852,1.213409715481053,0,0.0,-0.0,2.1642416452585813,0,0.0,-0.0,20.41422574451573,0,0.0,-0.0,2.2894209504455763,0,0.0,-0.0,2.1294385137914227,0,0.0,-0.0,2.2894209504455763,0,0.0,-0.0,0.48831505699249156,0,0.0,-0.0,1.6414760172395988
2024-09-17,17.98,0.012957746478873267,False,1.0,0.012957746478873267,1.2291327709492583,0,0.0,0.0,2.1642416452585813,0,0.0,0.0,20.41422574451573,0,0.0,0.0,2.2894209504455763,0,0.0,0.0,2.1294385137914227,0,0.0,0.0,2.2894209504455763,0,0.0,0.0,0.48831505699249156,0,0.0,0.0,1.6414760172395988
2024-09-18,18.32,0.018909899888765347,False,1.0,0.018909899888765347,1.2523755485979096,0,0.0,0.0,2.1642416452585813,0,0.0,0.0,20.41422574451573,0,0.0,0.0,2.2894209504455763,0,0.0,0.0,2.1294385137914227,0,0.0,0.0,2.2894209504455763,0,0.0,0.0,0.48831505699249156,0,0.0,0.0,1.6414760172395988
2024-09-19,18.79,0.025655021834060987,True,1.0,0.025655021834060987,1.2845052706416331,0,0.0,0.0,2.1642416452585813,0,0.0,0.0,20.41422574451573,0,0.0,0.0,2.2894209504455763,0,0.0,0.0,2.1294385137914227,0,0.0,0.0,2.2894209504455763,0,0.0,0.0,0.48831505699249156,0,0.0,0.0,1.6414760172395988
2024-09-20,19.0,0.011176157530601527,True,1.0,0.011176157530601527,1.298861103895212,0,0.0,0.0,2.1642416452585813,0,0.0,0.0,20.41422574451573,0,0.0,0.0,2.2894209504455763,0,0.0,0.0,2.1294385137914227,0,0.0,0.0,2.2894209504455763,0,0.0,0.0,0.48831505699249156,0,0.0,0.0,1.6414760172395988
2024-09-21,19.37,0.01947368421052631,True,1.0,0.01947368421052631,1.324154714865803,0,0.0,0.0,2.1642416452585813,0,0.0,0.0,20.41422574451573,0,0.0,0.0,2.2894209504455763,0,0.0,0.0,2.1294385137914227,0,0.0,0.0,2.2894209504455763,0,0.0,0.0,0.48831505699249156,0,0.0,0.0,1.6414760172395988
2024-09-22,18.9,-0.024264326277749215,True,1.0,-0.024264326277749215,1.2920249928220793,0,0.0,-0.0,2.1642416452585813,0,0.0,-0.0,20.41422574451573,0,0.0,-0.0,2.2894209504455763,0,0.0,-0.0,2.1294385137914227,0,0.0,-0.0,2.2894209504455763,0,0.0,-0.0,0.48831505699249156,0,0.0,-0.0,1.6414760172395988
2024-09-23,19.1,0.010582010582010692,True,1.0,0.010582010582010692,1.3056972149683448,0,0.0,0.0,2.1642416452585813,0,0.0,0.0,20.41422574451573,0,0.0,0.0,2.2894209504455763,0,0.0,0.0,2.1294385137914227,0,0.0,0.0,2.2894209504455763,0,0.0,0.0,0.48831505699249156,0,0.0,0.0,1.6414760172395988
2024-09-24,19.42,0.01675392670157061,True,1.0,0.01675392670157061,1.3275727704023694,0,0.0,0.0,2.1642416452585813,0,0.0,0.0,20.41422574451573,0,0.0,0.0,2.2894209504455763,0,0.0,0.0,2.1294385137914227,0,0.0,0.0,2.2894209504455763,0,0.0,0.0,0.48831505699249156,0,0.0,0.0,1.6414760172395988
2024-09-25,19.3,-0.006179196704428458,True,1.0,-0.006179196704428458,1.31936943711461,0,0.0,-0.0,2.1642416452585813,0,0.0,-0.0,20.41422574451573,0,0.0,-0.0,2.2894209504455763,0,0.0,-0.0,2.1294385137914227,0,0.0,-0.0,2.2894209504455763,0,0.0,-0.0,0.48831505699249156,0,0.0,-0.0,1.6414760172395988
2024-09-26,20.31,0.052331606217616455,True,1.0,0.052331606217616455,1.3884141589532502,0,0.0,0.0,2.1642416452585813,0,0.0,0.0,20.41422574451573,0,0.0,0.0,2.2894209504455763,0,0.0,0.0,2.1294385137914227,0,0.0,0.0,2.2894209504455763,0,0.0,0.0,0.48831505699249156,0,0.0,0.0,1.6414760172395988
2024-09-27,20.83,0.025603151157065573,True,1.0,0.025603151157065573,1.4239619365335403,0,0.0,0.0,2.1642416452585813,0,0.0,0.0,20.41422574451573,0,0.0,0.0,2.2894209504455763,0,0.0,0.0,2.1294385137914227,0,0.0,0.0,2.2894209504455763,0,0.0,0.0,0.48831505699249156,0,0.0,0.0,1.6414760172395988
2024-09-28,20.55,-0.01344215074411892,True,1.0,-0.01344215074411892,1.4048208255287689,0,0.0,-0.0,2.1642416452585813,0,0.0,-0.0,20.41422574451573,0,0.0,-0.0,2.2894209504455763,0,0.0,-0.0,2.1294385137914227,0,0.0,-0.0,2.2894209504455763,0,0.0,-0.0,0.48831505699249156,0,0.0,-0.0,1.6414760172395988
2024-09-29,20.43,-0.00583941605839422,True,1.0,-0.00583941605839422,1.3966174922410095,0,0.0,-0.0,2.1642416452585813,0,0.0,-0.0,20.41422574451573,0,0.0,-0.0,2.2894209504455763,0,0.0,-0.0,2.1294385137914227,0,0.0,-0.0,2.2894209504455763,0,0.0,-0.0,0.48831505699249156,0,0.0,-0.0,1.6414760172395988
2024-09-30,19.46,-0.047479197258932904,True,1.0,-0.047479197258932904,1.3303072148316224,0,0.0,-0.0,2.1642416452585813,0,0.0,-0.0,20.41422574451573,0,0.0,-0.0,2.2894209504455763,0,0.0,-0.0,2.1294385137914227,0,0.0,-0.0,2.2894209504455763,0,0.0,-0.0,0.48831505699249156,0,0.0,-0.0,1.6414760172395988
2024-10-01,18.41,-0.0539568345323741,False,1.0,-0.0539568345323741,1.2585280485637291,0,0.0,-0.0,2.1642416452585813,0,0.0,-0.0,20.41422574451573,0,0.0,-0.0,2.2894209504455763,0,0.0,-0.0,2.1294385137914227,0,0.0,-0.0,2.2894209504455763,0,0.0,-0.0,0.48831505699249156,0,0.0,-0.0,1.6414760172395988
2024-10-02,17.94,-0.025529603476371454,False,1.0,-0.025529603476371454,1.2263983265200056,0,0.0,-0.0,2.1642416452585813,0,0.0,-0.0,20.41422574451573,0,0.0,-0.0,2.2894209504455763,0,0.0,-0.0,2.1294385137914227,0,0.0,-0.0,2.2894209504455763,0,0.0,-0.0,0.48831505699249156,0,0.0,-0.0,1.6414760172395988
2024-10-03,18.51,0.03177257525083621,False,1.0,0.03177257525083621,1.265364159636862,0,0.0,0.0,2.1642416452585813,0,0.0,0.0,20.41422574451573,0,0.0,0.0,2.2894209504455763,0,0.0,0.0,2.1294385137914227,0,0.0,0.0,2.2894209504455763,0,0.0,0.0,0.48831505699249156,0,0.0,0.0,1.6414760172395988
2024-10-04,18.77,0.01404646137223109,True,1.0,0.01404646137223109,1.283138048427007,0,0.0,0.0,2.1642416452585813,0,0.0,0.0,20.41422574451573,0,0.0,0.0,2.2894209504455763,0,0.0,0.0,2.1294385137914227,0,0.0,0.0,2.2894209504455763,0,0.0,0.0,0.48831505699249156,0,0.0,0.0,1.6414760172395988
2024-10-05,18.55,-0.01172083111347888,True,1.0,-0.01172083111347888,1.268098604066115,0,0.0,-0.0,2.1642416452585813,0,0.0,-0.0,20.41422574451573,0,0.0,-0.0,2.2894209504455763,0,0.0,-0.0,2.1294385137914227,0,0.0,-0.0,2.2894209504455763,0,0.0,-0.0,0.48831505699249156,0,0.0,-0.0,1.6414760172395988
2024-10-06,18.76,0.01132075471698113,True,1.0,0.01132075471698113,1.2824544373196938,0,0.0,0.0,2.1642416452585813,0,0.0,0.0,20.41422574451573,0,0.0,0.0,2.2894209504455763,0,0.0,0.0,2.1294385137914227,0,0.0,0.0,2.2894209504455763,0,0.0,0.0,0.48831505699249156,0,0.0,0.0,1.6414760172395988
2024-10-07,18.57,-0.010127931769722931,True,1.0,-0.010127931769722931,1.2694658262807414,0,0.0,-0.0,2.1642416452585813,0,0.0,-0.0,20.41422574451573,0,0.0,-0.0,2.2894209504455763,0,0.0,-0.0,2.1294385137914227,0,0.0,-0.0,2.2894209504455763,0,0.0,-0.0,0.48831505699249156,0,0.0,-0.0,1.6414760172395988
2024-10-08,18.34,-0.012385568120624635,True,1.0,-0.012385568120624635,1.2537427708125364,0,0.0,-0.0,2.1642416452585813,0,0.0,-0.0,20.41422574451573,0,0.0,-0.0,2.2894209504455763,0,0.0,-0.0,2.1294385137914227,0,0.0,-0.0,2.2894209504455763,0,0.0,-0.0,0.48831505699249156,0,0.0,-0.0,1.6414760172395988
2024-10-09,18.12,-0.01199563794983638,False,1.0,-0.01199563794983638,1.2387033264516445,0,0.0,-0.0,2.1642416452585813,0,0.0,-0.0,20.41422574451573,0,0.0,-0.0,2.2894209504455763,0,0.0,-0.0,2.1294385137914227,0,0.0,-0.0,2.2894209504455763,0,0.0,-0.0,0.48831505699249156,0,0.0,-0.0,1.6414760172395988
2024-10-10,18.2,0.004415011037527394,False,1.0,0.004415011037527394,1.2441722153101504,0,0.0,0.0,2.1642416452585813,0,0.0,0.0,20.41422574451573,0,0.0,0.0,2.2894209504455763,0,0.0,0.0,2.1294385137914227,0,0.0,0.0,2.2894209504455763,0,0.0,0.0,0.48831505699249156,0,0.0,0.0,1.6414760172395988
2024-10-11,18.59,0.021428571428571352,False,1.0,0.021428571428571352,1.2708330484953678,0,0.0,0.0,2.1642416452585813,0,0.0,0.0,20.41422574451573,0,0.0,0.0,2.2894209504455763,0,0.0,0.0,2.1294385137914227,0,0.0,0.0,2.2894209504455763,0,0.0,0.0,0.48831505699249156,0,0.0,0.0,1.6414760172395988
2024-10-12,18.77,0.00968262506724038,False,1.0,0.00968262506724038,1.2831380484270065,0,0.0,0.0,2.1642416452585813,0,0.0,0.0,20.41422574451573,0,0.0,0.0,2.2894209504455763,0,0.0,0.0,2.1294385137914227,0,0.0,0.0,2.2894209504455763,0,0.0,0.0,0.48831505699249156,0,0.0,0.0,1.6414760172395988
2024-10-13,18.55,-0.01172083111347888,False,1.0,-0.01172083111347888,1.2680986040661146,0,0.0,-0.0,2.1642416452585813,0,0.0,-0.0,20.41422574451573,0,0.0,-0.0,2.2894209504455763,0,0.0,-0.0,2.1294385137914227,0,0.0,-0.0,2.2894209504455763,0,0.0,-0.0,0.48831505699249156,0,0.0,-0.0,1.6414760172395988
2024-10-14,19.5,0.05121293800539073,True,1.0,0.05121293800539073,1.3330416592608751,0,0.0,0.0,2.1642416452585813,0,0.0,0.0,20.41422574451573,0,0.0,0.0,2.2894209504455763,0,0.0,0.0,2.1294385137914227,0,0.0,0.0,2.2894209504455763,0,0.0,0.0,0.48831505699249156,0,0.0,0.0,1.6414760172395988
2024-10-15,19.36,-0.007179487179487243,True,1.0,-0.007179487179487243,1.3234711037584892,0,0.0,-0.0,2.1642416452585813,0,0.0,-0.0,20.41422574451573,0,0.0,-0.0,2.2894209504455763,0,0.0,-0.0,2.1294385137914227,0,0.0,-0.0,2.2894209504455763,0,0.0,-0.0,0.48831505699249156,0,0.0,-0.0,1.6414760172395988
2024-10-16,19.38,0.0010330578512396382,False,1.0,0.0010330578512396382,1.3248383259731158,0,0.0,0.0,2.1642416452585813,0,0.0,0.0,20.41422574451573,0,0.0,0.0,2.2894209504455763,0,0.0,0.0,2.1294385137914227,0,0.0,0.0,2.2894209504455763,0,0.0,0.0,0.48831505699249156,0,0.0,0.0,1.6414760172395988
2024-10-17,19.04,-0.01754385964912275,False,1.0,-0.01754385964912275,1.3015955483244648,0,0.0,-0.0,2.1642416452585813,0,0.0,-0.0,20.41422574451573,0,0.0,-0.0,2.2894209504455763,0,0.0,-0.0,2.1294385137914227,0,0.0,-0.0,2.2894209504455763,0,0.0,-0.0,0.48831505699249156,0,0.0,-0.0,1.6414760172395988
2024-10-18,19.36,0.01680672268907557,False,1.0,0.01680672268907557,1.3234711037584894,0,0.0,0.0,2.1642416452585813,0,0.0,0.0,20.41422574451573,0,0.0,0.0,2.2894209504455763,0,0.0,0.0,2.1294385137914227,0,0.0,0.0,2.2894209504455763,0,0.0,0.0,0.48831505699249156,0,0.0,0.0,1.6414760172395988
2024-10-19,19.9,0.02789256198347112,False,1.0,0.02789256198347112,1.360386103553406,0,0.0,0.0,2.1642416452585813,0,0.0,0.0,20.41422574451573,0,0.0,0.0,2.2894209504455763,0,0.0,0.0,2.1294385137914227,0,0.0,0.0,2.2894209504455763,0,0.0,0.0,0.48831505699249156,0,0.0,0.0,1.6414760172395988
2024-10-20,20.2,0.015075376884422065,True,1.0,0.015075376884422065,1.380894436772804,0,0.0,0.0,2.1642416452585813,0,0.0,0.0,20.41422574451573,0,0.0,0.0,2.2894209504455763,0,0.0,0.0,2.1294385137914227,0,0.0,0.0,2.2894209504455763,0,0.0,0.0,0.48831505699249156,0,0.0,0.0,1.6414760172395988
2024-10-21,19.42,-0.03861386138613854,True,1.0,-0.03861386138613854,1.327572770402369,0,0.0,-0.0,2.1642416452585813,0,0.0,-0.0,20.41422574451573,0,0.0,-0.0,2.2894209504455763,0,0.0,-0.0,2.1294385137914227,0,0.0,-0.0,2.2894209504455763,0,0.0,-0.0,0.48831505699249156,0,0.0,-0.0,1.6414760172395988
2024-10-22,19.07,-0.018022657054582947,True,1.0,-0.018022657054582947,1.3036463816464046,0,0.0,-0.0,2.1642416452585813,0,0.0,-0.0,20.41422574451573,0,0.0,-0.0,2.2894209504455763,0,0.0,-0.0,2.1294385137914227,0,0.0,-0.0,2.2894209504455763,0,0.0,-0.0,0.48831505699249156,0,0.0,-0.0,1.6414760172395988
2024-10-23,18.64,-0.02254850550603038,True,1.0,-0.02254850550603038,1.274251104031934,0,0.0,-0.0,2.1642416452585813,0,0.0,-0.0,20.41422574451573,0,0.0,-0.0,2.2894209504455763,0,0.0,-0.0,2.1294385137914227,0,0.0,-0.0,2.2894209504455763,0,0.0,-0.0,0.48831505699249156,0,0.0,-0.0,1.6414760172395988
2024-10-24,18.87,0.012339055793991527,True,1.0,0.012339055793991527,1.2899741595001393,0,0.0,0.0,2.1642416452585813,0,0.0,0.0,20.41422574451573,0,0.0,0.0,2.2894209504455763,0,0.0,0.0,2.1294385137914227,0,0.0,0.0,2.2894209504455763,0,0.0,0.0,0.48831505699249156,0,0.0,0.0,1.6414760172395988
2024-10-25,18.25,-0.03285638579756234,False,1.0,-0.03285638579756234,1.2475902708467166,0,0.0,-0.0,2.1642416452585813,0,0.0,-0.0,20.41422574451573,0,0.0,-0.0,2.2894209504455763,0,0.0,-0.0,2.1294385137914227,0,0.0,-0.0,2.2894209504455763,0,0.0,-0.0,0.48831505699249156,0,0.0,-0.0,1.6414760172395988
2024-10-26,18.23,-0.0010958904109589218,False,1.0,-0.0010958904109589218,1.24622304863209,0,0.0,-0.0,2.1642416452585813,0,0.0,-0.0,20.41422574451573,0,0.0,-0.0,2.2894209504455763,0,0.0,-0.0,2.1294385137914227,0,0.0,-0.0,2.2894209504455763,0,0.0,-0.0,0.48831505699249156,0,0.0,-0.0,1.6414760172395988
2024-10-27,18.41,0.009873834339001686,False,1.0,0.009873834339001686,1.258528048563729,0,0.0,0.0,2.1642416452585813,0,0.0,0.0,20.41422574451573,0,0.0,0.0,2.2894209504455763,0,0.0,0.0,2.1294385137914227,0,0.0,0.0,2.2894209504455763,0,0.0,0.0,0.48831505699249156,0,0.0,0.0,1.6414760172395988
2024-10-28,19.0,0.032047800108636615,True,1.0,0.032047800108636615,1.2988611038952118,0,0.0,0.0,2.1642416452585813,0,0.0,0.0,20.41422574451573,0,0.0,0.0,2.2894209504455763,0,0.0,0.0,2.1294385137914227,0,0.0,0.0,2.2894209504455763,0,0.0,0.0,0.48831505699249156,0,0.0,0.0,1.6414760172395988
2024-10-29,19.43,0.022631578947368336,True,1.0,0.022631578947368336,1.3282563815096824,0,0.0,0.0,2.1642416452585813,0,0.0,0.0,20.41422574451573,0,0.0,0.0,2.2894209504455763,0,0.0,0.0,2.1294385137914227,0,0.0,0.0,2.2894209504455763,0,0.0,0.0,0.48831505699249156,0,0.0,0.0,1.6414760172395988
2024-10-30,19.45,0.0010293360782294148,True,1.0,0.0010293360782294148,1.3296236037243088,0,0.0,0.0,2.1642416452585813,0,0.0,0.0,20.41422574451573,0,0.0,0.0,2.2894209504455763,0,0.0,0.0,2.1294385137914227,0,0.0,0.0,2.2894209504455763,0,0.0,0.0,0.48831505699249156,0,0.0,0.0,1.6414760172395988
2024-10-31,18.6,-0.04370179948586106,True,1.0,-0.04370179948586106,1.271516659602681,0,0.0,-0.0,2.1642416452585813,0,0.0,-0.0,20.41422574451573,0,0.0,-0.0,2.2894209504455763,0,0.0,-0.0,2.1294385137914227,0,0.0,-0.0,2.2894209504455763,0,0.0,-0.0,0.48831505699249156,0,0.0,-0.0,1.6414760172395988
2024-11-01,18.46,-0.007526881720430145,False,1.0,-0.007526881720430145,1.2619461041002953,0,0.0,-0.0,2.1642416452585813,0,0.0,-0.0,20.41422574451573,0,0.0,-0.0,2.2894209504455763,0,0.0,-0.0,2.1294385137914227,0,0.0,-0.0,2.2894209504455763,0,0.0,-0.0,0.48831505699249156,0,0.0,-0.0,1.6414760172395988
2024-11-02,18.12,-0.018418201516793076,False,1.0,-0.018418201516793076,1.238703326451644,0,0.0,-0.0,2.1642416452585813,0,0.0,-0.0,20.41422574451573,0,0.0,-0.0,2.2894209504455763,0,0.0,-0.0,2.1294385137914227,0,0.0,-0.0,2.2894209504455763,0,0.0,-0.0,0.48831505699249156,0,0.0,-0.0,1.6414760172395988
2024-11-03,17.8,-0.017660044150110354,False,1.0,-0.017660044150110354,1.2168277710176194,0,0.0,-0.0,2.1642416452585813,0,0.0,-0.0,20.41422574451573,0,0.0,-0.0,2.2894209504455763,0,0.0,-0.0,2.1294385137914227,0,0.0,-0.0,2.2894209504455763,0,0.0,-0.0,0.48831505699249156,0,0.0,-0.0,1.6414760172395988
2024-11-04,17.6,-0.011235955056179692,False,1.0,-0.011235955056179692,1.2031555488713541,0,0.0,-0.0,2.1642416452585813,0,0.0,-0.0,20.41422574451573,0,0.0,-0.0,2.2894209504455763,0,0.0,-0.0,2.1294385137914227,0,0.0,-0.0,2.2894209504455763,0,0.0,-0.0,0.48831505699249156,0,0.0,-0.0,1.6414760172395988
2024-11-05,18.22,0.03522727272727266,False,1.0,0.03522727272727266,1.2455394375247768,0,0.0,0.0,2.1642416452585813,0,0.0,0.0,20.41422574451573,0,0.0,0.0,2.2894209504455763,0,0.0,0.0,2.1294385137914227,0,0.0,0.0,2.2894209504455763,0,0.0,0.0,0.48831505699249156,0,0.0,0.0,1.6414760172395988
2024-11-06,19.69,0.08068057080131741,True,1.0,0.08068057080131741,1.3460302702998277,0,0.0,0.0,2.1642416452585813,0,0.0,0.0,20.41422574451573,0,0.0,0.0,2.2894209504455763,0,0.0,0.0,2.1294385137914227,0,0.0,0.0,2.2894209504455763,0,0.0,0.0,0.48831505699249156,0,0.0,0.0,1.6414760172395988
2024-11-07,20.27,0.02945657694261028,True,1.0,0.02945657694261028,1.3856797145239972,0,0.0,0.0,2.1642416452585813,0,0.0,0.0,20.41422574451573,0,0.0,0.0,2.2894209504455763,0,0.0,0.0,2.1294385137914227,0,0.0,0.0,2.2894209504455763,0,0.0,0.0,0.48831505699249156,0,0.0,0.0,1.6414760172395988
2024-11-08,20.45,0.008880118401578763,True,1.0,0.008880118401578763,1.397984714455636,0,0.0,0.0,2.1642416452585813,0,0.0,0.0,20.41422574451573,0,0.0,0.0,2.2894209504455763,0,0.0,0.0,2.1294385137914227,0,0.0,0.0,2.2894209504455763,0,0.0,0.0,0.48831505699249156,0,0.0,0.0,1.6414760172395988
2024-11-09,21.76,0.06405867970660162,True,1.0,0.06405867970660162,1.4875377695136747,0,0.0,0.0,2.1642416452585813,0,0.0,0.0,20.41422574451573,0,0.0,0.0,2.2894209504455763,0,0.0,0.0,2.1294385137914227,0,0.0,0.0,2.2894209504455763,0,0.0,0.0,0.48831505699249156,0,0.0,0.0,1.6414760172395988
2024-11-10,23.02,0.05790441176470584,True,1.0,0.05790441176470584,1.5736727690351466,0,0.0,0.0,2.1642416452585813,0,0.0,0.0,20.41422574451573,0,0.0,0.0,2.2894209504455763,0,0.0,0.0,2.1294385137914227,0,0.0,0.0,2.2894209504455763,0,0.0,0.0,0.48831505699249156,0,0.0,0.0,1.6414760172395988
2024-11-11,24.37,0.058644656820156404,True,1.0,0.058644656820156404,1.6659602685224382,0,0.0,0.0,2.1642416452585813,0,0.0,0.0,20.41422574451573,0,0.0,0.0,2.2894209504455763,0,0.0,0.0,2.1294385137914227,0,0.0,0.0,2.2894209504455763,0,0.0,0.0,0.48831505699249156,0,0.0,0.0,1.6414760172395988
2024-11-12,22.75,-0.0664751743947477,True,1.0,-0.0664751743947477,1.5552152691376884,0,0.0,-0.0,2.1642416452585813,0,0.0,-0.0,20.41422574451573,0,0.0,-0.0,2.2894209504455763,0,0.0,-0.0,2.1294385137914227,0,0.0,-0.0,2.2894209504455763,0,0.0,-0.0,0.48831505699249156,0,0.0,-0.0,1.6414760172395988
2024-11-13,22.09,-0.029010989010988975,True,1.0,-0.029010989010988975,1.5100969360550127,0,0.0,-0.0,2.1642416452585813,0,0.0,-0.0,20.41422574451573,0,0.0,-0.0,2.2894209504455763,0,0.0,-0.0,2.1294385137914227,0,0.0,-0.0,2.2894209504455763,0,0.0,-0.0,0.48831505699249156,0,0.0,-0.0,1.6414760172395988
2024-11-14,21.8,-0.013128112267994485,True,1.0,-0.013128112267994485,1.490272213942928,0,0.0,-0.0,2.1642416452585813,0,0.0,-0.0,20.41422574451573,0,0.0,-0.0,2.2894209504455763,0,0.0,-0.0,2.1294385137914227,0,0.0,-0.0,2.2894209504455763,0,0.0,-0.0,0.48831505699249156,0,0.0,-0.0,1.6414760172395988
2024-11-15,22.99,0.05458715596330266,True,1.0,0.05458715596330266,1.571621935713207,0,0.0,0.0,2.1642416452585813,0,0.0,0.0,20.41422574451573,0,0.0,0.0,2.2894209504455763,0,0.0,0.0,2.1294385137914227,0,0.0,0.0,2.2894209504455763,0,0.0,0.0,0.48831505699249156,0,0.0,0.0,1.6414760172395988
2024-11-16,26.73,0.16267942583732076,True,1.0,0.16267942583732076,1.8272924898483702,0,0.0,0.0,2.1642416452585813,1,0.0,0.0,20.41422574451573,0,0.0,0.0,2.2894209504455763,0,0.0,0.0,2.1294385137914227,0,0.0,0.0,2.2894209504455763,0,0.0,0.0,0.48831505699249156,0,0.0,0.0,1.6414760172395988
2024-11-17,25.84,-0.033295922184811144,True,1.0,-0.033295922184811144,1.766451101297489,0,0.0,-0.0,2.1642416452585813,0,1.0,-0.034295922184811145,19.71410104691865,0,0.0,-0.0,2.2894209504455763,0,0.0,-0.0,2.1294385137914227,0,0.0,-0.0,2.2894209504455763,0,0.0,-0.0,0.48831505699249156,0,0.0,-0.0,1.6414760172395988
2024-11-18,27.04,0.046439628482972006,True,1.0,0.046439628482972006,1.8484844341750812,0,0.0,0.0,2.1642416452585813,0,1.0,0.046439628482972006,20.629616575413323,0,0.0,0.0,2.2894209504455763,0,0.0,0.0,2.1294385137914227,0,0.0,0.0,2.2894209504455763,0,0.0,0.0,0.48831505699249156,0,0.0,0.0,1.6414760172395988
2024-11-19,26.16,-0.032544378698224796,True,1.0,-0.032544378698224796,1.7883266567315137,0,0.0,-0.0,2.1642416452585813,0,1.0,-0.032544378698224796,19.958238521183898,0,0.0,-0.0,2.2894209504455763,0,0.0,-0.0,2.1294385137914227,0,0.0,-0.0,2.2894209504455763,0,0.0,-0.0,0.48831505699249156,0,0.0,-0.0,1.6414760172395988
2024-11-20,25.37,-0.030198776758409762,True,1.0,-0.030198776758409762,1.7343213792537655,0,0.0,-0.0,2.1642416452585813,0,1.0,-0.030198776758409762,19.355524131591572,0,0.0,-0.0,2.2894209504455763,0,0.0,-0.0,2.1294385137914227,0,0.0,-0.0,2.2894209504455763,0,0.0,-0.0,0.48831505699249156,0,0.0,-0.0,1.6414760172395988
2024-11-21,27.34,0.07765076862435949,True,1.0,0.07765076862435949,1.8689927673944797,0,0.0,0.0,2.1642416452585813,0,1.0,0.07765076862435949,20.858495457536996,0,0.0,0.0,2.2894209504455763,0,0.0,0.0,2.1294385137914227,0,0.0,0.0,2.2894209504455763,0,0.0,0.0,0.48831505699249156,0,0.0,0.0,1.6414760172395988
2024-11-22,28.52,0.0431602048280908,True,1.0,0.0431602048280908,1.9496588780574458,0,0.0,0.0,2.1642416452585813,0,1.0,0.0431602048280908,21.758752393890095,0,0.0,0.0,2.2894209504455763,0,0.0,0.0,2.1294385137914227,0,0.0,0.0,2.2894209504455763,0,0.0,0.0,0.48831505699249156,0,0.0,0.0,1.6414760172395988
2024-11-23,29.64,0.03927068723702676,True,1.0,0.03927068723702676,2.026223322076532,0,0.0,0.0,2.1642416452585813,0,1.0,0.03927068723702676,22.61323355381846,0,0.0,0.0,2.2894209504455763,0,0.0,0.0,2.1294385137914227,0,0.0,0.0,2.2894209504455763,0,0.0,0.0,0.48831505699249156,0,0.0,0.0,1.6414760172395988
2024-11-24,28.84,-0.026990553306342813,True,1.0,-0.026990553306342813,1.9715344334914704,0,0.0,-0.0,2.1642416452585813,0,1.0,-0.026990553306342813,22.002889868155343,0,0.0,-0.0,2.2894209504455763,0,0.0,-0.0,2.1294385137914227,0,0.0,-0.0,2.2894209504455763,0,0.0,-0.0,0.48831505699249156,0,0.0,-0.0,1.6414760172395988
2024-11-25,29.77,0.03224687933425807,True,1.0,0.03224687933425807,2.0351102664716048,0,0.0,0.0,2.1642416452585813,0,1.0,0.03224687933425807,22.712414402738716,0,0.0,0.0,2.2894209504455763,0,0.0,0.0,2.1294385137914227,0,0.0,0.0,2.2894209504455763,0,0.0,0.0,0.48831505699249156,0,0.0,0.0,1.6414760172395988
2024-11-26,28.33,-0.04837084313066853,True,1.0,-0.04837084313066853,1.9366702670184937,0,0.0,-0.0,2.1642416452585813,0,1.0,-0.04837084313066853,21.613795768545106,0,0.0,-0.0,2.2894209504455763,0,0.0,-0.0,2.1294385137914227,0,0.0,-0.0,2.2894209504455763,0,0.0,-0.0,0.48831505699249156,0,0.0,-0.0,1.6414760172395988
2024-11-27,32.9,0.16131309565831287,True,1.0,0.16131309565831287,2.2490805430606584,0,0.0,0.0,2.1642416452585813,1,1.0,0.16131309565831287,25.10038407289566,0,0.0,0.0,2.2894209504455763,0,0.0,0.0,2.1294385137914227,0,0.0,0.0,2.2894209504455763,0,0.0,0.0,0.48831505699249156,0,0.0,0.0,1.6414760172395988
2024-11-28,31.91,-0.030091185410334287,True,1.0,-0.030091185410334287,2.181403043436645,0,0.0,-0.0,2.1642416452585813,0,1.0,-0.030091185410334287,24.345083761887555,0,0.0,-0.0,2.2894209504455763,0,0.0,-0.0,2.1294385137914227,0,0.0,-0.0,2.2894209504455763,0,0.0,-0.0,0.48831505699249156,0,0.0,-0.0,1.6414760172395988
2024-11-29,31.94,0.0009401441554373058,True,1.0,0.0009401441554373058,2.183453876758585,0,0.0,0.0,2.1642416452585813,0,1.0,0.0009401441554373058,24.367971650099925,0,0.0,0.0,2.2894209504455763,0,0.0,0.0,2.1294385137914227,0,0.0,0.0,2.2894209504455763,0,0.0,0.0,0.48831505699249156,0,0.0,0.0,1.6414760172395988
2024-11-30,32.7,0.0237946149029431,True,1.0,0.0237946149029431,2.235408320914394,0,0.0,0.0,2.1642416452585813,0,1.0,0.0237946149029431,24.947798151479887,0,0.0,0.0,2.2894209504455763,0,0.0,0.0,2.1294385137914227,0,0.0,0.0,2.2894209504455763,0,0.0,0.0,0.48831505699249156,0,0.0,0.0,1.6414760172395988
2024-12-01,33.32,0.018960244648317914,True,1.0,0.018960244648317914,2.2777922095678163,0,0.0,0.0,2.1642416452585813,0,1.0,0.018960244648317914,25.420814507868798,0,0.0,0.0,2.2894209504455763,0,0.0,0.0,2.1294385137914227,0,0.0,0.0,2.2894209504455763,0,0.0,0.0,0.48831505699249156,0,0.0,0.0,1.6414760172395988
2024-12-02,33.87,0.0165066026410563,True,1.0,0.0165066026410563,2.315390820470046,0,0.0,0.0,2.1642416452585813,0,1.0,0.0165066026410563,25.840425791762186,0,0.0,0.0,2.2894209504455763,0,0.0,0.0,2.1294385137914227,0,0.0,0.0,2.2894209504455763,0,0.0,0.0,0.48831505699249156,0,0.0,0.0,1.6414760172395988
2024-12-03,34.72,0.02509595512252738,True,1.0,0.02509595512252738,2.373497764591674,0,0.0,0.0,2.1642416452585813,0,1.0,0.02509595512252738,26.48891595777925,0,0.0,0.0,2.2894209504455763,0,0.0,0.0,2.1294385137914227,0,0.0,0.0,2.2894209504455763,0,0.0,0.0,0.48831505699249156,0,0.0,0.0,1.6414760172395988
2024-12-04,37.7,0.08582949308755783,True,1.0,0.08582949308755783,2.577213874571029,0,0.0,0.0,2.1642416452585813,0,1.0,0.08582949308755783,28.762446186874364,0,0.0,0.0,2.2894209504455763,0,0.0,0.0,2.1294385137914227,0,0.0,0.0,2.2894209504455763,0,0.0,0.0,0.48831505699249156,0,0.0,0.0,1.6414760172395988
2024-12-05,35.61,-0.05543766578249343,True,1.0,-0.05543766578249343,2.434339153142555,0,0.0,-0.0,2.1642416452585813,0,1.0,-0.05543766578249343,27.16792330807947,0,0.0,-0.0,2.2894209504455763,0,0.0,-0.0,2.1294385137914227,0,0.0,-0.0,2.2894209504455763,0,0.0,-0.0,0.48831505699249156,0,0.0,-0.0,1.6414760172395988
2024-12-06,38.27,0.0746981185060378,True,1.0,0.0746981185060378,2.6161797076878854,0,0.0,0.0,2.1642416452585813,0,1.0,0.0746981185060378,29.197316062909337,0,0.0,0.0,2.2894209504455763,0,0.0,0.0,2.1294385137914227,0,0.0,0.0,2.2894209504455763,0,0.0,0.0,0.48831505699249156,0,0.0,0.0,1.6414760172395988
2024-12-07,37.2,-0.02795923700026126,True,1.0,-0.02795923700026126,2.5430333192053656,0,0.0,-0.0,2.1642416452585813,0,1.0,-0.02795923700026126,28.38098138333492,0,0.0,-0.0,2.2894209504455763,0,0.0,-0.0,2.1294385137914227,0,0.0,-0.0,2.2894209504455763,0,0.0,-0.0,0.48831505699249156,0,0.0,-0.0,1.6414760172395988
2024-12-08,37.08,-0.003225806451613078,True,1.0,-0.003225806451613078,2.534829985917606,0,0.0,-0.0,2.1642416452585813,0,1.0,-0.003225806451613078,28.289429830485446,0,0.0,-0.0,2.2894209504455763,0,0.0,-0.0,2.1294385137914227,0,0.0,-0.0,2.2894209504455763,0,0.0,-0.0,0.48831505699249156,0,0.0,-0.0,1.6414760172395988
2024-12-09,31.35,-0.15453074433656955,True,1.0,-0.15453074433656955,2.143120821427102,0,0.0,-0.0,2.1642416452585813,1,1.0,-0.15453074433656955,23.917843181923377,0,0.0,-0.0,2.2894209504455763,0,0.0,-0.0,2.1294385137914227,0,0.0,-0.0,2.2894209504455763,0,0.0,-0.0,0.48831505699249156,0,0.0,-0.0,1.6414760172395988
2024-12-10,30.19,-0.0370015948963317,True,1.0,-0.0370015948963317,2.0638219329787626,0,0.0,-0.0,2.1642416452585813,1,1.0,-0.0370015948963317,23.03284483771186,0,0.0,-0.0,2.2894209504455763,0,0.0,-0.0,2.1294385137914227,0,0.0,-0.0,2.2894209504455763,0,0.0,-0.0,0.48831505699249156,0,0.0,-0.0,1.6414760172395988
2024-12-11,33.49,0.10930771778734671,True,1.0,0.10930771778734671,2.2894135983921418,0,0.0,0.0,2.1642416452585813,0,1.0,0.10930771778734671,25.550512541072212,0,0.0,0.0,2.2894209504455763,0,0.0,0.0,2.1294385137914227,0,0.0,0.0,2.2894209504455763,0,0.0,0.0,0.48831505699249156,0,0.0,0.0,1.6414760172395988
2024-12-12,33.82,0.009853687667960465,True,1.0,0.009853687667960465,2.3119727649334796,0,0.0,0.0,2.1642416452585813,0,1.0,0.009853687667960465,25.802279311408245,0,0.0,0.0,2.2894209504455763,0,0.0,0.0,2.1294385137914227,0,0.0,0.0,2.2894209504455763,0,0.0,0.0,0.48831505699249156,0,0.0,0.0,1.6414760172395988
2024-12-13,34.01,0.00561797752808979,True,1.0,0.00561797752808979,2.3249613759724315,0,0.0,0.0,2.1642416452585813,0,1.0,0.00561797752808979,25.947235936753234,0,0.0,0.0,2.2894209504455763,0,0.0,0.0,2.1294385137914227,0,0.0,0.0,2.2894209504455763,0,0.0,0.0,0.48831505699249156,0,0.0,0.0,1.6414760172395988
2024-12-14,32.56,-0.04263451925904138,True,1.0,-0.04263451925904138,2.2258377654120074,0,0.0,-0.0,2.1642416452585813,0,1.0,-0.04263451925904138,24.84098800648884,0,0.0,-0.0,2.2894209504455763,0,0.0,-0.0,2.1294385137914227,0,0.0,-0.0,2.2894209504455763,0,0.0,-0.0,0.48831505699249156,0,0.0,-0.0,1.6414760172395988
2024-12-15,33.79,0.03777641277641264,True,1.0,0.03777641277641264,2.309921931611539,0,0.0,0.0,2.1642416452585813,0,1.0,0.03777641277641264,25.77939142319588,0,0.0,0.0,2.2894209504455763,0,0.0,0.0,2.1294385137914227,0,0.0,0.0,2.2894209504455763,0,0.0,0.0,0.48831505699249156,0,0.0,0.0,1.6414760172395988
2024-12-16,33.21,-0.01716484166913279,True,1.0,-0.01716484166913279,2.27027248738737,0,0.0,-0.0,2.1642416452585813,0,1.0,-0.01716484166913279,25.33689225109012,0,0.0,-0.0,2.2894209504455763,0,0.0,-0.0,2.1294385137914227,0,0.0,-0.0,2.2894209504455763,0,0.0,-0.0,0.48831505699249156,0,0.0,-0.0,1.6414760172395988
2024-12-17,32.5,-0.021379102679915718,False,1.0,-0.021379102679915718,2.221736098768128,0,0.0,-0.0,2.1642416452585813,0,1.0,-0.021379102679915718,24.795212230064102,0,0.0,-0.0,2.2894209504455763,0,0.0,-0.0,2.1294385137914227,0,0.0,-0.0,2.2894209504455763,0,0.0,-0.0,0.48831505699249156,0,0.0,-0.0,1.6414760172395988
2024-12-18,29.4,-0.0953846153846154,False,1.0,-0.0953846153846154,2.009816655501014,0,0.0,-0.0,2.1642416452585813,0,1.0,-0.0953846153846154,22.430130448119527,0,0.0,-0.0,2.2894209504455763,0,0.0,-0.0,2.1294385137914227,0,0.0,-0.0,2.2894209504455763,0,0.0,-0.0,0.48831505699249156,0,0.0,-0.0,1.6414760172395988
2024-12-19,26.72,-0.09115646258503396,False,1.0,-0.09115646258503396,1.826608878741058,0,0.0,-0.0,2.1642416452585813,0,1.0,-0.09115646258503396,20.38547910114809,0,0.0,-0.0,2.2894209504455763,0,0.0,-0.0,2.1294385137914227,0,0.0,-0.0,2.2894209504455763,0,0.0,-0.0,0.48831505699249156,0,0.0,-0.0,1.6414760172395988
2024-12-20,27.44,0.026946107784431295,False,1.0,0.026946107784431295,1.8758288784676136,0,0.0,0.0,2.1642416452585813,0,1.0,0.026946107784431295,20.934788418244896,0,0.0,0.0,2.2894209504455763,0,0.0,0.0,2.1294385137914227,0,0.0,0.0,2.2894209504455763,0,0.0,0.0,0.48831505699249156,0,0.0,0.0,1.6414760172395988
2024-12-21,26.03,-0.05138483965014573,False,1.0,-0.05138483965014573,1.7794397123364425,0,0.0,-0.0,2.1642416452585813,0,1.0,-0.05138483965014573,19.859057672263653,0,0.0,-0.0,2.2894209504455763,0,0.0,-0.0,2.1294385137914227,0,0.0,-0.0,2.2894209504455763,0,0.0,-0.0,0.48831505699249156,0,0.0,-0.0,1.6414760172395988
2024-12-22,25.98,-0.0019208605455244276,False,1.0,-0.0019208605455244276,1.7760216567998761,0,0.0,-0.0,2.1642416452585813,0,1.0,-0.0019208605455244276,19.82091119190971,0,0.0,-0.0,2.2894209504455763,0,0.0,-0.0,2.1294385137914227,0,0.0,-0.0,2.2894209504455763,0,0.0,-0.0,0.48831505699249156,0,0.0,-0.0,1.6414760172395988
2024-12-23,27.55,0.06043110084680525,False,1.0,0.06043110084680525,1.8833486006480595,0,0.0,0.0,2.1642416452585813,0,1.0,0.06043110084680525,21.018710675023573,0,0.0,0.0,2.2894209504455763,0,0.0,0.0,2.1294385137914227,0,0.0,0.0,2.2894209504455763,0,0.0,0.0,0.48831505699249156,0,0.0,0.0,1.6414760172395988
2024-12-24,27.94,0.014156079854809489,False,1.0,0.014156079854809489,1.9100094338332771,0,0.0,0.0,2.1642416452585813,0,1.0,0.014156079854809489,21.316253221784343,0,0.0,0.0,2.2894209504455763,0,0.0,0.0,2.1294385137914227,0,0.0,0.0,2.2894209504455763,0,0.0,0.0,0.48831505699249156,0,0.0,0.0,1.6414760172395988
2024-12-25,27.32,-0.022190408017179752,False,1.0,-0.022190408017179752,1.8676255451798542,0,0.0,-0.0,2.1642416452585813,0,1.0,-0.022190408017179752,20.843236865395426,0,0.0,-0.0,2.2894209504455763,0,0.0,-0.0,2.1294385137914227,0,0.0,-0.0,2.2894209504455763,0,0.0,-0.0,0.48831505699249156,0,0.0,-0.0,1.6414760172395988
2024-12-26,25.87,-0.05307467057101023,False,1.0,-0.05307467057101023,1.7685019346194302,0,0.0,-0.0,2.1642416452585813,0,1.0,-0.05307467057101023,19.736988935131027,0,0.0,-0.0,2.2894209504455763,0,0.0,-0.0,2.1294385137914227,0,0.0,-0.0,2.2894209504455763,0,0.0,-0.0,0.48831505699249156,0,0.0,-0.0,1.6414760172395988
2024-12-27,25.99,0.004638577502898977,False,1.0,0.004638577502898977,1.776705267907189,0,0.0,0.0,2.1642416452585813,0,1.0,0.004638577502898977,19.828540487980494,0,0.0,0.0,2.2894209504455763,0,0.0,0.0,2.1294385137914227,0,0.0,0.0,2.2894209504455763,0,0.0,0.0,0.48831505699249156,0,0.0,0.0,1.6414760172395988
2024-12-28,26.57,0.022316275490573467,False,1.0,0.022316275490573467,1.816354712131359,0,0.0,0.0,2.1642416452585813,0,1.0,0.022316275490573467,20.271039660086256,0,0.0,0.0,2.2894209504455763,0,0.0,0.0,2.1294385137914227,0,0.0,0.0,2.2894209504455763,0,0.0,0.0,0.48831505699249156,0,0.0,0.0,1.6414760172395988
2024-12-29,25.54,-0.03876552502822739,False,1.0,-0.03876552502822739,1.7459427680780921,0,0.0,-0.0,2.1642416452585813,0,1.0,-0.03876552502822739,19.485222164794994,0,0.0,-0.0,2.2894209504455763,0,0.0,-0.0,2.1294385137914227,0,0.0,-0.0,2.2894209504455763,0,0.0,-0.0,0.48831505699249156,0,0.0,-0.0,1.6414760172395988
2024-12-30,25.44,-0.003915426781519127,False,1.0,-0.003915426781519127,1.7391066570049596,0,0.0,-0.0,2.1642416452585813,0,1.0,-0.003915426781519127,19.408929204087105,0,0.0,-0.0,2.2894209504455763,0,0.0,-0.0,2.1294385137914227,0,0.0,-0.0,2.2894209504455763,0,0.0,-0.0,0.48831505699249156,0,0.0,-0.0,1.6414760172395988
2024-12-31,25.06,-0.01493710691823913,False,1.0,-0.01493710691823913,1.7131294349270552,0,0.0,-0.0,2.1642416452585813,0,0.0,-0.001,19.38952027488302,0,0.0,-0.0,2.2894209504455763,0,0.0,-0.0,2.1294385137914227,0,0.0,-0.0,2.2894209504455763,0,0.0,-0.0,0.48831505699249156,0,0.0,-0.0,1.6414760172395988
2025-01-01,25.81,0.02992817238627299,False,1.0,0.02992817238627299,1.7644002679755506,0,0.0,0.0,2.1642416452585813,0,0.0,0.0,19.38952027488302,0,0.0,0.0,2.2894209504455763,0,0.0,0.0,2.1294385137914227,0,0.0,0.0,2.2894209504455763,0,0.0,0.0,0.48831505699249156,0,0.0,0.0,1.6414760172395988
2025-01-02,26.9,0.04223169314219288,False,1.0,0.04223169314219288,1.8389138786726968,0,0.0,0.0,2.1642416452585813,0,0.0,0.0,19.38952027488302,0,0.0,0.0,2.2894209504455763,0,0.0,0.0,2.1294385137914227,0,0.0,0.0,2.2894209504455763,0,0.0,0.0,0.48831505699249156,0,0.0,0.0,1.6414760172395988
2025-01-03,28.44,0.05724907063197038,False,1.0,0.05724907063197038,1.9441899891989407,0,0.0,0.0,2.1642416452585813,0,0.0,0.0,19.38952027488302,0,0.0,0.0,2.2894209504455763,0,0.0,0.0,2.1294385137914227,0,0.0,0.0,2.2894209504455763,0,0.0,0.0,0.48831505699249156,0,0.0,0.0,1.6414760172395988
2025-01-04,28.36,-0.002812939521800395,False,1.0,-0.002812939521800395,1.9387211003404343,0,0.0,-0.0,2.1642416452585813,0,0.0,-0.0,19.38952027488302,0,0.0,-0.0,2.2894209504455763,0,0.0,-0.0,2.1294385137914227,0,0.0,-0.0,2.2894209504455763,0,0.0,-0.0,0.48831505699249156,0,0.0,-0.0,1.6414760172395988
2025-01-05,28.13,-0.008110014104372398,False,1.0,-0.008110014104372398,1.922998044872229,0,0.0,-0.0,2.1642416452585813,0,0.0,-0.0,19.38952027488302,0,0.0,-0.0,2.2894209504455763,0,0.0,-0.0,2.1294385137914227,0,0.0,-0.0,2.2894209504455763,0,0.0,-0.0,0.48831505699249156,0,0.0,-0.0,1.6414760172395988
2025-01-06,28.67,0.0191965872733737,False,1.0,0.0191965872733737,1.9599130446671458,0,0.0,0.0,2.1642416452585813,0,0.0,0.0,19.38952027488302,0,0.0,0.0,2.2894209504455763,0,0.0,0.0,2.1294385137914227,0,0.0,0.0,2.2894209504455763,0,0.0,0.0,0.48831505699249156,0,0.0,0.0,1.6414760172395988
2025-01-07,25.9,-0.09661667247994432,False,1.0,-0.09661667247994432,1.7705527679413697,0,0.0,-0.0,2.1642416452585813,0,0.0,-0.0,19.38952027488302,0,0.0,-0.0,2.2894209504455763,0,0.0,-0.0,2.1294385137914227,0,0.0,-0.0,2.2894209504455763,0,0.0,-0.0,0.48831505699249156,0,0.0,-0.0,1.6414760172395988
2025-01-08,25.26,-0.024710424710424617,False,1.0,-0.024710424710424617,1.7268016570733207,0,0.0,-0.0,2.1642416452585813,0,0.0,-0.0,19.38952027488302,0,0.0,-0.0,2.2894209504455763,0,0.0,-0.0,2.1294385137914227,0,0.0,-0.0,2.2894209504455763,0,0.0,-0.0,0.48831505699249156,0,0.0,-0.0,1.6414760172395988
2025-01-09,24.88,-0.01504354711005551,False,1.0,-0.01504354711005551,1.7008244349954162,0,0.0,-0.0,2.1642416452585813,0,0.0,-0.0,19.38952027488302,0,0.0,-0.0,2.2894209504455763,0,0.0,-0.0,2.1294385137914227,0,0.0,-0.0,2.2894209504455763,0,0.0,-0.0,0.48831505699249156,0,0.0,-0.0,1.6414760172395988
2025-01-10,25.66,0.031350482315112504,False,1.0,0.031350482315112504,1.7541461013658513,0,0.0,0.0,2.1642416452585813,0,0.0,0.0,19.38952027488302,0,0.0,0.0,2.2894209504455763,0,0.0,0.0,2.1294385137914227,0,0.0,0.0,2.2894209504455763,0,0.0,0.0,0.48831505699249156,0,0.0,0.0,1.6414760172395988
2025-01-11,25.55,-0.004286827747466804,False,1.0,-0.004286827747466804,1.7466263791854053,0,0.0,-0.0,2.1642416452585813,0,0.0,-0.0,19.38952027488302,0,0.0,-0.0,2.2894209504455763,0,0.0,-0.0,2.1294385137914227,0,0.0,-0.0,2.2894209504455763,0,0.0,-0.0,0.48831505699249156,0,0.0,-0.0,1.6414760172395988
2025-01-12,25.26,-0.011350293542074286,False,1.0,-0.011350293542074286,1.7268016570733207,0,0.0,-0.0,2.1642416452585813,0,0.0,-0.0,19.38952027488302,0,0.0,-0.0,2.2894209504455763,0,0.0,-0.0,2.1294385137914227,0,0.0,-0.0,2.2894209504455763,0,0.0,-0.0,0.48831505699249156,0,0.0,-0.0,1.6414760172395988
2025-01-13,24.59,-0.026524148851939877,False,1.0,-0.026524148851939877,1.6809997128833314,0,0.0,-0.0,2.1642416452585813,0,0.0,-0.0,19.38952027488302,0,0.0,-0.0,2.2894209504455763,0,0.0,-0.0,2.1294385137914227,0,0.0,-0.0,2.2894209504455763,0,0.0,-0.0,0.48831505699249156,0,0.0,-0.0,1.6414760172395988
2025-01-14,25.4,0.03294021960146387,False,1.0,0.03294021960146387,1.736372212575706,0,0.0,0.0,2.1642416452585813,0,0.0,0.0,19.38952027488302,0,0.0,0.0,2.2894209504455763,0,0.0,0.0,2.1294385137914227,0,0.0,0.0,2.2894209504455763,0,0.0,0.0,0.48831505699249156,0,0.0,0.0,1.6414760172395988
2025-01-15,27.13,0.06811023622047241,True,1.0,0.06811023622047241,1.8546369341409017,0,0.0,0.0,2.1642416452585813,0,0.0,0.0,19.38952027488302,0,0.0,0.0,2.2894209504455763,0,0.0,0.0,2.1294385137914227,0,0.0,0.0,2.2894209504455763,0,0.0,0.0,0.48831505699249156,0,0.0,0.0,1.6414760172395988
2025-01-16,26.7,-0.015849612974566885,True,1.0,-0.015849612974566885,1.825241656526431,0,0.0,-0.0,2.1642416452585813,0,0.0,-0.0,19.38952027488302,0,0.0,-0.0,2.2894209504455763,0,0.0,-0.0,2.1294385137914227,0,0.0,-0.0,2.2894209504455763,0,0.0,-0.0,0.48831505699249156,0,0.0,-0.0,1.6414760172395988
2025-01-17,28.26,0.05842696629213484,True,1.0,0.05842696629213484,1.9318849892673013,0,0.0,0.0,2.1642416452585813,0,0.0,0.0,19.38952027488302,0,0.0,0.0,2.2894209504455763,0,0.0,0.0,2.1294385137914227,0,0.0,0.0,2.2894209504455763,0,0.0,0.0,0.48831505699249156,0,0.0,0.0,1.6414760172395988
2025-01-18,26.93,-0.04706298655343244,True,1.0,-0.04706298655343244,1.8409647119946364,0,0.0,-0.0,2.1642416452585813,0,0.0,-0.0,19.38952027488302,0,0.0,-0.0,2.2894209504455763,0,0.0,-0.0,2.1294385137914227,0,0.0,-0.0,2.2894209504455763,0,0.0,-0.0,0.48831505699249156,0,0.0,-0.0,1.6414760172395988
2025-01-19,25.43,-0.05569996286669143,False,1.0,-0.05569996286669143,1.738423045897646,0,0.0,-0.0,2.1642416452585813,0,0.0,-0.0,19.38952027488302,0,0.0,-0.0,2.2894209504455763,0,0.0,-0.0,2.1294385137914227,0,0.0,-0.0,2.2894209504455763,0,0.0,-0.0,0.48831505699249156,0,0.0,-0.0,1.6414760172395988
2025-01-20,25.8,0.014549744396382236,True,1.0,0.014549744396382236,1.763716656868237,0,0.0,0.0,2.1642416452585813,0,0.0,0.0,19.38952027488302,0,0.0,0.0,2.2894209504455763,0,0.0,0.0,2.1294385137914227,0,0.0,0.0,2.2894209504455763,0,0.0,0.0,0.48831505699249156,0,0.0,0.0,1.6414760172395988
2025-01-21,27.12,0.051162790697674376,True,1.0,0.051162790697674376,1.8539533230335885,0,0.0,0.0,2.1642416452585813,0,0.0,0.0,19.38952027488302,0,0.0,0.0,2.2894209504455763,0,0.0,0.0,2.1294385137914227,0,0.0,0.0,2.2894209504455763,0,0.0,0.0,0.48831505699249156,0,0.0,0.0,1.6414760172395988
2025-01-22,26.83,-0.010693215339233175,False,1.0,-0.010693215339233175,1.8341286009215034,0,0.0,-0.0,2.1642416452585813,0,0.0,-0.0,19.38952027488302,0,0.0,-0.0,2.2894209504455763,0,0.0,-0.0,2.1294385137914227,0,0.0,-0.0,2.2894209504455763,0,0.0,-0.0,0.48831505699249156,0,0.0,-0.0,1.6414760172395988
2025-01-23,29.02,0.08162504658963843,True,1.0,0.08162504658963843,1.9838394334231095,0,0.0,0.0,2.1642416452585813,0,0.0,0.0,19.38952027488302,0,0.0,0.0,2.2894209504455763,0,0.0,0.0,2.1294385137914227,0,0.0,0.0,2.2894209504455763,0,0.0,0.0,0.48831505699249156,0,0.0,0.0,1.6414760172395988
2025-01-24,27.39,-0.05616815988973123,False,1.0,-0.05616815988973123,1.8724108229310465,0,0.0,-0.0,2.1642416452585813,0,0.0,-0.0,19.38952027488302,0,0.0,-0.0,2.2894209504455763,0,0.0,-0.0,2.1294385137914227,0,0.0,-0.0,2.2894209504455763,0,0.0,-0.0,0.48831505699249156,0,0.0,-0.0,1.6414760172395988
2025-01-25,27.04,-0.012778386272362274,False,1.0,-0.012778386272362274,1.848484434175082,0,0.0,-0.0,2.1642416452585813,0,0.0,-0.0,19.38952027488302,0,0.0,-0.0,2.2894209504455763,0,0.0,-0.0,2.1294385137914227,0,0.0,-0.0,2.2894209504455763,0,0.0,-0.0,0.48831505699249156,0,0.0,-0.0,1.6414760172395988
2025-01-26,26.19,-0.03143491124260345,False,1.0,-0.03143491124260345,1.7903774900534541,0,0.0,-0.0,2.1642416452585813,0,0.0,-0.0,19.38952027488302,0,0.0,-0.0,2.2894209504455763,0,0.0,-0.0,2.1294385137914227,0,0.0,-0.0,2.2894209504455763,0,0.0,-0.0,0.48831505699249156,0,0.0,-0.0,1.6414760172395988
2025-01-27,26.0,-0.0072546773577701895,True,1.0,-0.0072546773577701895,1.7773888790145018,0,0.0,-0.0,2.1642416452585813,0,0.0,-0.0,19.38952027488302,0,0.0,-0.0,2.2894209504455763,0,0.0,-0.0,2.1294385137914227,0,0.0,-0.0,2.2894209504455763,0,0.0,-0.0,0.48831505699249156,0,0.0,-0.0,1.6414760172395988
2025-01-28,24.98,-0.03923076923076918,False,1.0,-0.03923076923076918,1.7076605460685483,0,0.0,-0.0,2.1642416452585813,0,0.0,-0.0,19.38952027488302,0,0.0,-0.0,2.2894209504455763,0,0.0,-0.0,2.1294385137914227,0,0.0,-0.0,2.2894209504455763,0,0.0,-0.0,0.48831505699249156,0,0.0,-0.0,1.6414760172395988
2025-01-29,25.54,0.022417934347477964,True,1.0,0.022417934347477964,1.7459427680780915,0,0.0,0.0,2.1642416452585813,0,0.0,0.0,19.38952027488302,0,0.0,0.0,2.2894209504455763,0,0.0,0.0,2.1294385137914227,0,0.0,0.0,2.2894209504455763,0,0.0,0.0,0.48831505699249156,0,0.0,0.0,1.6414760172395988
2025-01-30,26.28,0.028974158183242116,True,1.0,0.028974158183242116,1.7965299900192737,0,0.0,0.0,2.1642416452585813,0,0.0,0.0,19.38952027488302,0,0.0,0.0,2.2894209504455763,0,0.0,0.0,2.1294385137914227,0,0.0,0.0,2.2894209504455763,0,0.0,0.0,0.48831505699249156,0,0.0,0.0,1.6414760172395988
2025-01-31,26.83,0.0209284627092845,True,1.0,0.0209284627092845,1.8341286009215034,0,0.0,0.0,2.1642416452585813,0,0.0,0.0,19.38952027488302,0,0.0,0.0,2.2894209504455763,0,0.0,0.0,2.1294385137914227,0,0.0,0.0,2.2894209504455763,0,0.0,0.0,0.48831505699249156,0,0.0,0.0,1.6414760172395988
2025-02-01,24.96,-0.0696980991427506,False,1.0,-0.0696980991427506,1.706293323853922,0,0.0,-0.0,2.1642416452585813,0,0.0,-0.0,19.38952027488302,0,0.0,-0.0,2.2894209504455763,0,0.0,-0.0,2.1294385137914227,0,0.0,-0.0,2.2894209504455763,0,0.0,-0.0,0.48831505699249156,0,0.0,-0.0,1.6414760172395988
2025-02-02,22.5,-0.09855769230769229,False,1.0,-0.09855769230769229,1.5381249914548576,0,0.0,-0.0,2.1642416452585813,0,0.0,-0.0,19.38952027488302,0,0.0,-0.0,2.2894209504455763,0,0.0,-0.0,2.1294385137914227,0,0.0,-0.0,2.2894209504455763,0,0.0,-0.0,0.48831505699249156,0,0.0,-0.0,1.6414760172395988
2025-02-03,22.05,-0.020000000000000018,False,1.0,-0.020000000000000018,1.5073624916257604,0,0.0,-0.0,2.1642416452585813,0,0.0,-0.0,19.38952027488302,0,0.0,-0.0,2.2894209504455763,0,0.0,-0.0,2.1294385137914227,0,0.0,-0.0,2.2894209504455763,0,0.0,-0.0,0.48831505699249156,0,0.0,-0.0,1.6414760172395988
2025-02-04,20.66,-0.06303854875283454,False,1.0,-0.06303854875283454,1.4123405477092157,0,0.0,-0.0,2.1642416452585813,0,0.0,-0.0,19.38952027488302,0,0.0,-0.0,2.2894209504455763,0,0.0,-0.0,2.1294385137914227,0,0.0,-0.0,2.2894209504455763,0,0.0,-0.0,0.48831505699249156,0,0.0,-0.0,1.6414760172395988
2025-02-05,20.69,0.0014520813165537216,False,1.0,0.0014520813165537216,1.4143913810311555,0,0.0,0.0,2.1642416452585813,0,0.0,0.0,19.38952027488302,0,0.0,0.0,2.2894209504455763,0,0.0,0.0,2.1294385137914227,0,0.0,0.0,2.2894209504455763,0,0.0,0.0,0.48831505699249156,0,0.0,0.0,1.6414760172395988
2025-02-06,19.69,-0.04833252779120345,False,1.0,-0.04833252779120345,1.3460302702998286,0,0.0,-0.0,2.1642416452585813,0,0.0,-0.0,19.38952027488302,0,0.0,-0.0,2.2894209504455763,0,0.0,-0.0,2.1294385137914227,0,0.0,-0.0,2.2894209504455763,0,0.0,-0.0,0.48831505699249156,0,0.0,-0.0,1.6414760172395988
2025-02-07,19.81,0.006094464195022686,False,1.0,0.006094464195022686,1.3542336035875875,0,0.0,0.0,2.1642416452585813,0,0.0,0.0,19.38952027488302,0,0.0,0.0,2.2894209504455763,0,0.0,0.0,2.1294385137914227,0,0.0,0.0,2.2894209504455763,0,0.0,0.0,0.48831505699249156,0,0.0,0.0,1.6414760172395988
2025-02-08,20.12,0.015648662291771975,False,1.0,0.015648662291771975,1.375425547914299,0,0.0,0.0,2.1642416452585813,0,0.0,0.0,19.38952027488302,0,0.0,0.0,2.2894209504455763,0,0.0,0.0,2.1294385137914227,0,0.0,0.0,2.2894209504455763,0,0.0,0.0,0.48831505699249156,0,0.0,0.0,1.6414760172395988
2025-02-09,20.15,0.0014910536779322303,False,1.0,0.0014910536779322303,1.3774763812362385,0,0.0,0.0,2.1642416452585813,0,0.0,0.0,19.38952027488302,0,0.0,0.0,2.2894209504455763,0,0.0,0.0,2.1294385137914227,0,0.0,0.0,2.2894209504455763,0,0.0,0.0,0.48831505699249156,0,0.0,0.0,1.6414760172395988
2025-02-10,20.68,0.026302729528536073,False,1.0,0.026302729528536073,1.4137077699238418,0,0.0,0.0,2.1642416452585813,0,0.0,0.0,19.38952027488302,0,0.0,0.0,2.2894209504455763,0,0.0,0.0,2.1294385137914227,0,0.0,0.0,2.2894209504455763,0,0.0,0.0,0.48831505699249156,0,0.0,0.0,1.6414760172395988
2025-02-11,20.22,-0.022243713733075432,False,1.0,-0.022243713733075432,1.3822616589874315,0,0.0,-0.0,2.1642416452585813,0,0.0,-0.0,19.38952027488302,0,0.0,-0.0,2.2894209504455763,0,0.0,-0.0,2.1294385137914227,0,0.0,-0.0,2.2894209504455763,0,0.0,-0.0,0.48831505699249156,0,0.0,-0.0,1.6414760172395988
2025-02-12,21.38,0.05736894164193873,False,1.0,0.05736894164193873,1.461560547435771,0,0.0,0.0,2.1642416452585813,0,0.0,0.0,19.38952027488302,0,0.0,0.0,2.2894209504455763,0,0.0,0.0,2.1294385137914227,0,0.0,0.0,2.2894209504455763,0,0.0,0.0,0.48831505699249156,0,0.0,0.0,1.6414760172395988
2025-02-13,21.14,-0.011225444340505097,False,1.0,-0.011225444340505097,1.4451538808602524,0,0.0,-0.0,2.1642416452585813,0,0.0,-0.0,19.38952027488302,0,0.0,-0.0,2.2894209504455763,0,0.0,-0.0,2.1294385137914227,0,0.0,-0.0,2.2894209504455763,0,0.0,-0.0,0.48831505699249156,0,0.0,-0.0,1.6414760172395988
2025-02-14,21.39,0.01182592242194902,False,1.0,0.01182592242194902,1.4622441585430843,0,0.0,0.0,2.1642416452585813,0,0.0,0.0,19.38952027488302,0,0.0,0.0,2.2894209504455763,0,0.0,0.0,2.1294385137914227,0,0.0,0.0,2.2894209504455763,0,0.0,0.0,0.48831505699249156,0,0.0,0.0,1.6414760172395988
2025-02-15,20.8,-0.02758298270219728,False,1.0,-0.02758298270219728,1.4219111032116014,0,0.0,-0.0,2.1642416452585813,0,0.0,-0.0,19.38952027488302,0,0.0,-0.0,2.2894209504455763,0,0.0,-0.0,2.1294385137914227,0,0.0,-0.0,2.2894209504455763,0,0.0,-0.0,0.48831505699249156,0,0.0,-0.0,1.6414760172395988
2025-02-16,20.45,-0.016826923076923128,False,1.0,-0.016826923076923128,1.397984714455637,0,0.0,-0.0,2.1642416452585813,0,0.0,-0.0,19.38952027488302,0,0.0,-0.0,2.2894209504455763,0,0.0,-0.0,2.1294385137914227,0,0.0,-0.0,2.2894209504455763,0,0.0,-0.0,0.48831505699249156,0,0.0,-0.0,1.6414760172395988
2025-02-17,20.9,0.022004889975550057,False,1.0,0.022004889975550057,1.428747214284734,0,0.0,0.0,2.1642416452585813,0,0.0,0.0,19.38952027488302,0,0.0,0.0,2.2894209504455763,0,0.0,0.0,2.1294385137914227,0,0.0,0.0,2.2894209504455763,0,0.0,0.0,0.48831505699249156,0,0.0,0.0,1.6414760172395988
2025-02-18,20.18,-0.034449760765550175,False,1.0,-0.034449760765550175,1.3795272145581785,0,0.0,-0.0,2.1642416452585813,0,0.0,-0.0,19.38952027488302,0,0.0,-0.0,2.2894209504455763,0,0.0,-0.0,2.1294385137914227,0,0.0,-0.0,2.2894209504455763,0,0.0,-0.0,0.48831505699249156,0,0.0,-0.0,1.6414760172395988
2025-02-19,21.17,0.04905847373637284,False,1.0,0.04905847373637284,1.4472047141821924,0,0.0,0.0,2.1642416452585813,0,0.0,0.0,19.38952027488302,0,0.0,0.0,2.2894209504455763,0,0.0,0.0,2.1294385137914227,0,0.0,0.0,2.2894209504455763,0,0.0,0.0,0.48831505699249156,0,0.0,0.0,1.6414760172395988
2025-02-20,20.93,-0.011336797354747352,False,1.0,-0.011336797354747352,1.430798047606674,0,0.0,-0.0,2.1642416452585813,0,0.0,-0.0,19.38952027488302,0,0.0,-0.0,2.2894209504455763,0,0.0,-0.0,2.1294385137914227,0,0.0,-0.0,2.2894209504455763,0,0.0,-0.0,0.48831505699249156,0,0.0,-0.0,1.6414760172395988
2025-02-21,20.22,-0.03392259913999052,False,1.0,-0.03392259913999052,1.3822616589874317,0,0.0,-0.0,2.1642416452585813,0,0.0,-0.0,19.38952027488302,0,0.0,-0.0,2.2894209504455763,0,0.0,-0.0,2.1294385137914227,0,0.0,-0.0,2.2894209504455763,0,0.0,-0.0,0.48831505699249156,0,0.0,-0.0,1.6414760172395988
2025-02-22,20.47,0.012363996043521341,False,1.0,0.012363996043521341,1.3993519366702636,0,0.0,0.0,2.1642416452585813,0,0.0,0.0,19.38952027488302,0,0.0,0.0,2.2894209504455763,0,0.0,0.0,2.1294385137914227,0,0.0,0.0,2.2894209504455763,0,0.0,0.0,0.48831505699249156,0,0.0,0.0,1.6414760172395988
2025-02-23,20.75,0.013678553981436359,False,1.0,0.013678553981436359,1.4184930476750353,0,0.0,0.0,2.1642416452585813,0,0.0,0.0,19.38952027488302,0,0.0,0.0,2.2894209504455763,0,0.0,0.0,2.1294385137914227,0,0.0,0.0,2.2894209504455763,0,0.0,0.0,0.48831505699249156,0,0.0,0.0,1.6414760172395988
2025-02-24,18.64,-0.10168674698795177,False,1.0,-0.10168674698795177,1.2742511040319353,0,0.0,-0.0,2.1642416452585813,0,0.0,-0.0,19.38952027488302,0,0.0,-0.0,2.2894209504455763,0,0.0,-0.0,2.1294385137914227,0,0.0,-0.0,2.2894209504455763,0,0.0,-0.0,0.48831505699249156,0,0.0,-0.0,1.6414760172395988
2025-02-25,18.89,0.01341201716738194,False,1.0,0.01341201716738194,1.291341381714767,0,0.0,0.0,2.1642416452585813,0,0.0,0.0,19.38952027488302,0,0.0,0.0,2.2894209504455763,0,0.0,0.0,2.1294385137914227,0,0.0,0.0,2.2894209504455763,0,0.0,0.0,0.48831505699249156,0,0.0,0.0,1.6414760172395988
2025-02-26,18.76,-0.006881948120698755,False,1.0,-0.006881948120698755,1.2824544373196944,0,0.0,-0.0,2.1642416452585813,0,0.0,-0.0,19.38952027488302,0,0.0,-0.0,2.2894209504455763,0,0.0,-0.0,2.1294385137914227,0,0.0,-0.0,2.2894209504455763,0,0.0,-0.0,0.48831505699249156,0,0.0,-0.0,1.6414760172395988
2025-02-27,18.71,-0.0026652452025586193,False,1.0,-0.0026652452025586193,1.279036381783128,0,0.0,-0.0,2.1642416452585813,0,0.0,-0.0,19.38952027488302,0,0.0,-0.0,2.2894209504455763,0,0.0,-0.0,2.1294385137914227,0,0.0,-0.0,2.2894209504455763,0,0.0,-0.0,0.48831505699249156,0,0.0,-0.0,1.6414760172395988
2025-02-28,19.57,0.04596472474612501,False,1.0,0.04596472474612501,1.3378269370120692,0,0.0,0.0,2.1642416452585813,0,0.0,0.0,19.38952027488302,0,0.0,0.0,2.2894209504455763,0,0.0,0.0,2.1294385137914227,0,0.0,0.0,2.2894209504455763,0,0.0,0.0,0.48831505699249156,0,0.0,0.0,1.6414760172395988
2025-03-01,19.05,-0.026571282575370447,False,1.0,-0.026571282575370447,1.3022791594317793,0,0.0,-0.0,2.1642416452585813,0,0.0,-0.0,19.38952027488302,0,0.0,-0.0,2.2894209504455763,0,0.0,-0.0,2.1294385137914227,0,0.0,-0.0,2.2894209504455763,0,0.0,-0.0,0.48831505699249156,0,0.0,-0.0,1.6414760172395988
2025-03-02,21.0,0.10236220472440949,True,1.0,0.10236220472440949,1.435583325357867,0,0.0,0.0,2.1642416452585813,0,0.0,0.0,19.38952027488302,0,0.0,0.0,2.2894209504455763,0,0.0,0.0,2.1294385137914227,0,0.0,0.0,2.2894209504455763,0,0.0,0.0,0.48831505699249156,0,0.0,0.0,1.6414760172395988
2025-03-03,18.7,-0.10952380952380958,False,1.0,-0.10952380952380958,1.2783527706758147,0,0.0,-0.0,2.1642416452585813,0,0.0,-0.0,19.38952027488302,0,0.0,-0.0,2.2894209504455763,0,0.0,-0.0,2.1294385137914227,0,0.0,-0.0,2.2894209504455763,0,0.0,-0.0,0.48831505699249156,0,0.0,-0.0,1.6414760172395988
2025-03-04,18.96,0.013903743315508033,False,1.0,0.013903743315508033,1.2961266594659597,0,0.0,0.0,2.1642416452585813,0,0.0,0.0,19.38952027488302,0,0.0,0.0,2.2894209504455763,0,0.0,0.0,2.1294385137914227,0,0.0,0.0,2.2894209504455763,0,0.0,0.0,0.48831505699249156,0,0.0,0.0,1.6414760172395988
2025-03-05,20.5,0.08122362869198296,False,1.0,0.08122362869198296,1.4014027699922031,0,0.0,0.0,2.1642416452585813,0,0.0,0.0,19.38952027488302,0,0.0,0.0,2.2894209504455763,0,0.0,0.0,2.1294385137914227,0,0.0,0.0,2.2894209504455763,0,0.0,0.0,0.48831505699249156,0,0.0,0.0,1.6414760172395988
2025-03-06,19.96,-0.02634146341463406,False,1.0,-0.02634146341463406,1.3644877701972866,0,0.0,-0.0,2.1642416452585813,0,0.0,-0.0,19.38952027488302,0,0.0,-0.0,2.2894209504455763,0,0.0,-0.0,2.1294385137914227,0,0.0,-0.0,2.2894209504455763,0,0.0,-0.0,0.48831505699249156,0,0.0,-0.0,1.6414760172395988
2025-03-07,20.41,0.02254509018036077,False,1.0,0.02254509018036077,1.3952502700263838,0,0.0,0.0,2.1642416452585813,0,0.0,0.0,19.38952027488302,0,0.0,0.0,2.2894209504455763,0,0.0,0.0,2.1294385137914227,0,0.0,0.0,2.2894209504455763,0,0.0,0.0,0.48831505699249156,0,0.0,0.0,1.6414760172395988
2025-03-08,20.23,-0.008819206271435509,False,1.0,-0.008819206271435509,1.382945270094745,0,0.0,-0.0,2.1642416452585813,0,0.0,-0.0,19.38952027488302,0,0.0,-0.0,2.2894209504455763,0,0.0,-0.0,2.1294385137914227,0,0.0,-0.0,2.2894209504455763,0,0.0,-0.0,0.48831505699249156,0,0.0,-0.0,1.6414760172395988
2025-03-09,17.93,-0.11369253583786454,False,1.0,-0.11369253583786454,1.225714715412693,0,0.0,-0.0,2.1642416452585813,0,0.0,-0.0,19.38952027488302,0,0.0,-0.0,2.2894209504455763,0,0.0,-0.0,2.1294385137914227,0,0.0,-0.0,2.2894209504455763,0,0.0,-0.0,0.48831505699249156,0,0.0,-0.0,1.6414760172395988
2025-03-10,16.88,-0.058561070831009476,False,1.0,-0.058561070831009476,1.1539355491447998,0,0.0,-0.0,2.1642416452585813,0,0.0,-0.0,19.38952027488302,0,0.0,-0.0,2.2894209504455763,0,0.0,-0.0,2.1294385137914227,0,0.0,-0.0,2.2894209504455763,0,0.0,-0.0,0.48831505699249156,0,0.0,-0.0,1.6414760172395988
2025-03-11,17.86,0.05805687203791465,False,1.0,0.05805687203791465,1.2209294376615003,0,0.0,0.0,2.1642416452585813,0,0.0,0.0,19.38952027488302,0,0.0,0.0,2.2894209504455763,0,0.0,0.0,2.1294385137914227,0,0.0,0.0,2.2894209504455763,0,0.0,0.0,0.48831505699249156,0,0.0,0.0,1.6414760172395988
2025-03-12,17.98,0.006718924972004547,False,1.0,0.006718924972004547,1.2291327709492597,0,0.0,0.0,2.1642416452585813,0,0.0,0.0,19.38952027488302,0,0.0,0.0,2.2894209504455763,0,0.0,0.0,2.1294385137914227,0,0.0,0.0,2.2894209504455763,0,0.0,0.0,0.48831505699249156,0,0.0,0.0,1.6414760172395988
2025-03-13,17.9,-0.00444938820912133,False,1.0,-0.00444938820912133,1.2236638820907535,0,0.0,-0.0,2.1642416452585813,0,0.0,-0.0,19.38952027488302,0,0.0,-0.0,2.2894209504455763,0,0.0,-0.0,2.1294385137914227,0,0.0,-0.0,2.2894209504455763,0,0.0,-0.0,0.48831505699249156,0,0.0,-0.0,1.6414760172395988
2025-03-14,18.02,0.006703910614525244,False,1.0,0.006703910614525244,1.2318672153785128,0,0.0,0.0,2.1642416452585813,0,0.0,0.0,19.38952027488302,0,0.0,0.0,2.2894209504455763,0,0.0,0.0,2.1294385137914227,0,0.0,0.0,2.2894209504455763,0,0.0,0.0,0.48831505699249156,0,0.0,0.0,1.6414760172395988
2025-03-15,17.95,-0.0038845726970033745,False,1.0,-0.0038845726970033745,1.2270819376273199,0,0.0,-0.0,2.1642416452585813,0,0.0,-0.0,19.38952027488302,0,0.0,-0.0,2.2894209504455763,0,0.0,-0.0,2.1294385137914227,0,0.0,-0.0,2.2894209504455763,0,0.0,-0.0,0.48831505699249156,0,0.0,-0.0,1.6414760172395988
2025-03-16,17.48,-0.026183844011142043,False,1.0,-0.026183844011142043,1.194952215583596,0,0.0,-0.0,2.1642416452585813,0,0.0,-0.0,19.38952027488302,0,0.0,-0.0,2.2894209504455763,0,0.0,-0.0,2.1294385137914227,0,0.0,-0.0,2.2894209504455763,0,0.0,-0.0,0.48831505699249156,0,0.0,-0.0,1.6414760172395988
2025-03-17,17.83,0.020022883295194305,False,1.0,0.020022883295194305,1.2188786043395603,0,0.0,0.0,2.1642416452585813,0,0.0,0.0,19.38952027488302,0,0.0,0.0,2.2894209504455763,0,0.0,0.0,2.1294385137914227,0,0.0,0.0,2.2894209504455763,0,0.0,0.0,0.48831505699249156,0,0.0,0.0,1.6414760172395988
2025-03-18,17.69,-0.007851934941110361,False,1.0,-0.007851934941110361,1.2093080488371746,0,0.0,-0.0,2.1642416452585813,0,0.0,-0.0,19.38952027488302,0,0.0,-0.0,2.2894209504455763,0,0.0,-0.0,2.1294385137914227,0,0.0,-0.0,2.2894209504455763,0,0.0,-0.0,0.48831505699249156,0,0.0,-0.0,1.6414760172395988
2025-03-19,18.55,0.04861503674392309,False,1.0,0.04861503674392309,1.2680986040661157,0,0.0,0.0,2.1642416452585813,0,0.0,0.0,19.38952027488302,0,0.0,0.0,2.2894209504455763,0,0.0,0.0,2.1294385137914227,0,0.0,0.0,2.2894209504455763,0,0.0,0.0,0.48831505699249156,0,0.0,0.0,1.6414760172395988
2025-03-20,17.89,-0.03557951482479782,False,1.0,-0.03557951482479782,1.2229802709834399,0,0.0,-0.0,2.1642416452585813,0,0.0,-0.0,19.38952027488302,0,0.0,-0.0,2.2894209504455763,0,0.0,-0.0,2.1294385137914227,0,0.0,-0.0,2.2894209504455763,0,0.0,-0.0,0.48831505699249156,0,0.0,-0.0,1.6414760172395988
2025-03-21,17.7,-0.01062045835662384,False,1.0,-0.01062045835662384,1.2099916599444878,0,0.0,-0.0,2.1642416452585813,0,0.0,-0.0,19.38952027488302,0,0.0,-0.0,2.2894209504455763,0,0.0,-0.0,2.1294385137914227,0,0.0,-0.0,2.2894209504455763,0,0.0,-0.0,0.48831505699249156,0,0.0,-0.0,1.6414760172395988
2025-03-22,17.67,-0.0016949152542371504,False,1.0,-0.0016949152542371504,1.2079408266225482,0,0.0,-0.0,2.1642416452585813,0,0.0,-0.0,19.38952027488302,0,0.0,-0.0,2.2894209504455763,0,0.0,-0.0,2.1294385137914227,0,0.0,-0.0,2.2894209504455763,0,0.0,-0.0,0.48831505699249156,0,0.0,-0.0,1.6414760172395988
2025-03-23,17.81,0.007923033389926282,False,1.0,0.007923033389926282,1.2175113821249337,0,0.0,0.0,2.1642416452585813,0,0.0,0.0,19.38952027488302,0,0.0,0.0,2.2894209504455763,0,0.0,0.0,2.1294385137914227,0,0.0,0.0,2.2894209504455763,0,0.0,0.0,0.48831505699249156,0,0.0,0.0,1.6414760172395988
2025-03-24,18.31,0.028074115665356558,False,1.0,0.028074115665356558,1.2516919374905973,0,0.0,0.0,2.1642416452585813,0,0.0,0.0,19.38952027488302,0,0.0,0.0,2.2894209504455763,0,0.0,0.0,2.1294385137914227,0,0.0,0.0,2.2894209504455763,0,0.0,0.0,0.48831505699249156,0,0.0,0.0,1.6414760172395988
2025-03-25,18.42,0.006007646095030239,False,1.0,0.006007646095030239,1.2592116596710434,0,0.0,0.0,2.1642416452585813,0,0.0,0.0,19.38952027488302,0,0.0,0.0,2.2894209504455763,0,0.0,0.0,2.1294385137914227,0,0.0,0.0,2.2894209504455763,0,0.0,0.0,0.48831505699249156,0,0.0,0.0,1.6414760172395988
2025-03-26,18.0,-0.022801302931596212,False,1.0,-0.022801302931596212,1.230499993163886,0,0.0,-0.0,2.1642416452585813,0,0.0,-0.0,19.38952027488302,0,0.0,-0.0,2.2894209504455763,0,0.0,-0.0,2.1294385137914227,0,0.0,-0.0,2.2894209504455763,0,0.0,-0.0,0.48831505699249156,0,0.0,-0.0,1.6414760172395988
2025-03-27,17.8,-0.011111111111111072,False,1.0,-0.011111111111111072,1.2168277710176207,0,0.0,-0.0,2.1642416452585813,0,0.0,-0.0,19.38952027488302,0,0.0,-0.0,2.2894209504455763,0,0.0,-0.0,2.1294385137914227,0,0.0,-0.0,2.2894209504455763,0,0.0,-0.0,0.48831505699249156,0,0.0,-0.0,1.6414760172395988
2025-03-28,17.14,-0.03707865168539326,False,1.0,-0.03707865168539326,1.1717094379349449,0,0.0,-0.0,2.1642416452585813,0,0.0,-0.0,19.38952027488302,0,0.0,-0.0,2.2894209504455763,0,0.0,-0.0,2.1294385137914227,0,0.0,-0.0,2.2894209504455763,0,0.0,-0.0,0.48831505699249156,0,0.0,-0.0,1.6414760172395988
2025-03-29,16.6,-0.031505250875145774,False,1.0,-0.031505250875145774,1.1347944381400283,0,0.0,-0.0,2.1642416452585813,0,0.0,-0.0,19.38952027488302,0,0.0,-0.0,2.2894209504455763,0,0.0,-0.0,2.1294385137914227,0,0.0,-0.0,2.2894209504455763,0,0.0,-0.0,0.48831505699249156,0,0.0,-0.0,1.6414760172395988
2025-03-30,16.5,-0.006024096385542244,False,1.0,-0.006024096385542244,1.1279583270668956,0,0.0,-0.0,2.1642416452585813,0,0.0,-0.0,19.38952027488302,0,0.0,-0.0,2.2894209504455763,0,0.0,-0.0,2.1294385137914227,0,0.0,-0.0,2.2894209504455763,0,0.0,-0.0,0.48831505699249156,0,0.0,-0.0,1.6414760172395988
2025-03-31,16.78,0.01696969696969708,False,1.0,0.01696969696969708,1.1470994380716673,0,0.0,0.0,2.1642416452585813,0,0.0,0.0,19.38952027488302,0,0.0,0.0,2.2894209504455763,0,0.0,0.0,2.1294385137914227,0,0.0,0.0,2.2894209504455763,0,0.0,0.0,0.48831505699249156,0,0.0,0.0,1.6414760172395988
2025-04-01,16.91,0.007747318235995282,False,1.0,0.007747318235995282,1.1559863824667398,0,0.0,0.0,2.1642416452585813,0,0.0,0.0,19.38952027488302,0,0.0,0.0,2.2894209504455763,0,0.0,0.0,2.1294385137914227,0,0.0,0.0,2.2894209504455763,0,0.0,0.0,0.48831505699249156,0,0.0,0.0,1.6414760172395988
2025-04-02,16.09,-0.04849201655824953,False,1.0,-0.04849201655824953,1.0999302716670516,0,0.0,-0.0,2.1642416452585813,0,0.0,-0.0,19.38952027488302,0,0.0,-0.0,2.2894209504455763,0,0.0,-0.0,2.1294385137914227,0,0.0,-0.0,2.2894209504455763,0,0.0,-0.0,0.48831505699249156,0,0.0,-0.0,1.6414760172395988
2025-04-03,16.23,0.008701056556867703,False,1.0,0.008701056556867703,1.1095008271694375,0,0.0,0.0,2.1642416452585813,0,0.0,0.0,19.38952027488302,0,0.0,0.0,2.2894209504455763,0,0.0,0.0,2.1294385137914227,0,0.0,0.0,2.2894209504455763,0,0.0,0.0,0.48831505699249156,0,0.0,0.0,1.6414760172395988
2025-04-04,16.25,0.0012322858903264233,False,1.0,0.0012322858903264233,1.110868049384064,0,0.0,0.0,2.1642416452585813,0,0.0,0.0,19.38952027488302,0,0.0,0.0,2.2894209504455763,0,0.0,0.0,2.1294385137914227,0,0.0,0.0,2.2894209504455763,0,0.0,0.0,0.48831505699249156,0,0.0,0.0,1.6414760172395988
2025-04-05,15.88,-0.022769230769230764,False,1.0,-0.022769230769230764,1.085574438413473,0,0.0,-0.0,2.1642416452585813,0,0.0,-0.0,19.38952027488302,0,0.0,-0.0,2.2894209504455763,0,0.0,-0.0,2.1294385137914227,0,0.0,-0.0,2.2894209504455763,0,0.0,-0.0,0.48831505699249156,0,0.0,-0.0,1.6414760172395988
2025-04-06,14.16,-0.10831234256926958,False,1.0,-0.10831234256926958,0.9679933279555903,0,0.0,-0.0,2.1642416452585813,0,0.0,-0.0,19.38952027488302,0,0.0,-0.0,2.2894209504455763,0,0.0,-0.0,2.1294385137914227,0,0.0,-0.0,2.2894209504455763,0,0.0,-0.0,0.48831505699249156,0,0.0,-0.0,1.6414760172395988
2025-04-07,14.49,0.02330508474576276,False,1.0,0.02330508474576276,0.9905524944969283,0,0.0,0.0,2.1642416452585813,0,0.0,0.0,19.38952027488302,0,0.0,0.0,2.2894209504455763,0,0.0,0.0,2.1294385137914227,0,0.0,0.0,2.2894209504455763,0,0.0,0.0,0.48831505699249156,0,0.0,0.0,1.6414760172395988
2025-04-08,14.07,-0.02898550724637683,False,1.0,-0.02898550724637683,0.9618408279897709,0,0.0,-0.0,2.1642416452585813,0,0.0,-0.0,19.38952027488302,0,0.0,-0.0,2.2894209504455763,0,0.0,-0.0,2.1294385137914227,0,0.0,-0.0,2.2894209504455763,0,0.0,-0.0,0.48831505699249156,0,0.0,-0.0,1.6414760172395988
2025-04-09,15.3,0.08742004264392333,False,1.0,0.08742004264392333,1.0459249941893032,0,0.0,0.0,2.1642416452585813,0,0.0,0.0,19.38952027488302,0,0.0,0.0,2.2894209504455763,0,0.0,0.0,2.1294385137914227,0,0.0,0.0,2.2894209504455763,0,0.0,0.0,0.48831505699249156,0,0.0,0.0,1.6414760172395988
2025-04-10,14.79,-0.03333333333333344,False,1.0,-0.03333333333333344,1.0110608277163262,0,0.0,-0.0,2.1642416452585813,0,0.0,-0.0,19.38952027488302,0,0.0,-0.0,2.2894209504455763,0,0.0,-0.0,2.1294385137914227,0,0.0,-0.0,2.2894209504455763,0,0.0,-0.0,0.48831505699249156,0,0.0,-0.0,1.6414760172395988
2025-04-11,15.17,0.025693035835023803,False,1.0,0.025693035835023803,1.0370380497942306,0,0.0,0.0,2.1642416452585813,0,0.0,0.0,19.38952027488302,0,0.0,0.0,2.2894209504455763,0,0.0,0.0,2.1294385137914227,0,0.0,0.0,2.2894209504455763,0,0.0,0.0,0.48831505699249156,0,0.0,0.0,1.6414760172395988
2025-04-12,15.54,0.024390243902439046,False,1.0,0.024390243902439046,1.0623316607648217,0,0.0,0.0,2.1642416452585813,0,0.0,0.0,19.38952027488302,0,0.0,0.0,2.2894209504455763,0,0.0,0.0,2.1294385137914227,0,0.0,0.0,2.2894209504455763,0,0.0,0.0,0.48831505699249156,0,0.0,0.0,1.6414760172395988
2025-04-13,15.22,-0.020592020592020477,False,1.0,-0.020592020592020477,1.0404561053307972,0,0.0,-0.0,2.1642416452585813,0,0.0,-0.0,19.38952027488302,0,0.0,-0.0,2.2894209504455763,0,0.0,-0.0,2.1294385137914227,0,0.0,-0.0,2.2894209504455763,0,0.0,-0.0,0.48831505699249156,0,0.0,-0.0,1.6414760172395988
2025-04-14,15.23,0.0006570302233903647,False,1.0,0.0006570302233903647,1.0411397164381107,0,0.0,0.0,2.1642416452585813,0,0.0,0.0,19.38952027488302,0,0.0,0.0,2.2894209504455763,0,0.0,0.0,2.1294385137914227,0,0.0,0.0,2.2894209504455763,0,0.0,0.0,0.48831505699249156,0,0.0,0.0,1.6414760172395988
2025-04-15,14.87,-0.023637557452396707,False,1.0,-0.023637557452396707,1.0165297165748328,0,0.0,-0.0,2.1642416452585813,0,0.0,-0.0,19.38952027488302,0,0.0,-0.0,2.2894209504455763,0,0.0,-0.0,2.1294385137914227,0,0.0,-0.0,2.2894209504455763,0,0.0,-0.0,0.48831505699249156,0,0.0,-0.0,1.6414760172395988
2025-04-16,14.85,-0.0013449899125755893,False,1.0,-0.0013449899125755893,1.0151624943602064,0,0.0,-0.0,2.1642416452585813,0,0.0,-0.0,19.38952027488302,0,0.0,-0.0,2.2894209504455763,0,0.0,-0.0,2.1294385137914227,0,0.0,-0.0,2.2894209504455763,0,0.0,-0.0,0.48831505699249156,0,0.0,-0.0,1.6414760172395988
2025-04-17,15.08,0.01548821548821544,False,1.0,0.01548821548821544,1.0308855498284115,0,0.0,0.0,2.1642416452585813,0,0.0,0.0,19.38952027488302,0,0.0,0.0,2.2894209504455763,0,0.0,0.0,2.1294385137914227,0,0.0,0.0,2.2894209504455763,0,0.0,0.0,0.48831505699249156,0,0.0,0.0,1.6414760172395988
2025-04-18,15.45,0.024535809018567667,False,1.0,0.024535809018567667,1.0561791607990025,0,0.0,0.0,2.1642416452585813,0,0.0,0.0,19.38952027488302,0,0.0,0.0,2.2894209504455763,0,0.0,0.0,2.1294385137914227,0,0.0,0.0,2.2894209504455763,0,0.0,0.0,0.48831505699249156,0,0.0,0.0,1.6414760172395988
2025-04-19,15.95,0.032362459546925626,False,1.0,0.032362459546925626,1.090359716164666,0,0.0,0.0,2.1642416452585813,0,0.0,0.0,19.38952027488302,0,0.0,0.0,2.2894209504455763,0,0.0,0.0,2.1294385137914227,0,0.0,0.0,2.2894209504455763,0,0.0,0.0,0.48831505699249156,0,0.0,0.0,1.6414760172395988
2025-04-20,16.06,0.006896551724137945,False,1.0,0.006896551724137945,1.097879438345112,0,0.0,0.0,2.1642416452585813,0,0.0,0.0,19.38952027488302,0,0.0,0.0,2.2894209504455763,0,0.0,0.0,2.1294385137914227,0,0.0,0.0,2.2894209504455763,0,0.0,0.0,0.48831505699249156,0,0.0,0.0,1.6414760172395988
2025-04-21,15.62,-0.0273972602739726,False,1.0,-0.0273972602739726,1.067800549623328,0,0.0,-0.0,2.1642416452585813,0,0.0,-0.0,19.38952027488302,0,0.0,-0.0,2.2894209504455763,0,0.0,-0.0,2.1294385137914227,0,0.0,-0.0,2.2894209504455763,0,0.0,-0.0,0.48831505699249156,0,0.0,-0.0,1.6414760172395988
2025-04-22,16.66,0.06658130601792589,True,1.0,0.06658130601792589,1.1388961047839083,0,0.0,0.0,2.1642416452585813,0,0.0,0.0,19.38952027488302,0,0.0,0.0,2.2894209504455763,0,0.0,0.0,2.1294385137914227,0,0.0,0.0,2.2894209504455763,0,0.0,0.0,0.48831505699249156,0,0.0,0.0,1.6414760172395988
2025-04-23,16.78,0.007202881152461149,True,1.0,0.007202881152461149,1.1470994380716677,0,0.0,0.0,2.1642416452585813,0,0.0,0.0,19.38952027488302,0,0.0,0.0,2.2894209504455763,0,0.0,0.0,2.1294385137914227,0,0.0,0.0,2.2894209504455763,0,0.0,0.0,0.48831505699249156,0,0.0,0.0,1.6414760172395988
2025-04-24,16.76,-0.0011918951132300348,True,1.0,-0.0011918951132300348,1.145732215857041,0,0.0,-0.0,2.1642416452585813,0,0.0,-0.0,19.38952027488302,0,0.0,-0.0,2.2894209504455763,0,0.0,-0.0,2.1294385137914227,0,0.0,-0.0,2.2894209504455763,0,0.0,-0.0,0.48831505699249156,0,0.0,-0.0,1.6414760172395988
2025-04-25,17.24,0.028639618138424527,True,1.0,0.028639618138424527,1.1785455490080778,0,0.0,0.0,2.1642416452585813,0,0.0,0.0,19.38952027488302,0,0.0,0.0,2.2894209504455763,0,0.0,0.0,2.1294385137914227,0,0.0,0.0,2.2894209504455763,0,0.0,0.0,0.48831505699249156,0,0.0,0.0,1.6414760172395988
2025-04-26,17.03,-0.012180974477958073,True,1.0,-0.012180974477958073,1.1641897157544994,0,0.0,-0.0,2.1642416452585813,0,0.0,-0.0,19.38952027488302,0,0.0,-0.0,2.2894209504455763,0,0.0,-0.0,2.1294385137914227,0,0.0,-0.0,2.2894209504455763,0,0.0,-0.0,0.48831505699249156,0,0.0,-0.0,1.6414760172395988
2025-04-27,16.56,-0.027598355842630817,True,1.0,-0.027598355842630817,1.1320599937107754,0,0.0,-0.0,2.1642416452585813,0,0.0,-0.0,19.38952027488302,0,0.0,-0.0,2.2894209504455763,0,0.0,-0.0,2.1294385137914227,0,0.0,-0.0,2.2894209504455763,0,0.0,-0.0,0.48831505699249156,0,0.0,-0.0,1.6414760172395988
2025-04-28,17.0,0.026570048309178862,True,1.0,0.026570048309178862,1.1621388824325594,0,0.0,0.0,2.1642416452585813,0,0.0,0.0,19.38952027488302,0,0.0,0.0,2.2894209504455763,0,0.0,0.0,2.1294385137914227,0,0.0,0.0,2.2894209504455763,0,0.0,0.0,0.48831505699249156,0,0.0,0.0,1.6414760172395988
2025-04-29,16.73,-0.01588235294117646,True,1.0,-0.01588235294117646,1.143681382535101,0,0.0,-0.0,2.1642416452585813,0,0.0,-0.0,19.38952027488302,0,0.0,-0.0,2.2894209504455763,0,0.0,-0.0,2.1294385137914227,0,0.0,-0.0,2.2894209504455763,0,0.0,-0.0,0.48831505699249156,0,0.0,-0.0,1.6414760172395988
2025-04-30,16.51,-0.013150029886431547,True,1.0,-0.013150029886431547,1.1286419381742092,0,0.0,-0.0,2.1642416452585813,0,0.0,-0.0,19.38952027488302,0,0.0,-0.0,2.2894209504455763,0,0.0,-0.0,2.1294385137914227,0,0.0,-0.0,2.2894209504455763,0,0.0,-0.0,0.48831505699249156,0,0.0,-0.0,1.6414760172395988
2025-05-01,16.89,0.023016353725014982,True,1.0,0.023016353725014982,1.1546191602521132,0,0.0,0.0,2.1642416452585813,0,0.0,0.0,19.38952027488302,0,0.0,0.0,2.2894209504455763,0,0.0,0.0,2.1294385137914227,0,0.0,0.0,2.2894209504455763,0,0.0,0.0,0.48831505699249156,0,0.0,0.0,1.6414760172395988
2025-05-02,17.23,0.020130254588513807,True,1.0,0.020130254588513807,1.1778619379007642,0,0.0,0.0,2.1642416452585813,0,0.0,0.0,19.38952027488302,0,0.0,0.0,2.2894209504455763,0,0.0,0.0,2.1294385137914227,0,0.0,0.0,2.2894209504455763,0,0.0,0.0,0.48831505699249156,0,0.0,0.0,1.6414760172395988
2025-05-03,16.6,-0.03656413232733602,True,1.0,-0.03656413232733602,1.1347944381400283,0,0.0,-0.0,2.1642416452585813,0,0.0,-0.0,19.38952027488302,0,0.0,-0.0,2.2894209504455763,0,0.0,-0.0,2.1294385137914227,0,0.0,-0.0,2.2894209504455763,0,0.0,-0.0,0.48831505699249156,0,0.0,-0.0,1.6414760172395988
2025-05-04,16.01,-0.03554216867469884,True,1.0,-0.03554216867469884,1.0944613828085454,0,0.0,-0.0,2.1642416452585813,0,0.0,-0.0,19.38952027488302,0,0.0,-0.0,2.2894209504455763,0,0.0,-0.0,2.1294385137914227,0,0.0,-0.0,2.2894209504455763,0,0.0,-0.0,0.48831505699249156,0,0.0,-0.0,1.6414760172395988
2025-05-05,16.0,-0.0006246096189882477,True,1.0,-0.0006246096189882477,1.093777771701232,0,0.0,-0.0,2.1642416452585813,0,0.0,-0.0,19.38952027488302,0,0.0,-0.0,2.2894209504455763,0,0.0,-0.0,2.1294385137914227,0,0.0,-0.0,2.2894209504455763,0,0.0,-0.0,0.48831505699249156,0,0.0,-0.0,1.6414760172395988
2025-05-06,16.23,0.014375000000000027,True,1.0,0.014375000000000027,1.1095008271694373,0,0.0,0.0,2.1642416452585813,0,0.0,0.0,19.38952027488302,0,0.0,0.0,2.2894209504455763,0,0.0,0.0,2.1294385137914227,0,0.0,0.0,2.2894209504455763,0,0.0,0.0,0.48831505699249156,0,0.0,0.0,1.6414760172395988
2025-05-07,16.19,-0.0024645717806530687,True,1.0,-0.0024645717806530687,1.1067663827401844,0,0.0,-0.0,2.1642416452585813,0,0.0,-0.0,19.38952027488302,0,0.0,-0.0,2.2894209504455763,0,0.0,-0.0,2.1294385137914227,0,0.0,-0.0,2.2894209504455763,0,0.0,-0.0,0.48831505699249156,0,0.0,-0.0,1.6414760172395988
2025-05-08,18.63,0.1507103150092648,True,1.0,0.1507103150092648,1.2735674929246221,0,0.0,0.0,2.1642416452585813,1,0.0,0.0,19.38952027488302,0,0.0,0.0,2.2894209504455763,0,0.0,0.0,2.1294385137914227,0,0.0,0.0,2.2894209504455763,0,0.0,0.0,0.48831505699249156,0,0.0,0.0,1.6414760172395988
2025-05-09,19.21,0.031132581857219677,True,1.0,0.031132581857219677,1.313216937148792,0,0.0,0.0,2.1642416452585813,0,1.0,0.030132581857219676,19.973776581738154,0,0.0,0.0,2.2894209504455763,0,0.0,0.0,2.1294385137914227,0,0.0,0.0,2.2894209504455763,0,0.0,0.0,0.48831505699249156,0,0.0,0.0,1.6414760172395988
2025-05-10,20.7,0.07756376887037986,True,1.0,0.07756376887037986,1.415074992138469,0,0.0,0.0,2.1642416452585813,1,1.0,0.07756376887037986,21.523017971992697,0,0.0,0.0,2.2894209504455763,0,0.0,0.0,2.1294385137914227,0,0.0,0.0,2.2894209504455763,0,0.0,0.0,0.48831505699249156,0,0.0,0.0,1.6414760172395988
2025-05-11,19.96,-0.03574879227053129,True,1.0,-0.03574879227053129,1.3644877701972873,0,0.0,-0.0,2.1642416452585813,0,1.0,-0.03574879227053129,20.75359607347702,0,0.0,-0.0,2.2894209504455763,0,0.0,-0.0,2.1294385137914227,0,0.0,-0.0,2.2894209504455763,0,0.0,-0.0,0.48831505699249156,0,0.0,-0.0,1.6414760172395988
2025-05-12,19.79,-0.008517034068136309,True,1.0,-0.008517034068136309,1.3528663813729616,0,0.0,-0.0,2.1642416452585813,0,1.0,-0.008517034068136309,20.576836988682878,0,0.0,-0.0,2.2894209504455763,0,0.0,-0.0,2.1294385137914227,0,0.0,-0.0,2.2894209504455763,0,0.0,-0.0,0.48831505699249156,0,0.0,-0.0,1.6414760172395988
2025-05-13,20.67,0.04446690247599805,True,1.0,0.04446690247599805,1.4130241588165293,0,0.0,0.0,2.1642416452585813,0,1.0,0.04446690247599805,21.491825192323148,0,0.0,0.0,2.2894209504455763,0,0.0,0.0,2.1294385137914227,0,0.0,0.0,2.2894209504455763,0,0.0,0.0,0.48831505699249156,0,0.0,0.0,1.6414760172395988
2025-05-14,19.87,-0.03870343492985007,True,1.0,-0.03870343492985007,1.3583352702314677,0,0.0,-0.0,2.1642416452585813,0,1.0,-0.03870343492985007,20.660017734468358,0,0.0,-0.0,2.2894209504455763,0,0.0,-0.0,2.1294385137914227,0,0.0,-0.0,2.2894209504455763,0,0.0,-0.0,0.48831505699249156,0,0.0,-0.0,1.6414760172395988
2025-05-15,18.95,-0.0463009562154002,True,1.0,-0.0463009562154002,1.2954430483586468,0,0.0,-0.0,2.1642416452585813,0,1.0,-0.0463009562154002,19.703439157935346,0,0.0,-0.0,2.2894209504455763,0,0.0,-0.0,2.1294385137914227,0,0.0,-0.0,2.2894209504455763,0,0.0,-0.0,0.48831505699249156,0,0.0,-0.0,1.6414760172395988
2025-05-16,18.7,-0.01319261213720313,True,1.0,-0.01319261213720313,1.278352770675815,0,0.0,-0.0,2.1642416452585813,0,1.0,-0.01319261213720313,19.443499327355724,0,0.0,-0.0,2.2894209504455763,0,0.0,-0.0,2.1294385137914227,0,0.0,-0.0,2.2894209504455763,0,0.0,-0.0,0.48831505699249156,0,0.0,-0.0,1.6414760172395988
2025-05-17,18.12,-0.031016042780748543,True,1.0,-0.031016042780748543,1.2387033264516456,0,0.0,-0.0,2.1642416452585813,0,1.0,-0.031016042780748543,18.840438920411003,0,0.0,-0.0,2.2894209504455763,0,0.0,-0.0,2.1294385137914227,0,0.0,-0.0,2.2894209504455763,0,0.0,-0.0,0.48831505699249156,0,0.0,-0.0,1.6414760172395988
2025-05-18,18.72,0.0331125827814569,True,1.0,0.0331125827814569,1.2797199928904417,0,0.0,0.0,2.1642416452585813,0,1.0,0.0331125827814569,19.464294513802095,0,0.0,0.0,2.2894209504455763,0,0.0,0.0,2.1294385137914227,0,0.0,0.0,2.2894209504455763,0,0.0,0.0,0.48831505699249156,0,0.0,0.0,1.6414760172395988
2025-05-19,18.52,-0.010683760683760646,True,1.0,-0.010683760683760646,1.2660477707441764,0,0.0,-0.0,2.1642416452585813,0,1.0,-0.010683760683760646,19.256342649338396,0,0.0,-0.0,2.2894209504455763,0,0.0,-0.0,2.1294385137914227,0,0.0,-0.0,2.2894209504455763,0,0.0,-0.0,0.48831505699249156,0,0.0,-0.0,1.6414760172395988
2025-05-20,18.42,-0.005399568034557101,True,1.0,-0.005399568034557101,1.2592116596710439,0,0.0,-0.0,2.1642416452585813,0,1.0,-0.005399568034557101,19.15236671710655,0,0.0,-0.0,2.2894209504455763,0,0.0,-0.0,2.1294385137914227,0,0.0,-0.0,2.2894209504455763,0,0.0,-0.0,0.48831505699249156,0,0.0,-0.0,1.6414760172395988
2025-05-21,18.99,0.030944625407165915,True,1.0,0.030944625407165915,1.2981774927879,0,0.0,0.0,2.1642416452585813,0,1.0,0.030944625407165915,19.745029530828084,0,0.0,0.0,2.2894209504455763,0,0.0,0.0,2.1294385137914227,0,0.0,0.0,2.2894209504455763,0,0.0,0.0,0.48831505699249156,0,0.0,0.0,1.6414760172395988
2025-05-22,19.69,0.03686150605581906,True,1.0,0.03686150605581906,1.346030270299829,0,0.0,0.0,2.1642416452585813,0,1.0,0.03686150605581906,20.47286105645103,0,0.0,0.0,2.2894209504455763,0,0.0,0.0,2.1294385137914227,0,0.0,0.0,2.2894209504455763,0,0.0,0.0,0.48831505699249156,0,0.0,0.0,1.6414760172395988
2025-05-23,18.49,-0.06094464195022864,True,1.0,-0.06094464195022864,1.2639969374222364,0,0.0,-0.0,2.1642416452585813,0,1.0,-0.06094464195022864,19.225149869668844,0,0.0,-0.0,2.2894209504455763,0,0.0,-0.0,2.1294385137914227,0,0.0,-0.0,2.2894209504455763,0,0.0,-0.0,0.48831505699249156,0,0.0,-0.0,1.6414760172395988
2025-05-24,18.4,-0.004867495943753353,True,1.0,-0.004867495943753353,1.257844437456417,0,0.0,-0.0,2.1642416452585813,0,1.0,-0.004867495943753353,19.13157153066018,0,0.0,-0.0,2.2894209504455763,0,0.0,-0.0,2.1294385137914227,0,0.0,-0.0,2.2894209504455763,0,0.0,-0.0,0.48831505699249156,0,0.0,-0.0,1.6414760172395988
2025-05-25,18.34,-0.003260869565217317,True,1.0,-0.003260869565217317,1.2537427708125375,0,0.0,-0.0,2.1642416452585813,0,1.0,-0.003260869565217317,19.069185971321073,0,0.0,-0.0,2.2894209504455763,0,0.0,-0.0,2.1294385137914227,0,0.0,-0.0,2.2894209504455763,0,0.0,-0.0,0.48831505699249156,0,0.0,-0.0,1.6414760172395988
2025-05-26,18.24,-0.005452562704471142,True,1.0,-0.005452562704471142,1.2469066597394047,0,0.0,-0.0,2.1642416452585813,0,1.0,-0.005452562704471142,18.96521003908922,0,0.0,-0.0,2.2894209504455763,0,0.0,-0.0,2.1294385137914227,0,0.0,-0.0,2.2894209504455763,0,0.0,-0.0,0.48831505699249156,0,0.0,-0.0,1.6414760172395988
2025-05-27,18.62,0.02083333333333348,True,1.0,0.02083333333333348,1.2728838818173092,0,0.0,0.0,2.1642416452585813,0,1.0,0.02083333333333348,19.36031858157025,0,0.0,0.0,2.2894209504455763,0,0.0,0.0,2.1294385137914227,0,0.0,0.0,2.2894209504455763,0,0.0,0.0,0.48831505699249156,0,0.0,0.0,1.6414760172395988
2025-05-28,18.46,-0.008592910848549962,False,1.0,-0.008592910848549962,1.2619461041002968,0,0.0,-0.0,2.1642416452585813,0,1.0,-0.008592910848549962,19.19395708999929,0,0.0,-0.0,2.2894209504455763,0,0.0,-0.0,2.1294385137914227,0,0.0,-0.0,2.2894209504455763,0,0.0,-0.0,0.48831505699249156,0,0.0,-0.0,1.6414760172395988
2025-05-29,18.12,-0.018418201516793076,False,1.0,-0.018418201516793076,1.2387033264516456,0,0.0,-0.0,2.1642416452585813,0,1.0,-0.018418201516793076,18.840438920411003,0,0.0,-0.0,2.2894209504455763,0,0.0,-0.0,2.1294385137914227,0,0.0,-0.0,2.2894209504455763,0,0.0,-0.0,0.48831505699249156,0,0.0,-0.0,1.6414760172395988
2025-05-30,16.94,-0.06512141280353201,False,1.0,-0.06512141280353201,1.1580372157886798,0,0.0,-0.0,2.1642416452585813,0,1.0,-0.06512141280353201,17.613522920075187,0,0.0,-0.0,2.2894209504455763,0,0.0,-0.0,2.1294385137914227,0,0.0,-0.0,2.2894209504455763,0,0.0,-0.0,0.48831505699249156,0,0.0,-0.0,1.6414760172395988
2025-05-31,16.94,0.0,False,1.0,0.0,1.1580372157886798,0,0.0,0.0,2.1642416452585813,0,0.0,-0.001,17.59590939715511,0,0.0,0.0,2.2894209504455763,0,0.0,0.0,2.1294385137914227,0,0.0,0.0,2.2894209504455763,0,0.0,0.0,0.48831505699249156,0,0.0,0.0,1.6414760172395988
2025-06-01,17.1,0.009445100354191327,False,1.0,0.009445100354191327,1.1689749935056921,0,0.0,0.0,2.1642416452585813,0,0.0,0.0,17.59590939715511,0,0.0,0.0,2.2894209504455763,0,0.0,0.0,2.1294385137914227,0,0.0,0.0,2.2894209504455763,0,0.0,0.0,0.48831505699249156,0,0.0,0.0,1.6414760172395988
2025-06-02,17.56,0.026900584795321425,False,1.0,0.026900584795321425,1.2004211044421023,0,0.0,0.0,2.1642416452585813,0,0.0,0.0,17.59590939715511,0,0.0,0.0,2.2894209504455763,0,0.0,0.0,2.1294385137914227,0,0.0,0.0,2.2894209504455763,0,0.0,0.0,0.48831505699249156,0,0.0,0.0,1.6414760172395988
2025-06-03,17.56,0.0,False,1.0,0.0,1.2004211044421023,0,0.0,0.0,2.1642416452585813,0,0.0,0.0,17.59590939715511,0,0.0,0.0,2.2894209504455763,0,0.0,0.0,2.1294385137914227,0,0.0,0.0,2.2894209504455763,0,0.0,0.0,0.48831505699249156,0,0.0,0.0,1.6414760172395988
2025-06-04,17.25,-0.01765375854214113,False,1.0,-0.01765375854214113,1.179229160115391,0,0.0,-0.0,2.1642416452585813,0,0.0,-0.0,17.59590939715511,0,0.0,-0.0,2.2894209504455763,0,0.0,-0.0,2.1294385137914227,0,0.0,-0.0,2.2894209504455763,0,0.0,-0.0,0.48831505699249156,0,0.0,-0.0,1.6414760172395988
2025-06-05,16.29,-0.05565217391304356,False,1.0,-0.05565217391304356,1.113602493813317,0,0.0,-0.0,2.1642416452585813,0,0.0,-0.0,17.59590939715511,0,0.0,-0.0,2.2894209504455763,0,0.0,-0.0,2.1294385137914227,0,0.0,-0.0,2.2894209504455763,0,0.0,-0.0,0.48831505699249156,0,0.0,-0.0,1.6414760172395988
2025-06-06,16.7,0.02516881522406389,False,1.0,0.02516881522406389,1.1416305492131613,0,0.0,0.0,2.1642416452585813,0,0.0,0.0,17.59590939715511,0,0.0,0.0,2.2894209504455763,0,0.0,0.0,2.1294385137914227,0,0.0,0.0,2.2894209504455763,0,0.0,0.0,0.48831505699249156,0,0.0,0.0,1.6414760172395988
2025-06-07,17.22,0.031137724550898138,False,1.0,0.031137724550898138,1.1771783267934512,0,0.0,0.0,2.1642416452585813,0,0.0,0.0,17.59590939715511,0,0.0,0.0,2.2894209504455763,0,0.0,0.0,2.1294385137914227,0,0.0,0.0,2.2894209504455763,0,0.0,0.0,0.48831505699249156,0,0.0,0.0,1.6414760172395988
2025-06-08,16.95,-0.015679442508710784,False,1.0,-0.015679442508710784,1.158720826895993,0,0.0,-0.0,2.1642416452585813,0,0.0,-0.0,17.59590939715511,0,0.0,-0.0,2.2894209504455763,0,0.0,-0.0,2.1294385137914227,0,0.0,-0.0,2.2894209504455763,0,0.0,-0.0,0.48831505699249156,0,0.0,-0.0,1.6414760172395988
2025-06-09,17.86,0.05368731563421836,False,1.0,0.05368731563421836,1.2209294376615007,0,0.0,0.0,2.1642416452585813,0,0.0,0.0,17.59590939715511,0,0.0,0.0,2.2894209504455763,0,0.0,0.0,2.1294385137914227,0,0.0,0.0,2.2894209504455763,0,0.0,0.0,0.48831505699249156,0,0.0,0.0,1.6414760172395988
2025-06-10,18.56,0.03919372900335949,False,1.0,0.03919372900335949,1.2687822151734296,0,0.0,0.0,2.1642416452585813,0,0.0,0.0,17.59590939715511,0,0.0,0.0,2.2894209504455763,0,0.0,0.0,2.1294385137914227,0,0.0,0.0,2.2894209504455763,0,0.0,0.0,0.48831505699249156,0,0.0,0.0,1.6414760172395988
2025-06-11,18.09,-0.02532327586206895,False,1.0,-0.02532327586206895,1.2366524931297058,0,0.0,-0.0,2.1642416452585813,0,0.0,-0.0,17.59590939715511,0,0.0,-0.0,2.2894209504455763,0,0.0,-0.0,2.1294385137914227,0,0.0,-0.0,2.2894209504455763,0,0.0,-0.0,0.48831505699249156,0,0.0,-0.0,1.6414760172395988
2025-06-12,17.11,-0.05417357656163624,False,1.0,-0.05417357656163624,1.1696586046130053,0,0.0,-0.0,2.1642416452585813,0,0.0,-0.0,17.59590939715511,0,0.0,-0.0,2.2894209504455763,0,0.0,-0.0,2.1294385137914227,0,0.0,-0.0,2.2894209504455763,0,0.0,-0.0,0.48831505699249156,0,0.0,-0.0,1.6414760172395988
2025-06-13,16.9,-0.012273524254821755,False,1.0,-0.012273524254821755,1.1553027713594266,0,0.0,-0.0,2.1642416452585813,0,0.0,-0.0,17.59590939715511,0,0.0,-0.0,2.2894209504455763,0,0.0,-0.0,2.1294385137914227,0,0.0,-0.0,2.2894209504455763,0,0.0,-0.0,0.48831505699249156,0,0.0,-0.0,1.6414760172395988
2025-06-14,16.63,-0.01597633136094667,False,1.0,-0.01597633136094667,1.1368452714619683,0,0.0,-0.0,2.1642416452585813,0,0.0,-0.0,17.59590939715511,0,0.0,-0.0,2.2894209504455763,0,0.0,-0.0,2.1294385137914227,0,0.0,-0.0,2.2894209504455763,0,0.0,-0.0,0.48831505699249156,0,0.0,-0.0,1.6414760172395988
2025-06-15,16.68,0.0030066145520144527,False,1.0,0.0030066145520144527,1.1402633269985347,0,0.0,0.0,2.1642416452585813,0,0.0,0.0,17.59590939715511,0,0.0,0.0,2.2894209504455763,0,0.0,0.0,2.1294385137914227,0,0.0,0.0,2.2894209504455763,0,0.0,0.0,0.48831505699249156,0,0.0,0.0,1.6414760172395988
2025-06-16,16.94,0.01558752997601931,False,1.0,0.01558752997601931,1.1580372157886798,0,0.0,0.0,2.1642416452585813,0,0.0,0.0,17.59590939715511,0,0.0,0.0,2.2894209504455763,0,0.0,0.0,2.1294385137914227,0,0.0,0.0,2.2894209504455763,0,0.0,0.0,0.48831505699249156,0,0.0,0.0,1.6414760172395988
2025-06-17,16.47,-0.02774498229043698,False,1.0,-0.02774498229043698,1.125907493744956,0,0.0,-0.0,2.1642416452585813,0,0.0,-0.0,17.59590939715511,0,0.0,-0.0,2.2894209504455763,0,0.0,-0.0,2.1294385137914227,0,0.0,-0.0,2.2894209504455763,0,0.0,-0.0,0.48831505699249156,0,0.0,-0.0,1.6414760172395988
2025-06-18,16.54,0.004250151791135526,False,1.0,0.004250151791135526,1.130692771496149,0,0.0,0.0,2.1642416452585813,0,0.0,0.0,17.59590939715511,0,0.0,0.0,2.2894209504455763,0,0.0,0.0,2.1294385137914227,0,0.0,0.0,2.2894209504455763,0,0.0,0.0,0.48831505699249156,0,0.0,0.0,1.6414760172395988
2025-06-19,16.71,0.010278113663845234,False,1.0,0.010278113663845234,1.1423141603204745,0,0.0,0.0,2.1642416452585813,0,0.0,0.0,17.59590939715511,0,0.0,0.0,2.2894209504455763,0,0.0,0.0,2.1294385137914227,0,0.0,0.0,2.2894209504455763,0,0.0,0.0,0.48831505699249156,0,0.0,0.0,1.6414760172395988
2025-06-20,16.12,-0.03530819868342305,False,1.0,-0.03530819868342305,1.1019811049889916,0,0.0,-0.0,2.1642416452585813,0,0.0,-0.0,17.59590939715511,0,0.0,-0.0,2.2894209504455763,0,0.0,-0.0,2.1294385137914227,0,0.0,-0.0,2.2894209504455763,0,0.0,-0.0,0.48831505699249156,0,0.0,-0.0,1.6414760172395988
2025-06-21,15.58,-0.03349875930521096,False,1.0,-0.03349875930521096,1.065066105194075,0,0.0,-0.0,2.1642416452585813,0,0.0,-0.0,17.59590939715511,0,0.0,-0.0,2.2894209504455763,0,0.0,-0.0,2.1294385137914227,0,0.0,-0.0,2.2894209504455763,0,0.0,-0.0,0.48831505699249156,0,0.0,-0.0,1.6414760172395988
2025-06-22,15.19,-0.025032092426187424,False,1.0,-0.025032092426187424,1.0384052720088575,0,0.0,-0.0,2.1642416452585813,0,0.0,-0.0,17.59590939715511,0,0.0,-0.0,2.2894209504455763,0,0.0,-0.0,2.1294385137914227,0,0.0,-0.0,2.2894209504455763,0,0.0,-0.0,0.48831505699249156,0,0.0,-0.0,1.6414760172395988
2025-06-23,16.38,0.07834101382488479,False,1.0,0.07834101382488479,1.1197549937791367,0,0.0,0.0,2.1642416452585813,0,0.0,0.0,17.59590939715511,0,0.0,0.0,2.2894209504455763,0,0.0,0.0,2.1294385137914227,0,0.0,0.0,2.2894209504455763,0,0.0,0.0,0.48831505699249156,0,0.0,0.0,1.6414760172395988
2025-06-24,16.43,0.0030525030525030417,False,1.0,0.0030525030525030417,1.123173049315703,0,0.0,0.0,2.1642416452585813,0,0.0,0.0,17.59590939715511,0,0.0,0.0,2.2894209504455763,0,0.0,0.0,2.1294385137914227,0,0.0,0.0,2.2894209504455763,0,0.0,0.0,0.48831505699249156,0,0.0,0.0,1.6414760172395988
2025-06-25,16.22,-0.012781497261107777,False,1.0,-0.012781497261107777,1.1088172160621244,0,0.0,-0.0,2.1642416452585813,0,0.0,-0.0,17.59590939715511,0,0.0,-0.0,2.2894209504455763,0,0.0,-0.0,2.1294385137914227,0,0.0,-0.0,2.2894209504455763,0,0.0,-0.0,0.48831505699249156,0,0.0,-0.0,1.6414760172395988
2025-06-26,16.11,-0.006781750924784169,False,1.0,-0.006781750924784169,1.1012974938816784,0,0.0,-0.0,2.1642416452585813,0,0.0,-0.0,17.59590939715511,0,0.0,-0.0,2.2894209504455763,0,0.0,-0.0,2.1294385137914227,0,0.0,-0.0,2.2894209504455763,0,0.0,-0.0,0.48831505699249156,0,0.0,-0.0,1.6414760172395988
2025-06-27,16.19,0.004965859714463283,False,1.0,0.004965859714463283,1.1067663827401848,0,0.0,0.0,2.1642416452585813,0,0.0,0.0,17.59590939715511,0,0.0,0.0,2.2894209504455763,0,0.0,0.0,2.1294385137914227,0,0.0,0.0,2.2894209504455763,0,0.0,0.0,0.48831505699249156,0,0.0,0.0,1.6414760172395988
2025-06-28,16.27,0.00494132180358231,False,1.0,0.00494132180358231,1.1122352715986907,0,0.0,0.0,2.1642416452585813,0,0.0,0.0,17.59590939715511,0,0.0,0.0,2.2894209504455763,0,0.0,0.0,2.1294385137914227,0,0.0,0.0,2.2894209504455763,0,0.0,0.0,0.48831505699249156,0,0.0,0.0,1.6414760172395988
2025-06-29,16.96,0.04240934234787952,False,1.0,0.04240934234787952,1.1594044380033064,0,0.0,0.0,2.1642416452585813,0,0.0,0.0,17.59590939715511,0,0.0,0.0,2.2894209504455763,0,0.0,0.0,2.1294385137914227,0,0.0,0.0,2.2894209504455763,0,0.0,0.0,0.48831505699249156,0,0.0,0.0,1.6414760172395988
2025-06-30,16.59,-0.02181603773584906,False,1.0,-0.02181603773584906,1.1341108270327154,0,0.0,-0.0,2.1642416452585813,0,0.0,-0.0,17.59590939715511,0,0.0,-0.0,2.2894209504455763,0,0.0,-0.0,2.1294385137914227,0,0.0,-0.0,2.2894209504455763,0,0.0,-0.0,0.48831505699249156,0,0.0,-0.0,1.6414760172395988
2025-07-01,15.95,-0.038577456298975354,False,1.0,-0.038577456298975354,1.090359716164666,0,0.0,-0.0,2.1642416452585813,0,0.0,-0.0,17.59590939715511,0,0.0,-0.0,2.2894209504455763,0,0.0,-0.0,2.1294385137914227,0,0.0,-0.0,2.2894209504455763,0,0.0,-0.0,0.48831505699249156,0,0.0,-0.0,1.6414760172395988
2025-07-02,16.96,0.06332288401253927,False,1.0,0.06332288401253927,1.1594044380033064,0,0.0,0.0,2.1642416452585813,0,0.0,0.0,17.59590939715511,0,0.0,0.0,2.2894209504455763,0,0.0,0.0,2.1294385137914227,0,0.0,0.0,2.2894209504455763,0,0.0,0.0,0.48831505699249156,0,0.0,0.0,1.6414760172395988
2025-07-03,16.99,0.001768867924528239,True,1.0,0.001768867924528239,1.1614552713252462,0,0.0,0.0,2.1642416452585813,0,0.0,0.0,17.59590939715511,0,0.0,0.0,2.2894209504455763,0,0.0,0.0,2.1294385137914227,0,0.0,0.0,2.2894209504455763,0,0.0,0.0,0.48831505699249156,0,0.0,0.0,1.6414760172395988
2025-07-04,16.28,-0.041789287816362375,False,1.0,-0.041789287816362375,1.1129188827060041,0,0.0,-0.0,2.1642416452585813,0,0.0,-0.0,17.59590939715511,0,0.0,-0.0,2.2894209504455763,0,0.0,-0.0,2.1294385137914227,0,0.0,-0.0,2.2894209504455763,0,0.0,-0.0,0.48831505699249156,0,0.0,-0.0,1.6414760172395988
2025-07-05,16.37,0.005528255528255421,False,1.0,0.005528255528255421,1.1190713826718235,0,0.0,0.0,2.1642416452585813,0,0.0,0.0,17.59590939715511,0,0.0,0.0,2.2894209504455763,0,0.0,0.0,2.1294385137914227,0,0.0,0.0,2.2894209504455763,0,0.0,0.0,0.48831505699249156,0,0.0,0.0,1.6414760172395988
2025-07-06,16.64,0.016493585827733526,False,1.0,0.016493585827733526,1.1375288825692815,0,0.0,0.0,2.1642416452585813,0,0.0,0.0,17.59590939715511,0,0.0,0.0,2.2894209504455763,0,0.0,0.0,2.1294385137914227,0,0.0,0.0,2.2894209504455763,0,0.0,0.0,0.48831505699249156,0,0.0,0.0,1.6414760172395988
2025-07-07,16.68,0.0024038461538460343,True,1.0,0.0024038461538460343,1.1402633269985345,0,0.0,0.0,2.1642416452585813,0,0.0,0.0,17.59590939715511,0,0.0,0.0,2.2894209504455763,0,0.0,0.0,2.1294385137914227,0,0.0,0.0,2.2894209504455763,0,0.0,0.0,0.48831505699249156,0,0.0,0.0,1.6414760172395988
2025-07-08,16.94,0.01558752997601931,True,1.0,0.01558752997601931,1.1580372157886796,0,0.0,0.0,2.1642416452585813,0,0.0,0.0,17.59590939715511,0,0.0,0.0,2.2894209504455763,0,0.0,0.0,2.1294385137914227,0,0.0,0.0,2.2894209504455763,0,0.0,0.0,0.48831505699249156,0,0.0,0.0,1.6414760172395988
2025-07-09,17.66,0.04250295159386064,True,1.0,0.04250295159386064,1.207257215515235,0,0.0,0.0,2.1642416452585813,0,0.0,0.0,17.59590939715511,0,0.0,0.0,2.2894209504455763,0,0.0,0.0,2.1294385137914227,0,0.0,0.0,2.2894209504455763,0,0.0,0.0,0.48831505699249156,0,0.0,0.0,1.6414760172395988
2025-07-10,18.49,0.04699886749716864,True,1.0,0.04699886749716864,1.2639969374222364,0,0.0,0.0,2.1642416452585813,0,0.0,0.0,17.59590939715511,0,0.0,0.0,2.2894209504455763,0,0.0,0.0,2.1294385137914227,0,0.0,0.0,2.2894209504455763,0,0.0,0.0,0.48831505699249156,0,0.0,0.0,1.6414760172395988
2025-07-11,18.26,-0.012439156300702914,True,1.0,-0.012439156300702914,1.2482738819540313,0,0.0,-0.0,2.1642416452585813,0,0.0,-0.0,17.59590939715511,0,0.0,-0.0,2.2894209504455763,0,0.0,-0.0,2.1294385137914227,0,0.0,-0.0,2.2894209504455763,0,0.0,-0.0,0.48831505699249156,0,0.0,-0.0,1.6414760172395988
2025-07-12,18.14,-0.0065717415115006395,True,1.0,-0.0065717415115006395,1.240070548666272,0,0.0,-0.0,2.1642416452585813,0,0.0,-0.0,17.59590939715511,0,0.0,-0.0,2.2894209504455763,0,0.0,-0.0,2.1294385137914227,0,0.0,-0.0,2.2894209504455763,0,0.0,-0.0,0.48831505699249156,0,0.0,-0.0,1.6414760172395988
2025-07-13,18.45,0.01708930540242548,True,1.0,0.01708930540242548,1.2612624929929832,0,0.0,0.0,2.1642416452585813,0,0.0,0.0,17.59590939715511,0,0.0,0.0,2.2894209504455763,0,0.0,0.0,2.1294385137914227,0,0.0,0.0,2.2894209504455763,0,0.0,0.0,0.48831505699249156,0,0.0,0.0,1.6414760172395988
2025-07-14,18.55,0.005420054200542035,True,1.0,0.005420054200542035,1.268098604066116,0,0.0,0.0,2.1642416452585813,0,0.0,0.0,17.59590939715511,0,0.0,0.0,2.2894209504455763,0,0.0,0.0,2.1294385137914227,0,0.0,0.0,2.2894209504455763,0,0.0,0.0,0.48831505699249156,0,0.0,0.0,1.6414760172395988
2025-07-15,19.06,0.027493261455525442,True,1.0,0.027493261455525442,1.3029627705390925,0,0.0,0.0,2.1642416452585813,0,0.0,0.0,17.59590939715511,0,0.0,0.0,2.2894209504455763,0,0.0,0.0,2.1294385137914227,0,0.0,0.0,2.2894209504455763,0,0.0,0.0,0.48831505699249156,0,0.0,0.0,1.6414760172395988
2025-07-16,19.88,0.043022035676810066,True,1.0,0.043022035676810066,1.3590188813387807,0,0.0,0.0,2.1642416452585813,0,0.0,0.0,17.59590939715511,0,0.0,0.0,2.2894209504455763,0,0.0,0.0,2.1294385137914227,0,0.0,0.0,2.2894209504455763,0,0.0,0.0,0.48831505699249156,0,0.0,0.0,1.6414760172395988
2025-07-17,20.26,0.019114688128772706,True,1.0,0.019114688128772706,1.384996103416685,0,0.0,0.0,2.1642416452585813,0,0.0,0.0,17.59590939715511,0,0.0,0.0,2.2894209504455763,0,0.0,0.0,2.1294385137914227,0,0.0,0.0,2.2894209504455763,0,0.0,0.0,0.48831505699249156,0,0.0,0.0,1.6414760172395988
2025-07-18,23.18,0.14412635735439272,True,1.0,0.14412635735439272,1.5846105467521596,0,0.0,0.0,2.1642416452585813,1,0.0,0.0,17.59590939715511,0,0.0,0.0,2.2894209504455763,0,0.0,0.0,2.1294385137914227,0,0.0,0.0,2.2894209504455763,0,0.0,0.0,0.48831505699249156,0,0.0,0.0,1.6414760172395988
2025-07-19,24.37,0.051337359792924975,True,1.0,0.051337359792924975,1.6659602685224388,0,0.0,0.0,2.1642416452585813,1,1.0,0.050337359792924974,18.48164101936342,0,0.0,0.0,2.2894209504455763,0,0.0,0.0,2.1294385137914227,0,0.0,0.0,2.2894209504455763,0,0.0,0.0,0.48831505699249156,0,0.0,0.0,1.6414760172395988
2025-07-20,24.69,0.013130898645876021,True,1.0,0.013130898645876021,1.6878358239564635,0,0.0,0.0,2.1642416452585813,0,1.0,0.013130898645876021,18.724321574398147,0,0.0,0.0,2.2894209504455763,0,0.0,0.0,2.1294385137914227,0,0.0,0.0,2.2894209504455763,0,0.0,0.0,0.48831505699249156,0,0.0,0.0,1.6414760172395988
2025-07-21,24.01,-0.027541514783313015,True,1.0,-0.027541514783313015,1.6413502686591612,0,0.0,-0.0,2.1642416452585813,0,1.0,-0.027541514783313015,18.208625394949355,0,0.0,-0.0,2.2894209504455763,0,0.0,-0.0,2.1294385137914227,0,0.0,-0.0,2.2894209504455763,0,0.0,-0.0,0.48831505699249156,0,0.0,-0.0,1.6414760172395988
2025-07-22,24.24,0.009579341940857855,True,1.0,0.009579341940857855,1.6570733241273663,0,0.0,0.0,2.1642416452585813,0,1.0,0.009579341940857855,18.38305204388056,0,0.0,0.0,2.2894209504455763,0,0.0,0.0,2.1294385137914227,0,0.0,0.0,2.2894209504455763,0,0.0,0.0,0.48831505699249156,0,0.0,0.0,1.6414760172395988
2025-07-23,22.53,-0.07054455445544539,True,1.0,-0.07054455445544539,1.5401758247767974,0,0.0,-0.0,2.1642416452585813,0,1.0,-0.07054455445544539,17.086227827913742,0,0.0,-0.0,2.2894209504455763,0,0.0,-0.0,2.1294385137914227,0,0.0,-0.0,2.2894209504455763,0,0.0,-0.0,0.48831505699249156,0,0.0,-0.0,1.6414760172395988
2025-07-24,22.27,-0.011540168664003647,True,1.0,-0.011540168664003647,1.5224019359866523,0,0.0,-0.0,2.1642416452585813,0,1.0,-0.011540168664003647,16.889049876948025,0,0.0,-0.0,2.2894209504455763,0,0.0,-0.0,2.1294385137914227,0,0.0,-0.0,2.2894209504455763,0,0.0,-0.0,0.48831505699249156,0,0.0,-0.0,1.6414760172395988
2025-07-25,22.69,0.018859452177817815,True,1.0,0.018859452177817815,1.55111360249381,0,0.0,0.0,2.1642416452585813,0,1.0,0.018859452177817815,17.207568105431108,0,0.0,0.0,2.2894209504455763,0,0.0,0.0,2.1294385137914227,0,0.0,0.0,2.2894209504455763,0,0.0,0.0,0.48831505699249156,0,0.0,0.0,1.6414760172395988
2025-07-26,22.81,0.005288673424415968,True,1.0,0.005288673424415968,1.559316935781569,0,0.0,0.0,2.1642416452585813,0,1.0,0.005288673424415968,17.29857331356913,0,0.0,0.0,2.2894209504455763,0,0.0,0.0,2.1294385137914227,0,0.0,0.0,2.2894209504455763,0,0.0,0.0,0.48831505699249156,0,0.0,0.0,1.6414760172395988
2025-07-27,23.3,0.021481806225339906,True,1.0,0.021481806225339906,1.5928138800399194,0,0.0,0.0,2.1642416452585813,0,1.0,0.021481806225339906,17.670177913466055,0,0.0,0.0,2.2894209504455763,0,0.0,0.0,2.1294385137914227,0,0.0,0.0,2.2894209504455763,0,0.0,0.0,0.48831505699249156,0,0.0,0.0,1.6414760172395988
2025-07-28,21.91,-0.059656652360515094,True,1.0,-0.059656652360515094,1.4977919361233747,0,0.0,-0.0,2.1642416452585813,0,1.0,-0.059656652360515094,16.616034252533957,0,0.0,-0.0,2.2894209504455763,0,0.0,-0.0,2.1294385137914227,0,0.0,-0.0,2.2894209504455763,0,0.0,-0.0,0.48831505699249156,0,0.0,-0.0,1.6414760172395988
2025-07-29,21.76,-0.006846188954815036,True,1.0,-0.006846188954815036,1.4875377695136758,0,0.0,-0.0,2.1642416452585813,0,1.0,-0.006846188954815036,16.502277742361432,0,0.0,-0.0,2.2894209504455763,0,0.0,-0.0,2.1294385137914227,0,0.0,-0.0,2.2894209504455763,0,0.0,-0.0,0.48831505699249156,0,0.0,-0.0,1.6414760172395988
2025-07-30,21.4,-0.016544117647058987,True,1.0,-0.016544117647058987,1.4629277696503977,0,0.0,-0.0,2.1642416452585813,0,1.0,-0.016544117647058987,16.22926211794736,0,0.0,-0.0,2.2894209504455763,0,0.0,-0.0,2.1294385137914227,0,0.0,-0.0,2.2894209504455763,0,0.0,-0.0,0.48831505699249156,0,0.0,-0.0,1.6414760172395988
2025-07-31,20.56,-0.03925233644859816,True,1.0,-0.03925233644859816,1.405504436636083,0,0.0,-0.0,2.1642416452585813,0,1.0,-0.03925233644859816,15.592225660981201,0,0.0,-0.0,2.2894209504455763,0,0.0,-0.0,2.1294385137914227,0,0.0,-0.0,2.2894209504455763,0,0.0,-0.0,0.48831505699249156,0,0.0,-0.0,1.6414760172395988
2025-08-01,19.78,-0.037937743190661344,True,1.0,-0.037937743190661344,1.3521827702656481,0,0.0,-0.0,2.1642416452585813,0,1.0,-0.037937743190661344,15.000691808084056,0,0.0,-0.0,2.2894209504455763,0,0.0,-0.0,2.1294385137914227,0,0.0,-0.0,2.2894209504455763,0,0.0,-0.0,0.48831505699249156,0,0.0,-0.0,1.6414760172395988
2025-08-02,19.19,-0.02982810920121337,True,1.0,-0.02982810920121337,1.3118497149341652,0,0.0,-0.0,2.1642416452585813,0,1.0,-0.02982810920121337,14.553249534738779,0,0.0,-0.0,2.2894209504455763,0,0.0,-0.0,2.1294385137914227,0,0.0,-0.0,2.2894209504455763,0,0.0,-0.0,0.48831505699249156,0,0.0,-0.0,1.6414760172395988
2025-08-03,19.86,0.034914017717561086,True,1.0,0.034914017717561086,1.357651659124154,0,0.0,0.0,2.1642416452585813,0,1.0,0.034914017717561086,15.061361946842736,0,0.0,0.0,2.2894209504455763,0,0.0,0.0,2.1294385137914227,0,0.0,0.0,2.2894209504455763,0,0.0,0.0,0.48831505699249156,0,0.0,0.0,1.6414760172395988
2025-08-04,20.99,0.05689828801611263,True,1.0,0.05689828801611263,1.4348997142505533,0,0.0,0.0,2.1642416452585813,0,1.0,0.05689828801611263,15.918327656809112,0,0.0,0.0,2.2894209504455763,0,0.0,0.0,2.1294385137914227,0,0.0,0.0,2.2894209504455763,0,0.0,0.0,0.48831505699249156,0,0.0,0.0,1.6414760172395988
2025-08-05,20.18,-0.03858980466888984,True,1.0,-0.03858980466888984,1.3795272145581785,0,0.0,-0.0,2.1642416452585813,0,1.0,-0.03858980466888984,15.304042501877461,0,0.0,-0.0,2.2894209504455763,0,0.0,-0.0,2.1294385137914227,0,0.0,-0.0,2.2894209504455763,0,0.0,-0.0,0.48831505699249156,0,0.0,-0.0,1.6414760172395988
2025-08-06,20.3,0.005946481665014991,True,1.0,0.005946481665014991,1.3877305478459379,0,0.0,0.0,2.1642416452585813,0,1.0,0.005946481665014991,15.395047710015486,0,0.0,0.0,2.2894209504455763,0,0.0,0.0,2.1294385137914227,0,0.0,0.0,2.2894209504455763,0,0.0,0.0,0.48831505699249156,0,0.0,0.0,1.6414760172395988
2025-08-07,21.55,0.061576354679802936,False,1.0,0.061576354679802936,1.4731819362600966,0,0.0,0.0,2.1642416452585813,0,1.0,0.061576354679802936,16.34301862811989,0,0.0,0.0,2.2894209504455763,0,0.0,0.0,2.1294385137914227,0,0.0,0.0,2.2894209504455763,0,0.0,0.0,0.48831505699249156,0,0.0,0.0,1.6414760172395988
2025-08-08,22.38,0.03851508120649649,False,1.0,0.03851508120649649,1.529921658167098,0,0.0,0.0,2.1642416452585813,0,1.0,0.03851508120649649,16.972471317741213,0,0.0,0.0,2.2894209504455763,0,0.0,0.0,2.1294385137914227,0,0.0,0.0,2.2894209504455763,0,0.0,0.0,0.48831505699249156,0,0.0,0.0,1.6414760172395988
2025-08-09,23.6,0.054512957998212874,False,1.0,0.054512957998212874,1.6133222132593172,0,0.0,0.0,2.1642416452585813,0,0.0,-0.001,16.955498846423474,0,0.0,0.0,2.2894209504455763,0,0.0,0.0,2.1294385137914227,0,0.0,0.0,2.2894209504455763,0,0.0,0.0,0.48831505699249156,0,0.0,0.0,1.6414760172395988
2025-08-10,23.17,-0.018220338983050866,False,1.0,-0.018220338983050866,1.5839269356448467,0,0.0,-0.0,2.1642416452585813,0,0.0,-0.0,16.955498846423474,0,0.0,-0.0,2.2894209504455763,0,0.0,-0.0,2.1294385137914227,0,0.0,-0.0,2.2894209504455763,0,0.0,-0.0,0.48831505699249156,0,0.0,-0.0,1.6414760172395988
2025-08-11,22.21,-0.04143288735433759,False,1.0,-0.04143288735433759,1.5183002693427725,0,0.0,-0.0,2.1642416452585813,0,0.0,-0.0,16.955498846423474,0,0.0,-0.0,2.2894209504455763,0,0.0,-0.0,2.1294385137914227,0,0.0,-0.0,2.2894209504455763,0,0.0,-0.0,0.48831505699249156,0,0.0,-0.0,1.6414760172395988
2025-08-12,23.68,0.06618640252138674,True,1.0,0.06618640252138674,1.6187911021178232,0,0.0,0.0,2.1642416452585813,0,0.0,0.0,16.955498846423474,0,0.0,0.0,2.2894209504455763,0,0.0,0.0,2.1294385137914227,0,0.0,0.0,2.2894209504455763,0,0.0,0.0,0.48831505699249156,0,0.0,0.0,1.6414760172395988
2025-08-13,24.26,0.024493243243243423,True,1.0,0.024493243243243423,1.6584405463419931,0,0.0,0.0,2.1642416452585813,0,0.0,0.0,16.955498846423474,0,0.0,0.0,2.2894209504455763,0,0.0,0.0,2.1294385137914227,0,0.0,0.0,2.2894209504455763,0,0.0,0.0,0.48831505699249156,0,0.0,0.0,1.6414760172395988
2025-08-14,22.18,-0.08573784006595231,False,1.0,-0.08573784006595231,1.5162494360208327,0,0.0,-0.0,2.1642416452585813,0,0.0,-0.0,16.955498846423474,0,0.0,-0.0,2.2894209504455763,0,0.0,-0.0,2.1294385137914227,0,0.0,-0.0,2.2894209504455763,0,0.0,-0.0,0.48831505699249156,0,0.0,-0.0,1.6414760172395988
2025-08-15,22.23,0.0022542831379621653,False,1.0,0.0022542831379621653,1.519667491557399,0,0.0,0.0,2.1642416452585813,0,0.0,0.0,16.955498846423474,0,0.0,0.0,2.2894209504455763,0,0.0,0.0,2.1294385137914227,0,0.0,0.0,2.2894209504455763,0,0.0,0.0,0.48831505699249156,0,0.0,0.0,1.6414760172395988
2025-08-16,22.38,0.006747638326585648,False,1.0,0.006747638326585648,1.529921658167098,0,0.0,0.0,2.1642416452585813,0,0.0,0.0,16.955498846423474,0,0.0,0.0,2.2894209504455763,0,0.0,0.0,2.1294385137914227,0,0.0,0.0,2.2894209504455763,0,0.0,0.0,0.48831505699249156,0,0.0,0.0,1.6414760172395988
2025-08-17,22.24,-0.006255585344057235,True,1.0,-0.006255585344057235,1.520351102664712,0,0.0,-0.0,2.1642416452585813,0,0.0,-0.0,16.955498846423474,0,0.0,-0.0,2.2894209504455763,0,0.0,-0.0,2.1294385137914227,0,0.0,-0.0,2.2894209504455763,0,0.0,-0.0,0.48831505699249156,0,0.0,-0.0,1.6414760172395988
2025-08-18,21.52,-0.03237410071942437,False,1.0,-0.03237410071942437,1.4711311029381569,0,0.0,-0.0,2.1642416452585813,0,0.0,-0.0,16.955498846423474,0,0.0,-0.0,2.2894209504455763,0,0.0,-0.0,2.1294385137914227,0,0.0,-0.0,2.2894209504455763,0,0.0,-0.0,0.48831505699249156,0,0.0,-0.0,1.6414760172395988
2025-08-19,20.53,-0.046003717472118844,False,1.0,-0.046003717472118844,1.4034536033141434,0,0.0,-0.0,2.1642416452585813,0,0.0,-0.0,16.955498846423474,0,0.0,-0.0,2.2894209504455763,0,0.0,-0.0,2.1294385137914227,0,0.0,-0.0,2.2894209504455763,0,0.0,-0.0,0.48831505699249156,0,0.0,-0.0,1.6414760172395988
2025-08-20,21.56,0.050170482221139734,True,1.0,0.050170482221139734,1.47386554736741,0,0.0,0.0,2.1642416452585813,0,0.0,0.0,16.955498846423474,0,0.0,0.0,2.2894209504455763,0,0.0,0.0,2.1294385137914227,0,0.0,0.0,2.2894209504455763,0,0.0,0.0,0.48831505699249156,0,0.0,0.0,1.6414760172395988
2025-08-21,21.01,-0.025510204081632515,True,1.0,-0.025510204081632515,1.4362669364651803,0,0.0,-0.0,2.1642416452585813,0,0.0,-0.0,16.955498846423474,0,0.0,-0.0,2.2894209504455763,0,0.0,-0.0,2.1294385137914227,0,0.0,-0.0,2.2894209504455763,0,0.0,-0.0,0.48831505699249156,0,0.0,-0.0,1.6414760172395988
2025-08-22,24.5,0.1661113755354593,True,1.0,0.1661113755354593,1.6748472129175116,0,0.0,0.0,2.1642416452585813,1,0.0,0.0,16.955498846423474,0,0.0,0.0,2.2894209504455763,0,0.0,0.0,2.1294385137914227,0,0.0,0.0,2.2894209504455763,0,0.0,0.0,0.48831505699249156,0,0.0,0.0,1.6414760172395988
2025-08-23,24.21,-0.011836734693877471,True,1.0,-0.011836734693877471,1.655022490805427,0,0.0,-0.0,2.1642416452585813,0,1.0,-0.012836734693877472,16.73784560612959,0,0.0,-0.0,2.2894209504455763,0,0.0,-0.0,2.1294385137914227,0,0.0,-0.0,2.2894209504455763,0,0.0,-0.0,0.48831505699249156,0,0.0,-0.0,1.6414760172395988
2025-08-24,23.23,-0.04047914085088811,True,1.0,-0.04047914085088811,1.5880286022887264,0,0.0,-0.0,2.1642416452585813,0,1.0,-0.04047914085088811,16.06031199629865,0,0.0,-0.0,2.2894209504455763,0,0.0,-0.0,2.1294385137914227,0,0.0,-0.0,2.2894209504455763,0,0.0,-0.0,0.48831505699249156,0,0.0,-0.0,1.6414760172395988
2025-08-25,21.07,-0.09298321136461474,True,1.0,-0.09298321136461474,1.4403686031090601,0,0.0,-0.0,2.1642416452585813,0,1.0,-0.09298321136461474,14.566972611365156,0,0.0,-0.0,2.2894209504455763,0,0.0,-0.0,2.1294385137914227,0,0.0,-0.0,2.2894209504455763,0,0.0,-0.0,0.48831505699249156,0,0.0,-0.0,1.6414760172395988
2025-08-26,21.67,0.02847650688182246,True,1.0,0.02847650688182246,1.4813852695478562,0,0.0,0.0,2.1642416452585813,0,1.0,0.02847650688182246,14.981789107180015,0,0.0,0.0,2.2894209504455763,0,0.0,0.0,2.1294385137914227,0,0.0,0.0,2.2894209504455763,0,0.0,0.0,0.48831505699249156,0,0.0,0.0,1.6414760172395988
2025-08-27,21.51,-0.007383479464697751,False,1.0,-0.007383479464697751,1.470447491830844,0,0.0,-0.0,2.1642416452585813,0,1.0,-0.007383479464697751,14.871171374962719,0,0.0,-0.0,2.2894209504455763,0,0.0,-0.0,2.1294385137914227,0,0.0,-0.0,2.2894209504455763,0,0.0,-0.0,0.48831505699249156,0,0.0,-0.0,1.6414760172395988
2025-08-28,21.69,0.008368200836819994,False,1.0,0.008368200836819994,1.4827524917624826,0,0.0,0.0,2.1642416452585813,0,1.0,0.008368200836819994,14.995616323707175,0,0.0,0.0,2.2894209504455763,0,0.0,0.0,2.1294385137914227,0,0.0,0.0,2.2894209504455763,0,0.0,0.0,0.48831505699249156,0,0.0,0.0,1.6414760172395988
2025-08-29,20.92,-0.035500230520977394,False,1.0,-0.035500230520977394,1.4301144364993608,0,0.0,-0.0,2.1642416452585813,0,1.0,-0.035500230520977394,14.463268487411439,0,0.0,-0.0,2.2894209504455763,0,0.0,-0.0,2.1294385137914227,0,0.0,-0.0,2.2894209504455763,0,0.0,-0.0,0.48831505699249156,0,0.0,-0.0,1.6414760172395988
2025-08-30,20.94,0.0009560229445506607,False,1.0,0.0009560229445506607,1.4314816587139874,0,0.0,0.0,2.1642416452585813,0,1.0,0.0009560229445506607,14.4770957039386,0,0.0,0.0,2.2894209504455763,0,0.0,0.0,2.1294385137914227,0,0.0,0.0,2.2894209504455763,0,0.0,0.0,0.48831505699249156,0,0.0,0.0,1.6414760172395988
2025-08-31,20.68,-0.012416427889207382,False,1.0,-0.012416427889207382,1.413707769923842,0,0.0,-0.0,2.1642416452585813,0,1.0,-0.012416427889207382,14.297341889085493,0,0.0,-0.0,2.2894209504455763,0,0.0,-0.0,2.1294385137914227,0,0.0,-0.0,2.2894209504455763,0,0.0,-0.0,0.48831505699249156,0,0.0,-0.0,1.6414760172395988
2025-09-01,20.51,-0.008220502901353899,False,1.0,-0.008220502901353899,1.4020863810995166,0,0.0,-0.0,2.1642416452585813,0,1.0,-0.008220502901353899,14.179810548604618,0,0.0,-0.0,2.2894209504455763,0,0.0,-0.0,2.1294385137914227,0,0.0,-0.0,2.2894209504455763,0,0.0,-0.0,0.48831505699249156,0,0.0,-0.0,1.6414760172395988
2025-09-02,20.81,0.014627011214041863,False,1.0,0.014627011214041863,1.4225947143189146,0,0.0,0.0,2.1642416452585813,0,1.0,0.014627011214041863,14.387218796512046,0,0.0,0.0,2.2894209504455763,0,0.0,0.0,2.1294385137914227,0,0.0,0.0,2.2894209504455763,0,0.0,0.0,0.48831505699249156,0,0.0,0.0,1.6414760172395988
2025-09-03,20.83,0.0009610764055743015,False,1.0,0.0009610764055743015,1.4239619365335412,0,0.0,0.0,2.1642416452585813,0,1.0,0.0009610764055743015,14.40104601303921,0,0.0,0.0,2.2894209504455763,0,0.0,0.0,2.1294385137914227,0,0.0,0.0,2.2894209504455763,0,0.0,0.0,0.48831505699249156,0,0.0,0.0,1.6414760172395988
2025-09-04,20.18,-0.031204992798847697,False,1.0,-0.031204992798847697,1.3795272145581787,0,0.0,-0.0,2.1642416452585813,0,1.0,-0.031204992798847697,13.951661475906446,0,0.0,-0.0,2.2894209504455763,0,0.0,-0.0,2.1294385137914227,0,0.0,-0.0,2.2894209504455763,0,0.0,-0.0,0.48831505699249156,0,0.0,-0.0,1.6414760172395988
2025-09-05,20.36,0.008919722497522375,False,1.0,0.008919722497522375,1.3918322144898176,0,0.0,0.0,2.1642416452585813,0,1.0,0.008919722497522375,14.076106424650906,0,0.0,0.0,2.2894209504455763,0,0.0,0.0,2.1294385137914227,0,0.0,0.0,2.2894209504455763,0,0.0,0.0,0.48831505699249156,0,0.0,0.0,1.6414760172395988
2025-09-06,20.2,-0.007858546168958758,False,1.0,-0.007858546168958758,1.3808944367728053,0,0.0,-0.0,2.1642416452585813,0,1.0,-0.007858546168958758,13.96548869243361,0,0.0,-0.0,2.2894209504455763,0,0.0,-0.0,2.1294385137914227,0,0.0,-0.0,2.2894209504455763,0,0.0,-0.0,0.48831505699249156,0,0.0,-0.0,1.6414760172395988
2025-09-07,20.49,0.01435643564356437,False,1.0,0.01435643564356437,1.4007191588848902,0,0.0,0.0,2.1642416452585813,0,1.0,0.01435643564356437,14.16598333207746,0,0.0,0.0,2.2894209504455763,0,0.0,0.0,2.1294385137914227,0,0.0,0.0,2.2894209504455763,0,0.0,0.0,0.48831505699249156,0,0.0,0.0,1.6414760172395988
2025-09-08,20.75,0.012689116642264686,True,1.0,0.012689116642264686,1.4184930476750355,0,0.0,0.0,2.1642416452585813,0,1.0,0.012689116642264686,14.345737146930567,0,0.0,0.0,2.2894209504455763,0,0.0,0.0,2.1294385137914227,0,0.0,0.0,2.2894209504455763,0,0.0,0.0,0.48831505699249156,0,0.0,0.0,1.6414760172395988
2025-09-09,20.47,-0.013493975903614563,False,1.0,-0.013493975903614563,1.3993519366702638,0,0.0,-0.0,2.1642416452585813,0,1.0,-0.013493975903614563,14.152156115550298,0,0.0,-0.0,2.2894209504455763,0,0.0,-0.0,2.1294385137914227,0,0.0,-0.0,2.2894209504455763,0,0.0,-0.0,0.48831505699249156,0,0.0,-0.0,1.6414760172395988
2025-09-10,20.95,0.02344894968246214,False,1.0,0.02344894968246214,1.4321652698213008,0,0.0,0.0,2.1642416452585813,0,1.0,0.02344894968246214,14.484009312202186,0,0.0,0.0,2.2894209504455763,0,0.0,0.0,2.1294385137914227,0,0.0,0.0,2.2894209504455763,0,0.0,0.0,0.48831505699249156,0,0.0,0.0,1.6414760172395988
2025-09-11,21.42,0.022434367541766198,False,1.0,0.022434367541766198,1.4642949918650245,0,0.0,0.0,2.1642416452585813,0,1.0,0.022434367541766198,14.808948900590494,0,0.0,0.0,2.2894209504455763,0,0.0,0.0,2.1294385137914227,0,0.0,0.0,2.2894209504455763,0,0.0,0.0,0.48831505699249156,0,0.0,0.0,1.6414760172395988
2025-09-12,21.98,0.02614379084967311,False,1.0,0.02614379084967311,1.5025772138745674,0,0.0,0.0,2.1642416452585813,0,0.0,-0.001,14.794139951689903,0,0.0,0.0,2.2894209504455763,0,0.0,0.0,2.1294385137914227,0,0.0,0.0,2.2894209504455763,0,0.0,0.0,0.48831505699249156,0,0.0,0.0,1.6414760172395988
2025-09-13,22.06,0.0036396724294813776,False,1.0,0.0036396724294813776,1.5080461027330736,0,0.0,0.0,2.1642416452585813,0,0.0,0.0,14.794139951689903,0,0.0,0.0,2.2894209504455763,0,0.0,0.0,2.1294385137914227,0,0.0,0.0,2.2894209504455763,0,0.0,0.0,0.48831505699249156,0,0.0,0.0,1.6414760172395988
2025-09-14,21.13,-0.04215775158658208,True,1.0,-0.04215775158658208,1.4444702697529395,0,0.0,-0.0,2.1642416452585813,0,0.0,-0.0,14.794139951689903,0,0.0,-0.0,2.2894209504455763,0,0.0,-0.0,2.1294385137914227,0,0.0,-0.0,2.2894209504455763,0,0.0,-0.0,0.48831505699249156,0,0.0,-0.0,1.6414760172395988
2025-09-15,20.36,-0.03644107903454796,False,1.0,-0.03644107903454796,1.3918322144898179,0,0.0,-0.0,2.1642416452585813,0,0.0,-0.0,14.794139951689903,0,0.0,-0.0,2.2894209504455763,0,0.0,-0.0,2.1294385137914227,0,0.0,-0.0,2.2894209504455763,0,0.0,-0.0,0.48831505699249156,0,0.0,-0.0,1.6414760172395988
2025-09-16,20.52,0.007858546168958647,False,1.0,0.007858546168958647,1.40276999220683,0,0.0,0.0,2.1642416452585813,0,0.0,0.0,14.794139951689903,0,0.0,0.0,2.2894209504455763,0,0.0,0.0,2.1294385137914227,0,0.0,0.0,2.2894209504455763,0,0.0,0.0,0.48831505699249156,0,0.0,0.0,1.6414760172395988
2025-09-17,20.89,0.01803118908382073,False,1.0,0.01803118908382073,1.428063603177421,0,0.0,0.0,2.1642416452585813,0,0.0,0.0,14.794139951689903,0,0.0,0.0,2.2894209504455763,0,0.0,0.0,2.1294385137914227,0,0.0,0.0,2.2894209504455763,0,0.0,0.0,0.48831505699249156,0,0.0,0.0,1.6414760172395988
2025-09-18,20.99,0.00478697941598849,True,1.0,0.00478697941598849,1.4348997142505537,0,0.0,0.0,2.1642416452585813,0,0.0,0.0,14.794139951689903,0,0.0,0.0,2.2894209504455763,0,0.0,0.0,2.1294385137914227,0,0.0,0.0,2.2894209504455763,0,0.0,0.0,0.48831505699249156,0,0.0,0.0,1.6414760172395988
2025-09-19,20.2,-0.037636969985707425,False,1.0,-0.037636969985707425,1.3808944367728055,0,0.0,-0.0,2.1642416452585813,0,0.0,-0.0,14.794139951689903,0,0.0,-0.0,2.2894209504455763,0,0.0,-0.0,2.1294385137914227,0,0.0,-0.0,2.2894209504455763,0,0.0,-0.0,0.48831505699249156,0,0.0,-0.0,1.6414760172395988
2025-09-20,20.19,-0.0004950495049503845,False,1.0,-0.0004950495049503845,1.3802108256654924,0,0.0,-0.0,2.1642416452585813,0,0.0,-0.0,14.794139951689903,0,0.0,-0.0,2.2894209504455763,0,0.0,-0.0,2.1294385137914227,0,0.0,-0.0,2.2894209504455763,0,0.0,-0.0,0.48831505699249156,0,0.0,-0.0,1.6414760172395988
2025-09-21,19.88,-0.015354135710747951,False,1.0,-0.015354135710747951,1.359018881338781,0,0.0,-0.0,2.1642416452585813,0,0.0,-0.0,14.794139951689903,0,0.0,-0.0,2.2894209504455763,0,0.0,-0.0,2.1294385137914227,0,0.0,-0.0,2.2894209504455763,0,0.0,-0.0,0.48831505699249156,0,0.0,-0.0,1.6414760172395988
2025-09-22,18.71,-0.0588531187122735,False,1.0,-0.0588531187122735,1.2790363817831285,0,0.0,-0.0,2.1642416452585813,0,0.0,-0.0,14.794139951689903,0,0.0,-0.0,2.2894209504455763,0,0.0,-0.0,2.1294385137914227,0,0.0,-0.0,2.2894209504455763,0,0.0,-0.0,0.48831505699249156,0,0.0,-0.0,1.6414760172395988
2025-09-23,18.8,0.0048102618920362605,False,1.0,0.0048102618920362605,1.2851888817489479,0,0.0,0.0,2.1642416452585813,0,0.0,0.0,14.794139951689903,0,0.0,0.0,2.2894209504455763,0,0.0,0.0,2.1294385137914227,0,0.0,0.0,2.2894209504455763,0,0.0,0.0,0.48831505699249156,0,0.0,0.0,1.6414760172395988
2025-09-24,18.6,-0.010638297872340385,False,1.0,-0.010638297872340385,1.2715166596026826,0,0.0,-0.0,2.1642416452585813,0,0.0,-0.0,14.794139951689903,0,0.0,-0.0,2.2894209504455763,0,0.0,-0.0,2.1294385137914227,0,0.0,-0.0,2.2894209504455763,0,0.0,-0.0,0.48831505699249156,0,0.0,-0.0,1.6414760172395988
2025-09-25,17.89,-0.03817204301075272,False,1.0,-0.03817204301075272,1.2229802709834403,0,0.0,-0.0,2.1642416452585813,0,0.0,-0.0,14.794139951689903,0,0.0,-0.0,2.2894209504455763,0,0.0,-0.0,2.1294385137914227,0,0.0,-0.0,2.2894209504455763,0,0.0,-0.0,0.48831505699249156,0,0.0,-0.0,1.6414760172395988
2025-09-26,18.4,0.028507546115148052,False,1.0,0.028507546115148052,1.257844437456417,0,0.0,0.0,2.1642416452585813,0,0.0,0.0,14.794139951689903,0,0.0,0.0,2.2894209504455763,0,0.0,0.0,2.1294385137914227,0,0.0,0.0,2.2894209504455763,0,0.0,0.0,0.48831505699249156,0,0.0,0.0,1.6414760172395988
2025-09-27,18.25,-0.008152173913043348,False,1.0,-0.008152173913043348,1.2475902708467181,0,0.0,-0.0,2.1642416452585813,0,0.0,-0.0,14.794139951689903,0,0.0,-0.0,2.2894209504455763,0,0.0,-0.0,2.1294385137914227,0,0.0,-0.0,2.2894209504455763,0,0.0,-0.0,0.48831505699249156,0,0.0,-0.0,1.6414760172395988
2025-09-28,18.54,0.015890410958903978,False,1.0,0.015890410958903978,1.2674149929588028,0,0.0,0.0,2.1642416452585813,0,0.0,0.0,14.794139951689903,0,0.0,0.0,2.2894209504455763,0,0.0,0.0,2.1294385137914227,0,0.0,0.0,2.2894209504455763,0,0.0,0.0,0.48831505699249156,0,0.0,0.0,1.6414760172395988
2025-09-29,18.63,0.004854368932038833,False,1.0,0.004854368932038833,1.2735674929246221,0,0.0,0.0,2.1642416452585813,0,0.0,0.0,14.794139951689903,0,0.0,0.0,2.2894209504455763,0,0.0,0.0,2.1294385137914227,0,0.0,0.0,2.2894209504455763,0,0.0,0.0,0.48831505699249156,0,0.0,0.0,1.6414760172395988
2025-09-30,18.44,-0.010198604401502775,False,1.0,-0.010198604401502775,1.2605788818856702,0,0.0,-0.0,2.1642416452585813,0,0.0,-0.0,14.794139951689903,0,0.0,-0.0,2.2894209504455763,0,0.0,-0.0,2.1294385137914227,0,0.0,-0.0,2.2894209504455763,0,0.0,-0.0,0.48831505699249156,0,0.0,-0.0,1.6414760172395988
2025-10-01,19.57,0.061279826464208265,False,1.0,0.061279826464208265,1.33782693701207,0,0.0,0.0,2.1642416452585813,0,0.0,0.0,14.794139951689903,0,0.0,0.0,2.2894209504455763,0,0.0,0.0,2.1294385137914227,0,0.0,0.0,2.2894209504455763,0,0.0,0.0,0.48831505699249156,0,0.0,0.0,1.6414760172395988
2025-10-02,20.07,0.025549310168625494,False,1.0,0.025549310168625494,1.3720074923777335,0,0.0,0.0,2.1642416452585813,0,0.0,0.0,14.794139951689903,0,0.0,0.0,2.2894209504455763,0,0.0,0.0,2.1294385137914227,0,0.0,0.0,2.2894209504455763,0,0.0,0.0,0.48831505699249156,0,0.0,0.0,1.6414760172395988
2025-10-03,19.94,-0.0064773293472844,False,1.0,-0.0064773293472844,1.3631205479826611,0,0.0,-0.0,2.1642416452585813,0,0.0,-0.0,14.794139951689903,0,0.0,-0.0,2.2894209504455763,0,0.0,-0.0,2.1294385137914227,0,0.0,-0.0,2.2894209504455763,0,0.0,-0.0,0.48831505699249156,0,0.0,-0.0,1.6414760172395988
2025-10-04,19.45,-0.024573721163490547,False,1.0,-0.024573721163490547,1.3296236037243108,0,0.0,-0.0,2.1642416452585813,0,0.0,-0.0,14.794139951689903,0,0.0,-0.0,2.2894209504455763,0,0.0,-0.0,2.1294385137914227,0,0.0,-0.0,2.2894209504455763,0,0.0,-0.0,0.48831505699249156,0,0.0,-0.0,1.6414760172395988
2025-10-05,19.41,-0.0020565552699228773,False,1.0,-0.0020565552699228773,1.3268891592950578,0,0.0,-0.0,2.1642416452585813,0,0.0,-0.0,14.794139951689903,0,0.0,-0.0,2.2894209504455763,0,0.0,-0.0,2.1294385137914227,0,0.0,-0.0,2.2894209504455763,0,0.0,-0.0,0.48831505699249156,0,0.0,-0.0,1.6414760172395988
2025-10-06,19.98,0.029366306027820643,False,1.0,0.029366306027820643,1.365854992411914,0,0.0,0.0,2.1642416452585813,0,0.0,0.0,14.794139951689903,0,0.0,0.0,2.2894209504455763,0,0.0,0.0,2.1294385137914227,0,0.0,0.0,2.2894209504455763,0,0.0,0.0,0.48831505699249156,0,0.0,0.0,1.6414760172395988
2025-10-07,19.03,-0.04754754754754753,False,1.0,-0.04754754754754753,1.3009119372171534,0,0.0,-0.0,2.1642416452585813,0,0.0,-0.0,14.794139951689903,0,0.0,-0.0,2.2894209504455763,0,0.0,-0.0,2.1294385137914227,0,0.0,-0.0,2.2894209504455763,0,0.0,-0.0,0.48831505699249156,0,0.0,-0.0,1.6414760172395988
2025-10-08,19.63,0.03152916447714116,False,1.0,0.03152916447714116,1.3419286036559492,0,0.0,0.0,2.1642416452585813,0,0.0,0.0,14.794139951689903,0,0.0,0.0,2.2894209504455763,0,0.0,0.0,2.1294385137914227,0,0.0,0.0,2.2894209504455763,0,0.0,0.0,0.48831505699249156,0,0.0,0.0,1.6414760172395988
2025-10-09,19.17,-0.023433520122261742,False,1.0,-0.023433520122261742,1.3104824927195389,0,0.0,-0.0,2.1642416452585813,0,0.0,-0.0,14.794139951689903,0,0.0,-0.0,2.2894209504455763,0,0.0,-0.0,2.1294385137914227,0,0.0,-0.0,2.2894209504455763,0,0.0,-0.0,0.48831505699249156,0,0.0,-0.0,1.6414760172395988
2025-10-10,14.38,-0.24986958789775693,False,1.0,-0.24986958789775693,0.9830327723164825,0,0.0,-0.0,2.1642416452585813,0,0.0,-0.0,14.794139951689903,0,0.0,-0.0,2.2894209504455763,0,0.0,-0.0,2.1294385137914227,0,0.0,-0.0,2.2894209504455763,0,0.0,-0.0,0.48831505699249156,0,0.0,-0.0,1.6414760172395988
2025-10-11,15.04,0.04589707927677322,False,1.0,0.04589707927677322,1.028151105399158,0,0.0,0.0,2.1642416452585813,0,0.0,0.0,14.794139951689903,0,0.0,0.0,2.2894209504455763,0,0.0,0.0,2.1294385137914227,0,0.0,0.0,2.2894209504455763,0,0.0,0.0,0.48831505699249156,0,0.0,0.0,1.6414760172395988
2025-10-12,16.7,0.1103723404255319,False,1.0,0.1103723404255319,1.1416305492131609,0,0.0,0.0,2.1642416452585813,0,0.0,0.0,14.794139951689903,0,0.0,0.0,2.2894209504455763,0,0.0,0.0,2.1294385137914227,0,0.0,0.0,2.2894209504455763,0,0.0,0.0,0.48831505699249156,0,0.0,0.0,1.6414760172395988
2025-10-13,17.47,0.04610778443113772,False,1.0,0.04610778443113772,1.1942686044762827,0,0.0,0.0,2.1642416452585813,0,0.0,0.0,14.794139951689903,0,0.0,0.0,2.2894209504455763,0,0.0,0.0,2.1294385137914227,0,0.0,0.0,2.2894209504455763,0,0.0,0.0,0.48831505699249156,0,0.0,0.0,1.6414760172395988
2025-10-14,16.88,-0.03377218088151113,False,1.0,-0.03377218088151113,1.1539355491447998,0,0.0,-0.0,2.1642416452585813,0,0.0,-0.0,14.794139951689903,0,0.0,-0.0,2.2894209504455763,0,0.0,-0.0,2.1294385137914227,0,0.0,-0.0,2.2894209504455763,0,0.0,-0.0,0.48831505699249156,0,0.0,-0.0,1.6414760172395988
2025-10-15,16.29,-0.03495260663507105,False,1.0,-0.03495260663507105,1.1136024938133169,0,0.0,-0.0,2.1642416452585813,0,0.0,-0.0,14.794139951689903,0,0.0,-0.0,2.2894209504455763,0,0.0,-0.0,2.1294385137914227,0,0.0,-0.0,2.2894209504455763,0,0.0,-0.0,0.48831505699249156,0,0.0,-0.0,1.6414760172395988
2025-10-16,15.82,-0.028852056476365795,False,1.0,-0.028852056476365795,1.0814727717695933,0,0.0,-0.0,2.1642416452585813,0,0.0,-0.0,14.794139951689903,0,0.0,-0.0,2.2894209504455763,0,0.0,-0.0,2.1294385137914227,0,0.0,-0.0,2.2894209504455763,0,0.0,-0.0,0.48831505699249156,0,0.0,-0.0,1.6414760172395988
2025-10-17,15.36,-0.029077117572692823,False,1.0,-0.029077117572692823,1.050026660833183,0,0.0,-0.0,2.1642416452585813,0,0.0,-0.0,14.794139951689903,0,0.0,-0.0,2.2894209504455763,0,0.0,-0.0,2.1294385137914227,0,0.0,-0.0,2.2894209504455763,0,0.0,-0.0,0.48831505699249156,0,0.0,-0.0,1.6414760172395988
2025-10-18,15.48,0.0078125,False,1.0,0.0078125,1.0582299941209423,0,0.0,0.0,2.1642416452585813,0,0.0,0.0,14.794139951689903,0,0.0,0.0,2.2894209504455763,0,0.0,0.0,2.1294385137914227,0,0.0,0.0,2.2894209504455763,0,0.0,0.0,0.48831505699249156,0,0.0,0.0,1.6414760172395988
2025-10-19,15.75,0.01744186046511631,False,1.0,0.01744186046511631,1.0766874940184006,0,0.0,0.0,2.1642416452585813,0,0.0,0.0,14.794139951689903,0,0.0,0.0,2.2894209504455763,0,0.0,0.0,2.1294385137914227,0,0.0,0.0,2.2894209504455763,0,0.0,0.0,0.48831505699249156,0,0.0,0.0,1.6414760172395988
2025-10-20,16.0,0.015873015873015817,False,1.0,0.015873015873015817,1.0937777717012322,0,0.0,0.0,2.1642416452585813,0,0.0,0.0,14.794139951689903,0,0.0,0.0,2.2894209504455763,0,0.0,0.0,2.1294385137914227,0,0.0,0.0,2.2894209504455763,0,0.0,0.0,0.48831505699249156,0,0.0,0.0,1.6414760172395988
2025-10-21,15.69,-0.01937500000000003,False,1.0,-0.01937500000000003,1.0725858273745208,0,0.0,-0.0,2.1642416452585813,0,0.0,-0.0,14.794139951689903,0,0.0,-0.0,2.2894209504455763,0,0.0,-0.0,2.1294385137914227,0,0.0,-0.0,2.2894209504455763,0,0.0,-0.0,0.48831505699249156,0,0.0,-0.0,1.6414760172395988
2025-10-22,15.43,-0.016571064372211564,False,1.0,-0.016571064372211564,1.0548119385843757,0,0.0,-0.0,2.1642416452585813,0,0.0,-0.0,14.794139951689903,0,0.0,-0.0,2.2894209504455763,0,0.0,-0.0,2.1294385137914227,0,0.0,-0.0,2.2894209504455763,0,0.0,-0.0,0.48831505699249156,0,0.0,-0.0,1.6414760172395988
2025-10-23,15.67,0.01555411535968898,False,1.0,0.01555411535968898,1.0712186051598942,0,0.0,0.0,2.1642416452585813,0,0.0,0.0,14.794139951689903,0,0.0,0.0,2.2894209504455763,0,0.0,0.0,2.1294385137914227,0,0.0,0.0,2.2894209504455763,0,0.0,0.0,0.48831505699249156,0,0.0,0.0,1.6414760172395988
2025-10-24,16.0,0.02105934907466489,False,1.0,0.02105934907466489,1.093777771701232,0,0.0,0.0,2.1642416452585813,0,0.0,0.0,14.794139951689903,0,0.0,0.0,2.2894209504455763,0,0.0,0.0,2.1294385137914227,0,0.0,0.0,2.2894209504455763,0,0.0,0.0,0.48831505699249156,0,0.0,0.0,1.6414760172395988
2025-10-25,15.98,-0.0012499999999999734,False,1.0,-0.0012499999999999734,1.0924105494866054,0,0.0,-0.0,2.1642416452585813,0,0.0,-0.0,14.794139951689903,0,0.0,-0.0,2.2894209504455763,0,0.0,-0.0,2.1294385137914227,0,0.0,-0.0,2.2894209504455763,0,0.0,-0.0,0.48831505699249156,0,0.0,-0.0,1.6414760172395988
2025-10-26,16.64,0.041301627033792254,False,1.0,0.041301627033792254,1.1375288825692813,0,0.0,0.0,2.1642416452585813,0,0.0,0.0,14.794139951689903,0,0.0,0.0,2.2894209504455763,0,0.0,0.0,2.1294385137914227,0,0.0,0.0,2.2894209504455763,0,0.0,0.0,0.48831505699249156,0,0.0,0.0,1.6414760172395988
2025-10-27,16.52,-0.007211538461538547,False,1.0,-0.007211538461538547,1.129325549281522,0,0.0,-0.0,2.1642416452585813,0,0.0,-0.0,14.794139951689903,0,0.0,-0.0,2.2894209504455763,0,0.0,-0.0,2.1294385137914227,0,0.0,-0.0,2.2894209504455763,0,0.0,-0.0,0.48831505699249156,0,0.0,-0.0,1.6414760172395988
2025-10-28,15.9,-0.03753026634382561,False,1.0,-0.03753026634382561,1.0869416606280993,0,0.0,-0.0,2.1642416452585813,0,0.0,-0.0,14.794139951689903,0,0.0,-0.0,2.2894209504455763,0,0.0,-0.0,2.1294385137914227,0,0.0,-0.0,2.2894209504455763,0,0.0,-0.0,0.48831505699249156,0,0.0,-0.0,1.6414760172395988
2025-10-29,15.97,0.00440251572327055,False,1.0,0.00440251572327055,1.0917269383792922,0,0.0,0.0,2.1642416452585813,0,0.0,0.0,14.794139951689903,0,0.0,0.0,2.2894209504455763,0,0.0,0.0,2.1294385137914227,0,0.0,0.0,2.2894209504455763,0,0.0,0.0,0.48831505699249156,0,0.0,0.0,1.6414760172395988
2025-10-30,15.42,-0.03443957420162813,True,1.0,-0.03443957420162813,1.0541283274770623,0,0.0,-0.0,2.1642416452585813,0,0.0,-0.0,14.794139951689903,0,0.0,-0.0,2.2894209504455763,0,0.0,-0.0,2.1294385137914227,0,0.0,-0.0,2.2894209504455763,0,0.0,-0.0,0.48831505699249156,0,0.0,-0.0,1.6414760172395988
2025-10-31,15.86,0.028534370946822207,True,1.0,0.028534370946822207,1.084207216198846,0,0.0,0.0,2.1642416452585813,0,0.0,0.0,14.794139951689903,0,0.0,0.0,2.2894209504455763,0,0.0,0.0,2.1294385137914227,0,0.0,0.0,2.2894209504455763,0,0.0,0.0,0.48831505699249156,0,0.0,0.0,1.6414760172395988
2025-11-01,16.34,0.030264817150063017,False,1.0,0.030264817150063017,1.117020549349883,0,0.0,0.0,2.1642416452585813,0,0.0,0.0,14.794139951689903,0,0.0,0.0,2.2894209504455763,0,0.0,0.0,2.1294385137914227,0,0.0,0.0,2.2894209504455763,0,0.0,0.0,0.48831505699249156,0,0.0,0.0,1.6414760172395988
2025-11-02,16.37,0.001835985312117483,False,1.0,0.001835985312117483,1.1190713826718228,0,0.0,0.0,2.1642416452585813,0,0.0,0.0,14.794139951689903,0,0.0,0.0,2.2894209504455763,0,0.0,0.0,2.1294385137914227,0,0.0,0.0,2.2894209504455763,0,0.0,0.0,0.48831505699249156,0,0.0,0.0,1.6414760172395988
2025-11-03,15.01,-0.08307880268784373,False,1.0,-0.08307880268784373,1.0261002720772179,0,0.0,-0.0,2.1642416452585813,0,0.0,-0.0,14.794139951689903,0,0.0,-0.0,2.2894209504455763,0,0.0,-0.0,2.1294385137914227,0,0.0,-0.0,2.2894209504455763,0,0.0,-0.0,0.48831505699249156,0,0.0,-0.0,1.6414760172395988
2025-11-04,14.27,-0.049300466355762795,False,1.0,-0.049300466355762795,0.975513050136036,0,0.0,-0.0,2.1642416452585813,0,0.0,-0.0,14.794139951689903,0,0.0,-0.0,2.2894209504455763,0,0.0,-0.0,2.1294385137914227,0,0.0,-0.0,2.2894209504455763,0,0.0,-0.0,0.48831505699249156,0,0.0,-0.0,1.6414760172395988
2025-11-05,14.63,0.02522775052557824,False,1.0,0.02522775052557824,1.0001230499993137,0,0.0,0.0,2.1642416452585813,0,0.0,0.0,14.794139951689903,0,0.0,0.0,2.2894209504455763,0,0.0,0.0,2.1294385137914227,0,0.0,0.0,2.2894209504455763,0,0.0,0.0,0.48831505699249156,0,0.0,0.0,1.6414760172395988
2025-11-06,14.56,-0.004784688995215336,False,1.0,-0.004784688995215336,0.9953377722481208,0,0.0,-0.0,2.1642416452585813,0,0.0,-0.0,14.794139951689903,0,0.0,-0.0,2.2894209504455763,0,0.0,-0.0,2.1294385137914227,0,0.0,-0.0,2.2894209504455763,0,0.0,-0.0,0.48831505699249156,0,0.0,-0.0,1.6414760172395988
2025-11-07,17.91,0.23008241758241765,True,1.0,0.23008241758241765,1.2243474931980662,0,0.0,0.0,2.1642416452585813,1,0.0,0.0,14.794139951689903,0,0.0,0.0,2.2894209504455763,0,0.0,0.0,2.1294385137914227,0,0.0,0.0,2.2894209504455763,0,0.0,0.0,0.48831505699249156,0,0.0,0.0,1.6414760172395988
2025-11-08,16.38,-0.085427135678392,True,1.0,-0.085427135678392,1.119754993779136,0,0.0,-0.0,2.1642416452585813,0,1.0,-0.086427135678392,13.51552481084008,0,0.0,-0.0,2.2894209504455763,0,0.0,-0.0,2.1294385137914227,0,0.0,-0.0,2.2894209504455763,0,0.0,-0.0,0.48831505699249156,0,0.0,-0.0,1.6414760172395988
2025-11-09,16.16,-0.013431013431013383,True,1.0,-0.013431013431013383,1.1047155494182441,0,0.0,-0.0,2.1642416452585813,0,1.0,-0.013431013431013383,13.333997615578493,0,0.0,-0.0,2.2894209504455763,0,0.0,-0.0,2.1294385137914227,0,0.0,-0.0,2.2894209504455763,0,0.0,-0.0,0.48831505699249156,0,0.0,-0.0,1.6414760172395988
2025-11-10,16.49,0.020420792079207883,True,1.0,0.020420792079207883,1.127274715959582,0,0.0,0.0,2.1642416452585813,0,1.0,0.020420792079207883,13.606288408470876,0,0.0,0.0,2.2894209504455763,0,0.0,0.0,2.1294385137914227,0,0.0,0.0,2.2894209504455763,0,0.0,0.0,0.48831505699249156,0,0.0,0.0,1.6414760172395988
2025-11-11,15.62,-0.052759248029108474,True,1.0,-0.052759248029108474,1.0678005496233276,0,0.0,-0.0,2.1642416452585813,0,1.0,-0.052759248029108474,12.888430863572777,0,0.0,-0.0,2.2894209504455763,0,0.0,-0.0,2.1294385137914227,0,0.0,-0.0,2.2894209504455763,0,0.0,-0.0,0.48831505699249156,0,0.0,-0.0,1.6414760172395988
2025-11-12,15.29,-0.021126760563380254,False,1.0,-0.021126760563380254,1.0452413830819898,0,0.0,-0.0,2.1642416452585813,0,1.0,-0.021126760563380254,12.616140070680395,0,0.0,-0.0,2.2894209504455763,0,0.0,-0.0,2.1294385137914227,0,0.0,-0.0,2.2894209504455763,0,0.0,-0.0,0.48831505699249156,0,0.0,-0.0,1.6414760172395988
2025-11-13,15.07,-0.014388489208633004,False,1.0,-0.014388489208633004,1.0302019387210979,0,0.0,-0.0,2.1642416452585813,0,1.0,-0.014388489208633004,12.434612875418807,0,0.0,-0.0,2.2894209504455763,0,0.0,-0.0,2.1294385137914227,0,0.0,-0.0,2.2894209504455763,0,0.0,-0.0,0.48831505699249156,0,0.0,-0.0,1.6414760172395988
2025-11-14,14.73,-0.022561380225613825,False,1.0,-0.022561380225613825,1.0069591610724467,0,0.0,-0.0,2.1642416452585813,0,1.0,-0.022561380225613825,12.15407084637817,0,0.0,-0.0,2.2894209504455763,0,0.0,-0.0,2.1294385137914227,0,0.0,-0.0,2.2894209504455763,0,0.0,-0.0,0.48831505699249156,0,0.0,-0.0,1.6414760172395988
2025-11-15,15.3,0.0386965376782078,False,1.0,0.0386965376782078,1.0459249941893032,0,0.0,0.0,2.1642416452585813,0,1.0,0.0386965376782078,12.62439130682865,0,0.0,0.0,2.2894209504455763,0,0.0,0.0,2.1294385137914227,0,0.0,0.0,2.2894209504455763,0,0.0,0.0,0.48831505699249156,0,0.0,0.0,1.6414760172395988
2025-11-16,14.79,-0.03333333333333344,False,1.0,-0.03333333333333344,1.0110608277163262,0,0.0,-0.0,2.1642416452585813,0,1.0,-0.03333333333333344,12.203578263267694,0,0.0,-0.0,2.2894209504455763,0,0.0,-0.0,2.1294385137914227,0,0.0,-0.0,2.2894209504455763,0,0.0,-0.0,0.48831505699249156,0,0.0,-0.0,1.6414760172395988
2025-11-17,14.28,-0.03448275862068961,False,1.0,-0.03448275862068961,0.9761966612433495,0,0.0,-0.0,2.1642416452585813,0,1.0,-0.03448275862068961,11.78276521970674,0,0.0,-0.0,2.2894209504455763,0,0.0,-0.0,2.1294385137914227,0,0.0,-0.0,2.2894209504455763,0,0.0,-0.0,0.48831505699249156,0,0.0,-0.0,1.6414760172395988
2025-11-18,14.65,0.025910364145658393,False,1.0,0.025910364145658393,1.0014902722139405,0,0.0,0.0,2.1642416452585813,0,1.0,0.025910364145658393,12.08806095719214,0,0.0,0.0,2.2894209504455763,0,0.0,0.0,2.1294385137914227,0,0.0,0.0,2.2894209504455763,0,0.0,0.0,0.48831505699249156,0,0.0,0.0,1.6414760172395988
2025-11-19,14.21,-0.0300341296928327,False,1.0,-0.0300341296928327,0.9714113834921567,0,0.0,-0.0,2.1642416452585813,0,1.0,-0.0300341296928327,11.725006566668963,0,0.0,-0.0,2.2894209504455763,0,0.0,-0.0,2.1294385137914227,0,0.0,-0.0,2.2894209504455763,0,0.0,-0.0,0.48831505699249156,0,0.0,-0.0,1.6414760172395988
2025-11-20,13.49,-0.05066854327938075,False,1.0,-0.05066854327938075,0.9221913837656013,0,0.0,-0.0,2.1642416452585813,0,1.0,-0.05066854327938075,11.130917563994673,0,0.0,-0.0,2.2894209504455763,0,0.0,-0.0,2.1294385137914227,0,0.0,-0.0,2.2894209504455763,0,0.0,-0.0,0.48831505699249156,0,0.0,-0.0,1.6414760172395988
2025-11-21,13.54,0.003706449221645647,False,1.0,0.003706449221645647,0.9256094393021677,0,0.0,0.0,2.1642416452585813,0,1.0,0.003706449221645647,11.172173744735943,0,0.0,0.0,2.2894209504455763,0,0.0,0.0,2.1294385137914227,0,0.0,0.0,2.2894209504455763,0,0.0,0.0,0.48831505699249156,0,0.0,0.0,1.6414760172395988
2025-11-22,13.51,-0.0022156573116690614,False,1.0,-0.0022156573116690614,0.9235586059802279,0,0.0,-0.0,2.1642416452585813,0,1.0,-0.0022156573116690614,11.147420036291182,0,0.0,-0.0,2.2894209504455763,0,0.0,-0.0,2.1294385137914227,0,0.0,-0.0,2.2894209504455763,0,0.0,-0.0,0.48831505699249156,0,0.0,-0.0,1.6414760172395988
2025-11-23,13.56,0.0037009622501851247,False,1.0,0.0037009622501851247,0.9269766615167943,0,0.0,0.0,2.1642416452585813,0,1.0,0.0037009622501851247,11.188676217032453,0,0.0,0.0,2.2894209504455763,0,0.0,0.0,2.1294385137914227,0,0.0,0.0,2.2894209504455763,0,0.0,0.0,0.48831505699249156,0,0.0,0.0,1.6414760172395988
2025-11-24,14.18,0.04572271386430682,False,1.0,0.04572271386430682,0.969360550170217,0,0.0,0.0,2.1642416452585813,0,1.0,0.04572271386430682,11.700252858224204,0,0.0,0.0,2.2894209504455763,0,0.0,0.0,2.1294385137914227,0,0.0,0.0,2.2894209504455763,0,0.0,0.0,0.48831505699249156,0,0.0,0.0,1.6414760172395988
2025-11-25,14.17,-0.0007052186177715081,False,1.0,-0.0007052186177715081,0.9686769390629038,0,0.0,-0.0,2.1642416452585813,0,1.0,-0.0007052186177715081,11.69200162207595,0,0.0,-0.0,2.2894209504455763,0,0.0,-0.0,2.1294385137914227,0,0.0,-0.0,2.2894209504455763,0,0.0,-0.0,0.48831505699249156,0,0.0,-0.0,1.6414760172395988
2025-11-26,14.13,-0.0028228652081861982,False,1.0,-0.0028228652081861982,0.9659424946336508,0,0.0,-0.0,2.1642416452585813,0,1.0,-0.0028228652081861982,11.658996677482934,0,0.0,-0.0,2.2894209504455763,0,0.0,-0.0,2.1294385137914227,0,0.0,-0.0,2.2894209504455763,0,0.0,-0.0,0.48831505699249156,0,0.0,-0.0,1.6414760172395988
2025-11-27,13.88,-0.017692852087756505,False,1.0,-0.017692852087756505,0.9488522169508191,0,0.0,-0.0,2.1642416452585813,0,1.0,-0.017692852087756505,11.452715773776584,0,0.0,-0.0,2.2894209504455763,0,0.0,-0.0,2.1294385137914227,0,0.0,-0.0,2.2894209504455763,0,0.0,-0.0,0.48831505699249156,0,0.0,-0.0,1.6414760172395988
2025-11-28,13.81,-0.005043227665706085,False,1.0,-0.005043227665706085,0.9440669391996261,0,0.0,-0.0,2.1642416452585813,0,0.0,-0.001,11.441263058002807,0,0.0,-0.0,2.2894209504455763,0,0.0,-0.0,2.1294385137914227,0,0.0,-0.0,2.2894209504455763,0,0.0,-0.0,0.48831505699249156,0,0.0,-0.0,1.6414760172395988
2025-11-29,13.72,-0.00651701665459814,False,1.0,-0.00651701665459814,0.9379144392338067,0,0.0,-0.0,2.1642416452585813,0,0.0,-0.0,11.441263058002807,0,0.0,-0.0,2.2894209504455763,0,0.0,-0.0,2.1294385137914227,0,0.0,-0.0,2.2894209504455763,0,0.0,-0.0,0.48831505699249156,0,0.0,-0.0,1.6414760172395988
2025-11-30,13.73,0.0007288629737609575,False,1.0,0.0007288629737609575,0.93859805034112,0,0.0,0.0,2.1642416452585813,0,0.0,0.0,11.441263058002807,0,0.0,0.0,2.2894209504455763,0,0.0,0.0,2.1294385137914227,0,0.0,0.0,2.2894209504455763,0,0.0,0.0,0.48831505699249156,0,0.0,0.0,1.6414760172395988
2025-12-01,12.97,-0.05535324107793149,False,1.0,-0.05535324107793149,0.8866436061853115,0,0.0,-0.0,2.1642416452585813,0,0.0,-0.0,11.441263058002807,0,0.0,-0.0,2.2894209504455763,0,0.0,-0.0,2.1294385137914227,0,0.0,-0.0,2.2894209504455763,0,0.0,-0.0,0.48831505699249156,0,0.0,-0.0,1.6414760172395988
2025-12-02,13.59,0.04780262143407854,False,1.0,0.04780262143407854,0.9290274948387341,0,0.0,0.0,2.1642416452585813,0,0.0,0.0,11.441263058002807,0,0.0,0.0,2.2894209504455763,0,0.0,0.0,2.1294385137914227,0,0.0,0.0,2.2894209504455763,0,0.0,0.0,0.48831505699249156,0,0.0,0.0,1.6414760172395988
2025-12-03,14.19,0.04415011037527594,False,1.0,0.04415011037527594,0.9700441612775303,0,0.0,0.0,2.1642416452585813,0,0.0,0.0,11.441263058002807,0,0.0,0.0,2.2894209504455763,0,0.0,0.0,2.1294385137914227,0,0.0,0.0,2.2894209504455763,0,0.0,0.0,0.48831505699249156,0,0.0,0.0,1.6414760172395988
2025-12-04,13.74,-0.031712473572938604,False,1.0,-0.031712473572938604,0.9392816614484333,0,0.0,-0.0,2.1642416452585813,0,0.0,-0.0,11.441263058002807,0,0.0,-0.0,2.2894209504455763,0,0.0,-0.0,2.1294385137914227,0,0.0,-0.0,2.2894209504455763,0,0.0,-0.0,0.48831505699249156,0,0.0,-0.0,1.6414760172395988
2025-12-05,13.14,-0.04366812227074235,False,1.0,-0.04366812227074235,0.8982649950096371,0,0.0,-0.0,2.1642416452585813,0,0.0,-0.0,11.441263058002807,0,0.0,-0.0,2.2894209504455763,0,0.0,-0.0,2.1294385137914227,0,0.0,-0.0,2.2894209504455763,0,0.0,-0.0,0.48831505699249156,0,0.0,-0.0,1.6414760172395988
2025-12-06,13.32,0.013698630136986356,False,1.0,0.013698630136986356,0.910569994941276,0,0.0,0.0,2.1642416452585813,0,0.0,0.0,11.441263058002807,0,0.0,0.0,2.2894209504455763,0,0.0,0.0,2.1294385137914227,0,0.0,0.0,2.2894209504455763,0,0.0,0.0,0.48831505699249156,0,0.0,0.0,1.6414760172395988
2025-12-07,13.12,-0.01501501501501512,False,1.0,-0.01501501501501512,0.8968977727950105,0,0.0,-0.0,2.1642416452585813,0,0.0,-0.0,11.441263058002807,0,0.0,-0.0,2.2894209504455763,0,0.0,-0.0,2.1294385137914227,0,0.0,-0.0,2.2894209504455763,0,0.0,-0.0,0.48831505699249156,0,0.0,-0.0,1.6414760172395988
2025-12-08,13.44,0.024390243902439046,False,1.0,0.024390243902439046,0.9187733282290351,0,0.0,0.0,2.1642416452585813,0,0.0,0.0,11.441263058002807,0,0.0,0.0,2.2894209504455763,0,0.0,0.0,2.1294385137914227,0,0.0,0.0,2.2894209504455763,0,0.0,0.0,0.48831505699249156,0,0.0,0.0,1.6414760172395988
2025-12-09,13.87,0.03199404761904767,False,1.0,0.03199404761904767,0.9481686058435058,0,0.0,0.0,2.1642416452585813,0,0.0,0.0,11.441263058002807,0,0.0,0.0,2.2894209504455763,0,0.0,0.0,2.1294385137914227,0,0.0,0.0,2.2894209504455763,0,0.0,0.0,0.48831505699249156,0,0.0,0.0,1.6414760172395988
2025-12-10,13.68,-0.013698630136986245,True,1.0,-0.013698630136986245,0.9351799948045537,0,0.0,-0.0,2.1642416452585813,0,0.0,-0.0,11.441263058002807,0,0.0,-0.0,2.2894209504455763,0,0.0,-0.0,2.1294385137914227,0,0.0,-0.0,2.2894209504455763,0,0.0,-0.0,0.48831505699249156,0,0.0,-0.0,1.6414760172395988
2025-12-11,13.25,-0.0314327485380117,False,1.0,-0.0314327485380117,0.9057847171900831,0,0.0,-0.0,2.1642416452585813,0,0.0,-0.0,11.441263058002807,0,0.0,-0.0,2.2894209504455763,0,0.0,-0.0,2.1294385137914227,0,0.0,-0.0,2.2894209504455763,0,0.0,-0.0,0.48831505699249156,0,0.0,-0.0,1.6414760172395988
2025-12-12,12.93,-0.024150943396226476,False,1.0,-0.024150943396226476,0.8839091617560584,0,0.0,-0.0,2.1642416452585813,0,0.0,-0.0,11.441263058002807,0,0.0,-0.0,2.2894209504455763,0,0.0,-0.0,2.1294385137914227,0,0.0,-0.0,2.2894209504455763,0,0.0,-0.0,0.48831505699249156,0,0.0,-0.0,1.6414760172395988
2025-12-13,13.19,0.02010827532869297,False,1.0,0.02010827532869297,0.9016830505462035,0,0.0,0.0,2.1642416452585813,0,0.0,0.0,11.441263058002807,0,0.0,0.0,2.2894209504455763,0,0.0,0.0,2.1294385137914227,0,0.0,0.0,2.2894209504455763,0,0.0,0.0,0.48831505699249156,0,0.0,0.0,1.6414760172395988
2025-12-14,12.79,-0.030326004548900665,False,1.0,-0.030326004548900665,0.8743386062536727,0,0.0,-0.0,2.1642416452585813,0,0.0,-0.0,11.441263058002807,0,0.0,-0.0,2.2894209504455763,0,0.0,-0.0,2.1294385137914227,0,0.0,-0.0,2.2894209504455763,0,0.0,-0.0,0.48831505699249156,0,0.0,-0.0,1.6414760172395988
2025-12-15,12.34,-0.03518373729476143,False,1.0,-0.03518373729476143,0.8435761064245756,0,0.0,-0.0,2.1642416452585813,0,0.0,-0.0,11.441263058002807,0,0.0,-0.0,2.2894209504455763,0,0.0,-0.0,2.1294385137914227,0,0.0,-0.0,2.2894209504455763,0,0.0,-0.0,0.48831505699249156,0,0.0,-0.0,1.6414760172395988
2025-12-16,12.68,0.027552674230145957,False,1.0,0.027552674230145957,0.8668188840732268,0,0.0,0.0,2.1642416452585813,0,0.0,0.0,11.441263058002807,0,0.0,0.0,2.2894209504455763,0,0.0,0.0,2.1294385137914227,0,0.0,0.0,2.2894209504455763,0,0.0,0.0,0.48831505699249156,0,0.0,0.0,1.6414760172395988
2025-12-17,12.07,-0.048107255520504655,False,1.0,-0.048107255520504655,0.8251186065271174,0,0.0,-0.0,2.1642416452585813,0,0.0,-0.0,11.441263058002807,0,0.0,-0.0,2.2894209504455763,0,0.0,-0.0,2.1294385137914227,0,0.0,-0.0,2.2894209504455763,0,0.0,-0.0,0.48831505699249156,0,0.0,-0.0,1.6414760172395988
2025-12-18,11.63,-0.03645401822700911,False,1.0,-0.03645401822700911,0.7950397178053336,0,0.0,-0.0,2.1642416452585813,0,0.0,-0.0,11.441263058002807,0,0.0,-0.0,2.2894209504455763,0,0.0,-0.0,2.1294385137914227,0,0.0,-0.0,2.2894209504455763,0,0.0,-0.0,0.48831505699249156,0,0.0,-0.0,1.6414760172395988
2025-12-19,12.35,0.06190885640584676,False,1.0,0.06190885640584676,0.8442597175318889,0,0.0,0.0,2.1642416452585813,0,0.0,0.0,11.441263058002807,0,0.0,0.0,2.2894209504455763,0,0.0,0.0,2.1294385137914227,0,0.0,0.0,2.2894209504455763,0,0.0,0.0,0.48831505699249156,0,0.0,0.0,1.6414760172395988
2025-12-20,12.37,0.0016194331983805377,False,1.0,0.0016194331983805377,0.8456269397465154,0,0.0,0.0,2.1642416452585813,0,0.0,0.0,11.441263058002807,0,0.0,0.0,2.2894209504455763,0,0.0,0.0,2.1294385137914227,0,0.0,0.0,2.2894209504455763,0,0.0,0.0,0.48831505699249156,0,0.0,0.0,1.6414760172395988
2025-12-21,12.21,-0.012934518997574695,False,1.0,-0.012934518997574695,0.8346891620295032,0,0.0,-0.0,2.1642416452585813,0,0.0,-0.0,11.441263058002807,0,0.0,-0.0,2.2894209504455763,0,0.0,-0.0,2.1294385137914227,0,0.0,-0.0,2.2894209504455763,0,0.0,-0.0,0.48831505699249156,0,0.0,-0.0,1.6414760172395988
2025-12-22,12.27,0.004914004914004844,False,1.0,0.004914004914004844,0.8387908286733827,0,0.0,0.0,2.1642416452585813,0,0.0,0.0,11.441263058002807,0,0.0,0.0,2.2894209504455763,0,0.0,0.0,2.1294385137914227,0,0.0,0.0,2.2894209504455763,0,0.0,0.0,0.48831505699249156,0,0.0,0.0,1.6414760172395988
2025-12-23,12.07,-0.016299918500407462,False,1.0,-0.016299918500407462,0.8251186065271173,0,0.0,-0.0,2.1642416452585813,0,0.0,-0.0,11.441263058002807,0,0.0,-0.0,2.2894209504455763,0,0.0,-0.0,2.1294385137914227,0,0.0,-0.0,2.2894209504455763,0,0.0,-0.0,0.48831505699249156,0,0.0,-0.0,1.6414760172395988
2025-12-24,12.01,-0.004971002485501308,False,1.0,-0.004971002485501308,0.8210169398832377,0,0.0,-0.0,2.1642416452585813,0,0.0,-0.0,11.441263058002807,0,0.0,-0.0,2.2894209504455763,0,0.0,-0.0,2.1294385137914227,0,0.0,-0.0,2.2894209504455763,0,0.0,-0.0,0.48831505699249156,0,0.0,-0.0,1.6414760172395988
2025-12-25,11.65,-0.029975020815986686,False,1.0,-0.029975020815986686,0.7964069400199599,0,0.0,-0.0,2.1642416452585813,0,0.0,-0.0,11.441263058002807,0,0.0,-0.0,2.2894209504455763,0,0.0,-0.0,2.1294385137914227,0,0.0,-0.0,2.2894209504455763,0,0.0,-0.0,0.48831505699249156,0,0.0,-0.0,1.6414760172395988
2025-12-26,11.72,0.006008583690987113,False,1.0,0.006008583690987113,0.8011922177711528,0,0.0,0.0,2.1642416452585813,0,0.0,0.0,11.441263058002807,0,0.0,0.0,2.2894209504455763,0,0.0,0.0,2.1294385137914227,0,0.0,0.0,2.2894209504455763,0,0.0,0.0,0.48831505699249156,0,0.0,0.0,1.6414760172395988
2025-12-27,12.23,0.04351535836177467,False,1.0,0.04351535836177467,0.8360563842441295,0,0.0,0.0,2.1642416452585813,0,0.0,0.0,11.441263058002807,0,0.0,0.0,2.2894209504455763,0,0.0,0.0,2.1294385137914227,0,0.0,0.0,2.2894209504455763,0,0.0,0.0,0.48831505699249156,0,0.0,0.0,1.6414760172395988
2025-12-28,12.2,-0.0024529844644318732,False,1.0,-0.0024529844644318732,0.8340055509221896,0,0.0,-0.0,2.1642416452585813,0,0.0,-0.0,11.441263058002807,0,0.0,-0.0,2.2894209504455763,0,0.0,-0.0,2.1294385137914227,0,0.0,-0.0,2.2894209504455763,0,0.0,-0.0,0.48831505699249156,0,0.0,-0.0,1.6414760172395988
2025-12-29,11.93,-0.022131147540983553,False,1.0,-0.022131147540983553,0.8155480510247314,0,0.0,-0.0,2.1642416452585813,0,0.0,-0.0,11.441263058002807,0,0.0,-0.0,2.2894209504455763,0,0.0,-0.0,2.1294385137914227,0,0.0,-0.0,2.2894209504455763,0,0.0,-0.0,0.48831505699249156,0,0.0,-0.0,1.6414760172395988
2025-12-30,11.88,-0.004191114836546439,False,1.0,-0.004191114836546439,0.8121299954881651,0,0.0,-0.0,2.1642416452585813,0,0.0,-0.0,11.441263058002807,0,0.0,-0.0,2.2894209504455763,0,0.0,-0.0,2.1294385137914227,0,0.0,-0.0,2.2894209504455763,0,0.0,-0.0,0.48831505699249156,0,0.0,-0.0,1.6414760172395988
2025-12-31,11.48,-0.03367003367003374,False,1.0,-0.03367003367003374,0.7847855511956342,0,0.0,-0.0,2.1642416452585813,0,0.0,-0.0,11.441263058002807,0,0.0,-0.0,2.2894209504455763,0,0.0,-0.0,2.1294385137914227,0,0.0,-0.0,2.2894209504455763,0,0.0,-0.0,0.48831505699249156,0,0.0,-0.0,1.6414760172395988
2026-01-01,12.06,0.05052264808362361,False,1.0,0.05052264808362361,0.8244349954198038,0,0.0,0.0,2.1642416452585813,0,0.0,0.0,11.441263058002807,0,0.0,0.0,2.2894209504455763,0,0.0,0.0,2.1294385137914227,0,0.0,0.0,2.2894209504455763,0,0.0,0.0,0.48831505699249156,0,0.0,0.0,1.6414760172395988
2026-01-02,12.52,0.03814262023217241,False,1.0,0.03814262023217241,0.8558811063562142,0,0.0,0.0,2.1642416452585813,0,0.0,0.0,11.441263058002807,0,0.0,0.0,2.2894209504455763,0,0.0,0.0,2.1294385137914227,0,0.0,0.0,2.2894209504455763,0,0.0,0.0,0.48831505699249156,0,0.0,0.0,1.6414760172395988
2026-01-03,12.56,0.0031948881789138905,False,1.0,0.0031948881789138905,0.8586155507854674,0,0.0,0.0,2.1642416452585813,0,0.0,0.0,11.441263058002807,0,0.0,0.0,2.2894209504455763,0,0.0,0.0,2.1294385137914227,0,0.0,0.0,2.2894209504455763,0,0.0,0.0,0.48831505699249156,0,0.0,0.0,1.6414760172395988
2026-01-04,12.82,0.02070063694267521,True,1.0,0.02070063694267521,0.8763894395756124,0,0.0,0.0,2.1642416452585813,0,0.0,0.0,11.441263058002807,0,0.0,0.0,2.2894209504455763,0,0.0,0.0,2.1294385137914227,0,0.0,0.0,2.2894209504455763,0,0.0,0.0,0.48831505699249156,0,0.0,0.0,1.6414760172395988
2026-01-05,13.31,0.038221528861154486,True,1.0,0.038221528861154486,0.9098863838339627,0,0.0,0.0,2.1642416452585813,0,0.0,0.0,11.441263058002807,0,0.0,0.0,2.2894209504455763,0,0.0,0.0,2.1294385137914227,0,0.0,0.0,2.2894209504455763,0,0.0,0.0,0.48831505699249156,0,0.0,0.0,1.6414760172395988
2026-01-06,13.37,0.00450788880540931,True,1.0,0.00450788880540931,0.9139880504778422,0,0.0,0.0,2.1642416452585813,0,0.0,0.0,11.441263058002807,0,0.0,0.0,2.2894209504455763,0,0.0,0.0,2.1294385137914227,0,0.0,0.0,2.2894209504455763,0,0.0,0.0,0.48831505699249156,0,0.0,0.0,1.6414760172395988
2026-01-07,12.88,-0.036649214659685736,True,1.0,-0.036649214659685736,0.880491106219492,0,0.0,-0.0,2.1642416452585813,0,0.0,-0.0,11.441263058002807,0,0.0,-0.0,2.2894209504455763,0,0.0,-0.0,2.1294385137914227,0,0.0,-0.0,2.2894209504455763,0,0.0,-0.0,0.48831505699249156,0,0.0,-0.0,1.6414760172395988
2026-01-08,12.61,-0.020962732919254767,True,1.0,-0.020962732919254767,0.8620336063220336,0,0.0,-0.0,2.1642416452585813,0,0.0,-0.0,11.441263058002807,0,0.0,-0.0,2.2894209504455763,0,0.0,-0.0,2.1294385137914227,0,0.0,-0.0,2.2894209504455763,0,0.0,-0.0,0.48831505699249156,0,0.0,-0.0,1.6414760172395988
2026-01-09,12.61,0.0,True,1.0,0.0,0.8620336063220336,0,0.0,0.0,2.1642416452585813,0,0.0,0.0,11.441263058002807,0,0.0,0.0,2.2894209504455763,0,0.0,0.0,2.1294385137914227,0,0.0,0.0,2.2894209504455763,0,0.0,0.0,0.48831505699249156,0,0.0,0.0,1.6414760172395988
2026-01-10,12.54,-0.0055511498810467685,True,1.0,-0.0055511498810467685,0.8572483285708408,0,0.0,-0.0,2.1642416452585813,0,0.0,-0.0,11.441263058002807,0,0.0,-0.0,2.2894209504455763,0,0.0,-0.0,2.1294385137914227,0,0.0,-0.0,2.2894209504455763,0,0.0,-0.0,0.48831505699249156,0,0.0,-0.0,1.6414760172395988
2026-01-11,12.37,-0.013556618819776656,True,1.0,-0.013556618819776656,0.8456269397465153,0,0.0,-0.0,2.1642416452585813,0,0.0,-0.0,11.441263058002807,0,0.0,-0.0,2.2894209504455763,0,0.0,-0.0,2.1294385137914227,0,0.0,-0.0,2.2894209504455763,0,0.0,-0.0,0.48831505699249156,0,0.0,-0.0,1.6414760172395988
2026-01-12,12.26,-0.008892481810832575,True,1.0,-0.008892481810832575,0.8381072175660693,0,0.0,-0.0,2.1642416452585813,0,0.0,-0.0,11.441263058002807,0,0.0,-0.0,2.2894209504455763,0,0.0,-0.0,2.1294385137914227,0,0.0,-0.0,2.2894209504455763,0,0.0,-0.0,0.48831505699249156,0,0.0,-0.0,1.6414760172395988
2026-01-13,13.29,0.08401305057096242,True,1.0,0.08401305057096242,0.9085191616193361,0,0.0,0.0,2.1642416452585813,0,0.0,0.0,11.441263058002807,0,0.0,0.0,2.2894209504455763,0,0.0,0.0,2.1294385137914227,0,0.0,0.0,2.2894209504455763,0,0.0,0.0,0.48831505699249156,0,0.0,0.0,1.6414760172395988
2026-01-14,13.2,-0.006772009029345383,True,1.0,-0.006772009029345383,0.9023666616535166,0,0.0,-0.0,2.1642416452585813,0,0.0,-0.0,11.441263058002807,0,0.0,-0.0,2.2894209504455763,0,0.0,-0.0,2.1294385137914227,0,0.0,-0.0,2.2894209504455763,0,0.0,-0.0,0.48831505699249156,0,0.0,-0.0,1.6414760172395988
2026-01-15,12.65,-0.04166666666666663,True,1.0,-0.04166666666666663,0.8647680507512868,0,0.0,-0.0,2.1642416452585813,0,0.0,-0.0,11.441263058002807,0,0.0,-0.0,2.2894209504455763,0,0.0,-0.0,2.1294385137914227,0,0.0,-0.0,2.2894209504455763,0,0.0,-0.0,0.48831505699249156,0,0.0,-0.0,1.6414760172395988
2026-01-16,12.76,0.008695652173912993,True,1.0,0.008695652173912993,0.8722877729317328,0,0.0,0.0,2.1642416452585813,0,0.0,0.0,11.441263058002807,0,0.0,0.0,2.2894209504455763,0,0.0,0.0,2.1294385137914227,0,0.0,0.0,2.2894209504455763,0,0.0,0.0,0.48831505699249156,0,0.0,0.0,1.6414760172395988
2026-01-17,12.85,0.007053291536050166,True,1.0,0.007053291536050166,0.8784402728975522,0,0.0,0.0,2.1642416452585813,0,0.0,0.0,11.441263058002807,0,0.0,0.0,2.2894209504455763,0,0.0,0.0,2.1294385137914227,0,0.0,0.0,2.2894209504455763,0,0.0,0.0,0.48831505699249156,0,0.0,0.0,1.6414760172395988
2026-01-18,12.24,-0.04747081712062251,True,1.0,-0.04747081712062251,0.8367399953514428,0,0.0,-0.0,2.1642416452585813,0,0.0,-0.0,11.441263058002807,0,0.0,-0.0,2.2894209504455763,0,0.0,-0.0,2.1294385137914227,0,0.0,-0.0,2.2894209504455763,0,0.0,-0.0,0.48831505699249156,0,0.0,-0.0,1.6414760172395988
2026-01-19,12.03,-0.01715686274509809,True,1.0,-0.01715686274509809,0.8223841620978641,0,0.0,-0.0,2.1642416452585813,0,0.0,-0.0,11.441263058002807,0,0.0,-0.0,2.2894209504455763,0,0.0,-0.0,2.1294385137914227,0,0.0,-0.0,2.2894209504455763,0,0.0,-0.0,0.48831505699249156,0,0.0,-0.0,1.6414760172395988
2026-01-20,11.54,-0.040731504571903554,True,1.0,-0.040731504571903554,0.7888872178395139,0,0.0,-0.0,2.1642416452585813,0,0.0,-0.0,11.441263058002807,0,0.0,-0.0,2.2894209504455763,0,0.0,-0.0,2.1294385137914227,0,0.0,-0.0,2.2894209504455763,0,0.0,-0.0,0.48831505699249156,0,0.0,-0.0,1.6414760172395988
2026-01-21,11.66,0.010398613518197708,False,1.0,0.010398613518197708,0.7970905511272732,0,0.0,0.0,2.1642416452585813,0,0.0,0.0,11.441263058002807,0,0.0,0.0,2.2894209504455763,0,0.0,0.0,2.1294385137914227,0,0.0,0.0,2.2894209504455763,0,0.0,0.0,0.48831505699249156,0,0.0,0.0,1.6414760172395988
2026-01-22,11.58,-0.006861063464837058,False,1.0,-0.006861063464837058,0.7916216622687671,0,0.0,-0.0,2.1642416452585813,0,0.0,-0.0,11.441263058002807,0,0.0,-0.0,2.2894209504455763,0,0.0,-0.0,2.1294385137914227,0,0.0,-0.0,2.2894209504455763,0,0.0,-0.0,0.48831505699249156,0,0.0,-0.0,1.6414760172395988
2026-01-23,11.67,0.007772020725388629,False,1.0,0.007772020725388629,0.7977741622345865,0,0.0,0.0,2.1642416452585813,0,0.0,0.0,11.441263058002807,0,0.0,0.0,2.2894209504455763,0,0.0,0.0,2.1294385137914227,0,0.0,0.0,2.2894209504455763,0,0.0,0.0,0.48831505699249156,0,0.0,0.0,1.6414760172395988
2026-01-24,11.59,-0.006855184233076295,False,1.0,-0.006855184233076295,0.7923052733760804,0,0.0,-0.0,2.1642416452585813,0,0.0,-0.0,11.441263058002807,0,0.0,-0.0,2.2894209504455763,0,0.0,-0.0,2.1294385137914227,0,0.0,-0.0,2.2894209504455763,0,0.0,-0.0,0.48831505699249156,0,0.0,-0.0,1.6414760172395988
2026-01-25,11.14,-0.03882657463330452,False,1.0,-0.03882657463330452,0.7615427735469832,0,0.0,-0.0,2.1642416452585813,0,0.0,-0.0,11.441263058002807,0,0.0,-0.0,2.2894209504455763,0,0.0,-0.0,2.1294385137914227,0,0.0,-0.0,2.2894209504455763,0,0.0,-0.0,0.48831505699249156,0,0.0,-0.0,1.6414760172395988
2026-01-26,11.39,0.022441651705565446,False,1.0,0.022441651705565446,0.7786330512298149,0,0.0,0.0,2.1642416452585813,0,0.0,0.0,11.441263058002807,0,0.0,0.0,2.2894209504455763,0,0.0,0.0,2.1294385137914227,0,0.0,0.0,2.2894209504455763,0,0.0,0.0,0.48831505699249156,0,0.0,0.0,1.6414760172395988
2026-01-27,11.58,0.01668129938542573,False,1.0,0.01668129938542573,0.791621662268767,0,0.0,0.0,2.1642416452585813,0,0.0,0.0,11.441263058002807,0,0.0,0.0,2.2894209504455763,0,0.0,0.0,2.1294385137914227,0,0.0,0.0,2.2894209504455763,0,0.0,0.0,0.48831505699249156,0,0.0,0.0,1.6414760172395988
2026-01-28,11.55,-0.002590673575129432,False,1.0,-0.002590673575129432,0.7895708289468272,0,0.0,-0.0,2.1642416452585813,0,0.0,-0.0,11.441263058002807,0,0.0,-0.0,2.2894209504455763,0,0.0,-0.0,2.1294385137914227,0,0.0,-0.0,2.2894209504455763,0,0.0,-0.0,0.48831505699249156,0,0.0,-0.0,1.6414760172395988
2026-01-29,10.81,-0.06406926406926405,False,1.0,-0.06406926406926405,0.7389836070056451,0,0.0,-0.0,2.1642416452585813,0,0.0,-0.0,11.441263058002807,0,0.0,-0.0,2.2894209504455763,0,0.0,-0.0,2.1294385137914227,0,0.0,-0.0,2.2894209504455763,0,0.0,-0.0,0.48831505699249156,0,0.0,-0.0,1.6414760172395988
2026-01-30,10.6,-0.01942645698427392,False,1.0,-0.01942645698427392,0.7246277737520664,0,0.0,-0.0,2.1642416452585813,0,0.0,-0.0,11.441263058002807,0,0.0,-0.0,2.2894209504455763,0,0.0,-0.0,2.1294385137914227,0,0.0,-0.0,2.2894209504455763,0,0.0,-0.0,0.48831505699249156,0,0.0,-0.0,1.6414760172395988
2026-01-31,9.76,-0.0792452830188679,False,1.0,-0.0792452830188679,0.6672044407377518,0,0.0,-0.0,2.1642416452585813,0,0.0,-0.0,11.441263058002807,0,0.0,-0.0,2.2894209504455763,0,0.0,-0.0,2.1294385137914227,0,0.0,-0.0,2.2894209504455763,0,0.0,-0.0,0.48831505699249156,0,0.0,-0.0,1.6414760172395988
2026-02-01,9.5,-0.026639344262295084,False,1.0,-0.026639344262295084,0.6494305519476067,0,0.0,-0.0,2.1642416452585813,0,0.0,-0.0,11.441263058002807,0,0.0,-0.0,2.2894209504455763,0,0.0,-0.0,2.1294385137914227,0,0.0,-0.0,2.2894209504455763,0,0.0,-0.0,0.48831505699249156,0,0.0,-0.0,1.6414760172395988
2026-02-02,9.81,0.03263157894736857,False,1.0,0.03263157894736857,0.6706224962743181,0,0.0,0.0,2.1642416452585813,0,0.0,0.0,11.441263058002807,0,0.0,0.0,2.2894209504455763,0,0.0,0.0,2.1294385137914227,0,0.0,0.0,2.2894209504455763,0,0.0,0.0,0.48831505699249156,0,0.0,0.0,1.6414760172395988
2026-02-03,9.57,-0.024464831804281384,False,1.0,-0.024464831804281384,0.6542158296987997,0,0.0,-0.0,2.1642416452585813,0,0.0,-0.0,11.441263058002807,0,0.0,-0.0,2.2894209504455763,0,0.0,-0.0,2.1294385137914227,0,0.0,-0.0,2.2894209504455763,0,0.0,-0.0,0.48831505699249156,0,0.0,-0.0,1.6414760172395988
2026-02-04,9.34,-0.024033437826541326,False,1.0,-0.024033437826541326,0.6384927742305944,0,0.0,-0.0,2.1642416452585813,0,0.0,-0.0,11.441263058002807,0,0.0,-0.0,2.2894209504455763,0,0.0,-0.0,2.1294385137914227,0,0.0,-0.0,2.2894209504455763,0,0.0,-0.0,0.48831505699249156,0,0.0,-0.0,1.6414760172395988
2026-02-05,8.06,-0.13704496788008558,False,1.0,-0.13704496788008558,0.5509905524944958,0,0.0,-0.0,2.1642416452585813,0,0.0,-0.0,11.441263058002807,0,0.0,-0.0,2.2894209504455763,0,0.0,-0.0,2.1294385137914227,0,0.0,-0.0,2.2894209504455763,0,0.0,-0.0,0.48831505699249156,0,0.0,-0.0,1.6414760172395988
2026-02-06,8.84,0.09677419354838701,False,1.0,0.09677419354838701,0.6043122188649308,0,0.0,0.0,2.1642416452585813,0,0.0,0.0,11.441263058002807,0,0.0,0.0,2.2894209504455763,0,0.0,0.0,2.1294385137914227,0,0.0,0.0,2.2894209504455763,0,0.0,0.0,0.48831505699249156,0,0.0,0.0,1.6414760172395988
2026-02-07,8.78,-0.006787330316742168,False,1.0,-0.006787330316742168,0.6002105522210511,0,0.0,-0.0,2.1642416452585813,0,0.0,-0.0,11.441263058002807,0,0.0,-0.0,2.2894209504455763,0,0.0,-0.0,2.1294385137914227,0,0.0,-0.0,2.2894209504455763,0,0.0,-0.0,0.48831505699249156,0,0.0,-0.0,1.6414760172395988
2026-02-08,8.57,-0.023917995444191265,False,1.0,-0.023917995444191265,0.5858547189674725,0,0.0,-0.0,2.1642416452585813,0,0.0,-0.0,11.441263058002807,0,0.0,-0.0,2.2894209504455763,0,0.0,-0.0,2.1294385137914227,0,0.0,-0.0,2.2894209504455763,0,0.0,-0.0,0.48831505699249156,0,0.0,-0.0,1.6414760172395988
2026-02-09,8.59,0.002333722287047868,False,1.0,0.002333722287047868,0.5872219411820991,0,0.0,0.0,2.1642416452585813,0,0.0,0.0,11.441263058002807,0,0.0,0.0,2.2894209504455763,0,0.0,0.0,2.1294385137914227,0,0.0,0.0,2.2894209504455763,0,0.0,0.0,0.48831505699249156,0,0.0,0.0,1.6414760172395988
2026-02-10,8.33,-0.030267753201396963,False,1.0,-0.030267753201396963,0.5694480523919542,0,0.0,-0.0,2.1642416452585813,0,0.0,-0.0,11.441263058002807,0,0.0,-0.0,2.2894209504455763,0,0.0,-0.0,2.1294385137914227,0,0.0,-0.0,2.2894209504455763,0,0.0,-0.0,0.48831505699249156,0,0.0,-0.0,1.6414760172395988
2026-02-11,8.14,-0.02280912364945975,False,1.0,-0.02280912364945975,0.5564594413530021,0,0.0,-0.0,2.1642416452585813,0,0.0,-0.0,11.441263058002807,0,0.0,-0.0,2.2894209504455763,0,0.0,-0.0,2.1294385137914227,0,0.0,-0.0,2.2894209504455763,0,0.0,-0.0,0.48831505699249156,0,0.0,-0.0,1.6414760172395988
2026-02-12,8.25,0.013513513513513375,False,1.0,0.013513513513513375,0.563979163533448,0,0.0,0.0,2.1642416452585813,0,0.0,0.0,11.441263058002807,0,0.0,0.0,2.2894209504455763,0,0.0,0.0,2.1294385137914227,0,0.0,0.0,2.2894209504455763,0,0.0,0.0,0.48831505699249156,0,0.0,0.0,1.6414760172395988
2026-02-13,8.53,0.033939393939393936,False,1.0,0.033939393939393936,0.5831202745382196,0,0.0,0.0,2.1642416452585813,0,0.0,0.0,11.441263058002807,0,0.0,0.0,2.2894209504455763,0,0.0,0.0,2.1294385137914227,0,0.0,0.0,2.2894209504455763,0,0.0,0.0,0.48831505699249156,0,0.0,0.0,1.6414760172395988
2026-02-14,9.0,0.055099648300117376,False,1.0,0.055099648300117376,0.6152499965819433,0,0.0,0.0,2.1642416452585813,0,0.0,0.0,11.441263058002807,0,0.0,0.0,2.2894209504455763,0,0.0,0.0,2.1294385137914227,0,0.0,0.0,2.2894209504455763,0,0.0,0.0,0.48831505699249156,0,0.0,0.0,1.6414760172395988
2026-02-15,8.74,-0.028888888888888853,False,1.0,-0.028888888888888853,0.5974761077917984,0,0.0,-0.0,2.1642416452585813,0,0.0,-0.0,11.441263058002807,0,0.0,-0.0,2.2894209504455763,0,0.0,-0.0,2.1294385137914227,0,0.0,-0.0,2.2894209504455763,0,0.0,-0.0,0.48831505699249156,0,0.0,-0.0,1.6414760172395988
2026-02-16,8.84,0.011441647597253857,False,1.0,0.011441647597253857,0.604312218864931,0,0.0,0.0,2.1642416452585813,0,0.0,0.0,11.441263058002807,0,0.0,0.0,2.2894209504455763,0,0.0,0.0,2.1294385137914227,0,0.0,0.0,2.2894209504455763,0,0.0,0.0,0.48831505699249156,0,0.0,0.0,1.6414760172395988
2026-02-17,8.68,-0.018099547511312264,False,1.0,-0.018099547511312264,0.5933744411479187,0,0.0,-0.0,2.1642416452585813,0,0.0,-0.0,11.441263058002807,0,0.0,-0.0,2.2894209504455763,0,0.0,-0.0,2.1294385137914227,0,0.0,-0.0,2.2894209504455763,0,0.0,-0.0,0.48831505699249156,0,0.0,-0.0,1.6414760172395988
2026-02-18,8.44,-0.027649769585253448,False,1.0,-0.027649769585253448,0.5769677745724002,0,0.0,-0.0,2.1642416452585813,0,0.0,-0.0,11.441263058002807,0,0.0,-0.0,2.2894209504455763,0,0.0,-0.0,2.1294385137914227,0,0.0,-0.0,2.2894209504455763,0,0.0,-0.0,0.48831505699249156,0,0.0,-0.0,1.6414760172395988
2026-02-19,8.27,-0.020142180094786744,False,1.0,-0.020142180094786744,0.5653463857480746,0,0.0,-0.0,2.1642416452585813,0,0.0,-0.0,11.441263058002807,0,0.0,-0.0,2.2894209504455763,0,0.0,-0.0,2.1294385137914227,0,0.0,-0.0,2.2894209504455763,0,0.0,-0.0,0.48831505699249156,0,0.0,-0.0,1.6414760172395988
2026-02-20,8.76,0.059250302297460644,False,1.0,0.059250302297460644,0.5988433300064249,0,0.0,0.0,2.1642416452585813,0,0.0,0.0,11.441263058002807,0,0.0,0.0,2.2894209504455763,0,0.0,0.0,2.1294385137914227,0,0.0,0.0,2.2894209504455763,0,0.0,0.0,0.48831505699249156,0,0.0,0.0,1.6414760172395988
2026-02-21,9.05,0.033105022831050324,False,1.0,0.033105022831050324,0.6186680521185097,0,0.0,0.0,2.1642416452585813,0,0.0,0.0,11.441263058002807,0,0.0,0.0,2.2894209504455763,0,0.0,0.0,2.1294385137914227,0,0.0,0.0,2.2894209504455763,0,0.0,0.0,0.48831505699249156,0,0.0,0.0,1.6414760172395988
2026-02-22,8.52,-0.05856353591160235,False,1.0,-0.05856353591160235,0.5824366634309063,0,0.0,-0.0,2.1642416452585813,0,0.0,-0.0,11.441263058002807,0,0.0,-0.0,2.2894209504455763,0,0.0,-0.0,2.1294385137914227,0,0.0,-0.0,2.2894209504455763,0,0.0,-0.0,0.48831505699249156,0,0.0,-0.0,1.6414760172395988
2026-02-23,8.36,-0.018779342723004744,False,1.0,-0.018779342723004744,0.571498885713894,0,0.0,-0.0,2.1642416452585813,0,0.0,-0.0,11.441263058002807,0,0.0,-0.0,2.2894209504455763,0,0.0,-0.0,2.1294385137914227,0,0.0,-0.0,2.2894209504455763,0,0.0,-0.0,0.48831505699249156,0,0.0,-0.0,1.6414760172395988
2026-02-24,8.3,-0.007177033492822837,False,1.0,-0.007177033492822837,0.5673972190700144,0,0.0,-0.0,2.1642416452585813,0,0.0,-0.0,11.441263058002807,0,0.0,-0.0,2.2894209504455763,0,0.0,-0.0,2.1294385137914227,0,0.0,-0.0,2.2894209504455763,0,0.0,-0.0,0.48831505699249156,0,0.0,-0.0,1.6414760172395988
2026-02-25,9.15,0.10240963855421681,True,1.0,0.10240963855421681,0.6255041631916424,0,0.0,0.0,2.1642416452585813,0,0.0,0.0,11.441263058002807,0,0.0,0.0,2.2894209504455763,0,0.0,0.0,2.1294385137914227,0,0.0,0.0,2.2894209504455763,0,0.0,0.0,0.48831505699249156,0,0.0,0.0,1.6414760172395988
2026-02-26,8.86,-0.031693989071038375,True,1.0,-0.031693989071038375,0.6056794410795574,0,0.0,-0.0,2.1642416452585813,0,0.0,-0.0,11.441263058002807,0,0.0,-0.0,2.2894209504455763,0,0.0,-0.0,2.1294385137914227,0,0.0,-0.0,2.2894209504455763,0,0.0,-0.0,0.48831505699249156,0,0.0,-0.0,1.6414760172395988
2026-02-27,8.65,-0.023702031602708673,False,1.0,-0.023702031602708673,0.5913236078259788,0,0.0,-0.0,2.1642416452585813,0,0.0,-0.0,11.441263058002807,0,0.0,-0.0,2.2894209504455763,0,0.0,-0.0,2.1294385137914227,0,0.0,-0.0,2.2894209504455763,0,0.0,-0.0,0.48831505699249156,0,0.0,-0.0,1.6414760172395988
2026-02-28,8.68,0.003468208092485492,True,1.0,0.003468208092485492,0.5933744411479186,0,0.0,0.0,2.1642416452585813,0,0.0,0.0,11.441263058002807,0,0.0,0.0,2.2894209504455763,0,0.0,0.0,2.1294385137914227,0,0.0,0.0,2.2894209504455763,0,0.0,0.0,0.48831505699249156,0,0.0,0.0,1.6414760172395988
2026-03-01,8.47,-0.02419354838709664,False,1.0,-0.02419354838709664,0.57901860789434,0,0.0,-0.0,2.1642416452585813,0,0.0,-0.0,11.441263058002807,0,0.0,-0.0,2.2894209504455763,0,0.0,-0.0,2.1294385137914227,0,0.0,-0.0,2.2894209504455763,0,0.0,-0.0,0.48831505699249156,0,0.0,-0.0,1.6414760172395988
2026-03-02,8.72,0.029515938606847758,True,1.0,0.029515938606847758,0.5961088855771718,0,0.0,0.0,2.1642416452585813,0,0.0,0.0,11.441263058002807,0,0.0,0.0,2.2894209504455763,0,0.0,0.0,2.1294385137914227,0,0.0,0.0,2.2894209504455763,0,0.0,0.0,0.48831505699249156,0,0.0,0.0,1.6414760172395988
2026-03-03,8.49,-0.026376146788990917,True,1.0,-0.026376146788990917,0.5803858301089665,0,0.0,-0.0,2.1642416452585813,0,0.0,-0.0,11.441263058002807,0,0.0,-0.0,2.2894209504455763,0,0.0,-0.0,2.1294385137914227,0,0.0,-0.0,2.2894209504455763,0,0.0,-0.0,0.48831505699249156,0,0.0,-0.0,1.6414760172395988
2026-03-04,8.85,0.04240282685512353,True,1.0,0.04240282685512353,0.6049958299722441,0,0.0,0.0,2.1642416452585813,0,0.0,0.0,11.441263058002807,0,0.0,0.0,2.2894209504455763,0,0.0,0.0,2.1294385137914227,0,0.0,0.0,2.2894209504455763,0,0.0,0.0,0.48831505699249156,0,0.0,0.0,1.6414760172395988
2026-03-05,8.65,-0.022598870056497078,True,1.0,-0.022598870056497078,0.5913236078259788,0,0.0,-0.0,2.1642416452585813,0,0.0,-0.0,11.441263058002807,0,0.0,-0.0,2.2894209504455763,0,0.0,-0.0,2.1294385137914227,0,0.0,-0.0,2.2894209504455763,0,0.0,-0.0,0.48831505699249156,0,0.0,-0.0,1.6414760172395988
2026-03-06,8.25,-0.046242774566474076,False,1.0,-0.046242774566474076,0.5639791635334479,0,0.0,-0.0,2.1642416452585813,0,0.0,-0.0,11.441263058002807,0,0.0,-0.0,2.2894209504455763,0,0.0,-0.0,2.1294385137914227,0,0.0,-0.0,2.2894209504455763,0,0.0,-0.0,0.48831505699249156,0,0.0,-0.0,1.6414760172395988
2026-03-07,8.12,-0.01575757575757586,False,1.0,-0.01575757575757586,0.5550922191383754,0,0.0,-0.0,2.1642416452585813,0,0.0,-0.0,11.441263058002807,0,0.0,-0.0,2.2894209504455763,0,0.0,-0.0,2.1294385137914227,0,0.0,-0.0,2.2894209504455763,0,0.0,-0.0,0.48831505699249156,0,0.0,-0.0,1.6414760172395988
2026-03-08,7.99,-0.016009852216748666,False,1.0,-0.016009852216748666,0.5462052747433029,0,0.0,-0.0,2.1642416452585813,0,0.0,-0.0,11.441263058002807,0,0.0,-0.0,2.2894209504455763,0,0.0,-0.0,2.1294385137914227,0,0.0,-0.0,2.2894209504455763,0,0.0,-0.0,0.48831505699249156,0,0.0,-0.0,1.6414760172395988
2026-03-09,8.16,0.02127659574468077,False,1.0,0.02127659574468077,0.5578266635676284,0,0.0,0.0,2.1642416452585813,0,0.0,0.0,11.441263058002807,0,0.0,0.0,2.2894209504455763,0,0.0,0.0,2.1294385137914227,0,0.0,0.0,2.2894209504455763,0,0.0,0.0,0.48831505699249156,0,0.0,0.0,1.6414760172395988
2026-03-10,8.23,0.008578431372548989,False,1.0,0.008578431372548989,0.5626119413188213,0,0.0,0.0,2.1642416452585813,0,0.0,0.0,11.441263058002807,0,0.0,0.0,2.2894209504455763,0,0.0,0.0,2.1294385137914227,0,0.0,0.0,2.2894209504455763,0,0.0,0.0,0.48831505699249156,0,0.0,0.0,1.6414760172395988
2026-03-11,8.28,0.006075334143377686,True,1.0,0.006075334143377686,0.5660299968553876,0,0.0,0.0,2.1642416452585813,0,0.0,0.0,11.441263058002807,0,0.0,0.0,2.2894209504455763,0,0.0,0.0,2.1294385137914227,0,0.0,0.0,2.2894209504455763,0,0.0,0.0,0.48831505699249156,0,0.0,0.0,1.6414760172395988
2026-03-12,8.27,-0.0012077294685990392,False,1.0,-0.0012077294685990392,0.5653463857480743,0,0.0,-0.0,2.1642416452585813,0,0.0,-0.0,11.441263058002807,0,0.0,-0.0,2.2894209504455763,0,0.0,-0.0,2.1294385137914227,0,0.0,-0.0,2.2894209504455763,0,0.0,-0.0,0.48831505699249156,0,0.0,-0.0,1.6414760172395988
2026-03-13,8.49,0.026602176541717037,False,1.0,0.026602176541717037,0.5803858301089662,0,0.0,0.0,2.1642416452585813,0,0.0,0.0,11.441263058002807,0,0.0,0.0,2.2894209504455763,0,0.0,0.0,2.1294385137914227,0,0.0,0.0,2.2894209504455763,0,0.0,0.0,0.48831505699249156,0,0.0,0.0,1.6414760172395988
2026-03-14,8.26,-0.027090694935217985,False,1.0,-0.027090694935217985,0.5646627746407609,0,0.0,-0.0,2.1642416452585813,0,0.0,-0.0,11.441263058002807,0,0.0,-0.0,2.2894209504455763,0,0.0,-0.0,2.1294385137914227,0,0.0,-0.0,2.2894209504455763,0,0.0,-0.0,0.48831505699249156,0,0.0,-0.0,1.6414760172395988
2026-03-15,8.48,0.026634382566586012,True,1.0,0.026634382566586012,0.5797022190016529,0,0.0,0.0,2.1642416452585813,0,0.0,0.0,11.441263058002807,0,0.0,0.0,2.2894209504455763,0,0.0,0.0,2.1294385137914227,0,0.0,0.0,2.2894209504455763,0,0.0,0.0,0.48831505699249156,0,0.0,0.0,1.6414760172395988
2026-03-16,9.03,0.06485849056603765,True,1.0,0.06485849056603765,0.6173008299038827,0,0.0,0.0,2.1642416452585813,0,0.0,0.0,11.441263058002807,0,0.0,0.0,2.2894209504455763,0,0.0,0.0,2.1294385137914227,0,0.0,0.0,2.2894209504455763,0,0.0,0.0,0.48831505699249156,0,0.0,0.0,1.6414760172395988
2026-03-17,8.86,-0.01882613510520481,False,1.0,-0.01882613510520481,0.6056794410795572,0,0.0,-0.0,2.1642416452585813,0,0.0,-0.0,11.441263058002807,0,0.0,-0.0,2.2894209504455763,0,0.0,-0.0,2.1294385137914227,0,0.0,-0.0,2.2894209504455763,0,0.0,-0.0,0.48831505699249156,0,0.0,-0.0,1.6414760172395988
2026-03-18,8.51,-0.03950338600451464,False,1.0,-0.03950338600451464,0.5817530523235928,0,0.0,-0.0,2.1642416452585813,0,0.0,-0.0,11.441263058002807,0,0.0,-0.0,2.2894209504455763,0,0.0,-0.0,2.1294385137914227,0,0.0,-0.0,2.2894209504455763,0,0.0,-0.0,0.48831505699249156,0,0.0,-0.0,1.6414760172395988
2026-03-19,8.34,-0.0199764982373678,False,1.0,-0.0199764982373678,0.5701316634992671,0,0.0,-0.0,2.1642416452585813,0,0.0,-0.0,11.441263058002807,0,0.0,-0.0,2.2894209504455763,0,0.0,-0.0,2.1294385137914227,0,0.0,-0.0,2.2894209504455763,0,0.0,-0.0,0.48831505699249156,0,0.0,-0.0,1.6414760172395988
2026-03-20,8.41,0.008393285371702586,False,1.0,0.008393285371702586,0.57491694125046,0,0.0,0.0,2.1642416452585813,0,0.0,0.0,11.441263058002807,0,0.0,0.0,2.2894209504455763,0,0.0,0.0,2.1294385137914227,0,0.0,0.0,2.2894209504455763,0,0.0,0.0,0.48831505699249156,0,0.0,0.0,1.6414760172395988
2026-03-21,8.18,-0.027348394768133222,False,1.0,-0.027348394768133222,0.5591938857822548,0,0.0,-0.0,2.1642416452585813,0,0.0,-0.0,11.441263058002807,0,0.0,-0.0,2.2894209504455763,0,0.0,-0.0,2.1294385137914227,0,0.0,-0.0,2.2894209504455763,0,0.0,-0.0,0.48831505699249156,0,0.0,-0.0,1.6414760172395988
2026-03-22,8.03,-0.018337408312958492,False,1.0,-0.018337408312958492,0.5489397191725557,0,0.0,-0.0,2.1642416452585813,0,0.0,-0.0,11.441263058002807,0,0.0,-0.0,2.2894209504455763,0,0.0,-0.0,2.1294385137914227,0,0.0,-0.0,2.2894209504455763,0,0.0,-0.0,0.48831505699249156,0,0.0,-0.0,1.6414760172395988
2026-03-23,8.59,0.06973848069738486,True,1.0,0.06973848069738486,0.5872219411820988,0,0.0,0.0,2.1642416452585813,0,0.0,0.0,11.441263058002807,0,0.0,0.0,2.2894209504455763,0,0.0,0.0,2.1294385137914227,0,0.0,0.0,2.2894209504455763,0,0.0,0.0,0.48831505699249156,0,0.0,0.0,1.6414760172395988
2026-03-24,8.67,0.0093131548311991,False,1.0,0.0093131548311991,0.592690830040605,0,0.0,0.0,2.1642416452585813,0,0.0,0.0,11.441263058002807,0,0.0,0.0,2.2894209504455763,0,0.0,0.0,2.1294385137914227,0,0.0,0.0,2.2894209504455763,0,0.0,0.0,0.48831505699249156,0,0.0,0.0,1.6414760172395988
2026-03-25,8.68,0.0011534025374855261,True,1.0,0.0011534025374855261,0.5933744411479182,0,0.0,0.0,2.1642416452585813,0,0.0,0.0,11.441263058002807,0,0.0,0.0,2.2894209504455763,0,0.0,0.0,2.1294385137914227,0,0.0,0.0,2.2894209504455763,0,0.0,0.0,0.48831505699249156,0,0.0,0.0,1.6414760172395988
2026-03-26,8.21,-0.05414746543778792,False,1.0,-0.05414746543778792,0.5612447191041945,0,0.0,-0.0,2.1642416452585813,0,0.0,-0.0,11.441263058002807,0,0.0,-0.0,2.2894209504455763,0,0.0,-0.0,2.1294385137914227,0,0.0,-0.0,2.2894209504455763,0,0.0,-0.0,0.48831505699249156,0,0.0,-0.0,1.6414760172395988
2026-03-27,8.09,-0.014616321559074441,False,1.0,-0.014616321559074441,0.5530413858164351,0,0.0,-0.0,2.1642416452585813,0,0.0,-0.0,11.441263058002807,0,0.0,-0.0,2.2894209504455763,0,0.0,-0.0,2.1294385137914227,0,0.0,-0.0,2.2894209504455763,0,0.0,-0.0,0.48831505699249156,0,0.0,-0.0,1.6414760172395988
2026-03-28,8.04,-0.006180469715698522,True,1.0,-0.006180469715698522,0.5496233302798688,0,0.0,-0.0,2.1642416452585813,0,0.0,-0.0,11.441263058002807,0,0.0,-0.0,2.2894209504455763,0,0.0,-0.0,2.1294385137914227,0,0.0,-0.0,2.2894209504455763,0,0.0,-0.0,0.48831505699249156,0,0.0,-0.0,1.6414760172395988
2026-03-29,7.95,-0.011194029850746134,False,1.0,-0.011194029850746134,0.5434708303140494,0,0.0,-0.0,2.1642416452585813,0,0.0,-0.0,11.441263058002807,0,0.0,-0.0,2.2894209504455763,0,0.0,-0.0,2.1294385137914227,0,0.0,-0.0,2.2894209504455763,0,0.0,-0.0,0.48831505699249156,0,0.0,-0.0,1.6414760172395988
2026-03-30,8.07,0.015094339622641506,False,1.0,0.015094339622641506,0.5516741636018087,0,0.0,0.0,2.1642416452585813,0,0.0,0.0,11.441263058002807,0,0.0,0.0,2.2894209504455763,0,0.0,0.0,2.1294385137914227,0,0.0,0.0,2.2894209504455763,0,0.0,0.0,0.48831505699249156,0,0.0,0.0,1.6414760172395988
2026-03-31,8.19,0.014869888475836257,False,1.0,0.014869888475836257,0.5598774968895678,0,0.0,0.0,2.1642416452585813,0,0.0,0.0,11.441263058002807,0,0.0,0.0,2.2894209504455763,0,0.0,0.0,2.1294385137914227,0,0.0,0.0,2.2894209504455763,0,0.0,0.0,0.48831505699249156,0,0.0,0.0,1.6414760172395988
2026-04-01,8.19,0.0,False,1.0,0.0,0.5598774968895678,0,0.0,0.0,2.1642416452585813,0,0.0,0.0,11.441263058002807,0,0.0,0.0,2.2894209504455763,0,0.0,0.0,2.1294385137914227,0,0.0,0.0,2.2894209504455763,0,0.0,0.0,0.48831505699249156,0,0.0,0.0,1.6414760172395988
2026-04-02,7.88,-0.03785103785103783,False,1.0,-0.03785103785103783,0.5386855525628564,0,0.0,-0.0,2.1642416452585813,0,0.0,-0.0,11.441263058002807,0,0.0,-0.0,2.2894209504455763,0,0.0,-0.0,2.1294385137914227,0,0.0,-0.0,2.2894209504455763,0,0.0,-0.0,0.48831505699249156,0,0.0,-0.0,1.6414760172395988
2026-04-03,8.08,0.025380710659898442,False,1.0,0.025380710659898442,0.5523577747091218,0,0.0,0.0,2.1642416452585813,0,0.0,0.0,11.441263058002807,0,0.0,0.0,2.2894209504455763,0,0.0,0.0,2.1294385137914227,0,0.0,0.0,2.2894209504455763,0,0.0,0.0,0.48831505699249156,0,0.0,0.0,1.6414760172395988
2026-04-04,8.62,0.06683168316831667,True,1.0,0.06683168316831667,0.5892727745040383,0,0.0,0.0,2.1642416452585813,0,0.0,0.0,11.441263058002807,0,0.0,0.0,2.2894209504455763,0,0.0,0.0,2.1294385137914227,0,0.0,0.0,2.2894209504455763,0,0.0,0.0,0.48831505699249156,0,0.0,0.0,1.6414760172395988
2026-04-05,8.73,0.012761020881670637,False,1.0,0.012761020881670637,0.5967924966844843,0,0.0,0.0,2.1642416452585813,0,0.0,0.0,11.441263058002807,0,0.0,0.0,2.2894209504455763,0,0.0,0.0,2.1294385137914227,0,0.0,0.0,2.2894209504455763,0,0.0,0.0,0.48831505699249156,0,0.0,0.0,1.6414760172395988
2026-04-06,8.42,-0.03550973654066447,False,1.0,-0.03550973654066447,0.5756005523577729,0,0.0,-0.0,2.1642416452585813,0,0.0,-0.0,11.441263058002807,0,0.0,-0.0,2.2894209504455763,0,0.0,-0.0,2.1294385137914227,0,0.0,-0.0,2.2894209504455763,0,0.0,-0.0,0.48831505699249156,0,0.0,-0.0,1.6414760172395988
2026-04-07,8.86,0.052256532066508266,True,1.0,0.052256532066508266,0.6056794410795567,0,0.0,0.0,2.1642416452585813,0,0.0,0.0,11.441263058002807,0,0.0,0.0,2.2894209504455763,0,0.0,0.0,2.1294385137914227,0,0.0,0.0,2.2894209504455763,0,0.0,0.0,0.48831505699249156,0,0.0,0.0,1.6414760172395988
2026-04-08,8.42,-0.04966139954853266,True,1.0,-0.04966139954853266,0.575600552357773,0,0.0,-0.0,2.1642416452585813,0,0.0,-0.0,11.441263058002807,0,0.0,-0.0,2.2894209504455763,0,0.0,-0.0,2.1294385137914227,0,0.0,-0.0,2.2894209504455763,0,0.0,-0.0,0.48831505699249156,0,0.0,-0.0,1.6414760172395988
2026-04-09,8.43,0.0011876484560569,True,1.0,0.0011876484560569,0.5762841634650862,0,0.0,0.0,2.1642416452585813,0,0.0,0.0,11.441263058002807,0,0.0,0.0,2.2894209504455763,0,0.0,0.0,2.1294385137914227,0,0.0,0.0,2.2894209504455763,0,0.0,0.0,0.48831505699249156,0,0.0,0.0,1.6414760172395988
2026-04-10,8.49,0.007117437722419906,True,1.0,0.007117437722419906,0.5803858301089657,0,0.0,0.0,2.1642416452585813,0,0.0,0.0,11.441263058002807,0,0.0,0.0,2.2894209504455763,0,0.0,0.0,2.1294385137914227,0,0.0,0.0,2.2894209504455763,0,0.0,0.0,0.48831505699249156,0,0.0,0.0,1.6414760172395988
2026-04-11,8.44,-0.005889281507656108,True,1.0,-0.005889281507656108,0.5769677745723993,0,0.0,-0.0,2.1642416452585813,0,0.0,-0.0,11.441263058002807,0,0.0,-0.0,2.2894209504455763,0,0.0,-0.0,2.1294385137914227,0,0.0,-0.0,2.2894209504455763,0,0.0,-0.0,0.48831505699249156,0,0.0,-0.0,1.6414760172395988
2026-04-12,8.13,-0.03672985781990501,False,1.0,-0.03672985781990501,0.5557758302456881,0,0.0,-0.0,2.1642416452585813,0,0.0,-0.0,11.441263058002807,0,0.0,-0.0,2.2894209504455763,0,0.0,-0.0,2.1294385137914227,0,0.0,-0.0,2.2894209504455763,0,0.0,-0.0,0.48831505699249156,0,0.0,-0.0,1.6414760172395988
2026-04-13,8.6,0.05781057810578094,False,1.0,0.05781057810578094,0.5879055522894117,0,0.0,0.0,2.1642416452585813,0,0.0,0.0,11.441263058002807,0,0.0,0.0,2.2894209504455763,0,0.0,0.0,2.1294385137914227,0,0.0,0.0,2.2894209504455763,0,0.0,0.0,0.48831505699249156,0,0.0,0.0,1.6414760172395988
2026-04-14,8.31,-0.033720930232558066,False,1.0,-0.033720930232558066,0.5680808301773269,0,0.0,-0.0,2.1642416452585813,0,0.0,-0.0,11.441263058002807,0,0.0,-0.0,2.2894209504455763,0,0.0,-0.0,2.1294385137914227,0,0.0,-0.0,2.2894209504455763,0,0.0,-0.0,0.48831505699249156,0,0.0,-0.0,1.6414760172395988
2026-04-15,8.45,0.016847172081829065,True,1.0,0.016847172081829065,0.5776513856797126,0,0.0,0.0,2.1642416452585813,0,0.0,0.0,11.441263058002807,0,0.0,0.0,2.2894209504455763,0,0.0,0.0,2.1294385137914227,0,0.0,0.0,2.2894209504455763,0,0.0,0.0,0.48831505699249156,0,0.0,0.0,1.6414760172395988
2026-04-16,8.75,0.03550295857988184,True,1.0,0.03550295857988184,0.5981597188991108,0,0.0,0.0,2.1642416452585813,0,0.0,0.0,11.441263058002807,0,0.0,0.0,2.2894209504455763,0,0.0,0.0,2.1294385137914227,0,0.0,0.0,2.2894209504455763,0,0.0,0.0,0.48831505699249156,0,0.0,0.0,1.6414760172395988
2026-04-17,8.78,0.0034285714285713365,True,1.0,0.0034285714285713365,0.6002105522210506,0,0.0,0.0,2.1642416452585813,0,0.0,0.0,11.441263058002807,0,0.0,0.0,2.2894209504455763,0,0.0,0.0,2.1294385137914227,0,0.0,0.0,2.2894209504455763,0,0.0,0.0,0.48831505699249156,0,0.0,0.0,1.6414760172395988
2026-04-18,8.5,-0.03189066059225509,True,1.0,-0.03189066059225509,0.581069441216279,0,0.0,-0.0,2.1642416452585813,0,0.0,-0.0,11.441263058002807,0,0.0,-0.0,2.2894209504455763,0,0.0,-0.0,2.1294385137914227,0,0.0,-0.0,2.2894209504455763,0,0.0,-0.0,0.48831505699249156,0,0.0,-0.0,1.6414760172395988
2026-04-19,8.23,-0.03176470588235292,True,1.0,-0.03176470588235292,0.5626119413188208,0,0.0,-0.0,2.1642416452585813,0,0.0,-0.0,11.441263058002807,0,0.0,-0.0,2.2894209504455763,0,0.0,-0.0,2.1294385137914227,0,0.0,-0.0,2.2894209504455763,0,0.0,-0.0,0.48831505699249156,0,0.0,-0.0,1.6414760172395988
2026-04-20,8.4,0.020656136087484844,True,1.0,0.020656136087484844,0.5742333301431464,0,0.0,0.0,2.1642416452585813,0,0.0,0.0,11.441263058002807,0,0.0,0.0,2.2894209504455763,0,0.0,0.0,2.1294385137914227,0,0.0,0.0,2.2894209504455763,0,0.0,0.0,0.48831505699249156,0,0.0,0.0,1.6414760172395988
2026-04-21,8.44,0.004761904761904745,True,1.0,0.004761904761904745,0.5769677745723994,0,0.0,0.0,2.1642416452585813,0,0.0,0.0,11.441263058002807,0,0.0,0.0,2.2894209504455763,0,0.0,0.0,2.1294385137914227,0,0.0,0.0,2.2894209504455763,0,0.0,0.0,0.48831505699249156,0,0.0,0.0,1.6414760172395988
2026-04-22,8.44,0.0,True,1.0,0.0,0.5769677745723994,0,0.0,0.0,2.1642416452585813,0,0.0,0.0,11.441263058002807,0,0.0,0.0,2.2894209504455763,0,0.0,0.0,2.1294385137914227,0,0.0,0.0,2.2894209504455763,0,0.0,0.0,0.48831505699249156,0,0.0,0.0,1.6414760172395988
2026-04-23,8.52,0.009478672985782088,True,1.0,0.009478672985782088,0.5824366634309056,0,0.0,0.0,2.1642416452585813,0,0.0,0.0,11.441263058002807,0,0.0,0.0,2.2894209504455763,0,0.0,0.0,2.1294385137914227,0,0.0,0.0,2.2894209504455763,0,0.0,0.0,0.48831505699249156,0,0.0,0.0,1.6414760172395988
2026-04-24,8.53,0.0011737089201877549,False,1.0,0.0011737089201877549,0.5831202745382189,0,0.0,0.0,2.1642416452585813,0,0.0,0.0,11.441263058002807,0,0.0,0.0,2.2894209504455763,0,0.0,0.0,2.1294385137914227,0,0.0,0.0,2.2894209504455763,0,0.0,0.0,0.48831505699249156,0,0.0,0.0,1.6414760172395988
2026-04-25,8.44,-0.010550996483001174,False,1.0,-0.010550996483001174,0.5769677745723994,0,0.0,-0.0,2.1642416452585813,0,0.0,-0.0,11.441263058002807,0,0.0,-0.0,2.2894209504455763,0,0.0,-0.0,2.1294385137914227,0,0.0,-0.0,2.2894209504455763,0,0.0,-0.0,0.48831505699249156,0,0.0,-0.0,1.6414760172395988
2026-04-26,8.53,0.010663507109004655,True,1.0,0.010663507109004655,0.5831202745382188,0,0.0,0.0,2.1642416452585813,0,0.0,0.0,11.441263058002807,0,0.0,0.0,2.2894209504455763,0,0.0,0.0,2.1294385137914227,0,0.0,0.0,2.2894209504455763,0,0.0,0.0,0.48831505699249156,0,0.0,0.0,1.6414760172395988
2026-04-27,8.4,-0.015240328253223745,False,1.0,-0.015240328253223745,0.5742333301431464,0,0.0,-0.0,2.1642416452585813,0,0.0,-0.0,11.441263058002807,0,0.0,-0.0,2.2894209504455763,0,0.0,-0.0,2.1294385137914227,0,0.0,-0.0,2.2894209504455763,0,0.0,-0.0,0.48831505699249156,0,0.0,-0.0,1.6414760172395988
2026-04-28,8.4,0.0,False,1.0,0.0,0.5742333301431464,0,0.0,0.0,2.1642416452585813,0,0.0,0.0,11.441263058002807,0,0.0,0.0,2.2894209504455763,0,0.0,0.0,2.1294385137914227,0,0.0,0.0,2.2894209504455763,0,0.0,0.0,0.48831505699249156,0,0.0,0.0,1.6414760172395988
2026-04-29,8.34,-0.0071428571428572285,False,1.0,-0.0071428571428572285,0.5701316634992667,0,0.0,-0.0,2.1642416452585813,0,0.0,-0.0,11.441263058002807,0,0.0,-0.0,2.2894209504455763,0,0.0,-0.0,2.1294385137914227,0,0.0,-0.0,2.2894209504455763,0,0.0,-0.0,0.48831505699249156,0,0.0,-0.0,1.6414760172395988
2026-04-30,8.35,0.0011990407673860837,False,1.0,0.0011990407673860837,0.57081527460658,0,0.0,0.0,2.1642416452585813,0,0.0,0.0,11.441263058002807,0,0.0,0.0,2.2894209504455763,0,0.0,0.0,2.1294385137914227,0,0.0,0.0,2.2894209504455763,0,0.0,0.0,0.48831505699249156,0,0.0,0.0,1.6414760172395988
2026-05-01,8.41,0.007185628742514938,False,1.0,0.007185628742514938,0.5749169412504596,0,0.0,0.0,2.1642416452585813,0,0.0,0.0,11.441263058002807,0,0.0,0.0,2.2894209504455763,0,0.0,0.0,2.1294385137914227,0,0.0,0.0,2.2894209504455763,0,0.0,0.0,0.48831505699249156,0,0.0,0.0,1.6414760172395988
2026-05-02,8.53,0.014268727705112783,True,1.0,0.014268727705112783,0.5831202745382187,0,0.0,0.0,2.1642416452585813,0,0.0,0.0,11.441263058002807,0,0.0,0.0,2.2894209504455763,0,0.0,0.0,2.1294385137914227,0,0.0,0.0,2.2894209504455763,0,0.0,0.0,0.48831505699249156,0,0.0,0.0,1.6414760172395988
2026-05-03,8.48,-0.0058616647127782695,False,1.0,-0.0058616647127782695,0.5797022190016524,0,0.0,-0.0,2.1642416452585813,0,0.0,-0.0,11.441263058002807,0,0.0,-0.0,2.2894209504455763,0,0.0,-0.0,2.1294385137914227,0,0.0,-0.0,2.2894209504455763,0,0.0,-0.0,0.48831505699249156,0,0.0,-0.0,1.6414760172395988
2026-05-04,8.68,0.023584905660377187,True,1.0,0.023584905660377187,0.5933744411479177,0,0.0,0.0,2.1642416452585813,0,0.0,0.0,11.441263058002807,0,0.0,0.0,2.2894209504455763,0,0.0,0.0,2.1294385137914227,0,0.0,0.0,2.2894209504455763,0,0.0,0.0,0.48831505699249156,0,0.0,0.0,1.6414760172395988
2026-05-05,9.02,0.03917050691244239,True,1.0,0.03917050691244239,0.6166172187965688,0,0.0,0.0,2.1642416452585813,0,0.0,0.0,11.441263058002807,0,0.0,0.0,2.2894209504455763,0,0.0,0.0,2.1294385137914227,0,0.0,0.0,2.2894209504455763,0,0.0,0.0,0.48831505699249156,0,0.0,0.0,1.6414760172395988
2026-05-06,9.4,0.04212860310421296,True,1.0,0.04212860310421296,0.6425944408744731,0,0.0,0.0,2.1642416452585813,0,0.0,0.0,11.441263058002807,0,0.0,0.0,2.2894209504455763,0,0.0,0.0,2.1294385137914227,0,0.0,0.0,2.2894209504455763,0,0.0,0.0,0.48831505699249156,0,0.0,0.0,1.6414760172395988
2026-05-07,9.22,-0.019148936170212738,True,1.0,-0.019148936170212738,0.6302894409428343,0,0.0,-0.0,2.1642416452585813,0,0.0,-0.0,11.441263058002807,0,0.0,-0.0,2.2894209504455763,0,0.0,-0.0,2.1294385137914227,0,0.0,-0.0,2.2894209504455763,0,0.0,-0.0,0.48831505699249156,0,0.0,-0.0,1.6414760172395988
2026-05-08,9.77,0.05965292841648573,True,1.0,0.05965292841648573,0.6678880518450641,0,0.0,0.0,2.1642416452585813,0,0.0,0.0,11.441263058002807,0,0.0,0.0,2.2894209504455763,0,0.0,0.0,2.1294385137914227,0,0.0,0.0,2.2894209504455763,0,0.0,0.0,0.48831505699249156,0,0.0,0.0,1.6414760172395988
2026-05-09,9.59,-0.01842374616171949,True,1.0,-0.01842374616171949,0.6555830519134253,0,0.0,-0.0,2.1642416452585813,0,0.0,-0.0,11.441263058002807,0,0.0,-0.0,2.2894209504455763,0,0.0,-0.0,2.1294385137914227,0,0.0,-0.0,2.2894209504455763,1,0.0,-0.0,0.48831505699249156,0,0.0,-0.0,1.6414760172395988
2026-05-10,9.98,0.04066736183524511,True,1.0,0.04066736183524511,0.6822438850986428,0,0.0,0.0,2.1642416452585813,0,0.0,0.0,11.441263058002807,0,0.0,0.0,2.2894209504455763,0,0.0,0.0,2.1294385137914227,0,0.0,0.0,2.2894209504455763,1,1.0,0.03966736183524511,0.507685227047811,0,0.0,0.0,1.6414760172395988
2026-05-11,9.78,-0.020040080160320772,True,1.0,-0.020040080160320772,0.6685716629523772,0,0.0,-0.0,2.1642416452585813,0,0.0,-0.0,11.441263058002807,0,0.0,-0.0,2.2894209504455763,0,0.0,-0.0,2.1294385137914227,0,0.0,-0.0,2.2894209504455763,1,1.0,-0.020040080160320772,0.4975111744015623,0,0.0,-0.0,1.6414760172395988
2026-05-12,9.4,-0.03885480572597122,True,1.0,-0.03885480572597122,0.6425944408744731,0,0.0,-0.0,2.1642416452585813,0,0.0,-0.0,11.441263058002807,0,0.0,-0.0,2.2894209504455763,0,0.0,-0.0,2.1294385137914227,0,0.0,-0.0,2.2894209504455763,1,1.0,-0.03885480572597122,0.47818047437368977,0,0.0,-0.0,1.6414760172395988
2026-05-13,9.25,-0.015957446808510634,True,1.0,-0.015957446808510634,0.6323402742647741,0,0.0,-0.0,2.1642416452585813,0,0.0,-0.0,11.441263058002807,0,0.0,-0.0,2.2894209504455763,0,0.0,-0.0,2.1294385137914227,0,0.0,-0.0,2.2894209504455763,1,1.0,-0.015957446808510634,0.4705499348890032,0,0.0,-0.0,1.6414760172395988
2026-05-14,9.47,0.023783783783783763,True,1.0,0.023783783783783763,0.647379718625666,0,0.0,0.0,2.1642416452585813,0,0.0,0.0,11.441263058002807,0,0.0,0.0,2.2894209504455763,0,0.0,0.0,2.1294385137914227,0,0.0,0.0,2.2894209504455763,1,1.0,0.023783783783783763,0.48174139279987677,0,0.0,0.0,1.6414760172395988
2026-05-15,9.24,-0.02428722280887019,True,1.0,-0.02428722280887019,0.6316566631574607,0,0.0,-0.0,2.1642416452585813,0,0.0,-0.0,11.441263058002807,0,0.0,-0.0,2.2894209504455763,0,0.0,-0.0,2.1294385137914227,0,0.0,-0.0,2.2894209504455763,1,1.0,-0.02428722280887019,0.4700412322566907,0,0.0,-0.0,1.6414760172395988
2026-05-16,9.04,-0.0216450216450218,True,1.0,-0.0216450216450218,0.6179844410111952,0,0.0,-0.0,2.1642416452585813,0,0.0,-0.0,11.441263058002807,0,0.0,-0.0,2.2894209504455763,0,0.0,-0.0,2.1294385137914227,0,0.0,-0.0,2.2894209504455763,1,1.0,-0.0216450216450218,0.45986717961044193,0,0.0,-0.0,1.6414760172395988
2026-05-17,8.87,-0.01880530973451322,True,1.0,-0.01880530973451322,0.6063630521868697,0,0.0,-0.0,2.1642416452585813,0,0.0,-0.0,11.441263058002807,0,0.0,-0.0,2.2894209504455763,0,0.0,-0.0,2.1294385137914227,0,0.0,-0.0,2.2894209504455763,1,1.0,-0.01880530973451322,0.4512192348611305,0,0.0,-0.0,1.6414760172395988
2026-05-18,8.93,0.006764374295377795,True,1.0,0.006764374295377795,0.6104647188307494,0,0.0,0.0,2.1642416452585813,0,0.0,0.0,11.441263058002807,0,0.0,0.0,2.2894209504455763,0,0.0,0.0,2.1294385137914227,0,0.0,0.0,2.2894209504455763,1,1.0,0.006764374295377795,0.4542714506550052,0,0.0,0.0,1.6414760172395988
