date,close,return,momentum_20d_positive,pos_BuyHold,ret_BuyHold,equity_BuyHold,event_BDE,pos_BDE,ret_BDE,equity_BDE,event_CSW,pos_CSW,ret_CSW,equity_CSW,event_SADF,pos_SADF,ret_SADF,equity_SADF,event_QADF,pos_QADF,ret_QADF,equity_QADF,event_CADF,pos_CADF,ret_CADF,equity_CADF,event_SMT,pos_SMT,ret_SMT,equity_SMT,event_Consensus,pos_Consensus,ret_Consensus,equity_Consensus
2017-08-17,302.0,0.0,False,1.0,0.0,1.0,0,0.0,0.0,1.0,0,0.0,0.0,1.0,0,0.0,0.0,1.0,0,0.0,0.0,1.0,0,0.0,0.0,1.0,0,0.0,0.0,1.0,0,0.0,0.0,1.0
2017-08-18,293.96,-0.026622516556291442,False,1.0,-0.026622516556291442,0.9733774834437086,0,0.0,-0.0,1.0,0,0.0,-0.0,1.0,0,0.0,-0.0,1.0,0,0.0,-0.0,1.0,0,0.0,-0.0,1.0,0,0.0,-0.0,1.0,0,0.0,-0.0,1.0
2017-08-19,290.91,-0.01037556130085715,False,1.0,-0.01037556130085715,0.9632781456953643,0,0.0,-0.0,1.0,0,0.0,-0.0,1.0,0,0.0,-0.0,1.0,0,0.0,-0.0,1.0,0,0.0,-0.0,1.0,0,0.0,-0.0,1.0,0,0.0,-0.0,1.0
2017-08-20,299.1,0.02815303702175931,False,1.0,0.02815303702175931,0.9903973509933776,0,0.0,0.0,1.0,0,0.0,0.0,1.0,0,0.0,0.0,1.0,0,0.0,0.0,1.0,0,0.0,0.0,1.0,0,0.0,0.0,1.0,0,0.0,0.0,1.0
2017-08-21,323.29,0.08087596121698426,False,1.0,0.08087596121698426,1.070496688741722,0,0.0,0.0,1.0,0,0.0,0.0,1.0,0,0.0,0.0,1.0,0,0.0,0.0,1.0,0,0.0,0.0,1.0,0,0.0,0.0,1.0,0,0.0,0.0,1.0
2017-08-22,309.8,-0.04172724179529219,False,1.0,-0.04172724179529219,1.0258278145695365,0,0.0,-0.0,1.0,0,0.0,-0.0,1.0,0,0.0,-0.0,1.0,0,0.0,-0.0,1.0,0,0.0,-0.0,1.0,0,0.0,-0.0,1.0,0,0.0,-0.0,1.0
2017-08-23,315.74,0.019173660426081263,False,1.0,0.019173660426081263,1.0454966887417219,0,0.0,0.0,1.0,0,0.0,0.0,1.0,0,0.0,0.0,1.0,0,0.0,0.0,1.0,0,0.0,0.0,1.0,0,0.0,0.0,1.0,0,0.0,0.0,1.0
2017-08-24,323.42,0.02432381073034784,False,1.0,0.02432381073034784,1.070927152317881,0,0.0,0.0,1.0,0,0.0,0.0,1.0,0,0.0,0.0,1.0,0,0.0,0.0,1.0,0,0.0,0.0,1.0,0,0.0,0.0,1.0,0,0.0,0.0,1.0
2017-08-25,327.24,0.011811267083049914,False,1.0,0.011811267083049914,1.0835761589403976,0,0.0,0.0,1.0,0,0.0,0.0,1.0,0,0.0,0.0,1.0,0,0.0,0.0,1.0,0,0.0,0.0,1.0,0,0.0,0.0,1.0,0,0.0,0.0,1.0
2017-08-26,330.79,0.010848307052927497,False,1.0,0.010848307052927497,1.0953311258278149,0,0.0,0.0,1.0,0,0.0,0.0,1.0,0,0.0,0.0,1.0,0,0.0,0.0,1.0,0,0.0,0.0,1.0,0,0.0,0.0,1.0,0,0.0,0.0,1.0
2017-08-27,348.13,0.052419964327821145,False,1.0,0.052419964327821145,1.152748344370861,0,0.0,0.0,1.0,0,0.0,0.0,1.0,0,0.0,0.0,1.0,0,0.0,0.0,1.0,0,0.0,0.0,1.0,0,0.0,0.0,1.0,0,0.0,0.0,1.0
2017-08-28,346.0,-0.006118404044466175,False,1.0,-0.006118404044466175,1.1456953642384107,0,0.0,-0.0,1.0,0,0.0,-0.0,1.0,0,0.0,-0.0,1.0,0,0.0,-0.0,1.0,0,0.0,-0.0,1.0,0,0.0,-0.0,1.0,0,0.0,-0.0,1.0
2017-08-29,374.7,0.08294797687861277,False,1.0,0.08294797687861277,1.2407284768211921,0,0.0,0.0,1.0,0,0.0,0.0,1.0,0,0.0,0.0,1.0,0,0.0,0.0,1.0,0,0.0,0.0,1.0,0,0.0,0.0,1.0,0,0.0,0.0,1.0
2017-08-30,385.93,0.029970643181211676,False,1.0,0.029970643181211676,1.2779139072847683,0,0.0,0.0,1.0,0,0.0,0.0,1.0,0,0.0,0.0,1.0,0,0.0,0.0,1.0,0,0.0,0.0,1.0,0,0.0,0.0,1.0,0,0.0,0.0,1.0
2017-08-31,384.79,-0.002953903557639914,False,1.0,-0.002953903557639914,1.2741390728476822,0,0.0,-0.0,1.0,0,0.0,-0.0,1.0,0,0.0,-0.0,1.0,0,0.0,-0.0,1.0,0,0.0,-0.0,1.0,0,0.0,-0.0,1.0,0,0.0,-0.0,1.0
2017-09-01,388.46,0.009537669897866197,False,1.0,0.009537669897866197,1.2862913907284768,0,0.0,0.0,1.0,0,0.0,0.0,1.0,0,0.0,0.0,1.0,0,0.0,0.0,1.0,0,0.0,0.0,1.0,0,0.0,0.0,1.0,0,0.0,0.0,1.0
2017-09-02,343.14,-0.11666580857745967,False,1.0,-0.11666580857745967,1.1362251655629139,0,0.0,-0.0,1.0,0,0.0,-0.0,1.0,0,0.0,-0.0,1.0,0,0.0,-0.0,1.0,0,0.0,-0.0,1.0,0,0.0,-0.0,1.0,0,0.0,-0.0,1.0
2017-09-03,341.77,-0.003992539488255509,False,1.0,-0.003992539488255509,1.1316887417218542,0,0.0,-0.0,1.0,0,0.0,-0.0,1.0,0,0.0,-0.0,1.0,0,0.0,-0.0,1.0,0,0.0,-0.0,1.0,0,0.0,-0.0,1.0,0,0.0,-0.0,1.0
2017-09-04,283.77,-0.1697047722152325,False,1.0,-0.1697047722152325,0.9396357615894039,0,0.0,-0.0,1.0,0,0.0,-0.0,1.0,0,0.0,-0.0,1.0,0,0.0,-0.0,1.0,0,0.0,-0.0,1.0,0,0.0,-0.0,1.0,0,0.0,-0.0,1.0
2017-09-05,312.09,0.09979913310075061,False,1.0,0.09979913310075061,1.0334105960264899,0,0.0,0.0,1.0,0,0.0,0.0,1.0,0,0.0,0.0,1.0,0,0.0,0.0,1.0,0,0.0,0.0,1.0,0,0.0,0.0,1.0,0,0.0,0.0,1.0
2017-09-06,335.0,0.0734083117049571,True,1.0,0.0734083117049571,1.109271523178808,0,0.0,0.0,1.0,0,0.0,0.0,1.0,0,0.0,0.0,1.0,0,0.0,0.0,1.0,0,0.0,0.0,1.0,0,0.0,0.0,1.0,0,0.0,0.0,1.0
2017-09-07,334.49,-0.0015223880597015071,True,1.0,-0.0015223880597015071,1.1075827814569537,0,0.0,-0.0,1.0,0,0.0,-0.0,1.0,0,0.0,-0.0,1.0,0,0.0,-0.0,1.0,0,0.0,-0.0,1.0,0,0.0,-0.0,1.0,0,0.0,-0.0,1.0
2017-09-08,302.99,-0.09417321893031183,True,1.0,-0.09417321893031183,1.0032781456953643,0,0.0,-0.0,1.0,0,0.0,-0.0,1.0,0,0.0,-0.0,1.0,0,0.0,-0.0,1.0,0,0.0,-0.0,1.0,0,0.0,-0.0,1.0,0,0.0,-0.0,1.0
2017-09-09,296.74,-0.020627743489884165,False,1.0,-0.020627743489884165,0.9825827814569538,0,0.0,-0.0,1.0,0,0.0,-0.0,1.0,0,0.0,-0.0,1.0,0,0.0,-0.0,1.0,0,0.0,-0.0,1.0,0,0.0,-0.0,1.0,0,0.0,-0.0,1.0
2017-09-10,293.5,-0.010918649322639418,False,1.0,-0.010918649322639418,0.9718543046357616,0,0.0,-0.0,1.0,0,0.0,-0.0,1.0,0,0.0,-0.0,1.0,0,0.0,-0.0,1.0,0,0.0,-0.0,1.0,0,0.0,-0.0,1.0,0,0.0,-0.0,1.0
2017-09-11,297.3,0.012947189097104017,False,1.0,0.012947189097104017,0.9844370860927153,0,0.0,0.0,1.0,0,0.0,0.0,1.0,0,0.0,0.0,1.0,0,0.0,0.0,1.0,0,0.0,0.0,1.0,0,0.0,0.0,1.0,0,0.0,0.0,1.0
2017-09-12,293.96,-0.011234443323242638,False,1.0,-0.011234443323242638,0.9733774834437086,0,0.0,-0.0,1.0,0,0.0,-0.0,1.0,0,0.0,-0.0,1.0,0,0.0,-0.0,1.0,0,0.0,-0.0,1.0,0,0.0,-0.0,1.0,0,0.0,-0.0,1.0
2017-09-13,276.91,-0.05800108858348063,False,1.0,-0.05800108858348063,0.9169205298013245,0,0.0,-0.0,1.0,0,0.0,-0.0,1.0,0,0.0,-0.0,1.0,0,0.0,-0.0,1.0,0,0.0,-0.0,1.0,0,0.0,-0.0,1.0,0,0.0,-0.0,1.0
2017-09-14,215.21,-0.2228160774258785,False,1.0,-0.2228160774258785,0.7126158940397351,0,0.0,-0.0,1.0,0,0.0,-0.0,1.0,0,0.0,-0.0,1.0,0,0.0,-0.0,1.0,0,0.0,-0.0,1.0,0,0.0,-0.0,1.0,0,0.0,-0.0,1.0
2017-09-15,253.0,0.17559592955717673,False,1.0,0.17559592955717673,0.837748344370861,0,0.0,0.0,1.0,0,0.0,0.0,1.0,0,0.0,0.0,1.0,0,0.0,0.0,1.0,0,0.0,0.0,1.0,0,0.0,0.0,1.0,0,0.0,0.0,1.0
2017-09-16,249.31,-0.014584980237154155,False,1.0,-0.014584980237154155,0.8255298013245034,0,0.0,-0.0,1.0,0,0.0,-0.0,1.0,0,0.0,-0.0,1.0,0,0.0,-0.0,1.0,0,0.0,-0.0,1.0,0,0.0,-0.0,1.0,0,0.0,-0.0,1.0
2017-09-17,257.55,0.03305122137098393,False,1.0,0.03305122137098393,0.8528145695364239,0,0.0,0.0,1.0,0,0.0,0.0,1.0,0,0.0,0.0,1.0,0,0.0,0.0,1.0,0,0.0,0.0,1.0,0,0.0,0.0,1.0,0,0.0,0.0,1.0
2017-09-18,294.57,0.14373907979033196,False,1.0,0.14373907979033196,0.9753973509933775,0,0.0,0.0,1.0,0,0.0,0.0,1.0,0,0.0,0.0,1.0,0,0.0,0.0,1.0,0,0.0,0.0,1.0,0,0.0,0.0,1.0,0,0.0,0.0,1.0
2017-09-19,284.0,-0.035882812234782846,False,1.0,-0.035882812234782846,0.9403973509933776,0,0.0,-0.0,1.0,0,0.0,-0.0,1.0,0,0.0,-0.0,1.0,0,0.0,-0.0,1.0,0,0.0,-0.0,1.0,0,0.0,-0.0,1.0,0,0.0,-0.0,1.0
2017-09-20,282.0,-0.007042253521126751,False,1.0,-0.007042253521126751,0.9337748344370862,0,0.0,-0.0,1.0,0,0.0,-0.0,1.0,0,0.0,-0.0,1.0,0,0.0,-0.0,1.0,0,0.0,-0.0,1.0,0,0.0,-0.0,1.0,0,0.0,-0.0,1.0
2017-09-21,257.0,-0.08865248226950351,False,1.0,-0.08865248226950351,0.8509933774834438,0,0.0,-0.0,1.0,0,0.0,-0.0,1.0,0,0.0,-0.0,1.0,0,0.0,-0.0,1.0,0,0.0,-0.0,1.0,0,0.0,-0.0,1.0,0,0.0,-0.0,1.0
2017-09-22,264.0,0.027237354085603016,False,1.0,0.027237354085603016,0.8741721854304636,0,0.0,0.0,1.0,0,0.0,0.0,1.0,0,0.0,0.0,1.0,0,0.0,0.0,1.0,0,0.0,0.0,1.0,0,0.0,0.0,1.0,0,0.0,0.0,1.0
2017-09-23,285.93,0.08306818181818176,False,1.0,0.08306818181818176,0.9467880794701986,0,0.0,0.0,1.0,0,0.0,0.0,1.0,0,0.0,0.0,1.0,0,0.0,0.0,1.0,0,0.0,0.0,1.0,0,0.0,0.0,1.0,0,0.0,0.0,1.0
2017-09-24,282.0,-0.013744622809778617,False,1.0,-0.013744622809778617,0.933774834437086,0,0.0,-0.0,1.0,0,0.0,-0.0,1.0,0,0.0,-0.0,1.0,0,0.0,-0.0,1.0,0,0.0,-0.0,1.0,0,0.0,-0.0,1.0,0,0.0,-0.0,1.0
2017-09-25,294.42,0.04404255319148942,False,1.0,0.04404255319148942,0.9749006622516556,0,0.0,0.0,1.0,0,0.0,0.0,1.0,0,0.0,0.0,1.0,0,0.0,0.0,1.0,0,0.0,0.0,1.0,0,0.0,0.0,1.0,0,0.0,0.0,1.0
2017-09-26,287.9,-0.022145234698729865,False,1.0,-0.022145234698729865,0.9533112582781456,0,0.0,-0.0,1.0,0,0.0,-0.0,1.0,0,0.0,-0.0,1.0,0,0.0,-0.0,1.0,0,0.0,-0.0,1.0,0,0.0,-0.0,1.0,0,0.0,-0.0,1.0
2017-09-27,309.74,0.07585967349774236,False,1.0,0.07585967349774236,1.0256291390728476,0,0.0,0.0,1.0,0,0.0,0.0,1.0,0,0.0,0.0,1.0,0,0.0,0.0,1.0,0,0.0,0.0,1.0,0,0.0,0.0,1.0,0,0.0,0.0,1.0
2017-09-28,302.44,-0.02356815393555889,False,1.0,-0.02356815393555889,1.001456953642384,0,0.0,-0.0,1.0,0,0.0,-0.0,1.0,0,0.0,-0.0,1.0,0,0.0,-0.0,1.0,0,0.0,-0.0,1.0,0,0.0,-0.0,1.0,0,0.0,-0.0,1.0
2017-09-29,292.22,-0.03379182647797896,False,1.0,-0.03379182647797896,0.9676158940397352,0,0.0,-0.0,1.0,0,0.0,-0.0,1.0,0,0.0,-0.0,1.0,0,0.0,-0.0,1.0,0,0.0,-0.0,1.0,0,0.0,-0.0,1.0,0,0.0,-0.0,1.0
2017-09-30,304.36,0.04154404216001639,True,1.0,0.04154404216001639,1.007814569536424,0,0.0,0.0,1.0,0,0.0,0.0,1.0,0,0.0,0.0,1.0,0,0.0,0.0,1.0,0,0.0,0.0,1.0,0,0.0,0.0,1.0,0,0.0,0.0,1.0
2017-10-01,303.95,-0.001347088973584043,True,1.0,-0.001347088973584043,1.0064569536423842,0,0.0,-0.0,1.0,0,0.0,-0.0,1.0,0,0.0,-0.0,1.0,0,0.0,-0.0,1.0,0,0.0,-0.0,1.0,0,0.0,-0.0,1.0,0,0.0,-0.0,1.0
2017-10-02,296.5,-0.02451061029774626,True,1.0,-0.02451061029774626,0.9817880794701989,0,0.0,-0.0,1.0,0,0.0,-0.0,1.0,0,0.0,-0.0,1.0,0,0.0,-0.0,1.0,0,0.0,-0.0,1.0,0,0.0,-0.0,1.0,0,0.0,-0.0,1.0
2017-10-03,292.48,-0.013558178752107852,True,1.0,-0.013558178752107852,0.9684768211920532,0,0.0,-0.0,1.0,0,0.0,-0.0,1.0,0,0.0,-0.0,1.0,0,0.0,-0.0,1.0,0,0.0,-0.0,1.0,0,0.0,-0.0,1.0,0,0.0,-0.0,1.0
2017-10-04,291.99,-0.0016753282275711046,True,1.0,-0.0016753282275711046,0.9668543046357618,0,0.0,-0.0,1.0,0,0.0,-0.0,1.0,0,0.0,-0.0,1.0,0,0.0,-0.0,1.0,0,0.0,-0.0,1.0,0,0.0,-0.0,1.0,0,0.0,-0.0,1.0
2017-10-05,294.81,0.009657864995376464,True,1.0,0.009657864995376464,0.9761920529801326,0,0.0,0.0,1.0,0,0.0,0.0,1.0,0,0.0,0.0,1.0,0,0.0,0.0,1.0,0,0.0,0.0,1.0,0,0.0,0.0,1.0,0,0.0,0.0,1.0
2017-10-06,310.8,0.05423832298768705,True,1.0,0.05423832298768705,1.0291390728476824,0,0.0,0.0,1.0,0,0.0,0.0,1.0,0,0.0,0.0,1.0,0,0.0,0.0,1.0,0,0.0,0.0,1.0,0,0.0,0.0,1.0,0,0.0,0.0,1.0
2017-10-07,311.01,0.0006756756756756133,True,1.0,0.0006756756756756133,1.0298344370860928,0,0.0,0.0,1.0,0,0.0,0.0,1.0,0,0.0,0.0,1.0,0,0.0,0.0,1.0,0,0.0,0.0,1.0,0,0.0,0.0,1.0,0,0.0,0.0,1.0
2017-10-08,311.07,0.00019291984180580535,True,1.0,0.00019291984180580535,1.0300331125827815,0,0.0,0.0,1.0,0,0.0,0.0,1.0,0,0.0,0.0,1.0,0,0.0,0.0,1.0,0,0.0,0.0,1.0,0,0.0,0.0,1.0,0,0.0,0.0,1.0
2017-10-09,297.19,-0.04462018195261519,True,1.0,-0.04462018195261519,0.9840728476821192,0,0.0,-0.0,1.0,0,0.0,-0.0,1.0,0,0.0,-0.0,1.0,0,0.0,-0.0,1.0,0,0.0,-0.0,1.0,0,0.0,-0.0,1.0,0,0.0,-0.0,1.0
2017-10-10,298.64,0.004879033614859196,True,1.0,0.004879033614859196,0.9888741721854305,0,0.0,0.0,1.0,0,0.0,0.0,1.0,0,0.0,0.0,1.0,0,0.0,0.0,1.0,0,0.0,0.0,1.0,0,0.0,0.0,1.0,0,0.0,0.0,1.0
2017-10-11,304.01,0.017981516206804216,True,1.0,0.017981516206804216,1.006655629139073,0,0.0,0.0,1.0,0,0.0,0.0,1.0,0,0.0,0.0,1.0,0,0.0,0.0,1.0,0,0.0,0.0,1.0,0,0.0,0.0,1.0,0,0.0,0.0,1.0
2017-10-12,303.99,-6.578730962791823e-05,True,1.0,-6.578730962791823e-05,1.0065894039735102,0,0.0,-0.0,1.0,0,0.0,-0.0,1.0,0,0.0,-0.0,1.0,0,0.0,-0.0,1.0,0,0.0,-0.0,1.0,0,0.0,-0.0,1.0,0,0.0,-0.0,1.0
2017-10-13,337.96,0.11174709694397822,True,1.0,0.11174709694397822,1.1190728476821192,0,0.0,0.0,1.0,0,0.0,0.0,1.0,0,0.0,0.0,1.0,0,0.0,0.0,1.0,0,0.0,0.0,1.0,0,0.0,0.0,1.0,0,0.0,0.0,1.0
2017-10-14,342.0,0.011954077405610164,True,1.0,0.011954077405610164,1.1324503311258278,0,0.0,0.0,1.0,0,0.0,0.0,1.0,0,0.0,0.0,1.0,0,0.0,0.0,1.0,0,0.0,0.0,1.0,0,0.0,0.0,1.0,0,0.0,0.0,1.0
2017-10-15,337.96,-0.011812865497076053,True,1.0,-0.011812865497076053,1.1190728476821192,0,0.0,-0.0,1.0,0,0.0,-0.0,1.0,0,0.0,-0.0,1.0,0,0.0,-0.0,1.0,0,0.0,-0.0,1.0,0,0.0,-0.0,1.0,0,0.0,-0.0,1.0
2017-10-16,335.19,-0.008196236240975208,True,1.0,-0.008196236240975208,1.1099006622516556,0,0.0,-0.0,1.0,0,0.0,-0.0,1.0,0,0.0,-0.0,1.0,0,0.0,-0.0,1.0,0,0.0,-0.0,1.0,0,0.0,-0.0,1.0,0,0.0,-0.0,1.0
2017-10-17,315.19,-0.059667651182911174,True,1.0,-0.059667651182911174,1.0436754966887418,0,0.0,-0.0,1.0,0,0.0,-0.0,1.0,0,0.0,-0.0,1.0,0,0.0,-0.0,1.0,0,0.0,-0.0,1.0,0,0.0,-0.0,1.0,0,0.0,-0.0,1.0
2017-10-18,309.7,-0.017418065293949736,True,1.0,-0.017418065293949736,1.0254966887417218,0,0.0,-0.0,1.0,0,0.0,-0.0,1.0,0,0.0,-0.0,1.0,0,0.0,-0.0,1.0,0,0.0,-0.0,1.0,0,0.0,-0.0,1.0,0,0.0,-0.0,1.0
2017-10-19,308.66,-0.003358088472715459,True,1.0,-0.003358088472715459,1.0220529801324505,0,0.0,-0.0,1.0,0,0.0,-0.0,1.0,0,0.0,-0.0,1.0,0,0.0,-0.0,1.0,0,0.0,-0.0,1.0,0,0.0,-0.0,1.0,0,0.0,-0.0,1.0
2017-10-20,304.51,-0.013445214799455818,True,1.0,-0.013445214799455818,1.0083112582781457,0,0.0,-0.0,1.0,0,0.0,-0.0,1.0,0,0.0,-0.0,1.0,0,0.0,-0.0,1.0,0,0.0,-0.0,1.0,0,0.0,-0.0,1.0,0,0.0,-0.0,1.0
2017-10-21,298.94,-0.018291681718170194,False,1.0,-0.018291681718170194,0.9898675496688741,0,0.0,-0.0,1.0,0,0.0,-0.0,1.0,0,0.0,-0.0,1.0,0,0.0,-0.0,1.0,0,0.0,-0.0,1.0,0,0.0,-0.0,1.0,0,0.0,-0.0,1.0
2017-10-22,293.79,-0.0172275372984545,False,1.0,-0.0172275372984545,0.9728145695364239,0,0.0,-0.0,1.0,0,0.0,-0.0,1.0,0,0.0,-0.0,1.0,0,0.0,-0.0,1.0,0,0.0,-0.0,1.0,0,0.0,-0.0,1.0,0,0.0,-0.0,1.0
2017-10-23,281.09,-0.04322815616596909,False,1.0,-0.04322815616596909,0.9307615894039734,0,0.0,-0.0,1.0,0,0.0,-0.0,1.0,0,0.0,-0.0,1.0,0,0.0,-0.0,1.0,0,0.0,-0.0,1.0,0,0.0,-0.0,1.0,0,0.0,-0.0,1.0
2017-10-24,297.38,0.05795296880002865,True,1.0,0.05795296880002865,0.9847019867549669,0,0.0,0.0,1.0,0,0.0,0.0,1.0,0,0.0,0.0,1.0,0,0.0,0.0,1.0,0,0.0,0.0,1.0,0,0.0,0.0,1.0,0,0.0,0.0,1.0
2017-10-25,294.49,-0.00971820566278836,False,1.0,-0.00971820566278836,0.9751324503311258,0,0.0,-0.0,1.0,0,0.0,-0.0,1.0,0,0.0,-0.0,1.0,0,0.0,-0.0,1.0,0,0.0,-0.0,1.0,0,0.0,-0.0,1.0,0,0.0,-0.0,1.0
2017-10-26,294.71,0.0007470542293455118,False,1.0,0.0007470542293455118,0.9758609271523178,0,0.0,0.0,1.0,0,0.0,0.0,1.0,0,0.0,0.0,1.0,0,0.0,0.0,1.0,0,0.0,0.0,1.0,0,0.0,0.0,1.0,0,0.0,0.0,1.0
2017-10-27,296.33,0.005496929184622079,False,1.0,0.005496929184622079,0.9812251655629137,0,0.0,0.0,1.0,0,0.0,0.0,1.0,0,0.0,0.0,1.0,0,0.0,0.0,1.0,0,0.0,0.0,1.0,0,0.0,0.0,1.0,0,0.0,0.0,1.0
2017-10-28,291.87,-0.015050787972867963,False,1.0,-0.015050787972867963,0.966456953642384,0,0.0,-0.0,1.0,0,0.0,-0.0,1.0,0,0.0,-0.0,1.0,0,0.0,-0.0,1.0,0,0.0,-0.0,1.0,0,0.0,-0.0,1.0,0,0.0,-0.0,1.0
2017-10-29,305.0,0.04498578134100795,True,1.0,0.04498578134100795,1.009933774834437,0,0.0,0.0,1.0,0,0.0,0.0,1.0,0,0.0,0.0,1.0,0,0.0,0.0,1.0,0,0.0,0.0,1.0,0,0.0,0.0,1.0,0,0.0,0.0,1.0
2017-10-30,307.25,0.007377049180327777,True,1.0,0.007377049180327777,1.0173841059602649,0,0.0,0.0,1.0,0,0.0,0.0,1.0,0,0.0,0.0,1.0,0,0.0,0.0,1.0,0,0.0,0.0,1.0,0,0.0,0.0,1.0,0,0.0,0.0,1.0
2017-10-31,304.9,-0.007648494711147369,True,1.0,-0.007648494711147369,1.0096026490066223,0,0.0,-0.0,1.0,0,0.0,-0.0,1.0,0,0.0,-0.0,1.0,0,0.0,-0.0,1.0,0,0.0,-0.0,1.0,0,0.0,-0.0,1.0,0,0.0,-0.0,1.0
2017-11-01,287.01,-0.05867497540177102,False,1.0,-0.05867497540177102,0.9503642384105959,0,0.0,-0.0,1.0,0,0.0,-0.0,1.0,0,0.0,-0.0,1.0,0,0.0,-0.0,1.0,0,0.0,-0.0,1.0,0,0.0,-0.0,1.0,0,0.0,-0.0,1.0
2017-11-02,283.12,-0.013553534720044502,False,1.0,-0.013553534720044502,0.9374834437086093,0,0.0,-0.0,1.0,0,0.0,-0.0,1.0,0,0.0,-0.0,1.0,0,0.0,-0.0,1.0,0,0.0,-0.0,1.0,0,0.0,-0.0,1.0,0,0.0,-0.0,1.0
2017-11-03,304.08,0.07403221248940373,False,1.0,0.07403221248940373,1.006887417218543,0,0.0,0.0,1.0,0,0.0,0.0,1.0,0,0.0,0.0,1.0,0,0.0,0.0,1.0,0,0.0,0.0,1.0,0,0.0,0.0,1.0,0,0.0,0.0,1.0
2017-11-04,298.04,-0.019863193896342946,False,1.0,-0.019863193896342946,0.986887417218543,0,0.0,-0.0,1.0,0,0.0,-0.0,1.0,0,0.0,-0.0,1.0,0,0.0,-0.0,1.0,0,0.0,-0.0,1.0,0,0.0,-0.0,1.0,0,0.0,-0.0,1.0
2017-11-05,295.53,-0.008421688363978164,False,1.0,-0.008421688363978164,0.9785761589403972,0,0.0,-0.0,1.0,0,0.0,-0.0,1.0,0,0.0,-0.0,1.0,0,0.0,-0.0,1.0,0,0.0,-0.0,1.0,0,0.0,-0.0,1.0,0,0.0,-0.0,1.0
2017-11-06,297.97,0.00825635299292804,False,1.0,0.00825635299292804,0.9866556291390728,0,0.0,0.0,1.0,0,0.0,0.0,1.0,0,0.0,0.0,1.0,0,0.0,0.0,1.0,0,0.0,0.0,1.0,0,0.0,0.0,1.0,0,0.0,0.0,1.0
2017-11-07,291.78,-0.020773903413095485,False,1.0,-0.020773903413095485,0.9661589403973507,0,0.0,-0.0,1.0,0,0.0,-0.0,1.0,0,0.0,-0.0,1.0,0,0.0,-0.0,1.0,0,0.0,-0.0,1.0,0,0.0,-0.0,1.0,0,0.0,-0.0,1.0
2017-11-08,303.02,0.03852217424086635,False,1.0,0.03852217424086635,1.0033774834437084,0,0.0,0.0,1.0,0,0.0,0.0,1.0,0,0.0,0.0,1.0,0,0.0,0.0,1.0,0,0.0,0.0,1.0,0,0.0,0.0,1.0,0,0.0,0.0,1.0
2017-11-09,317.87,0.04900666622665173,True,1.0,0.04900666622665173,1.052549668874172,0,0.0,0.0,1.0,0,0.0,0.0,1.0,0,0.0,0.0,1.0,0,0.0,0.0,1.0,0,0.0,0.0,1.0,0,0.0,0.0,1.0,0,0.0,0.0,1.0
2017-11-10,293.5,-0.07666656180199449,False,1.0,-0.07666656180199449,0.9718543046357615,0,0.0,-0.0,1.0,0,0.0,-0.0,1.0,0,0.0,-0.0,1.0,0,0.0,-0.0,1.0,0,0.0,-0.0,1.0,0,0.0,-0.0,1.0,0,0.0,-0.0,1.0
2017-11-11,310.02,0.05628620102214654,True,1.0,0.05628620102214654,1.0265562913907285,0,0.0,0.0,1.0,0,0.0,0.0,1.0,0,0.0,0.0,1.0,0,0.0,0.0,1.0,0,0.0,0.0,1.0,0,0.0,0.0,1.0,0,0.0,0.0,1.0
2017-11-12,305.24,-0.015418360105799556,True,1.0,-0.015418360105799556,1.0107284768211922,0,0.0,-0.0,1.0,0,0.0,-0.0,1.0,0,0.0,-0.0,1.0,0,0.0,-0.0,1.0,0,0.0,-0.0,1.0,0,0.0,-0.0,1.0,0,0.0,-0.0,1.0
2017-11-13,312.99,0.025389857161577822,True,1.0,0.025389857161577822,1.0363907284768215,0,0.0,0.0,1.0,0,0.0,0.0,1.0,0,0.0,0.0,1.0,0,0.0,0.0,1.0,0,0.0,0.0,1.0,0,0.0,0.0,1.0,0,0.0,0.0,1.0
2017-11-14,335.61,0.07227067957442723,True,1.0,0.07227067957442723,1.111291390728477,0,0.0,0.0,1.0,0,0.0,0.0,1.0,0,0.0,0.0,1.0,0,0.0,0.0,1.0,0,0.0,0.0,1.0,0,0.0,0.0,1.0,0,0.0,0.0,1.0
2017-11-15,331.33,-0.012752897708649957,True,1.0,-0.012752897708649957,1.0971192052980132,0,0.0,-0.0,1.0,0,0.0,-0.0,1.0,0,0.0,-0.0,1.0,0,0.0,-0.0,1.0,0,0.0,-0.0,1.0,0,0.0,-0.0,1.0,0,0.0,-0.0,1.0
2017-11-16,331.49,0.00048290224247726776,True,1.0,0.00048290224247726776,1.0976490066225164,0,0.0,0.0,1.0,0,0.0,0.0,1.0,0,0.0,0.0,1.0,0,0.0,0.0,1.0,0,0.0,0.0,1.0,0,0.0,0.0,1.0,0,0.0,0.0,1.0
2017-11-17,331.23,-0.000784337385743128,True,1.0,-0.000784337385743128,1.0967880794701985,0,0.0,-0.0,1.0,0,0.0,-0.0,1.0,0,0.0,-0.0,1.0,0,0.0,-0.0,1.0,0,0.0,-0.0,1.0,0,0.0,-0.0,1.0,0,0.0,-0.0,1.0
2017-11-18,346.66,0.046583944691000134,True,1.0,0.046583944691000134,1.1478807947019865,0,0.0,0.0,1.0,0,0.0,0.0,1.0,0,0.0,0.0,1.0,0,0.0,0.0,1.0,0,0.0,0.0,1.0,0,0.0,0.0,1.0,0,0.0,0.0,1.0
2017-11-19,354.15,0.021606184734321632,True,1.0,0.021606184734321632,1.1726821192052974,0,0.0,0.0,1.0,0,0.0,0.0,1.0,0,0.0,0.0,1.0,0,0.0,0.0,1.0,0,0.0,0.0,1.0,0,0.0,0.0,1.0,0,0.0,0.0,1.0
2017-11-20,367.42,0.03746999858816902,True,1.0,0.03746999858816902,1.216622516556291,0,0.0,0.0,1.0,0,0.0,0.0,1.0,0,0.0,0.0,1.0,0,0.0,0.0,1.0,0,0.0,0.0,1.0,0,0.0,0.0,1.0,0,0.0,0.0,1.0
2017-11-21,362.12,-0.01442490882368952,True,1.0,-0.01442490882368952,1.1990728476821189,0,0.0,-0.0,1.0,0,0.0,-0.0,1.0,0,0.0,-0.0,1.0,0,0.0,-0.0,1.0,0,0.0,-0.0,1.0,0,0.0,-0.0,1.0,0,0.0,-0.0,1.0
2017-11-22,380.65,0.051170882580360066,True,1.0,0.051170882580360066,1.2604304635761585,0,0.0,0.0,1.0,0,0.0,0.0,1.0,0,0.0,0.0,1.0,0,0.0,0.0,1.0,0,0.0,0.0,1.0,0,0.0,0.0,1.0,0,0.0,0.0,1.0
2017-11-23,405.0,0.0639695258111126,True,1.0,0.0639695258111126,1.3410596026490063,0,0.0,0.0,1.0,0,0.0,0.0,1.0,0,0.0,0.0,1.0,0,0.0,0.0,1.0,0,0.0,0.0,1.0,0,0.0,0.0,1.0,0,0.0,0.0,1.0
2017-11-24,469.0,0.15802469135802477,True,1.0,0.15802469135802477,1.5529801324503307,0,0.0,0.0,1.0,1,0.0,0.0,1.0,0,0.0,0.0,1.0,0,0.0,0.0,1.0,0,0.0,0.0,1.0,0,0.0,0.0,1.0,0,0.0,0.0,1.0
2017-11-25,461.82,-0.015309168443496834,True,1.0,-0.015309168443496834,1.5292052980132447,0,0.0,-0.0,1.0,0,1.0,-0.016309168443496835,0.9836908315565032,0,0.0,-0.0,1.0,0,0.0,-0.0,1.0,0,0.0,-0.0,1.0,0,0.0,-0.0,1.0,0,0.0,-0.0,1.0
2017-11-26,462.84,0.0022086527218396768,True,1.0,0.0022086527218396768,1.5325827814569533,0,0.0,0.0,1.0,0,1.0,0.0022086527218396768,0.9858634629890691,0,0.0,0.0,1.0,0,0.0,0.0,1.0,0,0.0,0.0,1.0,0,0.0,0.0,1.0,0,0.0,0.0,1.0
2017-11-27,472.31,0.020460634344481976,True,1.0,0.020460634344481976,1.563940397350993,0,0.0,0.0,1.0,0,1.0,0.020460634344481976,1.0060348548188731,0,0.0,0.0,1.0,0,0.0,0.0,1.0,0,0.0,0.0,1.0,0,0.0,0.0,1.0,0,0.0,0.0,1.0
2017-11-28,466.17,-0.012999936482395058,True,1.0,-0.012999936482395058,1.5436092715231786,0,0.0,-0.0,1.0,0,1.0,-0.012999936482395058,0.9929564656071522,0,0.0,-0.0,1.0,0,0.0,-0.0,1.0,0,0.0,-0.0,1.0,0,0.0,-0.0,1.0,0,0.0,-0.0,1.0
2017-11-29,421.7,-0.09539438402299594,True,1.0,-0.09539438402299594,1.3963576158940396,0,0.0,-0.0,1.0,0,1.0,-0.09539438402299594,0.8982339952089068,0,0.0,-0.0,1.0,0,0.0,-0.0,1.0,0,0.0,-0.0,1.0,0,0.0,-0.0,1.0,0,0.0,-0.0,1.0
2017-11-30,427.43,0.013587858667299058,True,1.0,0.013587858667299058,1.4153311258278145,0,0.0,0.0,1.0,0,1.0,0.013587858667299058,0.9104390717859688,0,0.0,0.0,1.0,0,0.0,0.0,1.0,0,0.0,0.0,1.0,0,0.0,0.0,1.0,0,0.0,0.0,1.0
2017-12-01,457.51,0.07037409634326086,True,1.0,0.07037409634326086,1.514933774834437,0,0.0,0.0,1.0,0,1.0,0.07037409634326086,0.9745103987385036,0,0.0,0.0,1.0,0,0.0,0.0,1.0,0,0.0,0.0,1.0,0,0.0,0.0,1.0,0,0.0,0.0,1.0
2017-12-02,457.63,0.0002622893488666289,True,1.0,0.0002622893488666289,1.5153311258278144,0,0.0,0.0,1.0,0,1.0,0.0002622893488666289,0.9747660024364525,0,0.0,0.0,1.0,0,0.0,0.0,1.0,0,0.0,0.0,1.0,0,0.0,0.0,1.0,0,0.0,0.0,1.0
2017-12-03,460.3,0.0058344077092848945,True,1.0,0.0058344077092848945,1.5241721854304635,0,0.0,0.0,1.0,0,1.0,0.0058344077092848945,0.9804531847158166,0,0.0,0.0,1.0,0,0.0,0.0,1.0,0,0.0,0.0,1.0,0,0.0,0.0,1.0,0,0.0,0.0,1.0
2017-12-04,466.67,0.013838800782098648,True,1.0,0.013838800782098648,1.5452649006622516,0,0.0,0.0,1.0,0,1.0,0.013838800782098648,0.9940214810152729,0,0.0,0.0,1.0,0,0.0,0.0,1.0,0,0.0,0.0,1.0,0,0.0,0.0,1.0,0,0.0,0.0,1.0
2017-12-05,452.26,-0.030878350868922433,True,1.0,-0.030878350868922433,1.497549668874172,0,0.0,-0.0,1.0,0,1.0,-0.030878350868922433,0.9633277369532374,0,0.0,-0.0,1.0,0,0.0,-0.0,1.0,0,0.0,-0.0,1.0,0,0.0,-0.0,1.0,0,0.0,-0.0,1.0
2017-12-06,411.01,-0.09120859682483529,True,1.0,-0.09120859682483529,1.360960264900662,0,0.0,-0.0,1.0,0,1.0,-0.09120859682483529,0.8754639657832886,0,0.0,-0.0,1.0,0,0.0,-0.0,1.0,0,0.0,-0.0,1.0,0,0.0,-0.0,1.0,0,0.0,-0.0,1.0
2017-12-07,406.33,-0.011386584268022748,True,1.0,-0.011386584268022748,1.34546357615894,0,0.0,-0.0,1.0,0,1.0,-0.011386584268022748,0.8654954215632797,0,0.0,-0.0,1.0,0,0.0,-0.0,1.0,0,0.0,-0.0,1.0,0,0.0,-0.0,1.0,0,0.0,-0.0,1.0
2017-12-08,442.56,0.08916398001624293,True,1.0,0.08916398001624293,1.4654304635761584,0,0.0,0.0,1.0,0,1.0,0.08916398001624293,0.9426664380356977,0,0.0,0.0,1.0,0,0.0,0.0,1.0,0,0.0,0.0,1.0,0,0.0,0.0,1.0,0,0.0,0.0,1.0
2017-12-09,460.0,0.03940708604483012,True,1.0,0.03940708604483012,1.5231788079470194,0,0.0,0.0,1.0,0,1.0,0.03940708604483012,0.979814175470944,0,0.0,0.0,1.0,0,0.0,0.0,1.0,0,0.0,0.0,1.0,0,0.0,0.0,1.0,0,0.0,0.0,1.0
2017-12-10,427.35,-0.07097826086956516,True,1.0,-0.07097826086956516,1.4150662251655626,0,0.0,-0.0,1.0,0,1.0,-0.07097826086956516,0.9102686693206694,0,0.0,-0.0,1.0,0,0.0,-0.0,1.0,0,0.0,-0.0,1.0,0,0.0,-0.0,1.0,0,0.0,-0.0,1.0
2017-12-11,508.7,0.19035919035919036,True,1.0,0.19035919035919036,1.684437086092715,0,0.0,0.0,1.0,1,1.0,0.19035919035919036,1.0835466762218897,0,0.0,0.0,1.0,0,0.0,0.0,1.0,0,0.0,0.0,1.0,0,0.0,0.0,1.0,0,0.0,0.0,1.0
2017-12-12,620.0,0.21879300176921568,True,1.0,0.21879300176921568,2.052980132450331,0,0.0,0.0,1.0,1,1.0,0.21879300176921568,1.3206191060695334,0,0.0,0.0,1.0,0,0.0,0.0,1.0,0,0.0,0.0,1.0,0,0.0,0.0,1.0,0,0.0,0.0,1.0
2017-12-13,683.99,0.10320967741935494,True,1.0,0.10320967741935494,2.264867549668874,0,0.0,0.0,1.0,1,1.0,0.10320967741935494,1.4569197780008067,0,0.0,0.0,1.0,0,0.0,0.0,1.0,0,0.0,0.0,1.0,0,0.0,0.0,1.0,0,0.0,0.0,1.0
2017-12-14,679.76,-0.006184300940072274,True,1.0,-0.006184300940072274,2.250860927152318,0,0.0,-0.0,1.0,1,1.0,-0.006184300940072274,1.4479097476481064,0,0.0,-0.0,1.0,0,0.0,-0.0,1.0,0,0.0,-0.0,1.0,0,0.0,-0.0,1.0,0,0.0,-0.0,1.0
2017-12-15,674.95,-0.007076026832999793,True,1.0,-0.007076026832999793,2.2349337748344373,0,0.0,-0.0,1.0,1,1.0,-0.007076026832999793,1.4376642994219864,0,0.0,-0.0,1.0,0,0.0,-0.0,1.0,0,0.0,-0.0,1.0,0,0.0,-0.0,1.0,0,0.0,-0.0,1.0
2017-12-16,682.81,0.01164530705978195,True,1.0,0.01164530705978195,2.260960264900662,0,0.0,0.0,1.0,1,1.0,0.01164530705978195,1.4544063416376416,0,0.0,0.0,1.0,0,0.0,0.0,1.0,0,0.0,0.0,1.0,0,0.0,0.0,1.0,0,0.0,0.0,1.0
2017-12-17,707.64,0.03636443520159349,True,1.0,0.03636443520159349,2.34317880794702,0,0.0,0.0,1.0,1,1.0,0.03636443520159349,1.5072950068049102,0,0.0,0.0,1.0,0,0.0,0.0,1.0,0,0.0,0.0,1.0,0,0.0,0.0,1.0,0,0.0,0.0,1.0
2017-12-18,784.0,0.10790797580690747,True,1.0,0.10790797580690747,2.596026490066225,1,0.0,0.0,1.0,1,1.0,0.10790797580690747,1.6699441599330869,0,0.0,0.0,1.0,0,0.0,0.0,1.0,0,0.0,0.0,1.0,0,0.0,0.0,1.0,1,0.0,0.0,1.0
2017-12-19,798.0,0.017857142857142794,True,1.0,0.017857142857142794,2.642384105960265,1,1.0,0.016857142857142793,1.016857142857143,1,1.0,0.017857142857142794,1.6997645913604633,0,0.0,0.0,1.0,0,0.0,0.0,1.0,0,0.0,0.0,1.0,0,0.0,0.0,1.0,1,1.0,0.016857142857142793,1.016857142857143
2017-12-20,790.21,-0.00976190476190475,True,1.0,-0.00976190476190475,2.61658940397351,1,1.0,-0.00976190476190475,1.006930680272109,1,1.0,-0.00976190476190475,1.6831716513019446,0,0.0,-0.0,1.0,0,0.0,-0.0,1.0,0,0.0,-0.0,1.0,0,0.0,-0.0,1.0,1,1.0,-0.00976190476190475,1.006930680272109
2017-12-21,782.41,-0.009870793839612313,True,1.0,-0.009870793839612313,2.5907615894039733,1,1.0,-0.009870793839612313,0.9969914751163624,1,1.0,-0.009870793839612313,1.6665574109352632,0,0.0,-0.0,1.0,0,0.0,-0.0,1.0,0,0.0,-0.0,1.0,0,0.0,-0.0,1.0,1,1.0,-0.009870793839612313,0.9969914751163624
2017-12-22,635.97,-0.1871652969670632,True,1.0,-0.1871652969670632,2.105860927152318,1,1.0,-0.1871652969670632,0.8103892696025781,1,1.0,-0.1871652969670632,1.3546356982049048,0,0.0,-0.0,1.0,0,0.0,-0.0,1.0,0,0.0,-0.0,1.0,0,0.0,-0.0,1.0,1,1.0,-0.1871652969670632,0.8103892696025781
2017-12-23,640.34,0.006871393304715534,True,1.0,0.006871393304715534,2.1203311258278146,1,1.0,0.006871393304715534,0.8159577730039386,0,1.0,0.006871393304715534,1.3639439328718785,0,0.0,0.0,1.0,0,0.0,0.0,1.0,0,0.0,0.0,1.0,0,0.0,0.0,1.0,0,1.0,0.006871393304715534,0.8159577730039386
2017-12-24,658.0,0.027579098603866647,True,1.0,0.027579098603866647,2.1788079470198674,1,1.0,0.027579098603866647,0.8384611528822057,0,1.0,0.027579098603866647,1.4015602770866977,0,0.0,0.0,1.0,0,0.0,0.0,1.0,0,0.0,0.0,1.0,0,0.0,0.0,1.0,0,1.0,0.027579098603866647,0.8384611528822057
2017-12-25,714.95,0.08655015197568394,True,1.0,0.08655015197568394,2.367384105960265,1,1.0,0.08655015197568394,0.9110300930898677,0,1.0,0.08655015197568394,1.522865532071633,0,0.0,0.0,1.0,0,0.0,0.0,1.0,0,0.0,0.0,1.0,0,0.0,0.0,1.0,0,1.0,0.08655015197568394,0.9110300930898677
2017-12-26,750.0,0.04902440730120983,True,1.0,0.04902440730120983,2.4834437086092715,1,1.0,0.04902440730120983,0.9556928034371645,0,1.0,0.04902440730120983,1.5975231121808864,0,0.0,0.0,1.0,0,0.0,0.0,1.0,0,0.0,0.0,1.0,0,0.0,0.0,1.0,0,1.0,0.04902440730120983,0.9556928034371645
2017-12-27,739.89,-0.013480000000000047,True,1.0,-0.013480000000000047,2.4499668874172182,1,1.0,-0.013480000000000047,0.9428100644468315,0,1.0,-0.013480000000000047,1.575988500628688,0,0.0,-0.0,1.0,0,0.0,-0.0,1.0,0,0.0,-0.0,1.0,0,0.0,-0.0,1.0,0,1.0,-0.013480000000000047,0.9428100644468315
2017-12-28,707.89,-0.04324967224857745,True,1.0,-0.04324967224857745,2.344006622516556,1,1.0,-0.04324967224857745,0.9020338381668458,0,1.0,-0.04324967224857745,1.5078275145089703,0,0.0,-0.0,1.0,0,0.0,-0.0,1.0,0,0.0,-0.0,1.0,0,0.0,-0.0,1.0,0,1.0,-0.04324967224857745,0.9020338381668458
2017-12-29,733.99,0.036870135190495645,True,1.0,0.036870135190495645,2.430430463576158,1,1.0,0.036870135190495645,0.9352919477264591,0,1.0,0.036870135190495645,1.5634213188128652,0,0.0,0.0,1.0,0,0.0,0.0,1.0,0,0.0,0.0,1.0,0,0.0,0.0,1.0,0,1.0,0.036870135190495645,0.9352919477264591
2017-12-30,681.06,-0.07211269908309381,True,1.0,-0.07211269908309381,2.2551655629139065,1,1.0,-0.07211269908309381,0.8678455209452203,0,1.0,-0.07211269908309381,1.4506787877092193,0,0.0,-0.0,1.0,0,0.0,-0.0,1.0,0,0.0,-0.0,1.0,0,0.0,-0.0,1.0,0,1.0,-0.07211269908309381,0.8678455209452203
2017-12-31,733.98,0.07770240507444282,True,1.0,0.07770240507444282,2.4303973509933767,1,1.0,0.07770240507444282,0.9352792051557466,0,1.0,0.07770240507444282,1.5634000185047028,0,0.0,0.0,1.0,0,0.0,0.0,1.0,0,0.0,0.0,1.0,0,0.0,0.0,1.0,0,1.0,0.07770240507444282,0.9352792051557466
2018-01-01,754.99,0.028624758167797415,True,1.0,0.028624758167797415,2.4999668874172176,1,1.0,0.028624758167797415,0.9620513462226996,0,1.0,0.028624758167797415,1.6081519659539298,0,0.0,0.0,1.0,0,0.0,0.0,1.0,0,0.0,0.0,1.0,0,0.0,0.0,1.0,0,1.0,0.028624758167797415,0.9620513462226996
2018-01-02,855.28,0.13283619650591394,True,1.0,0.13283619650591394,2.832052980132449,1,1.0,0.13283619650591394,1.0898465878983172,0,1.0,0.13283619650591394,1.821772756514758,0,0.0,0.0,1.0,0,0.0,0.0,1.0,0,0.0,0.0,1.0,0,0.0,0.0,1.0,0,1.0,0.13283619650591394,1.0898465878983172
2018-01-03,934.03,0.09207510990552792,True,1.0,0.09207510990552792,3.092814569536422,1,1.0,0.09207510990552792,1.1901943322592194,1,1.0,0.09207510990552792,1.9895126832937509,0,0.0,0.0,1.0,0,0.0,0.0,1.0,0,0.0,0.0,1.0,0,0.0,0.0,1.0,1,1.0,0.09207510990552792,1.1901943322592194
2018-01-04,940.0,0.006391657655535621,True,1.0,0.006391657655535621,3.1125827814569518,1,1.0,0.006391657655535621,1.1978016469745791,0,1.0,0.006391657655535621,2.0022289672667104,0,0.0,0.0,1.0,0,0.0,0.0,1.0,0,0.0,0.0,1.0,0,0.0,0.0,1.0,0,1.0,0.006391657655535621,1.1978016469745791
2018-01-05,959.3,0.020531914893616943,True,1.0,0.020531914893616943,3.1764900662251634,1,1.0,0.020531914893616943,1.2223948084496954,0,1.0,0.020531914893616943,2.043338562020165,0,0.0,0.0,1.0,0,0.0,0.0,1.0,0,0.0,0.0,1.0,0,0.0,0.0,1.0,0,1.0,0.020531914893616943,1.2223948084496954
2018-01-06,1004.11,0.04671114354216632,True,1.0,0.04671114354216632,3.3248675496688724,1,1.0,0.04671114354216632,1.279494267812388,0,1.0,0.04671114354216632,2.1387852428959326,0,0.0,0.0,1.0,0,0.0,0.0,1.0,0,0.0,0.0,1.0,0,0.0,0.0,1.0,0,1.0,0.04671114354216632,1.279494267812388
2018-01-07,1123.09,0.11849299379550038,True,1.0,0.11849299379550038,3.7188410596026467,1,1.0,0.11849299379550038,1.4311053741496595,1,1.0,0.11849299379550038,2.392216309412308,0,0.0,0.0,1.0,0,0.0,0.0,1.0,0,0.0,0.0,1.0,0,0.0,0.0,1.0,1,1.0,0.11849299379550038,1.4311053741496595
2018-01-08,1133.18,0.008984141965470371,True,1.0,0.008984141965470371,3.752251655629137,1,1.0,0.008984141965470371,1.4439626279985678,1,1.0,0.008984141965470371,2.413708320348182,0,0.0,0.0,1.0,0,0.0,0.0,1.0,0,0.0,0.0,1.0,0,0.0,0.0,1.0,1,1.0,0.008984141965470371,1.4439626279985678
2018-01-09,1291.0,0.13927178382957695,True,1.0,0.13927178382957695,4.27483443708609,1,1.0,0.13927178382957695,1.6450658789831722,1,1.0,0.13927178382957695,2.749869783767365,0,0.0,0.0,1.0,0,0.0,0.0,1.0,0,0.0,0.0,1.0,0,0.0,0.0,1.0,1,1.0,0.13927178382957695,1.6450658789831722
2018-01-10,1247.0,-0.03408210689388069,True,1.0,-0.03408210689388069,4.12913907284768,1,1.0,-0.03408210689388069,1.588998567848192,1,1.0,-0.03408210689388069,2.656148427852753,0,0.0,-0.0,1.0,0,0.0,-0.0,1.0,0,0.0,-0.0,1.0,0,0.0,-0.0,1.0,1,1.0,-0.03408210689388069,1.588998567848192
2018-01-11,1138.93,-0.08666399358460297,True,1.0,-0.08666399358460297,3.7712913907284755,1,1.0,-0.08666399358460297,1.451289606158253,0,1.0,-0.08666399358460297,2.425955997541569,0,0.0,-0.0,1.0,0,0.0,-0.0,1.0,0,0.0,-0.0,1.0,0,0.0,-0.0,1.0,0,1.0,-0.08666399358460297,1.451289606158253
2018-01-12,1253.87,0.1009192838892643,True,1.0,0.1009192838892643,4.151887417218541,1,1.0,0.1009192838892643,1.5977527139276764,1,1.0,0.1009192838892643,2.67078173956033,0,0.0,0.0,1.0,0,0.0,0.0,1.0,0,0.0,0.0,1.0,0,0.0,0.0,1.0,1,1.0,0.1009192838892643,1.5977527139276764
2018-01-13,1388.02,0.10698876279040093,True,1.0,0.10698876279040093,4.596092715231785,1,1.0,0.10698876279040093,1.7686943000358037,1,1.0,0.10698876279040093,2.9565253735590846,0,0.0,0.0,1.0,0,0.0,0.0,1.0,0,0.0,0.0,1.0,0,0.0,0.0,1.0,1,1.0,0.10698876279040093,1.7686943000358037
2018-01-14,1347.0,-0.02955288828691227,True,1.0,-0.02955288828691227,4.460264900662249,1,1.0,-0.02955288828691227,1.716424274973147,1,1.0,-0.02955288828691227,2.8691515094768714,0,0.0,-0.0,1.0,0,0.0,-0.0,1.0,0,0.0,-0.0,1.0,0,0.0,-0.0,1.0,1,1.0,-0.02955288828691227,1.716424274973147
2018-01-15,1271.0,-0.05642167780252416,True,1.0,-0.05642167780252416,4.208609271523176,1,1.0,-0.05642167780252416,1.619580737558181,0,1.0,-0.05642167780252416,2.7072691674425413,0,0.0,-0.0,1.0,0,0.0,-0.0,1.0,0,0.0,-0.0,1.0,0,0.0,-0.0,1.0,0,1.0,-0.05642167780252416,1.619580737558181
2018-01-16,1000.0,-0.21321793863099925,True,1.0,-0.21321793863099925,3.311258278145693,1,1.0,-0.21321793863099925,1.2742570712495522,1,1.0,-0.21321793863099925,2.130030816241181,0,0.0,-0.0,1.0,0,0.0,-0.0,1.0,0,0.0,-0.0,1.0,0,0.0,-0.0,1.0,1,1.0,-0.21321793863099925,1.2742570712495522
2018-01-17,1000.0,0.0,True,1.0,0.0,3.311258278145693,1,1.0,0.0,1.2742570712495522,1,1.0,0.0,2.130030816241181,0,0.0,0.0,1.0,0,0.0,0.0,1.0,0,0.0,0.0,1.0,0,0.0,0.0,1.0,1,1.0,0.0,1.2742570712495522
2018-01-18,994.0,-0.006000000000000005,True,1.0,-0.006000000000000005,3.291390728476819,1,1.0,-0.006000000000000005,1.266611528822055,0,1.0,-0.006000000000000005,2.117250631343734,0,0.0,-0.0,1.0,0,0.0,-0.0,1.0,0,0.0,-0.0,1.0,0,0.0,-0.0,1.0,0,1.0,-0.006000000000000005,1.266611528822055
2018-01-19,1032.5,0.03873239436619724,True,1.0,0.03873239436619724,3.4188741721854283,1,1.0,0.03873239436619724,1.3156704260651628,0,1.0,0.03873239436619724,2.1992568177690197,0,0.0,0.0,1.0,0,0.0,0.0,1.0,0,0.0,0.0,1.0,0,0.0,0.0,1.0,0,1.0,0.03873239436619724,1.3156704260651628
2018-01-20,1152.75,0.11646489104116231,True,1.0,0.11646489104116231,3.8170529801324484,1,1.0,0.11646489104116231,1.4688998388829215,0,1.0,0.11646489104116231,2.455393023422022,0,0.0,0.0,1.0,0,0.0,0.0,1.0,0,0.0,0.0,1.0,0,0.0,0.0,1.0,0,1.0,0.11646489104116231,1.4688998388829215
2018-01-21,1049.0,-0.09000216872695732,True,1.0,-0.09000216872695732,3.4735099337748325,1,1.0,-0.09000216872695732,1.3366956677407804,0,1.0,-0.09000216872695732,2.2344023262369994,0,0.0,-0.0,1.0,0,0.0,-0.0,1.0,0,0.0,-0.0,1.0,0,0.0,-0.0,1.0,0,1.0,-0.09000216872695732,1.3366956677407804
2018-01-22,993.0,-0.05338417540514773,True,1.0,-0.05338417540514773,3.288079470198674,1,1.0,-0.05338417540514773,1.2653372717508056,0,1.0,-0.05338417540514773,2.115120600527493,0,0.0,-0.0,1.0,0,0.0,-0.0,1.0,0,0.0,-0.0,1.0,0,0.0,-0.0,1.0,0,1.0,-0.05338417540514773,1.2653372717508056
2018-01-23,980.0,-0.01309164149043307,True,1.0,-0.01309164149043307,3.24503311258278,1,1.0,-0.01309164149043307,1.2487719298245614,0,1.0,-0.01309164149043307,2.0874301999163576,0,0.0,-0.0,1.0,0,0.0,-0.0,1.0,0,0.0,-0.0,1.0,0,0.0,-0.0,1.0,0,1.0,-0.01309164149043307,1.2487719298245614
2018-01-24,1061.0,0.08265306122448979,True,1.0,0.08265306122448979,3.513245033112581,1,1.0,0.08265306122448979,1.3519867525957752,0,1.0,0.08265306122448979,2.2599626960318933,0,0.0,0.0,1.0,0,0.0,0.0,1.0,0,0.0,0.0,1.0,0,0.0,0.0,1.0,0,1.0,0.08265306122448979,1.3519867525957752
2018-01-25,1056.52,-0.004222431668237547,True,1.0,-0.004222431668237547,3.4984105960264884,1,1.0,-0.004222431668237547,1.346278080916577,0,1.0,-0.004222431668237547,2.2504201579751326,0,0.0,-0.0,1.0,0,0.0,-0.0,1.0,0,0.0,-0.0,1.0,0,0.0,-0.0,1.0,0,1.0,-0.004222431668237547,1.346278080916577
2018-01-26,1051.03,-0.0051963048498845366,True,1.0,-0.0051963048498845366,3.4802317880794686,1,1.0,-0.0051963048498845366,1.339282409595417,0,1.0,-0.0051963048498845366,2.2387262887939685,0,0.0,-0.0,1.0,0,0.0,-0.0,1.0,0,0.0,-0.0,1.0,0,0.0,-0.0,1.0,0,1.0,-0.0051963048498845366,1.339282409595417
2018-01-27,1118.99,0.06466038076934066,False,1.0,0.06466038076934066,3.7052649006622502,0,1.0,0.06466038076934066,1.4258809201575366,0,1.0,0.06466038076934066,2.3834831830657195,0,0.0,0.0,1.0,0,0.0,0.0,1.0,0,0.0,0.0,1.0,0,0.0,0.0,1.0,0,1.0,0.06466038076934066,1.4258809201575366
2018-01-28,1251.96,0.11883037381924777,True,1.0,0.11883037381924777,4.145562913907283,1,1.0,0.11883037381924777,1.5953188829215896,0,1.0,0.11883037381924777,2.6667133807013097,0,0.0,0.0,1.0,0,0.0,0.0,1.0,0,0.0,0.0,1.0,0,0.0,0.0,1.0,0,1.0,0.11883037381924777,1.5953188829215896
2018-01-29,1177.01,-0.05986612990830387,False,1.0,-0.05986612990830387,3.897384105960263,0,1.0,-0.05986612990830387,1.4998133154314355,0,1.0,-0.05986612990830387,2.507067571024033,0,0.0,-0.0,1.0,0,0.0,-0.0,1.0,0,0.0,-0.0,1.0,0,0.0,-0.0,1.0,0,1.0,-0.05986612990830387,1.4998133154314355
2018-01-30,1085.5,-0.0777478526095785,False,1.0,-0.0777478526095785,3.5943708609271505,0,1.0,-0.0777478526095785,1.383206050841389,0,1.0,-0.0777478526095785,2.3121484510298025,0,0.0,-0.0,1.0,0,0.0,-0.0,1.0,0,0.0,-0.0,1.0,0,0.0,-0.0,1.0,0,1.0,-0.0777478526095785,1.383206050841389
2018-01-31,1124.81,0.03621372639336706,False,1.0,0.03621372639336706,3.7245364238410574,0,1.0,0.03621372639336706,1.433297096312209,0,1.0,0.03621372639336706,2.395879962416243,0,0.0,0.0,1.0,0,0.0,0.0,1.0,0,0.0,0.0,1.0,0,0.0,0.0,1.0,0,1.0,0.03621372639336706,1.433297096312209
2018-02-01,1041.94,-0.07367466505454245,False,1.0,-0.07367466505454245,3.4501324503311244,0,1.0,-0.07367466505454245,1.3276994128177586,0,1.0,-0.07367466505454245,2.2193643086743364,0,0.0,-0.0,1.0,0,0.0,-0.0,1.0,0,0.0,-0.0,1.0,0,0.0,-0.0,1.0,0,1.0,-0.07367466505454245,1.3276994128177586
2018-02-02,922.3,-0.11482427011152285,False,1.0,-0.11482427011152285,3.053973509933773,0,1.0,-0.11482427011152285,1.175247296813462,0,1.0,-0.11482427011152285,1.9645274218192412,0,0.0,-0.0,1.0,0,0.0,-0.0,1.0,0,0.0,-0.0,1.0,0,0.0,-0.0,1.0,0,1.0,-0.11482427011152285,1.175247296813462
2018-02-03,971.0,0.05280277566952196,False,1.0,0.05280277566952196,3.2152317880794685,0,1.0,0.05280277566952196,1.2373036161833153,0,1.0,0.05280277566952196,2.0682599225701868,0,0.0,0.0,1.0,0,0.0,0.0,1.0,0,0.0,0.0,1.0,0,0.0,0.0,1.0,0,1.0,0.05280277566952196,1.2373036161833153
2018-02-04,823.56,-0.1518434603501545,False,1.0,-0.1518434603501545,2.7270198675496675,0,1.0,-0.1518434603501545,1.0494271535982813,0,1.0,-0.1518434603501545,1.754208179023587,0,0.0,-0.0,1.0,0,0.0,-0.0,1.0,0,0.0,-0.0,1.0,0,0.0,-0.0,1.0,0,1.0,-0.1518434603501545,1.0494271535982813
2018-02-05,697.92,-0.15255719073291563,False,1.0,-0.15255719073291563,2.3109933774834426,0,1.0,-0.15255719073291563,0.8893294951664875,0,1.0,-0.15255719073291563,1.4865911072710452,0,0.0,-0.0,1.0,0,0.0,-0.0,1.0,0,0.0,-0.0,1.0,0,0.0,-0.0,1.0,0,1.0,-0.15255719073291563,0.8893294951664875
2018-02-06,779.25,0.1165319807427787,False,1.0,0.1165319807427787,2.580298013245032,0,1.0,0.1165319807427787,0.9929648227712138,0,1.0,0.1165319807427787,1.6598265135559407,0,0.0,0.0,1.0,0,0.0,0.0,1.0,0,0.0,0.0,1.0,0,0.0,0.0,1.0,0,1.0,0.1165319807427787,0.9929648227712138
2018-02-07,754.0,-0.03240295155598327,False,1.0,-0.03240295155598327,2.4966887417218535,0,1.0,-0.03240295155598327,0.9607898317221626,0,0.0,-0.001,1.6581666870423848,0,0.0,-0.0,1.0,0,0.0,-0.0,1.0,0,0.0,-0.0,1.0,0,0.0,-0.0,1.0,0,0.0,-0.001,0.9919718579484426
2018-02-08,781.66,0.03668435013262594,False,1.0,0.03668435013262594,2.588278145695363,0,1.0,0.03668435013262594,0.9960357823129251,0,0.0,0.0,1.6581666870423848,0,0.0,0.0,1.0,0,0.0,0.0,1.0,0,0.0,0.0,1.0,0,0.0,0.0,1.0,0,0.0,0.0,0.9919718579484426
2018-02-09,877.0,0.12197118951974018,False,1.0,0.12197118951974018,2.903973509933774,0,1.0,0.12197118951974018,1.1175234514858576,0,0.0,0.0,1.6581666870423848,0,0.0,0.0,1.0,0,0.0,0.0,1.0,0,0.0,0.0,1.0,0,0.0,0.0,1.0,0,0.0,0.0,0.9919718579484426
2018-02-10,851.15,-0.029475484606613533,False,1.0,-0.029475484606613533,2.8183774834437076,0,1.0,-0.029475484606613533,1.0845839061940565,0,0.0,-0.0,1.6581666870423848,0,0.0,-0.0,1.0,0,0.0,-0.0,1.0,0,0.0,-0.0,1.0,0,0.0,-0.0,1.0,0,0.0,-0.0,0.9919718579484426
2018-02-11,808.99,-0.049532984785290446,False,1.0,-0.049532984785290446,2.6787748344370854,0,1.0,-0.049532984785290446,1.0308612280701754,0,0.0,-0.0,1.6581666870423848,0,0.0,-0.0,1.0,0,0.0,-0.0,1.0,0,0.0,-0.0,1.0,0,0.0,-0.0,1.0,0,0.0,-0.0,0.9919718579484426
2018-02-12,866.66,0.07128641886797116,False,1.0,0.07128641886797116,2.8697350993377477,0,1.0,0.07128641886797116,1.104347633369137,0,0.0,0.0,1.6581666870423848,0,0.0,0.0,1.0,0,0.0,0.0,1.0,0,0.0,0.0,1.0,0,0.0,0.0,1.0,0,0.0,0.0,0.9919718579484426
2018-02-13,841.57,-0.02895022269402059,False,1.0,-0.02895022269402059,2.7866556291390725,0,1.0,-0.02895022269402059,1.072376523451486,0,0.0,-0.0,1.6581666870423848,0,0.0,-0.0,1.0,0,0.0,-0.0,1.0,0,0.0,-0.0,1.0,0,0.0,-0.0,1.0,0,0.0,-0.0,0.9919718579484426
2018-02-14,919.09,0.09211354967501206,False,1.0,0.09211354967501206,3.0433443708609262,0,1.0,0.09211354967501206,1.1711569316147512,0,0.0,0.0,1.6581666870423848,0,0.0,0.0,1.0,0,0.0,0.0,1.0,0,0.0,0.0,1.0,0,0.0,0.0,1.0,0,0.0,0.0,0.9919718579484426
2018-02-15,924.55,0.005940658695013479,False,1.0,0.005940658695013479,3.0614238410596015,0,1.0,0.005940658695013479,1.1781143752237737,0,0.0,0.0,1.6581666870423848,0,0.0,0.0,1.0,0,0.0,0.0,1.0,0,0.0,0.0,1.0,0,0.0,0.0,1.0,0,0.0,0.0,0.9919718579484426
2018-02-16,938.67,0.015272294629819827,False,1.0,0.015272294629819827,3.1081788079470183,0,1.0,0.015272294629819827,1.1961068850698173,0,0.0,0.0,1.6581666870423848,0,0.0,0.0,1.0,0,0.0,0.0,1.0,0,0.0,0.0,1.0,0,0.0,0.0,1.0,0,0.0,0.0,0.9919718579484426
2018-02-17,969.99,0.03336635878423744,False,1.0,0.03336635878423744,3.211887417218542,0,1.0,0.03336635878423744,1.2360166165413535,0,0.0,0.0,1.6581666870423848,0,0.0,0.0,1.0,0,0.0,0.0,1.0,0,0.0,0.0,1.0,0,0.0,0.0,1.0,0,0.0,0.0,0.9919718579484426
2018-02-18,911.0,-0.06081505994907166,False,1.0,-0.06081505994907166,3.016556291390727,0,0.0,-0.001,1.2347805999248123,0,0.0,-0.0,1.6581666870423848,0,0.0,-0.0,1.0,0,0.0,-0.0,1.0,0,0.0,-0.0,1.0,0,0.0,-0.0,1.0,0,0.0,-0.0,0.9919718579484426
2018-02-19,938.11,0.029758507135016377,False,1.0,0.029758507135016377,3.1063245033112565,0,0.0,0.0,1.2347805999248123,0,0.0,0.0,1.6581666870423848,0,0.0,0.0,1.0,0,0.0,0.0,1.0,0,0.0,0.0,1.0,0,0.0,0.0,1.0,0,0.0,0.0,0.9919718579484426
2018-02-20,882.99,-0.058756435812431396,False,1.0,-0.058756435812431396,2.9238079470198657,0,0.0,-0.0,1.2347805999248123,0,0.0,-0.0,1.6581666870423848,0,0.0,-0.0,1.0,0,0.0,-0.0,1.0,0,0.0,-0.0,1.0,0,0.0,-0.0,1.0,0,0.0,-0.0,0.9919718579484426
2018-02-21,835.89,-0.05334148744606393,False,1.0,-0.05334148744606393,2.7678476821192035,0,0.0,-0.0,1.2347805999248123,0,0.0,-0.0,1.6581666870423848,0,0.0,-0.0,1.0,0,0.0,-0.0,1.0,0,0.0,-0.0,1.0,0,0.0,-0.0,1.0,0,0.0,-0.0,0.9919718579484426
2018-02-22,801.49,-0.041153740324683885,False,1.0,-0.041153740324683885,2.6539403973509916,0,0.0,-0.0,1.2347805999248123,0,0.0,-0.0,1.6581666870423848,0,0.0,-0.0,1.0,0,0.0,-0.0,1.0,0,0.0,-0.0,1.0,0,0.0,-0.0,1.0,0,0.0,-0.0,0.9919718579484426
2018-02-23,851.6,0.06252105453592693,False,1.0,0.06252105453592693,2.8198675496688725,0,0.0,0.0,1.2347805999248123,0,0.0,0.0,1.6581666870423848,0,0.0,0.0,1.0,0,0.0,0.0,1.0,0,0.0,0.0,1.0,0,0.0,0.0,1.0,0,0.0,0.0,0.9919718579484426
2018-02-24,833.94,-0.020737435415688066,True,1.0,-0.020737435415688066,2.7613907284768198,0,0.0,-0.0,1.2347805999248123,0,0.0,-0.0,1.6581666870423848,0,0.0,-0.0,1.0,0,0.0,-0.0,1.0,0,0.0,-0.0,1.0,0,0.0,-0.0,1.0,0,0.0,-0.0,0.9919718579484426
2018-02-25,841.19,0.00869367100750651,True,1.0,0.00869367100750651,2.785397350993376,0,0.0,0.0,1.2347805999248123,0,0.0,0.0,1.6581666870423848,0,0.0,0.0,1.0,0,0.0,0.0,1.0,0,0.0,0.0,1.0,0,0.0,0.0,1.0,0,0.0,0.0,0.9919718579484426
2018-02-26,867.98,0.03184773951188191,True,1.0,0.03184773951188191,2.874105960264899,0,0.0,0.0,1.2347805999248123,0,0.0,0.0,1.6581666870423848,0,0.0,0.0,1.0,0,0.0,0.0,1.0,0,0.0,0.0,1.0,0,0.0,0.0,1.0,0,0.0,0.0,0.9919718579484426
2018-02-27,870.11,0.002453973593861569,True,1.0,0.002453973593861569,2.881158940397349,0,0.0,0.0,1.2347805999248123,0,0.0,0.0,1.6581666870423848,0,0.0,0.0,1.0,0,0.0,0.0,1.0,0,0.0,0.0,1.0,0,0.0,0.0,1.0,0,0.0,0.0,0.9919718579484426
2018-02-28,853.5,-0.019089540402937533,True,1.0,-0.019089540402937533,2.8261589403973493,0,0.0,-0.0,1.2347805999248123,0,0.0,-0.0,1.6581666870423848,0,0.0,-0.0,1.0,0,0.0,-0.0,1.0,0,0.0,-0.0,1.0,0,0.0,-0.0,1.0,0,0.0,-0.0,0.9919718579484426
2018-03-01,870.63,0.020070298769771622,False,1.0,0.020070298769771622,2.882880794701985,0,0.0,0.0,1.2347805999248123,0,0.0,0.0,1.6581666870423848,0,0.0,0.0,1.0,0,0.0,0.0,1.0,0,0.0,0.0,1.0,0,0.0,0.0,1.0,0,0.0,0.0,0.9919718579484426
2018-03-02,856.28,-0.01648231740234085,True,1.0,-0.01648231740234085,2.8353642384105946,0,0.0,-0.0,1.2347805999248123,0,0.0,-0.0,1.6581666870423848,0,0.0,-0.0,1.0,0,0.0,-0.0,1.0,0,0.0,-0.0,1.0,0,0.0,-0.0,1.0,0,0.0,-0.0,0.9919718579484426
2018-03-03,856.02,-0.00030363899658991667,True,1.0,-0.00030363899658991667,2.8345033112582767,0,0.0,-0.0,1.2347805999248123,0,0.0,-0.0,1.6581666870423848,0,0.0,-0.0,1.0,0,0.0,-0.0,1.0,0,0.0,-0.0,1.0,0,0.0,-0.0,1.0,0,0.0,-0.0,0.9919718579484426
2018-03-04,866.66,0.012429616130464227,False,1.0,0.012429616130464227,2.869735099337747,0,0.0,0.0,1.2347805999248123,0,0.0,0.0,1.6581666870423848,0,0.0,0.0,1.0,0,0.0,0.0,1.0,0,0.0,0.0,1.0,0,0.0,0.0,1.0,0,0.0,0.0,0.9919718579484426
2018-03-05,849.84,-0.019407841598781506,True,1.0,-0.019407841598781506,2.8140397350993362,0,0.0,-0.0,1.2347805999248123,0,0.0,-0.0,1.6581666870423848,0,0.0,-0.0,1.0,0,0.0,-0.0,1.0,0,0.0,-0.0,1.0,0,0.0,-0.0,1.0,0,0.0,-0.0,0.9919718579484426
2018-03-06,813.11,-0.04321990021651134,False,1.0,-0.04321990021651134,2.692417218543045,0,0.0,-0.0,1.2347805999248123,0,0.0,-0.0,1.6581666870423848,0,0.0,-0.0,1.0,0,0.0,-0.0,1.0,0,0.0,-0.0,1.0,0,0.0,-0.0,1.0,0,0.0,-0.0,0.9919718579484426
2018-03-07,749.9,-0.07773855935851237,False,1.0,-0.07773855935851237,2.4831125827814557,0,0.0,-0.0,1.2347805999248123,0,0.0,-0.0,1.6581666870423848,0,0.0,-0.0,1.0,0,0.0,-0.0,1.0,0,0.0,-0.0,1.0,0,0.0,-0.0,1.0,0,0.0,-0.0,0.9919718579484426
2018-03-08,695.46,-0.07259634617949051,False,1.0,-0.07259634617949051,2.3028476821192045,0,0.0,-0.0,1.2347805999248123,0,0.0,-0.0,1.6581666870423848,0,0.0,-0.0,1.0,0,0.0,-0.0,1.0,0,0.0,-0.0,1.0,0,0.0,-0.0,1.0,0,0.0,-0.0,0.9919718579484426
2018-03-09,723.71,0.040620596439766565,False,1.0,0.040620596439766565,2.3963907284768204,0,0.0,0.0,1.2347805999248123,0,0.0,0.0,1.6581666870423848,0,0.0,0.0,1.0,0,0.0,0.0,1.0,0,0.0,0.0,1.0,0,0.0,0.0,1.0,0,0.0,0.0,0.9919718579484426
2018-03-10,680.58,-0.05959569440798107,False,1.0,-0.05959569440798107,2.2535761589403966,0,0.0,-0.0,1.2347805999248123,0,0.0,-0.0,1.6581666870423848,0,0.0,-0.0,1.0,0,0.0,-0.0,1.0,0,0.0,-0.0,1.0,0,0.0,-0.0,1.0,0,0.0,-0.0,0.9919718579484426
2018-03-11,720.85,0.0591701196038672,False,1.0,0.0591701196038672,2.3869205298013236,0,0.0,0.0,1.2347805999248123,0,0.0,0.0,1.6581666870423848,0,0.0,0.0,1.0,0,0.0,0.0,1.0,0,0.0,0.0,1.0,0,0.0,0.0,1.0,0,0.0,0.0,0.9919718579484426
2018-03-12,697.11,-0.03293334258167446,False,1.0,-0.03293334258167446,2.308311258278145,0,0.0,-0.0,1.2347805999248123,0,0.0,-0.0,1.6581666870423848,0,0.0,-0.0,1.0,0,0.0,-0.0,1.0,0,0.0,-0.0,1.0,0,0.0,-0.0,1.0,0,0.0,-0.0,0.9919718579484426
2018-03-13,689.94,-0.010285320824547028,False,1.0,-0.010285320824547028,2.2845695364238403,0,0.0,-0.0,1.2347805999248123,0,0.0,-0.0,1.6581666870423848,0,0.0,-0.0,1.0,0,0.0,-0.0,1.0,0,0.0,-0.0,1.0,0,0.0,-0.0,1.0,0,0.0,-0.0,0.9919718579484426
2018-03-14,610.1,-0.11572020755428014,False,1.0,-0.11572020755428014,2.020198675496688,0,0.0,-0.0,1.2347805999248123,0,0.0,-0.0,1.6581666870423848,0,0.0,-0.0,1.0,0,0.0,-0.0,1.0,0,0.0,-0.0,1.0,0,0.0,-0.0,1.0,0,0.0,-0.0,0.9919718579484426
2018-03-15,608.83,-0.0020816259629569123,False,1.0,-0.0020816259629569123,2.015993377483443,0,0.0,-0.0,1.2347805999248123,0,0.0,-0.0,1.6581666870423848,0,0.0,-0.0,1.0,0,0.0,-0.0,1.0,0,0.0,-0.0,1.0,0,0.0,-0.0,1.0,0,0.0,-0.0,0.9919718579484426
2018-03-16,599.05,-0.016063597391718698,False,1.0,-0.016063597391718698,1.983609271523178,0,0.0,-0.0,1.2347805999248123,0,0.0,-0.0,1.6581666870423848,0,0.0,-0.0,1.0,0,0.0,-0.0,1.0,0,0.0,-0.0,1.0,0,0.0,-0.0,1.0,0,0.0,-0.0,0.9919718579484426
2018-03-17,546.95,-0.08697103747600354,False,1.0,-0.08697103747600354,1.8110927152317875,0,0.0,-0.0,1.2347805999248123,0,0.0,-0.0,1.6581666870423848,0,0.0,-0.0,1.0,0,0.0,-0.0,1.0,0,0.0,-0.0,1.0,0,0.0,-0.0,1.0,0,0.0,-0.0,0.9919718579484426
2018-03-18,537.0,-0.018191790840113464,False,1.0,-0.018191790840113464,1.7781456953642376,0,0.0,-0.0,1.2347805999248123,0,0.0,-0.0,1.6581666870423848,0,0.0,-0.0,1.0,0,0.0,-0.0,1.0,0,0.0,-0.0,1.0,0,0.0,-0.0,1.0,0,0.0,-0.0,0.9919718579484426
2018-03-19,556.88,0.0370204841713222,False,1.0,0.0370204841713222,1.8439735099337742,0,0.0,0.0,1.2347805999248123,0,0.0,0.0,1.6581666870423848,0,0.0,0.0,1.0,0,0.0,0.0,1.0,0,0.0,0.0,1.0,0,0.0,0.0,1.0,0,0.0,0.0,0.9919718579484426
2018-03-20,557.0,0.00021548628070688913,False,1.0,0.00021548628070688913,1.8443708609271519,0,0.0,0.0,1.2347805999248123,0,0.0,0.0,1.6581666870423848,0,0.0,0.0,1.0,0,0.0,0.0,1.0,0,0.0,0.0,1.0,0,0.0,0.0,1.0,0,0.0,0.0,0.9919718579484426
2018-03-21,559.17,0.0038958707360861045,False,1.0,0.0038958707360861045,1.851556291390728,0,0.0,0.0,1.2347805999248123,0,0.0,0.0,1.6581666870423848,0,0.0,0.0,1.0,0,0.0,0.0,1.0,0,0.0,0.0,1.0,0,0.0,0.0,1.0,0,0.0,0.0,0.9919718579484426
2018-03-22,539.92,-0.03442602428599528,False,1.0,-0.03442602428599528,1.7878145695364234,0,0.0,-0.0,1.2347805999248123,0,0.0,-0.0,1.6581666870423848,0,0.0,-0.0,1.0,0,0.0,-0.0,1.0,0,0.0,-0.0,1.0,0,0.0,-0.0,1.0,0,0.0,-0.0,0.9919718579484426
2018-03-23,543.03,0.005760112609275447,False,1.0,0.005760112609275447,1.7981125827814566,0,0.0,0.0,1.2347805999248123,0,0.0,0.0,1.6581666870423848,0,0.0,0.0,1.0,0,0.0,0.0,1.0,0,0.0,0.0,1.0,0,0.0,0.0,1.0,0,0.0,0.0,0.9919718579484426
2018-03-24,520.22,-0.04200504576174424,False,1.0,-0.04200504576174424,1.7225827814569534,0,0.0,-0.0,1.2347805999248123,0,0.0,-0.0,1.6581666870423848,0,0.0,-0.0,1.0,0,0.0,-0.0,1.0,0,0.0,-0.0,1.0,0,0.0,-0.0,1.0,0,0.0,-0.0,0.9919718579484426
2018-03-25,523.74,0.006766368075045159,False,1.0,0.006766368075045159,1.7342384105960262,0,0.0,0.0,1.2347805999248123,0,0.0,0.0,1.6581666870423848,0,0.0,0.0,1.0,0,0.0,0.0,1.0,0,0.0,0.0,1.0,0,0.0,0.0,1.0,0,0.0,0.0,0.9919718579484426
2018-03-26,485.0,-0.07396799938900978,False,1.0,-0.07396799938900978,1.6059602649006621,0,0.0,-0.0,1.2347805999248123,0,0.0,-0.0,1.6581666870423848,0,0.0,-0.0,1.0,0,0.0,-0.0,1.0,0,0.0,-0.0,1.0,0,0.0,-0.0,1.0,0,0.0,-0.0,0.9919718579484426
2018-03-27,448.5,-0.07525773195876284,False,1.0,-0.07525773195876284,1.4850993377483444,0,0.0,-0.0,1.2347805999248123,0,0.0,-0.0,1.6581666870423848,0,0.0,-0.0,1.0,0,0.0,-0.0,1.0,0,0.0,-0.0,1.0,0,0.0,-0.0,1.0,0,0.0,-0.0,0.9919718579484426
2018-03-28,446.67,-0.0040802675585284165,False,1.0,-0.0040802675585284165,1.4790397350993378,0,0.0,-0.0,1.2347805999248123,0,0.0,-0.0,1.6581666870423848,0,0.0,-0.0,1.0,0,0.0,-0.0,1.0,0,0.0,-0.0,1.0,0,0.0,-0.0,1.0,0,0.0,-0.0,0.9919718579484426
2018-03-29,384.0,-0.1403049230975889,False,1.0,-0.1403049230975889,1.271523178807947,0,0.0,-0.0,1.2347805999248123,0,0.0,-0.0,1.6581666870423848,0,0.0,-0.0,1.0,0,0.0,-0.0,1.0,0,0.0,-0.0,1.0,0,0.0,-0.0,1.0,0,0.0,-0.0,0.9919718579484426
2018-03-30,392.43,0.021953125000000018,False,1.0,0.021953125000000018,1.2994370860927154,0,0.0,0.0,1.2347805999248123,0,0.0,0.0,1.6581666870423848,0,0.0,0.0,1.0,0,0.0,0.0,1.0,0,0.0,0.0,1.0,0,0.0,0.0,1.0,0,0.0,0.0,0.9919718579484426
2018-03-31,393.92,0.0037968554901510743,False,1.0,0.0037968554901510743,1.3043708609271525,0,0.0,0.0,1.2347805999248123,0,0.0,0.0,1.6581666870423848,0,0.0,0.0,1.0,0,0.0,0.0,1.0,0,0.0,0.0,1.0,0,0.0,0.0,1.0,0,0.0,0.0,0.9919718579484426
2018-04-01,378.58,-0.038941917140536186,False,1.0,-0.038941917140536186,1.2535761589403975,0,0.0,-0.0,1.2347805999248123,0,0.0,-0.0,1.6581666870423848,0,0.0,-0.0,1.0,0,0.0,-0.0,1.0,0,0.0,-0.0,1.0,0,0.0,-0.0,1.0,0,0.0,-0.0,0.9919718579484426
2018-04-02,385.05,0.017090179090284874,False,1.0,0.017090179090284874,1.2750000000000004,0,0.0,0.0,1.2347805999248123,0,0.0,0.0,1.6581666870423848,0,0.0,0.0,1.0,0,0.0,0.0,1.0,0,0.0,0.0,1.0,0,0.0,0.0,1.0,0,0.0,0.0,0.9919718579484426
2018-04-03,415.01,0.07780807687313329,False,1.0,0.07780807687313329,1.3742052980132453,0,0.0,0.0,1.2347805999248123,0,0.0,0.0,1.6581666870423848,0,0.0,0.0,1.0,0,0.0,0.0,1.0,0,0.0,0.0,1.0,0,0.0,0.0,1.0,0,0.0,0.0,0.9919718579484426
2018-04-04,378.16,-0.08879304113153896,False,1.0,-0.08879304113153896,1.2521854304635764,0,0.0,-0.0,1.2347805999248123,0,0.0,-0.0,1.6581666870423848,0,0.0,-0.0,1.0,0,0.0,-0.0,1.0,0,0.0,-0.0,1.0,0,0.0,-0.0,1.0,0,0.0,-0.0,0.9919718579484426
2018-04-05,381.22,0.008091812989210911,False,1.0,0.008091812989210911,1.2623178807947022,0,0.0,0.0,1.2347805999248123,0,0.0,0.0,1.6581666870423848,0,0.0,0.0,1.0,0,0.0,0.0,1.0,0,0.0,0.0,1.0,0,0.0,0.0,1.0,0,0.0,0.0,0.9919718579484426
2018-04-06,368.89,-0.03234352867110868,False,1.0,-0.03234352867110868,1.2214900662251655,0,0.0,-0.0,1.2347805999248123,0,0.0,-0.0,1.6581666870423848,0,0.0,-0.0,1.0,0,0.0,-0.0,1.0,0,0.0,-0.0,1.0,0,0.0,-0.0,1.0,0,0.0,-0.0,0.9919718579484426
2018-04-07,384.51,0.04234324595407846,False,1.0,0.04234324595407846,1.2732119205298014,0,0.0,0.0,1.2347805999248123,0,0.0,0.0,1.6581666870423848,0,0.0,0.0,1.0,0,0.0,0.0,1.0,0,0.0,0.0,1.0,0,0.0,0.0,1.0,0,0.0,0.0,0.9919718579484426
2018-04-08,400.4,0.04132532313853998,False,1.0,0.04132532313853998,1.3258278145695366,0,0.0,0.0,1.2347805999248123,0,0.0,0.0,1.6581666870423848,0,0.0,0.0,1.0,0,0.0,0.0,1.0,0,0.0,0.0,1.0,0,0.0,0.0,1.0,0,0.0,0.0,0.9919718579484426
2018-04-09,399.44,-0.0023976023976023386,False,1.0,-0.0023976023976023386,1.3226490066225167,0,0.0,-0.0,1.2347805999248123,0,0.0,-0.0,1.6581666870423848,0,0.0,-0.0,1.0,0,0.0,-0.0,1.0,0,0.0,-0.0,1.0,0,0.0,-0.0,1.0,0,0.0,-0.0,0.9919718579484426
2018-04-10,416.07,0.04163328660124166,False,1.0,0.04163328660124166,1.3777152317880796,0,0.0,0.0,1.2347805999248123,0,0.0,0.0,1.6581666870423848,0,0.0,0.0,1.0,0,0.0,0.0,1.0,0,0.0,0.0,1.0,0,0.0,0.0,1.0,0,0.0,0.0,0.9919718579484426
2018-04-11,429.52,0.03232629124906872,False,1.0,0.03232629124906872,1.4222516556291394,0,0.0,0.0,1.2347805999248123,0,0.0,0.0,1.6581666870423848,0,0.0,0.0,1.0,0,0.0,0.0,1.0,0,0.0,0.0,1.0,0,0.0,0.0,1.0,0,0.0,0.0,0.9919718579484426
2018-04-12,495.67,0.15400912646675358,False,1.0,0.15400912646675358,1.6412913907284772,0,0.0,0.0,1.2347805999248123,0,0.0,0.0,1.6581666870423848,0,0.0,0.0,1.0,0,0.0,0.0,1.0,0,0.0,0.0,1.0,0,0.0,0.0,1.0,0,0.0,0.0,0.9919718579484426
2018-04-13,495.11,-0.001129783928823569,False,1.0,-0.001129783928823569,1.6394370860927157,0,0.0,-0.0,1.2347805999248123,0,0.0,-0.0,1.6581666870423848,0,0.0,-0.0,1.0,0,0.0,-0.0,1.0,0,0.0,-0.0,1.0,0,0.0,-0.0,1.0,0,0.0,-0.0,0.9919718579484426
2018-04-14,502.68,0.015289531619236074,False,1.0,0.015289531619236074,1.6645033112582786,0,0.0,0.0,1.2347805999248123,0,0.0,0.0,1.6581666870423848,0,0.0,0.0,1.0,0,0.0,0.0,1.0,0,0.0,0.0,1.0,0,0.0,0.0,1.0,0,0.0,0.0,0.9919718579484426
2018-04-15,533.88,0.06206731916925268,True,1.0,0.06206731916925268,1.767814569536424,0,0.0,0.0,1.2347805999248123,0,0.0,0.0,1.6581666870423848,0,0.0,0.0,1.0,0,0.0,0.0,1.0,0,0.0,0.0,1.0,0,0.0,0.0,1.0,0,0.0,0.0,0.9919718579484426
2018-04-16,511.46,-0.041994455682925036,True,1.0,-0.041994455682925036,1.6935761589403975,0,0.0,-0.0,1.2347805999248123,0,0.0,-0.0,1.6581666870423848,0,0.0,-0.0,1.0,0,0.0,-0.0,1.0,0,0.0,-0.0,1.0,0,0.0,-0.0,1.0,0,0.0,-0.0,0.9919718579484426
2018-04-17,502.56,-0.01740116529151836,True,1.0,-0.01740116529151836,1.6641059602649009,0,0.0,-0.0,1.2347805999248123,0,0.0,-0.0,1.6581666870423848,0,0.0,-0.0,1.0,0,0.0,-0.0,1.0,0,0.0,-0.0,1.0,0,0.0,-0.0,1.0,0,0.0,-0.0,0.9919718579484426
2018-04-18,526.09,0.0468202801655524,True,1.0,0.0468202801655524,1.7420198675496692,0,0.0,0.0,1.2347805999248123,0,0.0,0.0,1.6581666870423848,0,0.0,0.0,1.0,0,0.0,0.0,1.0,0,0.0,0.0,1.0,0,0.0,0.0,1.0,0,0.0,0.0,0.9919718579484426
2018-04-19,568.14,0.07992928966526636,True,1.0,0.07992928966526636,1.8812582781456957,0,0.0,0.0,1.2347805999248123,0,0.0,0.0,1.6581666870423848,0,0.0,0.0,1.0,0,0.0,0.0,1.0,0,0.0,0.0,1.0,0,0.0,0.0,1.0,0,0.0,0.0,0.9919718579484426
2018-04-20,617.09,0.08615834125391642,True,1.0,0.08615834125391642,2.0433443708609276,0,0.0,0.0,1.2347805999248123,0,0.0,0.0,1.6581666870423848,0,0.0,0.0,1.0,0,0.0,0.0,1.0,0,0.0,0.0,1.0,0,0.0,0.0,1.0,0,0.0,0.0,0.9919718579484426
2018-04-21,604.87,-0.019802621983827318,True,1.0,-0.019802621983827318,2.002880794701987,0,0.0,-0.0,1.2347805999248123,0,0.0,-0.0,1.6581666870423848,0,0.0,-0.0,1.0,0,0.0,-0.0,1.0,0,0.0,-0.0,1.0,0,0.0,-0.0,1.0,0,0.0,-0.0,0.9919718579484426
2018-04-22,620.92,0.02653462727528222,True,1.0,0.02653462727528222,2.0560264900662255,0,0.0,0.0,1.2347805999248123,0,0.0,0.0,1.6581666870423848,0,0.0,0.0,1.0,0,0.0,0.0,1.0,0,0.0,0.0,1.0,0,0.0,0.0,1.0,0,0.0,0.0,0.9919718579484426
2018-04-23,645.09,0.038926109643754536,True,1.0,0.038926109643754536,2.136059602649007,0,0.0,0.0,1.2347805999248123,0,0.0,0.0,1.6581666870423848,0,0.0,0.0,1.0,0,0.0,0.0,1.0,0,0.0,0.0,1.0,0,0.0,0.0,1.0,0,0.0,0.0,0.9919718579484426
2018-04-24,701.58,0.08756917639399164,True,1.0,0.08756917639399164,2.323112582781458,0,0.0,0.0,1.2347805999248123,0,0.0,0.0,1.6581666870423848,0,0.0,0.0,1.0,0,0.0,0.0,1.0,0,0.0,0.0,1.0,0,0.0,0.0,1.0,0,0.0,0.0,0.9919718579484426
2018-04-25,618.0,-0.11913110407936378,True,1.0,-0.11913110407936378,2.04635761589404,0,0.0,-0.0,1.2347805999248123,0,0.0,-0.0,1.6581666870423848,0,0.0,-0.0,1.0,0,0.0,-0.0,1.0,0,0.0,-0.0,1.0,0,0.0,-0.0,1.0,0,0.0,-0.0,0.9919718579484426
2018-04-26,661.51,0.07040453074433661,True,1.0,0.07040453074433661,2.1904304635761593,0,0.0,0.0,1.2347805999248123,0,0.0,0.0,1.6581666870423848,0,0.0,0.0,1.0,0,0.0,0.0,1.0,0,0.0,0.0,1.0,0,0.0,0.0,1.0,0,0.0,0.0,0.9919718579484426
2018-04-27,643.46,-0.02728605765596881,True,1.0,-0.02728605765596881,2.1306622516556297,0,0.0,-0.0,1.2347805999248123,0,0.0,-0.0,1.6581666870423848,0,0.0,-0.0,1.0,0,0.0,-0.0,1.0,0,0.0,-0.0,1.0,0,0.0,-0.0,1.0,0,0.0,-0.0,0.9919718579484426
2018-04-28,682.86,0.0612314673794796,True,1.0,0.0612314673794796,2.26112582781457,0,0.0,0.0,1.2347805999248123,0,0.0,0.0,1.6581666870423848,0,0.0,0.0,1.0,0,0.0,0.0,1.0,0,0.0,0.0,1.0,0,0.0,0.0,1.0,0,0.0,0.0,0.9919718579484426
2018-04-29,690.85,0.011700787862812367,True,1.0,0.011700787862812367,2.2875827814569543,0,0.0,0.0,1.2347805999248123,0,0.0,0.0,1.6581666870423848,0,0.0,0.0,1.0,0,0.0,0.0,1.0,0,0.0,0.0,1.0,0,0.0,0.0,1.0,0,0.0,0.0,0.9919718579484426
2018-04-30,670.78,-0.0290511688499675,True,1.0,-0.0290511688499675,2.22112582781457,0,0.0,-0.0,1.2347805999248123,0,0.0,-0.0,1.6581666870423848,0,0.0,-0.0,1.0,0,0.0,-0.0,1.0,0,0.0,-0.0,1.0,0,0.0,-0.0,1.0,0,0.0,-0.0,0.9919718579484426
2018-05-01,672.0,0.0018187781388832036,True,1.0,0.0018187781388832036,2.225165562913908,0,0.0,0.0,1.2347805999248123,0,0.0,0.0,1.6581666870423848,0,0.0,0.0,1.0,0,0.0,0.0,1.0,0,0.0,0.0,1.0,0,0.0,0.0,1.0,0,0.0,0.0,0.9919718579484426
2018-05-02,688.56,0.024642857142856966,True,1.0,0.024642857142856966,2.2800000000000002,0,0.0,0.0,1.2347805999248123,0,0.0,0.0,1.6581666870423848,0,0.0,0.0,1.0,0,0.0,0.0,1.0,0,0.0,0.0,1.0,0,0.0,0.0,1.0,0,0.0,0.0,0.9919718579484426
2018-05-03,779.0,0.13134657836644603,True,1.0,0.13134657836644603,2.579470198675497,0,0.0,0.0,1.2347805999248123,0,0.0,0.0,1.6581666870423848,0,0.0,0.0,1.0,0,0.0,0.0,1.0,0,0.0,0.0,1.0,0,0.0,0.0,1.0,0,0.0,0.0,0.9919718579484426
2018-05-04,785.99,0.00897304236200247,True,1.0,0.00897304236200247,2.6026158940397353,0,0.0,0.0,1.2347805999248123,0,0.0,0.0,1.6581666870423848,0,0.0,0.0,1.0,0,0.0,0.0,1.0,0,0.0,0.0,1.0,0,0.0,0.0,1.0,0,0.0,0.0,0.9919718579484426
2018-05-05,819.5,0.04263413020521889,True,1.0,0.04263413020521889,2.7135761589403975,0,0.0,0.0,1.2347805999248123,0,0.0,0.0,1.6581666870423848,0,0.0,0.0,1.0,0,0.0,0.0,1.0,0,0.0,0.0,1.0,0,0.0,0.0,1.0,0,0.0,0.0,0.9919718579484426
2018-05-06,794.3,-0.030750457596095182,True,1.0,-0.030750457596095182,2.630132450331126,0,0.0,-0.0,1.2347805999248123,0,0.0,-0.0,1.6581666870423848,0,0.0,-0.0,1.0,0,0.0,-0.0,1.0,0,0.0,-0.0,1.0,0,0.0,-0.0,1.0,0,0.0,-0.0,0.9919718579484426
2018-05-07,752.49,-0.05263754249024288,True,1.0,-0.05263754249024288,2.4916887417218545,0,0.0,-0.0,1.2347805999248123,0,0.0,-0.0,1.6581666870423848,0,0.0,-0.0,1.0,0,0.0,-0.0,1.0,0,0.0,-0.0,1.0,0,0.0,-0.0,1.0,0,0.0,-0.0,0.9919718579484426
2018-05-08,748.99,-0.004651224600991322,True,1.0,-0.004651224600991322,2.480099337748345,0,0.0,-0.0,1.2347805999248123,0,0.0,-0.0,1.6581666870423848,0,0.0,-0.0,1.0,0,0.0,-0.0,1.0,0,0.0,-0.0,1.0,0,0.0,-0.0,1.0,0,0.0,-0.0,0.9919718579484426
2018-05-09,751.75,0.003684962416053539,True,1.0,0.003684962416053539,2.489238410596027,0,0.0,0.0,1.2347805999248123,0,0.0,0.0,1.6581666870423848,0,0.0,0.0,1.0,0,0.0,0.0,1.0,0,0.0,0.0,1.0,0,0.0,0.0,1.0,0,0.0,0.0,0.9919718579484426
2018-05-10,722.52,-0.03888260724975057,True,1.0,-0.03888260724975057,2.3924503311258283,0,0.0,-0.0,1.2347805999248123,0,0.0,-0.0,1.6581666870423848,0,0.0,-0.0,1.0,0,0.0,-0.0,1.0,0,0.0,-0.0,1.0,0,0.0,-0.0,1.0,0,0.0,-0.0,0.9919718579484426
2018-05-11,676.96,-0.06305707800476101,True,1.0,-0.06305707800476101,2.2415894039735105,0,0.0,-0.0,1.2347805999248123,0,0.0,-0.0,1.6581666870423848,0,0.0,-0.0,1.0,0,0.0,-0.0,1.0,0,0.0,-0.0,1.0,0,0.0,-0.0,1.0,0,0.0,-0.0,0.9919718579484426
2018-05-12,684.11,0.010561923895060277,True,1.0,0.010561923895060277,2.265264900662252,0,0.0,0.0,1.2347805999248123,0,0.0,0.0,1.6581666870423848,0,0.0,0.0,1.0,0,0.0,0.0,1.0,0,0.0,0.0,1.0,0,0.0,0.0,1.0,0,0.0,0.0,0.9919718579484426
2018-05-13,729.08,0.06573504261010665,True,1.0,0.06573504261010665,2.414172185430464,0,0.0,0.0,1.2347805999248123,0,0.0,0.0,1.6581666870423848,0,0.0,0.0,1.0,0,0.0,0.0,1.0,0,0.0,0.0,1.0,0,0.0,0.0,1.0,0,0.0,0.0,0.9919718579484426
2018-05-14,727.49,-0.0021808306358699348,True,1.0,-0.0021808306358699348,2.4089072847682123,0,0.0,-0.0,1.2347805999248123,0,0.0,-0.0,1.6581666870423848,0,0.0,-0.0,1.0,0,0.0,-0.0,1.0,0,0.0,-0.0,1.0,0,0.0,-0.0,1.0,0,0.0,-0.0,0.9919718579484426
2018-05-15,704.91,-0.03103822732958539,True,1.0,-0.03103822732958539,2.334139072847682,0,0.0,-0.0,1.2347805999248123,0,0.0,-0.0,1.6581666870423848,0,0.0,-0.0,1.0,0,0.0,-0.0,1.0,0,0.0,-0.0,1.0,0,0.0,-0.0,1.0,0,0.0,-0.0,0.9919718579484426
2018-05-16,706.29,0.0019576967272416645,True,1.0,0.0019576967272416645,2.338708609271523,0,0.0,0.0,1.2347805999248123,0,0.0,0.0,1.6581666870423848,0,0.0,0.0,1.0,0,0.0,0.0,1.0,0,0.0,0.0,1.0,0,0.0,0.0,1.0,0,0.0,0.0,0.9919718579484426
2018-05-17,667.62,-0.05475088136601103,True,1.0,-0.05475088136601103,2.2106622516556294,0,0.0,-0.0,1.2347805999248123,0,0.0,-0.0,1.6581666870423848,0,0.0,-0.0,1.0,0,0.0,-0.0,1.0,0,0.0,-0.0,1.0,0,0.0,-0.0,1.0,0,0.0,-0.0,0.9919718579484426
2018-05-18,692.6,0.037416494412989554,True,1.0,0.037416494412989554,2.293377483443709,0,0.0,0.0,1.2347805999248123,0,0.0,0.0,1.6581666870423848,0,0.0,0.0,1.0,0,0.0,0.0,1.0,0,0.0,0.0,1.0,0,0.0,0.0,1.0,0,0.0,0.0,0.9919718579484426
2018-05-19,697.0,0.006352873231302292,True,1.0,0.006352873231302292,2.30794701986755,0,0.0,0.0,1.2347805999248123,0,0.0,0.0,1.6581666870423848,0,0.0,0.0,1.0,0,0.0,0.0,1.0,0,0.0,0.0,1.0,0,0.0,0.0,1.0,0,0.0,0.0,0.9919718579484426
2018-05-20,716.16,0.027489239598278203,True,1.0,0.027489239598278203,2.371390728476821,0,0.0,0.0,1.2347805999248123,0,0.0,0.0,1.6581666870423848,0,0.0,0.0,1.0,0,0.0,0.0,1.0,0,0.0,0.0,1.0,0,0.0,0.0,1.0,0,0.0,0.0,0.9919718579484426
2018-05-21,696.7,-0.027172698838248355,True,1.0,-0.027172698838248355,2.306953642384106,0,0.0,-0.0,1.2347805999248123,0,0.0,-0.0,1.6581666870423848,0,0.0,-0.0,1.0,0,0.0,-0.0,1.0,0,0.0,-0.0,1.0,0,0.0,-0.0,1.0,0,0.0,-0.0,0.9919718579484426
2018-05-22,640.99,-0.07996268121142536,False,1.0,-0.07996268121142536,2.1224834437086093,0,0.0,-0.0,1.2347805999248123,0,0.0,-0.0,1.6581666870423848,0,0.0,-0.0,1.0,0,0.0,-0.0,1.0,0,0.0,-0.0,1.0,0,0.0,-0.0,1.0,0,0.0,-0.0,0.9919718579484426
2018-05-23,577.19,-0.09953353406449394,False,1.0,-0.09953353406449394,1.911225165562914,0,0.0,-0.0,1.2347805999248123,0,0.0,-0.0,1.6581666870423848,0,0.0,-0.0,1.0,0,0.0,-0.0,1.0,0,0.0,-0.0,1.0,0,0.0,-0.0,1.0,0,0.0,-0.0,0.9919718579484426
2018-05-24,602.18,0.04329596839862071,False,1.0,0.04329596839862071,1.9939735099337745,0,0.0,0.0,1.2347805999248123,0,0.0,0.0,1.6581666870423848,0,0.0,0.0,1.0,0,0.0,0.0,1.0,0,0.0,0.0,1.0,0,0.0,0.0,1.0,0,0.0,0.0,0.9919718579484426
2018-05-25,585.55,-0.02761632734398356,False,1.0,-0.02761632734398356,1.9389072847682116,0,0.0,-0.0,1.2347805999248123,0,0.0,-0.0,1.6581666870423848,0,0.0,-0.0,1.0,0,0.0,-0.0,1.0,0,0.0,-0.0,1.0,0,0.0,-0.0,1.0,0,0.0,-0.0,0.9919718579484426
2018-05-26,586.0,0.0007685082401163168,False,1.0,0.0007685082401163168,1.9403973509933776,0,0.0,0.0,1.2347805999248123,0,0.0,0.0,1.6581666870423848,0,0.0,0.0,1.0,0,0.0,0.0,1.0,0,0.0,0.0,1.0,0,0.0,0.0,1.0,0,0.0,0.0,0.9919718579484426
2018-05-27,570.4,-0.02662116040955631,False,1.0,-0.02662116040955631,1.8887417218543048,0,0.0,-0.0,1.2347805999248123,0,0.0,-0.0,1.6581666870423848,0,0.0,-0.0,1.0,0,0.0,-0.0,1.0,0,0.0,-0.0,1.0,0,0.0,-0.0,1.0,0,0.0,-0.0,0.9919718579484426
2018-05-28,511.5,-0.1032608695652174,False,1.0,-0.1032608695652174,1.6937086092715232,0,0.0,-0.0,1.2347805999248123,0,0.0,-0.0,1.6581666870423848,0,0.0,-0.0,1.0,0,0.0,-0.0,1.0,0,0.0,-0.0,1.0,0,0.0,-0.0,1.0,0,0.0,-0.0,0.9919718579484426
2018-05-29,567.36,0.10920821114369494,False,1.0,0.10920821114369494,1.8786754966887416,0,0.0,0.0,1.2347805999248123,0,0.0,0.0,1.6581666870423848,0,0.0,0.0,1.0,0,0.0,0.0,1.0,0,0.0,0.0,1.0,0,0.0,0.0,1.0,0,0.0,0.0,0.9919718579484426
2018-05-30,557.19,-0.01792512690355319,False,1.0,-0.01792512690355319,1.845,0,0.0,-0.0,1.2347805999248123,0,0.0,-0.0,1.6581666870423848,0,0.0,-0.0,1.0,0,0.0,-0.0,1.0,0,0.0,-0.0,1.0,0,0.0,-0.0,1.0,0,0.0,-0.0,0.9919718579484426
2018-05-31,577.81,0.037007125038137634,False,1.0,0.037007125038137634,1.9132781456953638,0,0.0,0.0,1.2347805999248123,0,0.0,0.0,1.6581666870423848,0,0.0,0.0,1.0,0,0.0,0.0,1.0,0,0.0,0.0,1.0,0,0.0,0.0,1.0,0,0.0,0.0,0.9919718579484426
2018-06-01,579.0,0.002059500527855196,False,1.0,0.002059500527855196,1.9172185430463573,0,0.0,0.0,1.2347805999248123,0,0.0,0.0,1.6581666870423848,0,0.0,0.0,1.0,0,0.0,0.0,1.0,0,0.0,0.0,1.0,0,0.0,0.0,1.0,0,0.0,0.0,0.9919718579484426
2018-06-02,590.85,0.020466321243523433,False,1.0,0.020466321243523433,1.956456953642384,0,0.0,0.0,1.2347805999248123,0,0.0,0.0,1.6581666870423848,0,0.0,0.0,1.0,0,0.0,0.0,1.0,0,0.0,0.0,1.0,0,0.0,0.0,1.0,0,0.0,0.0,0.9919718579484426
2018-06-03,619.66,0.04876026064144856,False,1.0,0.04876026064144856,2.051854304635761,0,0.0,0.0,1.2347805999248123,0,0.0,0.0,1.6581666870423848,0,0.0,0.0,1.0,0,0.0,0.0,1.0,0,0.0,0.0,1.0,0,0.0,0.0,1.0,0,0.0,0.0,0.9919718579484426
2018-06-04,591.02,-0.04621889423232095,False,1.0,-0.04621889423232095,1.9570198675496684,0,0.0,-0.0,1.2347805999248123,0,0.0,-0.0,1.6581666870423848,0,0.0,-0.0,1.0,0,0.0,-0.0,1.0,0,0.0,-0.0,1.0,0,0.0,-0.0,1.0,0,0.0,-0.0,0.9919718579484426
2018-06-05,609.05,0.030506581841561964,False,1.0,0.030506581841561964,2.016721854304635,0,0.0,0.0,1.2347805999248123,0,0.0,0.0,1.6581666870423848,0,0.0,0.0,1.0,0,0.0,0.0,1.0,0,0.0,0.0,1.0,0,0.0,0.0,1.0,0,0.0,0.0,0.9919718579484426
2018-06-06,607.4,-0.0027091371808554143,False,1.0,-0.0027091371808554143,2.0112582781456947,0,0.0,-0.0,1.2347805999248123,0,0.0,-0.0,1.6581666870423848,0,0.0,-0.0,1.0,0,0.0,-0.0,1.0,0,0.0,-0.0,1.0,0,0.0,-0.0,1.0,0,0.0,-0.0,0.9919718579484426
2018-06-07,605.16,-0.0036878498518274627,False,1.0,-0.0036878498518274627,2.003841059602648,0,0.0,-0.0,1.2347805999248123,0,0.0,-0.0,1.6581666870423848,0,0.0,-0.0,1.0,0,0.0,-0.0,1.0,0,0.0,-0.0,1.0,0,0.0,-0.0,1.0,0,0.0,-0.0,0.9919718579484426
2018-06-08,598.68,-0.010707911957168359,False,1.0,-0.010707911957168359,1.982384105960264,0,0.0,-0.0,1.2347805999248123,0,0.0,-0.0,1.6581666870423848,0,0.0,-0.0,1.0,0,0.0,-0.0,1.0,0,0.0,-0.0,1.0,0,0.0,-0.0,1.0,0,0.0,-0.0,0.9919718579484426
2018-06-09,592.87,-0.009704683637335343,False,1.0,-0.009704683637335343,1.9631456953642379,0,0.0,-0.0,1.2347805999248123,0,0.0,-0.0,1.6581666870423848,0,0.0,-0.0,1.0,0,0.0,-0.0,1.0,0,0.0,-0.0,1.0,0,0.0,-0.0,1.0,0,0.0,-0.0,0.9919718579484426
2018-06-10,524.11,-0.11597820770151968,False,1.0,-0.11597820770151968,1.73546357615894,0,0.0,-0.0,1.2347805999248123,0,0.0,-0.0,1.6581666870423848,0,0.0,-0.0,1.0,0,0.0,-0.0,1.0,0,0.0,-0.0,1.0,0,0.0,-0.0,1.0,0,0.0,-0.0,0.9919718579484426
2018-06-11,531.69,0.014462612810288045,False,1.0,0.014462612810288045,1.7605629139072847,0,0.0,0.0,1.2347805999248123,0,0.0,0.0,1.6581666870423848,0,0.0,0.0,1.0,0,0.0,0.0,1.0,0,0.0,0.0,1.0,0,0.0,0.0,1.0,0,0.0,0.0,0.9919718579484426
2018-06-12,493.0,-0.07276796629615012,False,1.0,-0.07276796629615012,1.6324503311258276,0,0.0,-0.0,1.2347805999248123,0,0.0,-0.0,1.6581666870423848,0,0.0,-0.0,1.0,0,0.0,-0.0,1.0,0,0.0,-0.0,1.0,0,0.0,-0.0,1.0,0,0.0,-0.0,0.9919718579484426
2018-06-13,475.47,-0.0355578093306288,False,1.0,-0.0355578093306288,1.5744039735099336,0,0.0,-0.0,1.2347805999248123,0,0.0,-0.0,1.6581666870423848,0,0.0,-0.0,1.0,0,0.0,-0.0,1.0,0,0.0,-0.0,1.0,0,0.0,-0.0,1.0,0,0.0,-0.0,0.9919718579484426
2018-06-14,519.29,0.09216144025911199,False,1.0,0.09216144025911199,1.7195033112582778,0,0.0,0.0,1.2347805999248123,0,0.0,0.0,1.6581666870423848,0,0.0,0.0,1.0,0,0.0,0.0,1.0,0,0.0,0.0,1.0,0,0.0,0.0,1.0,0,0.0,0.0,0.9919718579484426
2018-06-15,487.48,-0.06125671590055648,False,1.0,-0.06125671590055648,1.6141721854304634,0,0.0,-0.0,1.2347805999248123,0,0.0,-0.0,1.6581666870423848,0,0.0,-0.0,1.0,0,0.0,-0.0,1.0,0,0.0,-0.0,1.0,0,0.0,-0.0,1.0,0,0.0,-0.0,0.9919718579484426
2018-06-16,496.74,0.018995651103635103,False,1.0,0.018995651103635103,1.6448344370860926,0,0.0,0.0,1.2347805999248123,0,0.0,0.0,1.6581666870423848,0,0.0,0.0,1.0,0,0.0,0.0,1.0,0,0.0,0.0,1.0,0,0.0,0.0,1.0,0,0.0,0.0,0.9919718579484426
2018-06-17,497.14,0.0008052502315094578,False,1.0,0.0008052502315094578,1.646158940397351,0,0.0,0.0,1.2347805999248123,0,0.0,0.0,1.6581666870423848,0,0.0,0.0,1.0,0,0.0,0.0,1.0,0,0.0,0.0,1.0,0,0.0,0.0,1.0,0,0.0,0.0,0.9919718579484426
2018-06-18,517.95,0.041859435973770065,False,1.0,0.041859435973770065,1.715066225165563,0,0.0,0.0,1.2347805999248123,0,0.0,0.0,1.6581666870423848,0,0.0,0.0,1.0,0,0.0,0.0,1.0,0,0.0,0.0,1.0,0,0.0,0.0,1.0,0,0.0,0.0,0.9919718579484426
2018-06-19,537.97,0.0386523795733178,False,1.0,0.0386523795733178,1.7813576158940396,0,0.0,0.0,1.2347805999248123,0,0.0,0.0,1.6581666870423848,0,0.0,0.0,1.0,0,0.0,0.0,1.0,0,0.0,0.0,1.0,0,0.0,0.0,1.0,0,0.0,0.0,0.9919718579484426
2018-06-20,536.49,-0.002751082774132385,False,1.0,-0.002751082774132385,1.776456953642384,0,0.0,-0.0,1.2347805999248123,0,0.0,-0.0,1.6581666870423848,0,0.0,-0.0,1.0,0,0.0,-0.0,1.0,0,0.0,-0.0,1.0,0,0.0,-0.0,1.0,0,0.0,-0.0,0.9919718579484426
2018-06-21,526.18,-0.019217506384089256,False,1.0,-0.019217506384089256,1.7423178807947017,0,0.0,-0.0,1.2347805999248123,0,0.0,-0.0,1.6581666870423848,0,0.0,-0.0,1.0,0,0.0,-0.0,1.0,0,0.0,-0.0,1.0,0,0.0,-0.0,1.0,0,0.0,-0.0,0.9919718579484426
2018-06-22,462.09,-0.12180242502565664,False,1.0,-0.12180242502565664,1.530099337748344,0,0.0,-0.0,1.2347805999248123,0,0.0,-0.0,1.6581666870423848,0,0.0,-0.0,1.0,0,0.0,-0.0,1.0,0,0.0,-0.0,1.0,0,0.0,-0.0,1.0,0,0.0,-0.0,0.9919718579484426
2018-06-23,473.41,0.02449739228288883,False,1.0,0.02449739228288883,1.5675827814569536,0,0.0,0.0,1.2347805999248123,0,0.0,0.0,1.6581666870423848,0,0.0,0.0,1.0,0,0.0,0.0,1.0,0,0.0,0.0,1.0,0,0.0,0.0,1.0,0,0.0,0.0,0.9919718579484426
2018-06-24,454.41,-0.04013434443716868,False,1.0,-0.04013434443716868,1.5046688741721854,0,0.0,-0.0,1.2347805999248123,0,0.0,-0.0,1.6581666870423848,0,0.0,-0.0,1.0,0,0.0,-0.0,1.0,0,0.0,-0.0,1.0,0,0.0,-0.0,1.0,0,0.0,-0.0,0.9919718579484426
2018-06-25,458.7,0.009440813362382006,False,1.0,0.009440813362382006,1.5188741721854304,0,0.0,0.0,1.2347805999248123,0,0.0,0.0,1.6581666870423848,0,0.0,0.0,1.0,0,0.0,0.0,1.0,0,0.0,0.0,1.0,0,0.0,0.0,1.0,0,0.0,0.0,0.9919718579484426
2018-06-26,429.34,-0.06400697623719209,False,1.0,-0.06400697623719209,1.4216556291390727,0,0.0,-0.0,1.2347805999248123,0,0.0,-0.0,1.6581666870423848,0,0.0,-0.0,1.0,0,0.0,-0.0,1.0,0,0.0,-0.0,1.0,0,0.0,-0.0,1.0,0,0.0,-0.0,0.9919718579484426
2018-06-27,441.64,0.02864862346857966,False,1.0,0.02864862346857966,1.4623841059602647,0,0.0,0.0,1.2347805999248123,0,0.0,0.0,1.6581666870423848,0,0.0,0.0,1.0,0,0.0,0.0,1.0,0,0.0,0.0,1.0,0,0.0,0.0,1.0,0,0.0,0.0,0.9919718579484426
2018-06-28,420.22,-0.04850104157232127,False,1.0,-0.04850104157232127,1.391456953642384,0,0.0,-0.0,1.2347805999248123,0,0.0,-0.0,1.6581666870423848,0,0.0,-0.0,1.0,0,0.0,-0.0,1.0,0,0.0,-0.0,1.0,0,0.0,-0.0,1.0,0,0.0,-0.0,0.9919718579484426
2018-06-29,434.77,0.03462472038456044,False,1.0,0.03462472038456044,1.4396357615894038,0,0.0,0.0,1.2347805999248123,0,0.0,0.0,1.6581666870423848,0,0.0,0.0,1.0,0,0.0,0.0,1.0,0,0.0,0.0,1.0,0,0.0,0.0,1.0,0,0.0,0.0,0.9919718579484426
2018-06-30,454.09,0.044437288681371756,False,1.0,0.044437288681371756,1.5036092715231786,0,0.0,0.0,1.2347805999248123,0,0.0,0.0,1.6581666870423848,0,0.0,0.0,1.0,0,0.0,0.0,1.0,0,0.0,0.0,1.0,0,0.0,0.0,1.0,0,0.0,0.0,0.9919718579484426
2018-07-01,452.1,-0.004382391155938192,False,1.0,-0.004382391155938192,1.4970198675496686,0,0.0,-0.0,1.2347805999248123,0,0.0,-0.0,1.6581666870423848,0,0.0,-0.0,1.0,0,0.0,-0.0,1.0,0,0.0,-0.0,1.0,0,0.0,-0.0,1.0,0,0.0,-0.0,0.9919718579484426
2018-07-02,476.25,0.053417385534173745,False,1.0,0.053417385534173745,1.576986754966887,0,0.0,0.0,1.2347805999248123,0,0.0,0.0,1.6581666870423848,0,0.0,0.0,1.0,0,0.0,0.0,1.0,0,0.0,0.0,1.0,0,0.0,0.0,1.0,0,0.0,0.0,0.9919718579484426
2018-07-03,461.82,-0.030299212598425163,False,1.0,-0.030299212598425163,1.5292052980132447,0,0.0,-0.0,1.2347805999248123,0,0.0,-0.0,1.6581666870423848,0,0.0,-0.0,1.0,0,0.0,-0.0,1.0,0,0.0,-0.0,1.0,0,0.0,-0.0,1.0,0,0.0,-0.0,0.9919718579484426
2018-07-04,467.38,0.012039322679831876,False,1.0,0.012039322679831876,1.5476158940397347,0,0.0,0.0,1.2347805999248123,0,0.0,0.0,1.6581666870423848,0,0.0,0.0,1.0,0,0.0,0.0,1.0,0,0.0,0.0,1.0,0,0.0,0.0,1.0,0,0.0,0.0,0.9919718579484426
2018-07-05,467.87,0.0010483974496127146,False,1.0,0.0010483974496127146,1.549238410596026,0,0.0,0.0,1.2347805999248123,0,0.0,0.0,1.6581666870423848,0,0.0,0.0,1.0,0,0.0,0.0,1.0,0,0.0,0.0,1.0,0,0.0,0.0,1.0,0,0.0,0.0,0.9919718579484426
2018-07-06,470.47,0.005557099194220649,False,1.0,0.005557099194220649,1.5578476821192049,0,0.0,0.0,1.2347805999248123,0,0.0,0.0,1.6581666870423848,0,0.0,0.0,1.0,0,0.0,0.0,1.0,0,0.0,0.0,1.0,0,0.0,0.0,1.0,0,0.0,0.0,0.9919718579484426
2018-07-07,485.57,0.032095564010457656,False,1.0,0.032095564010457656,1.607847682119205,0,0.0,0.0,1.2347805999248123,0,0.0,0.0,1.6581666870423848,0,0.0,0.0,1.0,0,0.0,0.0,1.0,0,0.0,0.0,1.0,0,0.0,0.0,1.0,0,0.0,0.0,0.9919718579484426
2018-07-08,486.77,0.0024713223634078574,False,1.0,0.0024713223634078574,1.6118211920529797,0,0.0,0.0,1.2347805999248123,0,0.0,0.0,1.6581666870423848,0,0.0,0.0,1.0,0,0.0,0.0,1.0,0,0.0,0.0,1.0,0,0.0,0.0,1.0,0,0.0,0.0,0.9919718579484426
2018-07-09,471.71,-0.030938636316946377,False,1.0,-0.030938636316946377,1.5619536423841056,0,0.0,-0.0,1.2347805999248123,0,0.0,-0.0,1.6581666870423848,0,0.0,-0.0,1.0,0,0.0,-0.0,1.0,0,0.0,-0.0,1.0,0,0.0,-0.0,1.0,0,0.0,-0.0,0.9919718579484426
2018-07-10,432.48,-0.08316550422929336,False,1.0,-0.08316550422929336,1.4320529801324502,0,0.0,-0.0,1.2347805999248123,0,0.0,-0.0,1.6581666870423848,0,0.0,-0.0,1.0,0,0.0,-0.0,1.0,0,0.0,-0.0,1.0,0,0.0,-0.0,1.0,0,0.0,-0.0,0.9919718579484426
2018-07-11,444.99,0.028926193118756993,False,1.0,0.028926193118756993,1.4734768211920528,0,0.0,0.0,1.2347805999248123,0,0.0,0.0,1.6581666870423848,0,0.0,0.0,1.0,0,0.0,0.0,1.0,0,0.0,0.0,1.0,0,0.0,0.0,1.0,0,0.0,0.0,0.9919718579484426
2018-07-12,431.14,-0.03112429492797597,False,1.0,-0.03112429492797597,1.4276158940397348,0,0.0,-0.0,1.2347805999248123,0,0.0,-0.0,1.6581666870423848,0,0.0,-0.0,1.0,0,0.0,-0.0,1.0,0,0.0,-0.0,1.0,0,0.0,-0.0,1.0,0,0.0,-0.0,0.9919718579484426
2018-07-13,432.46,0.0030616505079557044,False,1.0,0.0030616505079557044,1.4319867549668872,0,0.0,0.0,1.2347805999248123,0,0.0,0.0,1.6581666870423848,0,0.0,0.0,1.0,0,0.0,0.0,1.0,0,0.0,0.0,1.0,0,0.0,0.0,1.0,0,0.0,0.0,0.9919718579484426
2018-07-14,433.19,0.0016880173888915717,False,1.0,0.0016880173888915717,1.4344039735099336,0,0.0,0.0,1.2347805999248123,0,0.0,0.0,1.6581666870423848,0,0.0,0.0,1.0,0,0.0,0.0,1.0,0,0.0,0.0,1.0,0,0.0,0.0,1.0,0,0.0,0.0,0.9919718579484426
2018-07-15,449.78,0.038297282947436395,False,1.0,0.038297282947436395,1.4893377483443706,0,0.0,0.0,1.2347805999248123,0,0.0,0.0,1.6581666870423848,0,0.0,0.0,1.0,0,0.0,0.0,1.0,0,0.0,0.0,1.0,0,0.0,0.0,1.0,0,0.0,0.0,0.9919718579484426
2018-07-16,478.49,0.06383120636755746,True,1.0,0.06383120636755746,1.5844039735099336,0,0.0,0.0,1.2347805999248123,0,0.0,0.0,1.6581666870423848,0,0.0,0.0,1.0,0,0.0,0.0,1.0,0,0.0,0.0,1.0,0,0.0,0.0,1.0,0,0.0,0.0,0.9919718579484426
2018-07-17,498.76,0.04236243181675681,True,1.0,0.04236243181675681,1.6515231788079467,0,0.0,0.0,1.2347805999248123,0,0.0,0.0,1.6581666870423848,0,0.0,0.0,1.0,0,0.0,0.0,1.0,0,0.0,0.0,1.0,0,0.0,0.0,1.0,0,0.0,0.0,0.9919718579484426
2018-07-18,479.41,-0.038796214612238256,True,1.0,-0.038796214612238256,1.5874503311258277,0,0.0,-0.0,1.2347805999248123,0,0.0,-0.0,1.6581666870423848,0,0.0,-0.0,1.0,0,0.0,-0.0,1.0,0,0.0,-0.0,1.0,0,0.0,-0.0,1.0,0,0.0,-0.0,0.9919718579484426
2018-07-19,468.57,-0.022611126175924645,True,1.0,-0.022611126175924645,1.5515562913907281,0,0.0,-0.0,1.2347805999248123,0,0.0,-0.0,1.6581666870423848,0,0.0,-0.0,1.0,0,0.0,-0.0,1.0,0,0.0,-0.0,1.0,0,0.0,-0.0,1.0,0,0.0,-0.0,0.9919718579484426
2018-07-20,449.04,-0.04168000512196679,False,1.0,-0.04168000512196679,1.486887417218543,0,0.0,-0.0,1.2347805999248123,0,0.0,-0.0,1.6581666870423848,0,0.0,-0.0,1.0,0,0.0,-0.0,1.0,0,0.0,-0.0,1.0,0,0.0,-0.0,1.0,0,0.0,-0.0,0.9919718579484426
2018-07-21,460.23,0.024919828968466007,True,1.0,0.024919828968466007,1.523940397350993,0,0.0,0.0,1.2347805999248123,0,0.0,0.0,1.6581666870423848,0,0.0,0.0,1.0,0,0.0,0.0,1.0,0,0.0,0.0,1.0,0,0.0,0.0,1.0,0,0.0,0.0,0.9919718579484426
2018-07-22,457.47,-0.0059970014992503096,False,1.0,-0.0059970014992503096,1.514801324503311,0,0.0,-0.0,1.2347805999248123,0,0.0,-0.0,1.6581666870423848,0,0.0,-0.0,1.0,0,0.0,-0.0,1.0,0,0.0,-0.0,1.0,0,0.0,-0.0,1.0,0,0.0,-0.0,0.9919718579484426
2018-07-23,450.05,-0.016219642818108282,False,1.0,-0.016219642818108282,1.49023178807947,0,0.0,-0.0,1.2347805999248123,0,0.0,-0.0,1.6581666870423848,0,0.0,-0.0,1.0,0,0.0,-0.0,1.0,0,0.0,-0.0,1.0,0,0.0,-0.0,1.0,0,0.0,-0.0,0.9919718579484426
2018-07-24,479.28,0.06494833907343622,True,1.0,0.06494833907343622,1.5870198675496685,0,0.0,0.0,1.2347805999248123,0,0.0,0.0,1.6581666870423848,0,0.0,0.0,1.0,0,0.0,0.0,1.0,0,0.0,0.0,1.0,0,0.0,0.0,1.0,0,0.0,0.0,0.9919718579484426
2018-07-25,472.1,-0.0149808045401435,True,1.0,-0.0149808045401435,1.5632450331125824,0,0.0,-0.0,1.2347805999248123,0,0.0,-0.0,1.6581666870423848,0,0.0,-0.0,1.0,0,0.0,-0.0,1.0,0,0.0,-0.0,1.0,0,0.0,-0.0,1.0,0,0.0,-0.0,0.9919718579484426
2018-07-26,462.64,-0.02003812751535694,False,1.0,-0.02003812751535694,1.531920529801324,0,0.0,-0.0,1.2347805999248123,0,0.0,-0.0,1.6581666870423848,0,0.0,-0.0,1.0,0,0.0,-0.0,1.0,0,0.0,-0.0,1.0,0,0.0,-0.0,1.0,0,0.0,-0.0,0.9919718579484426
2018-07-27,470.09,0.016103233615770263,False,1.0,0.016103233615770263,1.5565894039735093,0,0.0,0.0,1.2347805999248123,0,0.0,0.0,1.6581666870423848,0,0.0,0.0,1.0,0,0.0,0.0,1.0,0,0.0,0.0,1.0,0,0.0,0.0,1.0,0,0.0,0.0,0.9919718579484426
2018-07-28,469.29,-0.0017018017826372356,False,1.0,-0.0017018017826372356,1.5539403973509929,0,0.0,-0.0,1.2347805999248123,0,0.0,-0.0,1.6581666870423848,0,0.0,-0.0,1.0,0,0.0,-0.0,1.0,0,0.0,-0.0,1.0,0,0.0,-0.0,1.0,0,0.0,-0.0,0.9919718579484426
2018-07-29,466.4,-0.006158239041957114,False,1.0,-0.006158239041957114,1.5443708609271516,0,0.0,-0.0,1.2347805999248123,0,0.0,-0.0,1.6581666870423848,0,0.0,-0.0,1.0,0,0.0,-0.0,1.0,0,0.0,-0.0,1.0,0,0.0,-0.0,1.0,0,0.0,-0.0,0.9919718579484426
2018-07-30,456.23,-0.021805317324185114,True,1.0,-0.021805317324185114,1.51069536423841,0,0.0,-0.0,1.2347805999248123,0,0.0,-0.0,1.6581666870423848,0,0.0,-0.0,1.0,0,0.0,-0.0,1.0,0,0.0,-0.0,1.0,0,0.0,-0.0,1.0,0,0.0,-0.0,0.9919718579484426
2018-07-31,432.22,-0.05262696446967541,False,1.0,-0.05262696446967541,1.4311920529801319,0,0.0,-0.0,1.2347805999248123,0,0.0,-0.0,1.6581666870423848,0,0.0,-0.0,1.0,0,0.0,-0.0,1.0,0,0.0,-0.0,1.0,0,0.0,-0.0,1.0,0,0.0,-0.0,0.9919718579484426
2018-08-01,420.41,-0.02732404793854981,False,1.0,-0.02732404793854981,1.3920860927152312,0,0.0,-0.0,1.2347805999248123,0,0.0,-0.0,1.6581666870423848,0,0.0,-0.0,1.0,0,0.0,-0.0,1.0,0,0.0,-0.0,1.0,0,0.0,-0.0,1.0,0,0.0,-0.0,0.9919718579484426
2018-08-02,410.62,-0.023286791465474188,False,1.0,-0.023286791465474188,1.359668874172185,0,0.0,-0.0,1.2347805999248123,0,0.0,-0.0,1.6581666870423848,0,0.0,-0.0,1.0,0,0.0,-0.0,1.0,0,0.0,-0.0,1.0,0,0.0,-0.0,1.0,0,0.0,-0.0,0.9919718579484426
2018-08-03,417.52,0.016803857581218606,False,1.0,0.016803857581218606,1.3825165562913901,0,0.0,0.0,1.2347805999248123,0,0.0,0.0,1.6581666870423848,0,0.0,0.0,1.0,0,0.0,0.0,1.0,0,0.0,0.0,1.0,0,0.0,0.0,1.0,0,0.0,0.0,0.9919718579484426
2018-08-04,407.21,-0.024693427859743267,False,1.0,-0.024693427859743267,1.3483774834437081,0,0.0,-0.0,1.2347805999248123,0,0.0,-0.0,1.6581666870423848,0,0.0,-0.0,1.0,0,0.0,-0.0,1.0,0,0.0,-0.0,1.0,0,0.0,-0.0,1.0,0,0.0,-0.0,0.9919718579484426
2018-08-05,408.79,0.003880061884531383,False,1.0,0.003880061884531383,1.3536092715231784,0,0.0,0.0,1.2347805999248123,0,0.0,0.0,1.6581666870423848,0,0.0,0.0,1.0,0,0.0,0.0,1.0,0,0.0,0.0,1.0,0,0.0,0.0,1.0,0,0.0,0.0,0.9919718579484426
2018-08-06,405.28,-0.008586315712224013,False,1.0,-0.008586315712224013,1.341986754966887,0,0.0,-0.0,1.2347805999248123,0,0.0,-0.0,1.6581666870423848,0,0.0,-0.0,1.0,0,0.0,-0.0,1.0,0,0.0,-0.0,1.0,0,0.0,-0.0,1.0,0,0.0,-0.0,0.9919718579484426
2018-08-07,378.21,-0.0667933280694828,False,1.0,-0.0667933280694828,1.252350993377483,0,0.0,-0.0,1.2347805999248123,0,0.0,-0.0,1.6581666870423848,0,0.0,-0.0,1.0,0,0.0,-0.0,1.0,0,0.0,-0.0,1.0,0,0.0,-0.0,1.0,0,0.0,-0.0,0.9919718579484426
2018-08-08,355.48,-0.06009888686179621,False,1.0,-0.06009888686179621,1.1770860927152316,0,0.0,-0.0,1.2347805999248123,0,0.0,-0.0,1.6581666870423848,0,0.0,-0.0,1.0,0,0.0,-0.0,1.0,0,0.0,-0.0,1.0,0,0.0,-0.0,1.0,0,0.0,-0.0,0.9919718579484426
2018-08-09,363.3,0.02199842466524138,False,1.0,0.02199842466524138,1.2029801324503309,0,0.0,0.0,1.2347805999248123,0,0.0,0.0,1.6581666870423848,0,0.0,0.0,1.0,0,0.0,0.0,1.0,0,0.0,0.0,1.0,0,0.0,0.0,1.0,0,0.0,0.0,0.9919718579484426
2018-08-10,331.81,-0.08667767685108729,False,1.0,-0.08667767685108729,1.0987086092715228,0,0.0,-0.0,1.2347805999248123,0,0.0,-0.0,1.6581666870423848,0,0.0,-0.0,1.0,0,0.0,-0.0,1.0,0,0.0,-0.0,1.0,0,0.0,-0.0,1.0,0,0.0,-0.0,0.9919718579484426
2018-08-11,317.69,-0.042554473945932925,False,1.0,-0.042554473945932925,1.0519536423841056,0,0.0,-0.0,1.2347805999248123,0,0.0,-0.0,1.6581666870423848,0,0.0,-0.0,1.0,0,0.0,-0.0,1.0,0,0.0,-0.0,1.0,0,0.0,-0.0,1.0,0,0.0,-0.0,0.9919718579484426
2018-08-12,317.89,0.0006295445245365627,False,1.0,0.0006295445245365627,1.0526158940397348,0,0.0,0.0,1.2347805999248123,0,0.0,0.0,1.6581666870423848,0,0.0,0.0,1.0,0,0.0,0.0,1.0,0,0.0,0.0,1.0,0,0.0,0.0,1.0,0,0.0,0.0,0.9919718579484426
2018-08-13,283.81,-0.10720689546698536,False,1.0,-0.10720689546698536,0.9397682119205296,0,0.0,-0.0,1.2347805999248123,0,0.0,-0.0,1.6581666870423848,0,0.0,-0.0,1.0,0,0.0,-0.0,1.0,0,0.0,-0.0,1.0,0,0.0,-0.0,1.0,0,0.0,-0.0,0.9919718579484426
2018-08-14,278.41,-0.01902681371339976,False,1.0,-0.01902681371339976,0.921887417218543,0,0.0,-0.0,1.2347805999248123,0,0.0,-0.0,1.6581666870423848,0,0.0,-0.0,1.0,0,0.0,-0.0,1.0,0,0.0,-0.0,1.0,0,0.0,-0.0,1.0,0,0.0,-0.0,0.9919718579484426
2018-08-15,281.12,0.009733845767034177,False,1.0,0.009733845767034177,0.9308609271523177,0,0.0,0.0,1.2347805999248123,0,0.0,0.0,1.6581666870423848,0,0.0,0.0,1.0,0,0.0,0.0,1.0,0,0.0,0.0,1.0,0,0.0,0.0,1.0,0,0.0,0.0,0.9919718579484426
2018-08-16,287.17,0.02152105862265219,False,1.0,0.02152105862265219,0.9508940397350991,0,0.0,0.0,1.2347805999248123,0,0.0,0.0,1.6581666870423848,0,0.0,0.0,1.0,0,0.0,0.0,1.0,0,0.0,0.0,1.0,0,0.0,0.0,1.0,0,0.0,0.0,0.9919718579484426
2018-08-17,317.51,0.10565170456524009,False,1.0,0.10565170456524009,1.0513576158940394,0,0.0,0.0,1.2347805999248123,0,0.0,0.0,1.6581666870423848,0,0.0,0.0,1.0,0,0.0,0.0,1.0,0,0.0,0.0,1.0,0,0.0,0.0,1.0,0,0.0,0.0,0.9919718579484426
2018-08-18,294.11,-0.07369846619004117,False,1.0,-0.07369846619004117,0.9738741721854303,0,0.0,-0.0,1.2347805999248123,0,0.0,-0.0,1.6581666870423848,0,0.0,-0.0,1.0,0,0.0,-0.0,1.0,0,0.0,-0.0,1.0,0,0.0,-0.0,1.0,0,0.0,-0.0,0.9919718579484426
2018-08-19,299.42,0.01805446941620481,False,1.0,0.01805446941620481,0.9914569536423838,0,0.0,0.0,1.2347805999248123,0,0.0,0.0,1.6581666870423848,0,0.0,0.0,1.0,0,0.0,0.0,1.0,0,0.0,0.0,1.0,0,0.0,0.0,1.0,0,0.0,0.0,0.9919718579484426
2018-08-20,270.51,-0.09655333645047104,False,1.0,-0.09655333645047104,0.8957284768211917,0,0.0,-0.0,1.2347805999248123,0,0.0,-0.0,1.6581666870423848,0,0.0,-0.0,1.0,0,0.0,-0.0,1.0,0,0.0,-0.0,1.0,0,0.0,-0.0,1.0,0,0.0,-0.0,0.9919718579484426
2018-08-21,281.21,0.03955491479058071,False,1.0,0.03955491479058071,0.9311589403973506,0,0.0,0.0,1.2347805999248123,0,0.0,0.0,1.6581666870423848,0,0.0,0.0,1.0,0,0.0,0.0,1.0,0,0.0,0.0,1.0,0,0.0,0.0,1.0,0,0.0,0.0,0.9919718579484426
2018-08-22,270.8,-0.03701859820063291,False,1.0,-0.03701859820063291,0.896688741721854,0,0.0,-0.0,1.2347805999248123,0,0.0,-0.0,1.6581666870423848,0,0.0,-0.0,1.0,0,0.0,-0.0,1.0,0,0.0,-0.0,1.0,0,0.0,-0.0,1.0,0,0.0,-0.0,0.9919718579484426
2018-08-23,275.99,0.019165435745937875,False,1.0,0.019165435745937875,0.9138741721854301,0,0.0,0.0,1.2347805999248123,0,0.0,0.0,1.6581666870423848,0,0.0,0.0,1.0,0,0.0,0.0,1.0,0,0.0,0.0,1.0,0,0.0,0.0,1.0,0,0.0,0.0,0.9919718579484426
2018-08-24,281.19,0.018841262364578393,False,1.0,0.018841262364578393,0.9310927152317877,0,0.0,0.0,1.2347805999248123,0,0.0,0.0,1.6581666870423848,0,0.0,0.0,1.0,0,0.0,0.0,1.0,0,0.0,0.0,1.0,0,0.0,0.0,1.0,0,0.0,0.0,0.9919718579484426
2018-08-25,277.55,-0.012944983818770184,False,1.0,-0.012944983818770184,0.9190397350993375,0,0.0,-0.0,1.2347805999248123,0,0.0,-0.0,1.6581666870423848,0,0.0,-0.0,1.0,0,0.0,-0.0,1.0,0,0.0,-0.0,1.0,0,0.0,-0.0,1.0,0,0.0,-0.0,0.9919718579484426
2018-08-26,274.29,-0.011745631417762525,False,1.0,-0.011745631417762525,0.9082450331125825,0,0.0,-0.0,1.2347805999248123,0,0.0,-0.0,1.6581666870423848,0,0.0,-0.0,1.0,0,0.0,-0.0,1.0,0,0.0,-0.0,1.0,0,0.0,-0.0,1.0,0,0.0,-0.0,0.9919718579484426
2018-08-27,287.71,0.04892631885960097,False,1.0,0.04892631885960097,0.9526821192052976,0,0.0,0.0,1.2347805999248123,0,0.0,0.0,1.6581666870423848,0,0.0,0.0,1.0,0,0.0,0.0,1.0,0,0.0,0.0,1.0,0,0.0,0.0,1.0,0,0.0,0.0,0.9919718579484426
2018-08-28,295.44,0.026867331688158247,False,1.0,0.026867331688158247,0.9782781456953638,0,0.0,0.0,1.2347805999248123,0,0.0,0.0,1.6581666870423848,0,0.0,0.0,1.0,0,0.0,0.0,1.0,0,0.0,0.0,1.0,0,0.0,0.0,1.0,0,0.0,0.0,0.9919718579484426
2018-08-29,288.4,-0.02382886542106699,False,1.0,-0.02382886542106699,0.9549668874172179,0,0.0,-0.0,1.2347805999248123,0,0.0,-0.0,1.6581666870423848,0,0.0,-0.0,1.0,0,0.0,-0.0,1.0,0,0.0,-0.0,1.0,0,0.0,-0.0,1.0,0,0.0,-0.0,0.9919718579484426
2018-08-30,283.89,-0.01563800277392502,False,1.0,-0.01563800277392502,0.9400331125827809,0,0.0,-0.0,1.2347805999248123,0,0.0,-0.0,1.6581666870423848,0,0.0,-0.0,1.0,0,0.0,-0.0,1.0,0,0.0,-0.0,1.0,0,0.0,-0.0,1.0,0,0.0,-0.0,0.9919718579484426
2018-08-31,281.41,-0.008735777942160516,False,1.0,-0.008735777942160516,0.9318211920529798,0,0.0,-0.0,1.2347805999248123,0,0.0,-0.0,1.6581666870423848,0,0.0,-0.0,1.0,0,0.0,-0.0,1.0,0,0.0,-0.0,1.0,0,0.0,-0.0,1.0,0,0.0,-0.0,0.9919718579484426
2018-09-01,295.71,0.050815536050602184,False,1.0,0.050815536050602184,0.979172185430463,0,0.0,0.0,1.2347805999248123,0,0.0,0.0,1.6581666870423848,0,0.0,0.0,1.0,0,0.0,0.0,1.0,0,0.0,0.0,1.0,0,0.0,0.0,1.0,0,0.0,0.0,0.9919718579484426
2018-09-02,295.41,-0.0010145074566296763,True,1.0,-0.0010145074566296763,0.9781788079470194,1,0.0,-0.0,1.2347805999248123,0,0.0,-0.0,1.6581666870423848,0,0.0,-0.0,1.0,0,0.0,-0.0,1.0,0,0.0,-0.0,1.0,0,0.0,-0.0,1.0,0,0.0,-0.0,0.9919718579484426
2018-09-03,289.09,-0.02139399478690651,True,1.0,-0.02139399478690651,0.9572516556291384,1,1.0,-0.022393994786906513,1.2071289296071228,0,0.0,-0.0,1.6581666870423848,0,0.0,-0.0,1.0,0,0.0,-0.0,1.0,0,0.0,-0.0,1.0,0,0.0,-0.0,1.0,0,0.0,-0.0,0.9919718579484426
2018-09-04,285.3,-0.013110104119824162,True,1.0,-0.013110104119824162,0.9447019867549663,1,1.0,-0.013110104119824162,1.1913033436539215,0,0.0,-0.0,1.6581666870423848,0,0.0,-0.0,1.0,0,0.0,-0.0,1.0,0,0.0,-0.0,1.0,0,0.0,-0.0,1.0,0,0.0,-0.0,0.9919718579484426
2018-09-05,228.53,-0.19898352611286363,False,1.0,-0.19898352611286363,0.7567218543046353,0,1.0,-0.19898352611286363,0.9542536036636197,0,0.0,-0.0,1.6581666870423848,0,0.0,-0.0,1.0,0,0.0,-0.0,1.0,0,0.0,-0.0,1.0,0,0.0,-0.0,1.0,0,0.0,-0.0,0.9919718579484426
2018-09-06,229.7,0.005119677941626932,False,1.0,0.005119677941626932,0.7605960264900659,0,1.0,0.005119677941626932,0.9591390747890143,0,0.0,0.0,1.6581666870423848,0,0.0,0.0,1.0,0,0.0,0.0,1.0,0,0.0,0.0,1.0,0,0.0,0.0,1.0,0,0.0,0.0,0.9919718579484426
2018-09-07,215.22,-0.0630387461906835,False,1.0,-0.0630387461906835,0.7126490066225162,0,1.0,-0.0630387461906835,0.8986761500918226,0,0.0,-0.0,1.6581666870423848,0,0.0,-0.0,1.0,0,0.0,-0.0,1.0,0,0.0,-0.0,1.0,0,0.0,-0.0,1.0,0,0.0,-0.0,0.9919718579484426
2018-09-08,196.71,-0.08600501812099248,False,1.0,-0.08600501812099248,0.6513576158940394,0,1.0,-0.08600501812099248,0.8213854915182716,0,0.0,-0.0,1.6581666870423848,0,0.0,-0.0,1.0,0,0.0,-0.0,1.0,0,0.0,-0.0,1.0,0,0.0,-0.0,1.0,0,0.0,-0.0,0.9919718579484426
2018-09-09,195.81,-0.004575263077627012,False,1.0,-0.004575263077627012,0.6483774834437083,0,1.0,-0.004575263077627012,0.8176274368064295,0,0.0,-0.0,1.6581666870423848,0,0.0,-0.0,1.0,0,0.0,-0.0,1.0,0,0.0,-0.0,1.0,0,0.0,-0.0,1.0,0,0.0,-0.0,0.9919718579484426
2018-09-10,197.15,0.006843368571574526,False,1.0,0.006843368571574526,0.6528145695364235,0,1.0,0.006843368571574526,0.8232227627107276,0,0.0,0.0,1.6581666870423848,0,0.0,0.0,1.0,0,0.0,0.0,1.0,0,0.0,0.0,1.0,0,0.0,0.0,1.0,0,0.0,0.0,0.9919718579484426
2018-09-11,185.18,-0.06071519147856963,False,1.0,-0.06071519147856963,0.6131788079470195,0,1.0,-0.06071519147856963,0.7732406350432287,0,0.0,-0.0,1.6581666870423848,0,0.0,-0.0,1.0,0,0.0,-0.0,1.0,0,0.0,-0.0,1.0,0,0.0,-0.0,1.0,0,0.0,-0.0,0.9919718579484426
2018-09-12,183.12,-0.01112431148072146,False,1.0,-0.01112431148072146,0.6063576158940394,0,1.0,-0.01112431148072146,0.7646388653694569,0,0.0,-0.0,1.6581666870423848,0,0.0,-0.0,1.0,0,0.0,-0.0,1.0,0,0.0,-0.0,1.0,0,0.0,-0.0,1.0,0,0.0,-0.0,0.9919718579484426
2018-09-13,210.68,0.1505024027959807,False,1.0,0.1505024027959807,0.6976158940397347,0,1.0,0.1505024027959807,0.8797188518787525,0,0.0,0.0,1.6581666870423848,0,0.0,0.0,1.0,0,0.0,0.0,1.0,0,0.0,0.0,1.0,0,0.0,0.0,1.0,0,0.0,0.0,0.9919718579484426
2018-09-14,208.82,-0.008828555154737128,False,1.0,-0.008828555154737128,0.6914569536423836,0,1.0,-0.008828555154737128,0.871952205474279,0,0.0,-0.0,1.6581666870423848,0,0.0,-0.0,1.0,0,0.0,-0.0,1.0,0,0.0,-0.0,1.0,0,0.0,-0.0,1.0,0,0.0,-0.0,0.9919718579484426
2018-09-15,221.29,0.05971650225074221,False,1.0,0.05971650225074221,0.7327483443708603,0,1.0,0.05971650225074221,0.9240221413150234,0,0.0,0.0,1.6581666870423848,0,0.0,0.0,1.0,0,0.0,0.0,1.0,0,0.0,0.0,1.0,0,0.0,0.0,1.0,0,0.0,0.0,0.9919718579484426
2018-09-16,220.17,-0.005061231867684923,False,1.0,-0.005061231867684923,0.7290397350993372,0,1.0,-0.005061231867684923,0.9193454510069533,0,0.0,-0.0,1.6581666870423848,0,0.0,-0.0,1.0,0,0.0,-0.0,1.0,0,0.0,-0.0,1.0,0,0.0,-0.0,1.0,0,0.0,-0.0,0.9919718579484426
2018-09-17,196.16,-0.10905209610755318,False,1.0,-0.10905209610755318,0.6495364238410591,0,1.0,-0.10905209610755318,0.8190889025277012,0,0.0,-0.0,1.6581666870423848,0,0.0,-0.0,1.0,0,0.0,-0.0,1.0,0,0.0,-0.0,1.0,0,0.0,-0.0,1.0,0,0.0,-0.0,0.9919718579484426
2018-09-18,208.17,0.06122553017944532,False,1.0,0.06122553017944532,0.6893046357615888,0,1.0,0.06122553017944532,0.8692380548490597,0,0.0,0.0,1.6581666870423848,0,0.0,0.0,1.0,0,0.0,0.0,1.0,0,0.0,0.0,1.0,0,0.0,0.0,1.0,0,0.0,0.0,0.9919718579484426
2018-09-19,209.79,0.0077821011673151474,False,1.0,0.0077821011673151474,0.6946688741721848,0,1.0,0.0077821011673151474,0.8760025533303754,0,0.0,0.0,1.6581666870423848,0,0.0,0.0,1.0,0,0.0,0.0,1.0,0,0.0,0.0,1.0,0,0.0,0.0,1.0,0,0.0,0.0,0.9919718579484426
2018-09-20,224.0,0.06773440106773454,False,1.0,0.06773440106773454,0.7417218543046352,0,1.0,0.06773440106773454,0.9353380616140146,0,0.0,0.0,1.6581666870423848,0,0.0,0.0,1.0,0,0.0,0.0,1.0,0,0.0,0.0,1.0,0,0.0,0.0,1.0,0,0.0,0.0,0.9919718579484426
2018-09-21,247.73,0.10593750000000002,False,1.0,0.10593750000000002,0.8202980132450325,0,1.0,0.10593750000000002,1.0344254375162492,0,0.0,0.0,1.6581666870423848,0,0.0,0.0,1.0,0,0.0,0.0,1.0,0,0.0,0.0,1.0,0,0.0,0.0,1.0,0,0.0,0.0,0.9919718579484426
2018-09-22,241.01,-0.027126306866346428,False,1.0,-0.027126306866346428,0.7980463576158934,0,1.0,-0.027126306866346428,1.0063652956678286,0,0.0,-0.0,1.6581666870423848,0,0.0,-0.0,1.0,0,0.0,-0.0,1.0,0,0.0,-0.0,1.0,0,0.0,-0.0,1.0,0,0.0,-0.0,0.9919718579484426
2018-09-23,244.5,0.014480726940790944,False,1.0,0.014480726940790944,0.8096026490066219,0,1.0,0.014480726940790944,1.0209381967170827,0,0.0,0.0,1.6581666870423848,0,0.0,0.0,1.0,0,0.0,0.0,1.0,0,0.0,0.0,1.0,0,0.0,0.0,1.0,0,0.0,0.0,0.9919718579484426
2018-09-24,228.06,-0.06723926380368095,False,1.0,-0.06723926380368095,0.7551655629139068,0,1.0,-0.06723926380368095,0.9522910639807685,0,0.0,-0.0,1.6581666870423848,0,0.0,-0.0,1.0,0,0.0,-0.0,1.0,0,0.0,-0.0,1.0,0,0.0,-0.0,1.0,0,0.0,-0.0,0.9919718579484426
2018-09-25,219.62,-0.037007804963606006,False,1.0,-0.037007804963606006,0.7272185430463572,0,0.0,-0.001,0.9513387729167877,0,0.0,-0.0,1.6581666870423848,0,0.0,-0.0,1.0,0,0.0,-0.0,1.0,0,0.0,-0.0,1.0,0,0.0,-0.0,1.0,0,0.0,-0.0,0.9919718579484426
2018-09-26,214.42,-0.023677260723067195,False,1.0,-0.023677260723067195,0.7099999999999996,0,0.0,-0.0,0.9513387729167877,0,0.0,-0.0,1.6581666870423848,0,0.0,-0.0,1.0,0,0.0,-0.0,1.0,0,0.0,-0.0,1.0,0,0.0,-0.0,1.0,0,0.0,-0.0,0.9919718579484426
2018-09-27,229.13,0.06860367503031428,True,1.0,0.06860367503031428,0.7587086092715227,1,0.0,0.0,0.9513387729167877,0,0.0,0.0,1.6581666870423848,0,0.0,0.0,1.0,0,0.0,0.0,1.0,0,0.0,0.0,1.0,0,0.0,0.0,1.0,0,0.0,0.0,0.9919718579484426
2018-09-28,221.84,-0.031815999650853244,True,1.0,-0.031815999650853244,0.7345695364238406,1,1.0,-0.032815999650853245,0.9201196400769073,0,0.0,-0.0,1.6581666870423848,0,0.0,-0.0,1.0,0,0.0,-0.0,1.0,0,0.0,-0.0,1.0,0,0.0,-0.0,1.0,0,0.0,-0.0,0.9919718579484426
2018-09-29,231.62,0.04408582762351254,True,1.0,0.04408582762351254,0.7669536423841056,1,1.0,0.04408582762351254,0.9606838759223462,0,0.0,0.0,1.6581666870423848,0,0.0,0.0,1.0,0,0.0,0.0,1.0,0,0.0,0.0,1.0,0,0.0,0.0,1.0,0,0.0,0.0,0.9919718579484426
2018-09-30,232.94,0.005698989724548742,True,1.0,0.005698989724548742,0.7713245033112578,1,1.0,0.005698989724548742,0.9661588034597672,0,0.0,0.0,1.6581666870423848,0,0.0,0.0,1.0,0,0.0,0.0,1.0,0,0.0,0.0,1.0,0,0.0,0.0,1.0,0,0.0,0.0,0.9919718579484426
2018-10-01,231.61,-0.005709624796084722,True,1.0,-0.005709624796084722,0.7669205298013241,1,1.0,-0.005709624796084722,0.9606423991985779,0,0.0,-0.0,1.6581666870423848,0,0.0,-0.0,1.0,0,0.0,-0.0,1.0,0,0.0,-0.0,1.0,0,0.0,-0.0,1.0,0,0.0,-0.0,0.9919718579484426
2018-10-02,225.69,-0.02556020897197886,True,1.0,-0.02556020897197886,0.7473178807947015,1,1.0,-0.02556020897197886,0.9360881787277191,0,0.0,-0.0,1.6581666870423848,0,0.0,-0.0,1.0,0,0.0,-0.0,1.0,0,0.0,-0.0,1.0,0,0.0,-0.0,1.0,0,0.0,-0.0,0.9919718579484426
2018-10-03,220.77,-0.021799813904027632,True,1.0,-0.021799813904027632,0.7310264900662247,1,1.0,-0.021799813904027632,0.9156816306336947,0,0.0,-0.0,1.6581666870423848,0,0.0,-0.0,1.0,0,0.0,-0.0,1.0,0,0.0,-0.0,1.0,0,0.0,-0.0,1.0,0,0.0,-0.0,0.9919718579484426
2018-10-04,222.66,0.008560945780676565,True,1.0,0.008560945780676565,0.7372847682119199,1,1.0,0.008560945780676565,0.9235207314259113,0,0.0,0.0,1.6581666870423848,0,0.0,0.0,1.0,0,0.0,0.0,1.0,0,0.0,0.0,1.0,0,0.0,0.0,1.0,0,0.0,0.0,0.9919718579484426
2018-10-05,228.37,0.025644480373663958,True,1.0,0.025644480373663958,0.7561920529801318,1,1.0,0.025644480373663958,0.9472039406976348,0,0.0,0.0,1.6581666870423848,0,0.0,0.0,1.0,0,0.0,0.0,1.0,0,0.0,0.0,1.0,0,0.0,0.0,1.0,0,0.0,0.0,0.9919718579484426
2018-10-06,225.4,-0.013005210842054526,True,1.0,-0.013005210842054526,0.7463576158940392,1,1.0,-0.013005210842054526,0.9348853537384372,0,0.0,-0.0,1.6581666870423848,0,0.0,-0.0,1.0,0,0.0,-0.0,1.0,0,0.0,-0.0,1.0,0,0.0,-0.0,1.0,0,0.0,-0.0,0.9919718579484426
2018-10-07,226.14,0.0032830523513751597,True,1.0,0.0032830523513751597,0.7488079470198669,1,1.0,0.0032830523513751597,0.9379546312972944,0,0.0,0.0,1.6581666870423848,0,0.0,0.0,1.0,0,0.0,0.0,1.0,0,0.0,0.0,1.0,0,0.0,0.0,1.0,0,0.0,0.0,0.9919718579484426
2018-10-08,230.01,0.017113292650570378,True,1.0,0.017113292650570378,0.7616225165562907,1,1.0,0.017113292650570378,0.9540061233956428,0,0.0,0.0,1.6581666870423848,0,0.0,0.0,1.0,0,0.0,0.0,1.0,0,0.0,0.0,1.0,0,0.0,0.0,1.0,0,0.0,0.0,0.9919718579484426
2018-10-09,228.4,-0.006999695665405814,True,1.0,-0.006999695665405814,0.7562913907284761,1,1.0,-0.006999695665405814,0.9473283708689397,0,0.0,-0.0,1.6581666870423848,0,0.0,-0.0,1.0,0,0.0,-0.0,1.0,0,0.0,-0.0,1.0,0,0.0,-0.0,1.0,0,0.0,-0.0,0.9919718579484426
2018-10-10,226.74,-0.007267950963222414,True,1.0,-0.007267950963222414,0.7507947019867542,1,1.0,-0.007267950963222414,0.9404432347233949,0,0.0,-0.0,1.6581666870423848,0,0.0,-0.0,1.0,0,0.0,-0.0,1.0,0,0.0,-0.0,1.0,0,0.0,-0.0,1.0,0,0.0,-0.0,0.9919718579484426
2018-10-11,191.58,-0.1550674781688277,False,1.0,-0.1550674781688277,0.6343708609271517,0,1.0,-0.1550674781688277,0.7946110739539031,0,0.0,-0.0,1.6581666870423848,0,0.0,-0.0,1.0,0,0.0,-0.0,1.0,0,0.0,-0.0,1.0,0,0.0,-0.0,1.0,0,0.0,-0.0,0.9919718579484426
2018-10-12,196.96,0.02808226328426766,False,1.0,0.02808226328426766,0.6521854304635755,0,1.0,0.02808226328426766,0.8169255513412712,0,0.0,0.0,1.6581666870423848,0,0.0,0.0,1.0,0,0.0,0.0,1.0,0,0.0,0.0,1.0,0,0.0,0.0,1.0,0,0.0,0.0,0.9919718579484426
2018-10-13,201.3,0.02203493095044684,False,1.0,0.02203493095044684,0.6665562913907278,0,1.0,0.02203493095044684,0.8349264494567318,0,0.0,0.0,1.6581666870423848,0,0.0,0.0,1.0,0,0.0,0.0,1.0,0,0.0,0.0,1.0,0,0.0,0.0,1.0,0,0.0,0.0,0.9919718579484426
2018-10-14,197.01,-0.021311475409836134,False,1.0,-0.021311475409836134,0.6523509933774827,0,1.0,-0.021311475409836134,0.8171329349601129,0,0.0,-0.0,1.6581666870423848,0,0.0,-0.0,1.0,0,0.0,-0.0,1.0,0,0.0,-0.0,1.0,0,0.0,-0.0,1.0,0,0.0,-0.0,0.9919718579484426
2018-10-15,214.39,0.08821887213847002,False,1.0,0.08821887213847002,0.7099006622516547,0,1.0,0.08821887213847002,0.8892194808694918,0,0.0,0.0,1.6581666870423848,0,0.0,0.0,1.0,0,0.0,0.0,1.0,0,0.0,0.0,1.0,0,0.0,0.0,1.0,0,0.0,0.0,0.9919718579484426
2018-10-16,215.09,0.0032650776622045186,True,1.0,0.0032650776622045186,0.7122185430463568,1,1.0,0.0032650776622045186,0.8921228515332759,0,0.0,0.0,1.6581666870423848,0,0.0,0.0,1.0,0,0.0,0.0,1.0,0,0.0,0.0,1.0,0,0.0,0.0,1.0,0,0.0,0.0,0.9919718579484426
2018-10-17,212.85,-0.010414245199683925,False,1.0,-0.010414245199683925,0.7048013245033103,0,1.0,-0.010414245199683925,0.8828320654091671,0,0.0,-0.0,1.6581666870423848,0,0.0,-0.0,1.0,0,0.0,-0.0,1.0,0,0.0,-0.0,1.0,0,0.0,-0.0,1.0,0,0.0,-0.0,0.9919718579484426
2018-10-18,206.24,-0.031054733380314725,False,1.0,-0.031054733380314725,0.6829139072847673,0,1.0,-0.031054733380314725,0.8554159509982929,0,0.0,-0.0,1.6581666870423848,0,0.0,-0.0,1.0,0,0.0,-0.0,1.0,0,0.0,-0.0,1.0,0,0.0,-0.0,1.0,0,0.0,-0.0,0.9919718579484426
2018-10-19,205.0,-0.006012412723041205,False,1.0,-0.006012412723041205,0.6788079470198666,0,1.0,-0.006012412723041205,0.8502728372510184,0,0.0,-0.0,1.6581666870423848,0,0.0,-0.0,1.0,0,0.0,-0.0,1.0,0,0.0,-0.0,1.0,0,0.0,-0.0,1.0,0,0.0,-0.0,0.9919718579484426
2018-10-20,207.91,0.014195121951219525,False,1.0,0.014195121951219525,0.6884437086092705,0,1.0,0.014195121951219525,0.8623425638676061,0,0.0,0.0,1.6581666870423848,0,0.0,0.0,1.0,0,0.0,0.0,1.0,0,0.0,0.0,1.0,0,0.0,0.0,1.0,0,0.0,0.0,0.9919718579484426
2018-10-21,207.49,-0.0020201048530613663,False,1.0,-0.0020201048530613663,0.6870529801324493,0,1.0,-0.0020201048530613663,0.8606005414693357,0,0.0,-0.0,1.6581666870423848,0,0.0,-0.0,1.0,0,0.0,-0.0,1.0,0,0.0,-0.0,1.0,0,0.0,-0.0,1.0,0,0.0,-0.0,0.9919718579484426
2018-10-22,206.67,-0.003951997686635567,False,1.0,-0.003951997686635567,0.6843377483443698,0,1.0,-0.003951997686635567,0.8571994501203316,0,0.0,-0.0,1.6581666870423848,0,0.0,-0.0,1.0,0,0.0,-0.0,1.0,0,0.0,-0.0,1.0,0,0.0,-0.0,1.0,0,0.0,-0.0,0.9919718579484426
2018-10-23,205.85,-0.003967677940678316,False,1.0,-0.003967677940678316,0.6816225165562904,0,1.0,-0.003967677940678316,0.8537983587713276,0,0.0,-0.0,1.6581666870423848,0,0.0,-0.0,1.0,0,0.0,-0.0,1.0,0,0.0,-0.0,1.0,0,0.0,-0.0,1.0,0,0.0,-0.0,0.9919718579484426
2018-10-24,205.35,-0.0024289531212047244,False,1.0,-0.0024289531212047244,0.6799668874172176,0,1.0,-0.0024289531212047244,0.8517245225829105,0,0.0,-0.0,1.6581666870423848,0,0.0,-0.0,1.0,0,0.0,-0.0,1.0,0,0.0,-0.0,1.0,0,0.0,-0.0,1.0,0,0.0,-0.0,0.9919718579484426
2018-10-25,203.93,-0.006915023131239262,False,1.0,-0.006915023131239262,0.6752649006622508,0,1.0,-0.006915023131239262,0.845834827807806,0,0.0,-0.0,1.6581666870423848,0,0.0,-0.0,1.0,0,0.0,-0.0,1.0,0,0.0,-0.0,1.0,0,0.0,-0.0,1.0,0,0.0,-0.0,0.9919718579484426
2018-10-26,204.92,0.004854606972980902,False,1.0,0.004854606972980902,0.678543046357615,0,1.0,0.004854606972980902,0.8499410234608719,0,0.0,0.0,1.6581666870423848,0,0.0,0.0,1.0,0,0.0,0.0,1.0,0,0.0,0.0,1.0,0,0.0,0.0,1.0,0,0.0,0.0,0.9919718579484426
2018-10-27,204.45,-0.002293577981651418,False,1.0,-0.002293577981651418,0.6769867549668864,0,1.0,-0.002293577981651418,0.8479916174437597,0,0.0,-0.0,1.6581666870423848,0,0.0,-0.0,1.0,0,0.0,-0.0,1.0,0,0.0,-0.0,1.0,0,0.0,-0.0,1.0,0,0.0,-0.0,0.9919718579484426
2018-10-28,204.99,0.0026412325752018795,False,1.0,0.0026412325752018795,0.6787748344370852,0,1.0,0.0026412325752018795,0.8502313605272503,0,0.0,0.0,1.6581666870423848,0,0.0,0.0,1.0,0,0.0,0.0,1.0,0,0.0,0.0,1.0,0,0.0,0.0,1.0,0,0.0,0.0,0.9919718579484426
2018-10-29,196.96,-0.03917264256793018,False,1.0,-0.03917264256793018,0.6521854304635752,0,1.0,-0.03917264256793018,0.8169255513412714,0,0.0,-0.0,1.6581666870423848,0,0.0,-0.0,1.0,0,0.0,-0.0,1.0,0,0.0,-0.0,1.0,0,0.0,-0.0,1.0,0,0.0,-0.0,0.9919718579484426
2018-10-30,197.27,0.0015739236393177425,False,1.0,0.0015739236393177425,0.6532119205298005,0,1.0,0.0015739236393177425,0.8182113297780901,0,0.0,0.0,1.6581666870423848,0,0.0,0.0,1.0,0,0.0,0.0,1.0,0,0.0,0.0,1.0,0,0.0,0.0,1.0,0,0.0,0.0,0.9919718579484426
2018-10-31,198.73,0.007401023977289922,True,1.0,0.007401023977289922,0.6580463576158931,1,1.0,0.007401023977289922,0.824266931448268,0,0.0,0.0,1.6581666870423848,0,0.0,0.0,1.0,0,0.0,0.0,1.0,0,0.0,0.0,1.0,0,0.0,0.0,1.0,0,0.0,0.0,0.9919718579484426
2018-11-01,199.96,0.006189302068132729,True,1.0,0.006189302068132729,0.6621192052980124,1,1.0,0.006189302068132729,0.8293685684717742,0,0.0,0.0,1.6581666870423848,0,0.0,0.0,1.0,0,0.0,0.0,1.0,0,0.0,0.0,1.0,0,0.0,0.0,1.0,0,0.0,0.0,0.9919718579484426
2018-11-02,202.35,0.011952390478095598,True,1.0,0.011952390478095598,0.6700331125827805,1,1.0,0.011952390478095598,0.839281505452408,0,0.0,0.0,1.6581666870423848,0,0.0,0.0,1.0,0,0.0,0.0,1.0,0,0.0,0.0,1.0,0,0.0,0.0,1.0,0,0.0,0.0,0.9919718579484426
2018-11-03,200.31,-0.010081541882876133,True,1.0,-0.010081541882876133,0.6632781456953634,1,1.0,-0.010081541882876133,0.8308202538036662,0,0.0,-0.0,1.6581666870423848,0,0.0,-0.0,1.0,0,0.0,-0.0,1.0,0,0.0,-0.0,1.0,0,0.0,-0.0,1.0,0,0.0,-0.0,0.9919718579484426
2018-11-04,212.11,0.058908691528131385,False,1.0,0.058908691528131385,0.7023509933774825,0,1.0,0.058908691528131385,0.8797627878503101,0,0.0,0.0,1.6581666870423848,0,0.0,0.0,1.0,0,0.0,0.0,1.0,0,0.0,0.0,1.0,0,0.0,0.0,1.0,0,0.0,0.0,0.9919718579484426
2018-11-05,210.66,-0.006836075621140081,False,1.0,-0.006836075621140081,0.6975496688741712,0,1.0,-0.006836075621140081,0.8737486629039004,0,0.0,-0.0,1.6581666870423848,0,0.0,-0.0,1.0,0,0.0,-0.0,1.0,0,0.0,-0.0,1.0,0,0.0,-0.0,1.0,0,0.0,-0.0,0.9919718579484426
2018-11-06,220.74,0.047849615494161224,True,1.0,0.047849615494161224,0.7309271523178799,1,1.0,0.047849615494161224,0.9155572004623895,0,0.0,0.0,1.6581666870423848,0,0.0,0.0,1.0,0,0.0,0.0,1.0,0,0.0,0.0,1.0,0,0.0,0.0,1.0,0,0.0,0.0,0.9919718579484426
2018-11-07,219.07,-0.007565461629065906,True,1.0,-0.007565461629065906,0.7253973509933765,1,1.0,-0.007565461629065906,0.9086305875930764,0,0.0,-0.0,1.6581666870423848,0,0.0,-0.0,1.0,0,0.0,-0.0,1.0,0,0.0,-0.0,1.0,0,0.0,-0.0,1.0,0,0.0,-0.0,0.9919718579484426
2018-11-08,212.79,-0.028666636234993437,True,1.0,-0.028666636234993437,0.7046026490066216,1,1.0,-0.028666636234993437,0.8825832050665573,0,0.0,-0.0,1.6581666870423848,0,0.0,-0.0,1.0,0,0.0,-0.0,1.0,0,0.0,-0.0,1.0,0,0.0,-0.0,1.0,0,0.0,-0.0,0.9919718579484426
2018-11-09,210.77,-0.009492927299215137,True,1.0,-0.009492927299215137,0.6979139072847673,1,1.0,-0.009492927299215137,0.8742049068653522,0,0.0,-0.0,1.6581666870423848,0,0.0,-0.0,1.0,0,0.0,-0.0,1.0,0,0.0,-0.0,1.0,0,0.0,-0.0,1.0,0,0.0,-0.0,0.9919718579484426
2018-11-10,213.25,0.01176638041466993,True,1.0,0.01176638041466993,0.7061258278145686,1,1.0,0.01176638041466993,0.8844911343599011,0,0.0,0.0,1.6581666870423848,0,0.0,0.0,1.0,0,0.0,0.0,1.0,0,0.0,0.0,1.0,0,0.0,0.0,1.0,0,0.0,0.0,0.9919718579484426
2018-11-11,212.54,-0.003329425556858223,True,1.0,-0.003329425556858223,0.7037748344370851,1,1.0,-0.003329425556858223,0.8815462869723487,0,0.0,-0.0,1.6581666870423848,0,0.0,-0.0,1.0,0,0.0,-0.0,1.0,0,0.0,-0.0,1.0,0,0.0,-0.0,1.0,0,0.0,-0.0,0.9919718579484426
2018-11-12,212.89,0.0016467488472757807,True,1.0,0.0016467488472757807,0.7049337748344361,1,1.0,0.0016467488472757807,0.8829979723042407,0,0.0,0.0,1.6581666870423848,0,0.0,0.0,1.0,0,0.0,0.0,1.0,0,0.0,0.0,1.0,0,0.0,0.0,1.0,0,0.0,0.0,0.9919718579484426
2018-11-13,209.84,-0.014326647564469885,True,1.0,-0.014326647564469885,0.6948344370860917,1,1.0,-0.014326647564469885,0.8703475715548963,0,0.0,-0.0,1.6581666870423848,0,0.0,-0.0,1.0,0,0.0,-0.0,1.0,0,0.0,-0.0,1.0,0,0.0,-0.0,1.0,0,0.0,-0.0,0.9919718579484426
2018-11-14,187.43,-0.10679565383149059,False,1.0,-0.10679565383149059,0.6206291390728469,0,1.0,-0.10679565383149059,0.7773982335900411,0,0.0,-0.0,1.6581666870423848,0,0.0,-0.0,1.0,0,0.0,-0.0,1.0,0,0.0,-0.0,1.0,0,0.0,-0.0,1.0,0,0.0,-0.0,0.9919718579484426
2018-11-15,184.35,-0.016432801579256306,False,1.0,-0.016432801579256306,0.6104304635761582,0,1.0,-0.016432801579256306,0.7646234026693917,0,0.0,-0.0,1.6581666870423848,0,0.0,-0.0,1.0,0,0.0,-0.0,1.0,0,0.0,-0.0,1.0,0,0.0,-0.0,1.0,0,0.0,-0.0,0.9919718579484426
2018-11-16,176.89,-0.04046650393273665,False,1.0,-0.04046650393273665,0.5857284768211913,0,1.0,-0.04046650393273665,0.7336817667382083,0,0.0,-0.0,1.6581666870423848,0,0.0,-0.0,1.0,0,0.0,-0.0,1.0,0,0.0,-0.0,1.0,0,0.0,-0.0,1.0,0,0.0,-0.0,0.9919718579484426
2018-11-17,176.2,-0.003900729266775982,False,1.0,-0.003900729266775982,0.5834437086092708,0,1.0,-0.003900729266775982,0.7308198727981926,0,0.0,-0.0,1.6581666870423848,0,0.0,-0.0,1.0,0,0.0,-0.0,1.0,0,0.0,-0.0,1.0,0,0.0,-0.0,1.0,0,0.0,-0.0,0.9919718579484426
2018-11-18,178.97,0.0157207718501704,False,1.0,0.0157207718501704,0.5926158940397344,0,1.0,0.0157207718501704,0.7423089252820235,0,0.0,0.0,1.6581666870423848,0,0.0,0.0,1.0,0,0.0,0.0,1.0,0,0.0,0.0,1.0,0,0.0,0.0,1.0,0,0.0,0.0,0.9919718579484426
2018-11-19,150.81,-0.15734480639213277,False,1.0,-0.15734480639213277,0.49937086092715166,0,1.0,-0.15734480639213277,0.6255104711503714,0,0.0,-0.0,1.6581666870423848,0,0.0,-0.0,1.0,0,0.0,-0.0,1.0,0,0.0,-0.0,1.0,0,0.0,-0.0,1.0,0,0.0,-0.0,0.9919718579484426
2018-11-20,133.82,-0.11265831178303831,False,1.0,-0.11265831178303831,0.4431125827814563,0,1.0,-0.11265831178303831,0.5550415174679577,0,0.0,-0.0,1.6581666870423848,0,0.0,-0.0,1.0,0,0.0,-0.0,1.0,0,0.0,-0.0,1.0,0,0.0,-0.0,1.0,0,0.0,-0.0,0.9919718579484426
2018-11-21,138.23,0.03295471528919447,False,1.0,0.03295471528919447,0.4577152317880788,0,1.0,0.03295471528919447,0.5733327526497968,0,0.0,0.0,1.6581666870423848,0,0.0,0.0,1.0,0,0.0,0.0,1.0,0,0.0,0.0,1.0,0,0.0,0.0,1.0,0,0.0,0.0,0.9919718579484426
2018-11-22,126.63,-0.08391810750198936,False,1.0,-0.08391810750198936,0.41930463576158883,0,1.0,-0.08391810750198936,0.5252197530785196,0,0.0,-0.0,1.6581666870423848,0,0.0,-0.0,1.0,0,0.0,-0.0,1.0,0,0.0,-0.0,1.0,0,0.0,-0.0,1.0,0,0.0,-0.0,0.9919718579484426
2018-11-23,125.02,-0.012714206744057432,False,1.0,-0.012714206744057432,0.4139735099337743,0,1.0,-0.012714206744057432,0.5185420005518165,0,0.0,-0.0,1.6581666870423848,0,0.0,-0.0,1.0,0,0.0,-0.0,1.0,0,0.0,-0.0,1.0,0,0.0,-0.0,1.0,0,0.0,-0.0,0.9919718579484426
2018-11-24,114.89,-0.08102703567429204,False,1.0,-0.08102703567429204,0.3804304635761585,0,1.0,-0.08102703567429204,0.47652607937448577,0,0.0,-0.0,1.6581666870423848,0,0.0,-0.0,1.0,0,0.0,-0.0,1.0,0,0.0,-0.0,1.0,0,0.0,-0.0,1.0,0,0.0,-0.0,0.9919718579484426
2018-11-25,118.67,0.03290103577334835,False,1.0,0.03290103577334835,0.3929470198675492,0,1.0,0.03290103577334835,0.49220428095891916,0,0.0,0.0,1.6581666870423848,0,0.0,0.0,1.0,0,0.0,0.0,1.0,0,0.0,0.0,1.0,0,0.0,0.0,1.0,0,0.0,0.0,0.9919718579484426
2018-11-26,110.68,-0.06732956939411805,False,1.0,-0.06732956939411805,0.36649006622516517,0,1.0,-0.06732956939411805,0.45906437866801364,0,0.0,-0.0,1.6581666870423848,0,0.0,-0.0,1.0,0,0.0,-0.0,1.0,0,0.0,-0.0,1.0,0,0.0,-0.0,1.0,0,0.0,-0.0,0.9919718579484426
2018-11-27,111.43,0.006776292013010554,False,1.0,0.006776292013010554,0.3689735099337745,0,1.0,0.006776292013010554,0.46217513295063933,0,0.0,0.0,1.6581666870423848,0,0.0,0.0,1.0,0,0.0,0.0,1.0,0,0.0,0.0,1.0,0,0.0,0.0,1.0,0,0.0,0.0,0.9919718579484426
2018-11-28,122.9,0.10293457776182358,False,1.0,0.10293457776182358,0.4069536423841056,0,1.0,0.10293457776182358,0.5097489351129281,0,0.0,0.0,1.6581666870423848,0,0.0,0.0,1.0,0,0.0,0.0,1.0,0,0.0,0.0,1.0,0,0.0,0.0,1.0,0,0.0,0.0,0.9919718579484426
2018-11-29,117.98,-0.040032546786004874,False,1.0,-0.040032546786004874,0.3906622516556288,0,1.0,-0.040032546786004874,0.4893423870189036,0,0.0,-0.0,1.6581666870423848,0,0.0,-0.0,1.0,0,0.0,-0.0,1.0,0,0.0,-0.0,1.0,0,0.0,-0.0,1.0,0,0.0,-0.0,0.9919718579484426
2018-11-30,113.73,-0.03602305475504319,False,1.0,-0.03602305475504319,0.3765894039735096,0,1.0,-0.03602305475504319,0.47171477941735807,0,0.0,-0.0,1.6581666870423848,0,0.0,-0.0,1.0,0,0.0,-0.0,1.0,0,0.0,-0.0,1.0,0,0.0,-0.0,1.0,0,0.0,-0.0,0.9919718579484426
2018-12-01,118.1,0.038424338345203424,False,1.0,0.038424338345203424,0.39105960264900624,0,1.0,0.038424338345203424,0.4898401077041236,0,0.0,0.0,1.6581666870423848,0,0.0,0.0,1.0,0,0.0,0.0,1.0,0,0.0,0.0,1.0,0,0.0,0.0,1.0,0,0.0,0.0,0.9919718579484426
2018-12-02,116.57,-0.01295512277730737,False,1.0,-0.01295512277730737,0.3859933774834433,0,1.0,-0.01295512277730737,0.48349416896756725,0,0.0,-0.0,1.6581666870423848,0,0.0,-0.0,1.0,0,0.0,-0.0,1.0,0,0.0,-0.0,1.0,0,0.0,-0.0,1.0,0,0.0,-0.0,0.9919718579484426
2018-12-03,108.76,-0.06699837007806453,False,1.0,-0.06699837007806453,0.3601324503311255,0,1.0,-0.06699837007806453,0.45110084770449194,0,0.0,-0.0,1.6581666870423848,0,0.0,-0.0,1.0,0,0.0,-0.0,1.0,0,0.0,-0.0,1.0,0,0.0,-0.0,1.0,0,0.0,-0.0,0.9919718579484426
2018-12-04,109.94,0.010849577050386028,False,1.0,0.010849577050386028,0.36403973509933735,0,0.0,-0.001,0.45064974685678744,0,0.0,0.0,1.6581666870423848,0,0.0,0.0,1.0,0,0.0,0.0,1.0,0,0.0,0.0,1.0,0,0.0,0.0,1.0,0,0.0,0.0,0.9919718579484426
2018-12-05,102.71,-0.06576314353283608,False,1.0,-0.06576314353283608,0.340099337748344,0,0.0,-0.0,0.45064974685678744,0,0.0,-0.0,1.6581666870423848,0,0.0,-0.0,1.0,0,0.0,-0.0,1.0,0,0.0,-0.0,1.0,0,0.0,-0.0,1.0,0,0.0,-0.0,0.9919718579484426
2018-12-06,91.0,-0.11401032031934566,False,1.0,-0.11401032031934566,0.301324503311258,0,0.0,-0.0,0.45064974685678744,0,0.0,-0.0,1.6581666870423848,0,0.0,-0.0,1.0,0,0.0,-0.0,1.0,0,0.0,-0.0,1.0,0,0.0,-0.0,1.0,0,0.0,-0.0,0.9919718579484426
2018-12-07,93.05,0.022527472527472447,False,1.0,0.022527472527472447,0.30811258278145665,0,0.0,0.0,0.45064974685678744,0,0.0,0.0,1.6581666870423848,0,0.0,0.0,1.0,0,0.0,0.0,1.0,0,0.0,0.0,1.0,0,0.0,0.0,1.0,0,0.0,0.0,0.9919718579484426
2018-12-08,90.38,-0.028694250403009103,False,1.0,-0.028694250403009103,0.2992715231788077,0,0.0,-0.0,0.45064974685678744,0,0.0,-0.0,1.6581666870423848,0,0.0,-0.0,1.0,0,0.0,-0.0,1.0,0,0.0,-0.0,1.0,0,0.0,-0.0,1.0,0,0.0,-0.0,0.9919718579484426
2018-12-09,93.26,0.03186545695950449,False,1.0,0.03186545695950449,0.3088079470198673,0,0.0,0.0,0.45064974685678744,0,0.0,0.0,1.6581666870423848,0,0.0,0.0,1.0,0,0.0,0.0,1.0,0,0.0,0.0,1.0,0,0.0,0.0,1.0,0,0.0,0.0,0.9919718579484426
2018-12-10,89.91,-0.03592108084923873,False,1.0,-0.03592108084923873,0.29771523178807924,0,0.0,-0.0,0.45064974685678744,0,0.0,-0.0,1.6581666870423848,0,0.0,-0.0,1.0,0,0.0,-0.0,1.0,0,0.0,-0.0,1.0,0,0.0,-0.0,1.0,0,0.0,-0.0,0.9919718579484426
2018-12-11,87.76,-0.02391280169057941,False,1.0,-0.02391280169057941,0.290596026490066,0,0.0,-0.0,0.45064974685678744,0,0.0,-0.0,1.6581666870423848,0,0.0,-0.0,1.0,0,0.0,-0.0,1.0,0,0.0,-0.0,1.0,0,0.0,-0.0,1.0,0,0.0,-0.0,0.9919718579484426
2018-12-12,89.41,0.018801276207839557,False,1.0,0.018801276207839557,0.2960596026490064,0,0.0,0.0,0.45064974685678744,0,0.0,0.0,1.6581666870423848,0,0.0,0.0,1.0,0,0.0,0.0,1.0,0,0.0,0.0,1.0,0,0.0,0.0,1.0,0,0.0,0.0,0.9919718579484426
2018-12-13,86.34,-0.03433620400402637,False,1.0,-0.03433620400402637,0.28589403973509914,0,0.0,-0.0,0.45064974685678744,0,0.0,-0.0,1.6581666870423848,0,0.0,-0.0,1.0,0,0.0,-0.0,1.0,0,0.0,-0.0,1.0,0,0.0,-0.0,1.0,0,0.0,-0.0,0.9919718579484426
2018-12-14,83.82,-0.02918693537178607,False,1.0,-0.02918693537178607,0.277549668874172,0,0.0,-0.0,0.45064974685678744,0,0.0,-0.0,1.6581666870423848,0,0.0,-0.0,1.0,0,0.0,-0.0,1.0,0,0.0,-0.0,1.0,0,0.0,-0.0,1.0,0,0.0,-0.0,0.9919718579484426
2018-12-15,83.76,-0.0007158196134572359,False,1.0,-0.0007158196134572359,0.2773509933774833,0,0.0,-0.0,0.45064974685678744,0,0.0,-0.0,1.6581666870423848,0,0.0,-0.0,1.0,0,0.0,-0.0,1.0,0,0.0,-0.0,1.0,0,0.0,-0.0,1.0,0,0.0,-0.0,0.9919718579484426
2018-12-16,84.67,0.01086437440305632,False,1.0,0.01086437440305632,0.2803642384105959,0,0.0,0.0,0.45064974685678744,0,0.0,0.0,1.6581666870423848,0,0.0,0.0,1.0,0,0.0,0.0,1.0,0,0.0,0.0,1.0,0,0.0,0.0,1.0,0,0.0,0.0,0.9919718579484426
2018-12-17,94.02,0.11042872327861097,False,1.0,0.11042872327861097,0.3113245033112581,0,0.0,0.0,0.45064974685678744,0,0.0,0.0,1.6581666870423848,0,0.0,0.0,1.0,0,0.0,0.0,1.0,0,0.0,0.0,1.0,0,0.0,0.0,1.0,0,0.0,0.0,0.9919718579484426
2018-12-18,100.39,0.06775154222505853,False,1.0,0.06775154222505853,0.3324172185430462,0,0.0,0.0,0.45064974685678744,0,0.0,0.0,1.6581666870423848,0,0.0,0.0,1.0,0,0.0,0.0,1.0,0,0.0,0.0,1.0,0,0.0,0.0,1.0,0,0.0,0.0,0.9919718579484426
2018-12-19,98.74,-0.016435899990038916,False,1.0,-0.016435899990038916,0.32695364238410574,0,0.0,-0.0,0.45064974685678744,0,0.0,-0.0,1.6581666870423848,0,0.0,-0.0,1.0,0,0.0,-0.0,1.0,0,0.0,-0.0,1.0,0,0.0,-0.0,1.0,0,0.0,-0.0,0.9919718579484426
2018-12-20,114.05,0.1550536763216528,True,1.0,0.1550536763216528,0.37764900662251627,1,0.0,0.0,0.45064974685678744,1,0.0,0.0,1.6581666870423848,0,0.0,0.0,1.0,0,0.0,0.0,1.0,0,0.0,0.0,1.0,0,0.0,0.0,1.0,1,0.0,0.0,0.9919718579484426
2018-12-21,107.69,-0.05576501534414735,False,1.0,-0.05576501534414735,0.35658940397350963,0,1.0,-0.05676501534414735,0.4250686070616258,0,1.0,-0.05676501534414735,1.5640408296092698,0,0.0,-0.0,1.0,0,0.0,-0.0,1.0,0,0.0,-0.0,1.0,0,0.0,-0.0,1.0,0,1.0,-0.05676501534414735,0.9356625602110369
2018-12-22,115.2,0.0697372086544712,False,1.0,0.0697372086544712,0.3814569536423838,0,1.0,0.0697372086544712,0.45471170520474785,0,1.0,0.0697372086544712,1.6731126712878437,0,0.0,0.0,1.0,0,0.0,0.0,1.0,0,0.0,0.0,1.0,0,0.0,0.0,1.0,0,1.0,0.0697372086544712,1.0009130554026506
2018-12-23,129.03,0.12005208333333339,True,1.0,0.12005208333333339,0.42725165562913875,1,1.0,0.12005208333333339,0.5093007927306303,1,1.0,0.12005208333333339,1.873973333127348,0,0.0,0.0,1.0,0,0.0,0.0,1.0,0,0.0,0.0,1.0,0,0.0,0.0,1.0,1,1.0,0.12005208333333339,1.121074752939271
2018-12-24,138.03,0.0697512206463613,True,1.0,0.0697512206463613,0.45705298013245,1,1.0,0.0697512206463613,0.5448251446997513,1,1.0,0.0697512206463613,2.0046852605717107,0,0.0,0.0,1.0,0,0.0,0.0,1.0,0,0.0,0.0,1.0,0,0.0,0.0,1.0,1,1.0,0.0697512206463613,1.1992710853926032
2018-12-25,127.6,-0.0755632833442006,True,1.0,-0.0755632833442006,0.4225165562913904,1,1.0,-0.0755632833442006,0.5036563679177589,0,1.0,-0.0755632833442006,1.853204660211188,0,0.0,-0.0,1.0,0,0.0,-0.0,1.0,0,0.0,-0.0,1.0,0,0.0,-0.0,1.0,0,1.0,-0.0755632833442006,1.108650224560575
2018-12-26,129.35,0.01371473354231978,True,1.0,0.01371473354231978,0.42831125827814537,1,1.0,0.01371473354231978,0.5105638808006435,0,1.0,0.01371473354231978,1.8786208683253698,0,0.0,0.0,1.0,0,0.0,0.0,1.0,0,0.0,0.0,1.0,0,0.0,0.0,1.0,0,1.0,0.01371473354231978,1.1238550669820562
2018-12-27,113.8,-0.12021646695013533,True,1.0,-0.12021646695013533,0.3768211920529798,1,1.0,-0.12021646695013533,0.4491856948984401,1,1.0,-0.12021646695013533,1.6527797047964985,0,0.0,-0.0,1.0,0,0.0,-0.0,1.0,0,0.0,-0.0,1.0,0,0.0,-0.0,1.0,1,1.0,-0.12021646695013533,0.9887491814654656
2018-12-28,135.3,0.18892794376098432,True,1.0,0.18892794376098432,0.44801324503311224,1,1.0,0.18892794376098432,0.5340494246024513,1,1.0,0.18892794376098432,1.9650359759135876,0,0.0,0.0,1.0,0,0.0,0.0,1.0,0,0.0,0.0,1.0,0,0.0,0.0,1.0,1,1.0,0.18892794376098432,1.1755515312150924
2018-12-29,132.89,-0.017812269031781458,True,1.0,-0.017812269031781458,0.440033112582781,1,1.0,-0.017812269031781458,0.5245367925751644,0,1.0,-0.017812269031781458,1.9300342264534855,0,0.0,-0.0,1.0,0,0.0,-0.0,1.0,0,0.0,-0.0,1.0,0,0.0,-0.0,1.0,0,1.0,-0.017812269031781458,1.1546122910803664
2018-12-30,137.77,0.036722100985777884,True,1.0,0.036722100985777884,0.45619205298013205,1,1.0,0.036722100985777884,0.5437988856428656,0,1.0,0.036722100985777884,2.000909138223318,0,0.0,0.0,1.0,0,0.0,0.0,1.0,0,0.0,0.0,1.0,0,0.0,0.0,1.0,0,1.0,0.036722100985777884,1.1970120802328401
2018-12-31,131.45,-0.04587355737823928,True,1.0,-0.04587355737823928,0.4352649006622512,1,1.0,-0.04587355737823928,0.518852896260105,0,1.0,-0.04587355737823928,1.9091203180623875,0,0.0,-0.0,1.0,0,0.0,-0.0,1.0,0,0.0,-0.0,1.0,0,0.0,-0.0,1.0,0,1.0,-0.04587355737823928,1.1421008778878334
2019-01-01,139.1,0.05819703309243063,True,1.0,0.05819703309243063,0.46059602649006576,1,1.0,0.05819703309243063,0.5490485954338578,0,1.0,0.05819703309243063,2.020225456390096,0,0.0,0.0,1.0,0,0.0,0.0,1.0,0,0.0,0.0,1.0,0,0.0,0.0,1.0,0,1.0,0.05819703309243063,1.2085677604731657
2019-01-02,152.01,0.09281092739036656,True,1.0,0.09281092739036656,0.5033443708609266,1,1.0,0.09281092739036656,0.6000063047584523,0,1.0,0.09281092739036656,2.2077244545352874,0,0.0,0.0,1.0,0,0.0,0.0,1.0,0,0.0,0.0,1.0,0,0.0,0.0,1.0,0,1.0,0.09281092739036656,1.3207360551367786
2019-01-03,146.3,-0.03756331820274972,True,1.0,-0.03756331820274972,0.4844370860927148,1,1.0,-0.03756331820274972,0.5774680770091545,0,1.0,-0.03756331820274972,2.1247949983455863,0,0.0,-0.0,1.0,0,0.0,-0.0,1.0,0,0.0,-0.0,1.0,0,0.0,-0.0,1.0,0,1.0,-0.03756331820274972,1.2711248264358315
2019-01-04,151.97,0.03875598086124388,True,1.0,0.03875598086124388,0.5032119205298008,1,1.0,0.03875598086124388,0.5998484187497006,0,1.0,0.03875598086124388,2.2071435126355343,0,0.0,0.0,1.0,0,0.0,0.0,1.0,0,0.0,0.0,1.0,0,0.0,0.0,1.0,0,1.0,0.03875598086124388,1.3203885158814306
2019-01-05,152.83,0.005659011647035639,True,1.0,0.005659011647035639,0.5060596026490061,1,1.0,0.005659011647035639,0.6032429679378611,0,1.0,0.005659011647035639,2.219633763480218,0,0.0,0.0,1.0,0,0.0,0.0,1.0,0,0.0,0.0,1.0,0,0.0,0.0,1.0,0,1.0,0.005659011647035639,1.3278606098714156
2019-01-06,153.86,0.0067395144932278495,True,1.0,0.0067395144932278495,0.5094701986754961,1,1.0,0.0067395144932278495,0.6073085326632162,0,1.0,0.0067395144932278495,2.234593017398851,0,0.0,0.0,1.0,0,0.0,0.0,1.0,0,0.0,0.0,1.0,0,0.0,0.0,1.0,0,1.0,0.0067395144932278495,1.3368097456966304
2019-01-07,149.34,-0.02937735603795666,True,1.0,-0.02937735603795666,0.49450331125827757,1,1.0,-0.02937735603795666,0.5894674136742798,0,1.0,-0.02937735603795666,2.168946582726793,0,0.0,-0.0,1.0,0,0.0,-0.0,1.0,0,0.0,-0.0,1.0,0,0.0,-0.0,1.0,0,1.0,-0.02937735603795666,1.29753780984229
2019-01-08,147.6,-0.01165126556850149,True,1.0,-0.01165126556850149,0.48874172185430403,1,1.0,-0.01165126556850149,0.582599372293583,0,1.0,-0.01165126556850149,2.1436756100875494,0,0.0,-0.0,1.0,0,0.0,-0.0,1.0,0,0.0,-0.0,1.0,0,0.0,-0.0,1.0,0,1.0,-0.01165126556850149,1.2824198522346457
2019-01-09,148.1,0.003387533875338855,True,1.0,0.003387533875338855,0.49039735099337695,1,1.0,0.003387533875338855,0.5845729474029787,0,1.0,0.003387533875338855,2.1509373838344588,0,0.0,0.0,1.0,0,0.0,0.0,1.0,0,0.0,0.0,1.0,0,0.0,0.0,1.0,0,1.0,0.003387533875338855,1.2867640929264976
2019-01-10,124.95,-0.15631330182309244,True,1.0,-0.15631330182309244,0.4137417218543042,1,1.0,-0.15631330182309244,0.49319641983796214,1,1.0,-0.15631330182309244,1.8147172593525702,0,0.0,-0.0,1.0,0,0.0,-0.0,1.0,0,0.0,-0.0,1.0,0,0.0,-0.0,1.0,1,1.0,-0.15631330182309244,1.0856257488937602
2019-01-11,124.65,-0.0024009603841536054,True,1.0,-0.0024009603841536054,0.4127483443708605,1,1.0,-0.0024009603841536054,0.4920122747723248,0,1.0,-0.0024009603841536054,1.8103601951044248,0,0.0,-0.0,1.0,0,0.0,-0.0,1.0,0,0.0,-0.0,1.0,0,0.0,-0.0,1.0,0,1.0,-0.0024009603841536054,1.083019204478649
2019-01-12,123.35,-0.010429201764941887,False,1.0,-0.010429201764941887,0.4084437086092711,0,1.0,-0.010429201764941887,0.48688097948789616,0,1.0,-0.010429201764941887,1.7914795833624613,0,0.0,-0.0,1.0,0,0.0,-0.0,1.0,0,0.0,-0.0,1.0,0,0.0,-0.0,1.0,0,1.0,-0.010429201764941887,1.0717241786798344
2019-01-13,114.16,-0.07450344548034049,False,1.0,-0.07450344548034049,0.3780132450331122,0,1.0,-0.07450344548034049,0.4506066689772049,0,1.0,-0.07450344548034049,1.6580081818942731,0,0.0,-0.0,1.0,0,0.0,-0.0,1.0,0,0.0,-0.0,1.0,0,0.0,-0.0,1.0,0,1.0,-0.07450344548034049,0.9918770347635987
2019-01-14,126.95,0.11203573931324473,False,1.0,0.11203573931324473,0.4203642384105956,0,1.0,0.11203573931324473,0.5010907202755446,0,1.0,0.11203573931324473,1.8437643543402067,0,0.0,0.0,1.0,0,0.0,0.0,1.0,0,0.0,0.0,1.0,0,0.0,0.0,1.0,0,1.0,0.11203573931324473,1.1030027116611674
2019-01-15,118.95,-0.0630169358014967,False,1.0,-0.0630169358014967,0.3938741721854301,0,1.0,-0.0630169358014967,0.46951351852521483,0,1.0,-0.0630169358014967,1.727575974389662,0,0.0,-0.0,1.0,0,0.0,-0.0,1.0,0,0.0,-0.0,1.0,0,0.0,-0.0,1.0,0,1.0,-0.0630169358014967,1.0334948605915388
2019-01-16,121.48,0.021269440941572126,True,1.0,0.021269440941572126,0.40225165562913867,1,1.0,0.021269440941572126,0.4794998085787566,0,1.0,0.021269440941572126,1.7643205495490217,0,0.0,0.0,1.0,0,0.0,0.0,1.0,0,0.0,0.0,1.0,0,0.0,0.0,1.0,0,1.0,0.021269440941572126,1.0554767184923088
2019-01-17,121.54,0.0004939084622983536,False,1.0,0.0004939084622983536,0.4024503311258274,0,1.0,0.0004939084622983536,0.4797366375918841,0,1.0,0.0004939084622983536,1.765191962398651,0,0.0,0.0,1.0,0,0.0,0.0,1.0,0,0.0,0.0,1.0,0,0.0,0.0,1.0,0,1.0,0.0004939084622983536,1.055998027375331
2019-01-18,119.17,-0.01949975316768149,False,1.0,-0.01949975316768149,0.39460264900662206,0,1.0,-0.01949975316768149,0.4703818915733489,0,1.0,-0.01949975316768149,1.730771154838302,0,0.0,-0.0,1.0,0,0.0,-0.0,1.0,0,0.0,-0.0,1.0,0,0.0,-0.0,1.0,0,1.0,-0.01949975316768149,1.0354063264959537
2019-01-19,122.6,0.028782411680791986,False,1.0,0.028782411680791986,0.4059602649006617,0,1.0,0.028782411680791986,0.4839206168238027,0,1.0,0.028782411680791986,1.7805869227420978,0,0.0,0.0,1.0,0,0.0,0.0,1.0,0,0.0,0.0,1.0,0,0.0,0.0,1.0,0,1.0,0.028782411680791986,1.0652078176420567
2019-01-20,117.47,-0.0418433931484502,False,1.0,-0.0418433931484502,0.38897350993377433,0,1.0,-0.0418433931484502,0.46367173620140384,0,1.0,-0.0418433931484502,1.7060811240988112,0,0.0,-0.0,1.0,0,0.0,-0.0,1.0,0,0.0,-0.0,1.0,0,0.0,-0.0,1.0,0,1.0,-0.0418433931484502,1.0206359081436576
2019-01-21,115.63,-0.015663573678386,False,1.0,-0.015663573678386,0.38288079470198627,0,1.0,-0.015663573678386,0.456408979798828,0,1.0,-0.015663573678386,1.6793577967101858,0,0.0,-0.0,1.0,0,0.0,-0.0,1.0,0,0.0,-0.0,1.0,0,0.0,-0.0,1.0,0,1.0,-0.015663573678386,1.004649102397643
2019-01-22,117.81,0.01885323877886358,False,1.0,0.01885323877886358,0.3900993377483439,0,1.0,0.01885323877886358,0.4650137672757928,0,1.0,0.01885323877886358,1.7110191302467093,0,0.0,0.0,1.0,0,0.0,0.0,1.0,0,0.0,0.0,1.0,0,0.0,0.0,1.0,0,1.0,0.01885323877886358,1.0235899918141167
2019-01-23,116.44,-0.011628893981835198,False,1.0,-0.011628893981835198,0.38556291390728425,0,1.0,-0.011628893981835198,0.4596061714760488,0,1.0,-0.011628893981835198,1.6911218701801785,0,0.0,-0.0,1.0,0,0.0,-0.0,1.0,0,0.0,-0.0,1.0,0,0.0,-0.0,1.0,0,1.0,-0.011628893981835198,1.0116867723184428
2019-01-24,116.39,-0.0004294057025077125,False,1.0,-0.0004294057025077125,0.38539735099337696,0,1.0,-0.0004294057025077125,0.45940881396510924,0,1.0,-0.0004294057025077125,1.6903956928054875,0,0.0,-0.0,1.0,0,0.0,-0.0,1.0,0,0.0,-0.0,1.0,0,0.0,-0.0,1.0,0,1.0,-0.0004294057025077125,1.0112523482492577
2019-01-25,115.11,-0.010997508377008303,False,1.0,-0.010997508377008303,0.3811589403973505,0,1.0,-0.010997508377008303,0.4543564616850565,0,1.0,-0.010997508377008303,1.6718055520134003,0,0.0,-0.0,1.0,0,0.0,-0.0,1.0,0,0.0,-0.0,1.0,0,0.0,-0.0,1.0,0,1.0,-0.010997508377008303,1.0001310920781172
2019-01-26,115.34,0.0019980887846409168,False,1.0,0.0019980887846409168,0.38192052980132407,0,1.0,0.0019980887846409168,0.45526430623537856,0,1.0,0.0019980887846409168,1.6751459679369787,0,0.0,0.0,1.0,0,0.0,0.0,1.0,0,0.0,0.0,1.0,0,0.0,0.0,1.0,0,1.0,0.0019980887846409168,1.0021294427963692
2019-01-27,112.05,-0.028524362753598154,False,1.0,-0.028524362753598154,0.37102649006622473,0,1.0,-0.028524362753598154,0.4422781820155554,0,1.0,-0.028524362753598154,1.627363496682317,0,0.0,-0.0,1.0,0,0.0,-0.0,1.0,0,0.0,-0.0,1.0,0,0.0,-0.0,1.0,0,1.0,-0.028524362753598154,0.9735443390439843
2019-01-28,105.5,-0.058456046407853623,False,1.0,-0.058456046407853623,0.3493377483443705,0,1.0,-0.058456046407853623,0.416424348082473,0,1.0,-0.058456046407853623,1.5322342605978085,0,0.0,-0.0,1.0,0,0.0,-0.0,1.0,0,0.0,-0.0,1.0,0,0.0,-0.0,1.0,0,1.0,-0.058456046407853623,0.916634785980726
2019-01-29,104.45,-0.009952606635071026,False,1.0,-0.009952606635071026,0.34586092715231753,0,1.0,-0.009952606635071026,0.41227984035274223,0,1.0,-0.009952606635071026,1.5169845357292997,0,0.0,-0.0,1.0,0,0.0,-0.0,1.0,0,0.0,-0.0,1.0,0,0.0,-0.0,1.0,0,1.0,-0.009952606635071026,0.9075118805278374
2019-01-30,108.29,0.0367640019147919,False,1.0,0.0367640019147919,0.358576158940397,0,1.0,0.0367640019147919,0.42743689719290057,0,1.0,0.0367640019147919,1.5727549581055613,0,0.0,0.0,1.0,0,0.0,0.0,1.0,0,0.0,0.0,1.0,0,0.0,0.0,1.0,0,1.0,0.0367640019147919,0.9408756490412592
2019-01-31,106.44,-0.017083756579554965,False,1.0,-0.017083756579554965,0.35245033112582747,0,1.0,-0.017083756579554965,0.4201346692881368,0,0.0,-0.001,1.5711822031474558,0,0.0,-0.0,1.0,0,0.0,-0.0,1.0,0,0.0,-0.0,1.0,0,0.0,-0.0,1.0,0,0.0,-0.001,0.939934773392218
2019-02-01,106.73,0.0027245396467494576,False,1.0,0.0027245396467494576,0.3534105960264898,0,1.0,0.0027245396467494576,0.4212793428515863,0,0.0,0.0,1.5711822031474558,0,0.0,0.0,1.0,0,0.0,0.0,1.0,0,0.0,0.0,1.0,0,0.0,0.0,1.0,0,0.0,0.0,0.939934773392218
2019-02-02,110.42,0.03457322214934888,False,1.0,0.03457322214934888,0.3656291390728474,0,1.0,0.03457322214934888,0.4358443271589259,0,0.0,0.0,1.5711822031474558,0,0.0,0.0,1.0,0,0.0,0.0,1.0,0,0.0,0.0,1.0,0,0.0,0.0,1.0,0,0.0,0.0,0.939934773392218
2019-02-03,107.36,-0.027712370947292175,False,1.0,-0.027712370947292175,0.3554966887417216,0,1.0,-0.027712370947292175,0.42376604748942476,0,0.0,-0.0,1.5711822031474558,0,0.0,-0.0,1.0,0,0.0,-0.0,1.0,0,0.0,-0.0,1.0,0,0.0,-0.0,1.0,0,0.0,-0.0,0.939934773392218
2019-02-04,107.68,0.0029806259314457684,False,1.0,0.0029806259314457684,0.35655629139072825,0,1.0,0.0029806259314457684,0.425029135559438,0,0.0,0.0,1.5711822031474558,0,0.0,0.0,1.0,0,0.0,0.0,1.0,0,0.0,0.0,1.0,0,0.0,0.0,1.0,0,0.0,0.0,0.939934773392218
2019-02-05,107.27,-0.003807578008915402,False,1.0,-0.003807578008915402,0.3551986754966885,0,1.0,-0.003807578008915402,0.4234108039697336,0,0.0,-0.0,1.5711822031474558,0,0.0,-0.0,1.0,0,0.0,-0.0,1.0,0,0.0,-0.0,1.0,0,0.0,-0.0,1.0,0,0.0,-0.0,0.939934773392218
2019-02-06,104.5,-0.025822690407383164,False,1.0,-0.025822690407383164,0.34602649006622493,0,0.0,-0.001,0.42298739316576384,0,0.0,-0.0,1.5711822031474558,0,0.0,-0.0,1.0,0,0.0,-0.0,1.0,0,0.0,-0.0,1.0,0,0.0,-0.0,1.0,0,0.0,-0.0,0.939934773392218
2019-02-07,104.48,-0.00019138755980852018,False,1.0,-0.00019138755980852018,0.34596026490066206,0,0.0,-0.0,0.42298739316576384,0,0.0,-0.0,1.5711822031474558,0,0.0,-0.0,1.0,0,0.0,-0.0,1.0,0,0.0,-0.0,1.0,0,0.0,-0.0,1.0,0,0.0,-0.0,0.939934773392218
2019-02-08,119.25,0.14136676875957122,False,1.0,0.14136676875957122,0.39486754966887394,0,0.0,0.0,0.42298739316576384,0,0.0,0.0,1.5711822031474558,0,0.0,0.0,1.0,0,0.0,0.0,1.0,0,0.0,0.0,1.0,0,0.0,0.0,1.0,0,0.0,0.0,0.939934773392218
2019-02-09,119.19,-0.0005031446540880724,True,1.0,-0.0005031446540880724,0.3946688741721852,1,0.0,-0.0,0.42298739316576384,0,0.0,-0.0,1.5711822031474558,0,0.0,-0.0,1.0,0,0.0,-0.0,1.0,0,0.0,-0.0,1.0,0,0.0,-0.0,1.0,0,0.0,-0.0,0.939934773392218
2019-02-10,125.12,0.04975249601476639,True,1.0,0.04975249601476639,0.4143046357615892,1,1.0,0.04875249601476639,0.4436090843653742,0,0.0,0.0,1.5711822031474558,0,0.0,0.0,1.0,0,0.0,0.0,1.0,0,0.0,0.0,1.0,0,0.0,0.0,1.0,0,0.0,0.0,0.939934773392218
2019-02-11,120.89,-0.03380754475703329,True,1.0,-0.03380754475703329,0.4002980132450329,1,1.0,-0.03380754475703329,0.42861175039106525,0,0.0,-0.0,1.5711822031474558,0,0.0,-0.0,1.0,0,0.0,-0.0,1.0,0,0.0,-0.0,1.0,0,0.0,-0.0,1.0,0,0.0,-0.0,0.939934773392218
2019-02-12,122.41,0.012573413847299264,True,1.0,0.012573413847299264,0.4053311258278144,1,1.0,0.012573413847299264,0.4340008633085474,0,0.0,0.0,1.5711822031474558,0,0.0,0.0,1.0,0,0.0,0.0,1.0,0,0.0,0.0,1.0,0,0.0,0.0,1.0,0,0.0,0.0,0.939934773392218
2019-02-13,121.86,-0.00449309696920186,True,1.0,-0.00449309696920186,0.40350993377483424,1,1.0,-0.00449309696920186,0.4320508553449848,0,0.0,-0.0,1.5711822031474558,0,0.0,-0.0,1.0,0,0.0,-0.0,1.0,0,0.0,-0.0,1.0,0,0.0,-0.0,1.0,0,0.0,-0.0,0.939934773392218
2019-02-14,120.42,-0.011816838995568624,True,1.0,-0.011816838995568624,0.39874172185430445,1,1.0,-0.011816838995568624,0.4269453799494754,0,0.0,-0.0,1.5711822031474558,0,0.0,-0.0,1.0,0,0.0,-0.0,1.0,0,0.0,-0.0,1.0,0,0.0,-0.0,1.0,0,0.0,-0.0,0.939934773392218
2019-02-15,121.67,0.010380335492443216,True,1.0,0.010380335492443216,0.4028807947019866,1,1.0,0.010380335492443216,0.4313772162302996,0,0.0,0.0,1.5711822031474558,0,0.0,0.0,1.0,0,0.0,0.0,1.0,0,0.0,0.0,1.0,0,0.0,0.0,1.0,0,0.0,0.0,0.939934773392218
2019-02-16,122.67,0.008218952905399757,True,1.0,0.008218952905399757,0.4061920529801323,1,1.0,0.008218952905399757,0.4349226852549589,0,0.0,0.0,1.5711822031474558,0,0.0,0.0,1.0,0,0.0,0.0,1.0,0,0.0,0.0,1.0,0,0.0,0.0,1.0,0,0.0,0.0,0.939934773392218
2019-02-17,133.75,0.0903236325099861,True,1.0,0.0903236325099861,0.44288079470198655,1,1.0,0.0903236325099861,0.47420648204818416,0,0.0,0.0,1.5711822031474558,0,0.0,0.0,1.0,0,0.0,0.0,1.0,0,0.0,0.0,1.0,0,0.0,0.0,1.0,0,0.0,0.0,0.939934773392218
2019-02-18,145.69,0.08927102803738318,True,1.0,0.08927102803738318,0.48241721854304614,1,1.0,0.08927102803738318,0.5165393822026164,0,0.0,0.0,1.5711822031474558,0,0.0,0.0,1.0,0,0.0,0.0,1.0,0,0.0,0.0,1.0,0,0.0,0.0,1.0,0,0.0,0.0,0.939934773392218
2019-02-19,143.44,-0.015443750428993042,True,1.0,-0.015443750428993042,0.4749668874172183,1,1.0,-0.015443750428993042,0.508562076897133,0,0.0,-0.0,1.5711822031474558,0,0.0,-0.0,1.0,0,0.0,-0.0,1.0,0,0.0,-0.0,1.0,0,0.0,-0.0,1.0,0,0.0,-0.0,0.939934773392218
2019-02-20,148.44,0.034857780256553283,True,1.0,0.034857780256553283,0.4915231788079468,1,1.0,0.034857780256553283,0.5262894220204296,0,0.0,0.0,1.5711822031474558,0,0.0,0.0,1.0,0,0.0,0.0,1.0,0,0.0,0.0,1.0,0,0.0,0.0,1.0,0,0.0,0.0,0.939934773392218
2019-02-21,145.69,-0.018526003772568078,True,1.0,-0.018526003772568078,0.48241721854304614,1,1.0,-0.018526003772568078,0.5165393822026164,0,0.0,-0.0,1.5711822031474558,0,0.0,-0.0,1.0,0,0.0,-0.0,1.0,0,0.0,-0.0,1.0,0,0.0,-0.0,1.0,0,0.0,-0.0,0.939934773392218
2019-02-22,147.36,0.011462694762852665,True,1.0,0.011462694762852665,0.48794701986754946,1,1.0,0.011462694762852665,0.5224603154737975,0,0.0,0.0,1.5711822031474558,0,0.0,0.0,1.0,0,0.0,0.0,1.0,0,0.0,0.0,1.0,0,0.0,0.0,1.0,0,0.0,0.0,0.939934773392218
2019-02-23,157.79,0.07077904451682948,True,1.0,0.07077904451682948,0.522483443708609,1,1.0,0.07077904451682948,0.5594395574009942,0,0.0,0.0,1.5711822031474558,0,0.0,0.0,1.0,0,0.0,0.0,1.0,0,0.0,0.0,1.0,0,0.0,0.0,1.0,0,0.0,0.0,0.939934773392218
2019-02-24,132.1,-0.16281133151657268,True,1.0,-0.16281133151657268,0.4374172185430461,1,1.0,-0.16281133151657268,0.4683564581574962,1,0.0,-0.0,1.5711822031474558,0,0.0,-0.0,1.0,0,0.0,-0.0,1.0,0,0.0,-0.0,1.0,0,0.0,-0.0,1.0,1,0.0,-0.0,0.939934773392218
2019-02-25,137.87,0.04367903103709314,True,1.0,0.04367903103709314,0.4565231788079468,1,1.0,0.04367903103709314,0.4888138144297805,0,1.0,0.04267903103709314,1.6382387371605143,0,0.0,0.0,1.0,0,0.0,0.0,1.0,0,0.0,0.0,1.0,0,0.0,0.0,1.0,0,1.0,0.04267903103709314,0.9800502787586675
2019-02-26,136.22,-0.011967795749619259,True,1.0,-0.011967795749619259,0.45105960264900635,1,1.0,-0.011967795749619259,0.4829637905390926,0,1.0,-0.011967795749619259,1.6186326305650631,0,0.0,-0.0,1.0,0,0.0,-0.0,1.0,0,0.0,-0.0,1.0,0,0.0,-0.0,1.0,0,1.0,-0.011967795749619259,0.9683212371981263
2019-02-27,135.02,-0.008809279107326318,True,1.0,-0.008809279107326318,0.44708609271523153,1,1.0,-0.008809279107326318,0.4787092277095015,0,1.0,-0.008809279107326318,1.6043736439501897,0,0.0,-0.0,1.0,0,0.0,-0.0,1.0,0,0.0,-0.0,1.0,0,0.0,-0.0,1.0,0,1.0,-0.008809279107326318,0.9597910251540965
2019-02-28,135.34,0.0023700192564064526,True,1.0,0.0023700192564064526,0.44814569536423815,1,1.0,0.0023700192564064526,0.47984377779739246,0,1.0,0.0023700192564064526,1.6081760403808225,0,0.0,0.0,1.0,0,0.0,0.0,1.0,0,0.0,0.0,1.0,0,0.0,0.0,1.0,0,1.0,0.0023700192564064526,0.9620657483658378
2019-03-01,135.32,-0.00014777597162707323,True,1.0,-0.00014777597162707323,0.4480794701986752,1,1.0,-0.00014777597162707323,0.47977286841689926,0,1.0,-0.00014777597162707323,1.6079383906039078,0,0.0,-0.0,1.0,0,0.0,-0.0,1.0,0,0.0,-0.0,1.0,0,0.0,-0.0,1.0,0,1.0,-0.00014777597162707323,0.9619235781651039
2019-03-02,132.56,-0.020396098137747454,True,1.0,-0.020396098137747454,0.43894039735099316,1,1.0,-0.020396098137747454,0.4699873739088396,0,1.0,-0.020396098137747454,1.5751427213896987,0,0.0,-0.0,1.0,0,0.0,-0.0,1.0,0,0.0,-0.0,1.0,0,0.0,-0.0,1.0,0,1.0,-0.020396098137747454,0.9423040904638352
2019-03-03,130.6,-0.014785757392878796,True,1.0,-0.014785757392878796,0.43245033112582754,1,1.0,-0.014785757392878796,0.4630382546205073,0,1.0,-0.014785757392878796,1.5518530432520716,0,0.0,-0.0,1.0,0,0.0,-0.0,1.0,0,0.0,-0.0,1.0,0,0.0,-0.0,1.0,0,1.0,-0.014785757392878796,0.9283714107919196
2019-03-04,125.65,-0.037901990811638475,True,1.0,-0.037901990811638475,0.41605960264900643,1,1.0,-0.037901990811638475,0.4454881829484437,0,1.0,-0.037901990811638475,1.4930347234657184,0,0.0,-0.0,1.0,0,0.0,-0.0,1.0,0,0.0,-0.0,1.0,0,0.0,-0.0,1.0,0,1.0,-0.037901990811638475,0.8931842861102964
2019-03-05,136.72,0.08810187027457217,True,1.0,0.08810187027457217,0.45271523178807926,1,1.0,0.08810187027457217,0.4847365250514224,0,1.0,0.08810187027457217,1.6245738749879268,0,0.0,0.0,1.0,0,0.0,0.0,1.0,0,0.0,0.0,1.0,0,0.0,0.0,1.0,0,1.0,0.08810187027457217,0.9718754922164721
2019-03-06,137.4,0.004973668812170873,True,1.0,0.004973668812170873,0.45496688741721836,1,1.0,0.004973668812170873,0.48714744398819076,0,1.0,0.004973668812170873,1.6326539674030218,0,0.0,0.0,1.0,0,0.0,0.0,1.0,0,0.0,0.0,1.0,1,0.0,0.0,1.0,1,1.0,0.004973668812170873,0.9767092790414224
2019-03-07,136.81,-0.004294032023289707,True,1.0,-0.004294032023289707,0.45301324503311236,1,1.0,-0.004294032023289707,0.48505561726364177,0,1.0,-0.004294032023289707,1.6256432989840424,0,0.0,-0.0,1.0,0,0.0,-0.0,1.0,0,0.0,-0.0,1.0,1,1.0,-0.005294032023289707,0.9947059679767103,1,1.0,-0.004294032023289707,0.9725152581197742
2019-03-08,133.52,-0.024047949711278327,True,1.0,-0.024047949711278327,0.4421192052980131,1,1.0,-0.024047949711278327,0.47339102417251266,0,1.0,-0.024047949711278327,1.5865499106815975,0,0.0,-0.0,1.0,0,0.0,-0.0,1.0,0,0.0,-0.0,1.0,1,1.0,-0.024047949711278327,0.970785328881298,1,1.0,-0.024047949711278327,0.949128260099059
2019-03-09,137.27,0.028085680047932993,True,1.0,0.028085680047932993,0.45453642384105947,1,1.0,0.028085680047932993,0.48668653301498516,0,1.0,0.028085680047932993,1.6311092438530774,0,0.0,0.0,1.0,0,0.0,0.0,1.0,0,0.0,0.0,1.0,1,1.0,0.028085680047932993,0.9980504950234855,1,1.0,0.028085680047932993,0.9757851727366526
2019-03-10,135.37,-0.013841334596051635,False,1.0,-0.013841334596051635,0.4482450331125826,0,1.0,-0.013841334596051635,0.4799501418681324,0,1.0,-0.013841334596051635,1.6085325150461942,0,0.0,-0.0,1.0,0,0.0,-0.0,1.0,0,0.0,-0.0,1.0,0,1.0,-0.013841334596051635,0.9842361441781105,0,1.0,-0.013841334596051635,0.9622790036669385
2019-03-11,132.67,-0.019945335007756637,False,1.0,-0.019945335007756637,0.4393046357615892,0,1.0,-0.019945335007756637,0.4703773755015522,0,1.0,-0.019945335007756637,1.5764497951627285,0,0.0,-0.0,1.0,0,0.0,-0.0,1.0,0,0.0,-0.0,1.0,0,1.0,-0.019945335007756637,0.9646052245557354,0,1.0,-0.019945335007756637,0.9430860265678711
2019-03-12,133.57,0.006783749152031504,False,1.0,0.006783749152031504,0.44228476821192036,0,1.0,0.006783749152031504,0.47356829762374564,0,1.0,0.006783749152031504,1.587144035123884,0,0.0,0.0,1.0,0,0.0,0.0,1.0,0,0.0,0.0,1.0,0,1.0,0.006783749152031504,0.9711488644298605,0,1.0,0.006783749152031504,0.9494836856008937
2019-03-13,131.65,-0.014374485288612626,False,1.0,-0.014374485288612626,0.43592715231788065,0,1.0,-0.014374485288612626,0.4667609970963998,0,1.0,-0.014374485288612626,1.5643296565400864,0,0.0,-0.0,1.0,0,0.0,-0.0,1.0,0,0.0,-0.0,1.0,0,1.0,-0.014374485288612626,0.9571890993650606,0,1.0,-0.014374485288612626,0.935835346330446
2019-03-14,132.2,0.004177744018230012,False,1.0,0.004177744018230012,0.43774834437086074,0,1.0,0.004177744018230012,0.4687110050599623,0,1.0,0.004177744018230012,1.5708650254052365,0,0.0,0.0,1.0,0,0.0,0.0,1.0,0,0.0,0.0,1.0,0,1.0,0.004177744018230012,0.961187990399248,0,1.0,0.004177744018230012,0.9397450268506262
2019-03-15,136.56,0.032980332829047,False,1.0,0.032980332829047,0.452185430463576,0,1.0,0.032980332829047,0.484169250007477,0,1.0,0.032980332829047,1.6226726767726105,0,0.0,0.0,1.0,0,0.0,0.0,1.0,0,0.0,0.0,1.0,0,1.0,0.032980332829047,0.992888290233898,0,1.0,0.032980332829047,0.9707381306106015
2019-03-16,140.92,0.03192735793790269,True,1.0,0.03192735793790269,0.4666225165562912,1,1.0,0.03192735793790269,0.49962749495499165,0,1.0,0.03192735793790269,1.6744803281399843,0,0.0,0.0,1.0,0,0.0,0.0,1.0,0,0.0,0.0,1.0,1,1.0,0.03192735793790269,1.0245885900685479,1,1.0,0.03192735793790269,1.0017312343705767
2019-03-17,138.67,-0.015966505818904353,True,1.0,-0.015966505818904353,0.4591721854304634,1,1.0,-0.015966505818904353,0.4916501896495082,0,0.0,-0.001,1.6728058478118444,0,0.0,-0.0,1.0,0,0.0,-0.0,1.0,0,0.0,-0.0,1.0,1,1.0,-0.015966505818904353,1.0082294903832354,1,1.0,-0.015966505818904353,0.9857370867880206
2019-03-18,137.59,-0.007788274320328692,True,1.0,-0.007788274320328692,0.45559602649006614,1,1.0,-0.007788274320328692,0.4878210831028762,0,0.0,-0.0,1.6728058478118444,0,0.0,-0.0,1.0,0,0.0,-0.0,1.0,0,0.0,-0.0,1.0,1,1.0,-0.007788274320328692,1.0003771225342855,1,1.0,-0.007788274320328692,0.9780598959483939
2019-03-19,138.55,0.006977251253724948,True,1.0,0.006977251253724948,0.45877483443708605,1,1.0,0.006977251253724948,0.4912247333665492,0,0.0,0.0,1.6728058478118444,0,0.0,0.0,1.0,0,0.0,0.0,1.0,0,0.0,0.0,1.0,1,1.0,0.006977251253724948,1.0073570050666856,1,1.0,0.006977251253724948,0.984884065583618
2019-03-20,139.01,0.0033201010465533365,True,1.0,0.0033201010465533365,0.46029801324503294,1,1.0,0.0033201010465533365,0.49285564911789237,0,0.0,0.0,1.6728058478118444,0,0.0,0.0,1.0,0,0.0,0.0,1.0,0,0.0,0.0,1.0,1,1.0,0.0033201010465533365,1.0107015321134603,1,1.0,0.0033201010465533365,0.9881539802004958
2019-03-21,134.85,-0.029925904611179055,False,1.0,-0.029925904611179055,0.44652317880794684,0,1.0,-0.029925904611179055,0.4781064979753096,0,0.0,-0.0,1.6728058478118444,0,0.0,-0.0,1.0,0,0.0,-0.0,1.0,0,0.0,-0.0,1.0,0,1.0,-0.029925904611179055,0.9804553744730603,0,1.0,-0.029925904611179055,0.9585825784478589
2019-03-22,135.98,0.008379681127178351,True,1.0,0.008379681127178351,0.4502649006622515,1,1.0,0.008379681127178351,0.4821128779731746,0,0.0,0.0,1.6728058478118444,0,0.0,0.0,1.0,0,0.0,0.0,1.0,0,0.0,0.0,1.0,1,1.0,0.008379681127178351,0.9886712778705727,1,1.0,0.008379681127178351,0.9666151947893203
2019-03-23,137.28,0.00956022944550683,True,1.0,0.00956022944550683,0.45456953642384096,1,1.0,0.00956022944550683,0.4867219877052318,0,0.0,0.0,1.6728058478118444,0,0.0,0.0,1.0,0,0.0,0.0,1.0,0,0.0,0.0,1.0,1,1.0,0.00956022944550683,0.9981232021331978,1,1.0,0.00956022944550683,0.9758562578370196
2019-03-24,136.09,-0.008668414918414857,True,1.0,-0.008668414918414857,0.45062913907284763,1,1.0,-0.008668414918414857,0.4825028795658872,0,0.0,-0.0,1.6728058478118444,0,0.0,-0.0,1.0,0,0.0,-0.0,1.0,0,0.0,-0.0,1.0,1,1.0,-0.008668414918414857,0.9894710560774104,1,1.0,-0.008668414918414857,0.9673971308933567
2019-03-25,133.98,-0.015504445587478988,False,1.0,-0.015504445587478988,0.4436423841059602,0,1.0,-0.015504445587478988,0.475021939923856,0,0.0,-0.0,1.6728058478118444,0,0.0,-0.0,1.0,0,0.0,-0.0,1.0,0,0.0,-0.0,1.0,0,1.0,-0.015504445587478988,0.9741298559280728,0,1.0,-0.015504445587478988,0.9523981747159374
2019-03-26,134.18,0.001492760113449787,False,1.0,0.001492760113449787,0.44430463576158935,0,1.0,0.001492760113449787,0.4757310337287879,0,0.0,0.0,1.6728058478118444,0,0.0,0.0,1.0,0,0.0,0.0,1.0,0,0.0,0.0,1.0,0,1.0,0.001492760113449787,0.9755839981223228,0,1.0,0.001492760113449787,0.9538198767232757
2019-03-27,139.45,0.039275599940378436,True,1.0,0.039275599940378436,0.4617549668874171,0,1.0,0.039275599940378436,0.49441565548874244,0,0.0,0.0,1.6728058478118444,0,0.0,0.0,1.0,0,0.0,0.0,1.0,0,0.0,0.0,1.0,1,1.0,0.039275599940378436,1.0139006449408101,0,1.0,0.039275599940378436,0.9912817246166402
2019-03-28,137.86,-0.011401936177841354,True,1.0,-0.011401936177841354,0.45649006622516547,0,1.0,-0.011401936177841354,0.4887783597395342,0,0.0,-0.0,1.6728058478118444,0,0.0,-0.0,1.0,0,0.0,-0.0,1.0,0,0.0,-0.0,1.0,1,1.0,-0.011401936177841354,1.0023402144965228,0,1.0,-0.011401936177841354,0.9799791936583008
2019-03-29,143.25,0.03909763528217014,True,1.0,0.03909763528217014,0.4743377483443707,0,1.0,0.03909763528217014,0.5078884377824479,0,0.0,0.0,1.6728058478118444,0,0.0,0.0,1.0,0,0.0,0.0,1.0,0,0.0,0.0,1.0,1,1.0,0.03909763528217014,1.04152934663156,0,1.0,0.03909763528217014,1.0182940627560682
2019-03-30,142.46,-0.005514834205933572,True,1.0,-0.005514834205933572,0.47172185430463565,0,1.0,-0.005514834205933572,0.5050875172529671,0,0.0,-0.0,1.6728058478118444,0,0.0,-0.0,1.0,0,0.0,-0.0,1.0,0,0.0,-0.0,1.0,1,1.0,-0.005514834205933572,1.0357854849642727,0,1.0,-0.005514834205933572,1.012678339827082
2019-03-31,141.38,-0.007581075389583081,True,1.0,-0.007581075389583081,0.4681456953642383,0,1.0,-0.007581075389583081,0.501258410706335,0,0.0,-0.0,1.6728058478118444,0,0.0,-0.0,1.0,0,0.0,-0.0,1.0,0,0.0,-0.0,1.0,1,1.0,-0.007581075389583081,1.0279331171153228,0,1.0,-0.007581075389583081,1.005001148987455
2019-04-01,141.24,-0.0009902390720044618,True,1.0,-0.0009902390720044618,0.4676821192052979,0,1.0,-0.0009902390720044618,0.5007620450428828,0,0.0,-0.0,1.6728058478118444,0,0.0,-0.0,1.0,0,0.0,-0.0,1.0,0,0.0,-0.0,1.0,1,1.0,-0.0009902390720044618,1.026915217579348,0,1.0,-0.0009902390720044618,1.0040059575823184
2019-04-02,163.31,0.1562588501840838,True,1.0,0.1562588501840838,0.5407615894039733,0,1.0,0.1562588501840838,0.579010546417114,1,0.0,0.0,1.6728058478118444,0,0.0,0.0,1.0,0,0.0,0.0,1.0,0,0.0,0.0,1.0,1,1.0,0.1562588501840838,1.187379808714835,1,1.0,0.1562588501840838,1.1608907740921015
2019-04-03,159.96,-0.020513134529422494,True,1.0,-0.020513134529422494,0.5296688741721853,0,1.0,-0.020513134529422494,0.5671332251845054,0,1.0,-0.021513134529422495,1.6368185505662636,0,0.0,-0.0,1.0,0,0.0,-0.0,1.0,0,0.0,-0.0,1.0,1,1.0,-0.020513134529422494,1.1630229269611476,0,1.0,-0.020513134529422494,1.1370772654691848
2019-04-04,157.36,-0.01625406351587888,True,1.0,-0.01625406351587888,0.5210596026490065,0,1.0,-0.01625406351587888,0.5579150057203912,0,1.0,-0.01625406351587888,1.6102135978813907,0,0.0,-0.0,1.0,0,0.0,-0.0,1.0,0,0.0,-0.0,1.0,1,1.0,-0.01625406351587888,1.1441190784358977,0,1.0,-0.01625406351587888,1.1185951393737867
2019-04-05,164.77,0.047089476359938987,True,1.0,0.047089476359938987,0.5455960264900661,0,1.0,0.047089476359938987,0.5841869311931168,0,1.0,0.047089476359938987,1.6860377130332789,0,0.0,0.0,1.0,0,0.0,0.0,1.0,0,0.0,0.0,1.0,1,1.0,0.047089476359938987,1.19799504673286,0,1.0,0.047089476359938987,1.1712691987456714
2019-04-06,165.5,0.004430418158645422,True,1.0,0.004430418158645422,0.5480132450331124,0,1.0,0.004430418158645422,0.5867751235811182,0,1.0,0.004430418158645422,1.6935075651332625,0,0.0,0.0,1.0,0,0.0,0.0,1.0,0,0.0,0.0,1.0,1,1.0,0.004430418158645422,1.2033026657418724,0,1.0,0.004430418158645422,1.1764584110724563
2019-04-07,174.21,0.0526283987915408,True,1.0,0.0526283987915408,0.5768543046357615,0,1.0,0.0526283987915408,0.6176561587859009,0,1.0,0.0526283987915408,1.7826341566275872,0,0.0,0.0,1.0,0,0.0,0.0,1.0,0,0.0,0.0,1.0,1,1.0,0.0526283987915408,1.2666305583014599,0,1.0,0.0526283987915408,1.23837353349204
2019-04-08,178.72,0.025888295735032374,True,1.0,0.025888295735032374,0.5917880794701985,0,1.0,0.025888295735032374,0.6336462240871144,0,1.0,0.025888295735032374,1.8287835168617321,0,0.0,0.0,1.0,0,0.0,0.0,1.0,0,0.0,0.0,1.0,1,1.0,0.025888295735032374,1.2994214647817972,0,1.0,0.025888295735032374,1.270432913757519
2019-04-09,174.6,-0.02305282005371534,True,1.0,-0.02305282005371534,0.5781456953642382,0,1.0,-0.02305282005371534,0.619038891705518,0,1.0,-0.02305282005371534,1.786624899530318,0,0.0,-0.0,1.0,0,0.0,-0.0,1.0,0,0.0,-0.0,1.0,1,1.0,-0.02305282005371534,1.2694661355802472,0,1.0,-0.02305282005371534,1.2411458524063497
2019-04-10,177.12,0.014432989690721598,True,1.0,0.014432989690721598,0.5864900662251653,0,1.0,0.014432989690721598,0.6279734736476594,0,1.0,0.014432989690721598,1.8124112382864257,0,0.0,0.0,1.0,0,0.0,0.0,1.0,0,0.0,0.0,1.0,1,1.0,0.014432989690721598,1.2877883272277972,0,1.0,0.014432989690721598,1.2590592976988124
2019-04-11,164.07,-0.07367886178861793,True,1.0,-0.07367886178861793,0.5432781456953639,0,1.0,-0.07367886178861793,0.5817051028758552,0,1.0,-0.07367886178861793,1.6788748411565824,0,0.0,-0.0,1.0,0,0.0,-0.0,1.0,0,0.0,-0.0,1.0,1,1.0,-0.07367886178861793,1.192905549052985,0,1.0,-0.07367886178861793,1.1662932417199872
2019-04-12,163.19,-0.005363564332297122,True,1.0,-0.005363564332297122,0.5403642384105958,0,1.0,-0.005363564332297122,0.578585090134155,0,1.0,-0.005363564332297122,1.669870087940164,0,0.0,-0.0,1.0,0,0.0,-0.0,1.0,0,0.0,-0.0,1.0,0,1.0,-0.005363564332297122,1.186507323398285,0,1.0,-0.005363564332297122,1.1600377528876986
2019-04-13,162.99,-0.0012255652919909155,True,1.0,-0.0012255652919909155,0.5397019867549666,0,1.0,-0.0012255652919909155,0.5778759963292232,0,1.0,-0.0012255652919909155,1.6678235531182508,0,0.0,-0.0,1.0,0,0.0,-0.0,1.0,0,0.0,-0.0,1.0,0,1.0,-0.0012255652919909155,1.185053181204035,0,1.0,-0.0012255652919909155,1.1586160508803602
2019-04-14,167.23,0.026013865881342246,True,1.0,0.026013865881342246,0.5537417218543043,0,0.0,-0.001,0.577298120332894,0,1.0,0.026013865881342246,1.7112100913428128,0,0.0,0.0,1.0,0,0.0,0.0,1.0,0,0.0,0.0,1.0,0,1.0,0.026013865881342246,1.2158809957221348,0,1.0,0.026013865881342246,1.1887561334359322
2019-04-15,159.95,-0.043532858936793595,True,1.0,-0.043532858936793595,0.5296357615894036,0,0.0,-0.0,0.577298120332894,0,1.0,-0.043532858936793595,1.6367162238251685,0,0.0,-0.0,1.0,0,0.0,-0.0,1.0,0,0.0,-0.0,1.0,0,1.0,-0.043532858936793595,1.162950219851435,0,1.0,-0.043532858936793595,1.1370061803688176
2019-04-16,165.37,0.03388558924663965,True,1.0,0.03388558924663965,0.5475827814569533,0,0.0,0.0,0.577298120332894,0,1.0,0.03388558924663965,1.6921773174990193,0,0.0,0.0,1.0,0,0.0,0.0,1.0,0,0.0,0.0,1.0,0,1.0,0.03388558924663965,1.20235747331561,0,1.0,0.03388558924663965,1.175534304767686
2019-04-17,165.75,0.0022978774868476215,True,1.0,0.0022978774868476215,0.5488410596026486,0,0.0,0.0,0.577298120332894,0,1.0,0.0022978774868476215,1.6960657336606546,0,0.0,0.0,1.0,0,0.0,0.0,1.0,0,0.0,0.0,1.0,0,1.0,0.0022978774868476215,1.2051203434846849,0,1.0,0.0022978774868476215,1.1782355385816288
2019-04-18,173.33,0.04573152337858222,True,1.0,0.04573152337858222,0.573940397350993,0,0.0,0.0,0.577298120332894,0,1.0,0.04573152337858222,1.773629403411169,0,0.0,0.0,1.0,0,0.0,0.0,1.0,0,0.0,0.0,1.0,0,1.0,0.04573152337858222,1.2602323326467597,0,1.0,0.04573152337858222,1.2321180446597508
2019-04-19,172.64,-0.003980845785496068,True,1.0,-0.003980845785496068,0.5716556291390724,0,0.0,-0.0,0.577298120332894,0,1.0,-0.003980845785496068,1.7665688582755679,0,0.0,-0.0,1.0,0,0.0,-0.0,1.0,0,0.0,-0.0,1.0,0,1.0,-0.003980845785496068,1.255215542076597,0,1.0,-0.003980845785496068,1.2272131727344333
2019-04-20,172.88,0.0013901760889714065,True,1.0,0.0013901760889714065,0.5724503311258274,0,0.0,0.0,0.577298120332894,0,1.0,0.0013901760889714065,1.7690247000618642,0,0.0,0.0,1.0,0,0.0,0.0,1.0,0,0.0,0.0,1.0,0,1.0,0.0013901760889714065,1.256960512709697,0,1.0,0.0013901760889714065,1.2289192151432395
2019-04-21,168.59,-0.024814900509023574,True,1.0,-0.024814900509023574,0.5582450331125824,0,0.0,-0.0,0.577298120332894,0,1.0,-0.024814900509023574,1.7251265281318238,0,0.0,-0.0,1.0,0,0.0,-0.0,1.0,0,0.0,-0.0,1.0,0,1.0,-0.024814900509023574,1.2257691626430347,0,1.0,-0.024814900509023574,1.1984237070858328
2019-04-22,170.52,0.0114478913340057,True,1.0,0.0114478913340057,0.5646357615894037,0,0.0,0.0,0.577298120332894,0,1.0,0.0114478913340057,1.7448755891632874,0,0.0,0.0,1.0,0,0.0,0.0,1.0,0,0.0,0.0,1.0,0,1.0,0.0114478913340057,1.2398016348175473,0,1.0,0.0114478913340057,1.2121431314566478
2019-04-23,169.16,-0.00797560403471742,True,1.0,-0.00797560403471742,0.5601324503311255,0,0.0,-0.0,0.577298120332894,0,0.0,-0.001,1.743130713574124,0,0.0,-0.0,1.0,0,0.0,-0.0,1.0,0,0.0,-0.0,1.0,0,1.0,-0.00797560403471742,1.2299134678966472,0,0.0,-0.001,1.210930988325191
2019-04-24,164.78,-0.02589264601560648,True,1.0,-0.02589264601560648,0.5456291390728474,0,0.0,-0.0,0.577298120332894,0,0.0,-0.0,1.743130713574124,0,0.0,-0.0,1.0,0,0.0,-0.0,1.0,0,0.0,-0.0,1.0,0,1.0,-0.02589264601560648,1.1980677538425724,0,0.0,-0.0,1.210930988325191
2019-04-25,154.72,-0.06105109843427603,False,1.0,-0.06105109843427603,0.5123178807947016,0,0.0,-0.0,0.577298120332894,0,0.0,-0.0,1.743130713574124,0,0.0,-0.0,1.0,0,0.0,-0.0,1.0,0,0.0,-0.0,1.0,0,1.0,-0.06105109843427603,1.1249244014717974,0,0.0,-0.0,1.210930988325191
2019-04-26,157.95,0.020876421923474497,False,1.0,0.020876421923474497,0.5230132450331122,0,0.0,0.0,0.577298120332894,0,0.0,0.0,1.743130713574124,0,0.0,0.0,1.0,0,0.0,0.0,1.0,0,0.0,0.0,1.0,0,1.0,0.020876421923474497,1.1484087979089346,0,0.0,0.0,1.210930988325191
2019-04-27,159.31,0.008610319721430892,False,1.0,0.008610319721430892,0.5275165562913904,0,0.0,0.0,0.577298120332894,0,0.0,0.0,1.743130713574124,0,0.0,0.0,1.0,0,0.0,0.0,1.0,0,0.0,0.0,1.0,0,1.0,0.008610319721430892,1.1582969648298347,0,0.0,0.0,1.210930988325191
2019-04-28,157.85,-0.009164522001129938,False,1.0,-0.009164522001129938,0.5226821192052976,0,0.0,-0.0,0.577298120332894,0,0.0,-0.0,1.743130713574124,0,0.0,-0.0,1.0,0,0.0,-0.0,1.0,0,0.0,-0.0,1.0,0,1.0,-0.009164522001129938,1.1476817268118096,0,0.0,-0.0,1.210930988325191
2019-04-29,155.11,-0.017358251504592803,False,1.0,-0.017358251504592803,0.5136092715231785,0,0.0,-0.0,0.577298120332894,0,0.0,-0.0,1.743130713574124,0,0.0,-0.0,1.0,0,0.0,-0.0,1.0,0,0.0,-0.0,1.0,0,1.0,-0.017358251504592803,1.1277599787505848,0,0.0,-0.0,1.210930988325191
2019-04-30,161.83,0.043324092579459794,False,1.0,0.043324092579459794,0.5358609271523176,0,0.0,0.0,0.577298120332894,0,0.0,0.0,1.743130713574124,0,0.0,0.0,1.0,0,0.0,0.0,1.0,0,0.0,0.0,1.0,0,1.0,0.043324092579459794,1.1766191564773847,0,0.0,0.0,1.210930988325191
2019-05-01,160.19,-0.010134091330408546,False,1.0,-0.010134091330408546,0.5304304635761586,0,0.0,-0.0,0.577298120332894,0,0.0,-0.0,1.743130713574124,0,0.0,-0.0,1.0,0,0.0,-0.0,1.0,0,0.0,-0.0,1.0,0,1.0,-0.010134091330408546,1.1646951904845346,0,0.0,-0.0,1.210930988325191
2019-05-02,161.81,0.010112990823397228,False,1.0,0.010112990823397228,0.5357947019867547,0,0.0,0.0,0.577298120332894,0,0.0,0.0,1.743130713574124,0,0.0,0.0,1.0,0,0.0,0.0,1.0,0,0.0,0.0,1.0,0,0.0,-0.001,1.1635304952940502,0,0.0,0.0,1.210930988325191
2019-05-03,168.06,0.03862554848278843,True,1.0,0.03862554848278843,0.5564900662251653,0,0.0,0.0,0.577298120332894,0,0.0,0.0,1.743130713574124,0,0.0,0.0,1.0,0,0.0,0.0,1.0,0,0.0,0.0,1.0,0,0.0,0.0,1.1635304952940502,0,0.0,0.0,1.210930988325191
2019-05-04,163.7,-0.025943115553968887,False,1.0,-0.025943115553968887,0.5420529801324501,0,0.0,-0.0,0.577298120332894,0,0.0,-0.0,1.743130713574124,0,0.0,-0.0,1.0,0,0.0,-0.0,1.0,0,0.0,-0.0,1.0,0,0.0,-0.0,1.1635304952940502,0,0.0,-0.0,1.210930988325191
2019-05-05,163.05,-0.003970678069639466,True,1.0,-0.003970678069639466,0.5399006622516554,0,0.0,-0.0,0.577298120332894,0,0.0,-0.0,1.743130713574124,0,0.0,-0.0,1.0,0,0.0,-0.0,1.0,0,0.0,-0.0,1.0,0,0.0,-0.0,1.1635304952940502,0,0.0,-0.0,1.210930988325191
2019-05-06,173.0,0.06102422569763877,True,1.0,0.06102422569763877,0.5728476821192051,0,0.0,0.0,0.577298120332894,0,0.0,0.0,1.743130713574124,0,0.0,0.0,1.0,0,0.0,0.0,1.0,0,0.0,0.0,1.0,0,0.0,0.0,1.1635304952940502,0,0.0,0.0,1.210930988325191
2019-05-07,169.18,-0.02208092485549129,True,1.0,-0.02208092485549129,0.5601986754966886,0,0.0,-0.0,0.577298120332894,0,0.0,-0.0,1.743130713574124,0,0.0,-0.0,1.0,0,0.0,-0.0,1.0,0,0.0,-0.0,1.0,0,0.0,-0.0,1.1635304952940502,0,0.0,-0.0,1.210930988325191
2019-05-08,170.85,0.009871143161130025,False,1.0,0.009871143161130025,0.5657284768211918,0,0.0,0.0,0.577298120332894,0,0.0,0.0,1.743130713574124,0,0.0,0.0,1.0,0,0.0,0.0,1.0,0,0.0,0.0,1.0,0,0.0,0.0,1.1635304952940502,0,0.0,0.0,1.210930988325191
2019-05-09,170.9,0.00029265437518288806,False,1.0,0.00029265437518288806,0.565894039735099,0,0.0,0.0,0.577298120332894,0,0.0,0.0,1.743130713574124,0,0.0,0.0,1.0,0,0.0,0.0,1.0,0,0.0,0.0,1.0,0,0.0,0.0,1.1635304952940502,0,0.0,0.0,1.210930988325191
2019-05-10,172.91,0.011761263897015706,True,1.0,0.011761263897015706,0.5725496688741718,0,0.0,0.0,0.577298120332894,0,0.0,0.0,1.743130713574124,0,0.0,0.0,1.0,0,0.0,0.0,1.0,0,0.0,0.0,1.0,0,0.0,0.0,1.1635304952940502,0,0.0,0.0,1.210930988325191
2019-05-11,190.2,0.09999421664449715,True,1.0,0.09999421664449715,0.6298013245033108,0,0.0,0.0,0.577298120332894,0,0.0,0.0,1.743130713574124,0,0.0,0.0,1.0,0,0.0,0.0,1.0,0,0.0,0.0,1.0,0,0.0,0.0,1.1635304952940502,0,0.0,0.0,1.210930988325191
2019-05-12,188.11,-0.010988433228180772,True,1.0,-0.010988433228180772,0.6228807947019864,0,0.0,-0.0,0.577298120332894,0,0.0,-0.0,1.743130713574124,0,0.0,-0.0,1.0,0,0.0,-0.0,1.0,0,0.0,-0.0,1.0,0,0.0,-0.0,1.1635304952940502,0,0.0,-0.0,1.210930988325191
2019-05-13,195.84,0.041092977513157214,True,1.0,0.041092977513157214,0.6484768211920526,0,0.0,0.0,0.577298120332894,0,0.0,0.0,1.743130713574124,0,0.0,0.0,1.0,0,0.0,0.0,1.0,0,0.0,0.0,1.0,0,0.0,0.0,1.1635304952940502,0,0.0,0.0,1.210930988325191
2019-05-14,216.4,0.10498366013071903,True,1.0,0.10498366013071903,0.7165562913907282,0,0.0,0.0,0.577298120332894,0,0.0,0.0,1.743130713574124,0,0.0,0.0,1.0,0,0.0,0.0,1.0,0,0.0,0.0,1.0,0,0.0,0.0,1.1635304952940502,0,0.0,0.0,1.210930988325191
2019-05-15,248.1,0.14648798521256934,True,1.0,0.14648798521256934,0.8215231788079467,0,0.0,0.0,0.577298120332894,1,0.0,0.0,1.743130713574124,0,0.0,0.0,1.0,0,0.0,0.0,1.0,0,0.0,0.0,1.0,0,0.0,0.0,1.1635304952940502,0,0.0,0.0,1.210930988325191
2019-05-16,264.25,0.06509471987101967,True,1.0,0.06509471987101967,0.8749999999999996,0,0.0,0.0,0.577298120332894,1,1.0,0.06409471987101967,1.854856188359228,0,0.0,0.0,1.0,0,0.0,0.0,1.0,0,0.0,0.0,1.0,0,0.0,0.0,1.1635304952940502,0,0.0,0.0,1.210930988325191
2019-05-17,244.3,-0.07549668874172177,True,1.0,-0.07549668874172177,0.808940397350993,0,0.0,-0.0,0.577298120332894,0,1.0,-0.07549668874172177,1.714820688046015,0,0.0,-0.0,1.0,0,0.0,-0.0,1.0,0,0.0,-0.0,1.0,0,0.0,-0.0,1.1635304952940502,0,0.0,-0.0,1.210930988325191
2019-05-18,233.6,-0.04379860826852233,True,1.0,-0.04379860826852233,0.773509933774834,0,0.0,-0.0,0.577298120332894,0,1.0,-0.04379860826852233,1.6397139284795297,0,0.0,-0.0,1.0,0,0.0,-0.0,1.0,0,0.0,-0.0,1.0,0,0.0,-0.0,1.1635304952940502,0,0.0,-0.0,1.210930988325191
2019-05-19,259.51,0.11091609589041096,True,1.0,0.11091609589041096,0.8593046357615889,0,0.0,0.0,0.577298120332894,0,1.0,0.11091609589041096,1.8215845958036077,0,0.0,0.0,1.0,0,0.0,0.0,1.0,0,0.0,0.0,1.0,0,0.0,0.0,1.1635304952940502,0,0.0,0.0,1.210930988325191
2019-05-20,250.37,-0.03522022272744785,True,1.0,-0.03522022272744785,0.8290397350993373,0,0.0,-0.0,0.577298120332894,0,1.0,-0.03522022272744785,1.7574279806225166,0,0.0,-0.0,1.0,0,0.0,-0.0,1.0,0,0.0,-0.0,1.0,0,0.0,-0.0,1.1635304952940502,0,0.0,-0.0,1.210930988325191
2019-05-21,253.43,0.012221911570875044,True,1.0,0.012221911570875044,0.839172185430463,0,0.0,0.0,0.577298120332894,0,1.0,0.012221911570875044,1.7789071099938665,0,0.0,0.0,1.0,0,0.0,0.0,1.0,0,0.0,0.0,1.0,0,0.0,0.0,1.1635304952940502,0,0.0,0.0,1.210930988325191
2019-05-22,243.64,-0.03862999644872356,True,1.0,-0.03862999644872356,0.8067549668874167,0,0.0,-0.0,0.577298120332894,0,1.0,-0.03862999644872356,1.7101879346521944,0,0.0,-0.0,1.0,0,0.0,-0.0,1.0,0,0.0,-0.0,1.0,0,0.0,-0.0,1.1635304952940502,0,0.0,-0.0,1.210930988325191
2019-05-23,244.56,0.003776063043835265,True,1.0,0.003776063043835265,0.8098013245033108,0,0.0,0.0,0.577298120332894,0,1.0,0.003776063043835265,1.7166457121102476,0,0.0,0.0,1.0,0,0.0,0.0,1.0,0,0.0,0.0,1.0,0,0.0,0.0,1.1635304952940502,0,0.0,0.0,1.210930988325191
2019-05-24,248.87,0.01762348707883543,True,1.0,0.01762348707883543,0.8240728476821186,0,0.0,0.0,0.577298120332894,0,1.0,0.01762348707883543,1.7468989956365608,0,0.0,0.0,1.0,0,0.0,0.0,1.0,0,0.0,0.0,1.0,0,0.0,0.0,1.1635304952940502,0,0.0,0.0,1.210930988325191
2019-05-25,250.22,0.0054245188250894305,True,1.0,0.0054245188250894305,0.8285430463576153,0,0.0,0.0,0.577298120332894,0,1.0,0.0054245188250894305,1.7563750821239212,0,0.0,0.0,1.0,0,0.0,0.0,1.0,0,0.0,0.0,1.0,0,0.0,0.0,1.1635304952940502,0,0.0,0.0,1.210930988325191
2019-05-26,264.45,0.056869954440092574,True,1.0,0.056869954440092574,0.8756622516556284,0,0.0,0.0,0.577298120332894,0,1.0,0.056869954440092574,1.8562600530240225,0,0.0,0.0,1.0,0,0.0,0.0,1.0,0,0.0,0.0,1.0,0,0.0,0.0,1.1635304952940502,0,0.0,0.0,1.210930988325191
2019-05-27,270.53,0.022991113632066407,True,1.0,0.022991113632066407,0.895794701986754,0,0.0,0.0,0.577298120332894,0,1.0,0.022991113632066407,1.8989375388337635,0,0.0,0.0,1.0,0,0.0,0.0,1.0,0,0.0,0.0,1.0,0,0.0,0.0,1.1635304952940502,0,0.0,0.0,1.210930988325191
2019-05-28,271.03,0.0018482238568735543,True,1.0,0.0018482238568735543,0.8974503311258268,0,0.0,0.0,0.577298120332894,0,1.0,0.0018482238568735543,1.902447200495749,0,0.0,0.0,1.0,0,0.0,0.0,1.0,0,0.0,0.0,1.0,0,0.0,0.0,1.1635304952940502,0,0.0,0.0,1.210930988325191
2019-05-29,268.83,-0.00811718259971217,True,1.0,-0.00811718259971217,0.8901655629139064,0,0.0,-0.0,0.577298120332894,0,1.0,-0.00811718259971217,1.8870046891830137,0,0.0,-0.0,1.0,0,0.0,-0.0,1.0,0,0.0,-0.0,1.0,0,0.0,-0.0,1.1635304952940502,0,0.0,-0.0,1.210930988325191
2019-05-30,254.56,-0.05308187330283076,True,1.0,-0.05308187330283076,0.8429139072847673,0,0.0,-0.0,0.577298120332894,0,1.0,-0.05308187330283076,1.7868389453499534,0,0.0,-0.0,1.0,0,0.0,-0.0,1.0,0,0.0,-0.0,1.0,0,0.0,-0.0,1.1635304952940502,0,0.0,-0.0,1.210930988325191
2019-05-31,267.9,0.052404148334380896,True,1.0,0.052404148334380896,0.8870860927152309,0,0.0,0.0,0.577298120332894,0,1.0,0.052404148334380896,1.880476718491721,0,0.0,0.0,1.0,0,0.0,0.0,1.0,0,0.0,0.0,1.0,0,0.0,0.0,1.1635304952940502,0,0.0,0.0,1.210930988325191
2019-06-01,264.33,-0.013325867861142204,True,1.0,-0.013325867861142204,0.8752649006622507,0,0.0,-0.0,0.577298120332894,0,1.0,-0.013325867861142204,1.855417734225146,0,0.0,-0.0,1.0,0,0.0,-0.0,1.0,0,0.0,-0.0,1.0,0,0.0,-0.0,1.1635304952940502,0,0.0,-0.0,1.210930988325191
2019-06-02,268.88,0.01721333182007334,True,1.0,0.01721333182007334,0.8903311258278136,0,0.0,0.0,0.577298120332894,0,1.0,0.01721333182007334,1.8873556553492121,0,0.0,0.0,1.0,0,0.0,0.0,1.0,0,0.0,0.0,1.0,0,0.0,0.0,1.1635304952940502,0,0.0,0.0,1.210930988325191
2019-06-03,249.91,-0.07055191907170488,True,1.0,-0.07055191907170488,0.8275165562913898,0,0.0,-0.0,0.577298120332894,0,1.0,-0.07055191907170488,1.75419909189349,0,0.0,-0.0,1.0,0,0.0,-0.0,1.0,0,0.0,-0.0,1.0,0,0.0,-0.0,1.1635304952940502,0,0.0,-0.0,1.210930988325191
2019-06-04,241.39,-0.034092273218358615,False,1.0,-0.034092273218358615,0.7993046357615885,0,0.0,-0.0,0.577298120332894,0,1.0,-0.034092273218358615,1.6943944571732605,0,0.0,-0.0,1.0,0,0.0,-0.0,1.0,0,0.0,-0.0,1.0,0,0.0,-0.0,1.1635304952940502,0,0.0,-0.0,1.210930988325191
2019-06-05,245.63,0.017564936409959042,False,1.0,0.017564936409959042,0.8133443708609263,0,0.0,0.0,0.577298120332894,0,1.0,0.017564936409959042,1.724156388066896,0,0.0,0.0,1.0,0,0.0,0.0,1.0,0,0.0,0.0,1.0,0,0.0,0.0,1.1635304952940502,0,0.0,0.0,1.210930988325191
2019-06-06,248.76,0.012742743150266689,True,1.0,0.012742743150266689,0.8237086092715223,0,0.0,0.0,0.577298120332894,0,0.0,-0.001,1.722432231678829,0,0.0,0.0,1.0,0,0.0,0.0,1.0,0,0.0,0.0,1.0,0,0.0,0.0,1.1635304952940502,0,0.0,0.0,1.210930988325191
2019-06-07,248.77,4.019938896937525e-05,True,1.0,4.019938896937525e-05,0.8237417218543038,0,0.0,0.0,0.577298120332894,0,0.0,0.0,1.722432231678829,0,0.0,0.0,1.0,0,0.0,0.0,1.0,0,0.0,0.0,1.0,0,0.0,0.0,1.1635304952940502,0,0.0,0.0,1.210930988325191
2019-06-08,243.25,-0.022189170719942197,False,1.0,-0.022189170719942197,0.8054635761589396,0,0.0,-0.0,0.577298120332894,0,0.0,-0.0,1.722432231678829,0,0.0,-0.0,1.0,0,0.0,-0.0,1.0,0,0.0,-0.0,1.0,0,0.0,-0.0,1.1635304952940502,0,0.0,-0.0,1.210930988325191
2019-06-09,230.98,-0.05044193216855086,False,1.0,-0.05044193216855086,0.764834437086092,0,0.0,-0.0,0.577298120332894,0,0.0,-0.0,1.722432231678829,0,0.0,-0.0,1.0,0,0.0,-0.0,1.0,0,0.0,-0.0,1.0,0,0.0,-0.0,1.1635304952940502,0,0.0,-0.0,1.210930988325191
2019-06-10,246.51,0.06723525846393619,False,1.0,0.06723525846393619,0.8162582781456945,0,0.0,0.0,0.577298120332894,0,0.0,0.0,1.722432231678829,0,0.0,0.0,1.0,0,0.0,0.0,1.0,0,0.0,0.0,1.0,0,0.0,0.0,1.1635304952940502,0,0.0,0.0,1.210930988325191
2019-06-11,244.29,-0.009005719849093374,True,1.0,-0.009005719849093374,0.808907284768211,0,0.0,-0.0,0.577298120332894,0,0.0,-0.0,1.722432231678829,0,0.0,-0.0,1.0,0,0.0,-0.0,1.0,0,0.0,-0.0,1.0,0,0.0,-0.0,1.1635304952940502,0,0.0,-0.0,1.210930988325191
2019-06-12,261.15,0.06901633304678856,True,1.0,0.06901633304678856,0.8647350993377474,0,0.0,0.0,0.577298120332894,0,0.0,0.0,1.722432231678829,0,0.0,0.0,1.0,0,0.0,0.0,1.0,0,0.0,0.0,1.0,0,0.0,0.0,1.1635304952940502,0,0.0,0.0,1.210930988325191
2019-06-13,254.67,-0.024813325674899467,True,1.0,-0.024813325674899467,0.8432781456953633,0,0.0,-0.0,0.577298120332894,0,0.0,-0.0,1.722432231678829,0,0.0,-0.0,1.0,0,0.0,-0.0,1.0,0,0.0,-0.0,1.0,0,0.0,-0.0,1.1635304952940502,0,0.0,-0.0,1.210930988325191
2019-06-14,262.47,0.03062787136294043,True,1.0,0.03062787136294043,0.8691059602648998,0,0.0,0.0,0.577298120332894,0,0.0,0.0,1.722432231678829,0,0.0,0.0,1.0,0,0.0,0.0,1.0,0,0.0,0.0,1.0,0,0.0,0.0,1.1635304952940502,0,0.0,0.0,1.210930988325191
2019-06-15,267.82,0.02038328189888361,True,1.0,0.02038328189888361,0.8868211920529793,0,0.0,0.0,0.577298120332894,0,0.0,0.0,1.722432231678829,0,0.0,0.0,1.0,0,0.0,0.0,1.0,0,0.0,0.0,1.0,0,0.0,0.0,1.1635304952940502,0,0.0,0.0,1.210930988325191
2019-06-16,267.73,-0.00033604659846153684,False,1.0,-0.00033604659846153684,0.8865231788079463,0,0.0,-0.0,0.577298120332894,0,0.0,-0.0,1.722432231678829,0,0.0,-0.0,1.0,0,0.0,-0.0,1.0,0,0.0,-0.0,1.0,0,0.0,-0.0,1.1635304952940502,0,0.0,-0.0,1.210930988325191
2019-06-17,273.16,0.020281627012288528,True,1.0,0.020281627012288528,0.9045033112582774,0,0.0,0.0,0.577298120332894,0,0.0,0.0,1.722432231678829,0,0.0,0.0,1.0,0,0.0,0.0,1.0,0,0.0,0.0,1.0,0,0.0,0.0,1.1635304952940502,0,0.0,0.0,1.210930988325191
2019-06-18,264.66,-0.03111729389368867,False,1.0,-0.03111729389368867,0.876357615894039,0,0.0,-0.0,0.577298120332894,0,0.0,-0.0,1.722432231678829,0,0.0,-0.0,1.0,0,0.0,-0.0,1.0,0,0.0,-0.0,1.0,0,0.0,-0.0,1.1635304952940502,0,0.0,-0.0,1.210930988325191
2019-06-19,268.14,0.013148945817274882,True,1.0,0.013148945817274882,0.887880794701986,0,0.0,0.0,0.577298120332894,0,0.0,0.0,1.722432231678829,0,0.0,0.0,1.0,0,0.0,0.0,1.0,0,0.0,0.0,1.0,0,0.0,0.0,1.1635304952940502,0,0.0,0.0,1.210930988325191
2019-06-20,271.22,0.01148653688371759,True,1.0,0.01148653688371759,0.8980794701986748,0,0.0,0.0,0.577298120332894,0,0.0,0.0,1.722432231678829,0,0.0,0.0,1.0,0,0.0,0.0,1.0,0,0.0,0.0,1.0,0,0.0,0.0,1.1635304952940502,0,0.0,0.0,1.210930988325191
2019-06-21,294.35,0.08528132143647227,True,1.0,0.08528132143647227,0.9746688741721847,0,0.0,0.0,0.577298120332894,0,0.0,0.0,1.722432231678829,0,0.0,0.0,1.0,0,0.0,0.0,1.0,0,0.0,0.0,1.0,0,0.0,0.0,1.1635304952940502,0,0.0,0.0,1.210930988325191
2019-06-22,310.79,0.055851877017156326,True,1.0,0.055851877017156326,1.0291059602648998,0,0.0,0.0,0.577298120332894,0,0.0,0.0,1.722432231678829,0,0.0,0.0,1.0,0,0.0,0.0,1.0,0,0.0,0.0,1.0,0,0.0,0.0,1.1635304952940502,0,0.0,0.0,1.210930988325191
2019-06-23,308.52,-0.007303967309115644,True,1.0,-0.007303967309115644,1.021589403973509,0,0.0,-0.0,0.577298120332894,0,0.0,-0.0,1.722432231678829,0,0.0,-0.0,1.0,0,0.0,-0.0,1.0,0,0.0,-0.0,1.0,0,0.0,-0.0,1.1635304952940502,0,0.0,-0.0,1.210930988325191
2019-06-24,311.64,0.010112796577207428,True,1.0,0.010112796577207428,1.0319205298013236,0,0.0,0.0,0.577298120332894,0,0.0,0.0,1.722432231678829,0,0.0,0.0,1.0,0,0.0,0.0,1.0,0,0.0,0.0,1.0,0,0.0,0.0,1.1635304952940502,0,0.0,0.0,1.210930988325191
2019-06-25,318.26,0.021242459247850176,True,1.0,0.021242459247850176,1.0538410596026482,0,0.0,0.0,0.577298120332894,0,0.0,0.0,1.722432231678829,0,0.0,0.0,1.0,0,0.0,0.0,1.0,0,0.0,0.0,1.0,0,0.0,0.0,1.1635304952940502,0,0.0,0.0,1.210930988325191
2019-06-26,339.39,0.06639225790234393,True,1.0,0.06639225790234393,1.1238079470198665,0,0.0,0.0,0.577298120332894,0,0.0,0.0,1.722432231678829,0,0.0,0.0,1.0,0,0.0,0.0,1.0,0,0.0,0.0,1.0,0,0.0,0.0,1.1635304952940502,0,0.0,0.0,1.210930988325191
2019-06-27,298.35,-0.12092283214001576,True,1.0,-0.12092283214001576,0.9879139072847675,0,0.0,-0.0,0.577298120332894,1,0.0,-0.0,1.722432231678829,0,0.0,-0.0,1.0,0,0.0,-0.0,1.0,0,0.0,-0.0,1.0,0,0.0,-0.0,1.1635304952940502,0,0.0,-0.0,1.210930988325191
2019-06-28,311.05,0.04256745433216014,True,1.0,0.04256745433216014,1.0299668874172176,0,0.0,0.0,0.577298120332894,0,1.0,0.041567454332160136,1.794029354809379,0,0.0,0.0,1.0,0,0.0,0.0,1.0,0,0.0,0.0,1.0,0,0.0,0.0,1.1635304952940502,0,0.0,0.0,1.210930988325191
2019-06-29,317.62,0.021122006108342584,True,1.0,0.021122006108342584,1.0517218543046347,0,0.0,0.0,0.577298120332894,0,1.0,0.021122006108342584,1.8319228538002086,0,0.0,0.0,1.0,0,0.0,0.0,1.0,0,0.0,0.0,1.0,0,0.0,0.0,1.1635304952940502,0,0.0,0.0,1.210930988325191
2019-06-30,292.7,-0.07845853535671565,True,1.0,-0.07845853535671565,0.969205298013244,0,0.0,-0.0,0.577298120332894,0,1.0,-0.07845853535671565,1.6881928698045494,0,0.0,-0.0,1.0,0,0.0,-0.0,1.0,0,0.0,-0.0,1.0,0,0.0,-0.0,1.1635304952940502,0,0.0,-0.0,1.210930988325191
2019-07-01,295.07,0.008097027673385826,True,1.0,0.008097027673385826,0.9770529801324493,0,0.0,0.0,0.577298120332894,0,1.0,0.008097027673385826,1.7018622141893696,0,0.0,0.0,1.0,0,0.0,0.0,1.0,0,0.0,0.0,1.0,0,0.0,0.0,1.1635304952940502,0,0.0,0.0,1.210930988325191
2019-07-02,291.48,-0.012166604534517123,True,1.0,-0.012166604534517123,0.9651655629139064,0,0.0,-0.0,0.577298120332894,0,1.0,-0.012166604534517123,1.6811563296570897,0,0.0,-0.0,1.0,0,0.0,-0.0,1.0,0,0.0,-0.0,1.0,0,0.0,-0.0,1.1635304952940502,0,0.0,-0.0,1.210930988325191
2019-07-03,301.14,0.033141210374639574,True,1.0,0.033141210374639574,0.9971523178807936,0,0.0,0.0,0.577298120332894,0,1.0,0.033141210374639574,1.7368718852509122,0,0.0,0.0,1.0,0,0.0,0.0,1.0,0,0.0,0.0,1.0,0,0.0,0.0,1.1635304952940502,0,0.0,0.0,1.210930988325191
2019-07-04,282.73,-0.06113435611343554,True,1.0,-0.06113435611343554,0.9361920529801315,0,0.0,-0.0,0.577298120332894,0,1.0,-0.06113435611343554,1.6306893408945689,0,0.0,-0.0,1.0,0,0.0,-0.0,1.0,0,0.0,-0.0,1.0,0,0.0,-0.0,1.1635304952940502,0,0.0,-0.0,1.210930988325191
2019-07-05,287.47,0.016765111590563375,True,1.0,0.016765111590563375,0.9518874172185421,0,0.0,0.0,0.577298120332894,0,1.0,0.016765111590563375,1.6580280296642085,0,0.0,0.0,1.0,0,0.0,0.0,1.0,0,0.0,0.0,1.0,0,0.0,0.0,1.1635304952940502,0,0.0,0.0,1.210930988325191
2019-07-06,288.29,0.002852471562249992,True,1.0,0.002852471562249992,0.9546026490066216,0,0.0,0.0,0.577298120332894,0,1.0,0.002852471562249992,1.662757507468239,0,0.0,0.0,1.0,0,0.0,0.0,1.0,0,0.0,0.0,1.0,0,0.0,0.0,1.1635304952940502,0,0.0,0.0,1.210930988325191
2019-07-07,304.72,0.056991224114606887,True,1.0,0.056991224114606887,1.0090066225165555,0,0.0,0.0,0.577298120332894,0,1.0,0.056991224114606887,1.7575200932246067,0,0.0,0.0,1.0,0,0.0,0.0,1.0,0,0.0,0.0,1.0,0,0.0,0.0,1.1635304952940502,0,0.0,0.0,1.210930988325191
2019-07-08,311.97,0.02379233394591762,True,1.0,0.02379233394591762,1.0330132450331118,0,0.0,0.0,0.577298120332894,0,1.0,0.02379233394591762,1.7993355981992667,0,0.0,0.0,1.0,0,0.0,0.0,1.0,0,0.0,0.0,1.0,0,0.0,0.0,1.1635304952940502,0,0.0,0.0,1.210930988325191
2019-07-09,307.46,-0.014456518254960526,True,1.0,-0.014456518254960526,1.0180794701986746,0,0.0,-0.0,0.577298120332894,0,1.0,-0.014456518254960526,1.7733234702770986,0,0.0,-0.0,1.0,0,0.0,-0.0,1.0,0,0.0,-0.0,1.0,0,0.0,-0.0,1.1635304952940502,0,0.0,-0.0,1.210930988325191
2019-07-10,289.23,-0.05929226566057366,True,1.0,-0.05929226566057366,0.9577152317880787,0,0.0,-0.0,0.577298120332894,0,1.0,-0.05929226566057366,1.6681791039752984,0,0.0,-0.0,1.0,0,0.0,-0.0,1.0,0,0.0,-0.0,1.0,0,0.0,-0.0,1.1635304952940502,0,0.0,-0.0,1.210930988325191
2019-07-11,268.63,-0.07122359367977049,False,1.0,-0.07122359367977049,0.8895033112582774,0,0.0,-0.0,0.577298120332894,0,1.0,-0.07122359367977049,1.5493653932886782,0,0.0,-0.0,1.0,0,0.0,-0.0,1.0,0,0.0,-0.0,1.0,0,0.0,-0.0,1.1635304952940502,0,0.0,-0.0,1.210930988325191
2019-07-12,274.62,0.02229832855600633,False,1.0,0.02229832855600633,0.9093377483443701,0,0.0,0.0,0.577298120332894,0,1.0,0.02229832855600633,1.583913651881535,0,0.0,0.0,1.0,0,0.0,0.0,1.0,0,0.0,0.0,1.0,0,0.0,0.0,1.1635304952940502,0,0.0,0.0,1.210930988325191
2019-07-13,268.79,-0.02122933508120306,False,1.0,-0.02122933508120306,0.8900331125827807,0,0.0,-0.0,0.577298120332894,0,1.0,-0.02122933508120306,1.55028821822605,0,0.0,-0.0,1.0,0,0.0,-0.0,1.0,0,0.0,-0.0,1.0,0,0.0,-0.0,1.1635304952940502,0,0.0,-0.0,1.210930988325191
2019-07-14,225.85,-0.15975296700026054,False,1.0,-0.15975296700026054,0.7478476821192046,0,0.0,-0.0,0.577298120332894,0,1.0,-0.15975296700026054,1.302625075658891,0,0.0,-0.0,1.0,0,0.0,-0.0,1.0,0,0.0,-0.0,1.0,0,0.0,-0.0,1.1635304952940502,0,0.0,-0.0,1.210930988325191
2019-07-15,228.2,0.010405136152313421,False,1.0,0.010405136152313421,0.7556291390728469,0,0.0,0.0,0.577298120332894,0,1.0,0.010405136152313421,1.3161790669265394,0,0.0,0.0,1.0,0,0.0,0.0,1.0,0,0.0,0.0,1.0,0,0.0,0.0,1.1635304952940502,0,0.0,0.0,1.210930988325191
2019-07-16,198.88,-0.12848378615249778,False,1.0,-0.12848378615249778,0.6585430463576152,0,0.0,-0.0,0.577298120332894,0,1.0,-0.12848378615249778,1.1470713971531559,0,0.0,-0.0,1.0,0,0.0,-0.0,1.0,0,0.0,-0.0,1.0,0,0.0,-0.0,1.1635304952940502,0,0.0,-0.0,1.210930988325191
2019-07-17,210.81,0.059985921158487665,False,1.0,0.059985921158487665,0.6980463576158934,0,0.0,0.0,0.577298120332894,0,1.0,0.059985921158487665,1.2158795315459414,0,0.0,0.0,1.0,0,0.0,0.0,1.0,0,0.0,0.0,1.0,0,0.0,0.0,1.1635304952940502,0,0.0,0.0,1.210930988325191
2019-07-18,225.73,0.0707746311844788,False,1.0,0.0707746311844788,0.747450331125827,0,0.0,0.0,0.577298120332894,0,0.0,-0.001,1.2146636520143954,0,0.0,0.0,1.0,0,0.0,0.0,1.0,0,0.0,0.0,1.0,0,0.0,0.0,1.1635304952940502,0,0.0,0.0,1.210930988325191
2019-07-19,220.73,-0.022150356620741607,False,1.0,-0.022150356620741607,0.7308940397350986,0,0.0,-0.0,0.577298120332894,0,0.0,-0.0,1.2146636520143954,0,0.0,-0.0,1.0,0,0.0,-0.0,1.0,0,0.0,-0.0,1.0,0,0.0,-0.0,1.1635304952940502,0,0.0,-0.0,1.210930988325191
2019-07-20,228.2,0.03384225071354141,False,1.0,0.03384225071354141,0.7556291390728469,0,0.0,0.0,0.577298120332894,0,0.0,0.0,1.2146636520143954,0,0.0,0.0,1.0,0,0.0,0.0,1.0,0,0.0,0.0,1.0,0,0.0,0.0,1.1635304952940502,0,0.0,0.0,1.210930988325191
2019-07-21,225.38,-0.012357581069237455,False,1.0,-0.012357581069237455,0.7462913907284761,0,0.0,-0.0,0.577298120332894,0,0.0,-0.0,1.2146636520143954,0,0.0,-0.0,1.0,0,0.0,-0.0,1.0,0,0.0,-0.0,1.0,0,0.0,-0.0,1.1635304952940502,0,0.0,-0.0,1.210930988325191
2019-07-22,217.51,-0.03491880379803003,False,1.0,-0.03491880379803003,0.7202317880794694,0,0.0,-0.0,0.577298120332894,0,0.0,-0.0,1.2146636520143954,0,0.0,-0.0,1.0,0,0.0,-0.0,1.0,0,0.0,-0.0,1.0,0,0.0,-0.0,1.1635304952940502,0,0.0,-0.0,1.210930988325191
2019-07-23,212.48,-0.023125373546043826,False,1.0,-0.023125373546043826,0.7035761589403966,0,0.0,-0.0,0.577298120332894,0,0.0,-0.0,1.2146636520143954,0,0.0,-0.0,1.0,0,0.0,-0.0,1.0,0,0.0,-0.0,1.0,0,0.0,-0.0,1.1635304952940502,0,0.0,-0.0,1.210930988325191
2019-07-24,216.31,0.01802522590361444,False,1.0,0.01802522590361444,0.7162582781456945,0,0.0,0.0,0.577298120332894,0,0.0,0.0,1.2146636520143954,0,0.0,0.0,1.0,0,0.0,0.0,1.0,0,0.0,0.0,1.0,0,0.0,0.0,1.1635304952940502,0,0.0,0.0,1.210930988325191
2019-07-25,219.14,0.01308307521612484,False,1.0,0.01308307521612484,0.7256291390728468,0,0.0,0.0,0.577298120332894,0,0.0,0.0,1.2146636520143954,0,0.0,0.0,1.0,0,0.0,0.0,1.0,0,0.0,0.0,1.0,0,0.0,0.0,1.1635304952940502,0,0.0,0.0,1.210930988325191
2019-07-26,218.81,-0.0015058866478049326,False,1.0,-0.0015058866478049326,0.7245364238410588,0,0.0,-0.0,0.577298120332894,0,0.0,-0.0,1.2146636520143954,0,0.0,-0.0,1.0,0,0.0,-0.0,1.0,0,0.0,-0.0,1.0,0,0.0,-0.0,1.1635304952940502,0,0.0,-0.0,1.210930988325191
2019-07-27,207.3,-0.052602714683972374,False,1.0,-0.052602714683972374,0.6864238410596019,0,0.0,-0.0,0.577298120332894,0,0.0,-0.0,1.2146636520143954,0,0.0,-0.0,1.0,0,0.0,-0.0,1.0,0,0.0,-0.0,1.0,0,0.0,-0.0,1.1635304952940502,0,0.0,-0.0,1.210930988325191
2019-07-28,211.62,0.020839363241678788,False,1.0,0.020839363241678788,0.7007284768211913,0,0.0,0.0,0.577298120332894,0,0.0,0.0,1.2146636520143954,0,0.0,0.0,1.0,0,0.0,0.0,1.0,0,0.0,0.0,1.0,0,0.0,0.0,1.1635304952940502,0,0.0,0.0,1.210930988325191
2019-07-29,210.89,-0.0034495794348361475,False,1.0,-0.0034495794348361475,0.6983112582781449,0,0.0,-0.0,0.577298120332894,0,0.0,-0.0,1.2146636520143954,0,0.0,-0.0,1.0,0,0.0,-0.0,1.0,0,0.0,-0.0,1.0,0,0.0,-0.0,1.1635304952940502,0,0.0,-0.0,1.210930988325191
2019-07-30,209.58,-0.006211769168760872,False,1.0,-0.006211769168760872,0.693973509933774,0,0.0,-0.0,0.577298120332894,0,0.0,-0.0,1.2146636520143954,0,0.0,-0.0,1.0,0,0.0,-0.0,1.0,0,0.0,-0.0,1.0,0,0.0,-0.0,1.1635304952940502,0,0.0,-0.0,1.210930988325191
2019-07-31,218.42,0.04217959728981757,False,1.0,0.04217959728981757,0.7232450331125818,0,0.0,0.0,0.577298120332894,0,0.0,0.0,1.2146636520143954,0,0.0,0.0,1.0,0,0.0,0.0,1.0,0,0.0,0.0,1.0,0,0.0,0.0,1.1635304952940502,0,0.0,0.0,1.210930988325191
2019-08-01,216.84,-0.007233769801300194,False,1.0,-0.007233769801300194,0.7180132450331117,0,0.0,-0.0,0.577298120332894,0,0.0,-0.0,1.2146636520143954,0,0.0,-0.0,1.0,0,0.0,-0.0,1.0,0,0.0,-0.0,1.0,0,0.0,-0.0,1.1635304952940502,0,0.0,-0.0,1.210930988325191
2019-08-02,217.61,0.0035510053495666494,False,1.0,0.0035510053495666494,0.720562913907284,0,0.0,0.0,0.577298120332894,0,0.0,0.0,1.2146636520143954,0,0.0,0.0,1.0,0,0.0,0.0,1.0,0,0.0,0.0,1.0,0,0.0,0.0,1.1635304952940502,0,0.0,0.0,1.210930988325191
2019-08-03,222.14,0.02081705803961209,False,1.0,0.02081705803961209,0.7355629139072839,0,0.0,0.0,0.577298120332894,0,0.0,0.0,1.2146636520143954,0,0.0,0.0,1.0,0,0.0,0.0,1.0,0,0.0,0.0,1.0,0,0.0,0.0,1.1635304952940502,0,0.0,0.0,1.210930988325191
2019-08-04,221.79,-0.0015755829656972642,False,1.0,-0.0015755829656972642,0.7344039735099329,0,0.0,-0.0,0.577298120332894,0,0.0,-0.0,1.2146636520143954,0,0.0,-0.0,1.0,0,0.0,-0.0,1.0,0,0.0,-0.0,1.0,0,0.0,-0.0,1.1635304952940502,0,0.0,-0.0,1.210930988325191
2019-08-05,233.54,0.052978042292258554,True,1.0,0.052978042292258554,0.7733112582781448,0,0.0,0.0,0.577298120332894,0,0.0,0.0,1.2146636520143954,0,0.0,0.0,1.0,0,0.0,0.0,1.0,0,0.0,0.0,1.0,0,0.0,0.0,1.1635304952940502,0,0.0,0.0,1.210930988325191
2019-08-06,226.28,-0.031086751734178297,True,1.0,-0.031086751734178297,0.7492715231788071,0,0.0,-0.0,0.577298120332894,0,0.0,-0.0,1.2146636520143954,0,0.0,-0.0,1.0,0,0.0,-0.0,1.0,0,0.0,-0.0,1.0,0,0.0,-0.0,1.1635304952940502,0,0.0,-0.0,1.210930988325191
2019-08-07,226.1,-0.0007954746331978457,True,1.0,-0.0007954746331978457,0.7486754966887408,0,0.0,-0.0,0.577298120332894,0,0.0,-0.0,1.2146636520143954,0,0.0,-0.0,1.0,0,0.0,-0.0,1.0,0,0.0,-0.0,1.0,0,0.0,-0.0,1.1635304952940502,0,0.0,-0.0,1.210930988325191
2019-08-08,221.39,-0.020831490490933247,True,1.0,-0.020831490490933247,0.7330794701986746,0,0.0,-0.0,0.577298120332894,0,0.0,-0.0,1.2146636520143954,0,0.0,-0.0,1.0,0,0.0,-0.0,1.0,0,0.0,-0.0,1.0,0,0.0,-0.0,1.1635304952940502,0,0.0,-0.0,1.210930988325191
2019-08-09,210.53,-0.0490537061294547,False,1.0,-0.0490537061294547,0.6971192052980124,0,0.0,-0.0,0.577298120332894,0,0.0,-0.0,1.2146636520143954,0,0.0,-0.0,1.0,0,0.0,-0.0,1.0,0,0.0,-0.0,1.0,0,0.0,-0.0,1.1635304952940502,0,0.0,-0.0,1.210930988325191
2019-08-10,206.48,-0.01923716334964143,False,1.0,-0.01923716334964143,0.6837086092715223,0,0.0,-0.0,0.577298120332894,0,0.0,-0.0,1.2146636520143954,0,0.0,-0.0,1.0,0,0.0,-0.0,1.0,0,0.0,-0.0,1.0,0,0.0,-0.0,1.1635304952940502,0,0.0,-0.0,1.210930988325191
2019-08-11,216.42,0.04814025571483915,False,1.0,0.04814025571483915,0.7166225165562905,0,0.0,0.0,0.577298120332894,0,0.0,0.0,1.2146636520143954,0,0.0,0.0,1.0,0,0.0,0.0,1.0,0,0.0,0.0,1.0,0,0.0,0.0,1.1635304952940502,0,0.0,0.0,1.210930988325191
2019-08-12,211.41,-0.023149431660659747,False,1.0,-0.023149431660659747,0.7000331125827807,0,0.0,-0.0,0.577298120332894,0,0.0,-0.0,1.2146636520143954,0,0.0,-0.0,1.0,0,0.0,-0.0,1.0,0,0.0,-0.0,1.0,0,0.0,-0.0,1.1635304952940502,0,0.0,-0.0,1.210930988325191
2019-08-13,209.3,-0.00998060640461651,False,1.0,-0.00998060640461651,0.6930463576158934,0,0.0,-0.0,0.577298120332894,0,0.0,-0.0,1.2146636520143954,0,0.0,-0.0,1.0,0,0.0,-0.0,1.0,0,0.0,-0.0,1.0,0,0.0,-0.0,1.1635304952940502,0,0.0,-0.0,1.210930988325191
2019-08-14,187.1,-0.10606784519828005,False,1.0,-0.10606784519828005,0.619536423841059,0,0.0,-0.0,0.577298120332894,0,0.0,-0.0,1.2146636520143954,0,0.0,-0.0,1.0,0,0.0,-0.0,1.0,0,0.0,-0.0,1.0,0,0.0,-0.0,1.1635304952940502,0,0.0,-0.0,1.210930988325191
2019-08-15,188.03,0.004970603955104291,False,1.0,0.004970603955104291,0.6226158940397345,0,0.0,0.0,0.577298120332894,0,0.0,0.0,1.2146636520143954,0,0.0,0.0,1.0,0,0.0,0.0,1.0,0,0.0,0.0,1.0,0,0.0,0.0,1.1635304952940502,0,0.0,0.0,1.210930988325191
2019-08-16,184.88,-0.016752645854384962,False,1.0,-0.016752645854384962,0.6121854304635755,0,0.0,-0.0,0.577298120332894,0,0.0,-0.0,1.2146636520143954,0,0.0,-0.0,1.0,0,0.0,-0.0,1.0,0,0.0,-0.0,1.0,0,0.0,-0.0,1.1635304952940502,0,0.0,-0.0,1.210930988325191
2019-08-17,185.59,0.0038403288619646148,False,1.0,0.0038403288619646148,0.614536423841059,0,0.0,0.0,0.577298120332894,0,0.0,0.0,1.2146636520143954,0,0.0,0.0,1.0,0,0.0,0.0,1.0,0,0.0,0.0,1.0,0,0.0,0.0,1.1635304952940502,0,0.0,0.0,1.210930988325191
2019-08-18,194.33,0.0470930545826822,False,1.0,0.0470930545826822,0.6434768211920523,0,0.0,0.0,0.577298120332894,0,0.0,0.0,1.2146636520143954,0,0.0,0.0,1.0,0,0.0,0.0,1.0,0,0.0,0.0,1.0,0,0.0,0.0,1.1635304952940502,0,0.0,0.0,1.210930988325191
2019-08-19,202.28,0.04090979262079952,False,1.0,0.04090979262079952,0.6698013245033104,0,0.0,0.0,0.577298120332894,0,0.0,0.0,1.2146636520143954,0,0.0,0.0,1.0,0,0.0,0.0,1.0,0,0.0,0.0,1.0,0,0.0,0.0,1.1635304952940502,0,0.0,0.0,1.210930988325191
2019-08-20,196.6,-0.028079889262408564,False,1.0,-0.028079889262408564,0.6509933774834429,0,0.0,-0.0,0.577298120332894,0,0.0,-0.0,1.2146636520143954,0,0.0,-0.0,1.0,0,0.0,-0.0,1.0,0,0.0,-0.0,1.0,0,0.0,-0.0,1.1635304952940502,0,0.0,-0.0,1.210930988325191
2019-08-21,187.45,-0.04654120040691767,False,1.0,-0.04654120040691767,0.6206953642384098,0,0.0,-0.0,0.577298120332894,0,0.0,-0.0,1.2146636520143954,0,0.0,-0.0,1.0,0,0.0,-0.0,1.0,0,0.0,-0.0,1.0,0,0.0,-0.0,1.1635304952940502,0,0.0,-0.0,1.210930988325191
2019-08-22,190.35,0.015470792211256468,False,1.0,0.015470792211256468,0.6302980132450323,0,0.0,0.0,0.577298120332894,0,0.0,0.0,1.2146636520143954,0,0.0,0.0,1.0,0,0.0,0.0,1.0,0,0.0,0.0,1.0,0,0.0,0.0,1.1635304952940502,0,0.0,0.0,1.210930988325191
2019-08-23,194.02,0.019280273180982466,False,1.0,0.019280273180982466,0.6424503311258271,0,0.0,0.0,0.577298120332894,0,0.0,0.0,1.2146636520143954,0,0.0,0.0,1.0,0,0.0,0.0,1.0,0,0.0,0.0,1.0,0,0.0,0.0,1.1635304952940502,0,0.0,0.0,1.210930988325191
2019-08-24,190.6,-0.017627048757860142,False,1.0,-0.017627048757860142,0.6311258278145687,0,0.0,-0.0,0.577298120332894,0,0.0,-0.0,1.2146636520143954,0,0.0,-0.0,1.0,0,0.0,-0.0,1.0,0,0.0,-0.0,1.0,0,0.0,-0.0,1.1635304952940502,0,0.0,-0.0,1.210930988325191
2019-08-25,186.54,-0.021301154249737664,False,1.0,-0.021301154249737664,0.6176821192052973,0,0.0,-0.0,0.577298120332894,0,0.0,-0.0,1.2146636520143954,0,0.0,-0.0,1.0,0,0.0,-0.0,1.0,0,0.0,-0.0,1.0,0,0.0,-0.0,1.1635304952940502,0,0.0,-0.0,1.210930988325191
2019-08-26,188.67,0.011418462528144158,False,1.0,0.011418462528144158,0.6247350993377476,0,0.0,0.0,0.577298120332894,0,0.0,0.0,1.2146636520143954,0,0.0,0.0,1.0,0,0.0,0.0,1.0,0,0.0,0.0,1.0,0,0.0,0.0,1.1635304952940502,0,0.0,0.0,1.210930988325191
2019-08-27,187.24,-0.007579371389197953,False,1.0,-0.007579371389197953,0.6199999999999993,0,0.0,-0.0,0.577298120332894,0,0.0,-0.0,1.2146636520143954,0,0.0,-0.0,1.0,0,0.0,-0.0,1.0,0,0.0,-0.0,1.0,0,0.0,-0.0,1.1635304952940502,0,0.0,-0.0,1.210930988325191
2019-08-28,173.03,-0.07589190343943608,False,1.0,-0.07589190343943608,0.572947019867549,0,0.0,-0.0,0.577298120332894,0,0.0,-0.0,1.2146636520143954,0,0.0,-0.0,1.0,0,0.0,-0.0,1.0,0,0.0,-0.0,1.0,0,0.0,-0.0,1.1635304952940502,0,0.0,-0.0,1.210930988325191
2019-08-29,169.01,-0.023232965381725812,False,1.0,-0.023232965381725812,0.5596357615894033,0,0.0,-0.0,0.577298120332894,0,0.0,-0.0,1.2146636520143954,0,0.0,-0.0,1.0,0,0.0,-0.0,1.0,0,0.0,-0.0,1.0,0,0.0,-0.0,1.1635304952940502,0,0.0,-0.0,1.210930988325191
2019-08-30,168.5,-0.0030175729246789684,False,1.0,-0.0030175729246789684,0.557947019867549,0,0.0,-0.0,0.577298120332894,0,0.0,-0.0,1.2146636520143954,0,0.0,-0.0,1.0,0,0.0,-0.0,1.0,0,0.0,-0.0,1.0,0,0.0,-0.0,1.1635304952940502,0,0.0,-0.0,1.210930988325191
2019-08-31,171.57,0.018219584569732827,False,1.0,0.018219584569732827,0.5681125827814563,0,0.0,0.0,0.577298120332894,0,0.0,0.0,1.2146636520143954,0,0.0,0.0,1.0,0,0.0,0.0,1.0,0,0.0,0.0,1.0,0,0.0,0.0,1.1635304952940502,0,0.0,0.0,1.210930988325191
2019-09-01,170.74,-0.004837675584309475,False,1.0,-0.004837675584309475,0.5653642384105955,0,0.0,-0.0,0.577298120332894,0,0.0,-0.0,1.2146636520143954,0,0.0,-0.0,1.0,0,0.0,-0.0,1.0,0,0.0,-0.0,1.0,0,0.0,-0.0,1.1635304952940502,0,0.0,-0.0,1.210930988325191
2019-09-02,178.05,0.04281363476631128,False,1.0,0.04281363476631128,0.5895695364238405,0,0.0,0.0,0.577298120332894,0,0.0,0.0,1.2146636520143954,0,0.0,0.0,1.0,0,0.0,0.0,1.0,0,0.0,0.0,1.0,0,0.0,0.0,1.1635304952940502,0,0.0,0.0,1.210930988325191
2019-09-03,178.75,0.003931479921370329,False,1.0,0.003931479921370329,0.5918874172185424,0,0.0,0.0,0.577298120332894,0,0.0,0.0,1.2146636520143954,0,0.0,0.0,1.0,0,0.0,0.0,1.0,0,0.0,0.0,1.0,0,0.0,0.0,1.1635304952940502,0,0.0,0.0,1.210930988325191
2019-09-04,174.72,-0.022545454545454535,False,1.0,-0.022545454545454535,0.5785430463576153,0,0.0,-0.0,0.577298120332894,0,0.0,-0.0,1.2146636520143954,0,0.0,-0.0,1.0,0,0.0,-0.0,1.0,0,0.0,-0.0,1.0,0,0.0,-0.0,1.1635304952940502,0,0.0,-0.0,1.210930988325191
2019-09-05,173.75,-0.0055517399267399625,False,1.0,-0.0055517399267399625,0.575331125827814,0,0.0,-0.0,0.577298120332894,0,0.0,-0.0,1.2146636520143954,0,0.0,-0.0,1.0,0,0.0,-0.0,1.0,0,0.0,-0.0,1.0,0,0.0,-0.0,1.1635304952940502,0,0.0,-0.0,1.210930988325191
2019-09-06,169.08,-0.026877697841726556,False,1.0,-0.026877697841726556,0.5598675496688736,0,0.0,-0.0,0.577298120332894,0,0.0,-0.0,1.2146636520143954,0,0.0,-0.0,1.0,0,0.0,-0.0,1.0,0,0.0,-0.0,1.0,0,0.0,-0.0,1.1635304952940502,0,0.0,-0.0,1.210930988325191
2019-09-07,177.62,0.050508634965696686,False,1.0,0.050508634965696686,0.5881456953642379,0,0.0,0.0,0.577298120332894,0,0.0,0.0,1.2146636520143954,0,0.0,0.0,1.0,0,0.0,0.0,1.0,0,0.0,0.0,1.0,0,0.0,0.0,1.1635304952940502,0,0.0,0.0,1.210930988325191
2019-09-08,181.19,0.020099087940547156,False,1.0,0.020099087940547156,0.5999668874172179,0,0.0,0.0,0.577298120332894,0,0.0,0.0,1.2146636520143954,0,0.0,0.0,1.0,0,0.0,0.0,1.0,0,0.0,0.0,1.0,0,0.0,0.0,1.1635304952940502,0,0.0,0.0,1.210930988325191
2019-09-09,180.54,-0.0035873944478171937,False,1.0,-0.0035873944478171937,0.5978145695364232,0,0.0,-0.0,0.577298120332894,0,0.0,-0.0,1.2146636520143954,0,0.0,-0.0,1.0,0,0.0,-0.0,1.0,0,0.0,-0.0,1.0,0,0.0,-0.0,1.1635304952940502,0,0.0,-0.0,1.210930988325191
2019-09-10,179.81,-0.004043425279716351,False,1.0,-0.004043425279716351,0.5953973509933769,0,0.0,-0.0,0.577298120332894,0,0.0,-0.0,1.2146636520143954,0,0.0,-0.0,1.0,0,0.0,-0.0,1.0,0,0.0,-0.0,1.0,0,0.0,-0.0,1.1635304952940502,0,0.0,-0.0,1.210930988325191
2019-09-11,178.28,-0.008508981702908591,False,1.0,-0.008508981702908591,0.590331125827814,0,0.0,-0.0,0.577298120332894,0,0.0,-0.0,1.2146636520143954,0,0.0,-0.0,1.0,0,0.0,-0.0,1.0,0,0.0,-0.0,1.0,0,0.0,-0.0,1.1635304952940502,0,0.0,-0.0,1.210930988325191
2019-09-12,180.72,0.01368633610051595,False,1.0,0.01368633610051595,0.5984105960264894,0,0.0,0.0,0.577298120332894,0,0.0,0.0,1.2146636520143954,0,0.0,0.0,1.0,0,0.0,0.0,1.0,0,0.0,0.0,1.0,0,0.0,0.0,1.1635304952940502,0,0.0,0.0,1.210930988325191
2019-09-13,180.95,0.001272687029659103,False,1.0,0.001272687029659103,0.5991721854304629,0,0.0,0.0,0.577298120332894,0,0.0,0.0,1.2146636520143954,0,0.0,0.0,1.0,0,0.0,0.0,1.0,0,0.0,0.0,1.0,0,0.0,0.0,1.1635304952940502,0,0.0,0.0,1.210930988325191
2019-09-14,188.13,0.03967946946670353,True,1.0,0.03967946946670353,0.622947019867549,0,0.0,0.0,0.577298120332894,0,0.0,0.0,1.2146636520143954,0,0.0,0.0,1.0,0,0.0,0.0,1.0,0,0.0,0.0,1.0,0,0.0,0.0,1.1635304952940502,0,0.0,0.0,1.210930988325191
2019-09-15,189.03,0.004783926008611106,True,1.0,0.004783926008611106,0.6259271523178801,0,0.0,0.0,0.577298120332894,0,0.0,0.0,1.2146636520143954,0,0.0,0.0,1.0,0,0.0,0.0,1.0,0,0.0,0.0,1.0,0,0.0,0.0,1.1635304952940502,0,0.0,0.0,1.210930988325191
2019-09-16,197.22,0.043326456118076395,True,1.0,0.043326456118076395,0.6530463576158932,0,0.0,0.0,0.577298120332894,0,0.0,0.0,1.2146636520143954,0,0.0,0.0,1.0,0,0.0,0.0,1.0,0,0.0,0.0,1.0,0,0.0,0.0,1.1635304952940502,0,0.0,0.0,1.210930988325191
2019-09-17,207.84,0.05384849406753878,True,1.0,0.05384849406753878,0.6882119205298005,0,0.0,0.0,0.577298120332894,0,0.0,0.0,1.2146636520143954,0,0.0,0.0,1.0,0,0.0,0.0,1.0,0,0.0,0.0,1.0,0,0.0,0.0,1.1635304952940502,0,0.0,0.0,1.210930988325191
2019-09-18,210.21,0.01140300230946889,True,1.0,0.01140300230946889,0.6960596026490059,0,0.0,0.0,0.577298120332894,0,0.0,0.0,1.2146636520143954,0,0.0,0.0,1.0,0,0.0,0.0,1.0,0,0.0,0.0,1.0,0,0.0,0.0,1.1635304952940502,0,0.0,0.0,1.210930988325191
2019-09-19,220.24,0.047714190571333415,True,1.0,0.047714190571333415,0.7292715231788072,0,0.0,0.0,0.577298120332894,0,0.0,0.0,1.2146636520143954,0,0.0,0.0,1.0,0,0.0,0.0,1.0,0,0.0,0.0,1.0,0,0.0,0.0,1.1635304952940502,0,0.0,0.0,1.210930988325191
2019-09-20,218.03,-0.010034507809662196,True,1.0,-0.010034507809662196,0.7219536423841052,0,0.0,-0.0,0.577298120332894,0,0.0,-0.0,1.2146636520143954,0,0.0,-0.0,1.0,0,0.0,-0.0,1.0,0,0.0,-0.0,1.0,0,0.0,-0.0,1.1635304952940502,0,0.0,-0.0,1.210930988325191
2019-09-21,215.05,-0.013667843874696106,True,1.0,-0.013667843874696106,0.712086092715231,0,0.0,-0.0,0.577298120332894,0,0.0,-0.0,1.2146636520143954,0,0.0,-0.0,1.0,0,0.0,-0.0,1.0,0,0.0,-0.0,1.0,0,0.0,-0.0,1.1635304952940502,0,0.0,-0.0,1.210930988325191
2019-09-22,211.2,-0.017902813299232823,True,1.0,-0.017902813299232823,0.6993377483443701,0,0.0,-0.0,0.577298120332894,0,0.0,-0.0,1.2146636520143954,0,0.0,-0.0,1.0,0,0.0,-0.0,1.0,0,0.0,-0.0,1.0,0,0.0,-0.0,1.1635304952940502,0,0.0,-0.0,1.210930988325191
2019-09-23,201.29,-0.04692234848484844,True,1.0,-0.04692234848484844,0.6665231788079463,0,0.0,-0.0,0.577298120332894,0,0.0,-0.0,1.2146636520143954,0,0.0,-0.0,1.0,0,0.0,-0.0,1.0,0,0.0,-0.0,1.0,0,0.0,-0.0,1.1635304952940502,0,0.0,-0.0,1.210930988325191
2019-09-24,165.81,-0.17626310298574188,False,1.0,-0.17626310298574188,0.5490397350993372,0,0.0,-0.0,0.577298120332894,0,0.0,-0.0,1.2146636520143954,0,0.0,-0.0,1.0,0,0.0,-0.0,1.0,0,0.0,-0.0,1.0,0,0.0,-0.0,1.1635304952940502,0,0.0,-0.0,1.210930988325191
2019-09-25,169.96,0.025028647246848834,False,1.0,0.025028647246848834,0.5627814569536419,0,0.0,0.0,0.577298120332894,0,0.0,0.0,1.2146636520143954,0,0.0,0.0,1.0,0,0.0,0.0,1.0,0,0.0,0.0,1.0,0,0.0,0.0,1.1635304952940502,0,0.0,0.0,1.210930988325191
2019-09-26,165.92,-0.02377029889385751,False,1.0,-0.02377029889385751,0.5494039735099332,0,0.0,-0.0,0.577298120332894,0,0.0,-0.0,1.2146636520143954,0,0.0,-0.0,1.0,0,0.0,-0.0,1.0,0,0.0,-0.0,1.0,0,0.0,-0.0,1.1635304952940502,0,0.0,-0.0,1.210930988325191
2019-09-27,173.79,0.04743249758919954,False,1.0,0.04743249758919954,0.5754635761589397,0,0.0,0.0,0.577298120332894,0,0.0,0.0,1.2146636520143954,0,0.0,0.0,1.0,0,0.0,0.0,1.0,0,0.0,0.0,1.0,0,0.0,0.0,1.1635304952940502,0,0.0,0.0,1.210930988325191
2019-09-28,173.49,-0.0017262213015707406,False,1.0,-0.0017262213015707406,0.5744701986754961,0,0.0,-0.0,0.577298120332894,0,0.0,-0.0,1.2146636520143954,0,0.0,-0.0,1.0,0,0.0,-0.0,1.0,0,0.0,-0.0,1.0,0,0.0,-0.0,1.1635304952940502,0,0.0,-0.0,1.210930988325191
2019-09-29,169.24,-0.02449708916940463,False,1.0,-0.02449708916940463,0.5603973509933768,0,0.0,-0.0,0.577298120332894,0,0.0,-0.0,1.2146636520143954,0,0.0,-0.0,1.0,0,0.0,-0.0,1.0,0,0.0,-0.0,1.0,0,0.0,-0.0,1.1635304952940502,0,0.0,-0.0,1.210930988325191
2019-09-30,180.85,0.06860080359253118,True,1.0,0.06860080359253118,0.5988410596026482,0,0.0,0.0,0.577298120332894,0,0.0,0.0,1.2146636520143954,0,0.0,0.0,1.0,0,0.0,0.0,1.0,0,0.0,0.0,1.0,0,0.0,0.0,1.1635304952940502,0,0.0,0.0,1.210930988325191
2019-10-01,175.66,-0.02869781586950515,False,1.0,-0.02869781586950515,0.5816556291390721,0,0.0,-0.0,0.577298120332894,0,0.0,-0.0,1.2146636520143954,0,0.0,-0.0,1.0,0,0.0,-0.0,1.0,0,0.0,-0.0,1.0,0,0.0,-0.0,1.1635304952940502,0,0.0,-0.0,1.210930988325191
2019-10-02,180.24,0.026073095753159636,False,1.0,0.026073095753159636,0.5968211920529795,0,0.0,0.0,0.577298120332894,0,0.0,0.0,1.2146636520143954,0,0.0,0.0,1.0,0,0.0,0.0,1.0,0,0.0,0.0,1.0,0,0.0,0.0,1.1635304952940502,0,0.0,0.0,1.210930988325191
2019-10-03,174.69,-0.03079227696404796,False,1.0,-0.03079227696404796,0.5784437086092709,0,0.0,-0.0,0.577298120332894,0,0.0,-0.0,1.2146636520143954,0,0.0,-0.0,1.0,0,0.0,-0.0,1.0,0,0.0,-0.0,1.0,0,0.0,-0.0,1.1635304952940502,0,0.0,-0.0,1.210930988325191
2019-10-04,175.55,0.004923006468601665,False,1.0,0.004923006468601665,0.5812913907284762,0,0.0,0.0,0.577298120332894,0,0.0,0.0,1.2146636520143954,0,0.0,0.0,1.0,0,0.0,0.0,1.0,0,0.0,0.0,1.0,0,0.0,0.0,1.1635304952940502,0,0.0,0.0,1.210930988325191
2019-10-05,176.25,0.003987467957846658,False,1.0,0.003987467957846658,0.5836092715231782,0,0.0,0.0,0.577298120332894,0,0.0,0.0,1.2146636520143954,0,0.0,0.0,1.0,0,0.0,0.0,1.0,0,0.0,0.0,1.0,0,0.0,0.0,1.1635304952940502,0,0.0,0.0,1.210930988325191
2019-10-06,170.1,-0.03489361702127658,False,1.0,-0.03489361702127658,0.5632450331125822,0,0.0,-0.0,0.577298120332894,0,0.0,-0.0,1.2146636520143954,0,0.0,-0.0,1.0,0,0.0,-0.0,1.0,0,0.0,-0.0,1.0,0,0.0,-0.0,1.1635304952940502,0,0.0,-0.0,1.210930988325191
2019-10-07,179.85,0.05731922398589062,False,1.0,0.05731922398589062,0.5955298013245027,0,0.0,0.0,0.577298120332894,0,0.0,0.0,1.2146636520143954,0,0.0,0.0,1.0,0,0.0,0.0,1.0,0,0.0,0.0,1.0,0,0.0,0.0,1.1635304952940502,0,0.0,0.0,1.210930988325191
2019-10-08,180.6,0.00417014178482078,False,1.0,0.00417014178482078,0.598013245033112,0,0.0,0.0,0.577298120332894,0,0.0,0.0,1.2146636520143954,0,0.0,0.0,1.0,0,0.0,0.0,1.0,0,0.0,0.0,1.0,0,0.0,0.0,1.1635304952940502,0,0.0,0.0,1.210930988325191
2019-10-09,192.62,0.06655592469545968,False,1.0,0.06655592469545968,0.6378145695364233,0,0.0,0.0,0.577298120332894,0,0.0,0.0,1.2146636520143954,0,0.0,0.0,1.0,0,0.0,0.0,1.0,0,0.0,0.0,1.0,0,0.0,0.0,1.1635304952940502,0,0.0,0.0,1.210930988325191
2019-10-10,191.14,-0.0076835219603365035,False,1.0,-0.0076835219603365035,0.6329139072847677,0,0.0,-0.0,0.577298120332894,0,0.0,-0.0,1.2146636520143954,0,0.0,-0.0,1.0,0,0.0,-0.0,1.0,0,0.0,-0.0,1.0,0,0.0,-0.0,1.1635304952940502,0,0.0,-0.0,1.210930988325191
2019-10-11,180.72,-0.05451501517212509,False,1.0,-0.05451501517212509,0.5984105960264896,0,0.0,-0.0,0.577298120332894,0,0.0,-0.0,1.2146636520143954,0,0.0,-0.0,1.0,0,0.0,-0.0,1.0,0,0.0,-0.0,1.0,0,0.0,-0.0,1.1635304952940502,0,0.0,-0.0,1.210930988325191
2019-10-12,179.68,-0.0057547587428065095,False,1.0,-0.0057547587428065095,0.5949668874172181,0,0.0,-0.0,0.577298120332894,0,0.0,-0.0,1.2146636520143954,0,0.0,-0.0,1.0,0,0.0,-0.0,1.0,0,0.0,-0.0,1.0,0,0.0,-0.0,1.1635304952940502,0,0.0,-0.0,1.210930988325191
2019-10-13,180.99,0.007290739091718734,False,1.0,0.007290739091718734,0.5993046357615891,0,0.0,0.0,0.577298120332894,0,0.0,0.0,1.2146636520143954,0,0.0,0.0,1.0,0,0.0,0.0,1.0,0,0.0,0.0,1.0,0,0.0,0.0,1.1635304952940502,0,0.0,0.0,1.210930988325191
2019-10-14,186.72,0.0316592076910327,True,1.0,0.0316592076910327,0.618278145695364,0,0.0,0.0,0.577298120332894,0,0.0,0.0,1.2146636520143954,0,0.0,0.0,1.0,0,0.0,0.0,1.0,0,0.0,0.0,1.0,0,0.0,0.0,1.1635304952940502,0,0.0,0.0,1.210930988325191
2019-10-15,180.49,-0.033365467009425775,True,1.0,-0.033365467009425775,0.5976490066225164,0,0.0,-0.0,0.577298120332894,0,0.0,-0.0,1.2146636520143954,0,0.0,-0.0,1.0,0,0.0,-0.0,1.0,0,0.0,-0.0,1.0,0,0.0,-0.0,1.1635304952940502,0,0.0,-0.0,1.210930988325191
2019-10-16,174.47,-0.03335364840157351,True,1.0,-0.03335364840157351,0.5777152317880793,0,0.0,-0.0,0.577298120332894,0,0.0,-0.0,1.2146636520143954,0,0.0,-0.0,1.0,0,0.0,-0.0,1.0,0,0.0,-0.0,1.0,0,0.0,-0.0,1.1635304952940502,0,0.0,-0.0,1.210930988325191
2019-10-17,177.16,0.015418123459620459,True,1.0,0.015418123459620459,0.5866225165562912,0,0.0,0.0,0.577298120332894,0,0.0,0.0,1.2146636520143954,0,0.0,0.0,1.0,0,0.0,0.0,1.0,0,0.0,0.0,1.0,0,0.0,0.0,1.1635304952940502,0,0.0,0.0,1.210930988325191
2019-10-18,172.74,-0.02494919846466459,False,1.0,-0.02494919846466459,0.5719867549668872,0,0.0,-0.0,0.577298120332894,0,0.0,-0.0,1.2146636520143954,0,0.0,-0.0,1.0,0,0.0,-0.0,1.0,0,0.0,-0.0,1.0,0,0.0,-0.0,1.1635304952940502,0,0.0,-0.0,1.210930988325191
2019-10-19,171.79,-0.005499594766701477,True,1.0,-0.005499594766701477,0.5688410596026487,0,0.0,-0.0,0.577298120332894,0,0.0,-0.0,1.2146636520143954,0,0.0,-0.0,1.0,0,0.0,-0.0,1.0,0,0.0,-0.0,1.0,0,0.0,-0.0,1.1635304952940502,0,0.0,-0.0,1.210930988325191
2019-10-20,175.22,0.019966237848536128,False,1.0,0.019966237848536128,0.5801986754966886,0,0.0,0.0,0.577298120332894,0,0.0,0.0,1.2146636520143954,0,0.0,0.0,1.0,0,0.0,0.0,1.0,0,0.0,0.0,1.0,0,0.0,0.0,1.1635304952940502,0,0.0,0.0,1.210930988325191
2019-10-21,173.98,-0.007076817714872785,False,1.0,-0.007076817714872785,0.5760927152317878,0,0.0,-0.0,0.577298120332894,0,0.0,-0.0,1.2146636520143954,0,0.0,-0.0,1.0,0,0.0,-0.0,1.0,0,0.0,-0.0,1.0,0,0.0,-0.0,1.1635304952940502,0,0.0,-0.0,1.210930988325191
2019-10-22,171.2,-0.01597884814346473,False,1.0,-0.01597884814346473,0.5668874172185429,0,0.0,-0.0,0.577298120332894,0,0.0,-0.0,1.2146636520143954,0,0.0,-0.0,1.0,0,0.0,-0.0,1.0,0,0.0,-0.0,1.0,0,0.0,-0.0,1.1635304952940502,0,0.0,-0.0,1.210930988325191
2019-10-23,162.35,-0.0516939252336448,False,1.0,-0.0516939252336448,0.5375827814569535,0,0.0,-0.0,0.577298120332894,0,0.0,-0.0,1.2146636520143954,0,0.0,-0.0,1.0,0,0.0,-0.0,1.0,0,0.0,-0.0,1.0,0,0.0,-0.0,1.1635304952940502,0,0.0,-0.0,1.210930988325191
2019-10-24,160.38,-0.012134277794887627,False,1.0,-0.012134277794887627,0.5310596026490064,0,0.0,-0.0,0.577298120332894,0,0.0,-0.0,1.2146636520143954,0,0.0,-0.0,1.0,0,0.0,-0.0,1.0,0,0.0,-0.0,1.0,0,0.0,-0.0,1.1635304952940502,0,0.0,-0.0,1.210930988325191
2019-10-25,181.5,0.13168724279835398,True,1.0,0.13168724279835398,0.6009933774834435,0,0.0,0.0,0.577298120332894,1,0.0,0.0,1.2146636520143954,0,0.0,0.0,1.0,0,0.0,0.0,1.0,0,0.0,0.0,1.0,0,0.0,0.0,1.1635304952940502,0,0.0,0.0,1.210930988325191
2019-10-26,179.49,-0.011074380165289166,True,1.0,-0.011074380165289166,0.5943377483443707,0,0.0,-0.0,0.577298120332894,0,1.0,-0.012074380165289167,1.199997341307015,0,0.0,-0.0,1.0,0,0.0,-0.0,1.0,0,0.0,-0.0,1.0,0,0.0,-0.0,1.1635304952940502,0,0.0,-0.0,1.210930988325191
2019-10-27,183.75,0.02373391275279957,True,1.0,0.02373391275279957,0.6084437086092713,0,0.0,0.0,0.577298120332894,0,1.0,0.02373391275279957,1.2284779735091873,0,0.0,0.0,1.0,0,0.0,0.0,1.0,0,0.0,0.0,1.0,0,0.0,0.0,1.1635304952940502,0,0.0,0.0,1.210930988325191
2019-10-28,181.72,-0.011047619047619084,True,1.0,-0.011047619047619084,0.6017218543046355,0,0.0,-0.0,0.577298120332894,0,1.0,-0.011047619047619084,1.2149062168494666,0,0.0,-0.0,1.0,0,0.0,-0.0,1.0,0,0.0,-0.0,1.0,0,0.0,-0.0,1.1635304952940502,0,0.0,-0.0,1.210930988325191
2019-10-29,190.46,0.04809597182478553,False,1.0,0.04809597182478553,0.630662251655629,0,0.0,0.0,0.577298120332894,0,1.0,0.04809597182478553,1.2733383120248154,0,0.0,0.0,1.0,0,0.0,0.0,1.0,0,0.0,0.0,1.0,0,0.0,0.0,1.1635304952940502,0,0.0,0.0,1.210930988325191
2019-10-30,183.13,-0.038485771290559745,False,1.0,-0.038485771290559745,0.606390728476821,0,0.0,-0.0,0.577298120332894,0,1.0,-0.038485771290559745,1.224332904972721,0,0.0,-0.0,1.0,0,0.0,-0.0,1.0,0,0.0,-0.0,1.0,0,0.0,-0.0,1.1635304952940502,0,0.0,-0.0,1.210930988325191
2019-10-31,182.18,-0.005187571670397961,True,1.0,-0.005187571670397961,0.6032450331125826,0,0.0,-0.0,0.577298120332894,0,1.0,-0.005187571670397961,1.2179815902797484,0,0.0,-0.0,1.0,0,0.0,-0.0,1.0,0,0.0,-0.0,1.0,0,0.0,-0.0,1.1635304952940502,0,0.0,-0.0,1.210930988325191
2019-11-01,182.85,0.003677681413986056,True,1.0,0.003677681413986056,0.6054635761589402,0,0.0,0.0,0.577298120332894,0,1.0,0.003677681413986056,1.2224609385368974,0,0.0,0.0,1.0,0,0.0,0.0,1.0,0,0.0,0.0,1.0,0,0.0,0.0,1.1635304952940502,0,0.0,0.0,1.210930988325191
2019-11-02,182.91,0.00032813781788343377,True,1.0,0.00032813781788343377,0.6056622516556289,0,0.0,0.0,0.577298120332894,0,1.0,0.00032813781788343377,1.2228620742017167,0,0.0,0.0,1.0,0,0.0,0.0,1.0,0,0.0,0.0,1.0,0,0.0,0.0,1.1635304952940502,0,0.0,0.0,1.210930988325191
2019-11-03,181.54,-0.007490022415395536,False,1.0,-0.007490022415395536,0.6011258278145694,0,0.0,-0.0,0.577298120332894,0,1.0,-0.007490022415395536,1.2137028098550087,0,0.0,-0.0,1.0,0,0.0,-0.0,1.0,0,0.0,-0.0,1.0,0,0.0,-0.0,1.1635304952940502,0,0.0,-0.0,1.210930988325191
2019-11-04,185.71,0.022970144320811015,True,1.0,0.022970144320811015,0.614933774834437,0,0.0,0.0,0.577298120332894,0,1.0,0.022970144320811015,1.2415817385599521,0,0.0,0.0,1.0,0,0.0,0.0,1.0,0,0.0,0.0,1.0,0,0.0,0.0,1.1635304952940502,0,0.0,0.0,1.210930988325191
2019-11-05,188.68,0.015992676754079005,True,1.0,0.015992676754079005,0.6247682119205298,0,0.0,0.0,0.577298120332894,0,1.0,0.015992676754079005,1.2614379539685088,0,0.0,0.0,1.0,0,0.0,0.0,1.0,0,0.0,0.0,1.0,0,0.0,0.0,1.1635304952940502,0,0.0,0.0,1.210930988325191
2019-11-06,191.16,0.013143947424210323,True,1.0,0.013143947424210323,0.6329801324503311,0,0.0,0.0,0.577298120332894,0,1.0,0.013143947424210323,1.2780182281143744,0,0.0,0.0,1.0,0,0.0,0.0,1.0,0,0.0,0.0,1.0,0,0.0,0.0,1.1635304952940502,0,0.0,0.0,1.210930988325191
2019-11-07,186.68,-0.023435865243774834,True,1.0,-0.023435865243774834,0.6181456953642385,0,0.0,-0.0,0.577298120332894,0,1.0,-0.023435865243774834,1.248066765141198,0,0.0,-0.0,1.0,0,0.0,-0.0,1.0,0,0.0,-0.0,1.0,0,0.0,-0.0,1.1635304952940502,0,0.0,-0.0,1.210930988325191
2019-11-08,183.74,-0.015748875080351388,True,1.0,-0.015748875080351388,0.6084105960264902,0,0.0,-0.0,0.577298120332894,0,1.0,-0.015748875080351388,1.2284111175650512,0,0.0,-0.0,1.0,0,0.0,-0.0,1.0,0,0.0,-0.0,1.0,0,0.0,-0.0,1.1635304952940502,0,0.0,-0.0,1.210930988325191
2019-11-09,184.89,0.0062588440187218985,True,1.0,0.0062588440187218985,0.6122185430463576,0,0.0,0.0,0.577298120332894,0,1.0,0.0062588440187218985,1.2360995511407546,0,0.0,0.0,1.0,0,0.0,0.0,1.0,0,0.0,0.0,1.0,0,0.0,0.0,1.1635304952940502,0,0.0,0.0,1.210930988325191
2019-11-10,188.96,0.022013088863648722,True,1.0,0.022013088863648722,0.6256953642384107,0,0.0,0.0,0.577298120332894,0,1.0,0.022013088863648722,1.2633099204043323,0,0.0,0.0,1.0,0,0.0,0.0,1.0,0,0.0,0.0,1.0,0,0.0,0.0,1.1635304952940502,0,0.0,0.0,1.210930988325191
2019-11-11,184.98,-0.021062658763759567,True,1.0,-0.021062658763759567,0.6125165562913908,0,0.0,-0.0,0.577298120332894,0,1.0,-0.021062658763759567,1.2367012546379836,0,0.0,-0.0,1.0,0,0.0,-0.0,1.0,0,0.0,-0.0,1.0,0,0.0,-0.0,1.1635304952940502,0,0.0,-0.0,1.210930988325191
2019-11-12,187.09,0.0114066385555196,True,1.0,0.0114066385555196,0.6195033112582783,0,0.0,0.0,0.577298120332894,0,1.0,0.0114066385555196,1.2508078588507967,0,0.0,0.0,1.0,0,0.0,0.0,1.0,0,0.0,0.0,1.0,0,0.0,0.0,1.1635304952940502,0,0.0,0.0,1.210930988325191
2019-11-13,188.11,0.00545192153509011,True,1.0,0.00545192153509011,0.6228807947019869,0,0.0,0.0,0.577298120332894,0,1.0,0.00545192153509011,1.2576271651527253,0,0.0,0.0,1.0,0,0.0,0.0,1.0,0,0.0,0.0,1.0,0,0.0,0.0,1.1635304952940502,0,0.0,0.0,1.210930988325191
2019-11-14,184.92,-0.016958162777098607,True,1.0,-0.016958162777098607,0.6123178807947021,0,0.0,-0.0,0.577298120332894,0,1.0,-0.016958162777098607,1.2363001189731644,0,0.0,-0.0,1.0,0,0.0,-0.0,1.0,0,0.0,-0.0,1.0,0,0.0,-0.0,1.1635304952940502,0,0.0,-0.0,1.210930988325191
2019-11-15,180.0,-0.026606099935106986,True,1.0,-0.026606099935106986,0.5960264900662253,0,0.0,-0.0,0.577298120332894,0,0.0,-0.001,1.2350638188541911,0,0.0,-0.0,1.0,0,0.0,-0.0,1.0,0,0.0,-0.0,1.0,0,0.0,-0.0,1.1635304952940502,0,0.0,-0.0,1.210930988325191
2019-11-16,182.37,0.013166666666666771,False,1.0,0.013166666666666771,0.6038741721854307,0,0.0,0.0,0.577298120332894,0,0.0,0.0,1.2350638188541911,0,0.0,0.0,1.0,0,0.0,0.0,1.0,0,0.0,0.0,1.0,0,0.0,0.0,1.1635304952940502,0,0.0,0.0,1.210930988325191
2019-11-17,183.82,0.007950869112244296,True,1.0,0.007950869112244296,0.608675496688742,0,0.0,0.0,0.577298120332894,0,0.0,0.0,1.2350638188541911,0,0.0,0.0,1.0,0,0.0,0.0,1.0,0,0.0,0.0,1.0,0,0.0,0.0,1.1635304952940502,0,0.0,0.0,1.210930988325191
2019-11-18,178.2,-0.03057338700903056,False,1.0,-0.03057338700903056,0.5900662251655632,0,0.0,-0.0,0.577298120332894,0,0.0,-0.0,1.2350638188541911,0,0.0,-0.0,1.0,0,0.0,-0.0,1.0,0,0.0,-0.0,1.0,0,0.0,-0.0,1.1635304952940502,0,0.0,-0.0,1.210930988325191
2019-11-19,175.94,-0.012682379349045925,False,1.0,-0.012682379349045925,0.582582781456954,0,0.0,-0.0,0.577298120332894,0,0.0,-0.0,1.2350638188541911,0,0.0,-0.0,1.0,0,0.0,-0.0,1.0,0,0.0,-0.0,1.0,0,0.0,-0.0,1.1635304952940502,0,0.0,-0.0,1.210930988325191
2019-11-20,174.72,-0.006934182107536602,False,1.0,-0.006934182107536602,0.5785430463576162,0,0.0,-0.0,0.577298120332894,0,0.0,-0.0,1.2350638188541911,0,0.0,-0.0,1.0,0,0.0,-0.0,1.0,0,0.0,-0.0,1.0,0,0.0,-0.0,1.1635304952940502,0,0.0,-0.0,1.210930988325191
2019-11-21,161.01,-0.07846840659340659,False,1.0,-0.07846840659340659,0.5331456953642387,0,0.0,-0.0,0.577298120332894,0,0.0,-0.0,1.2350638188541911,0,0.0,-0.0,1.0,0,0.0,-0.0,1.0,0,0.0,-0.0,1.0,0,0.0,-0.0,1.1635304952940502,0,0.0,-0.0,1.210930988325191
2019-11-22,149.56,-0.07111359542885531,False,1.0,-0.07111359542885531,0.4952317880794705,0,0.0,-0.0,0.577298120332894,0,0.0,-0.0,1.2350638188541911,0,0.0,-0.0,1.0,0,0.0,-0.0,1.0,0,0.0,-0.0,1.0,0,0.0,-0.0,1.1635304952940502,0,0.0,-0.0,1.210930988325191
2019-11-23,151.84,0.015244717838994282,False,1.0,0.015244717838994282,0.5027814569536426,0,0.0,0.0,0.577298120332894,0,0.0,0.0,1.2350638188541911,0,0.0,0.0,1.0,0,0.0,0.0,1.0,0,0.0,0.0,1.0,0,0.0,0.0,1.1635304952940502,0,0.0,0.0,1.210930988325191
2019-11-24,139.96,-0.07824025289778713,False,1.0,-0.07824025289778713,0.46344370860927175,0,0.0,-0.0,0.577298120332894,0,0.0,-0.0,1.2350638188541911,0,0.0,-0.0,1.0,0,0.0,-0.0,1.0,0,0.0,-0.0,1.0,0,0.0,-0.0,1.1635304952940502,0,0.0,-0.0,1.210930988325191
2019-11-25,145.69,0.04094026864818523,False,1.0,0.04094026864818523,0.4824172185430466,0,0.0,0.0,0.577298120332894,0,0.0,0.0,1.2350638188541911,0,0.0,0.0,1.0,0,0.0,0.0,1.0,0,0.0,0.0,1.0,0,0.0,0.0,1.1635304952940502,0,0.0,0.0,1.210930988325191
2019-11-26,147.47,0.012217722561603361,False,1.0,0.012217722561603361,0.4883112582781459,0,0.0,0.0,0.577298120332894,0,0.0,0.0,1.2350638188541911,0,0.0,0.0,1.0,0,0.0,0.0,1.0,0,0.0,0.0,1.0,0,0.0,0.0,1.1635304952940502,0,0.0,0.0,1.210930988325191
2019-11-27,152.62,0.03492235708957758,False,1.0,0.03492235708957758,0.5053642384105963,0,0.0,0.0,0.577298120332894,0,0.0,0.0,1.2350638188541911,0,0.0,0.0,1.0,0,0.0,0.0,1.0,0,0.0,0.0,1.0,0,0.0,0.0,1.1635304952940502,0,0.0,0.0,1.210930988325191
2019-11-28,150.72,-0.012449220285676854,False,1.0,-0.012449220285676854,0.49907284768211946,0,0.0,-0.0,0.577298120332894,0,0.0,-0.0,1.2350638188541911,0,0.0,-0.0,1.0,0,0.0,-0.0,1.0,0,0.0,-0.0,1.0,0,0.0,-0.0,1.1635304952940502,0,0.0,-0.0,1.210930988325191
2019-11-29,154.57,0.025544055201698557,False,1.0,0.025544055201698557,0.5118211920529804,0,0.0,0.0,0.577298120332894,0,0.0,0.0,1.2350638188541911,0,0.0,0.0,1.0,0,0.0,0.0,1.0,0,0.0,0.0,1.0,0,0.0,0.0,1.1635304952940502,0,0.0,0.0,1.210930988325191
2019-11-30,151.37,-0.020702594293847354,False,1.0,-0.020702594293847354,0.5012251655629142,0,0.0,-0.0,0.577298120332894,0,0.0,-0.0,1.2350638188541911,0,0.0,-0.0,1.0,0,0.0,-0.0,1.0,0,0.0,-0.0,1.0,0,0.0,-0.0,1.1635304952940502,0,0.0,-0.0,1.210930988325191
2019-12-01,150.73,-0.00422805047235264,False,1.0,-0.00422805047235264,0.4991059602649009,0,0.0,-0.0,0.577298120332894,0,0.0,-0.0,1.2350638188541911,0,0.0,-0.0,1.0,0,0.0,-0.0,1.0,0,0.0,-0.0,1.0,0,0.0,-0.0,1.1635304952940502,0,0.0,-0.0,1.210930988325191
2019-12-02,148.65,-0.01379950905592775,False,1.0,-0.01379950905592775,0.49221854304635787,0,0.0,-0.0,0.577298120332894,0,0.0,-0.0,1.2350638188541911,0,0.0,-0.0,1.0,0,0.0,-0.0,1.0,0,0.0,-0.0,1.0,0,0.0,-0.0,1.1635304952940502,0,0.0,-0.0,1.210930988325191
2019-12-03,147.17,-0.00995627312478986,False,1.0,-0.00995627312478986,0.4873178807947022,0,0.0,-0.0,0.577298120332894,0,0.0,-0.0,1.2350638188541911,0,0.0,-0.0,1.0,0,0.0,-0.0,1.0,0,0.0,-0.0,1.0,0,0.0,-0.0,1.1635304952940502,0,0.0,-0.0,1.210930988325191
2019-12-04,145.38,-0.012162804919480852,False,1.0,-0.012162804919480852,0.4813907284768214,0,0.0,-0.0,0.577298120332894,0,0.0,-0.0,1.2350638188541911,0,0.0,-0.0,1.0,0,0.0,-0.0,1.0,0,0.0,-0.0,1.0,0,0.0,-0.0,1.1635304952940502,0,0.0,-0.0,1.210930988325191
2019-12-05,148.1,0.01870958866419037,False,1.0,0.01870958866419037,0.49039735099337767,0,0.0,0.0,0.577298120332894,0,0.0,0.0,1.2350638188541911,0,0.0,0.0,1.0,0,0.0,0.0,1.0,0,0.0,0.0,1.0,0,0.0,0.0,1.1635304952940502,0,0.0,0.0,1.210930988325191
2019-12-06,148.45,0.002363268062120172,False,1.0,0.002363268062120172,0.49155629139072865,0,0.0,0.0,0.577298120332894,0,0.0,0.0,1.2350638188541911,0,0.0,0.0,1.0,0,0.0,0.0,1.0,0,0.0,0.0,1.0,0,0.0,0.0,1.1635304952940502,0,0.0,0.0,1.210930988325191
2019-12-07,147.14,-0.008824520040417672,False,1.0,-0.008824520040417672,0.48721854304635775,0,0.0,-0.0,0.577298120332894,0,0.0,-0.0,1.2350638188541911,0,0.0,-0.0,1.0,0,0.0,-0.0,1.0,0,0.0,-0.0,1.0,0,0.0,-0.0,1.1635304952940502,0,0.0,-0.0,1.210930988325191
2019-12-08,150.44,0.022427619953785616,False,1.0,0.022427619953785616,0.4981456953642386,0,0.0,0.0,0.577298120332894,0,0.0,0.0,1.2350638188541911,0,0.0,0.0,1.0,0,0.0,0.0,1.0,0,0.0,0.0,1.0,0,0.0,0.0,1.1635304952940502,0,0.0,0.0,1.210930988325191
2019-12-09,147.38,-0.020340335017282607,False,1.0,-0.020340335017282607,0.4880132450331128,0,0.0,-0.0,0.577298120332894,0,0.0,-0.0,1.2350638188541911,0,0.0,-0.0,1.0,0,0.0,-0.0,1.0,0,0.0,-0.0,1.0,0,0.0,-0.0,1.1635304952940502,0,0.0,-0.0,1.210930988325191
2019-12-10,145.56,-0.012349029719093463,False,1.0,-0.012349029719093463,0.48198675496688764,0,0.0,-0.0,0.577298120332894,0,0.0,-0.0,1.2350638188541911,0,0.0,-0.0,1.0,0,0.0,-0.0,1.0,0,0.0,-0.0,1.0,0,0.0,-0.0,1.1635304952940502,0,0.0,-0.0,1.210930988325191
2019-12-11,143.39,-0.014907941742236974,False,1.0,-0.014907941742236974,0.4748013245033114,0,0.0,-0.0,0.577298120332894,0,0.0,-0.0,1.2350638188541911,0,0.0,-0.0,1.0,0,0.0,-0.0,1.0,0,0.0,-0.0,1.0,0,0.0,-0.0,1.1635304952940502,0,0.0,-0.0,1.210930988325191
2019-12-12,144.87,0.010321500802008554,False,1.0,0.010321500802008554,0.47970198675496706,0,0.0,0.0,0.577298120332894,0,0.0,0.0,1.2350638188541911,0,0.0,0.0,1.0,0,0.0,0.0,1.0,0,0.0,0.0,1.0,0,0.0,0.0,1.1635304952940502,0,0.0,0.0,1.210930988325191
2019-12-13,144.8,-0.00048319182715528264,False,1.0,-0.00048319182715528264,0.4794701986754969,0,0.0,-0.0,0.577298120332894,0,0.0,-0.0,1.2350638188541911,0,0.0,-0.0,1.0,0,0.0,-0.0,1.0,0,0.0,-0.0,1.0,0,0.0,-0.0,1.1635304952940502,0,0.0,-0.0,1.210930988325191
2019-12-14,141.79,-0.02078729281767966,True,1.0,-0.02078729281767966,0.4695033112582783,0,0.0,-0.0,0.577298120332894,0,0.0,-0.0,1.2350638188541911,0,0.0,-0.0,1.0,0,0.0,-0.0,1.0,0,0.0,-0.0,1.0,0,0.0,-0.0,1.1635304952940502,0,0.0,-0.0,1.210930988325191
2019-12-15,142.46,0.004725297975879839,False,1.0,0.004725297975879839,0.4717218543046359,0,0.0,0.0,0.577298120332894,0,0.0,0.0,1.2350638188541911,0,0.0,0.0,1.0,0,0.0,0.0,1.0,0,0.0,0.0,1.0,0,0.0,0.0,1.1635304952940502,0,0.0,0.0,1.210930988325191
2019-12-16,132.73,-0.06829987364874368,False,1.0,-0.06829987364874368,0.43950331125827824,0,0.0,-0.0,0.577298120332894,0,0.0,-0.0,1.2350638188541911,0,0.0,-0.0,1.0,0,0.0,-0.0,1.0,0,0.0,-0.0,1.0,0,0.0,-0.0,1.1635304952940502,0,0.0,-0.0,1.210930988325191
2019-12-17,121.88,-0.08174489565282905,False,1.0,-0.08174489565282905,0.40357615894039744,0,0.0,-0.0,0.577298120332894,0,0.0,-0.0,1.2350638188541911,0,0.0,-0.0,1.0,0,0.0,-0.0,1.0,0,0.0,-0.0,1.0,0,0.0,-0.0,1.1635304952940502,0,0.0,-0.0,1.210930988325191
2019-12-18,132.78,0.0894322284213982,False,1.0,0.0894322284213982,0.4396688741721856,0,0.0,0.0,0.577298120332894,0,0.0,0.0,1.2350638188541911,0,0.0,0.0,1.0,0,0.0,0.0,1.0,0,0.0,0.0,1.0,0,0.0,0.0,1.1635304952940502,0,0.0,0.0,1.210930988325191
2019-12-19,128.1,-0.035246272028920056,False,1.0,-0.035246272028920056,0.4241721854304637,0,0.0,-0.0,0.577298120332894,0,0.0,-0.0,1.2350638188541911,0,0.0,-0.0,1.0,0,0.0,-0.0,1.0,0,0.0,-0.0,1.0,0,0.0,-0.0,1.1635304952940502,0,0.0,-0.0,1.210930988325191
2019-12-20,128.19,0.000702576112412201,False,1.0,0.000702576112412201,0.42447019867549685,0,0.0,0.0,0.577298120332894,0,0.0,0.0,1.2350638188541911,0,0.0,0.0,1.0,0,0.0,0.0,1.0,0,0.0,0.0,1.0,0,0.0,0.0,1.1635304952940502,0,0.0,0.0,1.210930988325191
2019-12-21,126.99,-0.009361104610344007,False,1.0,-0.009361104610344007,0.420496688741722,0,0.0,-0.0,0.577298120332894,0,0.0,-0.0,1.2350638188541911,0,0.0,-0.0,1.0,0,0.0,-0.0,1.0,0,0.0,-0.0,1.0,0,0.0,-0.0,1.1635304952940502,0,0.0,-0.0,1.210930988325191
2019-12-22,132.09,0.04016064257028118,False,1.0,0.04016064257028118,0.4373841059602651,0,0.0,0.0,0.577298120332894,0,0.0,0.0,1.2350638188541911,0,0.0,0.0,1.0,0,0.0,0.0,1.0,0,0.0,0.0,1.0,0,0.0,0.0,1.1635304952940502,0,0.0,0.0,1.210930988325191
2019-12-23,127.8,-0.032477856007267825,False,1.0,-0.032477856007267825,0.42317880794702006,0,0.0,-0.0,0.577298120332894,0,0.0,-0.0,1.2350638188541911,0,0.0,-0.0,1.0,0,0.0,-0.0,1.0,0,0.0,-0.0,1.0,0,0.0,-0.0,1.1635304952940502,0,0.0,-0.0,1.210930988325191
2019-12-24,127.75,-0.0003912363067292146,False,1.0,-0.0003912363067292146,0.4230132450331128,0,0.0,-0.0,0.577298120332894,0,0.0,-0.0,1.2350638188541911,0,0.0,-0.0,1.0,0,0.0,-0.0,1.0,0,0.0,-0.0,1.0,0,0.0,-0.0,1.1635304952940502,0,0.0,-0.0,1.210930988325191
2019-12-25,125.09,-0.02082191780821918,False,1.0,-0.02082191780821918,0.41420529801324524,0,0.0,-0.0,0.577298120332894,0,0.0,-0.0,1.2350638188541911,0,0.0,-0.0,1.0,0,0.0,-0.0,1.0,0,0.0,-0.0,1.0,0,0.0,-0.0,1.1635304952940502,0,0.0,-0.0,1.210930988325191
2019-12-26,125.58,0.003917179630665846,False,1.0,0.003917179630665846,0.4158278145695366,0,0.0,0.0,0.577298120332894,0,0.0,0.0,1.2350638188541911,0,0.0,0.0,1.0,0,0.0,0.0,1.0,0,0.0,0.0,1.0,0,0.0,0.0,1.1635304952940502,0,0.0,0.0,1.210930988325191
2019-12-27,126.29,0.005653766523331827,False,1.0,0.005653766523331827,0.41817880794702006,0,0.0,0.0,0.577298120332894,0,0.0,0.0,1.2350638188541911,0,0.0,0.0,1.0,0,0.0,0.0,1.0,0,0.0,0.0,1.0,0,0.0,0.0,1.1635304952940502,0,0.0,0.0,1.210930988325191
2019-12-28,128.11,0.0144112756354422,False,1.0,0.0144112756354422,0.4242052980132452,0,0.0,0.0,0.577298120332894,0,0.0,0.0,1.2350638188541911,0,0.0,0.0,1.0,0,0.0,0.0,1.0,0,0.0,0.0,1.0,0,0.0,0.0,1.1635304952940502,0,0.0,0.0,1.210930988325191
2019-12-29,134.36,0.04878619935992501,False,1.0,0.04878619935992501,0.44490066225165575,0,0.0,0.0,0.577298120332894,0,0.0,0.0,1.2350638188541911,0,0.0,0.0,1.0,0,0.0,0.0,1.0,0,0.0,0.0,1.0,0,0.0,0.0,1.1635304952940502,0,0.0,0.0,1.210930988325191
2019-12-30,131.59,-0.020616254837749426,False,1.0,-0.020616254837749426,0.43572847682119215,0,0.0,-0.0,0.577298120332894,0,0.0,-0.0,1.2350638188541911,0,0.0,-0.0,1.0,0,0.0,-0.0,1.0,0,0.0,-0.0,1.0,0,0.0,-0.0,1.1635304952940502,0,0.0,-0.0,1.210930988325191
2019-12-31,129.16,-0.018466448818299286,False,1.0,-0.018466448818299286,0.4276821192052981,0,0.0,-0.0,0.577298120332894,0,0.0,-0.0,1.2350638188541911,0,0.0,-0.0,1.0,0,0.0,-0.0,1.0,0,0.0,-0.0,1.0,0,0.0,-0.0,1.1635304952940502,0,0.0,-0.0,1.210930988325191
2020-01-01,130.77,0.012465159492103028,False,1.0,0.012465159492103028,0.4330132450331127,0,0.0,0.0,0.577298120332894,0,0.0,0.0,1.2350638188541911,0,0.0,0.0,1.0,0,0.0,0.0,1.0,0,0.0,0.0,1.0,0,0.0,0.0,1.1635304952940502,0,0.0,0.0,1.210930988325191
2020-01-02,127.19,-0.02737630955112036,False,1.0,-0.02737630955112036,0.4211589403973511,0,0.0,-0.0,0.577298120332894,0,0.0,-0.0,1.2350638188541911,0,0.0,-0.0,1.0,0,0.0,-0.0,1.0,0,0.0,-0.0,1.0,0,0.0,-0.0,1.1635304952940502,0,0.0,-0.0,1.210930988325191
2020-01-03,134.35,0.05629373378410252,False,1.0,0.05629373378410252,0.44486754966887426,0,0.0,0.0,0.577298120332894,0,0.0,0.0,1.2350638188541911,0,0.0,0.0,1.0,0,0.0,0.0,1.0,0,0.0,0.0,1.0,0,0.0,0.0,1.1635304952940502,0,0.0,0.0,1.210930988325191
2020-01-04,134.2,-0.0011164867882397234,False,1.0,-0.0011164867882397234,0.4443708609271524,0,0.0,-0.0,0.577298120332894,0,0.0,-0.0,1.2350638188541911,0,0.0,-0.0,1.0,0,0.0,-0.0,1.0,0,0.0,-0.0,1.0,0,0.0,-0.0,1.1635304952940502,0,0.0,-0.0,1.210930988325191
2020-01-05,135.37,0.008718330849478484,True,1.0,0.008718330849478484,0.4482450331125829,0,0.0,0.0,0.577298120332894,0,0.0,0.0,1.2350638188541911,0,0.0,0.0,1.0,0,0.0,0.0,1.0,0,0.0,0.0,1.0,0,0.0,0.0,1.1635304952940502,0,0.0,0.0,1.210930988325191
2020-01-06,144.15,0.06485927458077856,True,1.0,0.06485927458077856,0.4773178807947021,0,0.0,0.0,0.577298120332894,0,0.0,0.0,1.2350638188541911,0,0.0,0.0,1.0,0,0.0,0.0,1.0,0,0.0,0.0,1.0,0,0.0,0.0,1.1635304952940502,0,0.0,0.0,1.210930988325191
2020-01-07,142.8,-0.009365244536940653,True,1.0,-0.009365244536940653,0.4728476821192054,0,0.0,-0.0,0.577298120332894,0,0.0,-0.0,1.2350638188541911,0,0.0,-0.0,1.0,0,0.0,-0.0,1.0,0,0.0,-0.0,1.0,0,0.0,-0.0,1.1635304952940502,0,0.0,-0.0,1.210930988325191
2020-01-08,140.72,-0.014565826330532272,True,1.0,-0.014565826330532272,0.46596026490066234,0,0.0,-0.0,0.577298120332894,0,0.0,-0.0,1.2350638188541911,0,0.0,-0.0,1.0,0,0.0,-0.0,1.0,0,0.0,-0.0,1.0,0,0.0,-0.0,1.1635304952940502,0,0.0,-0.0,1.210930988325191
2020-01-09,137.74,-0.02117680500284247,True,1.0,-0.02117680500284247,0.4560927152317882,0,0.0,-0.0,0.577298120332894,0,0.0,-0.0,1.2350638188541911,0,0.0,-0.0,1.0,0,0.0,-0.0,1.0,0,0.0,-0.0,1.0,0,0.0,-0.0,1.1635304952940502,0,0.0,-0.0,1.210930988325191
2020-01-10,144.84,0.05154639175257736,True,1.0,0.05154639175257736,0.47960264900662264,0,0.0,0.0,0.577298120332894,0,0.0,0.0,1.2350638188541911,0,0.0,0.0,1.0,0,0.0,0.0,1.0,0,0.0,0.0,1.0,0,0.0,0.0,1.1635304952940502,0,0.0,0.0,1.210930988325191
2020-01-11,142.38,-0.016984258492129256,True,1.0,-0.016984258492129256,0.4714569536423842,0,0.0,-0.0,0.577298120332894,0,0.0,-0.0,1.2350638188541911,0,0.0,-0.0,1.0,0,0.0,-0.0,1.0,0,0.0,-0.0,1.0,0,0.0,-0.0,1.1635304952940502,0,0.0,-0.0,1.210930988325191
2020-01-12,146.54,0.029217586739710644,True,1.0,0.029217586739710644,0.4852317880794703,0,0.0,0.0,0.577298120332894,0,0.0,0.0,1.2350638188541911,0,0.0,0.0,1.0,0,0.0,0.0,1.0,0,0.0,0.0,1.0,0,0.0,0.0,1.1635304952940502,0,0.0,0.0,1.210930988325191
2020-01-13,143.58,-0.02019926299986341,True,1.0,-0.02019926299986341,0.4754304635761591,0,0.0,-0.0,0.577298120332894,0,0.0,-0.0,1.2350638188541911,0,0.0,-0.0,1.0,0,0.0,-0.0,1.0,0,0.0,-0.0,1.0,0,0.0,-0.0,1.1635304952940502,0,0.0,-0.0,1.210930988325191
2020-01-14,165.64,0.1536425686028693,True,1.0,0.1536425686028693,0.5484768211920531,0,0.0,0.0,0.577298120332894,1,0.0,0.0,1.2350638188541911,0,0.0,0.0,1.0,0,0.0,0.0,1.0,0,0.0,0.0,1.0,0,0.0,0.0,1.1635304952940502,0,0.0,0.0,1.210930988325191
2020-01-15,166.4,0.0045882637044194485,True,1.0,0.0045882637044194485,0.5509933774834439,0,0.0,0.0,0.577298120332894,0,1.0,0.0035882637044194485,1.2394955535280274,0,0.0,0.0,1.0,0,0.0,0.0,1.0,0,0.0,0.0,1.0,0,0.0,0.0,1.1635304952940502,0,0.0,0.0,1.210930988325191
2020-01-16,164.21,-0.013161057692307687,True,1.0,-0.013161057692307687,0.5437417218543048,0,0.0,-0.0,0.577298120332894,0,1.0,-0.013161057692307687,1.2231824810386862,0,0.0,-0.0,1.0,0,0.0,-0.0,1.0,0,0.0,-0.0,1.0,0,0.0,-0.0,1.1635304952940502,0,0.0,-0.0,1.210930988325191
2020-01-17,169.85,0.03434626393033313,True,1.0,0.03434626393033313,0.5624172185430465,0,0.0,0.0,0.577298120332894,0,1.0,0.03434626393033313,1.2651942293674006,0,0.0,0.0,1.0,0,0.0,0.0,1.0,0,0.0,0.0,1.0,0,0.0,0.0,1.1635304952940502,0,0.0,0.0,1.210930988325191
2020-01-18,174.14,0.025257580217839193,True,1.0,0.025257580217839193,0.5766225165562915,0,0.0,0.0,0.577298120332894,0,1.0,0.025257580217839193,1.297149974106795,0,0.0,0.0,1.0,0,0.0,0.0,1.0,0,0.0,0.0,1.0,0,0.0,0.0,1.1635304952940502,0,0.0,0.0,1.210930988325191
2020-01-19,166.79,-0.04220741931779026,True,1.0,-0.04220741931779026,0.5522847682119206,0,0.0,-0.0,0.577298120332894,0,1.0,-0.04220741931779026,1.2424006212316085,0,0.0,-0.0,1.0,0,0.0,-0.0,1.0,0,0.0,-0.0,1.0,0,0.0,-0.0,1.1635304952940502,0,0.0,-0.0,1.210930988325191
2020-01-20,166.87,0.00047964506265363305,True,1.0,0.00047964506265363305,0.5525496688741722,0,0.0,0.0,0.577298120332894,0,1.0,0.00047964506265363305,1.2429965325554202,0,0.0,0.0,1.0,0,0.0,0.0,1.0,0,0.0,0.0,1.0,0,0.0,0.0,1.1635304952940502,0,0.0,0.0,1.210930988325191
2020-01-21,169.49,0.015700844969137595,True,1.0,0.015700844969137595,0.5612251655629139,0,0.0,0.0,0.577298120332894,0,1.0,0.015700844969137595,1.2625126284102484,0,0.0,0.0,1.0,0,0.0,0.0,1.0,0,0.0,0.0,1.0,0,0.0,0.0,1.1635304952940502,0,0.0,0.0,1.210930988325191
2020-01-22,168.07,-0.008378075402678764,True,1.0,-0.008378075402678764,0.556523178807947,0,0.0,-0.0,0.577298120332894,0,1.0,-0.008378075402678764,1.2519352024125932,0,0.0,-0.0,1.0,0,0.0,-0.0,1.0,0,0.0,-0.0,1.0,0,0.0,-0.0,1.1635304952940502,0,0.0,-0.0,1.210930988325191
2020-01-23,162.81,-0.0312964836080204,True,1.0,-0.0312964836080204,0.5391059602649007,0,0.0,-0.0,0.577298120332894,0,1.0,-0.0312964836080204,1.2127540328719837,0,0.0,-0.0,1.0,0,0.0,-0.0,1.0,0,0.0,-0.0,1.0,0,0.0,-0.0,1.1635304952940502,0,0.0,-0.0,1.210930988325191
2020-01-24,162.54,-0.0016583747927032544,True,1.0,-0.0016583747927032544,0.5382119205298013,0,0.0,-0.0,0.577298120332894,0,1.0,-0.0016583747927032544,1.2107428321541196,0,0.0,-0.0,1.0,0,0.0,-0.0,1.0,0,0.0,-0.0,1.0,0,0.0,-0.0,1.1635304952940502,0,0.0,-0.0,1.210930988325191
2020-01-25,160.35,-0.013473606496862245,True,1.0,-0.013473606496862245,0.5309602649006623,0,0.0,-0.0,0.577298120332894,0,1.0,-0.013473606496862245,1.1944297596647784,0,0.0,-0.0,1.0,0,0.0,-0.0,1.0,0,0.0,-0.0,1.0,0,0.0,-0.0,1.1635304952940502,0,0.0,-0.0,1.210930988325191
2020-01-26,167.86,0.04683504833177432,True,1.0,0.04683504833177432,0.5558278145695364,0,0.0,0.0,0.577298120332894,0,1.0,0.04683504833177432,1.2503709351875878,0,0.0,0.0,1.0,0,0.0,0.0,1.0,0,0.0,0.0,1.0,0,0.0,0.0,1.1635304952940502,0,0.0,0.0,1.210930988325191
2020-01-27,170.08,0.013225306803288372,True,1.0,0.013225306803288372,0.5631788079470198,0,0.0,0.0,0.577298120332894,0,1.0,0.013225306803288372,1.2669074744233582,0,0.0,0.0,1.0,0,0.0,0.0,1.0,0,0.0,0.0,1.0,0,0.0,0.0,1.1635304952940502,0,0.0,0.0,1.210930988325191
2020-01-28,175.64,0.032690498588899164,True,1.0,0.032690498588899164,0.5815894039735098,0,0.0,0.0,0.577298120332894,0,1.0,0.032690498588899164,1.3083233114282609,0,0.0,0.0,1.0,0,0.0,0.0,1.0,0,0.0,0.0,1.0,0,0.0,0.0,1.1635304952940502,0,0.0,0.0,1.210930988325191
2020-01-29,173.72,-0.010931450694602551,True,1.0,-0.010931450694602551,0.5752317880794701,0,0.0,-0.0,0.577298120332894,0,1.0,-0.010931450694602551,1.2940214396567837,0,0.0,-0.0,1.0,0,0.0,-0.0,1.0,0,0.0,-0.0,1.0,0,0.0,-0.0,1.1635304952940502,0,0.0,-0.0,1.210930988325191
2020-01-30,184.69,0.06314759382915036,True,1.0,0.06314759382915036,0.6115562913907283,0,0.0,0.0,0.577298120332894,0,1.0,0.06314759382915036,1.3757357799344427,0,0.0,0.0,1.0,0,0.0,0.0,1.0,0,0.0,0.0,1.0,0,0.0,0.0,1.1635304952940502,0,0.0,0.0,1.210930988325191
2020-01-31,179.99,-0.02544804808056733,True,1.0,-0.02544804808056733,0.5959933774834436,0,0.0,-0.0,0.577298120332894,0,1.0,-0.02544804808056733,1.3407259896605142,0,0.0,-0.0,1.0,0,0.0,-0.0,1.0,0,0.0,-0.0,1.0,0,0.0,-0.0,1.1635304952940502,0,0.0,-0.0,1.210930988325191
2020-02-01,183.6,0.020056669814989547,True,1.0,0.020056669814989547,0.6079470198675495,0,0.0,0.0,0.577298120332894,0,1.0,0.020056669814989547,1.3676164881475101,0,0.0,0.0,1.0,0,0.0,0.0,1.0,0,0.0,0.0,1.0,0,0.0,0.0,1.1635304952940502,0,0.0,0.0,1.210930988325191
2020-02-02,188.44,0.026361655773420534,True,1.0,0.026361655773420534,0.6239735099337747,0,0.0,0.0,0.577298120332894,0,1.0,0.026361655773420534,1.403669123238109,0,0.0,0.0,1.0,0,0.0,0.0,1.0,0,0.0,0.0,1.0,0,0.0,0.0,1.1635304952940502,0,0.0,0.0,1.210930988325191
2020-02-03,189.69,0.00663341116535765,True,1.0,0.00663341116535765,0.6281125827814568,0,0.0,0.0,0.577298120332894,0,1.0,0.00663341116535765,1.4129802376726646,0,0.0,0.0,1.0,0,0.0,0.0,1.0,0,0.0,0.0,1.0,0,0.0,0.0,1.1635304952940502,0,0.0,0.0,1.210930988325191
2020-02-04,188.91,-0.004111972165111499,True,1.0,-0.004111972165111499,0.6255298013245031,0,0.0,-0.0,0.577298120332894,0,0.0,-0.001,1.411567257434992,0,0.0,-0.0,1.0,0,0.0,-0.0,1.0,0,0.0,-0.0,1.0,0,0.0,-0.0,1.1635304952940502,0,0.0,-0.0,1.210930988325191
2020-02-05,203.78,0.07871473188290734,True,1.0,0.07871473188290734,0.6747682119205296,0,0.0,0.0,0.577298120332894,0,0.0,0.0,1.411567257434992,0,0.0,0.0,1.0,0,0.0,0.0,1.0,0,0.0,0.0,1.0,0,0.0,0.0,1.1635304952940502,0,0.0,0.0,1.210930988325191
2020-02-06,213.19,0.0461772499754638,True,1.0,0.0461772499754638,0.7059271523178806,0,0.0,0.0,0.577298120332894,0,0.0,0.0,1.411567257434992,0,0.0,0.0,1.0,0,0.0,0.0,1.0,0,0.0,0.0,1.0,0,0.0,0.0,1.1635304952940502,0,0.0,0.0,1.210930988325191
2020-02-07,223.33,0.04756320652938695,True,1.0,0.04756320652938695,0.739503311258278,0,0.0,0.0,0.577298120332894,0,0.0,0.0,1.411567257434992,0,0.0,0.0,1.0,0,0.0,0.0,1.0,0,0.0,0.0,1.0,0,0.0,0.0,1.1635304952940502,0,0.0,0.0,1.210930988325191
2020-02-08,223.05,-0.001253750055970948,True,1.0,-0.001253750055970948,0.7385761589403972,0,0.0,-0.0,0.577298120332894,0,0.0,-0.0,1.411567257434992,0,0.0,-0.0,1.0,0,0.0,-0.0,1.0,0,0.0,-0.0,1.0,0,0.0,-0.0,1.1635304952940502,0,0.0,-0.0,1.210930988325191
2020-02-09,228.49,0.02438915041470513,True,1.0,0.02438915041470513,0.7565894039735097,0,0.0,0.0,0.577298120332894,0,0.0,0.0,1.411567257434992,0,0.0,0.0,1.0,0,0.0,0.0,1.0,0,0.0,0.0,1.0,0,0.0,0.0,1.1635304952940502,0,0.0,0.0,1.210930988325191
2020-02-10,222.89,-0.02450873123550279,True,1.0,-0.02450873123550279,0.7380463576158938,0,0.0,-0.0,0.577298120332894,0,0.0,-0.0,1.411567257434992,0,0.0,-0.0,1.0,0,0.0,-0.0,1.0,0,0.0,-0.0,1.0,0,0.0,-0.0,1.1635304952940502,0,0.0,-0.0,1.210930988325191
2020-02-11,236.69,0.06191394858450372,True,1.0,0.06191394858450372,0.7837417218543045,0,0.0,0.0,0.577298120332894,0,0.0,0.0,1.411567257434992,0,0.0,0.0,1.0,0,0.0,0.0,1.0,0,0.0,0.0,1.0,0,0.0,0.0,1.1635304952940502,0,0.0,0.0,1.210930988325191
2020-02-12,265.74,0.12273437830073086,True,1.0,0.12273437830073086,0.8799337748344368,0,0.0,0.0,0.577298120332894,1,0.0,0.0,1.411567257434992,0,0.0,0.0,1.0,0,0.0,0.0,1.0,0,0.0,0.0,1.0,0,0.0,0.0,1.1635304952940502,0,0.0,0.0,1.210930988325191
2020-02-13,268.32,0.009708737864077666,True,1.0,0.009708737864077666,0.8884768211920527,0,0.0,0.0,0.577298120332894,0,1.0,0.008708737864077665,1.4238602266575084,0,0.0,0.0,1.0,0,0.0,0.0,1.0,0,0.0,0.0,1.0,0,0.0,0.0,1.1635304952940502,0,0.0,0.0,1.210930988325191
2020-02-14,285.15,0.06272361359570655,True,1.0,0.06272361359570655,0.9442052980132447,0,0.0,0.0,0.577298120332894,0,1.0,0.06272361359570655,1.5131698853286693,0,0.0,0.0,1.0,0,0.0,0.0,1.0,0,0.0,0.0,1.0,0,0.0,0.0,1.1635304952940502,0,0.0,0.0,1.210930988325191
2020-02-15,264.88,-0.07108539365246358,True,1.0,-0.07108539365246358,0.8770860927152315,0,0.0,-0.0,0.577298120332894,0,1.0,-0.07108539365246358,1.4056056083670276,0,0.0,-0.0,1.0,0,0.0,-0.0,1.0,0,0.0,-0.0,1.0,0,0.0,-0.0,1.1635304952940502,0,0.0,-0.0,1.210930988325191
2020-02-16,258.85,-0.022765025672002337,True,1.0,-0.022765025672002337,0.8571192052980131,0,0.0,-0.0,0.577298120332894,0,1.0,-0.022765025672002337,1.3736069606078418,0,0.0,-0.0,1.0,0,0.0,-0.0,1.0,0,0.0,-0.0,1.0,0,0.0,-0.0,1.1635304952940502,0,0.0,-0.0,1.210930988325191
2020-02-17,267.85,0.03476917133474977,True,1.0,0.03476917133474977,0.8869205298013243,0,0.0,0.0,0.577298120332894,0,1.0,0.03476917133474977,1.4213661363678207,0,0.0,0.0,1.0,0,0.0,0.0,1.0,0,0.0,0.0,1.0,0,0.0,0.0,1.1635304952940502,0,0.0,0.0,1.210930988325191
2020-02-18,282.61,0.05510546947918615,True,1.0,0.05510546947918615,0.9357947019867547,0,0.0,0.0,0.577298120332894,0,1.0,0.05510546947918615,1.4996911846141865,0,0.0,0.0,1.0,0,0.0,0.0,1.0,0,0.0,0.0,1.0,0,0.0,0.0,1.1635304952940502,0,0.0,0.0,1.210930988325191
2020-02-19,258.45,-0.0854888362053714,True,1.0,-0.0854888362053714,0.8557947019867547,0,0.0,-0.0,0.577298120332894,0,1.0,-0.0854888362053714,1.371484330574065,0,0.0,-0.0,1.0,0,0.0,-0.0,1.0,0,0.0,-0.0,1.0,0,0.0,-0.0,1.1635304952940502,0,0.0,-0.0,1.210930988325191
2020-02-20,256.96,-0.005765138324627661,True,1.0,-0.005765138324627661,0.8508609271523175,0,0.0,-0.0,0.577298120332894,0,1.0,-0.005765138324627661,1.363577533698246,0,0.0,-0.0,1.0,0,0.0,-0.0,1.0,0,0.0,-0.0,1.0,0,0.0,-0.0,1.1635304952940502,0,0.0,-0.0,1.210930988325191
2020-02-21,265.27,0.032339663760896586,True,1.0,0.032339663760896586,0.8783774834437083,0,0.0,0.0,0.577298120332894,0,1.0,0.032339663760896586,1.40767517264996,0,0.0,0.0,1.0,0,0.0,0.0,1.0,0,0.0,0.0,1.0,0,0.0,0.0,1.1635304952940502,0,0.0,0.0,1.210930988325191
2020-02-22,261.57,-0.013948052927206245,True,1.0,-0.013948052927206245,0.8661258278145691,0,0.0,-0.0,0.577298120332894,0,1.0,-0.013948052927206245,1.388040844837524,0,0.0,-0.0,1.0,0,0.0,-0.0,1.0,0,0.0,-0.0,1.0,0,0.0,-0.0,1.1635304952940502,0,0.0,-0.0,1.210930988325191
2020-02-23,274.48,0.049355812975494295,True,1.0,0.049355812975494295,0.9088741721854302,0,0.0,0.0,0.577298120332894,0,1.0,0.049355812975494295,1.456548729177672,0,0.0,0.0,1.0,0,0.0,0.0,1.0,0,0.0,0.0,1.0,0,0.0,0.0,1.1635304952940502,0,0.0,0.0,1.210930988325191
2020-02-24,265.52,-0.03264354415622284,True,1.0,-0.03264354415622284,0.8792052980132447,0,0.0,-0.0,0.577298120332894,0,1.0,-0.03264354415622284,1.4090018164210705,0,0.0,-0.0,1.0,0,0.0,-0.0,1.0,0,0.0,-0.0,1.0,0,0.0,-0.0,1.1635304952940502,0,0.0,-0.0,1.210930988325191
2020-02-25,246.67,-0.07099276890629702,True,1.0,-0.07099276890629702,0.8167880794701984,0,0.0,-0.0,0.577298120332894,0,1.0,-0.07099276890629702,1.3089728760793367,0,0.0,-0.0,1.0,0,0.0,-0.0,1.0,0,0.0,-0.0,1.0,0,0.0,-0.0,1.1635304952940502,0,0.0,-0.0,1.210930988325191
2020-02-26,223.93,-0.09218794340617009,True,1.0,-0.09218794340617009,0.7414900662251653,0,0.0,-0.0,0.577298120332894,0,1.0,-0.09218794340617009,1.1883013586591231,0,0.0,-0.0,1.0,0,0.0,-0.0,1.0,0,0.0,-0.0,1.0,0,0.0,-0.0,1.1635304952940502,0,0.0,-0.0,1.210930988325191
2020-02-27,227.79,0.017237529585138134,True,1.0,0.017237529585138134,0.7542715231788076,0,0.0,0.0,0.577298120332894,0,1.0,0.017237529585138134,1.2087847384850696,0,0.0,0.0,1.0,0,0.0,0.0,1.0,0,0.0,0.0,1.0,0,0.0,0.0,1.1635304952940502,0,0.0,0.0,1.210930988325191
2020-02-28,226.76,-0.004521708591246343,True,1.0,-0.004521708591246343,0.7508609271523176,0,0.0,-0.0,0.577298120332894,0,1.0,-0.004521708591246343,1.2033189661480943,0,0.0,-0.0,1.0,0,0.0,-0.0,1.0,0,0.0,-0.0,1.0,0,0.0,-0.0,1.1635304952940502,0,0.0,-0.0,1.210930988325191
2020-02-29,217.21,-0.042115011465866936,False,1.0,-0.042115011465866936,0.7192384105960262,0,0.0,-0.0,0.577298120332894,0,1.0,-0.042115011465866936,1.1526411740916722,0,0.0,-0.0,1.0,0,0.0,-0.0,1.0,0,0.0,-0.0,1.0,0,0.0,-0.0,1.1635304952940502,0,0.0,-0.0,1.210930988325191
2020-03-01,217.81,0.002762303761336904,False,1.0,0.002762303761336904,0.7212251655629136,0,0.0,0.0,0.577298120332894,0,1.0,0.002762303761336904,1.1558251191423374,0,0.0,0.0,1.0,0,0.0,0.0,1.0,0,0.0,0.0,1.0,0,0.0,0.0,1.1635304952940502,0,0.0,0.0,1.210930988325191
2020-03-02,231.97,0.06501078921996228,False,1.0,0.06501078921996228,0.7681125827814566,0,0.0,0.0,0.577298120332894,0,1.0,0.06501078921996228,1.2309662223380378,0,0.0,0.0,1.0,0,0.0,0.0,1.0,0,0.0,0.0,1.0,0,0.0,0.0,1.1635304952940502,0,0.0,0.0,1.210930988325191
2020-03-03,223.91,-0.03474587231107473,False,1.0,-0.03474587231107473,0.7414238410596022,0,0.0,-0.0,0.577298120332894,0,1.0,-0.03474587231107473,1.1881952271574343,0,0.0,-0.0,1.0,0,0.0,-0.0,1.0,0,0.0,-0.0,1.0,0,0.0,-0.0,1.1635304952940502,0,0.0,-0.0,1.210930988325191
2020-03-04,224.26,0.0015631280425170146,False,1.0,0.0015631280425170146,0.7425827814569532,0,0.0,0.0,0.577298120332894,0,0.0,-0.001,1.1870070319302768,0,0.0,0.0,1.0,0,0.0,0.0,1.0,0,0.0,0.0,1.0,0,0.0,0.0,1.1635304952940502,0,0.0,0.0,1.210930988325191
2020-03-05,228.38,0.018371533042004895,False,1.0,0.018371533042004895,0.7562251655629135,0,0.0,0.0,0.577298120332894,0,0.0,0.0,1.1870070319302768,0,0.0,0.0,1.0,0,0.0,0.0,1.0,0,0.0,0.0,1.0,0,0.0,0.0,1.1635304952940502,0,0.0,0.0,1.210930988325191
2020-03-06,244.88,0.07224800770645423,False,1.0,0.07224800770645423,0.8108609271523175,0,0.0,0.0,0.577298120332894,0,0.0,0.0,1.1870070319302768,0,0.0,0.0,1.0,0,0.0,0.0,1.0,0,0.0,0.0,1.0,0,0.0,0.0,1.1635304952940502,0,0.0,0.0,1.210930988325191
2020-03-07,237.23,-0.031239790918000665,False,1.0,-0.031239790918000665,0.7855298013245029,0,0.0,-0.0,0.577298120332894,0,0.0,-0.0,1.1870070319302768,0,0.0,-0.0,1.0,0,0.0,-0.0,1.0,0,0.0,-0.0,1.0,0,0.0,-0.0,1.1635304952940502,0,0.0,-0.0,1.210930988325191
2020-03-08,199.43,-0.1593390380643257,False,1.0,-0.1593390380643257,0.6603642384105958,0,0.0,-0.0,0.577298120332894,0,0.0,-0.0,1.1870070319302768,0,0.0,-0.0,1.0,0,0.0,-0.0,1.0,0,0.0,-0.0,1.0,0,0.0,-0.0,1.1635304952940502,0,0.0,-0.0,1.210930988325191
2020-03-09,202.81,0.016948302662588288,False,1.0,0.016948302662588288,0.6715562913907281,0,0.0,0.0,0.577298120332894,0,0.0,0.0,1.1870070319302768,0,0.0,0.0,1.0,0,0.0,0.0,1.0,0,0.0,0.0,1.0,0,0.0,0.0,1.1635304952940502,0,0.0,0.0,1.210930988325191
2020-03-10,200.7,-0.010403826241309644,False,1.0,-0.010403826241309644,0.6645695364238406,0,0.0,-0.0,0.577298120332894,0,0.0,-0.0,1.1870070319302768,0,0.0,-0.0,1.0,0,0.0,-0.0,1.0,0,0.0,-0.0,1.0,0,0.0,-0.0,1.1635304952940502,0,0.0,-0.0,1.210930988325191
2020-03-11,194.61,-0.030343796711509552,False,1.0,-0.030343796711509552,0.6444039735099335,0,0.0,-0.0,0.577298120332894,0,0.0,-0.0,1.1870070319302768,0,0.0,-0.0,1.0,0,0.0,-0.0,1.0,0,0.0,-0.0,1.0,0,0.0,-0.0,1.1635304952940502,0,0.0,-0.0,1.210930988325191
2020-03-12,107.82,-0.44596886079852016,False,1.0,-0.44596886079852016,0.3570198675496687,0,0.0,-0.0,0.577298120332894,0,0.0,-0.0,1.1870070319302768,0,0.0,-0.0,1.0,0,0.0,-0.0,1.0,0,0.0,-0.0,1.0,0,0.0,-0.0,1.1635304952940502,0,0.0,-0.0,1.210930988325191
2020-03-13,134.06,0.24336857725839378,False,1.0,0.24336857725839378,0.44390728476821173,0,0.0,0.0,0.577298120332894,0,0.0,0.0,1.1870070319302768,0,0.0,0.0,1.0,0,0.0,0.0,1.0,0,0.0,0.0,1.0,0,0.0,0.0,1.1635304952940502,0,0.0,0.0,1.210930988325191
2020-03-14,122.54,-0.08593167238549904,False,1.0,-0.08593167238549904,0.40576158940397333,0,0.0,-0.0,0.577298120332894,0,0.0,-0.0,1.1870070319302768,0,0.0,-0.0,1.0,0,0.0,-0.0,1.0,0,0.0,-0.0,1.0,0,0.0,-0.0,1.1635304952940502,0,0.0,-0.0,1.210930988325191
2020-03-15,123.78,0.010119144769054955,False,1.0,0.010119144769054955,0.40986754966887395,0,0.0,0.0,0.577298120332894,0,0.0,0.0,1.1870070319302768,0,0.0,0.0,1.0,0,0.0,0.0,1.0,0,0.0,0.0,1.0,0,0.0,0.0,1.1635304952940502,0,0.0,0.0,1.210930988325191
2020-03-16,111.02,-0.10308612053643562,False,1.0,-0.10308612053643562,0.3676158940397349,0,0.0,-0.0,0.577298120332894,0,0.0,-0.0,1.1870070319302768,0,0.0,-0.0,1.0,0,0.0,-0.0,1.0,0,0.0,-0.0,1.0,0,0.0,-0.0,1.1635304952940502,0,0.0,-0.0,1.210930988325191
2020-03-17,115.67,0.04188434516303374,False,1.0,0.04188434516303374,0.38301324503311235,0,0.0,0.0,0.577298120332894,0,0.0,0.0,1.1870070319302768,0,0.0,0.0,1.0,0,0.0,0.0,1.0,0,0.0,0.0,1.0,0,0.0,0.0,1.1635304952940502,0,0.0,0.0,1.210930988325191
2020-03-18,118.11,0.02109449295409349,False,1.0,0.02109449295409349,0.39109271523178785,0,0.0,0.0,0.577298120332894,0,0.0,0.0,1.1870070319302768,0,0.0,0.0,1.0,0,0.0,0.0,1.0,0,0.0,0.0,1.0,0,0.0,0.0,1.1635304952940502,0,0.0,0.0,1.210930988325191
2020-03-19,136.3,0.15400897468461605,False,1.0,0.15400897468461605,0.451324503311258,0,0.0,0.0,0.577298120332894,0,0.0,0.0,1.1870070319302768,0,0.0,0.0,1.0,0,0.0,0.0,1.0,0,0.0,0.0,1.0,0,0.0,0.0,1.1635304952940502,0,0.0,0.0,1.210930988325191
2020-03-20,133.48,-0.020689655172413945,False,1.0,-0.020689655172413945,0.4419867549668871,0,0.0,-0.0,0.577298120332894,0,0.0,-0.0,1.1870070319302768,0,0.0,-0.0,1.0,0,0.0,-0.0,1.0,0,0.0,-0.0,1.0,0,0.0,-0.0,1.1635304952940502,0,0.0,-0.0,1.210930988325191
2020-03-21,132.66,-0.006143242433323315,False,1.0,-0.006143242433323315,0.43927152317880763,0,0.0,-0.0,0.577298120332894,0,0.0,-0.0,1.1870070319302768,0,0.0,-0.0,1.0,0,0.0,-0.0,1.0,0,0.0,-0.0,1.0,0,0.0,-0.0,1.1635304952940502,0,0.0,-0.0,1.210930988325191
2020-03-22,122.32,-0.07794361525704807,False,1.0,-0.07794361525704807,0.4050331125827812,0,0.0,-0.0,0.577298120332894,0,0.0,-0.0,1.1870070319302768,0,0.0,-0.0,1.0,0,0.0,-0.0,1.0,0,0.0,-0.0,1.0,0,0.0,-0.0,1.1635304952940502,0,0.0,-0.0,1.210930988325191
2020-03-23,135.92,0.11118378024852849,False,1.0,0.11118378024852849,0.4500662251655626,0,0.0,0.0,0.577298120332894,0,0.0,0.0,1.1870070319302768,0,0.0,0.0,1.0,0,0.0,0.0,1.0,0,0.0,0.0,1.0,0,0.0,0.0,1.1635304952940502,0,0.0,0.0,1.210930988325191
2020-03-24,138.42,0.018393172454384876,False,1.0,0.018393172454384876,0.45834437086092683,0,0.0,0.0,0.577298120332894,0,0.0,0.0,1.1870070319302768,0,0.0,0.0,1.0,0,0.0,0.0,1.0,0,0.0,0.0,1.0,0,0.0,0.0,1.1635304952940502,0,0.0,0.0,1.210930988325191
2020-03-25,136.1,-0.016760583730674683,False,1.0,-0.016760583730674683,0.45066225165562884,0,0.0,-0.0,0.577298120332894,0,0.0,-0.0,1.1870070319302768,0,0.0,-0.0,1.0,0,0.0,-0.0,1.0,0,0.0,-0.0,1.0,0,0.0,-0.0,1.1635304952940502,0,0.0,-0.0,1.210930988325191
2020-03-26,138.4,0.01689933872152838,False,1.0,0.01689933872152838,0.45827814569536396,0,0.0,0.0,0.577298120332894,0,0.0,0.0,1.1870070319302768,0,0.0,0.0,1.0,0,0.0,0.0,1.0,0,0.0,0.0,1.0,0,0.0,0.0,1.1635304952940502,0,0.0,0.0,1.210930988325191
2020-03-27,131.33,-0.05108381502890169,False,1.0,-0.05108381502890169,0.4348675496688739,0,0.0,-0.0,0.577298120332894,0,0.0,-0.0,1.1870070319302768,0,0.0,-0.0,1.0,0,0.0,-0.0,1.0,0,0.0,-0.0,1.0,0,0.0,-0.0,1.1635304952940502,0,0.0,-0.0,1.210930988325191
2020-03-28,130.98,-0.0026650422599560075,False,1.0,-0.0026650422599560075,0.4337086092715228,0,0.0,-0.0,0.577298120332894,0,0.0,-0.0,1.1870070319302768,0,0.0,-0.0,1.0,0,0.0,-0.0,1.0,0,0.0,-0.0,1.0,0,0.0,-0.0,1.1635304952940502,0,0.0,-0.0,1.210930988325191
2020-03-29,124.5,-0.04947320201557481,False,1.0,-0.04947320201557481,0.4122516556291388,0,0.0,-0.0,0.577298120332894,0,0.0,-0.0,1.1870070319302768,0,0.0,-0.0,1.0,0,0.0,-0.0,1.0,0,0.0,-0.0,1.0,0,0.0,-0.0,1.1635304952940502,0,0.0,-0.0,1.210930988325191
2020-03-30,132.06,0.06072289156626498,False,1.0,0.06072289156626498,0.4372847682119202,0,0.0,0.0,0.577298120332894,0,0.0,0.0,1.1870070319302768,0,0.0,0.0,1.0,0,0.0,0.0,1.0,0,0.0,0.0,1.0,0,0.0,0.0,1.1635304952940502,0,0.0,0.0,1.210930988325191
2020-03-31,132.72,0.004997728305315752,False,1.0,0.004997728305315752,0.43947019867549636,0,0.0,0.0,0.577298120332894,0,0.0,0.0,1.1870070319302768,0,0.0,0.0,1.0,0,0.0,0.0,1.0,0,0.0,0.0,1.0,0,0.0,0.0,1.1635304952940502,0,0.0,0.0,1.210930988325191
2020-04-01,135.69,0.022377938517178952,True,1.0,0.022377938517178952,0.449304635761589,0,0.0,0.0,0.577298120332894,0,0.0,0.0,1.1870070319302768,0,0.0,0.0,1.0,0,0.0,0.0,1.0,0,0.0,0.0,1.0,0,0.0,0.0,1.1635304952940502,0,0.0,0.0,1.210930988325191
2020-04-02,141.28,0.04119684575134497,True,1.0,0.04119684575134497,0.4678145695364234,0,0.0,0.0,0.577298120332894,0,0.0,0.0,1.1870070319302768,0,0.0,0.0,1.0,0,0.0,0.0,1.0,0,0.0,0.0,1.0,0,0.0,0.0,1.1635304952940502,0,0.0,0.0,1.210930988325191
2020-04-03,141.31,0.00021234428086081003,True,1.0,0.00021234428086081003,0.46791390728476784,0,0.0,0.0,0.577298120332894,0,0.0,0.0,1.1870070319302768,0,0.0,0.0,1.0,0,0.0,0.0,1.0,0,0.0,0.0,1.0,0,0.0,0.0,1.1635304952940502,0,0.0,0.0,1.210930988325191
2020-04-04,144.1,0.01974382563159005,True,1.0,0.01974382563159005,0.47715231788079426,0,0.0,0.0,0.577298120332894,0,0.0,0.0,1.1870070319302768,0,0.0,0.0,1.0,0,0.0,0.0,1.0,0,0.0,0.0,1.0,0,0.0,0.0,1.1635304952940502,0,0.0,0.0,1.210930988325191
2020-04-05,142.68,-0.009854267869534916,True,1.0,-0.009854267869534916,0.47245033112582746,0,0.0,-0.0,0.577298120332894,0,0.0,-0.0,1.1870070319302768,0,0.0,-0.0,1.0,0,0.0,-0.0,1.0,0,0.0,-0.0,1.0,0,0.0,-0.0,1.1635304952940502,0,0.0,-0.0,1.210930988325191
2020-04-06,171.32,0.20072890384076247,True,1.0,0.20072890384076247,0.5672847682119201,0,0.0,0.0,0.577298120332894,1,0.0,0.0,1.1870070319302768,0,0.0,0.0,1.0,0,0.0,0.0,1.0,0,0.0,0.0,1.0,0,0.0,0.0,1.1635304952940502,0,0.0,0.0,1.210930988325191
2020-04-07,164.63,-0.039049731496614504,True,1.0,-0.039049731496614504,0.5451324503311255,0,0.0,-0.0,0.577298120332894,0,1.0,-0.040049731496614505,1.1394677190168758,0,0.0,-0.0,1.0,0,0.0,-0.0,1.0,0,0.0,-0.0,1.0,0,0.0,-0.0,1.1635304952940502,0,0.0,-0.0,1.210930988325191
2020-04-08,173.11,0.05150944542307001,True,1.0,0.05150944542307001,0.573211920529801,0,0.0,0.0,0.577298120332894,0,1.0,0.05150944542307001,1.1981610693009257,0,0.0,0.0,1.0,0,0.0,0.0,1.0,0,0.0,0.0,1.0,0,0.0,0.0,1.1635304952940502,0,0.0,0.0,1.210930988325191
2020-04-09,169.52,-0.02073825891051939,True,1.0,-0.02073825891051939,0.5613245033112579,0,0.0,-0.0,0.577298120332894,0,1.0,-0.02073825891051939,1.1733132948292584,0,0.0,-0.0,1.0,0,0.0,-0.0,1.0,0,0.0,-0.0,1.0,0,0.0,-0.0,1.1635304952940502,0,0.0,-0.0,1.210930988325191
2020-04-10,157.81,-0.06907739499764043,True,1.0,-0.06907739499764043,0.5225496688741719,0,0.0,-0.0,0.577298120332894,0,1.0,-0.06907739499764043,1.0922638689063549,0,0.0,-0.0,1.0,0,0.0,-0.0,1.0,0,0.0,-0.0,1.0,0,0.0,-0.0,1.1635304952940502,0,0.0,-0.0,1.210930988325191
2020-04-11,158.33,0.0032951017045814712,True,1.0,0.0032951017045814712,0.5242715231788077,0,0.0,0.0,0.577298120332894,0,1.0,0.0032951017045814712,1.095862989442641,0,0.0,0.0,1.0,0,0.0,0.0,1.0,0,0.0,0.0,1.0,0,0.0,0.0,1.1635304952940502,0,0.0,0.0,1.210930988325191
2020-04-12,158.59,0.0016421398345227711,True,1.0,0.0016421398345227711,0.5251324503311255,0,0.0,0.0,0.577298120332894,0,1.0,0.0016421398345227711,1.097662549710784,0,0.0,0.0,1.0,0,0.0,0.0,1.0,0,0.0,0.0,1.0,0,0.0,0.0,1.1635304952940502,0,0.0,0.0,1.210930988325191
2020-04-13,156.29,-0.01450280597767839,True,1.0,-0.01450280597767839,0.5175165562913904,0,0.0,-0.0,0.577298120332894,0,1.0,-0.01450280597767839,1.0817433627233646,0,0.0,-0.0,1.0,0,0.0,-0.0,1.0,0,0.0,-0.0,1.0,0,0.0,-0.0,1.1635304952940502,0,0.0,-0.0,1.210930988325191
2020-04-14,158.45,0.013820461961737696,True,1.0,0.013820461961737696,0.524668874172185,0,0.0,0.0,0.577298120332894,0,1.0,0.013820461961737696,1.096693555720245,0,0.0,0.0,1.0,0,0.0,0.0,1.0,0,0.0,0.0,1.0,0,0.0,0.0,1.1635304952940502,0,0.0,0.0,1.210930988325191
2020-04-15,152.73,-0.036099715998737736,True,1.0,-0.036099715998737736,0.5057284768211917,0,0.0,-0.0,0.577298120332894,0,1.0,-0.036099715998737736,1.0571032298210983,0,0.0,-0.0,1.0,0,0.0,-0.0,1.0,0,0.0,-0.0,1.0,0,0.0,-0.0,1.1635304952940502,0,0.0,-0.0,1.210930988325191
2020-04-16,172.29,0.12806914162247107,True,1.0,0.12806914162247107,0.5704966887417214,0,0.0,0.0,0.577298120332894,0,1.0,0.12806914162247107,1.192485533070628,0,0.0,0.0,1.0,0,0.0,0.0,1.0,0,0.0,0.0,1.0,0,0.0,0.0,1.1635304952940502,0,0.0,0.0,1.210930988325191
2020-04-17,170.69,-0.009286667827500095,True,1.0,-0.009286667827500095,0.5651986754966883,0,0.0,-0.0,0.577298120332894,0,1.0,-0.009286667827500095,1.1814113160359019,0,0.0,-0.0,1.0,0,0.0,-0.0,1.0,0,0.0,-0.0,1.0,0,0.0,-0.0,1.1635304952940502,0,0.0,-0.0,1.210930988325191
2020-04-18,187.4,0.09789677192571333,True,1.0,0.09789677192571333,0.6205298013245029,0,0.0,0.0,0.577298120332894,0,1.0,0.09789677192571333,1.2970676701923254,0,0.0,0.0,1.0,0,0.0,0.0,1.0,0,0.0,0.0,1.0,0,0.0,0.0,1.1635304952940502,0,0.0,0.0,1.210930988325191
2020-04-19,180.03,-0.039327641408751335,True,1.0,-0.039327641408751335,0.5961258278145691,0,0.0,-0.0,0.577298120332894,0,1.0,-0.039327641408751335,1.246057057976117,0,0.0,-0.0,1.0,0,0.0,-0.0,1.0,0,0.0,-0.0,1.0,0,0.0,-0.0,1.1635304952940502,0,0.0,-0.0,1.210930988325191
2020-04-20,170.2,-0.05460201077598181,True,1.0,-0.05460201077598181,0.5635761589403969,0,0.0,-0.0,0.577298120332894,0,1.0,-0.05460201077598181,1.178019837069017,0,0.0,-0.0,1.0,0,0.0,-0.0,1.0,0,0.0,-0.0,1.0,0,0.0,-0.0,1.1635304952940502,0,0.0,-0.0,1.210930988325191
2020-04-21,170.74,0.0031727379553467827,True,1.0,0.0031727379553467827,0.5653642384105957,0,0.0,0.0,0.577298120332894,0,1.0,0.0031727379553467827,1.1817573853182373,0,0.0,0.0,1.0,0,0.0,0.0,1.0,0,0.0,0.0,1.0,0,0.0,0.0,1.1635304952940502,0,0.0,0.0,1.210930988325191
2020-04-22,182.7,0.07004802623872552,True,1.0,0.07004802623872552,0.6049668874172182,0,0.0,0.0,0.577298120332894,0,1.0,0.07004802623872552,1.2645371576528168,0,0.0,0.0,1.0,0,0.0,0.0,1.0,0,0.0,0.0,1.0,0,0.0,0.0,1.1635304952940502,0,0.0,0.0,1.210930988325191
2020-04-23,185.51,0.015380405035577471,True,1.0,0.015380405035577471,0.6142715231788076,0,0.0,0.0,0.577298120332894,0,1.0,0.015380405035577471,1.283986251320055,0,0.0,0.0,1.0,0,0.0,0.0,1.0,0,0.0,0.0,1.0,0,0.0,0.0,1.1635304952940502,0,0.0,0.0,1.210930988325191
2020-04-24,187.59,0.011212333566923638,True,1.0,0.011212333566923638,0.6211589403973506,0,0.0,0.0,0.577298120332894,0,1.0,0.011212333566923638,1.2983827334651994,0,0.0,0.0,1.0,0,0.0,0.0,1.0,0,0.0,0.0,1.0,0,0.0,0.0,1.1635304952940502,0,0.0,0.0,1.210930988325191
2020-04-25,194.21,0.035289727597419995,True,1.0,0.035289727597419995,0.6430794701986752,0,0.0,0.0,0.577298120332894,0,1.0,0.035289727597419995,1.34420230644638,0,0.0,0.0,1.0,0,0.0,0.0,1.0,0,0.0,0.0,1.0,0,0.0,0.0,1.1635304952940502,0,0.0,0.0,1.210930988325191
2020-04-26,197.38,0.016322537459451114,True,1.0,0.016322537459451114,0.653576158940397,0,0.0,0.0,0.577298120332894,0,1.0,0.016322537459451114,1.3661430989464316,0,0.0,0.0,1.0,0,0.0,0.0,1.0,0,0.0,0.0,1.0,0,0.0,0.0,1.1635304952940502,0,0.0,0.0,1.210930988325191
2020-04-27,196.34,-0.0052690242172458435,True,1.0,-0.0052690242172458435,0.6501324503311255,0,0.0,-0.0,0.577298120332894,0,0.0,-0.001,1.3647769558474852,0,0.0,-0.0,1.0,0,0.0,-0.0,1.0,0,0.0,-0.0,1.0,0,0.0,-0.0,1.1635304952940502,0,0.0,-0.0,1.210930988325191
2020-04-28,196.24,-0.0005093205663644351,True,1.0,-0.0005093205663644351,0.649801324503311,0,0.0,-0.0,0.577298120332894,0,0.0,-0.0,1.3647769558474852,0,0.0,-0.0,1.0,0,0.0,-0.0,1.0,0,0.0,-0.0,1.0,0,0.0,-0.0,1.1635304952940502,0,0.0,-0.0,1.210930988325191
2020-04-29,215.36,0.09743171626579694,True,1.0,0.09743171626579694,0.7131125827814566,0,0.0,0.0,0.577298120332894,0,0.0,0.0,1.3647769558474852,0,0.0,0.0,1.0,0,0.0,0.0,1.0,0,0.0,0.0,1.0,0,0.0,0.0,1.1635304952940502,0,0.0,0.0,1.210930988325191
2020-04-30,206.08,-0.043090638930163405,True,1.0,-0.043090638930163405,0.6823841059602646,0,0.0,-0.0,0.577298120332894,0,0.0,-0.0,1.3647769558474852,0,0.0,-0.0,1.0,0,0.0,-0.0,1.0,0,0.0,-0.0,1.0,0,0.0,-0.0,1.1635304952940502,0,0.0,-0.0,1.210930988325191
2020-05-01,212.02,0.028823757763975166,True,1.0,0.028823757763975166,0.70205298013245,0,0.0,0.0,0.577298120332894,0,0.0,0.0,1.3647769558474852,0,0.0,0.0,1.0,0,0.0,0.0,1.0,0,0.0,0.0,1.0,0,0.0,0.0,1.1635304952940502,0,0.0,0.0,1.210930988325191
2020-05-02,213.9,0.008867088010565016,True,1.0,0.008867088010565016,0.7082781456953638,0,0.0,0.0,0.577298120332894,0,0.0,0.0,1.3647769558474852,0,0.0,0.0,1.0,0,0.0,0.0,1.0,0,0.0,0.0,1.0,0,0.0,0.0,1.1635304952940502,0,0.0,0.0,1.210930988325191
2020-05-03,209.86,-0.018887330528284174,True,1.0,-0.018887330528284174,0.6949006622516553,0,0.0,-0.0,0.577298120332894,0,0.0,-0.0,1.3647769558474852,0,0.0,-0.0,1.0,0,0.0,-0.0,1.0,0,0.0,-0.0,1.0,0,0.0,-0.0,1.1635304952940502,0,0.0,-0.0,1.210930988325191
2020-05-04,206.48,-0.01610597541217962,True,1.0,-0.01610597541217962,0.6837086092715228,0,0.0,-0.0,0.577298120332894,0,0.0,-0.0,1.3647769558474852,0,0.0,-0.0,1.0,0,0.0,-0.0,1.0,0,0.0,-0.0,1.0,0,0.0,-0.0,1.1635304952940502,0,0.0,-0.0,1.210930988325191
2020-05-05,205.29,-0.00576327005036803,True,1.0,-0.00576327005036803,0.6797682119205294,0,0.0,-0.0,0.577298120332894,0,0.0,-0.0,1.3647769558474852,0,0.0,-0.0,1.0,0,0.0,-0.0,1.0,0,0.0,-0.0,1.0,0,0.0,-0.0,1.1635304952940502,0,0.0,-0.0,1.210930988325191
2020-05-06,198.97,-0.03078571776511274,True,1.0,-0.03078571776511274,0.6588410596026486,0,0.0,-0.0,0.577298120332894,0,0.0,-0.0,1.3647769558474852,0,0.0,-0.0,1.0,0,0.0,-0.0,1.0,0,0.0,-0.0,1.0,0,0.0,-0.0,1.1635304952940502,0,0.0,-0.0,1.210930988325191
2020-05-07,212.0,0.0654872593858371,True,1.0,0.0654872593858371,0.701986754966887,0,0.0,0.0,0.577298120332894,0,0.0,0.0,1.3647769558474852,0,0.0,0.0,1.0,0,0.0,0.0,1.0,0,0.0,0.0,1.0,0,0.0,0.0,1.1635304952940502,0,0.0,0.0,1.210930988325191
2020-05-08,211.31,-0.003254716981132111,True,1.0,-0.003254716981132111,0.6997019867549664,0,0.0,-0.0,0.577298120332894,0,0.0,-0.0,1.3647769558474852,0,0.0,-0.0,1.0,0,0.0,-0.0,1.0,0,0.0,-0.0,1.0,0,0.0,-0.0,1.1635304952940502,0,0.0,-0.0,1.210930988325191
2020-05-09,210.07,-0.005868155790071494,True,1.0,-0.005868155790071494,0.6955960264900657,0,0.0,-0.0,0.577298120332894,0,0.0,-0.0,1.3647769558474852,0,0.0,-0.0,1.0,0,0.0,-0.0,1.0,0,0.0,-0.0,1.0,0,0.0,-0.0,1.1635304952940502,0,0.0,-0.0,1.210930988325191
2020-05-10,187.54,-0.10724996429761513,True,1.0,-0.10724996429761513,0.6209933774834432,0,0.0,-0.0,0.577298120332894,0,0.0,-0.0,1.3647769558474852,0,0.0,-0.0,1.0,0,0.0,-0.0,1.0,0,0.0,-0.0,1.0,0,0.0,-0.0,1.1635304952940502,0,0.0,-0.0,1.210930988325191
2020-05-11,185.73,-0.009651274394795739,True,1.0,-0.009651274394795739,0.6149999999999995,0,0.0,-0.0,0.577298120332894,0,0.0,-0.0,1.3647769558474852,0,0.0,-0.0,1.0,0,0.0,-0.0,1.0,0,0.0,-0.0,1.0,0,0.0,-0.0,1.1635304952940502,0,0.0,-0.0,1.210930988325191
2020-05-12,189.76,0.02169816400150748,True,1.0,0.02169816400150748,0.6283443708609266,0,0.0,0.0,0.577298120332894,0,0.0,0.0,1.3647769558474852,0,0.0,0.0,1.0,0,0.0,0.0,1.0,0,0.0,0.0,1.0,0,0.0,0.0,1.1635304952940502,0,0.0,0.0,1.210930988325191
2020-05-13,199.58,0.05174957841483985,True,1.0,0.05174957841483985,0.6608609271523174,0,0.0,0.0,0.577298120332894,0,0.0,0.0,1.3647769558474852,0,0.0,0.0,1.0,0,0.0,0.0,1.0,0,0.0,0.0,1.0,0,0.0,0.0,1.1635304952940502,0,0.0,0.0,1.210930988325191
2020-05-14,203.29,0.018589036977652906,True,1.0,0.018589036977652906,0.6731456953642377,0,0.0,0.0,0.577298120332894,0,0.0,0.0,1.3647769558474852,0,0.0,0.0,1.0,0,0.0,0.0,1.0,0,0.0,0.0,1.0,0,0.0,0.0,1.1635304952940502,0,0.0,0.0,1.210930988325191
2020-05-15,194.86,-0.04146785380490914,True,1.0,-0.04146785380490914,0.6452317880794696,0,0.0,-0.0,0.577298120332894,0,0.0,-0.0,1.3647769558474852,0,0.0,-0.0,1.0,0,0.0,-0.0,1.0,0,0.0,-0.0,1.0,0,0.0,-0.0,1.1635304952940502,0,0.0,-0.0,1.210930988325191
2020-05-16,200.45,0.02868726265010757,True,1.0,0.02868726265010757,0.6637417218543039,0,0.0,0.0,0.577298120332894,0,0.0,0.0,1.3647769558474852,0,0.0,0.0,1.0,0,0.0,0.0,1.0,0,0.0,0.0,1.0,0,0.0,0.0,1.1635304952940502,0,0.0,0.0,1.210930988325191
2020-05-17,207.0,0.032676477924669545,True,1.0,0.032676477924669545,0.6854304635761582,0,0.0,0.0,0.577298120332894,0,0.0,0.0,1.3647769558474852,0,0.0,0.0,1.0,0,0.0,0.0,1.0,0,0.0,0.0,1.0,0,0.0,0.0,1.1635304952940502,0,0.0,0.0,1.210930988325191
2020-05-18,214.91,0.03821256038647336,True,1.0,0.03821256038647336,0.7116225165562906,0,0.0,0.0,0.577298120332894,0,0.0,0.0,1.3647769558474852,0,0.0,0.0,1.0,0,0.0,0.0,1.0,0,0.0,0.0,1.0,0,0.0,0.0,1.1635304952940502,0,0.0,0.0,1.210930988325191
2020-05-19,214.58,-0.0015355264994648676,False,1.0,-0.0015355264994648676,0.7105298013245025,0,0.0,-0.0,0.577298120332894,0,0.0,-0.0,1.3647769558474852,0,0.0,-0.0,1.0,0,0.0,-0.0,1.0,0,0.0,-0.0,1.0,0,0.0,-0.0,1.1635304952940502,0,0.0,-0.0,1.210930988325191
2020-05-20,209.98,-0.0214372262093393,True,1.0,-0.0214372262093393,0.6952980132450323,0,0.0,-0.0,0.577298120332894,0,0.0,-0.0,1.3647769558474852,0,0.0,-0.0,1.0,0,0.0,-0.0,1.0,0,0.0,-0.0,1.0,0,0.0,-0.0,1.1635304952940502,0,0.0,-0.0,1.210930988325191
2020-05-21,198.74,-0.05352890751500139,False,1.0,-0.05352890751500139,0.6580794701986747,0,0.0,-0.0,0.577298120332894,0,0.0,-0.0,1.3647769558474852,0,0.0,-0.0,1.0,0,0.0,-0.0,1.0,0,0.0,-0.0,1.0,0,0.0,-0.0,1.1635304952940502,0,0.0,-0.0,1.210930988325191
2020-05-22,207.36,0.04337325148435145,False,1.0,0.04337325148435145,0.6866225165562906,0,0.0,0.0,0.577298120332894,0,0.0,0.0,1.3647769558474852,0,0.0,0.0,1.0,0,0.0,0.0,1.0,0,0.0,0.0,1.0,0,0.0,0.0,1.1635304952940502,0,0.0,0.0,1.210930988325191
2020-05-23,206.6,-0.0036651234567902646,False,1.0,-0.0036651234567902646,0.6841059602648998,0,0.0,-0.0,0.577298120332894,0,0.0,-0.0,1.3647769558474852,0,0.0,-0.0,1.0,0,0.0,-0.0,1.0,0,0.0,-0.0,1.0,0,0.0,-0.0,1.1635304952940502,0,0.0,-0.0,1.210930988325191
2020-05-24,199.9,-0.03242981606969986,False,1.0,-0.03242981606969986,0.6619205298013237,0,0.0,-0.0,0.577298120332894,0,0.0,-0.0,1.3647769558474852,0,0.0,-0.0,1.0,0,0.0,-0.0,1.0,0,0.0,-0.0,1.0,0,0.0,-0.0,1.1635304952940502,0,0.0,-0.0,1.210930988325191
2020-05-25,204.15,0.02126063031515768,False,1.0,0.02126063031515768,0.6759933774834429,0,0.0,0.0,0.577298120332894,0,0.0,0.0,1.3647769558474852,0,0.0,0.0,1.0,0,0.0,0.0,1.0,0,0.0,0.0,1.0,0,0.0,0.0,1.1635304952940502,0,0.0,0.0,1.210930988325191
2020-05-26,200.89,-0.01596865050208185,True,1.0,-0.01596865050208185,0.6651986754966879,0,0.0,-0.0,0.577298120332894,0,0.0,-0.0,1.3647769558474852,0,0.0,-0.0,1.0,0,0.0,-0.0,1.0,0,0.0,-0.0,1.0,0,0.0,-0.0,1.1635304952940502,0,0.0,-0.0,1.210930988325191
2020-05-27,208.29,0.03683607944646328,False,1.0,0.03683607944646328,0.689701986754966,0,0.0,0.0,0.577298120332894,0,0.0,0.0,1.3647769558474852,0,0.0,0.0,1.0,0,0.0,0.0,1.0,0,0.0,0.0,1.0,0,0.0,0.0,1.1635304952940502,0,0.0,0.0,1.210930988325191
2020-05-28,220.21,0.05722790340390804,True,1.0,0.05722790340390804,0.7291721854304626,0,0.0,0.0,0.577298120332894,0,0.0,0.0,1.3647769558474852,0,0.0,0.0,1.0,0,0.0,0.0,1.0,0,0.0,0.0,1.0,0,0.0,0.0,1.1635304952940502,0,0.0,0.0,1.210930988325191
2020-05-29,220.67,0.0020889151264700256,True,1.0,0.0020889151264700256,0.7306953642384095,0,0.0,0.0,0.577298120332894,0,0.0,0.0,1.3647769558474852,0,0.0,0.0,1.0,0,0.0,0.0,1.0,0,0.0,0.0,1.0,0,0.0,0.0,1.1635304952940502,0,0.0,0.0,1.210930988325191
2020-05-30,243.66,0.10418271627316811,True,1.0,0.10418271627316811,0.806821192052979,0,0.0,0.0,0.577298120332894,0,0.0,0.0,1.3647769558474852,0,0.0,0.0,1.0,0,0.0,0.0,1.0,0,0.0,0.0,1.0,0,0.0,0.0,1.1635304952940502,0,0.0,0.0,1.210930988325191
2020-05-31,231.57,-0.04961832061068705,True,1.0,-0.04961832061068705,0.7667880794701976,0,0.0,-0.0,0.577298120332894,0,0.0,-0.0,1.3647769558474852,0,0.0,-0.0,1.0,0,0.0,-0.0,1.0,0,0.0,-0.0,1.0,0,0.0,-0.0,1.1635304952940502,0,0.0,-0.0,1.210930988325191
2020-06-01,248.23,0.07194368873342838,True,1.0,0.07194368873342838,0.8219536423841048,0,0.0,0.0,0.577298120332894,0,0.0,0.0,1.3647769558474852,0,0.0,0.0,1.0,0,0.0,0.0,1.0,0,0.0,0.0,1.0,0,0.0,0.0,1.1635304952940502,0,0.0,0.0,1.210930988325191
2020-06-02,237.71,-0.04238005075937634,True,1.0,-0.04238005075937634,0.7871192052980122,0,0.0,-0.0,0.577298120332894,0,0.0,-0.0,1.3647769558474852,0,0.0,-0.0,1.0,0,0.0,-0.0,1.0,0,0.0,-0.0,1.0,0,0.0,-0.0,1.1635304952940502,0,0.0,-0.0,1.210930988325191
2020-06-03,244.52,0.02864835303521107,True,1.0,0.02864835303521107,0.8096688741721844,0,0.0,0.0,0.577298120332894,0,0.0,0.0,1.3647769558474852,0,0.0,0.0,1.0,0,0.0,0.0,1.0,0,0.0,0.0,1.0,0,0.0,0.0,1.1635304952940502,0,0.0,0.0,1.210930988325191
2020-06-04,243.21,-0.0053574349746442484,True,1.0,-0.0053574349746442484,0.8053311258278135,0,0.0,-0.0,0.577298120332894,0,0.0,-0.0,1.3647769558474852,0,0.0,-0.0,1.0,0,0.0,-0.0,1.0,0,0.0,-0.0,1.0,0,0.0,-0.0,1.1635304952940502,0,0.0,-0.0,1.210930988325191
2020-06-05,240.03,-0.013075120266436424,True,1.0,-0.013075120266436424,0.7948013245033102,0,0.0,-0.0,0.577298120332894,0,0.0,-0.0,1.3647769558474852,0,0.0,-0.0,1.0,0,0.0,-0.0,1.0,0,0.0,-0.0,1.0,0,0.0,-0.0,1.1635304952940502,0,0.0,-0.0,1.210930988325191
2020-06-06,241.94,0.007957338666000124,True,1.0,0.007957338666000124,0.8011258278145685,0,0.0,0.0,0.577298120332894,0,0.0,0.0,1.3647769558474852,0,0.0,0.0,1.0,0,0.0,0.0,1.0,0,0.0,0.0,1.0,0,0.0,0.0,1.1635304952940502,0,0.0,0.0,1.210930988325191
2020-06-07,244.56,0.0108291311895512,True,1.0,0.0108291311895512,0.8098013245033103,0,0.0,0.0,0.577298120332894,0,0.0,0.0,1.3647769558474852,0,0.0,0.0,1.0,0,0.0,0.0,1.0,0,0.0,0.0,1.0,0,0.0,0.0,1.1635304952940502,0,0.0,0.0,1.210930988325191
2020-06-08,246.4,0.0075237160614982646,True,1.0,0.0075237160614982646,0.8158940397350984,0,0.0,0.0,0.577298120332894,0,0.0,0.0,1.3647769558474852,0,0.0,0.0,1.0,0,0.0,0.0,1.0,0,0.0,0.0,1.0,0,0.0,0.0,1.1635304952940502,0,0.0,0.0,1.210930988325191
2020-06-09,243.8,-0.010551948051948035,True,1.0,-0.010551948051948035,0.8072847682119196,0,0.0,-0.0,0.577298120332894,0,0.0,-0.0,1.3647769558474852,0,0.0,-0.0,1.0,0,0.0,-0.0,1.0,0,0.0,-0.0,1.0,0,0.0,-0.0,1.1635304952940502,0,0.0,-0.0,1.210930988325191
2020-06-10,247.78,0.016324856439704716,True,1.0,0.016324856439704716,0.8204635761589395,0,0.0,0.0,0.577298120332894,0,0.0,0.0,1.3647769558474852,0,0.0,0.0,1.0,0,0.0,0.0,1.0,0,0.0,0.0,1.0,0,0.0,0.0,1.1635304952940502,0,0.0,0.0,1.210930988325191
2020-06-11,230.51,-0.06969892646702724,True,1.0,-0.06969892646702724,0.7632781456953633,0,0.0,-0.0,0.577298120332894,0,0.0,-0.0,1.3647769558474852,0,0.0,-0.0,1.0,0,0.0,-0.0,1.0,0,0.0,-0.0,1.0,0,0.0,-0.0,1.1635304952940502,0,0.0,-0.0,1.210930988325191
2020-06-12,237.55,0.03054097436119907,True,1.0,0.03054097436119907,0.786589403973509,0,0.0,0.0,0.577298120332894,0,0.0,0.0,1.3647769558474852,0,0.0,0.0,1.0,0,0.0,0.0,1.0,0,0.0,0.0,1.0,0,0.0,0.0,1.1635304952940502,0,0.0,0.0,1.210930988325191
2020-06-13,238.11,0.0023573984424332117,True,1.0,0.0023573984424332117,0.7884437086092706,0,0.0,0.0,0.577298120332894,0,0.0,0.0,1.3647769558474852,0,0.0,0.0,1.0,0,0.0,0.0,1.0,0,0.0,0.0,1.0,0,0.0,0.0,1.1635304952940502,0,0.0,0.0,1.210930988325191
2020-06-14,231.77,-0.02662634916635165,True,1.0,-0.02662634916635165,0.767450331125827,0,0.0,-0.0,0.577298120332894,0,0.0,-0.0,1.3647769558474852,0,0.0,-0.0,1.0,0,0.0,-0.0,1.0,0,0.0,-0.0,1.0,0,0.0,-0.0,1.1635304952940502,0,0.0,-0.0,1.210930988325191
2020-06-15,230.86,-0.003926306251887612,True,1.0,-0.003926306251887612,0.7644370860927144,0,0.0,-0.0,0.577298120332894,0,0.0,-0.0,1.3647769558474852,0,0.0,-0.0,1.0,0,0.0,-0.0,1.0,0,0.0,-0.0,1.0,0,0.0,-0.0,1.1635304952940502,0,0.0,-0.0,1.210930988325191
2020-06-16,235.3,0.019232435242138024,True,1.0,0.019232435242138024,0.7791390728476812,0,0.0,0.0,0.577298120332894,0,0.0,0.0,1.3647769558474852,0,0.0,0.0,1.0,0,0.0,0.0,1.0,0,0.0,0.0,1.0,0,0.0,0.0,1.1635304952940502,0,0.0,0.0,1.210930988325191
2020-06-17,233.82,-0.006289842753931185,True,1.0,-0.006289842753931185,0.7742384105960256,0,0.0,-0.0,0.577298120332894,0,0.0,-0.0,1.3647769558474852,0,0.0,-0.0,1.0,0,0.0,-0.0,1.0,0,0.0,-0.0,1.0,0,0.0,-0.0,1.1635304952940502,0,0.0,-0.0,1.210930988325191
2020-06-18,231.27,-0.010905824993584723,True,1.0,-0.010905824993584723,0.7657947019867541,0,0.0,-0.0,0.577298120332894,0,0.0,-0.0,1.3647769558474852,0,0.0,-0.0,1.0,0,0.0,-0.0,1.0,0,0.0,-0.0,1.0,0,0.0,-0.0,1.1635304952940502,0,0.0,-0.0,1.210930988325191
2020-06-19,229.0,-0.009815367319583213,False,1.0,-0.009815367319583213,0.7582781456953634,0,0.0,-0.0,0.577298120332894,0,0.0,-0.0,1.3647769558474852,0,0.0,-0.0,1.0,0,0.0,-0.0,1.0,0,0.0,-0.0,1.0,0,0.0,-0.0,1.1635304952940502,0,0.0,-0.0,1.210930988325191
2020-06-20,228.89,-0.0004803493449782037,False,1.0,-0.0004803493449782037,0.7579139072847674,0,0.0,-0.0,0.577298120332894,0,0.0,-0.0,1.3647769558474852,0,0.0,-0.0,1.0,0,0.0,-0.0,1.0,0,0.0,-0.0,1.0,0,0.0,-0.0,1.1635304952940502,0,0.0,-0.0,1.210930988325191
2020-06-21,228.04,-0.0037135742059504206,False,1.0,-0.0037135742059504206,0.7550993377483436,0,0.0,-0.0,0.577298120332894,0,0.0,-0.0,1.3647769558474852,0,0.0,-0.0,1.0,0,0.0,-0.0,1.0,0,0.0,-0.0,1.0,0,0.0,-0.0,1.1635304952940502,0,0.0,-0.0,1.210930988325191
2020-06-22,243.13,0.06617260129801794,True,1.0,0.06617260129801794,0.8050662251655621,0,0.0,0.0,0.577298120332894,0,0.0,0.0,1.3647769558474852,0,0.0,0.0,1.0,0,0.0,0.0,1.0,0,0.0,0.0,1.0,0,0.0,0.0,1.1635304952940502,0,0.0,0.0,1.210930988325191
2020-06-23,243.14,4.113025953200733e-05,False,1.0,4.113025953200733e-05,0.8050993377483436,0,0.0,0.0,0.577298120332894,0,0.0,0.0,1.3647769558474852,0,0.0,0.0,1.0,0,0.0,0.0,1.0,0,0.0,0.0,1.0,0,0.0,0.0,1.1635304952940502,0,0.0,0.0,1.210930988325191
2020-06-24,234.58,-0.035206054125195285,False,1.0,-0.035206054125195285,0.7767549668874165,0,0.0,-0.0,0.577298120332894,0,0.0,-0.0,1.3647769558474852,0,0.0,-0.0,1.0,0,0.0,-0.0,1.0,0,0.0,-0.0,1.0,0,0.0,-0.0,1.1635304952940502,0,0.0,-0.0,1.210930988325191
2020-06-25,232.5,-0.00886691107511306,False,1.0,-0.00886691107511306,0.7698675496688734,0,0.0,-0.0,0.577298120332894,0,0.0,-0.0,1.3647769558474852,0,0.0,-0.0,1.0,0,0.0,-0.0,1.0,0,0.0,-0.0,1.0,0,0.0,-0.0,1.1635304952940502,0,0.0,-0.0,1.210930988325191
2020-06-26,229.64,-0.012301075268817296,False,1.0,-0.012301075268817296,0.7603973509933767,0,0.0,-0.0,0.577298120332894,0,0.0,-0.0,1.3647769558474852,0,0.0,-0.0,1.0,0,0.0,-0.0,1.0,0,0.0,-0.0,1.0,0,0.0,-0.0,1.1635304952940502,0,0.0,-0.0,1.210930988325191
2020-06-27,220.94,-0.03788538582128542,False,1.0,-0.03788538582128542,0.7315894039735092,0,0.0,-0.0,0.577298120332894,0,0.0,-0.0,1.3647769558474852,0,0.0,-0.0,1.0,0,0.0,-0.0,1.0,0,0.0,-0.0,1.0,0,0.0,-0.0,1.1635304952940502,0,0.0,-0.0,1.210930988325191
2020-06-28,224.93,0.018059201593192853,False,1.0,0.018059201593192853,0.7448013245033106,0,0.0,0.0,0.577298120332894,0,0.0,0.0,1.3647769558474852,0,0.0,0.0,1.0,0,0.0,0.0,1.0,0,0.0,0.0,1.0,0,0.0,0.0,1.1635304952940502,0,0.0,0.0,1.210930988325191
2020-06-29,227.93,0.013337482772417975,False,1.0,0.013337482772417975,0.7547350993377476,0,0.0,0.0,0.577298120332894,0,0.0,0.0,1.3647769558474852,0,0.0,0.0,1.0,0,0.0,0.0,1.0,0,0.0,0.0,1.0,0,0.0,0.0,1.1635304952940502,0,0.0,0.0,1.210930988325191
2020-06-30,225.6,-0.010222436713026029,False,1.0,-0.010222436713026029,0.7470198675496681,0,0.0,-0.0,0.577298120332894,0,0.0,-0.0,1.3647769558474852,0,0.0,-0.0,1.0,0,0.0,-0.0,1.0,0,0.0,-0.0,1.0,0,0.0,-0.0,1.1635304952940502,0,0.0,-0.0,1.210930988325191
2020-07-01,230.99,0.023891843971631355,True,1.0,0.023891843971631355,0.7648675496688735,0,0.0,0.0,0.577298120332894,0,0.0,0.0,1.3647769558474852,0,0.0,0.0,1.0,0,0.0,0.0,1.0,0,0.0,0.0,1.0,0,0.0,0.0,1.1635304952940502,0,0.0,0.0,1.210930988325191
2020-07-02,226.46,-0.01961123858175684,False,1.0,-0.01961123858175684,0.7498675496688735,0,0.0,-0.0,0.577298120332894,0,0.0,-0.0,1.3647769558474852,0,0.0,-0.0,1.0,0,0.0,-0.0,1.0,0,0.0,-0.0,1.0,0,0.0,-0.0,1.1635304952940502,0,0.0,-0.0,1.210930988325191
2020-07-03,224.87,-0.007021107480349786,False,1.0,-0.007021107480349786,0.7446026490066218,0,0.0,-0.0,0.577298120332894,0,0.0,-0.0,1.3647769558474852,0,0.0,-0.0,1.0,0,0.0,-0.0,1.0,0,0.0,-0.0,1.0,0,0.0,-0.0,1.1635304952940502,0,0.0,-0.0,1.210930988325191
2020-07-04,229.17,0.0191221594699158,False,1.0,0.0191221594699158,0.7588410596026481,0,0.0,0.0,0.577298120332894,0,0.0,0.0,1.3647769558474852,0,0.0,0.0,1.0,0,0.0,0.0,1.0,0,0.0,0.0,1.0,0,0.0,0.0,1.1635304952940502,0,0.0,0.0,1.210930988325191
2020-07-05,227.56,-0.007025352358511094,False,1.0,-0.007025352358511094,0.7535099337748337,0,0.0,-0.0,0.577298120332894,0,0.0,-0.0,1.3647769558474852,0,0.0,-0.0,1.0,0,0.0,-0.0,1.0,0,0.0,-0.0,1.0,0,0.0,-0.0,1.1635304952940502,0,0.0,-0.0,1.210930988325191
2020-07-06,241.6,0.06169801371066974,True,1.0,0.06169801371066974,0.7999999999999992,0,0.0,0.0,0.577298120332894,0,0.0,0.0,1.3647769558474852,0,0.0,0.0,1.0,0,0.0,0.0,1.0,0,0.0,0.0,1.0,0,0.0,0.0,1.1635304952940502,0,0.0,0.0,1.210930988325191
2020-07-07,239.39,-0.00914735099337749,True,1.0,-0.00914735099337749,0.7926821192052972,0,0.0,-0.0,0.577298120332894,0,0.0,-0.0,1.3647769558474852,0,0.0,-0.0,1.0,0,0.0,-0.0,1.0,0,0.0,-0.0,1.0,0,0.0,-0.0,1.1635304952940502,0,0.0,-0.0,1.210930988325191
2020-07-08,246.95,0.03158026651071477,True,1.0,0.03158026651071477,0.8177152317880787,0,0.0,0.0,0.577298120332894,0,0.0,0.0,1.3647769558474852,0,0.0,0.0,1.0,0,0.0,0.0,1.0,0,0.0,0.0,1.0,0,0.0,0.0,1.1635304952940502,0,0.0,0.0,1.210930988325191
2020-07-09,241.98,-0.02012553148410612,True,1.0,-0.02012553148410612,0.8012582781456946,0,0.0,-0.0,0.577298120332894,0,0.0,-0.0,1.3647769558474852,0,0.0,-0.0,1.0,0,0.0,-0.0,1.0,0,0.0,-0.0,1.0,0,0.0,-0.0,1.1635304952940502,0,0.0,-0.0,1.210930988325191
2020-07-10,241.26,-0.0029754525167369206,True,1.0,-0.0029754525167369206,0.7988741721854297,0,0.0,-0.0,0.577298120332894,0,0.0,-0.0,1.3647769558474852,0,0.0,-0.0,1.0,0,0.0,-0.0,1.0,0,0.0,-0.0,1.0,0,0.0,-0.0,1.1635304952940502,0,0.0,-0.0,1.210930988325191
2020-07-11,239.19,-0.00857995523501609,True,1.0,-0.00857995523501609,0.7920198675496681,0,0.0,-0.0,0.577298120332894,0,0.0,-0.0,1.3647769558474852,0,0.0,-0.0,1.0,0,0.0,-0.0,1.0,0,0.0,-0.0,1.0,0,0.0,-0.0,1.1635304952940502,0,0.0,-0.0,1.210930988325191
2020-07-12,242.79,0.015050796437978242,False,1.0,0.015050796437978242,0.8039403973509927,0,0.0,0.0,0.577298120332894,0,0.0,0.0,1.3647769558474852,0,0.0,0.0,1.0,0,0.0,0.0,1.0,0,0.0,0.0,1.0,0,0.0,0.0,1.1635304952940502,0,0.0,0.0,1.210930988325191
2020-07-13,239.5,-0.01355080522262031,False,1.0,-0.01355080522262031,0.7930463576158934,0,0.0,-0.0,0.577298120332894,0,0.0,-0.0,1.3647769558474852,0,0.0,-0.0,1.0,0,0.0,-0.0,1.0,0,0.0,-0.0,1.0,0,0.0,-0.0,1.1635304952940502,0,0.0,-0.0,1.210930988325191
2020-07-14,240.44,0.003924843423799507,True,1.0,0.003924843423799507,0.7961589403973502,0,0.0,0.0,0.577298120332894,0,0.0,0.0,1.3647769558474852,0,0.0,0.0,1.0,0,0.0,0.0,1.0,0,0.0,0.0,1.0,0,0.0,0.0,1.1635304952940502,0,0.0,0.0,1.210930988325191
2020-07-15,238.61,-0.007611046414905953,True,1.0,-0.007611046414905953,0.7900993377483436,0,0.0,-0.0,0.577298120332894,0,0.0,-0.0,1.3647769558474852,0,0.0,-0.0,1.0,0,0.0,-0.0,1.0,0,0.0,-0.0,1.0,0,0.0,-0.0,1.1635304952940502,0,0.0,-0.0,1.210930988325191
2020-07-16,233.57,-0.02112233351494075,True,1.0,-0.02112233351494075,0.7734105960264893,0,0.0,-0.0,0.577298120332894,0,0.0,-0.0,1.3647769558474852,0,0.0,-0.0,1.0,0,0.0,-0.0,1.0,0,0.0,-0.0,1.0,0,0.0,-0.0,1.1635304952940502,0,0.0,-0.0,1.210930988325191
2020-07-17,232.67,-0.003853234576358333,True,1.0,-0.003853234576358333,0.7704304635761582,0,0.0,-0.0,0.577298120332894,0,0.0,-0.0,1.3647769558474852,0,0.0,-0.0,1.0,0,0.0,-0.0,1.0,0,0.0,-0.0,1.0,0,0.0,-0.0,1.1635304952940502,0,0.0,-0.0,1.210930988325191
2020-07-18,235.67,0.012893798083122077,True,1.0,0.012893798083122077,0.7803642384105953,0,0.0,0.0,0.577298120332894,0,0.0,0.0,1.3647769558474852,0,0.0,0.0,1.0,0,0.0,0.0,1.0,0,0.0,0.0,1.0,0,0.0,0.0,1.1635304952940502,0,0.0,0.0,1.210930988325191
2020-07-19,239.11,0.014596681800823186,True,1.0,0.014596681800823186,0.7917549668874165,0,0.0,0.0,0.577298120332894,0,0.0,0.0,1.3647769558474852,0,0.0,0.0,1.0,0,0.0,0.0,1.0,0,0.0,0.0,1.0,0,0.0,0.0,1.1635304952940502,0,0.0,0.0,1.210930988325191
2020-07-20,236.01,-0.012964744259964078,True,1.0,-0.012964744259964078,0.7814900662251648,0,0.0,-0.0,0.577298120332894,0,0.0,-0.0,1.3647769558474852,0,0.0,-0.0,1.0,0,0.0,-0.0,1.0,0,0.0,-0.0,1.0,0,0.0,-0.0,1.1635304952940502,0,0.0,-0.0,1.210930988325191
2020-07-21,245.59,0.04059150036015424,True,1.0,0.04059150036015424,0.8132119205298005,0,0.0,0.0,0.577298120332894,0,0.0,0.0,1.3647769558474852,0,0.0,0.0,1.0,0,0.0,0.0,1.0,0,0.0,0.0,1.0,0,0.0,0.0,1.1635304952940502,0,0.0,0.0,1.210930988325191
2020-07-22,263.74,0.07390366057249897,True,1.0,0.07390366057249897,0.8733112582781449,0,0.0,0.0,0.577298120332894,0,0.0,0.0,1.3647769558474852,0,0.0,0.0,1.0,0,0.0,0.0,1.0,0,0.0,0.0,1.0,0,0.0,0.0,1.1635304952940502,0,0.0,0.0,1.210930988325191
2020-07-23,275.3,0.04383104572685226,True,1.0,0.04383104572685226,0.9115894039735092,0,0.0,0.0,0.577298120332894,0,0.0,0.0,1.3647769558474852,0,0.0,0.0,1.0,0,0.0,0.0,1.0,0,0.0,0.0,1.0,0,0.0,0.0,1.1635304952940502,0,0.0,0.0,1.210930988325191
2020-07-24,279.15,0.013984743915728126,True,1.0,0.013984743915728126,0.92433774834437,0,0.0,0.0,0.577298120332894,0,0.0,0.0,1.3647769558474852,0,0.0,0.0,1.0,0,0.0,0.0,1.0,0,0.0,0.0,1.0,0,0.0,0.0,1.1635304952940502,0,0.0,0.0,1.210930988325191
2020-07-25,305.26,0.09353394232491508,True,1.0,0.09353394232491508,1.0107947019867543,0,0.0,0.0,0.577298120332894,0,0.0,0.0,1.3647769558474852,0,0.0,0.0,1.0,0,0.0,0.0,1.0,0,0.0,0.0,1.0,0,0.0,0.0,1.1635304952940502,0,0.0,0.0,1.210930988325191
2020-07-26,311.0,0.018803642796304754,True,1.0,0.018803642796304754,1.0298013245033104,0,0.0,0.0,0.577298120332894,0,0.0,0.0,1.3647769558474852,0,0.0,0.0,1.0,0,0.0,0.0,1.0,0,0.0,0.0,1.0,0,0.0,0.0,1.1635304952940502,0,0.0,0.0,1.210930988325191
2020-07-27,321.93,0.03514469453376212,True,1.0,0.03514469453376212,1.065993377483443,0,0.0,0.0,0.577298120332894,0,0.0,0.0,1.3647769558474852,0,0.0,0.0,1.0,0,0.0,0.0,1.0,0,0.0,0.0,1.0,0,0.0,0.0,1.1635304952940502,0,0.0,0.0,1.210930988325191
2020-07-28,316.77,-0.016028329139875175,True,1.0,-0.016028329139875175,1.048907284768211,0,0.0,-0.0,0.577298120332894,0,0.0,-0.0,1.3647769558474852,0,0.0,-0.0,1.0,0,0.0,-0.0,1.0,0,0.0,-0.0,1.0,0,0.0,-0.0,1.1635304952940502,0,0.0,-0.0,1.210930988325191
2020-07-29,317.71,0.0029674527259526684,True,1.0,0.0029674527259526684,1.0520198675496681,0,0.0,0.0,0.577298120332894,0,0.0,0.0,1.3647769558474852,0,0.0,0.0,1.0,0,0.0,0.0,1.0,0,0.0,0.0,1.0,0,0.0,0.0,1.1635304952940502,0,0.0,0.0,1.210930988325191
2020-07-30,334.87,0.054011519939567654,True,1.0,0.054011519939567654,1.1088410596026483,0,0.0,0.0,0.577298120332894,0,0.0,0.0,1.3647769558474852,0,0.0,0.0,1.0,0,0.0,0.0,1.0,0,0.0,0.0,1.0,0,0.0,0.0,1.1635304952940502,0,0.0,0.0,1.210930988325191
2020-07-31,346.33,0.03422223549437087,True,1.0,0.03422223549437087,1.146788079470198,0,0.0,0.0,0.577298120332894,0,0.0,0.0,1.3647769558474852,0,0.0,0.0,1.0,0,0.0,0.0,1.0,0,0.0,0.0,1.0,0,0.0,0.0,1.1635304952940502,0,0.0,0.0,1.210930988325191
2020-08-01,387.0,0.1174313516010741,True,1.0,0.1174313516010741,1.2814569536423832,0,0.0,0.0,0.577298120332894,0,0.0,0.0,1.3647769558474852,0,0.0,0.0,1.0,0,0.0,0.0,1.0,0,0.0,0.0,1.0,0,0.0,0.0,1.1635304952940502,0,0.0,0.0,1.210930988325191
2020-08-02,372.42,-0.03767441860465115,True,1.0,-0.03767441860465115,1.233178807947019,0,0.0,-0.0,0.577298120332894,0,0.0,-0.0,1.3647769558474852,0,0.0,-0.0,1.0,0,0.0,-0.0,1.0,0,0.0,-0.0,1.0,0,0.0,-0.0,1.1635304952940502,0,0.0,-0.0,1.210930988325191
2020-08-03,385.94,0.036303098652059385,True,1.0,0.036303098652059385,1.2779470198675487,0,0.0,0.0,0.577298120332894,0,0.0,0.0,1.3647769558474852,0,0.0,0.0,1.0,0,0.0,0.0,1.0,0,0.0,0.0,1.0,0,0.0,0.0,1.1635304952940502,0,0.0,0.0,1.210930988325191
2020-08-04,389.61,0.00950925014250914,True,1.0,0.00950925014250914,1.2900993377483432,0,0.0,0.0,0.577298120332894,0,0.0,0.0,1.3647769558474852,0,0.0,0.0,1.0,0,0.0,0.0,1.0,0,0.0,0.0,1.0,0,0.0,0.0,1.1635304952940502,0,0.0,0.0,1.210930988325191
2020-08-05,400.72,0.028515695182361966,True,1.0,0.028515695182361966,1.3268874172185419,0,0.0,0.0,0.577298120332894,0,0.0,0.0,1.3647769558474852,0,0.0,0.0,1.0,0,0.0,0.0,1.0,0,0.0,0.0,1.0,0,0.0,0.0,1.1635304952940502,0,0.0,0.0,1.210930988325191
2020-08-06,394.77,-0.014848273108404975,True,1.0,-0.014848273108404975,1.3071854304635748,0,0.0,-0.0,0.577298120332894,0,0.0,-0.0,1.3647769558474852,0,0.0,-0.0,1.0,0,0.0,-0.0,1.0,0,0.0,-0.0,1.0,0,0.0,-0.0,1.1635304952940502,0,0.0,-0.0,1.210930988325191
2020-08-07,379.34,-0.03908605010512456,True,1.0,-0.03908605010512456,1.2560927152317867,0,0.0,-0.0,0.577298120332894,0,0.0,-0.0,1.3647769558474852,0,0.0,-0.0,1.0,0,0.0,-0.0,1.0,0,0.0,-0.0,1.0,0,0.0,-0.0,1.1635304952940502,0,0.0,-0.0,1.210930988325191
2020-08-08,397.03,0.046633626825539176,True,1.0,0.046633626825539176,1.3146688741721841,0,0.0,0.0,0.577298120332894,0,0.0,0.0,1.3647769558474852,0,0.0,0.0,1.0,0,0.0,0.0,1.0,0,0.0,0.0,1.0,0,0.0,0.0,1.1635304952940502,0,0.0,0.0,1.210930988325191
2020-08-09,390.14,-0.01735385235372644,True,1.0,-0.01735385235372644,1.2918543046357602,0,0.0,-0.0,0.577298120332894,0,0.0,-0.0,1.3647769558474852,0,0.0,-0.0,1.0,0,0.0,-0.0,1.0,0,0.0,-0.0,1.0,0,0.0,-0.0,1.1635304952940502,0,0.0,-0.0,1.210930988325191
2020-08-10,395.44,0.013584866970830944,True,1.0,0.013584866970830944,1.3094039735099323,0,0.0,0.0,0.577298120332894,0,0.0,0.0,1.3647769558474852,0,0.0,0.0,1.0,0,0.0,0.0,1.0,0,0.0,0.0,1.0,0,0.0,0.0,1.1635304952940502,0,0.0,0.0,1.210930988325191
2020-08-11,379.0,-0.041573942949625686,True,1.0,-0.041573942949625686,1.2549668874172173,0,0.0,-0.0,0.577298120332894,0,0.0,-0.0,1.3647769558474852,0,0.0,-0.0,1.0,0,0.0,-0.0,1.0,0,0.0,-0.0,1.0,0,0.0,-0.0,1.1635304952940502,0,0.0,-0.0,1.210930988325191
2020-08-12,387.18,0.021583113456464353,True,1.0,0.021583113456464353,1.282052980132449,0,0.0,0.0,0.577298120332894,0,0.0,0.0,1.3647769558474852,0,0.0,0.0,1.0,0,0.0,0.0,1.0,0,0.0,0.0,1.0,0,0.0,0.0,1.1635304952940502,0,0.0,0.0,1.210930988325191
2020-08-13,424.54,0.09649258742703659,True,1.0,0.09649258742703659,1.4057615894039721,0,0.0,0.0,0.577298120332894,0,0.0,0.0,1.3647769558474852,0,0.0,0.0,1.0,0,0.0,0.0,1.0,0,0.0,0.0,1.0,0,0.0,0.0,1.1635304952940502,0,0.0,0.0,1.210930988325191
2020-08-14,438.11,0.0319640081028878,True,1.0,0.0319640081028878,1.450695364238409,0,0.0,0.0,0.577298120332894,0,0.0,0.0,1.3647769558474852,0,0.0,0.0,1.0,0,0.0,0.0,1.0,0,0.0,0.0,1.0,0,0.0,0.0,1.1635304952940502,0,0.0,0.0,1.210930988325191
2020-08-15,432.32,-0.013215859030836996,True,1.0,-0.013215859030836996,1.4315231788079454,0,0.0,-0.0,0.577298120332894,0,0.0,-0.0,1.3647769558474852,0,0.0,-0.0,1.0,0,0.0,-0.0,1.0,0,0.0,-0.0,1.0,0,0.0,-0.0,1.1635304952940502,0,0.0,-0.0,1.210930988325191
2020-08-16,433.62,0.0030070318282753306,True,1.0,0.0030070318282753306,1.435827814569535,0,0.0,0.0,0.577298120332894,0,0.0,0.0,1.3647769558474852,0,0.0,0.0,1.0,0,0.0,0.0,1.0,0,0.0,0.0,1.0,0,0.0,0.0,1.1635304952940502,0,0.0,0.0,1.210930988325191
2020-08-17,430.89,-0.006295835062958388,True,1.0,-0.006295835062958388,1.426788079470197,0,0.0,-0.0,0.577298120332894,0,0.0,-0.0,1.3647769558474852,0,0.0,-0.0,1.0,0,0.0,-0.0,1.0,0,0.0,-0.0,1.0,0,0.0,-0.0,1.1635304952940502,0,0.0,-0.0,1.210930988325191
2020-08-18,421.95,-0.020747754647357786,True,1.0,-0.020747754647357786,1.3971854304635745,0,0.0,-0.0,0.577298120332894,0,0.0,-0.0,1.3647769558474852,0,0.0,-0.0,1.0,0,0.0,-0.0,1.0,0,0.0,-0.0,1.0,0,0.0,-0.0,1.1635304952940502,0,0.0,-0.0,1.210930988325191
2020-08-19,407.46,-0.034340561677923986,True,1.0,-0.034340561677923986,1.3492052980132434,0,0.0,-0.0,0.577298120332894,0,0.0,-0.0,1.3647769558474852,0,0.0,-0.0,1.0,0,0.0,-0.0,1.0,0,0.0,-0.0,1.0,0,0.0,-0.0,1.1635304952940502,0,0.0,-0.0,1.210930988325191
2020-08-20,415.94,0.020811858832768815,True,1.0,0.020811858832768815,1.3772847682119187,0,0.0,0.0,0.577298120332894,0,0.0,0.0,1.3647769558474852,0,0.0,0.0,1.0,0,0.0,0.0,1.0,0,0.0,0.0,1.0,0,0.0,0.0,1.1635304952940502,0,0.0,0.0,1.210930988325191
2020-08-21,387.97,-0.06724527576092698,True,1.0,-0.06724527576092698,1.284668874172184,0,0.0,-0.0,0.577298120332894,0,0.0,-0.0,1.3647769558474852,0,0.0,-0.0,1.0,0,0.0,-0.0,1.0,0,0.0,-0.0,1.0,0,0.0,-0.0,1.1635304952940502,0,0.0,-0.0,1.210930988325191
2020-08-22,395.24,0.018738562259968505,True,1.0,0.018738562259968505,1.308741721854303,0,0.0,0.0,0.577298120332894,0,0.0,0.0,1.3647769558474852,0,0.0,0.0,1.0,0,0.0,0.0,1.0,0,0.0,0.0,1.0,0,0.0,0.0,1.1635304952940502,0,0.0,0.0,1.210930988325191
2020-08-23,390.71,-0.011461390547515493,True,1.0,-0.011461390547515493,1.2937417218543028,0,0.0,-0.0,0.577298120332894,0,0.0,-0.0,1.3647769558474852,0,0.0,-0.0,1.0,0,0.0,-0.0,1.0,0,0.0,-0.0,1.0,0,0.0,-0.0,1.1635304952940502,0,0.0,-0.0,1.210930988325191
2020-08-24,407.68,0.04343374881625772,True,1.0,0.04343374881625772,1.3499337748344353,0,0.0,0.0,0.577298120332894,0,0.0,0.0,1.3647769558474852,0,0.0,0.0,1.0,0,0.0,0.0,1.0,0,0.0,0.0,1.0,0,0.0,0.0,1.1635304952940502,0,0.0,0.0,1.210930988325191
2020-08-25,382.93,-0.06070937990580849,False,1.0,-0.06070937990580849,1.2679801324503295,0,0.0,-0.0,0.577298120332894,0,0.0,-0.0,1.3647769558474852,0,0.0,-0.0,1.0,0,0.0,-0.0,1.0,0,0.0,-0.0,1.0,0,0.0,-0.0,1.1635304952940502,0,0.0,-0.0,1.210930988325191
2020-08-26,385.81,0.0075209568328415966,False,1.0,0.0075209568328415966,1.2775165562913893,0,0.0,0.0,0.577298120332894,0,0.0,0.0,1.3647769558474852,0,0.0,0.0,1.0,0,0.0,0.0,1.0,0,0.0,0.0,1.0,0,0.0,0.0,1.1635304952940502,0,0.0,0.0,1.210930988325191
2020-08-27,383.27,-0.006583551489074968,True,1.0,-0.006583551489074968,1.269105960264899,0,0.0,-0.0,0.577298120332894,0,0.0,-0.0,1.3647769558474852,0,0.0,-0.0,1.0,0,0.0,-0.0,1.0,0,0.0,-0.0,1.0,0,0.0,-0.0,1.1635304952940502,0,0.0,-0.0,1.210930988325191
2020-08-28,395.11,0.030892060427375023,False,1.0,0.030892060427375023,1.3083112582781442,0,0.0,0.0,0.577298120332894,0,0.0,0.0,1.3647769558474852,0,0.0,0.0,1.0,0,0.0,0.0,1.0,0,0.0,0.0,1.0,0,0.0,0.0,1.1635304952940502,0,0.0,0.0,1.210930988325191
2020-08-29,398.65,0.008959530257396597,True,1.0,0.008959530257396597,1.3200331125827798,0,0.0,0.0,0.577298120332894,0,0.0,0.0,1.3647769558474852,0,0.0,0.0,1.0,0,0.0,0.0,1.0,0,0.0,0.0,1.0,0,0.0,0.0,1.1635304952940502,0,0.0,0.0,1.210930988325191
2020-08-30,428.94,0.07598143735105989,True,1.0,0.07598143735105989,1.4203311258278128,0,0.0,0.0,0.577298120332894,0,0.0,0.0,1.3647769558474852,0,0.0,0.0,1.0,0,0.0,0.0,1.0,0,0.0,0.0,1.0,0,0.0,0.0,1.1635304952940502,0,0.0,0.0,1.210930988325191
2020-08-31,433.79,0.01130694269594823,True,1.0,0.01130694269594823,1.4363907284768196,0,0.0,0.0,0.577298120332894,0,0.0,0.0,1.3647769558474852,0,0.0,0.0,1.0,0,0.0,0.0,1.0,0,0.0,0.0,1.0,0,0.0,0.0,1.1635304952940502,0,0.0,0.0,1.210930988325191
2020-09-01,475.4,0.09592198990294842,True,1.0,0.09592198990294842,1.5741721854304618,0,0.0,0.0,0.577298120332894,0,0.0,0.0,1.3647769558474852,0,0.0,0.0,1.0,0,0.0,0.0,1.0,0,0.0,0.0,1.0,0,0.0,0.0,1.1635304952940502,0,0.0,0.0,1.210930988325191
2020-09-02,439.5,-0.07551535549011357,True,1.0,-0.07551535549011357,1.4552980132450315,0,0.0,-0.0,0.577298120332894,0,0.0,-0.0,1.3647769558474852,0,0.0,-0.0,1.0,0,0.0,-0.0,1.0,0,0.0,-0.0,1.0,0,0.0,-0.0,1.1635304952940502,0,0.0,-0.0,1.210930988325191
2020-09-03,381.4,-0.13219567690557454,False,1.0,-0.13219567690557454,1.2629139072847668,0,0.0,-0.0,0.577298120332894,0,0.0,-0.0,1.3647769558474852,0,0.0,-0.0,1.0,0,0.0,-0.0,1.0,0,0.0,-0.0,1.0,0,0.0,-0.0,1.1635304952940502,0,0.0,-0.0,1.210930988325191
2020-09-04,385.26,0.010120608285264954,False,1.0,0.010120608285264954,1.2756953642384095,0,0.0,0.0,0.577298120332894,0,0.0,0.0,1.3647769558474852,0,0.0,0.0,1.0,0,0.0,0.0,1.0,0,0.0,0.0,1.0,0,0.0,0.0,1.1635304952940502,0,0.0,0.0,1.210930988325191
2020-09-05,335.01,-0.1304313969786638,False,1.0,-0.1304313969786638,1.1093046357615883,0,0.0,-0.0,0.577298120332894,0,0.0,-0.0,1.3647769558474852,0,0.0,-0.0,1.0,0,0.0,-0.0,1.0,0,0.0,-0.0,1.0,0,0.0,-0.0,1.1635304952940502,0,0.0,-0.0,1.210930988325191
2020-09-06,352.8,0.05310289245097177,False,1.0,0.05310289245097177,1.1682119205298003,0,0.0,0.0,0.577298120332894,0,0.0,0.0,1.3647769558474852,0,0.0,0.0,1.0,0,0.0,0.0,1.0,0,0.0,0.0,1.0,0,0.0,0.0,1.1635304952940502,0,0.0,0.0,1.210930988325191
2020-09-07,353.59,0.0022392290249431124,False,1.0,0.0022392290249431124,1.1708278145695352,0,0.0,0.0,0.577298120332894,0,0.0,0.0,1.3647769558474852,0,0.0,0.0,1.0,0,0.0,0.0,1.0,0,0.0,0.0,1.0,0,0.0,0.0,1.1635304952940502,0,0.0,0.0,1.210930988325191
2020-09-08,337.39,-0.04581577533301273,False,1.0,-0.04581577533301273,1.117185430463575,0,0.0,-0.0,0.577298120332894,0,0.0,-0.0,1.3647769558474852,0,0.0,-0.0,1.0,0,0.0,-0.0,1.0,0,0.0,-0.0,1.0,0,0.0,-0.0,1.1635304952940502,0,0.0,-0.0,1.210930988325191
2020-09-09,350.85,0.039894484128160324,False,1.0,0.039894484128160324,1.161754966887416,0,0.0,0.0,0.577298120332894,0,0.0,0.0,1.3647769558474852,0,0.0,0.0,1.0,0,0.0,0.0,1.0,0,0.0,0.0,1.0,0,0.0,0.0,1.1635304952940502,0,0.0,0.0,1.210930988325191
2020-09-10,367.93,0.04868177283739494,False,1.0,0.04868177283739494,1.2183112582781446,0,0.0,0.0,0.577298120332894,0,0.0,0.0,1.3647769558474852,0,0.0,0.0,1.0,0,0.0,0.0,1.0,0,0.0,0.0,1.0,0,0.0,0.0,1.1635304952940502,0,0.0,0.0,1.210930988325191
2020-09-11,373.63,0.015492077297311946,False,1.0,0.015492077297311946,1.237185430463575,0,0.0,0.0,0.577298120332894,0,0.0,0.0,1.3647769558474852,0,0.0,0.0,1.0,0,0.0,0.0,1.0,0,0.0,0.0,1.0,0,0.0,0.0,1.1635304952940502,0,0.0,0.0,1.210930988325191
2020-09-12,387.78,0.037871691245349615,False,1.0,0.037871691245349615,1.2840397350993364,0,0.0,0.0,0.577298120332894,0,0.0,0.0,1.3647769558474852,0,0.0,0.0,1.0,0,0.0,0.0,1.0,0,0.0,0.0,1.0,0,0.0,0.0,1.1635304952940502,0,0.0,0.0,1.210930988325191
2020-09-13,366.42,-0.05508277889524982,False,1.0,-0.05508277889524982,1.2133112582781445,0,0.0,-0.0,0.577298120332894,0,0.0,-0.0,1.3647769558474852,0,0.0,-0.0,1.0,0,0.0,-0.0,1.0,0,0.0,-0.0,1.0,0,0.0,-0.0,1.1635304952940502,0,0.0,-0.0,1.210930988325191
2020-09-14,377.12,0.02920146280224878,False,1.0,0.02920146280224878,1.2487417218543033,0,0.0,0.0,0.577298120332894,0,0.0,0.0,1.3647769558474852,0,0.0,0.0,1.0,0,0.0,0.0,1.0,0,0.0,0.0,1.0,0,0.0,0.0,1.1635304952940502,0,0.0,0.0,1.210930988325191
2020-09-15,364.06,-0.03463088672040726,False,1.0,-0.03463088672040726,1.2054966887417207,0,0.0,-0.0,0.577298120332894,0,0.0,-0.0,1.3647769558474852,0,0.0,-0.0,1.0,0,0.0,-0.0,1.0,0,0.0,-0.0,1.0,0,0.0,-0.0,1.1635304952940502,0,0.0,-0.0,1.210930988325191
2020-09-16,365.11,0.002884139976926825,False,1.0,0.002884139976926825,1.2089735099337735,0,0.0,0.0,0.577298120332894,0,0.0,0.0,1.3647769558474852,0,0.0,0.0,1.0,0,0.0,0.0,1.0,0,0.0,0.0,1.0,0,0.0,0.0,1.1635304952940502,0,0.0,0.0,1.210930988325191
2020-09-17,389.36,0.06641833967845301,False,1.0,0.06641833967845301,1.2892715231788066,0,0.0,0.0,0.577298120332894,0,0.0,0.0,1.3647769558474852,0,0.0,0.0,1.0,0,0.0,0.0,1.0,0,0.0,0.0,1.0,0,0.0,0.0,1.1635304952940502,0,0.0,0.0,1.210930988325191
2020-09-18,384.39,-0.012764536675570204,False,1.0,-0.012764536675570204,1.2728145695364224,0,0.0,-0.0,0.577298120332894,0,0.0,-0.0,1.3647769558474852,0,0.0,-0.0,1.0,0,0.0,-0.0,1.0,0,0.0,-0.0,1.0,0,0.0,-0.0,1.1635304952940502,0,0.0,-0.0,1.210930988325191
2020-09-19,385.25,0.002237311064283709,False,1.0,0.002237311064283709,1.2756622516556277,0,0.0,0.0,0.577298120332894,0,0.0,0.0,1.3647769558474852,0,0.0,0.0,1.0,0,0.0,0.0,1.0,0,0.0,0.0,1.0,0,0.0,0.0,1.1635304952940502,0,0.0,0.0,1.210930988325191
2020-09-20,371.04,-0.03688513951979233,False,1.0,-0.03688513951979233,1.2286092715231776,0,0.0,-0.0,0.577298120332894,0,0.0,-0.0,1.3647769558474852,0,0.0,-0.0,1.0,0,0.0,-0.0,1.0,0,0.0,-0.0,1.0,0,0.0,-0.0,1.1635304952940502,0,0.0,-0.0,1.210930988325191
2020-09-21,340.36,-0.08268650280293233,False,1.0,-0.08268650280293233,1.1270198675496677,0,0.0,-0.0,0.577298120332894,0,0.0,-0.0,1.3647769558474852,0,0.0,-0.0,1.0,0,0.0,-0.0,1.0,0,0.0,-0.0,1.0,0,0.0,-0.0,1.1635304952940502,0,0.0,-0.0,1.210930988325191
2020-09-22,344.21,0.011311552473851183,False,1.0,0.011311552473851183,1.1397682119205286,0,0.0,0.0,0.577298120332894,0,0.0,0.0,1.3647769558474852,0,0.0,0.0,1.0,0,0.0,0.0,1.0,0,0.0,0.0,1.0,0,0.0,0.0,1.1635304952940502,0,0.0,0.0,1.210930988325191
2020-09-23,320.72,-0.06824322361349167,False,1.0,-0.06824322361349167,1.0619867549668864,0,0.0,-0.0,0.577298120332894,0,0.0,-0.0,1.3647769558474852,0,0.0,-0.0,1.0,0,0.0,-0.0,1.0,0,0.0,-0.0,1.0,0,0.0,-0.0,1.1635304952940502,0,0.0,-0.0,1.210930988325191
2020-09-24,348.97,0.08808306310800695,False,1.0,0.08808306310800695,1.1555298013245021,0,0.0,0.0,0.577298120332894,0,0.0,0.0,1.3647769558474852,0,0.0,0.0,1.0,0,0.0,0.0,1.0,0,0.0,0.0,1.0,0,0.0,0.0,1.1635304952940502,0,0.0,0.0,1.210930988325191
2020-09-25,351.92,0.00845344872052034,True,1.0,0.00845344872052034,1.165298013245032,0,0.0,0.0,0.577298120332894,0,0.0,0.0,1.3647769558474852,0,0.0,0.0,1.0,0,0.0,0.0,1.0,0,0.0,0.0,1.0,0,0.0,0.0,1.1635304952940502,0,0.0,0.0,1.210930988325191
2020-09-26,353.92,0.005683109797681274,True,1.0,0.005683109797681274,1.1719205298013233,0,0.0,0.0,0.577298120332894,0,0.0,0.0,1.3647769558474852,0,0.0,0.0,1.0,0,0.0,0.0,1.0,0,0.0,0.0,1.0,0,0.0,0.0,1.1635304952940502,0,0.0,0.0,1.210930988325191
2020-09-27,357.49,0.010087025316455778,True,1.0,0.010087025316455778,1.1837417218543036,0,0.0,0.0,0.577298120332894,0,0.0,0.0,1.3647769558474852,0,0.0,0.0,1.0,0,0.0,0.0,1.0,0,0.0,0.0,1.0,0,0.0,0.0,1.1635304952940502,0,0.0,0.0,1.210930988325191
2020-09-28,353.96,-0.00987440208117718,True,1.0,-0.00987440208117718,1.1720529801324493,0,0.0,-0.0,0.577298120332894,0,0.0,-0.0,1.3647769558474852,0,0.0,-0.0,1.0,0,0.0,-0.0,1.0,0,0.0,-0.0,1.0,0,0.0,-0.0,1.1635304952940502,0,0.0,-0.0,1.210930988325191
2020-09-29,359.79,0.01647078765962262,True,1.0,0.01647078765962262,1.1913576158940387,0,0.0,0.0,0.577298120332894,0,0.0,0.0,1.3647769558474852,0,0.0,0.0,1.0,0,0.0,0.0,1.0,0,0.0,0.0,1.0,0,0.0,0.0,1.1635304952940502,0,0.0,0.0,1.210930988325191
2020-09-30,359.83,0.00011117596375642691,False,1.0,0.00011117596375642691,1.1914900662251642,0,0.0,0.0,0.577298120332894,0,0.0,0.0,1.3647769558474852,0,0.0,0.0,1.0,0,0.0,0.0,1.0,0,0.0,0.0,1.0,0,0.0,0.0,1.1635304952940502,0,0.0,0.0,1.210930988325191
2020-10-01,352.85,-0.01939804907873155,False,1.0,-0.01939804907873155,1.1683774834437073,0,0.0,-0.0,0.577298120332894,0,0.0,-0.0,1.3647769558474852,0,0.0,-0.0,1.0,0,0.0,-0.0,1.0,0,0.0,-0.0,1.0,0,0.0,-0.0,1.1635304952940502,0,0.0,-0.0,1.210930988325191
2020-10-02,345.6,-0.020546974635114124,False,1.0,-0.020546974635114124,1.144370860927151,0,0.0,-0.0,0.577298120332894,0,0.0,-0.0,1.3647769558474852,0,0.0,-0.0,1.0,0,0.0,-0.0,1.0,0,0.0,-0.0,1.0,0,0.0,-0.0,1.1635304952940502,0,0.0,-0.0,1.210930988325191
2020-10-03,345.95,0.0010127314814813992,False,1.0,0.0010127314814813992,1.1455298013245019,0,0.0,0.0,0.577298120332894,0,0.0,0.0,1.3647769558474852,0,0.0,0.0,1.0,0,0.0,0.0,1.0,0,0.0,0.0,1.0,0,0.0,0.0,1.1635304952940502,0,0.0,0.0,1.210930988325191
2020-10-04,352.37,0.018557595028183327,False,1.0,0.018557595028183327,1.1667880794701972,0,0.0,0.0,0.577298120332894,0,0.0,0.0,1.3647769558474852,0,0.0,0.0,1.0,0,0.0,0.0,1.0,0,0.0,0.0,1.0,0,0.0,0.0,1.1635304952940502,0,0.0,0.0,1.210930988325191
2020-10-05,353.62,0.0035474075545591788,False,1.0,0.0035474075545591788,1.1709271523178795,0,0.0,0.0,0.577298120332894,0,0.0,0.0,1.3647769558474852,0,0.0,0.0,1.0,0,0.0,0.0,1.0,0,0.0,0.0,1.0,0,0.0,0.0,1.1635304952940502,0,0.0,0.0,1.210930988325191
2020-10-06,340.75,-0.036395000282789414,False,1.0,-0.036395000282789414,1.1283112582781445,0,0.0,-0.0,0.577298120332894,0,0.0,-0.0,1.3647769558474852,0,0.0,-0.0,1.0,0,0.0,-0.0,1.0,0,0.0,-0.0,1.0,0,0.0,-0.0,1.1635304952940502,0,0.0,-0.0,1.210930988325191
2020-10-07,341.58,0.0024358033749083408,False,1.0,0.0024358033749083408,1.1310596026490054,0,0.0,0.0,0.577298120332894,0,0.0,0.0,1.3647769558474852,0,0.0,0.0,1.0,0,0.0,0.0,1.0,0,0.0,0.0,1.0,0,0.0,0.0,1.1635304952940502,0,0.0,0.0,1.210930988325191
2020-10-08,350.95,0.027431348439604264,False,1.0,0.027431348439604264,1.1620860927152306,0,0.0,0.0,0.577298120332894,0,0.0,0.0,1.3647769558474852,0,0.0,0.0,1.0,0,0.0,0.0,1.0,0,0.0,0.0,1.0,0,0.0,0.0,1.1635304952940502,0,0.0,0.0,1.210930988325191
2020-10-09,365.02,0.04009118107992582,False,1.0,0.04009118107992582,1.2086754966887403,0,0.0,0.0,0.577298120332894,0,0.0,0.0,1.3647769558474852,0,0.0,0.0,1.0,0,0.0,0.0,1.0,0,0.0,0.0,1.0,0,0.0,0.0,1.1635304952940502,0,0.0,0.0,1.210930988325191
2020-10-10,370.52,0.015067667525067163,False,1.0,0.015067667525067163,1.2268874172185416,0,0.0,0.0,0.577298120332894,0,0.0,0.0,1.3647769558474852,0,0.0,0.0,1.0,0,0.0,0.0,1.0,0,0.0,0.0,1.0,0,0.0,0.0,1.1635304952940502,0,0.0,0.0,1.210930988325191
2020-10-11,374.16,0.009824031091439256,True,1.0,0.009824031091439256,1.238940397350992,0,0.0,0.0,0.577298120332894,0,0.0,0.0,1.3647769558474852,0,0.0,0.0,1.0,0,0.0,0.0,1.0,0,0.0,0.0,1.0,0,0.0,0.0,1.1635304952940502,0,0.0,0.0,1.210930988325191
2020-10-12,386.51,0.03300726961727585,True,1.0,0.03300726961727585,1.279834437086091,0,0.0,0.0,0.577298120332894,0,0.0,0.0,1.3647769558474852,0,0.0,0.0,1.0,0,0.0,0.0,1.0,0,0.0,0.0,1.0,0,0.0,0.0,1.1635304952940502,0,0.0,0.0,1.210930988325191
2020-10-13,381.04,-0.014152285839952317,True,1.0,-0.014152285839952317,1.2617218543046342,0,0.0,-0.0,0.577298120332894,0,0.0,-0.0,1.3647769558474852,0,0.0,-0.0,1.0,0,0.0,-0.0,1.0,0,0.0,-0.0,1.0,0,0.0,-0.0,1.1635304952940502,0,0.0,-0.0,1.210930988325191
2020-10-14,378.69,-0.006167331513751928,True,1.0,-0.006167331513751928,1.2539403973509917,0,0.0,-0.0,0.577298120332894,0,0.0,-0.0,1.3647769558474852,0,0.0,-0.0,1.0,0,0.0,-0.0,1.0,0,0.0,-0.0,1.0,0,0.0,-0.0,1.1635304952940502,0,0.0,-0.0,1.210930988325191
2020-10-15,377.64,-0.002772716469935821,True,1.0,-0.002772716469935821,1.2504635761589387,0,0.0,-0.0,0.577298120332894,0,0.0,-0.0,1.3647769558474852,0,0.0,-0.0,1.0,0,0.0,-0.0,1.0,0,0.0,-0.0,1.0,0,0.0,-0.0,1.1635304952940502,0,0.0,-0.0,1.210930988325191
2020-10-16,365.5,-0.03214701832432998,True,1.0,-0.03214701832432998,1.2102649006622501,0,0.0,-0.0,0.577298120332894,0,0.0,-0.0,1.3647769558474852,0,0.0,-0.0,1.0,0,0.0,-0.0,1.0,0,0.0,-0.0,1.0,0,0.0,-0.0,1.1635304952940502,0,0.0,-0.0,1.210930988325191
2020-10-17,368.32,0.0077154582763336865,True,1.0,0.0077154582763336865,1.2196026490066207,0,0.0,0.0,0.577298120332894,0,0.0,0.0,1.3647769558474852,0,0.0,0.0,1.0,0,0.0,0.0,1.0,0,0.0,0.0,1.0,0,0.0,0.0,1.1635304952940502,0,0.0,0.0,1.210930988325191
2020-10-18,378.11,0.026580147697654377,True,1.0,0.026580147697654377,1.2520198675496672,0,0.0,0.0,0.577298120332894,0,0.0,0.0,1.3647769558474852,0,0.0,0.0,1.0,0,0.0,0.0,1.0,0,0.0,0.0,1.0,0,0.0,0.0,1.1635304952940502,0,0.0,0.0,1.210930988325191
2020-10-19,379.3,0.003147232286900614,True,1.0,0.003147232286900614,1.2559602649006605,0,0.0,0.0,0.577298120332894,0,0.0,0.0,1.3647769558474852,0,0.0,0.0,1.0,0,0.0,0.0,1.0,0,0.0,0.0,1.0,0,0.0,0.0,1.1635304952940502,0,0.0,0.0,1.210930988325191
2020-10-20,368.52,-0.028420775112048546,True,1.0,-0.028420775112048546,1.22026490066225,0,0.0,-0.0,0.577298120332894,0,0.0,-0.0,1.3647769558474852,0,0.0,-0.0,1.0,0,0.0,-0.0,1.0,0,0.0,-0.0,1.0,0,0.0,-0.0,1.1635304952940502,0,0.0,-0.0,1.210930988325191
2020-10-21,390.38,0.05931835449907741,True,1.0,0.05931835449907741,1.2926490066225147,0,0.0,0.0,0.577298120332894,0,0.0,0.0,1.3647769558474852,0,0.0,0.0,1.0,0,0.0,0.0,1.0,0,0.0,0.0,1.0,0,0.0,0.0,1.1635304952940502,0,0.0,0.0,1.210930988325191
2020-10-22,413.98,0.06045391669655209,True,1.0,0.06045391669655209,1.370794701986753,0,0.0,0.0,0.577298120332894,0,0.0,0.0,1.3647769558474852,0,0.0,0.0,1.0,0,0.0,0.0,1.0,0,0.0,0.0,1.0,0,0.0,0.0,1.1635304952940502,0,0.0,0.0,1.210930988325191
2020-10-23,409.11,-0.01176385332624763,True,1.0,-0.01176385332624763,1.3546688741721835,0,0.0,-0.0,0.577298120332894,0,0.0,-0.0,1.3647769558474852,0,0.0,-0.0,1.0,0,0.0,-0.0,1.0,0,0.0,-0.0,1.0,0,0.0,-0.0,1.1635304952940502,0,0.0,-0.0,1.210930988325191
2020-10-24,412.14,0.007406321038351482,True,1.0,0.007406321038351482,1.3647019867549648,0,0.0,0.0,0.577298120332894,0,0.0,0.0,1.3647769558474852,0,0.0,0.0,1.0,0,0.0,0.0,1.0,0,0.0,0.0,1.0,0,0.0,0.0,1.1635304952940502,0,0.0,0.0,1.210930988325191
2020-10-25,405.86,-0.01523754064152949,True,1.0,-0.01523754064152949,1.3439072847682099,0,0.0,-0.0,0.577298120332894,0,0.0,-0.0,1.3647769558474852,0,0.0,-0.0,1.0,0,0.0,-0.0,1.0,0,0.0,-0.0,1.0,0,0.0,-0.0,1.1635304952940502,0,0.0,-0.0,1.210930988325191
2020-10-26,392.52,-0.032868476814665204,True,1.0,-0.032868476814665204,1.2997350993377463,0,0.0,-0.0,0.577298120332894,0,0.0,-0.0,1.3647769558474852,0,0.0,-0.0,1.0,0,0.0,-0.0,1.0,0,0.0,-0.0,1.0,0,0.0,-0.0,1.1635304952940502,0,0.0,-0.0,1.210930988325191
2020-10-27,403.45,0.027845714868032223,True,1.0,0.027845714868032223,1.3359271523178788,0,0.0,0.0,0.577298120332894,0,0.0,0.0,1.3647769558474852,0,0.0,0.0,1.0,0,0.0,0.0,1.0,0,0.0,0.0,1.0,0,0.0,0.0,1.1635304952940502,0,0.0,0.0,1.210930988325191
2020-10-28,388.23,-0.03772462510843966,True,1.0,-0.03772462510843966,1.2855298013245016,0,0.0,-0.0,0.577298120332894,0,0.0,-0.0,1.3647769558474852,0,0.0,-0.0,1.0,0,0.0,-0.0,1.0,0,0.0,-0.0,1.0,0,0.0,-0.0,1.1635304952940502,0,0.0,-0.0,1.210930988325191
2020-10-29,387.13,-0.00283337197022393,True,1.0,-0.00283337197022393,1.2818874172185413,0,0.0,-0.0,0.577298120332894,0,0.0,-0.0,1.3647769558474852,0,0.0,-0.0,1.0,0,0.0,-0.0,1.0,0,0.0,-0.0,1.0,0,0.0,-0.0,1.1635304952940502,0,0.0,-0.0,1.210930988325191
2020-10-30,382.49,-0.011985637899413648,True,1.0,-0.011985637899413648,1.2665231788079452,0,0.0,-0.0,0.577298120332894,0,0.0,-0.0,1.3647769558474852,0,0.0,-0.0,1.0,0,0.0,-0.0,1.0,0,0.0,-0.0,1.0,0,0.0,-0.0,1.1635304952940502,0,0.0,-0.0,1.210930988325191
2020-10-31,386.46,0.010379356323040989,True,1.0,0.010379356323040989,1.2796688741721833,0,0.0,0.0,0.577298120332894,0,0.0,0.0,1.3647769558474852,0,0.0,0.0,1.0,0,0.0,0.0,1.0,0,0.0,0.0,1.0,0,0.0,0.0,1.1635304952940502,0,0.0,0.0,1.210930988325191
2020-11-01,396.67,0.026419293070434335,True,1.0,0.026419293070434335,1.3134768211920511,0,0.0,0.0,0.577298120332894,0,0.0,0.0,1.3647769558474852,0,0.0,0.0,1.0,0,0.0,0.0,1.0,0,0.0,0.0,1.0,0,0.0,0.0,1.1635304952940502,0,0.0,0.0,1.210930988325191
2020-11-02,383.02,-0.03441147553381918,True,1.0,-0.03441147553381918,1.2682781456953622,0,0.0,-0.0,0.577298120332894,0,0.0,-0.0,1.3647769558474852,0,0.0,-0.0,1.0,0,0.0,-0.0,1.0,0,0.0,-0.0,1.0,0,0.0,-0.0,1.1635304952940502,0,0.0,-0.0,1.210930988325191
2020-11-03,387.88,0.012688632447391823,True,1.0,0.012688632447391823,1.2843708609271502,0,0.0,0.0,0.577298120332894,0,0.0,0.0,1.3647769558474852,0,0.0,0.0,1.0,0,0.0,0.0,1.0,0,0.0,0.0,1.0,0,0.0,0.0,1.1635304952940502,0,0.0,0.0,1.210930988325191
2020-11-04,402.49,0.03766628854284826,True,1.0,0.03766628854284826,1.3327483443708588,0,0.0,0.0,0.577298120332894,0,0.0,0.0,1.3647769558474852,0,0.0,0.0,1.0,0,0.0,0.0,1.0,0,0.0,0.0,1.0,0,0.0,0.0,1.1635304952940502,0,0.0,0.0,1.210930988325191
2020-11-05,416.69,0.03528037963676112,True,1.0,0.03528037963676112,1.3797682119205275,0,0.0,0.0,0.577298120332894,0,0.0,0.0,1.3647769558474852,0,0.0,0.0,1.0,0,0.0,0.0,1.0,0,0.0,0.0,1.0,0,0.0,0.0,1.1635304952940502,0,0.0,0.0,1.210930988325191
2020-11-06,455.91,0.0941227291271689,True,1.0,0.0941227291271689,1.5096357615894014,0,0.0,0.0,0.577298120332894,0,0.0,0.0,1.3647769558474852,0,0.0,0.0,1.0,0,0.0,0.0,1.0,0,0.0,0.0,1.0,0,0.0,0.0,1.1635304952940502,0,0.0,0.0,1.210930988325191
2020-11-07,435.21,-0.04540369809830902,True,1.0,-0.04540369809830902,1.4410927152317854,0,0.0,-0.0,0.577298120332894,0,0.0,-0.0,1.3647769558474852,0,0.0,-0.0,1.0,0,0.0,-0.0,1.0,0,0.0,-0.0,1.0,0,0.0,-0.0,1.1635304952940502,0,0.0,-0.0,1.210930988325191
2020-11-08,454.3,0.043863881804186544,True,1.0,0.043863881804186544,1.5043046357615868,0,0.0,0.0,0.577298120332894,0,0.0,0.0,1.3647769558474852,0,0.0,0.0,1.0,0,0.0,0.0,1.0,0,0.0,0.0,1.0,0,0.0,0.0,1.1635304952940502,0,0.0,0.0,1.210930988325191
2020-11-09,444.32,-0.02196786264582884,True,1.0,-0.02196786264582884,1.4712582781456927,0,0.0,-0.0,0.577298120332894,0,0.0,-0.0,1.3647769558474852,0,0.0,-0.0,1.0,0,0.0,-0.0,1.0,0,0.0,-0.0,1.0,0,0.0,-0.0,1.1635304952940502,0,0.0,-0.0,1.210930988325191
2020-11-10,450.34,0.013548793662225389,True,1.0,0.013548793662225389,1.4911920529801297,0,0.0,0.0,0.577298120332894,0,0.0,0.0,1.3647769558474852,0,0.0,0.0,1.0,0,0.0,0.0,1.0,0,0.0,0.0,1.0,0,0.0,0.0,1.1635304952940502,0,0.0,0.0,1.210930988325191
2020-11-11,463.09,0.028311942088200093,True,1.0,0.028311942088200093,1.5334105960264872,0,0.0,0.0,0.577298120332894,0,0.0,0.0,1.3647769558474852,0,0.0,0.0,1.0,0,0.0,0.0,1.0,0,0.0,0.0,1.0,0,0.0,0.0,1.1635304952940502,0,0.0,0.0,1.210930988325191
2020-11-12,462.39,-0.0015115852210153546,True,1.0,-0.0015115852210153546,1.5310927152317853,0,0.0,-0.0,0.577298120332894,0,0.0,-0.0,1.3647769558474852,0,0.0,-0.0,1.0,0,0.0,-0.0,1.0,0,0.0,-0.0,1.0,0,0.0,-0.0,1.1635304952940502,0,0.0,-0.0,1.210930988325191
2020-11-13,476.43,0.030363978459741814,True,1.0,0.030363978459741814,1.5775827814569507,0,0.0,0.0,0.577298120332894,0,0.0,0.0,1.3647769558474852,0,0.0,0.0,1.0,0,0.0,0.0,1.0,0,0.0,0.0,1.0,0,0.0,0.0,1.1635304952940502,0,0.0,0.0,1.210930988325191
2020-11-14,460.89,-0.032617593350544705,True,1.0,-0.032617593350544705,1.5261258278145666,0,0.0,-0.0,0.577298120332894,0,0.0,-0.0,1.3647769558474852,0,0.0,-0.0,1.0,0,0.0,-0.0,1.0,0,0.0,-0.0,1.0,0,0.0,-0.0,1.1635304952940502,0,0.0,-0.0,1.210930988325191
2020-11-15,448.08,-0.027794050641150814,True,1.0,-0.027794050641150814,1.4837086092715204,0,0.0,-0.0,0.577298120332894,0,0.0,-0.0,1.3647769558474852,0,0.0,-0.0,1.0,0,0.0,-0.0,1.0,0,0.0,-0.0,1.0,0,0.0,-0.0,1.1635304952940502,0,0.0,-0.0,1.210930988325191
2020-11-16,460.55,0.027829851812176454,True,1.0,0.027829851812176454,1.5249999999999972,0,0.0,0.0,0.577298120332894,0,0.0,0.0,1.3647769558474852,0,0.0,0.0,1.0,0,0.0,0.0,1.0,0,0.0,0.0,1.0,0,0.0,0.0,1.1635304952940502,0,0.0,0.0,1.210930988325191
2020-11-17,482.15,0.04690044511996527,True,1.0,0.04690044511996527,1.5965231788079441,0,0.0,0.0,0.577298120332894,0,0.0,0.0,1.3647769558474852,0,0.0,0.0,1.0,0,0.0,0.0,1.0,0,0.0,0.0,1.0,0,0.0,0.0,1.1635304952940502,0,0.0,0.0,1.210930988325191
2020-11-18,478.41,-0.0077569221196721605,True,1.0,-0.0077569221196721605,1.5841390728476794,0,0.0,-0.0,0.577298120332894,0,0.0,-0.0,1.3647769558474852,0,0.0,-0.0,1.0,0,0.0,-0.0,1.0,0,0.0,-0.0,1.0,0,0.0,-0.0,1.1635304952940502,0,0.0,-0.0,1.210930988325191
2020-11-19,471.25,-0.014966242344432668,True,1.0,-0.014966242344432668,1.5604304635761561,0,0.0,-0.0,0.577298120332894,0,0.0,-0.0,1.3647769558474852,0,0.0,-0.0,1.0,0,0.0,-0.0,1.0,0,0.0,-0.0,1.0,0,0.0,-0.0,1.1635304952940502,0,0.0,-0.0,1.210930988325191
2020-11-20,510.12,0.08248275862068977,True,1.0,0.08248275862068977,1.6891390728476792,0,0.0,0.0,0.577298120332894,0,0.0,0.0,1.3647769558474852,0,0.0,0.0,1.0,0,0.0,0.0,1.0,0,0.0,0.0,1.0,0,0.0,0.0,1.1635304952940502,0,0.0,0.0,1.210930988325191
2020-11-21,552.35,0.08278444287618614,True,1.0,0.08278444287618614,1.8289735099337718,0,0.0,0.0,0.577298120332894,0,0.0,0.0,1.3647769558474852,0,0.0,0.0,1.0,0,0.0,0.0,1.0,0,0.0,0.0,1.0,0,0.0,0.0,1.1635304952940502,0,0.0,0.0,1.210930988325191
2020-11-22,560.03,0.013904227392051993,True,1.0,0.013904227392051993,1.8544039735099305,0,0.0,0.0,0.577298120332894,0,0.0,0.0,1.3647769558474852,0,0.0,0.0,1.0,0,0.0,0.0,1.0,0,0.0,0.0,1.0,0,0.0,0.0,1.1635304952940502,0,0.0,0.0,1.210930988325191
2020-11-23,608.58,0.08669178436869474,True,1.0,0.08669178436869474,2.015165562913904,0,0.0,0.0,0.577298120332894,0,0.0,0.0,1.3647769558474852,0,0.0,0.0,1.0,0,0.0,0.0,1.0,0,0.0,0.0,1.0,0,0.0,0.0,1.1635304952940502,0,0.0,0.0,1.210930988325191
2020-11-24,604.97,-0.005931841335568011,True,1.0,-0.005931841335568011,2.003211920529798,0,0.0,-0.0,0.577298120332894,0,0.0,-0.0,1.3647769558474852,0,0.0,-0.0,1.0,0,0.0,-0.0,1.0,0,0.0,-0.0,1.0,0,0.0,-0.0,1.1635304952940502,0,0.0,-0.0,1.210930988325191
2020-11-25,569.5,-0.05863100649618991,True,1.0,-0.05863100649618991,1.8857615894039703,0,0.0,-0.0,0.577298120332894,0,0.0,-0.0,1.3647769558474852,0,0.0,-0.0,1.0,0,0.0,-0.0,1.0,0,0.0,-0.0,1.0,0,0.0,-0.0,1.1635304952940502,0,0.0,-0.0,1.210930988325191
2020-11-26,519.83,-0.08721685689201042,True,1.0,-0.08721685689201042,1.7212913907284741,0,0.0,-0.0,0.577298120332894,0,0.0,-0.0,1.3647769558474852,0,0.0,-0.0,1.0,0,0.0,-0.0,1.0,0,0.0,-0.0,1.0,0,0.0,-0.0,1.1635304952940502,0,0.0,-0.0,1.210930988325191
2020-11-27,518.68,-0.0022122617009409096,True,1.0,-0.0022122617009409096,1.7174834437086062,0,0.0,-0.0,0.577298120332894,0,0.0,-0.0,1.3647769558474852,0,0.0,-0.0,1.0,0,0.0,-0.0,1.0,0,0.0,-0.0,1.0,0,0.0,-0.0,1.1635304952940502,0,0.0,-0.0,1.210930988325191
2020-11-28,537.52,0.0363229737024755,True,1.0,0.0363229737024755,1.779867549668871,0,0.0,0.0,0.577298120332894,0,0.0,0.0,1.3647769558474852,0,0.0,0.0,1.0,0,0.0,0.0,1.0,0,0.0,0.0,1.0,0,0.0,0.0,1.1635304952940502,0,0.0,0.0,1.210930988325191
2020-11-29,576.3,0.07214615270129476,True,1.0,0.07214615270129476,1.9082781456953606,0,0.0,0.0,0.577298120332894,0,0.0,0.0,1.3647769558474852,0,0.0,0.0,1.0,0,0.0,0.0,1.0,0,0.0,0.0,1.0,0,0.0,0.0,1.1635304952940502,0,0.0,0.0,1.210930988325191
2020-11-30,616.66,0.07003296893978828,True,1.0,0.07003296893978828,2.0419205298013203,0,0.0,0.0,0.577298120332894,0,0.0,0.0,1.3647769558474852,0,0.0,0.0,1.0,0,0.0,0.0,1.0,0,0.0,0.0,1.0,0,0.0,0.0,1.1635304952940502,0,0.0,0.0,1.210930988325191
2020-12-01,585.26,-0.05091946939966918,True,1.0,-0.05091946939966918,1.9379470198675457,0,0.0,-0.0,0.577298120332894,0,0.0,-0.0,1.3647769558474852,0,0.0,-0.0,1.0,0,0.0,-0.0,1.0,0,0.0,-0.0,1.0,0,0.0,-0.0,1.1635304952940502,0,0.0,-0.0,1.210930988325191
2020-12-02,596.89,0.019871510098075973,True,1.0,0.019871510098075973,1.97645695364238,0,0.0,0.0,0.577298120332894,0,0.0,0.0,1.3647769558474852,0,0.0,0.0,1.0,0,0.0,0.0,1.0,0,0.0,0.0,1.0,0,0.0,0.0,1.1635304952940502,0,0.0,0.0,1.210930988325191
2020-12-03,615.85,0.031764646752332926,True,1.0,0.031764646752332926,2.039238410596022,0,0.0,0.0,0.577298120332894,0,0.0,0.0,1.3647769558474852,0,0.0,0.0,1.0,0,0.0,0.0,1.0,0,0.0,0.0,1.0,0,0.0,0.0,1.1635304952940502,0,0.0,0.0,1.210930988325191
2020-12-04,567.24,-0.07893155800925555,True,1.0,-0.07893155800925555,1.8782781456953601,0,0.0,-0.0,0.577298120332894,0,0.0,-0.0,1.3647769558474852,0,0.0,-0.0,1.0,0,0.0,-0.0,1.0,0,0.0,-0.0,1.0,0,0.0,-0.0,1.1635304952940502,0,0.0,-0.0,1.210930988325191
2020-12-05,596.8,0.052111980819406156,True,1.0,0.052111980819406156,1.9761589403973465,0,0.0,0.0,0.577298120332894,0,0.0,0.0,1.3647769558474852,0,0.0,0.0,1.0,0,0.0,0.0,1.0,0,0.0,0.0,1.0,0,0.0,0.0,1.1635304952940502,0,0.0,0.0,1.210930988325191
2020-12-06,601.54,0.007942359249329733,True,1.0,0.007942359249329733,1.991854304635757,0,0.0,0.0,0.577298120332894,0,0.0,0.0,1.3647769558474852,0,0.0,0.0,1.0,0,0.0,0.0,1.0,0,0.0,0.0,1.0,0,0.0,0.0,1.1635304952940502,0,0.0,0.0,1.210930988325191
2020-12-07,591.28,-0.017056222362602624,True,1.0,-0.017056222362602624,1.9578807947019823,0,0.0,-0.0,0.577298120332894,0,0.0,-0.0,1.3647769558474852,0,0.0,-0.0,1.0,0,0.0,-0.0,1.0,0,0.0,-0.0,1.0,0,0.0,-0.0,1.1635304952940502,0,0.0,-0.0,1.210930988325191
2020-12-08,554.94,-0.06145988364226751,True,1.0,-0.06145988364226751,1.8375496688741682,0,0.0,-0.0,0.577298120332894,0,0.0,-0.0,1.3647769558474852,0,0.0,-0.0,1.0,0,0.0,-0.0,1.0,0,0.0,-0.0,1.0,0,0.0,-0.0,1.1635304952940502,0,0.0,-0.0,1.210930988325191
2020-12-09,573.09,0.03270623851227161,True,1.0,0.03270623851227161,1.8976490066225125,0,0.0,0.0,0.577298120332894,0,0.0,0.0,1.3647769558474852,0,0.0,0.0,1.0,0,0.0,0.0,1.0,0,0.0,0.0,1.0,0,0.0,0.0,1.1635304952940502,0,0.0,0.0,1.210930988325191
2020-12-10,558.99,-0.024603465424278936,True,1.0,-0.024603465424278936,1.8509602649006582,0,0.0,-0.0,0.577298120332894,0,0.0,-0.0,1.3647769558474852,0,0.0,-0.0,1.0,0,0.0,-0.0,1.0,0,0.0,-0.0,1.0,0,0.0,-0.0,1.1635304952940502,0,0.0,-0.0,1.210930988325191
2020-12-11,544.43,-0.026046977584572306,False,1.0,-0.026046977584572306,1.8027483443708567,0,0.0,-0.0,0.577298120332894,0,0.0,-0.0,1.3647769558474852,0,0.0,-0.0,1.0,0,0.0,-0.0,1.0,0,0.0,-0.0,1.0,0,0.0,-0.0,1.1635304952940502,0,0.0,-0.0,1.210930988325191
2020-12-12,568.04,0.043366456661095176,True,1.0,0.043366456661095176,1.8809271523178765,0,0.0,0.0,0.577298120332894,0,0.0,0.0,1.3647769558474852,0,0.0,0.0,1.0,0,0.0,0.0,1.0,0,0.0,0.0,1.0,0,0.0,0.0,1.1635304952940502,0,0.0,0.0,1.210930988325191
2020-12-13,590.7,0.039891556932610595,False,1.0,0.039891556932610595,1.9559602649006582,0,0.0,0.0,0.577298120332894,0,0.0,0.0,1.3647769558474852,0,0.0,0.0,1.0,0,0.0,0.0,1.0,0,0.0,0.0,1.0,0,0.0,0.0,1.1635304952940502,0,0.0,0.0,1.210930988325191
2020-12-14,586.29,-0.007465718638903107,False,1.0,-0.007465718638903107,1.9413576158940355,0,0.0,-0.0,0.577298120332894,0,0.0,-0.0,1.3647769558474852,0,0.0,-0.0,1.0,0,0.0,-0.0,1.0,0,0.0,-0.0,1.0,0,0.0,-0.0,1.1635304952940502,0,0.0,-0.0,1.210930988325191
2020-12-15,588.64,0.004008255300278041,True,1.0,0.004008255300278041,1.949139072847678,0,0.0,0.0,0.577298120332894,0,0.0,0.0,1.3647769558474852,0,0.0,0.0,1.0,0,0.0,0.0,1.0,0,0.0,0.0,1.0,0,0.0,0.0,1.1635304952940502,0,0.0,0.0,1.210930988325191
2020-12-16,637.18,0.0824612666485458,True,1.0,0.0824612666485458,2.10986754966887,0,0.0,0.0,0.577298120332894,0,0.0,0.0,1.3647769558474852,0,0.0,0.0,1.0,0,0.0,0.0,1.0,0,0.0,0.0,1.0,0,0.0,0.0,1.1635304952940502,0,0.0,0.0,1.210930988325191
2020-12-17,642.7,0.0086631721020749,True,1.0,0.0086631721020749,2.1281456953642346,0,0.0,0.0,0.577298120332894,0,0.0,0.0,1.3647769558474852,0,0.0,0.0,1.0,0,0.0,0.0,1.0,0,0.0,0.0,1.0,0,0.0,0.0,1.1635304952940502,0,0.0,0.0,1.210930988325191
2020-12-18,653.85,0.017348685234168215,True,1.0,0.017348685234168215,2.1650662251655586,0,0.0,0.0,0.577298120332894,0,0.0,0.0,1.3647769558474852,0,0.0,0.0,1.0,0,0.0,0.0,1.0,0,0.0,0.0,1.0,0,0.0,0.0,1.1635304952940502,0,0.0,0.0,1.210930988325191
2020-12-19,658.03,0.006392903571155406,True,1.0,0.006392903571155406,2.1789072847682074,0,0.0,0.0,0.577298120332894,0,0.0,0.0,1.3647769558474852,0,0.0,0.0,1.0,0,0.0,0.0,1.0,0,0.0,0.0,1.0,0,0.0,0.0,1.1635304952940502,0,0.0,0.0,1.210930988325191
2020-12-20,638.18,-0.030165797911949288,True,1.0,-0.030165797911949288,2.1131788079470155,0,0.0,-0.0,0.577298120332894,0,0.0,-0.0,1.3647769558474852,0,0.0,-0.0,1.0,0,0.0,-0.0,1.0,0,0.0,-0.0,1.0,0,0.0,-0.0,1.1635304952940502,0,0.0,-0.0,1.210930988325191
2020-12-21,607.58,-0.047948854555141085,True,1.0,-0.047948854555141085,2.0118543046357575,0,0.0,-0.0,0.577298120332894,0,0.0,-0.0,1.3647769558474852,0,0.0,-0.0,1.0,0,0.0,-0.0,1.0,0,0.0,-0.0,1.0,0,0.0,-0.0,1.1635304952940502,0,0.0,-0.0,1.210930988325191
2020-12-22,636.45,0.04751637644425433,True,1.0,0.04751637644425433,2.1074503311258237,0,0.0,0.0,0.577298120332894,0,0.0,0.0,1.3647769558474852,0,0.0,0.0,1.0,0,0.0,0.0,1.0,0,0.0,0.0,1.0,0,0.0,0.0,1.1635304952940502,0,0.0,0.0,1.210930988325191
2020-12-23,585.56,-0.0799591484012886,False,1.0,-0.0799591484012886,1.938940397350989,0,0.0,-0.0,0.577298120332894,0,0.0,-0.0,1.3647769558474852,0,0.0,-0.0,1.0,0,0.0,-0.0,1.0,0,0.0,-0.0,1.0,0,0.0,-0.0,1.1635304952940502,0,0.0,-0.0,1.210930988325191
2020-12-24,612.31,0.04568276521620329,True,1.0,0.04568276521620329,2.027516556291386,0,0.0,0.0,0.577298120332894,0,0.0,0.0,1.3647769558474852,0,0.0,0.0,1.0,0,0.0,0.0,1.0,0,0.0,0.0,1.0,0,0.0,0.0,1.1635304952940502,0,0.0,0.0,1.210930988325191
2020-12-25,626.82,0.023697146870049757,True,1.0,0.023697146870049757,2.0755629139072806,0,0.0,0.0,0.577298120332894,0,0.0,0.0,1.3647769558474852,0,0.0,0.0,1.0,0,0.0,0.0,1.0,0,0.0,0.0,1.0,0,0.0,0.0,1.1635304952940502,0,0.0,0.0,1.210930988325191
2020-12-26,637.44,0.016942662965444555,True,1.0,0.016942662965444555,2.110728476821188,0,0.0,0.0,0.577298120332894,0,0.0,0.0,1.3647769558474852,0,0.0,0.0,1.0,0,0.0,0.0,1.0,0,0.0,0.0,1.0,0,0.0,0.0,1.1635304952940502,0,0.0,0.0,1.210930988325191
2020-12-27,685.11,0.07478350903614461,True,1.0,0.07478350903614461,2.2685761589403928,0,0.0,0.0,0.577298120332894,0,0.0,0.0,1.3647769558474852,1,0.0,0.0,1.0,0,0.0,0.0,1.0,1,0.0,0.0,1.0,0,0.0,0.0,1.1635304952940502,0,0.0,0.0,1.210930988325191
2020-12-28,730.41,0.06612076892761731,True,1.0,0.06612076892761731,2.4185761589403922,0,0.0,0.0,0.577298120332894,0,0.0,0.0,1.3647769558474852,1,1.0,0.06512076892761731,1.0651207689276174,1,0.0,0.0,1.0,1,1.0,0.06512076892761731,1.0651207689276174,0,0.0,0.0,1.1635304952940502,0,0.0,0.0,1.210930988325191
2020-12-29,732.0,0.0021768595720212947,True,1.0,0.0021768595720212947,2.423841059602644,0,0.0,0.0,0.577298120332894,0,0.0,0.0,1.3647769558474852,1,1.0,0.0021768595720212947,1.0674393872688162,1,1.0,0.0011768595720212946,1.0011768595720214,1,1.0,0.0021768595720212947,1.0674393872688162,0,0.0,0.0,1.1635304952940502,0,0.0,0.0,1.210930988325191
2020-12-30,752.17,0.027554644808743145,True,1.0,0.027554644808743145,2.4906291390728423,0,0.0,0.0,0.577298120332894,0,0.0,0.0,1.3647769558474852,1,1.0,0.027554644808743145,1.0968523004398707,1,1.0,0.027554644808743145,1.0287639323282614,1,1.0,0.027554644808743145,1.0968523004398707,0,0.0,0.0,1.1635304952940502,0,0.0,0.0,1.210930988325191
2020-12-31,736.42,-0.020939415291755803,True,1.0,-0.020939415291755803,2.438476821192048,0,0.0,-0.0,0.577298120332894,0,0.0,-0.0,1.3647769558474852,1,1.0,-0.020939415291755803,1.0738848546072426,1,1.0,-0.020939415291755803,1.0072222171120602,1,1.0,-0.020939415291755803,1.0738848546072426,0,0.0,-0.0,1.1635304952940502,0,0.0,-0.0,1.210930988325191
2021-01-01,728.91,-0.010197984845604413,True,1.0,-0.010197984845604413,2.413609271523174,0,0.0,-0.0,0.577298120332894,0,0.0,-0.0,1.3647769558474852,1,1.0,-0.010197984845604413,1.062933393134034,1,1.0,-0.010197984845604413,0.9969505802057953,1,1.0,-0.010197984845604413,1.062933393134034,0,0.0,-0.0,1.1635304952940502,0,0.0,-0.0,1.210930988325191
2021-01-02,774.56,0.06262775925697261,True,1.0,0.06262775925697261,2.564768211920524,0,0.0,0.0,0.577298120332894,0,0.0,0.0,1.3647769558474852,1,1.0,0.06262775925697261,1.1295025297854293,1,1.0,0.06262775925697261,1.059387361134023,1,1.0,0.06262775925697261,1.1295025297854293,0,0.0,0.0,1.1635304952940502,0,0.0,0.0,1.210930988325191
2021-01-03,978.28,0.26301384011567874,True,1.0,0.26301384011567874,3.239337748344364,0,0.0,0.0,0.577298120332894,1,0.0,0.0,1.3647769558474852,1,1.0,0.26301384011567874,1.426577327564669,1,1.0,0.26301384011567874,1.3380208991558977,1,1.0,0.26301384011567874,1.426577327564669,0,0.0,0.0,1.1635304952940502,1,0.0,0.0,1.210930988325191
2021-01-04,1041.43,0.06455207098172311,True,1.0,0.06455207098172311,3.4484437086092647,0,0.0,0.0,0.577298120332894,1,1.0,0.06355207098172311,1.4515113578197247,1,1.0,0.06455207098172311,1.5186658484745403,1,1.0,0.06455207098172311,1.4243929192132383,1,1.0,0.06455207098172311,1.5186658484745403,0,0.0,0.0,1.1635304952940502,1,1.0,0.06355207098172311,1.2878881604492018
2021-01-05,1099.56,0.055817481731849306,True,1.0,0.055817481731849306,3.640927152317873,0,0.0,0.0,0.577298120332894,1,1.0,0.055817481731849306,1.532531066518399,1,1.0,0.055817481731849306,1.6034339517285514,1,1.0,0.055817481731849306,1.5038989449603988,1,1.0,0.055817481731849306,1.6034339517285514,0,0.0,0.0,1.1635304952940502,1,1.0,0.055817481731849306,1.3597748343177403
2021-01-06,1208.42,0.0990032376587,True,1.0,0.0990032376587,4.001390728476813,0,0.0,0.0,0.577298120332894,1,1.0,0.0990032376587,1.6842566039162612,1,1.0,0.0990032376587,1.7621791043215618,1,1.0,0.0990032376587,1.6527898096229814,1,1.0,0.0990032376587,1.7621791043215618,0,0.0,0.0,1.1635304952940502,1,1.0,0.0990032376587,1.494396945402019
2021-01-07,1224.87,0.013612816735902866,True,1.0,0.013612816735902866,4.055860927152309,0,0.0,0.0,0.577298120332894,1,1.0,0.013612816735902866,1.7071840804016074,1,1.0,0.013612816735902866,1.7861673255245287,1,1.0,0.013612816735902866,1.675288934404347,1,1.0,0.013612816735902866,1.7861673255245287,0,0.0,0.0,1.1635304952940502,1,1.0,0.013612816735902866,1.5147398971504697
2021-01-08,1216.93,-0.006482320572795297,True,1.0,-0.006482320572795297,4.029569536423833,0,0.0,-0.0,0.577298120332894,1,1.0,-0.006482320572795297,1.6961175659156715,1,1.0,-0.006482320572795297,1.7745888163238264,1,1.0,-0.006482320572795297,1.6644291744794812,1,1.0,-0.006482320572795297,1.7745888163238264,0,0.0,-0.0,1.1635304952940502,1,1.0,-0.006482320572795297,1.5049208675527375
2021-01-09,1276.0,0.048540178974961545,True,1.0,0.048540178974961545,4.225165562913898,0,0.0,0.0,0.577298120332894,1,1.0,0.048540178974961545,1.7784474161277943,1,1.0,0.048540178974961545,1.86072767507515,1,1.0,0.048540178974961545,1.7452208644998628,1,1.0,0.048540178974961545,1.86072767507515,0,0.0,0.0,1.1635304952940502,1,1.0,0.048540178974961545,1.5779699958069018
2021-01-10,1254.25,-0.017045454545454586,True,1.0,-0.017045454545454586,4.15314569536423,0,0.0,-0.0,0.577298120332894,1,1.0,-0.017045454545454586,1.748132971534707,1,1.0,-0.017045454545454586,1.8290107260681872,1,1.0,-0.017045454545454586,1.7154727815822515,1,1.0,-0.017045454545454586,1.8290107260681872,0,0.0,-0.0,1.1635304952940502,1,1.0,-0.017045454545454586,1.551072779969284
2021-01-11,1087.01,-0.13333864859477773,True,1.0,-0.13333864859477773,3.5993708609271446,0,0.0,-0.0,0.577298120332894,1,1.0,-0.13333864859477773,1.515039283546296,1,1.0,-0.13333864859477773,1.5851329075889018,1,1.0,-0.13333864859477773,1.4867339591849498,1,1.0,-0.13333864859477773,1.5851329075889018,0,0.0,-0.0,1.1635304952940502,1,1.0,-0.13333864859477773,1.3442548316160348
2021-01-12,1050.16,-0.03390033210366039,True,1.0,-0.03390033210366039,3.477350993377476,0,0.0,-0.0,0.577298120332894,1,1.0,-0.03390033210366039,1.463678948683985,1,1.0,-0.03390033210366039,1.5313963755931972,1,1.0,-0.03390033210366039,1.43633318421879,1,1.0,-0.03390033210366039,1.5313963755931972,0,0.0,-0.0,1.1635304952940502,1,1.0,-0.03390033210366039,1.2986841463923011
2021-01-13,1129.89,0.07592176430258246,True,1.0,0.07592176430258246,3.741357615894032,0,0.0,0.0,0.577298120332894,0,1.0,0.07592176430258246,1.5748040368406222,1,1.0,0.07592176430258246,1.647662690274813,1,1.0,0.07592176430258246,1.5453821336910267,1,1.0,0.07592176430258246,1.647662690274813,0,0.0,0.0,1.1635304952940502,0,1.0,0.07592176430258246,1.397282538058198
2021-01-14,1231.62,0.09003531317207858,True,1.0,0.09003531317207858,4.078211920529792,0,0.0,0.0,0.577298120332894,1,1.0,0.09003531317207858,1.7165920114822213,1,1.0,0.09003531317207858,1.7960105165956552,1,1.0,0.09003531317207858,1.6845210980684333,1,1.0,0.09003531317207858,1.7960105165956552,0,0.0,0.0,1.1635304952940502,1,1.0,0.09003531317207858,1.5230873089621446
2021-01-15,1168.53,-0.05122521556973736,True,1.0,-0.05122521556973736,3.8693046357615812,0,0.0,-0.0,0.577298120332894,0,1.0,-0.05122521556973736,1.6286592156487554,1,1.0,-0.05122521556973736,1.7040094907175274,1,1.0,-0.05122521556973736,1.5982311416881072,1,1.0,-0.05122521556973736,1.7040094907175274,0,0.0,-0.0,1.1635304952940502,0,1.0,-0.05122521556973736,1.4450668332290275
2021-01-16,1227.83,0.05074752038886454,True,1.0,0.05074752038886454,4.0656622516556205,0,0.0,0.0,0.577298120332894,1,1.0,0.05074752038886454,1.7113096324014028,1,1.0,0.05074752038886454,1.7904837470905337,1,1.0,0.05074752038886454,1.6793374091370428,1,1.0,0.05074752038886454,1.7904837470905337,0,0.0,0.0,1.1635304952940502,1,1.0,0.05074752038886454,1.5184003918115896
2021-01-17,1232.45,0.0037627358836322955,True,1.0,0.0037627358836322955,4.080960264900654,0,0.0,0.0,0.577298120332894,0,1.0,0.0037627358836322955,1.7177488385632451,1,1.0,0.0037627358836322955,1.7972208645347716,1,1.0,0.0037627358836322955,1.6856563122671289,1,1.0,0.0037627358836322955,1.7972208645347716,0,0.0,0.0,1.1635304952940502,0,1.0,0.0037627358836322955,1.5241137314515805
2021-01-18,1258.45,0.02109619051482814,True,1.0,0.02109619051482814,4.167052980132442,0,0.0,0.0,0.577298120332894,0,1.0,0.02109619051482814,1.7539867953182,1,1.0,0.02109619051482814,1.8351353782902213,1,1.0,0.02109619051482814,1.7212172389732388,1,1.0,0.02109619051482814,1.8351353782902213,0,0.0,0.0,1.1635304952940502,0,1.0,0.02109619051482814,1.5562667250965487
2021-01-19,1365.36,0.08495371290079046,True,1.0,0.08495371290079046,4.521059602648997,0,0.0,0.0,0.577298120332894,1,1.0,0.08495371290079046,1.9029944859594399,1,1.0,0.08495371290079046,1.9910369423515724,1,1.0,0.08495371290079046,1.8674410341328624,1,1.0,0.08495371290079046,1.9910369423515724,0,0.0,0.0,1.1635304952940502,1,1.0,0.08495371290079046,1.6884773616574542
2021-01-20,1376.99,0.008517900041014936,True,1.0,0.008517900041014936,4.559569536423831,0,0.0,0.0,0.577298120332894,1,1.0,0.008517900041014936,1.919204002769445,1,1.0,0.008517900041014936,2.007996396004491,1,1.0,0.008517900041014936,1.8833477101940956,1,1.0,0.008517900041014936,2.007996396004491,0,0.0,0.0,1.1635304952940502,1,1.0,0.008517900041014936,1.7028596430455691
2021-01-21,1110.96,-0.19319675524150504,True,1.0,-0.19319675524150504,3.678675496688734,0,0.0,-0.0,0.577298120332894,1,1.0,-0.19319675524150504,1.5484200167878799,1,1.0,-0.19319675524150504,1.620058007759787,1,1.0,-0.19319675524150504,1.519491043593078,1,1.0,-0.19319675524150504,1.620058007759787,0,0.0,-0.0,1.1635304952940502,1,1.0,-0.19319675524150504,1.3738726853774577
2021-01-22,1232.62,0.10950889320947632,True,1.0,0.10950889320947632,4.081523178807938,0,0.0,0.0,0.577298120332894,0,1.0,0.10950889320947632,1.7179857790497193,1,1.0,0.10950889320947632,1.7974687671247105,1,1.0,0.10950889320947632,1.685888826018668,1,1.0,0.10950889320947632,1.7974687671247105,0,0.0,0.0,1.1635304952940502,0,1.0,0.10950889320947632,1.524323962563874
2021-01-23,1233.6,0.00079505443689043,True,1.0,0.00079505443689043,4.084768211920521,0,0.0,0.0,0.577298120332894,0,1.0,0.00079505443689043,1.7193516712658674,1,1.0,0.00079505443689043,1.798897852643185,1,1.0,0.00079505443689043,1.687229199409898,1,1.0,0.00079505443689043,1.798897852643185,0,0.0,0.0,1.1635304952940502,0,1.0,0.00079505443689043,1.5255358830935688
2021-01-24,1392.51,0.1288180933852141,True,1.0,0.1288180933852141,4.610960264900652,0,0.0,0.0,0.577298120332894,1,1.0,0.1288180933852141,1.940835275417018,1,1.0,0.1288180933852141,2.0306284442154356,1,1.0,0.1288180933852141,1.9045748479817424,1,1.0,0.1288180933852141,2.0306284442154356,0,0.0,0.0,1.1635304952940502,1,1.0,0.1288180933852141,1.7220525069444113
2021-01-25,1317.88,-0.05359387006197436,True,1.0,-0.05359387006197436,4.36384105960264,0,0.0,-0.0,0.577298120332894,0,1.0,-0.05359387006197436,1.836818401854622,1,1.0,-0.05359387006197436,1.9217992072320045,1,1.0,-0.05359387006197436,1.8025013110557042,1,1.0,-0.05359387006197436,1.9217992072320045,0,0.0,-0.0,1.1635304952940502,0,1.0,-0.05359387006197436,1.6297610486473353
2021-01-26,1365.97,0.036490424014326006,True,1.0,0.036490424014326006,4.523079470198666,0,0.0,0.0,0.577298120332894,0,1.0,0.036490424014326006,1.9038446841756138,1,1.0,0.036490424014326006,1.991926475174296,1,1.0,0.036490424014326006,1.8682753481825054,1,1.0,0.036490424014326006,1.991926475174296,0,0.0,0.0,1.1635304952940502,0,1.0,0.036490424014326006,1.689231720354509
2021-01-27,1239.03,-0.09293029861563584,True,1.0,-0.09293029861563584,4.102748344370852,0,0.0,-0.0,0.577298120332894,0,1.0,-0.09293029861563584,1.726919829157383,1,1.0,-0.09293029861563584,1.8068161530159577,1,1.0,-0.09293029861563584,1.6946559621796742,1,1.0,-0.09293029861563584,1.8068161530159577,0,0.0,-0.0,1.1635304952940502,0,1.0,-0.09293029861563584,1.5322509121509602
2021-01-28,1329.69,0.07317014115880971,True,1.0,0.07317014115880971,4.40294701986754,0,0.0,0.0,0.577298120332894,0,1.0,0.07317014115880971,1.8532787968267763,1,1.0,0.07317014115880971,1.9390211459801527,1,1.0,0.07317014115880971,1.8186541781479795,1,1.0,0.07317014115880971,1.9390211459801527,0,0.0,0.0,1.1635304952940502,0,1.0,0.07317014115880971,1.644365927683761
2021-01-29,1379.5,0.037459859064894685,True,1.0,0.037459859064894685,4.567880794701976,0,0.0,0.0,0.577298120332894,0,1.0,0.037459859064894685,1.922702359363865,1,1.0,0.037459859064894685,2.01165660483242,1,1.0,0.037459859064894685,1.8867807073491847,1,1.0,0.037459859064894685,2.01165660483242,0,0.0,0.0,1.1635304952940502,0,1.0,0.037459859064894685,1.7059636435859096
2021-01-30,1378.05,-0.0010511054729974711,True,1.0,-0.0010511054729974711,4.563079470198665,0,0.0,-0.0,0.577298120332894,0,1.0,-0.0010511054729974711,1.9206813963909926,1,1.0,-0.0010511054729974711,2.009542141565289,1,1.0,-0.0010511054729974711,1.8847975018213439,1,1.0,-0.0010511054729974711,2.009542141565289,0,0.0,-0.0,1.1635304952940502,0,1.0,-0.0010511054729974711,1.7041704958634016
2021-01-31,1312.55,-0.04753093138855624,True,1.0,-0.04753093138855624,4.346192052980123,0,0.0,-0.0,0.577298120332894,0,1.0,-0.04753093138855624,1.829389620719856,1,1.0,-0.04753093138855624,1.914026731912137,1,1.0,-0.04753093138855624,1.7952113210809513,1,1.0,-0.04753093138855624,1.914026731912137,0,0.0,-0.0,1.1635304952940502,0,1.0,-0.04753093138855624,1.6231696849501165
2021-02-01,1374.17,0.04694678297969612,True,1.0,0.04694678297969612,4.5502317880794605,0,0.0,0.0,0.577298120332894,0,1.0,0.04694678297969612,1.9152735782290995,1,1.0,0.04694678297969612,2.003884129512553,1,1.0,0.04694678297969612,1.8794907173744322,1,1.0,0.04694678297969612,2.003884129512553,0,0.0,0.0,1.1635304952940502,0,1.0,0.04694678297969612,1.6993722798886914
2021-02-02,1511.87,0.10020594249619763,True,1.0,0.10020594249619763,5.006192052980121,0,0.0,0.0,0.577298120332894,0,1.0,0.10020594249619763,2.1071953722736114,1,1.0,0.10020594249619763,2.2046852273635307,1,1.0,0.10020594249619763,2.067826856121792,1,1.0,0.10020594249619763,2.2046852273635307,0,0.0,0.0,1.1635304952940502,0,1.0,0.10020594249619763,1.8696594808468499
2021-02-03,1664.49,0.10094783281631359,True,1.0,0.10094783281631359,5.511556291390716,0,0.0,0.0,0.577298120332894,1,1.0,0.10094783281631359,2.3199121784251977,1,1.0,0.10094783281631359,2.427243423108021,1,1.0,0.10094783281631359,2.276569495886658,1,1.0,0.10094783281631359,2.427243423108021,0,0.0,0.0,1.1635304952940502,1,1.0,0.10094783281631359,2.058397553542813
2021-02-04,1595.67,-0.04134599787322235,True,1.0,-0.04134599787322235,5.28367549668873,0,0.0,-0.0,0.577298120332894,0,1.0,-0.04134599787322235,2.223993094429967,1,1.0,-0.04134599787322235,2.326886621698404,1,1.0,-0.04134599787322235,2.182442458351485,1,1.0,-0.04134599787322235,2.326886621698404,0,0.0,-0.0,1.1635304952940502,0,1.0,-0.04134599787322235,1.973291052671786
2021-02-05,1719.19,0.07740948943077197,True,1.0,0.07740948943077197,5.692682119205285,0,0.0,0.0,0.577298120332894,1,1.0,0.07740948943077197,2.3961512643673535,1,1.0,0.07740948943077197,2.5070097270473712,1,1.0,0.07740948943077197,2.3513842147645123,1,1.0,0.07740948943077197,2.5070097270473712,0,0.0,0.0,1.1635304952940502,1,1.0,0.07740948943077197,2.1260425055574195
2021-02-06,1676.35,-0.02491871171889093,True,1.0,-0.02491871171889093,5.550827814569524,0,0.0,-0.0,0.577298120332894,0,1.0,-0.02491871171889093,2.3364422617757272,1,1.0,-0.02491871171889093,2.4445382743826225,1,1.0,-0.02491871171889093,2.2927907493764446,1,1.0,-0.02491871171889093,2.4445382743826225,0,0.0,-0.0,1.1635304952940502,0,1.0,-0.02491871171889093,2.0730642652593256
2021-02-07,1611.62,-0.03861365466638833,True,1.0,-0.03861365466638833,5.336490066225153,0,0.0,-0.0,0.577298120332894,0,1.0,-0.03861365466638833,2.246223687131564,1,1.0,-0.03861365466638833,2.350145717636843,1,1.0,-0.03861365466638833,2.2042577191577326,1,1.0,-0.03861365466638833,2.350145717636843,0,0.0,-0.0,1.1635304952940502,0,1.0,-0.03861365466638833,1.993015677619372
2021-02-08,1750.15,0.08595698737915902,True,1.0,0.08595698737915902,5.7951986754966756,0,0.0,0.0,0.577298120332894,1,1.0,0.08595698737915902,2.4393023082571,1,1.0,0.08595698737915902,2.552157163426938,1,1.0,0.08595698737915902,2.393729072103788,1,1.0,0.08595698737915902,2.552157163426938,0,0.0,0.0,1.1635304952940502,1,1.0,0.08595698737915902,2.1643293010669664
2021-02-09,1769.13,0.010844784732737311,True,1.0,0.010844784732737311,5.858046357615882,0,0.0,0.0,0.577298120332894,1,1.0,0.010844784732737311,2.4657560166882173,1,1.0,0.010844784732737311,2.5798347584684165,1,1.0,0.010844784732737311,2.4196885485992485,1,1.0,0.010844784732737311,2.5798347584684165,0,0.0,0.0,1.1635304952940502,1,1.0,0.010844784732737311,2.1878009864277934
2021-02-10,1740.78,-0.016024825761815187,True,1.0,-0.016024825761815187,5.764172185430451,0,0.0,-0.0,0.577298120332894,0,1.0,-0.016024825761815187,2.426242706149641,1,1.0,-0.016024825761815187,2.5384933559696856,1,1.0,-0.016024825761815187,2.380913461210086,1,1.0,-0.016024825761815187,2.5384933559696856,0,0.0,-0.0,1.1635304952940502,0,1.0,-0.016024825761815187,2.1527418568187606
2021-02-11,1785.62,0.025758567998253712,True,1.0,0.025758567998253712,5.9126490066225035,0,0.0,0.0,0.577298120332894,0,1.0,0.025758567998253712,2.488739243876264,1,1.0,0.025758567998253712,2.603881309692546,1,1.0,0.025758567998253712,2.4422423824986237,1,1.0,0.025758567998253712,2.603881309692546,0,0.0,0.0,1.1635304952940502,0,1.0,0.025758567998253712,2.2081934043203137
2021-02-12,1840.26,0.03060001568082793,True,1.0,0.03060001568082793,6.093576158940384,0,0.0,0.0,0.577298120332894,1,1.0,0.03060001568082793,2.5648947037643692,1,1.0,0.03060001568082793,2.6835601186001528,1,1.0,0.03060001568082793,2.516975037699464,1,1.0,0.03060001568082793,2.6835601186001528,0,0.0,0.0,1.1635304952940502,1,1.0,0.03060001568082793,2.2757641571188163
2021-02-13,1814.96,-0.01374805733972373,True,1.0,-0.01374805733972373,6.009801324503298,0,0.0,-0.0,0.577298120332894,0,1.0,-0.01374805733972373,2.529632384306663,1,1.0,-0.01374805733972373,2.646666380215042,1,1.0,-0.01374805733972373,2.4823715205585186,1,1.0,-0.01374805733972373,2.646666380215042,0,0.0,-0.0,1.1635304952940502,0,1.0,-0.01374805733972373,2.2444768209950587
2021-02-14,1800.42,-0.008011195839026763,True,1.0,-0.008011195839026763,5.96165562913906,0,0.0,-0.0,0.577298120332894,0,1.0,-0.008011195839026763,2.509367003875238,1,1.0,-0.008011195839026763,2.625463417522571,1,1.0,-0.008011195839026763,2.4624847561621017,1,1.0,-0.008011195839026763,2.625463417522571,0,0.0,-0.0,1.1635304952940502,0,1.0,-0.008011195839026763,2.226495877625911
2021-02-15,1779.25,-0.011758367492029631,True,1.0,-0.011758367492029631,5.8915562913907165,0,0.0,-0.0,0.577298120332894,0,1.0,-0.011758367492029631,2.4798609444713,1,1.0,-0.011758367492029631,2.594592253822461,1,1.0,-0.011758367492029631,2.4335299554556267,1,1.0,-0.011758367492029631,2.594592253822461,0,0.0,-0.0,1.1635304952940502,0,1.0,-0.011758367492029631,2.2003159208772964
2021-02-16,1781.99,0.0015399747084445803,True,1.0,0.0015399747084445803,5.900629139072835,0,0.0,0.0,0.577298120332894,0,1.0,0.0015399747084445803,2.483679867606245,1,1.0,0.0015399747084445803,2.598587860272074,1,1.0,0.0015399747084445803,2.4372775300392706,1,1.0,0.0015399747084445803,2.598587860272074,0,0.0,0.0,1.1635304952940502,0,1.0,0.0015399747084445803,2.2037043517460355
2021-02-17,1849.88,0.03809785689033052,True,1.0,0.03809785689033052,6.125430463576146,0,0.0,0.0,0.577298120332894,0,1.0,0.03809785689033052,2.578302747763703,1,1.0,0.03809785689033052,2.6975884886896693,1,1.0,0.03809785689033052,2.530132580580725,1,1.0,0.03809785689033052,2.6975884886896693,0,0.0,0.0,1.1635304952940502,0,1.0,0.03809785689033052,2.2876607647674545
2021-02-18,1939.61,0.048505849028045,True,1.0,0.048505849028045,6.422549668874158,0,0.0,0.0,0.577298120332894,0,1.0,0.048505849028045,2.703365511595323,1,1.0,0.048505849028045,2.8284373086618424,1,1.0,0.048505849028045,2.6528588095553114,1,1.0,0.048505849028045,2.8284373086618424,0,0.0,0.0,1.1635304952940502,0,1.0,0.048505849028045,2.3986256924506466
2021-02-19,1955.0,0.007934584787663512,True,1.0,0.007934584787663512,6.47350993377482,0,0.0,0.0,0.577298120332894,0,1.0,0.007934584787663512,2.724815594459121,1,1.0,0.007934584787663512,2.8508797843040106,1,1.0,0.007934584787663512,2.6739081427094282,1,1.0,0.007934584787663512,2.8508797843040106,0,0.0,0.0,1.1635304952940502,0,1.0,0.007934584787663512,2.4176577913812642
2021-02-20,1913.0,-0.02148337595907923,True,1.0,-0.02148337595907923,6.334437086092701,0,0.0,-0.0,0.577298120332894,0,1.0,-0.02148337595907923,2.6662773566241937,1,1.0,-0.02148337595907923,2.789633262083669,1,1.0,-0.02148337595907923,2.616463568799558,1,1.0,-0.02148337595907923,2.789633262083669,0,0.0,-0.0,1.1635304952940502,0,1.0,-0.02148337595907923,2.3657183401086233
2021-02-21,1933.53,0.010731834814427632,True,1.0,0.010731834814427632,6.402417218543032,0,0.0,0.0,0.577298120332894,0,1.0,0.010731834814427632,2.6948914047849333,1,1.0,0.010731834814427632,2.8195711454451837,1,1.0,0.010731834814427632,2.644543023617883,1,1.0,0.010731834814427632,2.8195711454451837,0,0.0,0.0,1.1635304952940502,0,1.0,0.010731834814427632,2.391106838552131
2021-02-22,1777.58,-0.0806555884832405,True,1.0,-0.0806555884832405,5.886026490066213,0,0.0,-0.0,0.577298120332894,0,1.0,-0.0806555884832405,2.4775333526335777,1,1.0,-0.0806555884832405,2.5921569754389377,1,1.0,-0.0806555884832405,2.431245849778734,1,1.0,-0.0806555884832405,2.5921569754389377,0,0.0,-0.0,1.1635304952940502,0,1.0,-0.0806555884832405,2.198250709362408
2021-02-23,1577.89,-0.11233812261614096,False,1.0,-0.11233812261614096,5.224801324503301,0,0.0,-0.0,0.577298120332894,0,1.0,-0.11233812261614096,2.199211907079848,0,1.0,-0.11233812261614096,2.300958927291793,0,1.0,-0.11233812261614096,2.1581242553963067,0,1.0,-0.11233812261614096,2.300958927291793,0,0.0,-0.0,1.1635304952940502,0,1.0,-0.11233812261614096,1.9513033516330351
2021-02-24,1623.39,0.02883597715937114,True,1.0,0.02883597715937114,5.37546357615893,0,0.0,0.0,0.577298120332894,0,1.0,0.02883597715937114,2.26262833140102,1,1.0,0.02883597715937114,2.3673093263638303,1,1.0,0.02883597715937114,2.2203558771319996,1,1.0,0.02883597715937114,2.3673093263638303,0,0.0,0.0,1.1635304952940502,0,1.0,0.02883597715937114,2.0075710905117297
2021-02-25,1481.75,-0.08724952106394646,False,1.0,-0.08724952106394646,4.906456953642374,0,0.0,-0.0,0.577298120332894,0,1.0,-0.08724952106394646,2.0652150931405644,0,1.0,-0.08724952106394646,2.1607627214283722,0,1.0,-0.08724952106394646,2.026630890260714,0,1.0,-0.08724952106394646,2.1607627214283722,0,0.0,-0.0,1.1635304952940502,0,1.0,-0.08724952106394646,1.8324114743627566
2021-02-26,1444.59,-0.02507845453011648,False,1.0,-0.02507845453011648,4.7834105960264806,0,0.0,-0.0,0.577298120332894,0,1.0,-0.02507845453011648,2.0134226903323285,0,1.0,-0.02507845453011648,2.10657413176866,0,1.0,-0.02507845453011648,1.9758061196299812,0,1.0,-0.02507845453011648,2.10657413176866,0,0.0,-0.0,1.1635304952940502,0,1.0,-0.02507845453011648,1.7864574265224866
2021-02-27,1458.13,0.009372901653756482,False,1.0,0.009372901653756482,4.828245033112573,0,0.0,0.0,0.577298120332894,0,1.0,0.009372901653756482,2.032294303196255,0,1.0,0.009372901653756482,2.1263188439320753,0,1.0,0.009372901653756482,1.9943251560761632,0,1.0,0.009372901653756482,2.1263188439320753,0,0.0,0.0,1.1635304952940502,0,1.0,0.009372901653756482,1.8032017162899048
2021-02-28,1419.18,-0.026712295885826354,False,1.0,-0.026712295885826354,4.6992715231787985,0,0.0,-0.0,0.577298120332894,0,1.0,-0.026712295885826354,1.9780070564421974,0,1.0,-0.026712295885826354,2.0695199858253535,0,1.0,-0.026712295885826354,1.94105215241451,0,1.0,-0.026712295885826354,2.0695199858253535,0,0.0,-0.0,1.1635304952940502,0,1.0,-0.026712295885826354,1.755034058502539
2021-03-01,1569.86,0.10617398779576925,False,1.0,0.10617398779576925,5.19821192052979,0,0.0,0.0,0.577298120332894,0,1.0,0.10617398779576925,2.188019953512837,0,1.0,0.10617398779576925,2.289249175543475,0,1.0,0.10617398779576925,2.14714139995592,0,1.0,0.10617398779576925,2.289249175543475,0,0.0,0.0,1.1635304952940502,0,1.0,0.10617398779576925,1.941373023211147
2021-03-02,1486.78,-0.05292191660402834,False,1.0,-0.05292191660402834,4.923112582781446,0,0.0,-0.0,0.577298120332894,0,1.0,-0.05292191660402834,2.0722257440050806,0,1.0,-0.05292191660402834,2.1680977215895227,0,1.0,-0.05292191660402834,2.033510561850396,0,1.0,-0.05292191660402834,2.1680977215895227,0,0.0,-0.0,1.1635304952940502,0,1.0,-0.05292191660402834,1.8386318419794563
2021-03-03,1567.69,0.054419618235381106,False,1.0,0.054419618235381106,5.191026490066213,0,0.0,0.0,0.577298120332894,0,1.0,0.054419618235381106,2.184995477891366,0,1.0,0.054419618235381106,2.2860847718954243,0,1.0,0.054419618235381106,2.14417343030391,0,1.0,0.054419618235381106,2.2860847718954243,0,0.0,0.0,1.1635304952940502,0,1.0,0.054419618235381106,1.938689484895394
2021-03-04,1539.23,-0.018154099343620222,False,1.0,-0.018154099343620222,5.096788079470187,0,0.0,-0.0,0.577298120332894,0,1.0,-0.018154099343620222,2.145328852920365,0,1.0,-0.018154099343620222,2.244582961838497,0,1.0,-0.018154099343620222,2.105247892840222,0,1.0,-0.018154099343620222,2.244582961838497,0,0.0,-0.0,1.1635304952940502,0,1.0,-0.018154099343620222,1.903494323390171
2021-03-05,1528.31,-0.007094456319068687,False,1.0,-0.007094456319068687,5.0606291390728355,0,0.0,-0.0,0.577298120332894,0,0.0,-0.001,2.1431835240674446,0,1.0,-0.007094456319068687,2.2286588660612083,0,1.0,-0.007094456319068687,2.0903123036236555,0,1.0,-0.007094456319068687,2.2286588660612083,0,0.0,-0.0,1.1635304952940502,0,0.0,-0.001,1.901590829066781
2021-03-06,1650.35,0.07985290942282641,False,1.0,0.07985290942282641,5.464735099337735,0,0.0,0.0,0.577298120332894,0,0.0,0.0,2.1431835240674446,0,1.0,0.07985290942282641,2.406623760627173,0,1.0,0.07985290942282641,2.2572298226703347,0,1.0,0.07985290942282641,2.406623760627173,0,0.0,0.0,1.1635304952940502,0,0.0,0.0,1.901590829066781
2021-03-07,1726.16,0.045935710606840985,False,1.0,0.045935710606840985,5.715761589403959,0,0.0,0.0,0.577298120332894,0,0.0,0.0,2.1431835240674446,0,1.0,0.045935710606840985,2.5171737332348902,0,1.0,0.045935710606840985,2.36091727857765,0,1.0,0.045935710606840985,2.5171737332348902,0,0.0,0.0,1.1635304952940502,0,0.0,0.0,1.901590829066781
2021-03-08,1833.18,0.06199888770450013,True,1.0,0.06199888770450013,6.07013245033111,0,0.0,0.0,0.577298120332894,0,0.0,0.0,2.1431835240674446,1,1.0,0.06199888770450013,2.6732357048544375,1,1.0,0.06199888770450013,2.5072915238117996,1,1.0,0.06199888770450013,2.6732357048544375,0,0.0,0.0,1.1635304952940502,0,0.0,0.0,1.901590829066781
2021-03-09,1870.51,0.02036352131269159,True,1.0,0.02036352131269159,6.1937417218542885,0,0.0,0.0,0.577298120332894,0,0.0,0.0,2.1431835240674446,1,1.0,0.02036352131269159,2.727672197104089,1,1.0,0.02036352131269159,2.558348808194072,1,1.0,0.02036352131269159,2.727672197104089,0,0.0,0.0,1.1635304952940502,0,0.0,0.0,1.901590829066781
2021-03-10,1795.12,-0.040304515880695724,False,1.0,-0.040304515880695724,5.944105960264885,0,0.0,-0.0,0.577298120332894,0,0.0,-0.0,2.1431835240674446,0,1.0,-0.040304515880695724,2.617734689718575,0,1.0,-0.040304515880695724,2.4552357980258552,0,1.0,-0.040304515880695724,2.617734689718575,0,0.0,-0.0,1.1635304952940502,0,0.0,-0.0,1.901590829066781
2021-03-11,1825.78,0.01707963813004154,False,1.0,0.01707963813004154,6.045629139072832,0,0.0,0.0,0.577298120332894,0,0.0,0.0,2.1431835240674446,0,1.0,0.01707963813004154,2.662444650939425,0,1.0,0.01707963813004154,2.4971703369800604,0,1.0,0.01707963813004154,2.662444650939425,0,0.0,0.0,1.1635304952940502,0,0.0,0.0,1.901590829066781
2021-03-12,1766.1,-0.032687399358082625,False,1.0,-0.032687399358082625,5.848013245033098,0,0.0,-0.0,0.577298120332894,0,0.0,-0.0,2.1431835240674446,0,1.0,-0.032687399358082625,2.575416259365377,0,1.0,-0.032687399358082625,2.4155443329100352,0,1.0,-0.032687399358082625,2.575416259365377,0,0.0,-0.0,1.1635304952940502,0,0.0,-0.0,1.901590829066781
2021-03-13,1922.35,0.08847177396523409,False,1.0,0.08847177396523409,6.365397350993361,0,0.0,0.0,0.577298120332894,0,0.0,0.0,2.1431835240674446,0,1.0,0.08847177396523409,2.803267904530339,0,1.0,0.08847177396523409,2.629251825134254,0,1.0,0.08847177396523409,2.803267904530339,0,0.0,0.0,1.1635304952940502,0,0.0,0.0,1.901590829066781
2021-03-14,1848.1,-0.03862460009883739,True,1.0,-0.03862460009883739,6.119536423841044,0,0.0,-0.0,0.577298120332894,0,0.0,-0.0,2.1431835240674446,1,1.0,-0.03862460009883739,2.6949928027479486,1,1.0,-0.03862460009883739,2.527698024829305,1,1.0,-0.03862460009883739,2.6949928027479486,0,0.0,-0.0,1.1635304952940502,0,0.0,-0.0,1.901590829066781
2021-03-15,1793.48,-0.029554677777176463,True,1.0,-0.029554677777176463,5.938675496688727,0,0.0,-0.0,0.577298120332894,0,0.0,-0.0,2.1431835240674446,0,1.0,-0.029554677777176463,2.6153431588509233,0,1.0,-0.029554677777176463,2.452992724187469,0,1.0,-0.029554677777176463,2.6153431588509233,0,0.0,-0.0,1.1635304952940502,0,0.0,-0.0,1.901590829066781
2021-03-16,1805.12,0.006490175524678232,True,1.0,0.006490175524678232,5.977218543046343,0,0.0,0.0,0.577298120332894,0,0.0,0.0,2.1431835240674446,0,1.0,0.006490175524678232,2.6323171950091324,0,1.0,0.006490175524678232,2.4689130775282044,0,1.0,0.006490175524678232,2.6323171950091324,0,0.0,0.0,1.1635304952940502,0,0.0,0.0,1.901590829066781
2021-03-17,1823.58,0.010226466938486167,True,1.0,0.010226466938486167,6.038344370860913,0,0.0,0.0,0.577298120332894,0,0.0,0.0,2.1431835240674446,0,1.0,0.010226466938486167,2.659236499775502,0,1.0,0.010226466938486167,2.494161335489543,0,1.0,0.010226466938486167,2.659236499775502,0,0.0,0.0,1.1635304952940502,0,0.0,0.0,1.901590829066781
2021-03-18,1776.08,-0.026047664484146527,True,1.0,-0.026047664484146527,5.881059602648993,0,0.0,-0.0,0.577298120332894,0,0.0,-0.0,2.1431835240674446,0,1.0,-0.026047664484146527,2.5899695996453533,0,1.0,-0.026047664484146527,2.4291942578533803,0,1.0,-0.026047664484146527,2.5899695996453533,0,0.0,-0.0,1.1635304952940502,0,0.0,-0.0,1.901590829066781
2021-03-19,1809.1,0.01859150488716721,True,1.0,0.01859150488716721,5.990397350993364,0,0.0,0.0,0.577298120332894,0,0.0,0.0,2.1431835240674446,0,1.0,0.01859150488716721,2.6381210321147743,0,1.0,0.01859150488716721,2.47435663477014,0,1.0,0.01859150488716721,2.6381210321147743,0,0.0,0.0,1.1635304952940502,0,0.0,0.0,1.901590829066781
2021-03-20,1806.1,-0.0016582831242053508,True,1.0,-0.0016582831242053508,5.980463576158927,0,0.0,-0.0,0.577298120332894,0,0.0,-0.0,2.1431835240674446,0,1.0,-0.0016582831242053508,2.6337462805276073,0,1.0,-0.0016582831242053508,2.4702534509194347,0,1.0,-0.0016582831242053508,2.6337462805276073,0,0.0,-0.0,1.1635304952940502,0,0.0,-0.0,1.901590829066781
2021-03-21,1782.98,-0.012801063064060592,True,1.0,-0.012801063064060592,5.9039072847681995,0,0.0,-0.0,0.577298120332894,0,0.0,-0.0,2.1431835240674446,0,1.0,-0.012801063064060592,2.600031528295838,0,1.0,-0.012801063064060592,2.438631580710002,0,1.0,-0.012801063064060592,2.600031528295838,0,0.0,-0.0,1.1635304952940502,0,0.0,-0.0,1.901590829066781
2021-03-22,1680.97,-0.0572132048592805,True,1.0,-0.0572132048592805,5.566125827814558,0,0.0,-0.0,0.577298120332894,0,0.0,-0.0,2.1431835240674446,0,1.0,-0.0572132048592805,2.45127539182686,0,1.0,-0.0572132048592805,2.2991096525065293,0,1.0,-0.0572132048592805,2.45127539182686,0,0.0,-0.0,1.1635304952940502,0,0.0,-0.0,1.901590829066781
2021-03-23,1668.08,-0.0076681915798616496,True,1.0,-0.0076681915798616496,5.52344370860926,0,0.0,-0.0,0.577298120332894,0,0.0,-0.0,2.1431835240674446,0,1.0,-0.0076681915798616496,2.432478542507331,0,1.0,-0.0076681915798616496,2.281479639228,0,1.0,-0.0076681915798616496,2.432478542507331,0,0.0,-0.0,1.1635304952940502,0,0.0,-0.0,1.901590829066781
2021-03-24,1581.84,-0.05170015826579066,True,1.0,-0.05170015826579066,5.237880794701975,0,0.0,-0.0,0.577298120332894,0,0.0,-0.0,2.1431835240674446,0,1.0,-0.05170015826579066,2.3067190168815626,0,1.0,-0.05170015826579066,2.1635267807997334,0,1.0,-0.05170015826579066,2.3067190168815626,0,0.0,-0.0,1.1635304952940502,0,0.0,-0.0,1.901590829066781
2021-03-25,1585.74,0.002465483234713961,True,1.0,0.002465483234713961,5.250794701986743,0,0.0,0.0,0.577298120332894,0,0.0,0.0,2.1431835240674446,0,1.0,0.002465483234713961,2.31240619394488,0,1.0,0.002465483234713961,2.16886091980565,0,1.0,0.002465483234713961,2.31240619394488,0,0.0,0.0,1.1635304952940502,0,0.0,0.0,1.901590829066781
2021-03-26,1698.84,0.0713231677324151,True,1.0,0.0713231677324151,5.62529801324502,0,0.0,0.0,0.577298120332894,0,0.0,0.0,2.1431835240674446,0,1.0,0.0713231677324151,2.4773343287810863,0,1.0,0.0713231677324151,2.3235509509772285,0,1.0,0.0713231677324151,2.4773343287810863,0,0.0,0.0,1.1635304952940502,0,0.0,0.0,1.901590829066781
2021-03-27,1712.63,0.008117303571849144,False,1.0,0.008117303571849144,5.67096026490065,0,0.0,0.0,0.577298120332894,0,0.0,0.0,2.1431835240674446,0,1.0,0.008117303571849144,2.4974436035767655,0,1.0,0.008117303571849144,2.3424119194109694,0,1.0,0.008117303571849144,2.4974436035767655,0,0.0,0.0,1.1635304952940502,0,0.0,0.0,1.901590829066781
2021-03-28,1687.01,-0.014959448333849212,False,1.0,-0.014959448333849212,5.5861258278145565,0,0.0,-0.0,0.577298120332894,0,0.0,-0.0,2.1431835240674446,0,1.0,-0.014959448333849212,2.4600832250223568,0,1.0,-0.014959448333849212,2.3073707293259482,0,1.0,-0.014959448333849212,2.4600832250223568,0,0.0,-0.0,1.1635304952940502,0,0.0,-0.0,1.901590829066781
2021-03-29,1816.74,0.07689936633452077,False,1.0,0.07689936633452077,6.015695364238396,0,0.0,0.0,0.577298120332894,0,0.0,0.0,2.1431835240674446,0,1.0,0.07689936633452077,2.6492620661567603,0,1.0,0.07689936633452077,2.4848060763099347,0,1.0,0.07689936633452077,2.6492620661567603,0,0.0,0.0,1.1635304952940502,0,0.0,0.0,1.901590829066781
2021-03-30,1840.46,0.013056353688474909,True,1.0,0.013056353688474909,6.094238410596011,0,0.0,0.0,0.577298120332894,0,0.0,0.0,2.1431835240674446,0,1.0,0.013056353688474909,2.6838517687059626,0,1.0,0.013056353688474909,2.5172485832895086,0,1.0,0.013056353688474909,2.6838517687059626,1,0.0,0.0,1.1635304952940502,0,0.0,0.0,1.901590829066781
2021-03-31,1919.37,0.04287515077752291,True,1.0,0.04287515077752291,6.3555298013244865,0,0.0,0.0,0.577298120332894,0,0.0,0.0,2.1431835240674446,0,1.0,0.04287515077752291,2.7989223179537523,0,1.0,0.04287515077752291,2.6251759958425525,0,1.0,0.04287515077752291,2.7989223179537523,1,1.0,0.04187515077752291,1.2122535102187346,0,0.0,0.0,1.901590829066781
2021-04-01,1968.05,0.025362488733282396,True,1.0,0.025362488733282396,6.5167218543046195,0,0.0,0.0,0.577298120332894,0,0.0,0.0,2.1431835240674446,0,1.0,0.025362488733282396,2.869909953708187,0,1.0,0.025362488733282396,2.6917569924599927,0,1.0,0.025362488733282396,2.869909953708187,1,1.0,0.025362488733282396,1.2429992762135393,0,0.0,0.0,1.901590829066781
2021-04-02,2133.69,0.08416452834023525,True,1.0,0.08416452834023525,7.065198675496671,0,0.0,0.0,0.577298120332894,0,0.0,0.0,2.1431835240674446,1,1.0,0.08416452834023525,3.1114545713409827,1,1.0,0.08416452834023525,2.918307450136918,1,1.0,0.08416452834023525,3.1114545713409827,1,1.0,0.08416452834023525,1.3476157240233058,1,0.0,0.0,1.901590829066781
2021-04-03,2008.52,-0.05866362967441385,True,1.0,-0.05866362967441385,6.6507284768211745,0,0.0,-0.0,0.577298120332894,0,0.0,-0.0,2.1431835240674446,0,1.0,-0.05866362967441385,2.928925352619073,0,1.0,-0.05866362967441385,2.747108942606003,0,1.0,-0.05866362967441385,2.928925352619073,1,1.0,-0.05866362967441385,1.2685596942457855,0,1.0,-0.059663629674413854,1.788135018049079
2021-04-04,2075.69,0.03344253480174464,True,1.0,0.03344253480174464,6.8731456953642205,0,0.0,0.0,0.577298120332894,0,0.0,0.0,2.1431835240674446,1,1.0,0.03344253480174464,3.0268760406557487,1,1.0,0.03344253480174464,2.838979229023288,1,1.0,0.03344253480174464,3.0268760406557487,1,1.0,0.03344253480174464,1.3109835459686907,1,1.0,0.03344253480174464,1.8479347856204036
2021-04-05,2107.38,0.015267212348664794,True,1.0,0.015267212348664794,6.978079470198657,0,0.0,0.0,0.577298120332894,0,0.0,0.0,2.1431835240674446,1,1.0,0.015267212348664794,3.0730879999215257,1,1.0,0.015267212348664794,2.8823225277662354,1,1.0,0.015267212348664794,3.0730879999215257,1,1.0,0.015267212348664794,1.3309986101506002,1,1.0,0.015267212348664794,1.8761475983989546
2021-04-06,2112.21,0.0022919454488512514,True,1.0,0.0022919454488512514,6.9940728476821015,0,0.0,0.0,0.577298120332894,0,0.0,0.0,2.1431835240674446,1,1.0,0.0022919454488512514,3.0801313499768654,1,1.0,0.0022919454488512514,2.8889286537658707,1,1.0,0.0022919454488512514,3.0801313499768654,1,1.0,0.0022919454488512514,1.334049186357562,1,1.0,0.0022919454488512514,1.8804476263484784
2021-04-07,1963.47,-0.07041913446106207,True,1.0,-0.07041913446106207,6.501556291390712,0,0.0,-0.0,0.577298120332894,0,0.0,-0.0,2.1431835240674446,0,1.0,-0.07041913446106207,2.8632311662851118,0,1.0,-0.07041913446106207,2.6854927984479167,0,1.0,-0.07041913446106207,2.8632311662851118,1,1.0,-0.07041913446106207,1.2401065973257785,0,1.0,-0.07041913446106207,1.74802813210166
2021-04-08,2080.46,0.05958328876937258,True,1.0,0.05958328876937258,6.888940397350976,0,0.0,0.0,0.577298120332894,0,0.0,0.0,2.1431835240674446,0,1.0,0.05958328876937258,3.033831895679345,0,1.0,0.05958328876937258,2.8455032913459095,0,1.0,0.05958328876937258,3.033831895679345,1,1.0,0.05958328876937258,1.3139962268190444,0,1.0,0.05958328876937258,1.85218139707366
2021-04-09,2066.87,-0.006532209222960383,True,1.0,-0.006532209222960383,6.843940397350975,0,0.0,-0.0,0.577298120332894,0,0.0,-0.0,2.1431835240674446,0,1.0,-0.006532209222960383,3.014014270989477,0,1.0,-0.006532209222960383,2.8269158685022155,0,1.0,-0.006532209222960383,3.014014270989477,1,1.0,-0.006532209222960383,1.305412928547282,0,1.0,-0.006532209222960383,1.8400825606690998
2021-04-10,2133.49,0.03223231262730608,True,1.0,0.03223231262730608,7.064536423841041,0,0.0,0.0,0.577298120332894,0,0.0,0.0,2.1431835240674446,0,1.0,0.03223231262730608,3.111162921235172,1,1.0,0.03223231262730608,2.9180339045468715,0,1.0,0.03223231262730608,3.111162921235172,1,1.0,0.03223231262730608,1.3474894061679452,0,1.0,0.03223231262730608,1.89939267702464
2021-04-11,2151.36,0.008375947391363603,True,1.0,0.008375947391363603,7.123708609271505,0,0.0,0.0,0.577298120332894,0,0.0,0.0,2.1431835240674446,0,1.0,0.008375947391363603,3.137221858189399,1,1.0,0.008375947391363603,2.9424752030175716,1,1.0,0.008375947391363603,3.137221858189399,1,1.0,0.008375947391363603,1.3587759065444278,0,1.0,0.008375947391363603,1.9153018901629397
2021-04-12,2137.69,-0.006354120184441481,True,1.0,-0.006354120184441481,7.078443708609253,0,0.0,-0.0,0.577298120332894,0,0.0,-0.0,2.1431835240674446,0,1.0,-0.006354120184441481,3.1172875734572068,0,1.0,-0.006354120184441481,2.9237783619378592,0,1.0,-0.006354120184441481,3.1172875734572068,1,1.0,-0.006354120184441481,1.3501420811305211,0,1.0,-0.006354120184441481,1.9031318317633565
2021-04-13,2299.19,0.07554884010310192,True,1.0,0.07554884010310192,7.613211920529781,0,0.0,0.0,0.577298120332894,0,0.0,0.0,2.1431835240674446,1,1.0,0.07554884010310192,3.352795033899712,1,1.0,0.07554884010310192,3.144666425900812,1,1.0,0.07554884010310192,3.352795033899712,1,1.0,0.07554884010310192,1.45214374933432,1,1.0,0.07554884010310192,2.04691123421637
2021-04-14,2432.6,0.0580247826408431,True,1.0,0.0580247826408431,8.054966887417198,0,0.0,0.0,0.577298120332894,0,0.0,0.0,2.1431835240674446,1,1.0,0.0580247826408431,3.5473402369810407,1,1.0,0.0580247826408431,3.3271350117416634,1,1.0,0.0580247826408431,3.5473402369810407,1,1.0,0.0580247826408431,1.536404074752703,1,1.0,0.0580247826408431,2.1656828136668747
2021-04-15,2514.04,0.03347858258653291,True,1.0,0.03347858258653291,8.324635761589382,0,0.0,0.0,0.577298120332894,0,0.0,0.0,2.1431835240674446,1,1.0,0.03347858258653291,3.6661001600673417,1,1.0,0.03347858258653291,3.438522776008802,1,1.0,0.03347858258653291,3.6661001600673417,1,1.0,0.03347858258653291,1.587840705455597,1,1.0,0.03347858258653291,2.2381868046004563
2021-04-16,2422.67,-0.03634389269860461,True,1.0,-0.03634389269860461,8.022086092715211,0,0.0,-0.0,0.577298120332894,0,0.0,-0.0,2.1431835240674446,1,1.0,-0.03634389269860461,3.532859809227517,1,1.0,-0.03634389269860461,3.31355347319583,1,1.0,-0.03634389269860461,3.532859809227517,1,1.0,-0.03634389269860461,1.530132393234042,1,1.0,-0.03634389269860461,2.1568423835346247
2021-04-17,2317.6,-0.04336950554553454,True,1.0,-0.04336950554553454,7.674172185430444,0,0.0,-0.0,0.577298120332894,0,0.0,-0.0,2.1431835240674446,1,1.0,-0.04336950554553454,3.3796414261396284,1,1.0,-0.04336950554553454,3.169846297464638,1,1.0,-0.04336950554553454,3.3796414261396284,1,1.0,-0.04336950554553454,1.4637713079202763,1,1.0,-0.04336950554553454,2.063301195821076
2021-04-18,2235.64,-0.03536416983085955,True,1.0,-0.03536416983085955,7.402781456953623,0,0.0,-0.0,0.577298120332894,0,0.0,-0.0,2.1431835240674446,0,1.0,-0.03536416983085955,3.2601232127782183,0,1.0,-0.03536416983085955,3.057747314663377,0,1.0,-0.03536416983085955,3.2601232127782183,1,1.0,-0.03536416983085955,1.4120062507934443,0,1.0,-0.03536416983085955,1.9903342619198436
2021-04-19,2161.12,-0.033332736934390095,True,1.0,-0.033332736934390095,7.156026490066207,0,0.0,-0.0,0.577298120332894,0,0.0,-0.0,2.1431835240674446,0,1.0,-0.033332736934390095,3.1514543833529833,0,1.0,-0.033332736934390095,2.955824227811865,0,1.0,-0.033332736934390095,3.1514543833529833,1,1.0,-0.033332736934390095,1.364940217886032,0,1.0,-0.033332736934390095,1.923990973555766
2021-04-20,2330.03,0.0781585474198565,True,1.0,0.0781585474198565,7.715331125827796,0,0.0,0.0,0.577298120332894,0,0.0,0.0,2.1431835240674446,1,1.0,0.0781585474198565,3.397767480215792,1,1.0,0.0781585474198565,3.1868471558860594,1,1.0,0.0781585474198565,3.397767480215792,1,1.0,0.0781585474198565,1.4716219626309466,1,1.0,0.0781585474198565,2.0743673132978
2021-04-21,2357.06,0.011600709003746656,True,1.0,0.011600709003746656,7.804834437086074,0,0.0,0.0,0.577298120332894,0,0.0,0.0,2.1431835240674446,1,1.0,0.011600709003746656,3.437183992016169,1,1.0,0.011600709003746656,3.223816842380911,1,1.0,0.011600709003746656,3.437183992016169,1,1.0,0.011600709003746656,1.4886938207829508,1,1.0,0.011600709003746656,2.098431444866252
2021-04-22,2397.94,0.017343639958253165,True,1.0,0.017343639958253165,7.94019867549667,0,0.0,0.0,0.577298120332894,0,0.0,0.0,2.1431835240674446,1,1.0,0.017343639958253165,3.4967972736439688,1,1.0,0.017343639958253165,3.2797295609865182,1,1.0,0.017343639958253165,3.4967972736439688,1,1.0,0.017343639958253165,1.5145131904186866,1,1.0,0.017343639958253165,2.134825884323089
2021-04-23,2367.39,-0.012740101920815428,True,1.0,-0.012740101920815428,7.839039735099319,0,0.0,-0.0,0.577298120332894,0,0.0,-0.0,2.1431835240674446,1,1.0,-0.012740101920815428,3.452247719981315,1,1.0,-0.012740101920815428,3.237945472106839,1,1.0,-0.012740101920815428,3.452247719981315,1,1.0,-0.012740101920815428,1.4952181380123333,1,1.0,-0.012740101920815428,2.107627984973618
2021-04-24,2213.35,-0.06506743713541074,True,1.0,-0.06506743713541074,7.328973509933757,0,0.0,-0.0,0.577298120332894,0,0.0,-0.0,2.1431835240674446,0,1.0,-0.06506743713541074,3.2276188084855657,0,1.0,-0.06506743713541074,3.027260658652639,0,1.0,-0.06506743713541074,3.2276188084855657,1,1.0,-0.06506743713541074,1.39792812581349,0,1.0,-0.06506743713541074,1.9704900335565148
2021-04-25,2320.49,0.048406262001039035,True,1.0,0.048406262001039035,7.683741721854285,0,0.0,0.0,0.577298120332894,0,0.0,0.0,2.1431835240674446,0,1.0,0.048406262001039035,3.3838557701685996,0,1.0,0.048406262001039035,3.173799031240817,0,1.0,0.048406262001039035,3.3838557701685996,1,1.0,0.048406262001039035,1.4655966009302392,0,1.0,0.048406262001039035,2.0658740903912878
2021-04-26,2532.6,0.09140741826079846,True,1.0,0.09140741826079846,8.386092715231767,0,0.0,0.0,0.577298120332894,0,0.0,0.0,2.1431835240674446,1,1.0,0.09140741826079846,3.693165289886617,1,1.0,0.09140741826079846,3.463907806765163,1,1.0,0.09140741826079846,3.693165289886617,1,1.0,0.09140741826079846,1.5995630024330743,1,1.0,0.09140741826079846,2.254710307445831
2021-04-27,2666.13,0.05272447287372661,True,1.0,0.05272447287372661,8.82824503311256,0,0.0,0.0,0.577298120332894,0,0.0,0.0,2.1431835240674446,1,1.0,0.05272447287372661,3.8878854830314324,1,1.0,0.05272447287372661,3.6465405199600425,1,1.0,0.05272447287372661,3.8878854830314324,1,1.0,0.05272447287372661,1.6838991185646737,1,1.0,0.05272447287372661,2.37358871988887
2021-04-28,2748.24,0.030797447986407045,True,1.0,0.030797447986407045,9.1001324503311,0,0.0,0.0,0.577298120332894,0,0.0,0.0,2.1431835240674446,1,1.0,0.030797447986407045,4.0076224339722,1,1.0,0.030797447986407045,3.7588446619538374,1,1.0,0.030797447986407045,4.0076224339722,1,1.0,0.030797447986407045,1.7357589140830259,1,1.0,0.030797447986407045,2.44668919503077
2021-04-29,2757.04,0.0032020493115594295,True,1.0,0.0032020493115594295,9.129271523178783,0,0.0,0.0,0.577298120332894,0,0.0,0.0,2.1431835240674446,1,1.0,0.0032020493115594295,4.020455038627891,1,1.0,0.0032020493115594295,3.7708806679159057,1,1.0,0.0032020493115594295,4.020455038627891,1,1.0,0.0032020493115594295,1.7413168997188986,1,1.0,0.0032020493115594295,2.454523614483318
2021-04-30,2772.42,0.005578446449815866,True,1.0,0.005578446449815866,9.180198675496666,0,0.0,0.0,0.577298120332894,0,0.0,0.0,2.1431835240674446,1,1.0,0.005578446449815866,4.042882931764769,1,1.0,0.005578446449815866,3.7919163237905207,1,1.0,0.005578446449815866,4.042882931764769,1,1.0,0.005578446449815866,1.7510307427961398,1,1.0,0.005578446449815866,2.468216043026522
2021-05-01,2944.77,0.06216590559871871,True,1.0,0.06216590559871871,9.750894039735075,0,0.0,0.0,0.577298120332894,0,0.0,0.0,2.1431835240674446,1,1.0,0.06216590559871871,4.294212410447528,1,1.0,0.06216590559871871,4.027644236013523,1,1.0,0.06216590559871871,4.294212410447528,1,1.0,0.06216590559871871,1.8598851546532589,1,1.0,0.06216590559871871,2.621654928554552
2021-05-02,2949.56,0.001626612604719524,True,1.0,0.001626612604719524,9.766754966887392,0,0.0,0.0,0.577298120332894,0,0.0,0.0,2.1431835240674446,1,1.0,0.001626612604719524,4.3011974304817056,1,1.0,0.001626612604719524,4.034195652895148,1,1.0,0.001626612604719524,4.3011974304817056,1,1.0,0.001626612604719524,1.8629104672891486,1,1.0,0.001626612604719524,2.625919345506564
2021-05-03,3431.04,0.16323790667082538,True,1.0,0.16323790667082538,11.361059602648977,0,0.0,0.0,0.577298120332894,1,0.0,0.0,2.1431835240674446,1,1.0,0.16323790667082538,5.003315895211472,1,1.0,0.16323790667082538,4.692729306374296,1,1.0,0.16323790667082538,5.003315895211472,1,1.0,0.16323790667082538,2.1670080722845984,1,1.0,0.16323790667082538,3.054568922553479
2021-05-04,3239.01,-0.055968452714045824,True,1.0,-0.055968452714045824,10.725198675496662,0,0.0,-0.0,0.577298120332894,0,1.0,-0.056968452714045825,2.0210896748190863,1,1.0,-0.055968452714045824,4.7232880461168945,1,1.0,-0.055968452714045824,4.430084508090669,1,1.0,-0.055968452714045824,4.7232880461168945,1,1.0,-0.055968452714045824,2.045723983459982,1,1.0,-0.055968452714045824,2.883609426249751
2021-05-05,3524.26,0.08806703282793205,True,1.0,0.08806703282793205,11.66973509933772,0,0.0,0.0,0.577298120332894,0,1.0,0.08806703282793205,2.199081045559573,1,1.0,0.08806703282793205,5.13925400953005,1,1.0,0.08806703282793205,4.8202289058952035,1,1.0,0.08806703282793205,5.13925400953005,1,1.0,0.08806703282793205,2.22588482466824,1,1.0,0.08806703282793205,3.137560352254222
2021-05-06,3489.73,-0.00979780152429166,True,1.0,-0.00979780152429166,11.55539735099335,0,0.0,-0.0,0.577298120332894,0,1.0,-0.00979780152429166,2.1775348859393486,1,1.0,-0.00979780152429166,5.0889006187617545,1,1.0,-0.00979780152429166,4.773001259773589,1,1.0,-0.00979780152429166,5.0889006187617545,1,1.0,-0.00979780152429166,2.204076046940208,1,1.0,-0.00979780152429166,3.1068191586523484
2021-05-07,3479.53,-0.0029228622271636473,True,1.0,-0.0029228622271636473,11.521622516556263,0,0.0,-0.0,0.577298120332894,0,1.0,-0.0029228622271636473,2.171170251472905,1,1.0,-0.0029228622271636473,5.074026463365386,1,1.0,-0.0029228622271636473,4.759050434681193,1,1.0,-0.0029228622271636473,5.074026463365386,1,1.0,-0.0029228622271636473,2.19763383631681,1,1.0,-0.0029228622271636473,3.097738354286895
2021-05-08,3910.26,0.12378970723057425,True,1.0,0.12378970723057425,12.947880794701955,0,0.0,0.0,0.577298120332894,1,1.0,0.12378970723057425,2.4399387812504685,1,1.0,0.12378970723057425,5.7021387137455735,1,1.0,0.12378970723057425,5.3481718946859145,1,1.0,0.12378970723057425,5.7021387137455735,1,1.0,0.12378970723057425,2.4696782855144717,1,1.0,0.12378970723057425,3.4812064782409906
2021-05-09,3923.95,0.0035010459662527804,True,1.0,0.0035010459662527804,12.993211920529768,0,0.0,0.0,0.577298120332894,1,1.0,0.0035010459662527804,2.448481119078469,1,1.0,0.0035010459662527804,5.722102163488346,1,1.0,0.0035010459662527804,5.366896090324631,1,1.0,0.0035010459662527804,5.722102163488346,1,1.0,0.0035010459662527804,2.478324742713914,1,1.0,0.0035010459662527804,3.493394342139329
2021-05-10,3945.88,0.005588756227780767,True,1.0,0.005588756227780767,13.065827814569504,0,0.0,0.0,0.577298120332894,0,1.0,0.005588756227780767,2.4621650831813224,1,1.0,0.005588756227780767,5.754081597590539,1,1.0,0.005588756227780767,5.396890364273285,1,1.0,0.005588756227780767,5.754081597590539,1,1.0,0.005588756227780767,2.4921754955542195,1,1.0,0.005588756227780767,3.5129180715250543
2021-05-11,4173.45,0.05767281316208295,True,1.0,0.05767281316208295,13.819370860927117,0,0.0,0.0,0.577298120332894,1,1.0,0.05767281316208295,2.604165069997843,1,1.0,0.05767281316208295,6.085935670487758,1,1.0,0.05767281316208295,5.708144213908264,1,1.0,0.05767281316208295,6.085935670487758,1,1.0,0.05767281316208295,2.6359062672764395,1,1.0,0.05767281316208295,3.7155179391178237
2021-05-12,3823.21,-0.08392097665001375,True,1.0,-0.08392097665001375,12.659635761589373,0,0.0,-0.0,0.577298120332894,0,1.0,-0.08392097665001375,2.3856209939657727,1,1.0,-0.08392097665001375,5.575198005191269,1,1.0,-0.08392097665001375,5.229111176617958,1,1.0,-0.08392097665001375,5.575198005191269,1,1.0,-0.08392097665001375,2.4146984389687085,1,1.0,-0.08392097665001375,3.4037080449064097
2021-05-13,3717.91,-0.027542300841439604,True,1.0,-0.027542300841439604,12.310960264900631,0,0.0,-0.0,0.577298120332894,0,1.0,-0.027542300841439604,2.319915502856313,1,1.0,-0.027542300841439604,5.421644224481697,1,1.0,-0.027542300841439604,5.0850894234582125,1,1.0,-0.027542300841439604,5.421644224481697,1,1.0,-0.027542300841439604,2.348192088121278,1,1.0,-0.027542300841439604,3.3099620939571692
2021-05-14,4075.01,0.09604858643700376,True,1.0,0.09604858643700376,13.493410596026457,0,0.0,0.0,0.577298120332894,0,1.0,0.09604858643700376,2.5427401075589526,1,1.0,0.09604858643700376,5.94238548840751,1,1.0,0.09604858643700376,5.573505074487132,1,1.0,0.09604858643700376,5.94238548840751,1,1.0,0.09604858643700376,2.573732618867883,1,1.0,0.09604858643700376,3.6278792742418204
2021-05-15,3646.68,-0.10511139849963569,True,1.0,-0.10511139849963569,12.075099337748314,0,0.0,-0.0,0.577298120332894,0,1.0,-0.10511139849963569,2.275469138832317,1,1.0,-0.10511139849963569,5.317773039297056,1,1.0,-0.10511139849963569,4.987666161562974,1,1.0,-0.10511139849963569,5.317773039297056,1,1.0,-0.10511139849963569,2.3032039839345497,1,1.0,-0.10511139849963569,3.2465478101384195
2021-05-16,3582.1,-0.017709258832691588,True,1.0,-0.017709258832691588,11.861258278145666,0,0.0,-0.0,0.577298120332894,0,1.0,-0.017709258832691588,2.235172266886934,1,1.0,-0.017709258832691588,5.223599220130636,1,1.0,-0.017709258832691588,4.8993382905367975,1,1.0,-0.017709258832691588,5.223599220130636,1,1.0,-0.017709258832691588,2.262415948438566,1,1.0,-0.017709258832691588,3.1890538546559704
2021-05-17,3282.51,-0.08363529773038159,True,1.0,-0.08363529773038159,10.869238410596,0,0.0,-0.0,0.577298120332894,0,1.0,-0.08363529773038159,2.0482329688671532,1,1.0,-0.08363529773038159,4.786721944130821,1,1.0,-0.08363529773038159,4.489580673925894,1,1.0,-0.08363529773038159,4.786721944130821,1,1.0,-0.08363529773038159,2.0731981170009433,1,1.0,-0.08363529773038159,2.922336386043597
2021-05-18,3375.07,0.028197933898145067,True,1.0,0.028197933898145067,11.175728476821165,0,0.0,0.0,0.577298120332894,0,1.0,0.028197933898145067,2.1059889067312705,1,1.0,0.028197933898145067,4.921697613100222,1,1.0,0.028197933898145067,4.6161775729996455,1,1.0,0.028197933898145067,4.921697613100222,1,1.0,0.028197933898145067,2.1316580204618947,1,1.0,0.028197933898145067,3.0047402342853986
2021-05-19,2438.92,-0.27737202487652113,False,1.0,-0.27737202487652113,8.07589403973508,0,0.0,-0.0,0.577298120332894,0,1.0,-0.27737202487652113,1.521846499303727,0,1.0,-0.27737202487652113,3.5565563803246727,0,1.0,-0.27737202487652113,3.335779052387149,0,1.0,-0.27737202487652113,3.5565563803246727,0,1.0,-0.27737202487652113,1.5403957189821023,0,1.0,-0.27737202487652113,2.171309351273705
2021-05-20,2768.62,0.13518278582323306,False,1.0,0.13518278582323306,9.167615894039711,0,0.0,0.0,0.577298120332894,0,1.0,0.13518278582323306,1.7275739486749397,0,1.0,0.13518278582323306,4.037341579754356,0,1.0,0.13518278582323306,3.786718957579628,0,1.0,0.13518278582323306,4.037341579754356,0,1.0,0.13518278582323306,1.748630703544285,0,1.0,0.13518278582323306,2.4648329982629216
2021-05-21,2430.98,-0.12195245284654443,False,1.0,-0.12195245284654443,8.049602649006601,0,0.0,-0.0,0.577298120332894,0,1.0,-0.12195245284654443,1.5168920681602405,0,1.0,-0.12195245284654443,3.5449778711239697,0,1.0,-0.12195245284654443,3.324919292462283,0,1.0,-0.12195245284654443,3.5449778711239697,0,1.0,-0.12195245284654443,1.5353809001242806,0,1.0,-0.12195245284654443,2.164240568267656
2021-05-22,2294.87,-0.05598976544438872,False,1.0,-0.05598976544438872,7.598907284768192,0,0.0,-0.0,0.577298120332894,0,1.0,-0.05598976544438872,1.431961637059495,0,1.0,-0.05598976544438872,3.34649539161419,0,1.0,-0.05598976544438872,3.1387578411557966,0,1.0,-0.05598976544438872,3.34649539161419,0,1.0,-0.05598976544438872,1.4494152836585277,0,1.0,-0.05598976544438872,2.0430652464851193
2021-05-23,2096.39,-0.08648855926479493,False,1.0,-0.08648855926479493,6.941688741721836,0,0.0,-0.0,0.577298120332894,0,1.0,-0.08648855926479493,1.308113338147762,0,1.0,-0.08648855926479493,3.057061826607203,0,1.0,-0.08648855926479493,2.8672911975931537,0,1.0,-0.08648855926479493,3.057061826607203,0,1.0,-0.08648855926479493,1.3240574439985275,0,1.0,-0.08648855926479493,1.8663634768326482
2021-05-24,2648.43,0.2633288653351713,False,1.0,0.2633288653351713,8.769635761589381,0,0.0,0.0,0.577298120332894,0,1.0,0.2633288653351713,1.6525773392120156,0,1.0,0.2633288653351713,3.862074448667144,0,1.0,0.2633288653351713,3.6223317352408833,0,1.0,0.2633288653351713,3.862074448667144,0,1.0,0.2633288653351713,1.6727199883652468,0,1.0,0.2633288653351713,2.357830853489995
2021-05-25,2705.11,0.02140135854072045,False,1.0,0.02140135854072045,8.95731788079468,0,0.0,0.0,0.577298120332894,0,1.0,0.02140135854072045,1.6879447393647617,0,1.0,0.02140135854072045,3.944728088654025,0,1.0,0.02140135854072045,3.6998545554602034,0,1.0,0.02140135854072045,3.944728088654025,0,1.0,0.02140135854072045,1.7085184685744812,0,1.0,0.02140135854072045,2.408291636963907
2021-05-26,2884.94,0.0664778881450292,False,1.0,0.0664778881450292,9.552781456953618,0,0.0,0.0,0.577298120332894,0,1.0,0.0664778881450292,1.800155740943243,0,1.0,0.0664778881450292,4.2069652812941225,0,1.0,0.0664778881450292,3.9458130727509633,0,1.0,0.0664778881450292,4.2069652812941225,0,1.0,0.0664778881450292,1.8220971682220921,0,1.0,0.0664778881450292,2.568389779026603
2021-05-27,2742.23,-0.04946723328734737,False,1.0,-0.04946723328734737,9.080231788079447,0,0.0,-0.0,0.577298120332894,0,1.0,-0.04946723328734737,1.7111070169524458,0,1.0,-0.04946723328734737,3.998858348292575,0,1.0,-0.04946723328734737,3.7506246169729263,0,1.0,-0.04946723328734737,3.998858348292575,0,1.0,-0.04946723328734737,1.7319630625294349,0,1.0,-0.04946723328734737,2.4413386426546557
2021-05-28,2412.1,-0.12038742191574014,False,1.0,-0.12038742191574014,7.98708609271521,0,0.0,-0.0,0.577298120332894,0,1.0,-0.12038742191574014,1.5051112545596081,0,1.0,-0.12038742191574014,3.517446101135397,0,1.0,-0.12038742191574014,3.2990965887618455,0,1.0,-0.12038742191574014,3.517446101135397,0,1.0,-0.12038742191574014,1.5234564945782263,0,1.0,-0.12038742191574014,2.147432177442189
2021-05-29,2278.74,-0.055287923386260984,False,1.0,-0.055287923386260984,7.545496688741701,0,0.0,-0.0,0.577298120332894,0,1.0,-0.055287923386260984,1.4218967788297174,0,1.0,-0.055287923386260984,3.3229738105805207,0,1.0,-0.055287923386260984,3.1166963893185056,0,1.0,-0.055287923386260984,3.3229738105805207,0,1.0,-0.055287923386260984,1.4392277486236835,0,1.0,-0.055287923386260984,2.028705111738574
2021-05-30,2385.98,0.047061095166627265,False,1.0,0.047061095166627265,7.900596026490045,0,0.0,0.0,0.577298120332894,0,1.0,0.047061095166627265,1.4888127984553434,0,1.0,0.047061095166627265,3.4793565973164604,0,1.0,0.047061095166627265,3.263371534701707,0,1.0,0.047061095166627265,3.4793565973164604,0,1.0,0.047061095166627265,1.5069593826681134,0,1.0,0.047061095166627265,2.124178196067126
2021-05-31,2706.15,0.13418804851675215,False,1.0,0.13418804851675215,8.960761589403951,0,0.0,0.0,0.577298120332894,0,1.0,0.13418804851675215,1.6885936824868306,0,1.0,0.13418804851675215,3.946244669204243,0,1.0,0.13418804851675215,3.701276992528448,0,1.0,0.13418804851675215,3.946244669204243,0,1.0,0.13418804851675215,1.709175321422357,0,1.0,0.13418804851675215,2.4092175228992088
2021-06-01,2634.57,-0.026450861925613856,False,1.0,-0.026450861925613856,8.723741721854283,0,0.0,-0.0,0.577298120332894,0,0.0,-0.001,1.6869050888043438,0,1.0,-0.026450861925613856,3.841863096334432,0,1.0,-0.026450861925613856,3.6033750258506267,0,1.0,-0.026450861925613856,3.841863096334432,0,1.0,-0.026450861925613856,1.6639661609887477,0,1.0,-0.026450861925613856,2.3454916428522323
2021-06-02,2706.22,0.027196088925327322,False,1.0,0.027196088925327322,8.96099337748342,0,0.0,0.0,0.577298120332894,0,0.0,0.0,1.6869050888043438,0,1.0,0.027196088925327322,3.9463467467412765,0,1.0,0.027196088925327322,3.701372733484964,0,1.0,0.027196088925327322,3.9463467467412765,0,1.0,0.027196088925327322,1.7092195326717332,0,1.0,0.027196088925327322,2.4092798421448536
2021-06-03,2857.25,0.055808470856028025,False,1.0,0.055808470856028025,9.461092715231764,0,0.0,0.0,0.577298120332894,0,0.0,0.0,1.6869050888043438,0,1.0,0.055808470856028025,4.166586324144568,0,1.0,0.055808470856028025,3.9079406858089563,0,1.0,0.055808470856028025,4.166586324144568,0,1.0,0.055808470856028025,1.8046084611473974,0,1.0,0.055808470856028025,2.5437380659992104
2021-06-04,2689.51,-0.058706798495056334,False,1.0,-0.058706798495056334,8.905662251655608,0,0.0,-0.0,0.577298120332894,0,0.0,-0.0,1.6869050888043438,0,1.0,-0.058706798495056334,3.921979380400755,0,1.0,-0.058706798495056334,3.678517999436538,0,1.0,-0.058706798495056334,3.921979380400755,0,1.0,-0.058706798495056334,1.6986656758563434,0,1.0,-0.058706798495056334,2.3944033479343902
2021-06-05,2627.73,-0.022970727009752778,False,1.0,-0.022970727009752778,8.701092715231766,0,0.0,-0.0,0.577298120332894,0,0.0,-0.0,1.6869050888043438,0,1.0,-0.022970727009752778,3.83188866271569,0,1.0,-0.022970727009752778,3.594019766671019,0,1.0,-0.022970727009752778,3.83188866271569,0,1.0,-0.022970727009752778,1.6596460903354102,0,1.0,-0.022970727009752778,2.3394021622777514
2021-06-06,2711.92,0.0320390603296381,False,1.0,0.0320390603296381,8.979867549668851,0,0.0,0.0,0.577298120332894,0,0.0,0.0,1.6869050888043438,0,1.0,0.0320390603296381,3.9546587747568944,0,1.0,0.0320390603296381,3.709168782801304,0,1.0,0.0320390603296381,3.9546587747568944,0,1.0,0.0320390603296381,1.7128195915495144,0,1.0,0.0320390603296381,2.414354409290254
2021-06-07,2592.05,-0.04420115637629429,False,1.0,-0.04420115637629429,8.582947019867527,0,0.0,-0.0,0.577298120332894,0,0.0,-0.0,1.6869050888043438,0,1.0,-0.04420115637629429,3.7798582838389807,0,1.0,-0.04420115637629429,3.5452192334066344,0,1.0,-0.04420115637629429,3.7798582838389807,0,1.0,-0.04420115637629429,1.6371109849390537,0,1.0,-0.04420115637629429,2.3076371524974197
2021-06-08,2507.23,-0.03272313419880024,True,1.0,-0.03272313419880024,8.302086092715209,0,0.0,-0.0,0.577298120332894,0,0.0,-0.0,1.6869050888043438,0,0.0,-0.001,3.776078425555142,0,0.0,-0.001,3.541674014173228,0,0.0,-0.001,3.776078425555142,1,0.0,-0.001,1.6354738739541146,0,0.0,-0.001,2.3053295153449223
2021-06-09,2610.18,0.04106125086250567,False,1.0,0.04106125086250567,8.642980132450308,0,0.0,0.0,0.577298120332894,0,0.0,0.0,1.6869050888043438,0,0.0,0.0,3.776078425555142,0,0.0,0.0,3.541674014173228,0,0.0,0.0,3.776078425555142,0,1.0,0.04006125086250567,1.700993003097664,0,0.0,0.0,2.3053295153449223
2021-06-10,2471.09,-0.05328751273858501,True,1.0,-0.05328751273858501,8.182417218543025,0,0.0,-0.0,0.577298120332894,0,0.0,-0.0,1.6869050888043438,0,0.0,-0.0,3.776078425555142,0,0.0,-0.0,3.541674014173228,0,0.0,-0.0,3.776078425555142,1,1.0,-0.05328751273858501,1.6103513167768533,0,0.0,-0.0,2.3053295153449223
2021-06-11,2354.01,-0.047379901177213246,True,1.0,-0.047379901177213246,7.7947350993377285,0,0.0,-0.0,0.577298120332894,0,0.0,-0.0,1.6869050888043438,0,0.0,-0.0,3.776078425555142,0,0.0,-0.0,3.541674014173228,0,0.0,-0.0,3.776078425555142,1,1.0,-0.047379901177213246,1.5340530305273707,0,0.0,-0.0,2.3053295153449223
2021-06-12,2370.74,0.007107021635421873,True,1.0,0.007107021635421873,7.850132450331104,0,0.0,0.0,0.577298120332894,0,0.0,0.0,1.6869050888043438,0,0.0,0.0,3.776078425555142,0,0.0,0.0,3.541674014173228,0,0.0,0.0,3.776078425555142,1,1.0,0.007107021635421873,1.5449555786052132,0,0.0,0.0,2.3053295153449223
2021-06-13,2509.33,0.05845854037136089,False,1.0,0.05845854037136089,8.309039735099315,0,0.0,0.0,0.577298120332894,0,0.0,0.0,1.6869050888043438,0,0.0,0.0,3.776078425555142,0,0.0,0.0,3.541674014173228,0,0.0,0.0,3.776078425555142,0,1.0,0.05845854037136089,1.6352714266690653,0,0.0,0.0,2.3053295153449223
2021-06-14,2580.77,0.028469750889679846,False,1.0,0.028469750889679846,8.545596026490044,0,0.0,0.0,0.577298120332894,0,0.0,0.0,1.6869050888043438,0,0.0,0.0,3.776078425555142,0,0.0,0.0,3.541674014173228,0,0.0,0.0,3.776078425555142,0,1.0,0.028469750889679846,1.681827196823345,0,0.0,0.0,2.3053295153449223
2021-06-15,2543.54,-0.014425927145774287,False,1.0,-0.014425927145774287,8.42231788079468,0,0.0,-0.0,0.577298120332894,0,0.0,-0.0,1.6869050888043438,0,0.0,-0.0,3.776078425555142,0,0.0,-0.0,3.541674014173228,0,0.0,-0.0,3.776078425555142,0,1.0,-0.014425927145774287,1.6575652802101895,0,0.0,-0.0,2.3053295153449223
2021-06-16,2367.89,-0.06905729809635397,False,1.0,-0.06905729809635397,7.840695364238389,0,0.0,-0.0,0.577298120332894,0,0.0,-0.0,1.6869050888043438,0,0.0,-0.0,3.776078425555142,0,0.0,-0.0,3.541674014173228,0,0.0,-0.0,3.776078425555142,0,1.0,-0.06905729809635397,1.5430983005405479,0,0.0,-0.0,2.3053295153449223
2021-06-17,2373.28,0.0022762881721702932,False,1.0,0.0022762881721702932,7.858543046357595,0,0.0,0.0,0.577298120332894,0,0.0,0.0,1.6869050888043438,0,0.0,0.0,3.776078425555142,0,0.0,0.0,3.541674014173228,0,0.0,0.0,3.776078425555142,0,1.0,0.0022762881721702932,1.5466108369505644,0,0.0,0.0,2.3053295153449223
2021-06-18,2234.09,-0.058648789860446304,False,1.0,-0.058648789860446304,7.397649006622497,0,0.0,-0.0,0.577298120332894,0,0.0,-0.0,1.6869050888043438,0,0.0,-0.0,3.776078425555142,0,0.0,-0.0,3.541674014173228,0,0.0,-0.0,3.776078425555142,0,1.0,-0.058648789860446304,1.4559039829783618,0,0.0,-0.0,2.3053295153449223
2021-06-19,2164.67,-0.031073054353226603,False,1.0,-0.031073054353226603,7.167781456953623,0,0.0,-0.0,0.577298120332894,0,0.0,-0.0,1.6869050888043438,0,0.0,-0.0,3.776078425555142,0,0.0,-0.0,3.541674014173228,0,0.0,-0.0,3.776078425555142,0,1.0,-0.031073054353226603,1.410664599382196,0,0.0,-0.0,2.3053295153449223
2021-06-20,2243.47,0.03640277732864572,False,1.0,0.03640277732864572,7.428708609271502,0,0.0,0.0,0.577298120332894,0,0.0,0.0,1.6869050888043438,0,0.0,0.0,3.776078425555142,0,0.0,0.0,3.541674014173228,0,0.0,0.0,3.776078425555142,0,1.0,0.03640277732864572,1.4620167086789093,0,0.0,0.0,2.3053295153449223
2021-06-21,1885.49,-0.15956531622887749,False,1.0,-0.15956531622887749,6.24334437086091,0,0.0,-0.0,0.577298120332894,0,0.0,-0.0,1.6869050888043438,0,0.0,-0.0,3.776078425555142,0,0.0,-0.0,3.541674014173228,0,0.0,-0.0,3.776078425555142,0,1.0,-0.15956531622887749,1.2287295502266564,0,0.0,-0.0,2.3053295153449223
2021-06-22,1879.28,-0.003293573553824203,False,1.0,-0.003293573553824203,6.2227814569536255,0,0.0,-0.0,0.577298120332894,0,0.0,-0.0,1.6869050888043438,0,0.0,-0.0,3.776078425555142,0,0.0,-0.0,3.541674014173228,0,0.0,-0.0,3.776078425555142,0,1.0,-0.003293573553824203,1.2246826390752277,0,0.0,-0.0,2.3053295153449223
2021-06-23,1968.14,0.04728406623813375,False,1.0,0.04728406623813375,6.517019867549651,0,0.0,0.0,0.577298120332894,0,0.0,0.0,1.6869050888043438,0,0.0,0.0,3.776078425555142,0,0.0,0.0,3.541674014173228,0,0.0,0.0,3.776078425555142,0,1.0,0.04728406623813375,1.2825906141019532,0,0.0,0.0,2.3053295153449223
2021-06-24,1989.52,0.010863048360380878,False,1.0,0.010863048360380878,6.587814569536406,0,0.0,0.0,0.577298120332894,0,0.0,0.0,1.6869050888043438,0,0.0,0.0,3.776078425555142,0,0.0,0.0,3.541674014173228,0,0.0,0.0,3.776078425555142,0,1.0,0.010863048360380878,1.2965234579695133,0,0.0,0.0,2.3053295153449223
2021-06-25,1808.82,-0.09082592786199684,False,1.0,-0.09082592786199684,5.989470198675481,0,0.0,-0.0,0.577298120332894,0,0.0,-0.0,1.6869050888043438,0,0.0,-0.0,3.776078425555142,0,0.0,-0.0,3.541674014173228,0,0.0,-0.0,3.776078425555142,0,1.0,-0.09082592786199684,1.1787655119045877,0,0.0,-0.0,2.3053295153449223
2021-06-26,1829.64,0.011510266361495436,False,1.0,0.011510266361495436,6.058410596026475,0,0.0,0.0,0.577298120332894,0,0.0,0.0,1.6869050888043438,0,0.0,0.0,3.776078425555142,0,0.0,0.0,3.541674014173228,0,0.0,0.0,3.776078425555142,0,1.0,0.011510266361495436,1.192333416924354,0,0.0,0.0,2.3053295153449223
2021-06-27,1982.28,0.0834262477864498,False,1.0,0.0834262477864498,6.563841059602632,0,0.0,0.0,0.577298120332894,0,0.0,0.0,1.6869050888043438,0,0.0,0.0,3.776078425555142,0,0.0,0.0,3.541674014173228,0,0.0,0.0,3.776078425555142,0,1.0,0.0834262477864498,1.2918053200087496,0,0.0,0.0,2.3053295153449223
2021-06-28,2084.41,0.05152148031559611,False,1.0,0.05152148031559611,6.902019867549651,0,0.0,0.0,0.577298120332894,0,0.0,0.0,1.6869050888043438,0,0.0,0.0,3.776078425555142,0,0.0,0.0,3.541674014173228,0,0.0,0.0,3.776078425555142,0,1.0,0.05152148031559611,1.3583610423751626,0,0.0,0.0,2.3053295153449223
2021-06-29,2165.33,0.03882153702966318,False,1.0,0.03882153702966318,7.169966887417201,0,0.0,0.0,0.577298120332894,0,0.0,0.0,1.6869050888043438,0,0.0,0.0,3.776078425555142,0,0.0,0.0,3.541674014173228,0,0.0,0.0,3.776078425555142,0,1.0,0.03882153702966318,1.4110947058813819,0,0.0,0.0,2.3053295153449223
2021-06-30,2275.68,0.0509622089935482,False,1.0,0.0509622089935482,7.535364238410576,0,0.0,0.0,0.577298120332894,0,0.0,0.0,1.6869050888043438,0,0.0,0.0,3.776078425555142,0,0.0,0.0,3.541674014173228,0,0.0,0.0,3.776078425555142,0,1.0,0.0509622089935482,1.4830072091921982,0,0.0,0.0,2.3053295153449223
2021-07-01,2106.41,-0.0743821626942277,False,1.0,-0.0743821626942277,6.974867549668855,0,0.0,-0.0,0.577298120332894,0,0.0,-0.0,1.6869050888043438,0,0.0,-0.0,3.776078425555142,0,0.0,-0.0,3.541674014173228,0,0.0,-0.0,3.776078425555142,0,1.0,-0.0743821626942277,1.3726979256813516,0,0.0,-0.0,2.3053295153449223
2021-07-02,2154.13,0.022654658874578182,False,1.0,0.022654658874578182,7.132880794701968,0,0.0,0.0,0.577298120332894,0,0.0,0.0,1.6869050888043438,0,0.0,0.0,3.776078425555142,0,0.0,0.0,3.541674014173228,0,0.0,0.0,3.776078425555142,0,1.0,0.022654658874578182,1.4037959289255038,0,0.0,0.0,2.3053295153449223
2021-07-03,2226.99,0.03382339970196768,False,1.0,0.03382339970196768,7.374139072847662,0,0.0,0.0,0.577298120332894,0,0.0,0.0,1.6869050888043438,0,0.0,0.0,3.776078425555142,0,0.0,0.0,3.541674014173228,0,0.0,0.0,3.776078425555142,0,0.0,-0.001,1.4023921329965783,0,0.0,0.0,2.3053295153449223
2021-07-04,2322.69,0.04297280185362329,False,1.0,0.04297280185362329,7.691026490066205,0,0.0,0.0,0.577298120332894,0,0.0,0.0,1.6869050888043438,0,0.0,0.0,3.776078425555142,0,0.0,0.0,3.541674014173228,0,0.0,0.0,3.776078425555142,0,0.0,0.0,1.4023921329965783,0,0.0,0.0,2.3053295153449223
2021-07-05,2196.53,-0.054316331494947634,False,1.0,-0.054316331494947634,7.273278145695346,0,0.0,-0.0,0.577298120332894,0,0.0,-0.0,1.6869050888043438,0,0.0,-0.0,3.776078425555142,0,0.0,-0.0,3.541674014173228,0,0.0,-0.0,3.776078425555142,0,0.0,-0.0,1.4023921329965783,0,0.0,-0.0,2.3053295153449223
2021-07-06,2322.5,0.05734954678515658,False,1.0,0.05734954678515658,7.690397350993358,0,0.0,0.0,0.577298120332894,0,0.0,0.0,1.6869050888043438,0,0.0,0.0,3.776078425555142,0,0.0,0.0,3.541674014173228,0,0.0,0.0,3.776078425555142,0,0.0,0.0,1.4023921329965783,0,0.0,0.0,2.3053295153449223
2021-07-07,2316.57,-0.002553283100107606,False,1.0,-0.002553283100107606,7.670761589403954,0,0.0,-0.0,0.577298120332894,0,0.0,-0.0,1.6869050888043438,0,0.0,-0.0,3.776078425555142,0,0.0,-0.0,3.541674014173228,0,0.0,-0.0,3.776078425555142,0,0.0,-0.0,1.4023921329965783,0,0.0,-0.0,2.3053295153449223
2021-07-08,2116.33,-0.08643813914537446,False,1.0,-0.08643813914537446,7.007715231788061,0,0.0,-0.0,0.577298120332894,0,0.0,-0.0,1.6869050888043438,0,0.0,-0.0,3.776078425555142,0,0.0,-0.0,3.541674014173228,0,0.0,-0.0,3.776078425555142,0,0.0,-0.0,1.4023921329965783,0,0.0,-0.0,2.3053295153449223
2021-07-09,2146.99,0.014487343656234941,False,1.0,0.014487343656234941,7.1092384105960065,0,0.0,0.0,0.577298120332894,0,0.0,0.0,1.6869050888043438,0,0.0,0.0,3.776078425555142,0,0.0,0.0,3.541674014173228,0,0.0,0.0,3.776078425555142,0,0.0,0.0,1.4023921329965783,0,0.0,0.0,2.3053295153449223
2021-07-10,2110.69,-0.016907391278021655,False,1.0,-0.016907391278021655,6.989039735099319,0,0.0,-0.0,0.577298120332894,0,0.0,-0.0,1.6869050888043438,0,0.0,-0.0,3.776078425555142,0,0.0,-0.0,3.541674014173228,0,0.0,-0.0,3.776078425555142,0,0.0,-0.0,1.4023921329965783,0,0.0,-0.0,2.3053295153449223
2021-07-11,2140.45,0.01409965461531515,True,1.0,0.01409965461531515,7.087582781456933,0,0.0,0.0,0.577298120332894,0,0.0,0.0,1.6869050888043438,0,0.0,0.0,3.776078425555142,0,0.0,0.0,3.541674014173228,0,0.0,0.0,3.776078425555142,1,0.0,0.0,1.4023921329965783,0,0.0,0.0,2.3053295153449223
2021-07-12,2031.58,-0.0508631362563946,True,1.0,-0.0508631362563946,6.727086092715213,0,0.0,-0.0,0.577298120332894,0,0.0,-0.0,1.6869050888043438,0,0.0,-0.0,3.776078425555142,0,0.0,-0.0,3.541674014173228,0,0.0,-0.0,3.776078425555142,1,1.0,-0.051863136256394604,1.3296596787180808,0,0.0,-0.0,2.3053295153449223
2021-07-13,1940.15,-0.04500438082674563,False,1.0,-0.04500438082674563,6.424337748344353,0,0.0,-0.0,0.577298120332894,0,0.0,-0.0,1.6869050888043438,0,0.0,-0.0,3.776078425555142,0,0.0,-0.0,3.541674014173228,0,0.0,-0.0,3.776078425555142,0,1.0,-0.04500438082674563,1.269819168167084,0,0.0,-0.0,2.3053295153449223
2021-07-14,1994.58,0.028054531866092747,True,1.0,0.028054531866092747,6.604569536423822,0,0.0,0.0,0.577298120332894,0,0.0,0.0,1.6869050888043438,0,0.0,0.0,3.776078425555142,0,0.0,0.0,3.541674014173228,0,0.0,0.0,3.776078425555142,1,1.0,0.028054531866092747,1.3054433504846028,0,0.0,0.0,2.3053295153449223
2021-07-15,1919.51,-0.037636996259864164,True,1.0,-0.037636996259864164,6.3559933774834265,0,0.0,-0.0,0.577298120332894,0,0.0,-0.0,1.6869050888043438,0,0.0,-0.0,3.776078425555142,0,0.0,-0.0,3.541674014173228,0,0.0,-0.0,3.776078425555142,1,1.0,-0.037636996259864164,1.2563103839849492,0,0.0,-0.0,2.3053295153449223
2021-07-16,1876.26,-0.0225317919677418,True,1.0,-0.0225317919677418,6.212781456953626,0,0.0,-0.0,0.577298120332894,0,0.0,-0.0,1.6869050888043438,0,0.0,-0.0,3.776078425555142,0,0.0,-0.0,3.541674014173228,0,0.0,-0.0,3.776078425555142,1,1.0,-0.0225317919677418,1.2280034597660865,0,0.0,-0.0,2.3053295153449223
2021-07-17,1899.59,0.012434310809802396,False,1.0,0.012434310809802396,6.290033112582764,0,0.0,0.0,0.577298120332894,0,0.0,0.0,1.6869050888043438,0,0.0,0.0,3.776078425555142,0,0.0,0.0,3.541674014173228,0,0.0,0.0,3.776078425555142,0,1.0,0.012434310809802396,1.2432728364603307,0,0.0,0.0,2.3053295153449223
2021-07-18,1891.64,-0.004185113629783133,False,1.0,-0.004185113629783133,6.263708609271506,0,0.0,-0.0,0.577298120332894,0,0.0,-0.0,1.6869050888043438,0,0.0,-0.0,3.776078425555142,0,0.0,-0.0,3.541674014173228,0,0.0,-0.0,3.776078425555142,0,1.0,-0.004185113629783133,1.2380695983669214,0,0.0,-0.0,2.3053295153449223
2021-07-19,1818.73,-0.03854327461884932,False,1.0,-0.03854327461884932,6.022284768211904,0,0.0,-0.0,0.577298120332894,0,0.0,-0.0,1.6869050888043438,0,0.0,-0.0,3.776078425555142,0,0.0,-0.0,3.541674014173228,0,0.0,-0.0,3.776078425555142,0,1.0,-0.03854327461884932,1.1903503418398167,0,0.0,-0.0,2.3053295153449223
2021-07-20,1786.03,-0.017979579156884196,False,1.0,-0.017979579156884196,5.91400662251654,0,0.0,-0.0,0.577298120332894,0,0.0,-0.0,1.6869050888043438,0,0.0,-0.0,3.776078425555142,0,0.0,-0.0,3.541674014173228,0,0.0,-0.0,3.776078425555142,0,1.0,-0.017979579156884196,1.1689483436442836,0,0.0,-0.0,2.3053295153449223
2021-07-21,1995.5,0.11728246446028345,False,1.0,0.11728246446028345,6.607615894039717,0,0.0,0.0,0.577298120332894,0,0.0,0.0,1.6869050888043438,0,0.0,0.0,3.776078425555142,0,0.0,0.0,3.541674014173228,0,0.0,0.0,3.776078425555142,0,1.0,0.11728246446028345,1.3060454862136515,0,0.0,0.0,2.3053295153449223
2021-07-22,2024.56,0.014562766224003987,False,1.0,0.014562766224003987,6.70384105960263,0,0.0,0.0,0.577298120332894,0,0.0,0.0,1.6869050888043438,0,0.0,0.0,3.776078425555142,0,0.0,0.0,3.541674014173228,0,0.0,0.0,3.776078425555142,0,1.0,0.014562766224003987,1.3250651213072966,0,0.0,0.0,2.3053295153449223
2021-07-23,2124.25,0.04924032876279294,False,1.0,0.04924032876279294,7.033940397350974,0,0.0,0.0,0.577298120332894,0,0.0,0.0,1.6869050888043438,0,0.0,0.0,3.776078425555142,0,0.0,0.0,3.541674014173228,0,0.0,0.0,3.776078425555142,0,1.0,0.04924032876279294,1.390311763512578,0,0.0,0.0,2.3053295153449223
2021-07-24,2184.75,0.028480640225962084,False,1.0,0.028480640225962084,7.234271523178788,0,0.0,0.0,0.577298120332894,0,0.0,0.0,1.6869050888043438,0,0.0,0.0,3.776078425555142,0,0.0,0.0,3.541674014173228,0,0.0,0.0,3.776078425555142,0,1.0,0.028480640225962084,1.4299087326511024,0,0.0,0.0,2.3053295153449223
2021-07-25,2189.79,0.002306900102986509,False,1.0,0.002306900102986509,7.250960264900641,0,0.0,0.0,0.577298120332894,0,0.0,0.0,1.6869050888043438,0,0.0,0.0,3.776078425555142,0,0.0,0.0,3.541674014173228,0,0.0,0.0,3.776078425555142,0,1.0,0.002306900102986509,1.4332073892537165,0,0.0,0.0,2.3053295153449223
2021-07-26,2228.08,0.017485694975317267,False,1.0,0.017485694975317267,7.377748344370839,0,0.0,0.0,0.577298120332894,0,0.0,0.0,1.6869050888043438,0,0.0,0.0,3.776078425555142,0,0.0,0.0,3.541674014173228,0,0.0,0.0,3.776078425555142,0,1.0,0.017485694975317267,1.4582680164985777,0,0.0,0.0,2.3053295153449223
2021-07-27,2299.49,0.0320500161574091,False,1.0,0.0320500161574091,7.614205298013222,0,0.0,0.0,0.577298120332894,0,0.0,0.0,1.6869050888043438,0,0.0,0.0,3.776078425555142,0,0.0,0.0,3.541674014173228,0,0.0,0.0,3.776078425555142,0,1.0,0.0320500161574091,1.50500552998919,0,0.0,0.0,2.3053295153449223
2021-07-28,2300.9,0.0006131794441377458,True,1.0,0.0006131794441377458,7.618874172185409,0,0.0,0.0,0.577298120332894,0,0.0,0.0,1.6869050888043438,0,0.0,0.0,3.776078425555142,0,0.0,0.0,3.541674014173228,0,0.0,0.0,3.776078425555142,1,1.0,0.0006131794441377458,1.505928368443493,0,0.0,0.0,2.3053295153449223
2021-07-29,2382.92,0.03564692077013332,True,1.0,0.03564692077013332,7.8904635761589175,0,0.0,0.0,0.577298120332894,0,0.0,0.0,1.6869050888043438,0,0.0,0.0,3.776078425555142,0,0.0,0.0,3.541674014173228,0,0.0,0.0,3.776078425555142,1,1.0,0.03564692077013332,1.5596100776788944,0,0.0,0.0,2.3053295153449223
2021-07-30,2461.81,0.033106440837292084,True,1.0,0.033106440837292084,8.15168874172183,0,0.0,0.0,0.577298120332894,0,0.0,0.0,1.6869050888043438,0,0.0,0.0,3.776078425555142,0,0.0,0.0,3.541674014173228,0,0.0,0.0,3.776078425555142,1,1.0,0.033106440837292084,1.6112432164448152,0,0.0,0.0,2.3053295153449223
2021-07-31,2531.05,0.02812564738952239,True,1.0,0.02812564738952239,8.380960264900638,0,0.0,0.0,0.577298120332894,0,0.0,0.0,1.6869050888043438,0,0.0,0.0,3.776078425555142,0,0.0,0.0,3.541674014173228,0,0.0,0.0,3.776078425555142,1,1.0,0.02812564738952239,1.656560475009302,0,0.0,0.0,2.3053295153449223
2021-08-01,2555.69,0.009735090179964878,True,1.0,0.009735090179964878,8.462549668874148,0,0.0,0.0,0.577298120332894,0,0.0,0.0,1.6869050888043438,0,0.0,0.0,3.776078425555142,0,0.0,0.0,3.541674014173228,0,0.0,0.0,3.776078425555142,1,1.0,0.009735090179964878,1.672687240622083,0,0.0,0.0,2.3053295153449223
2021-08-02,2606.93,0.020049380010877638,True,1.0,0.020049380010877638,8.632218543046333,0,0.0,0.0,0.577298120332894,0,0.0,0.0,1.6869050888043438,0,0.0,0.0,3.776078425555142,0,0.0,0.0,3.541674014173228,0,0.0,0.0,3.776078425555142,1,1.0,0.020049380010877638,1.7062235827486614,0,0.0,0.0,2.3053295153449223
2021-08-03,2509.04,-0.03754991503415894,True,1.0,-0.03754991503415894,8.308079470198653,0,0.0,-0.0,0.577298120332894,0,0.0,-0.0,1.6869050888043438,0,0.0,-0.0,3.776078425555142,0,0.0,-0.0,3.541674014173228,0,0.0,-0.0,3.776078425555142,1,1.0,-0.03754991503415894,1.642155032187171,0,0.0,-0.0,2.3053295153449223
2021-08-04,2724.78,0.0859850779581035,True,1.0,0.0859850779581035,9.022450331125803,0,0.0,0.0,0.577298120332894,0,0.0,0.0,1.6869050888043438,0,0.0,0.0,3.776078425555142,0,0.0,0.0,3.541674014173228,0,0.0,0.0,3.776078425555142,1,1.0,0.0859850779581035,1.783355860649077,0,0.0,0.0,2.3053295153449223
2021-08-05,2826.99,0.037511285314777654,True,1.0,0.037511285314777654,9.360894039735074,0,0.0,0.0,0.577298120332894,0,0.0,0.0,1.6869050888043438,0,0.0,0.0,3.776078425555142,0,0.0,0.0,3.541674014173228,0,0.0,0.0,3.776078425555142,1,1.0,0.037511285314777654,1.8502518311556653,0,0.0,0.0,2.3053295153449223
2021-08-06,2891.58,0.022847622382817123,True,1.0,0.022847622382817123,9.574768211920505,0,0.0,0.0,0.577298120332894,0,0.0,0.0,1.6869050888043438,0,0.0,0.0,3.776078425555142,0,0.0,0.0,3.541674014173228,0,0.0,0.0,3.776078425555142,1,1.0,0.022847622382817123,1.892525686307026,0,0.0,0.0,2.3053295153449223
2021-08-07,3160.31,0.0929353502237531,True,1.0,0.0929353502237531,10.464602649006595,0,0.0,0.0,0.577298120332894,0,0.0,0.0,1.6869050888043438,0,0.0,0.0,3.776078425555142,0,0.0,0.0,3.541674014173228,0,0.0,0.0,3.776078425555142,1,1.0,0.0929353502237531,2.068408223771418,0,0.0,0.0,2.3053295153449223
2021-08-08,3011.85,-0.04697640421351068,True,1.0,-0.04697640421351068,9.973013245033087,0,0.0,-0.0,0.577298120332894,0,0.0,-0.0,1.6869050888043438,0,0.0,-0.0,3.776078425555142,0,0.0,-0.0,3.541674014173228,0,0.0,-0.0,3.776078425555142,1,1.0,-0.04697640421351068,1.9712418429729823,0,0.0,-0.0,2.3053295153449223
2021-08-09,3160.52,0.04936168799907037,True,1.0,0.04936168799907037,10.465298013245006,0,0.0,0.0,0.577298120332894,0,0.0,0.0,1.6869050888043438,0,0.0,0.0,3.776078425555142,0,0.0,0.0,3.541674014173228,0,0.0,0.0,3.776078425555142,1,1.0,0.04936168799907037,2.0685456677965273,0,0.0,0.0,2.3053295153449223
2021-08-10,3141.66,-0.005967372457696851,True,1.0,-0.005967372457696851,10.402847682119178,0,0.0,-0.0,0.577298120332894,0,0.0,-0.0,1.6869050888043438,0,0.0,-0.0,3.776078425555142,0,0.0,-0.0,3.541674014173228,0,0.0,-0.0,3.776078425555142,1,1.0,-0.005967372457696851,2.05620188535103,0,0.0,-0.0,2.3053295153449223
2021-08-11,3160.5,0.005996829701495399,True,1.0,0.005996829701495399,10.465231788079443,0,0.0,0.0,0.577298120332894,0,0.0,0.0,1.6869050888043438,0,0.0,0.0,3.776078425555142,0,0.0,0.0,3.541674014173228,0,0.0,0.0,3.776078425555142,1,1.0,0.005996829701495399,2.068532577889374,0,0.0,0.0,2.3053295153449223
2021-08-12,3045.96,-0.03624110109159939,True,1.0,-0.03624110109159939,10.085960264900637,0,0.0,-0.0,0.577298120332894,0,0.0,-0.0,1.6869050888043438,0,0.0,-0.0,3.776078425555142,0,0.0,-0.0,3.541674014173228,0,0.0,-0.0,3.776078425555142,1,1.0,-0.03624110109159939,1.9935666796228184,0,0.0,-0.0,2.3053295153449223
2021-08-13,3322.32,0.09073001615254306,True,1.0,0.09073001615254306,11.00105960264898,0,0.0,0.0,0.577298120332894,0,0.0,0.0,1.6869050888043438,0,0.0,0.0,3.776078425555142,0,0.0,0.0,3.541674014173228,0,0.0,0.0,3.776078425555142,1,1.0,0.09073001615254306,2.1744430166661686,0,0.0,0.0,2.3053295153449223
2021-08-14,3263.16,-0.01780683377880532,True,1.0,-0.01780683377880532,10.80516556291388,0,0.0,-0.0,0.577298120332894,0,0.0,-0.0,1.6869050888043438,0,0.0,-0.0,3.776078425555142,0,0.0,-0.0,3.541674014173228,0,0.0,-0.0,3.776078425555142,1,1.0,-0.01780683377880532,2.13572307130691,0,0.0,-0.0,2.3053295153449223
2021-08-15,3307.09,0.013462410669412561,True,1.0,0.013462410669412561,10.95062913907282,0,0.0,0.0,0.577298120332894,0,0.0,0.0,1.6869050888043438,0,0.0,0.0,3.776078425555142,0,0.0,0.0,3.541674014173228,0,0.0,0.0,3.776078425555142,1,1.0,0.013462410669412561,2.164475052368983,0,0.0,0.0,2.3053295153449223
2021-08-16,3146.53,-0.04855023600809172,True,1.0,-0.04855023600809172,10.418973509933748,0,0.0,-0.0,0.577298120332894,0,0.0,-0.0,1.6869050888043438,0,0.0,-0.0,3.776078425555142,0,0.0,-0.0,3.541674014173228,0,0.0,-0.0,3.776078425555142,1,1.0,-0.04855023600809172,2.059389277742842,0,0.0,-0.0,2.3053295153449223
2021-08-17,3011.72,-0.04284402182721936,True,1.0,-0.04284402182721936,9.972582781456927,0,0.0,-0.0,0.577298120332894,0,0.0,-0.0,1.6869050888043438,0,0.0,-0.0,3.776078425555142,0,0.0,-0.0,3.541674014173228,0,0.0,-0.0,3.776078425555142,1,1.0,-0.04284402182721936,1.9711567585764862,0,0.0,-0.0,2.3053295153449223
2021-08-18,3014.55,0.0009396623856137154,True,1.0,0.0009396623856137154,9.981953642384081,0,0.0,0.0,0.577298120332894,0,0.0,0.0,1.6869050888043438,0,0.0,0.0,3.776078425555142,0,0.0,0.0,3.541674014173228,0,0.0,0.0,3.776078425555142,1,1.0,0.0009396623856137154,1.9730089804386688,0,0.0,0.0,2.3053295153449223
2021-08-19,3184.12,0.05625051831948369,True,1.0,0.05625051831948369,10.543443708609244,0,0.0,0.0,0.577298120332894,0,0.0,0.0,1.6869050888043438,0,0.0,0.0,3.776078425555142,0,0.0,0.0,3.541674014173228,0,0.0,0.0,3.776078425555142,1,1.0,0.05625051831948369,2.08399175823734,0,0.0,0.0,2.3053295153449223
2021-08-20,3284.82,0.03162569249902658,True,1.0,0.03162569249902658,10.876887417218516,0,0.0,0.0,0.577298120332894,0,0.0,0.0,1.6869050888043438,0,0.0,0.0,3.776078425555142,0,0.0,0.0,3.541674014173228,0,0.0,0.0,3.776078425555142,1,1.0,0.03162569249902658,2.14989944075386,0,0.0,0.0,2.3053295153449223
2021-08-21,3223.43,-0.01868899970165805,True,1.0,-0.01868899970165805,10.673609271523151,0,0.0,-0.0,0.577298120332894,0,0.0,-0.0,1.6869050888043438,0,0.0,-0.0,3.776078425555142,0,0.0,-0.0,3.541674014173228,0,0.0,-0.0,3.776078425555142,1,1.0,-0.01868899970165805,2.1097199707470162,0,0.0,-0.0,2.3053295153449223
2021-08-22,3238.0,0.004520029906031731,True,1.0,0.004520029906031731,10.721854304635734,0,0.0,0.0,0.577298120332894,0,0.0,0.0,1.6869050888043438,0,0.0,0.0,3.776078425555142,0,0.0,0.0,3.541674014173228,0,0.0,0.0,3.776078425555142,1,1.0,0.004520029906031731,2.119255968108145,0,0.0,0.0,2.3053295153449223
2021-08-23,3321.28,0.025719579987646846,True,1.0,0.025719579987646846,10.997615894039708,0,0.0,0.0,0.577298120332894,0,0.0,0.0,1.6869050888043438,0,0.0,0.0,3.776078425555142,0,0.0,0.0,3.541674014173228,0,0.0,0.0,3.776078425555142,1,1.0,0.025719579987646846,2.1737623414942004,0,0.0,0.0,2.3053295153449223
2021-08-24,3170.62,-0.04536202909721565,True,1.0,-0.04536202909721565,10.498741721854277,0,0.0,-0.0,0.577298120332894,0,0.0,-0.0,1.6869050888043438,0,0.0,-0.0,3.776078425555142,0,0.0,-0.0,3.541674014173228,0,0.0,-0.0,3.776078425555142,1,1.0,-0.04536202909721565,2.0751560709089087,0,0.0,-0.0,2.3053295153449223
2021-08-25,3226.87,0.01774100964480141,True,1.0,0.01774100964480141,10.684999999999972,0,0.0,0.0,0.577298120332894,0,0.0,0.0,1.6869050888043438,0,0.0,0.0,3.776078425555142,0,0.0,0.0,3.541674014173228,0,0.0,0.0,3.776078425555142,1,1.0,0.01774100964480141,2.111971434777372,0,0.0,0.0,2.3053295153449223
2021-08-26,3093.2,-0.04142404249318998,True,1.0,-0.04142404249318998,10.242384105960237,0,0.0,-0.0,0.577298120332894,0,0.0,-0.0,1.6869050888043438,0,0.0,-0.0,3.776078425555142,0,0.0,-0.0,3.541674014173228,0,0.0,-0.0,3.776078425555142,1,1.0,-0.04142404249318998,2.024485040318751,0,0.0,-0.0,2.3053295153449223
2021-08-27,3273.45,0.058272985904564756,True,1.0,0.058272985904564756,10.839238410595996,0,0.0,0.0,0.577298120332894,0,0.0,0.0,1.6869050888043438,0,0.0,0.0,3.776078425555142,0,0.0,0.0,3.541674014173228,0,0.0,0.0,3.776078425555142,1,1.0,0.058272985904564756,2.1424578285372475,0,0.0,0.0,2.3053295153449223
2021-08-28,3244.48,-0.008849990071636893,True,1.0,-0.008849990071636893,10.743311258278116,0,0.0,-0.0,0.577298120332894,0,0.0,-0.0,1.6869050888043438,0,0.0,-0.0,3.776078425555142,0,0.0,-0.0,3.541674014173228,0,0.0,-0.0,3.776078425555142,1,1.0,-0.008849990071636893,2.1234970980257923,0,0.0,-0.0,2.3053295153449223
2021-08-29,3223.47,-0.006475613965874372,True,1.0,-0.006475613965874372,10.673741721854274,0,0.0,-0.0,0.577298120332894,0,0.0,-0.0,1.6869050888043438,0,0.0,-0.0,3.776078425555142,0,0.0,-0.0,3.541674014173228,0,0.0,-0.0,3.776078425555142,1,1.0,-0.006475613965874372,2.109746150561323,0,0.0,-0.0,2.3053295153449223
2021-08-30,3229.64,0.0019140863727598045,True,1.0,0.0019140863727598045,10.694172185430434,0,0.0,0.0,0.577298120332894,0,0.0,0.0,1.6869050888043438,0,0.0,0.0,3.776078425555142,0,0.0,0.0,3.541674014173228,0,0.0,0.0,3.776078425555142,1,1.0,0.0019140863727598045,2.113784386918095,0,0.0,0.0,2.3053295153449223
2021-08-31,3429.2,0.061790168563678805,True,1.0,0.061790168563678805,11.354966887417186,0,0.0,0.0,0.577298120332894,0,0.0,0.0,1.6869050888043438,0,0.0,0.0,3.776078425555142,0,0.0,0.0,3.541674014173228,0,0.0,0.0,3.776078425555142,1,1.0,0.061790168563678805,2.2443954804930364,0,0.0,0.0,2.3053295153449223
2021-09-01,3826.82,0.11595124227225018,True,1.0,0.11595124227225018,12.671589403973474,0,0.0,0.0,0.577298120332894,0,0.0,0.0,1.6869050888043438,0,0.0,0.0,3.776078425555142,0,0.0,0.0,3.541674014173228,0,0.0,0.0,3.776078425555142,1,1.0,0.11595124227225018,2.504635924606428,0,0.0,0.0,2.3053295153449223
2021-09-02,3785.82,-0.010713856413418932,True,1.0,-0.010713856413418932,12.535827814569501,0,0.0,-0.0,0.577298120332894,0,0.0,-0.0,1.6869050888043438,0,0.0,-0.0,3.776078425555142,0,0.0,-0.0,3.541674014173228,0,0.0,-0.0,3.776078425555142,1,1.0,-0.010713856413418932,2.4778016149423037,0,0.0,-0.0,2.3053295153449223
2021-09-03,3938.11,0.040226423865899585,True,1.0,0.040226423865899585,13.040099337748307,0,0.0,0.0,0.577298120332894,0,0.0,0.0,1.6869050888043438,0,0.0,0.0,3.776078425555142,0,0.0,0.0,3.541674014173228,0,0.0,0.0,3.776078425555142,1,1.0,0.040226423865899585,2.5774747129605835,0,0.0,0.0,2.3053295153449223
2021-09-04,3885.52,-0.013354121647186079,True,1.0,-0.013354121647186079,12.865960264900625,0,0.0,-0.0,0.577298120332894,0,0.0,-0.0,1.6869050888043438,0,0.0,-0.0,3.776078425555142,0,0.0,-0.0,3.541674014173228,0,0.0,-0.0,3.776078425555142,1,1.0,-0.013354121647186079,2.5430548021011616,0,0.0,-0.0,2.3053295153449223
2021-09-05,3950.29,0.01666958347917391,True,1.0,0.01666958347917391,13.080430463576121,0,0.0,0.0,0.577298120332894,0,0.0,0.0,1.6869050888043438,0,0.0,0.0,3.776078425555142,0,0.0,0.0,3.541674014173228,0,0.0,0.0,3.776078425555142,1,1.0,0.01666958347917391,2.5854464664169012,0,0.0,0.0,2.3053295153449223
2021-09-06,3926.77,-0.005953993251128442,True,1.0,-0.005953993251128442,13.002549668874135,0,0.0,-0.0,0.577298120332894,0,0.0,-0.0,1.6869050888043438,0,0.0,-0.0,3.776078425555142,0,0.0,-0.0,3.541674014173228,0,0.0,-0.0,3.776078425555142,1,1.0,-0.005953993251128442,2.570052735604701,0,0.0,-0.0,2.3053295153449223
2021-09-07,3434.57,-0.12534474899217418,True,1.0,-0.12534474899217418,11.372748344370828,0,0.0,-0.0,0.577298120332894,1,0.0,-0.0,1.6869050888043438,0,0.0,-0.0,3.776078425555142,0,0.0,-0.0,3.541674014173228,0,0.0,-0.0,3.776078425555142,1,1.0,-0.12534474899217418,2.247910120563679,1,0.0,-0.0,2.3053295153449223
2021-09-08,3499.0,0.01875926244042181,True,1.0,0.01875926244042181,11.586092715231754,0,0.0,0.0,0.577298120332894,0,1.0,0.017759262440421808,1.716863278988503,0,0.0,0.0,3.776078425555142,0,0.0,0.0,3.541674014173228,0,0.0,0.0,3.776078425555142,1,1.0,0.01875926244042181,2.290079256457813,0,1.0,0.017759262440421808,2.346270467219583
2021-09-09,3424.93,-0.02116890540154337,True,1.0,-0.02116890540154337,11.340827814569503,0,0.0,-0.0,0.577298120332894,0,1.0,-0.02116890540154337,1.6805191626482119,0,0.0,-0.0,3.776078425555142,0,0.0,-0.0,3.541674014173228,0,0.0,-0.0,3.776078425555142,1,1.0,-0.02116890540154337,2.241600785315821,0,1.0,-0.02116890540154337,2.2966024896525767
2021-09-10,3208.86,-0.06308742076480389,False,1.0,-0.06308742076480389,10.625364238410565,0,0.0,-0.0,0.577298120332894,0,1.0,-0.06308742076480389,1.5744995431309083,0,0.0,-0.0,3.776078425555142,0,0.0,-0.0,3.541674014173228,0,0.0,-0.0,3.776078425555142,0,1.0,-0.06308742076480389,2.100183973385887,0,1.0,-0.06308742076480389,2.1517157620583687
2021-09-11,3267.21,0.01818402797255092,True,1.0,0.01818402797255092,10.818576158940365,0,0.0,0.0,0.577298120332894,0,1.0,0.01818402797255092,1.6031302868659694,0,0.0,0.0,3.776078425555142,0,0.0,0.0,3.541674014173228,0,0.0,0.0,3.776078425555142,1,1.0,0.01818402797255092,2.138373777505439,0,1.0,0.01818402797255092,2.1908426216646166
2021-09-12,3404.21,0.041931801139198255,True,1.0,0.041931801139198255,11.272218543046323,0,0.0,0.0,0.577298120332894,0,1.0,0.041931801139198255,1.670352427255059,0,0.0,0.0,3.776078425555142,0,0.0,0.0,3.541674014173228,0,0.0,0.0,3.776078425555142,1,1.0,0.041931801139198255,2.2280396415050734,0,1.0,0.041931801139198255,2.282708598803537
2021-09-13,3285.35,-0.034915589813789394,True,1.0,-0.034915589813789394,10.878642384105927,0,0.0,-0.0,0.577298120332894,0,1.0,-0.034915589813789394,1.6120310870605539,0,0.0,-0.0,3.776078425555142,0,0.0,-0.0,3.541674014173228,0,0.0,-0.0,3.776078425555142,1,1.0,-0.034915589813789394,2.1502463232934197,0,1.0,-0.034915589813789394,2.203006481703303
2021-09-14,3434.37,0.04535894196965318,True,1.0,0.04535894196965318,11.372086092715197,0,0.0,0.0,0.577298120332894,0,1.0,0.04535894196965318,1.6851511115918105,0,0.0,0.0,3.776078425555142,0,0.0,0.0,3.541674014173228,0,0.0,0.0,3.776078425555142,1,1.0,0.04535894196965318,2.247779221492146,0,1.0,0.04535894196965318,2.302932524865653
2021-09-15,3613.55,0.0521725964296218,True,1.0,0.0521725964296218,11.965397350993342,0,0.0,0.0,0.577298120332894,0,1.0,0.0521725964296218,1.7730698204598185,0,0.0,0.0,3.776078425555142,0,0.0,0.0,3.541674014173228,0,0.0,0.0,3.776078425555142,1,1.0,0.0521725964296218,2.365051699677945,0,1.0,0.0521725964296218,2.4230824940901186
2021-09-16,3567.98,-0.012610867429536099,True,1.0,-0.012610867429536099,11.814503311258242,0,0.0,-0.0,0.577298120332894,0,1.0,-0.012610867429536099,1.7507098720106884,0,0.0,-0.0,3.776078425555142,0,0.0,-0.0,3.541674014173228,0,0.0,-0.0,3.776078425555142,1,1.0,-0.012610867429536099,2.3352263462293075,0,1.0,-0.012610867429536099,2.3925253219863185
2021-09-17,3399.81,-0.04713311173268908,True,1.0,-0.04713311173268908,11.257649006622483,0,0.0,-0.0,0.577298120332894,0,1.0,-0.04713311173268908,1.6681934680016868,0,0.0,-0.0,3.776078425555142,0,0.0,-0.0,3.541674014173228,0,0.0,-0.0,3.776078425555142,1,1.0,-0.04713311173268908,2.2251598619313624,0,1.0,-0.04713311173268908,2.2797581586618496
2021-09-18,3435.64,0.010538824228412791,True,1.0,0.010538824228412791,11.376291390728444,0,0.0,0.0,0.577298120332894,0,1.0,0.010538824228412791,1.6857742657399428,0,0.0,0.0,3.776078425555142,0,0.0,0.0,3.541674014173228,0,0.0,0.0,3.776078425555142,1,1.0,0.010538824228412791,2.248610430596376,0,1.0,0.010538824228412791,2.303784129179277
2021-09-19,3328.62,-0.031149945861615347,True,1.0,-0.031149945861615347,11.021920529801292,0,0.0,-0.0,0.577298120332894,0,1.0,-0.031149945861615347,1.6332624886272393,0,0.0,-0.0,3.776078425555142,0,0.0,-0.0,3.541674014173228,0,0.0,-0.0,3.776078425555142,1,1.0,-0.031149945861615347,2.1785663374194355,0,1.0,-0.031149945861615347,2.232021378278494
2021-09-20,2977.28,-0.10555124946674588,False,1.0,-0.10555124946674588,9.858543046357589,0,0.0,-0.0,0.577298120332894,0,1.0,-0.10555124946674588,1.4608695922454673,0,0.0,-0.0,3.776078425555142,0,0.0,-0.0,3.541674014173228,0,0.0,-0.0,3.776078425555142,0,1.0,-0.10555124946674588,1.9486159384586217,0,1.0,-0.10555124946674588,1.9964287329647106
2021-09-21,2765.9,-0.07099768916595017,False,1.0,-0.07099768916595017,9.158609271523153,0,0.0,-0.0,0.577298120332894,0,1.0,-0.07099768916595017,1.3571512270232353,0,0.0,-0.0,3.776078425555142,0,0.0,-0.0,3.541674014173228,0,0.0,-0.0,3.776078425555142,0,1.0,-0.07099768916595017,1.81026870975612,0,1.0,-0.07099768916595017,1.8546869063397102
2021-09-22,3076.92,0.11244802776673057,False,1.0,0.11244802776673057,10.188476821192024,0,0.0,0.0,0.577298120332894,0,1.0,0.11244802776673057,1.5097602058831965,0,0.0,0.0,3.776078425555142,0,0.0,0.0,3.541674014173228,0,0.0,0.0,3.776078425555142,0,1.0,0.11244802776673057,2.0138298558960197,0,1.0,0.11244802776673057,2.0632427910823896
2021-09-23,3152.5,0.024563524563524508,False,1.0,0.024563524563524508,10.438741721854274,0,0.0,0.0,0.577298120332894,0,1.0,0.024563524563524508,1.5468452377854403,0,0.0,0.0,3.776078425555142,0,0.0,0.0,3.541674014173228,0,0.0,0.0,3.776078425555142,0,1.0,0.024563524563524508,2.0632966150280807,0,1.0,0.024563524563524508,2.1139233060616567
2021-09-24,2928.53,-0.07104520222045985,False,1.0,-0.07104520222045985,9.697119205297986,0,0.0,-0.0,0.577298120332894,0,1.0,-0.07104520222045985,1.4369493050632183,0,0.0,-0.0,3.776078425555142,0,0.0,-0.0,3.541674014173228,0,0.0,-0.0,3.776078425555142,0,1.0,-0.07104520222045985,1.9167092897726203,0,1.0,-0.07104520222045985,1.9637391973039633
2021-09-25,2921.73,-0.0023219840670917202,False,1.0,-0.0023219840670917202,9.674602649006594,0,0.0,-0.0,0.577298120332894,0,1.0,-0.0023219840670917202,1.433612731671643,0,0.0,-0.0,3.776078425555142,0,0.0,-0.0,3.541674014173228,0,0.0,-0.0,3.776078425555142,0,1.0,-0.0023219840670917202,1.9122587213405216,0,1.0,-0.0023219840670917202,1.9591794261759
2021-09-26,3059.37,0.04710907578729029,False,1.0,0.04710907578729029,10.130364238410566,0,0.0,0.0,0.577298120332894,0,1.0,0.04710907578729029,1.5011489024975866,0,0.0,0.0,3.776078425555142,0,0.0,0.0,3.541674014173228,0,0.0,0.0,3.776078425555142,0,1.0,0.04710907578729029,2.002343462369059,0,1.0,0.04710907578729029,2.05147455824452
2021-09-27,2925.59,-0.043727957063055434,False,1.0,-0.043727957063055434,9.687384105960236,0,0.0,-0.0,0.577298120332894,0,1.0,-0.043727957063055434,1.4355067277439193,0,0.0,-0.0,3.776078425555142,0,0.0,-0.0,3.541674014173228,0,0.0,-0.0,3.776078425555142,0,1.0,-0.043727957063055434,1.914785073421095,0,1.0,-0.043727957063055434,1.9617677668456532
2021-09-28,2804.91,-0.0412497991858054,False,1.0,-0.0412497991858054,9.287781456953613,0,0.0,-0.0,0.577298120332894,0,0.0,-0.001,1.4340712210161755,0,0.0,-0.0,3.776078425555142,0,0.0,-0.0,3.541674014173228,0,0.0,-0.0,3.776078425555142,0,1.0,-0.0412497991858054,1.835800573658497,0,0.0,-0.001,1.9598059990788075
2021-09-29,2850.45,0.016235815052889402,False,1.0,0.016235815052889402,9.438576158940368,0,0.0,0.0,0.577298120332894,0,0.0,0.0,1.4340712210161755,0,0.0,0.0,3.776078425555142,0,0.0,0.0,3.541674014173228,0,0.0,0.0,3.776078425555142,0,1.0,0.016235815052889402,1.8656062922464047,0,0.0,0.0,1.9598059990788075
2021-09-30,3000.61,0.052679401498009204,False,1.0,0.052679401498009204,9.935794701986724,0,0.0,0.0,0.577298120332894,0,0.0,0.0,1.4340712210161755,0,0.0,0.0,3.776078425555142,0,0.0,0.0,3.541674014173228,0,0.0,0.0,3.776078425555142,0,1.0,0.052679401498009204,1.9638853151528655,0,0.0,0.0,1.9598059990788075
2021-10-01,3309.91,0.103079040595079,True,1.0,0.103079040595079,10.959966887417185,0,0.0,0.0,0.577298120332894,0,0.0,0.0,1.4340712210161755,0,0.0,0.0,3.776078425555142,0,0.0,0.0,3.541674014173228,0,0.0,0.0,3.776078425555142,1,1.0,0.103079040595079,2.166320729277587,0,0.0,0.0,1.9598059990788075
2021-10-02,3387.76,0.02352027698638337,False,1.0,0.02352027698638337,11.217748344370827,0,0.0,0.0,0.577298120332894,0,0.0,0.0,1.4340712210161755,0,0.0,0.0,3.776078425555142,0,0.0,0.0,3.541674014173228,0,0.0,0.0,3.776078425555142,0,1.0,0.02352027698638337,2.2172731928715397,0,0.0,0.0,1.9598059990788075
2021-10-03,3417.73,0.008846553474862295,True,1.0,0.008846553474862295,11.316986754966852,0,0.0,0.0,0.577298120332894,0,0.0,0.0,1.4340712210161755,0,0.0,0.0,3.776078425555142,0,0.0,0.0,3.541674014173228,0,0.0,0.0,3.776078425555142,1,1.0,0.008846553474862295,2.2368884187406564,0,0.0,0.0,1.9598059990788075
2021-10-04,3386.31,-0.009193236446413233,False,1.0,-0.009193236446413233,11.212947019867515,0,0.0,-0.0,0.577298120332894,0,0.0,-0.0,1.4340712210161755,0,0.0,-0.0,3.776078425555142,0,0.0,-0.0,3.541674014173228,0,0.0,-0.0,3.776078425555142,0,1.0,-0.009193236446413233,2.21632417460293,0,0.0,-0.0,1.9598059990788075
2021-10-05,3515.27,0.03808275084088586,False,1.0,0.03808275084088586,11.639966887417184,0,0.0,0.0,0.577298120332894,0,0.0,0.0,1.4340712210161755,0,0.0,0.0,3.776078425555142,0,0.0,0.0,3.541674014173228,0,0.0,0.0,3.776078425555142,0,1.0,0.03808275084088586,2.3007278959269652,0,0.0,0.0,1.9598059990788075
2021-10-06,3574.89,0.01696029039021174,True,1.0,0.01696029039021174,11.83738410596023,0,0.0,0.0,0.577298120332894,0,0.0,0.0,1.4340712210161755,0,0.0,0.0,3.776078425555142,0,0.0,0.0,3.541674014173228,0,0.0,0.0,3.776078425555142,1,1.0,0.01696029039021174,2.3397489091507473,0,0.0,0.0,1.9598059990788075
2021-10-07,3587.47,0.0035189893954779006,True,1.0,0.0035189893954779006,11.879039735099301,0,0.0,0.0,0.577298120332894,0,0.0,0.0,1.4340712210161755,0,0.0,0.0,3.776078425555142,0,0.0,0.0,3.541674014173228,0,0.0,0.0,3.776078425555142,1,1.0,0.0035189893954779006,2.3479824607501296,0,0.0,0.0,1.9598059990788075
2021-10-08,3563.13,-0.006784725725929364,True,1.0,-0.006784725725929364,11.798443708609236,0,0.0,-0.0,0.577298120332894,0,0.0,-0.0,1.4340712210161755,0,0.0,-0.0,3.776078425555142,0,0.0,-0.0,3.541674014173228,0,0.0,-0.0,3.776078425555142,1,1.0,-0.006784725725929364,2.3320520437446475,0,0.0,-0.0,1.9598059990788075
2021-10-09,3574.82,0.0032808233210688265,True,1.0,0.0032808233210688265,11.83715231788076,0,0.0,0.0,0.577298120332894,0,0.0,0.0,1.4340712210161755,0,0.0,0.0,3.776078425555142,0,0.0,0.0,3.541674014173228,0,0.0,0.0,3.776078425555142,1,1.0,0.0032808233210688265,2.3397030944757113,0,0.0,0.0,1.9598059990788075
2021-10-10,3414.22,-0.0449253388981824,True,1.0,-0.0449253388981824,11.305364238410561,0,0.0,-0.0,0.577298120332894,0,0.0,-0.0,1.4340712210161755,0,0.0,-0.0,3.776078425555142,0,0.0,-0.0,3.541674014173228,0,0.0,-0.0,3.776078425555142,1,1.0,-0.0449253388981824,2.234591140035264,0,0.0,-0.0,1.9598059990788075
2021-10-11,3542.12,0.037460972052181685,True,1.0,0.037460972052181685,11.728874172185394,0,0.0,0.0,0.577298120332894,0,0.0,0.0,1.4340712210161755,0,0.0,0.0,3.776078425555142,0,0.0,0.0,3.541674014173228,0,0.0,0.0,3.776078425555142,1,1.0,0.037460972052181685,2.3183010962801776,0,0.0,0.0,1.9598059990788075
2021-10-12,3491.46,-0.014302169322326752,True,1.0,-0.014302169322326752,11.561125827814534,0,0.0,-0.0,0.577298120332894,0,0.0,-0.0,1.4340712210161755,0,0.0,-0.0,3.776078425555142,0,0.0,-0.0,3.541674014173228,0,0.0,-0.0,3.776078425555142,1,1.0,-0.014302169322326752,2.2851443614610427,0,0.0,-0.0,1.9598059990788075
2021-10-13,3607.42,0.033212466990886425,True,1.0,0.033212466990886425,11.945099337748308,0,0.0,0.0,0.577298120332894,0,0.0,0.0,1.4340712210161755,0,0.0,0.0,3.776078425555142,0,0.0,0.0,3.541674014173228,0,0.0,0.0,3.776078425555142,1,1.0,0.033212466990886425,2.3610396431354777,0,0.0,0.0,1.9598059990788075
2021-10-14,3790.82,0.05083965825991976,True,1.0,0.05083965825991976,12.552384105960225,0,0.0,0.0,0.577298120332894,0,0.0,0.0,1.4340712210161755,0,0.0,0.0,3.776078425555142,0,0.0,0.0,3.541674014173228,0,0.0,0.0,3.776078425555142,1,1.0,0.05083965825991976,2.4810740917306084,0,0.0,0.0,1.9598059990788075
2021-10-15,3868.99,0.020620868308175888,True,1.0,0.020620868308175888,12.811225165562872,0,0.0,0.0,0.577298120332894,0,0.0,0.0,1.4340712210161755,0,0.0,0.0,3.776078425555142,0,0.0,0.0,3.541674014173228,0,0.0,0.0,3.776078425555142,1,1.0,0.020620868308175888,2.5322359938390124,0,0.0,0.0,1.9598059990788075
2021-10-16,3829.96,-0.010087904078325272,True,1.0,-0.010087904078325272,12.681986754966847,0,0.0,-0.0,0.577298120332894,0,0.0,-0.0,1.4340712210161755,0,0.0,-0.0,3.776078425555142,0,0.0,-0.0,3.541674014173228,0,0.0,-0.0,3.776078425555142,1,1.0,-0.010087904078325272,2.506691040029482,0,0.0,-0.0,1.9598059990788075
2021-10-17,3846.85,0.00440996772812241,True,1.0,0.00440996772812241,12.737913907284726,0,0.0,0.0,0.577298120332894,0,0.0,0.0,1.4340712210161755,0,0.0,0.0,3.776078425555142,0,0.0,0.0,3.541674014173228,0,0.0,0.0,3.776078425555142,1,1.0,0.00440996772812241,2.5177454666203856,0,0.0,0.0,1.9598059990788075
2021-10-18,3744.96,-0.02648660592432761,True,1.0,-0.02648660592432761,12.400529801324463,0,0.0,-0.0,0.577298120332894,0,0.0,-0.0,1.4340712210161755,0,0.0,-0.0,3.776078425555142,0,0.0,-0.0,3.541674014173228,0,0.0,-0.0,3.776078425555142,1,1.0,-0.02648660592432761,2.451058934628249,0,0.0,-0.0,1.9598059990788075
2021-10-19,3877.03,0.03526606425702816,True,1.0,0.03526606425702816,12.837847682119165,0,0.0,0.0,0.577298120332894,0,0.0,0.0,1.4340712210161755,0,0.0,0.0,3.776078425555142,0,0.0,0.0,3.541674014173228,0,0.0,0.0,3.776078425555142,1,1.0,0.03526606425702816,2.537498136514612,0,0.0,0.0,1.9598059990788075
2021-10-20,4161.15,0.07328289953907996,True,1.0,0.07328289953907996,13.778642384105915,0,0.0,0.0,0.577298120332894,0,0.0,0.0,1.4340712210161755,0,0.0,0.0,3.776078425555142,0,0.0,0.0,3.541674014173228,0,0.0,0.0,3.776078425555142,1,1.0,0.07328289953907996,2.7234533575334146,0,0.0,0.0,1.9598059990788075
2021-10-21,4052.99,-0.02599281448637991,True,1.0,-0.02599281448637991,13.420496688741679,0,0.0,-0.0,0.577298120332894,0,0.0,-0.0,1.4340712210161755,0,0.0,-0.0,3.776078425555142,0,0.0,-0.0,3.541674014173228,0,0.0,-0.0,3.776078425555142,1,1.0,-0.02599281448637991,2.65266313964874,0,0.0,-0.0,1.9598059990788075
2021-10-22,3972.2,-0.01993343186141594,True,1.0,-0.01993343186141594,13.152980132450288,0,0.0,-0.0,0.577298120332894,0,0.0,-0.0,1.4340712210161755,0,0.0,-0.0,3.776078425555142,0,0.0,-0.0,3.541674014173228,0,0.0,-0.0,3.776078425555142,1,1.0,-0.01993343186141594,2.5997864597032625,0,0.0,-0.0,1.9598059990788075
2021-10-23,4167.12,0.04907104375409088,True,1.0,0.04907104375409088,13.798410596026445,0,0.0,0.0,0.577298120332894,0,0.0,0.0,1.4340712210161755,0,0.0,0.0,3.776078425555142,0,0.0,0.0,3.541674014173228,0,0.0,0.0,3.776078425555142,1,1.0,0.04907104375409088,2.727360694818654,0,0.0,0.0,1.9598059990788075
2021-10-24,4082.33,-0.020347386204380924,True,1.0,-0.020347386204380924,13.517649006622472,0,0.0,-0.0,0.577298120332894,0,0.0,-0.0,1.4340712210161755,0,0.0,-0.0,3.776078425555142,0,0.0,-0.0,3.541674014173228,0,0.0,-0.0,3.776078425555142,1,1.0,-0.020347386204380924,2.67186603344253,0,0.0,-0.0,1.9598059990788075
2021-10-25,4220.37,0.033814022874191885,True,1.0,0.033814022874191885,13.974735099337702,0,0.0,0.0,0.577298120332894,0,0.0,0.0,1.4340712210161755,0,0.0,0.0,3.776078425555142,0,0.0,0.0,3.541674014173228,0,0.0,0.0,3.776078425555142,1,1.0,0.033814022874191885,2.762212572614132,0,0.0,0.0,1.9598059990788075
2021-10-26,4131.52,-0.021052656520636703,True,1.0,-0.021052656520636703,13.68052980132446,0,0.0,-0.0,0.577298120332894,0,0.0,-0.0,1.4340712210161755,0,0.0,-0.0,3.776078425555142,0,0.0,-0.0,3.541674014173228,0,0.0,-0.0,3.776078425555142,1,1.0,-0.021052656520636703,2.7040606600859025,0,0.0,-0.0,1.9598059990788075
2021-10-27,3922.0,-0.050712570676167745,True,1.0,-0.050712570676167745,12.986754966887373,0,0.0,-0.0,0.577298120332894,0,0.0,-0.0,1.4340712210161755,0,0.0,-0.0,3.776078425555142,0,0.0,-0.0,3.541674014173228,0,0.0,-0.0,3.776078425555142,1,1.0,-0.050712570676167745,2.5669307927486513,0,0.0,-0.0,1.9598059990788075
2021-10-28,4286.02,0.09281489036206025,True,1.0,0.09281489036206025,14.192119205297967,0,0.0,0.0,0.577298120332894,0,0.0,0.0,1.4340712210161755,0,0.0,0.0,3.776078425555142,0,0.0,0.0,3.541674014173228,0,0.0,0.0,3.776078425555142,1,1.0,0.09281489036206025,2.8051801928446136,0,0.0,0.0,1.9598059990788075
2021-10-29,4418.89,0.031000788610412444,True,1.0,0.031000788610412444,14.632086092715184,0,0.0,0.0,0.577298120332894,0,0.0,0.0,1.4340712210161755,0,0.0,0.0,3.776078425555142,0,0.0,0.0,3.541674014173228,0,0.0,0.0,3.776078425555142,1,1.0,0.031000788610412444,2.8921429910171055,0,0.0,0.0,1.9598059990788075
2021-10-30,4322.68,-0.021772436064260492,True,1.0,-0.021772436064260492,14.313509933774787,0,0.0,-0.0,0.577298120332894,0,0.0,-0.0,1.4340712210161755,0,0.0,-0.0,3.776078425555142,0,0.0,-0.0,3.541674014173228,0,0.0,-0.0,3.776078425555142,1,1.0,-0.021772436064260492,2.8291739926564863,0,0.0,-0.0,1.9598059990788075
2021-10-31,4287.21,-0.008205557663301555,True,1.0,-0.008205557663301555,14.196059602648958,0,0.0,-0.0,0.577298120332894,0,0.0,-0.0,1.4340712210161755,0,0.0,-0.0,3.776078425555142,0,0.0,-0.0,3.541674014173228,0,0.0,-0.0,3.776078425555142,1,1.0,-0.008205557663301555,2.8059590423202305,0,0.0,-0.0,1.9598059990788075
2021-11-01,4319.43,0.007515377133380463,True,1.0,0.007515377133380463,14.302748344370812,0,0.0,0.0,0.577298120332894,0,0.0,0.0,1.4340712210161755,0,0.0,0.0,3.776078425555142,0,0.0,0.0,3.541674014173228,0,0.0,0.0,3.776078425555142,1,1.0,0.007515377133380463,2.827046882744086,0,0.0,0.0,1.9598059990788075
2021-11-02,4589.89,0.0626147431489803,True,1.0,0.0626147431489803,15.198311258278094,0,0.0,0.0,0.577298120332894,0,0.0,0.0,1.4340712210161755,0,0.0,0.0,3.776078425555142,0,0.0,0.0,3.541674014173228,0,0.0,0.0,3.776078425555142,1,1.0,0.0626147431489803,3.0040616971772325,0,0.0,0.0,1.9598059990788075
2021-11-03,4603.35,0.0029325321521866954,True,1.0,0.0029325321521866954,15.242880794701936,0,0.0,0.0,0.577298120332894,0,0.0,0.0,1.4340712210161755,0,0.0,0.0,3.776078425555142,0,0.0,0.0,3.541674014173228,0,0.0,0.0,3.776078425555142,1,1.0,0.0029325321521866954,3.0128712046913573,0,0.0,0.0,1.9598059990788075
2021-11-04,4532.32,-0.01543006723364515,True,1.0,-0.01543006723364515,15.007682119205246,0,0.0,-0.0,0.577298120332894,0,0.0,-0.0,1.4340712210161755,0,0.0,-0.0,3.776078425555142,0,0.0,-0.0,3.541674014173228,0,0.0,-0.0,3.776078425555142,1,1.0,-0.01543006723364515,2.966382399436656,0,0.0,-0.0,1.9598059990788075
2021-11-05,4474.24,-0.012814629152398727,True,1.0,-0.012814629152398727,14.815364238410545,0,0.0,-0.0,0.577298120332894,0,0.0,-0.0,1.4340712210161755,0,0.0,-0.0,3.776078425555142,0,0.0,-0.0,3.541674014173228,0,0.0,-0.0,3.776078425555142,1,1.0,-0.012814629152398727,2.9283693090636724,0,0.0,-0.0,1.9598059990788075
2021-11-06,4518.0,0.009780431983979376,True,1.0,0.009780431983979376,14.9602649006622,0,0.0,0.0,0.577298120332894,0,0.0,0.0,1.4340712210161755,0,0.0,0.0,3.776078425555142,0,0.0,0.0,3.541674014173228,0,0.0,0.0,3.776078425555142,1,1.0,0.009780431983979376,2.9570100259149426,0,0.0,0.0,1.9598059990788075
2021-11-07,4612.59,0.020936254980079783,True,1.0,0.020936254980079783,15.273476821192002,0,0.0,0.0,0.577298120332894,0,0.0,0.0,1.4340712210161755,0,0.0,0.0,3.776078425555142,0,0.0,0.0,3.541674014173228,0,0.0,0.0,3.776078425555142,1,1.0,0.020936254980079783,3.01891874179615,0,0.0,0.0,1.9598059990788075
2021-11-08,4807.98,0.042360149070261865,True,1.0,0.042360149070261865,15.920463576158884,0,0.0,0.0,0.577298120332894,0,0.0,0.0,1.4340712210161755,0,0.0,0.0,3.776078425555142,0,0.0,0.0,3.541674014173228,0,0.0,0.0,3.776078425555142,1,1.0,0.042360149070261865,3.1468005897296423,0,0.0,0.0,1.9598059990788075
2021-11-09,4732.33,-0.015734258461973516,True,1.0,-0.015734258461973516,15.669966887417164,0,0.0,-0.0,0.577298120332894,0,0.0,-0.0,1.4340712210161755,0,0.0,-0.0,3.776078425555142,0,0.0,-0.0,3.541674014173228,0,0.0,-0.0,3.776078425555142,1,1.0,-0.015734258461973516,3.0972880159225453,0,0.0,-0.0,1.9598059990788075
2021-11-10,4628.78,-0.021881398803549224,True,1.0,-0.021881398803549224,15.327086092715179,0,0.0,-0.0,0.577298120332894,0,0.0,-0.0,1.4340712210161755,0,0.0,-0.0,3.776078425555142,0,0.0,-0.0,3.541674014173228,0,0.0,-0.0,3.776078425555142,1,1.0,-0.021881398803549224,3.02951502163669,0,0.0,-0.0,1.9598059990788075
2021-11-11,4719.0,0.019491097006122615,True,1.0,0.019491097006122615,15.625827814569483,0,0.0,0.0,0.577298120332894,0,0.0,0.0,1.4340712210161755,0,0.0,0.0,3.776078425555142,0,0.0,0.0,3.541674014173228,0,0.0,0.0,3.776078425555142,1,1.0,0.019491097006122615,3.0885635928049164,0,0.0,0.0,1.9598059990788075
2021-11-12,4665.46,-0.011345624072896743,True,1.0,-0.011345624072896743,15.448543046357564,0,0.0,-0.0,0.577298120332894,0,0.0,-0.0,1.4340712210161755,0,0.0,-0.0,3.776078425555142,0,0.0,-0.0,3.541674014173228,0,0.0,-0.0,3.776078425555142,1,1.0,-0.011345624072896743,3.0535219113557166,0,0.0,-0.0,1.9598059990788075
2021-11-13,4644.28,-0.004539745276993079,True,1.0,-0.004539745276993079,15.378410596026438,0,0.0,-0.0,0.577298120332894,0,0.0,-0.0,1.4340712210161755,0,0.0,-0.0,3.776078425555142,0,0.0,-0.0,3.541674014173228,0,0.0,-0.0,3.776078425555142,1,1.0,-0.004539745276993079,3.0396596996804446,0,0.0,-0.0,1.9598059990788075
2021-11-14,4626.5,-0.0038283652148448644,True,1.0,-0.0038283652148448644,15.319536423841008,0,0.0,-0.0,0.577298120332894,0,0.0,-0.0,1.4340712210161755,0,0.0,-0.0,3.776078425555142,0,0.0,-0.0,3.541674014173228,0,0.0,-0.0,3.776078425555142,1,1.0,-0.0038283652148448644,3.028022772221222,0,0.0,-0.0,1.9598059990788075
2021-11-15,4563.78,-0.013556684318599466,True,1.0,-0.013556684318599466,15.11185430463571,0,0.0,-0.0,0.577298120332894,0,0.0,-0.0,1.4340712210161755,0,0.0,-0.0,3.776078425555142,0,0.0,-0.0,3.541674014173228,0,0.0,-0.0,3.776078425555142,1,1.0,-0.013556684318599466,2.9869728233886885,0,0.0,-0.0,1.9598059990788075
2021-11-16,4209.76,-0.0775716620871294,True,1.0,-0.0775716620871294,13.939602649006577,0,0.0,-0.0,0.577298120332894,0,0.0,-0.0,1.4340712210161755,0,0.0,-0.0,3.776078425555142,0,0.0,-0.0,3.541674014173228,0,0.0,-0.0,3.776078425555142,1,1.0,-0.0775716620871294,2.7552683768693425,0,0.0,-0.0,1.9598059990788075
2021-11-17,4287.8,0.018537873893048618,True,1.0,0.018537873893048618,14.198013245033067,0,0.0,0.0,0.577298120332894,0,0.0,0.0,1.4340712210161755,0,0.0,0.0,3.776078425555142,0,0.0,0.0,3.541674014173228,0,0.0,0.0,3.776078425555142,1,1.0,0.018537873893048618,2.806345194581251,0,0.0,0.0,1.9598059990788075
2021-11-18,3996.9,-0.06784364942394705,False,1.0,-0.06784364942394705,13.234768211920487,0,0.0,-0.0,0.577298120332894,0,0.0,-0.0,1.4340712210161755,0,0.0,-0.0,3.776078425555142,0,0.0,-0.0,3.541674014173228,0,0.0,-0.0,3.776078425555142,0,1.0,-0.06784364942394705,2.615952495037502,0,0.0,-0.0,1.9598059990788075
2021-11-19,4294.76,0.07452275513522988,False,1.0,0.07452275513522988,14.221059602648962,0,0.0,0.0,0.577298120332894,0,0.0,0.0,1.4340712210161755,0,0.0,0.0,3.776078425555142,0,0.0,0.0,3.541674014173228,0,0.0,0.0,3.776078425555142,0,1.0,0.07452275513522988,2.8109004822705757,0,0.0,0.0,1.9598059990788075
2021-11-20,4412.17,0.027337965334500502,True,1.0,0.027337965334500502,14.609834437086045,0,0.0,0.0,0.577298120332894,0,0.0,0.0,1.4340712210161755,0,0.0,0.0,3.776078425555142,0,0.0,0.0,3.541674014173228,0,0.0,0.0,3.776078425555142,1,1.0,0.027337965334500502,2.8877447822136193,0,0.0,0.0,1.9598059990788075
2021-11-21,4258.31,-0.03487172978375708,False,1.0,-0.03487172978375708,14.100364238410553,0,0.0,-0.0,0.577298120332894,0,0.0,-0.0,1.4340712210161755,0,0.0,-0.0,3.776078425555142,0,0.0,-0.0,3.541674014173228,0,0.0,-0.0,3.776078425555142,0,1.0,-0.03487172978375708,2.7870441264838117,0,0.0,-0.0,1.9598059990788075
2021-11-22,4085.97,-0.04047145463810775,False,1.0,-0.04047145463810775,13.529701986754922,0,0.0,-0.0,0.577298120332894,0,0.0,-0.0,1.4340712210161755,0,0.0,-0.0,3.776078425555142,0,0.0,-0.0,3.541674014173228,0,0.0,-0.0,3.776078425555142,0,1.0,-0.04047145463810775,2.6742483965444177,0,0.0,-0.0,1.9598059990788075
2021-11-23,4339.44,0.06203422932620639,False,1.0,0.06203422932620639,14.369006622516508,0,0.0,0.0,0.577298120332894,0,0.0,0.0,1.4340712210161755,0,0.0,0.0,3.776078425555142,0,0.0,0.0,3.541674014173228,0,0.0,0.0,3.776078425555142,0,1.0,0.06203422932620639,2.840143334850894,0,0.0,0.0,1.9598059990788075
2021-11-24,4269.36,-0.01614954925059453,False,1.0,-0.01614954925059453,14.136953642384059,0,0.0,-0.0,0.577298120332894,0,0.0,-0.0,1.4340712210161755,0,0.0,-0.0,3.776078425555142,0,0.0,-0.0,3.541674014173228,0,0.0,-0.0,3.776078425555142,0,1.0,-0.01614954925059453,2.7942763001859716,0,0.0,-0.0,1.9598059990788075
2021-11-25,4524.85,0.05984269305001244,True,1.0,0.05984269305001244,14.982947019867504,0,0.0,0.0,0.577298120332894,0,0.0,0.0,1.4340712210161755,0,0.0,0.0,3.776078425555142,0,0.0,0.0,3.541674014173228,0,0.0,0.0,3.776078425555142,1,1.0,0.05984269305001244,2.961493319114925,0,0.0,0.0,1.9598059990788075
2021-11-26,4041.2,-0.10688752113329736,False,1.0,-0.10688752113329736,13.381456953642342,0,0.0,-0.0,0.577298120332894,0,0.0,-0.0,1.4340712210161755,0,0.0,-0.0,3.776078425555142,0,0.0,-0.0,3.541674014173228,0,0.0,-0.0,3.776078425555142,0,1.0,-0.10688752113329736,2.6449466393819097,0,0.0,-0.0,1.9598059990788075
2021-11-27,4095.29,0.013384638226269452,False,1.0,0.013384638226269452,13.560562913907242,0,0.0,0.0,0.577298120332894,0,0.0,0.0,1.4340712210161755,0,0.0,0.0,3.776078425555142,0,0.0,0.0,3.541674014173228,0,0.0,0.0,3.776078425555142,0,1.0,0.013384638226269452,2.6803482932778238,0,0.0,0.0,1.9598059990788075
2021-11-28,4294.78,0.04871205702160286,False,1.0,0.04871205702160286,14.221125827814525,0,0.0,0.0,0.577298120332894,0,0.0,0.0,1.4340712210161755,0,0.0,0.0,3.776078425555142,0,0.0,0.0,3.541674014173228,0,0.0,0.0,3.776078425555142,0,1.0,0.04871205702160286,2.810913572177729,0,0.0,0.0,1.9598059990788075
2021-11-29,4444.53,0.03486790941561613,False,1.0,0.03486790941561613,14.716986754966841,0,0.0,0.0,0.577298120332894,0,0.0,0.0,1.4340712210161755,0,0.0,0.0,3.776078425555142,0,0.0,0.0,3.541674014173228,0,0.0,0.0,3.776078425555142,0,1.0,0.03486790941561613,2.908924251987548,0,0.0,0.0,1.9598059990788075
2021-11-30,4630.26,0.041788445572422894,True,1.0,0.041788445572422894,15.331986754966842,1,0.0,0.0,0.577298120332894,0,0.0,0.0,1.4340712210161755,0,0.0,0.0,3.776078425555142,0,0.0,0.0,3.541674014173228,0,0.0,0.0,3.776078425555142,1,1.0,0.041788445572422894,3.0304836747660304,1,0.0,0.0,1.9598059990788075
2021-12-01,4582.95,-0.010217568775835573,False,1.0,-0.010217568775835573,15.175331125827768,0,1.0,-0.011217568775835574,0.5708222389638992,0,0.0,-0.0,1.4340712210161755,0,0.0,-0.0,3.776078425555142,0,0.0,-0.0,3.541674014173228,0,0.0,-0.0,3.776078425555142,0,1.0,-0.010217568775835573,2.9995194993950616,0,1.0,-0.011217568775835574,1.9378217404968459
2021-12-02,4511.21,-0.015653672852638523,False,1.0,-0.015653672852638523,14.937781456953598,0,1.0,-0.015653672852638523,0.5618867743781476,0,0.0,-0.0,1.4340712210161755,0,0.0,-0.0,3.776078425555142,0,0.0,-0.0,3.541674014173228,0,0.0,-0.0,3.776078425555142,0,1.0,-0.015653672852638523,2.9525660024364213,0,1.0,-0.015653672852638523,1.9074877129243777
2021-12-03,4215.73,-0.0654990567940753,False,1.0,-0.0654990567940753,13.959370860927109,0,1.0,-0.0654990567940753,0.5250837206313136,0,0.0,-0.0,1.4340712210161755,0,0.0,-0.0,3.776078425555142,0,0.0,-0.0,3.541674014173228,0,0.0,-0.0,3.776078425555142,0,1.0,-0.0654990567940753,2.759175714154582,0,1.0,-0.0654990567940753,1.7825490668815431
2021-12-04,4117.25,-0.023360129799583795,False,1.0,-0.023360129799583795,13.633278145695323,0,1.0,-0.023360129799583795,0.5128176967617177,0,0.0,-0.0,1.4340712210161755,0,0.0,-0.0,3.776078425555142,0,0.0,-0.0,3.541674014173228,0,0.0,-0.0,3.776078425555142,0,1.0,-0.023360129799583795,2.6947210113320716,0,1.0,-0.023360129799583795,1.7409084893050633
2021-12-05,4196.44,0.01923371182221123,False,1.0,0.01923371182221123,13.895496688741677,0,1.0,0.01923371182221123,0.5226810845585628,0,0.0,0.0,1.4340712210161755,0,0.0,0.0,3.776078425555142,0,0.0,0.0,3.541674014173228,0,0.0,0.0,3.776078425555142,0,1.0,0.01923371182221123,2.7465504987052904,0,1.0,0.01923371182221123,1.774392621497198
2021-12-06,4347.59,0.03601862531097799,True,1.0,0.03601862531097799,14.395993377483398,1,1.0,0.03601862531097799,0.5415073387004132,0,0.0,0.0,1.4340712210161755,0,0.0,0.0,3.776078425555142,0,0.0,0.0,3.541674014173228,0,0.0,0.0,3.776078425555142,1,1.0,0.03601862531097799,2.845477472015836,1,1.0,0.03601862531097799,1.8383038044854694
2021-12-07,4306.4,-0.009474214449844753,True,1.0,-0.009474214449844753,14.259602649006576,1,1.0,-0.009474214449844753,0.5363769820474008,0,0.0,-0.0,1.4340712210161755,0,0.0,-0.0,3.776078425555142,0,0.0,-0.0,3.541674014173228,0,0.0,-0.0,3.776078425555142,1,1.0,-0.009474214449844753,2.818518808233756,1,1.0,-0.009474214449844753,1.8208873200178086
2021-12-08,4436.91,0.030306056102544998,True,1.0,0.030306056102544998,14.691754966887368,1,1.0,0.030306056102544998,0.5526324529574431,0,0.0,0.0,1.4340712210161755,0,0.0,0.0,3.776078425555142,0,0.0,0.0,3.541674014173228,0,0.0,0.0,3.776078425555142,1,1.0,0.030306056102544998,2.9039369973621665,1,1.0,0.030306056102544998,1.8760712332946812
2021-12-09,4105.64,-0.07466232130018402,False,1.0,-0.07466232130018402,13.59483443708605,0,1.0,-0.07466232130018402,0.5113716311938257,0,0.0,-0.0,1.4340712210161755,0,0.0,-0.0,3.776078425555142,0,0.0,-0.0,3.541674014173228,0,0.0,-0.0,3.776078425555142,0,1.0,-0.07466232130018402,2.6871223202296206,0,1.0,-0.07466232130018402,1.7359994000924013
2021-12-10,3897.94,-0.05058894593778318,False,1.0,-0.05058894593778318,12.90708609271519,0,1.0,-0.05058894593778318,0.4855018793892452,0,0.0,-0.0,1.4340712210161755,0,0.0,-0.0,3.776078425555142,0,0.0,-0.0,3.541674014173228,0,0.0,-0.0,3.776078425555142,0,1.0,-0.05058894593778318,2.551183634443314,0,1.0,-0.05058894593778318,1.6481770202931028
2021-12-11,4089.37,0.049110555832054814,False,1.0,0.049110555832054814,13.540960264900617,0,1.0,0.049110555832054814,0.5093451465435583,0,0.0,0.0,1.4340712210161755,0,0.0,0.0,3.776078425555142,0,0.0,0.0,3.541674014173228,0,0.0,0.0,3.776078425555142,0,1.0,0.049110555832054814,2.6764736807604668,0,1.0,0.049110555832054814,1.7291199098693169
2021-12-12,4130.0,0.009935515739588174,True,1.0,0.009935515739588174,13.675496688741676,1,1.0,0.009935515739588174,0.5144057532639247,0,0.0,0.0,1.4340712210161755,0,0.0,0.0,3.776078425555142,0,0.0,0.0,3.541674014173228,0,0.0,0.0,3.776078425555142,1,1.0,0.009935515739588174,2.703065827142256,1,1.0,0.009935515739588174,1.7462996079494588
2021-12-13,3781.93,-0.08427845036319614,False,1.0,-0.08427845036319614,12.522947019867507,0,1.0,-0.08427845036319614,0.47105243352092846,0,0.0,-0.0,1.4340712210161755,0,0.0,-0.0,3.776078425555142,0,0.0,-0.0,3.541674014173228,0,0.0,-0.0,3.776078425555142,0,1.0,-0.08427845036319614,2.475255628000996,0,1.0,-0.08427845036319614,1.5991241831216214
2021-12-14,3858.99,0.02037583984896596,False,1.0,0.02037583984896596,12.778112582781413,0,1.0,0.02037583984896596,0.4806505224668166,0,0.0,0.0,1.4340712210161755,0,0.0,0.0,3.776078425555142,0,0.0,0.0,3.541674014173228,0,0.0,0.0,3.776078425555142,0,1.0,0.02037583984896596,2.5256910402623958,0,1.0,0.02037583984896596,1.631707681375516
2021-12-15,4019.08,0.04148494813409731,False,1.0,0.04148494813409731,13.308211920529756,0,1.0,0.04148494813409731,0.5005902844619793,0,0.0,0.0,1.4340712210161755,0,0.0,0.0,3.776078425555142,0,0.0,0.0,3.541674014173228,0,0.0,0.0,3.776078425555142,0,1.0,0.04148494813409731,2.6304692020704357,0,1.0,0.04148494813409731,1.6993989899073876
2021-12-16,3958.11,-0.015170138439642877,False,1.0,-0.015170138439642877,13.106324503311214,0,1.0,-0.015170138439642877,0.49299626054515083,0,0.0,-0.0,1.4340712210161755,0,0.0,-0.0,3.776078425555142,0,0.0,-0.0,3.541674014173228,0,0.0,-0.0,3.776078425555142,0,1.0,-0.015170138439642877,2.59056462011381,0,1.0,-0.015170138439642877,1.6736188719663032
2021-12-17,3875.42,-0.020891283971390395,False,1.0,-0.020891283971390395,12.832516556291347,0,1.0,-0.020891283971390395,0.4826969356692685,0,0.0,-0.0,1.4340712210161755,0,0.0,-0.0,3.776078425555142,0,0.0,-0.0,3.541674014173228,0,0.0,-0.0,3.776078425555142,0,1.0,-0.020891283971390395,2.5364443989887753,0,1.0,-0.020891283971390395,1.638654824852177
2021-12-18,3959.93,0.02180666869655412,False,1.0,0.02180666869655412,13.112350993377438,0,1.0,0.02180666869655412,0.49322294782625015,0,0.0,0.0,1.4340712210161755,0,0.0,0.0,3.776078425555142,0,0.0,0.0,3.541674014173228,0,0.0,0.0,3.776078425555142,0,1.0,0.02180666869655412,2.5917558016647537,0,1.0,0.02180666869655412,1.6743884277257384
2021-12-19,3924.14,-0.009038038551186456,False,1.0,-0.009038038551186456,12.993841059602605,0,1.0,-0.009038038551186456,0.48876517980946665,0,0.0,-0.0,1.4340712210161755,0,0.0,-0.0,3.776078425555142,0,0.0,-0.0,3.541674014173228,0,0.0,-0.0,3.776078425555142,0,1.0,-0.009038038551186456,2.5683314128140466,0,1.0,-0.009038038551186456,1.6592552405662926
2021-12-20,3944.73,0.005247009535847447,False,1.0,0.005247009535847447,13.062019867549626,0,1.0,0.005247009535847447,0.4913297353687171,0,0.0,0.0,1.4340712210161755,0,0.0,0.0,3.776078425555142,0,0.0,0.0,3.541674014173228,0,0.0,0.0,3.776078425555142,0,1.0,0.005247009535847447,2.5818074722282986,0,1.0,0.005247009535847447,1.6679613686359487
2021-12-21,4014.15,0.017598162611889734,False,1.0,0.017598162611889734,13.291887417218499,0,1.0,0.017598162611889734,0.49997623594779256,0,0.0,0.0,1.4340712210161755,0,0.0,0.0,3.776078425555142,0,0.0,0.0,3.541674014173228,0,0.0,0.0,3.776078425555142,0,1.0,0.017598162611889734,2.627242539957164,0,1.0,0.017598162611889734,1.6973144240315543
2021-12-22,3979.51,-0.008629473238419005,False,1.0,-0.008629473238419005,13.177185430463533,0,1.0,-0.008629473238419005,0.4956617043998356,0,0.0,-0.0,1.4340712210161755,0,0.0,-0.0,3.776078425555142,0,0.0,-0.0,3.541674014173228,0,0.0,-0.0,3.776078425555142,0,1.0,-0.008629473238419005,2.604570820767768,0,1.0,-0.008629473238419005,1.6826674946321913
2021-12-23,4111.41,0.0331447841568433,False,1.0,0.0331447841568433,13.613940397350946,0,1.0,0.0331447841568433,0.5120903046069812,0,0.0,0.0,1.4340712210161755,0,0.0,0.0,3.776078425555142,0,0.0,0.0,3.541674014173228,0,0.0,0.0,3.776078425555142,0,1.0,0.0331447841568433,2.6908987584433275,0,1.0,0.0331447841568433,1.7384391455495116
2021-12-24,4046.36,-0.015821822683702136,False,1.0,-0.015821822683702136,13.39854304635757,0,1.0,-0.015821822683702136,0.5039881026094466,0,0.0,-0.0,1.4340712210161755,0,0.0,-0.0,3.776078425555142,0,0.0,-0.0,3.541674014173228,0,0.0,-0.0,3.776078425555142,0,1.0,-0.015821822683702136,2.6483238354274428,0,1.0,-0.015821822683702136,1.7109338696422205
2021-12-25,4094.83,0.011978667246611785,False,1.0,0.011978667246611785,13.559039735099292,0,1.0,0.011978667246611785,0.5100252083868564,0,0.0,0.0,1.4340712210161755,0,0.0,0.0,3.776078425555142,0,0.0,0.0,3.541674014173228,0,0.0,0.0,3.776078425555142,0,1.0,0.011978667246611785,2.6800472254132988,0,1.0,0.011978667246611785,1.7314285771476225
2021-12-26,4063.56,-0.007636458656403278,False,1.0,-0.007636458656403278,13.455496688741677,0,1.0,-0.007636458656403278,0.5061304219692867,0,0.0,-0.0,1.4340712210161755,0,0.0,-0.0,3.776078425555142,0,0.0,-0.0,3.541674014173228,0,0.0,-0.0,3.776078425555142,0,1.0,-0.007636458656403278,2.6595811555792217,0,1.0,-0.007636458656403278,1.7182065944017195
2021-12-27,4037.23,-0.006479540107688808,False,1.0,-0.006479540107688808,13.368311258278101,0,1.0,-0.006479540107688808,0.5028509296004152,0,0.0,-0.0,1.4340712210161755,0,0.0,-0.0,3.776078425555142,0,0.0,-0.0,3.541674014173228,0,0.0,-0.0,3.776078425555142,0,1.0,-0.006479540107688808,2.6423482928119926,0,1.0,-0.006479540107688808,1.7070734058599981
2021-12-28,3792.75,-0.06055637157159732,False,1.0,-0.06055637157159732,12.558774834437045,0,1.0,-0.06055637157159732,0.4724001018624093,0,0.0,-0.0,1.4340712210161755,0,0.0,-0.0,3.776078425555142,0,0.0,-0.0,3.541674014173228,0,0.0,-0.0,3.776078425555142,0,1.0,-0.06055637157159732,2.4823372677708937,0,1.0,-0.06055637157159732,1.6036992343947478
2021-12-29,3630.19,-0.04286072111264916,False,1.0,-0.04286072111264916,12.020496688741682,0,1.0,-0.04286072111264916,0.45215269284289755,0,0.0,-0.0,1.4340712210161755,0,0.0,-0.0,3.776078425555142,0,0.0,-0.0,3.541674014173228,0,0.0,-0.0,3.776078425555142,0,1.0,-0.04286072111264916,2.37594250242943,0,1.0,-0.04286072111264916,1.5349635287607855
2021-12-30,3709.27,0.02178398375842594,False,1.0,0.02178398375842594,12.282350993377444,0,1.0,0.02178398375842594,0.46200237976011577,0,0.0,0.0,1.4340712210161755,0,0.0,0.0,3.776078425555142,0,0.0,0.0,3.541674014173228,0,0.0,0.0,3.776078425555142,0,1.0,0.02178398375842594,2.4276999953133065,0,1.0,0.02178398375842594,1.5684011493410865
2021-12-31,3676.23,-0.008907413048928725,False,1.0,-0.008907413048928725,12.172947019867511,0,1.0,-0.008907413048928725,0.4578871337340044,0,0.0,-0.0,1.4340712210161755,0,0.0,-0.0,3.776078425555142,0,0.0,-0.0,3.541674014173228,0,0.0,-0.0,3.776078425555142,0,1.0,-0.008907413048928725,2.4060754686961685,0,1.0,-0.008907413048928725,1.554430752477491
2022-01-01,3765.54,0.024293909793456914,False,1.0,0.024293909793456914,12.468675496688702,0,1.0,0.024293909793456914,0.4690110024565229,0,0.0,0.0,1.4340712210161755,0,0.0,0.0,3.776078425555142,0,0.0,0.0,3.541674014173228,0,0.0,0.0,3.776078425555142,0,1.0,0.024293909793456914,2.464528449088923,0,1.0,0.024293909793456914,1.5921939529583544
2022-01-02,3828.27,0.016658965248012247,True,1.0,0.016658965248012247,12.67639072847678,1,0.0,-0.001,0.4685419914540664,0,0.0,0.0,1.4340712210161755,0,0.0,0.0,3.776078425555142,0,0.0,0.0,3.541674014173228,0,0.0,0.0,3.776078425555142,0,0.0,-0.001,2.4620639206398343,0,0.0,-0.001,1.590601759005396
2022-01-03,3765.89,-0.016294566475196448,False,1.0,-0.016294566475196448,12.469834437086051,0,1.0,-0.01729456647519645,0.4604387608364431,0,0.0,-0.0,1.4340712210161755,0,0.0,-0.0,3.776078425555142,0,0.0,-0.0,3.541674014173228,0,0.0,-0.0,3.776078425555142,0,0.0,-0.0,2.4620639206398343,0,0.0,-0.0,1.590601759005396
2022-01-04,3785.11,0.005103707224587195,False,1.0,0.005103707224587195,12.533476821192014,0,1.0,0.005103707224587195,0.462788705466604,0,0.0,0.0,1.4340712210161755,0,0.0,0.0,3.776078425555142,0,0.0,0.0,3.541674014173228,0,0.0,0.0,3.776078425555142,0,0.0,0.0,2.4620639206398343,0,0.0,0.0,1.590601759005396
2022-01-05,3540.63,-0.06458993265717505,False,1.0,-0.06458993265717505,11.723940397350958,0,1.0,-0.06458993265717505,0.43289721414601484,0,0.0,-0.0,1.4340712210161755,0,0.0,-0.0,3.776078425555142,0,0.0,-0.0,3.541674014173228,0,0.0,-0.0,3.776078425555142,0,0.0,-0.0,2.4620639206398343,0,0.0,-0.0,1.590601759005396
2022-01-06,3406.81,-0.03779553356323595,False,1.0,-0.03779553356323595,11.280827814569502,0,1.0,-0.03779553356323595,0.4165356329593278,0,0.0,-0.0,1.4340712210161755,0,0.0,-0.0,3.776078425555142,0,0.0,-0.0,3.541674014173228,0,0.0,-0.0,3.776078425555142,0,0.0,-0.0,2.4620639206398343,0,0.0,-0.0,1.590601759005396
2022-01-07,3199.24,-0.06092796487036267,False,1.0,-0.06092796487036267,10.5935099337748,0,1.0,-0.06092796487036267,0.39115696454712756,0,0.0,-0.0,1.4340712210161755,0,0.0,-0.0,3.776078425555142,0,0.0,-0.0,3.541674014173228,0,0.0,-0.0,3.776078425555142,0,0.0,-0.0,2.4620639206398343,0,0.0,-0.0,1.590601759005396
2022-01-08,3080.95,-0.03697440642152505,False,1.0,-0.03697440642152505,10.201821192052948,0,1.0,-0.03697440642152505,0.376694167965352,0,0.0,-0.0,1.4340712210161755,0,0.0,-0.0,3.776078425555142,0,0.0,-0.0,3.541674014173228,0,0.0,-0.0,3.776078425555142,0,0.0,-0.0,2.4620639206398343,0,0.0,-0.0,1.590601759005396
2022-01-09,3151.97,0.023051331569807987,False,1.0,0.023051331569807987,10.436986754966854,0,1.0,0.023051331569807987,0.3853774701315343,0,0.0,0.0,1.4340712210161755,0,0.0,0.0,3.776078425555142,0,0.0,0.0,3.541674014173228,0,0.0,0.0,3.776078425555142,0,0.0,0.0,2.4620639206398343,0,0.0,0.0,1.590601759005396
2022-01-10,3082.68,-0.021983077250100735,False,1.0,-0.021983077250100735,10.20754966887414,0,1.0,-0.021983077250100735,0.3769056874351844,0,0.0,-0.0,1.4340712210161755,0,0.0,-0.0,3.776078425555142,0,0.0,-0.0,3.541674014173228,0,0.0,-0.0,3.776078425555142,0,0.0,-0.0,2.4620639206398343,0,0.0,-0.0,1.590601759005396
2022-01-11,3239.72,0.05094268623405607,False,1.0,0.05094268623405607,10.727549668874138,0,1.0,0.05094268623405607,0.3961062756100262,0,0.0,0.0,1.4340712210161755,0,0.0,0.0,3.776078425555142,0,0.0,0.0,3.541674014173228,0,0.0,0.0,3.776078425555142,0,0.0,0.0,2.4620639206398343,0,0.0,0.0,1.590601759005396
2022-01-12,3371.26,0.04060227427061602,False,1.0,0.04060227427061602,11.163112582781421,0,1.0,0.04060227427061602,0.41218909125265674,0,0.0,0.0,1.4340712210161755,0,0.0,0.0,3.776078425555142,0,0.0,0.0,3.541674014173228,0,0.0,0.0,3.776078425555142,0,0.0,0.0,2.4620639206398343,0,0.0,0.0,1.590601759005396
2022-01-13,3240.61,-0.03875405634688511,False,1.0,-0.03875405634688511,10.730496688741688,0,1.0,-0.03875405634688511,0.3962150919846799,0,0.0,-0.0,1.4340712210161755,0,0.0,-0.0,3.776078425555142,0,0.0,-0.0,3.541674014173228,0,0.0,-0.0,3.776078425555142,0,0.0,-0.0,2.4620639206398343,0,0.0,-0.0,1.590601759005396
2022-01-14,3307.42,0.020616488870922378,False,1.0,0.020616488870922378,10.951721854304601,0,1.0,0.020616488870922378,0.40438365601907356,0,0.0,0.0,1.4340712210161755,0,0.0,0.0,3.776078425555142,0,0.0,0.0,3.541674014173228,0,0.0,0.0,3.776078425555142,0,0.0,0.0,2.4620639206398343,0,0.0,0.0,1.590601759005396
2022-01-15,3326.04,0.005629765799323838,False,1.0,0.005629765799323838,11.013377483443673,0,1.0,0.005629765799323838,0.4066602412955353,0,0.0,0.0,1.4340712210161755,0,0.0,0.0,3.776078425555142,0,0.0,0.0,3.541674014173228,0,0.0,0.0,3.776078425555142,0,0.0,0.0,2.4620639206398343,0,0.0,0.0,1.590601759005396
2022-01-16,3346.88,0.006265709372106132,False,1.0,0.006265709372106132,11.082384105960228,0,1.0,0.006265709372106132,0.4092082561806837,0,0.0,0.0,1.4340712210161755,0,0.0,0.0,3.776078425555142,0,0.0,0.0,3.541674014173228,0,0.0,0.0,3.776078425555142,0,0.0,0.0,2.4620639206398343,0,0.0,0.0,1.590601759005396
2022-01-17,3209.67,-0.040996390668323945,False,1.0,-0.040996390668323945,10.628046357615858,0,1.0,-0.040996390668323945,0.3924321946455968,0,0.0,-0.0,1.4340712210161755,0,0.0,-0.0,3.776078425555142,0,0.0,-0.0,3.541674014173228,0,0.0,-0.0,3.776078425555142,0,0.0,-0.0,2.4620639206398343,0,0.0,-0.0,1.590601759005396
2022-01-18,3159.85,-0.015521844924867745,False,1.0,-0.015521844924867745,10.46307947019864,0,1.0,-0.015521844924867745,0.38634092297678235,0,0.0,-0.0,1.4340712210161755,0,0.0,-0.0,3.776078425555142,0,0.0,-0.0,3.541674014173228,0,0.0,-0.0,3.776078425555142,0,0.0,-0.0,2.4620639206398343,0,0.0,-0.0,1.590601759005396
2022-01-19,3084.02,-0.023997974587401272,False,1.0,-0.023997974587401272,10.211986754966853,0,1.0,-0.023997974587401272,0.3770695233251124,0,0.0,-0.0,1.4340712210161755,0,0.0,-0.0,3.776078425555142,0,0.0,-0.0,3.541674014173228,0,0.0,-0.0,3.776078425555142,0,0.0,-0.0,2.4620639206398343,0,0.0,-0.0,1.590601759005396
2022-01-20,3001.48,-0.02676376936595737,False,1.0,-0.02676376936595737,9.93867549668871,0,1.0,-0.02676376936595737,0.3669777215679076,0,0.0,-0.0,1.4340712210161755,0,0.0,-0.0,3.776078425555142,0,0.0,-0.0,3.541674014173228,0,0.0,-0.0,3.776078425555142,0,0.0,-0.0,2.4620639206398343,0,0.0,-0.0,1.590601759005396
2022-01-21,2568.15,-0.14437210975918546,False,1.0,-0.14437210975918546,8.50380794701984,0,1.0,-0.14437210975918546,0.31399637367052985,0,0.0,-0.0,1.4340712210161755,0,0.0,-0.0,3.776078425555142,0,0.0,-0.0,3.541674014173228,0,0.0,-0.0,3.776078425555142,0,0.0,-0.0,2.4620639206398343,0,0.0,-0.0,1.590601759005396
2022-01-22,2412.18,-0.06073243385316285,False,1.0,-0.06073243385316285,7.987350993377458,0,1.0,-0.06073243385316285,0.2949266096764514,0,0.0,-0.0,1.4340712210161755,0,0.0,-0.0,3.776078425555142,0,0.0,-0.0,3.541674014173228,0,0.0,-0.0,3.776078425555142,0,0.0,-0.0,2.4620639206398343,0,0.0,-0.0,1.590601759005396
2022-01-23,2539.01,0.052578994934043166,False,1.0,0.052578994934043166,8.407317880794675,0,0.0,-0.001,0.29463168306677495,0,0.0,0.0,1.4340712210161755,0,0.0,0.0,3.776078425555142,0,0.0,0.0,3.541674014173228,0,0.0,0.0,3.776078425555142,0,0.0,0.0,2.4620639206398343,0,0.0,0.0,1.590601759005396
2022-01-24,2439.29,-0.03927515055080533,False,1.0,-0.03927515055080533,8.077119205297986,0,0.0,-0.0,0.29463168306677495,0,0.0,-0.0,1.4340712210161755,0,0.0,-0.0,3.776078425555142,0,0.0,-0.0,3.541674014173228,0,0.0,-0.0,3.776078425555142,0,0.0,-0.0,2.4620639206398343,0,0.0,-0.0,1.590601759005396
2022-01-25,2458.83,0.00801052765353849,False,1.0,0.00801052765353849,8.141821192052953,0,0.0,0.0,0.29463168306677495,0,0.0,0.0,1.4340712210161755,0,0.0,0.0,3.776078425555142,0,0.0,0.0,3.541674014173228,0,0.0,0.0,3.776078425555142,0,0.0,0.0,2.4620639206398343,0,0.0,0.0,1.590601759005396
2022-01-26,2462.99,0.0016918615764407452,False,1.0,0.0016918615764407452,8.155596026490038,0,0.0,0.0,0.29463168306677495,0,0.0,0.0,1.4340712210161755,0,0.0,0.0,3.776078425555142,0,0.0,0.0,3.541674014173228,0,0.0,0.0,3.776078425555142,0,0.0,0.0,2.4620639206398343,0,0.0,0.0,1.590601759005396
2022-01-27,2424.25,-0.015728849893828167,False,1.0,-0.015728849893828167,8.027317880794675,0,0.0,-0.0,0.29463168306677495,0,0.0,-0.0,1.4340712210161755,0,0.0,-0.0,3.776078425555142,0,0.0,-0.0,3.541674014173228,0,0.0,-0.0,3.776078425555142,0,0.0,-0.0,2.4620639206398343,0,0.0,-0.0,1.590601759005396
2022-01-28,2544.99,0.04980509435907998,False,1.0,0.04980509435907998,8.427119205297982,0,0.0,0.0,0.29463168306677495,0,0.0,0.0,1.4340712210161755,0,0.0,0.0,3.776078425555142,0,0.0,0.0,3.541674014173228,0,0.0,0.0,3.776078425555142,0,0.0,0.0,2.4620639206398343,0,0.0,0.0,1.590601759005396
2022-01-29,2601.43,0.0221769044279152,False,1.0,0.0221769044279152,8.614006622516525,0,0.0,0.0,0.29463168306677495,0,0.0,0.0,1.4340712210161755,0,0.0,0.0,3.776078425555142,0,0.0,0.0,3.541674014173228,0,0.0,0.0,3.776078425555142,0,0.0,0.0,2.4620639206398343,0,0.0,0.0,1.590601759005396
2022-01-30,2601.68,9.610099060908261e-05,False,1.0,9.610099060908261e-05,8.614834437086062,0,0.0,0.0,0.29463168306677495,0,0.0,0.0,1.4340712210161755,0,0.0,0.0,3.776078425555142,0,0.0,0.0,3.541674014173228,0,0.0,0.0,3.776078425555142,0,0.0,0.0,2.4620639206398343,0,0.0,0.0,1.590601759005396
2022-01-31,2686.94,0.032771132499000766,False,1.0,0.032771132499000766,8.897152317880764,0,0.0,0.0,0.29463168306677495,0,0.0,0.0,1.4340712210161755,0,0.0,0.0,3.776078425555142,0,0.0,0.0,3.541674014173228,0,0.0,0.0,3.776078425555142,0,0.0,0.0,2.4620639206398343,0,0.0,0.0,1.590601759005396
2022-02-01,2787.23,0.0373249867879446,False,1.0,0.0373249867879446,9.229238410595993,0,0.0,0.0,0.29463168306677495,0,0.0,0.0,1.4340712210161755,0,0.0,0.0,3.776078425555142,0,0.0,0.0,3.541674014173228,0,0.0,0.0,3.776078425555142,0,0.0,0.0,2.4620639206398343,0,0.0,0.0,1.590601759005396
2022-02-02,2680.67,-0.038231505831955004,False,1.0,-0.038231505831955004,8.876390728476789,0,0.0,-0.0,0.29463168306677495,0,0.0,-0.0,1.4340712210161755,0,0.0,-0.0,3.776078425555142,0,0.0,-0.0,3.541674014173228,0,0.0,-0.0,3.776078425555142,0,0.0,-0.0,2.4620639206398343,0,0.0,-0.0,1.590601759005396
2022-02-03,2695.46,0.005517277397068643,False,1.0,0.005517277397068643,8.925364238410564,0,0.0,0.0,0.29463168306677495,0,0.0,0.0,1.4340712210161755,0,0.0,0.0,3.776078425555142,0,0.0,0.0,3.541674014173228,0,0.0,0.0,3.776078425555142,0,0.0,0.0,2.4620639206398343,0,0.0,0.0,1.590601759005396
2022-02-04,2994.99,0.11112388979988563,False,1.0,0.11112388979988563,9.91718543046354,0,0.0,0.0,0.29463168306677495,0,0.0,0.0,1.4340712210161755,0,0.0,0.0,3.776078425555142,0,0.0,0.0,3.541674014173228,0,0.0,0.0,3.776078425555142,0,0.0,0.0,2.4620639206398343,0,0.0,0.0,1.590601759005396
2022-02-05,3012.65,0.00589651384478751,False,1.0,0.00589651384478751,9.975662251655594,0,0.0,0.0,0.29463168306677495,0,0.0,0.0,1.4340712210161755,0,0.0,0.0,3.776078425555142,0,0.0,0.0,3.541674014173228,0,0.0,0.0,3.776078425555142,0,0.0,0.0,2.4620639206398343,0,0.0,0.0,1.590601759005396
2022-02-06,3054.99,0.014054071996415063,False,1.0,0.014054071996415063,10.115860927152282,0,0.0,0.0,0.29463168306677495,0,0.0,0.0,1.4340712210161755,0,0.0,0.0,3.776078425555142,0,0.0,0.0,3.541674014173228,0,0.0,0.0,3.776078425555142,0,0.0,0.0,2.4620639206398343,0,0.0,0.0,1.590601759005396
2022-02-07,3139.77,0.02775131833492095,False,1.0,0.02775131833492095,10.396589403973474,0,0.0,0.0,0.29463168306677495,0,0.0,0.0,1.4340712210161755,0,0.0,0.0,3.776078425555142,0,0.0,0.0,3.541674014173228,0,0.0,0.0,3.776078425555142,0,0.0,0.0,2.4620639206398343,0,0.0,0.0,1.590601759005396
2022-02-08,3116.69,-0.007350856909901005,True,1.0,-0.007350856909901005,10.320165562913871,1,0.0,-0.0,0.29463168306677495,0,0.0,-0.0,1.4340712210161755,0,0.0,-0.0,3.776078425555142,0,0.0,-0.0,3.541674014173228,0,0.0,-0.0,3.776078425555142,0,0.0,-0.0,2.4620639206398343,0,0.0,-0.0,1.590601759005396
2022-02-09,3243.94,0.04082857133689899,True,1.0,0.04082857133689899,10.741523178807908,1,1.0,0.03982857133689899,0.30636644207391067,0,0.0,0.0,1.4340712210161755,0,0.0,0.0,3.776078425555142,0,0.0,0.0,3.541674014173228,0,0.0,0.0,3.776078425555142,0,0.0,0.0,2.4620639206398343,0,0.0,0.0,1.590601759005396
2022-02-10,3072.49,-0.05285239554369081,True,1.0,-0.05285239554369081,10.17380794701983,1,1.0,-0.05285239554369081,0.2901742416961071,0,0.0,-0.0,1.4340712210161755,0,0.0,-0.0,3.776078425555142,0,0.0,-0.0,3.541674014173228,0,0.0,-0.0,3.776078425555142,0,0.0,-0.0,2.4620639206398343,0,0.0,-0.0,1.590601759005396
2022-02-11,2927.54,-0.04717671985913696,True,1.0,-0.04717671985913696,9.693841059602613,1,1.0,-0.04717671985913696,0.2764847727852724,0,0.0,-0.0,1.4340712210161755,0,0.0,-0.0,3.776078425555142,0,0.0,-0.0,3.541674014173228,0,0.0,-0.0,3.776078425555142,0,0.0,-0.0,2.4620639206398343,0,0.0,-0.0,1.590601759005396
2022-02-12,2918.88,-0.0029581150044063476,True,1.0,-0.0029581150044063476,9.665165562913872,1,1.0,-0.0029581150044063476,0.2756668990304064,0,0.0,-0.0,1.4340712210161755,0,0.0,-0.0,3.776078425555142,0,0.0,-0.0,3.541674014173228,0,0.0,-0.0,3.776078425555142,0,0.0,-0.0,2.4620639206398343,0,0.0,-0.0,1.590601759005396
2022-02-13,2871.13,-0.01635901441648857,True,1.0,-0.01635901441648857,9.507052980132414,1,1.0,-0.01635901441648857,0.2711572602550193,0,0.0,-0.0,1.4340712210161755,0,0.0,-0.0,3.776078425555142,0,0.0,-0.0,3.541674014173228,0,0.0,-0.0,3.776078425555142,0,0.0,-0.0,2.4620639206398343,0,0.0,-0.0,1.590601759005396
2022-02-14,2929.75,0.02041704833985225,True,1.0,0.02041704833985225,9.701158940397313,1,1.0,0.02041704833985225,0.2766934911453479,0,0.0,0.0,1.4340712210161755,0,0.0,0.0,3.776078425555142,0,0.0,0.0,3.541674014173228,0,0.0,0.0,3.776078425555142,0,0.0,0.0,2.4620639206398343,0,0.0,0.0,1.590601759005396
2022-02-15,3183.52,0.08661831214267424,True,1.0,0.08661831214267424,10.541456953642342,1,1.0,0.08661831214267424,0.3006602143292219,0,0.0,0.0,1.4340712210161755,0,0.0,0.0,3.776078425555142,0,0.0,0.0,3.541674014173228,0,0.0,0.0,3.776078425555142,0,0.0,0.0,2.4620639206398343,0,0.0,0.0,1.590601759005396
2022-02-16,3122.3,-0.019230285972759664,True,1.0,-0.019230285972759664,10.338741721854264,1,1.0,-0.019230285972759664,0.29487843242703976,0,0.0,-0.0,1.4340712210161755,0,0.0,-0.0,3.776078425555142,0,0.0,-0.0,3.541674014173228,0,0.0,-0.0,3.776078425555142,0,0.0,-0.0,2.4620639206398343,0,0.0,-0.0,1.590601759005396
2022-02-17,2891.87,-0.07380136437882334,True,1.0,-0.07380136437882334,9.575728476821155,1,1.0,-0.07380136437882334,0.2731160017880356,0,0.0,-0.0,1.4340712210161755,0,0.0,-0.0,3.776078425555142,0,0.0,-0.0,3.541674014173228,0,0.0,-0.0,3.776078425555142,0,0.0,-0.0,2.4620639206398343,0,0.0,-0.0,1.590601759005396
2022-02-18,2779.48,-0.03886412598076672,True,1.0,-0.03886412598076672,9.203576158940361,1,1.0,-0.03886412598076672,0.2625015870871821,0,0.0,-0.0,1.4340712210161755,0,0.0,-0.0,3.776078425555142,0,0.0,-0.0,3.541674014173228,0,0.0,-0.0,3.776078425555142,0,0.0,-0.0,2.4620639206398343,0,0.0,-0.0,1.590601759005396
2022-02-19,2763.63,-0.005702505504626698,True,1.0,-0.005702505504626698,9.151092715231753,1,1.0,-0.005702505504626698,0.26100467034184416,0,0.0,-0.0,1.4340712210161755,0,0.0,-0.0,3.776078425555142,0,0.0,-0.0,3.541674014173228,0,0.0,-0.0,3.776078425555142,0,0.0,-0.0,2.4620639206398343,0,0.0,-0.0,1.590601759005396
2022-02-20,2621.99,-0.05125143380264374,False,1.0,-0.05125143380264374,8.682086092715197,0,1.0,-0.05125143380264374,0.2476278067576383,0,0.0,-0.0,1.4340712210161755,0,0.0,-0.0,3.776078425555142,0,0.0,-0.0,3.541674014173228,0,0.0,-0.0,3.776078425555142,0,0.0,-0.0,2.4620639206398343,0,0.0,-0.0,1.590601759005396
2022-02-21,2568.02,-0.02058360253090208,False,1.0,-0.02058360253090208,8.503377483443675,0,1.0,-0.02058360253090208,0.24253073440774003,0,0.0,-0.0,1.4340712210161755,0,0.0,-0.0,3.776078425555142,0,0.0,-0.0,3.541674014173228,0,0.0,-0.0,3.776078425555142,0,0.0,-0.0,2.4620639206398343,0,0.0,-0.0,1.590601759005396
2022-02-22,2636.29,0.026584683919907093,False,1.0,0.026584683919907093,8.72943708609268,0,1.0,0.026584683919907093,0.24897833732283273,0,0.0,0.0,1.4340712210161755,0,0.0,0.0,3.776078425555142,0,0.0,0.0,3.541674014173228,0,0.0,0.0,3.776078425555142,0,0.0,0.0,2.4620639206398343,0,0.0,0.0,1.590601759005396
2022-02-23,2579.71,-0.021461978765613732,False,1.0,-0.021461978765613732,8.542086092715198,0,1.0,-0.021461978765613732,0.24363476953411228,0,0.0,-0.0,1.4340712210161755,0,0.0,-0.0,3.776078425555142,0,0.0,-0.0,3.541674014173228,0,0.0,-0.0,3.776078425555142,0,0.0,-0.0,2.4620639206398343,0,0.0,-0.0,1.590601759005396
2022-02-24,2596.2,0.006392191370347744,False,1.0,0.006392191370347744,8.59668874172182,0,1.0,0.006392191370347744,0.2451921296054449,0,0.0,0.0,1.4340712210161755,0,0.0,0.0,3.776078425555142,0,0.0,0.0,3.541674014173228,0,0.0,0.0,3.776078425555142,0,0.0,0.0,2.4620639206398343,0,0.0,0.0,1.590601759005396
2022-02-25,2768.49,0.06636237577998605,False,1.0,0.06636237577998605,9.167185430463539,0,1.0,0.06636237577998605,0.26146366184861647,0,0.0,0.0,1.4340712210161755,0,0.0,0.0,3.776078425555142,0,0.0,0.0,3.541674014173228,0,0.0,0.0,3.776078425555142,0,0.0,0.0,2.4620639206398343,0,0.0,0.0,1.590601759005396
2022-02-26,2779.47,0.003966060921296366,False,1.0,0.003966060921296366,9.203543046357577,0,1.0,0.003966060921296366,0.26250064266021333,0,0.0,0.0,1.4340712210161755,0,0.0,0.0,3.776078425555142,0,0.0,0.0,3.541674014173228,0,0.0,0.0,3.776078425555142,0,0.0,0.0,2.4620639206398343,0,0.0,0.0,1.590601759005396
2022-02-27,2616.79,-0.05852914404544751,False,1.0,-0.05852914404544751,8.664867549668838,0,1.0,-0.05852914404544751,0.24713670473393115,0,0.0,-0.0,1.4340712210161755,0,0.0,-0.0,3.776078425555142,0,0.0,-0.0,3.541674014173228,0,0.0,-0.0,3.776078425555142,0,0.0,-0.0,2.4620639206398343,0,0.0,-0.0,1.590601759005396
2022-02-28,2920.95,0.11623401190007598,False,1.0,0.11623401190007598,9.672019867549627,0,1.0,0.11623401190007598,0.27586239541292046,0,0.0,0.0,1.4340712210161755,0,0.0,0.0,3.776078425555142,0,0.0,0.0,3.541674014173228,0,0.0,0.0,3.776078425555142,0,0.0,0.0,2.4620639206398343,0,0.0,0.0,1.590601759005396
2022-03-01,2976.33,0.018959585066502305,False,1.0,0.018959585066502305,9.855397350993336,0,1.0,0.018959585066502305,0.2810926319654008,0,0.0,0.0,1.4340712210161755,0,0.0,0.0,3.776078425555142,0,0.0,0.0,3.541674014173228,0,0.0,0.0,3.776078425555142,0,0.0,0.0,2.4620639206398343,0,0.0,0.0,1.590601759005396
2022-03-02,2947.3,-0.009753622750165336,False,1.0,-0.009753622750165336,9.759271523178768,0,1.0,-0.009753622750165336,0.27835096047535923,0,0.0,-0.0,1.4340712210161755,0,0.0,-0.0,3.776078425555142,0,0.0,-0.0,3.541674014173228,0,0.0,-0.0,3.776078425555142,0,0.0,-0.0,2.4620639206398343,0,0.0,-0.0,1.590601759005396
2022-03-03,2833.99,-0.038445356767210837,False,1.0,-0.038445356767210837,9.384072847682079,0,1.0,-0.038445356767210837,0.26764965849338823,0,0.0,-0.0,1.4340712210161755,0,0.0,-0.0,3.776078425555142,0,0.0,-0.0,3.541674014173228,0,0.0,-0.0,3.776078425555142,0,0.0,-0.0,2.4620639206398343,0,0.0,-0.0,1.590601759005396
2022-03-04,2622.1,-0.07476737744311024,False,1.0,-0.07476737744311024,8.682450331125791,0,1.0,-0.07476737744311024,0.24763819545429352,0,0.0,-0.0,1.4340712210161755,0,0.0,-0.0,3.776078425555142,0,0.0,-0.0,3.541674014173228,0,0.0,-0.0,3.776078425555142,0,0.0,-0.0,2.4620639206398343,0,0.0,-0.0,1.590601759005396
2022-03-05,2665.15,0.01641813813355708,False,1.0,0.01641813813355708,8.824999999999962,0,1.0,0.01641813813355708,0.25170395355440695,0,0.0,0.0,1.4340712210161755,0,0.0,0.0,3.776078425555142,0,0.0,0.0,3.541674014173228,0,0.0,0.0,3.776078425555142,0,0.0,0.0,2.4620639206398343,0,0.0,0.0,1.590601759005396
2022-03-06,2551.29,-0.042721798022625435,False,1.0,-0.042721798022625435,8.447980132450294,0,1.0,-0.042721798022625435,0.24095070808915928,0,0.0,-0.0,1.4340712210161755,0,0.0,-0.0,3.776078425555142,0,0.0,-0.0,3.541674014173228,0,0.0,-0.0,3.776078425555142,0,0.0,-0.0,2.4620639206398343,0,0.0,-0.0,1.590601759005396
2022-03-07,2491.12,-0.023584147627278784,False,1.0,-0.023584147627278784,8.248741721854268,0,1.0,-0.023584147627278784,0.23526809101868718,0,0.0,-0.0,1.4340712210161755,0,0.0,-0.0,3.776078425555142,0,0.0,-0.0,3.541674014173228,0,0.0,-0.0,3.776078425555142,0,0.0,-0.0,2.4620639206398343,0,0.0,-0.0,1.590601759005396
2022-03-08,2575.97,0.034060984617360734,False,1.0,0.034060984617360734,8.529701986754928,0,1.0,0.034060984617360734,0.2432815538478305,0,0.0,0.0,1.4340712210161755,0,0.0,0.0,3.776078425555142,0,0.0,0.0,3.541674014173228,0,0.0,0.0,3.776078425555142,0,0.0,0.0,2.4620639206398343,0,0.0,0.0,1.590601759005396
2022-03-09,2726.98,0.05862257712628649,False,1.0,0.05862257712628649,9.029735099337708,0,1.0,0.05862257712628649,0.2575433455016778,0,0.0,0.0,1.4340712210161755,0,0.0,0.0,3.776078425555142,0,0.0,0.0,3.541674014173228,0,0.0,0.0,3.776078425555142,0,0.0,0.0,2.4620639206398343,0,0.0,0.0,1.590601759005396
2022-03-10,2606.7,-0.044107400861025825,False,1.0,-0.044107400861025825,8.631456953642346,0,1.0,-0.044107400861025825,0.24618377792254562,0,0.0,-0.0,1.4340712210161755,0,0.0,-0.0,3.776078425555142,0,0.0,-0.0,3.541674014173228,0,0.0,-0.0,3.776078425555142,0,0.0,-0.0,2.4620639206398343,0,0.0,-0.0,1.590601759005396
2022-03-11,2556.86,-0.019119960102811917,False,1.0,-0.019119960102811917,8.466423841059566,0,1.0,-0.019119960102811917,0.24147675391070703,0,0.0,-0.0,1.4340712210161755,0,0.0,-0.0,3.776078425555142,0,0.0,-0.0,3.541674014173228,0,0.0,-0.0,3.776078425555142,0,0.0,-0.0,2.4620639206398343,0,0.0,-0.0,1.590601759005396
2022-03-12,2568.8,0.004669790289652198,False,1.0,0.004669790289652198,8.505960264900626,0,0.0,-0.001,0.24123527715679632,0,0.0,0.0,1.4340712210161755,0,0.0,0.0,3.776078425555142,0,0.0,0.0,3.541674014173228,0,0.0,0.0,3.776078425555142,0,0.0,0.0,2.4620639206398343,0,0.0,0.0,1.590601759005396
2022-03-13,2515.65,-0.020690594830271025,False,1.0,-0.020690594830271025,8.329966887417182,0,0.0,-0.0,0.24123527715679632,0,0.0,-0.0,1.4340712210161755,0,0.0,-0.0,3.776078425555142,0,0.0,-0.0,3.541674014173228,0,0.0,-0.0,3.776078425555142,0,0.0,-0.0,2.4620639206398343,0,0.0,-0.0,1.590601759005396
2022-03-14,2589.41,0.02932045395822147,False,1.0,0.02932045395822147,8.574205298013206,0,0.0,0.0,0.24123527715679632,0,0.0,0.0,1.4340712210161755,0,0.0,0.0,3.776078425555142,0,0.0,0.0,3.541674014173228,0,0.0,0.0,3.776078425555142,0,0.0,0.0,2.4620639206398343,0,0.0,0.0,1.590601759005396
2022-03-15,2617.73,0.0109368543413364,True,1.0,0.0109368543413364,8.66798013245029,1,0.0,0.0,0.24123527715679632,0,0.0,0.0,1.4340712210161755,0,0.0,0.0,3.776078425555142,0,0.0,0.0,3.541674014173228,0,0.0,0.0,3.776078425555142,0,0.0,0.0,2.4620639206398343,0,0.0,0.0,1.590601759005396
2022-03-16,2773.81,0.059624178200196276,True,1.0,0.059624178200196276,9.184801324503267,1,1.0,0.058624178200196275,0.2553774970330101,0,0.0,0.0,1.4340712210161755,0,0.0,0.0,3.776078425555142,0,0.0,0.0,3.541674014173228,0,0.0,0.0,3.776078425555142,0,0.0,0.0,2.4620639206398343,0,0.0,0.0,1.590601759005396
2022-03-17,2811.92,0.013739225109145936,True,1.0,0.013739225109145936,9.310993377483399,1,1.0,0.013739225109145936,0.25888618595255686,0,0.0,0.0,1.4340712210161755,0,0.0,0.0,3.776078425555142,0,0.0,0.0,3.541674014173228,0,0.0,0.0,3.776078425555142,0,0.0,0.0,2.4620639206398343,0,0.0,0.0,1.590601759005396
2022-03-18,2938.92,0.04516486955532173,True,1.0,0.04516486955532173,9.731523178807901,1,1.0,0.04516486955532173,0.27057874677077887,0,0.0,0.0,1.4340712210161755,0,0.0,0.0,3.776078425555142,0,0.0,0.0,3.541674014173228,0,0.0,0.0,3.776078425555142,0,0.0,0.0,2.4620639206398343,0,0.0,0.0,1.590601759005396
2022-03-19,2950.84,0.00405591169545283,True,1.0,0.00405591169545283,9.770993377483398,1,1.0,0.00405591169545283,0.2716761902743474,0,0.0,0.0,1.4340712210161755,0,0.0,0.0,3.776078425555142,0,0.0,0.0,3.541674014173228,0,0.0,0.0,3.776078425555142,0,0.0,0.0,2.4620639206398343,0,0.0,0.0,1.590601759005396
2022-03-20,2861.38,-0.030316791150994282,False,1.0,-0.030316791150994282,9.474768211920486,0,1.0,-0.030316791150994282,0.2634398399531022,0,0.0,-0.0,1.4340712210161755,0,0.0,-0.0,3.776078425555142,0,0.0,-0.0,3.541674014173228,0,0.0,-0.0,3.776078425555142,0,0.0,-0.0,2.4620639206398343,0,0.0,-0.0,1.590601759005396
2022-03-21,2890.03,0.01001265123821371,False,1.0,0.01001265123821371,9.569635761589359,0,1.0,0.01001265123821371,0.26607757119280345,0,0.0,0.0,1.4340712210161755,0,0.0,0.0,3.776078425555142,0,0.0,0.0,3.541674014173228,0,0.0,0.0,3.776078425555142,0,0.0,0.0,2.4620639206398343,0,0.0,0.0,1.590601759005396
2022-03-22,2969.64,0.027546426853700456,True,1.0,0.027546426853700456,9.833245033112537,1,1.0,0.027546426853700456,0.27340705754507627,0,0.0,0.0,1.4340712210161755,0,0.0,0.0,3.776078425555142,0,0.0,0.0,3.541674014173228,0,0.0,0.0,3.776078425555142,0,0.0,0.0,2.4620639206398343,0,0.0,0.0,1.590601759005396
2022-03-23,3036.0,0.022346142966824356,True,1.0,0.022346142966824356,10.052980132450285,1,1.0,0.022346142966824356,0.2795166507411173,0,0.0,0.0,1.4340712210161755,0,0.0,0.0,3.776078425555142,0,0.0,0.0,3.541674014173228,0,0.0,0.0,3.776078425555142,0,0.0,0.0,2.4620639206398343,0,0.0,0.0,1.590601759005396
2022-03-24,3110.76,0.0246245059288539,True,1.0,0.0246245059288539,10.300529801324458,1,1.0,0.0246245059288539,0.2863996101645053,0,0.0,0.0,1.4340712210161755,0,0.0,0.0,3.776078425555142,0,0.0,0.0,3.541674014173228,0,0.0,0.0,3.776078425555142,0,0.0,0.0,2.4620639206398343,0,0.0,0.0,1.590601759005396
2022-03-25,3102.14,-0.0027710270159061468,True,1.0,-0.0027710270159061468,10.271986754966841,1,1.0,-0.0027710270159061468,0.2856059891073945,0,0.0,-0.0,1.4340712210161755,0,0.0,-0.0,3.776078425555142,0,0.0,-0.0,3.541674014173228,0,0.0,-0.0,3.776078425555142,0,0.0,-0.0,2.4620639206398343,0,0.0,-0.0,1.590601759005396
2022-03-26,3145.0,0.01381626876930131,True,1.0,0.01381626876930131,10.413907284768166,1,1.0,0.01381626876930131,0.28955199821502436,0,0.0,0.0,1.4340712210161755,0,0.0,0.0,3.776078425555142,0,0.0,0.0,3.541674014173228,0,0.0,0.0,3.776078425555142,0,0.0,0.0,2.4620639206398343,0,0.0,0.0,1.590601759005396
2022-03-27,3295.65,0.04790143084260734,True,1.0,0.04790143084260734,10.912748344370813,1,1.0,0.04790143084260734,0.30342195323286014,0,0.0,0.0,1.4340712210161755,0,0.0,0.0,3.776078425555142,0,0.0,0.0,3.541674014173228,0,0.0,0.0,3.776078425555142,0,0.0,0.0,2.4620639206398343,0,0.0,0.0,1.590601759005396
2022-03-28,3332.92,0.011308846509793247,True,1.0,0.011308846509793247,11.036158940397303,1,1.0,0.011308846509793247,0.3068533055296722,0,0.0,0.0,1.4340712210161755,0,0.0,0.0,3.776078425555142,0,0.0,0.0,3.541674014173228,0,0.0,0.0,3.776078425555142,0,0.0,0.0,2.4620639206398343,0,0.0,0.0,1.590601759005396
2022-03-29,3400.51,0.02027951465981781,True,1.0,0.02027951465981781,11.25996688741717,1,1.0,0.02027951465981781,0.31307614163757475,0,0.0,0.0,1.4340712210161755,0,0.0,0.0,3.776078425555142,0,0.0,0.0,3.541674014173228,0,0.0,0.0,3.776078425555142,0,0.0,0.0,2.4620639206398343,0,0.0,0.0,1.590601759005396
2022-03-30,3385.79,-0.004328762450338419,True,1.0,-0.004328762450338419,11.211225165562864,1,1.0,-0.004328762450338419,0.31172090939155717,0,0.0,-0.0,1.4340712210161755,0,0.0,-0.0,3.776078425555142,0,0.0,-0.0,3.541674014173228,0,0.0,-0.0,3.776078425555142,0,0.0,-0.0,2.4620639206398343,0,0.0,-0.0,1.590601759005396
2022-03-31,3281.51,-0.030799311239031235,True,1.0,-0.030799311239031235,10.865927152317834,1,1.0,-0.030799311239031235,0.30212012008349276,0,0.0,-0.0,1.4340712210161755,0,0.0,-0.0,3.776078425555142,0,0.0,-0.0,3.541674014173228,0,0.0,-0.0,3.776078425555142,0,0.0,-0.0,2.4620639206398343,0,0.0,-0.0,1.590601759005396
2022-04-01,3455.21,0.05293294855112429,True,1.0,0.05293294855112429,11.441092715231738,1,1.0,0.05293294855112429,0.3181122288561318,0,0.0,0.0,1.4340712210161755,0,0.0,0.0,3.776078425555142,0,0.0,0.0,3.541674014173228,0,0.0,0.0,3.776078425555142,0,0.0,0.0,2.4620639206398343,0,0.0,0.0,1.590601759005396
2022-04-02,3443.77,-0.003310942026678587,True,1.0,-0.003310942026678587,11.40321192052975,1,1.0,-0.003310942026678587,0.3170589777084116,0,0.0,-0.0,1.4340712210161755,0,0.0,-0.0,3.776078425555142,0,0.0,-0.0,3.541674014173228,0,0.0,-0.0,3.776078425555142,0,0.0,-0.0,2.4620639206398343,0,0.0,-0.0,1.590601759005396
2022-04-03,3521.91,0.022690249348824132,True,1.0,0.022690249348824132,11.661953642384054,1,1.0,0.022690249348824132,0.32425312497089875,0,0.0,0.0,1.4340712210161755,0,0.0,0.0,3.776078425555142,0,0.0,0.0,3.541674014173228,0,0.0,0.0,3.776078425555142,0,0.0,0.0,2.4620639206398343,0,0.0,0.0,1.590601759005396
2022-04-04,3519.5,-0.0006842877870245623,True,1.0,-0.0006842877870245623,11.653973509933724,1,1.0,-0.0006842877870245623,0.32403124251757665,0,0.0,-0.0,1.4340712210161755,0,0.0,-0.0,3.776078425555142,0,0.0,-0.0,3.541674014173228,0,0.0,-0.0,3.776078425555142,0,0.0,-0.0,2.4620639206398343,0,0.0,-0.0,1.590601759005396
2022-04-05,3406.99,-0.031967609035374434,True,1.0,-0.031967609035374434,11.281423841059553,1,1.0,-0.031967609035374434,0.31367273844152815,0,0.0,-0.0,1.4340712210161755,0,0.0,-0.0,3.776078425555142,0,0.0,-0.0,3.541674014173228,0,0.0,-0.0,3.776078425555142,0,0.0,-0.0,2.4620639206398343,0,0.0,-0.0,1.590601759005396
2022-04-06,3168.51,-0.06999727031778769,True,1.0,-0.06999727031778769,10.491754966887372,1,1.0,-0.06999727031778769,0.2917165029775158,0,0.0,-0.0,1.4340712210161755,0,0.0,-0.0,3.776078425555142,0,0.0,-0.0,3.541674014173228,0,0.0,-0.0,3.776078425555142,0,0.0,-0.0,2.4620639206398343,0,0.0,-0.0,1.590601759005396
2022-04-07,3227.19,0.018519745874243654,True,1.0,0.018519745874243654,10.68605960264896,1,1.0,0.018519745874243654,0.2971190184799824,0,0.0,0.0,1.4340712210161755,0,0.0,0.0,3.776078425555142,0,0.0,0.0,3.541674014173228,0,0.0,0.0,3.776078425555142,0,0.0,0.0,2.4620639206398343,0,0.0,0.0,1.590601759005396
2022-04-08,3192.39,-0.010783375010458118,True,1.0,-0.010783375010458118,10.570827814569489,1,1.0,-0.010783375010458118,0.2939150726809735,0,0.0,-0.0,1.4340712210161755,0,0.0,-0.0,3.776078425555142,0,0.0,-0.0,3.541674014173228,0,0.0,-0.0,3.776078425555142,0,0.0,-0.0,2.4620639206398343,0,0.0,-0.0,1.590601759005396
2022-04-09,3258.57,0.020730549838835488,True,1.0,0.020730549838835488,10.78996688741717,1,1.0,0.020730549838835488,0.3000080937435714,0,0.0,0.0,1.4340712210161755,0,0.0,0.0,3.776078425555142,0,0.0,0.0,3.541674014173228,0,0.0,0.0,3.776078425555142,0,0.0,0.0,2.4620639206398343,0,0.0,0.0,1.590601759005396
2022-04-10,3203.04,-0.017041217466557512,True,1.0,-0.017041217466557512,10.606092715231739,1,1.0,-0.017041217466557512,0.29489559057635983,0,0.0,-0.0,1.4340712210161755,0,0.0,-0.0,3.776078425555142,0,0.0,-0.0,3.541674014173228,0,0.0,-0.0,3.776078425555142,0,0.0,-0.0,2.4620639206398343,0,0.0,-0.0,1.590601759005396
2022-04-11,2979.74,-0.06971502073030622,True,1.0,-0.06971502073030622,9.86668874172181,1,1.0,-0.06971502073030622,0.274336938366053,0,0.0,-0.0,1.4340712210161755,0,0.0,-0.0,3.776078425555142,0,0.0,-0.0,3.541674014173228,0,0.0,-0.0,3.776078425555142,0,0.0,-0.0,2.4620639206398343,0,0.0,-0.0,1.590601759005396
2022-04-12,3027.66,0.016081940035036713,False,1.0,0.016081940035036713,10.025364238410551,0,1.0,0.016081940035036713,0.2787488085582514,0,0.0,0.0,1.4340712210161755,0,0.0,0.0,3.776078425555142,0,0.0,0.0,3.541674014173228,0,0.0,0.0,3.776078425555142,0,0.0,0.0,2.4620639206398343,0,0.0,0.0,1.590601759005396
2022-04-13,3118.28,0.029930705561390658,True,1.0,0.029930705561390658,10.325430463576113,1,1.0,0.029930705561390658,0.2870919570727969,0,0.0,0.0,1.4340712210161755,0,0.0,0.0,3.776078425555142,0,0.0,0.0,3.541674014173228,0,0.0,0.0,3.776078425555142,0,0.0,0.0,2.4620639206398343,0,0.0,0.0,1.590601759005396
2022-04-14,3021.98,-0.030882409533460775,False,1.0,-0.030882409533460775,10.006556291390684,0,1.0,-0.030882409533460775,0.27822586568071206,0,0.0,-0.0,1.4340712210161755,0,0.0,-0.0,3.776078425555142,0,0.0,-0.0,3.541674014173228,0,0.0,-0.0,3.776078425555142,0,0.0,-0.0,2.4620639206398343,0,0.0,-0.0,1.590601759005396
2022-04-15,3040.56,0.006148286884757548,False,1.0,0.006148286884757548,10.06807947019863,0,1.0,0.006148286884757548,0.2799364781216771,0,0.0,0.0,1.4340712210161755,0,0.0,0.0,3.776078425555142,0,0.0,0.0,3.541674014173228,0,0.0,0.0,3.776078425555142,0,0.0,0.0,2.4620639206398343,0,0.0,0.0,1.590601759005396
2022-04-16,3059.3,0.006163338332412449,False,1.0,0.006163338332412449,10.130132450331079,0,1.0,0.006163338332412449,0.28166182134792495,0,0.0,0.0,1.4340712210161755,0,0.0,0.0,3.776078425555142,0,0.0,0.0,3.541674014173228,0,0.0,0.0,3.776078425555142,0,0.0,0.0,2.4620639206398343,0,0.0,0.0,1.590601759005396
2022-04-17,2988.06,-0.023286372699637292,False,1.0,-0.023286372699637292,9.89423841059598,0,1.0,-0.023286372699637292,0.2751029392007585,0,0.0,-0.0,1.4340712210161755,0,0.0,-0.0,3.776078425555142,0,0.0,-0.0,3.541674014173228,0,0.0,-0.0,3.776078425555142,0,0.0,-0.0,2.4620639206398343,0,0.0,-0.0,1.590601759005396
2022-04-18,3055.56,0.022589907833175937,False,1.0,0.022589907833175937,10.117748344370812,0,1.0,0.022589907833175937,0.28131748924193944,0,0.0,0.0,1.4340712210161755,0,0.0,0.0,3.776078425555142,0,0.0,0.0,3.541674014173228,0,0.0,0.0,3.776078425555142,0,0.0,0.0,2.4620639206398343,0,0.0,0.0,1.590601759005396
2022-04-19,3101.77,0.015123250729817128,False,1.0,0.015123250729817128,10.270761589403923,0,1.0,0.015123250729817128,0.2855719241664279,0,0.0,0.0,1.4340712210161755,0,0.0,0.0,3.776078425555142,0,0.0,0.0,3.541674014173228,0,0.0,0.0,3.776078425555142,0,0.0,0.0,2.4620639206398343,0,0.0,0.0,1.590601759005396
2022-04-20,3076.04,-0.008295263672032371,False,1.0,-0.008295263672032371,10.185562913907235,0,1.0,-0.008295263672032371,0.28320302975813777,0,0.0,-0.0,1.4340712210161755,0,0.0,-0.0,3.776078425555142,0,0.0,-0.0,3.541674014173228,0,0.0,-0.0,3.776078425555142,0,0.0,-0.0,2.4620639206398343,0,0.0,-0.0,1.590601759005396
2022-04-21,2983.58,-0.030058126682357855,False,1.0,-0.030058126682357855,9.879403973509886,0,1.0,-0.030058126682357855,0.2746904772128401,0,0.0,-0.0,1.4340712210161755,0,0.0,-0.0,3.776078425555142,0,0.0,-0.0,3.541674014173228,0,0.0,-0.0,3.776078425555142,0,0.0,-0.0,2.4620639206398343,0,0.0,-0.0,1.590601759005396
2022-04-22,2962.39,-0.007102206074581563,False,1.0,-0.007102206074581563,9.80923841059598,0,1.0,-0.007102206074581563,0.2727395688369494,0,0.0,-0.0,1.4340712210161755,0,0.0,-0.0,3.776078425555142,0,0.0,-0.0,3.541674014173228,0,0.0,-0.0,3.776078425555142,0,0.0,-0.0,2.4620639206398343,0,0.0,-0.0,1.590601759005396
2022-04-23,2933.03,-0.009910916523482638,False,1.0,-0.009910916523482638,9.712019867549623,0,1.0,-0.009910916523482638,0.27003646973755574,0,0.0,-0.0,1.4340712210161755,0,0.0,-0.0,3.776078425555142,0,0.0,-0.0,3.541674014173228,0,0.0,-0.0,3.776078425555142,0,0.0,-0.0,2.4620639206398343,0,0.0,-0.0,1.590601759005396
2022-04-24,2921.0,-0.004101560502279278,False,1.0,-0.004101560502279278,9.67218543046353,0,1.0,-0.004101560502279278,0.26892889881910526,0,0.0,-0.0,1.4340712210161755,0,0.0,-0.0,3.776078425555142,0,0.0,-0.0,3.541674014173228,0,0.0,-0.0,3.776078425555142,0,0.0,-0.0,2.4620639206398343,0,0.0,-0.0,1.590601759005396
2022-04-25,3006.62,0.029311879493324255,False,1.0,0.029311879493324255,9.955695364238364,0,1.0,0.029311879493324255,0.2768117102935633,0,0.0,0.0,1.4340712210161755,0,0.0,0.0,3.776078425555142,0,0.0,0.0,3.541674014173228,0,0.0,0.0,3.776078425555142,0,0.0,0.0,2.4620639206398343,0,0.0,0.0,1.590601759005396
2022-04-26,2809.67,-0.06550545130412222,False,1.0,-0.06550545130412222,9.303543046357573,0,1.0,-0.06550545130412222,0.2586790342845175,0,0.0,-0.0,1.4340712210161755,0,0.0,-0.0,3.776078425555142,0,0.0,-0.0,3.541674014173228,0,0.0,-0.0,3.776078425555142,0,0.0,-0.0,2.4620639206398343,0,0.0,-0.0,1.590601759005396
2022-04-27,2888.96,0.028220395989564606,False,1.0,0.028220395989564606,9.566092715231743,0,1.0,0.028220395989564606,0.2659790590662247,0,0.0,0.0,1.4340712210161755,0,0.0,0.0,3.776078425555142,0,0.0,0.0,3.541674014173228,0,0.0,0.0,3.776078425555142,0,0.0,0.0,2.4620639206398343,0,0.0,0.0,1.590601759005396
2022-04-28,2936.93,0.0166045912715993,False,1.0,0.0166045912715993,9.72493377483439,0,1.0,0.0166045912715993,0.27039553262882393,0,0.0,0.0,1.4340712210161755,0,0.0,0.0,3.776078425555142,0,0.0,0.0,3.541674014173228,0,0.0,0.0,3.776078425555142,0,0.0,0.0,2.4620639206398343,0,0.0,0.0,1.590601759005396
2022-04-29,2817.13,-0.04079089389260204,False,1.0,-0.04079089389260204,9.32824503311254,0,1.0,-0.04079089389260204,0.25936585714832794,0,0.0,-0.0,1.4340712210161755,0,0.0,-0.0,3.776078425555142,0,0.0,-0.0,3.541674014173228,0,0.0,-0.0,3.776078425555142,0,0.0,-0.0,2.4620639206398343,0,0.0,-0.0,1.590601759005396
2022-04-30,2726.66,-0.032114243929105224,False,1.0,-0.032114243929105224,9.028675496688699,0,1.0,-0.032114243929105224,0.25103651874498506,0,0.0,-0.0,1.4340712210161755,0,0.0,-0.0,3.776078425555142,0,0.0,-0.0,3.541674014173228,0,0.0,-0.0,3.776078425555142,0,0.0,-0.0,2.4620639206398343,0,0.0,-0.0,1.590601759005396
2022-05-01,2824.81,0.035996420529145645,False,1.0,0.035996420529145645,9.353675496688698,0,1.0,0.035996420529145645,0.2600729348419023,0,0.0,0.0,1.4340712210161755,0,0.0,0.0,3.776078425555142,0,0.0,0.0,3.541674014173228,0,0.0,0.0,3.776078425555142,0,0.0,0.0,2.4620639206398343,0,0.0,0.0,1.590601759005396
2022-05-02,2856.54,0.011232613874915476,False,1.0,0.011232613874915476,9.45874172185426,0,1.0,0.011232613874915476,0.26299423369829744,0,0.0,0.0,1.4340712210161755,0,0.0,0.0,3.776078425555142,0,0.0,0.0,3.541674014173228,0,0.0,0.0,3.776078425555142,0,0.0,0.0,2.4620639206398343,0,0.0,0.0,1.590601759005396
2022-05-03,2781.7,-0.026199528100429248,False,1.0,-0.026199528100429248,9.210927152317836,0,1.0,-0.026199528100429248,0.256103908882268,0,0.0,-0.0,1.4340712210161755,0,0.0,-0.0,3.776078425555142,0,0.0,-0.0,3.541674014173228,0,0.0,-0.0,3.776078425555142,0,0.0,-0.0,2.4620639206398343,0,0.0,-0.0,1.590601759005396
2022-05-04,2940.64,0.057137721537189545,False,1.0,0.057137721537189545,9.73721854304631,0,0.0,-0.001,0.2558478049733858,0,0.0,0.0,1.4340712210161755,0,0.0,0.0,3.776078425555142,0,0.0,0.0,3.541674014173228,0,0.0,0.0,3.776078425555142,0,0.0,0.0,2.4620639206398343,0,0.0,0.0,1.590601759005396
2022-05-05,2747.97,-0.06551975080254646,False,1.0,-0.06551975080254646,9.099238410595982,0,0.0,-0.0,0.2558478049733858,0,0.0,-0.0,1.4340712210161755,0,0.0,-0.0,3.776078425555142,0,0.0,-0.0,3.541674014173228,0,0.0,-0.0,3.776078425555142,0,0.0,-0.0,2.4620639206398343,0,0.0,-0.0,1.590601759005396
2022-05-06,2692.85,-0.020058443141664495,False,1.0,-0.020058443141664495,8.916721854304592,0,0.0,-0.0,0.2558478049733858,0,0.0,-0.0,1.4340712210161755,0,0.0,-0.0,3.776078425555142,0,0.0,-0.0,3.541674014173228,0,0.0,-0.0,3.776078425555142,0,0.0,-0.0,2.4620639206398343,0,0.0,-0.0,1.590601759005396
2022-05-07,2635.34,-0.02135655532242786,False,1.0,-0.02135655532242786,8.726291390728434,0,0.0,-0.0,0.2558478049733858,0,0.0,-0.0,1.4340712210161755,0,0.0,-0.0,3.776078425555142,0,0.0,-0.0,3.541674014173228,0,0.0,-0.0,3.776078425555142,0,0.0,-0.0,2.4620639206398343,0,0.0,-0.0,1.590601759005396
2022-05-08,2519.71,-0.04387669143260453,False,1.0,-0.04387669143260453,8.34341059602645,0,0.0,-0.0,0.2558478049733858,0,0.0,-0.0,1.4340712210161755,0,0.0,-0.0,3.776078425555142,0,0.0,-0.0,3.541674014173228,0,0.0,-0.0,3.776078425555142,0,0.0,-0.0,2.4620639206398343,0,0.0,-0.0,1.590601759005396
2022-05-09,2228.55,-0.11555298030328887,False,1.0,-0.11555298030328887,7.379304635761554,0,0.0,-0.0,0.2558478049733858,0,0.0,-0.0,1.4340712210161755,0,0.0,-0.0,3.776078425555142,0,0.0,-0.0,3.541674014173228,0,0.0,-0.0,3.776078425555142,0,0.0,-0.0,2.4620639206398343,0,0.0,-0.0,1.590601759005396
2022-05-10,2342.05,0.05092997689080336,False,1.0,0.05092997689080336,7.755132450331088,0,0.0,0.0,0.2558478049733858,0,0.0,0.0,1.4340712210161755,0,0.0,0.0,3.776078425555142,0,0.0,0.0,3.541674014173228,0,0.0,0.0,3.776078425555142,0,0.0,0.0,2.4620639206398343,0,0.0,0.0,1.590601759005396
2022-05-11,2084.99,-0.10975854486454195,False,1.0,-0.10975854486454195,6.903940397350958,0,0.0,-0.0,0.2558478049733858,0,0.0,-0.0,1.4340712210161755,0,0.0,-0.0,3.776078425555142,0,0.0,-0.0,3.541674014173228,0,0.0,-0.0,3.776078425555142,0,0.0,-0.0,2.4620639206398343,0,0.0,-0.0,1.590601759005396
2022-05-12,1960.22,-0.05984201363076069,False,1.0,-0.05984201363076069,6.490794701986722,0,0.0,-0.0,0.2558478049733858,0,0.0,-0.0,1.4340712210161755,0,0.0,-0.0,3.776078425555142,0,0.0,-0.0,3.541674014173228,0,0.0,-0.0,3.776078425555142,0,0.0,-0.0,2.4620639206398343,0,0.0,-0.0,1.590601759005396
2022-05-13,2009.69,0.0252369631980085,False,1.0,0.0252369631980085,6.6546026490065895,0,0.0,0.0,0.2558478049733858,0,0.0,0.0,1.4340712210161755,0,0.0,0.0,3.776078425555142,0,0.0,0.0,3.541674014173228,0,0.0,0.0,3.776078425555142,0,0.0,0.0,2.4620639206398343,0,0.0,0.0,1.590601759005396
2022-05-14,2056.48,0.023282197751891998,False,1.0,0.023282197751891998,6.809536423841025,0,0.0,0.0,0.2558478049733858,0,0.0,0.0,1.4340712210161755,0,0.0,0.0,3.776078425555142,0,0.0,0.0,3.541674014173228,0,0.0,0.0,3.776078425555142,0,0.0,0.0,2.4620639206398343,0,0.0,0.0,1.590601759005396
2022-05-15,2145.29,0.043185443087216946,False,1.0,0.043185443087216946,7.103609271523142,0,0.0,0.0,0.2558478049733858,0,0.0,0.0,1.4340712210161755,0,0.0,0.0,3.776078425555142,0,0.0,0.0,3.541674014173228,0,0.0,0.0,3.776078425555142,0,0.0,0.0,2.4620639206398343,0,0.0,0.0,1.590601759005396
2022-05-16,2023.66,-0.05669629747027205,False,1.0,-0.05669629747027205,6.700860927152283,0,0.0,-0.0,0.2558478049733858,0,0.0,-0.0,1.4340712210161755,0,0.0,-0.0,3.776078425555142,0,0.0,-0.0,3.541674014173228,0,0.0,-0.0,3.776078425555142,0,0.0,-0.0,2.4620639206398343,0,0.0,-0.0,1.590601759005396
2022-05-17,2090.72,0.033137977723530554,False,1.0,0.033137977723530554,6.922913907284732,0,0.0,0.0,0.2558478049733858,0,0.0,0.0,1.4340712210161755,0,0.0,0.0,3.776078425555142,0,0.0,0.0,3.541674014173228,0,0.0,0.0,3.776078425555142,0,0.0,0.0,2.4620639206398343,0,0.0,0.0,1.590601759005396
2022-05-18,1915.11,-0.08399498737277111,False,1.0,-0.08399498737277111,6.341423841059569,0,0.0,-0.0,0.2558478049733858,0,0.0,-0.0,1.4340712210161755,0,0.0,-0.0,3.776078425555142,0,0.0,-0.0,3.541674014173228,0,0.0,-0.0,3.776078425555142,0,0.0,-0.0,2.4620639206398343,0,0.0,-0.0,1.590601759005396
2022-05-19,2019.55,0.0545347264647984,False,1.0,0.0545347264647984,6.687251655629104,0,0.0,0.0,0.2558478049733858,0,0.0,0.0,1.4340712210161755,0,0.0,0.0,3.776078425555142,0,0.0,0.0,3.541674014173228,0,0.0,0.0,3.776078425555142,0,0.0,0.0,2.4620639206398343,0,0.0,0.0,1.590601759005396
2022-05-20,1959.08,-0.02994231388180535,False,1.0,-0.02994231388180535,6.487019867549635,0,0.0,-0.0,0.2558478049733858,0,0.0,-0.0,1.4340712210161755,0,0.0,-0.0,3.776078425555142,0,0.0,-0.0,3.541674014173228,0,0.0,-0.0,3.776078425555142,0,0.0,-0.0,2.4620639206398343,0,0.0,-0.0,1.590601759005396
2022-05-21,1975.07,0.008161994405537332,False,1.0,0.008161994405537332,6.539966887417185,0,0.0,0.0,0.2558478049733858,0,0.0,0.0,1.4340712210161755,0,0.0,0.0,3.776078425555142,0,0.0,0.0,3.541674014173228,0,0.0,0.0,3.776078425555142,0,0.0,0.0,2.4620639206398343,0,0.0,0.0,1.590601759005396
2022-05-22,2043.19,0.034489916813075006,False,1.0,0.034489916813075006,6.765529801324469,0,0.0,0.0,0.2558478049733858,0,0.0,0.0,1.4340712210161755,0,0.0,0.0,3.776078425555142,0,0.0,0.0,3.541674014173228,0,0.0,0.0,3.776078425555142,0,0.0,0.0,2.4620639206398343,0,0.0,0.0,1.590601759005396
2022-05-23,1973.32,-0.03419652602058554,False,1.0,-0.03419652602058554,6.53417218543043,0,0.0,-0.0,0.2558478049733858,0,0.0,-0.0,1.4340712210161755,0,0.0,-0.0,3.776078425555142,0,0.0,-0.0,3.541674014173228,0,0.0,-0.0,3.776078425555142,0,0.0,-0.0,2.4620639206398343,0,0.0,-0.0,1.590601759005396
2022-05-24,1979.41,0.003086169501145264,False,1.0,0.003086169501145264,6.554337748344337,0,0.0,0.0,0.2558478049733858,0,0.0,0.0,1.4340712210161755,0,0.0,0.0,3.776078425555142,0,0.0,0.0,3.541674014173228,0,0.0,0.0,3.776078425555142,0,0.0,0.0,2.4620639206398343,0,0.0,0.0,1.590601759005396
2022-05-25,1942.63,-0.01858129442611689,False,1.0,-0.01858129442611689,6.432549668874139,0,0.0,-0.0,0.2558478049733858,0,0.0,-0.0,1.4340712210161755,0,0.0,-0.0,3.776078425555142,0,0.0,-0.0,3.541674014173228,0,0.0,-0.0,3.776078425555142,0,0.0,-0.0,2.4620639206398343,0,0.0,-0.0,1.590601759005396
2022-05-26,1792.23,-0.07742081611011875,False,1.0,-0.07742081611011875,5.934536423841029,0,0.0,-0.0,0.2558478049733858,0,0.0,-0.0,1.4340712210161755,0,0.0,-0.0,3.776078425555142,0,0.0,-0.0,3.541674014173228,0,0.0,-0.0,3.776078425555142,0,0.0,-0.0,2.4620639206398343,0,0.0,-0.0,1.590601759005396
2022-05-27,1727.27,-0.03624534797431134,False,1.0,-0.03624534797431134,5.719437086092686,0,0.0,-0.0,0.2558478049733858,0,0.0,-0.0,1.4340712210161755,0,0.0,-0.0,3.776078425555142,0,0.0,-0.0,3.541674014173228,0,0.0,-0.0,3.776078425555142,0,0.0,-0.0,2.4620639206398343,0,0.0,-0.0,1.590601759005396
2022-05-28,1792.22,0.03760269095161739,False,1.0,0.03760269095161739,5.934503311258248,0,0.0,0.0,0.2558478049733858,0,0.0,0.0,1.4340712210161755,0,0.0,0.0,3.776078425555142,0,0.0,0.0,3.541674014173228,0,0.0,0.0,3.776078425555142,0,0.0,0.0,2.4620639206398343,0,0.0,0.0,1.590601759005396
2022-05-29,1813.64,0.011951657720592479,False,1.0,0.011951657720592479,6.005430463576129,0,0.0,0.0,0.2558478049733858,0,0.0,0.0,1.4340712210161755,0,0.0,0.0,3.776078425555142,0,0.0,0.0,3.541674014173228,0,0.0,0.0,3.776078425555142,0,0.0,0.0,2.4620639206398343,0,0.0,0.0,1.590601759005396
2022-05-30,1998.78,0.10208200083809338,False,1.0,0.10208200083809338,6.618476821192019,0,0.0,0.0,0.2558478049733858,0,0.0,0.0,1.4340712210161755,0,0.0,0.0,3.776078425555142,0,0.0,0.0,3.541674014173228,0,0.0,0.0,3.776078425555142,0,0.0,0.0,2.4620639206398343,0,0.0,0.0,1.590601759005396
2022-05-31,1941.9,-0.028457358988983272,False,1.0,-0.028457358988983272,6.430132450331093,0,0.0,-0.0,0.2558478049733858,0,0.0,-0.0,1.4340712210161755,0,0.0,-0.0,3.776078425555142,0,0.0,-0.0,3.541674014173228,0,0.0,-0.0,3.776078425555142,0,0.0,-0.0,2.4620639206398343,0,0.0,-0.0,1.590601759005396
2022-06-01,1817.95,-0.06382923940470675,False,1.0,-0.06382923940470675,6.019701986754936,0,0.0,-0.0,0.2558478049733858,0,0.0,-0.0,1.4340712210161755,0,0.0,-0.0,3.776078425555142,0,0.0,-0.0,3.541674014173228,0,0.0,-0.0,3.776078425555142,0,0.0,-0.0,2.4620639206398343,0,0.0,-0.0,1.590601759005396
2022-06-02,1834.08,0.008872631260485653,False,1.0,0.008872631260485653,6.073112582781425,0,0.0,0.0,0.2558478049733858,0,0.0,0.0,1.4340712210161755,0,0.0,0.0,3.776078425555142,0,0.0,0.0,3.541674014173228,0,0.0,0.0,3.776078425555142,0,0.0,0.0,2.4620639206398343,0,0.0,0.0,1.590601759005396
2022-06-03,1775.12,-0.03214690744133297,False,1.0,-0.03214690744133297,5.877880794701956,0,0.0,-0.0,0.2558478049733858,0,0.0,-0.0,1.4340712210161755,0,0.0,-0.0,3.776078425555142,0,0.0,-0.0,3.541674014173228,0,0.0,-0.0,3.776078425555142,0,0.0,-0.0,2.4620639206398343,0,0.0,-0.0,1.590601759005396
2022-06-04,1804.58,0.016596061111361582,False,1.0,0.016596061111361582,5.975430463576128,0,0.0,0.0,0.2558478049733858,0,0.0,0.0,1.4340712210161755,0,0.0,0.0,3.776078425555142,0,0.0,0.0,3.541674014173228,0,0.0,0.0,3.776078425555142,0,0.0,0.0,2.4620639206398343,0,0.0,0.0,1.590601759005396
2022-06-05,1806.23,0.000914340178878259,False,1.0,0.000914340178878259,5.980894039735069,0,0.0,0.0,0.2558478049733858,0,0.0,0.0,1.4340712210161755,0,0.0,0.0,3.776078425555142,0,0.0,0.0,3.541674014173228,0,0.0,0.0,3.776078425555142,0,0.0,0.0,2.4620639206398343,0,0.0,0.0,1.590601759005396
2022-06-06,1859.84,0.029680605459991183,False,1.0,0.029680605459991183,6.158410596026458,0,0.0,0.0,0.2558478049733858,0,0.0,0.0,1.4340712210161755,0,0.0,0.0,3.776078425555142,0,0.0,0.0,3.541674014173228,0,0.0,0.0,3.776078425555142,0,0.0,0.0,2.4620639206398343,0,0.0,0.0,1.590601759005396
2022-06-07,1813.33,-0.02500752752924984,False,1.0,-0.02500752752924984,6.004403973509903,0,0.0,-0.0,0.2558478049733858,0,0.0,-0.0,1.4340712210161755,0,0.0,-0.0,3.776078425555142,0,0.0,-0.0,3.541674014173228,0,0.0,-0.0,3.776078425555142,0,0.0,-0.0,2.4620639206398343,0,0.0,-0.0,1.590601759005396
2022-06-08,1791.88,-0.011829065862253296,False,1.0,-0.011829065862253296,5.933377483443679,0,0.0,-0.0,0.2558478049733858,0,0.0,-0.0,1.4340712210161755,0,0.0,-0.0,3.776078425555142,0,0.0,-0.0,3.541674014173228,0,0.0,-0.0,3.776078425555142,0,0.0,-0.0,2.4620639206398343,0,0.0,-0.0,1.590601759005396
2022-06-09,1788.81,-0.0017132843717213575,False,1.0,-0.0017132843717213575,5.923211920529772,0,0.0,-0.0,0.2558478049733858,0,0.0,-0.0,1.4340712210161755,0,0.0,-0.0,3.776078425555142,0,0.0,-0.0,3.541674014173228,0,0.0,-0.0,3.776078425555142,0,0.0,-0.0,2.4620639206398343,0,0.0,-0.0,1.590601759005396
2022-06-10,1662.91,-0.07038198578943533,False,1.0,-0.07038198578943533,5.506324503311231,0,0.0,-0.0,0.2558478049733858,0,0.0,-0.0,1.4340712210161755,0,0.0,-0.0,3.776078425555142,0,0.0,-0.0,3.541674014173228,0,0.0,-0.0,3.776078425555142,0,0.0,-0.0,2.4620639206398343,0,0.0,-0.0,1.590601759005396
2022-06-11,1532.89,-0.07818823628458549,False,1.0,-0.07818823628458549,5.075794701986729,0,0.0,-0.0,0.2558478049733858,0,0.0,-0.0,1.4340712210161755,0,0.0,-0.0,3.776078425555142,0,0.0,-0.0,3.541674014173228,0,0.0,-0.0,3.776078425555142,0,0.0,-0.0,2.4620639206398343,0,0.0,-0.0,1.590601759005396
2022-06-12,1434.84,-0.06396414615530155,False,1.0,-0.06396414615530155,4.751125827814545,0,0.0,-0.0,0.2558478049733858,0,0.0,-0.0,1.4340712210161755,0,0.0,-0.0,3.776078425555142,0,0.0,-0.0,3.541674014173228,0,0.0,-0.0,3.776078425555142,0,0.0,-0.0,2.4620639206398343,0,0.0,-0.0,1.590601759005396
2022-06-13,1209.82,-0.15682584817819412,False,1.0,-0.15682584817819412,4.006026490066204,0,0.0,-0.0,0.2558478049733858,0,0.0,-0.0,1.4340712210161755,0,0.0,-0.0,3.776078425555142,0,0.0,-0.0,3.541674014173228,0,0.0,-0.0,3.776078425555142,0,0.0,-0.0,2.4620639206398343,0,0.0,-0.0,1.590601759005396
2022-06-14,1208.9,-0.0007604437023688293,False,1.0,-0.0007604437023688293,4.00298013245031,0,0.0,-0.0,0.2558478049733858,0,0.0,-0.0,1.4340712210161755,0,0.0,-0.0,3.776078425555142,0,0.0,-0.0,3.541674014173228,0,0.0,-0.0,3.776078425555142,0,0.0,-0.0,2.4620639206398343,0,0.0,-0.0,1.590601759005396
2022-06-15,1237.52,0.02367441475721721,False,1.0,0.02367441475721721,4.09774834437084,0,0.0,0.0,0.2558478049733858,0,0.0,0.0,1.4340712210161755,0,0.0,0.0,3.776078425555142,0,0.0,0.0,3.541674014173228,0,0.0,0.0,3.776078425555142,0,0.0,0.0,2.4620639206398343,0,0.0,0.0,1.590601759005396
2022-06-16,1068.5,-0.13657961083457237,False,1.0,-0.13657961083457237,3.538079470198657,0,0.0,-0.0,0.2558478049733858,0,0.0,-0.0,1.4340712210161755,0,0.0,-0.0,3.776078425555142,0,0.0,-0.0,3.541674014173228,0,0.0,-0.0,3.776078425555142,0,0.0,-0.0,2.4620639206398343,0,0.0,-0.0,1.590601759005396
2022-06-17,1086.94,0.01725783809078152,False,1.0,0.01725783809078152,3.5991390728476635,0,0.0,0.0,0.2558478049733858,0,0.0,0.0,1.4340712210161755,0,0.0,0.0,3.776078425555142,0,0.0,0.0,3.541674014173228,0,0.0,0.0,3.776078425555142,0,0.0,0.0,2.4620639206398343,0,0.0,0.0,1.590601759005396
2022-06-18,995.13,-0.08446648389055522,False,1.0,-0.08446648389055522,3.2951324503311086,0,0.0,-0.0,0.2558478049733858,0,0.0,-0.0,1.4340712210161755,0,0.0,-0.0,3.776078425555142,0,0.0,-0.0,3.541674014173228,0,0.0,-0.0,3.776078425555142,0,0.0,-0.0,2.4620639206398343,0,0.0,-0.0,1.590601759005396
2022-06-19,1128.53,0.13405283731773743,False,1.0,0.13405283731773743,3.736854304635742,0,0.0,0.0,0.2558478049733858,0,0.0,0.0,1.4340712210161755,0,0.0,0.0,3.776078425555142,0,0.0,0.0,3.541674014173228,0,0.0,0.0,3.776078425555142,0,0.0,0.0,2.4620639206398343,0,0.0,0.0,1.590601759005396
2022-06-20,1128.24,-0.0002569714584459426,False,1.0,-0.0002569714584459426,3.7358940397350797,0,0.0,-0.0,0.2558478049733858,0,0.0,-0.0,1.4340712210161755,0,0.0,-0.0,3.776078425555142,0,0.0,-0.0,3.541674014173228,0,0.0,-0.0,3.776078425555142,0,0.0,-0.0,2.4620639206398343,0,0.0,-0.0,1.590601759005396
2022-06-21,1125.85,-0.002118343614833762,False,1.0,-0.002118343614833762,3.7279801324503112,0,0.0,-0.0,0.2558478049733858,0,0.0,-0.0,1.4340712210161755,0,0.0,-0.0,3.776078425555142,0,0.0,-0.0,3.541674014173228,0,0.0,-0.0,3.776078425555142,0,0.0,-0.0,2.4620639206398343,0,0.0,-0.0,1.590601759005396
2022-06-22,1050.19,-0.06720255806723796,False,1.0,-0.06720255806723796,3.4774503311258096,0,0.0,-0.0,0.2558478049733858,0,0.0,-0.0,1.4340712210161755,0,0.0,-0.0,3.776078425555142,0,0.0,-0.0,3.541674014173228,0,0.0,-0.0,3.776078425555142,0,0.0,-0.0,2.4620639206398343,0,0.0,-0.0,1.590601759005396
2022-06-23,1144.72,0.09001228349155865,False,1.0,0.09001228349155865,3.7904635761589205,0,0.0,0.0,0.2558478049733858,0,0.0,0.0,1.4340712210161755,0,0.0,0.0,3.776078425555142,0,0.0,0.0,3.541674014173228,0,0.0,0.0,3.776078425555142,0,0.0,0.0,2.4620639206398343,0,0.0,0.0,1.590601759005396
2022-06-24,1225.02,0.07014815850164235,False,1.0,0.07014815850164235,4.056357615894019,0,0.0,0.0,0.2558478049733858,0,0.0,0.0,1.4340712210161755,0,0.0,0.0,3.776078425555142,0,0.0,0.0,3.541674014173228,0,0.0,0.0,3.776078425555142,0,0.0,0.0,2.4620639206398343,0,0.0,0.0,1.590601759005396
2022-06-25,1242.36,0.014154870940882525,False,1.0,0.014154870940882525,4.113774834437065,0,0.0,0.0,0.2558478049733858,0,0.0,0.0,1.4340712210161755,0,0.0,0.0,3.776078425555142,0,0.0,0.0,3.541674014173228,0,0.0,0.0,3.776078425555142,0,0.0,0.0,2.4620639206398343,0,0.0,0.0,1.590601759005396
2022-06-26,1197.79,-0.03587526964808907,False,1.0,-0.03587526964808907,3.966192052980112,0,0.0,-0.0,0.2558478049733858,0,0.0,-0.0,1.4340712210161755,0,0.0,-0.0,3.776078425555142,0,0.0,-0.0,3.541674014173228,0,0.0,-0.0,3.776078425555142,0,0.0,-0.0,2.4620639206398343,0,0.0,-0.0,1.590601759005396
2022-06-27,1192.51,-0.0044081182845072675,False,1.0,-0.0044081182845072675,3.948708609271503,0,0.0,-0.0,0.2558478049733858,0,0.0,-0.0,1.4340712210161755,0,0.0,-0.0,3.776078425555142,0,0.0,-0.0,3.541674014173228,0,0.0,-0.0,3.776078425555142,0,0.0,-0.0,2.4620639206398343,0,0.0,-0.0,1.590601759005396
2022-06-28,1144.05,-0.04063697579055947,False,1.0,-0.04063697579055947,3.788245033112563,0,0.0,-0.0,0.2558478049733858,0,0.0,-0.0,1.4340712210161755,0,0.0,-0.0,3.776078425555142,0,0.0,-0.0,3.541674014173228,0,0.0,-0.0,3.776078425555142,0,0.0,-0.0,2.4620639206398343,0,0.0,-0.0,1.590601759005396
2022-06-29,1100.21,-0.03832000349635056,False,1.0,-0.03832000349635056,3.643079470198657,0,0.0,-0.0,0.2558478049733858,0,0.0,-0.0,1.4340712210161755,0,0.0,-0.0,3.776078425555142,0,0.0,-0.0,3.541674014173228,0,0.0,-0.0,3.776078425555142,0,0.0,-0.0,2.4620639206398343,0,0.0,-0.0,1.590601759005396
2022-06-30,1071.01,-0.02654038774415801,False,1.0,-0.02654038774415801,3.546390728476803,0,0.0,-0.0,0.2558478049733858,0,0.0,-0.0,1.4340712210161755,0,0.0,-0.0,3.776078425555142,0,0.0,-0.0,3.541674014173228,0,0.0,-0.0,3.776078425555142,0,0.0,-0.0,2.4620639206398343,0,0.0,-0.0,1.590601759005396
2022-07-01,1059.73,-0.010532114546082605,False,1.0,-0.010532114546082605,3.50903973509932,0,0.0,-0.0,0.2558478049733858,0,0.0,-0.0,1.4340712210161755,0,0.0,-0.0,3.776078425555142,0,0.0,-0.0,3.541674014173228,0,0.0,-0.0,3.776078425555142,0,0.0,-0.0,2.4620639206398343,0,0.0,-0.0,1.590601759005396
2022-07-02,1067.01,0.006869674351013932,False,1.0,0.006869674351013932,3.5331456953642206,0,0.0,0.0,0.2558478049733858,0,0.0,0.0,1.4340712210161755,0,0.0,0.0,3.776078425555142,0,0.0,0.0,3.541674014173228,0,0.0,0.0,3.776078425555142,0,0.0,0.0,2.4620639206398343,0,0.0,0.0,1.590601759005396
2022-07-03,1074.26,0.006794687959812862,False,1.0,0.006794687959812862,3.5571523178807767,0,0.0,0.0,0.2558478049733858,0,0.0,0.0,1.4340712210161755,0,0.0,0.0,3.776078425555142,0,0.0,0.0,3.541674014173228,0,0.0,0.0,3.776078425555142,0,0.0,0.0,2.4620639206398343,0,0.0,0.0,1.590601759005396
2022-07-04,1151.0,0.0714352205238955,False,1.0,0.0714352205238955,3.811258278145676,0,0.0,0.0,0.2558478049733858,0,0.0,0.0,1.4340712210161755,0,0.0,0.0,3.776078425555142,0,0.0,0.0,3.541674014173228,0,0.0,0.0,3.776078425555142,0,0.0,0.0,2.4620639206398343,0,0.0,0.0,1.590601759005396
2022-07-05,1132.5,-0.016072980017376226,False,1.0,-0.016072980017376226,3.749999999999981,0,0.0,-0.0,0.2558478049733858,0,0.0,-0.0,1.4340712210161755,0,0.0,-0.0,3.776078425555142,0,0.0,-0.0,3.541674014173228,0,0.0,-0.0,3.776078425555142,0,0.0,-0.0,2.4620639206398343,0,0.0,-0.0,1.590601759005396
2022-07-06,1186.57,0.04774392935982341,True,1.0,0.04774392935982341,3.929039735099318,0,0.0,0.0,0.2558478049733858,0,0.0,0.0,1.4340712210161755,0,0.0,0.0,3.776078425555142,0,0.0,0.0,3.541674014173228,0,0.0,0.0,3.776078425555142,0,0.0,0.0,2.4620639206398343,0,0.0,0.0,1.590601759005396
2022-07-07,1237.49,0.042913608130999537,True,1.0,0.042913608130999537,4.097649006622496,0,0.0,0.0,0.2558478049733858,0,0.0,0.0,1.4340712210161755,0,0.0,0.0,3.776078425555142,0,0.0,0.0,3.541674014173228,0,0.0,0.0,3.776078425555142,0,0.0,0.0,2.4620639206398343,0,0.0,0.0,1.590601759005396
2022-07-08,1214.04,-0.018949648077964287,True,1.0,-0.018949648077964287,4.01999999999998,0,0.0,-0.0,0.2558478049733858,0,0.0,-0.0,1.4340712210161755,0,0.0,-0.0,3.776078425555142,0,0.0,-0.0,3.541674014173228,0,0.0,-0.0,3.776078425555142,0,0.0,-0.0,2.4620639206398343,0,0.0,-0.0,1.590601759005396
2022-07-09,1217.02,0.002454614345491102,True,1.0,0.002454614345491102,4.029867549668854,0,0.0,0.0,0.2558478049733858,0,0.0,0.0,1.4340712210161755,0,0.0,0.0,3.776078425555142,0,0.0,0.0,3.541674014173228,0,0.0,0.0,3.776078425555142,0,0.0,0.0,2.4620639206398343,0,0.0,0.0,1.590601759005396
2022-07-10,1168.36,-0.03998290907298163,True,1.0,-0.03998290907298163,3.8687417218542848,0,0.0,-0.0,0.2558478049733858,0,0.0,-0.0,1.4340712210161755,0,0.0,-0.0,3.776078425555142,0,0.0,-0.0,3.541674014173228,0,0.0,-0.0,3.776078425555142,0,0.0,-0.0,2.4620639206398343,0,0.0,-0.0,1.590601759005396
2022-07-11,1096.4,-0.06159060563524921,False,1.0,-0.06159060563524921,3.6304635761589226,0,0.0,-0.0,0.2558478049733858,0,0.0,-0.0,1.4340712210161755,0,0.0,-0.0,3.776078425555142,0,0.0,-0.0,3.541674014173228,0,0.0,-0.0,3.776078425555142,0,0.0,-0.0,2.4620639206398343,0,0.0,-0.0,1.590601759005396
2022-07-12,1038.58,-0.05273622765414099,False,1.0,-0.05273622765414099,3.4390066225165388,0,0.0,-0.0,0.2558478049733858,0,0.0,-0.0,1.4340712210161755,0,0.0,-0.0,3.776078425555142,0,0.0,-0.0,3.541674014173228,0,0.0,-0.0,3.776078425555142,0,0.0,-0.0,2.4620639206398343,0,0.0,-0.0,1.590601759005396
2022-07-13,1115.0,0.07358123591827304,False,1.0,0.07358123591827304,3.6920529801324315,0,0.0,0.0,0.2558478049733858,0,0.0,0.0,1.4340712210161755,0,0.0,0.0,3.776078425555142,0,0.0,0.0,3.541674014173228,0,0.0,0.0,3.776078425555142,0,0.0,0.0,2.4620639206398343,0,0.0,0.0,1.590601759005396
2022-07-14,1193.42,0.07033183856502245,False,1.0,0.07033183856502245,3.951721854304616,0,0.0,0.0,0.2558478049733858,0,0.0,0.0,1.4340712210161755,0,0.0,0.0,3.776078425555142,0,0.0,0.0,3.541674014173228,0,0.0,0.0,3.776078425555142,0,0.0,0.0,2.4620639206398343,0,0.0,0.0,1.590601759005396
2022-07-15,1231.25,0.03169881516984785,False,1.0,0.03169881516984785,4.076986754966867,0,0.0,0.0,0.2558478049733858,0,0.0,0.0,1.4340712210161755,0,0.0,0.0,3.776078425555142,0,0.0,0.0,3.541674014173228,0,0.0,0.0,3.776078425555142,0,0.0,0.0,2.4620639206398343,0,0.0,0.0,1.590601759005396
2022-07-16,1355.85,0.10119796954314708,True,1.0,0.10119796954314708,4.489569536423818,0,0.0,0.0,0.2558478049733858,1,0.0,0.0,1.4340712210161755,0,0.0,0.0,3.776078425555142,0,0.0,0.0,3.541674014173228,0,0.0,0.0,3.776078425555142,0,0.0,0.0,2.4620639206398343,0,0.0,0.0,1.590601759005396
2022-07-17,1338.65,-0.012685769074750053,True,1.0,-0.012685769074750053,4.432615894039713,0,0.0,-0.0,0.2558478049733858,0,1.0,-0.013685769074750054,1.4144448534486032,0,0.0,-0.0,3.776078425555142,0,0.0,-0.0,3.541674014173228,0,0.0,-0.0,3.776078425555142,0,0.0,-0.0,2.4620639206398343,0,0.0,-0.0,1.590601759005396
2022-07-18,1581.04,0.18107048145519733,True,1.0,0.18107048145519733,5.235231788079443,0,0.0,0.0,0.2558478049733858,1,1.0,0.18107048145519733,1.6705590640543677,0,0.0,0.0,3.776078425555142,0,0.0,0.0,3.541674014173228,0,0.0,0.0,3.776078425555142,0,0.0,0.0,2.4620639206398343,0,0.0,0.0,1.590601759005396
2022-07-19,1542.32,-0.024490208976369998,True,1.0,-0.024490208976369998,5.107019867549642,0,0.0,-0.0,0.2558478049733858,1,1.0,-0.024490208976369998,1.6296467234683072,0,0.0,-0.0,3.776078425555142,0,0.0,-0.0,3.541674014173228,0,0.0,-0.0,3.776078425555142,0,0.0,-0.0,2.4620639206398343,0,0.0,-0.0,1.590601759005396
2022-07-20,1521.58,-0.013447274236215612,True,1.0,-0.013447274236215612,5.038344370860901,0,0.0,-0.0,0.2558478049733858,0,1.0,-0.013447274236215612,1.6077324170696787,0,0.0,-0.0,3.776078425555142,0,0.0,-0.0,3.541674014173228,0,0.0,-0.0,3.776078425555142,0,0.0,-0.0,2.4620639206398343,0,0.0,-0.0,1.590601759005396
2022-07-21,1575.45,0.035403987959883976,True,1.0,0.035403987959883976,5.216721854304609,0,0.0,0.0,0.2558478049733858,0,1.0,0.035403987959883976,1.6646525562063288,0,0.0,0.0,3.776078425555142,0,0.0,0.0,3.541674014173228,0,0.0,0.0,3.776078425555142,0,0.0,0.0,2.4620639206398343,0,0.0,0.0,1.590601759005396
2022-07-22,1535.27,-0.02550382430416709,True,1.0,-0.02550382430416709,5.083675496688715,0,0.0,-0.0,0.2558478049733858,0,1.0,-0.02550382430416709,1.62219754988536,0,0.0,-0.0,3.776078425555142,0,0.0,-0.0,3.541674014173228,0,0.0,-0.0,3.776078425555142,0,0.0,-0.0,2.4620639206398343,0,0.0,-0.0,1.590601759005396
2022-07-23,1548.67,0.008728106456844742,True,1.0,0.008728106456844742,5.128046357615868,0,0.0,0.0,0.2558478049733858,0,1.0,0.008728106456844742,1.636356262794792,0,0.0,0.0,3.776078425555142,0,0.0,0.0,3.541674014173228,0,0.0,0.0,3.776078425555142,0,0.0,0.0,2.4620639206398343,0,0.0,0.0,1.590601759005396
2022-07-24,1597.7,0.031659423892759664,True,1.0,0.031659423892759664,5.290397350993351,0,0.0,0.0,0.2558478049733858,0,1.0,0.031659423892759664,1.6881623593581845,0,0.0,0.0,3.776078425555142,0,0.0,0.0,3.541674014173228,0,0.0,0.0,3.776078425555142,0,0.0,0.0,2.4620639206398343,0,0.0,0.0,1.590601759005396
2022-07-25,1440.79,-0.0982099267697315,True,1.0,-0.0982099267697315,4.770827814569513,0,0.0,-0.0,0.2558478049733858,0,1.0,-0.0982099267697315,1.5223680576702001,0,0.0,-0.0,3.776078425555142,0,0.0,-0.0,3.541674014173228,0,0.0,-0.0,3.776078425555142,0,0.0,-0.0,2.4620639206398343,0,0.0,-0.0,1.590601759005396
2022-07-26,1449.12,0.0057815503994336215,True,1.0,0.0057815503994336215,4.798410596026466,0,0.0,0.0,0.2558478049733858,0,1.0,0.0057815503994336215,1.5311697053221083,0,0.0,0.0,3.776078425555142,0,0.0,0.0,3.541674014173228,0,0.0,0.0,3.776078425555142,0,0.0,0.0,2.4620639206398343,0,0.0,0.0,1.590601759005396
2022-07-27,1635.74,0.1287816053880977,True,1.0,0.1287816053880977,5.416357615894013,0,0.0,0.0,0.2558478049733858,1,1.0,0.1287816053880977,1.7283561980951099,0,0.0,0.0,3.776078425555142,0,0.0,0.0,3.541674014173228,0,0.0,0.0,3.776078425555142,0,0.0,0.0,2.4620639206398343,0,0.0,0.0,1.590601759005396
2022-07-28,1724.52,0.05427512929927736,True,1.0,0.05427512929927736,5.710331125827786,0,0.0,0.0,0.2558478049733858,0,1.0,0.05427512929927736,1.8221629542219293,0,0.0,0.0,3.776078425555142,0,0.0,0.0,3.541674014173228,0,0.0,0.0,3.776078425555142,0,0.0,0.0,2.4620639206398343,0,0.0,0.0,1.590601759005396
2022-07-29,1721.68,-0.0016468350613503269,True,1.0,-0.0016468350613503269,5.700927152317853,0,0.0,-0.0,0.2558478049733858,0,1.0,-0.0016468350613503269,1.819162152381423,0,0.0,-0.0,3.776078425555142,0,0.0,-0.0,3.541674014173228,0,0.0,-0.0,3.776078425555142,0,0.0,-0.0,2.4620639206398343,0,0.0,-0.0,1.590601759005396
2022-07-30,1697.0,-0.014334835741833585,True,1.0,-0.014334835741833585,5.619205298013217,0,0.0,-0.0,0.2558478049733858,0,1.0,-0.014334835741833585,1.793084761739275,0,0.0,-0.0,3.776078425555142,0,0.0,-0.0,3.541674014173228,0,0.0,-0.0,3.776078425555142,0,0.0,-0.0,2.4620639206398343,0,0.0,-0.0,1.590601759005396
2022-07-31,1678.12,-0.01112551561579267,True,1.0,-0.01112551561579267,5.556688741721826,0,0.0,-0.0,0.2558478049733858,0,1.0,-0.01112551561579267,1.7731357692221048,0,0.0,-0.0,3.776078425555142,0,0.0,-0.0,3.541674014173228,0,0.0,-0.0,3.776078425555142,0,0.0,-0.0,2.4620639206398343,0,0.0,-0.0,1.590601759005396
2022-08-01,1630.28,-0.028508092389102013,True,1.0,-0.028508092389102013,5.398278145695337,0,0.0,-0.0,0.2558478049733858,0,1.0,-0.028508092389102013,1.7225870508946997,0,0.0,-0.0,3.776078425555142,0,0.0,-0.0,3.541674014173228,0,0.0,-0.0,3.776078425555142,0,0.0,-0.0,2.4620639206398343,0,0.0,-0.0,1.590601759005396
2022-08-02,1630.91,0.00038643668572269085,True,1.0,0.00038643668572269085,5.400364238410568,0,0.0,0.0,0.2558478049733858,0,1.0,0.00038643668572269085,1.7232527217255162,0,0.0,0.0,3.776078425555142,0,0.0,0.0,3.541674014173228,0,0.0,0.0,3.776078425555142,0,0.0,0.0,2.4620639206398343,0,0.0,0.0,1.590601759005396
2022-08-03,1618.16,-0.007817721394804078,True,1.0,-0.007817721394804078,5.358145695364211,0,0.0,-0.0,0.2558478049733858,0,1.0,-0.007817721394804078,1.7097808120542284,0,0.0,-0.0,3.776078425555142,0,0.0,-0.0,3.541674014173228,0,0.0,-0.0,3.776078425555142,0,0.0,-0.0,2.4620639206398343,0,0.0,-0.0,1.590601759005396
2022-08-04,1607.96,-0.00630345577693181,True,1.0,-0.00630345577693181,5.324370860927125,0,0.0,-0.0,0.2558478049733858,0,1.0,-0.00630345577693181,1.699003284317198,0,0.0,-0.0,3.776078425555142,0,0.0,-0.0,3.541674014173228,0,0.0,-0.0,3.776078425555142,0,0.0,-0.0,2.4620639206398343,0,0.0,-0.0,1.590601759005396
2022-08-05,1736.81,0.0801325903629444,True,1.0,0.0801325903629444,5.751026490066196,0,0.0,0.0,0.2558478049733858,0,1.0,0.0801325903629444,1.8351488185246851,0,0.0,0.0,3.776078425555142,0,0.0,0.0,3.541674014173228,0,0.0,0.0,3.776078425555142,0,0.0,0.0,2.4620639206398343,0,0.0,0.0,1.590601759005396
2022-08-06,1690.6,-0.026606249388246295,True,1.0,-0.026606249388246295,5.598013245033084,0,0.0,-0.0,0.2558478049733858,0,1.0,-0.026606249388246295,1.786322391394472,0,0.0,-0.0,3.776078425555142,0,0.0,-0.0,3.541674014173228,0,0.0,-0.0,3.776078425555142,0,0.0,-0.0,2.4620639206398343,0,0.0,-0.0,1.590601759005396
2022-08-07,1700.19,0.0056725422926773295,True,1.0,0.0056725422926773295,5.629768211920503,0,0.0,0.0,0.2558478049733858,0,1.0,0.0056725422926773295,1.7964553807080135,0,0.0,0.0,3.776078425555142,0,0.0,0.0,3.541674014173228,0,0.0,0.0,3.776078425555142,0,0.0,0.0,2.4620639206398343,0,0.0,0.0,1.590601759005396
2022-08-08,1777.05,0.04520671219099026,True,1.0,0.04520671219099026,5.8842715231787786,0,0.0,0.0,0.2558478049733858,0,1.0,0.04520671219099026,1.8776672220676365,0,0.0,0.0,3.776078425555142,0,0.0,0.0,3.541674014173228,0,0.0,0.0,3.776078425555142,0,0.0,0.0,2.4620639206398343,0,0.0,0.0,1.590601759005396
2022-08-09,1702.76,-0.04180523901972366,True,1.0,-0.04180523901972366,5.638278145695336,0,0.0,-0.0,0.2558478049733858,0,1.0,-0.04180523901972366,1.7991708950495984,0,0.0,-0.0,3.776078425555142,0,0.0,-0.0,3.541674014173228,0,0.0,-0.0,3.776078425555142,0,0.0,-0.0,2.4620639206398343,0,0.0,-0.0,1.590601759005396
2022-08-10,1853.57,0.0885679719984025,True,1.0,0.0885679719984025,6.137649006622485,0,0.0,0.0,0.2558478049733858,0,1.0,0.0885679719984025,1.958519812502692,0,0.0,0.0,3.776078425555142,0,0.0,0.0,3.541674014173228,0,0.0,0.0,3.776078425555142,0,0.0,0.0,2.4620639206398343,0,0.0,0.0,1.590601759005396
2022-08-11,1880.19,0.01436147542310251,True,1.0,0.01436147542310251,6.2257947019867235,0,0.0,0.0,0.2558478049733858,0,1.0,0.01436147542310251,1.9866470466556088,0,0.0,0.0,3.776078425555142,0,0.0,0.0,3.541674014173228,0,0.0,0.0,3.776078425555142,0,0.0,0.0,2.4620639206398343,0,0.0,0.0,1.590601759005396
2022-08-12,1958.28,0.04153303655481633,True,1.0,0.04153303655481633,6.48437086092712,0,0.0,0.0,0.2558478049733858,0,1.0,0.04153303655481633,2.069158531065874,0,0.0,0.0,3.776078425555142,0,0.0,0.0,3.541674014173228,0,0.0,0.0,3.776078425555142,0,0.0,0.0,2.4620639206398343,0,0.0,0.0,1.590601759005396
2022-08-13,1983.55,0.012904181220254607,True,1.0,0.012904181220254607,6.568046357615862,0,0.0,0.0,0.2558478049733858,0,1.0,0.012904181220254607,2.095859327724184,0,0.0,0.0,3.776078425555142,0,0.0,0.0,3.541674014173228,0,0.0,0.0,3.776078425555142,0,0.0,0.0,2.4620639206398343,0,0.0,0.0,1.590601759005396
2022-08-14,1935.31,-0.024320032265382818,True,1.0,-0.024320032265382818,6.408311258278114,0,0.0,-0.0,0.2558478049733858,0,1.0,-0.024320032265382818,2.0448879612502284,0,0.0,-0.0,3.776078425555142,0,0.0,-0.0,3.541674014173228,0,0.0,-0.0,3.776078425555142,0,0.0,-0.0,2.4620639206398343,0,0.0,-0.0,1.590601759005396
2022-08-15,1899.06,-0.018730849321297316,True,1.0,-0.018730849321297316,6.288278145695333,0,0.0,-0.0,0.2558478049733858,0,1.0,-0.018730849321297316,2.0065854729691157,0,0.0,-0.0,3.776078425555142,0,0.0,-0.0,3.541674014173228,0,0.0,-0.0,3.776078425555142,0,0.0,-0.0,2.4620639206398343,0,0.0,-0.0,1.590601759005396
2022-08-16,1876.67,-0.011790043495202851,True,1.0,-0.011790043495202851,6.214139072847652,0,0.0,-0.0,0.2558478049733858,0,1.0,-0.011790043495202851,1.9829277429659677,0,0.0,-0.0,3.776078425555142,0,0.0,-0.0,3.541674014173228,0,0.0,-0.0,3.776078425555142,0,0.0,-0.0,2.4620639206398343,0,0.0,-0.0,1.590601759005396
2022-08-17,1834.25,-0.022603867488690144,True,1.0,-0.022603867488690144,6.073675496688711,0,0.0,-0.0,0.2558478049733858,0,0.0,-0.001,1.9809448152230018,0,0.0,-0.0,3.776078425555142,0,0.0,-0.0,3.541674014173228,0,0.0,-0.0,3.776078425555142,0,0.0,-0.0,2.4620639206398343,0,0.0,-0.0,1.590601759005396
2022-08-18,1846.39,0.006618508927354494,True,1.0,0.006618508927354494,6.113874172185399,0,0.0,0.0,0.2558478049733858,0,0.0,0.0,1.9809448152230018,0,0.0,0.0,3.776078425555142,0,0.0,0.0,3.541674014173228,0,0.0,0.0,3.776078425555142,0,0.0,0.0,2.4620639206398343,0,0.0,0.0,1.590601759005396
2022-08-19,1609.01,-0.12856438780539325,False,1.0,-0.12856438780539325,5.327847682119178,0,0.0,-0.0,0.2558478049733858,0,0.0,-0.0,1.9809448152230018,0,0.0,-0.0,3.776078425555142,0,0.0,-0.0,3.541674014173228,0,0.0,-0.0,3.776078425555142,0,0.0,-0.0,2.4620639206398343,0,0.0,-0.0,1.590601759005396
2022-08-20,1576.04,-0.020490860839895375,False,1.0,-0.020490860839895375,5.218675496688715,0,0.0,-0.0,0.2558478049733858,0,0.0,-0.0,1.9809448152230018,0,0.0,-0.0,3.776078425555142,0,0.0,-0.0,3.541674014173228,0,0.0,-0.0,3.776078425555142,0,0.0,-0.0,2.4620639206398343,0,0.0,-0.0,1.590601759005396
2022-08-21,1618.13,0.026706174970178465,False,1.0,0.026706174970178465,5.3580463576158674,0,0.0,0.0,0.2558478049733858,0,0.0,0.0,1.9809448152230018,0,0.0,0.0,3.776078425555142,0,0.0,0.0,3.541674014173228,0,0.0,0.0,3.776078425555142,0,0.0,0.0,2.4620639206398343,0,0.0,0.0,1.590601759005396
2022-08-22,1624.66,0.004035522485832388,False,1.0,0.004035522485832388,5.379668874172158,0,0.0,0.0,0.2558478049733858,0,0.0,0.0,1.9809448152230018,0,0.0,0.0,3.776078425555142,0,0.0,0.0,3.541674014173228,0,0.0,0.0,3.776078425555142,0,0.0,0.0,2.4620639206398343,0,0.0,0.0,1.590601759005396
2022-08-23,1665.41,0.025082171038863565,True,1.0,0.025082171038863565,5.514602649006595,0,0.0,0.0,0.2558478049733858,0,0.0,0.0,1.9809448152230018,0,0.0,0.0,3.776078425555142,0,0.0,0.0,3.541674014173228,0,0.0,0.0,3.776078425555142,0,0.0,0.0,2.4620639206398343,0,0.0,0.0,1.590601759005396
2022-08-24,1656.56,-0.005314006761097945,True,1.0,-0.005314006761097945,5.485298013245005,0,0.0,-0.0,0.2558478049733858,0,0.0,-0.0,1.9809448152230018,0,0.0,-0.0,3.776078425555142,0,0.0,-0.0,3.541674014173228,0,0.0,-0.0,3.776078425555142,0,0.0,-0.0,2.4620639206398343,0,0.0,-0.0,1.590601759005396
2022-08-25,1695.11,0.02327111604771326,False,1.0,0.02327111604771326,5.612947019867521,0,0.0,0.0,0.2558478049733858,0,0.0,0.0,1.9809448152230018,0,0.0,0.0,3.776078425555142,0,0.0,0.0,3.541674014173228,0,0.0,0.0,3.776078425555142,0,0.0,0.0,2.4620639206398343,0,0.0,0.0,1.590601759005396
2022-08-26,1508.18,-0.11027602928423519,False,1.0,-0.11027602928423519,4.99397350993375,0,0.0,-0.0,0.2558478049733858,0,0.0,-0.0,1.9809448152230018,0,0.0,-0.0,3.776078425555142,0,0.0,-0.0,3.541674014173228,0,0.0,-0.0,3.776078425555142,0,0.0,-0.0,2.4620639206398343,0,0.0,-0.0,1.590601759005396
2022-08-27,1491.06,-0.011351430200639223,False,1.0,-0.011351430200639223,4.937284768211896,0,0.0,-0.0,0.2558478049733858,0,0.0,-0.0,1.9809448152230018,0,0.0,-0.0,3.776078425555142,0,0.0,-0.0,3.541674014173228,0,0.0,-0.0,3.776078425555142,0,0.0,-0.0,2.4620639206398343,0,0.0,-0.0,1.590601759005396
2022-08-28,1426.76,-0.04312368382224718,False,1.0,-0.04312368382224718,4.724370860927129,0,0.0,-0.0,0.2558478049733858,0,0.0,-0.0,1.9809448152230018,0,0.0,-0.0,3.776078425555142,0,0.0,-0.0,3.541674014173228,0,0.0,-0.0,3.776078425555142,0,0.0,-0.0,2.4620639206398343,0,0.0,-0.0,1.590601759005396
2022-08-29,1551.8,0.08763912641229066,False,1.0,0.08763912641229066,5.138410596026464,0,0.0,0.0,0.2558478049733858,0,0.0,0.0,1.9809448152230018,0,0.0,0.0,3.776078425555142,0,0.0,0.0,3.541674014173228,0,0.0,0.0,3.776078425555142,0,0.0,0.0,2.4620639206398343,0,0.0,0.0,1.590601759005396
2022-08-30,1524.59,-0.017534476092279982,False,1.0,-0.017534476092279982,5.04831125827812,0,0.0,-0.0,0.2558478049733858,0,0.0,-0.0,1.9809448152230018,0,0.0,-0.0,3.776078425555142,0,0.0,-0.0,3.541674014173228,0,0.0,-0.0,3.776078425555142,0,0.0,-0.0,2.4620639206398343,0,0.0,-0.0,1.590601759005396
2022-08-31,1554.1,0.019356023586669213,False,1.0,0.019356023586669213,5.146026490066199,0,0.0,0.0,0.2558478049733858,0,0.0,0.0,1.9809448152230018,0,0.0,0.0,3.776078425555142,0,0.0,0.0,3.541674014173228,0,0.0,0.0,3.776078425555142,0,0.0,0.0,2.4620639206398343,0,0.0,0.0,1.590601759005396
2022-09-01,1586.16,0.020629303133646637,False,1.0,0.020629303133646637,5.25218543046355,0,0.0,0.0,0.2558478049733858,0,0.0,0.0,1.9809448152230018,0,0.0,0.0,3.776078425555142,0,0.0,0.0,3.541674014173228,0,0.0,0.0,3.776078425555142,0,0.0,0.0,2.4620639206398343,0,0.0,0.0,1.590601759005396
2022-09-02,1575.35,-0.006815201492913814,False,1.0,-0.006815201492913814,5.216390728476795,0,0.0,-0.0,0.2558478049733858,0,0.0,-0.0,1.9809448152230018,0,0.0,-0.0,3.776078425555142,0,0.0,-0.0,3.541674014173228,0,0.0,-0.0,3.776078425555142,0,0.0,-0.0,2.4620639206398343,0,0.0,-0.0,1.590601759005396
2022-09-03,1557.46,-0.011356206557272874,False,1.0,-0.011356206557272874,5.15715231788077,0,0.0,-0.0,0.2558478049733858,0,0.0,-0.0,1.9809448152230018,0,0.0,-0.0,3.776078425555142,0,0.0,-0.0,3.541674014173228,0,0.0,-0.0,3.776078425555142,0,0.0,-0.0,2.4620639206398343,0,0.0,-0.0,1.590601759005396
2022-09-04,1579.28,0.01400999062576247,False,1.0,0.01400999062576247,5.229403973509909,0,0.0,0.0,0.2558478049733858,0,0.0,0.0,1.9809448152230018,0,0.0,0.0,3.776078425555142,0,0.0,0.0,3.541674014173228,0,0.0,0.0,3.776078425555142,0,0.0,0.0,2.4620639206398343,0,0.0,0.0,1.590601759005396
2022-09-05,1617.8,0.02439086165847737,False,1.0,0.02439086165847737,5.356953642384081,0,0.0,0.0,0.2558478049733858,0,0.0,0.0,1.9809448152230018,0,0.0,0.0,3.776078425555142,0,0.0,0.0,3.541674014173228,0,0.0,0.0,3.776078425555142,0,0.0,0.0,2.4620639206398343,0,0.0,0.0,1.590601759005396
2022-09-06,1559.01,-0.036339473358882435,False,1.0,-0.036339473358882435,5.162284768211896,0,0.0,-0.0,0.2558478049733858,0,0.0,-0.0,1.9809448152230018,0,0.0,-0.0,3.776078425555142,0,0.0,-0.0,3.541674014173228,0,0.0,-0.0,3.776078425555142,0,0.0,-0.0,2.4620639206398343,0,0.0,-0.0,1.590601759005396
2022-09-07,1630.0,0.04553530766319658,False,1.0,0.04553530766319658,5.397350993377459,0,0.0,0.0,0.2558478049733858,0,0.0,0.0,1.9809448152230018,0,0.0,0.0,3.776078425555142,0,0.0,0.0,3.541674014173228,0,0.0,0.0,3.776078425555142,0,0.0,0.0,2.4620639206398343,0,0.0,0.0,1.590601759005396
2022-09-08,1635.37,0.0032944785276072253,True,1.0,0.0032944785276072253,5.4151324503311,0,0.0,0.0,0.2558478049733858,0,0.0,0.0,1.9809448152230018,0,0.0,0.0,3.776078425555142,0,0.0,0.0,3.541674014173228,0,0.0,0.0,3.776078425555142,0,0.0,0.0,2.4620639206398343,0,0.0,0.0,1.590601759005396
2022-09-09,1718.23,0.0506674330579624,True,1.0,0.0506674330579624,5.689503311258251,0,0.0,0.0,0.2558478049733858,0,0.0,0.0,1.9809448152230018,0,0.0,0.0,3.776078425555142,0,0.0,0.0,3.541674014173228,0,0.0,0.0,3.776078425555142,0,0.0,0.0,2.4620639206398343,0,0.0,0.0,1.590601759005396
2022-09-10,1774.12,0.03252765927727941,True,1.0,0.03252765927727941,5.874569536423813,0,0.0,0.0,0.2558478049733858,0,0.0,0.0,1.9809448152230018,0,0.0,0.0,3.776078425555142,0,0.0,0.0,3.541674014173228,0,0.0,0.0,3.776078425555142,0,0.0,0.0,2.4620639206398343,0,0.0,0.0,1.590601759005396
2022-09-11,1766.11,-0.004514914436453021,True,1.0,-0.004514914436453021,5.848046357615866,0,0.0,-0.0,0.2558478049733858,0,0.0,-0.0,1.9809448152230018,0,0.0,-0.0,3.776078425555142,0,0.0,-0.0,3.541674014173228,0,0.0,-0.0,3.776078425555142,0,0.0,-0.0,2.4620639206398343,0,0.0,-0.0,1.590601759005396
2022-09-12,1716.37,-0.028163591169293012,True,1.0,-0.028163591169293012,5.683344370860899,0,0.0,-0.0,0.2558478049733858,0,0.0,-0.0,1.9809448152230018,0,0.0,-0.0,3.776078425555142,0,0.0,-0.0,3.541674014173228,0,0.0,-0.0,3.776078425555142,0,0.0,-0.0,2.4620639206398343,0,0.0,-0.0,1.590601759005396
2022-09-13,1574.4,-0.08271526535653728,False,1.0,-0.08271526535653728,5.213245033112558,0,0.0,-0.0,0.2558478049733858,0,0.0,-0.0,1.9809448152230018,0,0.0,-0.0,3.776078425555142,0,0.0,-0.0,3.541674014173228,0,0.0,-0.0,3.776078425555142,0,0.0,-0.0,2.4620639206398343,0,0.0,-0.0,1.590601759005396
2022-09-14,1638.39,0.040644054878048674,False,1.0,0.040644054878048674,5.425132450331099,0,0.0,0.0,0.2558478049733858,0,0.0,0.0,1.9809448152230018,0,0.0,0.0,3.776078425555142,0,0.0,0.0,3.541674014173228,0,0.0,0.0,3.776078425555142,0,0.0,0.0,2.4620639206398343,0,0.0,0.0,1.590601759005396
2022-09-15,1472.75,-0.10109924987335128,False,1.0,-0.10109924987335128,4.876655629139049,0,0.0,-0.0,0.2558478049733858,0,0.0,-0.0,1.9809448152230018,0,0.0,-0.0,3.776078425555142,0,0.0,-0.0,3.541674014173228,0,0.0,-0.0,3.776078425555142,0,0.0,-0.0,2.4620639206398343,0,0.0,-0.0,1.590601759005396
2022-09-16,1433.9,-0.026379222542861958,False,1.0,-0.026379222542861958,4.748013245033089,0,0.0,-0.0,0.2558478049733858,0,0.0,-0.0,1.9809448152230018,0,0.0,-0.0,3.776078425555142,0,0.0,-0.0,3.541674014173228,0,0.0,-0.0,3.776078425555142,0,0.0,-0.0,2.4620639206398343,0,0.0,-0.0,1.590601759005396
2022-09-17,1468.83,0.024360136690145584,True,1.0,0.024360136690145584,4.863675496688717,0,0.0,0.0,0.2558478049733858,0,0.0,0.0,1.9809448152230018,0,0.0,0.0,3.776078425555142,0,0.0,0.0,3.541674014173228,0,0.0,0.0,3.776078425555142,0,0.0,0.0,2.4620639206398343,0,0.0,0.0,1.590601759005396
2022-09-18,1334.51,-0.09144693395423564,False,1.0,-0.09144693395423564,4.418907284768189,0,0.0,-0.0,0.2558478049733858,0,0.0,-0.0,1.9809448152230018,0,0.0,-0.0,3.776078425555142,0,0.0,-0.0,3.541674014173228,0,0.0,-0.0,3.776078425555142,0,0.0,-0.0,2.4620639206398343,0,0.0,-0.0,1.590601759005396
2022-09-19,1375.98,0.031075076245213662,False,1.0,0.031075076245213662,4.556225165562891,0,0.0,0.0,0.2558478049733858,0,0.0,0.0,1.9809448152230018,0,0.0,0.0,3.776078425555142,0,0.0,0.0,3.541674014173228,0,0.0,0.0,3.776078425555142,0,0.0,0.0,2.4620639206398343,0,0.0,0.0,1.590601759005396
2022-09-20,1322.93,-0.03855433945260833,False,1.0,-0.03855433945260833,4.380562913907263,0,0.0,-0.0,0.2558478049733858,0,0.0,-0.0,1.9809448152230018,0,0.0,-0.0,3.776078425555142,0,0.0,-0.0,3.541674014173228,0,0.0,-0.0,3.776078425555142,0,0.0,-0.0,2.4620639206398343,0,0.0,-0.0,1.590601759005396
2022-09-21,1245.78,-0.058317522469064964,False,1.0,-0.058317522469064964,4.125099337748323,0,0.0,-0.0,0.2558478049733858,0,0.0,-0.0,1.9809448152230018,0,0.0,-0.0,3.776078425555142,0,0.0,-0.0,3.541674014173228,0,0.0,-0.0,3.776078425555142,0,0.0,-0.0,2.4620639206398343,0,0.0,-0.0,1.590601759005396
2022-09-22,1326.46,0.06476263866814369,False,1.0,0.06476263866814369,4.392251655629116,0,0.0,0.0,0.2558478049733858,0,0.0,0.0,1.9809448152230018,0,0.0,0.0,3.776078425555142,0,0.0,0.0,3.541674014173228,0,0.0,0.0,3.776078425555142,0,0.0,0.0,2.4620639206398343,0,0.0,0.0,1.590601759005396
2022-09-23,1327.25,0.0005955701641964239,False,1.0,0.0005955701641964239,4.394867549668851,0,0.0,0.0,0.2558478049733858,0,0.0,0.0,1.9809448152230018,0,0.0,0.0,3.776078425555142,0,0.0,0.0,3.541674014173228,0,0.0,0.0,3.776078425555142,0,0.0,0.0,2.4620639206398343,0,0.0,0.0,1.590601759005396
2022-09-24,1317.13,-0.007624788095686452,False,1.0,-0.007624788095686452,4.3613576158940175,0,0.0,-0.0,0.2558478049733858,0,0.0,-0.0,1.9809448152230018,0,0.0,-0.0,3.776078425555142,0,0.0,-0.0,3.541674014173228,0,0.0,-0.0,3.776078425555142,0,0.0,-0.0,2.4620639206398343,0,0.0,-0.0,1.590601759005396
2022-09-25,1294.63,-0.017082596250939552,False,1.0,-0.017082596250939552,4.28685430463574,0,0.0,-0.0,0.2558478049733858,0,0.0,-0.0,1.9809448152230018,0,0.0,-0.0,3.776078425555142,0,0.0,-0.0,3.541674014173228,0,0.0,-0.0,3.776078425555142,0,0.0,-0.0,2.4620639206398343,0,0.0,-0.0,1.590601759005396
2022-09-26,1336.17,0.03208638761653915,False,1.0,0.03208638761653915,4.424403973509912,0,0.0,0.0,0.2558478049733858,0,0.0,0.0,1.9809448152230018,0,0.0,0.0,3.776078425555142,0,0.0,0.0,3.541674014173228,0,0.0,0.0,3.776078425555142,0,0.0,0.0,2.4620639206398343,0,0.0,0.0,1.590601759005396
2022-09-27,1328.02,-0.006099523264255335,False,1.0,-0.006099523264255335,4.3974172185430245,0,0.0,-0.0,0.2558478049733858,0,0.0,-0.0,1.9809448152230018,0,0.0,-0.0,3.776078425555142,0,0.0,-0.0,3.541674014173228,0,0.0,-0.0,3.776078425555142,0,0.0,-0.0,2.4620639206398343,0,0.0,-0.0,1.590601759005396
2022-09-28,1337.2,0.0069125464977937146,False,1.0,0.0069125464977937146,4.427814569536402,0,0.0,0.0,0.2558478049733858,0,0.0,0.0,1.9809448152230018,0,0.0,0.0,3.776078425555142,0,0.0,0.0,3.541674014173228,0,0.0,0.0,3.776078425555142,0,0.0,0.0,2.4620639206398343,0,0.0,0.0,1.590601759005396
2022-09-29,1335.7,-0.0011217469338916652,False,1.0,-0.0011217469338916652,4.422847682119183,0,0.0,-0.0,0.2558478049733858,0,0.0,-0.0,1.9809448152230018,0,0.0,-0.0,3.776078425555142,0,0.0,-0.0,3.541674014173228,0,0.0,-0.0,3.776078425555142,0,0.0,-0.0,2.4620639206398343,0,0.0,-0.0,1.590601759005396
2022-09-30,1328.72,-0.005225724339297799,False,1.0,-0.005225724339297799,4.399735099337726,0,0.0,-0.0,0.2558478049733858,0,0.0,-0.0,1.9809448152230018,0,0.0,-0.0,3.776078425555142,0,0.0,-0.0,3.541674014173228,0,0.0,-0.0,3.776078425555142,0,0.0,-0.0,2.4620639206398343,0,0.0,-0.0,1.590601759005396
2022-10-01,1311.79,-0.01274158588716967,False,1.0,-0.01274158588716967,4.34367549668872,0,0.0,-0.0,0.2558478049733858,0,0.0,-0.0,1.9809448152230018,0,0.0,-0.0,3.776078425555142,0,0.0,-0.0,3.541674014173228,0,0.0,-0.0,3.776078425555142,0,0.0,-0.0,2.4620639206398343,0,0.0,-0.0,1.590601759005396
2022-10-02,1276.72,-0.02673446207091068,False,1.0,-0.02673446207091068,4.227549668874151,0,0.0,-0.0,0.2558478049733858,0,0.0,-0.0,1.9809448152230018,0,0.0,-0.0,3.776078425555142,0,0.0,-0.0,3.541674014173228,0,0.0,-0.0,3.776078425555142,0,0.0,-0.0,2.4620639206398343,0,0.0,-0.0,1.590601759005396
2022-10-03,1323.09,0.03631963155586182,False,1.0,0.03631963155586182,4.381092715231766,0,0.0,0.0,0.2558478049733858,0,0.0,0.0,1.9809448152230018,0,0.0,0.0,3.776078425555142,0,0.0,0.0,3.541674014173228,0,0.0,0.0,3.776078425555142,0,0.0,0.0,2.4620639206398343,0,0.0,0.0,1.590601759005396
2022-10-04,1361.49,0.029022968959027784,False,1.0,0.029022968959027784,4.50824503311256,0,0.0,0.0,0.2558478049733858,0,0.0,0.0,1.9809448152230018,0,0.0,0.0,3.776078425555142,0,0.0,0.0,3.541674014173228,0,0.0,0.0,3.776078425555142,0,0.0,0.0,2.4620639206398343,0,0.0,0.0,1.590601759005396
2022-10-05,1352.2,-0.006823406708826307,False,1.0,-0.006823406708826307,4.4774834437085875,0,0.0,-0.0,0.2558478049733858,0,0.0,-0.0,1.9809448152230018,0,0.0,-0.0,3.776078425555142,0,0.0,-0.0,3.541674014173228,0,0.0,-0.0,3.776078425555142,0,0.0,-0.0,2.4620639206398343,0,0.0,-0.0,1.590601759005396
2022-10-06,1352.06,-0.00010353498003257133,False,1.0,-0.00010353498003257133,4.477019867549647,0,0.0,-0.0,0.2558478049733858,0,0.0,-0.0,1.9809448152230018,0,0.0,-0.0,3.776078425555142,0,0.0,-0.0,3.541674014173228,0,0.0,-0.0,3.776078425555142,0,0.0,-0.0,2.4620639206398343,0,0.0,-0.0,1.590601759005396
2022-10-07,1331.1,-0.015502270609292546,False,1.0,-0.015502270609292546,4.407615894039713,0,0.0,-0.0,0.2558478049733858,0,0.0,-0.0,1.9809448152230018,0,0.0,-0.0,3.776078425555142,0,0.0,-0.0,3.541674014173228,0,0.0,-0.0,3.776078425555142,0,0.0,-0.0,2.4620639206398343,0,0.0,-0.0,1.590601759005396
2022-10-08,1315.48,-0.011734655548042872,False,1.0,-0.011734655548042872,4.3558940397350785,0,0.0,-0.0,0.2558478049733858,0,0.0,-0.0,1.9809448152230018,0,0.0,-0.0,3.776078425555142,0,0.0,-0.0,3.541674014173228,0,0.0,-0.0,3.776078425555142,0,0.0,-0.0,2.4620639206398343,0,0.0,-0.0,1.590601759005396
2022-10-09,1323.13,0.005815367774500535,False,1.0,0.005815367774500535,4.381225165562893,0,0.0,0.0,0.2558478049733858,0,0.0,0.0,1.9809448152230018,0,0.0,0.0,3.776078425555142,0,0.0,0.0,3.541674014173228,0,0.0,0.0,3.776078425555142,0,0.0,0.0,2.4620639206398343,0,0.0,0.0,1.590601759005396
2022-10-10,1290.03,-0.025016438294045318,False,1.0,-0.025016438294045318,4.2716225165562705,0,0.0,-0.0,0.2558478049733858,0,0.0,-0.0,1.9809448152230018,0,0.0,-0.0,3.776078425555142,0,0.0,-0.0,3.541674014173228,0,0.0,-0.0,3.776078425555142,0,0.0,-0.0,2.4620639206398343,0,0.0,-0.0,1.590601759005396
2022-10-11,1280.11,-0.007689743649372582,True,1.0,-0.007689743649372582,4.238774834437065,0,0.0,-0.0,0.2558478049733858,0,0.0,-0.0,1.9809448152230018,0,0.0,-0.0,3.776078425555142,0,0.0,-0.0,3.541674014173228,0,0.0,-0.0,3.776078425555142,0,0.0,-0.0,2.4620639206398343,0,0.0,-0.0,1.590601759005396
2022-10-12,1294.44,0.011194350485505211,False,1.0,0.011194350485505211,4.286225165562892,0,0.0,0.0,0.2558478049733858,0,0.0,0.0,1.9809448152230018,0,0.0,0.0,3.776078425555142,0,0.0,0.0,3.541674014173228,0,0.0,0.0,3.776078425555142,0,0.0,0.0,2.4620639206398343,0,0.0,0.0,1.590601759005396
2022-10-13,1287.08,-0.005685856432125158,False,1.0,-0.005685856432125158,4.261854304635739,0,0.0,-0.0,0.2558478049733858,0,0.0,-0.0,1.9809448152230018,0,0.0,-0.0,3.776078425555142,0,0.0,-0.0,3.541674014173228,0,0.0,-0.0,3.776078425555142,0,0.0,-0.0,2.4620639206398343,0,0.0,-0.0,1.590601759005396
2022-10-14,1296.27,0.007140193305777531,False,1.0,0.007140193305777531,4.292284768211899,0,0.0,0.0,0.2558478049733858,0,0.0,0.0,1.9809448152230018,0,0.0,0.0,3.776078425555142,0,0.0,0.0,3.541674014173228,0,0.0,0.0,3.776078425555142,0,0.0,0.0,2.4620639206398343,0,0.0,0.0,1.590601759005396
2022-10-15,1274.92,-0.01647033411249188,False,1.0,-0.01647033411249188,4.221589403973489,0,0.0,-0.0,0.2558478049733858,0,0.0,-0.0,1.9809448152230018,0,0.0,-0.0,3.776078425555142,0,0.0,-0.0,3.541674014173228,0,0.0,-0.0,3.776078425555142,0,0.0,-0.0,2.4620639206398343,0,0.0,-0.0,1.590601759005396
2022-10-16,1305.95,0.024338782041226192,False,1.0,0.024338782041226192,4.32433774834435,0,0.0,0.0,0.2558478049733858,0,0.0,0.0,1.9809448152230018,0,0.0,0.0,3.776078425555142,0,0.0,0.0,3.541674014173228,0,0.0,0.0,3.776078425555142,0,0.0,0.0,2.4620639206398343,0,0.0,0.0,1.590601759005396
2022-10-17,1331.4,0.01948772923925124,True,1.0,0.01948772923925124,4.408609271523158,0,0.0,0.0,0.2558478049733858,0,0.0,0.0,1.9809448152230018,0,0.0,0.0,3.776078425555142,0,0.0,0.0,3.541674014173228,0,0.0,0.0,3.776078425555142,0,0.0,0.0,2.4620639206398343,0,0.0,0.0,1.590601759005396
2022-10-18,1310.71,-0.01554003304791951,False,1.0,-0.01554003304791951,4.340099337748324,0,0.0,-0.0,0.2558478049733858,0,0.0,-0.0,1.9809448152230018,0,0.0,-0.0,3.776078425555142,0,0.0,-0.0,3.541674014173228,0,0.0,-0.0,3.776078425555142,0,0.0,-0.0,2.4620639206398343,0,0.0,-0.0,1.590601759005396
2022-10-19,1285.09,-0.019546657918227628,False,1.0,-0.019546657918227628,4.255264900662231,0,0.0,-0.0,0.2558478049733858,0,0.0,-0.0,1.9809448152230018,0,0.0,-0.0,3.776078425555142,0,0.0,-0.0,3.541674014173228,0,0.0,-0.0,3.776078425555142,0,0.0,-0.0,2.4620639206398343,0,0.0,-0.0,1.590601759005396
2022-10-20,1282.57,-0.0019609521512111705,False,1.0,-0.0019609521512111705,4.246920529801304,0,0.0,-0.0,0.2558478049733858,0,0.0,-0.0,1.9809448152230018,0,0.0,-0.0,3.776078425555142,0,0.0,-0.0,3.541674014173228,0,0.0,-0.0,3.776078425555142,0,0.0,-0.0,2.4620639206398343,0,0.0,-0.0,1.590601759005396
2022-10-21,1299.75,0.013394980390933897,False,1.0,0.013394980390933897,4.303807947019847,0,0.0,0.0,0.2558478049733858,0,0.0,0.0,1.9809448152230018,0,0.0,0.0,3.776078425555142,0,0.0,0.0,3.541674014173228,0,0.0,0.0,3.776078425555142,0,0.0,0.0,2.4620639206398343,0,0.0,0.0,1.590601759005396
2022-10-22,1313.61,0.010663589151759911,True,1.0,0.010663589151759911,4.349701986754947,0,0.0,0.0,0.2558478049733858,0,0.0,0.0,1.9809448152230018,0,0.0,0.0,3.776078425555142,0,0.0,0.0,3.541674014173228,0,0.0,0.0,3.776078425555142,0,0.0,0.0,2.4620639206398343,0,0.0,0.0,1.590601759005396
2022-10-23,1364.2,0.03851219159415664,True,1.0,0.03851219159415664,4.517218543046337,0,0.0,0.0,0.2558478049733858,0,0.0,0.0,1.9809448152230018,0,0.0,0.0,3.776078425555142,0,0.0,0.0,3.541674014173228,0,0.0,0.0,3.776078425555142,0,0.0,0.0,2.4620639206398343,0,0.0,0.0,1.590601759005396
2022-10-24,1343.61,-0.01509309485412702,False,1.0,-0.01509309485412702,4.449039735099317,0,0.0,-0.0,0.2558478049733858,0,0.0,-0.0,1.9809448152230018,0,0.0,-0.0,3.776078425555142,0,0.0,-0.0,3.541674014173228,0,0.0,-0.0,3.776078425555142,0,0.0,-0.0,2.4620639206398343,0,0.0,-0.0,1.590601759005396
2022-10-25,1459.74,0.08643133052001706,True,1.0,0.08643133052001706,4.833576158940375,0,0.0,0.0,0.2558478049733858,0,0.0,0.0,1.9809448152230018,0,0.0,0.0,3.776078425555142,0,0.0,0.0,3.541674014173228,0,0.0,0.0,3.776078425555142,0,0.0,0.0,2.4620639206398343,0,0.0,0.0,1.590601759005396
2022-10-26,1566.1,0.07286229054489146,True,1.0,0.07286229054489146,5.18576158940395,0,0.0,0.0,0.2558478049733858,0,0.0,0.0,1.9809448152230018,0,0.0,0.0,3.776078425555142,0,0.0,0.0,3.541674014173228,0,0.0,0.0,3.776078425555142,0,0.0,0.0,2.4620639206398343,0,0.0,0.0,1.590601759005396
2022-10-27,1514.05,-0.033235425579464906,True,1.0,-0.033235425579464906,5.013410596026468,0,0.0,-0.0,0.2558478049733858,0,0.0,-0.0,1.9809448152230018,0,0.0,-0.0,3.776078425555142,0,0.0,-0.0,3.541674014173228,0,0.0,-0.0,3.776078425555142,0,0.0,-0.0,2.4620639206398343,0,0.0,-0.0,1.590601759005396
2022-10-28,1554.41,0.026656979624186894,True,1.0,0.026656979624186894,5.147052980132428,0,0.0,0.0,0.2558478049733858,0,0.0,0.0,1.9809448152230018,0,0.0,0.0,3.776078425555142,0,0.0,0.0,3.541674014173228,0,0.0,0.0,3.776078425555142,0,0.0,0.0,2.4620639206398343,0,0.0,0.0,1.590601759005396
2022-10-29,1619.55,0.041906575485232356,True,1.0,0.041906575485232356,5.3627483443708375,0,0.0,0.0,0.2558478049733858,0,0.0,0.0,1.9809448152230018,0,0.0,0.0,3.776078425555142,0,0.0,0.0,3.541674014173228,0,0.0,0.0,3.776078425555142,0,0.0,0.0,2.4620639206398343,0,0.0,0.0,1.590601759005396
2022-10-30,1590.44,-0.017974128615973473,True,1.0,-0.017974128615973473,5.266357615894017,0,0.0,-0.0,0.2558478049733858,0,0.0,-0.0,1.9809448152230018,0,0.0,-0.0,3.776078425555142,0,0.0,-0.0,3.541674014173228,0,0.0,-0.0,3.776078425555142,0,0.0,-0.0,2.4620639206398343,0,0.0,-0.0,1.590601759005396
2022-10-31,1572.69,-0.01116043359070451,True,1.0,-0.01116043359070451,5.207582781456931,0,0.0,-0.0,0.2558478049733858,0,0.0,-0.0,1.9809448152230018,0,0.0,-0.0,3.776078425555142,0,0.0,-0.0,3.541674014173228,0,0.0,-0.0,3.776078425555142,0,0.0,-0.0,2.4620639206398343,0,0.0,-0.0,1.590601759005396
2022-11-01,1578.48,0.00368159014173175,True,1.0,0.00368159014173175,5.226754966887395,0,0.0,0.0,0.2558478049733858,0,0.0,0.0,1.9809448152230018,0,0.0,0.0,3.776078425555142,0,0.0,0.0,3.541674014173228,0,0.0,0.0,3.776078425555142,0,0.0,0.0,2.4620639206398343,0,0.0,0.0,1.590601759005396
2022-11-02,1518.34,-0.03809994425016483,True,1.0,-0.03809994425016483,5.027615894039712,0,0.0,-0.0,0.2558478049733858,0,0.0,-0.0,1.9809448152230018,0,0.0,-0.0,3.776078425555142,0,0.0,-0.0,3.541674014173228,0,0.0,-0.0,3.776078425555142,0,0.0,-0.0,2.4620639206398343,0,0.0,-0.0,1.590601759005396
2022-11-03,1531.01,0.008344639540550869,True,1.0,0.008344639540550869,5.069569536423818,0,0.0,0.0,0.2558478049733858,0,0.0,0.0,1.9809448152230018,0,0.0,0.0,3.776078425555142,0,0.0,0.0,3.541674014173228,0,0.0,0.0,3.776078425555142,0,0.0,0.0,2.4620639206398343,0,0.0,0.0,1.590601759005396
2022-11-04,1644.78,0.07431042253153142,True,1.0,0.07431042253153142,5.446291390728452,0,0.0,0.0,0.2558478049733858,0,0.0,0.0,1.9809448152230018,0,0.0,0.0,3.776078425555142,0,0.0,0.0,3.541674014173228,0,0.0,0.0,3.776078425555142,0,0.0,0.0,2.4620639206398343,0,0.0,0.0,1.590601759005396
2022-11-05,1626.98,-0.010822116027675355,True,1.0,-0.010822116027675355,5.387350993377459,0,0.0,-0.0,0.2558478049733858,0,0.0,-0.0,1.9809448152230018,0,0.0,-0.0,3.776078425555142,0,0.0,-0.0,3.541674014173228,0,0.0,-0.0,3.776078425555142,0,0.0,-0.0,2.4620639206398343,0,0.0,-0.0,1.590601759005396
2022-11-06,1568.29,-0.03607296955094719,True,1.0,-0.03607296955094719,5.193013245033089,0,0.0,-0.0,0.2558478049733858,0,0.0,-0.0,1.9809448152230018,0,0.0,-0.0,3.776078425555142,0,0.0,-0.0,3.541674014173228,0,0.0,-0.0,3.776078425555142,0,0.0,-0.0,2.4620639206398343,0,0.0,-0.0,1.590601759005396
2022-11-07,1568.1,-0.00012115106262233777,True,1.0,-0.00012115106262233777,5.192384105960241,0,0.0,-0.0,0.2558478049733858,0,0.0,-0.0,1.9809448152230018,0,0.0,-0.0,3.776078425555142,0,0.0,-0.0,3.541674014173228,0,0.0,-0.0,3.776078425555142,0,0.0,-0.0,2.4620639206398343,0,0.0,-0.0,1.590601759005396
2022-11-08,1334.77,-0.14879790829666473,True,1.0,-0.14879790829666473,4.41976821192051,0,0.0,-0.0,0.2558478049733858,1,0.0,-0.0,1.9809448152230018,0,0.0,-0.0,3.776078425555142,0,0.0,-0.0,3.541674014173228,0,0.0,-0.0,3.776078425555142,0,0.0,-0.0,2.4620639206398343,0,0.0,-0.0,1.590601759005396
2022-11-09,1102.73,-0.17384268450744322,False,1.0,-0.17384268450744322,3.6514238410595863,0,0.0,-0.0,0.2558478049733858,0,1.0,-0.17484268450744322,1.6345911058683111,0,0.0,-0.0,3.776078425555142,0,0.0,-0.0,3.541674014173228,0,0.0,-0.0,3.776078425555142,0,0.0,-0.0,2.4620639206398343,0,0.0,-0.0,1.590601759005396
2022-11-10,1299.28,0.17823946024865567,False,1.0,0.17823946024865567,4.30225165562912,0,0.0,0.0,0.2558478049733858,0,1.0,0.17823946024865567,1.925939742305532,0,0.0,0.0,3.776078425555142,0,0.0,0.0,3.541674014173228,0,0.0,0.0,3.776078425555142,0,0.0,0.0,2.4620639206398343,0,0.0,0.0,1.590601759005396
2022-11-11,1289.28,-0.007696570408226133,False,1.0,-0.007696570408226133,4.269139072847663,0,0.0,-0.0,0.2558478049733858,0,1.0,-0.007696570408226133,1.9111166114768765,0,0.0,-0.0,3.776078425555142,0,0.0,-0.0,3.541674014173228,0,0.0,-0.0,3.776078425555142,0,0.0,-0.0,2.4620639206398343,0,0.0,-0.0,1.590601759005396
2022-11-12,1257.25,-0.02484332340531148,False,1.0,-0.02484332340531148,4.163079470198657,0,0.0,-0.0,0.2558478049733858,0,1.0,-0.02484332340531148,1.8636381234326935,0,0.0,-0.0,3.776078425555142,0,0.0,-0.0,3.541674014173228,0,0.0,-0.0,3.776078425555142,0,0.0,-0.0,2.4620639206398343,0,0.0,-0.0,1.590601759005396
2022-11-13,1221.49,-0.02844303042354346,False,1.0,-0.02844303042354346,4.044668874172167,0,0.0,-0.0,0.2558478049733858,0,1.0,-0.02844303042354346,1.810630607589422,0,0.0,-0.0,3.776078425555142,0,0.0,-0.0,3.541674014173228,0,0.0,-0.0,3.776078425555142,0,0.0,-0.0,2.4620639206398343,0,0.0,-0.0,1.590601759005396
2022-11-14,1243.28,0.017838868922381623,False,1.0,0.017838868922381623,4.116821192052962,0,0.0,0.0,0.2558478049733858,0,1.0,0.017838868922381623,1.842930209665062,0,0.0,0.0,3.776078425555142,0,0.0,0.0,3.541674014173228,0,0.0,0.0,3.776078425555142,0,0.0,0.0,2.4620639206398343,0,0.0,0.0,1.590601759005396
2022-11-15,1253.23,0.00800302425841326,False,1.0,0.00800302425841326,4.149768211920511,0,0.0,0.0,0.2558478049733858,0,1.0,0.00800302425841326,1.8576792248395742,0,0.0,0.0,3.776078425555142,0,0.0,0.0,3.541674014173228,0,0.0,0.0,3.776078425555142,0,0.0,0.0,2.4620639206398343,0,0.0,0.0,1.590601759005396
2022-11-16,1216.17,-0.02957158701914253,False,1.0,-0.02957158701914253,4.027052980132432,0,0.0,-0.0,0.2558478049733858,0,1.0,-0.02957158701914253,1.8027447019885774,0,0.0,-0.0,3.776078425555142,0,0.0,-0.0,3.541674014173228,0,0.0,-0.0,3.776078425555142,0,0.0,-0.0,2.4620639206398343,0,0.0,-0.0,1.590601759005396
2022-11-17,1200.43,-0.012942269584022004,False,1.0,-0.012942269584022004,3.9749337748344193,0,0.0,-0.0,0.2558478049733858,0,1.0,-0.012942269584022004,1.7794130940642738,0,0.0,-0.0,3.776078425555142,0,0.0,-0.0,3.541674014173228,0,0.0,-0.0,3.776078425555142,0,0.0,-0.0,2.4620639206398343,0,0.0,-0.0,1.590601759005396
2022-11-18,1212.58,0.01012137317461237,False,1.0,0.01012137317461237,4.015165562913889,0,0.0,0.0,0.2558478049733858,0,1.0,0.01012137317461237,1.79742319802109,0,0.0,0.0,3.776078425555142,0,0.0,0.0,3.541674014173228,0,0.0,0.0,3.776078425555142,0,0.0,0.0,2.4620639206398343,0,0.0,0.0,1.590601759005396
2022-11-19,1217.67,0.0041976611852414525,False,1.0,0.0041976611852414525,4.032019867549651,0,0.0,0.0,0.2558478049733858,0,1.0,0.0041976611852414525,1.8049681716128756,0,0.0,0.0,3.776078425555142,0,0.0,0.0,3.541674014173228,0,0.0,0.0,3.776078425555142,0,0.0,0.0,2.4620639206398343,0,0.0,0.0,1.590601759005396
2022-11-20,1142.21,-0.061970813110284406,False,1.0,-0.061970813110284406,3.7821523178807777,0,0.0,-0.0,0.2558478049733858,0,1.0,-0.061970813110284406,1.6931128263798423,0,0.0,-0.0,3.776078425555142,0,0.0,-0.0,3.541674014173228,0,0.0,-0.0,3.776078425555142,0,0.0,-0.0,2.4620639206398343,0,0.0,-0.0,1.590601759005396
2022-11-21,1107.34,-0.030528536783954063,False,1.0,-0.030528536783954063,3.666688741721837,0,0.0,-0.0,0.2558478049733858,0,1.0,-0.030528536783954063,1.6414245691803209,0,0.0,-0.0,3.776078425555142,0,0.0,-0.0,3.541674014173228,0,0.0,-0.0,3.776078425555142,0,0.0,-0.0,2.4620639206398343,0,0.0,-0.0,1.590601759005396
2022-11-22,1139.6,0.029132876984485412,False,1.0,0.029132876984485412,3.773509933774817,0,0.0,0.0,0.2558478049733858,0,1.0,0.029132876984485412,1.6892439892335631,0,0.0,0.0,3.776078425555142,0,0.0,0.0,3.541674014173228,0,0.0,0.0,3.776078425555142,0,0.0,0.0,2.4620639206398343,0,0.0,0.0,1.590601759005396
2022-11-23,1184.52,0.03941733941733938,False,1.0,0.03941733941733938,3.9222516556291205,0,0.0,0.0,0.2558478049733858,0,1.0,0.03941733941733938,1.7558294929158829,0,0.0,0.0,3.776078425555142,0,0.0,0.0,3.541674014173228,0,0.0,0.0,3.776078425555142,0,0.0,0.0,2.4620639206398343,0,0.0,0.0,1.590601759005396
2022-11-24,1203.73,0.016217539594097108,False,1.0,0.016217539594097108,3.9858609271522987,0,0.0,0.0,0.2558478049733858,0,1.0,0.016217539594097108,1.7843047272377297,0,0.0,0.0,3.776078425555142,0,0.0,0.0,3.541674014173228,0,0.0,0.0,3.776078425555142,0,0.0,0.0,2.4620639206398343,0,0.0,0.0,1.590601759005396
2022-11-25,1199.3,-0.003680227293496152,False,1.0,-0.003680227293496152,3.971192052980113,0,0.0,-0.0,0.2558478049733858,0,1.0,-0.003680227293496152,1.7777380802806353,0,0.0,-0.0,3.776078425555142,0,0.0,-0.0,3.541674014173228,0,0.0,-0.0,3.776078425555142,0,0.0,-0.0,2.4620639206398343,0,0.0,-0.0,1.590601759005396
2022-11-26,1205.6,0.0052530642875010525,False,1.0,0.0052530642875010525,3.992052980132431,0,0.0,0.0,0.2558478049733858,0,1.0,0.0052530642875010525,1.7870766527026882,0,0.0,0.0,3.776078425555142,0,0.0,0.0,3.541674014173228,0,0.0,0.0,3.776078425555142,0,0.0,0.0,2.4620639206398343,0,0.0,0.0,1.590601759005396
2022-11-27,1193.88,-0.009721300597212879,False,1.0,-0.009721300597212879,3.953245033112564,0,0.0,-0.0,0.2558478049733858,0,1.0,-0.009721300597212879,1.7697039433715045,0,0.0,-0.0,3.776078425555142,0,0.0,-0.0,3.541674014173228,0,0.0,-0.0,3.776078425555142,0,0.0,-0.0,2.4620639206398343,0,0.0,-0.0,1.590601759005396
2022-11-28,1167.77,-0.02186986966864357,False,1.0,-0.02186986966864357,3.86678807947018,0,0.0,-0.0,0.2558478049733858,0,1.0,-0.02186986966864357,1.7310007487778851,0,0.0,-0.0,3.776078425555142,0,0.0,-0.0,3.541674014173228,0,0.0,-0.0,3.776078425555142,0,0.0,-0.0,2.4620639206398343,0,0.0,-0.0,1.590601759005396
2022-11-29,1216.49,0.04172054428526173,True,1.0,0.04172054428526173,4.0281125827814375,0,0.0,0.0,0.2558478049733858,0,0.0,-0.001,1.7292697480291073,0,0.0,0.0,3.776078425555142,0,0.0,0.0,3.541674014173228,0,0.0,0.0,3.776078425555142,0,0.0,0.0,2.4620639206398343,0,0.0,0.0,1.590601759005396
2022-11-30,1294.46,0.06409423834145778,False,1.0,0.06409423834145778,4.286291390728456,0,0.0,0.0,0.2558478049733858,0,0.0,0.0,1.7292697480291073,0,0.0,0.0,3.776078425555142,0,0.0,0.0,3.541674014173228,0,0.0,0.0,3.776078425555142,0,0.0,0.0,2.4620639206398343,0,0.0,0.0,1.590601759005396
2022-12-01,1276.41,-0.01394403844073977,False,1.0,-0.01394403844073977,4.226523178807927,0,0.0,-0.0,0.2558478049733858,0,0.0,-0.0,1.7292697480291073,0,0.0,-0.0,3.776078425555142,0,0.0,-0.0,3.541674014173228,0,0.0,-0.0,3.776078425555142,0,0.0,-0.0,2.4620639206398343,0,0.0,-0.0,1.590601759005396
2022-12-02,1295.59,0.015026519691948348,True,1.0,0.015026519691948348,4.29003311258276,0,0.0,0.0,0.2558478049733858,0,0.0,0.0,1.7292697480291073,0,0.0,0.0,3.776078425555142,0,0.0,0.0,3.541674014173228,0,0.0,0.0,3.776078425555142,0,0.0,0.0,2.4620639206398343,0,0.0,0.0,1.590601759005396
2022-12-03,1240.51,-0.04251344947089741,True,1.0,-0.04251344947089741,4.107649006622497,0,0.0,-0.0,0.2558478049733858,0,0.0,-0.0,1.7292697480291073,0,0.0,-0.0,3.776078425555142,0,0.0,-0.0,3.541674014173228,0,0.0,-0.0,3.776078425555142,0,0.0,-0.0,2.4620639206398343,0,0.0,-0.0,1.590601759005396
2022-12-04,1279.41,0.03135807047101613,True,1.0,0.03135807047101613,4.236456953642365,0,0.0,0.0,0.2558478049733858,0,0.0,0.0,1.7292697480291073,0,0.0,0.0,3.776078425555142,0,0.0,0.0,3.541674014173228,0,0.0,0.0,3.776078425555142,0,0.0,0.0,2.4620639206398343,0,0.0,0.0,1.590601759005396
2022-12-05,1259.41,-0.01563220546970867,True,1.0,-0.01563220546970867,4.170231788079451,0,0.0,-0.0,0.2558478049733858,0,0.0,-0.0,1.7292697480291073,0,0.0,-0.0,3.776078425555142,0,0.0,-0.0,3.541674014173228,0,0.0,-0.0,3.776078425555142,0,0.0,-0.0,2.4620639206398343,0,0.0,-0.0,1.590601759005396
2022-12-06,1271.32,0.009456809140788058,True,1.0,0.009456809140788058,4.2096688741721655,0,0.0,0.0,0.2558478049733858,0,0.0,0.0,1.7292697480291073,0,0.0,0.0,3.776078425555142,0,0.0,0.0,3.541674014173228,0,0.0,0.0,3.776078425555142,0,0.0,0.0,2.4620639206398343,0,0.0,0.0,1.590601759005396
2022-12-07,1231.18,-0.03157348267941973,True,1.0,-0.03157348267941973,4.076754966887398,0,0.0,-0.0,0.2558478049733858,0,0.0,-0.0,1.7292697480291073,0,0.0,-0.0,3.776078425555142,0,0.0,-0.0,3.541674014173228,0,0.0,-0.0,3.776078425555142,0,0.0,-0.0,2.4620639206398343,0,0.0,-0.0,1.590601759005396
2022-12-08,1280.18,0.039799217011322385,True,1.0,0.039799217011322385,4.239006622516536,0,0.0,0.0,0.2558478049733858,0,0.0,0.0,1.7292697480291073,0,0.0,0.0,3.776078425555142,0,0.0,0.0,3.541674014173228,0,0.0,0.0,3.776078425555142,0,0.0,0.0,2.4620639206398343,0,0.0,0.0,1.590601759005396
2022-12-09,1263.1,-0.013341873798997095,True,1.0,-0.013341873798997095,4.182450331125807,0,0.0,-0.0,0.2558478049733858,0,0.0,-0.0,1.7292697480291073,0,0.0,-0.0,3.776078425555142,0,0.0,-0.0,3.541674014173228,0,0.0,-0.0,3.776078425555142,0,0.0,-0.0,2.4620639206398343,0,0.0,-0.0,1.590601759005396
2022-12-10,1266.35,0.0025730345974190882,True,1.0,0.0025730345974190882,4.19321192052978,0,0.0,0.0,0.2558478049733858,0,0.0,0.0,1.7292697480291073,0,0.0,0.0,3.776078425555142,0,0.0,0.0,3.541674014173228,0,0.0,0.0,3.776078425555142,0,0.0,0.0,2.4620639206398343,0,0.0,0.0,1.590601759005396
2022-12-11,1263.01,-0.002637501480633242,True,1.0,-0.002637501480633242,4.182152317880774,0,0.0,-0.0,0.2558478049733858,0,0.0,-0.0,1.7292697480291073,0,0.0,-0.0,3.776078425555142,0,0.0,-0.0,3.541674014173228,0,0.0,-0.0,3.776078425555142,0,0.0,-0.0,2.4620639206398343,0,0.0,-0.0,1.590601759005396
2022-12-12,1275.4,0.009809898575624976,True,1.0,0.009809898575624976,4.223178807946999,0,0.0,0.0,0.2558478049733858,0,0.0,0.0,1.7292697480291073,0,0.0,0.0,3.776078425555142,0,0.0,0.0,3.541674014173228,0,0.0,0.0,3.776078425555142,0,0.0,0.0,2.4620639206398343,0,0.0,0.0,1.590601759005396
2022-12-13,1320.69,0.03551042810098792,True,1.0,0.03551042810098792,4.373145695364217,0,0.0,0.0,0.2558478049733858,0,0.0,0.0,1.7292697480291073,0,0.0,0.0,3.776078425555142,0,0.0,0.0,3.541674014173228,0,0.0,0.0,3.776078425555142,0,0.0,0.0,2.4620639206398343,0,0.0,0.0,1.590601759005396
2022-12-14,1307.44,-0.01003263445623126,True,1.0,-0.01003263445623126,4.329271523178787,0,0.0,-0.0,0.2558478049733858,0,0.0,-0.0,1.7292697480291073,0,0.0,-0.0,3.776078425555142,0,0.0,-0.0,3.541674014173228,0,0.0,-0.0,3.776078425555142,0,0.0,-0.0,2.4620639206398343,0,0.0,-0.0,1.590601759005396
2022-12-15,1266.54,-0.031282506271798405,True,1.0,-0.031282506271798405,4.1938410596026285,0,0.0,-0.0,0.2558478049733858,0,0.0,-0.0,1.7292697480291073,0,0.0,-0.0,3.776078425555142,0,0.0,-0.0,3.541674014173228,0,0.0,-0.0,3.776078425555142,0,0.0,-0.0,2.4620639206398343,0,0.0,-0.0,1.590601759005396
2022-12-16,1166.83,-0.07872629368199979,False,1.0,-0.07872629368199979,3.863675496688723,0,0.0,-0.0,0.2558478049733858,0,0.0,-0.0,1.7292697480291073,0,0.0,-0.0,3.776078425555142,0,0.0,-0.0,3.541674014173228,0,0.0,-0.0,3.776078425555142,0,0.0,-0.0,2.4620639206398343,0,0.0,-0.0,1.590601759005396
2022-12-17,1187.16,0.017423275027210527,False,1.0,0.017423275027210527,3.9309933774834245,0,0.0,0.0,0.2558478049733858,0,0.0,0.0,1.7292697480291073,0,0.0,0.0,3.776078425555142,0,0.0,0.0,3.541674014173228,0,0.0,0.0,3.776078425555142,0,0.0,0.0,2.4620639206398343,0,0.0,0.0,1.590601759005396
2022-12-18,1183.06,-0.0034536204050003017,True,1.0,-0.0034536204050003017,3.9174172185430267,0,0.0,-0.0,0.2558478049733858,0,0.0,-0.0,1.7292697480291073,0,0.0,-0.0,3.776078425555142,0,0.0,-0.0,3.541674014173228,0,0.0,-0.0,3.776078425555142,0,0.0,-0.0,2.4620639206398343,0,0.0,-0.0,1.590601759005396
2022-12-19,1167.82,-0.012881848765066817,False,1.0,-0.012881848765066817,3.866953642384087,0,0.0,-0.0,0.2558478049733858,0,0.0,-0.0,1.7292697480291073,0,0.0,-0.0,3.776078425555142,0,0.0,-0.0,3.541674014173228,0,0.0,-0.0,3.776078425555142,0,0.0,-0.0,2.4620639206398343,0,0.0,-0.0,1.590601759005396
2022-12-20,1216.94,0.0420612765665942,False,1.0,0.0420612765665942,4.029602649006603,0,0.0,0.0,0.2558478049733858,0,0.0,0.0,1.7292697480291073,0,0.0,0.0,3.776078425555142,0,0.0,0.0,3.541674014173228,0,0.0,0.0,3.776078425555142,0,0.0,0.0,2.4620639206398343,0,0.0,0.0,1.590601759005396
2022-12-21,1213.78,-0.002596676910940676,False,1.0,-0.002596676910940676,4.019139072847662,0,0.0,-0.0,0.2558478049733858,0,0.0,-0.0,1.7292697480291073,0,0.0,-0.0,3.776078425555142,0,0.0,-0.0,3.541674014173228,0,0.0,-0.0,3.776078425555142,0,0.0,-0.0,2.4620639206398343,0,0.0,-0.0,1.590601759005396
2022-12-22,1217.71,0.00323781904463738,False,1.0,0.00323781904463738,4.032152317880774,0,0.0,0.0,0.2558478049733858,0,0.0,0.0,1.7292697480291073,0,0.0,0.0,3.776078425555142,0,0.0,0.0,3.541674014173228,0,0.0,0.0,3.776078425555142,0,0.0,0.0,2.4620639206398343,0,0.0,0.0,1.590601759005396
2022-12-23,1219.99,0.001872366983928897,False,1.0,0.001872366983928897,4.039701986754946,0,0.0,0.0,0.2558478049733858,0,0.0,0.0,1.7292697480291073,0,0.0,0.0,3.776078425555142,0,0.0,0.0,3.541674014173228,0,0.0,0.0,3.776078425555142,0,0.0,0.0,2.4620639206398343,0,0.0,0.0,1.590601759005396
2022-12-24,1220.41,0.0003442651169272004,False,1.0,0.0003442651169272004,4.041092715231767,0,0.0,0.0,0.2558478049733858,0,0.0,0.0,1.7292697480291073,0,0.0,0.0,3.776078425555142,0,0.0,0.0,3.541674014173228,0,0.0,0.0,3.776078425555142,0,0.0,0.0,2.4620639206398343,0,0.0,0.0,1.590601759005396
2022-12-25,1218.51,-0.0015568538442000124,False,1.0,-0.0015568538442000124,4.03480132450329,0,0.0,-0.0,0.2558478049733858,0,0.0,-0.0,1.7292697480291073,0,0.0,-0.0,3.776078425555142,0,0.0,-0.0,3.541674014173228,0,0.0,-0.0,3.776078425555142,0,0.0,-0.0,2.4620639206398343,0,0.0,-0.0,1.590601759005396
2022-12-26,1228.11,0.00787847453036905,False,1.0,0.00787847453036905,4.066589403973488,0,0.0,0.0,0.2558478049733858,0,0.0,0.0,1.7292697480291073,0,0.0,0.0,3.776078425555142,0,0.0,0.0,3.541674014173228,0,0.0,0.0,3.776078425555142,0,0.0,0.0,2.4620639206398343,0,0.0,0.0,1.590601759005396
2022-12-27,1211.55,-0.013484134157363714,False,1.0,-0.013484134157363714,4.011754966887396,0,0.0,-0.0,0.2558478049733858,0,0.0,-0.0,1.7292697480291073,0,0.0,-0.0,3.776078425555142,0,0.0,-0.0,3.541674014173228,0,0.0,-0.0,3.776078425555142,0,0.0,-0.0,2.4620639206398343,0,0.0,-0.0,1.590601759005396
2022-12-28,1190.15,-0.017663323841360157,False,1.0,-0.017663323841360157,3.9408940397350785,0,0.0,-0.0,0.2558478049733858,0,0.0,-0.0,1.7292697480291073,0,0.0,-0.0,3.776078425555142,0,0.0,-0.0,3.541674014173228,0,0.0,-0.0,3.776078425555142,0,0.0,-0.0,2.4620639206398343,0,0.0,-0.0,1.590601759005396
2022-12-29,1200.49,0.008687980506658866,False,1.0,0.008687980506658866,3.9751324503311047,0,0.0,0.0,0.2558478049733858,0,0.0,0.0,1.7292697480291073,0,0.0,0.0,3.776078425555142,0,0.0,0.0,3.541674014173228,0,0.0,0.0,3.776078425555142,0,0.0,0.0,2.4620639206398343,0,0.0,0.0,1.590601759005396
2022-12-30,1199.99,-0.00041649659722275967,False,1.0,-0.00041649659722275967,3.973476821192032,0,0.0,-0.0,0.2558478049733858,0,0.0,-0.0,1.7292697480291073,0,0.0,-0.0,3.776078425555142,0,0.0,-0.0,3.541674014173228,0,0.0,-0.0,3.776078425555142,0,0.0,-0.0,2.4620639206398343,0,0.0,-0.0,1.590601759005396
2022-12-31,1196.13,-0.0032166934724455754,False,1.0,-0.0032166934724455754,3.9606953642383895,0,0.0,-0.0,0.2558478049733858,0,0.0,-0.0,1.7292697480291073,0,0.0,-0.0,3.776078425555142,0,0.0,-0.0,3.541674014173228,0,0.0,-0.0,3.776078425555142,0,0.0,-0.0,2.4620639206398343,0,0.0,-0.0,1.590601759005396
2023-01-01,1200.34,0.003519684315249849,False,1.0,0.003519684315249849,3.9746357615893824,0,0.0,0.0,0.2558478049733858,0,0.0,0.0,1.7292697480291073,0,0.0,0.0,3.776078425555142,0,0.0,0.0,3.541674014173228,0,0.0,0.0,3.776078425555142,0,0.0,0.0,2.4620639206398343,0,0.0,0.0,1.590601759005396
2023-01-02,1214.0,0.011380108969125446,False,1.0,0.011380108969125446,4.019867549668852,0,0.0,0.0,0.2558478049733858,0,0.0,0.0,1.7292697480291073,0,0.0,0.0,3.776078425555142,0,0.0,0.0,3.541674014173228,0,0.0,0.0,3.776078425555142,0,0.0,0.0,2.4620639206398343,0,0.0,0.0,1.590601759005396
2023-01-03,1214.55,0.0004530477759472351,False,1.0,0.0004530477759472351,4.0216887417218325,0,0.0,0.0,0.2558478049733858,0,0.0,0.0,1.7292697480291073,0,0.0,0.0,3.776078425555142,0,0.0,0.0,3.541674014173228,0,0.0,0.0,3.776078425555142,0,0.0,0.0,2.4620639206398343,0,0.0,0.0,1.590601759005396
2023-01-04,1256.9,0.03486888147873701,False,1.0,0.03486888147873701,4.161920529801302,0,0.0,0.0,0.2558478049733858,0,0.0,0.0,1.7292697480291073,0,0.0,0.0,3.776078425555142,0,0.0,0.0,3.541674014173228,0,0.0,0.0,3.776078425555142,0,0.0,0.0,2.4620639206398343,0,0.0,0.0,1.590601759005396
2023-01-05,1251.24,-0.004503142652557912,True,1.0,-0.004503142652557912,4.143178807946997,0,0.0,-0.0,0.2558478049733858,0,0.0,-0.0,1.7292697480291073,0,0.0,-0.0,3.776078425555142,0,0.0,-0.0,3.541674014173228,0,0.0,-0.0,3.776078425555142,0,0.0,-0.0,2.4620639206398343,0,0.0,-0.0,1.590601759005396
2023-01-06,1269.14,0.014305808637831374,True,1.0,0.014305808637831374,4.202450331125805,0,0.0,0.0,0.2558478049733858,0,0.0,0.0,1.7292697480291073,0,0.0,0.0,3.776078425555142,0,0.0,0.0,3.541674014173228,0,0.0,0.0,3.776078425555142,0,0.0,0.0,2.4620639206398343,0,0.0,0.0,1.590601759005396
2023-01-07,1264.07,-0.003994831145500255,True,1.0,-0.003994831145500255,4.1856622516556055,0,0.0,-0.0,0.2558478049733858,0,0.0,-0.0,1.7292697480291073,0,0.0,-0.0,3.776078425555142,0,0.0,-0.0,3.541674014173228,0,0.0,-0.0,3.776078425555142,0,0.0,-0.0,2.4620639206398343,0,0.0,-0.0,1.590601759005396
2023-01-08,1290.16,0.02063967976457004,True,1.0,0.02063967976457004,4.272052980132426,0,0.0,0.0,0.2558478049733858,0,0.0,0.0,1.7292697480291073,0,0.0,0.0,3.776078425555142,0,0.0,0.0,3.541674014173228,0,0.0,0.0,3.776078425555142,0,0.0,0.0,2.4620639206398343,0,0.0,0.0,1.590601759005396
2023-01-09,1320.39,0.02343120233149376,True,1.0,0.02343120233149376,4.37215231788077,0,0.0,0.0,0.2558478049733858,0,0.0,0.0,1.7292697480291073,0,0.0,0.0,3.776078425555142,0,0.0,0.0,3.541674014173228,0,0.0,0.0,3.776078425555142,0,0.0,0.0,2.4620639206398343,0,0.0,0.0,1.590601759005396
2023-01-10,1335.62,0.01153447087602899,True,1.0,0.01153447087602899,4.422582781456929,0,0.0,0.0,0.2558478049733858,0,0.0,0.0,1.7292697480291073,0,0.0,0.0,3.776078425555142,0,0.0,0.0,3.541674014173228,0,0.0,0.0,3.776078425555142,0,0.0,0.0,2.4620639206398343,0,0.0,0.0,1.590601759005396
2023-01-11,1389.39,0.040258456746679494,True,1.0,0.040258456746679494,4.600629139072822,0,0.0,0.0,0.2558478049733858,0,0.0,0.0,1.7292697480291073,0,0.0,0.0,3.776078425555142,0,0.0,0.0,3.541674014173228,0,0.0,0.0,3.776078425555142,0,0.0,0.0,2.4620639206398343,0,0.0,0.0,1.590601759005396
2023-01-12,1415.92,0.019094710628405176,True,1.0,0.019094710628405176,4.688476821192027,0,0.0,0.0,0.2558478049733858,0,0.0,0.0,1.7292697480291073,0,0.0,0.0,3.776078425555142,0,0.0,0.0,3.541674014173228,0,0.0,0.0,3.776078425555142,0,0.0,0.0,2.4620639206398343,0,0.0,0.0,1.590601759005396
2023-01-13,1451.2,0.024916661958302777,True,1.0,0.024916661958302777,4.8052980132450065,0,0.0,0.0,0.2558478049733858,0,0.0,0.0,1.7292697480291073,0,0.0,0.0,3.776078425555142,0,0.0,0.0,3.541674014173228,0,0.0,0.0,3.776078425555142,0,0.0,0.0,2.4620639206398343,0,0.0,0.0,1.590601759005396
2023-01-14,1549.9,0.06801267916207276,True,1.0,0.06801267916207276,5.132119205297985,0,0.0,0.0,0.2558478049733858,0,0.0,0.0,1.7292697480291073,0,0.0,0.0,3.776078425555142,0,0.0,0.0,3.541674014173228,0,0.0,0.0,3.776078425555142,0,0.0,0.0,2.4620639206398343,0,0.0,0.0,1.590601759005396
2023-01-15,1552.52,0.001690431640750889,True,1.0,0.001690431640750889,5.140794701986726,0,0.0,0.0,0.2558478049733858,0,0.0,0.0,1.7292697480291073,0,0.0,0.0,3.776078425555142,0,0.0,0.0,3.541674014173228,0,0.0,0.0,3.776078425555142,0,0.0,0.0,2.4620639206398343,0,0.0,0.0,1.590601759005396
2023-01-16,1576.94,0.01572926596758828,True,1.0,0.01572926596758828,5.221655629139044,0,0.0,0.0,0.2558478049733858,0,0.0,0.0,1.7292697480291073,0,0.0,0.0,3.776078425555142,0,0.0,0.0,3.541674014173228,0,0.0,0.0,3.776078425555142,0,0.0,0.0,2.4620639206398343,0,0.0,0.0,1.590601759005396
2023-01-17,1565.57,-0.00721016652504225,True,1.0,-0.00721016652504225,5.184006622516527,0,0.0,-0.0,0.2558478049733858,0,0.0,-0.0,1.7292697480291073,0,0.0,-0.0,3.776078425555142,0,0.0,-0.0,3.541674014173228,0,0.0,-0.0,3.776078425555142,0,0.0,-0.0,2.4620639206398343,0,0.0,-0.0,1.590601759005396
2023-01-18,1511.43,-0.034581653966286985,True,1.0,-0.034581653966286985,5.00473509933772,0,0.0,-0.0,0.2558478049733858,0,0.0,-0.0,1.7292697480291073,0,0.0,-0.0,3.776078425555142,0,0.0,-0.0,3.541674014173228,0,0.0,-0.0,3.776078425555142,0,0.0,-0.0,2.4620639206398343,0,0.0,-0.0,1.590601759005396
2023-01-19,1551.09,0.026240050812806226,True,1.0,0.026240050812806226,5.136059602648977,0,0.0,0.0,0.2558478049733858,0,0.0,0.0,1.7292697480291073,0,0.0,0.0,3.776078425555142,0,0.0,0.0,3.541674014173228,0,0.0,0.0,3.776078425555142,0,0.0,0.0,2.4620639206398343,0,0.0,0.0,1.590601759005396
2023-01-20,1658.52,0.06926097131694497,True,1.0,0.06926097131694497,5.491788079470168,0,0.0,0.0,0.2558478049733858,0,0.0,0.0,1.7292697480291073,0,0.0,0.0,3.776078425555142,0,0.0,0.0,3.541674014173228,0,0.0,0.0,3.776078425555142,0,0.0,0.0,2.4620639206398343,0,0.0,0.0,1.590601759005396
2023-01-21,1626.66,-0.019209897981332658,True,1.0,-0.019209897981332658,5.386291390728447,0,0.0,-0.0,0.2558478049733858,0,0.0,-0.0,1.7292697480291073,0,0.0,-0.0,3.776078425555142,0,0.0,-0.0,3.541674014173228,0,0.0,-0.0,3.776078425555142,0,0.0,-0.0,2.4620639206398343,0,0.0,-0.0,1.590601759005396
2023-01-22,1627.44,0.0004795101619268216,True,1.0,0.0004795101619268216,5.3888741721854005,0,0.0,0.0,0.2558478049733858,0,0.0,0.0,1.7292697480291073,0,0.0,0.0,3.776078425555142,0,0.0,0.0,3.541674014173228,0,0.0,0.0,3.776078425555142,0,0.0,0.0,2.4620639206398343,0,0.0,0.0,1.590601759005396
2023-01-23,1626.29,-0.000706631273656888,True,1.0,-0.000706631273656888,5.385066225165533,0,0.0,-0.0,0.2558478049733858,0,0.0,-0.0,1.7292697480291073,0,0.0,-0.0,3.776078425555142,0,0.0,-0.0,3.541674014173228,0,0.0,-0.0,3.776078425555142,0,0.0,-0.0,2.4620639206398343,0,0.0,-0.0,1.590601759005396
2023-01-24,1555.97,-0.04323952062670244,True,1.0,-0.04323952062670244,5.152218543046329,0,0.0,-0.0,0.2558478049733858,0,0.0,-0.0,1.7292697480291073,0,0.0,-0.0,3.776078425555142,0,0.0,-0.0,3.541674014173228,0,0.0,-0.0,3.776078425555142,0,0.0,-0.0,2.4620639206398343,0,0.0,-0.0,1.590601759005396
2023-01-25,1611.94,0.03597113054878953,True,1.0,0.03597113054878953,5.337549668874143,0,0.0,0.0,0.2558478049733858,0,0.0,0.0,1.7292697480291073,0,0.0,0.0,3.776078425555142,0,0.0,0.0,3.541674014173228,0,0.0,0.0,3.776078425555142,0,0.0,0.0,2.4620639206398343,0,0.0,0.0,1.590601759005396
2023-01-26,1601.09,-0.006731019765003787,True,1.0,-0.006731019765003787,5.301622516556262,0,0.0,-0.0,0.2558478049733858,0,0.0,-0.0,1.7292697480291073,0,0.0,-0.0,3.776078425555142,0,0.0,-0.0,3.541674014173228,0,0.0,-0.0,3.776078425555142,0,0.0,-0.0,2.4620639206398343,0,0.0,-0.0,1.590601759005396
2023-01-27,1597.62,-0.002167273544897541,True,1.0,-0.002167273544897541,5.290132450331097,0,0.0,-0.0,0.2558478049733858,0,0.0,-0.0,1.7292697480291073,0,0.0,-0.0,3.776078425555142,0,0.0,-0.0,3.541674014173228,0,0.0,-0.0,3.776078425555142,0,0.0,-0.0,2.4620639206398343,0,0.0,-0.0,1.590601759005396
2023-01-28,1572.1,-0.01597376096944203,True,1.0,-0.01597376096944203,5.205629139072819,0,0.0,-0.0,0.2558478049733858,0,0.0,-0.0,1.7292697480291073,0,0.0,-0.0,3.776078425555142,0,0.0,-0.0,3.541674014173228,0,0.0,-0.0,3.776078425555142,0,0.0,-0.0,2.4620639206398343,0,0.0,-0.0,1.590601759005396
2023-01-29,1644.72,0.046192990267794665,True,1.0,0.046192990267794665,5.446092715231758,0,0.0,0.0,0.2558478049733858,0,0.0,0.0,1.7292697480291073,0,0.0,0.0,3.776078425555142,0,0.0,0.0,3.541674014173228,0,0.0,0.0,3.776078425555142,0,0.0,0.0,2.4620639206398343,0,0.0,0.0,1.590601759005396
2023-01-30,1566.2,-0.04774064886424434,True,1.0,-0.04774064886424434,5.18609271523176,0,0.0,-0.0,0.2558478049733858,0,0.0,-0.0,1.7292697480291073,0,0.0,-0.0,3.776078425555142,0,0.0,-0.0,3.541674014173228,0,0.0,-0.0,3.776078425555142,0,0.0,-0.0,2.4620639206398343,0,0.0,-0.0,1.590601759005396
2023-01-31,1585.33,0.01221427659302754,True,1.0,0.01221427659302754,5.249437086092686,0,0.0,0.0,0.2558478049733858,0,0.0,0.0,1.7292697480291073,0,0.0,0.0,3.776078425555142,0,0.0,0.0,3.541674014173228,0,0.0,0.0,3.776078425555142,0,0.0,0.0,2.4620639206398343,0,0.0,0.0,1.590601759005396
2023-02-01,1641.68,0.035544650009777135,True,1.0,0.035544650009777135,5.436026490066195,0,0.0,0.0,0.2558478049733858,0,0.0,0.0,1.7292697480291073,0,0.0,0.0,3.776078425555142,0,0.0,0.0,3.541674014173228,0,0.0,0.0,3.776078425555142,0,0.0,0.0,2.4620639206398343,0,0.0,0.0,1.590601759005396
2023-02-02,1643.12,0.0008771502363431605,True,1.0,0.0008771502363431605,5.440794701986724,0,0.0,0.0,0.2558478049733858,0,0.0,0.0,1.7292697480291073,0,0.0,0.0,3.776078425555142,0,0.0,0.0,3.541674014173228,0,0.0,0.0,3.776078425555142,0,0.0,0.0,2.4620639206398343,0,0.0,0.0,1.590601759005396
2023-02-03,1663.52,0.012415404839573485,True,1.0,0.012415404839573485,5.508344370860896,0,0.0,0.0,0.2558478049733858,0,0.0,0.0,1.7292697480291073,0,0.0,0.0,3.776078425555142,0,0.0,0.0,3.541674014173228,0,0.0,0.0,3.776078425555142,0,0.0,0.0,2.4620639206398343,0,0.0,0.0,1.590601759005396
2023-02-04,1666.38,0.0017192459363277734,True,1.0,0.0017192459363277734,5.517814569536393,0,0.0,0.0,0.2558478049733858,0,0.0,0.0,1.7292697480291073,0,0.0,0.0,3.776078425555142,0,0.0,0.0,3.541674014173228,0,0.0,0.0,3.776078425555142,0,0.0,0.0,2.4620639206398343,0,0.0,0.0,1.590601759005396
2023-02-05,1629.02,-0.022419856215269096,True,1.0,-0.022419856215269096,5.39410596026487,0,0.0,-0.0,0.2558478049733858,0,0.0,-0.0,1.7292697480291073,0,0.0,-0.0,3.776078425555142,0,0.0,-0.0,3.541674014173228,0,0.0,-0.0,3.776078425555142,0,0.0,-0.0,2.4620639206398343,0,0.0,-0.0,1.590601759005396
2023-02-06,1614.29,-0.009042246258486708,True,1.0,-0.009042246258486708,5.3453311258277845,0,0.0,-0.0,0.2558478049733858,0,0.0,-0.0,1.7292697480291073,0,0.0,-0.0,3.776078425555142,0,0.0,-0.0,3.541674014173228,0,0.0,-0.0,3.776078425555142,0,0.0,-0.0,2.4620639206398343,0,0.0,-0.0,1.590601759005396
2023-02-07,1671.03,0.035148579251559564,True,1.0,0.035148579251559564,5.53321192052977,0,0.0,0.0,0.2558478049733858,0,0.0,0.0,1.7292697480291073,0,0.0,0.0,3.776078425555142,0,0.0,0.0,3.541674014173228,0,0.0,0.0,3.776078425555142,0,0.0,0.0,2.4620639206398343,0,0.0,0.0,1.590601759005396
2023-02-08,1650.43,-0.012327726013297124,True,1.0,-0.012327726013297124,5.46499999999997,0,0.0,-0.0,0.2558478049733858,0,0.0,-0.0,1.7292697480291073,0,0.0,-0.0,3.776078425555142,0,0.0,-0.0,3.541674014173228,0,0.0,-0.0,3.776078425555142,0,0.0,-0.0,2.4620639206398343,0,0.0,-0.0,1.590601759005396
2023-02-09,1545.35,-0.06366825615142735,False,1.0,-0.06366825615142735,5.117052980132421,0,0.0,-0.0,0.2558478049733858,0,0.0,-0.0,1.7292697480291073,0,0.0,-0.0,3.776078425555142,0,0.0,-0.0,3.541674014173228,0,0.0,-0.0,3.776078425555142,0,0.0,-0.0,2.4620639206398343,0,0.0,-0.0,1.590601759005396
2023-02-10,1513.06,-0.02089494289319571,False,1.0,-0.02089494289319571,5.010132450331096,0,0.0,-0.0,0.2558478049733858,0,0.0,-0.0,1.7292697480291073,0,0.0,-0.0,3.776078425555142,0,0.0,-0.0,3.541674014173228,0,0.0,-0.0,3.776078425555142,0,0.0,-0.0,2.4620639206398343,0,0.0,-0.0,1.590601759005396
2023-02-11,1538.51,0.016820218629796546,False,1.0,0.016820218629796546,5.094403973509904,0,0.0,0.0,0.2558478049733858,0,0.0,0.0,1.7292697480291073,0,0.0,0.0,3.776078425555142,0,0.0,0.0,3.541674014173228,0,0.0,0.0,3.776078425555142,0,0.0,0.0,2.4620639206398343,0,0.0,0.0,1.590601759005396
2023-02-12,1514.83,-0.015391515167272218,False,1.0,-0.015391515167272218,5.015993377483414,0,0.0,-0.0,0.2558478049733858,0,0.0,-0.0,1.7292697480291073,0,0.0,-0.0,3.776078425555142,0,0.0,-0.0,3.541674014173228,0,0.0,-0.0,3.776078425555142,0,0.0,-0.0,2.4620639206398343,0,0.0,-0.0,1.590601759005396
2023-02-13,1505.24,-0.0063307433837459515,False,1.0,-0.0063307433837459515,4.984238410595998,0,0.0,-0.0,0.2558478049733858,0,0.0,-0.0,1.7292697480291073,0,0.0,-0.0,3.776078425555142,0,0.0,-0.0,3.541674014173228,0,0.0,-0.0,3.776078425555142,0,0.0,-0.0,2.4620639206398343,0,0.0,-0.0,1.590601759005396
2023-02-14,1555.71,0.033529536818049044,False,1.0,0.033529536818049044,5.15135761589401,0,0.0,0.0,0.2558478049733858,0,0.0,0.0,1.7292697480291073,0,0.0,0.0,3.776078425555142,0,0.0,0.0,3.541674014173228,0,0.0,0.0,3.776078425555142,0,0.0,0.0,2.4620639206398343,0,0.0,0.0,1.590601759005396
2023-02-15,1674.92,0.07662739199465207,True,1.0,0.07662739199465207,5.546092715231757,0,0.0,0.0,0.2558478049733858,0,0.0,0.0,1.7292697480291073,0,0.0,0.0,3.776078425555142,0,0.0,0.0,3.541674014173228,0,0.0,0.0,3.776078425555142,0,0.0,0.0,2.4620639206398343,0,0.0,0.0,1.590601759005396
2023-02-16,1637.84,-0.02213837078785863,True,1.0,-0.02213837078785863,5.423311258278115,0,0.0,-0.0,0.2558478049733858,0,0.0,-0.0,1.7292697480291073,0,0.0,-0.0,3.776078425555142,0,0.0,-0.0,3.541674014173228,0,0.0,-0.0,3.776078425555142,0,0.0,-0.0,2.4620639206398343,0,0.0,-0.0,1.590601759005396
2023-02-17,1693.87,0.034209690812289306,True,1.0,0.034209690812289306,5.608841059602617,0,0.0,0.0,0.2558478049733858,0,0.0,0.0,1.7292697480291073,0,0.0,0.0,3.776078425555142,0,0.0,0.0,3.541674014173228,0,0.0,0.0,3.776078425555142,0,0.0,0.0,2.4620639206398343,0,0.0,0.0,1.590601759005396
2023-02-18,1691.62,-0.0013283191744348777,True,1.0,-0.0013283191744348777,5.601390728476789,0,0.0,-0.0,0.2558478049733858,0,0.0,-0.0,1.7292697480291073,0,0.0,-0.0,3.776078425555142,0,0.0,-0.0,3.541674014173228,0,0.0,-0.0,3.776078425555142,0,0.0,-0.0,2.4620639206398343,0,0.0,-0.0,1.590601759005396
2023-02-19,1679.75,-0.007016942339295951,True,1.0,-0.007016942339295951,5.562086092715201,0,0.0,-0.0,0.2558478049733858,0,0.0,-0.0,1.7292697480291073,0,0.0,-0.0,3.776078425555142,0,0.0,-0.0,3.541674014173228,0,0.0,-0.0,3.776078425555142,0,0.0,-0.0,2.4620639206398343,0,0.0,-0.0,1.590601759005396
2023-02-20,1703.27,0.014002083643399388,True,1.0,0.014002083643399388,5.639966887417187,0,0.0,0.0,0.2558478049733858,0,0.0,0.0,1.7292697480291073,0,0.0,0.0,3.776078425555142,0,0.0,0.0,3.541674014173228,0,0.0,0.0,3.776078425555142,0,0.0,0.0,2.4620639206398343,0,0.0,0.0,1.590601759005396
2023-02-21,1659.76,-0.02554498112454273,True,1.0,-0.02554498112454273,5.495894039735069,0,0.0,-0.0,0.2558478049733858,0,0.0,-0.0,1.7292697480291073,0,0.0,-0.0,3.776078425555142,0,0.0,-0.0,3.541674014173228,0,0.0,-0.0,3.776078425555142,0,0.0,-0.0,2.4620639206398343,0,0.0,-0.0,1.590601759005396
2023-02-22,1643.14,-0.010013495927121974,True,1.0,-0.010013495927121974,5.440860927152288,0,0.0,-0.0,0.2558478049733858,0,0.0,-0.0,1.7292697480291073,0,0.0,-0.0,3.776078425555142,0,0.0,-0.0,3.541674014173228,0,0.0,-0.0,3.776078425555142,0,0.0,-0.0,2.4620639206398343,0,0.0,-0.0,1.590601759005396
2023-02-23,1650.53,0.004497486519712268,False,1.0,0.004497486519712268,5.465331125827785,0,0.0,0.0,0.2558478049733858,0,0.0,0.0,1.7292697480291073,0,0.0,0.0,3.776078425555142,0,0.0,0.0,3.541674014173228,0,0.0,0.0,3.776078425555142,0,0.0,0.0,2.4620639206398343,0,0.0,0.0,1.590601759005396
2023-02-24,1607.8,-0.025888653947519935,False,1.0,-0.025888653947519935,5.3238410596026196,0,0.0,-0.0,0.2558478049733858,0,0.0,-0.0,1.7292697480291073,0,0.0,-0.0,3.776078425555142,0,0.0,-0.0,3.541674014173228,0,0.0,-0.0,3.776078425555142,0,0.0,-0.0,2.4620639206398343,0,0.0,-0.0,1.590601759005396
2023-02-25,1594.58,-0.008222415723348697,False,1.0,-0.008222415723348697,5.280066225165534,0,0.0,-0.0,0.2558478049733858,0,0.0,-0.0,1.7292697480291073,0,0.0,-0.0,3.776078425555142,0,0.0,-0.0,3.541674014173228,0,0.0,-0.0,3.776078425555142,0,0.0,-0.0,2.4620639206398343,0,0.0,-0.0,1.590601759005396
2023-02-26,1641.36,0.029336878676516687,True,1.0,0.029336878676516687,5.434966887417189,0,0.0,0.0,0.2558478049733858,0,0.0,0.0,1.7292697480291073,0,0.0,0.0,3.776078425555142,0,0.0,0.0,3.541674014173228,0,0.0,0.0,3.776078425555142,0,0.0,0.0,2.4620639206398343,0,0.0,0.0,1.590601759005396
2023-02-27,1633.45,-0.004819174343227428,False,1.0,-0.004819174343227428,5.408774834437057,0,0.0,-0.0,0.2558478049733858,0,0.0,-0.0,1.7292697480291073,0,0.0,-0.0,3.776078425555142,0,0.0,-0.0,3.541674014173228,0,0.0,-0.0,3.776078425555142,0,0.0,-0.0,2.4620639206398343,0,0.0,-0.0,1.590601759005396
2023-02-28,1605.23,-0.01727631699776544,False,1.0,-0.01727631699776544,5.315331125827787,0,0.0,-0.0,0.2558478049733858,0,0.0,-0.0,1.7292697480291073,0,0.0,-0.0,3.776078425555142,0,0.0,-0.0,3.541674014173228,0,0.0,-0.0,3.776078425555142,0,0.0,-0.0,2.4620639206398343,0,0.0,-0.0,1.590601759005396
2023-03-01,1665.22,0.03737159160992509,True,1.0,0.03737159160992509,5.513973509933746,0,0.0,0.0,0.2558478049733858,0,0.0,0.0,1.7292697480291073,0,0.0,0.0,3.776078425555142,0,0.0,0.0,3.541674014173228,0,0.0,0.0,3.776078425555142,0,0.0,0.0,2.4620639206398343,0,0.0,0.0,1.590601759005396
2023-03-02,1647.86,-0.010425048942482196,True,1.0,-0.010425048942482196,5.456490066225136,0,0.0,-0.0,0.2558478049733858,0,0.0,-0.0,1.7292697480291073,0,0.0,-0.0,3.776078425555142,0,0.0,-0.0,3.541674014173228,0,0.0,-0.0,3.776078425555142,0,0.0,-0.0,2.4620639206398343,0,0.0,-0.0,1.590601759005396
2023-03-03,1569.45,-0.04758292573398215,True,1.0,-0.04758292573398215,5.1968543046357345,0,0.0,-0.0,0.2558478049733858,0,0.0,-0.0,1.7292697480291073,0,0.0,-0.0,3.776078425555142,0,0.0,-0.0,3.541674014173228,0,0.0,-0.0,3.776078425555142,0,0.0,-0.0,2.4620639206398343,0,0.0,-0.0,1.590601759005396
2023-03-04,1566.73,-0.0017330912102966334,True,1.0,-0.0017330912102966334,5.187847682119178,0,0.0,-0.0,0.2558478049733858,0,0.0,-0.0,1.7292697480291073,0,0.0,-0.0,3.776078425555142,0,0.0,-0.0,3.541674014173228,0,0.0,-0.0,3.776078425555142,0,0.0,-0.0,2.4620639206398343,0,0.0,-0.0,1.590601759005396
2023-03-05,1564.58,-0.0013722849501829337,True,1.0,-0.0013722849501829337,5.180728476821164,0,0.0,-0.0,0.2558478049733858,0,0.0,-0.0,1.7292697480291073,0,0.0,-0.0,3.776078425555142,0,0.0,-0.0,3.541674014173228,0,0.0,-0.0,3.776078425555142,0,0.0,-0.0,2.4620639206398343,0,0.0,-0.0,1.590601759005396
2023-03-06,1565.84,0.0008053279474362629,True,1.0,0.0008053279474362629,5.184900662251627,0,0.0,0.0,0.2558478049733858,0,0.0,0.0,1.7292697480291073,0,0.0,0.0,3.776078425555142,0,0.0,0.0,3.541674014173228,0,0.0,0.0,3.776078425555142,0,0.0,0.0,2.4620639206398343,0,0.0,0.0,1.590601759005396
2023-03-07,1561.96,-0.002477903234046841,False,1.0,-0.002477903234046841,5.172052980132422,0,0.0,-0.0,0.2558478049733858,0,0.0,-0.0,1.7292697480291073,0,0.0,-0.0,3.776078425555142,0,0.0,-0.0,3.541674014173228,0,0.0,-0.0,3.776078425555142,0,0.0,-0.0,2.4620639206398343,0,0.0,-0.0,1.590601759005396
2023-03-08,1532.38,-0.01893774488463207,False,1.0,-0.01893774488463207,5.074105960264873,0,0.0,-0.0,0.2558478049733858,0,0.0,-0.0,1.7292697480291073,0,0.0,-0.0,3.776078425555142,0,0.0,-0.0,3.541674014173228,0,0.0,-0.0,3.776078425555142,0,0.0,-0.0,2.4620639206398343,0,0.0,-0.0,1.590601759005396
2023-03-09,1437.32,-0.06203422127670688,False,1.0,-0.06203422127670688,4.759337748344345,0,0.0,-0.0,0.2558478049733858,0,0.0,-0.0,1.7292697480291073,0,0.0,-0.0,3.776078425555142,0,0.0,-0.0,3.541674014173228,0,0.0,-0.0,3.776078425555142,0,0.0,-0.0,2.4620639206398343,0,0.0,-0.0,1.590601759005396
2023-03-10,1426.44,-0.007569643503186452,False,1.0,-0.007569643503186452,4.7233112582781205,0,0.0,-0.0,0.2558478049733858,0,0.0,-0.0,1.7292697480291073,0,0.0,-0.0,3.776078425555142,0,0.0,-0.0,3.541674014173228,0,0.0,-0.0,3.776078425555142,0,0.0,-0.0,2.4620639206398343,0,0.0,-0.0,1.590601759005396
2023-03-11,1471.97,0.03191862258489664,False,1.0,0.03191862258489664,4.874072847682093,0,0.0,0.0,0.2558478049733858,0,0.0,0.0,1.7292697480291073,0,0.0,0.0,3.776078425555142,0,0.0,0.0,3.541674014173228,0,0.0,0.0,3.776078425555142,0,0.0,0.0,2.4620639206398343,0,0.0,0.0,1.590601759005396
2023-03-12,1580.33,0.07361563075334399,False,1.0,0.07361563075334399,5.232880794701958,0,0.0,0.0,0.2558478049733858,0,0.0,0.0,1.7292697480291073,0,0.0,0.0,3.776078425555142,0,0.0,0.0,3.541674014173228,0,0.0,0.0,3.776078425555142,0,0.0,0.0,2.4620639206398343,0,0.0,0.0,1.590601759005396
2023-03-13,1673.45,0.05892440186543335,True,1.0,0.05892440186543335,5.541225165562885,0,0.0,0.0,0.2558478049733858,0,0.0,0.0,1.7292697480291073,0,0.0,0.0,3.776078425555142,0,0.0,0.0,3.541674014173228,0,0.0,0.0,3.776078425555142,0,0.0,0.0,2.4620639206398343,0,0.0,0.0,1.590601759005396
2023-03-14,1699.4,0.015506886970031886,True,1.0,0.015506886970031886,5.627152317880765,0,0.0,0.0,0.2558478049733858,0,0.0,0.0,1.7292697480291073,0,0.0,0.0,3.776078425555142,0,0.0,0.0,3.541674014173228,0,0.0,0.0,3.776078425555142,0,0.0,0.0,2.4620639206398343,0,0.0,0.0,1.590601759005396
2023-03-15,1649.96,-0.029092620925032397,False,1.0,-0.029092620925032397,5.463443708609242,0,0.0,-0.0,0.2558478049733858,0,0.0,-0.0,1.7292697480291073,0,0.0,-0.0,3.776078425555142,0,0.0,-0.0,3.541674014173228,0,0.0,-0.0,3.776078425555142,0,0.0,-0.0,2.4620639206398343,0,0.0,-0.0,1.590601759005396
2023-03-16,1673.73,0.01440640985235997,True,1.0,0.01440640985235997,5.542152317880764,0,0.0,0.0,0.2558478049733858,0,0.0,0.0,1.7292697480291073,0,0.0,0.0,3.776078425555142,0,0.0,0.0,3.541674014173228,0,0.0,0.0,3.776078425555142,0,0.0,0.0,2.4620639206398343,0,0.0,0.0,1.590601759005396
2023-03-17,1789.27,0.0690314447372038,True,1.0,0.0690314447372038,5.924735099337716,0,0.0,0.0,0.2558478049733858,0,0.0,0.0,1.7292697480291073,0,0.0,0.0,3.776078425555142,0,0.0,0.0,3.541674014173228,0,0.0,0.0,3.776078425555142,0,0.0,0.0,2.4620639206398343,0,0.0,0.0,1.590601759005396
2023-03-18,1758.84,-0.017006935789456112,True,1.0,-0.017006935789456112,5.823973509933743,0,0.0,-0.0,0.2558478049733858,0,0.0,-0.0,1.7292697480291073,0,0.0,-0.0,3.776078425555142,0,0.0,-0.0,3.541674014173228,0,0.0,-0.0,3.776078425555142,0,0.0,-0.0,2.4620639206398343,0,0.0,-0.0,1.590601759005396
2023-03-19,1780.68,0.012417275022173824,True,1.0,0.012417275022173824,5.896291390728445,0,0.0,0.0,0.2558478049733858,0,0.0,0.0,1.7292697480291073,0,0.0,0.0,3.776078425555142,0,0.0,0.0,3.541674014173228,0,0.0,0.0,3.776078425555142,0,0.0,0.0,2.4620639206398343,0,0.0,0.0,1.590601759005396
2023-03-20,1732.78,-0.026899836017701184,True,1.0,-0.026899836017701184,5.7376821192052665,0,0.0,-0.0,0.2558478049733858,0,0.0,-0.0,1.7292697480291073,0,0.0,-0.0,3.776078425555142,0,0.0,-0.0,3.541674014173228,0,0.0,-0.0,3.776078425555142,0,0.0,-0.0,2.4620639206398343,0,0.0,-0.0,1.590601759005396
2023-03-21,1801.23,0.039502995186925016,True,1.0,0.039502995186925016,5.964337748344338,0,0.0,0.0,0.2558478049733858,0,0.0,0.0,1.7292697480291073,0,0.0,0.0,3.776078425555142,0,0.0,0.0,3.541674014173228,0,0.0,0.0,3.776078425555142,0,0.0,0.0,2.4620639206398343,0,0.0,0.0,1.590601759005396
2023-03-22,1734.33,-0.03714128678736206,True,1.0,-0.03714128678736206,5.7428145695363915,0,0.0,-0.0,0.2558478049733858,0,0.0,-0.0,1.7292697480291073,0,0.0,-0.0,3.776078425555142,0,0.0,-0.0,3.541674014173228,0,0.0,-0.0,3.776078425555142,0,0.0,-0.0,2.4620639206398343,0,0.0,-0.0,1.590601759005396
2023-03-23,1813.79,0.04581596351328754,True,1.0,0.04581596351328754,6.005927152317847,0,0.0,0.0,0.2558478049733858,0,0.0,0.0,1.7292697480291073,0,0.0,0.0,3.776078425555142,0,0.0,0.0,3.541674014173228,0,0.0,0.0,3.776078425555142,0,0.0,0.0,2.4620639206398343,0,0.0,0.0,1.590601759005396
2023-03-24,1749.57,-0.03540652445983272,True,1.0,-0.03540652445983272,5.793278145695331,0,0.0,-0.0,0.2558478049733858,0,0.0,-0.0,1.7292697480291073,0,0.0,-0.0,3.776078425555142,0,0.0,-0.0,3.541674014173228,0,0.0,-0.0,3.776078425555142,0,0.0,-0.0,2.4620639206398343,0,0.0,-0.0,1.590601759005396
2023-03-25,1741.88,-0.004395365718433575,True,1.0,-0.004395365718433575,5.767814569536392,0,0.0,-0.0,0.2558478049733858,0,0.0,-0.0,1.7292697480291073,0,0.0,-0.0,3.776078425555142,0,0.0,-0.0,3.541674014173228,0,0.0,-0.0,3.776078425555142,0,0.0,-0.0,2.4620639206398343,0,0.0,-0.0,1.590601759005396
2023-03-26,1773.88,0.018370955519323884,True,1.0,0.018370955519323884,5.873774834437053,0,0.0,0.0,0.2558478049733858,0,0.0,0.0,1.7292697480291073,0,0.0,0.0,3.776078425555142,0,0.0,0.0,3.541674014173228,0,0.0,0.0,3.776078425555142,0,0.0,0.0,2.4620639206398343,0,0.0,0.0,1.590601759005396
2023-03-27,1715.22,-0.03306875324148195,True,1.0,-0.03306875324148195,5.679536423841028,0,0.0,-0.0,0.2558478049733858,0,0.0,-0.0,1.7292697480291073,0,0.0,-0.0,3.776078425555142,0,0.0,-0.0,3.541674014173228,0,0.0,-0.0,3.776078425555142,0,0.0,-0.0,2.4620639206398343,0,0.0,-0.0,1.590601759005396
2023-03-28,1772.99,0.033680810624876045,True,1.0,0.033680810624876045,5.870827814569503,0,0.0,0.0,0.2558478049733858,0,0.0,0.0,1.7292697480291073,0,0.0,0.0,3.776078425555142,0,0.0,0.0,3.541674014173228,0,0.0,0.0,3.776078425555142,0,0.0,0.0,2.4620639206398343,0,0.0,0.0,1.590601759005396
2023-03-29,1793.07,0.011325500989853188,True,1.0,0.011325500989853188,5.937317880794668,0,0.0,0.0,0.2558478049733858,0,0.0,0.0,1.7292697480291073,0,0.0,0.0,3.776078425555142,0,0.0,0.0,3.541674014173228,0,0.0,0.0,3.776078425555142,0,0.0,0.0,2.4620639206398343,0,0.0,0.0,1.590601759005396
2023-03-30,1793.61,0.00030115946393616255,True,1.0,0.00030115946393616255,5.939105960264866,0,0.0,0.0,0.2558478049733858,0,0.0,0.0,1.7292697480291073,0,0.0,0.0,3.776078425555142,0,0.0,0.0,3.541674014173228,0,0.0,0.0,3.776078425555142,0,0.0,0.0,2.4620639206398343,0,0.0,0.0,1.590601759005396
2023-03-31,1821.52,0.015560796382714237,True,1.0,0.015560796382714237,6.0315231788079124,0,0.0,0.0,0.2558478049733858,0,0.0,0.0,1.7292697480291073,0,0.0,0.0,3.776078425555142,0,0.0,0.0,3.541674014173228,0,0.0,0.0,3.776078425555142,0,0.0,0.0,2.4620639206398343,0,0.0,0.0,1.590601759005396
2023-04-01,1820.79,-0.00040076419693446663,True,1.0,-0.00040076419693446663,6.029105960264866,0,0.0,-0.0,0.2558478049733858,0,0.0,-0.0,1.7292697480291073,0,0.0,-0.0,3.776078425555142,0,0.0,-0.0,3.541674014173228,0,0.0,-0.0,3.776078425555142,0,0.0,-0.0,2.4620639206398343,0,0.0,-0.0,1.590601759005396
2023-04-02,1794.51,-0.01443329543769456,True,1.0,-0.01443329543769456,5.942086092715198,0,0.0,-0.0,0.2558478049733858,0,0.0,-0.0,1.7292697480291073,0,0.0,-0.0,3.776078425555142,0,0.0,-0.0,3.541674014173228,0,0.0,-0.0,3.776078425555142,0,0.0,-0.0,2.4620639206398343,0,0.0,-0.0,1.590601759005396
2023-04-03,1810.51,0.008916082941861525,True,1.0,0.008916082941861525,5.9950662251655285,0,0.0,0.0,0.2558478049733858,0,0.0,0.0,1.7292697480291073,0,0.0,0.0,3.776078425555142,0,0.0,0.0,3.541674014173228,0,0.0,0.0,3.776078425555142,0,0.0,0.0,2.4620639206398343,0,0.0,0.0,1.590601759005396
2023-04-04,1870.37,0.03306250724933846,True,1.0,0.03306250724933846,6.193278145695328,0,0.0,0.0,0.2558478049733858,0,0.0,0.0,1.7292697480291073,0,0.0,0.0,3.776078425555142,0,0.0,0.0,3.541674014173228,0,0.0,0.0,3.776078425555142,0,0.0,0.0,2.4620639206398343,0,0.0,0.0,1.590601759005396
2023-04-05,1908.69,0.02048792484909412,True,1.0,0.02048792484909412,6.320165562913871,0,0.0,0.0,0.2558478049733858,0,0.0,0.0,1.7292697480291073,0,0.0,0.0,3.776078425555142,0,0.0,0.0,3.541674014173228,0,0.0,0.0,3.776078425555142,0,0.0,0.0,2.4620639206398343,0,0.0,0.0,1.590601759005396
2023-04-06,1872.41,-0.019007801162053584,True,1.0,-0.019007801162053584,6.200033112582746,0,0.0,-0.0,0.2558478049733858,0,0.0,-0.0,1.7292697480291073,0,0.0,-0.0,3.776078425555142,0,0.0,-0.0,3.541674014173228,0,0.0,-0.0,3.776078425555142,0,0.0,-0.0,2.4620639206398343,0,0.0,-0.0,1.590601759005396
2023-04-07,1863.72,-0.004641077541777783,True,1.0,-0.004641077541777783,6.17125827814566,0,0.0,-0.0,0.2558478049733858,0,0.0,-0.0,1.7292697480291073,0,0.0,-0.0,3.776078425555142,0,0.0,-0.0,3.541674014173228,0,0.0,-0.0,3.776078425555142,0,0.0,-0.0,2.4620639206398343,0,0.0,-0.0,1.590601759005396
2023-04-08,1848.82,-0.00799476316184844,True,1.0,-0.00799476316184844,6.121920529801289,0,0.0,-0.0,0.2558478049733858,0,0.0,-0.0,1.7292697480291073,0,0.0,-0.0,3.776078425555142,0,0.0,-0.0,3.541674014173228,0,0.0,-0.0,3.776078425555142,0,0.0,-0.0,2.4620639206398343,0,0.0,-0.0,1.590601759005396
2023-04-09,1858.92,0.005462943931805242,True,1.0,0.005462943931805242,6.155364238410561,0,0.0,0.0,0.2558478049733858,0,0.0,0.0,1.7292697480291073,0,0.0,0.0,3.776078425555142,0,0.0,0.0,3.541674014173228,0,0.0,0.0,3.776078425555142,0,0.0,0.0,2.4620639206398343,0,0.0,0.0,1.590601759005396
2023-04-10,1910.2,0.027585910098336663,True,1.0,0.027585910098336663,6.325165562913871,0,0.0,0.0,0.2558478049733858,0,0.0,0.0,1.7292697480291073,0,0.0,0.0,3.776078425555142,0,0.0,0.0,3.541674014173228,0,0.0,0.0,3.776078425555142,0,0.0,0.0,2.4620639206398343,0,0.0,0.0,1.590601759005396
2023-04-11,1889.86,-0.010648099675426681,True,1.0,-0.010648099675426681,6.257814569536388,0,0.0,-0.0,0.2558478049733858,0,0.0,-0.0,1.7292697480291073,0,0.0,-0.0,3.776078425555142,0,0.0,-0.0,3.541674014173228,0,0.0,-0.0,3.776078425555142,0,0.0,-0.0,2.4620639206398343,0,0.0,-0.0,1.590601759005396
2023-04-12,1917.39,0.014567216619220558,True,1.0,0.014567216619220558,6.348973509933739,0,0.0,0.0,0.2558478049733858,0,0.0,0.0,1.7292697480291073,0,0.0,0.0,3.776078425555142,0,0.0,0.0,3.541674014173228,0,0.0,0.0,3.776078425555142,0,0.0,0.0,2.4620639206398343,0,0.0,0.0,1.590601759005396
2023-04-13,2012.01,0.049348332890022384,True,1.0,0.049348332890022384,6.662284768211883,0,0.0,0.0,0.2558478049733858,0,0.0,0.0,1.7292697480291073,0,0.0,0.0,3.776078425555142,0,0.0,0.0,3.541674014173228,0,0.0,0.0,3.776078425555142,0,0.0,0.0,2.4620639206398343,0,0.0,0.0,1.590601759005396
2023-04-14,2099.99,0.043727416861745194,True,1.0,0.043727416861745194,6.953609271523139,0,0.0,0.0,0.2558478049733858,0,0.0,0.0,1.7292697480291073,0,0.0,0.0,3.776078425555142,0,0.0,0.0,3.541674014173228,0,0.0,0.0,3.776078425555142,0,0.0,0.0,2.4620639206398343,0,0.0,0.0,1.590601759005396
2023-04-15,2090.6,-0.004471449864046906,True,1.0,-0.004471449864046906,6.9225165562913515,0,0.0,-0.0,0.2558478049733858,0,0.0,-0.0,1.7292697480291073,0,0.0,-0.0,3.776078425555142,0,0.0,-0.0,3.541674014173228,0,0.0,-0.0,3.776078425555142,0,0.0,-0.0,2.4620639206398343,0,0.0,-0.0,1.590601759005396
2023-04-16,2118.67,0.013426767435186227,True,1.0,0.013426767435186227,7.0154635761589015,0,0.0,0.0,0.2558478049733858,0,0.0,0.0,1.7292697480291073,0,0.0,0.0,3.776078425555142,0,0.0,0.0,3.541674014173228,0,0.0,0.0,3.776078425555142,0,0.0,0.0,2.4620639206398343,0,0.0,0.0,1.590601759005396
2023-04-17,2074.0,-0.02108398193206118,True,1.0,-0.02108398193206118,6.867549668874134,0,0.0,-0.0,0.2558478049733858,0,0.0,-0.0,1.7292697480291073,0,0.0,-0.0,3.776078425555142,0,0.0,-0.0,3.541674014173228,0,0.0,-0.0,3.776078425555142,0,0.0,-0.0,2.4620639206398343,0,0.0,-0.0,1.590601759005396
2023-04-18,2103.5,0.014223722275795492,True,1.0,0.014223722275795492,6.965231788079431,0,0.0,0.0,0.2558478049733858,0,0.0,0.0,1.7292697480291073,0,0.0,0.0,3.776078425555142,0,0.0,0.0,3.541674014173228,0,0.0,0.0,3.776078425555142,0,0.0,0.0,2.4620639206398343,0,0.0,0.0,1.590601759005396
2023-04-19,1933.73,-0.08070834323746134,True,1.0,-0.08070834323746134,6.40307947019864,0,0.0,-0.0,0.2558478049733858,0,0.0,-0.0,1.7292697480291073,0,0.0,-0.0,3.776078425555142,0,0.0,-0.0,3.541674014173228,0,0.0,-0.0,3.776078425555142,0,0.0,-0.0,2.4620639206398343,0,0.0,-0.0,1.590601759005396
2023-04-20,1942.98,0.004783501316109273,True,1.0,0.004783501316109273,6.433708609271488,0,0.0,0.0,0.2558478049733858,0,0.0,0.0,1.7292697480291073,0,0.0,0.0,3.776078425555142,0,0.0,0.0,3.541674014173228,0,0.0,0.0,3.776078425555142,0,0.0,0.0,2.4620639206398343,0,0.0,0.0,1.590601759005396
2023-04-21,1848.78,-0.04848222832967919,True,1.0,-0.04848222832967919,6.121788079470164,0,0.0,-0.0,0.2558478049733858,0,0.0,-0.0,1.7292697480291073,0,0.0,-0.0,3.776078425555142,0,0.0,-0.0,3.541674014173228,0,0.0,-0.0,3.776078425555142,0,0.0,-0.0,2.4620639206398343,0,0.0,-0.0,1.590601759005396
2023-04-22,1874.16,0.013727971959887064,True,1.0,0.013727971959887064,6.205827814569502,0,0.0,0.0,0.2558478049733858,0,0.0,0.0,1.7292697480291073,0,0.0,0.0,3.776078425555142,0,0.0,0.0,3.541674014173228,0,0.0,0.0,3.776078425555142,0,0.0,0.0,2.4620639206398343,0,0.0,0.0,1.590601759005396
2023-04-23,1862.0,-0.006488240064882467,True,1.0,-0.006488240064882467,6.16556291390725,0,0.0,-0.0,0.2558478049733858,0,0.0,-0.0,1.7292697480291073,0,0.0,-0.0,3.776078425555142,0,0.0,-0.0,3.541674014173228,0,0.0,-0.0,3.776078425555142,0,0.0,-0.0,2.4620639206398343,0,0.0,-0.0,1.590601759005396
2023-04-24,1841.84,-0.010827067669172963,False,1.0,-0.010827067669172963,6.098807947019833,0,0.0,-0.0,0.2558478049733858,0,0.0,-0.0,1.7292697480291073,0,0.0,-0.0,3.776078425555142,0,0.0,-0.0,3.541674014173228,0,0.0,-0.0,3.776078425555142,0,0.0,-0.0,2.4620639206398343,0,0.0,-0.0,1.590601759005396
2023-04-25,1866.1,0.013171610997698036,False,1.0,0.013171610997698036,6.179139072847648,0,0.0,0.0,0.2558478049733858,0,0.0,0.0,1.7292697480291073,0,0.0,0.0,3.776078425555142,0,0.0,0.0,3.541674014173228,0,0.0,0.0,3.776078425555142,0,0.0,0.0,2.4620639206398343,0,0.0,0.0,1.590601759005396
2023-04-26,1866.01,-4.822892663836065e-05,False,1.0,-4.822892663836065e-05,6.1788410596026155,0,0.0,-0.0,0.2558478049733858,0,0.0,-0.0,1.7292697480291073,0,0.0,-0.0,3.776078425555142,0,0.0,-0.0,3.541674014173228,0,0.0,-0.0,3.776078425555142,0,0.0,-0.0,2.4620639206398343,0,0.0,-0.0,1.590601759005396
2023-04-27,1908.68,0.022866972845804634,True,1.0,0.022866972845804634,6.320132450331092,0,0.0,0.0,0.2558478049733858,0,0.0,0.0,1.7292697480291073,0,0.0,0.0,3.776078425555142,0,0.0,0.0,3.541674014173228,0,0.0,0.0,3.776078425555142,0,0.0,0.0,2.4620639206398343,0,0.0,0.0,1.590601759005396
2023-04-28,1890.94,-0.009294381457342293,True,1.0,-0.009294381457342293,6.261390728476787,0,0.0,-0.0,0.2558478049733858,0,0.0,-0.0,1.7292697480291073,0,0.0,-0.0,3.776078425555142,0,0.0,-0.0,3.541674014173228,0,0.0,-0.0,3.776078425555142,0,0.0,-0.0,2.4620639206398343,0,0.0,-0.0,1.590601759005396
2023-04-29,1907.8,0.008916200408262576,True,1.0,0.008916200408262576,6.317218543046323,0,0.0,0.0,0.2558478049733858,0,0.0,0.0,1.7292697480291073,0,0.0,0.0,3.776078425555142,0,0.0,0.0,3.541674014173228,0,0.0,0.0,3.776078425555142,0,0.0,0.0,2.4620639206398343,0,0.0,0.0,1.590601759005396
2023-04-30,1870.09,-0.019766222874515127,False,1.0,-0.019766222874515127,6.19235099337745,0,0.0,-0.0,0.2558478049733858,0,0.0,-0.0,1.7292697480291073,0,0.0,-0.0,3.776078425555142,0,0.0,-0.0,3.541674014173228,0,0.0,-0.0,3.776078425555142,0,0.0,-0.0,2.4620639206398343,0,0.0,-0.0,1.590601759005396
2023-05-01,1830.73,-0.02104711537947368,False,1.0,-0.02104711537947368,6.062019867549636,0,0.0,-0.0,0.2558478049733858,0,0.0,-0.0,1.7292697480291073,0,0.0,-0.0,3.776078425555142,0,0.0,-0.0,3.541674014173228,0,0.0,-0.0,3.776078425555142,0,0.0,-0.0,2.4620639206398343,0,0.0,-0.0,1.590601759005396
2023-05-02,1870.08,0.02149415806809296,False,1.0,0.02149415806809296,6.1923178807946675,0,0.0,0.0,0.2558478049733858,0,0.0,0.0,1.7292697480291073,0,0.0,0.0,3.776078425555142,0,0.0,0.0,3.541674014173228,0,0.0,0.0,3.776078425555142,0,0.0,0.0,2.4620639206398343,0,0.0,0.0,1.590601759005396
2023-05-03,1905.12,0.01873716632443534,False,1.0,0.01873716632443534,6.308344370860892,0,0.0,0.0,0.2558478049733858,0,0.0,0.0,1.7292697480291073,0,0.0,0.0,3.776078425555142,0,0.0,0.0,3.541674014173228,0,0.0,0.0,3.776078425555142,0,0.0,0.0,2.4620639206398343,0,0.0,0.0,1.590601759005396
2023-05-04,1877.07,-0.014723481985386755,False,1.0,-0.014723481985386755,6.215463576158906,0,0.0,-0.0,0.2558478049733858,0,0.0,-0.0,1.7292697480291073,0,0.0,-0.0,3.776078425555142,0,0.0,-0.0,3.541674014173228,0,0.0,-0.0,3.776078425555142,0,0.0,-0.0,2.4620639206398343,0,0.0,-0.0,1.590601759005396
2023-05-05,1993.3,0.06192097257960549,False,1.0,0.06192097257960549,6.600331125827778,0,0.0,0.0,0.2558478049733858,0,0.0,0.0,1.7292697480291073,0,0.0,0.0,3.776078425555142,0,0.0,0.0,3.541674014173228,0,0.0,0.0,3.776078425555142,0,0.0,0.0,2.4620639206398343,0,0.0,0.0,1.590601759005396
2023-05-06,1896.33,-0.04864797070185123,False,1.0,-0.04864797070185123,6.279238410595991,0,0.0,-0.0,0.2558478049733858,0,0.0,-0.0,1.7292697480291073,0,0.0,-0.0,3.776078425555142,0,0.0,-0.0,3.541674014173228,0,0.0,-0.0,3.776078425555142,0,0.0,-0.0,2.4620639206398343,0,0.0,-0.0,1.590601759005396
2023-05-07,1870.4,-0.013673780407418401,False,1.0,-0.013673780407418401,6.193377483443674,0,0.0,-0.0,0.2558478049733858,0,0.0,-0.0,1.7292697480291073,0,0.0,-0.0,3.776078425555142,0,0.0,-0.0,3.541674014173228,0,0.0,-0.0,3.776078425555142,0,0.0,-0.0,2.4620639206398343,0,0.0,-0.0,1.590601759005396
2023-05-08,1847.56,-0.012211291702309723,False,1.0,-0.012211291702309723,6.117748344370827,0,0.0,-0.0,0.2558478049733858,0,0.0,-0.0,1.7292697480291073,0,0.0,-0.0,3.776078425555142,0,0.0,-0.0,3.541674014173228,0,0.0,-0.0,3.776078425555142,0,0.0,-0.0,2.4620639206398343,0,0.0,-0.0,1.590601759005396
2023-05-09,1846.52,-0.0005629045876723859,False,1.0,-0.0005629045876723859,6.114304635761555,0,0.0,-0.0,0.2558478049733858,0,0.0,-0.0,1.7292697480291073,0,0.0,-0.0,3.776078425555142,0,0.0,-0.0,3.541674014173228,0,0.0,-0.0,3.776078425555142,0,0.0,-0.0,2.4620639206398343,0,0.0,-0.0,1.590601759005396
2023-05-10,1840.84,-0.0030760565821112973,False,1.0,-0.0030760565821112973,6.0954966887416875,0,0.0,-0.0,0.2558478049733858,0,0.0,-0.0,1.7292697480291073,0,0.0,-0.0,3.776078425555142,0,0.0,-0.0,3.541674014173228,0,0.0,-0.0,3.776078425555142,0,0.0,-0.0,2.4620639206398343,0,0.0,-0.0,1.590601759005396
2023-05-11,1794.3,-0.02528193650724664,False,1.0,-0.02528193650724664,5.941390728476788,0,0.0,-0.0,0.2558478049733858,0,0.0,-0.0,1.7292697480291073,0,0.0,-0.0,3.776078425555142,0,0.0,-0.0,3.541674014173228,0,0.0,-0.0,3.776078425555142,0,0.0,-0.0,2.4620639206398343,0,0.0,-0.0,1.590601759005396
2023-05-12,1807.45,0.0073287633060246105,False,1.0,0.0073287633060246105,5.984933774834404,0,0.0,0.0,0.2558478049733858,0,0.0,0.0,1.7292697480291073,0,0.0,0.0,3.776078425555142,0,0.0,0.0,3.541674014173228,0,0.0,0.0,3.776078425555142,0,0.0,0.0,2.4620639206398343,0,0.0,0.0,1.590601759005396
2023-05-13,1795.11,-0.006827298127195847,False,1.0,-0.006827298127195847,5.944072847682086,0,0.0,-0.0,0.2558478049733858,0,0.0,-0.0,1.7292697480291073,0,0.0,-0.0,3.776078425555142,0,0.0,-0.0,3.541674014173228,0,0.0,-0.0,3.776078425555142,0,0.0,-0.0,2.4620639206398343,0,0.0,-0.0,1.590601759005396
2023-05-14,1799.21,0.002283982597166778,False,1.0,0.002283982597166778,5.957649006622483,0,0.0,0.0,0.2558478049733858,0,0.0,0.0,1.7292697480291073,0,0.0,0.0,3.776078425555142,0,0.0,0.0,3.541674014173228,0,0.0,0.0,3.776078425555142,0,0.0,0.0,2.4620639206398343,0,0.0,0.0,1.590601759005396
2023-05-15,1816.2,0.00944303333129537,False,1.0,0.00944303333129537,6.013907284768178,0,0.0,0.0,0.2558478049733858,0,0.0,0.0,1.7292697480291073,0,0.0,0.0,3.776078425555142,0,0.0,0.0,3.541674014173228,0,0.0,0.0,3.776078425555142,0,0.0,0.0,2.4620639206398343,0,0.0,0.0,1.590601759005396
2023-05-16,1824.21,0.004410307234886002,False,1.0,0.004410307234886002,6.040430463576124,0,0.0,0.0,0.2558478049733858,0,0.0,0.0,1.7292697480291073,0,0.0,0.0,3.776078425555142,0,0.0,0.0,3.541674014173228,0,0.0,0.0,3.776078425555142,0,0.0,0.0,2.4620639206398343,0,0.0,0.0,1.590601759005396
2023-05-17,1822.12,-0.0011457014269191657,False,1.0,-0.0011457014269191657,6.033509933774798,0,0.0,-0.0,0.2558478049733858,0,0.0,-0.0,1.7292697480291073,0,0.0,-0.0,3.776078425555142,0,0.0,-0.0,3.541674014173228,0,0.0,-0.0,3.776078425555142,0,0.0,-0.0,2.4620639206398343,0,0.0,-0.0,1.590601759005396
2023-05-18,1800.56,-0.011832371084231519,False,1.0,-0.011832371084231519,5.962119205297978,0,0.0,-0.0,0.2558478049733858,0,0.0,-0.0,1.7292697480291073,0,0.0,-0.0,3.776078425555142,0,0.0,-0.0,3.541674014173228,0,0.0,-0.0,3.776078425555142,0,0.0,-0.0,2.4620639206398343,0,0.0,-0.0,1.590601759005396
2023-05-19,1812.32,0.006531301372906251,False,1.0,0.006531301372906251,6.001059602648971,0,0.0,0.0,0.2558478049733858,0,0.0,0.0,1.7292697480291073,0,0.0,0.0,3.776078425555142,0,0.0,0.0,3.541674014173228,0,0.0,0.0,3.776078425555142,0,0.0,0.0,2.4620639206398343,0,0.0,0.0,1.590601759005396
2023-05-20,1819.42,0.003917630440540387,False,1.0,0.003917630440540387,6.024569536423806,0,0.0,0.0,0.2558478049733858,0,0.0,0.0,1.7292697480291073,0,0.0,0.0,3.776078425555142,0,0.0,0.0,3.541674014173228,0,0.0,0.0,3.776078425555142,0,0.0,0.0,2.4620639206398343,0,0.0,0.0,1.590601759005396
2023-05-21,1804.91,-0.007975068978025912,False,1.0,-0.007975068978025912,5.976523178807913,0,0.0,-0.0,0.2558478049733858,0,0.0,-0.0,1.7292697480291073,0,0.0,-0.0,3.776078425555142,0,0.0,-0.0,3.541674014173228,0,0.0,-0.0,3.776078425555142,0,0.0,-0.0,2.4620639206398343,0,0.0,-0.0,1.590601759005396
2023-05-22,1817.35,0.006892310419910119,False,1.0,0.006892310419910119,6.017715231788045,0,0.0,0.0,0.2558478049733858,0,0.0,0.0,1.7292697480291073,0,0.0,0.0,3.776078425555142,0,0.0,0.0,3.541674014173228,0,0.0,0.0,3.776078425555142,0,0.0,0.0,2.4620639206398343,0,0.0,0.0,1.590601759005396
2023-05-23,1854.05,0.0201942388642804,False,1.0,0.0201942388642804,6.139238410595991,0,0.0,0.0,0.2558478049733858,0,0.0,0.0,1.7292697480291073,0,0.0,0.0,3.776078425555142,0,0.0,0.0,3.541674014173228,0,0.0,0.0,3.776078425555142,0,0.0,0.0,2.4620639206398343,0,0.0,0.0,1.590601759005396
2023-05-24,1799.89,-0.029211725681615897,False,1.0,-0.029211725681615897,5.959900662251621,0,0.0,-0.0,0.2558478049733858,0,0.0,-0.0,1.7292697480291073,0,0.0,-0.0,3.776078425555142,0,0.0,-0.0,3.541674014173228,0,0.0,-0.0,3.776078425555142,0,0.0,-0.0,2.4620639206398343,0,0.0,-0.0,1.590601759005396
2023-05-25,1805.6,0.00317241609209451,False,1.0,0.00317241609209451,5.978807947019833,0,0.0,0.0,0.2558478049733858,0,0.0,0.0,1.7292697480291073,0,0.0,0.0,3.776078425555142,0,0.0,0.0,3.541674014173228,0,0.0,0.0,3.776078425555142,0,0.0,0.0,2.4620639206398343,0,0.0,0.0,1.590601759005396
2023-05-26,1827.79,0.012289543642002743,False,1.0,0.012289543642002743,6.052284768211886,0,0.0,0.0,0.2558478049733858,0,0.0,0.0,1.7292697480291073,0,0.0,0.0,3.776078425555142,0,0.0,0.0,3.541674014173228,0,0.0,0.0,3.776078425555142,0,0.0,0.0,2.4620639206398343,0,0.0,0.0,1.590601759005396
2023-05-27,1829.89,0.0011489284874084404,False,1.0,0.0011489284874084404,6.059238410595993,0,0.0,0.0,0.2558478049733858,0,0.0,0.0,1.7292697480291073,0,0.0,0.0,3.776078425555142,0,0.0,0.0,3.541674014173228,0,0.0,0.0,3.776078425555142,0,0.0,0.0,2.4620639206398343,0,0.0,0.0,1.590601759005396
2023-05-28,1908.64,0.04303537371098809,True,1.0,0.04303537371098809,6.319999999999966,0,0.0,0.0,0.2558478049733858,0,0.0,0.0,1.7292697480291073,0,0.0,0.0,3.776078425555142,0,0.0,0.0,3.541674014173228,0,0.0,0.0,3.776078425555142,0,0.0,0.0,2.4620639206398343,0,0.0,0.0,1.590601759005396
2023-05-29,1892.6,-0.008403889680610344,True,1.0,-0.008403889680610344,6.266887417218508,0,0.0,-0.0,0.2558478049733858,0,0.0,-0.0,1.7292697480291073,0,0.0,-0.0,3.776078425555142,0,0.0,-0.0,3.541674014173228,0,0.0,-0.0,3.776078425555142,0,0.0,-0.0,2.4620639206398343,0,0.0,-0.0,1.590601759005396
2023-05-30,1900.59,0.004221705590193414,True,1.0,0.004221705590193414,6.2933443708608925,0,0.0,0.0,0.2558478049733858,0,0.0,0.0,1.7292697480291073,0,0.0,0.0,3.776078425555142,0,0.0,0.0,3.541674014173228,0,0.0,0.0,3.776078425555142,0,0.0,0.0,2.4620639206398343,0,0.0,0.0,1.590601759005396
2023-05-31,1873.63,-0.014185068847042182,True,1.0,-0.014185068847042182,6.2040728476820854,0,0.0,-0.0,0.2558478049733858,0,0.0,-0.0,1.7292697480291073,0,0.0,-0.0,3.776078425555142,0,0.0,-0.0,3.541674014173228,0,0.0,-0.0,3.776078425555142,0,0.0,-0.0,2.4620639206398343,0,0.0,-0.0,1.590601759005396
2023-06-01,1861.78,-0.006324621189882862,True,1.0,-0.006324621189882862,6.164834437086059,0,0.0,-0.0,0.2558478049733858,0,0.0,-0.0,1.7292697480291073,0,0.0,-0.0,3.776078425555142,0,0.0,-0.0,3.541674014173228,0,0.0,-0.0,3.776078425555142,0,0.0,-0.0,2.4620639206398343,0,0.0,-0.0,1.590601759005396
2023-06-02,1906.68,0.02411670551837486,True,1.0,0.02411670551837486,6.3135099337747995,0,0.0,0.0,0.2558478049733858,0,0.0,0.0,1.7292697480291073,0,0.0,0.0,3.776078425555142,0,0.0,0.0,3.541674014173228,0,0.0,0.0,3.776078425555142,0,0.0,0.0,2.4620639206398343,0,0.0,0.0,1.590601759005396
2023-06-03,1892.06,-0.007667778547003179,True,1.0,-0.007667778547003179,6.2650993377483095,0,0.0,-0.0,0.2558478049733858,0,0.0,-0.0,1.7292697480291073,0,0.0,-0.0,3.776078425555142,0,0.0,-0.0,3.541674014173228,0,0.0,-0.0,3.776078425555142,0,0.0,-0.0,2.4620639206398343,0,0.0,-0.0,1.590601759005396
2023-06-04,1890.01,-0.0010834751540648169,True,1.0,-0.0010834751540648169,6.258311258278111,0,0.0,-0.0,0.2558478049733858,0,0.0,-0.0,1.7292697480291073,0,0.0,-0.0,3.776078425555142,0,0.0,-0.0,3.541674014173228,0,0.0,-0.0,3.776078425555142,0,0.0,-0.0,2.4620639206398343,0,0.0,-0.0,1.590601759005396
2023-06-05,1810.5,-0.042068560483806916,False,1.0,-0.042068560483806916,5.995033112582749,0,0.0,-0.0,0.2558478049733858,0,0.0,-0.0,1.7292697480291073,0,0.0,-0.0,3.776078425555142,0,0.0,-0.0,3.541674014173228,0,0.0,-0.0,3.776078425555142,0,0.0,-0.0,2.4620639206398343,0,0.0,-0.0,1.590601759005396
2023-06-06,1884.64,0.04095001380834029,True,1.0,0.04095001380834029,6.240529801324469,0,0.0,0.0,0.2558478049733858,0,0.0,0.0,1.7292697480291073,0,0.0,0.0,3.776078425555142,0,0.0,0.0,3.541674014173228,0,0.0,0.0,3.776078425555142,0,0.0,0.0,2.4620639206398343,0,0.0,0.0,1.590601759005396
2023-06-07,1832.13,-0.027862085066644005,True,1.0,-0.027862085066644005,6.06665562913904,0,0.0,-0.0,0.2558478049733858,0,0.0,-0.0,1.7292697480291073,0,0.0,-0.0,3.776078425555142,0,0.0,-0.0,3.541674014173228,0,0.0,-0.0,3.776078425555142,0,0.0,-0.0,2.4620639206398343,0,0.0,-0.0,1.590601759005396
2023-06-08,1845.64,0.007373930889183589,True,1.0,0.007373930889183589,6.111390728476788,0,0.0,0.0,0.2558478049733858,0,0.0,0.0,1.7292697480291073,0,0.0,0.0,3.776078425555142,0,0.0,0.0,3.541674014173228,0,0.0,0.0,3.776078425555142,0,0.0,0.0,2.4620639206398343,0,0.0,0.0,1.590601759005396
2023-06-09,1840.37,-0.002855378080232396,True,1.0,-0.002855378080232396,6.09394039735096,0,0.0,-0.0,0.2558478049733858,0,0.0,-0.0,1.7292697480291073,0,0.0,-0.0,3.776078425555142,0,0.0,-0.0,3.541674014173228,0,0.0,-0.0,3.776078425555142,0,0.0,-0.0,2.4620639206398343,0,0.0,-0.0,1.590601759005396
2023-06-10,1751.53,-0.04827290164477793,False,1.0,-0.04827290164477793,5.799768211920498,0,0.0,-0.0,0.2558478049733858,0,0.0,-0.0,1.7292697480291073,0,0.0,-0.0,3.776078425555142,0,0.0,-0.0,3.541674014173228,0,0.0,-0.0,3.776078425555142,0,0.0,-0.0,2.4620639206398343,0,0.0,-0.0,1.590601759005396
2023-06-11,1752.76,0.0007022431816754438,False,1.0,0.0007022431816754438,5.803841059602617,0,0.0,0.0,0.2558478049733858,0,0.0,0.0,1.7292697480291073,0,0.0,0.0,3.776078425555142,0,0.0,0.0,3.541674014173228,0,0.0,0.0,3.776078425555142,0,0.0,0.0,2.4620639206398343,0,0.0,0.0,1.590601759005396
2023-06-12,1742.57,-0.0058136881261553475,False,1.0,-0.0058136881261553475,5.770099337748313,0,0.0,-0.0,0.2558478049733858,0,0.0,-0.0,1.7292697480291073,0,0.0,-0.0,3.776078425555142,0,0.0,-0.0,3.541674014173228,0,0.0,-0.0,3.776078425555142,0,0.0,-0.0,2.4620639206398343,0,0.0,-0.0,1.590601759005396
2023-06-13,1740.12,-0.0014059693441296206,False,1.0,-0.0014059693441296206,5.761986754966856,0,0.0,-0.0,0.2558478049733858,0,0.0,-0.0,1.7292697480291073,0,0.0,-0.0,3.776078425555142,0,0.0,-0.0,3.541674014173228,0,0.0,-0.0,3.776078425555142,0,0.0,-0.0,2.4620639206398343,0,0.0,-0.0,1.590601759005396
2023-06-14,1650.95,-0.051243592395926685,False,1.0,-0.051243592395926685,5.466721854304606,0,0.0,-0.0,0.2558478049733858,0,0.0,-0.0,1.7292697480291073,0,0.0,-0.0,3.776078425555142,0,0.0,-0.0,3.541674014173228,0,0.0,-0.0,3.776078425555142,0,0.0,-0.0,2.4620639206398343,0,0.0,-0.0,1.590601759005396
2023-06-15,1666.96,0.009697446924497921,False,1.0,0.009697446924497921,5.519735099337718,0,0.0,0.0,0.2558478049733858,0,0.0,0.0,1.7292697480291073,0,0.0,0.0,3.776078425555142,0,0.0,0.0,3.541674014173228,0,0.0,0.0,3.776078425555142,0,0.0,0.0,2.4620639206398343,0,0.0,0.0,1.590601759005396
2023-06-16,1717.92,0.030570619570955637,False,1.0,0.030570619570955637,5.6884768211920225,0,0.0,0.0,0.2558478049733858,0,0.0,0.0,1.7292697480291073,0,0.0,0.0,3.776078425555142,0,0.0,0.0,3.541674014173228,0,0.0,0.0,3.776078425555142,0,0.0,0.0,2.4620639206398343,0,0.0,0.0,1.590601759005396
2023-06-17,1727.76,0.005727856943280152,False,1.0,0.005727856943280152,5.7210596026489755,0,0.0,0.0,0.2558478049733858,0,0.0,0.0,1.7292697480291073,0,0.0,0.0,3.776078425555142,0,0.0,0.0,3.541674014173228,0,0.0,0.0,3.776078425555142,0,0.0,0.0,2.4620639206398343,0,0.0,0.0,1.590601759005396
2023-06-18,1720.95,-0.003941519655507708,False,1.0,-0.003941519655507708,5.698509933774804,0,0.0,-0.0,0.2558478049733858,0,0.0,-0.0,1.7292697480291073,0,0.0,-0.0,3.776078425555142,0,0.0,-0.0,3.541674014173228,0,0.0,-0.0,3.776078425555142,0,0.0,-0.0,2.4620639206398343,0,0.0,-0.0,1.590601759005396
2023-06-19,1737.11,0.009390162410296554,False,1.0,0.009390162410296554,5.752019867549637,0,0.0,0.0,0.2558478049733858,0,0.0,0.0,1.7292697480291073,0,0.0,0.0,3.776078425555142,0,0.0,0.0,3.541674014173228,0,0.0,0.0,3.776078425555142,0,0.0,0.0,2.4620639206398343,0,0.0,0.0,1.590601759005396
2023-06-20,1791.99,0.03159270282250404,False,1.0,0.03159270282250404,5.933741721854272,0,0.0,0.0,0.2558478049733858,0,0.0,0.0,1.7292697480291073,0,0.0,0.0,3.776078425555142,0,0.0,0.0,3.541674014173228,0,0.0,0.0,3.776078425555142,0,0.0,0.0,2.4620639206398343,0,0.0,0.0,1.590601759005396
2023-06-21,1889.11,0.05419673100854361,True,1.0,0.05419673100854361,6.25533112582778,0,0.0,0.0,0.2558478049733858,0,0.0,0.0,1.7292697480291073,0,0.0,0.0,3.776078425555142,0,0.0,0.0,3.541674014173228,0,0.0,0.0,3.776078425555142,0,0.0,0.0,2.4620639206398343,0,0.0,0.0,1.590601759005396
2023-06-22,1872.01,-0.00905188157386283,False,1.0,-0.00905188157386283,6.198708609271489,0,0.0,-0.0,0.2558478049733858,0,0.0,-0.0,1.7292697480291073,0,0.0,-0.0,3.776078425555142,0,0.0,-0.0,3.541674014173228,0,0.0,-0.0,3.776078425555142,0,0.0,-0.0,2.4620639206398343,0,0.0,-0.0,1.590601759005396
2023-06-23,1892.63,0.011014898424688058,True,1.0,0.011014898424688058,6.266986754966854,0,0.0,0.0,0.2558478049733858,0,0.0,0.0,1.7292697480291073,0,0.0,0.0,3.776078425555142,0,0.0,0.0,3.541674014173228,0,0.0,0.0,3.776078425555142,0,0.0,0.0,2.4620639206398343,0,0.0,0.0,1.590601759005396
2023-06-24,1874.96,-0.009336214685384925,False,1.0,-0.009336214685384925,6.208476821192019,0,0.0,-0.0,0.2558478049733858,0,0.0,-0.0,1.7292697480291073,0,0.0,-0.0,3.776078425555142,0,0.0,-0.0,3.541674014173228,0,0.0,-0.0,3.776078425555142,0,0.0,-0.0,2.4620639206398343,0,0.0,-0.0,1.590601759005396
2023-06-25,1898.8,0.012714937918675506,True,1.0,0.012714937918675506,6.287417218543012,0,0.0,0.0,0.2558478049733858,0,0.0,0.0,1.7292697480291073,0,0.0,0.0,3.776078425555142,0,0.0,0.0,3.541674014173228,0,0.0,0.0,3.776078425555142,0,0.0,0.0,2.4620639206398343,0,0.0,0.0,1.590601759005396
2023-06-26,1858.97,-0.0209764061512534,False,1.0,-0.0209764061512534,6.1555298013244695,0,0.0,-0.0,0.2558478049733858,0,0.0,-0.0,1.7292697480291073,0,0.0,-0.0,3.776078425555142,0,0.0,-0.0,3.541674014173228,0,0.0,-0.0,3.776078425555142,0,0.0,-0.0,2.4620639206398343,0,0.0,-0.0,1.590601759005396
2023-06-27,1889.58,0.01646610757570044,True,1.0,0.01646610757570044,6.2568874172185085,0,0.0,0.0,0.2558478049733858,0,0.0,0.0,1.7292697480291073,0,0.0,0.0,3.776078425555142,0,0.0,0.0,3.541674014173228,0,0.0,0.0,3.776078425555142,0,0.0,0.0,2.4620639206398343,0,0.0,0.0,1.590601759005396
2023-06-28,1828.02,-0.03257866827548972,False,1.0,-0.03257866827548972,6.053046357615861,0,0.0,-0.0,0.2558478049733858,0,0.0,-0.0,1.7292697480291073,0,0.0,-0.0,3.776078425555142,0,0.0,-0.0,3.541674014173228,0,0.0,-0.0,3.776078425555142,0,0.0,-0.0,2.4620639206398343,0,0.0,-0.0,1.590601759005396
2023-06-29,1851.99,0.013112548002757185,True,1.0,0.013112548002757185,6.132417218543013,0,0.0,0.0,0.2558478049733858,0,0.0,0.0,1.7292697480291073,0,0.0,0.0,3.776078425555142,0,0.0,0.0,3.541674014173228,0,0.0,0.0,3.776078425555142,0,0.0,0.0,2.4620639206398343,0,0.0,0.0,1.590601759005396
2023-06-30,1933.79,0.04416870501460579,True,1.0,0.04416870501460579,6.403278145695329,0,0.0,0.0,0.2558478049733858,0,0.0,0.0,1.7292697480291073,0,0.0,0.0,3.776078425555142,0,0.0,0.0,3.541674014173228,0,0.0,0.0,3.776078425555142,0,0.0,0.0,2.4620639206398343,0,0.0,0.0,1.590601759005396
2023-07-01,1924.5,-0.0048040376669648,True,1.0,-0.0048040376669648,6.372516556291356,0,0.0,-0.0,0.2558478049733858,0,0.0,-0.0,1.7292697480291073,0,0.0,-0.0,3.776078425555142,0,0.0,-0.0,3.541674014173228,0,0.0,-0.0,3.776078425555142,0,0.0,-0.0,2.4620639206398343,0,0.0,-0.0,1.590601759005396
2023-07-02,1937.48,0.006744608989347922,True,1.0,0.006744608989347922,6.415496688741687,0,0.0,0.0,0.2558478049733858,0,0.0,0.0,1.7292697480291073,0,0.0,0.0,3.776078425555142,0,0.0,0.0,3.541674014173228,0,0.0,0.0,3.776078425555142,0,0.0,0.0,2.4620639206398343,0,0.0,0.0,1.590601759005396
2023-07-03,1955.54,0.009321386543345023,True,1.0,0.009321386543345023,6.475298013244998,0,0.0,0.0,0.2558478049733858,0,0.0,0.0,1.7292697480291073,0,0.0,0.0,3.776078425555142,0,0.0,0.0,3.541674014173228,0,0.0,0.0,3.776078425555142,0,0.0,0.0,2.4620639206398343,0,0.0,0.0,1.590601759005396
2023-07-04,1936.2,-0.00988985139654519,True,1.0,-0.00988985139654519,6.411258278145661,0,0.0,-0.0,0.2558478049733858,0,0.0,-0.0,1.7292697480291073,0,0.0,-0.0,3.776078425555142,0,0.0,-0.0,3.541674014173228,0,0.0,-0.0,3.776078425555142,0,0.0,-0.0,2.4620639206398343,0,0.0,-0.0,1.590601759005396
2023-07-05,1910.36,-0.013345728747030328,True,1.0,-0.013345728747030328,6.325695364238377,0,0.0,-0.0,0.2558478049733858,0,0.0,-0.0,1.7292697480291073,0,0.0,-0.0,3.776078425555142,0,0.0,-0.0,3.541674014173228,0,0.0,-0.0,3.776078425555142,0,0.0,-0.0,2.4620639206398343,0,0.0,-0.0,1.590601759005396
2023-07-06,1846.17,-0.03360099667078442,True,1.0,-0.03360099667078442,6.1131456953642065,0,0.0,-0.0,0.2558478049733858,0,0.0,-0.0,1.7292697480291073,0,0.0,-0.0,3.776078425555142,0,0.0,-0.0,3.541674014173228,0,0.0,-0.0,3.776078425555142,0,0.0,-0.0,2.4620639206398343,0,0.0,-0.0,1.590601759005396
2023-07-07,1870.91,0.01340071607706772,True,1.0,0.01340071607706772,6.195066225165531,0,0.0,0.0,0.2558478049733858,0,0.0,0.0,1.7292697480291073,0,0.0,0.0,3.776078425555142,0,0.0,0.0,3.541674014173228,0,0.0,0.0,3.776078425555142,0,0.0,0.0,2.4620639206398343,0,0.0,0.0,1.590601759005396
2023-07-08,1865.24,-0.003030610772298048,True,1.0,-0.003030610772298048,6.176291390728445,0,0.0,-0.0,0.2558478049733858,0,0.0,-0.0,1.7292697480291073,0,0.0,-0.0,3.776078425555142,0,0.0,-0.0,3.541674014173228,0,0.0,-0.0,3.776078425555142,0,0.0,-0.0,2.4620639206398343,0,0.0,-0.0,1.590601759005396
2023-07-09,1862.8,-0.0013081426518839478,True,1.0,-0.0013081426518839478,6.168211920529769,0,0.0,-0.0,0.2558478049733858,0,0.0,-0.0,1.7292697480291073,0,0.0,-0.0,3.776078425555142,0,0.0,-0.0,3.541674014173228,0,0.0,-0.0,3.776078425555142,0,0.0,-0.0,2.4620639206398343,0,0.0,-0.0,1.590601759005396
2023-07-10,1880.4,0.009448142581060859,True,1.0,0.009448142581060859,6.226490066225134,0,0.0,0.0,0.2558478049733858,0,0.0,0.0,1.7292697480291073,0,0.0,0.0,3.776078425555142,0,0.0,0.0,3.541674014173228,0,0.0,0.0,3.776078425555142,0,0.0,0.0,2.4620639206398343,0,0.0,0.0,1.590601759005396
2023-07-11,1878.3,-0.001116783663050458,False,1.0,-0.001116783663050458,6.219536423841028,0,0.0,-0.0,0.2558478049733858,0,0.0,-0.0,1.7292697480291073,0,0.0,-0.0,3.776078425555142,0,0.0,-0.0,3.541674014173228,0,0.0,-0.0,3.776078425555142,0,0.0,-0.0,2.4620639206398343,0,0.0,-0.0,1.590601759005396
2023-07-12,1871.82,-0.003449928126497359,False,1.0,-0.003449928126497359,6.1980794701986435,0,0.0,-0.0,0.2558478049733858,0,0.0,-0.0,1.7292697480291073,0,0.0,-0.0,3.776078425555142,0,0.0,-0.0,3.541674014173228,0,0.0,-0.0,3.776078425555142,0,0.0,-0.0,2.4620639206398343,0,0.0,-0.0,1.590601759005396
2023-07-13,2004.49,0.07087754164396154,True,1.0,0.07087754164396154,6.637384105960231,0,0.0,0.0,0.2558478049733858,0,0.0,0.0,1.7292697480291073,0,0.0,0.0,3.776078425555142,0,0.0,0.0,3.541674014173228,0,0.0,0.0,3.776078425555142,0,0.0,0.0,2.4620639206398343,0,0.0,0.0,1.590601759005396
2023-07-14,1937.83,-0.03325534175775391,True,1.0,-0.03325534175775391,6.416655629139039,0,0.0,-0.0,0.2558478049733858,0,0.0,-0.0,1.7292697480291073,0,0.0,-0.0,3.776078425555142,0,0.0,-0.0,3.541674014173228,0,0.0,-0.0,3.776078425555142,0,0.0,-0.0,2.4620639206398343,0,0.0,-0.0,1.590601759005396
2023-07-15,1931.41,-0.0033129841110932645,True,1.0,-0.0033129841110932645,6.395397350993345,0,0.0,-0.0,0.2558478049733858,0,0.0,-0.0,1.7292697480291073,0,0.0,-0.0,3.776078425555142,0,0.0,-0.0,3.541674014173228,0,0.0,-0.0,3.776078425555142,0,0.0,-0.0,2.4620639206398343,0,0.0,-0.0,1.590601759005396
2023-07-16,1922.11,-0.004815135056772113,True,1.0,-0.004815135056772113,6.3646026490065895,0,0.0,-0.0,0.2558478049733858,0,0.0,-0.0,1.7292697480291073,0,0.0,-0.0,3.776078425555142,0,0.0,-0.0,3.541674014173228,0,0.0,-0.0,3.776078425555142,0,0.0,-0.0,2.4620639206398343,0,0.0,-0.0,1.590601759005396
2023-07-17,1911.2,-0.005676053919910884,True,1.0,-0.005676053919910884,6.32847682119202,0,0.0,-0.0,0.2558478049733858,0,0.0,-0.0,1.7292697480291073,0,0.0,-0.0,3.776078425555142,0,0.0,-0.0,3.541674014173228,0,0.0,-0.0,3.776078425555142,0,0.0,-0.0,2.4620639206398343,0,0.0,-0.0,1.590601759005396
2023-07-18,1897.21,-0.007320008371703657,True,1.0,-0.007320008371703657,6.282152317880763,0,0.0,-0.0,0.2558478049733858,0,0.0,-0.0,1.7292697480291073,0,0.0,-0.0,3.776078425555142,0,0.0,-0.0,3.541674014173228,0,0.0,-0.0,3.776078425555142,0,0.0,-0.0,2.4620639206398343,0,0.0,-0.0,1.590601759005396
2023-07-19,1888.63,-0.004522430305553882,True,1.0,-0.004522430305553882,6.253741721854273,0,0.0,-0.0,0.2558478049733858,0,0.0,-0.0,1.7292697480291073,0,0.0,-0.0,3.776078425555142,0,0.0,-0.0,3.541674014173228,0,0.0,-0.0,3.776078425555142,0,0.0,-0.0,2.4620639206398343,0,0.0,-0.0,1.590601759005396
2023-07-20,1891.59,0.0015672736322094316,False,1.0,0.0015672736322094316,6.263543046357583,0,0.0,0.0,0.2558478049733858,0,0.0,0.0,1.7292697480291073,0,0.0,0.0,3.776078425555142,0,0.0,0.0,3.541674014173228,0,0.0,0.0,3.776078425555142,0,0.0,0.0,2.4620639206398343,0,0.0,0.0,1.590601759005396
2023-07-21,1891.73,7.401181017030467e-05,False,1.0,7.401181017030467e-05,6.264006622516524,0,0.0,0.0,0.2558478049733858,0,0.0,0.0,1.7292697480291073,0,0.0,0.0,3.776078425555142,0,0.0,0.0,3.541674014173228,0,0.0,0.0,3.776078425555142,0,0.0,0.0,2.4620639206398343,0,0.0,0.0,1.590601759005396
2023-07-22,1866.52,-0.013326426075602749,False,1.0,-0.013326426075602749,6.180529801324472,0,0.0,-0.0,0.2558478049733858,0,0.0,-0.0,1.7292697480291073,0,0.0,-0.0,3.776078425555142,0,0.0,-0.0,3.541674014173228,0,0.0,-0.0,3.776078425555142,0,0.0,-0.0,2.4620639206398343,0,0.0,-0.0,1.590601759005396
2023-07-23,1888.73,0.011899149218867144,False,1.0,0.011899149218867144,6.254072847682087,0,0.0,0.0,0.2558478049733858,0,0.0,0.0,1.7292697480291073,0,0.0,0.0,3.776078425555142,0,0.0,0.0,3.541674014173228,0,0.0,0.0,3.776078425555142,0,0.0,0.0,2.4620639206398343,0,0.0,0.0,1.590601759005396
2023-07-24,1850.0,-0.02050584255028509,False,1.0,-0.02050584255028509,6.125827814569505,0,0.0,-0.0,0.2558478049733858,0,0.0,-0.0,1.7292697480291073,0,0.0,-0.0,3.776078425555142,0,0.0,-0.0,3.541674014173228,0,0.0,-0.0,3.776078425555142,0,0.0,-0.0,2.4620639206398343,0,0.0,-0.0,1.590601759005396
2023-07-25,1857.66,0.004140540540540583,False,1.0,0.004140540540540583,6.151192052980101,0,0.0,0.0,0.2558478049733858,0,0.0,0.0,1.7292697480291073,0,0.0,0.0,3.776078425555142,0,0.0,0.0,3.541674014173228,0,0.0,0.0,3.776078425555142,0,0.0,0.0,2.4620639206398343,0,0.0,0.0,1.590601759005396
2023-07-26,1872.0,0.00771938890862689,True,1.0,0.00771938890862689,6.198675496688709,0,0.0,0.0,0.2558478049733858,0,0.0,0.0,1.7292697480291073,0,0.0,0.0,3.776078425555142,0,0.0,0.0,3.541674014173228,0,0.0,0.0,3.776078425555142,0,0.0,0.0,2.4620639206398343,0,0.0,0.0,1.590601759005396
2023-07-27,1861.28,-0.0057264957264957506,False,1.0,-0.0057264957264957506,6.163178807946988,0,0.0,-0.0,0.2558478049733858,0,0.0,-0.0,1.7292697480291073,0,0.0,-0.0,3.776078425555142,0,0.0,-0.0,3.541674014173228,0,0.0,-0.0,3.776078425555142,0,0.0,-0.0,2.4620639206398343,0,0.0,-0.0,1.590601759005396
2023-07-28,1874.19,0.006936086993896806,True,1.0,0.006936086993896806,6.205927152317849,0,0.0,0.0,0.2558478049733858,0,0.0,0.0,1.7292697480291073,0,0.0,0.0,3.776078425555142,0,0.0,0.0,3.541674014173228,0,0.0,0.0,3.776078425555142,0,0.0,0.0,2.4620639206398343,0,0.0,0.0,1.590601759005396
2023-07-29,1880.46,0.0033454452323402606,True,1.0,0.0033454452323402606,6.226688741721822,0,0.0,0.0,0.2558478049733858,0,0.0,0.0,1.7292697480291073,0,0.0,0.0,3.776078425555142,0,0.0,0.0,3.541674014173228,0,0.0,0.0,3.776078425555142,0,0.0,0.0,2.4620639206398343,0,0.0,0.0,1.590601759005396
2023-07-30,1861.79,-0.00992842176914166,False,1.0,-0.00992842176914166,6.164867549668842,0,0.0,-0.0,0.2558478049733858,0,0.0,-0.0,1.7292697480291073,0,0.0,-0.0,3.776078425555142,0,0.0,-0.0,3.541674014173228,0,0.0,-0.0,3.776078425555142,0,0.0,-0.0,2.4620639206398343,0,0.0,-0.0,1.590601759005396
2023-07-31,1856.14,-0.0030347139043608307,False,1.0,-0.0030347139043608307,6.146158940397319,0,0.0,-0.0,0.2558478049733858,0,0.0,-0.0,1.7292697480291073,0,0.0,-0.0,3.776078425555142,0,0.0,-0.0,3.541674014173228,0,0.0,-0.0,3.776078425555142,0,0.0,-0.0,2.4620639206398343,0,0.0,-0.0,1.590601759005396
2023-08-01,1873.47,0.009336580214854395,True,1.0,0.009336580214854395,6.203543046357583,0,0.0,0.0,0.2558478049733858,0,0.0,0.0,1.7292697480291073,0,0.0,0.0,3.776078425555142,0,0.0,0.0,3.541674014173228,0,0.0,0.0,3.776078425555142,0,0.0,0.0,2.4620639206398343,0,0.0,0.0,1.590601759005396
2023-08-02,1839.9,-0.017918621595221618,False,1.0,-0.017918621595221618,6.0923841059602335,0,0.0,-0.0,0.2558478049733858,0,0.0,-0.0,1.7292697480291073,0,0.0,-0.0,3.776078425555142,0,0.0,-0.0,3.541674014173228,0,0.0,-0.0,3.776078425555142,0,0.0,-0.0,2.4620639206398343,0,0.0,-0.0,1.590601759005396
2023-08-03,1835.81,-0.0022229468992880363,False,1.0,-0.0022229468992880363,6.078841059602618,0,0.0,-0.0,0.2558478049733858,0,0.0,-0.0,1.7292697480291073,0,0.0,-0.0,3.776078425555142,0,0.0,-0.0,3.541674014173228,0,0.0,-0.0,3.776078425555142,0,0.0,-0.0,2.4620639206398343,0,0.0,-0.0,1.590601759005396
2023-08-04,1830.23,-0.0030395302346103437,False,1.0,-0.0030395302346103437,6.060364238410565,0,0.0,-0.0,0.2558478049733858,0,0.0,-0.0,1.7292697480291073,0,0.0,-0.0,3.776078425555142,0,0.0,-0.0,3.541674014173228,0,0.0,-0.0,3.776078425555142,0,0.0,-0.0,2.4620639206398343,0,0.0,-0.0,1.590601759005396
2023-08-05,1836.48,0.003414871354966209,False,1.0,0.003414871354966209,6.081059602648975,0,0.0,0.0,0.2558478049733858,0,0.0,0.0,1.7292697480291073,0,0.0,0.0,3.776078425555142,0,0.0,0.0,3.541674014173228,0,0.0,0.0,3.776078425555142,0,0.0,0.0,2.4620639206398343,0,0.0,0.0,1.590601759005396
2023-08-06,1830.28,-0.0033760236975083346,False,1.0,-0.0033760236975083346,6.0605298013244715,0,0.0,-0.0,0.2558478049733858,0,0.0,-0.0,1.7292697480291073,0,0.0,-0.0,3.776078425555142,0,0.0,-0.0,3.541674014173228,0,0.0,-0.0,3.776078425555142,0,0.0,-0.0,2.4620639206398343,0,0.0,-0.0,1.590601759005396
2023-08-07,1829.1,-0.0006447100990012444,False,1.0,-0.0006447100990012444,6.05662251655626,0,0.0,-0.0,0.2558478049733858,0,0.0,-0.0,1.7292697480291073,0,0.0,-0.0,3.776078425555142,0,0.0,-0.0,3.541674014173228,0,0.0,-0.0,3.776078425555142,0,0.0,-0.0,2.4620639206398343,0,0.0,-0.0,1.590601759005396
2023-08-08,1856.3,0.01487070143786573,False,1.0,0.01487070143786573,6.146688741721823,0,0.0,0.0,0.2558478049733858,0,0.0,0.0,1.7292697480291073,0,0.0,0.0,3.776078425555142,0,0.0,0.0,3.541674014173228,0,0.0,0.0,3.776078425555142,0,0.0,0.0,2.4620639206398343,0,0.0,0.0,1.590601759005396
2023-08-09,1855.35,-0.0005117707267144889,False,1.0,-0.0005117707267144889,6.143543046357584,0,0.0,-0.0,0.2558478049733858,0,0.0,-0.0,1.7292697480291073,0,0.0,-0.0,3.776078425555142,0,0.0,-0.0,3.541674014173228,0,0.0,-0.0,3.776078425555142,0,0.0,-0.0,2.4620639206398343,0,0.0,-0.0,1.590601759005396
2023-08-10,1852.47,-0.0015522677661895523,False,1.0,-0.0015522677661895523,6.134006622516525,0,0.0,-0.0,0.2558478049733858,0,0.0,-0.0,1.7292697480291073,0,0.0,-0.0,3.776078425555142,0,0.0,-0.0,3.541674014173228,0,0.0,-0.0,3.776078425555142,0,0.0,-0.0,2.4620639206398343,0,0.0,-0.0,1.590601759005396
2023-08-11,1848.84,-0.0019595459035774976,False,1.0,-0.0019595459035774976,6.121986754966855,0,0.0,-0.0,0.2558478049733858,0,0.0,-0.0,1.7292697480291073,0,0.0,-0.0,3.776078425555142,0,0.0,-0.0,3.541674014173228,0,0.0,-0.0,3.776078425555142,0,0.0,-0.0,2.4620639206398343,0,0.0,-0.0,1.590601759005396
2023-08-12,1849.93,0.0005895588585276279,False,1.0,0.0005895588585276279,6.125596026490035,0,0.0,0.0,0.2558478049733858,0,0.0,0.0,1.7292697480291073,0,0.0,0.0,3.776078425555142,0,0.0,0.0,3.541674014173228,0,0.0,0.0,3.776078425555142,0,0.0,0.0,2.4620639206398343,0,0.0,0.0,1.590601759005396
2023-08-13,1840.73,-0.004973161146638039,False,1.0,-0.004973161146638039,6.095132450331095,0,0.0,-0.0,0.2558478049733858,0,0.0,-0.0,1.7292697480291073,0,0.0,-0.0,3.776078425555142,0,0.0,-0.0,3.541674014173228,0,0.0,-0.0,3.776078425555142,0,0.0,-0.0,2.4620639206398343,0,0.0,-0.0,1.590601759005396
2023-08-14,1845.5,0.0025913632091616456,False,1.0,0.0025913632091616456,6.11092715231785,0,0.0,0.0,0.2558478049733858,0,0.0,0.0,1.7292697480291073,0,0.0,0.0,3.776078425555142,0,0.0,0.0,3.541674014173228,0,0.0,0.0,3.776078425555142,0,0.0,0.0,2.4620639206398343,0,0.0,0.0,1.590601759005396
2023-08-15,1828.98,-0.008951503657545379,False,1.0,-0.008951503657545379,6.056225165562884,0,0.0,-0.0,0.2558478049733858,0,0.0,-0.0,1.7292697480291073,0,0.0,-0.0,3.776078425555142,0,0.0,-0.0,3.541674014173228,0,0.0,-0.0,3.776078425555142,0,0.0,-0.0,2.4620639206398343,0,0.0,-0.0,1.590601759005396
2023-08-16,1807.81,-0.011574757515117717,False,1.0,-0.011574757515117717,5.98612582781454,0,0.0,-0.0,0.2558478049733858,0,0.0,-0.0,1.7292697480291073,0,0.0,-0.0,3.776078425555142,0,0.0,-0.0,3.541674014173228,0,0.0,-0.0,3.776078425555142,0,0.0,-0.0,2.4620639206398343,0,0.0,-0.0,1.590601759005396
2023-08-17,1681.49,-0.06987459965372467,False,1.0,-0.06987459965372467,5.567847682119178,0,0.0,-0.0,0.2558478049733858,0,0.0,-0.0,1.7292697480291073,0,0.0,-0.0,3.776078425555142,0,0.0,-0.0,3.541674014173228,0,0.0,-0.0,3.776078425555142,0,0.0,-0.0,2.4620639206398343,0,0.0,-0.0,1.590601759005396
2023-08-18,1661.59,-0.011834741806374116,False,1.0,-0.011834741806374116,5.501953642384079,0,0.0,-0.0,0.2558478049733858,0,0.0,-0.0,1.7292697480291073,0,0.0,-0.0,3.776078425555142,0,0.0,-0.0,3.541674014173228,0,0.0,-0.0,3.776078425555142,0,0.0,-0.0,2.4620639206398343,0,0.0,-0.0,1.590601759005396
2023-08-19,1669.67,0.004862812125735028,False,1.0,0.004862812125735028,5.528708609271496,0,0.0,0.0,0.2558478049733858,0,0.0,0.0,1.7292697480291073,0,0.0,0.0,3.776078425555142,0,0.0,0.0,3.541674014173228,0,0.0,0.0,3.776078425555142,0,0.0,0.0,2.4620639206398343,0,0.0,0.0,1.590601759005396
2023-08-20,1685.24,0.009325195996813695,False,1.0,0.009325195996813695,5.5802649006622245,0,0.0,0.0,0.2558478049733858,0,0.0,0.0,1.7292697480291073,0,0.0,0.0,3.776078425555142,0,0.0,0.0,3.541674014173228,0,0.0,0.0,3.776078425555142,0,0.0,0.0,2.4620639206398343,0,0.0,0.0,1.590601759005396
2023-08-21,1667.55,-0.010497021195794098,False,1.0,-0.010497021195794098,5.521688741721827,0,0.0,-0.0,0.2558478049733858,0,0.0,-0.0,1.7292697480291073,0,0.0,-0.0,3.776078425555142,0,0.0,-0.0,3.541674014173228,0,0.0,-0.0,3.776078425555142,0,0.0,-0.0,2.4620639206398343,0,0.0,-0.0,1.590601759005396
2023-08-22,1634.99,-0.019525651404755484,False,1.0,-0.019525651404755484,5.413874172185404,0,0.0,-0.0,0.2558478049733858,0,0.0,-0.0,1.7292697480291073,0,0.0,-0.0,3.776078425555142,0,0.0,-0.0,3.541674014173228,0,0.0,-0.0,3.776078425555142,0,0.0,-0.0,2.4620639206398343,0,0.0,-0.0,1.590601759005396
2023-08-23,1679.61,0.027290686793191243,False,1.0,0.027290686793191243,5.5616225165562625,0,0.0,0.0,0.2558478049733858,0,0.0,0.0,1.7292697480291073,0,0.0,0.0,3.776078425555142,0,0.0,0.0,3.541674014173228,0,0.0,0.0,3.776078425555142,0,0.0,0.0,2.4620639206398343,0,0.0,0.0,1.590601759005396
2023-08-24,1661.16,-0.010984692875131596,False,1.0,-0.010984692875131596,5.500529801324475,0,0.0,-0.0,0.2558478049733858,0,0.0,-0.0,1.7292697480291073,0,0.0,-0.0,3.776078425555142,0,0.0,-0.0,3.541674014173228,0,0.0,-0.0,3.776078425555142,0,0.0,-0.0,2.4620639206398343,0,0.0,-0.0,1.590601759005396
2023-08-25,1653.8,-0.00443063883069672,False,1.0,-0.00443063883069672,5.4761589403973225,0,0.0,-0.0,0.2558478049733858,0,0.0,-0.0,1.7292697480291073,0,0.0,-0.0,3.776078425555142,0,0.0,-0.0,3.541674014173228,0,0.0,-0.0,3.776078425555142,0,0.0,-0.0,2.4620639206398343,0,0.0,-0.0,1.590601759005396
2023-08-26,1647.04,-0.004087555931793441,False,1.0,-0.004087555931793441,5.453774834437057,0,0.0,-0.0,0.2558478049733858,0,0.0,-0.0,1.7292697480291073,0,0.0,-0.0,3.776078425555142,0,0.0,-0.0,3.541674014173228,0,0.0,-0.0,3.776078425555142,0,0.0,-0.0,2.4620639206398343,0,0.0,-0.0,1.590601759005396
2023-08-27,1658.33,0.00685472119681374,False,1.0,0.00685472119681374,5.491158940397322,0,0.0,0.0,0.2558478049733858,0,0.0,0.0,1.7292697480291073,0,0.0,0.0,3.776078425555142,0,0.0,0.0,3.541674014173228,0,0.0,0.0,3.776078425555142,0,0.0,0.0,2.4620639206398343,0,0.0,0.0,1.590601759005396
2023-08-28,1653.08,-0.0031658355092171186,False,1.0,-0.0031658355092171186,5.473774834437057,0,0.0,-0.0,0.2558478049733858,0,0.0,-0.0,1.7292697480291073,0,0.0,-0.0,3.776078425555142,0,0.0,-0.0,3.541674014173228,0,0.0,-0.0,3.776078425555142,0,0.0,-0.0,2.4620639206398343,0,0.0,-0.0,1.590601759005396
2023-08-29,1729.42,0.04618046313548052,False,1.0,0.04618046313548052,5.726556291390699,0,0.0,0.0,0.2558478049733858,0,0.0,0.0,1.7292697480291073,0,0.0,0.0,3.776078425555142,0,0.0,0.0,3.541674014173228,0,0.0,0.0,3.776078425555142,0,0.0,0.0,2.4620639206398343,0,0.0,0.0,1.590601759005396
2023-08-30,1705.23,-0.013987348359565721,False,1.0,-0.013987348359565721,5.646456953642354,0,0.0,-0.0,0.2558478049733858,0,0.0,-0.0,1.7292697480291073,0,0.0,-0.0,3.776078425555142,0,0.0,-0.0,3.541674014173228,0,0.0,-0.0,3.776078425555142,0,0.0,-0.0,2.4620639206398343,0,0.0,-0.0,1.590601759005396
2023-08-31,1645.76,-0.034875060842232464,False,1.0,-0.034875060842232464,5.449536423841031,0,0.0,-0.0,0.2558478049733858,0,0.0,-0.0,1.7292697480291073,0,0.0,-0.0,3.776078425555142,0,0.0,-0.0,3.541674014173228,0,0.0,-0.0,3.776078425555142,0,0.0,-0.0,2.4620639206398343,0,0.0,-0.0,1.590601759005396
2023-09-01,1629.12,-0.010110830254715153,False,1.0,-0.010110830254715153,5.394437086092687,0,0.0,-0.0,0.2558478049733858,0,0.0,-0.0,1.7292697480291073,0,0.0,-0.0,3.776078425555142,0,0.0,-0.0,3.541674014173228,0,0.0,-0.0,3.776078425555142,0,0.0,-0.0,2.4620639206398343,0,0.0,-0.0,1.590601759005396
2023-09-02,1637.03,0.004855382046749179,False,1.0,0.004855382046749179,5.420629139072819,0,0.0,0.0,0.2558478049733858,0,0.0,0.0,1.7292697480291073,0,0.0,0.0,3.776078425555142,0,0.0,0.0,3.541674014173228,0,0.0,0.0,3.776078425555142,0,0.0,0.0,2.4620639206398343,0,0.0,0.0,1.590601759005396
2023-09-03,1635.84,-0.0007269262017189915,False,1.0,-0.0007269262017189915,5.416688741721826,0,0.0,-0.0,0.2558478049733858,0,0.0,-0.0,1.7292697480291073,0,0.0,-0.0,3.776078425555142,0,0.0,-0.0,3.541674014173228,0,0.0,-0.0,3.776078425555142,0,0.0,-0.0,2.4620639206398343,0,0.0,-0.0,1.590601759005396
2023-09-04,1630.51,-0.0032582648669796654,False,1.0,-0.0032582648669796654,5.39903973509931,0,0.0,-0.0,0.2558478049733858,0,0.0,-0.0,1.7292697480291073,0,0.0,-0.0,3.776078425555142,0,0.0,-0.0,3.541674014173228,0,0.0,-0.0,3.776078425555142,0,0.0,-0.0,2.4620639206398343,0,0.0,-0.0,1.590601759005396
2023-09-05,1634.45,0.0024164218557383155,False,1.0,0.0024164218557383155,5.412086092715203,0,0.0,0.0,0.2558478049733858,0,0.0,0.0,1.7292697480291073,0,0.0,0.0,3.776078425555142,0,0.0,0.0,3.541674014173228,0,0.0,0.0,3.776078425555142,0,0.0,0.0,2.4620639206398343,0,0.0,0.0,1.590601759005396
2023-09-06,1633.15,-0.0007953745908408916,False,1.0,-0.0007953745908408916,5.407781456953614,0,0.0,-0.0,0.2558478049733858,0,0.0,-0.0,1.7292697480291073,0,0.0,-0.0,3.776078425555142,0,0.0,-0.0,3.541674014173228,0,0.0,-0.0,3.776078425555142,0,0.0,-0.0,2.4620639206398343,0,0.0,-0.0,1.590601759005396
2023-09-07,1648.11,0.009160211860514744,False,1.0,0.009160211860514744,5.457317880794672,0,0.0,0.0,0.2558478049733858,0,0.0,0.0,1.7292697480291073,0,0.0,0.0,3.776078425555142,0,0.0,0.0,3.541674014173228,0,0.0,0.0,3.776078425555142,0,0.0,0.0,2.4620639206398343,0,0.0,0.0,1.590601759005396
2023-09-08,1636.44,-0.007080838050858129,False,1.0,-0.007080838050858129,5.418675496688712,0,0.0,-0.0,0.2558478049733858,0,0.0,-0.0,1.7292697480291073,0,0.0,-0.0,3.776078425555142,0,0.0,-0.0,3.541674014173228,0,0.0,-0.0,3.776078425555142,0,0.0,-0.0,2.4620639206398343,0,0.0,-0.0,1.590601759005396
2023-09-09,1635.54,-0.0005499743345310781,False,1.0,-0.0005499743345310781,5.41569536423838,0,0.0,-0.0,0.2558478049733858,0,0.0,-0.0,1.7292697480291073,0,0.0,-0.0,3.776078425555142,0,0.0,-0.0,3.541674014173228,0,0.0,-0.0,3.776078425555142,0,0.0,-0.0,2.4620639206398343,0,0.0,-0.0,1.590601759005396
2023-09-10,1617.42,-0.011078909717891272,False,1.0,-0.011078909717891272,5.355695364238381,0,0.0,-0.0,0.2558478049733858,0,0.0,-0.0,1.7292697480291073,0,0.0,-0.0,3.776078425555142,0,0.0,-0.0,3.541674014173228,0,0.0,-0.0,3.776078425555142,0,0.0,-0.0,2.4620639206398343,0,0.0,-0.0,1.590601759005396
2023-09-11,1551.85,-0.04053987214205346,False,1.0,-0.04053987214205346,5.138576158940368,0,0.0,-0.0,0.2558478049733858,0,0.0,-0.0,1.7292697480291073,0,0.0,-0.0,3.776078425555142,0,0.0,-0.0,3.541674014173228,0,0.0,-0.0,3.776078425555142,0,0.0,-0.0,2.4620639206398343,0,0.0,-0.0,1.590601759005396
2023-09-12,1592.97,0.026497406321487338,False,1.0,0.026497406321487338,5.274735099337718,0,0.0,0.0,0.2558478049733858,0,0.0,0.0,1.7292697480291073,0,0.0,0.0,3.776078425555142,0,0.0,0.0,3.541674014173228,0,0.0,0.0,3.776078425555142,0,0.0,0.0,2.4620639206398343,0,0.0,0.0,1.590601759005396
2023-09-13,1607.62,0.009196657815275788,False,1.0,0.009196657815275788,5.323245033112552,0,0.0,0.0,0.2558478049733858,0,0.0,0.0,1.7292697480291073,0,0.0,0.0,3.776078425555142,0,0.0,0.0,3.541674014173228,0,0.0,0.0,3.776078425555142,0,0.0,0.0,2.4620639206398343,0,0.0,0.0,1.590601759005396
2023-09-14,1626.47,0.011725407745611705,False,1.0,0.011725407745611705,5.3856622516555985,0,0.0,0.0,0.2558478049733858,0,0.0,0.0,1.7292697480291073,0,0.0,0.0,3.776078425555142,0,0.0,0.0,3.541674014173228,0,0.0,0.0,3.776078425555142,0,0.0,0.0,2.4620639206398343,0,0.0,0.0,1.590601759005396
2023-09-15,1641.29,0.00911175736410752,False,1.0,0.00911175736410752,5.4347350993377175,0,0.0,0.0,0.2558478049733858,0,0.0,0.0,1.7292697480291073,0,0.0,0.0,3.776078425555142,0,0.0,0.0,3.541674014173228,0,0.0,0.0,3.776078425555142,0,0.0,0.0,2.4620639206398343,0,0.0,0.0,1.590601759005396
2023-09-16,1634.4,-0.004197917491729042,False,1.0,-0.004197917491729042,5.411920529801294,0,0.0,-0.0,0.2558478049733858,0,0.0,-0.0,1.7292697480291073,0,0.0,-0.0,3.776078425555142,0,0.0,-0.0,3.541674014173228,0,0.0,-0.0,3.776078425555142,0,0.0,-0.0,2.4620639206398343,0,0.0,-0.0,1.590601759005396
2023-09-17,1622.48,-0.007293196279980485,False,1.0,-0.007293196279980485,5.372450331125797,0,0.0,-0.0,0.2558478049733858,0,0.0,-0.0,1.7292697480291073,0,0.0,-0.0,3.776078425555142,0,0.0,-0.0,3.541674014173228,0,0.0,-0.0,3.776078425555142,0,0.0,-0.0,2.4620639206398343,0,0.0,-0.0,1.590601759005396
2023-09-18,1636.66,0.008739707115033912,False,1.0,0.008739707115033912,5.419403973509903,0,0.0,0.0,0.2558478049733858,0,0.0,0.0,1.7292697480291073,0,0.0,0.0,3.776078425555142,0,0.0,0.0,3.541674014173228,0,0.0,0.0,3.776078425555142,0,0.0,0.0,2.4620639206398343,0,0.0,0.0,1.590601759005396
2023-09-19,1643.12,0.003947062920826472,False,1.0,0.003947062920826472,5.440794701986723,0,0.0,0.0,0.2558478049733858,0,0.0,0.0,1.7292697480291073,0,0.0,0.0,3.776078425555142,0,0.0,0.0,3.541674014173228,0,0.0,0.0,3.776078425555142,0,0.0,0.0,2.4620639206398343,0,0.0,0.0,1.590601759005396
2023-09-20,1622.26,-0.012695360046740323,False,1.0,-0.012695360046740323,5.371721854304605,0,0.0,-0.0,0.2558478049733858,0,0.0,-0.0,1.7292697480291073,0,0.0,-0.0,3.776078425555142,0,0.0,-0.0,3.541674014173228,0,0.0,-0.0,3.776078425555142,0,0.0,-0.0,2.4620639206398343,0,0.0,-0.0,1.590601759005396
2023-09-21,1583.94,-0.023621367721573527,False,1.0,-0.023621367721573527,5.244834437086063,0,0.0,-0.0,0.2558478049733858,0,0.0,-0.0,1.7292697480291073,0,0.0,-0.0,3.776078425555142,0,0.0,-0.0,3.541674014173228,0,0.0,-0.0,3.776078425555142,0,0.0,-0.0,2.4620639206398343,0,0.0,-0.0,1.590601759005396
2023-09-22,1593.08,0.0057704205967397115,False,1.0,0.0057704205967397115,5.275099337748315,0,0.0,0.0,0.2558478049733858,0,0.0,0.0,1.7292697480291073,0,0.0,0.0,3.776078425555142,0,0.0,0.0,3.541674014173228,0,0.0,0.0,3.776078425555142,0,0.0,0.0,2.4620639206398343,0,0.0,0.0,1.590601759005396
2023-09-23,1593.86,0.0004896175961031091,False,1.0,0.0004896175961031091,5.277682119205268,0,0.0,0.0,0.2558478049733858,0,0.0,0.0,1.7292697480291073,0,0.0,0.0,3.776078425555142,0,0.0,0.0,3.541674014173228,0,0.0,0.0,3.776078425555142,0,0.0,0.0,2.4620639206398343,0,0.0,0.0,1.590601759005396
2023-09-24,1580.71,-0.008250410952028275,False,1.0,-0.008250410952028275,5.234139072847653,0,0.0,-0.0,0.2558478049733858,0,0.0,-0.0,1.7292697480291073,0,0.0,-0.0,3.776078425555142,0,0.0,-0.0,3.541674014173228,0,0.0,-0.0,3.776078425555142,0,0.0,-0.0,2.4620639206398343,0,0.0,-0.0,1.590601759005396
2023-09-25,1588.33,0.004820618582788594,False,1.0,0.004820618582788594,5.259370860927122,0,0.0,0.0,0.2558478049733858,0,0.0,0.0,1.7292697480291073,0,0.0,0.0,3.776078425555142,0,0.0,0.0,3.541674014173228,0,0.0,0.0,3.776078425555142,0,0.0,0.0,2.4620639206398343,0,0.0,0.0,1.590601759005396
2023-09-26,1594.01,0.0035760830557882706,False,1.0,0.0035760830557882706,5.27817880794699,0,0.0,0.0,0.2558478049733858,0,0.0,0.0,1.7292697480291073,0,0.0,0.0,3.776078425555142,0,0.0,0.0,3.541674014173228,0,0.0,0.0,3.776078425555142,0,0.0,0.0,2.4620639206398343,0,0.0,0.0,1.590601759005396
2023-09-27,1598.64,0.002904624186799376,False,1.0,0.002904624186799376,5.293509933774804,0,0.0,0.0,0.2558478049733858,0,0.0,0.0,1.7292697480291073,0,0.0,0.0,3.776078425555142,0,0.0,0.0,3.541674014173228,0,0.0,0.0,3.776078425555142,0,0.0,0.0,2.4620639206398343,0,0.0,0.0,1.590601759005396
2023-09-28,1652.99,0.03399764800080063,True,1.0,0.03399764800080063,5.473476821192022,0,0.0,0.0,0.2558478049733858,0,0.0,0.0,1.7292697480291073,0,0.0,0.0,3.776078425555142,0,0.0,0.0,3.541674014173228,0,0.0,0.0,3.776078425555142,0,0.0,0.0,2.4620639206398343,0,0.0,0.0,1.590601759005396
2023-09-29,1667.45,0.008747784318114515,True,1.0,0.008747784318114515,5.521357615894009,0,0.0,0.0,0.2558478049733858,0,0.0,0.0,1.7292697480291073,0,0.0,0.0,3.776078425555142,0,0.0,0.0,3.541674014173228,0,0.0,0.0,3.776078425555142,0,0.0,0.0,2.4620639206398343,0,0.0,0.0,1.590601759005396
2023-09-30,1670.89,0.002063030375723418,True,1.0,0.002063030375723418,5.53274834437083,0,0.0,0.0,0.2558478049733858,0,0.0,0.0,1.7292697480291073,0,0.0,0.0,3.776078425555142,0,0.0,0.0,3.541674014173228,0,0.0,0.0,3.776078425555142,0,0.0,0.0,2.4620639206398343,0,0.0,0.0,1.590601759005396
2023-10-01,1733.79,0.03764460856190399,True,1.0,0.03764460856190399,5.741026490066193,0,0.0,0.0,0.2558478049733858,0,0.0,0.0,1.7292697480291073,0,0.0,0.0,3.776078425555142,0,0.0,0.0,3.541674014173228,0,0.0,0.0,3.776078425555142,0,0.0,0.0,2.4620639206398343,0,0.0,0.0,1.590601759005396
2023-10-02,1662.4,-0.04117569025083767,True,1.0,-0.04117569025083767,5.504635761589373,0,0.0,-0.0,0.2558478049733858,0,0.0,-0.0,1.7292697480291073,0,0.0,-0.0,3.776078425555142,0,0.0,-0.0,3.541674014173228,0,0.0,-0.0,3.776078425555142,0,0.0,-0.0,2.4620639206398343,0,0.0,-0.0,1.590601759005396
2023-10-03,1656.88,-0.0033205004812318917,True,1.0,-0.0033205004812318917,5.4863576158940095,0,0.0,-0.0,0.2558478049733858,0,0.0,-0.0,1.7292697480291073,0,0.0,-0.0,3.776078425555142,0,0.0,-0.0,3.541674014173228,0,0.0,-0.0,3.776078425555142,0,0.0,-0.0,2.4620639206398343,0,0.0,-0.0,1.590601759005396
2023-10-04,1646.58,-0.006216503307421295,True,1.0,-0.006216503307421295,5.452251655629109,0,0.0,-0.0,0.2558478049733858,0,0.0,-0.0,1.7292697480291073,0,0.0,-0.0,3.776078425555142,0,0.0,-0.0,3.541674014173228,0,0.0,-0.0,3.776078425555142,0,0.0,-0.0,2.4620639206398343,0,0.0,-0.0,1.590601759005396
2023-10-05,1611.79,-0.021128642398182906,False,1.0,-0.021128642398182906,5.3370529801324205,0,0.0,-0.0,0.2558478049733858,0,0.0,-0.0,1.7292697480291073,0,0.0,-0.0,3.776078425555142,0,0.0,-0.0,3.541674014173228,0,0.0,-0.0,3.776078425555142,0,0.0,-0.0,2.4620639206398343,0,0.0,-0.0,1.590601759005396
2023-10-06,1645.03,0.0206230340180793,True,1.0,0.0206230340180793,5.447119205297983,0,0.0,0.0,0.2558478049733858,0,0.0,0.0,1.7292697480291073,0,0.0,0.0,3.776078425555142,0,0.0,0.0,3.541674014173228,0,0.0,0.0,3.776078425555142,0,0.0,0.0,2.4620639206398343,0,0.0,0.0,1.590601759005396
2023-10-07,1633.57,-0.006966438302037026,True,1.0,-0.006966438302037026,5.4091721854304335,0,0.0,-0.0,0.2558478049733858,0,0.0,-0.0,1.7292697480291073,0,0.0,-0.0,3.776078425555142,0,0.0,-0.0,3.541674014173228,0,0.0,-0.0,3.776078425555142,0,0.0,-0.0,2.4620639206398343,0,0.0,-0.0,1.590601759005396
2023-10-08,1632.84,-0.00044687402437604273,False,1.0,-0.00044687402437604273,5.406754966887387,0,0.0,-0.0,0.2558478049733858,0,0.0,-0.0,1.7292697480291073,0,0.0,-0.0,3.776078425555142,0,0.0,-0.0,3.541674014173228,0,0.0,-0.0,3.776078425555142,0,0.0,-0.0,2.4620639206398343,0,0.0,-0.0,1.590601759005396
2023-10-09,1580.13,-0.03228117880502668,False,1.0,-0.03228117880502668,5.232218543046329,0,0.0,-0.0,0.2558478049733858,0,0.0,-0.0,1.7292697480291073,0,0.0,-0.0,3.776078425555142,0,0.0,-0.0,3.541674014173228,0,0.0,-0.0,3.776078425555142,0,0.0,-0.0,2.4620639206398343,0,0.0,-0.0,1.590601759005396
2023-10-10,1567.63,-0.00791074152126725,False,1.0,-0.00791074152126725,5.190827814569508,0,0.0,-0.0,0.2558478049733858,0,0.0,-0.0,1.7292697480291073,0,0.0,-0.0,3.776078425555142,0,0.0,-0.0,3.541674014173228,0,0.0,-0.0,3.776078425555142,0,0.0,-0.0,2.4620639206398343,0,0.0,-0.0,1.590601759005396
2023-10-11,1566.87,-0.00048480827746355537,False,1.0,-0.00048480827746355537,5.188311258278117,0,0.0,-0.0,0.2558478049733858,0,0.0,-0.0,1.7292697480291073,0,0.0,-0.0,3.776078425555142,0,0.0,-0.0,3.541674014173228,0,0.0,-0.0,3.776078425555142,0,0.0,-0.0,2.4620639206398343,0,0.0,-0.0,1.590601759005396
2023-10-12,1539.61,-0.017397741995187843,False,1.0,-0.017397741995187843,5.098046357615866,0,0.0,-0.0,0.2558478049733858,0,0.0,-0.0,1.7292697480291073,0,0.0,-0.0,3.776078425555142,0,0.0,-0.0,3.541674014173228,0,0.0,-0.0,3.776078425555142,0,0.0,-0.0,2.4620639206398343,0,0.0,-0.0,1.590601759005396
2023-10-13,1552.16,0.008151414968726067,False,1.0,0.008151414968726067,5.139602649006595,0,0.0,0.0,0.2558478049733858,0,0.0,0.0,1.7292697480291073,0,0.0,0.0,3.776078425555142,0,0.0,0.0,3.541674014173228,0,0.0,0.0,3.776078425555142,0,0.0,0.0,2.4620639206398343,0,0.0,0.0,1.590601759005396
2023-10-14,1554.94,0.001791052468817611,False,1.0,0.001791052468817611,5.14880794701984,0,0.0,0.0,0.2558478049733858,0,0.0,0.0,1.7292697480291073,0,0.0,0.0,3.776078425555142,0,0.0,0.0,3.541674014173228,0,0.0,0.0,3.776078425555142,0,0.0,0.0,2.4620639206398343,0,0.0,0.0,1.590601759005396
2023-10-15,1557.77,0.001820005916626899,False,1.0,0.001820005916626899,5.1581788079469915,0,0.0,0.0,0.2558478049733858,0,0.0,0.0,1.7292697480291073,0,0.0,0.0,3.776078425555142,0,0.0,0.0,3.541674014173228,0,0.0,0.0,3.776078425555142,0,0.0,0.0,2.4620639206398343,0,0.0,0.0,1.590601759005396
2023-10-16,1599.42,0.02673693805889199,True,1.0,0.02673693805889199,5.29609271523176,0,0.0,0.0,0.2558478049733858,0,0.0,0.0,1.7292697480291073,0,0.0,0.0,3.776078425555142,0,0.0,0.0,3.541674014173228,0,0.0,0.0,3.776078425555142,0,0.0,0.0,2.4620639206398343,0,0.0,0.0,1.590601759005396
2023-10-17,1565.01,-0.02151404884270558,False,1.0,-0.02151404884270558,5.1821523178807665,0,0.0,-0.0,0.2558478049733858,0,0.0,-0.0,1.7292697480291073,0,0.0,-0.0,3.776078425555142,0,0.0,-0.0,3.541674014173228,0,0.0,-0.0,3.776078425555142,0,0.0,-0.0,2.4620639206398343,0,0.0,-0.0,1.590601759005396
2023-10-18,1563.44,-0.001003188478028827,False,1.0,-0.001003188478028827,5.1769536423840785,0,0.0,-0.0,0.2558478049733858,0,0.0,-0.0,1.7292697480291073,0,0.0,-0.0,3.776078425555142,0,0.0,-0.0,3.541674014173228,0,0.0,-0.0,3.776078425555142,0,0.0,-0.0,2.4620639206398343,0,0.0,-0.0,1.590601759005396
2023-10-19,1566.57,0.0020019955994472483,False,1.0,0.0020019955994472483,5.187317880794674,0,0.0,0.0,0.2558478049733858,0,0.0,0.0,1.7292697480291073,0,0.0,0.0,3.776078425555142,0,0.0,0.0,3.541674014173228,0,0.0,0.0,3.776078425555142,0,0.0,0.0,2.4620639206398343,0,0.0,0.0,1.590601759005396
2023-10-20,1603.89,0.023822746509891246,False,1.0,0.023822746509891246,5.3108940397350715,0,0.0,0.0,0.2558478049733858,0,0.0,0.0,1.7292697480291073,0,0.0,0.0,3.776078425555142,0,0.0,0.0,3.541674014173228,0,0.0,0.0,3.776078425555142,0,0.0,0.0,2.4620639206398343,0,0.0,0.0,1.590601759005396
2023-10-21,1628.94,0.015618278061463098,False,1.0,0.015618278061463098,5.393841059602621,0,0.0,0.0,0.2558478049733858,0,0.0,0.0,1.7292697480291073,0,0.0,0.0,3.776078425555142,0,0.0,0.0,3.541674014173228,0,0.0,0.0,3.776078425555142,0,0.0,0.0,2.4620639206398343,0,0.0,0.0,1.590601759005396
2023-10-22,1663.7,0.02133903028963613,True,1.0,0.02133903028963613,5.5089403973509645,0,0.0,0.0,0.2558478049733858,0,0.0,0.0,1.7292697480291073,0,0.0,0.0,3.776078425555142,0,0.0,0.0,3.541674014173228,0,0.0,0.0,3.776078425555142,0,0.0,0.0,2.4620639206398343,0,0.0,0.0,1.590601759005396
2023-10-23,1765.46,0.061164873474785164,True,1.0,0.061164873474785164,5.845894039735069,0,0.0,0.0,0.2558478049733858,0,0.0,0.0,1.7292697480291073,0,0.0,0.0,3.776078425555142,0,0.0,0.0,3.541674014173228,0,0.0,0.0,3.776078425555142,0,0.0,0.0,2.4620639206398343,0,0.0,0.0,1.590601759005396
2023-10-24,1784.98,0.011056608475978003,True,1.0,0.011056608475978003,5.910529801324473,0,0.0,0.0,0.2558478049733858,0,0.0,0.0,1.7292697480291073,0,0.0,0.0,3.776078425555142,0,0.0,0.0,3.541674014173228,0,0.0,0.0,3.776078425555142,0,0.0,0.0,2.4620639206398343,0,0.0,0.0,1.590601759005396
2023-10-25,1787.15,0.0012156998957972842,True,1.0,0.0012156998957972842,5.9177152317880495,0,0.0,0.0,0.2558478049733858,0,0.0,0.0,1.7292697480291073,0,0.0,0.0,3.776078425555142,0,0.0,0.0,3.541674014173228,0,0.0,0.0,3.776078425555142,0,0.0,0.0,2.4620639206398343,0,0.0,0.0,1.590601759005396
2023-10-26,1803.38,0.00908149847522588,True,1.0,0.00908149847522588,5.971456953642353,0,0.0,0.0,0.2558478049733858,0,0.0,0.0,1.7292697480291073,0,0.0,0.0,3.776078425555142,0,0.0,0.0,3.541674014173228,0,0.0,0.0,3.776078425555142,0,0.0,0.0,2.4620639206398343,0,0.0,0.0,1.590601759005396
2023-10-27,1779.4,-0.013297252936153248,True,1.0,-0.013297252936153248,5.89205298013242,0,0.0,-0.0,0.2558478049733858,0,0.0,-0.0,1.7292697480291073,0,0.0,-0.0,3.776078425555142,0,0.0,-0.0,3.541674014173228,0,0.0,-0.0,3.776078425555142,0,0.0,-0.0,2.4620639206398343,0,0.0,-0.0,1.590601759005396
2023-10-28,1776.2,-0.0017983589974148728,True,1.0,-0.0017983589974148728,5.8814569536423535,0,0.0,-0.0,0.2558478049733858,0,0.0,-0.0,1.7292697480291073,0,0.0,-0.0,3.776078425555142,0,0.0,-0.0,3.541674014173228,0,0.0,-0.0,3.776078425555142,0,0.0,-0.0,2.4620639206398343,0,0.0,-0.0,1.590601759005396
2023-10-29,1795.14,0.010663213602071897,True,1.0,0.010663213602071897,5.944172185430433,0,0.0,0.0,0.2558478049733858,0,0.0,0.0,1.7292697480291073,0,0.0,0.0,3.776078425555142,0,0.0,0.0,3.541674014173228,0,0.0,0.0,3.776078425555142,0,0.0,0.0,2.4620639206398343,0,0.0,0.0,1.590601759005396
2023-10-30,1809.04,0.007743128669630117,True,1.0,0.007743128669630117,5.990198675496657,0,0.0,0.0,0.2558478049733858,0,0.0,0.0,1.7292697480291073,0,0.0,0.0,3.776078425555142,0,0.0,0.0,3.541674014173228,0,0.0,0.0,3.776078425555142,0,0.0,0.0,2.4620639206398343,0,0.0,0.0,1.590601759005396
2023-10-31,1814.67,0.003112147879538396,True,1.0,0.003112147879538396,6.008841059602617,0,0.0,0.0,0.2558478049733858,0,0.0,0.0,1.7292697480291073,0,0.0,0.0,3.776078425555142,0,0.0,0.0,3.541674014173228,0,0.0,0.0,3.776078425555142,0,0.0,0.0,2.4620639206398343,0,0.0,0.0,1.590601759005396
2023-11-01,1846.99,0.017810400789124214,True,1.0,0.017810400789124214,6.115860927152286,0,0.0,0.0,0.2558478049733858,0,0.0,0.0,1.7292697480291073,0,0.0,0.0,3.776078425555142,0,0.0,0.0,3.541674014173228,0,0.0,0.0,3.776078425555142,0,0.0,0.0,2.4620639206398343,0,0.0,0.0,1.590601759005396
2023-11-02,1800.8,-0.025008256677080065,True,1.0,-0.025008256677080065,5.962913907284737,0,0.0,-0.0,0.2558478049733858,0,0.0,-0.0,1.7292697480291073,0,0.0,-0.0,3.776078425555142,0,0.0,-0.0,3.541674014173228,0,0.0,-0.0,3.776078425555142,0,0.0,-0.0,2.4620639206398343,0,0.0,-0.0,1.590601759005396
2023-11-03,1832.71,0.01771990226565978,True,1.0,0.01771990226565978,6.068576158940366,0,0.0,0.0,0.2558478049733858,0,0.0,0.0,1.7292697480291073,0,0.0,0.0,3.776078425555142,0,0.0,0.0,3.541674014173228,0,0.0,0.0,3.776078425555142,0,0.0,0.0,2.4620639206398343,0,0.0,0.0,1.590601759005396
2023-11-04,1855.54,0.012456962640024827,True,1.0,0.012456962640024827,6.144172185430431,0,0.0,0.0,0.2558478049733858,0,0.0,0.0,1.7292697480291073,0,0.0,0.0,3.776078425555142,0,0.0,0.0,3.541674014173228,0,0.0,0.0,3.776078425555142,0,0.0,0.0,2.4620639206398343,0,0.0,0.0,1.590601759005396
2023-11-05,1891.71,0.019492977785442456,True,1.0,0.019492977785442456,6.26394039735096,0,0.0,0.0,0.2558478049733858,0,0.0,0.0,1.7292697480291073,0,0.0,0.0,3.776078425555142,0,0.0,0.0,3.541674014173228,0,0.0,0.0,3.776078425555142,0,0.0,0.0,2.4620639206398343,0,0.0,0.0,1.590601759005396
2023-11-06,1900.95,0.004884469606863728,True,1.0,0.004884469606863728,6.294536423841027,0,0.0,0.0,0.2558478049733858,0,0.0,0.0,1.7292697480291073,0,0.0,0.0,3.776078425555142,0,0.0,0.0,3.541674014173228,0,0.0,0.0,3.776078425555142,0,0.0,0.0,2.4620639206398343,0,0.0,0.0,1.590601759005396
2023-11-07,1885.27,-0.008248507325284704,True,1.0,-0.008248507325284704,6.242615894039703,0,0.0,-0.0,0.2558478049733858,0,0.0,-0.0,1.7292697480291073,0,0.0,-0.0,3.776078425555142,0,0.0,-0.0,3.541674014173228,0,0.0,-0.0,3.776078425555142,0,0.0,-0.0,2.4620639206398343,0,0.0,-0.0,1.590601759005396
2023-11-08,1888.12,0.001511719806712053,True,1.0,0.001511719806712053,6.252052980132419,0,0.0,0.0,0.2558478049733858,0,0.0,0.0,1.7292697480291073,0,0.0,0.0,3.776078425555142,0,0.0,0.0,3.541674014173228,0,0.0,0.0,3.776078425555142,0,0.0,0.0,2.4620639206398343,0,0.0,0.0,1.590601759005396
2023-11-09,2121.32,0.12350909899794527,True,1.0,0.12350909899794527,7.024238410595992,0,0.0,0.0,0.2558478049733858,1,0.0,0.0,1.7292697480291073,0,0.0,0.0,3.776078425555142,0,0.0,0.0,3.541674014173228,0,0.0,0.0,3.776078425555142,0,0.0,0.0,2.4620639206398343,0,0.0,0.0,1.590601759005396
2023-11-10,2077.72,-0.020553240435200903,True,1.0,-0.020553240435200903,6.879867549668839,0,0.0,-0.0,0.2558478049733858,0,1.0,-0.021553240435200904,1.6919983813725166,0,0.0,-0.0,3.776078425555142,0,0.0,-0.0,3.541674014173228,0,0.0,-0.0,3.776078425555142,0,0.0,-0.0,2.4620639206398343,0,0.0,-0.0,1.590601759005396
2023-11-11,2053.17,-0.011815836590108209,True,1.0,-0.011815836590108209,6.798576158940364,0,0.0,-0.0,0.2558478049733858,0,1.0,-0.011815836590108209,1.6720060049874914,0,0.0,-0.0,3.776078425555142,0,0.0,-0.0,3.541674014173228,0,0.0,-0.0,3.776078425555142,0,0.0,-0.0,2.4620639206398343,0,0.0,-0.0,1.590601759005396
2023-11-12,2044.68,-0.00413506918569817,True,1.0,-0.00413506918569817,6.770463576158908,0,0.0,-0.0,0.2558478049733858,0,1.0,-0.00413506918569817,1.6650921444779654,0,0.0,-0.0,3.776078425555142,0,0.0,-0.0,3.541674014173228,0,0.0,-0.0,3.776078425555142,0,0.0,-0.0,2.4620639206398343,0,0.0,-0.0,1.590601759005396
2023-11-13,2053.65,0.0043869945419332534,True,1.0,0.0043869945419332534,6.800165562913874,0,0.0,0.0,0.2558478049733858,0,1.0,0.0043869945419332534,1.6723968946276062,0,0.0,0.0,3.776078425555142,0,0.0,0.0,3.541674014173228,0,0.0,0.0,3.776078425555142,0,0.0,0.0,2.4620639206398343,0,0.0,0.0,1.590601759005396
2023-11-14,1979.39,-0.036160007791006255,True,1.0,-0.036160007791006255,6.554271523178777,0,0.0,-0.0,0.2558478049733858,0,1.0,-0.036160007791006255,1.6119230098882174,0,0.0,-0.0,3.776078425555142,0,0.0,-0.0,3.541674014173228,0,0.0,-0.0,3.776078425555142,0,0.0,-0.0,2.4620639206398343,0,0.0,-0.0,1.590601759005396
2023-11-15,2058.48,0.0399567543536139,True,1.0,0.0399567543536139,6.816158940397318,0,0.0,0.0,0.2558478049733858,0,1.0,0.0399567543536139,1.6763302216312588,0,0.0,0.0,3.776078425555142,0,0.0,0.0,3.541674014173228,0,0.0,0.0,3.776078425555142,0,0.0,0.0,2.4620639206398343,0,0.0,0.0,1.590601759005396
2023-11-16,1961.77,-0.04698126773153011,True,1.0,-0.04698126773153011,6.495927152317849,0,0.0,-0.0,0.2558478049733858,0,1.0,-0.04698126773153011,1.5975741026823453,0,0.0,-0.0,3.776078425555142,0,0.0,-0.0,3.541674014173228,0,0.0,-0.0,3.776078425555142,0,0.0,-0.0,2.4620639206398343,0,0.0,-0.0,1.590601759005396
2023-11-17,1960.82,-0.00048425656422523833,True,1.0,-0.00048425656422523833,6.49278145695361,0,0.0,-0.0,0.2558478049733858,0,1.0,-0.00048425656422523833,1.5968004669362852,0,0.0,-0.0,3.776078425555142,0,0.0,-0.0,3.541674014173228,0,0.0,-0.0,3.776078425555142,0,0.0,-0.0,2.4620639206398343,0,0.0,-0.0,1.590601759005396
2023-11-18,1962.6,0.0009077834783406402,True,1.0,0.0009077834783406402,6.498675496688709,0,0.0,0.0,0.2558478049733858,0,1.0,0.0009077834783406402,1.5982500160183766,0,0.0,0.0,3.776078425555142,0,0.0,0.0,3.541674014173228,0,0.0,0.0,3.776078425555142,0,0.0,0.0,2.4620639206398343,0,0.0,0.0,1.590601759005396
2023-11-19,2011.47,0.024900642005502904,True,1.0,0.024900642005502904,6.660496688741689,0,0.0,0.0,0.2558478049733858,0,1.0,0.024900642005502904,1.6380474675025394,0,0.0,0.0,3.776078425555142,0,0.0,0.0,3.541674014173228,0,0.0,0.0,3.776078425555142,0,0.0,0.0,2.4620639206398343,0,0.0,0.0,1.590601759005396
2023-11-20,2021.4,0.004936688093782227,True,1.0,0.004936688093782227,6.693377483443676,0,0.0,0.0,0.2558478049733858,0,1.0,0.004936688093782227,1.6461339969324094,0,0.0,0.0,3.776078425555142,0,0.0,0.0,3.541674014173228,0,0.0,0.0,3.776078425555142,0,0.0,0.0,2.4620639206398343,0,0.0,0.0,1.590601759005396
2023-11-21,1933.01,-0.04372711981794797,True,1.0,-0.04372711981794797,6.40069536423838,0,0.0,-0.0,0.2558478049733858,0,1.0,-0.04372711981794797,1.5741532984121482,0,0.0,-0.0,3.776078425555142,0,0.0,-0.0,3.541674014173228,0,0.0,-0.0,3.776078425555142,0,0.0,-0.0,2.4620639206398343,0,0.0,-0.0,1.590601759005396
2023-11-22,2063.21,0.06735609231199002,True,1.0,0.06735609231199002,6.831821192052947,0,0.0,0.0,0.2558478049733858,0,1.0,0.06735609231199002,1.6801821132932204,0,0.0,0.0,3.776078425555142,0,0.0,0.0,3.541674014173228,0,0.0,0.0,3.776078425555142,0,0.0,0.0,2.4620639206398343,0,0.0,0.0,1.590601759005396
2023-11-23,2062.2,-0.000489528453235577,True,1.0,-0.000489528453235577,6.828476821192019,0,0.0,-0.0,0.2558478049733858,0,1.0,-0.000489528453235577,1.6793596163421458,0,0.0,-0.0,3.776078425555142,0,0.0,-0.0,3.541674014173228,0,0.0,-0.0,3.776078425555142,0,0.0,-0.0,2.4620639206398343,0,0.0,-0.0,1.590601759005396
2023-11-24,2080.84,0.009038890505285835,True,1.0,0.009038890505285835,6.890198675496656,0,0.0,0.0,0.2558478049733858,0,1.0,0.009038890505285835,1.6945391640332612,0,0.0,0.0,3.776078425555142,0,0.0,0.0,3.541674014173228,0,0.0,0.0,3.776078425555142,0,0.0,0.0,2.4620639206398343,0,0.0,0.0,1.590601759005396
2023-11-25,2083.09,0.0010812940927702464,True,1.0,0.0010812940927702464,6.897649006622483,0,0.0,0.0,0.2558478049733858,0,1.0,0.0010812940927702464,1.6963714592212982,0,0.0,0.0,3.776078425555142,0,0.0,0.0,3.541674014173228,0,0.0,0.0,3.776078425555142,0,0.0,0.0,2.4620639206398343,0,0.0,0.0,1.590601759005396
2023-11-26,2062.33,-0.00996596402459815,True,1.0,-0.00996596402459815,6.828907284768179,0,0.0,-0.0,0.2558478049733858,0,1.0,-0.00996596402459815,1.6794654822863437,0,0.0,-0.0,3.776078425555142,0,0.0,-0.0,3.541674014173228,0,0.0,-0.0,3.776078425555142,0,0.0,-0.0,2.4620639206398343,0,0.0,-0.0,1.590601759005396
2023-11-27,2027.5,-0.016888664762671368,True,1.0,-0.016888664762671368,6.713576158940365,0,0.0,-0.0,0.2558478049733858,0,1.0,-0.016888664762671368,1.6511015527755315,0,0.0,-0.0,3.776078425555142,0,0.0,-0.0,3.541674014173228,0,0.0,-0.0,3.776078425555142,0,0.0,-0.0,2.4620639206398343,0,0.0,-0.0,1.590601759005396
2023-11-28,2048.14,0.010180024660912501,True,1.0,0.010180024660912501,6.781920529801292,0,0.0,0.0,0.2558478049733858,0,1.0,0.010180024660912501,1.6679098073004572,0,0.0,0.0,3.776078425555142,0,0.0,0.0,3.541674014173228,0,0.0,0.0,3.776078425555142,0,0.0,0.0,2.4620639206398343,0,0.0,0.0,1.590601759005396
2023-11-29,2028.81,-0.009437831398244279,False,1.0,-0.009437831398244279,6.717913907284736,0,0.0,-0.0,0.2558478049733858,0,1.0,-0.009437831398244279,1.6521683557516773,0,0.0,-0.0,3.776078425555142,0,0.0,-0.0,3.541674014173228,0,0.0,-0.0,3.776078425555142,0,0.0,-0.0,2.4620639206398343,0,0.0,-0.0,1.590601759005396
2023-11-30,2051.96,0.01141062987662722,False,1.0,0.01141062987662722,6.794569536423809,0,0.0,0.0,0.2558478049733858,0,0.0,-0.001,1.6505161873959255,0,0.0,0.0,3.776078425555142,0,0.0,0.0,3.541674014173228,0,0.0,0.0,3.776078425555142,0,0.0,0.0,2.4620639206398343,0,0.0,0.0,1.590601759005396
2023-12-01,2087.24,0.017193317608530156,True,1.0,0.017193317608530156,6.911390728476786,0,0.0,0.0,0.2558478049733858,0,0.0,0.0,1.6505161873959255,0,0.0,0.0,3.776078425555142,0,0.0,0.0,3.541674014173228,0,0.0,0.0,3.776078425555142,0,0.0,0.0,2.4620639206398343,0,0.0,0.0,1.590601759005396
2023-12-02,2164.74,0.03713037312431733,True,1.0,0.03713037312431733,7.168013245033077,0,0.0,0.0,0.2558478049733858,0,0.0,0.0,1.6505161873959255,0,0.0,0.0,3.776078425555142,0,0.0,0.0,3.541674014173228,0,0.0,0.0,3.776078425555142,0,0.0,0.0,2.4620639206398343,0,0.0,0.0,1.590601759005396
2023-12-03,2192.95,0.013031588089100765,True,1.0,0.013031588089100765,7.261423841059567,0,0.0,0.0,0.2558478049733858,0,0.0,0.0,1.6505161873959255,0,0.0,0.0,3.776078425555142,0,0.0,0.0,3.541674014173228,0,0.0,0.0,3.776078425555142,0,0.0,0.0,2.4620639206398343,0,0.0,0.0,1.590601759005396
2023-12-04,2243.37,0.02299186027953226,True,1.0,0.02299186027953226,7.428377483443673,0,0.0,0.0,0.2558478049733858,0,0.0,0.0,1.6505161873959255,0,0.0,0.0,3.776078425555142,0,0.0,0.0,3.541674014173228,0,0.0,0.0,3.776078425555142,0,0.0,0.0,2.4620639206398343,0,0.0,0.0,1.590601759005396
2023-12-05,2293.33,0.022270066908267383,True,1.0,0.022270066908267383,7.5938079470198305,0,0.0,0.0,0.2558478049733858,0,0.0,0.0,1.6505161873959255,0,0.0,0.0,3.776078425555142,0,0.0,0.0,3.541674014173228,0,0.0,0.0,3.776078425555142,0,0.0,0.0,2.4620639206398343,0,0.0,0.0,1.590601759005396
2023-12-06,2232.7,-0.02643753842665475,True,1.0,-0.02643753842665475,7.393046357615858,0,0.0,-0.0,0.2558478049733858,0,0.0,-0.0,1.6505161873959255,0,0.0,-0.0,3.776078425555142,0,0.0,-0.0,3.541674014173228,0,0.0,-0.0,3.776078425555142,0,0.0,-0.0,2.4620639206398343,0,0.0,-0.0,1.590601759005396
2023-12-07,2355.73,0.05510368611994454,True,1.0,0.05510368611994454,7.800430463576121,0,0.0,0.0,0.2558478049733858,0,0.0,0.0,1.6505161873959255,0,0.0,0.0,3.776078425555142,0,0.0,0.0,3.541674014173228,0,0.0,0.0,3.776078425555142,0,0.0,0.0,2.4620639206398343,0,0.0,0.0,1.590601759005396
2023-12-08,2358.72,0.0012692456266210073,True,1.0,0.0012692456266210073,7.810331125827776,0,0.0,0.0,0.2558478049733858,0,0.0,0.0,1.6505161873959255,0,0.0,0.0,3.776078425555142,0,0.0,0.0,3.541674014173228,0,0.0,0.0,3.776078425555142,0,0.0,0.0,2.4620639206398343,0,0.0,0.0,1.590601759005396
2023-12-09,2340.49,-0.007728768145434772,True,1.0,-0.007728768145434772,7.749966887417181,0,0.0,-0.0,0.2558478049733858,0,0.0,-0.0,1.6505161873959255,0,0.0,-0.0,3.776078425555142,0,0.0,-0.0,3.541674014173228,0,0.0,-0.0,3.776078425555142,0,0.0,-0.0,2.4620639206398343,0,0.0,-0.0,1.590601759005396
2023-12-10,2352.39,0.005084405402287606,True,1.0,0.005084405402287606,7.789370860927115,0,0.0,0.0,0.2558478049733858,0,0.0,0.0,1.6505161873959255,0,0.0,0.0,3.776078425555142,0,0.0,0.0,3.541674014173228,0,0.0,0.0,3.776078425555142,0,0.0,0.0,2.4620639206398343,0,0.0,0.0,1.590601759005396
2023-12-11,2225.12,-0.05410242349270311,True,1.0,-0.05410242349270311,7.367947019867515,0,0.0,-0.0,0.2558478049733858,0,0.0,-0.0,1.6505161873959255,0,0.0,-0.0,3.776078425555142,0,0.0,-0.0,3.541674014173228,0,0.0,-0.0,3.776078425555142,0,0.0,-0.0,2.4620639206398343,0,0.0,-0.0,1.590601759005396
2023-12-12,2203.46,-0.009734306464370346,True,1.0,-0.009734306464370346,7.2962251655628805,0,0.0,-0.0,0.2558478049733858,0,0.0,-0.0,1.6505161873959255,0,0.0,-0.0,3.776078425555142,0,0.0,-0.0,3.541674014173228,0,0.0,-0.0,3.776078425555142,0,0.0,-0.0,2.4620639206398343,0,0.0,-0.0,1.590601759005396
2023-12-13,2260.16,0.025732257449647244,True,1.0,0.025732257449647244,7.483973509933739,0,0.0,0.0,0.2558478049733858,0,0.0,0.0,1.6505161873959255,0,0.0,0.0,3.776078425555142,0,0.0,0.0,3.541674014173228,0,0.0,0.0,3.776078425555142,0,0.0,0.0,2.4620639206398343,0,0.0,0.0,1.590601759005396
2023-12-14,2315.32,0.024405351833498568,True,1.0,0.024405351833498568,7.666622516556256,0,0.0,0.0,0.2558478049733858,0,0.0,0.0,1.6505161873959255,0,0.0,0.0,3.776078425555142,0,0.0,0.0,3.541674014173228,0,0.0,0.0,3.776078425555142,0,0.0,0.0,2.4620639206398343,0,0.0,0.0,1.590601759005396
2023-12-15,2220.5,-0.04095330235129491,True,1.0,-0.04095330235129491,7.352649006622482,0,0.0,-0.0,0.2558478049733858,0,0.0,-0.0,1.6505161873959255,0,0.0,-0.0,3.776078425555142,0,0.0,-0.0,3.541674014173228,0,0.0,-0.0,3.776078425555142,0,0.0,-0.0,2.4620639206398343,0,0.0,-0.0,1.590601759005396
2023-12-16,2228.96,0.0038099527133528266,True,1.0,0.0038099527133528266,7.380662251655594,0,0.0,0.0,0.2558478049733858,0,0.0,0.0,1.6505161873959255,0,0.0,0.0,3.776078425555142,0,0.0,0.0,3.541674014173228,0,0.0,0.0,3.776078425555142,0,0.0,0.0,2.4620639206398343,0,0.0,0.0,1.590601759005396
2023-12-17,2196.52,-0.014553872658100708,True,1.0,-0.014553872658100708,7.2732450331125476,0,0.0,-0.0,0.2558478049733858,0,0.0,-0.0,1.6505161873959255,0,0.0,-0.0,3.776078425555142,0,0.0,-0.0,3.541674014173228,0,0.0,-0.0,3.776078425555142,0,0.0,-0.0,2.4620639206398343,0,0.0,-0.0,1.590601759005396
2023-12-18,2219.43,0.010430134940724312,True,1.0,0.010430134940724312,7.349105960264864,0,0.0,0.0,0.2558478049733858,0,0.0,0.0,1.6505161873959255,0,0.0,0.0,3.776078425555142,0,0.0,0.0,3.541674014173228,0,0.0,0.0,3.776078425555142,0,0.0,0.0,2.4620639206398343,0,0.0,0.0,1.590601759005396
2023-12-19,2177.91,-0.01870750598126547,True,1.0,-0.01870750598126547,7.211622516556255,0,0.0,-0.0,0.2558478049733858,0,0.0,-0.0,1.6505161873959255,0,0.0,-0.0,3.776078425555142,0,0.0,-0.0,3.541674014173228,0,0.0,-0.0,3.776078425555142,0,0.0,-0.0,2.4620639206398343,0,0.0,-0.0,1.590601759005396
2023-12-20,2202.17,0.011139119614676618,True,1.0,0.011139119614676618,7.29195364238407,0,0.0,0.0,0.2558478049733858,0,0.0,0.0,1.6505161873959255,0,0.0,0.0,3.776078425555142,0,0.0,0.0,3.541674014173228,0,0.0,0.0,3.776078425555142,0,0.0,0.0,2.4620639206398343,0,0.0,0.0,1.590601759005396
2023-12-21,2239.61,0.017001412243378144,True,1.0,0.017001412243378144,7.4159271523178445,0,0.0,0.0,0.2558478049733858,0,0.0,0.0,1.6505161873959255,0,0.0,0.0,3.776078425555142,0,0.0,0.0,3.541674014173228,0,0.0,0.0,3.776078425555142,0,0.0,0.0,2.4620639206398343,0,0.0,0.0,1.590601759005396
2023-12-22,2324.54,0.0379217810243746,True,1.0,0.0379217810243746,7.6971523178807555,0,0.0,0.0,0.2558478049733858,0,0.0,0.0,1.6505161873959255,0,0.0,0.0,3.776078425555142,0,0.0,0.0,3.541674014173228,0,0.0,0.0,3.776078425555142,0,0.0,0.0,2.4620639206398343,0,0.0,0.0,1.590601759005396
2023-12-23,2308.2,-0.007029347741918879,True,1.0,-0.007029347741918879,7.643046357615855,0,0.0,-0.0,0.2558478049733858,0,0.0,-0.0,1.6505161873959255,0,0.0,-0.0,3.776078425555142,0,0.0,-0.0,3.541674014173228,0,0.0,-0.0,3.776078425555142,0,0.0,-0.0,2.4620639206398343,0,0.0,-0.0,1.590601759005396
2023-12-24,2264.05,-0.01912745862576881,True,1.0,-0.01912745862576881,7.4968543046357246,0,0.0,-0.0,0.2558478049733858,0,0.0,-0.0,1.6505161873959255,0,0.0,-0.0,3.776078425555142,0,0.0,-0.0,3.541674014173228,0,0.0,-0.0,3.776078425555142,0,0.0,-0.0,2.4620639206398343,0,0.0,-0.0,1.590601759005396
2023-12-25,2271.35,0.003224310417172749,False,1.0,0.003224310417172749,7.521026490066188,0,0.0,0.0,0.2558478049733858,0,0.0,0.0,1.6505161873959255,0,0.0,0.0,3.776078425555142,0,0.0,0.0,3.541674014173228,0,0.0,0.0,3.776078425555142,0,0.0,0.0,2.4620639206398343,0,0.0,0.0,1.590601759005396
2023-12-26,2230.88,-0.017817597464063084,False,1.0,-0.017817597464063084,7.3870198675496335,0,0.0,-0.0,0.2558478049733858,0,0.0,-0.0,1.6505161873959255,0,0.0,-0.0,3.776078425555142,0,0.0,-0.0,3.541674014173228,0,0.0,-0.0,3.776078425555142,0,0.0,-0.0,2.4620639206398343,0,0.0,-0.0,1.590601759005396
2023-12-27,2378.35,0.0661039589758301,True,1.0,0.0661039589758301,7.875331125827777,0,0.0,0.0,0.2558478049733858,0,0.0,0.0,1.6505161873959255,0,0.0,0.0,3.776078425555142,0,0.0,0.0,3.541674014173228,0,0.0,0.0,3.776078425555142,0,0.0,0.0,2.4620639206398343,0,0.0,0.0,1.590601759005396
2023-12-28,2344.15,-0.0143797170307145,False,1.0,-0.0143797170307145,7.762086092715195,0,0.0,-0.0,0.2558478049733858,0,0.0,-0.0,1.6505161873959255,0,0.0,-0.0,3.776078425555142,0,0.0,-0.0,3.541674014173228,0,0.0,-0.0,3.776078425555142,0,0.0,-0.0,2.4620639206398343,0,0.0,-0.0,1.590601759005396
2023-12-29,2299.2,-0.019175394066079487,False,1.0,-0.019175394066079487,7.613245033112546,0,0.0,-0.0,0.2558478049733858,0,0.0,-0.0,1.6505161873959255,0,0.0,-0.0,3.776078425555142,0,0.0,-0.0,3.541674014173228,0,0.0,-0.0,3.776078425555142,0,0.0,-0.0,2.4620639206398343,0,0.0,-0.0,1.590601759005396
2023-12-30,2291.68,-0.0032707028531663296,False,1.0,-0.0032707028531663296,7.58834437086089,0,0.0,-0.0,0.2558478049733858,0,0.0,-0.0,1.6505161873959255,0,0.0,-0.0,3.776078425555142,0,0.0,-0.0,3.541674014173228,0,0.0,-0.0,3.776078425555142,0,0.0,-0.0,2.4620639206398343,0,0.0,-0.0,1.590601759005396
2023-12-31,2281.87,-0.004280702366822542,True,1.0,-0.004280702366822542,7.555860927152281,0,0.0,-0.0,0.2558478049733858,0,0.0,-0.0,1.6505161873959255,0,0.0,-0.0,3.776078425555142,0,0.0,-0.0,3.541674014173228,0,0.0,-0.0,3.776078425555142,0,0.0,-0.0,2.4620639206398343,0,0.0,-0.0,1.590601759005396
2024-01-01,2352.04,0.030751094497057263,True,1.0,0.030751094497057263,7.788211920529764,0,0.0,0.0,0.2558478049733858,0,0.0,0.0,1.6505161873959255,0,0.0,0.0,3.776078425555142,0,0.0,0.0,3.541674014173228,0,0.0,0.0,3.776078425555142,0,0.0,0.0,2.4620639206398343,0,0.0,0.0,1.590601759005396
2024-01-02,2355.34,0.0014030373633102666,True,1.0,0.0014030373633102666,7.7991390728476455,0,0.0,0.0,0.2558478049733858,0,0.0,0.0,1.6505161873959255,0,0.0,0.0,3.776078425555142,0,0.0,0.0,3.541674014173228,0,0.0,0.0,3.776078425555142,0,0.0,0.0,2.4620639206398343,0,0.0,0.0,1.590601759005396
2024-01-03,2209.72,-0.061825468934421535,False,1.0,-0.061825468934421535,7.31695364238407,0,0.0,-0.0,0.2558478049733858,0,0.0,-0.0,1.6505161873959255,0,0.0,-0.0,3.776078425555142,0,0.0,-0.0,3.541674014173228,0,0.0,-0.0,3.776078425555142,0,0.0,-0.0,2.4620639206398343,0,0.0,-0.0,1.590601759005396
2024-01-04,2267.11,0.025971616313379187,True,1.0,0.025971616313379187,7.506986754966851,0,0.0,0.0,0.2558478049733858,0,0.0,0.0,1.6505161873959255,0,0.0,0.0,3.776078425555142,0,0.0,0.0,3.541674014173228,0,0.0,0.0,3.776078425555142,0,0.0,0.0,2.4620639206398343,0,0.0,0.0,1.590601759005396
2024-01-05,2268.78,0.0007366206315528867,True,1.0,0.0007366206315528867,7.512516556291354,0,0.0,0.0,0.2558478049733858,0,0.0,0.0,1.6505161873959255,0,0.0,0.0,3.776078425555142,0,0.0,0.0,3.541674014173228,0,0.0,0.0,3.776078425555142,0,0.0,0.0,2.4620639206398343,0,0.0,0.0,1.590601759005396
2024-01-06,2240.78,-0.012341434603619583,True,1.0,-0.012341434603619583,7.419801324503275,0,0.0,-0.0,0.2558478049733858,0,0.0,-0.0,1.6505161873959255,0,0.0,-0.0,3.776078425555142,0,0.0,-0.0,3.541674014173228,0,0.0,-0.0,3.776078425555142,0,0.0,-0.0,2.4620639206398343,0,0.0,-0.0,1.590601759005396
2024-01-07,2221.42,-0.008639848624139912,True,1.0,-0.008639848624139912,7.355695364238374,0,0.0,-0.0,0.2558478049733858,0,0.0,-0.0,1.6505161873959255,0,0.0,-0.0,3.776078425555142,0,0.0,-0.0,3.541674014173228,0,0.0,-0.0,3.776078425555142,0,0.0,-0.0,2.4620639206398343,0,0.0,-0.0,1.590601759005396
2024-01-08,2330.44,0.049076716694726796,True,1.0,0.049076716694726796,7.716688741721815,0,0.0,0.0,0.2558478049733858,0,0.0,0.0,1.6505161873959255,0,0.0,0.0,3.776078425555142,0,0.0,0.0,3.541674014173228,0,0.0,0.0,3.776078425555142,0,0.0,0.0,2.4620639206398343,0,0.0,0.0,1.590601759005396
2024-01-09,2344.29,0.005943083709514019,True,1.0,0.005943083709514019,7.762549668874132,0,0.0,0.0,0.2558478049733858,0,0.0,0.0,1.6505161873959255,0,0.0,0.0,3.776078425555142,0,0.0,0.0,3.541674014173228,0,0.0,0.0,3.776078425555142,0,0.0,0.0,2.4620639206398343,0,0.0,0.0,1.590601759005396
2024-01-10,2584.38,0.10241480362924382,True,1.0,0.10241480362924382,8.557549668874127,0,0.0,0.0,0.2558478049733858,0,0.0,0.0,1.6505161873959255,0,0.0,0.0,3.776078425555142,0,0.0,0.0,3.541674014173228,0,0.0,0.0,3.776078425555142,0,0.0,0.0,2.4620639206398343,0,0.0,0.0,1.590601759005396
2024-01-11,2618.01,0.01301279223643581,True,1.0,0.01301279223643581,8.668907284768167,0,0.0,0.0,0.2558478049733858,0,0.0,0.0,1.6505161873959255,0,0.0,0.0,3.776078425555142,0,0.0,0.0,3.541674014173228,0,0.0,0.0,3.776078425555142,0,0.0,0.0,2.4620639206398343,0,0.0,0.0,1.590601759005396
2024-01-12,2522.54,-0.036466629233654624,True,1.0,-0.036466629233654624,8.352781456953599,0,0.0,-0.0,0.2558478049733858,0,0.0,-0.0,1.6505161873959255,0,0.0,-0.0,3.776078425555142,0,0.0,-0.0,3.541674014173228,0,0.0,-0.0,3.776078425555142,0,0.0,-0.0,2.4620639206398343,0,0.0,-0.0,1.590601759005396
2024-01-13,2578.19,0.022061097148112552,True,1.0,0.022061097148112552,8.537052980132405,0,0.0,0.0,0.2558478049733858,0,0.0,0.0,1.6505161873959255,0,0.0,0.0,3.776078425555142,0,0.0,0.0,3.541674014173228,0,0.0,0.0,3.776078425555142,0,0.0,0.0,2.4620639206398343,0,0.0,0.0,1.590601759005396
2024-01-14,2472.87,-0.04085036401506492,True,1.0,-0.04085036401506492,8.188311258278102,0,0.0,-0.0,0.2558478049733858,0,0.0,-0.0,1.6505161873959255,0,0.0,-0.0,3.776078425555142,0,0.0,-0.0,3.541674014173228,0,0.0,-0.0,3.776078425555142,0,0.0,-0.0,2.4620639206398343,0,0.0,-0.0,1.590601759005396
2024-01-15,2511.78,0.01573475354547571,True,1.0,0.01573475354547571,8.317152317880751,0,0.0,0.0,0.2558478049733858,0,0.0,0.0,1.6505161873959255,0,0.0,0.0,3.776078425555142,0,0.0,0.0,3.541674014173228,0,0.0,0.0,3.776078425555142,0,0.0,0.0,2.4620639206398343,0,0.0,0.0,1.590601759005396
2024-01-16,2587.4,0.03010613986893751,True,1.0,0.03010613986893751,8.567549668874127,0,0.0,0.0,0.2558478049733858,0,0.0,0.0,1.6505161873959255,0,0.0,0.0,3.776078425555142,0,0.0,0.0,3.541674014173228,0,0.0,0.0,3.776078425555142,0,0.0,0.0,2.4620639206398343,0,0.0,0.0,1.590601759005396
2024-01-17,2530.19,-0.02211099945891626,True,1.0,-0.02211099945891626,8.378112582781414,0,0.0,-0.0,0.2558478049733858,0,0.0,-0.0,1.6505161873959255,0,0.0,-0.0,3.776078425555142,0,0.0,-0.0,3.541674014173228,0,0.0,-0.0,3.776078425555142,0,0.0,-0.0,2.4620639206398343,0,0.0,-0.0,1.590601759005396
2024-01-18,2470.81,-0.023468593267699345,True,1.0,-0.023468593267699345,8.181490066225123,0,0.0,-0.0,0.2558478049733858,0,0.0,-0.0,1.6505161873959255,0,0.0,-0.0,3.776078425555142,0,0.0,-0.0,3.541674014173228,0,0.0,-0.0,3.776078425555142,0,0.0,-0.0,2.4620639206398343,0,0.0,-0.0,1.590601759005396
2024-01-19,2492.0,0.008576134951695957,True,1.0,0.008576134951695957,8.25165562913903,0,0.0,0.0,0.2558478049733858,0,0.0,0.0,1.6505161873959255,0,0.0,0.0,3.776078425555142,0,0.0,0.0,3.541674014173228,0,0.0,0.0,3.776078425555142,0,0.0,0.0,2.4620639206398343,0,0.0,0.0,1.590601759005396
2024-01-20,2472.01,-0.008021669341893967,True,1.0,-0.008021669341893967,8.185463576158899,0,0.0,-0.0,0.2558478049733858,0,0.0,-0.0,1.6505161873959255,0,0.0,-0.0,3.776078425555142,0,0.0,-0.0,3.541674014173228,0,0.0,-0.0,3.776078425555142,0,0.0,-0.0,2.4620639206398343,0,0.0,-0.0,1.590601759005396
2024-01-21,2457.05,-0.0060517554540636675,True,1.0,-0.0060517554540636675,8.135927152317839,0,0.0,-0.0,0.2558478049733858,0,0.0,-0.0,1.6505161873959255,0,0.0,-0.0,3.776078425555142,0,0.0,-0.0,3.541674014173228,0,0.0,-0.0,3.776078425555142,0,0.0,-0.0,2.4620639206398343,0,0.0,-0.0,1.590601759005396
2024-01-22,2314.2,-0.05813882501373613,False,1.0,-0.05813882501373613,7.662913907284728,0,0.0,-0.0,0.2558478049733858,0,0.0,-0.0,1.6505161873959255,0,0.0,-0.0,3.776078425555142,0,0.0,-0.0,3.541674014173228,0,0.0,-0.0,3.776078425555142,0,0.0,-0.0,2.4620639206398343,0,0.0,-0.0,1.590601759005396
2024-01-23,2242.6,-0.030939417509290412,True,1.0,-0.030939417509290412,7.425827814569498,0,0.0,-0.0,0.2558478049733858,0,0.0,-0.0,1.6505161873959255,0,0.0,-0.0,3.776078425555142,0,0.0,-0.0,3.541674014173228,0,0.0,-0.0,3.776078425555142,0,0.0,-0.0,2.4620639206398343,0,0.0,-0.0,1.590601759005396
2024-01-24,2235.02,-0.0033800053509319694,False,1.0,-0.0033800053509319694,7.400728476821154,0,0.0,-0.0,0.2558478049733858,0,0.0,-0.0,1.6505161873959255,0,0.0,-0.0,3.776078425555142,0,0.0,-0.0,3.541674014173228,0,0.0,-0.0,3.776078425555142,0,0.0,-0.0,2.4620639206398343,0,0.0,-0.0,1.590601759005396
2024-01-25,2218.64,-0.007328793478358131,False,1.0,-0.007328793478358131,7.346490066225128,0,0.0,-0.0,0.2558478049733858,0,0.0,-0.0,1.6505161873959255,0,0.0,-0.0,3.776078425555142,0,0.0,-0.0,3.541674014173228,0,0.0,-0.0,3.776078425555142,0,0.0,-0.0,2.4620639206398343,0,0.0,-0.0,1.590601759005396
2024-01-26,2267.68,0.022103631053257855,True,1.0,0.022103631053257855,7.508874172185392,0,0.0,0.0,0.2558478049733858,0,0.0,0.0,1.6505161873959255,0,0.0,0.0,3.776078425555142,0,0.0,0.0,3.541674014173228,0,0.0,0.0,3.776078425555142,0,0.0,0.0,2.4620639206398343,0,0.0,0.0,1.590601759005396
2024-01-27,2267.94,0.00011465462499127277,True,1.0,0.00011465462499127277,7.5097350993377106,0,0.0,0.0,0.2558478049733858,0,0.0,0.0,1.6505161873959255,0,0.0,0.0,3.776078425555142,0,0.0,0.0,3.541674014173228,0,0.0,0.0,3.776078425555142,0,0.0,0.0,2.4620639206398343,0,0.0,0.0,1.590601759005396
2024-01-28,2256.9,-0.0048678536469218825,False,1.0,-0.0048678536469218825,7.473178807946982,0,0.0,-0.0,0.2558478049733858,0,0.0,-0.0,1.6505161873959255,0,0.0,-0.0,3.776078425555142,0,0.0,-0.0,3.541674014173228,0,0.0,-0.0,3.776078425555142,0,0.0,-0.0,2.4620639206398343,0,0.0,-0.0,1.590601759005396
2024-01-29,2317.6,0.026895298861269845,False,1.0,0.026895298861269845,7.674172185430424,0,0.0,0.0,0.2558478049733858,0,0.0,0.0,1.6505161873959255,0,0.0,0.0,3.776078425555142,0,0.0,0.0,3.541674014173228,0,0.0,0.0,3.776078425555142,0,0.0,0.0,2.4620639206398343,0,0.0,0.0,1.590601759005396
2024-01-30,2343.01,0.010963928201588091,False,1.0,0.010963928201588091,7.758311258278108,0,0.0,0.0,0.2558478049733858,0,0.0,0.0,1.6505161873959255,0,0.0,0.0,3.776078425555142,0,0.0,0.0,3.541674014173228,0,0.0,0.0,3.776078425555142,0,0.0,0.0,2.4620639206398343,0,0.0,0.0,1.590601759005396
2024-01-31,2283.14,-0.025552601141267117,False,1.0,-0.025552601141267117,7.560066225165525,0,0.0,-0.0,0.2558478049733858,0,0.0,-0.0,1.6505161873959255,0,0.0,-0.0,3.776078425555142,0,0.0,-0.0,3.541674014173228,0,0.0,-0.0,3.776078425555142,0,0.0,-0.0,2.4620639206398343,0,0.0,-0.0,1.590601759005396
2024-02-01,2304.28,0.009259178149390923,False,1.0,0.009259178149390923,7.6300662251655265,0,0.0,0.0,0.2558478049733858,0,0.0,0.0,1.6505161873959255,0,0.0,0.0,3.776078425555142,0,0.0,0.0,3.541674014173228,0,0.0,0.0,3.776078425555142,0,0.0,0.0,2.4620639206398343,0,0.0,0.0,1.590601759005396
2024-02-02,2309.06,0.00207440068047271,False,1.0,0.00207440068047271,7.645894039735062,0,0.0,0.0,0.2558478049733858,0,0.0,0.0,1.6505161873959255,0,0.0,0.0,3.776078425555142,0,0.0,0.0,3.541674014173228,0,0.0,0.0,3.776078425555142,0,0.0,0.0,2.4620639206398343,0,0.0,0.0,1.590601759005396
2024-02-03,2296.49,-0.0054437736568128114,False,1.0,-0.0054437736568128114,7.604271523178769,0,0.0,-0.0,0.2558478049733858,0,0.0,-0.0,1.6505161873959255,0,0.0,-0.0,3.776078425555142,0,0.0,-0.0,3.541674014173228,0,0.0,-0.0,3.776078425555142,0,0.0,-0.0,2.4620639206398343,0,0.0,-0.0,1.590601759005396
2024-02-04,2289.79,-0.0029174958305935306,False,1.0,-0.0029174958305935306,7.582086092715194,0,0.0,-0.0,0.2558478049733858,0,0.0,-0.0,1.6505161873959255,0,0.0,-0.0,3.776078425555142,0,0.0,-0.0,3.541674014173228,0,0.0,-0.0,3.776078425555142,0,0.0,-0.0,2.4620639206398343,0,0.0,-0.0,1.590601759005396
2024-02-05,2301.83,0.005258124107450968,False,1.0,0.005258124107450968,7.621953642384068,0,0.0,0.0,0.2558478049733858,0,0.0,0.0,1.6505161873959255,0,0.0,0.0,3.776078425555142,0,0.0,0.0,3.541674014173228,0,0.0,0.0,3.776078425555142,0,0.0,0.0,2.4620639206398343,0,0.0,0.0,1.590601759005396
2024-02-06,2372.64,0.030762480287423566,False,1.0,0.030762480287423566,7.856423841059565,0,0.0,0.0,0.2558478049733858,0,0.0,0.0,1.6505161873959255,0,0.0,0.0,3.776078425555142,0,0.0,0.0,3.541674014173228,0,0.0,0.0,3.776078425555142,0,0.0,0.0,2.4620639206398343,0,0.0,0.0,1.590601759005396
2024-02-07,2425.1,0.022110391799851747,False,1.0,0.022110391799851747,8.030132450331088,0,0.0,0.0,0.2558478049733858,0,0.0,0.0,1.6505161873959255,0,0.0,0.0,3.776078425555142,0,0.0,0.0,3.541674014173228,0,0.0,0.0,3.776078425555142,0,0.0,0.0,2.4620639206398343,0,0.0,0.0,1.590601759005396
2024-02-08,2419.55,-0.002288565419982569,False,1.0,-0.002288565419982569,8.01175496688738,0,0.0,-0.0,0.2558478049733858,0,0.0,-0.0,1.6505161873959255,0,0.0,-0.0,3.776078425555142,0,0.0,-0.0,3.541674014173228,0,0.0,-0.0,3.776078425555142,0,0.0,-0.0,2.4620639206398343,0,0.0,-0.0,1.590601759005396
2024-02-09,2486.56,0.027695232584571405,True,1.0,0.027695232584571405,8.233642384105922,0,0.0,0.0,0.2558478049733858,0,0.0,0.0,1.6505161873959255,0,0.0,0.0,3.776078425555142,0,0.0,0.0,3.541674014173228,0,0.0,0.0,3.776078425555142,0,0.0,0.0,2.4620639206398343,0,0.0,0.0,1.590601759005396
2024-02-10,2500.24,0.0055015764751302765,True,1.0,0.0055015764751302765,8.278940397350954,0,0.0,0.0,0.2558478049733858,0,0.0,0.0,1.6505161873959255,0,0.0,0.0,3.776078425555142,0,0.0,0.0,3.541674014173228,0,0.0,0.0,3.776078425555142,0,0.0,0.0,2.4620639206398343,0,0.0,0.0,1.590601759005396
2024-02-11,2507.21,0.0027877323776919205,True,1.0,0.0027877323776919205,8.302019867549632,0,0.0,0.0,0.2558478049733858,0,0.0,0.0,1.6505161873959255,0,0.0,0.0,3.776078425555142,0,0.0,0.0,3.541674014173228,0,0.0,0.0,3.776078425555142,0,0.0,0.0,2.4620639206398343,0,0.0,0.0,1.590601759005396
2024-02-12,2659.99,0.060936259826659844,True,1.0,0.060936259826659844,8.807913907284728,0,0.0,0.0,0.2558478049733858,0,0.0,0.0,1.6505161873959255,0,0.0,0.0,3.776078425555142,0,0.0,0.0,3.541674014173228,0,0.0,0.0,3.776078425555142,0,0.0,0.0,2.4620639206398343,0,0.0,0.0,1.590601759005396
2024-02-13,2639.99,-0.0075188252587415905,True,1.0,-0.0075188252587415905,8.741688741721815,0,0.0,-0.0,0.2558478049733858,0,0.0,-0.0,1.6505161873959255,0,0.0,-0.0,3.776078425555142,0,0.0,-0.0,3.541674014173228,0,0.0,-0.0,3.776078425555142,0,0.0,-0.0,2.4620639206398343,0,0.0,-0.0,1.590601759005396
2024-02-14,2774.81,0.05106837525899732,True,1.0,0.05106837525899732,9.188112582781416,0,0.0,0.0,0.2558478049733858,0,0.0,0.0,1.6505161873959255,0,0.0,0.0,3.776078425555142,0,0.0,0.0,3.541674014173228,0,0.0,0.0,3.776078425555142,0,0.0,0.0,2.4620639206398343,0,0.0,0.0,1.590601759005396
2024-02-15,2822.59,0.017219196990064356,True,1.0,0.017219196990064356,9.346324503311218,0,0.0,0.0,0.2558478049733858,0,0.0,0.0,1.6505161873959255,0,0.0,0.0,3.776078425555142,0,0.0,0.0,3.541674014173228,0,0.0,0.0,3.776078425555142,0,0.0,0.0,2.4620639206398343,0,0.0,0.0,1.590601759005396
2024-02-16,2801.8,-0.007365575588378026,True,1.0,-0.007365575588378026,9.277483443708569,0,0.0,-0.0,0.2558478049733858,0,0.0,-0.0,1.6505161873959255,0,0.0,-0.0,3.776078425555142,0,0.0,-0.0,3.541674014173228,0,0.0,-0.0,3.776078425555142,0,0.0,-0.0,2.4620639206398343,0,0.0,-0.0,1.590601759005396
2024-02-17,2785.93,-0.005664215861232225,True,1.0,-0.005664215861232225,9.224933774834396,0,0.0,-0.0,0.2558478049733858,0,0.0,-0.0,1.6505161873959255,0,0.0,-0.0,3.776078425555142,0,0.0,-0.0,3.541674014173228,0,0.0,-0.0,3.776078425555142,0,0.0,-0.0,2.4620639206398343,0,0.0,-0.0,1.590601759005396
2024-02-18,2881.2,0.034196839116560795,True,1.0,0.034196839116560795,9.540397350993336,0,0.0,0.0,0.2558478049733858,0,0.0,0.0,1.6505161873959255,0,0.0,0.0,3.776078425555142,0,0.0,0.0,3.541674014173228,0,0.0,0.0,3.776078425555142,0,0.0,0.0,2.4620639206398343,0,0.0,0.0,1.590601759005396
2024-02-19,2944.8,0.022074135776759762,True,1.0,0.022074135776759762,9.750993377483402,0,0.0,0.0,0.2558478049733858,0,0.0,0.0,1.6505161873959255,0,0.0,0.0,3.776078425555142,0,0.0,0.0,3.541674014173228,0,0.0,0.0,3.776078425555142,0,0.0,0.0,2.4620639206398343,0,0.0,0.0,1.590601759005396
2024-02-20,3014.81,0.023774110296115092,True,1.0,0.023774110296115092,9.98281456953638,0,0.0,0.0,0.2558478049733858,0,0.0,0.0,1.6505161873959255,0,0.0,0.0,3.776078425555142,0,0.0,0.0,3.541674014173228,0,0.0,0.0,3.776078425555142,0,0.0,0.0,2.4620639206398343,0,0.0,0.0,1.590601759005396
2024-02-21,2967.9,-0.01555985285971584,True,1.0,-0.01555985285971584,9.827483443708566,0,0.0,-0.0,0.2558478049733858,0,0.0,-0.0,1.6505161873959255,0,0.0,-0.0,3.776078425555142,0,0.0,-0.0,3.541674014173228,0,0.0,-0.0,3.776078425555142,0,0.0,-0.0,2.4620639206398343,0,0.0,-0.0,1.590601759005396
2024-02-22,2971.4,0.001179285016341458,True,1.0,0.001179285016341458,9.839072847682075,0,0.0,0.0,0.2558478049733858,0,0.0,0.0,1.6505161873959255,0,0.0,0.0,3.776078425555142,0,0.0,0.0,3.541674014173228,0,0.0,0.0,3.776078425555142,0,0.0,0.0,2.4620639206398343,0,0.0,0.0,1.590601759005396
2024-02-23,2922.24,-0.016544389849902474,True,1.0,-0.016544389849902474,9.676291390728434,0,0.0,-0.0,0.2558478049733858,0,0.0,-0.0,1.6505161873959255,0,0.0,-0.0,3.776078425555142,0,0.0,-0.0,3.541674014173228,0,0.0,-0.0,3.776078425555142,0,0.0,-0.0,2.4620639206398343,0,0.0,-0.0,1.590601759005396
2024-02-24,2992.62,0.024084264126149835,True,1.0,0.024084264126149835,9.909337748344328,0,0.0,0.0,0.2558478049733858,0,0.0,0.0,1.6505161873959255,0,0.0,0.0,3.776078425555142,0,0.0,0.0,3.541674014173228,0,0.0,0.0,3.776078425555142,0,0.0,0.0,2.4620639206398343,0,0.0,0.0,1.590601759005396
2024-02-25,3112.59,0.04008861800028085,True,1.0,0.04008861800028085,10.306589403973467,0,0.0,0.0,0.2558478049733858,0,0.0,0.0,1.6505161873959255,0,0.0,0.0,3.776078425555142,0,0.0,0.0,3.541674014173228,0,0.0,0.0,3.776078425555142,0,0.0,0.0,2.4620639206398343,0,0.0,0.0,1.590601759005396
2024-02-26,3175.94,0.020352825139192676,True,1.0,0.020352825139192676,10.516357615893995,0,0.0,0.0,0.2558478049733858,0,0.0,0.0,1.6505161873959255,0,0.0,0.0,3.776078425555142,0,0.0,0.0,3.541674014173228,0,0.0,0.0,3.776078425555142,0,0.0,0.0,2.4620639206398343,0,0.0,0.0,1.590601759005396
2024-02-27,3242.36,0.020913493327959554,True,1.0,0.020913493327959554,10.73629139072843,0,0.0,0.0,0.2558478049733858,0,0.0,0.0,1.6505161873959255,0,0.0,0.0,3.776078425555142,0,0.0,0.0,3.541674014173228,0,0.0,0.0,3.776078425555142,0,0.0,0.0,2.4620639206398343,0,0.0,0.0,1.590601759005396
2024-02-28,3383.1,0.04340665441221825,True,1.0,0.04340665441221825,11.202317880794654,0,0.0,0.0,0.2558478049733858,0,0.0,0.0,1.6505161873959255,0,0.0,0.0,3.776078425555142,0,0.0,0.0,3.541674014173228,0,0.0,0.0,3.776078425555142,0,0.0,0.0,2.4620639206398343,0,0.0,0.0,1.590601759005396
2024-02-29,3340.09,-0.012713192042800858,True,1.0,-0.012713192042800858,11.059900662251609,0,0.0,-0.0,0.2558478049733858,0,0.0,-0.0,1.6505161873959255,0,0.0,-0.0,3.776078425555142,0,0.0,-0.0,3.541674014173228,0,0.0,-0.0,3.776078425555142,0,0.0,-0.0,2.4620639206398343,0,0.0,-0.0,1.590601759005396
2024-03-01,3433.43,0.02794535476588944,True,1.0,0.02794535476588944,11.368973509933726,0,0.0,0.0,0.2558478049733858,0,0.0,0.0,1.6505161873959255,0,0.0,0.0,3.776078425555142,0,0.0,0.0,3.541674014173228,0,0.0,0.0,3.776078425555142,0,0.0,0.0,2.4620639206398343,0,0.0,0.0,1.590601759005396
2024-03-02,3421.4,-0.0035037848448926656,True,1.0,-0.0035037848448926656,11.329139072847633,0,0.0,-0.0,0.2558478049733858,0,0.0,-0.0,1.6505161873959255,0,0.0,-0.0,3.776078425555142,0,0.0,-0.0,3.541674014173228,0,0.0,-0.0,3.776078425555142,0,0.0,-0.0,2.4620639206398343,0,0.0,-0.0,1.590601759005396
2024-03-03,3487.81,0.01941018296603736,True,1.0,0.01941018296603736,11.549039735099289,0,0.0,0.0,0.2558478049733858,0,0.0,0.0,1.6505161873959255,0,0.0,0.0,3.776078425555142,0,0.0,0.0,3.541674014173228,0,0.0,0.0,3.776078425555142,0,0.0,0.0,2.4620639206398343,0,0.0,0.0,1.590601759005396
2024-03-04,3627.76,0.040125465550015615,True,1.0,0.040125465550015615,12.012450331125777,0,0.0,0.0,0.2558478049733858,0,0.0,0.0,1.6505161873959255,0,0.0,0.0,3.776078425555142,0,0.0,0.0,3.541674014173228,0,0.0,0.0,3.776078425555142,0,0.0,0.0,2.4620639206398343,0,0.0,0.0,1.590601759005396
2024-03-05,3553.65,-0.020428584029814623,True,1.0,-0.020428584029814623,11.7670529801324,0,0.0,-0.0,0.2558478049733858,0,0.0,-0.0,1.6505161873959255,0,0.0,-0.0,3.776078425555142,0,0.0,-0.0,3.541674014173228,0,0.0,-0.0,3.776078425555142,0,0.0,-0.0,2.4620639206398343,0,0.0,-0.0,1.590601759005396
2024-03-06,3818.59,0.07455433146201784,True,1.0,0.07455433146201784,12.644337748344315,0,0.0,0.0,0.2558478049733858,0,0.0,0.0,1.6505161873959255,0,0.0,0.0,3.776078425555142,0,0.0,0.0,3.541674014173228,0,0.0,0.0,3.776078425555142,0,0.0,0.0,2.4620639206398343,0,0.0,0.0,1.590601759005396
2024-03-07,3868.76,0.013138357351797358,True,1.0,0.013138357351797358,12.810463576158883,0,0.0,0.0,0.2558478049733858,0,0.0,0.0,1.6505161873959255,0,0.0,0.0,3.776078425555142,0,0.0,0.0,3.541674014173228,0,0.0,0.0,3.776078425555142,0,0.0,0.0,2.4620639206398343,0,0.0,0.0,1.590601759005396
2024-03-08,3883.36,0.0037738190014371398,True,1.0,0.0037738190014371398,12.858807947019809,0,0.0,0.0,0.2558478049733858,0,0.0,0.0,1.6505161873959255,0,0.0,0.0,3.776078425555142,0,0.0,0.0,3.541674014173228,0,0.0,0.0,3.776078425555142,0,0.0,0.0,2.4620639206398343,0,0.0,0.0,1.590601759005396
2024-03-09,3905.21,0.0056265708046638885,True,1.0,0.0056265708046638885,12.93115894039729,0,0.0,0.0,0.2558478049733858,0,0.0,0.0,1.6505161873959255,0,0.0,0.0,3.776078425555142,0,0.0,0.0,3.541674014173228,0,0.0,0.0,3.776078425555142,0,0.0,0.0,2.4620639206398343,0,0.0,0.0,1.590601759005396
2024-03-10,3878.47,-0.006847263015305249,True,1.0,-0.006847263015305249,12.842615894039675,0,0.0,-0.0,0.2558478049733858,0,0.0,-0.0,1.6505161873959255,0,0.0,-0.0,3.776078425555142,0,0.0,-0.0,3.541674014173228,0,0.0,-0.0,3.776078425555142,0,0.0,-0.0,2.4620639206398343,0,0.0,-0.0,1.590601759005396
2024-03-11,4064.8,0.0480421403285316,True,1.0,0.0480421403285316,13.459602649006559,0,0.0,0.0,0.2558478049733858,0,0.0,0.0,1.6505161873959255,1,0.0,0.0,3.776078425555142,0,0.0,0.0,3.541674014173228,0,0.0,0.0,3.776078425555142,0,0.0,0.0,2.4620639206398343,0,0.0,0.0,1.590601759005396
2024-03-12,3979.96,-0.02087187561503645,True,1.0,-0.02087187561503645,13.17867549668868,0,0.0,-0.0,0.2558478049733858,0,0.0,-0.0,1.6505161873959255,0,1.0,-0.02187187561503645,3.693488507918777,0,0.0,-0.0,3.541674014173228,0,0.0,-0.0,3.776078425555142,0,0.0,-0.0,2.4620639206398343,0,0.0,-0.0,1.590601759005396
2024-03-13,4004.79,0.006238756168403636,True,1.0,0.006238756168403636,13.260894039735035,0,0.0,0.0,0.2558478049733858,0,0.0,0.0,1.6505161873959255,0,1.0,0.006238756168403636,3.7165312821304832,0,0.0,0.0,3.541674014173228,0,0.0,0.0,3.776078425555142,0,0.0,0.0,2.4620639206398343,0,0.0,0.0,1.590601759005396
2024-03-14,3881.7,-0.030735694006427394,True,1.0,-0.030735694006427394,12.853311258278083,0,0.0,-0.0,0.2558478049733858,0,0.0,-0.0,1.6505161873959255,0,1.0,-0.030735694006427394,3.6023011138776053,0,0.0,-0.0,3.541674014173228,0,0.0,-0.0,3.776078425555142,0,0.0,-0.0,2.4620639206398343,0,0.0,-0.0,1.590601759005396
2024-03-15,3742.19,-0.03594043846768158,True,1.0,-0.03594043846768158,12.39135761589398,0,0.0,-0.0,0.2558478049733858,0,0.0,-0.0,1.6505161873959255,0,1.0,-0.03594043846768158,3.4728328323522266,0,0.0,-0.0,3.541674014173228,0,0.0,-0.0,3.776078425555142,0,0.0,-0.0,2.4620639206398343,0,0.0,-0.0,1.590601759005396
2024-03-16,3523.09,-0.05854860389237315,True,1.0,-0.05854860389237315,11.665860927152263,0,0.0,-0.0,0.2558478049733858,0,0.0,-0.0,1.6505161873959255,0,1.0,-0.05854860389237315,3.2695033184664077,0,0.0,-0.0,3.541674014173228,0,0.0,-0.0,3.776078425555142,0,0.0,-0.0,2.4620639206398343,0,0.0,-0.0,1.590601759005396
2024-03-17,3644.71,0.03452083256459515,True,1.0,0.03452083256459515,12.068576158940338,0,0.0,0.0,0.2558478049733858,0,0.0,0.0,1.6505161873959255,0,1.0,0.03452083256459515,3.382369295092575,0,0.0,0.0,3.541674014173228,0,0.0,0.0,3.776078425555142,0,0.0,0.0,2.4620639206398343,0,0.0,0.0,1.590601759005396
2024-03-18,3520.46,-0.03409050377121914,True,1.0,-0.03409050377121914,11.657152317880737,0,0.0,-0.0,0.2558478049733858,0,0.0,-0.0,1.6505161873959255,0,1.0,-0.03409050377121914,3.2670626218825656,0,0.0,-0.0,3.541674014173228,0,0.0,-0.0,3.776078425555142,0,0.0,-0.0,2.4620639206398343,0,0.0,-0.0,1.590601759005396
2024-03-19,3158.64,-0.10277634172806971,False,1.0,-0.10277634172806971,10.459072847682066,0,0.0,-0.0,0.2558478049733858,0,0.0,-0.0,1.6505161873959255,0,1.0,-0.10277634172806971,2.9312858774089596,0,0.0,-0.0,3.541674014173228,0,0.0,-0.0,3.776078425555142,0,0.0,-0.0,2.4620639206398343,0,0.0,-0.0,1.590601759005396
2024-03-20,3516.53,0.11330509333130734,True,1.0,0.11330509333130734,11.644139072847624,0,0.0,0.0,0.2558478049733858,1,0.0,0.0,1.6505161873959255,0,1.0,0.11330509333130734,3.263415497329525,0,0.0,0.0,3.541674014173228,0,0.0,0.0,3.776078425555142,0,0.0,0.0,2.4620639206398343,0,0.0,0.0,1.590601759005396
2024-03-21,3492.85,-0.0067339109861142,True,1.0,-0.0067339109861142,11.565728476821134,0,0.0,-0.0,0.2558478049733858,0,1.0,-0.0077339109861142,1.6377512421214648,0,1.0,-0.0067339109861142,3.2414399478598024,0,0.0,-0.0,3.541674014173228,0,0.0,-0.0,3.776078425555142,0,0.0,-0.0,2.4620639206398343,0,0.0,-0.0,1.590601759005396
2024-03-22,3336.35,-0.04480581759880897,False,1.0,-0.04480581759880897,11.047516556291335,0,0.0,-0.0,0.2558478049733858,0,1.0,-0.04480581759880897,1.5643704586947476,0,1.0,-0.04480581759880897,3.0962045807985032,0,0.0,-0.0,3.541674014173228,0,0.0,-0.0,3.776078425555142,0,0.0,-0.0,2.4620639206398343,0,0.0,-0.0,1.590601759005396
2024-03-23,3329.53,-0.0020441500442098803,False,1.0,-0.0020441500442098803,11.024933774834382,0,0.0,-0.0,0.2558478049733858,0,1.0,-0.0020441500442098803,1.5611726507524462,0,1.0,-0.0020441500442098803,3.089875474067781,0,0.0,-0.0,3.541674014173228,0,0.0,-0.0,3.776078425555142,0,0.0,-0.0,2.4620639206398343,0,0.0,-0.0,1.590601759005396
2024-03-24,3454.98,0.03767799058725996,False,1.0,0.03767799058725996,11.440331125827756,0,0.0,0.0,0.2558478049733858,0,1.0,0.03767799058725996,1.6199944991925845,0,1.0,0.03767799058725996,3.2062957730955124,0,0.0,0.0,3.541674014173228,0,0.0,0.0,3.776078425555142,0,0.0,0.0,2.4620639206398343,0,0.0,0.0,1.590601759005396
2024-03-25,3590.42,0.03920138466792866,True,1.0,0.03920138466792866,11.888807947019806,0,0.0,0.0,0.2558478049733858,0,1.0,0.03920138466792866,1.6835005267153615,0,1.0,0.03920138466792866,3.3319870070557833,0,0.0,0.0,3.541674014173228,0,0.0,0.0,3.776078425555142,0,0.0,0.0,2.4620639206398343,0,0.0,0.0,1.590601759005396
2024-03-26,3587.33,-0.0008606235482200297,False,1.0,-0.0008606235482200297,11.878576158940335,0,0.0,-0.0,0.2558478049733858,0,1.0,-0.0008606235482200297,1.6820516665186296,0,1.0,-0.0008606235482200297,3.329119420575148,0,0.0,-0.0,3.541674014173228,0,0.0,-0.0,3.776078425555142,0,0.0,-0.0,2.4620639206398343,0,0.0,-0.0,1.590601759005396
2024-03-27,3501.19,-0.024012287690287737,False,1.0,-0.024012287690287737,11.593344370860867,0,0.0,-0.0,0.2558478049733858,0,1.0,-0.024012287690287737,1.6416617579922563,0,1.0,-0.024012287690287737,3.2491796472929737,0,0.0,-0.0,3.541674014173228,0,0.0,-0.0,3.776078425555142,0,0.0,-0.0,2.4620639206398343,0,0.0,-0.0,1.590601759005396
2024-03-28,3560.49,0.016937098529357097,False,1.0,0.016937098529357097,11.789701986754906,0,0.0,0.0,0.2558478049733858,0,1.0,0.016937098529357097,1.6694667449392488,0,1.0,0.016937098529357097,3.3042113231187566,0,0.0,0.0,3.541674014173228,0,0.0,0.0,3.776078425555142,0,0.0,0.0,2.4620639206398343,0,0.0,0.0,1.590601759005396
2024-03-29,3509.74,-0.014253656097896639,False,1.0,-0.014253656097896639,11.621655629139013,0,0.0,-0.0,0.2558478049733858,0,1.0,-0.014253656097896639,1.64567074009001,0,1.0,-0.014253656097896639,3.257114231244246,0,0.0,-0.0,3.541674014173228,0,0.0,-0.0,3.776078425555142,0,0.0,-0.0,2.4620639206398343,0,0.0,-0.0,1.590601759005396
2024-03-30,3505.64,-0.0011681776997726212,False,1.0,-0.0011681776997726212,11.608079470198616,0,0.0,-0.0,0.2558478049733858,0,1.0,-0.0011681776997726212,1.6437483042302685,0,1.0,-0.0011681776997726212,3.2533093430336946,0,0.0,-0.0,3.541674014173228,0,0.0,-0.0,3.776078425555142,0,0.0,-0.0,2.4620639206398343,0,0.0,-0.0,1.590601759005396
2024-03-31,3645.29,0.03983580744172244,False,1.0,0.03983580744172244,12.07049668874166,0,0.0,0.0,0.2558478049733858,0,1.0,0.03983580744172244,1.7092283451602432,0,1.0,0.03983580744172244,3.382907547571141,0,0.0,0.0,3.541674014173228,0,0.0,0.0,3.776078425555142,0,0.0,0.0,2.4620639206398343,0,0.0,0.0,1.590601759005396
2024-04-01,3503.8,-0.038814470179327265,False,1.0,-0.038814470179327265,11.601986754966829,0,0.0,-0.0,0.2558478049733858,0,1.0,-0.038814470179327265,1.64288555252736,0,0.0,-0.001,3.37952464002357,0,0.0,-0.0,3.541674014173228,0,0.0,-0.0,3.776078425555142,0,0.0,-0.0,2.4620639206398343,0,0.0,-0.0,1.590601759005396
2024-04-02,3278.96,-0.06417032935669853,False,1.0,-0.06417032935669853,10.857483443708553,0,0.0,-0.0,0.2558478049733858,0,1.0,-0.06417032935669853,1.5374610455263176,0,0.0,-0.0,3.37952464002357,0,0.0,-0.0,3.541674014173228,0,0.0,-0.0,3.776078425555142,0,0.0,-0.0,2.4620639206398343,0,0.0,-0.0,1.590601759005396
2024-04-03,3310.83,0.009719545221655634,False,1.0,0.009719545221655634,10.963013245033055,0,0.0,0.0,0.2558478049733858,0,1.0,0.009719545221655634,1.5524044676848445,0,0.0,0.0,3.37952464002357,0,0.0,0.0,3.541674014173228,0,0.0,0.0,3.776078425555142,0,0.0,0.0,2.4620639206398343,0,0.0,0.0,1.590601759005396
2024-04-04,3327.4,0.00500478731919185,False,1.0,0.00500478731919185,11.017880794701929,0,0.0,0.0,0.2558478049733858,0,1.0,0.00500478731919185,1.5601739218789703,0,0.0,0.0,3.37952464002357,0,0.0,0.0,3.541674014173228,0,0.0,0.0,3.776078425555142,0,0.0,0.0,2.4620639206398343,0,0.0,0.0,1.590601759005396
2024-04-05,3317.85,-0.0028701087936527925,False,1.0,-0.0028701087936527925,10.986258278145637,0,0.0,-0.0,0.2558478049733858,0,1.0,-0.0028701087936527925,1.5556960529861577,0,0.0,-0.0,3.37952464002357,0,0.0,-0.0,3.541674014173228,0,0.0,-0.0,3.776078425555142,0,0.0,-0.0,2.4620639206398343,0,0.0,-0.0,1.590601759005396
2024-04-06,3351.59,0.010169236101692514,False,1.0,0.010169236101692514,11.097980132450274,0,0.0,0.0,0.2558478049733858,0,1.0,0.010169236101692514,1.571516293451445,0,0.0,0.0,3.37952464002357,0,0.0,0.0,3.541674014173228,0,0.0,0.0,3.776078425555142,0,0.0,0.0,2.4620639206398343,0,0.0,0.0,1.590601759005396
2024-04-07,3454.2,0.03061531989294619,False,1.0,0.03061531989294619,11.437748344370801,0,0.0,0.0,0.2558478049733858,0,1.0,0.03061531989294619,1.6196287674924381,0,0.0,0.0,3.37952464002357,0,0.0,0.0,3.541674014173228,0,0.0,0.0,3.776078425555142,0,0.0,0.0,2.4620639206398343,0,0.0,0.0,1.590601759005396
2024-04-08,3694.61,0.06959932835388805,True,1.0,0.06959932835388805,12.233807947019804,0,0.0,0.0,0.2558478049733858,0,1.0,0.06959932835388805,1.7323538418925473,0,0.0,0.0,3.37952464002357,0,0.0,0.0,3.541674014173228,0,0.0,0.0,3.776078425555142,0,0.0,0.0,2.4620639206398343,0,0.0,0.0,1.590601759005396
2024-04-09,3506.39,-0.0509444839915445,False,1.0,-0.0509444839915445,11.610562913907224,0,0.0,-0.0,0.2558478049733858,0,1.0,-0.0509444839915445,1.6440999693265619,0,0.0,-0.0,3.37952464002357,0,0.0,-0.0,3.541674014173228,0,0.0,-0.0,3.776078425555142,0,0.0,-0.0,2.4620639206398343,0,0.0,-0.0,1.590601759005396
2024-04-10,3545.64,0.011193848944355933,True,1.0,0.011193848944355933,11.740529801324442,0,0.0,0.0,0.2558478049733858,0,0.0,-0.001,1.6424558693572353,0,0.0,0.0,3.37952464002357,0,0.0,0.0,3.541674014173228,0,0.0,0.0,3.776078425555142,0,0.0,0.0,2.4620639206398343,0,0.0,0.0,1.590601759005396
2024-04-11,3502.52,-0.012161415146489718,True,1.0,-0.012161415146489718,11.597748344370801,0,0.0,-0.0,0.2558478049733858,0,0.0,-0.0,1.6424558693572353,0,0.0,-0.0,3.37952464002357,0,0.0,-0.0,3.541674014173228,0,0.0,-0.0,3.776078425555142,0,0.0,-0.0,2.4620639206398343,0,0.0,-0.0,1.590601759005396
2024-04-12,3237.43,-0.07568550643536653,False,1.0,-0.07568550643536653,10.719966887417163,0,0.0,-0.0,0.2558478049733858,0,0.0,-0.0,1.6424558693572353,0,0.0,-0.0,3.37952464002357,0,0.0,-0.0,3.541674014173228,0,0.0,-0.0,3.776078425555142,0,0.0,-0.0,2.4620639206398343,0,0.0,-0.0,1.590601759005396
2024-04-13,3007.01,-0.07117373966386908,False,1.0,-0.07117373966386908,9.956986754966836,0,0.0,-0.0,0.2558478049733858,0,0.0,-0.0,1.6424558693572353,0,0.0,-0.0,3.37952464002357,0,0.0,-0.0,3.541674014173228,0,0.0,-0.0,3.776078425555142,0,0.0,-0.0,2.4620639206398343,0,0.0,-0.0,1.590601759005396
2024-04-14,3155.11,0.0492515821364079,False,1.0,0.0492515821364079,10.44738410596021,0,0.0,0.0,0.2558478049733858,0,0.0,0.0,1.6424558693572353,0,0.0,0.0,3.37952464002357,0,0.0,0.0,3.541674014173228,0,0.0,0.0,3.776078425555142,0,0.0,0.0,2.4620639206398343,0,0.0,0.0,1.590601759005396
2024-04-15,3101.99,-0.01683618003809706,False,1.0,-0.01683618003809706,10.27149006622511,0,0.0,-0.0,0.2558478049733858,0,0.0,-0.0,1.6424558693572353,0,0.0,-0.0,3.37952464002357,0,0.0,-0.0,3.541674014173228,0,0.0,-0.0,3.776078425555142,0,0.0,-0.0,2.4620639206398343,0,0.0,-0.0,1.590601759005396
2024-04-16,3084.22,-0.0057285806853020205,False,1.0,-0.0057285806853020205,10.212649006622462,0,0.0,-0.0,0.2558478049733858,0,0.0,-0.0,1.6424558693572353,0,0.0,-0.0,3.37952464002357,0,0.0,-0.0,3.541674014173228,0,0.0,-0.0,3.776078425555142,0,0.0,-0.0,2.4620639206398343,0,0.0,-0.0,1.590601759005396
2024-04-17,2985.41,-0.032037273605644234,False,1.0,-0.032037273605644234,9.885463576158887,0,0.0,-0.0,0.2558478049733858,0,0.0,-0.0,1.6424558693572353,0,0.0,-0.0,3.37952464002357,0,0.0,-0.0,3.541674014173228,0,0.0,-0.0,3.776078425555142,0,0.0,-0.0,2.4620639206398343,0,0.0,-0.0,1.590601759005396
2024-04-18,3064.4,0.026458677367597883,False,1.0,0.026458677367597883,10.147019867549616,0,0.0,0.0,0.2558478049733858,0,0.0,0.0,1.6424558693572353,0,0.0,0.0,3.37952464002357,0,0.0,0.0,3.541674014173228,0,0.0,0.0,3.776078425555142,0,0.0,0.0,2.4620639206398343,0,0.0,0.0,1.590601759005396
2024-04-19,3056.46,-0.002591045555410565,False,1.0,-0.002591045555410565,10.120728476821139,0,0.0,-0.0,0.2558478049733858,0,0.0,-0.0,1.6424558693572353,0,0.0,-0.0,3.37952464002357,0,0.0,-0.0,3.541674014173228,0,0.0,-0.0,3.776078425555142,0,0.0,-0.0,2.4620639206398343,0,0.0,-0.0,1.590601759005396
2024-04-20,3155.79,0.03249838047937814,False,1.0,0.03249838047937814,10.449635761589349,0,0.0,0.0,0.2558478049733858,0,0.0,0.0,1.6424558693572353,0,0.0,0.0,3.37952464002357,0,0.0,0.0,3.541674014173228,0,0.0,0.0,3.776078425555142,0,0.0,0.0,2.4620639206398343,0,0.0,0.0,1.590601759005396
2024-04-21,3147.67,-0.0025730482700052626,False,1.0,-0.0025730482700052626,10.422748344370806,0,0.0,-0.0,0.2558478049733858,0,0.0,-0.0,1.6424558693572353,0,0.0,-0.0,3.37952464002357,0,0.0,-0.0,3.541674014173228,0,0.0,-0.0,3.776078425555142,0,0.0,-0.0,2.4620639206398343,0,0.0,-0.0,1.590601759005396
2024-04-22,3200.2,0.01668853469391629,False,1.0,0.01668853469391629,10.596688741721797,0,0.0,0.0,0.2558478049733858,0,0.0,0.0,1.6424558693572353,0,0.0,0.0,3.37952464002357,0,0.0,0.0,3.541674014173228,0,0.0,0.0,3.776078425555142,0,0.0,0.0,2.4620639206398343,0,0.0,0.0,1.590601759005396
2024-04-23,3219.46,0.006018373851634395,False,1.0,0.006018373851634395,10.660463576158884,0,0.0,0.0,0.2558478049733858,0,0.0,0.0,1.6424558693572353,0,0.0,0.0,3.37952464002357,0,0.0,0.0,3.541674014173228,0,0.0,0.0,3.776078425555142,0,0.0,0.0,2.4620639206398343,0,0.0,0.0,1.590601759005396
2024-04-24,3140.8,-0.024432668832661375,False,1.0,-0.024432668832661375,10.399999999999945,0,0.0,-0.0,0.2558478049733858,0,0.0,-0.0,1.6424558693572353,0,0.0,-0.0,3.37952464002357,0,0.0,-0.0,3.541674014173228,0,0.0,-0.0,3.776078425555142,0,0.0,-0.0,2.4620639206398343,0,0.0,-0.0,1.590601759005396
2024-04-25,3155.8,0.004775853285787113,False,1.0,0.004775853285787113,10.449668874172131,0,0.0,0.0,0.2558478049733858,0,0.0,0.0,1.6424558693572353,0,0.0,0.0,3.37952464002357,0,0.0,0.0,3.541674014173228,0,0.0,0.0,3.776078425555142,0,0.0,0.0,2.4620639206398343,0,0.0,0.0,1.590601759005396
2024-04-26,3131.3,-0.007763483110463265,False,1.0,-0.007763483110463265,10.368543046357562,0,0.0,-0.0,0.2558478049733858,0,0.0,-0.0,1.6424558693572353,0,0.0,-0.0,3.37952464002357,0,0.0,-0.0,3.541674014173228,0,0.0,-0.0,3.776078425555142,0,0.0,-0.0,2.4620639206398343,0,0.0,-0.0,1.590601759005396
2024-04-27,3255.56,0.03968319867147829,False,1.0,0.03968319867147829,10.779999999999944,0,0.0,0.0,0.2558478049733858,0,0.0,0.0,1.6424558693572353,0,0.0,0.0,3.37952464002357,0,0.0,0.0,3.541674014173228,0,0.0,0.0,3.776078425555142,0,0.0,0.0,2.4620639206398343,0,0.0,0.0,1.590601759005396
2024-04-28,3263.45,0.0024235461794590574,False,1.0,0.0024235461794590574,10.806125827814514,0,0.0,0.0,0.2558478049733858,0,0.0,0.0,1.6424558693572353,0,0.0,0.0,3.37952464002357,0,0.0,0.0,3.541674014173228,0,0.0,0.0,3.776078425555142,0,0.0,0.0,2.4620639206398343,0,0.0,0.0,1.590601759005396
2024-04-29,3216.73,-0.014316137829597397,False,1.0,-0.014316137829597397,10.651423841059549,0,0.0,-0.0,0.2558478049733858,0,0.0,-0.0,1.6424558693572353,0,0.0,-0.0,3.37952464002357,0,0.0,-0.0,3.541674014173228,0,0.0,-0.0,3.776078425555142,0,0.0,-0.0,2.4620639206398343,0,0.0,-0.0,1.590601759005396
2024-04-30,3014.05,-0.06300808585115936,False,1.0,-0.06300808585115936,9.980298013244983,0,0.0,-0.0,0.2558478049733858,0,0.0,-0.0,1.6424558693572353,0,0.0,-0.0,3.37952464002357,0,0.0,-0.0,3.541674014173228,0,0.0,-0.0,3.776078425555142,0,0.0,-0.0,2.4620639206398343,0,0.0,-0.0,1.590601759005396
2024-05-01,2972.46,-0.013798709377747631,False,1.0,-0.013798709377747631,9.842582781456903,0,0.0,-0.0,0.2558478049733858,0,0.0,-0.0,1.6424558693572353,0,0.0,-0.0,3.37952464002357,0,0.0,-0.0,3.541674014173228,0,0.0,-0.0,3.776078425555142,0,0.0,-0.0,2.4620639206398343,0,0.0,-0.0,1.590601759005396
2024-05-02,2986.19,0.004619069726758296,False,1.0,0.004619069726758296,9.888046357615844,0,0.0,0.0,0.2558478049733858,0,0.0,0.0,1.6424558693572353,0,0.0,0.0,3.37952464002357,0,0.0,0.0,3.541674014173228,0,0.0,0.0,3.776078425555142,0,0.0,0.0,2.4620639206398343,0,0.0,0.0,1.590601759005396
2024-05-03,3102.61,0.03898613283146757,True,1.0,0.03898613283146757,10.273543046357563,0,0.0,0.0,0.2558478049733858,0,0.0,0.0,1.6424558693572353,0,0.0,0.0,3.37952464002357,0,0.0,0.0,3.541674014173228,0,0.0,0.0,3.776078425555142,0,0.0,0.0,2.4620639206398343,0,0.0,0.0,1.590601759005396
2024-05-04,3117.23,0.0047121616961203205,False,1.0,0.0047121616961203205,10.321953642384052,0,0.0,0.0,0.2558478049733858,0,0.0,0.0,1.6424558693572353,0,0.0,0.0,3.37952464002357,0,0.0,0.0,3.541674014173228,0,0.0,0.0,3.776078425555142,0,0.0,0.0,2.4620639206398343,0,0.0,0.0,1.590601759005396
2024-05-05,3136.41,0.006152898566996967,True,1.0,0.006152898566996967,10.385463576158886,0,0.0,0.0,0.2558478049733858,0,0.0,0.0,1.6424558693572353,0,0.0,0.0,3.37952464002357,0,0.0,0.0,3.541674014173228,0,0.0,0.0,3.776078425555142,0,0.0,0.0,2.4620639206398343,0,0.0,0.0,1.590601759005396
2024-05-06,3062.6,-0.02353327530520566,False,1.0,-0.02353327530520566,10.141059602648953,0,0.0,-0.0,0.2558478049733858,0,0.0,-0.0,1.6424558693572353,0,0.0,-0.0,3.37952464002357,0,0.0,-0.0,3.541674014173228,0,0.0,-0.0,3.776078425555142,0,0.0,-0.0,2.4620639206398343,0,0.0,-0.0,1.590601759005396
2024-05-07,3005.69,-0.018582250375497877,True,1.0,-0.018582250375497877,9.952615894039683,0,0.0,-0.0,0.2558478049733858,0,0.0,-0.0,1.6424558693572353,0,0.0,-0.0,3.37952464002357,0,0.0,-0.0,3.541674014173228,0,0.0,-0.0,3.776078425555142,0,0.0,-0.0,2.4620639206398343,0,0.0,-0.0,1.590601759005396
2024-05-08,2974.21,-0.01047346865445209,False,1.0,-0.01047346865445209,9.848377483443656,0,0.0,-0.0,0.2558478049733858,0,0.0,-0.0,1.6424558693572353,0,0.0,-0.0,3.37952464002357,0,0.0,-0.0,3.541674014173228,0,0.0,-0.0,3.776078425555142,0,0.0,-0.0,2.4620639206398343,0,0.0,-0.0,1.590601759005396
2024-05-09,3036.23,0.02085259615158308,False,1.0,0.02085259615158308,10.05374172185425,0,0.0,0.0,0.2558478049733858,0,0.0,0.0,1.6424558693572353,0,0.0,0.0,3.37952464002357,0,0.0,0.0,3.541674014173228,0,0.0,0.0,3.776078425555142,0,0.0,0.0,2.4620639206398343,0,0.0,0.0,1.590601759005396
2024-05-10,2909.99,-0.04157787782875477,False,1.0,-0.04157787782875477,9.63572847682114,0,0.0,-0.0,0.2558478049733858,0,0.0,-0.0,1.6424558693572353,0,0.0,-0.0,3.37952464002357,0,0.0,-0.0,3.541674014173228,0,0.0,-0.0,3.776078425555142,0,0.0,-0.0,2.4620639206398343,0,0.0,-0.0,1.590601759005396
2024-05-11,2912.45,0.000845363729772286,False,1.0,0.000845363729772286,9.643874172185377,0,0.0,0.0,0.2558478049733858,0,0.0,0.0,1.6424558693572353,0,0.0,0.0,3.37952464002357,0,0.0,0.0,3.541674014173228,0,0.0,0.0,3.776078425555142,0,0.0,0.0,2.4620639206398343,0,0.0,0.0,1.590601759005396
2024-05-12,2929.29,0.005782073511991781,False,1.0,0.005782073511991781,9.699635761589352,0,0.0,0.0,0.2558478049733858,0,0.0,0.0,1.6424558693572353,0,0.0,0.0,3.37952464002357,0,0.0,0.0,3.541674014173228,0,0.0,0.0,3.776078425555142,0,0.0,0.0,2.4620639206398343,0,0.0,0.0,1.590601759005396
2024-05-13,2950.99,0.007407938442421047,False,1.0,0.007407938442421047,9.771490066225113,0,0.0,0.0,0.2558478049733858,0,0.0,0.0,1.6424558693572353,0,0.0,0.0,3.37952464002357,0,0.0,0.0,3.541674014173228,0,0.0,0.0,3.776078425555142,0,0.0,0.0,2.4620639206398343,0,0.0,0.0,1.590601759005396
2024-05-14,2881.93,-0.02340231583299157,False,1.0,-0.02340231583299157,9.542814569536374,0,0.0,-0.0,0.2558478049733858,0,0.0,-0.0,1.6424558693572353,0,0.0,-0.0,3.37952464002357,0,0.0,-0.0,3.541674014173228,0,0.0,-0.0,3.776078425555142,0,0.0,-0.0,2.4620639206398343,0,0.0,-0.0,1.590601759005396
2024-05-15,3032.55,0.05226358724882285,False,1.0,0.05226358724882285,10.041556291390675,0,0.0,0.0,0.2558478049733858,0,0.0,0.0,1.6424558693572353,0,0.0,0.0,3.37952464002357,0,0.0,0.0,3.541674014173228,0,0.0,0.0,3.776078425555142,0,0.0,0.0,2.4620639206398343,0,0.0,0.0,1.590601759005396
2024-05-16,2944.7,-0.02896901947206154,False,1.0,-0.02896901947206154,9.750662251655577,0,0.0,-0.0,0.2558478049733858,0,0.0,-0.0,1.6424558693572353,0,0.0,-0.0,3.37952464002357,0,0.0,-0.0,3.541674014173228,0,0.0,-0.0,3.776078425555142,0,0.0,-0.0,2.4620639206398343,0,0.0,-0.0,1.590601759005396
2024-05-17,3092.01,0.05002546948755415,False,1.0,0.05002546948755415,10.23844370860922,0,0.0,0.0,0.2558478049733858,0,0.0,0.0,1.6424558693572353,0,0.0,0.0,3.37952464002357,0,0.0,0.0,3.541674014173228,0,0.0,0.0,3.776078425555142,0,0.0,0.0,2.4620639206398343,0,0.0,0.0,1.590601759005396
2024-05-18,3122.94,0.0100032018007703,False,1.0,0.0100032018007703,10.340860927152265,0,0.0,0.0,0.2558478049733858,0,0.0,0.0,1.6424558693572353,0,0.0,0.0,3.37952464002357,0,0.0,0.0,3.541674014173228,0,0.0,0.0,3.776078425555142,0,0.0,0.0,2.4620639206398343,0,0.0,0.0,1.590601759005396
2024-05-19,3071.19,-0.016570923552805983,False,1.0,-0.016570923552805983,10.169503311258227,0,0.0,-0.0,0.2558478049733858,0,0.0,-0.0,1.6424558693572353,0,0.0,-0.0,3.37952464002357,0,0.0,-0.0,3.541674014173228,0,0.0,-0.0,3.776078425555142,0,0.0,-0.0,2.4620639206398343,0,0.0,-0.0,1.590601759005396
2024-05-20,3661.78,0.19230005307388987,True,1.0,0.19230005307388987,12.125099337748283,0,0.0,0.0,0.2558478049733858,1,0.0,0.0,1.6424558693572353,0,0.0,0.0,3.37952464002357,0,0.0,0.0,3.541674014173228,0,0.0,0.0,3.776078425555142,0,0.0,0.0,2.4620639206398343,0,0.0,0.0,1.590601759005396
2024-05-21,3789.6,0.034906520872362456,True,1.0,0.034906520872362456,12.548344370860862,0,0.0,0.0,0.2558478049733858,1,1.0,0.033906520872362456,1.6981458335735309,0,0.0,0.0,3.37952464002357,0,0.0,0.0,3.541674014173228,0,0.0,0.0,3.776078425555142,0,0.0,0.0,2.4620639206398343,0,0.0,0.0,1.590601759005396
2024-05-22,3737.73,-0.013687460417986075,True,1.0,-0.013687460417986075,12.376589403973446,0,0.0,-0.0,0.2558478049733858,0,1.0,-0.013687460417986075,1.6749025296925253,0,0.0,-0.0,3.37952464002357,0,0.0,-0.0,3.541674014173228,0,0.0,-0.0,3.776078425555142,0,0.0,-0.0,2.4620639206398343,0,0.0,-0.0,1.590601759005396
2024-05-23,3783.61,0.012274829910132734,True,1.0,0.012274829910132734,12.528509933774771,0,0.0,0.0,0.2558478049733858,0,1.0,0.012274829910132734,1.695461673360552,0,0.0,0.0,3.37952464002357,0,0.0,0.0,3.541674014173228,0,0.0,0.0,3.776078425555142,0,0.0,0.0,2.4620639206398343,0,0.0,0.0,1.590601759005396
2024-05-24,3728.28,-0.014623600212495425,True,1.0,-0.014623600212495425,12.345298013244971,0,0.0,-0.0,0.2558478049733858,0,1.0,-0.014623600212495425,1.6706679196737189,0,0.0,-0.0,3.37952464002357,0,0.0,-0.0,3.541674014173228,0,0.0,-0.0,3.776078425555142,0,0.0,-0.0,2.4620639206398343,0,0.0,-0.0,1.590601759005396
2024-05-25,3749.26,0.005627259755168534,True,1.0,0.005627259755168534,12.414768211920466,0,0.0,0.0,0.2558478049733858,0,1.0,0.005627259755168534,1.68006920202235,0,0.0,0.0,3.37952464002357,0,0.0,0.0,3.541674014173228,0,0.0,0.0,3.776078425555142,0,0.0,0.0,2.4620639206398343,0,0.0,0.0,1.590601759005396
2024-05-26,3826.47,0.020593397097027122,True,1.0,0.020593397097027122,12.670430463576093,0,0.0,0.0,0.2558478049733858,0,1.0,0.020593397097027122,1.7146675342500817,0,0.0,0.0,3.37952464002357,0,0.0,0.0,3.541674014173228,0,0.0,0.0,3.776078425555142,0,0.0,0.0,2.4620639206398343,0,0.0,0.0,1.590601759005396
2024-05-27,3894.22,0.017705613790255814,True,1.0,0.017705613790255814,12.894768211920463,0,0.0,0.0,0.2558478049733858,0,1.0,0.017705613790255814,1.7450267753902038,0,0.0,0.0,3.37952464002357,0,0.0,0.0,3.541674014173228,0,0.0,0.0,3.776078425555142,0,0.0,0.0,2.4620639206398343,0,0.0,0.0,1.590601759005396
2024-05-28,3844.69,-0.012718849987930714,True,1.0,-0.012718849987930714,12.730761589403908,0,0.0,-0.0,0.2558478049733858,0,1.0,-0.012718849987930714,1.7228320416090934,0,0.0,-0.0,3.37952464002357,0,0.0,-0.0,3.541674014173228,0,0.0,-0.0,3.776078425555142,0,0.0,-0.0,2.4620639206398343,0,0.0,-0.0,1.590601759005396
2024-05-29,3767.43,-0.020095248251484565,True,1.0,-0.020095248251484565,12.474933774834373,0,0.0,-0.0,0.2558478049733858,0,1.0,-0.020095248251484565,1.6882113040373468,0,0.0,-0.0,3.37952464002357,0,0.0,-0.0,3.541674014173228,0,0.0,-0.0,3.776078425555142,0,0.0,-0.0,2.4620639206398343,0,0.0,-0.0,1.590601759005396
2024-05-30,3747.91,-0.0051812508792465906,True,1.0,-0.0051812508792465906,12.410298013244969,0,0.0,-0.0,0.2558478049733858,0,1.0,-0.0051812508792465906,1.6794642577339491,0,0.0,-0.0,3.37952464002357,0,0.0,-0.0,3.541674014173228,0,0.0,-0.0,3.776078425555142,0,0.0,-0.0,2.4620639206398343,0,0.0,-0.0,1.590601759005396
2024-05-31,3762.29,0.0038368050460122483,True,1.0,0.0038368050460122483,12.457913907284702,0,0.0,0.0,0.2558478049733858,0,1.0,0.0038368050460122483,1.68590803467262,0,0.0,0.0,3.37952464002357,0,0.0,0.0,3.541674014173228,0,0.0,0.0,3.776078425555142,0,0.0,0.0,2.4620639206398343,0,0.0,0.0,1.590601759005396
2024-06-01,3815.82,0.014228036647892628,True,1.0,0.014228036647892628,12.63516556291384,0,0.0,0.0,0.2558478049733858,0,1.0,0.014228036647892628,1.7098951959749187,0,0.0,0.0,3.37952464002357,0,0.0,0.0,3.541674014173228,0,0.0,0.0,3.776078425555142,0,0.0,0.0,2.4620639206398343,0,0.0,0.0,1.590601759005396
2024-06-02,3780.91,-0.009148754396171799,True,1.0,-0.009148754396171799,12.519569536423774,0,0.0,-0.0,0.2558478049733858,0,1.0,-0.009148754396171799,1.6942517847837502,0,0.0,-0.0,3.37952464002357,0,0.0,-0.0,3.541674014173228,0,0.0,-0.0,3.776078425555142,0,0.0,-0.0,2.4620639206398343,0,0.0,-0.0,1.590601759005396
2024-06-03,3767.06,-0.0036631392971533394,True,1.0,-0.0036631392971533394,12.473708609271457,0,0.0,-0.0,0.2558478049733858,0,1.0,-0.0036631392971533394,1.6880455044916367,0,0.0,-0.0,3.37952464002357,0,0.0,-0.0,3.541674014173228,0,0.0,-0.0,3.776078425555142,0,0.0,-0.0,2.4620639206398343,0,0.0,-0.0,1.590601759005396
2024-06-04,3810.23,0.011459865253008905,True,1.0,0.011459865253008905,12.616655629139006,0,0.0,0.0,0.2558478049733858,0,1.0,0.011459865253008905,1.7073902785140582,0,0.0,0.0,3.37952464002357,0,0.0,0.0,3.541674014173228,0,0.0,0.0,3.776078425555142,0,0.0,0.0,2.4620639206398343,0,0.0,0.0,1.590601759005396
2024-06-05,3865.99,0.014634287169015936,True,1.0,0.014634287169015936,12.801291390728407,0,0.0,0.0,0.2558478049733858,0,1.0,0.014634287169015936,1.732376718159419,0,0.0,0.0,3.37952464002357,0,0.0,0.0,3.541674014173228,0,0.0,0.0,3.776078425555142,0,0.0,0.0,2.4620639206398343,0,0.0,0.0,1.590601759005396
2024-06-06,3813.46,-0.013587722679054948,True,1.0,-0.013587722679054948,12.627350993377416,0,0.0,-0.0,0.2558478049733858,0,1.0,-0.013587722679054948,1.7088376637374174,0,0.0,-0.0,3.37952464002357,0,0.0,-0.0,3.541674014173228,0,0.0,-0.0,3.776078425555142,0,0.0,-0.0,2.4620639206398343,0,0.0,-0.0,1.590601759005396
2024-06-07,3678.32,-0.03543763406460276,True,1.0,-0.03543763406460276,12.179867549668808,0,0.0,-0.0,0.2558478049733858,0,1.0,-0.03543763406460276,1.64828049993408,0,0.0,-0.0,3.37952464002357,0,0.0,-0.0,3.541674014173228,0,0.0,-0.0,3.776078425555142,0,0.0,-0.0,2.4620639206398343,0,0.0,-0.0,1.590601759005396
2024-06-08,3681.57,0.0008835555362229908,True,1.0,0.0008835555362229908,12.190629139072781,0,0.0,0.0,0.2558478049733858,0,1.0,0.0008835555362229908,1.6497368472950453,0,0.0,0.0,3.37952464002357,0,0.0,0.0,3.541674014173228,0,0.0,0.0,3.776078425555142,0,0.0,0.0,2.4620639206398343,0,0.0,0.0,1.590601759005396
2024-06-09,3706.4,0.0067444052401557375,True,1.0,0.0067444052401557375,12.272847682119139,0,0.0,0.0,0.2558478049733858,0,1.0,0.0067444052401557375,1.66086334113282,0,0.0,0.0,3.37952464002357,0,0.0,0.0,3.541674014173228,0,0.0,0.0,3.776078425555142,0,0.0,0.0,2.4620639206398343,0,0.0,0.0,1.590601759005396
2024-06-10,3667.85,-0.010400928124325581,False,1.0,-0.010400928124325581,12.145198675496621,0,0.0,-0.0,0.2558478049733858,0,1.0,-0.010400928124325581,1.6435888208973704,0,0.0,-0.0,3.37952464002357,0,0.0,-0.0,3.541674014173228,0,0.0,-0.0,3.776078425555142,0,0.0,-0.0,2.4620639206398343,0,0.0,-0.0,1.590601759005396
2024-06-11,3497.33,-0.046490450809057116,False,1.0,-0.046490450809057116,11.58056291390722,0,0.0,-0.0,0.2558478049733858,0,0.0,-0.001,1.641945232076473,0,0.0,-0.0,3.37952464002357,0,0.0,-0.0,3.541674014173228,0,0.0,-0.0,3.776078425555142,0,0.0,-0.0,2.4620639206398343,0,0.0,-0.0,1.590601759005396
2024-06-12,3560.12,0.01795369610531461,False,1.0,0.01795369610531461,11.788476821191987,0,0.0,0.0,0.2558478049733858,0,0.0,0.0,1.641945232076473,0,0.0,0.0,3.37952464002357,0,0.0,0.0,3.541674014173228,0,0.0,0.0,3.776078425555142,0,0.0,0.0,2.4620639206398343,0,0.0,0.0,1.590601759005396
2024-06-13,3469.4,-0.025482287113917423,False,1.0,-0.025482287113917423,11.488079470198612,0,0.0,-0.0,0.2558478049733858,0,0.0,-0.0,1.641945232076473,0,0.0,-0.0,3.37952464002357,0,0.0,-0.0,3.541674014173228,0,0.0,-0.0,3.776078425555142,0,0.0,-0.0,2.4620639206398343,0,0.0,-0.0,1.590601759005396
2024-06-14,3481.8,0.003574105032570607,False,1.0,0.003574105032570607,11.52913907284762,0,0.0,0.0,0.2558478049733858,0,0.0,0.0,1.641945232076473,0,0.0,0.0,3.37952464002357,0,0.0,0.0,3.541674014173228,0,0.0,0.0,3.776078425555142,0,0.0,0.0,2.4620639206398343,0,0.0,0.0,1.590601759005396
2024-06-15,3568.74,0.024969843184559526,False,1.0,0.024969843184559526,11.817019867549604,0,0.0,0.0,0.2558478049733858,0,0.0,0.0,1.641945232076473,0,0.0,0.0,3.37952464002357,0,0.0,0.0,3.541674014173228,0,0.0,0.0,3.776078425555142,0,0.0,0.0,2.4620639206398343,0,0.0,0.0,1.590601759005396
2024-06-16,3624.41,0.015599343185550119,False,1.0,0.015599343185550119,12.001357615893975,0,0.0,0.0,0.2558478049733858,0,0.0,0.0,1.641945232076473,0,0.0,0.0,3.37952464002357,0,0.0,0.0,3.541674014173228,0,0.0,0.0,3.776078425555142,0,0.0,0.0,2.4620639206398343,0,0.0,0.0,1.590601759005396
2024-06-17,3511.46,-0.031163692849318858,False,1.0,-0.031163692849318858,11.627350993377421,0,0.0,-0.0,0.2558478049733858,0,0.0,-0.0,1.641945232076473,0,0.0,-0.0,3.37952464002357,0,0.0,-0.0,3.541674014173228,0,0.0,-0.0,3.776078425555142,0,0.0,-0.0,2.4620639206398343,0,0.0,-0.0,1.590601759005396
2024-06-18,3483.42,-0.007985282475095778,False,1.0,-0.007985282475095778,11.534503311258216,0,0.0,-0.0,0.2558478049733858,0,0.0,-0.0,1.641945232076473,0,0.0,-0.0,3.37952464002357,0,0.0,-0.0,3.541674014173228,0,0.0,-0.0,3.776078425555142,0,0.0,-0.0,2.4620639206398343,0,0.0,-0.0,1.590601759005396
2024-06-19,3560.51,0.022130549861917315,False,1.0,0.022130549861917315,11.789768211920467,0,0.0,0.0,0.2558478049733858,0,0.0,0.0,1.641945232076473,0,0.0,0.0,3.37952464002357,0,0.0,0.0,3.541674014173228,0,0.0,0.0,3.776078425555142,0,0.0,0.0,2.4620639206398343,0,0.0,0.0,1.590601759005396
2024-06-20,3513.08,-0.013321125344402995,False,1.0,-0.013321125344402995,11.632715231788017,0,0.0,-0.0,0.2558478049733858,0,0.0,-0.0,1.641945232076473,0,0.0,-0.0,3.37952464002357,0,0.0,-0.0,3.541674014173228,0,0.0,-0.0,3.776078425555142,0,0.0,-0.0,2.4620639206398343,0,0.0,-0.0,1.590601759005396
2024-06-21,3518.5,0.0015428057431086106,False,1.0,0.0015428057431086106,11.650662251655566,0,0.0,0.0,0.2558478049733858,0,0.0,0.0,1.641945232076473,0,0.0,0.0,3.37952464002357,0,0.0,0.0,3.541674014173228,0,0.0,0.0,3.776078425555142,0,0.0,0.0,2.4620639206398343,0,0.0,0.0,1.590601759005396
2024-06-22,3495.75,-0.006465823504334223,False,1.0,-0.006465823504334223,11.575331125827752,0,0.0,-0.0,0.2558478049733858,0,0.0,-0.0,1.641945232076473,0,0.0,-0.0,3.37952464002357,0,0.0,-0.0,3.541674014173228,0,0.0,-0.0,3.776078425555142,0,0.0,-0.0,2.4620639206398343,0,0.0,-0.0,1.590601759005396
2024-06-23,3420.91,-0.021408853607952527,False,1.0,-0.021408853607952527,11.327516556291329,0,0.0,-0.0,0.2558478049733858,0,0.0,-0.0,1.641945232076473,0,0.0,-0.0,3.37952464002357,0,0.0,-0.0,3.541674014173228,0,0.0,-0.0,3.776078425555142,0,0.0,-0.0,2.4620639206398343,0,0.0,-0.0,1.590601759005396
2024-06-24,3352.73,-0.01993036940463211,False,1.0,-0.01993036940463211,11.101754966887356,0,0.0,-0.0,0.2558478049733858,0,0.0,-0.0,1.641945232076473,0,0.0,-0.0,3.37952464002357,0,0.0,-0.0,3.541674014173228,0,0.0,-0.0,3.776078425555142,0,0.0,-0.0,2.4620639206398343,0,0.0,-0.0,1.590601759005396
2024-06-25,3394.91,0.01258079236920362,False,1.0,0.01258079236920362,11.241423841059541,0,0.0,0.0,0.2558478049733858,0,0.0,0.0,1.641945232076473,0,0.0,0.0,3.37952464002357,0,0.0,0.0,3.541674014173228,0,0.0,0.0,3.776078425555142,0,0.0,0.0,2.4620639206398343,0,0.0,0.0,1.590601759005396
2024-06-26,3371.44,-0.00691329077943148,False,1.0,-0.00691329077943148,11.163708609271463,0,0.0,-0.0,0.2558478049733858,0,0.0,-0.0,1.641945232076473,0,0.0,-0.0,3.37952464002357,0,0.0,-0.0,3.541674014173228,0,0.0,-0.0,3.776078425555142,0,0.0,-0.0,2.4620639206398343,0,0.0,-0.0,1.590601759005396
2024-06-27,3450.44,0.02343212395890193,False,1.0,0.02343212395890193,11.425298013244973,0,0.0,0.0,0.2558478049733858,0,0.0,0.0,1.641945232076473,0,0.0,0.0,3.37952464002357,0,0.0,0.0,3.541674014173228,0,0.0,0.0,3.776078425555142,0,0.0,0.0,2.4620639206398343,0,0.0,0.0,1.590601759005396
2024-06-28,3380.15,-0.02037131496272937,False,1.0,-0.02037131496272937,11.192549668874113,0,0.0,-0.0,0.2558478049733858,0,0.0,-0.0,1.641945232076473,0,0.0,-0.0,3.37952464002357,0,0.0,-0.0,3.541674014173228,0,0.0,-0.0,3.776078425555142,0,0.0,-0.0,2.4620639206398343,0,0.0,-0.0,1.590601759005396
2024-06-29,3378.8,-0.00039939055959048453,False,1.0,-0.00039939055959048453,11.188079470198618,0,0.0,-0.0,0.2558478049733858,0,0.0,-0.0,1.641945232076473,0,0.0,-0.0,3.37952464002357,0,0.0,-0.0,3.541674014173228,0,0.0,-0.0,3.776078425555142,0,0.0,-0.0,2.4620639206398343,0,0.0,-0.0,1.590601759005396
2024-06-30,3438.16,0.01756836746773982,False,1.0,0.01756836746773982,11.384635761589344,0,0.0,0.0,0.2558478049733858,0,0.0,0.0,1.641945232076473,0,0.0,0.0,3.37952464002357,0,0.0,0.0,3.541674014173228,0,0.0,0.0,3.776078425555142,0,0.0,0.0,2.4620639206398343,0,0.0,0.0,1.590601759005396
2024-07-01,3442.2,0.0011750471182259137,False,1.0,0.0011750471182259137,11.39801324503305,0,0.0,0.0,0.2558478049733858,0,0.0,0.0,1.641945232076473,0,0.0,0.0,3.37952464002357,0,0.0,0.0,3.541674014173228,0,0.0,0.0,3.776078425555142,0,0.0,0.0,2.4620639206398343,0,0.0,0.0,1.590601759005396
2024-07-02,3421.35,-0.006057172738364924,False,1.0,-0.006057172738364924,11.328973509933714,0,0.0,-0.0,0.2558478049733858,0,0.0,-0.0,1.641945232076473,0,0.0,-0.0,3.37952464002357,0,0.0,-0.0,3.541674014173228,0,0.0,-0.0,3.776078425555142,0,0.0,-0.0,2.4620639206398343,0,0.0,-0.0,1.590601759005396
2024-07-03,3295.48,-0.036789571368027185,False,1.0,-0.036789571368027185,10.912185430463518,0,0.0,-0.0,0.2558478049733858,0,0.0,-0.0,1.641945232076473,0,0.0,-0.0,3.37952464002357,0,0.0,-0.0,3.541674014173228,0,0.0,-0.0,3.776078425555142,0,0.0,-0.0,2.4620639206398343,0,0.0,-0.0,1.590601759005396
2024-07-04,3059.7,-0.07154648184786438,False,1.0,-0.07154648184786438,10.13145695364233,0,0.0,-0.0,0.2558478049733858,0,0.0,-0.0,1.641945232076473,0,0.0,-0.0,3.37952464002357,0,0.0,-0.0,3.541674014173228,0,0.0,-0.0,3.776078425555142,0,0.0,-0.0,2.4620639206398343,0,0.0,-0.0,1.590601759005396
2024-07-05,2981.78,-0.025466549008072548,False,1.0,-0.025466549008072548,9.87344370860922,0,0.0,-0.0,0.2558478049733858,0,0.0,-0.0,1.641945232076473,0,0.0,-0.0,3.37952464002357,0,0.0,-0.0,3.541674014173228,0,0.0,-0.0,3.776078425555142,0,0.0,-0.0,2.4620639206398343,0,0.0,-0.0,1.590601759005396
2024-07-06,3066.83,0.0285232310901542,False,1.0,0.0285232310901542,10.155066225165509,0,0.0,0.0,0.2558478049733858,0,0.0,0.0,1.641945232076473,0,0.0,0.0,3.37952464002357,0,0.0,0.0,3.541674014173228,0,0.0,0.0,3.776078425555142,0,0.0,0.0,2.4620639206398343,0,0.0,0.0,1.590601759005396
2024-07-07,2931.0,-0.04429003237871021,False,1.0,-0.04429003237871021,9.705298013244983,0,0.0,-0.0,0.2558478049733858,0,0.0,-0.0,1.641945232076473,0,0.0,-0.0,3.37952464002357,0,0.0,-0.0,3.541674014173228,0,0.0,-0.0,3.776078425555142,0,0.0,-0.0,2.4620639206398343,0,0.0,-0.0,1.590601759005396
2024-07-08,3019.01,0.030027294438758068,False,1.0,0.030027294438758068,9.996721854304583,0,0.0,0.0,0.2558478049733858,0,0.0,0.0,1.641945232076473,0,0.0,0.0,3.37952464002357,0,0.0,0.0,3.541674014173228,0,0.0,0.0,3.776078425555142,0,0.0,0.0,2.4620639206398343,0,0.0,0.0,1.590601759005396
2024-07-09,3066.65,0.01578000735340379,False,1.0,0.01578000735340379,10.154470198675442,0,0.0,0.0,0.2558478049733858,0,0.0,0.0,1.641945232076473,0,0.0,0.0,3.37952464002357,0,0.0,0.0,3.541674014173228,0,0.0,0.0,3.776078425555142,0,0.0,0.0,2.4620639206398343,0,0.0,0.0,1.590601759005396
2024-07-10,3101.05,0.011217452268762251,False,1.0,0.011217452268762251,10.268377483443652,0,0.0,0.0,0.2558478049733858,0,0.0,0.0,1.641945232076473,0,0.0,0.0,3.37952464002357,0,0.0,0.0,3.541674014173228,0,0.0,0.0,3.776078425555142,0,0.0,0.0,2.4620639206398343,0,0.0,0.0,1.590601759005396
2024-07-11,3099.57,-0.0004772577030360825,False,1.0,-0.0004772577030360825,10.263476821191997,0,0.0,-0.0,0.2558478049733858,0,0.0,-0.0,1.641945232076473,0,0.0,-0.0,3.37952464002357,0,0.0,-0.0,3.541674014173228,0,0.0,-0.0,3.776078425555142,0,0.0,-0.0,2.4620639206398343,0,0.0,-0.0,1.590601759005396
2024-07-12,3133.88,0.011069277351374529,False,1.0,0.011069277351374529,10.377086092715174,0,0.0,0.0,0.2558478049733858,0,0.0,0.0,1.641945232076473,0,0.0,0.0,3.37952464002357,0,0.0,0.0,3.541674014173228,0,0.0,0.0,3.776078425555142,0,0.0,0.0,2.4620639206398343,0,0.0,0.0,1.590601759005396
2024-07-13,3175.93,0.013417871775562418,False,1.0,0.013417871775562418,10.516324503311198,0,0.0,0.0,0.2558478049733858,0,0.0,0.0,1.641945232076473,0,0.0,0.0,3.37952464002357,0,0.0,0.0,3.541674014173228,0,0.0,0.0,3.776078425555142,0,0.0,0.0,2.4620639206398343,0,0.0,0.0,1.590601759005396
2024-07-14,3245.08,0.021773149911994416,False,1.0,0.021773149911994416,10.745298013244973,0,0.0,0.0,0.2558478049733858,0,0.0,0.0,1.641945232076473,0,0.0,0.0,3.37952464002357,0,0.0,0.0,3.541674014173228,0,0.0,0.0,3.776078425555142,0,0.0,0.0,2.4620639206398343,0,0.0,0.0,1.590601759005396
2024-07-15,3483.39,0.07343732666066782,True,1.0,0.07343732666066782,11.53440397350987,0,0.0,0.0,0.2558478049733858,0,0.0,0.0,1.641945232076473,0,0.0,0.0,3.37952464002357,0,0.0,0.0,3.541674014173228,0,0.0,0.0,3.776078425555142,0,0.0,0.0,2.4620639206398343,0,0.0,0.0,1.590601759005396
2024-07-16,3444.13,-0.011270630047166663,True,1.0,-0.011270630047166663,11.40440397350987,0,0.0,-0.0,0.2558478049733858,0,0.0,-0.0,1.641945232076473,0,0.0,-0.0,3.37952464002357,0,0.0,-0.0,3.541674014173228,0,0.0,-0.0,3.776078425555142,0,0.0,-0.0,2.4620639206398343,0,0.0,-0.0,1.590601759005396
2024-07-17,3387.05,-0.01657312586923254,False,1.0,-0.01657312586923254,11.215397350993316,0,0.0,-0.0,0.2558478049733858,0,0.0,-0.0,1.641945232076473,0,0.0,-0.0,3.37952464002357,0,0.0,-0.0,3.541674014173228,0,0.0,-0.0,3.776078425555142,0,0.0,-0.0,2.4620639206398343,0,0.0,-0.0,1.590601759005396
2024-07-18,3426.5,0.011647303700860645,True,1.0,0.011647303700860645,11.346026490066162,0,0.0,0.0,0.2558478049733858,0,0.0,0.0,1.641945232076473,0,0.0,0.0,3.37952464002357,0,0.0,0.0,3.541674014173228,0,0.0,0.0,3.776078425555142,0,0.0,0.0,2.4620639206398343,0,0.0,0.0,1.590601759005396
2024-07-19,3503.53,0.022480665402013766,True,1.0,0.022480665402013766,11.601092715231724,0,0.0,0.0,0.2558478049733858,0,0.0,0.0,1.641945232076473,0,0.0,0.0,3.37952464002357,0,0.0,0.0,3.541674014173228,0,0.0,0.0,3.776078425555142,0,0.0,0.0,2.4620639206398343,0,0.0,0.0,1.590601759005396
2024-07-20,3517.5,0.003987406986667663,True,1.0,0.003987406986667663,11.647350993377419,0,0.0,0.0,0.2558478049733858,0,0.0,0.0,1.641945232076473,0,0.0,0.0,3.37952464002357,0,0.0,0.0,3.541674014173228,0,0.0,0.0,3.776078425555142,0,0.0,0.0,2.4620639206398343,0,0.0,0.0,1.590601759005396
2024-07-21,3535.92,0.005236673773987288,True,1.0,0.005236673773987288,11.708344370860862,0,0.0,0.0,0.2558478049733858,0,0.0,0.0,1.641945232076473,0,0.0,0.0,3.37952464002357,0,0.0,0.0,3.541674014173228,0,0.0,0.0,3.776078425555142,0,0.0,0.0,2.4620639206398343,0,0.0,0.0,1.590601759005396
2024-07-22,3439.6,-0.02724043530396625,True,1.0,-0.02724043530396625,11.38940397350987,0,0.0,-0.0,0.2558478049733858,0,0.0,-0.0,1.641945232076473,0,0.0,-0.0,3.37952464002357,0,0.0,-0.0,3.541674014173228,0,0.0,-0.0,3.776078425555142,0,0.0,-0.0,2.4620639206398343,0,0.0,-0.0,1.590601759005396
2024-07-23,3482.51,0.012475287824165626,True,1.0,0.012475287824165626,11.531490066225102,0,0.0,0.0,0.2558478049733858,0,0.0,0.0,1.641945232076473,0,0.0,0.0,3.37952464002357,0,0.0,0.0,3.541674014173228,0,0.0,0.0,3.776078425555142,0,0.0,0.0,2.4620639206398343,0,0.0,0.0,1.590601759005396
2024-07-24,3335.81,-0.04212478930426622,True,1.0,-0.04212478930426622,11.04572847682113,0,0.0,-0.0,0.2558478049733858,0,0.0,-0.0,1.641945232076473,0,0.0,-0.0,3.37952464002357,0,0.0,-0.0,3.541674014173228,0,0.0,-0.0,3.776078425555142,0,0.0,-0.0,2.4620639206398343,0,0.0,-0.0,1.590601759005396
2024-07-25,3175.48,-0.04806328897629064,True,1.0,-0.04806328897629064,10.514834437086034,0,0.0,-0.0,0.2558478049733858,0,0.0,-0.0,1.641945232076473,0,0.0,-0.0,3.37952464002357,0,0.0,-0.0,3.541674014173228,0,0.0,-0.0,3.776078425555142,0,0.0,-0.0,2.4620639206398343,0,0.0,-0.0,1.590601759005396
2024-07-26,3274.61,0.031217327774068826,True,1.0,0.031217327774068826,10.843079470198616,0,0.0,0.0,0.2558478049733858,0,0.0,0.0,1.641945232076473,0,0.0,0.0,3.37952464002357,0,0.0,0.0,3.541674014173228,0,0.0,0.0,3.776078425555142,0,0.0,0.0,2.4620639206398343,0,0.0,0.0,1.590601759005396
2024-07-27,3249.01,-0.007817724858838138,True,1.0,-0.007817724858838138,10.758311258278086,0,0.0,-0.0,0.2558478049733858,0,0.0,-0.0,1.641945232076473,0,0.0,-0.0,3.37952464002357,0,0.0,-0.0,3.541674014173228,0,0.0,-0.0,3.776078425555142,0,0.0,-0.0,2.4620639206398343,0,0.0,-0.0,1.590601759005396
2024-07-28,3270.16,0.00650967525492363,True,1.0,0.00650967525492363,10.828344370860865,0,0.0,0.0,0.2558478049733858,0,0.0,0.0,1.641945232076473,0,0.0,0.0,3.37952464002357,0,0.0,0.0,3.541674014173228,0,0.0,0.0,3.776078425555142,0,0.0,0.0,2.4620639206398343,0,0.0,0.0,1.590601759005396
2024-07-29,3317.66,0.014525283166572978,True,1.0,0.014525283166572978,10.985629139072786,0,0.0,0.0,0.2558478049733858,0,0.0,0.0,1.641945232076473,0,0.0,0.0,3.37952464002357,0,0.0,0.0,3.541674014173228,0,0.0,0.0,3.776078425555142,0,0.0,0.0,2.4620639206398343,0,0.0,0.0,1.590601759005396
2024-07-30,3279.21,-0.011589493799846862,True,1.0,-0.011589493799846862,10.858311258278086,0,0.0,-0.0,0.2558478049733858,0,0.0,-0.0,1.641945232076473,0,0.0,-0.0,3.37952464002357,0,0.0,-0.0,3.541674014173228,0,0.0,-0.0,3.776078425555142,0,0.0,-0.0,2.4620639206398343,0,0.0,-0.0,1.590601759005396
2024-07-31,3232.74,-0.014171096087167379,True,1.0,-0.014171096087167379,10.704437086092655,0,0.0,-0.0,0.2558478049733858,0,0.0,-0.0,1.641945232076473,0,0.0,-0.0,3.37952464002357,0,0.0,-0.0,3.541674014173228,0,0.0,-0.0,3.776078425555142,0,0.0,-0.0,2.4620639206398343,0,0.0,-0.0,1.590601759005396
2024-08-01,3203.4,-0.009075892277139452,True,1.0,-0.009075892277139452,10.607284768211862,0,0.0,-0.0,0.2558478049733858,0,0.0,-0.0,1.641945232076473,0,0.0,-0.0,3.37952464002357,0,0.0,-0.0,3.541674014173228,0,0.0,-0.0,3.776078425555142,0,0.0,-0.0,2.4620639206398343,0,0.0,-0.0,1.590601759005396
2024-08-02,2989.61,-0.06673846538053319,False,1.0,-0.06673846538053319,9.899370860927098,0,0.0,-0.0,0.2558478049733858,0,0.0,-0.0,1.641945232076473,0,0.0,-0.0,3.37952464002357,0,0.0,-0.0,3.541674014173228,0,0.0,-0.0,3.776078425555142,0,0.0,-0.0,2.4620639206398343,0,0.0,-0.0,1.590601759005396
2024-08-03,2903.64,-0.028756259177618593,False,1.0,-0.028756259177618593,9.614701986754913,0,0.0,-0.0,0.2558478049733858,0,0.0,-0.0,1.641945232076473,0,0.0,-0.0,3.37952464002357,0,0.0,-0.0,3.541674014173228,0,0.0,-0.0,3.776078425555142,0,0.0,-0.0,2.4620639206398343,0,0.0,-0.0,1.590601759005396
2024-08-04,2688.92,-0.07394856111639181,False,1.0,-0.07394856111639181,8.903708609271472,0,0.0,-0.0,0.2558478049733858,0,0.0,-0.0,1.641945232076473,0,0.0,-0.0,3.37952464002357,0,0.0,-0.0,3.541674014173228,0,0.0,-0.0,3.776078425555142,0,0.0,-0.0,2.4620639206398343,0,0.0,-0.0,1.590601759005396
2024-08-05,2419.59,-0.10016289067729789,False,1.0,-0.10016289067729789,8.011887417218498,0,0.0,-0.0,0.2558478049733858,0,0.0,-0.0,1.641945232076473,0,0.0,-0.0,3.37952464002357,0,0.0,-0.0,3.541674014173228,0,0.0,-0.0,3.776078425555142,0,0.0,-0.0,2.4620639206398343,0,0.0,-0.0,1.590601759005396
2024-08-06,2461.33,0.017250856550076632,False,1.0,0.017250856550076632,8.150099337748298,0,0.0,0.0,0.2558478049733858,0,0.0,0.0,1.641945232076473,0,0.0,0.0,3.37952464002357,0,0.0,0.0,3.541674014173228,0,0.0,0.0,3.776078425555142,0,0.0,0.0,2.4620639206398343,0,0.0,0.0,1.590601759005396
2024-08-07,2342.8,-0.04815689078668839,False,1.0,-0.04815689078668839,7.7576158940396915,0,0.0,-0.0,0.2558478049733858,0,0.0,-0.0,1.641945232076473,0,0.0,-0.0,3.37952464002357,0,0.0,-0.0,3.541674014173228,0,0.0,-0.0,3.776078425555142,0,0.0,-0.0,2.4620639206398343,0,0.0,-0.0,1.590601759005396
2024-08-08,2682.5,0.14499743896192574,False,1.0,0.14499743896192574,8.882450331125776,0,0.0,0.0,0.2558478049733858,0,0.0,0.0,1.641945232076473,0,0.0,0.0,3.37952464002357,0,0.0,0.0,3.541674014173228,0,0.0,0.0,3.776078425555142,0,0.0,0.0,2.4620639206398343,0,0.0,0.0,1.590601759005396
2024-08-09,2598.78,-0.031209692451071636,False,1.0,-0.031209692451071636,8.605231788079422,0,0.0,-0.0,0.2558478049733858,0,0.0,-0.0,1.641945232076473,0,0.0,-0.0,3.37952464002357,0,0.0,-0.0,3.541674014173228,0,0.0,-0.0,3.776078425555142,0,0.0,-0.0,2.4620639206398343,0,0.0,-0.0,1.590601759005396
2024-08-10,2609.92,0.004286626801806914,False,1.0,0.004286626801806914,8.642119205297965,0,0.0,0.0,0.2558478049733858,0,0.0,0.0,1.641945232076473,0,0.0,0.0,3.37952464002357,0,0.0,0.0,3.541674014173228,0,0.0,0.0,3.776078425555142,0,0.0,0.0,2.4620639206398343,0,0.0,0.0,1.590601759005396
2024-08-11,2555.38,-0.020897192251103425,False,1.0,-0.020897192251103425,8.4615231788079,0,0.0,-0.0,0.2558478049733858,0,0.0,-0.0,1.641945232076473,0,0.0,-0.0,3.37952464002357,0,0.0,-0.0,3.541674014173228,0,0.0,-0.0,3.776078425555142,0,0.0,-0.0,2.4620639206398343,0,0.0,-0.0,1.590601759005396
2024-08-12,2722.3,0.06532100900844506,False,1.0,0.06532100900844506,9.014238410595977,0,0.0,0.0,0.2558478049733858,0,0.0,0.0,1.641945232076473,0,0.0,0.0,3.37952464002357,0,0.0,0.0,3.541674014173228,0,0.0,0.0,3.776078425555142,0,0.0,0.0,2.4620639206398343,0,0.0,0.0,1.590601759005396
2024-08-13,2702.44,-0.007295301766888307,False,1.0,-0.007295301766888307,8.948476821192004,0,0.0,-0.0,0.2558478049733858,0,0.0,-0.0,1.641945232076473,0,0.0,-0.0,3.37952464002357,0,0.0,-0.0,3.541674014173228,0,0.0,-0.0,3.776078425555142,0,0.0,-0.0,2.4620639206398343,0,0.0,-0.0,1.590601759005396
2024-08-14,2661.45,-0.015167774307662807,False,1.0,-0.015167774307662807,8.812748344370812,0,0.0,-0.0,0.2558478049733858,0,0.0,-0.0,1.641945232076473,0,0.0,-0.0,3.37952464002357,0,0.0,-0.0,3.541674014173228,0,0.0,-0.0,3.776078425555142,0,0.0,-0.0,2.4620639206398343,0,0.0,-0.0,1.590601759005396
2024-08-15,2569.89,-0.034402299498393685,False,1.0,-0.034402299498393685,8.509569536423793,0,0.0,-0.0,0.2558478049733858,0,0.0,-0.0,1.641945232076473,0,0.0,-0.0,3.37952464002357,0,0.0,-0.0,3.541674014173228,0,0.0,-0.0,3.776078425555142,0,0.0,-0.0,2.4620639206398343,0,0.0,-0.0,1.590601759005396
2024-08-16,2592.73,0.008887539933615907,False,1.0,0.008887539933615907,8.585198675496642,0,0.0,0.0,0.2558478049733858,0,0.0,0.0,1.641945232076473,0,0.0,0.0,3.37952464002357,0,0.0,0.0,3.541674014173228,0,0.0,0.0,3.776078425555142,0,0.0,0.0,2.4620639206398343,0,0.0,0.0,1.590601759005396
2024-08-17,2614.51,0.008400411921025475,False,1.0,0.008400411921025475,8.657317880794656,0,0.0,0.0,0.2558478049733858,0,0.0,0.0,1.641945232076473,0,0.0,0.0,3.37952464002357,0,0.0,0.0,3.541674014173228,0,0.0,0.0,3.776078425555142,0,0.0,0.0,2.4620639206398343,0,0.0,0.0,1.590601759005396
2024-08-18,2612.15,-0.0009026547995609757,False,1.0,-0.0009026547995609757,8.649503311258231,0,0.0,-0.0,0.2558478049733858,0,0.0,-0.0,1.641945232076473,0,0.0,-0.0,3.37952464002357,0,0.0,-0.0,3.541674014173228,0,0.0,-0.0,3.776078425555142,0,0.0,-0.0,2.4620639206398343,0,0.0,-0.0,1.590601759005396
2024-08-19,2636.36,0.009268227322320799,False,1.0,0.009268227322320799,8.72966887417214,0,0.0,0.0,0.2558478049733858,0,0.0,0.0,1.641945232076473,0,0.0,0.0,3.37952464002357,0,0.0,0.0,3.541674014173228,0,0.0,0.0,3.776078425555142,0,0.0,0.0,2.4620639206398343,0,0.0,0.0,1.590601759005396
2024-08-20,2572.82,-0.024101412553672485,False,1.0,-0.024101412553672485,8.519271523178762,0,0.0,-0.0,0.2558478049733858,0,0.0,-0.0,1.641945232076473,0,0.0,-0.0,3.37952464002357,0,0.0,-0.0,3.541674014173228,0,0.0,-0.0,3.776078425555142,0,0.0,-0.0,2.4620639206398343,0,0.0,-0.0,1.590601759005396
2024-08-21,2630.71,0.022500602451784424,False,1.0,0.022500602451784424,8.710960264900615,0,0.0,0.0,0.2558478049733858,0,0.0,0.0,1.641945232076473,0,0.0,0.0,3.37952464002357,0,0.0,0.0,3.541674014173228,0,0.0,0.0,3.776078425555142,0,0.0,0.0,2.4620639206398343,0,0.0,0.0,1.590601759005396
2024-08-22,2622.88,-0.002976382801601063,False,1.0,-0.002976382801601063,8.685033112582735,0,0.0,-0.0,0.2558478049733858,0,0.0,-0.0,1.641945232076473,0,0.0,-0.0,3.37952464002357,0,0.0,-0.0,3.541674014173228,0,0.0,-0.0,3.776078425555142,0,0.0,-0.0,2.4620639206398343,0,0.0,-0.0,1.590601759005396
2024-08-23,2762.48,0.05322393704630013,False,1.0,0.05322393704630013,9.14728476821187,0,0.0,0.0,0.2558478049733858,0,0.0,0.0,1.641945232076473,0,0.0,0.0,3.37952464002357,0,0.0,0.0,3.541674014173228,0,0.0,0.0,3.776078425555142,0,0.0,0.0,2.4620639206398343,0,0.0,0.0,1.590601759005396
2024-08-24,2768.0,0.0019982045118878133,True,1.0,0.0019982045118878133,9.165562913907234,0,0.0,0.0,0.2558478049733858,0,0.0,0.0,1.641945232076473,0,0.0,0.0,3.37952464002357,0,0.0,0.0,3.541674014173228,0,0.0,0.0,3.776078425555142,0,0.0,0.0,2.4620639206398343,0,0.0,0.0,1.590601759005396
2024-08-25,2746.13,-0.00790101156069356,True,1.0,-0.00790101156069356,9.09314569536419,0,0.0,-0.0,0.2558478049733858,0,0.0,-0.0,1.641945232076473,0,0.0,-0.0,3.37952464002357,0,0.0,-0.0,3.541674014173228,0,0.0,-0.0,3.776078425555142,0,0.0,-0.0,2.4620639206398343,0,0.0,-0.0,1.590601759005396
2024-08-26,2680.49,-0.023902728567110954,True,1.0,-0.023902728567110954,8.875794701986706,0,0.0,-0.0,0.2558478049733858,0,0.0,-0.0,1.641945232076473,0,0.0,-0.0,3.37952464002357,0,0.0,-0.0,3.541674014173228,0,0.0,-0.0,3.776078425555142,0,0.0,-0.0,2.4620639206398343,0,0.0,-0.0,1.590601759005396
2024-08-27,2457.33,-0.08325343500628613,True,1.0,-0.08325343500628613,8.136854304635717,0,0.0,-0.0,0.2558478049733858,0,0.0,-0.0,1.641945232076473,0,0.0,-0.0,3.37952464002357,0,0.0,-0.0,3.541674014173228,0,0.0,-0.0,3.776078425555142,0,0.0,-0.0,2.4620639206398343,0,0.0,-0.0,1.590601759005396
2024-08-28,2528.33,0.028893148254406142,False,1.0,0.028893148254406142,8.37195364238406,0,0.0,0.0,0.2558478049733858,0,0.0,0.0,1.641945232076473,0,0.0,0.0,3.37952464002357,0,0.0,0.0,3.541674014173228,0,0.0,0.0,3.776078425555142,0,0.0,0.0,2.4620639206398343,0,0.0,0.0,1.590601759005396
2024-08-29,2527.61,-0.0002847729528976384,False,1.0,-0.0002847729528976384,8.369569536423796,0,0.0,-0.0,0.2558478049733858,0,0.0,-0.0,1.641945232076473,0,0.0,-0.0,3.37952464002357,0,0.0,-0.0,3.541674014173228,0,0.0,-0.0,3.776078425555142,0,0.0,-0.0,2.4620639206398343,0,0.0,-0.0,1.590601759005396
2024-08-30,2526.0,-0.0006369653546235421,False,1.0,-0.0006369653546235421,8.364238410595982,0,0.0,-0.0,0.2558478049733858,0,0.0,-0.0,1.641945232076473,0,0.0,-0.0,3.37952464002357,0,0.0,-0.0,3.541674014173228,0,0.0,-0.0,3.776078425555142,0,0.0,-0.0,2.4620639206398343,0,0.0,-0.0,1.590601759005396
2024-08-31,2513.01,-0.005142517814726744,False,1.0,-0.005142517814726744,8.32122516556287,0,0.0,-0.0,0.2558478049733858,0,0.0,-0.0,1.641945232076473,0,0.0,-0.0,3.37952464002357,0,0.0,-0.0,3.541674014173228,0,0.0,-0.0,3.776078425555142,0,0.0,-0.0,2.4620639206398343,0,0.0,-0.0,1.590601759005396
2024-09-01,2425.72,-0.03473523782237253,False,1.0,-0.03473523782237253,8.032185430463533,0,0.0,-0.0,0.2558478049733858,0,0.0,-0.0,1.641945232076473,0,0.0,-0.0,3.37952464002357,0,0.0,-0.0,3.541674014173228,0,0.0,-0.0,3.776078425555142,0,0.0,-0.0,2.4620639206398343,0,0.0,-0.0,1.590601759005396
2024-09-02,2538.01,0.04629141038537021,False,1.0,0.04629141038537021,8.404006622516512,0,0.0,0.0,0.2558478049733858,0,0.0,0.0,1.641945232076473,0,0.0,0.0,3.37952464002357,0,0.0,0.0,3.541674014173228,0,0.0,0.0,3.776078425555142,0,0.0,0.0,2.4620639206398343,0,0.0,0.0,1.590601759005396
2024-09-03,2425.29,-0.04441274857073074,False,1.0,-0.04441274857073074,8.03076158940393,0,0.0,-0.0,0.2558478049733858,0,0.0,-0.0,1.641945232076473,0,0.0,-0.0,3.37952464002357,0,0.0,-0.0,3.541674014173228,0,0.0,-0.0,3.776078425555142,0,0.0,-0.0,2.4620639206398343,0,0.0,-0.0,1.590601759005396
2024-09-04,2450.71,0.010481220802460722,False,1.0,0.010481220802460722,8.114933774834393,0,0.0,0.0,0.2558478049733858,0,0.0,0.0,1.641945232076473,0,0.0,0.0,3.37952464002357,0,0.0,0.0,3.541674014173228,0,0.0,0.0,3.776078425555142,0,0.0,0.0,2.4620639206398343,0,0.0,0.0,1.590601759005396
2024-09-05,2368.81,-0.03341888677158866,False,1.0,-0.03341888677158866,7.843741721854261,0,0.0,-0.0,0.2558478049733858,0,0.0,-0.0,1.641945232076473,0,0.0,-0.0,3.37952464002357,0,0.0,-0.0,3.541674014173228,0,0.0,-0.0,3.776078425555142,0,0.0,-0.0,2.4620639206398343,0,0.0,-0.0,1.590601759005396
2024-09-06,2225.23,-0.06061271271229007,False,1.0,-0.06061271271229007,7.368311258278106,0,0.0,-0.0,0.2558478049733858,0,0.0,-0.0,1.641945232076473,0,0.0,-0.0,3.37952464002357,0,0.0,-0.0,3.541674014173228,0,0.0,-0.0,3.776078425555142,0,0.0,-0.0,2.4620639206398343,0,0.0,-0.0,1.590601759005396
2024-09-07,2273.58,0.021728091028792473,False,1.0,0.021728091028792473,7.528410596026449,0,0.0,0.0,0.2558478049733858,0,0.0,0.0,1.641945232076473,0,0.0,0.0,3.37952464002357,0,0.0,0.0,3.541674014173228,0,0.0,0.0,3.776078425555142,0,0.0,0.0,2.4620639206398343,0,0.0,0.0,1.590601759005396
2024-09-08,2297.3,0.010432885581330043,False,1.0,0.010432885581330043,7.606953642384065,0,0.0,0.0,0.2558478049733858,0,0.0,0.0,1.641945232076473,0,0.0,0.0,3.37952464002357,0,0.0,0.0,3.541674014173228,0,0.0,0.0,3.776078425555142,0,0.0,0.0,2.4620639206398343,0,0.0,0.0,1.590601759005396
2024-09-09,2359.5,0.02707526226439727,False,1.0,0.02707526226439727,7.812913907284726,0,0.0,0.0,0.2558478049733858,0,0.0,0.0,1.641945232076473,0,0.0,0.0,3.37952464002357,0,0.0,0.0,3.541674014173228,0,0.0,0.0,3.776078425555142,0,0.0,0.0,2.4620639206398343,0,0.0,0.0,1.590601759005396
2024-09-10,2388.52,0.012299215935579477,False,1.0,0.012299215935579477,7.909006622516513,0,0.0,0.0,0.2558478049733858,0,0.0,0.0,1.641945232076473,0,0.0,0.0,3.37952464002357,0,0.0,0.0,3.541674014173228,0,0.0,0.0,3.776078425555142,0,0.0,0.0,2.4620639206398343,0,0.0,0.0,1.590601759005396
2024-09-11,2340.55,-0.0200835663925778,False,1.0,-0.0200835663925778,7.750165562913865,0,0.0,-0.0,0.2558478049733858,0,0.0,-0.0,1.641945232076473,0,0.0,-0.0,3.37952464002357,0,0.0,-0.0,3.541674014173228,0,0.0,-0.0,3.776078425555142,0,0.0,-0.0,2.4620639206398343,0,0.0,-0.0,1.590601759005396
2024-09-12,2361.76,0.009061972613274571,False,1.0,0.009061972613274571,7.820397350993334,0,0.0,0.0,0.2558478049733858,0,0.0,0.0,1.641945232076473,0,0.0,0.0,3.37952464002357,0,0.0,0.0,3.541674014173228,0,0.0,0.0,3.776078425555142,0,0.0,0.0,2.4620639206398343,0,0.0,0.0,1.590601759005396
2024-09-13,2439.19,0.03278487229862459,False,1.0,0.03278487229862459,8.076788079470152,0,0.0,0.0,0.2558478049733858,0,0.0,0.0,1.641945232076473,0,0.0,0.0,3.37952464002357,0,0.0,0.0,3.541674014173228,0,0.0,0.0,3.776078425555142,0,0.0,0.0,2.4620639206398343,0,0.0,0.0,1.590601759005396
2024-09-14,2417.79,-0.008773404285849051,False,1.0,-0.008773404285849051,8.005927152317835,0,0.0,-0.0,0.2558478049733858,0,0.0,-0.0,1.641945232076473,0,0.0,-0.0,3.37952464002357,0,0.0,-0.0,3.541674014173228,0,0.0,-0.0,3.776078425555142,0,0.0,-0.0,2.4620639206398343,0,0.0,-0.0,1.590601759005396
2024-09-15,2316.1,-0.04205907047344892,False,1.0,-0.04205907047344892,7.669205298013201,0,0.0,-0.0,0.2558478049733858,0,0.0,-0.0,1.641945232076473,0,0.0,-0.0,3.37952464002357,0,0.0,-0.0,3.541674014173228,0,0.0,-0.0,3.776078425555142,0,0.0,-0.0,2.4620639206398343,0,0.0,-0.0,1.590601759005396
2024-09-16,2295.68,-0.008816545054185942,False,1.0,-0.008816545054185942,7.601589403973466,0,0.0,-0.0,0.2558478049733858,0,0.0,-0.0,1.641945232076473,0,0.0,-0.0,3.37952464002357,0,0.0,-0.0,3.541674014173228,0,0.0,-0.0,3.776078425555142,0,0.0,-0.0,2.4620639206398343,0,0.0,-0.0,1.590601759005396
2024-09-17,2341.8,0.02008990800111521,False,1.0,0.02008990800111521,7.754304635761545,0,0.0,0.0,0.2558478049733858,0,0.0,0.0,1.641945232076473,0,0.0,0.0,3.37952464002357,0,0.0,0.0,3.541674014173228,0,0.0,0.0,3.776078425555142,0,0.0,0.0,2.4620639206398343,0,0.0,0.0,1.590601759005396
2024-09-18,2374.75,0.014070373217183185,False,1.0,0.014070373217183185,7.863410596026443,0,0.0,0.0,0.2558478049733858,0,0.0,0.0,1.641945232076473,0,0.0,0.0,3.37952464002357,0,0.0,0.0,3.541674014173228,0,0.0,0.0,3.776078425555142,0,0.0,0.0,2.4620639206398343,0,0.0,0.0,1.590601759005396
2024-09-19,2465.21,0.038092430782187714,False,1.0,0.038092430782187714,8.162947019867502,0,0.0,0.0,0.2558478049733858,0,0.0,0.0,1.641945232076473,0,0.0,0.0,3.37952464002357,0,0.0,0.0,3.541674014173228,0,0.0,0.0,3.776078425555142,0,0.0,0.0,2.4620639206398343,0,0.0,0.0,1.590601759005396
2024-09-20,2561.4,0.03901898824035288,True,1.0,0.03901898824035288,8.481456953642336,0,0.0,0.0,0.2558478049733858,0,0.0,0.0,1.641945232076473,0,0.0,0.0,3.37952464002357,0,0.0,0.0,3.541674014173228,0,0.0,0.0,3.776078425555142,0,0.0,0.0,2.4620639206398343,0,0.0,0.0,1.590601759005396
2024-09-21,2612.4,0.0199109861794331,True,1.0,0.0199109861794331,8.650331125827766,0,0.0,0.0,0.2558478049733858,0,0.0,0.0,1.641945232076473,0,0.0,0.0,3.37952464002357,0,0.0,0.0,3.541674014173228,0,0.0,0.0,3.776078425555142,0,0.0,0.0,2.4620639206398343,0,0.0,0.0,1.590601759005396
2024-09-22,2581.0,-0.01201959883631909,True,1.0,-0.01201959883631909,8.54635761589399,0,0.0,-0.0,0.2558478049733858,0,0.0,-0.0,1.641945232076473,0,0.0,-0.0,3.37952464002357,0,0.0,-0.0,3.541674014173228,0,0.0,-0.0,3.776078425555142,0,0.0,-0.0,2.4620639206398343,0,0.0,-0.0,1.590601759005396
2024-09-23,2646.97,0.025559860519178468,True,1.0,0.025559860519178468,8.76480132450326,0,0.0,0.0,0.2558478049733858,0,0.0,0.0,1.641945232076473,0,0.0,0.0,3.37952464002357,0,0.0,0.0,3.541674014173228,0,0.0,0.0,3.776078425555142,0,0.0,0.0,2.4620639206398343,0,0.0,0.0,1.590601759005396
2024-09-24,2653.2,0.002353634533069915,True,1.0,0.002353634533069915,8.785430463576107,0,0.0,0.0,0.2558478049733858,0,0.0,0.0,1.641945232076473,0,0.0,0.0,3.37952464002357,0,0.0,0.0,3.541674014173228,0,0.0,0.0,3.776078425555142,0,0.0,0.0,2.4620639206398343,0,0.0,0.0,1.590601759005396
2024-09-25,2579.95,-0.027608171264887682,True,1.0,-0.027608171264887682,8.542880794701937,0,0.0,-0.0,0.2558478049733858,0,0.0,-0.0,1.641945232076473,0,0.0,-0.0,3.37952464002357,0,0.0,-0.0,3.541674014173228,0,0.0,-0.0,3.776078425555142,0,0.0,-0.0,2.4620639206398343,0,0.0,-0.0,1.590601759005396
2024-09-26,2632.26,0.020275586736177242,True,1.0,0.020275586736177242,8.716092715231738,0,0.0,0.0,0.2558478049733858,0,0.0,0.0,1.641945232076473,0,0.0,0.0,3.37952464002357,0,0.0,0.0,3.541674014173228,0,0.0,0.0,3.776078425555142,0,0.0,0.0,2.4620639206398343,0,0.0,0.0,1.590601759005396
2024-09-27,2694.43,0.023618487535425725,True,1.0,0.023618487535425725,8.921953642384054,0,0.0,0.0,0.2558478049733858,0,0.0,0.0,1.641945232076473,0,0.0,0.0,3.37952464002357,0,0.0,0.0,3.541674014173228,0,0.0,0.0,3.776078425555142,0,0.0,0.0,2.4620639206398343,0,0.0,0.0,1.590601759005396
2024-09-28,2675.21,-0.007133234116306508,True,1.0,-0.007133234116306508,8.858311258278095,0,0.0,-0.0,0.2558478049733858,0,0.0,-0.0,1.641945232076473,0,0.0,-0.0,3.37952464002357,0,0.0,-0.0,3.541674014173228,0,0.0,-0.0,3.776078425555142,0,0.0,-0.0,2.4620639206398343,0,0.0,-0.0,1.590601759005396
2024-09-29,2657.62,-0.00657518475185126,True,1.0,-0.00657518475185126,8.800066225165512,0,0.0,-0.0,0.2558478049733858,0,0.0,-0.0,1.641945232076473,0,0.0,-0.0,3.37952464002357,0,0.0,-0.0,3.541674014173228,0,0.0,-0.0,3.776078425555142,0,0.0,-0.0,2.4620639206398343,0,0.0,-0.0,1.590601759005396
2024-09-30,2602.23,-0.020841956336872802,True,1.0,-0.020841956336872802,8.616655629139023,0,0.0,-0.0,0.2558478049733858,0,0.0,-0.0,1.641945232076473,0,0.0,-0.0,3.37952464002357,0,0.0,-0.0,3.541674014173228,0,0.0,-0.0,3.776078425555142,0,0.0,-0.0,2.4620639206398343,0,0.0,-0.0,1.590601759005396
2024-10-01,2447.79,-0.059349096736260876,True,1.0,-0.059349096736260876,8.105264900662204,0,0.0,-0.0,0.2558478049733858,0,0.0,-0.0,1.641945232076473,0,0.0,-0.0,3.37952464002357,0,0.0,-0.0,3.541674014173228,0,0.0,-0.0,3.776078425555142,0,0.0,-0.0,2.4620639206398343,0,0.0,-0.0,1.590601759005396
2024-10-02,2364.1,-0.03419002447105346,True,1.0,-0.03419002447105346,7.828145695364193,0,0.0,-0.0,0.2558478049733858,0,0.0,-0.0,1.641945232076473,0,0.0,-0.0,3.37952464002357,0,0.0,-0.0,3.541674014173228,0,0.0,-0.0,3.776078425555142,0,0.0,-0.0,2.4620639206398343,0,0.0,-0.0,1.590601759005396
2024-10-03,2349.8,-0.006048813501966843,False,1.0,-0.006048813501966843,7.780794701986711,0,0.0,-0.0,0.2558478049733858,0,0.0,-0.0,1.641945232076473,0,0.0,-0.0,3.37952464002357,0,0.0,-0.0,3.541674014173228,0,0.0,-0.0,3.776078425555142,0,0.0,-0.0,2.4620639206398343,0,0.0,-0.0,1.590601759005396
2024-10-04,2414.41,0.027495957102732005,False,1.0,0.027495957102732005,7.994735099337702,0,0.0,0.0,0.2558478049733858,0,0.0,0.0,1.641945232076473,0,0.0,0.0,3.37952464002357,0,0.0,0.0,3.541674014173228,0,0.0,0.0,3.776078425555142,0,0.0,0.0,2.4620639206398343,0,0.0,0.0,1.590601759005396
2024-10-05,2414.66,0.00010354496543674152,True,1.0,0.00010354496543674152,7.995562913907238,0,0.0,0.0,0.2558478049733858,0,0.0,0.0,1.641945232076473,0,0.0,0.0,3.37952464002357,0,0.0,0.0,3.541674014173228,0,0.0,0.0,3.776078425555142,0,0.0,0.0,2.4620639206398343,0,0.0,0.0,1.590601759005396
2024-10-06,2440.03,0.01050665518126781,True,1.0,0.01050665518126781,8.079569536423795,0,0.0,0.0,0.2558478049733858,0,0.0,0.0,1.641945232076473,0,0.0,0.0,3.37952464002357,0,0.0,0.0,3.541674014173228,0,0.0,0.0,3.776078425555142,0,0.0,0.0,2.4620639206398343,0,0.0,0.0,1.590601759005396
2024-10-07,2422.71,-0.007098273381884734,True,1.0,-0.007098273381884734,8.022218543046312,0,0.0,-0.0,0.2558478049733858,0,0.0,-0.0,1.641945232076473,0,0.0,-0.0,3.37952464002357,0,0.0,-0.0,3.541674014173228,0,0.0,-0.0,3.776078425555142,0,0.0,-0.0,2.4620639206398343,0,0.0,-0.0,1.590601759005396
2024-10-08,2440.89,0.007503993461867031,True,1.0,0.007503993461867031,8.082417218543,0,0.0,0.0,0.2558478049733858,0,0.0,0.0,1.641945232076473,0,0.0,0.0,3.37952464002357,0,0.0,0.0,3.541674014173228,0,0.0,0.0,3.776078425555142,0,0.0,0.0,2.4620639206398343,0,0.0,0.0,1.590601759005396
2024-10-09,2370.47,-0.028850132533625117,False,1.0,-0.028850132533625117,7.849238410595981,0,0.0,-0.0,0.2558478049733858,0,0.0,-0.0,1.641945232076473,0,0.0,-0.0,3.37952464002357,0,0.0,-0.0,3.541674014173228,0,0.0,-0.0,3.776078425555142,0,0.0,-0.0,2.4620639206398343,0,0.0,-0.0,1.590601759005396
2024-10-10,2386.49,0.006758153446362991,False,1.0,0.006758153446362991,7.902284768211875,0,0.0,0.0,0.2558478049733858,0,0.0,0.0,1.641945232076473,0,0.0,0.0,3.37952464002357,0,0.0,0.0,3.541674014173228,0,0.0,0.0,3.776078425555142,0,0.0,0.0,2.4620639206398343,0,0.0,0.0,1.590601759005396
2024-10-11,2439.5,0.022212538078936195,False,1.0,0.022212538078936195,8.077814569536379,0,0.0,0.0,0.2558478049733858,0,0.0,0.0,1.641945232076473,0,0.0,0.0,3.37952464002357,0,0.0,0.0,3.541674014173228,0,0.0,0.0,3.776078425555142,0,0.0,0.0,2.4620639206398343,0,0.0,0.0,1.590601759005396
2024-10-12,2476.4,0.015126050420168013,False,1.0,0.015126050420168013,8.199999999999955,0,0.0,0.0,0.2558478049733858,0,0.0,0.0,1.641945232076473,0,0.0,0.0,3.37952464002357,0,0.0,0.0,3.541674014173228,0,0.0,0.0,3.776078425555142,0,0.0,0.0,2.4620639206398343,0,0.0,0.0,1.590601759005396
2024-10-13,2468.91,-0.0030245517686965373,False,1.0,-0.0030245517686965373,8.175198675496643,0,0.0,-0.0,0.2558478049733858,0,0.0,-0.0,1.641945232076473,0,0.0,-0.0,3.37952464002357,0,0.0,-0.0,3.541674014173228,0,0.0,-0.0,3.776078425555142,0,0.0,-0.0,2.4620639206398343,0,0.0,-0.0,1.590601759005396
2024-10-14,2629.79,0.06516235909773949,False,1.0,0.06516235909773949,8.70791390728472,0,0.0,0.0,0.2558478049733858,0,0.0,0.0,1.641945232076473,0,0.0,0.0,3.37952464002357,0,0.0,0.0,3.541674014173228,0,0.0,0.0,3.776078425555142,0,0.0,0.0,2.4620639206398343,0,0.0,0.0,1.590601759005396
2024-10-15,2607.41,-0.008510185223915223,True,1.0,-0.008510185223915223,8.63380794701982,0,0.0,-0.0,0.2558478049733858,0,0.0,-0.0,1.641945232076473,0,0.0,-0.0,3.37952464002357,0,0.0,-0.0,3.541674014173228,0,0.0,-0.0,3.776078425555142,0,0.0,-0.0,2.4620639206398343,0,0.0,-0.0,1.590601759005396
2024-10-16,2611.1,0.0014151974564797776,False,1.0,0.0014151974564797776,8.646026490066177,0,0.0,0.0,0.2558478049733858,0,0.0,0.0,1.641945232076473,0,0.0,0.0,3.37952464002357,0,0.0,0.0,3.541674014173228,0,0.0,0.0,3.776078425555142,0,0.0,0.0,2.4620639206398343,0,0.0,0.0,1.590601759005396
2024-10-17,2605.8,-0.0020297958714716735,False,1.0,-0.0020297958714716735,8.628476821192006,0,0.0,-0.0,0.2558478049733858,0,0.0,-0.0,1.641945232076473,0,0.0,-0.0,3.37952464002357,0,0.0,-0.0,3.541674014173228,0,0.0,-0.0,3.776078425555142,0,0.0,-0.0,2.4620639206398343,0,0.0,-0.0,1.590601759005396
2024-10-18,2642.17,0.013957325965154643,False,1.0,0.013957325965154643,8.748907284768164,0,0.0,0.0,0.2558478049733858,0,0.0,0.0,1.641945232076473,0,0.0,0.0,3.37952464002357,0,0.0,0.0,3.541674014173228,0,0.0,0.0,3.776078425555142,0,0.0,0.0,2.4620639206398343,0,0.0,0.0,1.590601759005396
2024-10-19,2648.2,0.002282214997520793,False,1.0,0.002282214997520793,8.768874172185381,0,0.0,0.0,0.2558478049733858,0,0.0,0.0,1.641945232076473,0,0.0,0.0,3.37952464002357,0,0.0,0.0,3.541674014173228,0,0.0,0.0,3.776078425555142,0,0.0,0.0,2.4620639206398343,0,0.0,0.0,1.590601759005396
2024-10-20,2746.91,0.03727437504720199,True,1.0,0.03727437504720199,9.095728476821142,0,0.0,0.0,0.2558478049733858,0,0.0,0.0,1.641945232076473,0,0.0,0.0,3.37952464002357,0,0.0,0.0,3.541674014173228,0,0.0,0.0,3.776078425555142,0,0.0,0.0,2.4620639206398343,0,0.0,0.0,1.590601759005396
2024-10-21,2666.7,-0.029200083002355437,True,1.0,-0.029200083002355437,8.830132450331076,0,0.0,-0.0,0.2558478049733858,0,0.0,-0.0,1.641945232076473,0,0.0,-0.0,3.37952464002357,0,0.0,-0.0,3.541674014173228,0,0.0,-0.0,3.776078425555142,0,0.0,-0.0,2.4620639206398343,0,0.0,-0.0,1.590601759005396
2024-10-22,2622.81,-0.016458544268196595,True,1.0,-0.016458544268196595,8.684801324503264,0,0.0,-0.0,0.2558478049733858,0,0.0,-0.0,1.641945232076473,0,0.0,-0.0,3.37952464002357,0,0.0,-0.0,3.541674014173228,0,0.0,-0.0,3.776078425555142,0,0.0,-0.0,2.4620639206398343,0,0.0,-0.0,1.590601759005396
2024-10-23,2524.61,-0.03744076010080788,True,1.0,-0.03744076010080788,8.359635761589358,0,0.0,-0.0,0.2558478049733858,0,0.0,-0.0,1.641945232076473,0,0.0,-0.0,3.37952464002357,0,0.0,-0.0,3.541674014173228,0,0.0,-0.0,3.776078425555142,0,0.0,-0.0,2.4620639206398343,0,0.0,-0.0,1.590601759005396
2024-10-24,2535.82,0.004440289787333462,True,1.0,0.004440289787333462,8.39675496688737,0,0.0,0.0,0.2558478049733858,0,0.0,0.0,1.641945232076473,0,0.0,0.0,3.37952464002357,0,0.0,0.0,3.541674014173228,0,0.0,0.0,3.776078425555142,0,0.0,0.0,2.4620639206398343,0,0.0,0.0,1.590601759005396
2024-10-25,2440.62,-0.03754209683652632,True,1.0,-0.03754209683652632,8.0815231788079,0,0.0,-0.0,0.2558478049733858,0,0.0,-0.0,1.641945232076473,0,0.0,-0.0,3.37952464002357,0,0.0,-0.0,3.541674014173228,0,0.0,-0.0,3.776078425555142,0,0.0,-0.0,2.4620639206398343,0,0.0,-0.0,1.590601759005396
2024-10-26,2482.51,0.017163671526087665,True,1.0,0.017163671526087665,8.220231788079424,0,0.0,0.0,0.2558478049733858,0,0.0,0.0,1.641945232076473,0,0.0,0.0,3.37952464002357,0,0.0,0.0,3.541674014173228,0,0.0,0.0,3.776078425555142,0,0.0,0.0,2.4620639206398343,0,0.0,0.0,1.590601759005396
2024-10-27,2507.8,0.010187270141912785,True,1.0,0.010187270141912785,8.303973509933728,0,0.0,0.0,0.2558478049733858,0,0.0,0.0,1.641945232076473,0,0.0,0.0,3.37952464002357,0,0.0,0.0,3.541674014173228,0,0.0,0.0,3.776078425555142,0,0.0,0.0,2.4620639206398343,0,0.0,0.0,1.590601759005396
2024-10-28,2567.48,0.023797751016827462,True,1.0,0.023797751016827462,8.501589403973462,0,0.0,0.0,0.2558478049733858,0,0.0,0.0,1.641945232076473,0,0.0,0.0,3.37952464002357,0,0.0,0.0,3.541674014173228,0,0.0,0.0,3.776078425555142,0,0.0,0.0,2.4620639206398343,0,0.0,0.0,1.590601759005396
2024-10-29,2638.8,0.02777821054107532,True,1.0,0.02777821054107532,8.737748344370813,0,0.0,0.0,0.2558478049733858,0,0.0,0.0,1.641945232076473,0,0.0,0.0,3.37952464002357,0,0.0,0.0,3.541674014173228,0,0.0,0.0,3.776078425555142,0,0.0,0.0,2.4620639206398343,0,0.0,0.0,1.590601759005396
2024-10-30,2659.19,0.00772699711990299,True,1.0,0.00772699711990299,8.805264900662204,0,0.0,0.0,0.2558478049733858,0,0.0,0.0,1.641945232076473,0,0.0,0.0,3.37952464002357,0,0.0,0.0,3.541674014173228,0,0.0,0.0,3.776078425555142,0,0.0,0.0,2.4620639206398343,0,0.0,0.0,1.590601759005396
2024-10-31,2518.61,-0.052865722268811144,True,1.0,-0.052865722268811144,8.339768211920484,0,0.0,-0.0,0.2558478049733858,0,0.0,-0.0,1.641945232076473,0,0.0,-0.0,3.37952464002357,0,0.0,-0.0,3.541674014173228,0,0.0,-0.0,3.776078425555142,0,0.0,-0.0,2.4620639206398343,0,0.0,-0.0,1.590601759005396
2024-11-01,2511.49,-0.0028269561385051434,True,1.0,-0.0028269561385051434,8.316192052980085,0,0.0,-0.0,0.2558478049733858,0,0.0,-0.0,1.641945232076473,0,0.0,-0.0,3.37952464002357,0,0.0,-0.0,3.541674014173228,0,0.0,-0.0,3.776078425555142,0,0.0,-0.0,2.4620639206398343,0,0.0,-0.0,1.590601759005396
2024-11-02,2494.23,-0.006872414383493397,True,1.0,-0.006872414383493397,8.259039735099291,0,0.0,-0.0,0.2558478049733858,0,0.0,-0.0,1.641945232076473,0,0.0,-0.0,3.37952464002357,0,0.0,-0.0,3.541674014173228,0,0.0,-0.0,3.776078425555142,0,0.0,-0.0,2.4620639206398343,0,0.0,-0.0,1.590601759005396
2024-11-03,2457.73,-0.014633774752127904,False,1.0,-0.014633774752127904,8.138178807946973,0,0.0,-0.0,0.2558478049733858,0,0.0,-0.0,1.641945232076473,0,0.0,-0.0,3.37952464002357,0,0.0,-0.0,3.541674014173228,0,0.0,-0.0,3.776078425555142,0,0.0,-0.0,2.4620639206398343,0,0.0,-0.0,1.590601759005396
2024-11-04,2398.21,-0.024217468965264666,False,1.0,-0.024217468965264666,7.9410927152317425,0,0.0,-0.0,0.2558478049733858,0,0.0,-0.0,1.641945232076473,0,0.0,-0.0,3.37952464002357,0,0.0,-0.0,3.541674014173228,0,0.0,-0.0,3.776078425555142,0,0.0,-0.0,2.4620639206398343,0,0.0,-0.0,1.590601759005396
2024-11-05,2422.55,0.010149236305411202,False,1.0,0.010149236305411202,8.021688741721809,0,0.0,0.0,0.2558478049733858,0,0.0,0.0,1.641945232076473,0,0.0,0.0,3.37952464002357,0,0.0,0.0,3.541674014173228,0,0.0,0.0,3.776078425555142,0,0.0,0.0,2.4620639206398343,0,0.0,0.0,1.590601759005396
2024-11-06,2721.87,0.12355575736310898,True,1.0,0.12355575736310898,9.01281456953637,0,0.0,0.0,0.2558478049733858,1,0.0,0.0,1.641945232076473,0,0.0,0.0,3.37952464002357,0,0.0,0.0,3.541674014173228,0,0.0,0.0,3.776078425555142,0,0.0,0.0,2.4620639206398343,0,0.0,0.0,1.590601759005396
2024-11-07,2895.47,0.06377968088115882,True,1.0,0.06377968088115882,9.58764900662246,0,0.0,0.0,0.2558478049733858,1,1.0,0.06277968088115882,1.7450260297705744,0,0.0,0.0,3.37952464002357,0,0.0,0.0,3.541674014173228,0,0.0,0.0,3.776078425555142,0,0.0,0.0,2.4620639206398343,0,0.0,0.0,1.590601759005396
2024-11-08,2961.75,0.022890929624551415,True,1.0,0.022890929624551415,9.807119205297955,0,0.0,0.0,0.2558478049733858,1,1.0,0.022890929624551415,1.784971297811063,0,0.0,0.0,3.37952464002357,0,0.0,0.0,3.541674014173228,0,0.0,0.0,3.776078425555142,0,0.0,0.0,2.4620639206398343,0,0.0,0.0,1.590601759005396
2024-11-09,3126.21,0.05552798176753604,True,1.0,0.05552798176753604,10.351688741721793,0,0.0,0.0,0.2558478049733858,1,1.0,0.05552798176753604,1.8840871514914908,0,0.0,0.0,3.37952464002357,0,0.0,0.0,3.541674014173228,0,0.0,0.0,3.776078425555142,0,0.0,0.0,2.4620639206398343,0,0.0,0.0,1.590601759005396
2024-11-10,3183.21,0.018232940205552328,True,1.0,0.018232940205552328,10.540430463576095,0,0.0,0.0,0.2558478049733858,1,1.0,0.018232940205552328,1.9184395998666846,0,0.0,0.0,3.37952464002357,0,0.0,0.0,3.541674014173228,0,0.0,0.0,3.776078425555142,0,0.0,0.0,2.4620639206398343,0,0.0,0.0,1.590601759005396
2024-11-11,3371.59,0.059179256159662685,True,1.0,0.059179256159662685,11.164205298013178,0,0.0,0.0,0.2558478049733858,1,1.0,0.059179256159662685,2.0319714283740358,0,0.0,0.0,3.37952464002357,0,0.0,0.0,3.541674014173228,0,0.0,0.0,3.776078425555142,0,0.0,0.0,2.4620639206398343,0,0.0,0.0,1.590601759005396
2024-11-12,3243.8,-0.03790199876022882,True,1.0,-0.03790199876022882,10.741059602648942,0,0.0,-0.0,0.2558478049733858,0,1.0,-0.03790199876022882,1.9549556498149827,0,0.0,-0.0,3.37952464002357,0,0.0,-0.0,3.541674014173228,0,0.0,-0.0,3.776078425555142,0,0.0,-0.0,2.4620639206398343,0,0.0,-0.0,1.590601759005396
2024-11-13,3187.16,-0.017461002527899505,True,1.0,-0.017461002527899505,10.55350993377477,0,0.0,-0.0,0.2558478049733858,0,1.0,-0.017461002527899505,1.9208201642716318,0,0.0,-0.0,3.37952464002357,0,0.0,-0.0,3.541674014173228,0,0.0,-0.0,3.776078425555142,0,0.0,-0.0,2.4620639206398343,0,0.0,-0.0,1.590601759005396
2024-11-14,3058.82,-0.04026782464639356,True,1.0,-0.04026782464639356,10.128543046357555,0,0.0,-0.0,0.2558478049733858,0,1.0,-0.04026782464639356,1.8434729147194848,0,0.0,-0.0,3.37952464002357,0,0.0,-0.0,3.541674014173228,0,0.0,-0.0,3.776078425555142,0,0.0,-0.0,2.4620639206398343,0,0.0,-0.0,1.590601759005396
2024-11-15,3090.01,0.01019674253470293,True,1.0,0.01019674253470293,10.231821192052918,0,0.0,0.0,0.2558478049733858,0,1.0,0.01019674253470293,1.8622703334005777,0,0.0,0.0,3.37952464002357,0,0.0,0.0,3.541674014173228,0,0.0,0.0,3.776078425555142,0,0.0,0.0,2.4620639206398343,0,0.0,0.0,1.590601759005396
2024-11-16,3132.87,0.013870505273445577,True,1.0,0.013870505273445577,10.37374172185424,0,0.0,0.0,0.2558478049733858,0,1.0,0.013870505273445577,1.8881009638805917,0,0.0,0.0,3.37952464002357,0,0.0,0.0,3.541674014173228,0,0.0,0.0,3.776078425555142,0,0.0,0.0,2.4620639206398343,0,0.0,0.0,1.590601759005396
2024-11-17,3076.0,-0.01815268427990946,True,1.0,-0.01815268427990946,10.185430463576095,0,0.0,-0.0,0.2558478049733858,0,1.0,-0.01815268427990946,1.8538268631946746,0,0.0,-0.0,3.37952464002357,0,0.0,-0.0,3.541674014173228,0,0.0,-0.0,3.776078425555142,0,0.0,-0.0,2.4620639206398343,0,0.0,-0.0,1.590601759005396
2024-11-18,3207.8,0.04284785435630689,True,1.0,0.04284785435630689,10.621854304635695,0,0.0,0.0,0.2558478049733858,0,1.0,0.04284785435630689,1.9332593666306492,0,0.0,0.0,3.37952464002357,0,0.0,0.0,3.541674014173228,0,0.0,0.0,3.776078425555142,0,0.0,0.0,2.4620639206398343,0,0.0,0.0,1.590601759005396
2024-11-19,3107.44,-0.031286239790510706,True,1.0,-0.031286239790510706,10.289536423840994,0,0.0,-0.0,0.2558478049733858,0,1.0,-0.031286239790510706,1.872774950508992,0,0.0,-0.0,3.37952464002357,0,0.0,-0.0,3.541674014173228,0,0.0,-0.0,3.776078425555142,0,0.0,-0.0,2.4620639206398343,0,0.0,-0.0,1.590601759005396
2024-11-20,3069.97,-0.012058157196921049,True,1.0,-0.012058157196921049,10.165463576158874,0,0.0,-0.0,0.2558478049733858,0,1.0,-0.012058157196921049,1.8501927357612984,0,0.0,-0.0,3.37952464002357,0,0.0,-0.0,3.541674014173228,0,0.0,-0.0,3.776078425555142,0,0.0,-0.0,2.4620639206398343,0,0.0,-0.0,1.590601759005396
2024-11-21,3355.81,0.09310840171076595,True,1.0,0.09310840171076595,11.111953642384034,0,0.0,0.0,0.2558478049733858,0,1.0,0.09310840171076595,2.0224612242449025,0,0.0,0.0,3.37952464002357,0,0.0,0.0,3.541674014173228,0,0.0,0.0,3.776078425555142,0,0.0,0.0,2.4620639206398343,0,0.0,0.0,1.590601759005396
2024-11-22,3327.78,-0.008352677892967675,True,1.0,-0.008352677892967675,11.019139072847612,0,0.0,-0.0,0.2558478049733858,0,1.0,-0.008352677892967675,2.0055682570877678,0,0.0,-0.0,3.37952464002357,0,0.0,-0.0,3.541674014173228,0,0.0,-0.0,3.776078425555142,0,0.0,-0.0,2.4620639206398343,0,0.0,-0.0,1.590601759005396
2024-11-23,3393.91,0.019872106930145517,True,1.0,0.019872106930145517,11.238112582781383,0,0.0,0.0,0.2558478049733858,0,1.0,0.019872106930145517,2.0454231239483214,0,0.0,0.0,3.37952464002357,0,0.0,0.0,3.541674014173228,0,0.0,0.0,3.776078425555142,0,0.0,0.0,2.4620639206398343,0,0.0,0.0,1.590601759005396
2024-11-24,3361.2,-0.00963785132781958,True,1.0,-0.00963785132781958,11.129801324503237,0,0.0,-0.0,0.2558478049733858,0,1.0,-0.00963785132781958,2.025709639977223,0,0.0,-0.0,3.37952464002357,0,0.0,-0.0,3.541674014173228,0,0.0,-0.0,3.776078425555142,0,0.0,-0.0,2.4620639206398343,0,0.0,-0.0,1.590601759005396
2024-11-25,3414.49,0.015854456741639877,True,1.0,0.015854456741639877,11.30625827814562,0,0.0,0.0,0.2558478049733858,0,1.0,0.015854456741639877,2.057826165835365,0,0.0,0.0,3.37952464002357,0,0.0,0.0,3.541674014173228,0,0.0,0.0,3.776078425555142,0,0.0,0.0,2.4620639206398343,0,0.0,0.0,1.590601759005396
2024-11-26,3324.73,-0.02628796687060142,True,1.0,-0.02628796687060142,11.009039735099265,0,0.0,-0.0,0.2558478049733858,0,1.0,-0.02628796687060142,2.003730099762428,0,0.0,-0.0,3.37952464002357,0,0.0,-0.0,3.541674014173228,0,0.0,-0.0,3.776078425555142,0,0.0,-0.0,2.4620639206398343,0,0.0,-0.0,1.590601759005396
2024-11-27,3653.28,0.09882005456082155,True,1.0,0.09882005456082155,12.096953642384026,0,0.0,0.0,0.2558478049733858,0,1.0,0.09882005456082155,2.2017388175461114,0,0.0,0.0,3.37952464002357,0,0.0,0.0,3.541674014173228,0,0.0,0.0,3.776078425555142,0,0.0,0.0,2.4620639206398343,0,0.0,0.0,1.590601759005396
2024-11-28,3578.79,-0.020389896202864355,True,1.0,-0.020389896202864355,11.850298013244954,0,0.0,-0.0,0.2558478049733858,0,1.0,-0.020389896202864355,2.156845591590529,0,0.0,-0.0,3.37952464002357,0,0.0,-0.0,3.541674014173228,0,0.0,-0.0,3.776078425555142,0,0.0,-0.0,2.4620639206398343,0,0.0,-0.0,1.590601759005396
2024-11-29,3592.21,0.0037498707663763398,True,1.0,0.0037498707663763398,11.89473509933767,0,0.0,0.0,0.2558478049733858,0,1.0,0.0037498707663763398,2.164933483822022,0,0.0,0.0,3.37952464002357,0,0.0,0.0,3.541674014173228,0,0.0,0.0,3.776078425555142,0,0.0,0.0,2.4620639206398343,0,0.0,0.0,1.590601759005396
2024-11-30,3703.6,0.03100876619128612,True,1.0,0.03100876619128612,12.263576158940316,0,0.0,0.0,0.2558478049733858,0,1.0,0.03100876619128612,2.2320654000415456,0,0.0,0.0,3.37952464002357,0,0.0,0.0,3.541674014173228,0,0.0,0.0,3.776078425555142,0,0.0,0.0,2.4620639206398343,0,0.0,0.0,1.590601759005396
2024-12-01,3707.61,0.0010827303164488988,True,1.0,0.0010827303164488988,12.27685430463568,0,0.0,0.0,0.2558478049733858,0,1.0,0.0010827303164488988,2.2344821249184674,0,0.0,0.0,3.37952464002357,0,0.0,0.0,3.541674014173228,0,0.0,0.0,3.776078425555142,0,0.0,0.0,2.4620639206398343,0,0.0,0.0,1.590601759005396
2024-12-02,3643.42,-0.017313039936778685,True,1.0,-0.017313039936778685,12.06430463576151,0,0.0,-0.0,0.2558478049733858,0,0.0,-0.001,2.232247642793549,0,0.0,-0.0,3.37952464002357,0,0.0,-0.0,3.541674014173228,0,0.0,-0.0,3.776078425555142,0,0.0,-0.0,2.4620639206398343,0,0.0,-0.0,1.590601759005396
2024-12-03,3614.51,-0.007934852418881144,True,1.0,-0.007934852418881144,11.968576158940317,0,0.0,-0.0,0.2558478049733858,0,0.0,-0.0,2.232247642793549,0,0.0,-0.0,3.37952464002357,0,0.0,-0.0,3.541674014173228,0,0.0,-0.0,3.776078425555142,0,0.0,-0.0,2.4620639206398343,0,0.0,-0.0,1.590601759005396
2024-12-04,3837.8,0.06177600836627928,True,1.0,0.06177600836627928,12.707947019867465,0,0.0,0.0,0.2558478049733858,0,0.0,0.0,2.232247642793549,0,0.0,0.0,3.37952464002357,0,0.0,0.0,3.541674014173228,0,0.0,0.0,3.776078425555142,0,0.0,0.0,2.4620639206398343,0,0.0,0.0,1.590601759005396
2024-12-05,3785.2,-0.013705768930116324,True,1.0,-0.013705768930116324,12.533774834437,0,0.0,-0.0,0.2558478049733858,0,0.0,-0.0,2.232247642793549,0,0.0,-0.0,3.37952464002357,0,0.0,-0.0,3.541674014173228,0,0.0,-0.0,3.776078425555142,0,0.0,-0.0,2.4620639206398343,0,0.0,-0.0,1.590601759005396
2024-12-06,3998.87,0.05644880059177848,True,1.0,0.05644880059177848,13.241291390728387,0,0.0,0.0,0.2558478049733858,0,0.0,0.0,2.232247642793549,0,0.0,0.0,3.37952464002357,0,0.0,0.0,3.541674014173228,0,0.0,0.0,3.776078425555142,0,0.0,0.0,2.4620639206398343,0,0.0,0.0,1.590601759005396
2024-12-07,3996.22,-0.0006626872091366476,True,1.0,-0.0006626872091366476,13.2325165562913,0,0.0,-0.0,0.2558478049733858,0,0.0,-0.0,2.232247642793549,0,0.0,-0.0,3.37952464002357,0,0.0,-0.0,3.541674014173228,0,0.0,-0.0,3.776078425555142,0,0.0,-0.0,2.4620639206398343,0,0.0,-0.0,1.590601759005396
2024-12-08,4004.15,0.0019843752345967136,True,1.0,0.0019843752345967136,13.258774834436995,0,0.0,0.0,0.2558478049733858,0,0.0,0.0,2.232247642793549,0,0.0,0.0,3.37952464002357,0,0.0,0.0,3.541674014173228,0,0.0,0.0,3.776078425555142,0,0.0,0.0,2.4620639206398343,0,0.0,0.0,1.590601759005396
2024-12-09,3712.0,-0.0729618021302898,True,1.0,-0.0729618021302898,12.291390728476737,0,0.0,-0.0,0.2558478049733858,0,0.0,-0.0,2.232247642793549,0,0.0,-0.0,3.37952464002357,0,0.0,-0.0,3.541674014173228,0,0.0,-0.0,3.776078425555142,0,0.0,-0.0,2.4620639206398343,0,0.0,-0.0,1.590601759005396
2024-12-10,3628.25,-0.022561961206896575,True,1.0,-0.022561961206896575,12.014072847682035,0,0.0,-0.0,0.2558478049733858,0,0.0,-0.0,2.232247642793549,0,0.0,-0.0,3.37952464002357,0,0.0,-0.0,3.541674014173228,0,0.0,-0.0,3.776078425555142,0,0.0,-0.0,2.4620639206398343,0,0.0,-0.0,1.590601759005396
2024-12-11,3831.81,0.056104182457107354,True,1.0,0.056104182457107354,12.688112582781368,0,0.0,0.0,0.2558478049733858,0,0.0,0.0,2.232247642793549,0,0.0,0.0,3.37952464002357,0,0.0,0.0,3.541674014173228,0,0.0,0.0,3.776078425555142,0,0.0,0.0,2.4620639206398343,0,0.0,0.0,1.590601759005396
2024-12-12,3881.61,0.01299646903160645,True,1.0,0.01299646903160645,12.853013245033022,0,0.0,0.0,0.2558478049733858,0,0.0,0.0,2.232247642793549,0,0.0,0.0,3.37952464002357,0,0.0,0.0,3.541674014173228,0,0.0,0.0,3.776078425555142,0,0.0,0.0,2.4620639206398343,0,0.0,0.0,1.590601759005396
2024-12-13,3906.8,0.006489575202042408,True,1.0,0.006489575202042408,12.936423841059511,0,0.0,0.0,0.2558478049733858,0,0.0,0.0,2.232247642793549,0,0.0,0.0,3.37952464002357,0,0.0,0.0,3.541674014173228,0,0.0,0.0,3.776078425555142,0,0.0,0.0,2.4620639206398343,0,0.0,0.0,1.590601759005396
2024-12-14,3870.29,-0.00934524418961813,True,1.0,-0.00934524418961813,12.815529801324413,0,0.0,-0.0,0.2558478049733858,0,0.0,-0.0,2.232247642793549,0,0.0,-0.0,3.37952464002357,0,0.0,-0.0,3.541674014173228,0,0.0,-0.0,3.776078425555142,0,0.0,-0.0,2.4620639206398343,0,0.0,-0.0,1.590601759005396
2024-12-15,3959.09,0.022944017114996607,True,1.0,0.022944017114996607,13.109569536423749,0,0.0,0.0,0.2558478049733858,0,0.0,0.0,2.232247642793549,0,0.0,0.0,3.37952464002357,0,0.0,0.0,3.541674014173228,0,0.0,0.0,3.776078425555142,0,0.0,0.0,2.4620639206398343,0,0.0,0.0,1.590601759005396
2024-12-16,3986.24,0.006857636477069162,True,1.0,0.006857636477069162,13.199470198675403,0,0.0,0.0,0.2558478049733858,0,0.0,0.0,2.232247642793549,0,0.0,0.0,3.37952464002357,0,0.0,0.0,3.541674014173228,0,0.0,0.0,3.776078425555142,0,0.0,0.0,2.4620639206398343,0,0.0,0.0,1.590601759005396
2024-12-17,3893.01,-0.02338795456369902,True,1.0,-0.02338795456369902,12.890761589403883,0,0.0,-0.0,0.2558478049733858,0,0.0,-0.0,2.232247642793549,0,0.0,-0.0,3.37952464002357,0,0.0,-0.0,3.541674014173228,0,0.0,-0.0,3.776078425555142,0,0.0,-0.0,2.4620639206398343,0,0.0,-0.0,1.590601759005396
2024-12-18,3626.8,-0.06838153511036449,True,1.0,-0.06838153511036449,12.009271523178723,0,0.0,-0.0,0.2558478049733858,0,0.0,-0.0,2.232247642793549,0,0.0,-0.0,3.37952464002357,0,0.0,-0.0,3.541674014173228,0,0.0,-0.0,3.776078425555142,0,0.0,-0.0,2.4620639206398343,0,0.0,-0.0,1.590601759005396
2024-12-19,3417.01,-0.05784438072129705,False,1.0,-0.05784438072129705,11.314602649006542,0,0.0,-0.0,0.2558478049733858,0,0.0,-0.0,2.232247642793549,0,0.0,-0.0,3.37952464002357,0,0.0,-0.0,3.541674014173228,0,0.0,-0.0,3.776078425555142,0,0.0,-0.0,2.4620639206398343,0,0.0,-0.0,1.590601759005396
2024-12-20,3472.21,0.016154474233320837,False,1.0,0.016154474233320837,11.497384105960181,0,0.0,0.0,0.2558478049733858,0,0.0,0.0,2.232247642793549,0,0.0,0.0,3.37952464002357,0,0.0,0.0,3.541674014173228,0,0.0,0.0,3.776078425555142,0,0.0,0.0,2.4620639206398343,0,0.0,0.0,1.590601759005396
2024-12-21,3338.92,-0.038387655124546005,False,1.0,-0.038387655124546005,11.056026490066145,0,0.0,-0.0,0.2558478049733858,0,0.0,-0.0,2.232247642793549,0,0.0,-0.0,3.37952464002357,0,0.0,-0.0,3.541674014173228,0,0.0,-0.0,3.776078425555142,0,0.0,-0.0,2.4620639206398343,0,0.0,-0.0,1.590601759005396
2024-12-22,3281.83,-0.017098343176835673,False,1.0,-0.017098343176835673,10.866986754966808,0,0.0,-0.0,0.2558478049733858,0,0.0,-0.0,2.232247642793549,0,0.0,-0.0,3.37952464002357,0,0.0,-0.0,3.541674014173228,0,0.0,-0.0,3.776078425555142,0,0.0,-0.0,2.4620639206398343,0,0.0,-0.0,1.590601759005396
2024-12-23,3422.53,0.04287242178906281,False,1.0,0.04287242178906281,11.332880794701904,0,0.0,0.0,0.2558478049733858,0,0.0,0.0,2.232247642793549,0,0.0,0.0,3.37952464002357,0,0.0,0.0,3.541674014173228,0,0.0,0.0,3.776078425555142,0,0.0,0.0,2.4620639206398343,0,0.0,0.0,1.590601759005396
2024-12-24,3493.18,0.0206426240237485,False,1.0,0.0206426240237485,11.566821192052895,0,0.0,0.0,0.2558478049733858,0,0.0,0.0,2.232247642793549,0,0.0,0.0,3.37952464002357,0,0.0,0.0,3.541674014173228,0,0.0,0.0,3.776078425555142,0,0.0,0.0,2.4620639206398343,0,0.0,0.0,1.590601759005396
2024-12-25,3497.0,0.0010935594501286783,False,1.0,0.0010935594501286783,11.579470198675413,0,0.0,0.0,0.2558478049733858,0,0.0,0.0,2.232247642793549,0,0.0,0.0,3.37952464002357,0,0.0,0.0,3.541674014173228,0,0.0,0.0,3.776078425555142,0,0.0,0.0,2.4620639206398343,0,0.0,0.0,1.590601759005396
2024-12-26,3335.05,-0.046311123820417466,False,1.0,-0.046311123820417466,11.043211920529721,0,0.0,-0.0,0.2558478049733858,0,0.0,-0.0,2.232247642793549,0,0.0,-0.0,3.37952464002357,0,0.0,-0.0,3.541674014173228,0,0.0,-0.0,3.776078425555142,0,0.0,-0.0,2.4620639206398343,0,0.0,-0.0,1.590601759005396
2024-12-27,3333.51,-0.00046176219247084926,False,1.0,-0.00046176219247084926,11.038112582781377,0,0.0,-0.0,0.2558478049733858,0,0.0,-0.0,2.232247642793549,0,0.0,-0.0,3.37952464002357,0,0.0,-0.0,3.541674014173228,0,0.0,-0.0,3.776078425555142,0,0.0,-0.0,2.4620639206398343,0,0.0,-0.0,1.590601759005396
2024-12-28,3404.0,0.021145879268398726,False,1.0,0.021145879268398726,11.271523178807865,0,0.0,0.0,0.2558478049733858,0,0.0,0.0,2.232247642793549,0,0.0,0.0,3.37952464002357,0,0.0,0.0,3.541674014173228,0,0.0,0.0,3.776078425555142,0,0.0,0.0,2.4620639206398343,0,0.0,0.0,1.590601759005396
2024-12-29,3356.48,-0.013960047003525267,False,1.0,-0.013960047003525267,11.114172185430382,0,0.0,-0.0,0.2558478049733858,0,0.0,-0.0,2.232247642793549,0,0.0,-0.0,3.37952464002357,0,0.0,-0.0,3.541674014173228,0,0.0,-0.0,3.776078425555142,0,0.0,-0.0,2.4620639206398343,0,0.0,-0.0,1.590601759005396
2024-12-30,3361.84,0.0015969110496711902,False,1.0,0.0015969110496711902,11.131920529801244,0,0.0,0.0,0.2558478049733858,0,0.0,0.0,2.232247642793549,0,0.0,0.0,3.37952464002357,0,0.0,0.0,3.541674014173228,0,0.0,0.0,3.776078425555142,0,0.0,0.0,2.4620639206398343,0,0.0,0.0,1.590601759005396
2024-12-31,3337.78,-0.007156795088403944,False,1.0,-0.007156795088403944,11.052251655629059,0,0.0,-0.0,0.2558478049733858,0,0.0,-0.0,2.232247642793549,0,0.0,-0.0,3.37952464002357,0,0.0,-0.0,3.541674014173228,0,0.0,-0.0,3.776078425555142,0,0.0,-0.0,2.4620639206398343,0,0.0,-0.0,1.590601759005396
2025-01-01,3360.38,0.006770967529315941,False,1.0,0.006770967529315941,11.127086092715151,0,0.0,0.0,0.2558478049733858,0,0.0,0.0,2.232247642793549,0,0.0,0.0,3.37952464002357,0,0.0,0.0,3.541674014173228,0,0.0,0.0,3.776078425555142,0,0.0,0.0,2.4620639206398343,0,0.0,0.0,1.590601759005396
2025-01-02,3455.67,0.028356912015902846,False,1.0,0.028356912015902846,11.442615894039651,0,0.0,0.0,0.2558478049733858,0,0.0,0.0,2.232247642793549,0,0.0,0.0,3.37952464002357,0,0.0,0.0,3.541674014173228,0,0.0,0.0,3.776078425555142,0,0.0,0.0,2.4620639206398343,0,0.0,0.0,1.590601759005396
2025-01-03,3609.01,0.044373450011141236,False,1.0,0.044373450011141236,11.95036423841051,0,0.0,0.0,0.2558478049733858,0,0.0,0.0,2.232247642793549,0,0.0,0.0,3.37952464002357,0,0.0,0.0,3.541674014173228,0,0.0,0.0,3.776078425555142,0,0.0,0.0,2.4620639206398343,0,0.0,0.0,1.590601759005396
2025-01-04,3656.88,0.01326402531442139,False,1.0,0.01326402531442139,12.108874172185343,0,0.0,0.0,0.2558478049733858,0,0.0,0.0,2.232247642793549,0,0.0,0.0,3.37952464002357,0,0.0,0.0,3.541674014173228,0,0.0,0.0,3.776078425555142,0,0.0,0.0,2.4620639206398343,0,0.0,0.0,1.590601759005396
2025-01-05,3635.99,-0.005712519962372431,False,1.0,-0.005712519962372431,12.03970198675488,0,0.0,-0.0,0.2558478049733858,0,0.0,-0.0,2.232247642793549,0,0.0,-0.0,3.37952464002357,0,0.0,-0.0,3.541674014173228,0,0.0,-0.0,3.776078425555142,0,0.0,-0.0,2.4620639206398343,0,0.0,-0.0,1.590601759005396
2025-01-06,3687.45,0.014152954216045677,False,1.0,0.014152954216045677,12.210099337748256,0,0.0,0.0,0.2558478049733858,0,0.0,0.0,2.232247642793549,0,0.0,0.0,3.37952464002357,0,0.0,0.0,3.541674014173228,0,0.0,0.0,3.776078425555142,0,0.0,0.0,2.4620639206398343,0,0.0,0.0,1.590601759005396
2025-01-07,3381.31,-0.08302214267312091,False,1.0,-0.08302214267312091,11.196390728476741,0,0.0,-0.0,0.2558478049733858,0,0.0,-0.0,2.232247642793549,0,0.0,-0.0,3.37952464002357,0,0.0,-0.0,3.541674014173228,0,0.0,-0.0,3.776078425555142,0,0.0,-0.0,2.4620639206398343,0,0.0,-0.0,1.590601759005396
2025-01-08,3327.29,-0.01597605661710988,False,1.0,-0.01597605661710988,11.017516556291312,0,0.0,-0.0,0.2558478049733858,0,0.0,-0.0,2.232247642793549,0,0.0,-0.0,3.37952464002357,0,0.0,-0.0,3.541674014173228,0,0.0,-0.0,3.776078425555142,0,0.0,-0.0,2.4620639206398343,0,0.0,-0.0,1.590601759005396
2025-01-09,3219.2,-0.03248589693113624,False,1.0,-0.03248589693113624,10.659602649006546,0,0.0,-0.0,0.2558478049733858,0,0.0,-0.0,2.232247642793549,0,0.0,-0.0,3.37952464002357,0,0.0,-0.0,3.541674014173228,0,0.0,-0.0,3.776078425555142,0,0.0,-0.0,2.4620639206398343,0,0.0,-0.0,1.590601759005396
2025-01-10,3267.04,0.014860834990059635,False,1.0,0.014860834990059635,10.818013245033034,0,0.0,0.0,0.2558478049733858,0,0.0,0.0,2.232247642793549,0,0.0,0.0,3.37952464002357,0,0.0,0.0,3.541674014173228,0,0.0,0.0,3.776078425555142,0,0.0,0.0,2.4620639206398343,0,0.0,0.0,1.590601759005396
2025-01-11,3282.83,0.004833121112689076,True,1.0,0.004833121112689076,10.870298013244954,0,0.0,0.0,0.2558478049733858,0,0.0,0.0,2.232247642793549,0,0.0,0.0,3.37952464002357,0,0.0,0.0,3.541674014173228,0,0.0,0.0,3.776078425555142,0,0.0,0.0,2.4620639206398343,0,0.0,0.0,1.590601759005396
2025-01-12,3267.3,-0.004730674448570227,False,1.0,-0.004730674448570227,10.818874172185351,0,0.0,-0.0,0.2558478049733858,0,0.0,-0.0,2.232247642793549,0,0.0,-0.0,3.37952464002357,0,0.0,-0.0,3.541674014173228,0,0.0,-0.0,3.776078425555142,0,0.0,-0.0,2.4620639206398343,0,0.0,-0.0,1.590601759005396
2025-01-13,3137.51,-0.039723931074587604,False,1.0,-0.039723931074587604,10.389105960264825,0,0.0,-0.0,0.2558478049733858,0,0.0,-0.0,2.232247642793549,0,0.0,-0.0,3.37952464002357,0,0.0,-0.0,3.541674014173228,0,0.0,-0.0,3.776078425555142,0,0.0,-0.0,2.4620639206398343,0,0.0,-0.0,1.590601759005396
2025-01-14,3225.63,0.028085966259868478,False,1.0,0.028085966259868478,10.680894039735021,0,0.0,0.0,0.2558478049733858,0,0.0,0.0,2.232247642793549,0,0.0,0.0,3.37952464002357,0,0.0,0.0,3.541674014173228,0,0.0,0.0,3.776078425555142,0,0.0,0.0,2.4620639206398343,0,0.0,0.0,1.590601759005396
2025-01-15,3451.52,0.07002973062626516,True,1.0,0.07002973062626516,11.428874172185346,0,0.0,0.0,0.2558478049733858,0,0.0,0.0,2.232247642793549,0,0.0,0.0,3.37952464002357,0,0.0,0.0,3.541674014173228,0,0.0,0.0,3.776078425555142,0,0.0,0.0,2.4620639206398343,0,0.0,0.0,1.590601759005396
2025-01-16,3308.05,-0.04156719358427585,False,1.0,-0.04156719358427585,10.953807947019786,0,0.0,-0.0,0.2558478049733858,0,0.0,-0.0,2.232247642793549,0,0.0,-0.0,3.37952464002357,0,0.0,-0.0,3.541674014173228,0,0.0,-0.0,3.776078425555142,0,0.0,-0.0,2.4620639206398343,0,0.0,-0.0,1.590601759005396
2025-01-17,3473.63,0.05005365698825592,True,1.0,0.05005365698825592,11.502086092715146,0,0.0,0.0,0.2558478049733858,0,0.0,0.0,2.232247642793549,0,0.0,0.0,3.37952464002357,0,0.0,0.0,3.541674014173228,0,0.0,0.0,3.776078425555142,0,0.0,0.0,2.4620639206398343,0,0.0,0.0,1.590601759005396
2025-01-18,3307.71,-0.047765593917602045,False,1.0,-0.047765593917602045,10.952682119205216,0,0.0,-0.0,0.2558478049733858,0,0.0,-0.0,2.232247642793549,0,0.0,-0.0,3.37952464002357,0,0.0,-0.0,3.541674014173228,0,0.0,-0.0,3.776078425555142,0,0.0,-0.0,2.4620639206398343,0,0.0,-0.0,1.590601759005396
2025-01-19,3215.12,-0.027992175855803603,False,1.0,-0.027992175855803603,10.646092715231708,0,0.0,-0.0,0.2558478049733858,0,0.0,-0.0,2.232247642793549,0,0.0,-0.0,3.37952464002357,0,0.0,-0.0,3.541674014173228,0,0.0,-0.0,3.776078425555142,0,0.0,-0.0,2.4620639206398343,0,0.0,-0.0,1.590601759005396
2025-01-20,3284.0,0.021423772674114883,False,1.0,0.021423772674114883,10.874172185430382,0,0.0,0.0,0.2558478049733858,0,0.0,0.0,2.232247642793549,0,0.0,0.0,3.37952464002357,0,0.0,0.0,3.541674014173228,0,0.0,0.0,3.776078425555142,0,0.0,0.0,2.4620639206398343,0,0.0,0.0,1.590601759005396
2025-01-21,3327.54,0.01325822168087698,False,1.0,0.01325822168087698,11.018344370860845,0,0.0,0.0,0.2558478049733858,0,0.0,0.0,2.232247642793549,0,0.0,0.0,3.37952464002357,0,0.0,0.0,3.541674014173228,0,0.0,0.0,3.776078425555142,0,0.0,0.0,2.4620639206398343,0,0.0,0.0,1.590601759005396
2025-01-22,3242.6,-0.02552636482206072,False,1.0,-0.02552636482206072,10.737086092715153,0,0.0,-0.0,0.2558478049733858,0,0.0,-0.0,2.232247642793549,0,0.0,-0.0,3.37952464002357,0,0.0,-0.0,3.541674014173228,0,0.0,-0.0,3.776078425555142,0,0.0,-0.0,2.4620639206398343,0,0.0,-0.0,1.590601759005396
2025-01-23,3338.21,0.029485597976932176,False,1.0,0.029485597976932176,11.053675496688662,0,0.0,0.0,0.2558478049733858,0,0.0,0.0,2.232247642793549,0,0.0,0.0,3.37952464002357,0,0.0,0.0,3.541674014173228,0,0.0,0.0,3.776078425555142,0,0.0,0.0,2.4620639206398343,0,0.0,0.0,1.590601759005396
2025-01-24,3310.09,-0.008423676161775306,False,1.0,-0.008423676161775306,10.960562913907205,0,0.0,-0.0,0.2558478049733858,0,0.0,-0.0,2.232247642793549,0,0.0,-0.0,3.37952464002357,0,0.0,-0.0,3.541674014173228,0,0.0,-0.0,3.776078425555142,0,0.0,-0.0,2.4620639206398343,0,0.0,-0.0,1.590601759005396
2025-01-25,3318.77,0.0026222851946622328,False,1.0,0.0026222851946622328,10.989304635761508,0,0.0,0.0,0.2558478049733858,0,0.0,0.0,2.232247642793549,0,0.0,0.0,3.37952464002357,0,0.0,0.0,3.541674014173228,0,0.0,0.0,3.776078425555142,0,0.0,0.0,2.4620639206398343,0,0.0,0.0,1.590601759005396
2025-01-26,3232.61,-0.02596142546786906,False,1.0,-0.02596142546786906,10.704006622516477,0,0.0,-0.0,0.2558478049733858,0,0.0,-0.0,2.232247642793549,0,0.0,-0.0,3.37952464002357,0,0.0,-0.0,3.541674014173228,0,0.0,-0.0,3.776078425555142,0,0.0,-0.0,2.4620639206398343,0,0.0,-0.0,1.590601759005396
2025-01-27,3182.44,-0.0155199668379421,False,1.0,-0.0155199668379421,10.537880794701909,0,0.0,-0.0,0.2558478049733858,0,0.0,-0.0,2.232247642793549,0,0.0,-0.0,3.37952464002357,0,0.0,-0.0,3.541674014173228,0,0.0,-0.0,3.776078425555142,0,0.0,-0.0,2.4620639206398343,0,0.0,-0.0,1.590601759005396
2025-01-28,3077.72,-0.03290556931159749,False,1.0,-0.03290556931159749,10.191125827814494,0,0.0,-0.0,0.2558478049733858,0,0.0,-0.0,2.232247642793549,0,0.0,-0.0,3.37952464002357,0,0.0,-0.0,3.541674014173228,0,0.0,-0.0,3.776078425555142,0,0.0,-0.0,2.4620639206398343,0,0.0,-0.0,1.590601759005396
2025-01-29,3113.9,0.011755455337067788,False,1.0,0.011755455337067788,10.310927152317806,0,0.0,0.0,0.2558478049733858,0,0.0,0.0,2.232247642793549,0,0.0,0.0,3.37952464002357,0,0.0,0.0,3.541674014173228,0,0.0,0.0,3.776078425555142,0,0.0,0.0,2.4620639206398343,0,0.0,0.0,1.590601759005396
2025-01-30,3247.39,0.042869070939978826,False,1.0,0.042869070939978826,10.752947019867472,0,0.0,0.0,0.2558478049733858,0,0.0,0.0,2.232247642793549,0,0.0,0.0,3.37952464002357,0,0.0,0.0,3.541674014173228,0,0.0,0.0,3.776078425555142,0,0.0,0.0,2.4620639206398343,0,0.0,0.0,1.590601759005396
2025-01-31,3300.99,0.016505562928998296,True,1.0,0.016505562928998296,10.93043046357608,0,0.0,0.0,0.2558478049733858,0,0.0,0.0,2.232247642793549,0,0.0,0.0,3.37952464002357,0,0.0,0.0,3.541674014173228,0,0.0,0.0,3.776078425555142,0,0.0,0.0,2.4620639206398343,0,0.0,0.0,1.590601759005396
2025-02-01,3117.54,-0.055574236819863065,False,1.0,-0.055574236819863065,10.322980132450258,0,0.0,-0.0,0.2558478049733858,0,0.0,-0.0,2.232247642793549,0,0.0,-0.0,3.37952464002357,0,0.0,-0.0,3.541674014173228,0,0.0,-0.0,3.776078425555142,0,0.0,-0.0,2.4620639206398343,0,0.0,-0.0,1.590601759005396
2025-02-02,2869.68,-0.07950499432244662,False,1.0,-0.07950499432244662,9.50225165562907,0,0.0,-0.0,0.2558478049733858,0,0.0,-0.0,2.232247642793549,0,0.0,-0.0,3.37952464002357,0,0.0,-0.0,3.541674014173228,0,0.0,-0.0,3.776078425555142,0,0.0,-0.0,2.4620639206398343,0,0.0,-0.0,1.590601759005396
2025-02-03,2879.9,0.003561372696607279,False,1.0,0.003561372696607279,9.53609271523172,0,0.0,0.0,0.2558478049733858,0,0.0,0.0,2.232247642793549,0,0.0,0.0,3.37952464002357,0,0.0,0.0,3.541674014173228,0,0.0,0.0,3.776078425555142,0,0.0,0.0,2.4620639206398343,0,0.0,0.0,1.590601759005396
2025-02-04,2731.19,-0.051637209625334246,False,1.0,-0.051637209625334246,9.043675496688676,0,0.0,-0.0,0.2558478049733858,0,0.0,-0.0,2.232247642793549,0,0.0,-0.0,3.37952464002357,0,0.0,-0.0,3.541674014173228,0,0.0,-0.0,3.776078425555142,0,0.0,-0.0,2.4620639206398343,0,0.0,-0.0,1.590601759005396
2025-02-05,2788.25,0.020891992135296356,False,1.0,0.020891992135296356,9.232615894039668,0,0.0,0.0,0.2558478049733858,0,0.0,0.0,2.232247642793549,0,0.0,0.0,3.37952464002357,0,0.0,0.0,3.541674014173228,0,0.0,0.0,3.776078425555142,0,0.0,0.0,2.4620639206398343,0,0.0,0.0,1.590601759005396
2025-02-06,2686.64,-0.036442212857527134,False,1.0,-0.036442212857527134,8.896158940397287,0,0.0,-0.0,0.2558478049733858,0,0.0,-0.0,2.232247642793549,0,0.0,-0.0,3.37952464002357,0,0.0,-0.0,3.541674014173228,0,0.0,-0.0,3.776078425555142,0,0.0,-0.0,2.4620639206398343,0,0.0,-0.0,1.590601759005396
2025-02-07,2622.1,-0.024022570943632138,False,1.0,-0.024022570943632138,8.682450331125766,0,0.0,-0.0,0.2558478049733858,0,0.0,-0.0,2.232247642793549,0,0.0,-0.0,3.37952464002357,0,0.0,-0.0,3.541674014173228,0,0.0,-0.0,3.776078425555142,0,0.0,-0.0,2.4620639206398343,0,0.0,-0.0,1.590601759005396
2025-02-08,2632.46,0.003951031615880396,False,1.0,0.003951031615880396,8.716754966887356,0,0.0,0.0,0.2558478049733858,0,0.0,0.0,2.232247642793549,0,0.0,0.0,3.37952464002357,0,0.0,0.0,3.541674014173228,0,0.0,0.0,3.776078425555142,0,0.0,0.0,2.4620639206398343,0,0.0,0.0,1.590601759005396
2025-02-09,2627.18,-0.00200572848210423,False,1.0,-0.00200572848210423,8.699271523178746,0,0.0,-0.0,0.2558478049733858,0,0.0,-0.0,2.232247642793549,0,0.0,-0.0,3.37952464002357,0,0.0,-0.0,3.541674014173228,0,0.0,-0.0,3.776078425555142,0,0.0,-0.0,2.4620639206398343,0,0.0,-0.0,1.590601759005396
2025-02-10,2661.19,0.012945439596830255,False,1.0,0.012945439596830255,8.811887417218482,0,0.0,0.0,0.2558478049733858,0,0.0,0.0,2.232247642793549,0,0.0,0.0,3.37952464002357,0,0.0,0.0,3.541674014173228,0,0.0,0.0,3.776078425555142,0,0.0,0.0,2.4620639206398343,0,0.0,0.0,1.590601759005396
2025-02-11,2602.59,-0.022020224035112057,False,1.0,-0.022020224035112057,8.617847682119146,0,0.0,-0.0,0.2558478049733858,0,0.0,-0.0,2.232247642793549,0,0.0,-0.0,3.37952464002357,0,0.0,-0.0,3.541674014173228,0,0.0,-0.0,3.776078425555142,0,0.0,-0.0,2.4620639206398343,0,0.0,-0.0,1.590601759005396
2025-02-12,2738.27,0.05213268321172371,False,1.0,0.05213268321172371,9.067119205297951,0,0.0,0.0,0.2558478049733858,0,0.0,0.0,2.232247642793549,0,0.0,0.0,3.37952464002357,0,0.0,0.0,3.541674014173228,0,0.0,0.0,3.776078425555142,0,0.0,0.0,2.4620639206398343,0,0.0,0.0,1.590601759005396
2025-02-13,2675.87,-0.022788110741453593,False,1.0,-0.022788110741453593,8.86049668874166,0,0.0,-0.0,0.2558478049733858,0,0.0,-0.0,2.232247642793549,0,0.0,-0.0,3.37952464002357,0,0.0,-0.0,3.541674014173228,0,0.0,-0.0,3.776078425555142,0,0.0,-0.0,2.4620639206398343,0,0.0,-0.0,1.590601759005396
2025-02-14,2725.95,0.01871540844659858,False,1.0,0.01871540844659858,9.026324503311194,0,0.0,0.0,0.2558478049733858,0,0.0,0.0,2.232247642793549,0,0.0,0.0,3.37952464002357,0,0.0,0.0,3.541674014173228,0,0.0,0.0,3.776078425555142,0,0.0,0.0,2.4620639206398343,0,0.0,0.0,1.590601759005396
2025-02-15,2693.04,-0.012072855334837373,False,1.0,-0.012072855334837373,8.91735099337742,0,0.0,-0.0,0.2558478049733858,0,0.0,-0.0,2.232247642793549,0,0.0,-0.0,3.37952464002357,0,0.0,-0.0,3.541674014173228,0,0.0,-0.0,3.776078425555142,0,0.0,-0.0,2.4620639206398343,0,0.0,-0.0,1.590601759005396
2025-02-16,2661.41,-0.011745091049520262,False,1.0,-0.011745091049520262,8.812615894039672,0,0.0,-0.0,0.2558478049733858,0,0.0,-0.0,2.232247642793549,0,0.0,-0.0,3.37952464002357,0,0.0,-0.0,3.541674014173228,0,0.0,-0.0,3.776078425555142,0,0.0,-0.0,2.4620639206398343,0,0.0,-0.0,1.590601759005396
2025-02-17,2744.05,0.03105120969711561,False,1.0,0.03105120969711561,9.086258278145632,0,0.0,0.0,0.2558478049733858,0,0.0,0.0,2.232247642793549,0,0.0,0.0,3.37952464002357,0,0.0,0.0,3.541674014173228,0,0.0,0.0,3.776078425555142,0,0.0,0.0,2.4620639206398343,0,0.0,0.0,1.590601759005396
2025-02-18,2671.99,-0.026260454437783687,False,1.0,-0.026260454437783687,8.847649006622454,0,0.0,-0.0,0.2558478049733858,0,0.0,-0.0,2.232247642793549,0,0.0,-0.0,3.37952464002357,0,0.0,-0.0,3.541674014173228,0,0.0,-0.0,3.776078425555142,0,0.0,-0.0,2.4620639206398343,0,0.0,-0.0,1.590601759005396
2025-02-19,2715.5,0.01628374357688478,False,1.0,0.01628374357688478,8.991721854304574,0,0.0,0.0,0.2558478049733858,0,0.0,0.0,2.232247642793549,0,0.0,0.0,3.37952464002357,0,0.0,0.0,3.541674014173228,0,0.0,0.0,3.776078425555142,0,0.0,0.0,2.4620639206398343,0,0.0,0.0,1.590601759005396
2025-02-20,2738.04,0.008300497146013663,False,1.0,0.008300497146013663,9.066357615893978,0,0.0,0.0,0.2558478049733858,0,0.0,0.0,2.232247642793549,0,0.0,0.0,3.37952464002357,0,0.0,0.0,3.541674014173228,0,0.0,0.0,3.776078425555142,0,0.0,0.0,2.4620639206398343,0,0.0,0.0,1.590601759005396
2025-02-21,2663.0,-0.02740646593913898,False,1.0,-0.02740646593913898,8.817880794701926,0,0.0,-0.0,0.2558478049733858,0,0.0,-0.0,2.232247642793549,0,0.0,-0.0,3.37952464002357,0,0.0,-0.0,3.541674014173228,0,0.0,-0.0,3.776078425555142,0,0.0,-0.0,2.4620639206398343,0,0.0,-0.0,1.590601759005396
2025-02-22,2763.22,0.037634247089748385,False,1.0,0.037634247089748385,9.149735099337684,0,0.0,0.0,0.2558478049733858,0,0.0,0.0,2.232247642793549,0,0.0,0.0,3.37952464002357,0,0.0,0.0,3.541674014173228,0,0.0,0.0,3.776078425555142,0,0.0,0.0,2.4620639206398343,0,0.0,0.0,1.590601759005396
2025-02-23,2819.69,0.02043630257453266,False,1.0,0.02043630257453266,9.336721854304571,0,0.0,0.0,0.2558478049733858,0,0.0,0.0,2.232247642793549,0,0.0,0.0,3.37952464002357,0,0.0,0.0,3.541674014173228,0,0.0,0.0,3.776078425555142,0,0.0,0.0,2.4620639206398343,0,0.0,0.0,1.590601759005396
2025-02-24,2513.52,-0.10858285839932758,False,1.0,-0.10858285839932758,8.322913907284711,0,0.0,-0.0,0.2558478049733858,0,0.0,-0.0,2.232247642793549,0,0.0,-0.0,3.37952464002357,0,0.0,-0.0,3.541674014173228,0,0.0,-0.0,3.776078425555142,0,0.0,-0.0,2.4620639206398343,0,0.0,-0.0,1.590601759005396
2025-02-25,2495.7,-0.007089659123460379,False,1.0,-0.007089659123460379,8.263907284768155,0,0.0,-0.0,0.2558478049733858,0,0.0,-0.0,2.232247642793549,0,0.0,-0.0,3.37952464002357,0,0.0,-0.0,3.541674014173228,0,0.0,-0.0,3.776078425555142,0,0.0,-0.0,2.4620639206398343,0,0.0,-0.0,1.590601759005396
2025-02-26,2336.37,-0.06384180790960448,False,1.0,-0.06384180790960448,7.736324503311206,0,0.0,-0.0,0.2558478049733858,0,0.0,-0.0,2.232247642793549,0,0.0,-0.0,3.37952464002357,0,0.0,-0.0,3.541674014173228,0,0.0,-0.0,3.776078425555142,0,0.0,-0.0,2.4620639206398343,0,0.0,-0.0,1.590601759005396
2025-02-27,2307.72,-0.012262612514285065,False,1.0,-0.012262612514285065,7.641456953642332,0,0.0,-0.0,0.2558478049733858,0,0.0,-0.0,2.232247642793549,0,0.0,-0.0,3.37952464002357,0,0.0,-0.0,3.541674014173228,0,0.0,-0.0,3.776078425555142,0,0.0,-0.0,2.4620639206398343,0,0.0,-0.0,1.590601759005396
2025-02-28,2237.59,-0.030389301995042528,False,1.0,-0.030389301995042528,7.409238410595978,0,0.0,-0.0,0.2558478049733858,0,0.0,-0.0,2.232247642793549,0,0.0,-0.0,3.37952464002357,0,0.0,-0.0,3.541674014173228,0,0.0,-0.0,3.776078425555142,0,0.0,-0.0,2.4620639206398343,0,0.0,-0.0,1.590601759005396
2025-03-01,2217.39,-0.009027569840766247,False,1.0,-0.009027569840766247,7.342350993377435,0,0.0,-0.0,0.2558478049733858,0,0.0,-0.0,2.232247642793549,0,0.0,-0.0,3.37952464002357,0,0.0,-0.0,3.541674014173228,0,0.0,-0.0,3.776078425555142,0,0.0,-0.0,2.4620639206398343,0,0.0,-0.0,1.590601759005396
2025-03-02,2518.11,0.1356189033052373,False,1.0,0.1356189033052373,8.338112582781402,0,0.0,0.0,0.2558478049733858,0,0.0,0.0,2.232247642793549,0,0.0,0.0,3.37952464002357,0,0.0,0.0,3.541674014173228,0,0.0,0.0,3.776078425555142,0,0.0,0.0,2.4620639206398343,0,0.0,0.0,1.590601759005396
2025-03-03,2149.01,-0.14657818760896069,False,1.0,-0.14657818760896069,7.115927152317834,0,0.0,-0.0,0.2558478049733858,0,0.0,-0.0,2.232247642793549,0,0.0,-0.0,3.37952464002357,0,0.0,-0.0,3.541674014173228,0,0.0,-0.0,3.776078425555142,0,0.0,-0.0,2.4620639206398343,0,0.0,-0.0,1.590601759005396
2025-03-04,2171.51,0.010469937319975253,False,1.0,0.010469937319975253,7.190430463576112,0,0.0,0.0,0.2558478049733858,0,0.0,0.0,2.232247642793549,0,0.0,0.0,3.37952464002357,0,0.0,0.0,3.541674014173228,0,0.0,0.0,3.776078425555142,0,0.0,0.0,2.4620639206398343,0,0.0,0.0,1.590601759005396
2025-03-05,2241.59,0.03227247399275157,False,1.0,0.03227247399275157,7.42248344370856,0,0.0,0.0,0.2558478049733858,0,0.0,0.0,2.232247642793549,0,0.0,0.0,3.37952464002357,0,0.0,0.0,3.541674014173228,0,0.0,0.0,3.776078425555142,0,0.0,0.0,2.4620639206398343,0,0.0,0.0,1.590601759005396
2025-03-06,2202.2,-0.01757234819926945,False,1.0,-0.01757234819926945,7.292052980132401,0,0.0,-0.0,0.2558478049733858,0,0.0,-0.0,2.232247642793549,0,0.0,-0.0,3.37952464002357,0,0.0,-0.0,3.541674014173228,0,0.0,-0.0,3.776078425555142,0,0.0,-0.0,2.4620639206398343,0,0.0,-0.0,1.590601759005396
2025-03-07,2141.6,-0.027517936608845606,False,1.0,-0.027517936608845606,7.091390728476774,0,0.0,-0.0,0.2558478049733858,0,0.0,-0.0,2.232247642793549,0,0.0,-0.0,3.37952464002357,0,0.0,-0.0,3.541674014173228,0,0.0,-0.0,3.776078425555142,0,0.0,-0.0,2.4620639206398343,0,0.0,-0.0,1.590601759005396
2025-03-08,2203.58,0.028940978707508336,False,1.0,0.028940978707508336,7.296622516556242,0,0.0,0.0,0.2558478049733858,0,0.0,0.0,2.232247642793549,0,0.0,0.0,3.37952464002357,0,0.0,0.0,3.541674014173228,0,0.0,0.0,3.776078425555142,0,0.0,0.0,2.4620639206398343,0,0.0,0.0,1.590601759005396
2025-03-09,2020.41,-0.08312382577442157,False,1.0,-0.08312382577442157,6.6900993377483,0,0.0,-0.0,0.2558478049733858,0,0.0,-0.0,2.232247642793549,0,0.0,-0.0,3.37952464002357,0,0.0,-0.0,3.541674014173228,0,0.0,-0.0,3.776078425555142,0,0.0,-0.0,2.4620639206398343,0,0.0,-0.0,1.590601759005396
2025-03-10,1865.1,-0.07687053617830053,False,1.0,-0.07687053617830053,6.1758278145694945,0,0.0,-0.0,0.2558478049733858,0,0.0,-0.0,2.232247642793549,0,0.0,-0.0,3.37952464002357,0,0.0,-0.0,3.541674014173228,0,0.0,-0.0,3.776078425555142,0,0.0,-0.0,2.4620639206398343,0,0.0,-0.0,1.590601759005396
2025-03-11,1923.43,0.03127446249530874,False,1.0,0.03127446249530874,6.368973509933733,0,0.0,0.0,0.2558478049733858,0,0.0,0.0,2.232247642793549,0,0.0,0.0,3.37952464002357,0,0.0,0.0,3.541674014173228,0,0.0,0.0,3.776078425555142,0,0.0,0.0,2.4620639206398343,0,0.0,0.0,1.590601759005396
2025-03-12,1908.2,-0.007918146228352518,False,1.0,-0.007918146228352518,6.318543046357574,0,0.0,-0.0,0.2558478049733858,0,0.0,-0.0,2.232247642793549,0,0.0,-0.0,3.37952464002357,0,0.0,-0.0,3.541674014173228,0,0.0,-0.0,3.776078425555142,0,0.0,-0.0,2.4620639206398343,0,0.0,-0.0,1.590601759005396
2025-03-13,1864.59,-0.02285399853264869,False,1.0,-0.02285399853264869,6.17413907284764,0,0.0,-0.0,0.2558478049733858,0,0.0,-0.0,2.232247642793549,0,0.0,-0.0,3.37952464002357,0,0.0,-0.0,3.541674014173228,0,0.0,-0.0,3.776078425555142,0,0.0,-0.0,2.4620639206398343,0,0.0,-0.0,1.590601759005396
2025-03-14,1911.65,0.025238792442306535,False,1.0,0.025238792442306535,6.329966887417177,0,0.0,0.0,0.2558478049733858,0,0.0,0.0,2.232247642793549,0,0.0,0.0,3.37952464002357,0,0.0,0.0,3.541674014173228,0,0.0,0.0,3.776078425555142,0,0.0,0.0,2.4620639206398343,0,0.0,0.0,1.590601759005396
2025-03-15,1937.17,0.013349724060366608,False,1.0,0.013349724060366608,6.4144701986754535,0,0.0,0.0,0.2558478049733858,0,0.0,0.0,2.232247642793549,0,0.0,0.0,3.37952464002357,0,0.0,0.0,3.541674014173228,0,0.0,0.0,3.776078425555142,0,0.0,0.0,2.4620639206398343,0,0.0,0.0,1.590601759005396
2025-03-16,1887.0,-0.025898604665568925,False,1.0,-0.025898604665568925,6.248344370860885,0,0.0,-0.0,0.2558478049733858,0,0.0,-0.0,2.232247642793549,0,0.0,-0.0,3.37952464002357,0,0.0,-0.0,3.541674014173228,0,0.0,-0.0,3.776078425555142,0,0.0,-0.0,2.4620639206398343,0,0.0,-0.0,1.590601759005396
2025-03-17,1926.31,0.020832008479067188,False,1.0,0.020832008479067188,6.37850993377479,0,0.0,0.0,0.2558478049733858,0,0.0,0.0,2.232247642793549,0,0.0,0.0,3.37952464002357,0,0.0,0.0,3.541674014173228,0,0.0,0.0,3.776078425555142,0,0.0,0.0,2.4620639206398343,0,0.0,0.0,1.590601759005396
2025-03-18,1931.54,0.0027150354823470835,False,1.0,0.0027150354823470835,6.3958278145694925,0,0.0,0.0,0.2558478049733858,0,0.0,0.0,2.232247642793549,0,0.0,0.0,3.37952464002357,0,0.0,0.0,3.541674014173228,0,0.0,0.0,3.776078425555142,0,0.0,0.0,2.4620639206398343,0,0.0,0.0,1.590601759005396
2025-03-19,2056.06,0.06446669496878132,False,1.0,0.06446669496878132,6.808145695364191,0,0.0,0.0,0.2558478049733858,0,0.0,0.0,2.232247642793549,0,0.0,0.0,3.37952464002357,0,0.0,0.0,3.541674014173228,0,0.0,0.0,3.776078425555142,0,0.0,0.0,2.4620639206398343,0,0.0,0.0,1.590601759005396
2025-03-20,1983.79,-0.0351497524391311,False,1.0,-0.0351497524391311,6.568841059602604,0,0.0,-0.0,0.2558478049733858,0,0.0,-0.0,2.232247642793549,0,0.0,-0.0,3.37952464002357,0,0.0,-0.0,3.541674014173228,0,0.0,-0.0,3.776078425555142,0,0.0,-0.0,2.4620639206398343,0,0.0,-0.0,1.590601759005396
2025-03-21,1965.75,-0.009093704474767983,False,1.0,-0.009093704474767983,6.509105960264856,0,0.0,-0.0,0.2558478049733858,0,0.0,-0.0,2.232247642793549,0,0.0,-0.0,3.37952464002357,0,0.0,-0.0,3.541674014173228,0,0.0,-0.0,3.776078425555142,0,0.0,-0.0,2.4620639206398343,0,0.0,-0.0,1.590601759005396
2025-03-22,1980.69,0.007600152613506328,False,1.0,0.007600152613506328,6.558576158940353,0,0.0,0.0,0.2558478049733858,0,0.0,0.0,2.232247642793549,0,0.0,0.0,3.37952464002357,0,0.0,0.0,3.541674014173228,0,0.0,0.0,3.776078425555142,0,0.0,0.0,2.4620639206398343,0,0.0,0.0,1.590601759005396
2025-03-23,2005.99,0.012773326467039325,False,1.0,0.012773326467039325,6.6423509933774385,0,0.0,0.0,0.2558478049733858,0,0.0,0.0,2.232247642793549,0,0.0,0.0,3.37952464002357,0,0.0,0.0,3.541674014173228,0,0.0,0.0,3.776078425555142,0,0.0,0.0,2.4620639206398343,0,0.0,0.0,1.590601759005396
2025-03-24,2081.2,0.03749270933553994,False,1.0,0.03749270933553994,6.8913907284767735,0,0.0,0.0,0.2558478049733858,0,0.0,0.0,2.232247642793549,0,0.0,0.0,3.37952464002357,0,0.0,0.0,3.541674014173228,0,0.0,0.0,3.776078425555142,0,0.0,0.0,2.4620639206398343,0,0.0,0.0,1.590601759005396
2025-03-25,2066.15,-0.007231404958677579,False,1.0,-0.007231404958677579,6.841556291390682,0,0.0,-0.0,0.2558478049733858,0,0.0,-0.0,2.232247642793549,0,0.0,-0.0,3.37952464002357,0,0.0,-0.0,3.541674014173228,0,0.0,-0.0,3.776078425555142,0,0.0,-0.0,2.4620639206398343,0,0.0,-0.0,1.590601759005396
2025-03-26,2009.52,-0.027408465019480688,False,1.0,-0.027408465019480688,6.654039735099293,0,0.0,-0.0,0.2558478049733858,0,0.0,-0.0,2.232247642793549,0,0.0,-0.0,3.37952464002357,0,0.0,-0.0,3.541674014173228,0,0.0,-0.0,3.776078425555142,0,0.0,-0.0,2.4620639206398343,0,0.0,-0.0,1.590601759005396
2025-03-27,2003.66,-0.002916119272263984,False,1.0,-0.002916119272263984,6.634635761589359,0,0.0,-0.0,0.2558478049733858,0,0.0,-0.0,2.232247642793549,0,0.0,-0.0,3.37952464002357,0,0.0,-0.0,3.541674014173228,0,0.0,-0.0,3.776078425555142,0,0.0,-0.0,2.4620639206398343,0,0.0,-0.0,1.590601759005396
2025-03-28,1896.9,-0.05328249303774091,False,1.0,-0.05328249303774091,6.281125827814527,0,0.0,-0.0,0.2558478049733858,0,0.0,-0.0,2.232247642793549,0,0.0,-0.0,3.37952464002357,0,0.0,-0.0,3.541674014173228,0,0.0,-0.0,3.776078425555142,0,0.0,-0.0,2.4620639206398343,0,0.0,-0.0,1.590601759005396
2025-03-29,1828.08,-0.03628024671832997,False,1.0,-0.03628024671832997,6.053245033112542,0,0.0,-0.0,0.2558478049733858,0,0.0,-0.0,2.232247642793549,0,0.0,-0.0,3.37952464002357,0,0.0,-0.0,3.541674014173228,0,0.0,-0.0,3.776078425555142,0,0.0,-0.0,2.4620639206398343,0,0.0,-0.0,1.590601759005396
2025-03-30,1807.74,-0.01112642772745176,False,1.0,-0.01112642772745176,5.985894039735059,0,0.0,-0.0,0.2558478049733858,0,0.0,-0.0,2.232247642793549,0,0.0,-0.0,3.37952464002357,0,0.0,-0.0,3.541674014173228,0,0.0,-0.0,3.776078425555142,0,0.0,-0.0,2.4620639206398343,0,0.0,-0.0,1.590601759005396
2025-03-31,1822.43,0.008126168586190419,False,1.0,0.008126168586190419,6.034536423841018,0,0.0,0.0,0.2558478049733858,0,0.0,0.0,2.232247642793549,0,0.0,0.0,3.37952464002357,0,0.0,0.0,3.541674014173228,0,0.0,0.0,3.776078425555142,0,0.0,0.0,2.4620639206398343,0,0.0,0.0,1.590601759005396
2025-04-01,1904.98,0.04529666434376067,False,1.0,0.04529666434376067,6.307880794701943,0,0.0,0.0,0.2558478049733858,0,0.0,0.0,2.232247642793549,0,0.0,0.0,3.37952464002357,0,0.0,0.0,3.541674014173228,0,0.0,0.0,3.776078425555142,0,0.0,0.0,2.4620639206398343,0,0.0,0.0,1.590601759005396
2025-04-02,1795.22,-0.05761740280737859,False,1.0,-0.05761740280737859,5.944437086092674,0,0.0,-0.0,0.2558478049733858,0,0.0,-0.0,2.232247642793549,0,0.0,-0.0,3.37952464002357,0,0.0,-0.0,3.541674014173228,0,0.0,-0.0,3.776078425555142,0,0.0,-0.0,2.4620639206398343,0,0.0,-0.0,1.590601759005396
2025-04-03,1817.23,0.01226033578057284,False,1.0,0.01226033578057284,6.017317880794661,0,0.0,0.0,0.2558478049733858,0,0.0,0.0,2.232247642793549,0,0.0,0.0,3.37952464002357,0,0.0,0.0,3.541674014173228,0,0.0,0.0,3.776078425555142,0,0.0,0.0,2.4620639206398343,0,0.0,0.0,1.590601759005396
2025-04-04,1816.87,-0.00019810370729078652,False,1.0,-0.00019810370729078652,6.016125827814528,0,0.0,-0.0,0.2558478049733858,0,0.0,-0.0,2.232247642793549,0,0.0,-0.0,3.37952464002357,0,0.0,-0.0,3.541674014173228,0,0.0,-0.0,3.776078425555142,0,0.0,-0.0,2.4620639206398343,0,0.0,-0.0,1.590601759005396
2025-04-05,1806.01,-0.00597731263106327,False,1.0,-0.00597731263106327,5.980165562913866,0,0.0,-0.0,0.2558478049733858,0,0.0,-0.0,2.232247642793549,0,0.0,-0.0,3.37952464002357,0,0.0,-0.0,3.541674014173228,0,0.0,-0.0,3.776078425555142,0,0.0,-0.0,2.4620639206398343,0,0.0,-0.0,1.590601759005396
2025-04-06,1580.76,-0.12472245447145913,False,1.0,-0.12472245447145913,5.2343046357615535,0,0.0,-0.0,0.2558478049733858,0,0.0,-0.0,2.232247642793549,0,0.0,-0.0,3.37952464002357,0,0.0,-0.0,3.541674014173228,0,0.0,-0.0,3.776078425555142,0,0.0,-0.0,2.4620639206398343,0,0.0,-0.0,1.590601759005396
2025-04-07,1553.04,-0.017535868822591727,False,1.0,-0.017535868822591727,5.142516556291355,0,0.0,-0.0,0.2558478049733858,0,0.0,-0.0,2.232247642793549,0,0.0,-0.0,3.37952464002357,0,0.0,-0.0,3.541674014173228,0,0.0,-0.0,3.776078425555142,0,0.0,-0.0,2.4620639206398343,0,0.0,-0.0,1.590601759005396
2025-04-08,1473.41,-0.051273631071962034,False,1.0,-0.051273631071962034,4.878841059602615,0,0.0,-0.0,0.2558478049733858,0,0.0,-0.0,2.232247642793549,0,0.0,-0.0,3.37952464002357,0,0.0,-0.0,3.541674014173228,0,0.0,-0.0,3.776078425555142,0,0.0,-0.0,2.4620639206398343,0,0.0,-0.0,1.590601759005396
2025-04-09,1669.51,0.133092621877142,False,1.0,0.133092621877142,5.52817880794698,0,0.0,0.0,0.2558478049733858,0,0.0,0.0,2.232247642793549,0,0.0,0.0,3.37952464002357,0,0.0,0.0,3.541674014173228,0,0.0,0.0,3.776078425555142,0,0.0,0.0,2.4620639206398343,0,0.0,0.0,1.590601759005396
2025-04-10,1522.25,-0.08820552138052484,False,1.0,-0.08820552138052484,5.040562913907248,0,0.0,-0.0,0.2558478049733858,0,0.0,-0.0,2.232247642793549,0,0.0,-0.0,3.37952464002357,0,0.0,-0.0,3.541674014173228,0,0.0,-0.0,3.776078425555142,0,0.0,-0.0,2.4620639206398343,0,0.0,-0.0,1.590601759005396
2025-04-11,1566.85,0.029298735424535982,False,1.0,0.029298735424535982,5.188245033112545,0,0.0,0.0,0.2558478049733858,0,0.0,0.0,2.232247642793549,0,0.0,0.0,3.37952464002357,0,0.0,0.0,3.541674014173228,0,0.0,0.0,3.776078425555142,0,0.0,0.0,2.4620639206398343,0,0.0,0.0,1.590601759005396
2025-04-12,1644.18,0.04935379902351866,False,1.0,0.04935379902351866,5.444304635761551,0,0.0,0.0,0.2558478049733858,0,0.0,0.0,2.232247642793549,0,0.0,0.0,3.37952464002357,0,0.0,0.0,3.541674014173228,0,0.0,0.0,3.776078425555142,0,0.0,0.0,2.4620639206398343,0,0.0,0.0,1.590601759005396
2025-04-13,1597.76,-0.02823291853689991,False,1.0,-0.02823291853689991,5.290596026490029,0,0.0,-0.0,0.2558478049733858,0,0.0,-0.0,2.232247642793549,0,0.0,-0.0,3.37952464002357,0,0.0,-0.0,3.541674014173228,0,0.0,-0.0,3.776078425555142,0,0.0,-0.0,2.4620639206398343,0,0.0,-0.0,1.590601759005396
2025-04-14,1623.77,0.016279040656919763,False,1.0,0.016279040656919763,5.376721854304598,0,0.0,0.0,0.2558478049733858,0,0.0,0.0,2.232247642793549,0,0.0,0.0,3.37952464002357,0,0.0,0.0,3.541674014173228,0,0.0,0.0,3.776078425555142,0,0.0,0.0,2.4620639206398343,0,0.0,0.0,1.590601759005396
2025-04-15,1588.78,-0.02154861833880417,False,1.0,-0.02154861833880417,5.26086092715228,0,0.0,-0.0,0.2558478049733858,0,0.0,-0.0,2.232247642793549,0,0.0,-0.0,3.37952464002357,0,0.0,-0.0,3.541674014173228,0,0.0,-0.0,3.776078425555142,0,0.0,-0.0,2.4620639206398343,0,0.0,-0.0,1.590601759005396
2025-04-16,1577.14,-0.007326376213194985,False,1.0,-0.007326376213194985,5.222317880794665,0,0.0,-0.0,0.2558478049733858,0,0.0,-0.0,2.232247642793549,0,0.0,-0.0,3.37952464002357,0,0.0,-0.0,3.541674014173228,0,0.0,-0.0,3.776078425555142,0,0.0,-0.0,2.4620639206398343,0,0.0,-0.0,1.590601759005396
2025-04-17,1583.62,0.004108703095476507,False,1.0,0.004108703095476507,5.2437748344370485,0,0.0,0.0,0.2558478049733858,0,0.0,0.0,2.232247642793549,0,0.0,0.0,3.37952464002357,0,0.0,0.0,3.541674014173228,0,0.0,0.0,3.776078425555142,0,0.0,0.0,2.4620639206398343,0,0.0,0.0,1.590601759005396
2025-04-18,1588.6,0.003144693802806131,False,1.0,0.003144693802806131,5.2602649006622135,0,0.0,0.0,0.2558478049733858,0,0.0,0.0,2.232247642793549,0,0.0,0.0,3.37952464002357,0,0.0,0.0,3.541674014173228,0,0.0,0.0,3.776078425555142,0,0.0,0.0,2.4620639206398343,0,0.0,0.0,1.590601759005396
2025-04-19,1613.27,0.015529396953292363,False,1.0,0.015529396953292363,5.341953642384068,0,0.0,0.0,0.2558478049733858,0,0.0,0.0,2.232247642793549,0,0.0,0.0,3.37952464002357,0,0.0,0.0,3.541674014173228,0,0.0,0.0,3.776078425555142,0,0.0,0.0,2.4620639206398343,0,0.0,0.0,1.590601759005396
2025-04-20,1587.36,-0.01606054783142319,False,1.0,-0.01606054783142319,5.256158940397313,0,0.0,-0.0,0.2558478049733858,0,0.0,-0.0,2.232247642793549,0,0.0,-0.0,3.37952464002357,0,0.0,-0.0,3.541674014173228,0,0.0,-0.0,3.776078425555142,0,0.0,-0.0,2.4620639206398343,0,0.0,-0.0,1.590601759005396
2025-04-21,1579.57,-0.0049075194032859315,False,1.0,-0.0049075194032859315,5.230364238410559,0,0.0,-0.0,0.2558478049733858,0,0.0,-0.0,2.232247642793549,0,0.0,-0.0,3.37952464002357,0,0.0,-0.0,3.541674014173228,0,0.0,-0.0,3.776078425555142,0,0.0,-0.0,2.4620639206398343,0,0.0,-0.0,1.590601759005396
2025-04-22,1756.26,0.11185955671480219,False,1.0,0.11185955671480219,5.815430463576118,0,0.0,0.0,0.2558478049733858,0,0.0,0.0,2.232247642793549,0,0.0,0.0,3.37952464002357,0,0.0,0.0,3.541674014173228,0,0.0,0.0,3.776078425555142,0,0.0,0.0,2.4620639206398343,0,0.0,0.0,1.590601759005396
2025-04-23,1795.07,0.022098094815118374,False,1.0,0.022098094815118374,5.943940397350951,0,0.0,0.0,0.2558478049733858,0,0.0,0.0,2.232247642793549,0,0.0,0.0,3.37952464002357,0,0.0,0.0,3.541674014173228,0,0.0,0.0,3.776078425555142,0,0.0,0.0,2.4620639206398343,0,0.0,0.0,1.590601759005396
2025-04-24,1769.65,-0.014161007648726742,False,1.0,-0.014161007648726742,5.859768211920488,0,0.0,-0.0,0.2558478049733858,0,0.0,-0.0,2.232247642793549,0,0.0,-0.0,3.37952464002357,0,0.0,-0.0,3.541674014173228,0,0.0,-0.0,3.776078425555142,0,0.0,-0.0,2.4620639206398343,0,0.0,-0.0,1.590601759005396
2025-04-25,1784.6,0.008447998191732697,False,1.0,0.008447998191732697,5.909271523178766,0,0.0,0.0,0.2558478049733858,0,0.0,0.0,2.232247642793549,0,0.0,0.0,3.37952464002357,0,0.0,0.0,3.541674014173228,0,0.0,0.0,3.776078425555142,0,0.0,0.0,2.4620639206398343,0,0.0,0.0,1.590601759005396
2025-04-26,1820.88,0.02032948559901393,True,1.0,0.02032948559901393,6.029403973509892,0,0.0,0.0,0.2558478049733858,0,0.0,0.0,2.232247642793549,0,0.0,0.0,3.37952464002357,0,0.0,0.0,3.541674014173228,0,0.0,0.0,3.776078425555142,0,0.0,0.0,2.4620639206398343,0,0.0,0.0,1.590601759005396
2025-04-27,1791.29,-0.01625038442950666,True,1.0,-0.01625038442950666,5.931423841059561,0,0.0,-0.0,0.2558478049733858,0,0.0,-0.0,2.232247642793549,0,0.0,-0.0,3.37952464002357,0,0.0,-0.0,3.541674014173228,0,0.0,-0.0,3.776078425555142,0,0.0,-0.0,2.4620639206398343,0,0.0,-0.0,1.590601759005396
2025-04-28,1799.88,0.004795426759486299,True,1.0,0.004795426759486299,5.959867549668833,0,0.0,0.0,0.2558478049733858,0,0.0,0.0,2.232247642793549,0,0.0,0.0,3.37952464002357,0,0.0,0.0,3.541674014173228,0,0.0,0.0,3.776078425555142,0,0.0,0.0,2.4620639206398343,0,0.0,0.0,1.590601759005396
2025-04-29,1797.81,-0.001150076671778244,True,1.0,-0.001150076671778244,5.953013245033071,0,0.0,-0.0,0.2558478049733858,0,0.0,-0.0,2.232247642793549,0,0.0,-0.0,3.37952464002357,0,0.0,-0.0,3.541674014173228,0,0.0,-0.0,3.776078425555142,0,0.0,-0.0,2.4620639206398343,0,0.0,-0.0,1.590601759005396
2025-04-30,1793.61,-0.0023361756804112233,True,1.0,-0.0023361756804112233,5.939105960264858,0,0.0,-0.0,0.2558478049733858,0,0.0,-0.0,2.232247642793549,0,0.0,-0.0,3.37952464002357,0,0.0,-0.0,3.541674014173228,0,0.0,-0.0,3.776078425555142,0,0.0,-0.0,2.4620639206398343,0,0.0,-0.0,1.590601759005396
2025-05-01,1838.11,0.02481029878290153,True,1.0,0.02481029878290153,6.086456953642341,0,0.0,0.0,0.2558478049733858,0,0.0,0.0,2.232247642793549,0,0.0,0.0,3.37952464002357,0,0.0,0.0,3.541674014173228,0,0.0,0.0,3.776078425555142,0,0.0,0.0,2.4620639206398343,0,0.0,0.0,1.590601759005396
2025-05-02,1842.2,0.002225111663611168,True,1.0,0.002225111663611168,6.099999999999958,0,0.0,0.0,0.2558478049733858,0,0.0,0.0,2.232247642793549,0,0.0,0.0,3.37952464002357,0,0.0,0.0,3.541674014173228,0,0.0,0.0,3.776078425555142,0,0.0,0.0,2.4620639206398343,0,0.0,0.0,1.590601759005396
2025-05-03,1833.52,-0.0047117576810336015,True,1.0,-0.0047117576810336015,6.071258278145653,0,0.0,-0.0,0.2558478049733858,0,0.0,-0.0,2.232247642793549,0,0.0,-0.0,3.37952464002357,0,0.0,-0.0,3.541674014173228,0,0.0,-0.0,3.776078425555142,0,0.0,-0.0,2.4620639206398343,0,0.0,-0.0,1.590601759005396
2025-05-04,1808.86,-0.013449539683232259,True,1.0,-0.013449539683232259,5.9896026490065815,0,0.0,-0.0,0.2558478049733858,0,0.0,-0.0,2.232247642793549,0,0.0,-0.0,3.37952464002357,0,0.0,-0.0,3.541674014173228,0,0.0,-0.0,3.776078425555142,0,0.0,-0.0,2.4620639206398343,0,0.0,-0.0,1.590601759005396
2025-05-05,1820.19,0.0062636135466538345,True,1.0,0.0062636135466538345,6.027119205297973,0,0.0,0.0,0.2558478049733858,0,0.0,0.0,2.232247642793549,0,0.0,0.0,3.37952464002357,0,0.0,0.0,3.541674014173228,0,0.0,0.0,3.776078425555142,0,0.0,0.0,2.4620639206398343,0,0.0,0.0,1.590601759005396
2025-05-06,1817.0,-0.0017525642927387342,True,1.0,-0.0017525642927387342,6.016556291390688,0,0.0,-0.0,0.2558478049733858,0,0.0,-0.0,2.232247642793549,0,0.0,-0.0,3.37952464002357,0,0.0,-0.0,3.541674014173228,0,0.0,-0.0,3.776078425555142,0,0.0,-0.0,2.4620639206398343,0,0.0,-0.0,1.590601759005396
2025-05-07,1811.11,-0.003241607044578987,True,1.0,-0.003241607044578987,5.99705298013241,0,0.0,-0.0,0.2558478049733858,0,0.0,-0.0,2.232247642793549,0,0.0,-0.0,3.37952464002357,0,0.0,-0.0,3.541674014173228,0,0.0,-0.0,3.776078425555142,0,0.0,-0.0,2.4620639206398343,0,0.0,-0.0,1.590601759005396
2025-05-08,2207.39,0.2188050422116823,True,1.0,0.2188050422116823,7.309238410595977,0,0.0,0.0,0.2558478049733858,1,0.0,0.0,2.232247642793549,0,0.0,0.0,3.37952464002357,0,0.0,0.0,3.541674014173228,0,0.0,0.0,3.776078425555142,0,0.0,0.0,2.4620639206398343,0,0.0,0.0,1.590601759005396
2025-05-09,2345.04,0.06235871323146336,True,1.0,0.06235871323146336,7.765033112582729,0,0.0,0.0,0.2558478049733858,1,1.0,0.06135871323146336,2.369215485769329,0,0.0,0.0,3.37952464002357,0,0.0,0.0,3.541674014173228,0,0.0,0.0,3.776078425555142,0,0.0,0.0,2.4620639206398343,0,0.0,0.0,1.590601759005396
2025-05-10,2583.23,0.1015718281990925,True,1.0,0.1015718281990925,8.553741721854246,0,0.0,0.0,0.2558478049733858,1,1.0,0.1015718281990925,2.6098610340565207,0,0.0,0.0,3.37952464002357,0,0.0,0.0,3.541674014173228,0,0.0,0.0,3.776078425555142,0,0.0,0.0,2.4620639206398343,0,0.0,0.0,1.590601759005396
2025-05-11,2514.57,-0.02657912768123627,True,1.0,-0.02657912768123627,8.326390728476765,0,0.0,-0.0,0.2558478049733858,1,1.0,-0.02657912768123627,2.540493204402049,0,0.0,-0.0,3.37952464002357,0,0.0,-0.0,3.541674014173228,0,0.0,-0.0,3.776078425555142,0,0.0,-0.0,2.4620639206398343,0,0.0,-0.0,1.590601759005396
2025-05-12,2495.47,-0.007595732073475969,True,1.0,-0.007595732073475969,8.263145695364182,0,0.0,-0.0,0.2558478049733858,1,1.0,-0.007595732073475969,2.5211962986869247,0,0.0,-0.0,3.37952464002357,0,0.0,-0.0,3.541674014173228,0,0.0,-0.0,3.776078425555142,0,0.0,-0.0,2.4620639206398343,0,0.0,-0.0,1.590601759005396
2025-05-13,2679.71,0.0738297795605638,True,1.0,0.0738297795605638,8.87321192052974,0,0.0,0.0,0.2558478049733858,1,1.0,0.0738297795605638,2.7073356656478897,0,0.0,0.0,3.37952464002357,0,0.0,0.0,3.541674014173228,0,0.0,0.0,3.776078425555142,0,0.0,0.0,2.4620639206398343,0,0.0,0.0,1.590601759005396
2025-05-14,2609.74,-0.026111034402976574,True,1.0,-0.026111034402976574,8.641523178807887,0,0.0,-0.0,0.2558478049733858,1,1.0,-0.026111034402976574,2.636644330941752,0,0.0,-0.0,3.37952464002357,0,0.0,-0.0,3.541674014173228,0,0.0,-0.0,3.776078425555142,0,0.0,-0.0,2.4620639206398343,0,0.0,-0.0,1.590601759005396
2025-05-15,2548.69,-0.02339313494830897,True,1.0,-0.02339313494830897,8.439370860927093,0,0.0,-0.0,0.2558478049733858,0,1.0,-0.02339313494830897,2.574964954297338,0,0.0,-0.0,3.37952464002357,0,0.0,-0.0,3.541674014173228,0,0.0,-0.0,3.776078425555142,0,0.0,-0.0,2.4620639206398343,0,0.0,-0.0,1.590601759005396
2025-05-16,2537.12,-0.00453958700351953,True,1.0,-0.00453958700351953,8.401059602648948,0,0.0,-0.0,0.2558478049733858,0,1.0,-0.00453958700351953,2.5632756768562914,0,0.0,-0.0,3.37952464002357,0,0.0,-0.0,3.541674014173228,0,0.0,-0.0,3.776078425555142,0,0.0,-0.0,2.4620639206398343,0,0.0,-0.0,1.590601759005396
2025-05-17,2475.08,-0.024452922999306237,True,1.0,-0.024452922999306237,8.195629139072791,0,0.0,-0.0,0.2558478049733858,0,1.0,-0.024452922999306237,2.50059609410413,0,0.0,-0.0,3.37952464002357,0,0.0,-0.0,3.541674014173228,0,0.0,-0.0,3.776078425555142,0,0.0,-0.0,2.4620639206398343,0,0.0,-0.0,1.590601759005396
2025-05-18,2497.78,0.009171420721754586,True,1.0,0.009171420721754586,8.270794701986699,0,0.0,0.0,0.2558478049733858,0,1.0,0.009171420721754586,2.523530112938335,0,0.0,0.0,3.37952464002357,0,0.0,0.0,3.541674014173228,0,0.0,0.0,3.776078425555142,0,0.0,0.0,2.4620639206398343,0,0.0,0.0,1.590601759005396
2025-05-19,2528.14,0.012154793456589319,True,1.0,0.012154793456589319,8.3713245033112,0,0.0,0.0,0.2558478049733858,0,1.0,0.012154793456589319,2.5542031002425842,0,0.0,0.0,3.37952464002357,0,0.0,0.0,3.541674014173228,0,0.0,0.0,3.776078425555142,0,0.0,0.0,2.4620639206398343,0,0.0,0.0,1.590601759005396
2025-05-20,2524.19,-0.001562413473937263,True,1.0,-0.001562413473937263,8.358245033112526,0,0.0,-0.0,0.2558478049733858,0,1.0,-0.001562413473937263,2.550212378903593,0,0.0,-0.0,3.37952464002357,0,0.0,-0.0,3.541674014173228,0,0.0,-0.0,3.776078425555142,0,0.0,-0.0,2.4620639206398343,0,0.0,-0.0,1.590601759005396
2025-05-21,2550.99,0.010617267321398005,True,1.0,0.010617267321398005,8.44698675496683,0,0.0,0.0,0.2558478049733858,0,1.0,0.010617267321398005,2.577288665456751,0,0.0,0.0,3.37952464002357,0,0.0,0.0,3.541674014173228,0,0.0,0.0,3.776078425555142,0,0.0,0.0,2.4620639206398343,0,0.0,0.0,1.590601759005396
2025-05-22,2664.82,0.044621891892951515,True,1.0,0.044621891892951515,8.823907284768152,0,0.0,0.0,0.2558478049733858,0,1.0,0.044621891892951515,2.6922921616636915,0,0.0,0.0,3.37952464002357,0,0.0,0.0,3.541674014173228,0,0.0,0.0,3.776078425555142,0,0.0,0.0,2.4620639206398343,0,0.0,0.0,1.590601759005396
2025-05-23,2526.5,-0.05190594486682032,True,1.0,-0.05190594486682032,8.365894039735043,0,0.0,-0.0,0.2558478049733858,0,1.0,-0.05190594486682032,2.5525461931550035,0,0.0,-0.0,3.37952464002357,0,0.0,-0.0,3.541674014173228,0,0.0,-0.0,3.776078425555142,0,0.0,-0.0,2.4620639206398343,0,0.0,-0.0,1.590601759005396
2025-05-24,2530.4,0.0015436374431030409,True,1.0,0.0015436374431030409,8.37880794701981,0,0.0,0.0,0.2558478049733858,0,1.0,0.0015436374431030409,2.5564863990340077,0,0.0,0.0,3.37952464002357,0,0.0,0.0,3.541674014173228,0,0.0,0.0,3.776078425555142,0,0.0,0.0,2.4620639206398343,0,0.0,0.0,1.590601759005396
2025-05-25,2551.22,0.008227948150489883,True,1.0,0.008227948150489883,8.447748344370801,0,0.0,0.0,0.2558478049733858,0,1.0,0.008227948150489883,2.577521036572692,0,0.0,0.0,3.37952464002357,0,0.0,0.0,3.541674014173228,0,0.0,0.0,3.776078425555142,0,0.0,0.0,2.4620639206398343,0,0.0,0.0,1.590601759005396
2025-05-26,2563.7,0.004891777267346686,True,1.0,0.004891777267346686,8.48907284768206,0,0.0,0.0,0.2558478049733858,0,1.0,0.004891777267346686,2.590129695385506,0,0.0,0.0,3.37952464002357,0,0.0,0.0,3.541674014173228,0,0.0,0.0,3.776078425555142,0,0.0,0.0,2.4620639206398343,0,0.0,0.0,1.590601759005396
2025-05-27,2660.81,0.0378788469789757,True,1.0,0.0378788469789757,8.810629139072786,0,0.0,0.0,0.2558478049733858,0,1.0,0.0378788469789757,2.6882408217727147,0,0.0,0.0,3.37952464002357,0,0.0,0.0,3.541674014173228,0,0.0,0.0,3.776078425555142,0,0.0,0.0,2.4620639206398343,0,0.0,0.0,1.590601759005396
2025-05-28,2681.6,0.007813410202156534,True,1.0,0.007813410202156534,8.879470198675435,0,0.0,0.0,0.2558478049733858,0,1.0,0.007813410202156534,2.7092451500354073,0,0.0,0.0,3.37952464002357,0,0.0,0.0,3.541674014173228,0,0.0,0.0,3.776078425555142,0,0.0,0.0,2.4620639206398343,0,0.0,0.0,1.590601759005396
2025-05-29,2631.39,-0.01872389618138426,True,1.0,-0.01872389618138426,8.71321192052974,0,0.0,-0.0,0.2558478049733858,0,1.0,-0.01872389618138426,2.6585175251162254,0,0.0,-0.0,3.37952464002357,0,0.0,-0.0,3.541674014173228,0,0.0,-0.0,3.776078425555142,0,0.0,-0.0,2.4620639206398343,0,0.0,-0.0,1.590601759005396
2025-05-30,2531.34,-0.038021729960211026,False,1.0,-0.038021729960211026,8.381920529801267,0,0.0,-0.0,0.2558478049733858,0,1.0,-0.038021729960211026,2.557436089681768,0,0.0,-0.0,3.37952464002357,0,0.0,-0.0,3.541674014173228,0,0.0,-0.0,3.776078425555142,0,0.0,-0.0,2.4620639206398343,0,0.0,-0.0,1.590601759005396
2025-05-31,2528.06,-0.0012957563977973319,True,1.0,-0.0012957563977973319,8.371059602648948,0,0.0,-0.0,0.2558478049733858,0,1.0,-0.0012957563977973319,2.554122275506605,0,0.0,-0.0,3.37952464002357,0,0.0,-0.0,3.541674014173228,0,0.0,-0.0,3.776078425555142,0,0.0,-0.0,2.4620639206398343,0,0.0,-0.0,1.590601759005396
2025-06-01,2539.21,0.004410496586315205,True,1.0,0.004410496586315205,8.407980132450273,0,0.0,0.0,0.2558478049733858,0,1.0,0.004410496586315205,2.5653872230837584,0,0.0,0.0,3.37952464002357,0,0.0,0.0,3.541674014173228,0,0.0,0.0,3.776078425555142,0,0.0,0.0,2.4620639206398343,0,0.0,0.0,1.590601759005396
2025-06-02,2607.41,0.026858747405689165,False,1.0,0.026858747405689165,8.633807947019807,0,0.0,0.0,0.2558478049733858,0,1.0,0.026858747405689165,2.6342903105063473,0,0.0,0.0,3.37952464002357,0,0.0,0.0,3.541674014173228,0,0.0,0.0,3.776078425555142,0,0.0,0.0,2.4620639206398343,0,0.0,0.0,1.590601759005396
2025-06-03,2593.36,-0.00538848896030919,False,1.0,-0.00538848896030919,8.58728476821186,0,0.0,-0.0,0.2558478049733858,0,1.0,-0.00538848896030919,2.6200954662499343,0,0.0,-0.0,3.37952464002357,0,0.0,-0.0,3.541674014173228,0,0.0,-0.0,3.776078425555142,0,0.0,-0.0,2.4620639206398343,0,0.0,-0.0,1.590601759005396
2025-06-04,2607.68,0.005521794120368906,True,1.0,0.005521794120368906,8.634701986754907,0,0.0,0.0,0.2558478049733858,0,0.0,-0.001,2.6174753707836844,0,0.0,0.0,3.37952464002357,0,0.0,0.0,3.541674014173228,0,0.0,0.0,3.776078425555142,0,0.0,0.0,2.4620639206398343,0,0.0,0.0,1.590601759005396
2025-06-05,2414.01,-0.0742690820959625,False,1.0,-0.0742690820959625,7.993410596026436,0,0.0,-0.0,0.2558478049733858,0,0.0,-0.0,2.6174753707836844,0,0.0,-0.0,3.37952464002357,0,0.0,-0.0,3.541674014173228,0,0.0,-0.0,3.776078425555142,0,0.0,-0.0,2.4620639206398343,0,0.0,-0.0,1.590601759005396
2025-06-06,2476.1,0.02572068881239087,True,1.0,0.02572068881239087,8.1990066225165,0,0.0,0.0,0.2558478049733858,0,0.0,0.0,2.6174753707836844,0,0.0,0.0,3.37952464002357,0,0.0,0.0,3.541674014173228,0,0.0,0.0,3.776078425555142,0,0.0,0.0,2.4620639206398343,0,0.0,0.0,1.590601759005396
2025-06-07,2524.63,0.019599369976980086,True,1.0,0.019599369976980086,8.35970198675491,0,0.0,0.0,0.2558478049733858,0,0.0,0.0,2.6174753707836844,0,0.0,0.0,3.37952464002357,0,0.0,0.0,3.541674014173228,0,0.0,0.0,3.776078425555142,0,0.0,0.0,2.4620639206398343,0,0.0,0.0,1.590601759005396
2025-06-08,2509.83,-0.005862245160677126,False,1.0,-0.005862245160677126,8.310695364238352,0,0.0,-0.0,0.2558478049733858,0,0.0,-0.0,2.6174753707836844,0,0.0,-0.0,3.37952464002357,0,0.0,-0.0,3.541674014173228,0,0.0,-0.0,3.776078425555142,0,0.0,-0.0,2.4620639206398343,0,0.0,-0.0,1.590601759005396
2025-06-09,2680.13,0.06785320121283123,True,1.0,0.06785320121283123,8.874602649006562,0,0.0,0.0,0.2558478049733858,0,0.0,0.0,2.6174753707836844,0,0.0,0.0,3.37952464002357,0,0.0,0.0,3.541674014173228,0,0.0,0.0,3.776078425555142,0,0.0,0.0,2.4620639206398343,0,0.0,0.0,1.590601759005396
2025-06-10,2816.4,0.05084454858532972,True,1.0,0.05084454858532972,9.325827814569472,0,0.0,0.0,0.2558478049733858,0,0.0,0.0,2.6174753707836844,0,0.0,0.0,3.37952464002357,0,0.0,0.0,3.541674014173228,0,0.0,0.0,3.776078425555142,0,0.0,0.0,2.4620639206398343,0,0.0,0.0,1.590601759005396
2025-06-11,2771.61,-0.015903280783979512,True,1.0,-0.015903280783979512,9.177516556291327,0,0.0,-0.0,0.2558478049733858,0,0.0,-0.0,2.6174753707836844,0,0.0,-0.0,3.37952464002357,0,0.0,-0.0,3.541674014173228,0,0.0,-0.0,3.776078425555142,0,0.0,-0.0,2.4620639206398343,0,0.0,-0.0,1.590601759005396
2025-06-12,2642.65,-0.04652891279797666,True,1.0,-0.04652891279797666,8.750496688741661,0,0.0,-0.0,0.2558478049733858,0,0.0,-0.0,2.6174753707836844,0,0.0,-0.0,3.37952464002357,0,0.0,-0.0,3.541674014173228,0,0.0,-0.0,3.776078425555142,0,0.0,-0.0,2.4620639206398343,0,0.0,-0.0,1.590601759005396
2025-06-13,2579.19,-0.024013774052560888,True,1.0,-0.024013774052560888,8.540364238410536,0,0.0,-0.0,0.2558478049733858,0,0.0,-0.0,2.6174753707836844,0,0.0,-0.0,3.37952464002357,0,0.0,-0.0,3.541674014173228,0,0.0,-0.0,3.776078425555142,0,0.0,-0.0,2.4620639206398343,0,0.0,-0.0,1.590601759005396
2025-06-14,2530.76,-0.018777213000980897,False,1.0,-0.018777213000980897,8.379999999999942,0,0.0,-0.0,0.2558478049733858,0,0.0,-0.0,2.6174753707836844,0,0.0,-0.0,3.37952464002357,0,0.0,-0.0,3.541674014173228,0,0.0,-0.0,3.776078425555142,0,0.0,-0.0,2.4620639206398343,0,0.0,-0.0,1.590601759005396
2025-06-15,2547.61,0.006658078996032879,False,1.0,0.006658078996032879,8.435794701986698,0,0.0,0.0,0.2558478049733858,0,0.0,0.0,2.6174753707836844,0,0.0,0.0,3.37952464002357,0,0.0,0.0,3.541674014173228,0,0.0,0.0,3.776078425555142,0,0.0,0.0,2.4620639206398343,0,0.0,0.0,1.590601759005396
2025-06-16,2544.17,-0.0013502851692370754,False,1.0,-0.0013502851692370754,8.424403973509877,0,0.0,-0.0,0.2558478049733858,0,0.0,-0.0,2.6174753707836844,0,0.0,-0.0,3.37952464002357,0,0.0,-0.0,3.541674014173228,0,0.0,-0.0,3.776078425555142,0,0.0,-0.0,2.4620639206398343,0,0.0,-0.0,1.590601759005396
2025-06-17,2509.95,-0.013450359056195293,False,1.0,-0.013450359056195293,8.31109271523173,0,0.0,-0.0,0.2558478049733858,0,0.0,-0.0,2.6174753707836844,0,0.0,-0.0,3.37952464002357,0,0.0,-0.0,3.541674014173228,0,0.0,-0.0,3.776078425555142,0,0.0,-0.0,2.4620639206398343,0,0.0,-0.0,1.590601759005396
2025-06-18,2525.0,0.005996135381183043,False,1.0,0.005996135381183043,8.360927152317824,0,0.0,0.0,0.2558478049733858,0,0.0,0.0,2.6174753707836844,0,0.0,0.0,3.37952464002357,0,0.0,0.0,3.541674014173228,0,0.0,0.0,3.776078425555142,0,0.0,0.0,2.4620639206398343,0,0.0,0.0,1.590601759005396
2025-06-19,2521.12,-0.0015366336633664268,False,1.0,-0.0015366336633664268,8.348079470198618,0,0.0,-0.0,0.2558478049733858,0,0.0,-0.0,2.6174753707836844,0,0.0,-0.0,3.37952464002357,0,0.0,-0.0,3.541674014173228,0,0.0,-0.0,3.776078425555142,0,0.0,-0.0,2.4620639206398343,0,0.0,-0.0,1.590601759005396
2025-06-20,2406.49,-0.0454678872881894,False,1.0,-0.0454678872881894,7.968509933774779,0,0.0,-0.0,0.2558478049733858,0,0.0,-0.0,2.6174753707836844,0,0.0,-0.0,3.37952464002357,0,0.0,-0.0,3.541674014173228,0,0.0,-0.0,3.776078425555142,0,0.0,-0.0,2.4620639206398343,0,0.0,-0.0,1.590601759005396
2025-06-21,2295.73,-0.04602553927088826,False,1.0,-0.04602553927088826,7.601754966887365,0,0.0,-0.0,0.2558478049733858,0,0.0,-0.0,2.6174753707836844,0,0.0,-0.0,3.37952464002357,0,0.0,-0.0,3.541674014173228,0,0.0,-0.0,3.776078425555142,0,0.0,-0.0,2.4620639206398343,0,0.0,-0.0,1.590601759005396
2025-06-22,2227.7,-0.02963327569008556,False,1.0,-0.02963327569008556,7.376490066225115,0,0.0,-0.0,0.2558478049733858,0,0.0,-0.0,2.6174753707836844,0,0.0,-0.0,3.37952464002357,0,0.0,-0.0,3.541674014173228,0,0.0,-0.0,3.776078425555142,0,0.0,-0.0,2.4620639206398343,0,0.0,-0.0,1.590601759005396
2025-06-23,2411.66,0.08257844413520665,False,1.0,0.08257844413520665,7.985629139072792,0,0.0,0.0,0.2558478049733858,0,0.0,0.0,2.6174753707836844,0,0.0,0.0,3.37952464002357,0,0.0,0.0,3.541674014173228,0,0.0,0.0,3.776078425555142,0,0.0,0.0,2.4620639206398343,0,0.0,0.0,1.590601759005396
2025-06-24,2448.45,0.015255052536427227,False,1.0,0.015255052536427227,8.107450331125772,0,0.0,0.0,0.2558478049733858,0,0.0,0.0,2.6174753707836844,0,0.0,0.0,3.37952464002357,0,0.0,0.0,3.541674014173228,0,0.0,0.0,3.776078425555142,0,0.0,0.0,2.4620639206398343,0,0.0,0.0,1.590601759005396
2025-06-25,2418.49,-0.012236312769303037,True,1.0,-0.012236312769303037,8.008245033112528,0,0.0,-0.0,0.2558478049733858,0,0.0,-0.0,2.6174753707836844,0,0.0,-0.0,3.37952464002357,0,0.0,-0.0,3.541674014173228,0,0.0,-0.0,3.776078425555142,0,0.0,-0.0,2.4620639206398343,0,0.0,-0.0,1.590601759005396
2025-06-26,2415.96,-0.0010461072818161998,False,1.0,-0.0010461072818161998,7.999867549668821,0,0.0,-0.0,0.2558478049733858,0,0.0,-0.0,2.6174753707836844,0,0.0,-0.0,3.37952464002357,0,0.0,-0.0,3.541674014173228,0,0.0,-0.0,3.776078425555142,0,0.0,-0.0,2.4620639206398343,0,0.0,-0.0,1.590601759005396
2025-06-27,2423.17,0.0029843209324658115,False,1.0,0.0029843209324658115,8.023741721854252,0,0.0,0.0,0.2558478049733858,0,0.0,0.0,2.6174753707836844,0,0.0,0.0,3.37952464002357,0,0.0,0.0,3.541674014173228,0,0.0,0.0,3.776078425555142,0,0.0,0.0,2.4620639206398343,0,0.0,0.0,1.590601759005396
2025-06-28,2435.62,0.005137897877573572,False,1.0,0.005137897877573572,8.064966887417166,0,0.0,0.0,0.2558478049733858,0,0.0,0.0,2.6174753707836844,0,0.0,0.0,3.37952464002357,0,0.0,0.0,3.541674014173228,0,0.0,0.0,3.776078425555142,0,0.0,0.0,2.4620639206398343,0,0.0,0.0,1.590601759005396
2025-06-29,2500.09,0.026469646332350827,False,1.0,0.026469646332350827,8.278443708609219,0,0.0,0.0,0.2558478049733858,0,0.0,0.0,2.6174753707836844,0,0.0,0.0,3.37952464002357,0,0.0,0.0,3.541674014173228,0,0.0,0.0,3.776078425555142,0,0.0,0.0,2.4620639206398343,0,0.0,0.0,1.590601759005396
2025-06-30,2485.47,-0.005847789479578869,False,1.0,-0.005847789479578869,8.230033112582728,0,0.0,-0.0,0.2558478049733858,0,0.0,-0.0,2.6174753707836844,0,0.0,-0.0,3.37952464002357,0,0.0,-0.0,3.541674014173228,0,0.0,-0.0,3.776078425555142,0,0.0,-0.0,2.4620639206398343,0,0.0,-0.0,1.590601759005396
2025-07-01,2405.01,-0.03237214691788659,False,1.0,-0.03237214691788659,7.963609271523128,0,0.0,-0.0,0.2558478049733858,0,0.0,-0.0,2.6174753707836844,0,0.0,-0.0,3.37952464002357,0,0.0,-0.0,3.541674014173228,0,0.0,-0.0,3.776078425555142,0,0.0,-0.0,2.4620639206398343,0,0.0,-0.0,1.590601759005396
2025-07-02,2570.41,0.06877310281454108,False,1.0,0.06877310281454108,8.51129139072842,0,0.0,0.0,0.2558478049733858,0,0.0,0.0,2.6174753707836844,0,0.0,0.0,3.37952464002357,0,0.0,0.0,3.541674014173228,0,0.0,0.0,3.776078425555142,0,0.0,0.0,2.4620639206398343,0,0.0,0.0,1.590601759005396
2025-07-03,2591.25,0.00810765597706209,True,1.0,0.00810765597706209,8.580298013244976,0,0.0,0.0,0.2558478049733858,0,0.0,0.0,2.6174753707836844,0,0.0,0.0,3.37952464002357,0,0.0,0.0,3.541674014173228,0,0.0,0.0,3.776078425555142,0,0.0,0.0,2.4620639206398343,0,0.0,0.0,1.590601759005396
2025-07-04,2508.04,-0.03211191509889055,False,1.0,-0.03211191509889055,8.304768211920473,0,0.0,-0.0,0.2558478049733858,0,0.0,-0.0,2.6174753707836844,0,0.0,-0.0,3.37952464002357,0,0.0,-0.0,3.541674014173228,0,0.0,-0.0,3.776078425555142,0,0.0,-0.0,2.4620639206398343,0,0.0,-0.0,1.590601759005396
2025-07-05,2516.41,0.0033372673482081616,False,1.0,0.0033372673482081616,8.332483443708552,0,0.0,0.0,0.2558478049733858,0,0.0,0.0,2.6174753707836844,0,0.0,0.0,3.37952464002357,0,0.0,0.0,3.541674014173228,0,0.0,0.0,3.776078425555142,0,0.0,0.0,2.4620639206398343,0,0.0,0.0,1.590601759005396
2025-07-06,2570.35,0.02143529869933758,True,1.0,0.02143529869933758,8.51109271523173,0,0.0,0.0,0.2558478049733858,0,0.0,0.0,2.6174753707836844,0,0.0,0.0,3.37952464002357,0,0.0,0.0,3.541674014173228,0,0.0,0.0,3.776078425555142,0,0.0,0.0,2.4620639206398343,0,0.0,0.0,1.590601759005396
2025-07-07,2542.29,-0.01091680121384242,True,1.0,-0.01091680121384242,8.418178807946962,0,0.0,-0.0,0.2558478049733858,0,0.0,-0.0,2.6174753707836844,0,0.0,-0.0,3.37952464002357,0,0.0,-0.0,3.541674014173228,0,0.0,-0.0,3.776078425555142,0,0.0,-0.0,2.4620639206398343,0,0.0,-0.0,1.590601759005396
2025-07-08,2615.25,0.028698535572259765,True,1.0,0.028698535572259765,8.659768211920472,0,0.0,0.0,0.2558478049733858,0,0.0,0.0,2.6174753707836844,0,0.0,0.0,3.37952464002357,0,0.0,0.0,3.541674014173228,0,0.0,0.0,3.776078425555142,0,0.0,0.0,2.4620639206398343,0,0.0,0.0,1.590601759005396
2025-07-09,2768.74,0.058690373769238136,True,1.0,0.058690373769238136,9.168013245033052,0,0.0,0.0,0.2558478049733858,0,0.0,0.0,2.6174753707836844,0,0.0,0.0,3.37952464002357,0,0.0,0.0,3.541674014173228,0,0.0,0.0,3.776078425555142,0,0.0,0.0,2.4620639206398343,0,0.0,0.0,1.590601759005396
2025-07-10,2951.29,0.06593251804069733,True,1.0,0.06593251804069733,9.772483443708545,0,0.0,0.0,0.2558478049733858,0,0.0,0.0,2.6174753707836844,0,0.0,0.0,3.37952464002357,0,0.0,0.0,3.541674014173228,0,0.0,0.0,3.776078425555142,0,0.0,0.0,2.4620639206398343,0,0.0,0.0,1.590601759005396
2025-07-11,2958.22,0.0023481257348481055,True,1.0,0.0023481257348481055,9.795430463576094,0,0.0,0.0,0.2558478049733858,0,0.0,0.0,2.6174753707836844,0,0.0,0.0,3.37952464002357,0,0.0,0.0,3.541674014173228,0,0.0,0.0,3.776078425555142,0,0.0,0.0,2.4620639206398343,0,0.0,0.0,1.590601759005396
2025-07-12,2943.28,-0.005050334322666883,True,1.0,-0.005050334322666883,9.7459602649006,0,0.0,-0.0,0.2558478049733858,0,0.0,-0.0,2.6174753707836844,0,0.0,-0.0,3.37952464002357,0,0.0,-0.0,3.541674014173228,0,0.0,-0.0,3.776078425555142,0,0.0,-0.0,2.4620639206398343,0,0.0,-0.0,1.590601759005396
2025-07-13,2972.03,0.009768013916446883,True,1.0,0.009768013916446883,9.841158940397287,0,0.0,0.0,0.2558478049733858,0,0.0,0.0,2.6174753707836844,0,0.0,0.0,3.37952464002357,0,0.0,0.0,3.541674014173228,0,0.0,0.0,3.776078425555142,0,0.0,0.0,2.4620639206398343,0,0.0,0.0,1.590601759005396
2025-07-14,3013.62,0.013993802215993778,True,1.0,0.013993802215993778,9.978874172185366,0,0.0,0.0,0.2558478049733858,0,0.0,0.0,2.6174753707836844,0,0.0,0.0,3.37952464002357,0,0.0,0.0,3.541674014173228,0,0.0,0.0,3.776078425555142,0,0.0,0.0,2.4620639206398343,0,0.0,0.0,1.590601759005396
2025-07-15,3137.89,0.04123612134243859,True,1.0,0.04123612134243859,10.390364238410529,0,0.0,0.0,0.2558478049733858,0,0.0,0.0,2.6174753707836844,0,0.0,0.0,3.37952464002357,0,0.0,0.0,3.541674014173228,0,0.0,0.0,3.776078425555142,0,0.0,0.0,2.4620639206398343,0,0.0,0.0,1.590601759005396
2025-07-16,3371.35,0.07440031358651833,True,1.0,0.07440031358651833,11.163410596026418,0,0.0,0.0,0.2558478049733858,0,0.0,0.0,2.6174753707836844,0,0.0,0.0,3.37952464002357,0,0.0,0.0,3.541674014173228,0,0.0,0.0,3.776078425555142,0,0.0,0.0,2.4620639206398343,0,0.0,0.0,1.590601759005396
2025-07-17,3476.87,0.03129903451139748,True,1.0,0.03129903451139748,11.51281456953635,0,0.0,0.0,0.2558478049733858,0,0.0,0.0,2.6174753707836844,0,0.0,0.0,3.37952464002357,0,0.0,0.0,3.541674014173228,0,0.0,0.0,3.776078425555142,0,0.0,0.0,2.4620639206398343,0,0.0,0.0,1.590601759005396
2025-07-18,3546.92,0.020147431454152764,True,1.0,0.020147431454152764,11.744768211920453,0,0.0,0.0,0.2558478049733858,0,0.0,0.0,2.6174753707836844,0,0.0,0.0,3.37952464002357,0,0.0,0.0,3.541674014173228,0,0.0,0.0,3.776078425555142,0,0.0,0.0,2.4620639206398343,0,0.0,0.0,1.590601759005396
2025-07-19,3592.01,0.012712437833387824,True,1.0,0.012712437833387824,11.894072847682041,0,0.0,0.0,0.2558478049733858,0,0.0,0.0,2.6174753707836844,0,0.0,0.0,3.37952464002357,0,0.0,0.0,3.541674014173228,0,0.0,0.0,3.776078425555142,0,0.0,0.0,2.4620639206398343,0,0.0,0.0,1.590601759005396
2025-07-20,3756.69,0.04584619753285768,True,1.0,0.04584619753285768,12.439370860927072,0,0.0,0.0,0.2558478049733858,0,0.0,0.0,2.6174753707836844,0,0.0,0.0,3.37952464002357,0,0.0,0.0,3.541674014173228,0,0.0,0.0,3.776078425555142,0,0.0,0.0,2.4620639206398343,0,0.0,0.0,1.590601759005396
2025-07-21,3762.33,0.0015013216421901898,True,1.0,0.0015013216421901898,12.458046357615812,0,0.0,0.0,0.2558478049733858,0,0.0,0.0,2.6174753707836844,0,0.0,0.0,3.37952464002357,0,0.0,0.0,3.541674014173228,0,0.0,0.0,3.776078425555142,0,0.0,0.0,2.4620639206398343,0,0.0,0.0,1.590601759005396
2025-07-22,3746.21,-0.004284578971009978,True,1.0,-0.004284578971009978,12.404668874172105,0,0.0,-0.0,0.2558478049733858,0,0.0,-0.0,2.6174753707836844,0,0.0,-0.0,3.37952464002357,0,0.0,-0.0,3.541674014173228,0,0.0,-0.0,3.776078425555142,0,0.0,-0.0,2.4620639206398343,0,0.0,-0.0,1.590601759005396
2025-07-23,3628.29,-0.03147714623579567,True,1.0,-0.03147714623579567,12.014205298013167,0,0.0,-0.0,0.2558478049733858,0,0.0,-0.0,2.6174753707836844,0,0.0,-0.0,3.37952464002357,0,0.0,-0.0,3.541674014173228,0,0.0,-0.0,3.776078425555142,0,0.0,-0.0,2.4620639206398343,0,0.0,-0.0,1.590601759005396
2025-07-24,3706.94,0.0216768780885761,True,1.0,0.0216768780885761,12.274635761589323,0,0.0,0.0,0.2558478049733858,0,0.0,0.0,2.6174753707836844,0,0.0,0.0,3.37952464002357,0,0.0,0.0,3.541674014173228,0,0.0,0.0,3.776078425555142,0,0.0,0.0,2.4620639206398343,0,0.0,0.0,1.590601759005396
2025-07-25,3724.96,0.004861152325098317,True,1.0,0.004861152325098317,12.334304635761509,0,0.0,0.0,0.2558478049733858,0,0.0,0.0,2.6174753707836844,0,0.0,0.0,3.37952464002357,0,0.0,0.0,3.541674014173228,0,0.0,0.0,3.776078425555142,0,0.0,0.0,2.4620639206398343,0,0.0,0.0,1.590601759005396
2025-07-26,3741.1,0.004332932434173653,True,1.0,0.004332932434173653,12.387748344370777,0,0.0,0.0,0.2558478049733858,0,0.0,0.0,2.6174753707836844,0,0.0,0.0,3.37952464002357,0,0.0,0.0,3.541674014173228,0,0.0,0.0,3.776078425555142,0,0.0,0.0,2.4620639206398343,0,0.0,0.0,1.590601759005396
2025-07-27,3872.1,0.03501643901526297,True,1.0,0.03501643901526297,12.821523178807862,0,0.0,0.0,0.2558478049733858,0,0.0,0.0,2.6174753707836844,0,0.0,0.0,3.37952464002357,0,0.0,0.0,3.541674014173228,0,0.0,0.0,3.776078425555142,0,0.0,0.0,2.4620639206398343,0,0.0,0.0,1.590601759005396
2025-07-28,3799.0,-0.01887864466310274,True,1.0,-0.01887864466310274,12.579470198675413,0,0.0,-0.0,0.2558478049733858,0,0.0,-0.0,2.6174753707836844,0,0.0,-0.0,3.37952464002357,0,0.0,-0.0,3.541674014173228,0,0.0,-0.0,3.776078425555142,0,0.0,-0.0,2.4620639206398343,0,0.0,-0.0,1.590601759005396
2025-07-29,3793.79,-0.001371413529876242,True,1.0,-0.001371413529876242,12.562218543046274,0,0.0,-0.0,0.2558478049733858,0,0.0,-0.0,2.6174753707836844,0,0.0,-0.0,3.37952464002357,0,0.0,-0.0,3.541674014173228,0,0.0,-0.0,3.776078425555142,0,0.0,-0.0,2.4620639206398343,0,0.0,-0.0,1.590601759005396
2025-07-30,3810.0,0.004272772082798415,True,1.0,0.004272772082798415,12.615894039735014,0,0.0,0.0,0.2558478049733858,0,0.0,0.0,2.6174753707836844,0,0.0,0.0,3.37952464002357,0,0.0,0.0,3.541674014173228,0,0.0,0.0,3.776078425555142,0,0.0,0.0,2.4620639206398343,0,0.0,0.0,1.590601759005396
2025-07-31,3698.39,-0.029293963254593214,True,1.0,-0.029293963254593214,12.246324503311175,0,0.0,-0.0,0.2558478049733858,0,0.0,-0.0,2.6174753707836844,0,0.0,-0.0,3.37952464002357,0,0.0,-0.0,3.541674014173228,0,0.0,-0.0,3.776078425555142,0,0.0,-0.0,2.4620639206398343,0,0.0,-0.0,1.590601759005396
2025-08-01,3488.2,-0.056832838072783054,True,1.0,-0.056832838072783054,11.550331125827736,0,0.0,-0.0,0.2558478049733858,0,0.0,-0.0,2.6174753707836844,0,0.0,-0.0,3.37952464002357,0,0.0,-0.0,3.541674014173228,0,0.0,-0.0,3.776078425555142,0,0.0,-0.0,2.4620639206398343,0,0.0,-0.0,1.590601759005396
2025-08-02,3393.94,-0.027022533111633495,True,1.0,-0.027022533111633495,11.238211920529725,0,0.0,-0.0,0.2558478049733858,0,0.0,-0.0,2.6174753707836844,0,0.0,-0.0,3.37952464002357,0,0.0,-0.0,3.541674014173228,0,0.0,-0.0,3.776078425555142,0,0.0,-0.0,2.4620639206398343,0,0.0,-0.0,1.590601759005396
2025-08-03,3496.74,0.0302892803054855,True,1.0,0.0302892803054855,11.5786092715231,0,0.0,0.0,0.2558478049733858,0,0.0,0.0,2.6174753707836844,0,0.0,0.0,3.37952464002357,0,0.0,0.0,3.541674014173228,0,0.0,0.0,3.776078425555142,0,0.0,0.0,2.4620639206398343,0,0.0,0.0,1.590601759005396
2025-08-04,3720.99,0.06413116216819104,True,1.0,0.06413116216819104,12.321158940397268,0,0.0,0.0,0.2558478049733858,0,0.0,0.0,2.6174753707836844,0,0.0,0.0,3.37952464002357,0,0.0,0.0,3.541674014173228,0,0.0,0.0,3.776078425555142,0,0.0,0.0,2.4620639206398343,0,0.0,0.0,1.590601759005396
2025-08-05,3612.0,-0.029290592019865613,True,1.0,-0.029290592019865613,11.960264900662173,0,0.0,-0.0,0.2558478049733858,0,0.0,-0.0,2.6174753707836844,0,0.0,-0.0,3.37952464002357,0,0.0,-0.0,3.541674014173228,0,0.0,-0.0,3.776078425555142,0,0.0,-0.0,2.4620639206398343,0,0.0,-0.0,1.590601759005396
2025-08-06,3683.31,0.019742524916943616,True,1.0,0.019742524916943616,12.196390728476741,0,0.0,0.0,0.2558478049733858,0,0.0,0.0,2.6174753707836844,0,0.0,0.0,3.37952464002357,0,0.0,0.0,3.541674014173228,0,0.0,0.0,3.776078425555142,0,0.0,0.0,2.4620639206398343,0,0.0,0.0,1.590601759005396
2025-08-07,3910.31,0.06162934968818812,True,1.0,0.06162934968818812,12.94804635761581,0,0.0,0.0,0.2558478049733858,0,0.0,0.0,2.6174753707836844,0,0.0,0.0,3.37952464002357,0,0.0,0.0,3.541674014173228,0,0.0,0.0,3.776078425555142,0,0.0,0.0,2.4620639206398343,0,0.0,0.0,1.590601759005396
2025-08-08,4009.5,0.025366275308095876,True,1.0,0.025366275308095876,13.276490066225081,0,0.0,0.0,0.2558478049733858,0,0.0,0.0,2.6174753707836844,0,0.0,0.0,3.37952464002357,0,0.0,0.0,3.541674014173228,0,0.0,0.0,3.776078425555142,0,0.0,0.0,2.4620639206398343,0,0.0,0.0,1.590601759005396
2025-08-09,4260.62,0.0626312507793989,True,1.0,0.0626312507793989,14.108013245033023,0,0.0,0.0,0.2558478049733858,0,0.0,0.0,2.6174753707836844,0,0.0,0.0,3.37952464002357,0,0.0,0.0,3.541674014173228,0,0.0,0.0,3.776078425555142,0,0.0,0.0,2.4620639206398343,0,0.0,0.0,1.590601759005396
2025-08-10,4250.57,-0.0023588116283546068,True,1.0,-0.0023588116283546068,14.074735099337659,0,0.0,-0.0,0.2558478049733858,0,0.0,-0.0,2.6174753707836844,0,0.0,-0.0,3.37952464002357,0,0.0,-0.0,3.541674014173228,0,0.0,-0.0,3.776078425555142,0,0.0,-0.0,2.4620639206398343,0,0.0,-0.0,1.590601759005396
2025-08-11,4223.22,-0.006434431146881359,True,1.0,-0.006434431146881359,13.984172185430376,0,0.0,-0.0,0.2558478049733858,0,0.0,-0.0,2.6174753707836844,0,0.0,-0.0,3.37952464002357,0,0.0,-0.0,3.541674014173228,0,0.0,-0.0,3.776078425555142,0,0.0,-0.0,2.4620639206398343,0,0.0,-0.0,1.590601759005396
2025-08-12,4590.52,0.08697155251206423,True,1.0,0.08697155251206423,15.200397350993281,0,0.0,0.0,0.2558478049733858,0,0.0,0.0,2.6174753707836844,0,0.0,0.0,3.37952464002357,0,0.0,0.0,3.541674014173228,0,0.0,0.0,3.776078425555142,0,0.0,0.0,2.4620639206398343,0,0.0,0.0,1.590601759005396
2025-08-13,4749.3,0.03458867404999855,True,1.0,0.03458867404999855,15.72615894039725,0,0.0,0.0,0.2558478049733858,0,0.0,0.0,2.6174753707836844,0,0.0,0.0,3.37952464002357,0,0.0,0.0,3.541674014173228,0,0.0,0.0,3.776078425555142,0,0.0,0.0,2.4620639206398343,0,0.0,0.0,1.590601759005396
2025-08-14,4546.84,-0.042629440128018836,True,1.0,-0.042629440128018836,15.055761589403877,0,0.0,-0.0,0.2558478049733858,0,0.0,-0.0,2.6174753707836844,0,0.0,-0.0,3.37952464002357,0,0.0,-0.0,3.541674014173228,0,0.0,-0.0,3.776078425555142,0,0.0,-0.0,2.4620639206398343,0,0.0,-0.0,1.590601759005396
2025-08-15,4439.47,-0.023614202391111117,True,1.0,-0.023614202391111117,14.700231788079376,0,0.0,-0.0,0.2558478049733858,0,0.0,-0.0,2.6174753707836844,0,0.0,-0.0,3.37952464002357,0,0.0,-0.0,3.541674014173228,0,0.0,-0.0,3.776078425555142,0,0.0,-0.0,2.4620639206398343,0,0.0,-0.0,1.590601759005396
2025-08-16,4421.99,-0.0039374069427207115,True,1.0,-0.0039374069427207115,14.64235099337739,0,0.0,-0.0,0.2558478049733858,0,0.0,-0.0,2.6174753707836844,0,0.0,-0.0,3.37952464002357,0,0.0,-0.0,3.541674014173228,0,0.0,-0.0,3.776078425555142,0,0.0,-0.0,2.4620639206398343,0,0.0,-0.0,1.590601759005396
2025-08-17,4472.33,0.011384014889224137,True,1.0,0.011384014889224137,14.809039735099244,0,0.0,0.0,0.2558478049733858,0,0.0,0.0,2.6174753707836844,0,0.0,0.0,3.37952464002357,0,0.0,0.0,3.541674014173228,0,0.0,0.0,3.776078425555142,0,0.0,0.0,2.4620639206398343,0,0.0,0.0,1.590601759005396
2025-08-18,4312.99,-0.03562796126403911,True,1.0,-0.03562796126403911,14.281423841059512,0,0.0,-0.0,0.2558478049733858,0,0.0,-0.0,2.6174753707836844,0,0.0,-0.0,3.37952464002357,0,0.0,-0.0,3.541674014173228,0,0.0,-0.0,3.776078425555142,0,0.0,-0.0,2.4620639206398343,0,0.0,-0.0,1.590601759005396
2025-08-19,4075.59,-0.05504302119875071,True,1.0,-0.05504302119875071,13.495331125827729,0,0.0,-0.0,0.2558478049733858,0,0.0,-0.0,2.6174753707836844,0,0.0,-0.0,3.37952464002357,0,0.0,-0.0,3.541674014173228,0,0.0,-0.0,3.776078425555142,0,0.0,-0.0,2.4620639206398343,0,0.0,-0.0,1.590601759005396
2025-08-20,4336.16,0.06393430153670998,True,1.0,0.06393430153670998,14.358145695364147,0,0.0,0.0,0.2558478049733858,0,0.0,0.0,2.6174753707836844,0,0.0,0.0,3.37952464002357,0,0.0,0.0,3.541674014173228,0,0.0,0.0,3.776078425555142,0,0.0,0.0,2.4620639206398343,0,0.0,0.0,1.590601759005396
2025-08-21,4225.3,-0.025566399763846226,True,1.0,-0.025566399763846226,13.99105960264892,0,0.0,-0.0,0.2558478049733858,0,0.0,-0.0,2.6174753707836844,0,0.0,-0.0,3.37952464002357,0,0.0,-0.0,3.541674014173228,0,0.0,-0.0,3.776078425555142,0,0.0,-0.0,2.4620639206398343,0,0.0,-0.0,1.590601759005396
2025-08-22,4832.07,0.14360400444938803,True,1.0,0.14360400444938803,16.00023178807937,0,0.0,0.0,0.2558478049733858,1,0.0,0.0,2.6174753707836844,0,0.0,0.0,3.37952464002357,0,0.0,0.0,3.541674014173228,0,0.0,0.0,3.776078425555142,0,0.0,0.0,2.4620639206398343,0,0.0,0.0,1.590601759005396
2025-08-23,4778.4,-0.011107041081772406,True,1.0,-0.011107041081772406,15.82251655629129,0,0.0,-0.0,0.2558478049733858,0,1.0,-0.012107041081772407,2.585785488939079,0,0.0,-0.0,3.37952464002357,0,0.0,-0.0,3.541674014173228,0,0.0,-0.0,3.776078425555142,0,0.0,-0.0,2.4620639206398343,0,0.0,-0.0,1.590601759005396
2025-08-24,4780.15,0.000366231374518744,True,1.0,0.000366231374518744,15.828311258278047,0,0.0,0.0,0.2558478049733858,0,1.0,0.000366231374518744,2.5867324847129036,0,0.0,0.0,3.37952464002357,0,0.0,0.0,3.541674014173228,0,0.0,0.0,3.776078425555142,0,0.0,0.0,2.4620639206398343,0,0.0,0.0,1.590601759005396
2025-08-25,4376.18,-0.0845099003169355,True,1.0,-0.0845099003169355,14.490662251655541,0,0.0,-0.0,0.2558478049733858,0,1.0,-0.0845099003169355,2.368127980283237,0,0.0,-0.0,3.37952464002357,0,0.0,-0.0,3.541674014173228,0,0.0,-0.0,3.776078425555142,0,0.0,-0.0,2.4620639206398343,0,0.0,-0.0,1.590601759005396
2025-08-26,4600.63,0.05128902376044864,True,1.0,0.05128902376044864,15.233874172185338,0,0.0,0.0,0.2558478049733858,0,1.0,0.05128902376044864,2.4895869525317673,0,0.0,0.0,3.37952464002357,0,0.0,0.0,3.541674014173228,0,0.0,0.0,3.776078425555142,0,0.0,0.0,2.4620639206398343,0,0.0,0.0,1.590601759005396
2025-08-27,4506.71,-0.020414595392370227,True,1.0,-0.020414595392370227,14.922880794701895,0,0.0,-0.0,0.2558478049733858,0,1.0,-0.020414595392370227,2.4387630422017073,0,0.0,-0.0,3.37952464002357,0,0.0,-0.0,3.541674014173228,0,0.0,-0.0,3.776078425555142,0,0.0,-0.0,2.4620639206398343,0,0.0,-0.0,1.590601759005396
2025-08-28,4511.21,0.0009985111089907406,True,1.0,0.0009985111089907406,14.93778145695355,0,0.0,0.0,0.2558478049733858,0,1.0,0.0009985111089907406,2.4411981741915416,0,0.0,0.0,3.37952464002357,0,0.0,0.0,3.541674014173228,0,0.0,0.0,3.776078425555142,0,0.0,0.0,2.4620639206398343,0,0.0,0.0,1.590601759005396
2025-08-29,4360.18,-0.033478822754870574,True,1.0,-0.033478822754870574,14.43768211920521,0,0.0,-0.0,0.2558478049733858,0,1.0,-0.033478822754870574,2.3594697332082695,0,0.0,-0.0,3.37952464002357,0,0.0,-0.0,3.541674014173228,0,0.0,-0.0,3.776078425555142,0,0.0,-0.0,2.4620639206398343,0,0.0,-0.0,1.590601759005396
2025-08-30,4373.7,0.003100789416950578,True,1.0,0.003100789416950578,14.482450331125738,0,0.0,0.0,0.2558478049733858,0,1.0,0.003100789416950578,2.366785951986617,0,0.0,0.0,3.37952464002357,0,0.0,0.0,3.541674014173228,0,0.0,0.0,3.776078425555142,0,0.0,0.0,2.4620639206398343,0,0.0,0.0,1.590601759005396
2025-08-31,4391.83,0.004145231725998677,True,1.0,0.004145231725998677,14.542483443708521,0,0.0,0.0,0.2558478049733858,0,1.0,0.004145231725998677,2.3765968282034398,0,0.0,0.0,3.37952464002357,0,0.0,0.0,3.541674014173228,0,0.0,0.0,3.776078425555142,0,0.0,0.0,2.4620639206398343,0,0.0,0.0,1.590601759005396
2025-09-01,4314.5,-0.017607694286891795,False,1.0,-0.017607694286891795,14.286423841059516,0,0.0,-0.0,0.2558478049733858,0,1.0,-0.017607694286891795,2.334750437809237,0,0.0,-0.0,3.37952464002357,0,0.0,-0.0,3.541674014173228,0,0.0,-0.0,3.776078425555142,0,0.0,-0.0,2.4620639206398343,0,0.0,-0.0,1.590601759005396
2025-09-02,4326.5,0.002781318808668498,False,1.0,0.002781318808668498,14.326158940397265,0,0.0,0.0,0.2558478049733858,0,1.0,0.002781318808668498,2.341244123115463,0,0.0,0.0,3.37952464002357,0,0.0,0.0,3.541674014173228,0,0.0,0.0,3.776078425555142,0,0.0,0.0,2.4620639206398343,0,0.0,0.0,1.590601759005396
2025-09-03,4450.46,0.028651334797180184,False,1.0,0.028651334797180184,14.736622516556203,0,0.0,0.0,0.2558478049733858,0,1.0,0.028651334797180184,2.4083238923287746,0,0.0,0.0,3.37952464002357,0,0.0,0.0,3.541674014173228,0,0.0,0.0,3.776078425555142,0,0.0,0.0,2.4620639206398343,0,0.0,0.0,1.590601759005396
2025-09-04,4297.55,-0.03435824611388483,False,1.0,-0.03435824611388483,14.230298013244948,0,0.0,-0.0,0.2558478049733858,0,1.0,-0.03435824611388483,2.3255781073141937,0,0.0,-0.0,3.37952464002357,0,0.0,-0.0,3.541674014173228,0,0.0,-0.0,3.776078425555142,0,0.0,-0.0,2.4620639206398343,0,0.0,-0.0,1.590601759005396
2025-09-05,4307.45,0.002303638119393492,False,1.0,0.002303638119393492,14.263079470198589,0,0.0,0.0,0.2558478049733858,0,1.0,0.002303638119393492,2.3309353976918294,0,0.0,0.0,3.37952464002357,0,0.0,0.0,3.541674014173228,0,0.0,0.0,3.776078425555142,0,0.0,0.0,2.4620639206398343,0,0.0,0.0,1.590601759005396
2025-09-06,4273.14,-0.00796526947497933,False,1.0,-0.00796526947497933,14.149470198675411,0,0.0,-0.0,0.2558478049733858,0,1.0,-0.00796526947497933,2.312368869120446,0,0.0,-0.0,3.37952464002357,0,0.0,-0.0,3.541674014173228,0,0.0,-0.0,3.776078425555142,0,0.0,-0.0,2.4620639206398343,0,0.0,-0.0,1.590601759005396
2025-09-07,4306.19,0.007734359276784675,False,1.0,0.007734359276784675,14.258907284768124,0,0.0,0.0,0.2558478049733858,0,1.0,0.007734359276784675,2.330253560734676,0,0.0,0.0,3.37952464002357,0,0.0,0.0,3.541674014173228,0,0.0,0.0,3.776078425555142,0,0.0,0.0,2.4620639206398343,0,0.0,0.0,1.590601759005396
2025-09-08,4306.37,4.180029213762815e-05,True,1.0,4.180029213762815e-05,14.259503311258191,0,0.0,0.0,0.2558478049733858,0,1.0,4.180029213762815e-05,2.3303509660142696,0,0.0,0.0,3.37952464002357,0,0.0,0.0,3.541674014173228,0,0.0,0.0,3.776078425555142,0,0.0,0.0,2.4620639206398343,0,0.0,0.0,1.590601759005396
2025-09-09,4310.09,0.0008638365955551119,False,1.0,0.0008638365955551119,14.271821192052895,0,0.0,0.0,0.2558478049733858,0,1.0,0.0008638365955551119,2.3323640084592,0,0.0,0.0,3.37952464002357,0,0.0,0.0,3.541674014173228,0,0.0,0.0,3.776078425555142,0,0.0,0.0,2.4620639206398343,0,0.0,0.0,1.590601759005396
2025-09-10,4349.32,0.00910189810421591,True,1.0,0.00910189810421591,14.40172185430455,0,0.0,0.0,0.2558478049733858,0,1.0,0.00910189810421591,2.353592948006136,0,0.0,0.0,3.37952464002357,0,0.0,0.0,3.541674014173228,0,0.0,0.0,3.776078425555142,0,0.0,0.0,2.4620639206398343,0,0.0,0.0,1.590601759005396
2025-09-11,4458.82,0.025176349406343945,False,1.0,0.025176349406343945,14.764304635761501,0,0.0,0.0,0.2558478049733858,0,1.0,0.025176349406343945,2.4128478264254456,0,0.0,0.0,3.37952464002357,0,0.0,0.0,3.541674014173228,0,0.0,0.0,3.776078425555142,0,0.0,0.0,2.4620639206398343,0,0.0,0.0,1.590601759005396
2025-09-12,4712.16,0.05681772307471489,False,1.0,0.05681772307471489,15.603178807946927,0,0.0,0.0,0.2558478049733858,0,0.0,-0.001,2.41043497859902,0,0.0,0.0,3.37952464002357,0,0.0,0.0,3.541674014173228,0,0.0,0.0,3.776078425555142,0,0.0,0.0,2.4620639206398343,0,0.0,0.0,1.590601759005396
2025-09-13,4666.53,-0.009683457268004458,False,1.0,-0.009683457268004458,15.45208609271514,0,0.0,-0.0,0.2558478049733858,0,0.0,-0.0,2.41043497859902,0,0.0,-0.0,3.37952464002357,0,0.0,-0.0,3.541674014173228,0,0.0,-0.0,3.776078425555142,0,0.0,-0.0,2.4620639206398343,0,0.0,-0.0,1.590601759005396
2025-09-14,4604.49,-0.013294675058341032,True,1.0,-0.013294675058341032,15.246655629138981,0,0.0,-0.0,0.2558478049733858,0,0.0,-0.0,2.41043497859902,0,0.0,-0.0,3.37952464002357,0,0.0,-0.0,3.541674014173228,0,0.0,-0.0,3.776078425555142,0,0.0,-0.0,2.4620639206398343,0,0.0,-0.0,1.590601759005396
2025-09-15,4523.74,-0.01753722996466489,False,1.0,-0.01753722996466489,14.979271523178719,0,0.0,-0.0,0.2558478049733858,0,0.0,-0.0,2.41043497859902,0,0.0,-0.0,3.37952464002357,0,0.0,-0.0,3.541674014173228,0,0.0,-0.0,3.776078425555142,0,0.0,-0.0,2.4620639206398343,0,0.0,-0.0,1.590601759005396
2025-09-16,4501.29,-0.004962707847931069,False,1.0,-0.004962707847931069,14.90493377483435,0,0.0,-0.0,0.2558478049733858,0,0.0,-0.0,2.41043497859902,0,0.0,-0.0,3.37952464002357,0,0.0,-0.0,3.541674014173228,0,0.0,-0.0,3.776078425555142,0,0.0,-0.0,2.4620639206398343,0,0.0,-0.0,1.590601759005396
2025-09-17,4590.53,0.01982542782180219,True,1.0,0.01982542782180219,15.200430463576069,0,0.0,0.0,0.2558478049733858,0,0.0,0.0,2.41043497859902,0,0.0,0.0,3.37952464002357,0,0.0,0.0,3.541674014173228,0,0.0,0.0,3.776078425555142,0,0.0,0.0,2.4620639206398343,0,0.0,0.0,1.590601759005396
2025-09-18,4587.66,-0.000625200140288773,True,1.0,-0.000625200140288773,15.19092715231779,0,0.0,-0.0,0.2558478049733858,0,0.0,-0.0,2.41043497859902,0,0.0,-0.0,3.37952464002357,0,0.0,-0.0,3.541674014173228,0,0.0,-0.0,3.776078425555142,0,0.0,-0.0,2.4620639206398343,0,0.0,-0.0,1.590601759005396
2025-09-19,4468.59,-0.025954408129634676,True,1.0,-0.025954408129634676,14.796655629138986,0,0.0,-0.0,0.2558478049733858,0,0.0,-0.0,2.41043497859902,0,0.0,-0.0,3.37952464002357,0,0.0,-0.0,3.541674014173228,0,0.0,-0.0,3.776078425555142,0,0.0,-0.0,2.4620639206398343,0,0.0,-0.0,1.590601759005396
2025-09-20,4480.42,0.002647367514137633,True,1.0,0.002647367514137633,14.83582781456945,0,0.0,0.0,0.2558478049733858,0,0.0,0.0,2.41043497859902,0,0.0,0.0,3.37952464002357,0,0.0,0.0,3.541674014173228,0,0.0,0.0,3.776078425555142,0,0.0,0.0,2.4620639206398343,0,0.0,0.0,1.590601759005396
2025-09-21,4444.97,-0.00791220465938458,True,1.0,-0.00791220465938458,14.718443708609186,0,0.0,-0.0,0.2558478049733858,0,0.0,-0.0,2.41043497859902,0,0.0,-0.0,3.37952464002357,0,0.0,-0.0,3.541674014173228,0,0.0,-0.0,3.776078425555142,0,0.0,-0.0,2.4620639206398343,0,0.0,-0.0,1.590601759005396
2025-09-22,4199.08,-0.05531870856271248,False,1.0,-0.05531870856271248,13.904238410595946,0,0.0,-0.0,0.2558478049733858,0,0.0,-0.0,2.41043497859902,0,0.0,-0.0,3.37952464002357,0,0.0,-0.0,3.541674014173228,0,0.0,-0.0,3.776078425555142,0,0.0,-0.0,2.4620639206398343,0,0.0,-0.0,1.590601759005396
2025-09-23,4164.26,-0.008292292597426032,False,1.0,-0.008292292597426032,13.788940397350915,0,0.0,-0.0,0.2558478049733858,0,0.0,-0.0,2.41043497859902,0,0.0,-0.0,3.37952464002357,0,0.0,-0.0,3.541674014173228,0,0.0,-0.0,3.776078425555142,0,0.0,-0.0,2.4620639206398343,0,0.0,-0.0,1.590601759005396
2025-09-24,4152.81,-0.0027495881621224516,False,1.0,-0.0027495881621224516,13.751026490066147,0,0.0,-0.0,0.2558478049733858,0,0.0,-0.0,2.41043497859902,0,0.0,-0.0,3.37952464002357,0,0.0,-0.0,3.541674014173228,0,0.0,-0.0,3.776078425555142,0,0.0,-0.0,2.4620639206398343,0,0.0,-0.0,1.590601759005396
2025-09-25,3874.36,-0.06705098475490101,False,1.0,-0.06705098475490101,12.829006622516482,0,0.0,-0.0,0.2558478049733858,0,0.0,-0.0,2.41043497859902,0,0.0,-0.0,3.37952464002357,0,0.0,-0.0,3.541674014173228,0,0.0,-0.0,3.776078425555142,0,0.0,-0.0,2.4620639206398343,0,0.0,-0.0,1.590601759005396
2025-09-26,4032.24,0.040749956121785225,False,1.0,0.040749956121785225,13.351788079470122,0,0.0,0.0,0.2558478049733858,0,0.0,0.0,2.41043497859902,0,0.0,0.0,3.37952464002357,0,0.0,0.0,3.541674014173228,0,0.0,0.0,3.776078425555142,0,0.0,0.0,2.4620639206398343,0,0.0,0.0,1.590601759005396
2025-09-27,4018.38,-0.003437295399083329,False,1.0,-0.003437295399083329,13.305894039735024,0,0.0,-0.0,0.2558478049733858,0,0.0,-0.0,2.41043497859902,0,0.0,-0.0,3.37952464002357,0,0.0,-0.0,3.541674014173228,0,0.0,-0.0,3.776078425555142,0,0.0,-0.0,2.4620639206398343,0,0.0,-0.0,1.590601759005396
2025-09-28,4142.16,0.030803458109984527,False,1.0,0.030803458109984527,13.715761589403895,0,0.0,0.0,0.2558478049733858,0,0.0,0.0,2.41043497859902,0,0.0,0.0,3.37952464002357,0,0.0,0.0,3.541674014173228,0,0.0,0.0,3.776078425555142,0,0.0,0.0,2.4620639206398343,0,0.0,0.0,1.590601759005396
2025-09-29,4215.07,0.017601927496764924,False,1.0,0.017601927496764924,13.957185430463495,0,0.0,0.0,0.2558478049733858,0,0.0,0.0,2.41043497859902,0,0.0,0.0,3.37952464002357,0,0.0,0.0,3.541674014173228,0,0.0,0.0,3.776078425555142,0,0.0,0.0,2.4620639206398343,0,0.0,0.0,1.590601759005396
2025-09-30,4145.15,-0.016588099367270348,False,1.0,-0.016588099367270348,13.725662251655548,0,0.0,-0.0,0.2558478049733858,0,0.0,-0.0,2.41043497859902,0,0.0,-0.0,3.37952464002357,0,0.0,-0.0,3.541674014173228,0,0.0,-0.0,3.776078425555142,0,0.0,-0.0,2.4620639206398343,0,0.0,-0.0,1.590601759005396
2025-10-01,4348.03,0.04894394653993217,False,1.0,0.04894394653993217,14.397450331125741,0,0.0,0.0,0.2558478049733858,0,0.0,0.0,2.41043497859902,0,0.0,0.0,3.37952464002357,0,0.0,0.0,3.541674014173228,0,0.0,0.0,3.776078425555142,0,0.0,0.0,2.4620639206398343,0,0.0,0.0,1.590601759005396
2025-10-02,4484.35,0.03135212958512268,False,1.0,0.03135212958512268,14.848841059602563,0,0.0,0.0,0.2558478049733858,0,0.0,0.0,2.41043497859902,0,0.0,0.0,3.37952464002357,0,0.0,0.0,3.541674014173228,0,0.0,0.0,3.776078425555142,0,0.0,0.0,2.4620639206398343,0,0.0,0.0,1.590601759005396
2025-10-03,4512.87,0.006359896083044214,False,1.0,0.006359896083044214,14.943278145695276,0,0.0,0.0,0.2558478049733858,0,0.0,0.0,2.41043497859902,0,0.0,0.0,3.37952464002357,0,0.0,0.0,3.541674014173228,0,0.0,0.0,3.776078425555142,0,0.0,0.0,2.4620639206398343,0,0.0,0.0,1.590601759005396
2025-10-04,4487.15,-0.005699255684298521,False,1.0,-0.005699255684298521,14.858112582781368,0,0.0,-0.0,0.2558478049733858,0,0.0,-0.0,2.41043497859902,0,0.0,-0.0,3.37952464002357,0,0.0,-0.0,3.541674014173228,0,0.0,-0.0,3.776078425555142,0,0.0,-0.0,2.4620639206398343,0,0.0,-0.0,1.590601759005396
2025-10-05,4514.32,0.006055068361877858,False,1.0,0.006055068361877858,14.948079470198588,0,0.0,0.0,0.2558478049733858,0,0.0,0.0,2.41043497859902,0,0.0,0.0,3.37952464002357,0,0.0,0.0,3.541674014173228,0,0.0,0.0,3.776078425555142,0,0.0,0.0,2.4620639206398343,0,0.0,0.0,1.590601759005396
2025-10-06,4684.01,0.037589271473887687,True,1.0,0.037589271473887687,15.509966887417129,0,0.0,0.0,0.2558478049733858,0,0.0,0.0,2.41043497859902,0,0.0,0.0,3.37952464002357,0,0.0,0.0,3.541674014173228,0,0.0,0.0,3.776078425555142,0,0.0,0.0,2.4620639206398343,0,0.0,0.0,1.590601759005396
2025-10-07,4447.7,-0.05045036197617003,False,1.0,-0.05045036197617003,14.727483443708524,0,0.0,-0.0,0.2558478049733858,0,0.0,-0.0,2.41043497859902,0,0.0,-0.0,3.37952464002357,0,0.0,-0.0,3.541674014173228,0,0.0,-0.0,3.776078425555142,0,0.0,-0.0,2.4620639206398343,0,0.0,-0.0,1.590601759005396
2025-10-08,4525.72,0.01754165074083236,False,1.0,0.01754165074083236,14.985827814569449,0,0.0,0.0,0.2558478049733858,0,0.0,0.0,2.41043497859902,0,0.0,0.0,3.37952464002357,0,0.0,0.0,3.541674014173228,0,0.0,0.0,3.776078425555142,0,0.0,0.0,2.4620639206398343,0,0.0,0.0,1.590601759005396
2025-10-09,4368.09,-0.034829817134069296,False,1.0,-0.034829817134069296,14.463874172185346,0,0.0,-0.0,0.2558478049733858,0,0.0,-0.0,2.41043497859902,0,0.0,-0.0,3.37952464002357,0,0.0,-0.0,3.541674014173228,0,0.0,-0.0,3.776078425555142,0,0.0,-0.0,2.4620639206398343,0,0.0,-0.0,1.590601759005396
2025-10-10,3829.72,-0.12325066562273224,False,1.0,-0.12325066562273224,12.681192052980057,0,0.0,-0.0,0.2558478049733858,0,0.0,-0.0,2.41043497859902,0,0.0,-0.0,3.37952464002357,0,0.0,-0.0,3.541674014173228,0,0.0,-0.0,3.776078425555142,0,0.0,-0.0,2.4620639206398343,0,0.0,-0.0,1.590601759005396
2025-10-11,3746.79,-0.02165432459814287,False,1.0,-0.02165432459814287,12.406589403973436,0,0.0,-0.0,0.2558478049733858,0,0.0,-0.0,2.41043497859902,0,0.0,-0.0,3.37952464002357,0,0.0,-0.0,3.541674014173228,0,0.0,-0.0,3.776078425555142,0,0.0,-0.0,2.4620639206398343,0,0.0,-0.0,1.590601759005396
2025-10-12,4152.29,0.10822597476773455,False,1.0,0.10822597476773455,13.749304635761508,0,0.0,0.0,0.2558478049733858,0,0.0,0.0,2.41043497859902,0,0.0,0.0,3.37952464002357,0,0.0,0.0,3.541674014173228,0,0.0,0.0,3.776078425555142,0,0.0,0.0,2.4620639206398343,0,0.0,0.0,1.590601759005396
2025-10-13,4240.85,0.021327990097030902,True,1.0,0.021327990097030902,14.04254966887409,0,0.0,0.0,0.2558478049733858,0,0.0,0.0,2.41043497859902,0,0.0,0.0,3.37952464002357,0,0.0,0.0,3.541674014173228,0,0.0,0.0,3.776078425555142,0,0.0,0.0,2.4620639206398343,0,0.0,0.0,1.590601759005396
2025-10-14,4125.02,-0.02731292075881009,False,1.0,-0.02731292075881009,13.659006622516477,0,0.0,-0.0,0.2558478049733858,0,0.0,-0.0,2.41043497859902,0,0.0,-0.0,3.37952464002357,0,0.0,-0.0,3.541674014173228,0,0.0,-0.0,3.776078425555142,0,0.0,-0.0,2.4620639206398343,0,0.0,-0.0,1.590601759005396
2025-10-15,3985.61,-0.03379619977600112,True,1.0,-0.03379619977600112,13.197384105960188,0,0.0,-0.0,0.2558478049733858,0,0.0,-0.0,2.41043497859902,0,0.0,-0.0,3.37952464002357,0,0.0,-0.0,3.541674014173228,0,0.0,-0.0,3.776078425555142,0,0.0,-0.0,2.4620639206398343,0,0.0,-0.0,1.590601759005396
2025-10-16,3894.51,-0.022857228880899028,False,1.0,-0.022857228880899028,12.895728476821116,0,0.0,-0.0,0.2558478049733858,0,0.0,-0.0,2.41043497859902,0,0.0,-0.0,3.37952464002357,0,0.0,-0.0,3.541674014173228,0,0.0,-0.0,3.776078425555142,0,0.0,-0.0,2.4620639206398343,0,0.0,-0.0,1.590601759005396
2025-10-17,3831.57,-0.016161211551645738,False,1.0,-0.016161211551645738,12.687317880794629,0,0.0,-0.0,0.2558478049733858,0,0.0,-0.0,2.41043497859902,0,0.0,-0.0,3.37952464002357,0,0.0,-0.0,3.541674014173228,0,0.0,-0.0,3.776078425555142,0,0.0,-0.0,2.4620639206398343,0,0.0,-0.0,1.590601759005396
2025-10-18,3889.21,0.015043441722322637,False,1.0,0.015043441722322637,12.878178807946945,0,0.0,0.0,0.2558478049733858,0,0.0,0.0,2.41043497859902,0,0.0,0.0,3.37952464002357,0,0.0,0.0,3.541674014173228,0,0.0,0.0,3.776078425555142,0,0.0,0.0,2.4620639206398343,0,0.0,0.0,1.590601759005396
2025-10-19,3982.58,0.024007446242295893,False,1.0,0.024007446242295893,13.187350993377406,0,0.0,0.0,0.2558478049733858,0,0.0,0.0,2.41043497859902,0,0.0,0.0,3.37952464002357,0,0.0,0.0,3.541674014173228,0,0.0,0.0,3.776078425555142,0,0.0,0.0,2.4620639206398343,0,0.0,0.0,1.590601759005396
2025-10-20,3979.22,-0.0008436742011460607,False,1.0,-0.0008436742011460607,13.176225165562835,0,0.0,-0.0,0.2558478049733858,0,0.0,-0.0,2.41043497859902,0,0.0,-0.0,3.37952464002357,0,0.0,-0.0,3.541674014173228,0,0.0,-0.0,3.776078425555142,0,0.0,-0.0,2.4620639206398343,0,0.0,-0.0,1.590601759005396
2025-10-21,3873.05,-0.02668110835791926,False,1.0,-0.02668110835791926,12.82466887417211,0,0.0,-0.0,0.2558478049733858,0,0.0,-0.0,2.41043497859902,0,0.0,-0.0,3.37952464002357,0,0.0,-0.0,3.541674014173228,0,0.0,-0.0,3.776078425555142,0,0.0,-0.0,2.4620639206398343,0,0.0,-0.0,1.590601759005396
2025-10-22,3805.53,-0.017433289009953445,False,1.0,-0.017433289009953445,12.601092715231713,0,0.0,-0.0,0.2558478049733858,0,0.0,-0.0,2.41043497859902,0,0.0,-0.0,3.37952464002357,0,0.0,-0.0,3.541674014173228,0,0.0,-0.0,3.776078425555142,0,0.0,-0.0,2.4620639206398343,0,0.0,-0.0,1.590601759005396
2025-10-23,3856.8,0.013472499231381718,False,1.0,0.013472499231381718,12.770860927152242,0,0.0,0.0,0.2558478049733858,0,0.0,0.0,2.41043497859902,0,0.0,0.0,3.37952464002357,0,0.0,0.0,3.541674014173228,0,0.0,0.0,3.776078425555142,0,0.0,0.0,2.4620639206398343,0,0.0,0.0,1.590601759005396
2025-10-24,3934.88,0.020244762497407143,False,1.0,0.020244762497407143,13.029403973509856,0,0.0,0.0,0.2558478049733858,0,0.0,0.0,2.41043497859902,0,0.0,0.0,3.37952464002357,0,0.0,0.0,3.541674014173228,0,0.0,0.0,3.776078425555142,0,0.0,0.0,2.4620639206398343,0,0.0,0.0,1.590601759005396
2025-10-25,3953.82,0.004813361525637383,False,1.0,0.004813361525637383,13.092119205297935,0,0.0,0.0,0.2558478049733858,0,0.0,0.0,2.41043497859902,0,0.0,0.0,3.37952464002357,0,0.0,0.0,3.541674014173228,0,0.0,0.0,3.776078425555142,0,0.0,0.0,2.4620639206398343,0,0.0,0.0,1.590601759005396
2025-10-26,4158.46,0.051757540808635705,False,1.0,0.051757540808635705,13.769735099337666,0,0.0,0.0,0.2558478049733858,0,0.0,0.0,2.41043497859902,0,0.0,0.0,3.37952464002357,0,0.0,0.0,3.541674014173228,0,0.0,0.0,3.776078425555142,0,0.0,0.0,2.4620639206398343,0,0.0,0.0,1.590601759005396
2025-10-27,4120.15,-0.009212545028688623,False,1.0,-0.009212545028688623,13.642880794701904,0,0.0,-0.0,0.2558478049733858,0,0.0,-0.0,2.41043497859902,0,0.0,-0.0,3.37952464002357,0,0.0,-0.0,3.541674014173228,0,0.0,-0.0,3.776078425555142,0,0.0,-0.0,2.4620639206398343,0,0.0,-0.0,1.590601759005396
2025-10-28,3979.2,-0.03420991954176422,False,1.0,-0.03420991954176422,13.176158940397272,0,0.0,-0.0,0.2558478049733858,0,0.0,-0.0,2.41043497859902,0,0.0,-0.0,3.37952464002357,0,0.0,-0.0,3.541674014173228,0,0.0,-0.0,3.776078425555142,0,0.0,-0.0,2.4620639206398343,0,0.0,-0.0,1.590601759005396
2025-10-29,3902.99,-0.01915209087253722,False,1.0,-0.01915209087253722,12.92380794701979,0,0.0,-0.0,0.2558478049733858,0,0.0,-0.0,2.41043497859902,0,0.0,-0.0,3.37952464002357,0,0.0,-0.0,3.541674014173228,0,0.0,-0.0,3.776078425555142,0,0.0,-0.0,2.4620639206398343,0,0.0,-0.0,1.590601759005396
2025-10-30,3805.09,-0.025083333546844777,False,1.0,-0.025083333546844777,12.59963576158933,0,0.0,-0.0,0.2558478049733858,0,0.0,-0.0,2.41043497859902,0,0.0,-0.0,3.37952464002357,0,0.0,-0.0,3.541674014173228,0,0.0,-0.0,3.776078425555142,0,0.0,-0.0,2.4620639206398343,0,0.0,-0.0,1.590601759005396
2025-10-31,3847.99,0.011274371959664409,True,1.0,0.011274371959664409,12.741688741721777,0,0.0,0.0,0.2558478049733858,0,0.0,0.0,2.41043497859902,0,0.0,0.0,3.37952464002357,0,0.0,0.0,3.541674014173228,0,0.0,0.0,3.776078425555142,0,0.0,0.0,2.4620639206398343,0,0.0,0.0,1.590601759005396
2025-11-01,3873.77,0.006699601610191452,False,1.0,0.006699601610191452,12.827052980132375,0,0.0,0.0,0.2558478049733858,0,0.0,0.0,2.41043497859902,0,0.0,0.0,3.37952464002357,0,0.0,0.0,3.541674014173228,0,0.0,0.0,3.776078425555142,0,0.0,0.0,2.4620639206398343,0,0.0,0.0,1.590601759005396
2025-11-02,3906.58,0.008469785247962491,False,1.0,0.008469785247962491,12.935695364238335,0,0.0,0.0,0.2558478049733858,0,0.0,0.0,2.41043497859902,0,0.0,0.0,3.37952464002357,0,0.0,0.0,3.541674014173228,0,0.0,0.0,3.776078425555142,0,0.0,0.0,2.4620639206398343,0,0.0,0.0,1.590601759005396
2025-11-03,3603.83,-0.0774974530151693,False,1.0,-0.0774974530151693,11.93321192052973,0,0.0,-0.0,0.2558478049733858,0,0.0,-0.0,2.41043497859902,0,0.0,-0.0,3.37952464002357,0,0.0,-0.0,3.541674014173228,0,0.0,-0.0,3.776078425555142,0,0.0,-0.0,2.4620639206398343,0,0.0,-0.0,1.590601759005396
2025-11-04,3287.05,-0.08790092762422197,False,1.0,-0.08790092762422197,10.884271523178745,0,0.0,-0.0,0.2558478049733858,0,0.0,-0.0,2.41043497859902,0,0.0,-0.0,3.37952464002357,0,0.0,-0.0,3.541674014173228,0,0.0,-0.0,3.776078425555142,0,0.0,-0.0,2.4620639206398343,0,0.0,-0.0,1.590601759005396
2025-11-05,3424.29,0.04175172266926275,False,1.0,0.04175172266926275,11.338708609271459,0,0.0,0.0,0.2558478049733858,0,0.0,0.0,2.41043497859902,0,0.0,0.0,3.37952464002357,0,0.0,0.0,3.541674014173228,0,0.0,0.0,3.776078425555142,0,0.0,0.0,2.4620639206398343,0,0.0,0.0,1.590601759005396
2025-11-06,3315.14,-0.031875220848701535,False,1.0,-0.031875220848701535,10.977284768211858,0,0.0,-0.0,0.2558478049733858,0,0.0,-0.0,2.41043497859902,0,0.0,-0.0,3.37952464002357,0,0.0,-0.0,3.541674014173228,0,0.0,-0.0,3.776078425555142,0,0.0,-0.0,2.4620639206398343,0,0.0,-0.0,1.590601759005396
2025-11-07,3436.05,0.03647206452819507,False,1.0,0.03647206452819507,11.377649006622454,0,0.0,0.0,0.2558478049733858,0,0.0,0.0,2.41043497859902,0,0.0,0.0,3.37952464002357,0,0.0,0.0,3.541674014173228,0,0.0,0.0,3.776078425555142,0,0.0,0.0,2.4620639206398343,0,0.0,0.0,1.590601759005396
2025-11-08,3401.51,-0.010052240217691799,False,1.0,-0.010052240217691799,11.263278145695303,0,0.0,-0.0,0.2558478049733858,0,0.0,-0.0,2.41043497859902,0,0.0,-0.0,3.37952464002357,0,0.0,-0.0,3.541674014173228,0,0.0,-0.0,3.776078425555142,0,0.0,-0.0,2.4620639206398343,0,0.0,-0.0,1.590601759005396
2025-11-09,3583.46,0.05349094960767409,False,1.0,0.05349094960767409,11.865761589403906,0,0.0,0.0,0.2558478049733858,0,0.0,0.0,2.41043497859902,0,0.0,0.0,3.37952464002357,0,0.0,0.0,3.541674014173228,0,0.0,0.0,3.776078425555142,0,0.0,0.0,2.4620639206398343,0,0.0,0.0,1.590601759005396
2025-11-10,3567.85,-0.004356125085810958,False,1.0,-0.004356125085810958,11.814072847682052,0,0.0,-0.0,0.2558478049733858,0,0.0,-0.0,2.41043497859902,0,0.0,-0.0,3.37952464002357,0,0.0,-0.0,3.541674014173228,0,0.0,-0.0,3.776078425555142,0,0.0,-0.0,2.4620639206398343,0,0.0,-0.0,1.590601759005396
2025-11-11,3417.76,-0.04206735148618912,False,1.0,-0.04206735148618912,11.317086092715169,0,0.0,-0.0,0.2558478049733858,0,0.0,-0.0,2.41043497859902,0,0.0,-0.0,3.37952464002357,0,0.0,-0.0,3.541674014173228,0,0.0,-0.0,3.776078425555142,0,0.0,-0.0,2.4620639206398343,0,0.0,-0.0,1.590601759005396
2025-11-12,3414.92,-0.0008309536070408852,False,1.0,-0.0008309536070408852,11.307682119205234,0,0.0,-0.0,0.2558478049733858,0,0.0,-0.0,2.41043497859902,0,0.0,-0.0,3.37952464002357,0,0.0,-0.0,3.541674014173228,0,0.0,-0.0,3.776078425555142,0,0.0,-0.0,2.4620639206398343,0,0.0,-0.0,1.590601759005396
2025-11-13,3231.54,-0.05369964742951516,False,1.0,-0.05369964742951516,10.70046357615888,0,0.0,-0.0,0.2558478049733858,0,0.0,-0.0,2.41043497859902,0,0.0,-0.0,3.37952464002357,0,0.0,-0.0,3.541674014173228,0,0.0,-0.0,3.776078425555142,0,0.0,-0.0,2.4620639206398343,0,0.0,-0.0,1.590601759005396
2025-11-14,3112.4,-0.036867871046002754,False,1.0,-0.036867871046002754,10.305960264900605,0,0.0,-0.0,0.2558478049733858,0,0.0,-0.0,2.41043497859902,0,0.0,-0.0,3.37952464002357,0,0.0,-0.0,3.541674014173228,0,0.0,-0.0,3.776078425555142,0,0.0,-0.0,2.4620639206398343,0,0.0,-0.0,1.590601759005396
2025-11-15,3167.88,0.017825472304330958,False,1.0,0.017825472304330958,10.489668874172127,0,0.0,0.0,0.2558478049733858,0,0.0,0.0,2.41043497859902,0,0.0,0.0,3.37952464002357,0,0.0,0.0,3.541674014173228,0,0.0,0.0,3.776078425555142,0,0.0,0.0,2.4620639206398343,0,0.0,0.0,1.590601759005396
2025-11-16,3095.29,-0.022914378069876395,False,1.0,-0.022914378069876395,10.249304635761533,0,0.0,-0.0,0.2558478049733858,0,0.0,-0.0,2.41043497859902,0,0.0,-0.0,3.37952464002357,0,0.0,-0.0,3.541674014173228,0,0.0,-0.0,3.776078425555142,0,0.0,-0.0,2.4620639206398343,0,0.0,-0.0,1.590601759005396
2025-11-17,3031.44,-0.020628115620830334,False,1.0,-0.020628115620830334,10.037880794701932,0,0.0,-0.0,0.2558478049733858,0,0.0,-0.0,2.41043497859902,0,0.0,-0.0,3.37952464002357,0,0.0,-0.0,3.541674014173228,0,0.0,-0.0,3.776078425555142,0,0.0,-0.0,2.4620639206398343,0,0.0,-0.0,1.590601759005396
2025-11-18,3123.66,0.0304211859710235,False,1.0,0.0304211859710235,10.343245033112526,0,0.0,0.0,0.2558478049733858,0,0.0,0.0,2.41043497859902,0,0.0,0.0,3.37952464002357,0,0.0,0.0,3.541674014173228,0,0.0,0.0,3.776078425555142,0,0.0,0.0,2.4620639206398343,0,0.0,0.0,1.590601759005396
2025-11-19,3025.48,-0.03143107764609454,False,1.0,-0.03143107764609454,10.018145695364185,0,0.0,-0.0,0.2558478049733858,0,0.0,-0.0,2.41043497859902,0,0.0,-0.0,3.37952464002357,0,0.0,-0.0,3.541674014173228,0,0.0,-0.0,3.776078425555142,0,0.0,-0.0,2.4620639206398343,0,0.0,-0.0,1.590601759005396
2025-11-20,2834.22,-0.06321641524650645,False,1.0,-0.06321641524650645,9.384834437086042,0,0.0,-0.0,0.2558478049733858,0,0.0,-0.0,2.41043497859902,0,0.0,-0.0,3.37952464002357,0,0.0,-0.0,3.541674014173228,0,0.0,-0.0,3.776078425555142,0,0.0,-0.0,2.4620639206398343,0,0.0,-0.0,1.590601759005396
2025-11-21,2765.85,-0.02412303914304459,False,1.0,-0.02412303914304459,9.158443708609223,0,0.0,-0.0,0.2558478049733858,0,0.0,-0.0,2.41043497859902,0,0.0,-0.0,3.37952464002357,0,0.0,-0.0,3.541674014173228,0,0.0,-0.0,3.776078425555142,0,0.0,-0.0,2.4620639206398343,0,0.0,-0.0,1.590601759005396
2025-11-22,2770.12,0.001543829202595992,False,1.0,0.001543829202595992,9.172582781456905,0,0.0,0.0,0.2558478049733858,0,0.0,0.0,2.41043497859902,0,0.0,0.0,3.37952464002357,0,0.0,0.0,3.541674014173228,0,0.0,0.0,3.776078425555142,0,0.0,0.0,2.4620639206398343,0,0.0,0.0,1.590601759005396
2025-11-23,2802.16,0.011566285937071319,False,1.0,0.011566285937071319,9.278675496688692,0,0.0,0.0,0.2558478049733858,0,0.0,0.0,2.41043497859902,0,0.0,0.0,3.37952464002357,0,0.0,0.0,3.541674014173228,0,0.0,0.0,3.776078425555142,0,0.0,0.0,2.4620639206398343,0,0.0,0.0,1.590601759005396
2025-11-24,2953.38,0.05396551231906832,False,1.0,0.05396551231906832,9.779403973509883,0,0.0,0.0,0.2558478049733858,0,0.0,0.0,2.41043497859902,0,0.0,0.0,3.37952464002357,0,0.0,0.0,3.541674014173228,0,0.0,0.0,3.776078425555142,0,0.0,0.0,2.4620639206398343,0,0.0,0.0,1.590601759005396
2025-11-25,2959.36,0.0020247987052124383,False,1.0,0.0020247987052124383,9.799205298013195,0,0.0,0.0,0.2558478049733858,0,0.0,0.0,2.41043497859902,0,0.0,0.0,3.37952464002357,0,0.0,0.0,3.541674014173228,0,0.0,0.0,3.776078425555142,0,0.0,0.0,2.4620639206398343,0,0.0,0.0,1.590601759005396
2025-11-26,3026.56,0.02270761245674735,False,1.0,0.02270761245674735,10.021721854304584,0,0.0,0.0,0.2558478049733858,0,0.0,0.0,2.41043497859902,0,0.0,0.0,3.37952464002357,0,0.0,0.0,3.541674014173228,0,0.0,0.0,3.776078425555142,0,0.0,0.0,2.4620639206398343,0,0.0,0.0,1.590601759005396
2025-11-27,3015.23,-0.003743524000845766,False,1.0,-0.003743524000845766,9.984205298013194,0,0.0,-0.0,0.2558478049733858,0,0.0,-0.0,2.41043497859902,0,0.0,-0.0,3.37952464002357,0,0.0,-0.0,3.541674014173228,0,0.0,-0.0,3.776078425555142,0,0.0,-0.0,2.4620639206398343,0,0.0,-0.0,1.590601759005396
2025-11-28,3031.15,0.00527986256438151,False,1.0,0.00527986256438151,10.036920529801273,0,0.0,0.0,0.2558478049733858,0,0.0,0.0,2.41043497859902,0,0.0,0.0,3.37952464002357,0,0.0,0.0,3.541674014173228,0,0.0,0.0,3.776078425555142,0,0.0,0.0,2.4620639206398343,0,0.0,0.0,1.590601759005396
2025-11-29,2989.16,-0.013852828134536477,False,1.0,-0.013852828134536477,9.897880794701935,0,0.0,-0.0,0.2558478049733858,0,0.0,-0.0,2.41043497859902,0,0.0,-0.0,3.37952464002357,0,0.0,-0.0,3.541674014173228,0,0.0,-0.0,3.776078425555142,0,0.0,-0.0,2.4620639206398343,0,0.0,-0.0,1.590601759005396
2025-11-30,2991.26,0.0007025385058010425,False,1.0,0.0007025385058010425,9.904834437086041,0,0.0,0.0,0.2558478049733858,0,0.0,0.0,2.41043497859902,0,0.0,0.0,3.37952464002357,0,0.0,0.0,3.541674014173228,0,0.0,0.0,3.776078425555142,0,0.0,0.0,2.4620639206398343,0,0.0,0.0,1.590601759005396
2025-12-01,2799.07,-0.06425051650475055,False,1.0,-0.06425051650475055,9.268443708609222,0,0.0,-0.0,0.2558478049733858,0,0.0,-0.0,2.41043497859902,0,0.0,-0.0,3.37952464002357,0,0.0,-0.0,3.541674014173228,0,0.0,-0.0,3.776078425555142,0,0.0,-0.0,2.4620639206398343,0,0.0,-0.0,1.590601759005396
2025-12-02,2996.07,0.07038051924389177,False,1.0,0.07038051924389177,9.920761589403922,0,0.0,0.0,0.2558478049733858,0,0.0,0.0,2.41043497859902,0,0.0,0.0,3.37952464002357,0,0.0,0.0,3.541674014173228,0,0.0,0.0,3.776078425555142,0,0.0,0.0,2.4620639206398343,0,0.0,0.0,1.590601759005396
2025-12-03,3188.36,0.0641807434405739,False,1.0,0.0641807434405739,10.557483443708556,0,0.0,0.0,0.2558478049733858,0,0.0,0.0,2.41043497859902,0,0.0,0.0,3.37952464002357,0,0.0,0.0,3.541674014173228,0,0.0,0.0,3.776078425555142,0,0.0,0.0,2.4620639206398343,0,0.0,0.0,1.590601759005396
2025-12-04,3133.26,-0.017281611863152135,True,1.0,-0.017281611863152135,10.375033112582729,0,0.0,-0.0,0.2558478049733858,0,0.0,-0.0,2.41043497859902,0,0.0,-0.0,3.37952464002357,0,0.0,-0.0,3.541674014173228,0,0.0,-0.0,3.776078425555142,0,0.0,-0.0,2.4620639206398343,0,0.0,-0.0,1.590601759005396
2025-12-05,3021.78,-0.035579556117270816,False,1.0,-0.035579556117270816,10.005894039735049,0,0.0,-0.0,0.2558478049733858,0,0.0,-0.0,2.41043497859902,0,0.0,-0.0,3.37952464002357,0,0.0,-0.0,3.541674014173228,0,0.0,-0.0,3.776078425555142,0,0.0,-0.0,2.4620639206398343,0,0.0,-0.0,1.590601759005396
2025-12-06,3038.06,0.005387553031656722,False,1.0,0.005387553031656722,10.059801324503258,0,0.0,0.0,0.2558478049733858,0,0.0,0.0,2.41043497859902,0,0.0,0.0,3.37952464002357,0,0.0,0.0,3.541674014173228,0,0.0,0.0,3.776078425555142,0,0.0,0.0,2.4620639206398343,0,0.0,0.0,1.590601759005396
2025-12-07,3059.85,0.007172340243444708,True,1.0,0.007172340243444708,10.131953642384051,0,0.0,0.0,0.2558478049733858,0,0.0,0.0,2.41043497859902,0,0.0,0.0,3.37952464002357,0,0.0,0.0,3.541674014173228,0,0.0,0.0,3.776078425555142,0,0.0,0.0,2.4620639206398343,0,0.0,0.0,1.590601759005396
2025-12-08,3124.16,0.021017370132522917,True,1.0,0.021017370132522917,10.3449006622516,0,0.0,0.0,0.2558478049733858,0,0.0,0.0,2.41043497859902,0,0.0,0.0,3.37952464002357,0,0.0,0.0,3.541674014173228,0,0.0,0.0,3.776078425555142,0,0.0,0.0,2.4620639206398343,0,0.0,0.0,1.590601759005396
2025-12-09,3318.04,0.062058281266004434,True,1.0,0.062058281266004434,10.986887417218485,0,0.0,0.0,0.2558478049733858,0,0.0,0.0,2.41043497859902,0,0.0,0.0,3.37952464002357,0,0.0,0.0,3.541674014173228,0,0.0,0.0,3.776078425555142,0,0.0,0.0,2.4620639206398343,0,0.0,0.0,1.590601759005396
2025-12-10,3324.14,0.0018384347385804745,True,1.0,0.0018384347385804745,11.007086092715172,0,0.0,0.0,0.2558478049733858,0,0.0,0.0,2.41043497859902,0,0.0,0.0,3.37952464002357,0,0.0,0.0,3.541674014173228,0,0.0,0.0,3.776078425555142,0,0.0,0.0,2.4620639206398343,0,0.0,0.0,1.590601759005396
2025-12-11,3237.39,-0.02609697545831402,True,1.0,-0.02609697545831402,10.719834437086034,0,0.0,-0.0,0.2558478049733858,0,0.0,-0.0,2.41043497859902,0,0.0,-0.0,3.37952464002357,0,0.0,-0.0,3.541674014173228,0,0.0,-0.0,3.776078425555142,0,0.0,-0.0,2.4620639206398343,0,0.0,-0.0,1.590601759005396
2025-12-12,3084.86,-0.047115114335931074,True,1.0,-0.047115114335931074,10.214768211920473,0,0.0,-0.0,0.2558478049733858,0,0.0,-0.0,2.41043497859902,0,0.0,-0.0,3.37952464002357,0,0.0,-0.0,3.541674014173228,0,0.0,-0.0,3.776078425555142,0,0.0,-0.0,2.4620639206398343,0,0.0,-0.0,1.590601759005396
2025-12-13,3114.64,0.009653598542559427,True,1.0,0.009653598542559427,10.31337748344365,0,0.0,0.0,0.2558478049733858,0,0.0,0.0,2.41043497859902,0,0.0,0.0,3.37952464002357,0,0.0,0.0,3.541674014173228,0,0.0,0.0,3.776078425555142,0,0.0,0.0,2.4620639206398343,0,0.0,0.0,1.590601759005396
2025-12-14,3063.5,-0.01641923304137871,True,1.0,-0.01641923304137871,10.144039735099282,0,0.0,-0.0,0.2558478049733858,0,0.0,-0.0,2.41043497859902,0,0.0,-0.0,3.37952464002357,0,0.0,-0.0,3.541674014173228,0,0.0,-0.0,3.776078425555142,0,0.0,-0.0,2.4620639206398343,0,0.0,-0.0,1.590601759005396
2025-12-15,2964.85,-0.03220173004733151,True,1.0,-0.03220173004733151,9.81738410596021,0,0.0,-0.0,0.2558478049733858,0,0.0,-0.0,2.41043497859902,0,0.0,-0.0,3.37952464002357,0,0.0,-0.0,3.541674014173228,0,0.0,-0.0,3.776078425555142,0,0.0,-0.0,2.4620639206398343,0,0.0,-0.0,1.590601759005396
2025-12-16,2962.3,-0.0008600772383087207,False,1.0,-0.0008600772383087207,9.80894039735094,0,0.0,-0.0,0.2558478049733858,0,0.0,-0.0,2.41043497859902,0,0.0,-0.0,3.37952464002357,0,0.0,-0.0,3.541674014173228,0,0.0,-0.0,3.776078425555142,0,0.0,-0.0,2.4620639206398343,0,0.0,-0.0,1.590601759005396
2025-12-17,2833.49,-0.043483104344597234,False,1.0,-0.043483104344597234,9.382417218542994,0,0.0,-0.0,0.2558478049733858,0,0.0,-0.0,2.41043497859902,0,0.0,-0.0,3.37952464002357,0,0.0,-0.0,3.541674014173228,0,0.0,-0.0,3.776078425555142,0,0.0,-0.0,2.4620639206398343,0,0.0,-0.0,1.590601759005396
2025-12-18,2828.57,-0.0017363745769349848,False,1.0,-0.0017363745769349848,9.36612582781452,0,0.0,-0.0,0.2558478049733858,0,0.0,-0.0,2.41043497859902,0,0.0,-0.0,3.37952464002357,0,0.0,-0.0,3.541674014173228,0,0.0,-0.0,3.776078425555142,0,0.0,-0.0,2.4620639206398343,0,0.0,-0.0,1.590601759005396
2025-12-19,2979.5,0.05335911785814029,False,1.0,0.05335911785814029,9.865894039735046,0,0.0,0.0,0.2558478049733858,0,0.0,0.0,2.41043497859902,0,0.0,0.0,3.37952464002357,0,0.0,0.0,3.541674014173228,0,0.0,0.0,3.776078425555142,0,0.0,0.0,2.4620639206398343,0,0.0,0.0,1.590601759005396
2025-12-20,2977.93,-0.0005269340493372354,False,1.0,-0.0005269340493372354,9.860695364238357,0,0.0,-0.0,0.2558478049733858,0,0.0,-0.0,2.41043497859902,0,0.0,-0.0,3.37952464002357,0,0.0,-0.0,3.541674014173228,0,0.0,-0.0,3.776078425555142,0,0.0,-0.0,2.4620639206398343,0,0.0,-0.0,1.590601759005396
2025-12-21,3002.02,0.00808951184211848,True,1.0,0.00808951184211848,9.940463576158885,0,0.0,0.0,0.2558478049733858,0,0.0,0.0,2.41043497859902,0,0.0,0.0,3.37952464002357,0,0.0,0.0,3.541674014173228,0,0.0,0.0,3.776078425555142,0,0.0,0.0,2.4620639206398343,0,0.0,0.0,1.590601759005396
2025-12-22,3009.49,0.0024883245281510646,True,1.0,0.0024883245281510646,9.965198675496634,0,0.0,0.0,0.2558478049733858,0,0.0,0.0,2.41043497859902,0,0.0,0.0,3.37952464002357,0,0.0,0.0,3.541674014173228,0,0.0,0.0,3.776078425555142,0,0.0,0.0,2.4620639206398343,0,0.0,0.0,1.590601759005396
2025-12-23,2965.02,-0.0147765900534641,False,1.0,-0.0147765900534641,9.817947019867496,0,0.0,-0.0,0.2558478049733858,0,0.0,-0.0,2.41043497859902,0,0.0,-0.0,3.37952464002357,0,0.0,-0.0,3.541674014173228,0,0.0,-0.0,3.776078425555142,0,0.0,-0.0,2.4620639206398343,0,0.0,-0.0,1.590601759005396
2025-12-24,2947.47,-0.005919015723334087,False,1.0,-0.005919015723334087,9.75983443708604,0,0.0,-0.0,0.2558478049733858,0,0.0,-0.0,2.41043497859902,0,0.0,-0.0,3.37952464002357,0,0.0,-0.0,3.541674014173228,0,0.0,-0.0,3.776078425555142,0,0.0,-0.0,2.4620639206398343,0,0.0,-0.0,1.590601759005396
2025-12-25,2903.95,-0.014765205413456273,False,1.0,-0.014765205413456273,9.61572847682114,0,0.0,-0.0,0.2558478049733858,0,0.0,-0.0,2.41043497859902,0,0.0,-0.0,3.37952464002357,0,0.0,-0.0,3.541674014173228,0,0.0,-0.0,3.776078425555142,0,0.0,-0.0,2.4620639206398343,0,0.0,-0.0,1.590601759005396
2025-12-26,2927.99,0.008278379448682038,False,1.0,0.008278379448682038,9.695331125827762,0,0.0,0.0,0.2558478049733858,0,0.0,0.0,2.41043497859902,0,0.0,0.0,3.37952464002357,0,0.0,0.0,3.541674014173228,0,0.0,0.0,3.776078425555142,0,0.0,0.0,2.4620639206398343,0,0.0,0.0,1.590601759005396
2025-12-27,2949.05,0.007192647515872785,False,1.0,0.007192647515872785,9.76506622516551,0,0.0,0.0,0.2558478049733858,0,0.0,0.0,2.41043497859902,0,0.0,0.0,3.37952464002357,0,0.0,0.0,3.541674014173228,0,0.0,0.0,3.776078425555142,0,0.0,0.0,2.4620639206398343,0,0.0,0.0,1.590601759005396
2025-12-28,2950.91,0.0006307115850865408,False,1.0,0.0006307115850865408,9.771225165562859,0,0.0,0.0,0.2558478049733858,0,0.0,0.0,2.41043497859902,0,0.0,0.0,3.37952464002357,0,0.0,0.0,3.541674014173228,0,0.0,0.0,3.776078425555142,0,0.0,0.0,2.4620639206398343,0,0.0,0.0,1.590601759005396
2025-12-29,2937.9,-0.004408809485887288,False,1.0,-0.004408809485887288,9.728145695364185,0,0.0,-0.0,0.2558478049733858,0,0.0,-0.0,2.41043497859902,0,0.0,-0.0,3.37952464002357,0,0.0,-0.0,3.541674014173228,0,0.0,-0.0,3.776078425555142,0,0.0,-0.0,2.4620639206398343,0,0.0,-0.0,1.590601759005396
2025-12-30,2973.69,0.01218217093842533,False,1.0,0.01218217093842533,9.846655629139018,0,0.0,0.0,0.2558478049733858,0,0.0,0.0,2.41043497859902,0,0.0,0.0,3.37952464002357,0,0.0,0.0,3.541674014173228,0,0.0,0.0,3.776078425555142,0,0.0,0.0,2.4620639206398343,0,0.0,0.0,1.590601759005396
2025-12-31,2971.64,-0.0006893791888193945,False,1.0,-0.0006893791888193945,9.839867549668819,0,0.0,-0.0,0.2558478049733858,0,0.0,-0.0,2.41043497859902,0,0.0,-0.0,3.37952464002357,0,0.0,-0.0,3.541674014173228,0,0.0,-0.0,3.776078425555142,0,0.0,-0.0,2.4620639206398343,0,0.0,-0.0,1.590601759005396
2026-01-01,3004.19,0.01095354753604072,False,1.0,0.01095354753604072,9.947649006622461,0,0.0,0.0,0.2558478049733858,0,0.0,0.0,2.41043497859902,0,0.0,0.0,3.37952464002357,0,0.0,0.0,3.541674014173228,0,0.0,0.0,3.776078425555142,0,0.0,0.0,2.4620639206398343,0,0.0,0.0,1.590601759005396
2026-01-02,3125.45,0.04036362546976058,True,1.0,0.04036362546976058,10.349172185430406,0,0.0,0.0,0.2558478049733858,0,0.0,0.0,2.41043497859902,0,0.0,0.0,3.37952464002357,0,0.0,0.0,3.541674014173228,0,0.0,0.0,3.776078425555142,0,0.0,0.0,2.4620639206398343,0,0.0,0.0,1.590601759005396
2026-01-03,3127.11,0.0005311235182134943,True,1.0,0.0005311235182134943,10.354668874172129,0,0.0,0.0,0.2558478049733858,0,0.0,0.0,2.41043497859902,0,0.0,0.0,3.37952464002357,0,0.0,0.0,3.541674014173228,0,0.0,0.0,3.776078425555142,0,0.0,0.0,2.4620639206398343,0,0.0,0.0,1.590601759005396
2026-01-04,3144.7,0.0056250019986503474,True,1.0,0.0056250019986503474,10.41291390728471,0,0.0,0.0,0.2558478049733858,0,0.0,0.0,2.41043497859902,0,0.0,0.0,3.37952464002357,0,0.0,0.0,3.541674014173228,0,0.0,0.0,3.776078425555142,0,0.0,0.0,2.4620639206398343,0,0.0,0.0,1.590601759005396
2026-01-05,3224.99,0.025531847235030325,True,1.0,0.025531847235030325,10.678774834437025,0,0.0,0.0,0.2558478049733858,0,0.0,0.0,2.41043497859902,0,0.0,0.0,3.37952464002357,0,0.0,0.0,3.541674014173228,0,0.0,0.0,3.776078425555142,0,0.0,0.0,2.4620639206398343,0,0.0,0.0,1.590601759005396
2026-01-06,3296.84,0.022279138850042957,True,1.0,0.022279138850042957,10.916688741721792,0,0.0,0.0,0.2558478049733858,0,0.0,0.0,2.41043497859902,0,0.0,0.0,3.37952464002357,0,0.0,0.0,3.541674014173228,0,0.0,0.0,3.776078425555142,0,0.0,0.0,2.4620639206398343,0,0.0,0.0,1.590601759005396
2026-01-07,3168.72,-0.03886145521165729,True,1.0,-0.03886145521165729,10.492450331125767,0,0.0,-0.0,0.2558478049733858,0,0.0,-0.0,2.41043497859902,0,0.0,-0.0,3.37952464002357,0,0.0,-0.0,3.541674014173228,0,0.0,-0.0,3.776078425555142,0,0.0,-0.0,2.4620639206398343,0,0.0,-0.0,1.590601759005396
2026-01-08,3106.65,-0.01958835113231827,True,1.0,-0.01958835113231827,10.286920529801266,0,0.0,-0.0,0.2558478049733858,0,0.0,-0.0,2.41043497859902,0,0.0,-0.0,3.37952464002357,0,0.0,-0.0,3.541674014173228,0,0.0,-0.0,3.776078425555142,0,0.0,-0.0,2.4620639206398343,0,0.0,-0.0,1.590601759005396
2026-01-09,3088.4,-0.005874495034844607,True,1.0,-0.005874495034844607,10.226490066225107,0,0.0,-0.0,0.2558478049733858,0,0.0,-0.0,2.41043497859902,0,0.0,-0.0,3.37952464002357,0,0.0,-0.0,3.541674014173228,0,0.0,-0.0,3.776078425555142,0,0.0,-0.0,2.4620639206398343,0,0.0,-0.0,1.590601759005396
2026-01-10,3086.72,-0.0005439709882140153,True,1.0,-0.0005439709882140153,10.220927152317822,0,0.0,-0.0,0.2558478049733858,0,0.0,-0.0,2.41043497859902,0,0.0,-0.0,3.37952464002357,0,0.0,-0.0,3.541674014173228,0,0.0,-0.0,3.776078425555142,0,0.0,-0.0,2.4620639206398343,0,0.0,-0.0,1.590601759005396
2026-01-11,3123.45,0.011899362430022764,True,1.0,0.011899362430022764,10.342549668874112,0,0.0,0.0,0.2558478049733858,0,0.0,0.0,2.41043497859902,0,0.0,0.0,3.37952464002357,0,0.0,0.0,3.541674014173228,0,0.0,0.0,3.776078425555142,0,0.0,0.0,2.4620639206398343,0,0.0,0.0,1.590601759005396
2026-01-12,3095.75,-0.008868398725767945,True,1.0,-0.008868398725767945,10.250827814569476,0,0.0,-0.0,0.2558478049733858,0,0.0,-0.0,2.41043497859902,0,0.0,-0.0,3.37952464002357,0,0.0,-0.0,3.541674014173228,0,0.0,-0.0,3.776078425555142,0,0.0,-0.0,2.4620639206398343,0,0.0,-0.0,1.590601759005396
2026-01-13,3325.82,0.07431801663571025,True,1.0,0.07431801663571025,11.012649006622452,0,0.0,0.0,0.2558478049733858,0,0.0,0.0,2.41043497859902,0,0.0,0.0,3.37952464002357,0,0.0,0.0,3.541674014173228,0,0.0,0.0,3.776078425555142,0,0.0,0.0,2.4620639206398343,0,0.0,0.0,1.590601759005396
2026-01-14,3354.92,0.008749721873101857,True,1.0,0.008749721873101857,11.109006622516489,0,0.0,0.0,0.2558478049733858,0,0.0,0.0,2.41043497859902,0,0.0,0.0,3.37952464002357,0,0.0,0.0,3.541674014173228,0,0.0,0.0,3.776078425555142,0,0.0,0.0,2.4620639206398343,0,0.0,0.0,1.590601759005396
2026-01-15,3318.69,-0.010799065253418894,True,1.0,-0.010799065253418894,10.98903973509927,0,0.0,-0.0,0.2558478049733858,0,0.0,-0.0,2.41043497859902,0,0.0,-0.0,3.37952464002357,0,0.0,-0.0,3.541674014173228,0,0.0,-0.0,3.776078425555142,0,0.0,-0.0,2.4620639206398343,0,0.0,-0.0,1.590601759005396
2026-01-16,3296.28,-0.0067526644549505965,True,1.0,-0.0067526644549505965,10.914834437086025,0,0.0,-0.0,0.2558478049733858,0,0.0,-0.0,2.41043497859902,0,0.0,-0.0,3.37952464002357,0,0.0,-0.0,3.541674014173228,0,0.0,-0.0,3.776078425555142,0,0.0,-0.0,2.4620639206398343,0,0.0,-0.0,1.590601759005396
2026-01-17,3310.56,0.0043321562488622956,True,1.0,0.0043321562488622956,10.962119205297945,0,0.0,0.0,0.2558478049733858,0,0.0,0.0,2.41043497859902,0,0.0,0.0,3.37952464002357,0,0.0,0.0,3.541674014173228,0,0.0,0.0,3.776078425555142,0,0.0,0.0,2.4620639206398343,0,0.0,0.0,1.590601759005396
2026-01-18,3284.03,-0.008013749939587145,True,1.0,-0.008013749939587145,10.874271523178741,0,0.0,-0.0,0.2558478049733858,0,0.0,-0.0,2.41043497859902,0,0.0,-0.0,3.37952464002357,0,0.0,-0.0,3.541674014173228,0,0.0,-0.0,3.776078425555142,0,0.0,-0.0,2.4620639206398343,0,0.0,-0.0,1.590601759005396
2026-01-19,3189.55,-0.02876953012000505,True,1.0,-0.02876953012000505,10.561423841059538,0,0.0,-0.0,0.2558478049733858,0,0.0,-0.0,2.41043497859902,0,0.0,-0.0,3.37952464002357,0,0.0,-0.0,3.541674014173228,0,0.0,-0.0,3.776078425555142,0,0.0,-0.0,2.4620639206398343,0,0.0,-0.0,1.590601759005396
2026-01-20,2939.88,-0.07827749996080957,False,1.0,-0.07827749996080957,9.734701986754906,0,0.0,-0.0,0.2558478049733858,0,0.0,-0.0,2.41043497859902,0,0.0,-0.0,3.37952464002357,0,0.0,-0.0,3.541674014173228,0,0.0,-0.0,3.776078425555142,0,0.0,-0.0,2.4620639206398343,0,0.0,-0.0,1.590601759005396
2026-01-21,2982.27,0.014418955875749928,False,1.0,0.014418955875749928,9.8750662251655,0,0.0,0.0,0.2558478049733858,0,0.0,0.0,2.41043497859902,0,0.0,0.0,3.37952464002357,0,0.0,0.0,3.541674014173228,0,0.0,0.0,3.776078425555142,0,0.0,0.0,2.4620639206398343,0,0.0,0.0,1.590601759005396
2026-01-22,2952.69,-0.009918619038517651,False,1.0,-0.009918619038517651,9.777119205297952,0,0.0,-0.0,0.2558478049733858,0,0.0,-0.0,2.41043497859902,0,0.0,-0.0,3.37952464002357,0,0.0,-0.0,3.541674014173228,0,0.0,-0.0,3.776078425555142,0,0.0,-0.0,2.4620639206398343,0,0.0,-0.0,1.590601759005396
2026-01-23,2956.41,0.0012598681202564688,False,1.0,0.0012598681202564688,9.789437086092654,0,0.0,0.0,0.2558478049733858,0,0.0,0.0,2.41043497859902,0,0.0,0.0,3.37952464002357,0,0.0,0.0,3.541674014173228,0,0.0,0.0,3.776078425555142,0,0.0,0.0,2.4620639206398343,0,0.0,0.0,1.590601759005396
2026-01-24,2953.22,-0.001079011368517957,False,1.0,-0.001079011368517957,9.778874172185368,0,0.0,-0.0,0.2558478049733858,0,0.0,-0.0,2.41043497859902,0,0.0,-0.0,3.37952464002357,0,0.0,-0.0,3.541674014173228,0,0.0,-0.0,3.776078425555142,0,0.0,-0.0,2.4620639206398343,0,0.0,-0.0,1.590601759005396
2026-01-25,2816.89,-0.04616317104719592,False,1.0,-0.04616317104719592,9.32745033112577,0,0.0,-0.0,0.2558478049733858,0,0.0,-0.0,2.41043497859902,0,0.0,-0.0,3.37952464002357,0,0.0,-0.0,3.541674014173228,0,0.0,-0.0,3.776078425555142,0,0.0,-0.0,2.4620639206398343,0,0.0,-0.0,1.590601759005396
2026-01-26,2930.35,0.04027846312777572,False,1.0,0.04027846312777572,9.703145695364178,0,0.0,0.0,0.2558478049733858,0,0.0,0.0,2.41043497859902,0,0.0,0.0,3.37952464002357,0,0.0,0.0,3.541674014173228,0,0.0,0.0,3.776078425555142,0,0.0,0.0,2.4620639206398343,0,0.0,0.0,1.590601759005396
2026-01-27,3026.77,0.03290391932704284,False,1.0,0.03290391932704284,10.022417218542984,0,0.0,0.0,0.2558478049733858,0,0.0,0.0,2.41043497859902,0,0.0,0.0,3.37952464002357,0,0.0,0.0,3.541674014173228,0,0.0,0.0,3.776078425555142,0,0.0,0.0,2.4620639206398343,0,0.0,0.0,1.590601759005396
2026-01-28,3010.78,-0.005282859285641095,False,1.0,-0.005282859285641095,9.969470198675435,0,0.0,-0.0,0.2558478049733858,0,0.0,-0.0,2.41043497859902,0,0.0,-0.0,3.37952464002357,0,0.0,-0.0,3.541674014173228,0,0.0,-0.0,3.776078425555142,0,0.0,-0.0,2.4620639206398343,0,0.0,-0.0,1.590601759005396
2026-01-29,2822.59,-0.06250539727246762,False,1.0,-0.06250539727246762,9.3463245033112,0,0.0,-0.0,0.2558478049733858,0,0.0,-0.0,2.41043497859902,0,0.0,-0.0,3.37952464002357,0,0.0,-0.0,3.541674014173228,0,0.0,-0.0,3.776078425555142,0,0.0,-0.0,2.4620639206398343,0,0.0,-0.0,1.590601759005396
2026-01-30,2707.38,-0.04081712186325326,False,1.0,-0.04081712186325326,8.964834437086036,0,0.0,-0.0,0.2558478049733858,0,0.0,-0.0,2.41043497859902,0,0.0,-0.0,3.37952464002357,0,0.0,-0.0,3.541674014173228,0,0.0,-0.0,3.776078425555142,0,0.0,-0.0,2.4620639206398343,0,0.0,-0.0,1.590601759005396
2026-01-31,2451.95,-0.09434582511505596,False,1.0,-0.09434582511505596,8.119039735099285,0,0.0,-0.0,0.2558478049733858,0,0.0,-0.0,2.41043497859902,0,0.0,-0.0,3.37952464002357,0,0.0,-0.0,3.541674014173228,0,0.0,-0.0,3.776078425555142,0,0.0,-0.0,2.4620639206398343,0,0.0,-0.0,1.590601759005396
2026-02-01,2270.15,-0.07414506821101563,False,1.0,-0.07414506821101563,7.517052980132402,0,0.0,-0.0,0.2558478049733858,0,0.0,-0.0,2.41043497859902,0,0.0,-0.0,3.37952464002357,0,0.0,-0.0,3.541674014173228,0,0.0,-0.0,3.776078425555142,0,0.0,-0.0,2.4620639206398343,0,0.0,-0.0,1.590601759005396
2026-02-02,2347.02,0.03386119859921144,False,1.0,0.03386119859921144,7.77158940397346,0,0.0,0.0,0.2558478049733858,0,0.0,0.0,2.41043497859902,0,0.0,0.0,3.37952464002357,0,0.0,0.0,3.541674014173228,0,0.0,0.0,3.776078425555142,0,0.0,0.0,2.4620639206398343,0,0.0,0.0,1.590601759005396
2026-02-03,2233.72,-0.048273981474380334,False,1.0,-0.048273981474380334,7.396423841059554,0,0.0,-0.0,0.2558478049733858,0,0.0,-0.0,2.41043497859902,0,0.0,-0.0,3.37952464002357,0,0.0,-0.0,3.541674014173228,0,0.0,-0.0,3.776078425555142,0,0.0,-0.0,2.4620639206398343,0,0.0,-0.0,1.590601759005396
2026-02-04,2148.26,-0.03825904768726596,False,1.0,-0.03825904768726596,7.113443708609226,0,0.0,-0.0,0.2558478049733858,0,0.0,-0.0,2.41043497859902,0,0.0,-0.0,3.37952464002357,0,0.0,-0.0,3.541674014173228,0,0.0,-0.0,3.776078425555142,0,0.0,-0.0,2.4620639206398343,0,0.0,-0.0,1.590601759005396
2026-02-05,1826.83,-0.14962341616005526,False,1.0,-0.14962341616005526,6.0491059602648605,0,0.0,-0.0,0.2558478049733858,0,0.0,-0.0,2.41043497859902,0,0.0,-0.0,3.37952464002357,0,0.0,-0.0,3.541674014173228,0,0.0,-0.0,3.776078425555142,0,0.0,-0.0,2.4620639206398343,0,0.0,-0.0,1.590601759005396
2026-02-06,2063.38,0.12948659700136322,False,1.0,0.12948659700136322,6.83238410596022,0,0.0,0.0,0.2558478049733858,0,0.0,0.0,2.41043497859902,0,0.0,0.0,3.37952464002357,0,0.0,0.0,3.541674014173228,0,0.0,0.0,3.776078425555142,0,0.0,0.0,2.4620639206398343,0,0.0,0.0,1.590601759005396
2026-02-07,2087.08,0.011486008393994274,False,1.0,0.011486008393994274,6.910860927152273,0,0.0,0.0,0.2558478049733858,0,0.0,0.0,2.41043497859902,0,0.0,0.0,3.37952464002357,0,0.0,0.0,3.541674014173228,0,0.0,0.0,3.776078425555142,0,0.0,0.0,2.4620639206398343,0,0.0,0.0,1.590601759005396
2026-02-08,2089.74,0.0012745079249476543,False,1.0,0.0012745079249476543,6.91966887417214,0,0.0,0.0,0.2558478049733858,0,0.0,0.0,2.41043497859902,0,0.0,0.0,3.37952464002357,0,0.0,0.0,3.541674014173228,0,0.0,0.0,3.776078425555142,0,0.0,0.0,2.4620639206398343,0,0.0,0.0,1.590601759005396
2026-02-09,2105.02,0.007311914400834674,False,1.0,0.007311914400834674,6.970264900662206,0,0.0,0.0,0.2558478049733858,0,0.0,0.0,2.41043497859902,0,0.0,0.0,3.37952464002357,0,0.0,0.0,3.541674014173228,0,0.0,0.0,3.776078425555142,0,0.0,0.0,2.4620639206398343,0,0.0,0.0,1.590601759005396
2026-02-10,2022.67,-0.03912076844875578,False,1.0,-0.03912076844875578,6.69758278145691,0,0.0,-0.0,0.2558478049733858,0,0.0,-0.0,2.41043497859902,0,0.0,-0.0,3.37952464002357,0,0.0,-0.0,3.541674014173228,0,0.0,-0.0,3.776078425555142,0,0.0,-0.0,2.4620639206398343,0,0.0,-0.0,1.590601759005396
2026-02-11,1941.18,-0.04028833175950597,False,1.0,-0.04028833175950597,6.42774834437082,0,0.0,-0.0,0.2558478049733858,0,0.0,-0.0,2.41043497859902,0,0.0,-0.0,3.37952464002357,0,0.0,-0.0,3.541674014173228,0,0.0,-0.0,3.776078425555142,0,0.0,-0.0,2.4620639206398343,0,0.0,-0.0,1.590601759005396
2026-02-12,1947.85,0.003436054358688878,False,1.0,0.003436054358688878,6.449834437086051,0,0.0,0.0,0.2558478049733858,0,0.0,0.0,2.41043497859902,0,0.0,0.0,3.37952464002357,0,0.0,0.0,3.541674014173228,0,0.0,0.0,3.776078425555142,0,0.0,0.0,2.4620639206398343,0,0.0,0.0,1.590601759005396
2026-02-13,2048.72,0.051785301742947265,False,1.0,0.051785301742947265,6.783841059602604,0,0.0,0.0,0.2558478049733858,0,0.0,0.0,2.41043497859902,0,0.0,0.0,3.37952464002357,0,0.0,0.0,3.541674014173228,0,0.0,0.0,3.776078425555142,0,0.0,0.0,2.4620639206398343,0,0.0,0.0,1.590601759005396
2026-02-14,2086.59,0.018484712405794967,False,1.0,0.018484712405794967,6.909238410595982,0,0.0,0.0,0.2558478049733858,0,0.0,0.0,2.41043497859902,0,0.0,0.0,3.37952464002357,0,0.0,0.0,3.541674014173228,0,0.0,0.0,3.776078425555142,0,0.0,0.0,2.4620639206398343,0,0.0,0.0,1.590601759005396
2026-02-15,1966.58,-0.05751489271970067,False,1.0,-0.05751489271970067,6.511854304635719,0,0.0,-0.0,0.2558478049733858,0,0.0,-0.0,2.41043497859902,0,0.0,-0.0,3.37952464002357,0,0.0,-0.0,3.541674014173228,0,0.0,-0.0,3.776078425555142,0,0.0,-0.0,2.4620639206398343,0,0.0,-0.0,1.590601759005396
2026-02-16,1998.33,0.016144779261459075,False,1.0,0.016144779261459075,6.616986754966844,0,0.0,0.0,0.2558478049733858,0,0.0,0.0,2.41043497859902,0,0.0,0.0,3.37952464002357,0,0.0,0.0,3.541674014173228,0,0.0,0.0,3.776078425555142,0,0.0,0.0,2.4620639206398343,0,0.0,0.0,1.590601759005396
2026-02-17,1991.66,-0.0033377870521884567,False,1.0,-0.0033377870521884567,6.5949006622516135,0,0.0,-0.0,0.2558478049733858,0,0.0,-0.0,2.41043497859902,0,0.0,-0.0,3.37952464002357,0,0.0,-0.0,3.541674014173228,0,0.0,-0.0,3.776078425555142,0,0.0,-0.0,2.4620639206398343,0,0.0,-0.0,1.590601759005396
2026-02-18,1955.91,-0.01794985087816192,False,1.0,-0.01794985087816192,6.476523178807906,0,0.0,-0.0,0.2558478049733858,0,0.0,-0.0,2.41043497859902,0,0.0,-0.0,3.37952464002357,0,0.0,-0.0,3.541674014173228,0,0.0,-0.0,3.776078425555142,0,0.0,-0.0,2.4620639206398343,0,0.0,-0.0,1.590601759005396
2026-02-19,1949.08,-0.003491980714859122,False,1.0,-0.003491980714859122,6.45390728476817,0,0.0,-0.0,0.2558478049733858,0,0.0,-0.0,2.41043497859902,0,0.0,-0.0,3.37952464002357,0,0.0,-0.0,3.541674014173228,0,0.0,-0.0,3.776078425555142,0,0.0,-0.0,2.4620639206398343,0,0.0,-0.0,1.590601759005396
2026-02-20,1968.88,0.010158638947606047,False,1.0,0.010158638947606047,6.519470198675454,0,0.0,0.0,0.2558478049733858,0,0.0,0.0,2.41043497859902,0,0.0,0.0,3.37952464002357,0,0.0,0.0,3.541674014173228,0,0.0,0.0,3.776078425555142,0,0.0,0.0,2.4620639206398343,0,0.0,0.0,1.590601759005396
2026-02-21,1973.35,0.002270326276867962,False,1.0,0.002270326276867962,6.534271523178765,0,0.0,0.0,0.2558478049733858,0,0.0,0.0,2.41043497859902,0,0.0,0.0,3.37952464002357,0,0.0,0.0,3.541674014173228,0,0.0,0.0,3.776078425555142,0,0.0,0.0,2.4620639206398343,0,0.0,0.0,1.590601759005396
2026-02-22,1957.82,-0.00786986596396988,False,1.0,-0.00786986596396988,6.4828476821191625,0,0.0,-0.0,0.2558478049733858,0,0.0,-0.0,2.41043497859902,0,0.0,-0.0,3.37952464002357,0,0.0,-0.0,3.541674014173228,0,0.0,-0.0,3.776078425555142,0,0.0,-0.0,2.4620639206398343,0,0.0,-0.0,1.590601759005396
2026-02-23,1856.3,-0.05185359226077979,False,1.0,-0.05185359226077979,6.146688741721814,0,0.0,-0.0,0.2558478049733858,0,0.0,-0.0,2.41043497859902,0,0.0,-0.0,3.37952464002357,0,0.0,-0.0,3.541674014173228,0,0.0,-0.0,3.776078425555142,0,0.0,-0.0,2.4620639206398343,0,0.0,-0.0,1.590601759005396
2026-02-24,1851.94,-0.002348758282605168,False,1.0,-0.002348758282605168,6.132251655629099,0,0.0,-0.0,0.2558478049733858,0,0.0,-0.0,2.41043497859902,0,0.0,-0.0,3.37952464002357,0,0.0,-0.0,3.541674014173228,0,0.0,-0.0,3.776078425555142,0,0.0,-0.0,2.4620639206398343,0,0.0,-0.0,1.590601759005396
2026-02-25,2057.48,0.11098631705130835,True,1.0,0.11098631705130835,6.812847682119161,0,0.0,0.0,0.2558478049733858,1,0.0,0.0,2.41043497859902,0,0.0,0.0,3.37952464002357,0,0.0,0.0,3.541674014173228,0,0.0,0.0,3.776078425555142,0,0.0,0.0,2.4620639206398343,0,0.0,0.0,1.590601759005396
2026-02-26,2027.68,-0.014483737387483653,False,1.0,-0.014483737387483653,6.71417218543042,0,0.0,-0.0,0.2558478049733858,0,1.0,-0.015483737387483654,2.373112436400788,0,0.0,-0.0,3.37952464002357,0,0.0,-0.0,3.541674014173228,0,0.0,-0.0,3.776078425555142,0,0.0,-0.0,2.4620639206398343,0,0.0,-0.0,1.590601759005396
2026-02-27,1929.84,-0.04825218969462641,False,1.0,-0.04825218969462641,6.390198675496647,0,0.0,-0.0,0.2558478049733858,0,1.0,-0.04825218969462641,2.2586045649529,0,0.0,-0.0,3.37952464002357,0,0.0,-0.0,3.541674014173228,0,0.0,-0.0,3.776078425555142,0,0.0,-0.0,2.4620639206398343,0,0.0,-0.0,1.590601759005396
2026-02-28,1964.51,0.017965219914604313,False,1.0,0.017965219914604313,6.504999999999957,0,0.0,0.0,0.2558478049733858,0,1.0,0.017965219914604313,2.299180892662408,0,0.0,0.0,3.37952464002357,0,0.0,0.0,3.541674014173228,0,0.0,0.0,3.776078425555142,0,0.0,0.0,2.4620639206398343,0,0.0,0.0,1.590601759005396
2026-03-01,1939.71,-0.012624013112684573,False,1.0,-0.012624013112684573,6.422880794701944,0,0.0,-0.0,0.2558478049733858,0,1.0,-0.012624013112684573,2.2701560029250043,0,0.0,-0.0,3.37952464002357,0,0.0,-0.0,3.541674014173228,0,0.0,-0.0,3.776078425555142,0,0.0,-0.0,2.4620639206398343,0,0.0,-0.0,1.590601759005396
2026-03-02,2027.35,0.04518201174402359,True,1.0,0.04518201174402359,6.713079470198632,0,0.0,0.0,0.2558478049733858,0,1.0,0.04518201174402359,2.3727262181099276,0,0.0,0.0,3.37952464002357,0,0.0,0.0,3.541674014173228,0,0.0,0.0,3.776078425555142,0,0.0,0.0,2.4620639206398343,0,0.0,0.0,1.590601759005396
2026-03-03,1982.8,-0.021974498729869008,True,1.0,-0.021974498729869008,6.565562913907242,0,0.0,-0.0,0.2558478049733858,0,1.0,-0.021974498729869008,2.320586748843744,0,0.0,-0.0,3.37952464002357,0,0.0,-0.0,3.541674014173228,0,0.0,-0.0,3.776078425555142,0,0.0,-0.0,2.4620639206398343,0,0.0,-0.0,1.590601759005396
2026-03-04,2127.28,0.07286665321767205,True,1.0,0.07286665321767205,7.043973509933729,0,0.0,0.0,0.2558478049733858,0,1.0,0.07286665321767205,2.489680138733266,0,0.0,0.0,3.37952464002357,0,0.0,0.0,3.541674014173228,0,0.0,0.0,3.776078425555142,0,0.0,0.0,2.4620639206398343,0,0.0,0.0,1.590601759005396
2026-03-05,2072.86,-0.0255819638223459,True,1.0,-0.0255819638223459,6.8637748344370415,0,0.0,-0.0,0.2558478049733858,0,1.0,-0.0255819638223459,2.4259892314949787,0,0.0,-0.0,3.37952464002357,0,0.0,-0.0,3.541674014173228,0,0.0,-0.0,3.776078425555142,0,0.0,-0.0,2.4620639206398343,0,0.0,-0.0,1.590601759005396
2026-03-06,1978.68,-0.045434809876209736,False,1.0,-0.045434809876209736,6.551920529801282,0,0.0,-0.0,0.2558478049733858,0,1.0,-0.045434809876209736,2.315764872000272,0,0.0,-0.0,3.37952464002357,0,0.0,-0.0,3.541674014173228,0,0.0,-0.0,3.776078425555142,0,0.0,-0.0,2.4620639206398343,0,0.0,-0.0,1.590601759005396
2026-03-07,1969.59,-0.004593971738734992,True,1.0,-0.004593971738734992,6.521821192052937,0,0.0,-0.0,0.2558478049733858,0,1.0,-0.004593971738734992,2.3051263136247475,0,0.0,-0.0,3.37952464002357,0,0.0,-0.0,3.541674014173228,0,0.0,-0.0,3.776078425555142,0,0.0,-0.0,2.4620639206398343,0,0.0,-0.0,1.590601759005396
2026-03-08,1937.1,-0.016495818926781758,False,1.0,-0.016495818926781758,6.414238410595984,0,0.0,-0.0,0.2558478049733858,0,1.0,-0.016495818926781758,2.2671013673518337,0,0.0,-0.0,3.37952464002357,0,0.0,-0.0,3.541674014173228,0,0.0,-0.0,3.776078425555142,0,0.0,-0.0,2.4620639206398343,0,0.0,-0.0,1.590601759005396
2026-03-09,1992.98,0.028847245883021122,True,1.0,0.028847245883021122,6.599271523178765,0,0.0,0.0,0.2558478049733858,0,1.0,0.028847245883021122,2.3325009979375655,0,0.0,0.0,3.37952464002357,0,0.0,0.0,3.541674014173228,0,0.0,0.0,3.776078425555142,0,0.0,0.0,2.4620639206398343,0,0.0,0.0,1.590601759005396
2026-03-10,2036.51,0.02184166424148759,True,1.0,0.02184166424148759,6.743410596026446,0,0.0,0.0,0.2558478049733858,0,1.0,0.02184166424148759,2.3834467015774528,0,0.0,0.0,3.37952464002357,0,0.0,0.0,3.541674014173228,0,0.0,0.0,3.776078425555142,0,0.0,0.0,2.4620639206398343,0,0.0,0.0,1.590601759005396
2026-03-11,2051.97,0.007591418652498572,True,1.0,0.007591418652498572,6.794602649006578,0,0.0,0.0,0.2558478049733858,0,1.0,0.007591418652498572,2.401540443325044,0,0.0,0.0,3.37952464002357,0,0.0,0.0,3.541674014173228,0,0.0,0.0,3.776078425555142,0,0.0,0.0,2.4620639206398343,0,0.0,0.0,1.590601759005396
2026-03-12,2073.52,0.01050210285725428,True,1.0,0.01050210285725428,6.865960264900617,0,0.0,0.0,0.2558478049733858,0,1.0,0.01050210285725428,2.4267616680766997,0,0.0,0.0,3.37952464002357,0,0.0,0.0,3.541674014173228,0,0.0,0.0,3.776078425555142,0,0.0,0.0,2.4620639206398343,0,0.0,0.0,1.590601759005396
2026-03-13,2092.22,0.009018480651259653,True,1.0,0.009018480651259653,6.927880794701941,0,0.0,0.0,0.2558478049733858,0,1.0,0.009018480651259653,2.448647371225468,0,0.0,0.0,3.37952464002357,0,0.0,0.0,3.541674014173228,0,0.0,0.0,3.776078425555142,0,0.0,0.0,2.4620639206398343,0,0.0,0.0,1.590601759005396
2026-03-14,2096.16,0.0018831671621530877,True,1.0,0.0018831671621530877,6.940927152317834,0,0.0,0.0,0.2558478049733858,0,1.0,0.0018831671621530877,2.4532585835466523,0,0.0,0.0,3.37952464002357,0,0.0,0.0,3.541674014173228,0,0.0,0.0,3.776078425555142,0,0.0,0.0,2.4620639206398343,0,0.0,0.0,1.590601759005396
2026-03-15,2178.3,0.03918594000457998,True,1.0,0.03918594000457998,7.212913907284721,0,0.0,0.0,0.2558478049733858,0,1.0,0.03918594000457998,2.5493918272172325,0,0.0,0.0,3.37952464002357,0,0.0,0.0,3.541674014173228,0,0.0,0.0,3.776078425555142,0,0.0,0.0,2.4620639206398343,0,0.0,0.0,1.590601759005396
2026-03-16,2352.97,0.08018638387733534,True,1.0,0.08018638387733534,7.791291390728424,0,0.0,0.0,0.2558478049733858,0,1.0,0.08018638387733534,2.7538183389282147,0,0.0,0.0,3.37952464002357,0,0.0,0.0,3.541674014173228,0,0.0,0.0,3.776078425555142,0,0.0,0.0,2.4620639206398343,0,0.0,0.0,1.590601759005396
2026-03-17,2317.39,-0.015121314763894111,True,1.0,-0.015121314763894111,7.6734768211920015,0,0.0,-0.0,0.2558478049733858,0,1.0,-0.015121314763894111,2.712176985022697,0,0.0,-0.0,3.37952464002357,0,0.0,-0.0,3.541674014173228,0,0.0,-0.0,3.776078425555142,0,0.0,-0.0,2.4620639206398343,0,0.0,-0.0,1.590601759005396
2026-03-18,2203.39,-0.049193273467133314,True,1.0,-0.049193273467133314,7.295993377483395,0,0.0,-0.0,0.2558478049733858,0,0.0,-0.001,2.709464808037674,0,0.0,-0.0,3.37952464002357,0,0.0,-0.0,3.541674014173228,0,0.0,-0.0,3.776078425555142,0,0.0,-0.0,2.4620639206398343,0,0.0,-0.0,1.590601759005396
2026-03-19,2137.81,-0.029763228479751658,True,1.0,-0.029763228479751658,7.078841059602602,0,0.0,-0.0,0.2558478049733858,0,0.0,-0.0,2.709464808037674,0,0.0,-0.0,3.37952464002357,0,0.0,-0.0,3.541674014173228,0,0.0,-0.0,3.776078425555142,0,0.0,-0.0,2.4620639206398343,0,0.0,-0.0,1.590601759005396
2026-03-20,2146.22,0.003933932388752837,True,1.0,0.003933932388752837,7.106688741721806,0,0.0,0.0,0.2558478049733858,0,0.0,0.0,2.709464808037674,0,0.0,0.0,3.37952464002357,0,0.0,0.0,3.541674014173228,0,0.0,0.0,3.776078425555142,0,0.0,0.0,2.4620639206398343,0,0.0,0.0,1.590601759005396
2026-03-21,2084.87,-0.028585140386353625,True,1.0,-0.028585140386353625,6.903543046357569,0,0.0,-0.0,0.2558478049733858,0,0.0,-0.0,2.709464808037674,0,0.0,-0.0,3.37952464002357,0,0.0,-0.0,3.541674014173228,0,0.0,-0.0,3.776078425555142,0,0.0,-0.0,2.4620639206398343,0,0.0,-0.0,1.590601759005396
2026-03-22,2053.89,-0.014859439677294084,True,1.0,-0.014859439677294084,6.800960264900616,0,0.0,-0.0,0.2558478049733858,0,0.0,-0.0,2.709464808037674,0,0.0,-0.0,3.37952464002357,0,0.0,-0.0,3.541674014173228,0,0.0,-0.0,3.776078425555142,0,0.0,-0.0,2.4620639206398343,0,0.0,-0.0,1.590601759005396
2026-03-23,2152.03,0.047782500523397164,True,1.0,0.047782500523397164,7.125927152317833,0,0.0,0.0,0.2558478049733858,0,0.0,0.0,2.709464808037674,0,0.0,0.0,3.37952464002357,0,0.0,0.0,3.541674014173228,0,0.0,0.0,3.776078425555142,0,0.0,0.0,2.4620639206398343,0,0.0,0.0,1.590601759005396
2026-03-24,2156.23,0.001951645655497325,True,1.0,0.001951645655497325,7.139834437086044,0,0.0,0.0,0.2558478049733858,0,0.0,0.0,2.709464808037674,0,0.0,0.0,3.37952464002357,0,0.0,0.0,3.541674014173228,0,0.0,0.0,3.776078425555142,0,0.0,0.0,2.4620639206398343,0,0.0,0.0,1.590601759005396
2026-03-25,2169.02,0.005931649221094126,True,1.0,0.005931649221094126,7.182185430463527,0,0.0,0.0,0.2558478049733858,0,0.0,0.0,2.709464808037674,0,0.0,0.0,3.37952464002357,0,0.0,0.0,3.541674014173228,0,0.0,0.0,3.776078425555142,0,0.0,0.0,2.4620639206398343,0,0.0,0.0,1.590601759005396
2026-03-26,2060.43,-0.050064084240809326,True,1.0,-0.050064084240809326,6.8226158940396875,0,0.0,-0.0,0.2558478049733858,0,0.0,-0.0,2.709464808037674,0,0.0,-0.0,3.37952464002357,0,0.0,-0.0,3.541674014173228,0,0.0,-0.0,3.776078425555142,0,0.0,-0.0,2.4620639206398343,0,0.0,-0.0,1.590601759005396
2026-03-27,1992.75,-0.032847512412457536,True,1.0,-0.032847512412457536,6.598509933774789,0,0.0,-0.0,0.2558478049733858,0,0.0,-0.0,2.709464808037674,0,0.0,-0.0,3.37952464002357,0,0.0,-0.0,3.541674014173228,0,0.0,-0.0,3.776078425555142,0,0.0,-0.0,2.4620639206398343,0,0.0,-0.0,1.590601759005396
2026-03-28,1994.74,0.000998619997490957,True,1.0,0.000998619997490957,6.6050993377483,0,0.0,0.0,0.2558478049733858,0,0.0,0.0,2.709464808037674,0,0.0,0.0,3.37952464002357,0,0.0,0.0,3.541674014173228,0,0.0,0.0,3.776078425555142,0,0.0,0.0,2.4620639206398343,0,0.0,0.0,1.590601759005396
2026-03-29,1984.64,-0.005063316522453953,False,1.0,-0.005063316522453953,6.571655629139029,0,0.0,-0.0,0.2558478049733858,0,0.0,-0.0,2.709464808037674,0,0.0,-0.0,3.37952464002357,0,0.0,-0.0,3.541674014173228,0,0.0,-0.0,3.776078425555142,0,0.0,-0.0,2.4620639206398343,0,0.0,-0.0,1.590601759005396
2026-03-30,2026.48,0.021081909061593018,False,1.0,0.021081909061593018,6.710198675496644,0,0.0,0.0,0.2558478049733858,0,0.0,0.0,2.709464808037674,0,0.0,0.0,3.37952464002357,0,0.0,0.0,3.541674014173228,0,0.0,0.0,3.776078425555142,0,0.0,0.0,2.4620639206398343,0,0.0,0.0,1.590601759005396
2026-03-31,2105.43,0.03895918045083091,True,1.0,0.03895918045083091,6.971622516556244,0,0.0,0.0,0.2558478049733858,0,0.0,0.0,2.709464808037674,0,0.0,0.0,3.37952464002357,0,0.0,0.0,3.541674014173228,0,0.0,0.0,3.776078425555142,0,0.0,0.0,2.4620639206398343,0,0.0,0.0,1.590601759005396
2026-04-01,2140.35,0.01658568558441753,True,1.0,0.01658568558441753,7.087251655629092,0,0.0,0.0,0.2558478049733858,0,0.0,0.0,2.709464808037674,0,0.0,0.0,3.37952464002357,0,0.0,0.0,3.541674014173228,0,0.0,0.0,3.776078425555142,0,0.0,0.0,2.4620639206398343,0,0.0,0.0,1.590601759005396
2026-04-02,2057.17,-0.038862802812624,False,1.0,-0.038862802812624,6.8118211920529355,0,0.0,-0.0,0.2558478049733858,0,0.0,-0.0,2.709464808037674,0,0.0,-0.0,3.37952464002357,0,0.0,-0.0,3.541674014173228,0,0.0,-0.0,3.776078425555142,0,0.0,-0.0,2.4620639206398343,0,0.0,-0.0,1.590601759005396
2026-04-03,2053.83,-0.0016235896887472068,False,1.0,-0.0016235896887472068,6.800761589403929,0,0.0,-0.0,0.2558478049733858,0,0.0,-0.0,2.709464808037674,0,0.0,-0.0,3.37952464002357,0,0.0,-0.0,3.541674014173228,0,0.0,-0.0,3.776078425555142,0,0.0,-0.0,2.4620639206398343,0,0.0,-0.0,1.590601759005396
2026-04-04,2065.52,0.005691805066631694,False,1.0,0.005691805066631694,6.8394701986754525,0,0.0,0.0,0.2558478049733858,0,0.0,0.0,2.709464808037674,0,0.0,0.0,3.37952464002357,0,0.0,0.0,3.541674014173228,0,0.0,0.0,3.776078425555142,0,0.0,0.0,2.4620639206398343,0,0.0,0.0,1.590601759005396
2026-04-05,2110.17,0.021616832565165334,False,1.0,0.021616832565165334,6.987317880794658,0,0.0,0.0,0.2558478049733858,0,0.0,0.0,2.709464808037674,0,0.0,0.0,3.37952464002357,0,0.0,0.0,3.541674014173228,0,0.0,0.0,3.776078425555142,0,0.0,0.0,2.4620639206398343,0,0.0,0.0,1.590601759005396
2026-04-06,2107.16,-0.0014264253590944298,False,1.0,-0.0014264253590944298,6.9773509933774385,0,0.0,-0.0,0.2558478049733858,0,0.0,-0.0,2.709464808037674,0,0.0,-0.0,3.37952464002357,0,0.0,-0.0,3.541674014173228,0,0.0,-0.0,3.776078425555142,0,0.0,-0.0,2.4620639206398343,0,0.0,-0.0,1.590601759005396
2026-04-07,2240.01,0.06304694470282302,True,1.0,0.06304694470282302,7.4172516556290935,0,0.0,0.0,0.2558478049733858,0,0.0,0.0,2.709464808037674,0,0.0,0.0,3.37952464002357,0,0.0,0.0,3.541674014173228,0,0.0,0.0,3.776078425555142,0,0.0,0.0,2.4620639206398343,0,0.0,0.0,1.590601759005396
2026-04-08,2190.0,-0.022325793188423315,True,1.0,-0.022325793188423315,7.2516556291390275,0,0.0,-0.0,0.2558478049733858,0,0.0,-0.0,2.709464808037674,0,0.0,-0.0,3.37952464002357,0,0.0,-0.0,3.541674014173228,0,0.0,-0.0,3.776078425555142,0,0.0,-0.0,2.4620639206398343,0,0.0,-0.0,1.590601759005396
2026-04-09,2190.2,9.13242009130677e-05,True,1.0,9.13242009130677e-05,7.252317880794656,0,0.0,0.0,0.2558478049733858,0,0.0,0.0,2.709464808037674,0,0.0,0.0,3.37952464002357,0,0.0,0.0,3.541674014173228,0,0.0,0.0,3.776078425555142,0,0.0,0.0,2.4620639206398343,0,0.0,0.0,1.590601759005396
2026-04-10,2245.05,0.025043375034243587,True,1.0,0.025043375034243587,7.433940397350947,0,0.0,0.0,0.2558478049733858,0,0.0,0.0,2.709464808037674,0,0.0,0.0,3.37952464002357,0,0.0,0.0,3.541674014173228,0,0.0,0.0,3.776078425555142,0,0.0,0.0,2.4620639206398343,0,0.0,0.0,1.590601759005396
2026-04-11,2284.99,0.01779024966036369,True,1.0,0.01779024966036369,7.5661920529800835,0,0.0,0.0,0.2558478049733858,0,0.0,0.0,2.709464808037674,0,0.0,0.0,3.37952464002357,0,0.0,0.0,3.541674014173228,0,0.0,0.0,3.776078425555142,0,0.0,0.0,2.4620639206398343,0,0.0,0.0,1.590601759005396
2026-04-12,2191.65,-0.04084919408837662,True,1.0,-0.04084919408837662,7.257119205297967,0,0.0,-0.0,0.2558478049733858,0,0.0,-0.0,2.709464808037674,0,0.0,-0.0,3.37952464002357,0,0.0,-0.0,3.541674014173228,0,0.0,-0.0,3.776078425555142,0,0.0,-0.0,2.4620639206398343,0,0.0,-0.0,1.590601759005396
2026-04-13,2369.46,0.08113065498596939,True,1.0,0.08113065498596939,7.845894039735049,0,0.0,0.0,0.2558478049733858,0,0.0,0.0,2.709464808037674,0,0.0,0.0,3.37952464002357,0,0.0,0.0,3.541674014173228,0,0.0,0.0,3.776078425555142,0,0.0,0.0,2.4620639206398343,0,0.0,0.0,1.590601759005396
2026-04-14,2322.44,-0.019844183906881696,True,1.0,-0.019844183906881696,7.6901986754966405,0,0.0,-0.0,0.2558478049733858,0,0.0,-0.0,2.709464808037674,0,0.0,-0.0,3.37952464002357,0,0.0,-0.0,3.541674014173228,0,0.0,-0.0,3.776078425555142,0,0.0,-0.0,2.4620639206398343,0,0.0,-0.0,1.590601759005396
2026-04-15,2359.95,0.016151116928747156,True,1.0,0.016151116928747156,7.814403973509883,0,0.0,0.0,0.2558478049733858,0,0.0,0.0,2.709464808037674,0,0.0,0.0,3.37952464002357,0,0.0,0.0,3.541674014173228,0,0.0,0.0,3.776078425555142,0,0.0,0.0,2.4620639206398343,0,0.0,0.0,1.590601759005396
2026-04-16,2348.17,-0.004991631178626554,True,1.0,-0.004991631178626554,7.775397350993328,0,0.0,-0.0,0.2558478049733858,0,0.0,-0.0,2.709464808037674,0,0.0,-0.0,3.37952464002357,0,0.0,-0.0,3.541674014173228,0,0.0,-0.0,3.776078425555142,0,0.0,-0.0,2.4620639206398343,0,0.0,-0.0,1.590601759005396
2026-04-17,2419.0,0.030163914878394538,True,1.0,0.030163914878394538,8.009933774834385,0,0.0,0.0,0.2558478049733858,0,0.0,0.0,2.709464808037674,0,0.0,0.0,3.37952464002357,0,0.0,0.0,3.541674014173228,0,0.0,0.0,3.776078425555142,0,0.0,0.0,2.4620639206398343,0,0.0,0.0,1.590601759005396
2026-04-18,2350.32,-0.028391897478296735,True,1.0,-0.028391897478296735,7.782516556291341,0,0.0,-0.0,0.2558478049733858,0,0.0,-0.0,2.709464808037674,0,0.0,-0.0,3.37952464002357,0,0.0,-0.0,3.541674014173228,0,0.0,-0.0,3.776078425555142,0,0.0,-0.0,2.4620639206398343,0,0.0,-0.0,1.590601759005396
2026-04-19,2263.27,-0.03703750978590159,True,1.0,-0.03703750978590159,7.494271523178759,0,0.0,-0.0,0.2558478049733858,0,0.0,-0.0,2.709464808037674,0,0.0,-0.0,3.37952464002357,0,0.0,-0.0,3.541674014173228,0,0.0,-0.0,3.776078425555142,0,0.0,-0.0,2.4620639206398343,0,0.0,-0.0,1.590601759005396
2026-04-20,2313.85,0.02234819531032528,True,1.0,0.02234819531032528,7.661754966887367,0,0.0,0.0,0.2558478049733858,0,0.0,0.0,2.709464808037674,0,0.0,0.0,3.37952464002357,0,0.0,0.0,3.541674014173228,0,0.0,0.0,3.776078425555142,0,0.0,0.0,2.4620639206398343,0,0.0,0.0,1.590601759005396
2026-04-21,2327.14,0.005743673963307883,True,1.0,0.005743673963307883,7.705761589403923,0,0.0,0.0,0.2558478049733858,0,0.0,0.0,2.709464808037674,0,0.0,0.0,3.37952464002357,0,0.0,0.0,3.541674014173228,0,0.0,0.0,3.776078425555142,0,0.0,0.0,2.4620639206398343,0,0.0,0.0,1.590601759005396
2026-04-22,2374.07,0.020166384489115563,True,1.0,0.020166384489115563,7.861158940397301,0,0.0,0.0,0.2558478049733858,0,0.0,0.0,2.709464808037674,0,0.0,0.0,3.37952464002357,0,0.0,0.0,3.541674014173228,0,0.0,0.0,3.776078425555142,0,0.0,0.0,2.4620639206398343,0,0.0,0.0,1.590601759005396
2026-04-23,2330.26,-0.018453541807950002,True,1.0,-0.018453541807950002,7.716092715231739,0,0.0,-0.0,0.2558478049733858,0,0.0,-0.0,2.709464808037674,0,0.0,-0.0,3.37952464002357,0,0.0,-0.0,3.541674014173228,0,0.0,-0.0,3.776078425555142,0,0.0,-0.0,2.4620639206398343,0,0.0,-0.0,1.590601759005396
2026-04-24,2314.99,-0.006552916841897627,True,1.0,-0.006552916841897627,7.665529801324453,0,0.0,-0.0,0.2558478049733858,0,0.0,-0.0,2.709464808037674,0,0.0,-0.0,3.37952464002357,0,0.0,-0.0,3.541674014173228,0,0.0,-0.0,3.776078425555142,0,0.0,-0.0,2.4620639206398343,0,0.0,-0.0,1.590601759005396
2026-04-25,2319.5,0.0019481725623005097,True,1.0,0.0019481725623005097,7.680463576158891,0,0.0,0.0,0.2558478049733858,0,0.0,0.0,2.709464808037674,0,0.0,0.0,3.37952464002357,0,0.0,0.0,3.541674014173228,0,0.0,0.0,3.776078425555142,0,0.0,0.0,2.4620639206398343,0,0.0,0.0,1.590601759005396
2026-04-26,2369.44,0.021530502263418905,True,1.0,0.021530502263418905,7.845827814569486,0,0.0,0.0,0.2558478049733858,0,0.0,0.0,2.709464808037674,0,0.0,0.0,3.37952464002357,0,0.0,0.0,3.541674014173228,0,0.0,0.0,3.776078425555142,0,0.0,0.0,2.4620639206398343,0,0.0,0.0,1.590601759005396
2026-04-27,2303.67,-0.02775761361334328,True,1.0,-0.02775761361334328,7.628046357615845,0,0.0,-0.0,0.2558478049733858,0,0.0,-0.0,2.709464808037674,0,0.0,-0.0,3.37952464002357,0,0.0,-0.0,3.541674014173228,0,0.0,-0.0,3.776078425555142,0,0.0,-0.0,2.4620639206398343,0,0.0,-0.0,1.590601759005396
2026-04-28,2289.42,-0.006185781817708236,True,1.0,-0.006185781817708236,7.580860927152269,0,0.0,-0.0,0.2558478049733858,0,0.0,-0.0,2.709464808037674,0,0.0,-0.0,3.37952464002357,0,0.0,-0.0,3.541674014173228,0,0.0,-0.0,3.776078425555142,0,0.0,-0.0,2.4620639206398343,0,0.0,-0.0,1.590601759005396
2026-04-29,2252.9,-0.015951638406233926,True,1.0,-0.015951638406233926,7.459933774834389,0,0.0,-0.0,0.2558478049733858,0,0.0,-0.0,2.709464808037674,0,0.0,-0.0,3.37952464002357,0,0.0,-0.0,3.541674014173228,0,0.0,-0.0,3.776078425555142,0,0.0,-0.0,2.4620639206398343,0,0.0,-0.0,1.590601759005396
2026-04-30,2257.51,0.0020462514980692514,True,1.0,0.0020462514980692514,7.4751986754966415,0,0.0,0.0,0.2558478049733858,0,0.0,0.0,2.709464808037674,0,0.0,0.0,3.37952464002357,0,0.0,0.0,3.541674014173228,0,0.0,0.0,3.776078425555142,0,0.0,0.0,2.4620639206398343,0,0.0,0.0,1.590601759005396
2026-05-01,2295.63,0.016885860970715427,True,1.0,0.016885860970715427,7.601423841059554,0,0.0,0.0,0.2558478049733858,0,0.0,0.0,2.709464808037674,0,0.0,0.0,3.37952464002357,0,0.0,0.0,3.541674014173228,0,0.0,0.0,3.776078425555142,0,0.0,0.0,2.4620639206398343,0,0.0,0.0,1.590601759005396
2026-05-02,2316.97,0.009295923123499694,True,1.0,0.009295923123499694,7.6720860927151815,0,0.0,0.0,0.2558478049733858,0,0.0,0.0,2.709464808037674,0,0.0,0.0,3.37952464002357,0,0.0,0.0,3.541674014173228,0,0.0,0.0,3.776078425555142,0,0.0,0.0,2.4620639206398343,0,0.0,0.0,1.590601759005396
2026-05-03,2322.65,0.0024514775763173624,False,1.0,0.0024514775763173624,7.690894039735049,0,0.0,0.0,0.2558478049733858,0,0.0,0.0,2.709464808037674,0,0.0,0.0,3.37952464002357,0,0.0,0.0,3.541674014173228,0,0.0,0.0,3.776078425555142,0,0.0,0.0,2.4620639206398343,0,0.0,0.0,1.590601759005396
2026-05-04,2347.16,0.010552601554258967,True,1.0,0.010552601554258967,7.772052980132398,0,0.0,0.0,0.2558478049733858,0,0.0,0.0,2.709464808037674,0,0.0,0.0,3.37952464002357,0,0.0,0.0,3.541674014173228,0,0.0,0.0,3.776078425555142,0,0.0,0.0,2.4620639206398343,0,0.0,0.0,1.590601759005396
2026-05-05,2360.77,0.005798496906900263,True,1.0,0.005798496906900263,7.817119205297961,0,0.0,0.0,0.2558478049733858,0,0.0,0.0,2.709464808037674,0,0.0,0.0,3.37952464002357,0,0.0,0.0,3.541674014173228,0,0.0,0.0,3.776078425555142,0,0.0,0.0,2.4620639206398343,0,0.0,0.0,1.590601759005396
2026-05-06,2350.84,-0.00420625473891989,True,1.0,-0.00420625473891989,7.784238410595974,0,0.0,-0.0,0.2558478049733858,0,0.0,-0.0,2.709464808037674,0,0.0,-0.0,3.37952464002357,0,0.0,-0.0,3.541674014173228,0,0.0,-0.0,3.776078425555142,0,0.0,-0.0,2.4620639206398343,0,0.0,-0.0,1.590601759005396
2026-05-07,2291.06,-0.025429208282996774,False,1.0,-0.025429208282996774,7.586291390728426,0,0.0,-0.0,0.2558478049733858,0,0.0,-0.0,2.709464808037674,0,0.0,-0.0,3.37952464002357,0,0.0,-0.0,3.541674014173228,0,0.0,-0.0,3.776078425555142,0,0.0,-0.0,2.4620639206398343,0,0.0,-0.0,1.590601759005396
2026-05-08,2307.06,0.006983666948923162,False,1.0,0.006983666948923162,7.639271523178756,0,0.0,0.0,0.2558478049733858,0,0.0,0.0,2.709464808037674,0,0.0,0.0,3.37952464002357,0,0.0,0.0,3.541674014173228,0,0.0,0.0,3.776078425555142,0,0.0,0.0,2.4620639206398343,0,0.0,0.0,1.590601759005396
2026-05-09,2326.44,0.008400301682661038,True,1.0,0.008400301682661038,7.703443708609219,0,0.0,0.0,0.2558478049733858,0,0.0,0.0,2.709464808037674,0,0.0,0.0,3.37952464002357,0,0.0,0.0,3.541674014173228,0,0.0,0.0,3.776078425555142,0,0.0,0.0,2.4620639206398343,0,0.0,0.0,1.590601759005396
2026-05-10,2371.27,0.01926978559515824,True,1.0,0.01926978559515824,7.85188741721849,0,0.0,0.0,0.2558478049733858,0,0.0,0.0,2.709464808037674,0,0.0,0.0,3.37952464002357,0,0.0,0.0,3.541674014173228,0,0.0,0.0,3.776078425555142,0,0.0,0.0,2.4620639206398343,0,0.0,0.0,1.590601759005396
2026-05-11,2339.87,-0.013241849304381215,True,1.0,-0.013241849304381215,7.747913907284715,0,0.0,-0.0,0.2558478049733858,0,0.0,-0.0,2.709464808037674,0,0.0,-0.0,3.37952464002357,0,0.0,-0.0,3.541674014173228,0,0.0,-0.0,3.776078425555142,0,0.0,-0.0,2.4620639206398343,0,0.0,-0.0,1.590601759005396
2026-05-12,2274.96,-0.027740857398060537,False,1.0,-0.027740857398060537,7.53298013245028,0,0.0,-0.0,0.2558478049733858,0,0.0,-0.0,2.709464808037674,0,0.0,-0.0,3.37952464002357,0,0.0,-0.0,3.541674014173228,0,0.0,-0.0,3.776078425555142,0,0.0,-0.0,2.4620639206398343,0,0.0,-0.0,1.590601759005396
2026-05-13,2258.65,-0.007169356823856221,False,1.0,-0.007169356823856221,7.4789735099337245,0,0.0,-0.0,0.2558478049733858,0,0.0,-0.0,2.709464808037674,0,0.0,-0.0,3.37952464002357,0,0.0,-0.0,3.541674014173228,0,0.0,-0.0,3.776078425555142,0,0.0,-0.0,2.4620639206398343,0,0.0,-0.0,1.590601759005396
2026-05-14,2283.25,0.010891461713855577,False,1.0,0.010891461713855577,7.5604304635761075,0,0.0,0.0,0.2558478049733858,0,0.0,0.0,2.709464808037674,0,0.0,0.0,3.37952464002357,0,0.0,0.0,3.541674014173228,0,0.0,0.0,3.776078425555142,0,0.0,0.0,2.4620639206398343,0,0.0,0.0,1.590601759005396
2026-05-15,2224.66,-0.02566079053980075,False,1.0,-0.02566079053980075,7.366423841059552,0,0.0,-0.0,0.2558478049733858,0,0.0,-0.0,2.709464808037674,0,0.0,-0.0,3.37952464002357,0,0.0,-0.0,3.541674014173228,0,0.0,-0.0,3.776078425555142,0,0.0,-0.0,2.4620639206398343,0,0.0,-0.0,1.590601759005396
2026-05-16,2180.77,-0.019728857443384595,False,1.0,-0.019728857443384595,7.221092715231738,0,0.0,-0.0,0.2558478049733858,0,0.0,-0.0,2.709464808037674,0,0.0,-0.0,3.37952464002357,0,0.0,-0.0,3.541674014173228,0,0.0,-0.0,3.776078425555142,0,0.0,-0.0,2.4620639206398343,0,0.0,-0.0,1.590601759005396
2026-05-17,2131.0,-0.02282221417205843,False,1.0,-0.02282221417205843,7.056291390728429,0,0.0,-0.0,0.2558478049733858,0,0.0,-0.0,2.709464808037674,0,0.0,-0.0,3.37952464002357,0,0.0,-0.0,3.541674014173228,0,0.0,-0.0,3.776078425555142,0,0.0,-0.0,2.4620639206398343,0,0.0,-0.0,1.590601759005396
2026-05-18,2130.08,-0.0004317221961520623,False,1.0,-0.0004317221961520623,7.0532450331125345,0,0.0,-0.0,0.2558478049733858,0,0.0,-0.0,2.709464808037674,0,0.0,-0.0,3.37952464002357,0,0.0,-0.0,3.541674014173228,0,0.0,-0.0,3.776078425555142,0,0.0,-0.0,2.4620639206398343,0,0.0,-0.0,1.590601759005396
