date,close,return,momentum_20d_positive,pos_BuyHold,ret_BuyHold,equity_BuyHold,event_BDE,pos_BDE,ret_BDE,equity_BDE,event_CSW,pos_CSW,ret_CSW,equity_CSW,event_SADF,pos_SADF,ret_SADF,equity_SADF,event_QADF,pos_QADF,ret_QADF,equity_QADF,event_CADF,pos_CADF,ret_CADF,equity_CADF,event_SMT,pos_SMT,ret_SMT,equity_SMT,event_Consensus,pos_Consensus,ret_Consensus,equity_Consensus
2020-08-11,3.2985,0.0,False,1.0,0.0,1.0,0,0.0,0.0,1.0,0,0.0,0.0,1.0,0,0.0,0.0,1.0,0,0.0,0.0,1.0,0,0.0,0.0,1.0,0,0.0,0.0,1.0,0,0.0,0.0,1.0
2020-08-12,3.7558,0.13863877520084866,False,1.0,0.13863877520084866,1.1386387752008487,0,0.0,0.0,1.0,0,0.0,0.0,1.0,0,0.0,0.0,1.0,0,0.0,0.0,1.0,0,0.0,0.0,1.0,0,0.0,0.0,1.0,0,0.0,0.0,1.0
2020-08-13,3.73,-0.006869375366100439,False,1.0,-0.006869375366100439,1.1308170380475973,0,0.0,-0.0,1.0,0,0.0,-0.0,1.0,0,0.0,-0.0,1.0,0,0.0,-0.0,1.0,0,0.0,-0.0,1.0,0,0.0,-0.0,1.0,0,0.0,-0.0,1.0
2020-08-14,3.4099,-0.08581769436997322,False,1.0,-0.08581769436997322,1.0337729270880702,0,0.0,-0.0,1.0,0,0.0,-0.0,1.0,0,0.0,-0.0,1.0,0,0.0,-0.0,1.0,0,0.0,-0.0,1.0,0,0.0,-0.0,1.0,0,0.0,-0.0,1.0
2020-08-15,3.173,-0.06947417812839085,False,1.0,-0.06947417812839085,0.9619524026072457,0,0.0,-0.0,1.0,0,0.0,-0.0,1.0,0,0.0,-0.0,1.0,0,0.0,-0.0,1.0,0,0.0,-0.0,1.0,0,0.0,-0.0,1.0,0,0.0,-0.0,1.0
2020-08-16,3.3885,0.06791679798298134,False,1.0,0.06791679798298134,1.0272851296043655,0,0.0,0.0,1.0,0,0.0,0.0,1.0,0,0.0,0.0,1.0,0,0.0,0.0,1.0,0,0.0,0.0,1.0,0,0.0,0.0,1.0,0,0.0,0.0,1.0
2020-08-17,3.11,-0.08218975948059615,False,1.0,-0.08218975948059615,0.9428528118841897,0,0.0,-0.0,1.0,0,0.0,-0.0,1.0,0,0.0,-0.0,1.0,0,0.0,-0.0,1.0,0,0.0,-0.0,1.0,0,0.0,-0.0,1.0,0,0.0,-0.0,1.0
2020-08-18,3.3407,0.07418006430868163,False,1.0,0.07418006430868163,1.0127936941033802,0,0.0,0.0,1.0,0,0.0,0.0,1.0,0,0.0,0.0,1.0,0,0.0,0.0,1.0,0,0.0,0.0,1.0,0,0.0,0.0,1.0,0,0.0,0.0,1.0
2020-08-19,2.8868,-0.135869727901338,False,1.0,-0.135869727901338,0.875185690465363,0,0.0,-0.0,1.0,0,0.0,-0.0,1.0,0,0.0,-0.0,1.0,0,0.0,-0.0,1.0,0,0.0,-0.0,1.0,0,0.0,-0.0,1.0,0,0.0,-0.0,1.0
2020-08-20,3.2038,0.10981017043092711,False,1.0,0.10981017043092711,0.9712899802940731,0,0.0,0.0,1.0,0,0.0,0.0,1.0,0,0.0,0.0,1.0,0,0.0,0.0,1.0,0,0.0,0.0,1.0,0,0.0,0.0,1.0,0,0.0,0.0,1.0
2020-08-21,2.9317,-0.08493039515575251,False,1.0,-0.08493039515575251,0.8887979384568744,0,0.0,-0.0,1.0,0,0.0,-0.0,1.0,0,0.0,-0.0,1.0,0,0.0,-0.0,1.0,0,0.0,-0.0,1.0,0,0.0,-0.0,1.0,0,0.0,-0.0,1.0
2020-08-22,3.0126,0.0275949108026059,False,1.0,0.0275949108026059,0.9133242382901319,0,0.0,0.0,1.0,0,0.0,0.0,1.0,0,0.0,0.0,1.0,0,0.0,0.0,1.0,0,0.0,0.0,1.0,0,0.0,0.0,1.0,0,0.0,0.0,1.0
2020-08-23,3.25,0.07880236340702385,False,1.0,0.07880236340702385,0.9852963468243141,0,0.0,0.0,1.0,0,0.0,0.0,1.0,0,0.0,0.0,1.0,0,0.0,0.0,1.0,0,0.0,0.0,1.0,0,0.0,0.0,1.0,0,0.0,0.0,1.0
2020-08-24,3.3405,0.027846153846153854,False,1.0,0.027846153846153854,1.0127330604820373,0,0.0,0.0,1.0,0,0.0,0.0,1.0,0,0.0,0.0,1.0,0,0.0,0.0,1.0,0,0.0,0.0,1.0,0,0.0,0.0,1.0,0,0.0,0.0,1.0
2020-08-25,3.25,-0.027091752731627006,False,1.0,-0.027091752731627006,0.9852963468243141,0,0.0,-0.0,1.0,0,0.0,-0.0,1.0,0,0.0,-0.0,1.0,0,0.0,-0.0,1.0,0,0.0,-0.0,1.0,0,0.0,-0.0,1.0,0,0.0,-0.0,1.0
2020-08-26,3.5684,0.09796923076923081,False,1.0,0.09796923076923081,1.0818250720024254,0,0.0,0.0,1.0,0,0.0,0.0,1.0,0,0.0,0.0,1.0,0,0.0,0.0,1.0,0,0.0,0.0,1.0,0,0.0,0.0,1.0,0,0.0,0.0,1.0
2020-08-27,3.4501,-0.033152112991817084,False,1.0,-0.033152112991817084,1.0459602849780203,0,0.0,-0.0,1.0,0,0.0,-0.0,1.0,0,0.0,-0.0,1.0,0,0.0,-0.0,1.0,0,0.0,-0.0,1.0,0,0.0,-0.0,1.0,0,0.0,-0.0,1.0
2020-08-28,4.0063,0.16121271847192853,False,1.0,0.16121271847192853,1.214582385933,0,0.0,0.0,1.0,0,0.0,0.0,1.0,0,0.0,0.0,1.0,0,0.0,0.0,1.0,0,0.0,0.0,1.0,0,0.0,0.0,1.0,0,0.0,0.0,1.0
2020-08-29,3.9535,-0.013179242692759052,False,1.0,-0.013179242692759052,1.1985751098984387,0,0.0,-0.0,1.0,0,0.0,-0.0,1.0,0,0.0,-0.0,1.0,0,0.0,-0.0,1.0,0,0.0,-0.0,1.0,0,0.0,-0.0,1.0,0,0.0,-0.0,1.0
2020-08-30,4.4309,0.12075376248893388,False,1.0,0.12075376248893388,1.3433075640442627,0,0.0,0.0,1.0,0,0.0,0.0,1.0,0,0.0,0.0,1.0,0,0.0,0.0,1.0,0,0.0,0.0,1.0,0,0.0,0.0,1.0,0,0.0,0.0,1.0
2020-08-31,4.7435,0.07055000112843879,True,1.0,0.07055000112843879,1.4380779142034257,0,0.0,0.0,1.0,0,0.0,0.0,1.0,0,0.0,0.0,1.0,0,0.0,0.0,1.0,0,0.0,0.0,1.0,0,0.0,0.0,1.0,0,0.0,0.0,1.0
2020-09-01,4.3397,-0.08512701591651739,True,1.0,-0.08512701591651739,1.3156586327118385,0,0.0,-0.0,1.0,0,0.0,-0.0,1.0,0,0.0,-0.0,1.0,0,0.0,-0.0,1.0,0,0.0,-0.0,1.0,0,0.0,-0.0,1.0,0,0.0,-0.0,1.0
2020-09-02,4.17,-0.03910408553586653,True,1.0,-0.03910408553586653,1.2642110050022735,0,0.0,-0.0,1.0,0,0.0,-0.0,1.0,0,0.0,-0.0,1.0,0,0.0,-0.0,1.0,0,0.0,-0.0,1.0,0,0.0,-0.0,1.0,0,0.0,-0.0,1.0
2020-09-03,3.5051,-0.1594484412470023,True,1.0,-0.1594484412470023,1.0626345308473548,0,0.0,-0.0,1.0,0,0.0,-0.0,1.0,0,0.0,-0.0,1.0,0,0.0,-0.0,1.0,0,0.0,-0.0,1.0,0,0.0,-0.0,1.0,0,0.0,-0.0,1.0
2020-09-04,3.5301,0.007132464123705384,True,1.0,0.007132464123705384,1.0702137335152342,0,0.0,0.0,1.0,0,0.0,0.0,1.0,0,0.0,0.0,1.0,0,0.0,0.0,1.0,0,0.0,0.0,1.0,0,0.0,0.0,1.0,0,0.0,0.0,1.0
2020-09-05,2.6052,-0.2620039092376987,False,1.0,-0.2620039092376987,0.7898135516143702,0,0.0,-0.0,1.0,0,0.0,-0.0,1.0,0,0.0,-0.0,1.0,0,0.0,-0.0,1.0,0,0.0,-0.0,1.0,0,0.0,-0.0,1.0,0,0.0,-0.0,1.0
2020-09-06,3.0941,0.18766313526792566,False,1.0,0.18766313526792566,0.9380324389874185,0,0.0,0.0,1.0,0,0.0,0.0,1.0,0,0.0,0.0,1.0,0,0.0,0.0,1.0,0,0.0,0.0,1.0,0,0.0,0.0,1.0,0,0.0,0.0,1.0
2020-09-07,2.9237,-0.05507255744804629,False,1.0,-0.05507255744804629,0.8863725936031529,0,0.0,-0.0,1.0,0,0.0,-0.0,1.0,0,0.0,-0.0,1.0,0,0.0,-0.0,1.0,0,0.0,-0.0,1.0,0,0.0,-0.0,1.0,0,0.0,-0.0,1.0
2020-09-08,2.468,-0.15586414474809318,False,1.0,-0.15586414474809318,0.7482188873730483,0,0.0,-0.0,1.0,0,0.0,-0.0,1.0,0,0.0,-0.0,1.0,0,0.0,-0.0,1.0,0,0.0,-0.0,1.0,0,0.0,-0.0,1.0,0,0.0,-0.0,1.0
2020-09-09,3.6001,0.45871150729335497,True,1.0,0.45871150729335497,1.0914355009852963,0,0.0,0.0,1.0,1,0.0,0.0,1.0,0,0.0,0.0,1.0,0,0.0,0.0,1.0,0,0.0,0.0,1.0,0,0.0,0.0,1.0,0,0.0,0.0,1.0
2020-09-10,3.4761,-0.034443487680897666,True,1.0,-0.034443487680897666,1.0538426557526148,0,0.0,-0.0,1.0,0,1.0,-0.03544348768089767,0.9645565123191023,0,0.0,-0.0,1.0,0,0.0,-0.0,1.0,0,0.0,-0.0,1.0,0,0.0,-0.0,1.0,0,0.0,-0.0,1.0
2020-09-11,3.3965,-0.022899226144242113,True,1.0,-0.022899226144242113,1.029710474458087,0,0.0,-0.0,1.0,0,1.0,-0.022899226144242113,0.9424689146146058,0,0.0,-0.0,1.0,0,0.0,-0.0,1.0,0,0.0,-0.0,1.0,0,0.0,-0.0,1.0,0,0.0,-0.0,1.0
2020-09-12,3.3316,-0.019107905196525943,True,1.0,-0.019107905196525943,1.010034864332272,0,0.0,-0.0,1.0,0,1.0,-0.019107905196525943,0.9244603079434772,0,0.0,-0.0,1.0,0,0.0,-0.0,1.0,0,0.0,-0.0,1.0,0,0.0,-0.0,1.0,0,0.0,-0.0,1.0
2020-09-13,3.2603,-0.02140112858686516,False,1.0,-0.02140112858686516,0.9884189783234802,0,0.0,-0.0,1.0,0,1.0,-0.02140112858686516,0.9046758140197259,0,0.0,-0.0,1.0,0,0.0,-0.0,1.0,0,0.0,-0.0,1.0,0,0.0,-0.0,1.0,0,0.0,-0.0,1.0
2020-09-14,3.2641,0.0011655369137808513,True,1.0,0.0011655369137808513,0.9895710171289979,0,0.0,0.0,1.0,0,1.0,0.0011655369137808513,0.9057302470759706,0,0.0,0.0,1.0,0,0.0,0.0,1.0,0,0.0,0.0,1.0,0,0.0,0.0,1.0,0,0.0,0.0,1.0
2020-09-15,2.9295,-0.10250911430409604,False,1.0,-0.10250911430409604,0.8881309686221008,0,0.0,-0.0,1.0,0,1.0,-0.10250911430409604,0.8128846416497828,0,0.0,-0.0,1.0,0,0.0,-0.0,1.0,0,0.0,-0.0,1.0,0,0.0,-0.0,1.0,0,0.0,-0.0,1.0
2020-09-16,2.5327,-0.13544973544973538,False,1.0,-0.13544973544973538,0.7678338638775201,0,0.0,-0.0,1.0,0,1.0,-0.13544973544973538,0.7027796319871668,0,0.0,-0.0,1.0,0,0.0,-0.0,1.0,0,0.0,-0.0,1.0,0,0.0,-0.0,1.0,0,0.0,-0.0,1.0
2020-09-17,2.8829,0.13827140995775244,False,1.0,0.13827140995775244,0.8740033348491737,0,0.0,0.0,1.0,0,1.0,0.13827140995775244,0.7999539625916227,0,0.0,0.0,1.0,0,0.0,0.0,1.0,0,0.0,0.0,1.0,0,0.0,0.0,1.0,0,0.0,0.0,1.0
2020-09-18,3.1144,0.08030108571230365,False,1.0,0.08030108571230365,0.9441867515537364,0,0.0,0.0,1.0,0,1.0,0.08030108571230365,0.8641911343075895,0,0.0,0.0,1.0,0,0.0,0.0,1.0,0,0.0,0.0,1.0,0,0.0,0.0,1.0,0,0.0,0.0,1.0
2020-09-19,3.031,-0.026778833804263935,False,1.0,-0.026778833804263935,0.918902531453691,0,0.0,-0.0,1.0,0,1.0,-0.026778833804263935,0.8410491035468483,0,0.0,-0.0,1.0,0,0.0,-0.0,1.0,0,0.0,-0.0,1.0,0,0.0,-0.0,1.0,0,0.0,-0.0,1.0
2020-09-20,2.8628,-0.05549323655559224,False,1.0,-0.05549323655559224,0.8679096559041989,0,0.0,-0.0,1.0,0,1.0,-0.05549323655559224,0.7943765666888543,0,0.0,-0.0,1.0,0,0.0,-0.0,1.0,0,0.0,-0.0,1.0,0,0.0,-0.0,1.0,0,0.0,-0.0,1.0
2020-09-21,2.7672,-0.03339388011736766,False,1.0,-0.03339388011736766,0.8389267849022283,0,0.0,-0.0,1.0,0,1.0,-0.03339388011736766,0.7678492508528005,0,0.0,-0.0,1.0,0,0.0,-0.0,1.0,0,0.0,-0.0,1.0,0,0.0,-0.0,1.0,0,0.0,-0.0,1.0
2020-09-22,2.9082,0.05095403295750223,False,1.0,0.05095403295750223,0.8816734879490677,0,0.0,0.0,1.0,0,1.0,0.05095403295750223,0.8069742668871476,0,0.0,0.0,1.0,0,0.0,0.0,1.0,0,0.0,0.0,1.0,0,0.0,0.0,1.0,0,0.0,0.0,1.0
2020-09-23,2.8548,-0.018361873323705313,False,1.0,-0.018361873323705313,0.8654843110504775,0,0.0,-0.0,1.0,0,1.0,-0.018361873323705313,0.7921567076230758,0,0.0,-0.0,1.0,0,0.0,-0.0,1.0,0,0.0,-0.0,1.0,0,0.0,-0.0,1.0,0,0.0,-0.0,1.0
2020-09-24,3.1433,0.10105786745131007,False,1.0,0.10105786745131007,0.9529483098378051,0,0.0,0.0,1.0,0,1.0,0.10105786745131007,0.8722103751827147,0,0.0,0.0,1.0,0,0.0,0.0,1.0,0,0.0,0.0,1.0,0,0.0,0.0,1.0,0,0.0,0.0,1.0
2020-09-25,3.1937,0.016034104285305384,True,1.0,0.016034104285305384,0.96822798241625,0,0.0,0.0,1.0,0,1.0,0.016034104285305384,0.8861954872971197,0,0.0,0.0,1.0,0,0.0,0.0,1.0,0,0.0,0.0,1.0,0,0.0,0.0,1.0,0,0.0,0.0,1.0
2020-09-26,3.1287,-0.02035256912045602,True,1.0,-0.02035256912045602,0.9485220554797635,0,0.0,-0.0,1.0,0,1.0,-0.02035256912045602,0.8681591323876688,0,0.0,-0.0,1.0,0,0.0,-0.0,1.0,0,0.0,-0.0,1.0,0,0.0,-0.0,1.0,0,0.0,-0.0,1.0
2020-09-27,3.1578,0.009300987630645352,True,1.0,0.009300987630645352,0.9573442473851751,0,0.0,0.0,1.0,0,1.0,0.009300987630645352,0.8762338697394384,0,0.0,0.0,1.0,0,0.0,0.0,1.0,0,0.0,0.0,1.0,0,0.0,0.0,1.0,0,0.0,0.0,1.0
2020-09-28,2.9599,-0.06267021343973644,True,1.0,-0.06267021343973644,0.8973472790662423,0,0.0,-0.0,1.0,0,1.0,-0.06267021343973644,0.8213201060997416,0,0.0,-0.0,1.0,0,0.0,-0.0,1.0,0,0.0,-0.0,1.0,0,0.0,-0.0,1.0,0,0.0,-0.0,1.0
2020-09-29,2.9505,-0.0031757829656408054,False,1.0,-0.0031757829656408054,0.8944974988631197,0,0.0,-0.0,1.0,0,1.0,-0.0031757829656408054,0.8187117716974517,0,0.0,-0.0,1.0,0,0.0,-0.0,1.0,0,0.0,-0.0,1.0,0,0.0,-0.0,1.0,0,0.0,-0.0,1.0
2020-09-30,2.8967,-0.0182341975936281,False,1.0,-0.0182341975936281,0.8781870547218434,0,0.0,-0.0,1.0,0,0.0,-0.001,0.8178930599257542,0,0.0,-0.0,1.0,0,0.0,-0.0,1.0,0,0.0,-0.0,1.0,0,0.0,-0.0,1.0,0,0.0,-0.0,1.0
2020-10-01,2.8669,-0.010287568612559195,False,1.0,-0.010287568612559195,0.8691526451417312,0,0.0,-0.0,1.0,0,0.0,-0.0,0.8178930599257542,0,0.0,-0.0,1.0,0,0.0,-0.0,1.0,0,0.0,-0.0,1.0,0,0.0,-0.0,1.0,0,0.0,-0.0,1.0
2020-10-02,2.6232,-0.08500470891904133,False,1.0,-0.08500470891904133,0.7952705775352436,0,0.0,-0.0,1.0,0,0.0,-0.0,0.8178930599257542,0,0.0,-0.0,1.0,0,0.0,-0.0,1.0,0,0.0,-0.0,1.0,0,0.0,-0.0,1.0,0,0.0,-0.0,1.0
2020-10-03,2.5439,-0.030230253125953177,False,1.0,-0.030230253125953177,0.7712293466727301,0,0.0,-0.0,1.0,0,0.0,-0.0,0.8178930599257542,0,0.0,-0.0,1.0,0,0.0,-0.0,1.0,0,0.0,-0.0,1.0,0,0.0,-0.0,1.0,0,0.0,-0.0,1.0
2020-10-04,2.5202,-0.009316403946695972,False,1.0,-0.009316403946695972,0.7640442625435806,0,0.0,-0.0,1.0,0,0.0,-0.0,0.8178930599257542,0,0.0,-0.0,1.0,0,0.0,-0.0,1.0,0,0.0,-0.0,1.0,0,0.0,-0.0,1.0,0,0.0,-0.0,1.0
2020-10-05,2.6522,0.052376795492421246,False,1.0,0.052376795492421246,0.8040624526299835,0,0.0,0.0,1.0,0,0.0,0.0,0.8178930599257542,0,0.0,0.0,1.0,0,0.0,0.0,1.0,0,0.0,0.0,1.0,0,0.0,0.0,1.0,0,0.0,0.0,1.0
2020-10-06,2.174,-0.1803031445592339,False,1.0,-0.1803031445592339,0.6590874639987875,0,0.0,-0.0,1.0,0,0.0,-0.0,0.8178930599257542,0,0.0,-0.0,1.0,0,0.0,-0.0,1.0,0,0.0,-0.0,1.0,0,0.0,-0.0,1.0,0,0.0,-0.0,1.0
2020-10-07,2.3005,0.058187672493100306,False,1.0,0.058187672493100306,0.697438229498257,0,0.0,0.0,1.0,0,0.0,0.0,0.8178930599257542,0,0.0,0.0,1.0,0,0.0,0.0,1.0,0,0.0,0.0,1.0,0,0.0,0.0,1.0,0,0.0,0.0,1.0
2020-10-08,2.3638,0.027515757444033895,False,1.0,0.027515757444033895,0.7166287706533274,0,0.0,0.0,1.0,0,0.0,0.0,0.8178930599257542,0,0.0,0.0,1.0,0,0.0,0.0,1.0,0,0.0,0.0,1.0,0,0.0,0.0,1.0,0,0.0,0.0,1.0
2020-10-09,2.5314,0.0709027836534395,False,1.0,0.0709027836534395,0.7674397453387906,0,0.0,0.0,1.0,0,0.0,0.0,0.8178930599257542,0,0.0,0.0,1.0,0,0.0,0.0,1.0,0,0.0,0.0,1.0,0,0.0,0.0,1.0,0,0.0,0.0,1.0
2020-10-10,2.3999,-0.05194753891127435,False,1.0,-0.05194753891127435,0.7275731393057453,0,0.0,-0.0,1.0,0,0.0,-0.0,0.8178930599257542,0,0.0,-0.0,1.0,0,0.0,-0.0,1.0,0,0.0,-0.0,1.0,0,0.0,-0.0,1.0,0,0.0,-0.0,1.0
2020-10-11,2.4227,0.009500395849826981,False,1.0,0.009500395849826981,0.7344853721388512,0,0.0,0.0,1.0,0,0.0,0.0,0.8178930599257542,0,0.0,0.0,1.0,0,0.0,0.0,1.0,0,0.0,0.0,1.0,0,0.0,0.0,1.0,0,0.0,0.0,1.0
2020-10-12,2.5836,0.06641350559293357,False,1.0,0.06641350559293357,0.7832651205093227,0,0.0,0.0,1.0,0,0.0,0.0,0.8178930599257542,0,0.0,0.0,1.0,0,0.0,0.0,1.0,0,0.0,0.0,1.0,0,0.0,0.0,1.0,0,0.0,0.0,1.0
2020-10-13,2.4062,-0.06866387985756306,False,1.0,-0.06866387985756306,0.7294830983780509,0,0.0,-0.0,1.0,0,0.0,-0.0,0.8178930599257542,0,0.0,-0.0,1.0,0,0.0,-0.0,1.0,0,0.0,-0.0,1.0,0,0.0,-0.0,1.0,0,0.0,-0.0,1.0
2020-10-14,2.3107,-0.03968913639763938,False,1.0,-0.03968913639763938,0.7005305441867519,0,0.0,-0.0,1.0,0,0.0,-0.0,0.8178930599257542,0,0.0,-0.0,1.0,0,0.0,-0.0,1.0,0,0.0,-0.0,1.0,0,0.0,-0.0,1.0,0,0.0,-0.0,1.0
2020-10-15,2.2682,-0.018392694854373115,False,1.0,-0.018392694854373115,0.687645899651357,0,0.0,-0.0,1.0,0,0.0,-0.0,0.8178930599257542,0,0.0,-0.0,1.0,0,0.0,-0.0,1.0,0,0.0,-0.0,1.0,0,0.0,-0.0,1.0,0,0.0,-0.0,1.0
2020-10-16,2.1398,-0.05660876465920117,False,1.0,-0.05660876465920117,0.6487191147491287,0,0.0,-0.0,1.0,0,0.0,-0.0,0.8178930599257542,0,0.0,-0.0,1.0,0,0.0,-0.0,1.0,0,0.0,-0.0,1.0,0,0.0,-0.0,1.0,0,0.0,-0.0,1.0
2020-10-17,2.2053,0.03061033741471153,False,1.0,0.03061033741471153,0.6685766257389725,0,0.0,0.0,1.0,0,0.0,0.0,0.8178930599257542,0,0.0,0.0,1.0,0,0.0,0.0,1.0,0,0.0,0.0,1.0,0,0.0,0.0,1.0,0,0.0,0.0,1.0
2020-10-18,2.215,0.004398494535890807,False,1.0,0.004398494535890807,0.6715173563741097,0,0.0,0.0,1.0,0,0.0,0.0,0.8178930599257542,0,0.0,0.0,1.0,0,0.0,0.0,1.0,0,0.0,0.0,1.0,0,0.0,0.0,1.0,0,0.0,0.0,1.0
2020-10-19,2.0592,-0.07033860045146711,False,1.0,-0.07033860045146711,0.6242837653478858,0,0.0,-0.0,1.0,0,0.0,-0.0,0.8178930599257542,0,0.0,-0.0,1.0,0,0.0,-0.0,1.0,0,0.0,-0.0,1.0,0,0.0,-0.0,1.0,0,0.0,-0.0,1.0
2020-10-20,1.885,-0.08459595959595967,False,1.0,-0.08459595959595967,0.5714718811581024,0,0.0,-0.0,1.0,0,0.0,-0.0,0.8178930599257542,0,0.0,-0.0,1.0,0,0.0,-0.0,1.0,0,0.0,-0.0,1.0,0,0.0,-0.0,1.0,0,0.0,-0.0,1.0
2020-10-21,1.8887,0.0019628647214853245,False,1.0,0.0019628647214853245,0.5725936031529485,0,0.0,0.0,1.0,0,0.0,0.0,0.8178930599257542,0,0.0,0.0,1.0,0,0.0,0.0,1.0,0,0.0,0.0,1.0,0,0.0,0.0,1.0,0,0.0,0.0,1.0
2020-10-22,1.9582,0.03679779742680145,False,1.0,0.03679779742680145,0.593663786569653,0,0.0,0.0,1.0,0,0.0,0.0,0.8178930599257542,0,0.0,0.0,1.0,0,0.0,0.0,1.0,0,0.0,0.0,1.0,0,0.0,0.0,1.0,0,0.0,0.0,1.0
2020-10-23,1.959,0.0004085384536820502,False,1.0,0.0004085384536820502,0.5939063210550252,0,0.0,0.0,1.0,0,0.0,0.0,0.8178930599257542,0,0.0,0.0,1.0,0,0.0,0.0,1.0,0,0.0,0.0,1.0,0,0.0,0.0,1.0,0,0.0,0.0,1.0
2020-10-24,1.9142,-0.022868810617662105,False,1.0,-0.022868810617662105,0.5803243898741853,0,0.0,-0.0,1.0,0,0.0,-0.0,0.8178930599257542,0,0.0,-0.0,1.0,0,0.0,-0.0,1.0,0,0.0,-0.0,1.0,0,0.0,-0.0,1.0,0,0.0,-0.0,1.0
2020-10-25,1.7926,-0.06352523247309583,False,1.0,-0.06352523247309583,0.5434591480976202,0,0.0,-0.0,1.0,0,0.0,-0.0,0.8178930599257542,0,0.0,-0.0,1.0,0,0.0,-0.0,1.0,0,0.0,-0.0,1.0,0,0.0,-0.0,1.0,0,0.0,-0.0,1.0
2020-10-26,1.6799,-0.06286957491911194,False,1.0,-0.06286957491911194,0.5092921024708201,0,0.0,-0.0,1.0,0,0.0,-0.0,0.8178930599257542,0,0.0,-0.0,1.0,0,0.0,-0.0,1.0,0,0.0,-0.0,1.0,0,0.0,-0.0,1.0,0,0.0,-0.0,1.0
2020-10-27,1.711,0.01851300672659084,False,1.0,0.01851300672659084,0.518720630589662,0,0.0,0.0,1.0,0,0.0,0.0,0.8178930599257542,0,0.0,0.0,1.0,0,0.0,0.0,1.0,0,0.0,0.0,1.0,0,0.0,0.0,1.0,0,0.0,0.0,1.0
2020-10-28,1.518,-0.11279953243717122,False,1.0,-0.11279953243717122,0.46020918599363353,0,0.0,-0.0,1.0,0,0.0,-0.0,0.8178930599257542,0,0.0,-0.0,1.0,0,0.0,-0.0,1.0,0,0.0,-0.0,1.0,0,0.0,-0.0,1.0,0,0.0,-0.0,1.0
2020-10-29,1.4327,-0.056192358366271344,False,1.0,-0.056192358366271344,0.4343489464908292,0,0.0,-0.0,1.0,0,0.0,-0.0,0.8178930599257542,0,0.0,-0.0,1.0,0,0.0,-0.0,1.0,0,0.0,-0.0,1.0,0,0.0,-0.0,1.0,0,0.0,-0.0,1.0
2020-10-30,1.4381,0.003769107279960826,False,1.0,0.003769107279960826,0.43598605426709114,0,0.0,0.0,1.0,0,0.0,0.0,0.8178930599257542,0,0.0,0.0,1.0,0,0.0,0.0,1.0,0,0.0,0.0,1.0,0,0.0,0.0,1.0,0,0.0,0.0,1.0
2020-10-31,1.5497,0.07760239204505948,False,1.0,0.07760239204505948,0.46981961497650454,0,0.0,0.0,1.0,0,0.0,0.0,0.8178930599257542,0,0.0,0.0,1.0,0,0.0,0.0,1.0,0,0.0,0.0,1.0,0,0.0,0.0,1.0,0,0.0,0.0,1.0
2020-11-01,1.608,0.03762018455184868,False,1.0,0.03762018455184868,0.4874943155979991,0,0.0,0.0,1.0,0,0.0,0.0,0.8178930599257542,0,0.0,0.0,1.0,0,0.0,0.0,1.0,0,0.0,0.0,1.0,0,0.0,0.0,1.0,0,0.0,0.0,1.0
2020-11-02,1.4738,-0.08345771144278613,False,1.0,-0.08345771144278613,0.4468091556768228,0,0.0,-0.0,1.0,0,0.0,-0.0,0.8178930599257542,0,0.0,-0.0,1.0,0,0.0,-0.0,1.0,0,0.0,-0.0,1.0,0,0.0,-0.0,1.0,0,0.0,-0.0,1.0
2020-11-03,1.4118,-0.042068123218889975,False,1.0,-0.042068123218889975,0.428012733060482,0,0.0,-0.0,1.0,0,0.0,-0.0,0.8178930599257542,0,0.0,-0.0,1.0,0,0.0,-0.0,1.0,0,0.0,-0.0,1.0,0,0.0,-0.0,1.0,0,0.0,-0.0,1.0
2020-11-04,1.3912,-0.0145913018841195,False,1.0,-0.0145913018841195,0.42176747006214943,0,0.0,-0.0,1.0,0,0.0,-0.0,0.8178930599257542,0,0.0,-0.0,1.0,0,0.0,-0.0,1.0,0,0.0,-0.0,1.0,0,0.0,-0.0,1.0,0,0.0,-0.0,1.0
2020-11-05,1.4007,0.006828637147786143,False,1.0,0.006828637147786143,0.4246475670759436,0,0.0,0.0,1.0,0,0.0,0.0,0.8178930599257542,0,0.0,0.0,1.0,0,0.0,0.0,1.0,0,0.0,0.0,1.0,0,0.0,0.0,1.0,0,0.0,0.0,1.0
2020-11-06,1.9,0.3564646248304417,False,1.0,0.3564646248304417,0.5760194027588297,0,0.0,0.0,1.0,0,0.0,0.0,0.8178930599257542,0,0.0,0.0,1.0,0,0.0,0.0,1.0,0,0.0,0.0,1.0,0,0.0,0.0,1.0,0,0.0,0.0,1.0
2020-11-07,2.0215,0.06394736842105275,False,1.0,0.06394736842105275,0.6128543277247234,0,0.0,0.0,1.0,0,0.0,0.0,0.8178930599257542,0,0.0,0.0,1.0,0,0.0,0.0,1.0,0,0.0,0.0,1.0,0,0.0,0.0,1.0,0,0.0,0.0,1.0
2020-11-08,2.1558,0.06643581498886975,True,1.0,0.06643581498886975,0.6535698044565712,0,0.0,0.0,1.0,1,0.0,0.0,0.8178930599257542,0,0.0,0.0,1.0,0,0.0,0.0,1.0,0,0.0,0.0,1.0,0,0.0,0.0,1.0,0,0.0,0.0,1.0
2020-11-09,2.0299,-0.05840059374710094,True,1.0,-0.05840059374710094,0.6154009398211308,0,0.0,-0.0,1.0,0,1.0,-0.05940059374710094,0.7693097265445312,0,0.0,-0.0,1.0,0,0.0,-0.0,1.0,0,0.0,-0.0,1.0,0,0.0,-0.0,1.0,0,0.0,-0.0,1.0
2020-11-10,2.2661,0.11636041184294776,True,1.0,0.11636041184294776,0.6870092466272546,0,0.0,0.0,1.0,0,1.0,0.11636041184294776,0.8588269231600384,0,0.0,0.0,1.0,0,0.0,0.0,1.0,0,0.0,0.0,1.0,0,0.0,0.0,1.0,0,0.0,0.0,1.0
2020-11-11,2.0,-0.11742641542738619,True,1.0,-0.11742641542738619,0.6063362134303469,0,0.0,-0.0,1.0,0,1.0,-0.11742641542738619,0.7579779561008239,0,0.0,-0.0,1.0,0,0.0,-0.0,1.0,0,0.0,-0.0,1.0,0,0.0,-0.0,1.0,0,0.0,-0.0,1.0
2020-11-12,1.9089,-0.04554999999999998,False,1.0,-0.04554999999999998,0.5787175989085946,0,0.0,-0.0,1.0,0,1.0,-0.04554999999999998,0.7234520602004314,0,0.0,-0.0,1.0,0,0.0,-0.0,1.0,0,0.0,-0.0,1.0,0,0.0,-0.0,1.0,0,0.0,-0.0,1.0
2020-11-13,2.0141,0.05511027293205517,True,1.0,0.05511027293205517,0.6106108837350309,0,0.0,0.0,1.0,0,1.0,0.05511027293205517,0.7633217006913348,0,0.0,0.0,1.0,0,0.0,0.0,1.0,0,0.0,0.0,1.0,0,0.0,0.0,1.0,0,0.0,0.0,1.0
2020-11-14,1.9182,-0.04761431905069269,True,1.0,-0.04761431905069269,0.5815370623010457,0,0.0,-0.0,1.0,0,1.0,-0.04761431905069269,0.7269766576963002,0,0.0,-0.0,1.0,0,0.0,-0.0,1.0,0,0.0,-0.0,1.0,0,0.0,-0.0,1.0,0,0.0,-0.0,1.0
2020-11-15,2.0407,0.06386195391512883,True,1.0,0.06386195391512883,0.6186751553736545,0,0.0,0.0,1.0,0,1.0,0.06386195391512883,0.7734028075074757,0,0.0,0.0,1.0,0,0.0,0.0,1.0,0,0.0,0.0,1.0,0,0.0,0.0,1.0,0,0.0,0.0,1.0
2020-11-16,2.2626,0.10873719802028714,True,1.0,0.10873719802028714,0.6859481582537514,0,0.0,0.0,1.0,0,1.0,0.10873719802028714,0.8575004617368621,0,0.0,0.0,1.0,0,0.0,0.0,1.0,0,0.0,0.0,1.0,0,0.0,0.0,1.0,0,0.0,0.0,1.0
2020-11-17,2.1998,-0.027755679306991854,True,1.0,-0.027755679306991854,0.6669092011520387,0,0.0,-0.0,1.0,0,1.0,-0.027755679306991854,0.8336999539152964,0,0.0,-0.0,1.0,0,0.0,-0.0,1.0,0,0.0,-0.0,1.0,0,0.0,-0.0,1.0,0,0.0,-0.0,1.0
2020-11-18,2.1153,-0.038412582962087605,True,1.0,-0.038412582962087605,0.6412914961346065,0,0.0,-0.0,1.0,0,1.0,-0.038412582962087605,0.8016753852700365,0,0.0,-0.0,1.0,0,0.0,-0.0,1.0,0,0.0,-0.0,1.0,0,0.0,-0.0,1.0,0,0.0,-0.0,1.0
2020-11-19,2.085,-0.014324209332009619,True,1.0,-0.014324209332009619,0.6321055025011367,0,0.0,-0.0,1.0,0,1.0,-0.014324209332009619,0.790192019235109,0,0.0,-0.0,1.0,0,0.0,-0.0,1.0,0,0.0,-0.0,1.0,0,0.0,-0.0,1.0,0,0.0,-0.0,1.0
2020-11-20,2.1033,0.008776978417266212,True,1.0,0.008776978417266212,0.6376534788540245,0,0.0,0.0,1.0,0,1.0,0.008776978417266212,0.7971275175334315,0,0.0,0.0,1.0,0,0.0,0.0,1.0,0,0.0,0.0,1.0,0,0.0,0.0,1.0,0,0.0,0.0,1.0
2020-11-21,2.3822,0.13260115057290922,True,1.0,0.13260115057290922,0.7222070638168864,0,0.0,0.0,1.0,0,1.0,0.13260115057290922,0.9028275435116914,0,0.0,0.0,1.0,0,0.0,0.0,1.0,0,0.0,0.0,1.0,0,0.0,0.0,1.0,0,0.0,0.0,1.0
2020-11-22,2.1514,-0.09688523213835942,True,1.0,-0.09688523213835942,0.6522358647870243,0,0.0,-0.0,1.0,0,1.0,-0.09688523213835942,0.8153568873776563,0,0.0,-0.0,1.0,0,0.0,-0.0,1.0,0,0.0,-0.0,1.0,0,0.0,-0.0,1.0,0,0.0,-0.0,1.0
2020-11-23,2.2786,0.05912429115924511,True,1.0,0.05912429115924511,0.6907988479611944,0,0.0,0.0,1.0,0,1.0,0.05912429115924511,0.8635642853856687,0,0.0,0.0,1.0,0,0.0,0.0,1.0,0,0.0,0.0,1.0,0,0.0,0.0,1.0,0,0.0,0.0,1.0
2020-11-24,2.2823,0.0016238040902309958,True,1.0,0.0016238040902309958,0.6919205699560407,0,0.0,0.0,1.0,0,1.0,0.0016238040902309958,0.8649665446044553,0,0.0,0.0,1.0,0,0.0,0.0,1.0,0,0.0,0.0,1.0,0,0.0,0.0,1.0,0,0.0,0.0,1.0
2020-11-25,2.2661,-0.007098102791044281,True,1.0,-0.007098102791044281,0.6870092466272547,0,0.0,-0.0,1.0,0,1.0,-0.007098102791044281,0.8588269231600385,0,0.0,-0.0,1.0,0,0.0,-0.0,1.0,0,0.0,-0.0,1.0,0,0.0,-0.0,1.0,0,0.0,-0.0,1.0
2020-11-26,1.9111,-0.15665681126163888,True,1.0,-0.15665681126163888,0.5793845687433682,0,0.0,-0.0,1.0,0,1.0,-0.15665681126163888,0.7242858359521424,0,0.0,-0.0,1.0,0,0.0,-0.0,1.0,0,0.0,-0.0,1.0,0,0.0,-0.0,1.0,0,0.0,-0.0,1.0
2020-11-27,1.861,-0.02621526869342261,False,1.0,-0.02621526869342261,0.564195846596938,0,0.0,-0.0,1.0,0,1.0,-0.02621526869342261,0.7052984881518167,0,0.0,-0.0,1.0,0,0.0,-0.0,1.0,0,0.0,-0.0,1.0,0,0.0,-0.0,1.0,0,0.0,-0.0,1.0
2020-11-28,1.8868,0.01386351423965615,False,1.0,0.01386351423965615,0.5720175837501895,0,0.0,0.0,1.0,0,1.0,0.01386351423965615,0.7150764037855174,0,0.0,0.0,1.0,0,0.0,0.0,1.0,0,0.0,0.0,1.0,0,0.0,0.0,1.0,0,0.0,0.0,1.0
2020-11-29,1.9153,0.015104939580241616,False,1.0,0.015104939580241616,0.5806578747915719,0,0.0,0.0,1.0,0,0.0,-0.001,0.7143613273817319,0,0.0,0.0,1.0,0,0.0,0.0,1.0,0,0.0,0.0,1.0,0,0.0,0.0,1.0,0,0.0,0.0,1.0
2020-11-30,1.9665,0.026732104631128184,False,1.0,0.026732104631128184,0.5961800818553887,0,0.0,0.0,1.0,0,0.0,0.0,0.7143613273817319,0,0.0,0.0,1.0,0,0.0,0.0,1.0,0,0.0,0.0,1.0,0,0.0,0.0,1.0,0,0.0,0.0,1.0
2020-12-01,1.9738,0.0037121789982201836,False,1.0,0.0037121789982201836,0.5983932090344095,0,0.0,0.0,1.0,0,0.0,0.0,0.7143613273817319,0,0.0,0.0,1.0,0,0.0,0.0,1.0,0,0.0,0.0,1.0,0,0.0,0.0,1.0,0,0.0,0.0,1.0
2020-12-02,2.1209,0.07452629445739167,True,1.0,0.07452629445739167,0.6429892375322115,0,0.0,0.0,1.0,0,0.0,0.0,0.7143613273817319,0,0.0,0.0,1.0,0,0.0,0.0,1.0,0,0.0,0.0,1.0,0,0.0,0.0,1.0,0,0.0,0.0,1.0
2020-12-03,2.0967,-0.011410250365410879,True,1.0,-0.011410250365410879,0.6356525693497043,0,0.0,-0.0,1.0,0,0.0,-0.0,0.7143613273817319,0,0.0,-0.0,1.0,0,0.0,-0.0,1.0,0,0.0,-0.0,1.0,0,0.0,-0.0,1.0,0,0.0,-0.0,1.0
2020-12-04,1.8535,-0.1159917966328039,False,1.0,-0.1159917966328039,0.5619220857965741,0,0.0,-0.0,1.0,0,0.0,-0.0,0.7143613273817319,0,0.0,-0.0,1.0,0,0.0,-0.0,1.0,0,0.0,-0.0,1.0,0,0.0,-0.0,1.0,0,0.0,-0.0,1.0
2020-12-05,1.9795,0.06797949824656069,False,1.0,0.06797949824656069,0.600121267242686,0,0.0,0.0,1.0,0,0.0,0.0,0.7143613273817319,0,0.0,0.0,1.0,0,0.0,0.0,1.0,0,0.0,0.0,1.0,0,0.0,0.0,1.0,0,0.0,0.0,1.0
2020-12-06,1.8505,-0.06516797171002775,False,1.0,-0.06516797171002775,0.5610125814764286,0,0.0,-0.0,1.0,0,0.0,-0.0,0.7143613273817319,0,0.0,-0.0,1.0,0,0.0,-0.0,1.0,0,0.0,-0.0,1.0,0,0.0,-0.0,1.0,0,0.0,-0.0,1.0
2020-12-07,1.8272,-0.012591191569846005,False,1.0,-0.012591191569846005,0.5539487645899651,0,0.0,-0.0,1.0,0,0.0,-0.0,0.7143613273817319,0,0.0,-0.0,1.0,0,0.0,-0.0,1.0,0,0.0,-0.0,1.0,0,0.0,-0.0,1.0,0,0.0,-0.0,1.0
2020-12-08,1.6631,-0.08980954465849378,False,1.0,-0.08980954465849378,0.5041988782780051,0,0.0,-0.0,1.0,0,0.0,-0.0,0.7143613273817319,0,0.0,-0.0,1.0,0,0.0,-0.0,1.0,0,0.0,-0.0,1.0,0,0.0,-0.0,1.0,0,0.0,-0.0,1.0
2020-12-09,1.6592,-0.002345018339245941,False,1.0,-0.002345018339245941,0.503016522661816,0,0.0,-0.0,1.0,0,0.0,-0.0,0.7143613273817319,0,0.0,-0.0,1.0,0,0.0,-0.0,1.0,0,0.0,-0.0,1.0,0,0.0,-0.0,1.0,0,0.0,-0.0,1.0
2020-12-10,1.5683,-0.054785438765670214,False,1.0,-0.054785438765670214,0.47545854176140667,0,0.0,-0.0,1.0,0,0.0,-0.0,0.7143613273817319,0,0.0,-0.0,1.0,0,0.0,-0.0,1.0,0,0.0,-0.0,1.0,0,0.0,-0.0,1.0,0,0.0,-0.0,1.0
2020-12-11,1.4389,-0.0825097239048651,False,1.0,-0.0825097239048651,0.43622858875246323,0,0.0,-0.0,1.0,0,0.0,-0.0,0.7143613273817319,0,0.0,-0.0,1.0,0,0.0,-0.0,1.0,0,0.0,-0.0,1.0,0,0.0,-0.0,1.0,0,0.0,-0.0,1.0
2020-12-12,1.4912,0.03634720967405647,False,1.0,0.03634720967405647,0.45208428073366674,0,0.0,0.0,1.0,0,0.0,0.0,0.7143613273817319,0,0.0,0.0,1.0,0,0.0,0.0,1.0,0,0.0,0.0,1.0,0,0.0,0.0,1.0,0,0.0,0.0,1.0
2020-12-13,1.5701,0.05291040772532196,False,1.0,0.05291040772532196,0.476004244353494,0,0.0,0.0,1.0,0,0.0,0.0,0.7143613273817319,0,0.0,0.0,1.0,0,0.0,0.0,1.0,0,0.0,0.0,1.0,0,0.0,0.0,1.0,0,0.0,0.0,1.0
2020-12-14,1.5946,0.015604101649576485,False,1.0,0.015604101649576485,0.4834318629680157,0,0.0,0.0,1.0,0,0.0,0.0,0.7143613273817319,0,0.0,0.0,1.0,0,0.0,0.0,1.0,0,0.0,0.0,1.0,0,0.0,0.0,1.0,0,0.0,0.0,1.0
2020-12-15,1.7586,0.10284710899285088,False,1.0,0.10284710899285088,0.5331514324693042,0,0.0,0.0,1.0,0,0.0,0.0,0.7143613273817319,0,0.0,0.0,1.0,0,0.0,0.0,1.0,0,0.0,0.0,1.0,0,0.0,0.0,1.0,0,0.0,0.0,1.0
2020-12-16,1.7829,0.013817809621289756,False,1.0,0.013817809621289756,0.540518417462483,0,0.0,0.0,1.0,0,0.0,0.0,0.7143613273817319,0,0.0,0.0,1.0,0,0.0,0.0,1.0,0,0.0,0.0,1.0,0,0.0,0.0,1.0,0,0.0,0.0,1.0
2020-12-17,1.68,-0.05771495877502941,False,1.0,-0.05771495877502941,0.5093224192814916,0,0.0,-0.0,1.0,0,0.0,-0.0,0.7143613273817319,0,0.0,-0.0,1.0,0,0.0,-0.0,1.0,0,0.0,-0.0,1.0,0,0.0,-0.0,1.0,0,0.0,-0.0,1.0
2020-12-18,1.7014,0.012738095238095326,False,1.0,0.012738095238095326,0.5158102167651963,0,0.0,0.0,1.0,0,0.0,0.0,0.7143613273817319,0,0.0,0.0,1.0,0,0.0,0.0,1.0,0,0.0,0.0,1.0,0,0.0,0.0,1.0,0,0.0,0.0,1.0
2020-12-19,1.6707,-0.01804396379452211,False,1.0,-0.01804396379452211,0.5065029558890405,0,0.0,-0.0,1.0,0,0.0,-0.0,0.7143613273817319,0,0.0,-0.0,1.0,0,0.0,-0.0,1.0,0,0.0,-0.0,1.0,0,0.0,-0.0,1.0,0,0.0,-0.0,1.0
2020-12-20,1.5635,-0.06416472137427431,False,1.0,-0.06416472137427431,0.47400333484917384,0,0.0,-0.0,1.0,0,0.0,-0.0,0.7143613273817319,0,0.0,-0.0,1.0,0,0.0,-0.0,1.0,0,0.0,-0.0,1.0,0,0.0,-0.0,1.0,0,0.0,-0.0,1.0
2020-12-21,1.5331,-0.019443556124080552,False,1.0,-0.019443556124080552,0.46478702440503256,0,0.0,-0.0,1.0,0,0.0,-0.0,0.7143613273817319,0,0.0,-0.0,1.0,0,0.0,-0.0,1.0,0,0.0,-0.0,1.0,0,0.0,-0.0,1.0,0,0.0,-0.0,1.0
2020-12-22,1.49,-0.028112973713391165,False,1.0,-0.028112973713391165,0.4517204790056086,0,0.0,-0.0,1.0,0,0.0,-0.0,0.7143613273817319,0,0.0,-0.0,1.0,0,0.0,-0.0,1.0,0,0.0,-0.0,1.0,0,0.0,-0.0,1.0,0,0.0,-0.0,1.0
2020-12-23,1.198,-0.19597315436241614,False,1.0,-0.19597315436241614,0.3631953918447779,0,0.0,-0.0,1.0,0,0.0,-0.0,0.7143613273817319,0,0.0,-0.0,1.0,0,0.0,-0.0,1.0,0,0.0,-0.0,1.0,0,0.0,-0.0,1.0,0,0.0,-0.0,1.0
2020-12-24,1.3612,0.13622704507512529,False,1.0,0.13622704507512529,0.4126724268606942,0,0.0,0.0,1.0,0,0.0,0.0,0.7143613273817319,0,0.0,0.0,1.0,0,0.0,0.0,1.0,0,0.0,0.0,1.0,0,0.0,0.0,1.0,0,0.0,0.0,1.0
2020-12-25,1.4464,0.06259183073758434,False,1.0,0.06259183073758434,0.43850234955282696,0,0.0,0.0,1.0,0,0.0,0.0,0.7143613273817319,0,0.0,0.0,1.0,0,0.0,0.0,1.0,0,0.0,0.0,1.0,0,0.0,0.0,1.0,0,0.0,0.0,1.0
2020-12-26,1.3258,-0.08337942477876092,False,1.0,-0.08337942477876092,0.4019402758829771,0,0.0,-0.0,1.0,0,0.0,-0.0,0.7143613273817319,0,0.0,-0.0,1.0,0,0.0,-0.0,1.0,0,0.0,-0.0,1.0,0,0.0,-0.0,1.0,0,0.0,-0.0,1.0
2020-12-27,1.3037,-0.01666918087192637,False,1.0,-0.01666918087192637,0.39524026072457175,0,0.0,-0.0,1.0,0,0.0,-0.0,0.7143613273817319,0,0.0,-0.0,1.0,0,0.0,-0.0,1.0,0,0.0,-0.0,1.0,0,0.0,-0.0,1.0,0,0.0,-0.0,1.0
2020-12-28,1.5172,0.1637646697859938,False,1.0,0.1637646697859938,0.4599666515082613,0,0.0,0.0,1.0,0,0.0,0.0,0.7143613273817319,0,0.0,0.0,1.0,0,0.0,0.0,1.0,0,0.0,0.0,1.0,0,0.0,0.0,1.0,0,0.0,0.0,1.0
2020-12-29,1.6704,0.10097548114948585,True,1.0,0.10097548114948585,0.5064120054570259,0,0.0,0.0,1.0,0,0.0,0.0,0.7143613273817319,0,0.0,0.0,1.0,0,0.0,0.0,1.0,0,0.0,0.0,1.0,0,0.0,0.0,1.0,0,0.0,0.0,1.0
2020-12-30,1.535,-0.08105842911877403,False,1.0,-0.08105842911877403,0.46536304380779137,0,0.0,-0.0,1.0,0,0.0,-0.0,0.7143613273817319,0,0.0,-0.0,1.0,0,0.0,-0.0,1.0,0,0.0,-0.0,1.0,0,0.0,-0.0,1.0,0,0.0,-0.0,1.0
2020-12-31,1.5073,-0.018045602605863076,True,1.0,-0.018045602605863076,0.4569652872517811,0,0.0,-0.0,1.0,0,0.0,-0.0,0.7143613273817319,0,0.0,-0.0,1.0,0,0.0,-0.0,1.0,0,0.0,-0.0,1.0,0,0.0,-0.0,1.0,0,0.0,-0.0,1.0
2021-01-01,1.8421,0.2221190207656074,True,1.0,0.2221190207656074,0.5584659693800212,0,0.0,0.0,1.0,1,0.0,0.0,0.7143613273817319,0,0.0,0.0,1.0,0,0.0,0.0,1.0,0,0.0,0.0,1.0,0,0.0,0.0,1.0,0,0.0,0.0,1.0
2021-01-02,1.7999,-0.022908636881819655,True,1.0,-0.022908636881819655,0.545672275276641,0,0.0,-0.0,1.0,0,1.0,-0.023908636881819656,0.6972819218029473,0,0.0,-0.0,1.0,0,0.0,-0.0,1.0,0,0.0,-0.0,1.0,0,0.0,-0.0,1.0,0,0.0,-0.0,1.0
2021-01-03,2.1779,0.21001166731485088,True,1.0,0.21001166731485088,0.6602698196149767,1,0.0,0.0,1.0,0,1.0,0.21001166731485088,0.8437192607892878,0,0.0,0.0,1.0,0,0.0,0.0,1.0,0,0.0,0.0,1.0,0,0.0,0.0,1.0,0,0.0,0.0,1.0
2021-01-04,2.4909,0.14371642407824048,True,1.0,0.14371642407824048,0.755161437016826,1,1.0,0.14271642407824048,1.1427164240782406,1,1.0,0.14371642407824048,0.9649755758758607,0,0.0,0.0,1.0,0,0.0,0.0,1.0,0,0.0,0.0,1.0,0,0.0,0.0,1.0,1,0.0,0.0,1.0
2021-01-05,2.1636,-0.13139828977478007,True,1.0,-0.13139828977478007,0.6559345156889498,1,1.0,-0.13139828977478007,0.9925654402568075,0,1.0,-0.13139828977478007,0.8381794355313391,0,0.0,-0.0,1.0,0,0.0,-0.0,1.0,0,0.0,-0.0,1.0,0,0.0,-0.0,1.0,0,1.0,-0.13239828977478008,0.8676017102252199
2021-01-06,1.9414,-0.10269920502865604,True,1.0,-0.10269920502865604,0.5885705623768381,1,1.0,-0.10269920502865604,0.8906297586035153,0,1.0,-0.10269920502865604,0.7520990738309029,0,0.0,-0.0,1.0,0,0.0,-0.0,1.0,0,0.0,-0.0,1.0,0,0.0,-0.0,1.0,0,1.0,-0.10269920502865604,0.7784997043035874
2021-01-07,2.3635,0.2174204182548678,True,1.0,0.2174204182548678,0.7165378202213131,1,1.0,0.2174204182548678,1.0842708532293235,0,1.0,0.2174204182548678,0.9156207690323165,0,0.0,0.0,1.0,0,0.0,0.0,1.0,0,0.0,0.0,1.0,0,0.0,0.0,1.0,0,1.0,0.2174204182548678,0.9477614356245643
2021-01-08,3.2214,0.362978633382695,True,1.0,0.362978633382695,0.9766257389722605,1,1.0,0.362978633382695,1.477838005751192,1,1.0,0.362978633382695,1.2479715444724788,0,0.0,0.0,1.0,0,0.0,0.0,1.0,0,0.0,0.0,1.0,0,0.0,0.0,1.0,1,1.0,0.362978633382695,1.2917785863003897
2021-01-09,3.3829,0.05013348233687198,True,1.0,0.05013348233687198,1.0255873882067608,1,1.0,0.05013348233687198,1.5519271713092775,1,1.0,0.05013348233687198,1.3105367038542086,0,0.0,0.0,1.0,0,0.0,0.0,1.0,0,0.0,0.0,1.0,0,0.0,0.0,1.0,1,1.0,0.05013348233687198,1.3565399452398297
2021-01-10,3.449,0.019539448402258408,True,1.0,0.019539448402258408,1.0456268000606337,1,1.0,0.019539448402258408,1.582250972197138,1,1.0,0.019539448402258408,1.3361438681584337,0,0.0,0.0,1.0,0,0.0,0.0,1.0,0,0.0,0.0,1.0,0,0.0,0.0,1.0,1,1.0,0.019539448402258408,1.3830459875054457
2021-01-11,3.1016,-0.10072484778196578,True,1.0,-0.10072484778196578,0.9403061997877824,1,1.0,-0.10072484778196578,1.422878983869714,0,1.0,-0.10072484778196578,1.2015609804233685,0,0.0,-0.0,1.0,0,0.0,-0.0,1.0,0,0.0,-0.0,1.0,0,0.0,-0.0,1.0,0,1.0,-0.10072484778196578,1.2437388909385012
2021-01-12,3.6354,0.17210472014444167,True,1.0,0.17210472014444167,1.1021373351523422,1,1.0,0.17210472014444167,1.6677631731880187,1,1.0,0.17210472014444167,1.4083552966956132,0,0.0,0.0,1.0,0,0.0,0.0,1.0,0,0.0,0.0,1.0,0,0.0,0.0,1.0,1,1.0,0.17210472014444167,1.4577922246962303
2021-01-13,3.5242,-0.03058810584804983,True,1.0,-0.03058810584804983,1.068425041685615,1,1.0,-0.03058810584804983,1.6167494567170642,0,1.0,-0.03058810584804983,1.3652763758086262,0,0.0,-0.0,1.0,0,0.0,-0.0,1.0,0,0.0,-0.0,1.0,0,0.0,-0.0,1.0,0,1.0,-0.03058810584804983,1.413201121822758
2021-01-14,3.2921,-0.06585891833607627,True,1.0,-0.06585891833607627,0.9980597241170232,1,1.0,-0.06585891833607627,1.5102720862772394,0,1.0,-0.06585891833607627,1.2753607504680717,0,0.0,-0.0,1.0,0,0.0,-0.0,1.0,0,0.0,-0.0,1.0,0,0.0,-0.0,1.0,0,1.0,-0.06585891833607627,1.3201292245481817
2021-01-15,3.2475,-0.01354758360924635,True,1.0,-0.01354758360924635,0.9845384265575264,1,1.0,-0.01354758360924635,1.4898115489156876,0,1.0,-0.01354758360924635,1.2580826940691543,0,0.0,-0.0,1.0,0,0.0,-0.0,1.0,0,0.0,-0.0,1.0,0,0.0,-0.0,1.0,0,1.0,-0.01354758360924635,1.3022446635036056
2021-01-16,3.4247,0.0545650500384911,True,1.0,0.0545650500384911,1.0382598150674551,1,1.0,0.0545650500384911,1.571103190630194,0,1.0,0.0545650500384911,1.3267300392235974,0,0.0,0.0,1.0,0,0.0,0.0,1.0,0,0.0,0.0,1.0,0,0.0,0.0,1.0,0,1.0,0.0545650500384911,1.3733017087300379
2021-01-17,3.8268,0.11741174409437316,True,1.0,0.11741174409437316,1.1601637107776264,1,1.0,0.11741174409437316,1.7555691563943194,0,1.0,0.11741174409437316,1.4825037270712362,0,0.0,0.0,1.0,0,0.0,0.0,1.0,0,0.0,0.0,1.0,0,0.0,0.0,1.0,0,1.0,0.11741174409437316,1.5345434575198145
2021-01-18,3.7868,-0.010452597470471447,True,1.0,-0.010452597470471447,1.1480369865090194,1,1.0,-0.010452597470471447,1.7372188986709545,0,1.0,-0.010452597470471447,1.4670077123636869,0,0.0,-0.0,1.0,0,0.0,-0.0,1.0,0,0.0,-0.0,1.0,0,0.0,-0.0,1.0,0,1.0,-0.010452597470471447,1.5185034924574143
2021-01-19,3.6287,-0.04175029048272949,True,1.0,-0.04175029048272949,1.1001061088373505,1,1.0,-0.04175029048272949,1.6646895050193546,0,1.0,-0.04175029048272949,1.4057597142320986,0,0.0,-0.0,1.0,0,0.0,-0.0,1.0,0,0.0,-0.0,1.0,0,0.0,-0.0,1.0,0,1.0,-0.04175029048272949,1.455105530548278
2021-01-20,3.7166,0.024223551134014976,True,1.0,0.024223551134014976,1.1267545854176142,1,1.0,0.024223551134014976,1.7050141963664491,0,1.0,0.024223551134014976,1.439812206551938,0,0.0,0.0,1.0,0,0.0,0.0,1.0,0,0.0,0.0,1.0,0,0.0,0.0,1.0,0,1.0,0.024223551134014976,1.4903533537729023
2021-01-21,2.9899,-0.1955281709088953,True,1.0,-0.1955281709088953,0.9064423222676975,1,1.0,-0.1955281709088953,1.3716358891772173,1,1.0,-0.1955281709088953,1.158288359352537,0,0.0,-0.0,1.0,0,0.0,-0.0,1.0,0,0.0,-0.0,1.0,0,0.0,-0.0,1.0,1,1.0,-0.1955281709088953,1.198947288501749
2021-01-22,3.3352,0.11548881233486075,True,1.0,0.11548881233486075,1.011126269516447,1,1.0,0.11548881233486075,1.530044488974165,0,1.0,0.11548881233486075,1.292057706315456,0,0.0,0.0,1.0,0,0.0,0.0,1.0,0,0.0,0.0,1.0,0,0.0,0.0,1.0,0,1.0,0.11548881233486075,1.3374122869029175
2021-01-23,3.5079,0.051781002638522367,True,1.0,0.051781002638522367,1.0634834015461574,1,1.0,0.051781002638522367,1.6092717266947927,0,1.0,0.051781002638522367,1.3589617498152997,0,0.0,0.0,1.0,0,0.0,0.0,1.0,0,0.0,0.0,1.0,0,0.0,0.0,1.0,0,1.0,0.051781002638522367,1.4066648360598297
2021-01-24,3.6278,0.034179993728441715,True,1.0,0.034179993728441715,1.099833257541307,1,1.0,0.034179993728441715,1.6642766242205793,0,1.0,0.034179993728441715,1.4054110539011788,0,0.0,0.0,1.0,0,0.0,0.0,1.0,0,0.0,0.0,1.0,0,0.0,0.0,1.0,0,1.0,0.034179993728441715,1.4547446313343741
2021-01-25,3.7038,0.020949335685539472,True,1.0,0.020949335685539472,1.1228740336516603,1,1.0,0.020949335685539472,1.6991421138949727,0,1.0,0.020949335685539472,1.4348534818455225,0,0.0,0.0,1.0,0,0.0,0.0,1.0,0,0.0,0.0,1.0,0,0.0,0.0,1.0,0,1.0,0.020949335685539472,1.4852205649529344
2021-01-26,4.041,0.09104163291754408,True,1.0,0.09104163291754408,1.2251023192360169,1,1.0,0.09104163291754408,1.8538347865029388,0,1.0,0.09104163291754408,1.5654848858301627,0,0.0,0.0,1.0,0,0.0,0.0,1.0,0,0.0,0.0,1.0,0,0.0,0.0,1.0,0,1.0,0.09104163291754408,1.6204374704289668
2021-01-27,3.675,-0.09057164068299939,True,1.0,-0.09057164068299939,1.1141427921782632,1,1.0,-0.09057164068299939,1.6859299283341498,0,1.0,-0.09057164068299939,1.4236963512560867,0,0.0,-0.0,1.0,0,0.0,-0.0,1.0,0,0.0,-0.0,1.0,0,0.0,-0.0,1.0,0,1.0,-0.09057164068299939,1.4736717901080059
2021-01-28,3.81,0.03673469387755102,True,1.0,0.03673469387755102,1.1550704865848116,1,1.0,0.03673469387755102,1.7478620481505063,0,1.0,0.03673469387755102,1.4759954008940654,0,0.0,0.0,1.0,0,0.0,0.0,1.0,0,0.0,0.0,1.0,0,0.0,0.0,1.0,0,1.0,0.03673469387755102,1.527806672193606
2021-01-29,3.8293,0.005065616797900185,True,1.0,0.005065616797900185,1.1609216310444144,1,1.0,0.005065616797900185,1.7567160475020298,0,1.0,0.005065616797900185,1.4834722279904577,0,0.0,0.0,1.0,0,0.0,0.0,1.0,0,0.0,0.0,1.0,0,0.0,0.0,1.0,0,1.0,0.005065616797900185,1.535545955336214
2021-01-30,4.228,0.10411824615464971,True,1.0,0.10411824615464971,1.2817947551917541,1,1.0,0.10411824615464971,1.9396222413596695,0,1.0,0.10411824615464971,1.6379287545879548,0,0.0,0.0,1.0,0,0.0,0.0,1.0,0,0.0,0.0,1.0,0,0.0,0.0,1.0,0,1.0,0.10411824615464971,1.6954243070956867
2021-01-31,4.2525,0.005794701986755024,True,1.0,0.005794701986755024,1.289222373806276,1,1.0,0.005794701986755024,1.9508617742152305,0,1.0,0.005794701986755024,1.6474200635963288,0,0.0,0.0,1.0,0,0.0,0.0,1.0,0,0.0,0.0,1.0,0,0.0,0.0,1.0,0,1.0,0.005794701986755024,1.705248785696407
2021-02-01,4.6148,0.08519694297472058,True,1.0,0.08519694297472058,1.3990601788691832,1,1.0,0.08519694297472058,2.117069233544608,0,1.0,0.08519694297472058,1.7877752168099557,0,0.0,0.0,1.0,0,0.0,0.0,1.0,0,0.0,0.0,1.0,0,0.0,0.0,1.0,0,1.0,0.08519694297472058,1.8505307692490953
2021-02-02,5.2331,0.13398197104966636,True,1.0,0.13398197104966636,1.5865090192511753,1,1.0,0.13398197104966636,2.400718342303521,0,1.0,0.13398197104966636,2.027304864151898,0,0.0,0.0,1.0,0,0.0,0.0,1.0,0,0.0,0.0,1.0,0,0.0,0.0,1.0,0,1.0,0.13398197104966636,2.0984685292011442
2021-02-03,5.7311,0.09516347862643548,True,1.0,0.09516347862643548,1.7374867363953317,1,1.0,0.09516347862643548,2.6291790509594137,0,1.0,0.09516347862643548,2.220230247260886,0,0.0,0.0,1.0,0,0.0,0.0,1.0,0,0.0,0.0,1.0,0,0.0,0.0,1.0,0,1.0,0.09516347862643548,2.2981660942280246
2021-02-04,6.4085,0.11819720472509654,True,1.0,0.11819720472509654,1.9428528118841906,1,1.0,0.11819720472509654,2.9399406655045985,0,1.0,0.11819720472509654,2.4826552563332327,0,0.0,0.0,1.0,0,0.0,0.0,1.0,0,0.0,0.0,1.0,0,0.0,0.0,1.0,0,1.0,0.11819720472509654,2.56980290255977
2021-02-05,6.7005,0.045564484668799254,True,1.0,0.045564484668799254,2.031377899045021,1,1.0,0.045564484668799254,3.073897546885162,0,1.0,0.045564484668799254,2.5957761636983423,0,0.0,0.0,1.0,0,0.0,0.0,1.0,0,0.0,0.0,1.0,0,0.0,0.0,1.0,0,1.0,0.045564484668799254,2.686894647515291
2021-02-06,6.1225,-0.08626221923737043,True,1.0,-0.08626221923737043,1.8561467333636505,1,1.0,-0.08626221923737043,2.808736322782539,0,1.0,-0.08626221923737043,2.3718587511742557,0,0.0,-0.0,1.0,0,0.0,-0.0,1.0,0,0.0,-0.0,1.0,0,0.0,-0.0,1.0,0,1.0,-0.08626221923737043,2.4551171523636097
2021-02-07,6.6976,0.09393221723152312,True,1.0,0.09393221723152312,2.030498711535547,1,1.0,0.09393221723152312,3.072567153200218,0,1.0,0.09393221723152312,2.594652702632045,0,0.0,0.0,1.0,0,0.0,0.0,1.0,0,0.0,0.0,1.0,0,0.0,0.0,1.0,0,1.0,0.09393221723152312,2.6857317500482667
2021-02-08,7.855,0.17280817009077887,True,1.0,0.17280817009077887,2.3813854782476893,1,1.0,0.17280817009077887,3.6035318604257816,1,1.0,0.17280817009077887,3.0430298881949827,0,0.0,0.0,1.0,0,0.0,0.0,1.0,0,0.0,0.0,1.0,0,0.0,0.0,1.0,1,1.0,0.17280817009077887,3.149848139128813
2021-02-09,7.8005,-0.00693825588796948,True,1.0,-0.00693825588796948,2.3648628164317125,1,1.0,-0.00693825588796948,3.5785296342776967,0,1.0,-0.00693825588796948,3.021916568155947,0,0.0,-0.0,1.0,0,0.0,-0.0,1.0,0,0.0,-0.0,1.0,0,0.0,-0.0,1.0,0,1.0,-0.00693825588796948,3.1279936867312927
2021-02-10,9.09,0.16530991603102363,True,1.0,0.16530991603102363,2.755798090040929,1,1.0,0.16530991603102363,4.170096067634672,1,1.0,0.16530991603102363,3.5214693422905654,0,0.0,0.0,1.0,0,0.0,0.0,1.0,0,0.0,0.0,1.0,0,0.0,0.0,1.0,1,1.0,0.16530991603102363,3.645082060430415
2021-02-11,9.2004,0.01214521452145223,True,1.0,0.01214521452145223,2.789267849022284,1,1.0,0.01214521452145223,4.22074277895116,1,1.0,0.01214521452145223,3.5642383428834017,0,0.0,0.0,1.0,0,0.0,0.0,1.0,0,0.0,0.0,1.0,0,0.0,0.0,1.0,1,1.0,0.01214521452145223,3.689352364002639
2021-02-12,9.2,-4.347637059265441e-05,True,1.0,-4.347637059265441e-05,2.789146581779598,1,1.0,-4.347637059265441e-05,4.220559276373926,1,1.0,-4.347637059265441e-05,3.564083382736326,0,0.0,-0.0,1.0,0,0.0,-0.0,1.0,0,0.0,-0.0,1.0,0,0.0,-0.0,1.0,1,1.0,-4.347637059265441e-05,3.689191964352015
2021-02-13,8.7441,-0.04955434782608692,True,1.0,-0.04955434782608692,2.6509322419281505,1,1.0,-0.04955434782608692,4.011412213971875,1,1.0,-0.04955434782608692,3.3874675551070337,0,0.0,-0.0,1.0,0,0.0,-0.0,1.0,0,0.0,-0.0,1.0,0,0.0,-0.0,1.0,1,1.0,-0.04955434782608692,3.5063764625533103
2021-02-14,8.7158,-0.0032364680184352457,True,1.0,-0.0032364680184352457,2.642352584508111,1,1.0,-0.0032364680184352457,3.9984294066325945,0,1.0,-0.0032364680184352457,3.3765041247014427,0,0.0,-0.0,1.0,0,0.0,-0.0,1.0,0,0.0,-0.0,1.0,0,0.0,-0.0,1.0,0,1.0,-0.0032364680184352457,3.495028187271662
2021-02-15,8.8516,0.01558089905688509,True,1.0,0.01558089905688509,2.6835228134000313,1,1.0,0.01558089905688509,4.060728531603418,0,1.0,0.01558089905688509,3.429113094633572,0,0.0,0.0,1.0,0,0.0,0.0,1.0,0,0.0,0.0,1.0,0,0.0,0.0,1.0,0,1.0,0.01558089905688509,3.54948386865851
2021-02-16,8.3002,-0.062293822585747116,True,1.0,-0.062293822585747116,2.516355919357285,1,1.0,-0.062293822585747116,3.8077702288868336,0,1.0,-0.062293822585747116,3.2155005318900063,0,0.0,-0.0,1.0,0,0.0,-0.0,1.0,0,0.0,-0.0,1.0,0,0.0,-0.0,1.0,0,1.0,-0.062293822585747116,3.3283729502733252
2021-02-17,8.2357,-0.007770897086817219,True,1.0,-0.007770897086817219,2.496801576474156,1,1.0,-0.007770897086817219,3.7781804383079076,0,1.0,-0.007770897086817219,3.190513208174083,0,0.0,-0.0,1.0,0,0.0,-0.0,1.0,0,0.0,-0.0,1.0,0,0.0,-0.0,1.0,0,1.0,-0.007770897086817219,3.302508506610205
2021-02-18,8.9771,0.0900227060237746,True,1.0,0.0900227060237746,2.721570410792786,1,1.0,0.0900227060237746,4.118302465210476,0,1.0,0.0900227060237746,3.4777318407785085,0,0.0,0.0,1.0,0,0.0,0.0,1.0,0,0.0,0.0,1.0,0,0.0,0.0,1.0,0,1.0,0.0900227060237746,3.5998092590417903
2021-02-19,11.4912,0.2800570340087556,True,1.0,0.2800570340087556,3.483765347885404,1,1.0,0.2800570340087556,5.271662038768269,1,1.0,0.2800570340087556,4.451695105184747,0,0.0,0.0,1.0,0,0.0,0.0,1.0,0,0.0,0.0,1.0,0,0.0,0.0,1.0,1,1.0,0.2800570340087556,4.60796116312629
2021-02-20,9.9869,-0.13090886939571145,True,1.0,-0.13090886939571145,3.0277095649537684,1,1.0,-0.13090886939571145,4.581554721436824,0,1.0,-0.13090886939571145,3.868928732070589,0,0.0,-0.0,1.0,0,0.0,-0.0,1.0,0,0.0,-0.0,1.0,0,0.0,-0.0,1.0,0,1.0,-0.13090886939571145,4.004738177042079
2021-02-21,11.0753,0.1089827674253272,True,1.0,0.1089827674253272,3.3576777323025637,1,1.0,0.1089827674253272,5.080865234089583,1,1.0,0.1089827674253272,4.290575292263004,0,0.0,0.0,1.0,0,0.0,0.0,1.0,0,0.0,0.0,1.0,0,0.0,0.0,1.0,1,1.0,0.1089827674253272,4.441185626389985
2021-02-22,14.4191,0.3019150722779518,True,1.0,0.3019150722779518,4.371411247536762,1,1.0,0.3019150722779518,6.614855028474271,1,1.0,0.3019150722779518,5.585964641740582,0,0.0,0.0,1.0,0,0.0,0.0,1.0,0,0.0,0.0,1.0,0,0.0,0.0,1.0,1,1.0,0.3019150722779518,5.782046505781318
2021-02-23,15.2244,0.05584953291120809,True,1.0,0.05584953291120809,4.615552523874491,1,1.0,0.05584953291120809,6.984291592089916,1,1.0,0.05584953291120809,5.897938157840318,0,0.0,0.0,1.0,0,0.0,0.0,1.0,0,0.0,0.0,1.0,0,0.0,0.0,1.0,1,1.0,0.05584953291120809,6.1049711024000874
2021-02-24,17.1691,0.1277357399963217,True,1.0,0.1277357399963217,5.2051235410034895,1,1.0,0.1277357399963217,7.876435246955609,1,1.0,0.1277357399963217,6.651315652884593,0,0.0,0.0,1.0,0,0.0,0.0,1.0,0,0.0,0.0,1.0,0,0.0,0.0,1.0,1,1.0,0.1277357399963217,6.8847941038213225
2021-02-25,13.8442,-0.1936560448713095,True,1.0,-0.1936560448713095,4.197119902986208,1,1.0,-0.1936560448713095,6.35111594934521,1,1.0,-0.1936560448713095,5.363248170356331,0,0.0,-0.0,1.0,0,0.0,-0.0,1.0,0,0.0,-0.0,1.0,0,0.0,-0.0,1.0,1,1.0,-0.1936560448713095,5.551512107921973
2021-02-26,13.5962,-0.017913638924603847,True,1.0,-0.017913638924603847,4.121934212520845,1,1.0,-0.017913638924603847,6.237344351460347,1,1.0,-0.017913638924603847,5.267172879169526,0,0.0,-0.0,1.0,0,0.0,-0.0,1.0,0,0.0,-0.0,1.0,0,0.0,-0.0,1.0,1,1.0,-0.017913638924603847,5.452064324535093
2021-02-27,13.1916,-0.029758314823259413,True,1.0,-0.029758314823259413,3.9992723965438857,1,1.0,-0.029758314823259413,6.051731494588512,1,1.0,-0.029758314823259413,5.110430690402666,0,0.0,-0.0,1.0,0,0.0,-0.0,1.0,0,0.0,-0.0,1.0,0,0.0,-0.0,1.0,1,1.0,-0.029758314823259413,5.289820077928916
2021-02-28,13.0887,-0.007800418448103308,True,1.0,-0.007800418448103308,3.9680763983628946,1,1.0,-0.007800418448103308,6.004525456595156,1,1.0,-0.007800418448103308,5.070567192567496,0,0.0,-0.0,1.0,0,0.0,-0.0,1.0,0,0.0,-0.0,1.0,0,0.0,-0.0,1.0,1,1.0,-0.007800418448103308,5.248557267805892
2021-03-01,14.9855,0.1449188995087367,True,1.0,0.1449188995087367,4.543125663180237,1,1.0,0.1449188995087367,6.8746946778371205,1,1.0,0.1449188995087367,5.805388209999482,0,0.0,0.0,1.0,0,0.0,0.0,1.0,0,0.0,0.0,1.0,0,0.0,0.0,1.0,1,1.0,0.1449188995087367,6.009172411064903
2021-03-02,13.9438,-0.06951386340128796,True,1.0,-0.06951386340128796,4.22731544641504,1,1.0,-0.06951386340128796,6.39680809107639,1,1.0,-0.06951386340128796,5.40183324697813,0,0.0,-0.0,1.0,0,0.0,-0.0,1.0,0,0.0,-0.0,1.0,0,0.0,-0.0,1.0,1,1.0,-0.06951386340128796,5.59145162092735
2021-03-03,14.0742,0.009351826618281933,True,1.0,0.009351826618281933,4.266848567530698,1,1.0,0.009351826618281933,6.456629931254559,1,1.0,0.009351826618281933,5.452350254924741,0,0.0,0.0,1.0,0,0.0,0.0,1.0,0,0.0,0.0,1.0,0,0.0,0.0,1.0,1,1.0,0.009351826618281933,5.6437419070307735
2021-03-04,13.0508,-0.07271461255346656,True,1.0,-0.07271461255346656,3.95658632711839,1,1.0,-0.07271461255346656,5.987138587402269,0,1.0,-0.07271461255346656,5.055884718632094,0,0.0,-0.0,1.0,0,0.0,-0.0,1.0,0,0.0,-0.0,1.0,0,0.0,-0.0,1.0,0,1.0,-0.07271461255346656,5.2333594009092685
2021-03-05,12.5382,-0.03927728568363631,True,1.0,-0.03927728568363631,3.8011823556161914,1,1.0,-0.03927728568363631,5.751980034677347,0,1.0,-0.03927728568363631,4.85730329015485,0,0.0,-0.0,1.0,0,0.0,-0.0,1.0,0,0.0,-0.0,1.0,0,0.0,-0.0,1.0,0,1.0,-0.03927728568363631,5.027807248634612
2021-03-06,13.0421,0.040189181860235124,True,1.0,0.040189181860235124,3.9539487645899674,1,1.0,0.040189181860235124,5.983147406347436,0,1.0,0.040189181860235124,5.052514335433202,0,0.0,0.0,1.0,0,0.0,0.0,1.0,0,0.0,0.0,1.0,0,0.0,0.0,1.0,0,1.0,0.040189181860235124,5.229870708508196
2021-03-07,13.8174,0.059445948121851444,True,1.0,0.059445948121851444,4.188994997726241,1,1.0,0.059445948121851444,6.338821276670556,0,1.0,0.059445948121851444,5.352865840502274,0,0.0,0.0,1.0,0,0.0,0.0,1.0,0,0.0,0.0,1.0,0,0.0,0.0,1.0,0,1.0,0.059445948121851444,5.540765331330165
2021-03-08,13.6028,-0.015531141893554423,True,1.0,-0.015531141893554423,4.123935122025165,1,1.0,-0.015531141893554423,6.240372143984704,0,1.0,-0.015531141893554423,5.269729721596273,0,0.0,-0.0,1.0,0,0.0,-0.0,1.0,0,0.0,-0.0,1.0,0,0.0,-0.0,1.0,0,1.0,-0.015531141893554423,5.454710918770389
2021-03-09,14.839,0.09087834857529331,True,1.0,0.09087834857529331,4.498711535546463,1,1.0,0.09087834857529331,6.807486858925296,1,1.0,0.09087834857529331,5.748634056133083,0,0.0,0.0,1.0,0,0.0,0.0,1.0,0,0.0,0.0,1.0,0,0.0,0.0,1.0,1,1.0,0.09087834857529331,5.950426039023863
2021-03-10,14.2048,-0.04273872902486686,True,1.0,-0.04273872902486686,4.3064423222677,1,1.0,-0.04273872902486686,6.516543522721346,0,1.0,-0.04273872902486686,5.50294474294489,0,0.0,-0.0,1.0,0,0.0,-0.0,1.0,0,0.0,-0.0,1.0,0,0.0,-0.0,1.0,0,1.0,-0.04273872902486686,5.69611239295951
2021-03-11,16.031,0.1285621761658029,True,1.0,0.1285621761658029,4.86008791875095,1,1.0,0.1285621761658029,7.354324539081569,1,1.0,0.1285621761658029,6.21041529441805,0,0.0,0.0,1.0,0,0.0,0.0,1.0,0,0.0,0.0,1.0,0,0.0,0.0,1.0,1,1.0,0.1285621761658029,6.428416997883383
2021-03-12,14.5597,-0.09177842929324431,True,1.0,-0.09177842929324431,4.414036683340915,1,1.0,-0.09177842929324431,6.679356184371899,0,1.0,-0.09177842929324431,5.64043313343762,0,0.0,-0.0,1.0,0,0.0,-0.0,1.0,0,0.0,-0.0,1.0,0,0.0,-0.0,1.0,0,1.0,-0.09177842929324431,5.838426982975653
2021-03-13,15.3033,0.05107248088902927,True,1.0,0.05107248088902927,4.639472487494317,1,1.0,0.05107248088902927,7.020487475449253,0,1.0,0.05107248088902927,5.92850404685096,0,0.0,0.0,1.0,0,0.0,0.0,1.0,0,0.0,0.0,1.0,0,0.0,0.0,1.0,0,1.0,0.05107248088902927,6.13660993348567
2021-03-14,14.4605,-0.05507308881091011,True,1.0,-0.05507308881091011,4.383962407154769,1,1.0,-0.05507308881091011,6.633847545217954,0,1.0,-0.05507308881091011,5.602003016962897,0,0.0,-0.0,1.0,0,0.0,-0.0,1.0,0,0.0,-0.0,1.0,0,0.0,-0.0,1.0,0,1.0,-0.05507308881091011,5.7986478696209005
2021-03-15,14.1577,-0.020939801528301216,False,1.0,-0.020939801528301216,4.292163104441414,0,1.0,-0.020939801528301216,6.494936094252082,0,1.0,-0.020939801528301216,5.484698185626749,0,0.0,-0.0,1.0,0,0.0,-0.0,1.0,0,0.0,-0.0,1.0,0,0.0,-0.0,1.0,0,1.0,-0.020939801528301216,5.677225334098532
2021-03-16,13.6392,-0.036623180318837045,False,1.0,-0.036623180318837045,4.134970441109597,0,1.0,-0.036623180318837045,6.257070878512964,0,1.0,-0.036623180318837045,5.283831094980142,0,0.0,-0.0,1.0,0,0.0,-0.0,1.0,0,0.0,-0.0,1.0,0,0.0,-0.0,1.0,0,1.0,-0.036623180318837045,5.4693072869771715
2021-03-17,14.2018,0.04124875359258606,True,1.0,0.04124875359258606,4.305532817947554,1,1.0,0.04124875359258606,6.515167253392091,0,1.0,0.04124875359258606,5.5017825418418225,0,0.0,0.0,1.0,0,0.0,0.0,1.0,0,0.0,0.0,1.0,0,0.0,0.0,1.0,0,1.0,0.04124875359258606,5.6949093955798284
2021-03-18,14.204,0.0001549099409934307,True,1.0,0.0001549099409934307,4.306199787782327,1,1.0,0.0001549099409934307,6.516176517566876,0,1.0,0.0001549099409934307,5.502634822650738,0,0.0,0.0,1.0,0,0.0,0.0,1.0,0,0.0,0.0,1.0,0,0.0,0.0,1.0,0,1.0,0.0001549099409934307,5.695791593658261
2021-03-19,14.1552,-0.003435651929034056,True,1.0,-0.003435651929034056,4.291405184174627,1,1.0,-0.003435651929034056,6.493789203144371,0,1.0,-0.003435651929034056,5.483729684707528,0,0.0,-0.0,1.0,0,0.0,-0.0,1.0,0,0.0,-0.0,1.0,0,0.0,-0.0,1.0,0,1.0,-0.003435651929034056,5.676222836282133
2021-03-20,14.1894,0.0024160732451676825,True,1.0,0.0024160732451676825,4.301773533424285,1,1.0,0.0024160732451676825,6.509478673497847,0,1.0,0.0024160732451676825,5.496978777282482,0,0.0,0.0,1.0,0,0.0,0.0,1.0,0,0.0,0.0,1.0,0,0.0,0.0,1.0,0,1.0,0.0024160732451676825,5.689937006410484
2021-03-21,14.3372,0.010416226197020428,False,1.0,0.010416226197020428,4.3465817795967885,0,1.0,0.010416226197020428,6.577282875785682,0,1.0,0.010416226197020428,5.554236551626877,0,0.0,0.0,1.0,0,0.0,0.0,1.0,0,0.0,0.0,1.0,0,0.0,0.0,1.0,0,1.0,0.010416226197020428,5.749204677316053
2021-03-22,14.7964,0.03202856903718998,True,1.0,0.03202856903718998,4.485796574200396,1,1.0,0.03202856903718998,6.78794383444991,0,1.0,0.03202856903718998,5.732130800469543,0,0.0,0.0,1.0,0,0.0,0.0,1.0,0,0.0,0.0,1.0,0,0.0,0.0,1.0,0,1.0,0.03202856903718998,5.933343476232405
2021-03-23,14.1552,-0.043334865237490194,True,1.0,-0.043334865237490194,4.291405184174627,1,1.0,-0.043334865237490194,6.493789203144371,0,1.0,-0.043334865237490194,5.483729684707528,0,0.0,-0.0,1.0,0,0.0,-0.0,1.0,0,0.0,-0.0,1.0,0,0.0,-0.0,1.0,0,1.0,-0.043334865237490194,5.6762228362821325
2021-03-24,13.5973,-0.03941307787950721,True,1.0,-0.03941307787950721,4.1222676974382315,1,1.0,-0.03941307787950721,6.237848983547739,0,1.0,-0.03941307787950721,5.267599019573985,0,0.0,-0.0,1.0,0,0.0,-0.0,1.0,0,0.0,-0.0,1.0,0,0.0,-0.0,1.0,0,1.0,-0.03941307787950721,5.452505423574308
2021-03-25,12.9787,-0.04549432607944226,True,1.0,-0.04549432607944226,3.934727906624225,1,1.0,-0.04549432607944226,5.954062247855901,0,1.0,-0.04549432607944226,5.027953152121736,0,0.0,-0.0,1.0,0,0.0,-0.0,1.0,0,0.0,-0.0,1.0,0,0.0,-0.0,1.0,0,1.0,-0.04549432607944226,5.204447363884291
2021-03-26,14.7664,0.13774106805766384,True,1.0,0.13774106805766384,4.476701530998942,1,1.0,0.13774106805766384,6.774181141157388,0,1.0,0.13774106805766384,5.720508789438881,0,0.0,0.0,1.0,0,0.0,0.0,1.0,0,0.0,0.0,1.0,0,0.0,0.0,1.0,0,1.0,0.13774106805766384,5.921313502435606
2021-03-27,16.4589,0.11461832267851335,True,1.0,0.11461832267851335,4.989813551614374,1,1.0,0.11461832267851335,7.550626421077265,0,1.0,0.11461832267851335,6.376183911752059,0,0.0,0.0,1.0,0,0.0,0.0,1.0,0,0.0,0.0,1.0,0,0.0,0.0,1.0,0,1.0,0.11461832267851335,6.6000045241384075
2021-03-28,18.0645,0.0975520842826676,True,1.0,0.0975520842826676,5.476580263756256,1,1.0,0.0975520842826676,8.28720576609313,0,1.0,0.0975520842826676,6.998193942113085,0,0.0,0.0,1.0,0,0.0,0.0,1.0,0,0.0,0.0,1.0,0,0.0,0.0,1.0,0,1.0,0.0975520842826676,7.243848721743145
2021-03-29,18.9504,0.04904093664369347,True,1.0,0.04904093664369347,5.745156889495229,1,1.0,0.04904093664369347,8.693618099021355,0,1.0,0.04904093664369347,7.341391927848532,0,0.0,0.0,1.0,0,0.0,0.0,1.0,0,0.0,0.0,1.0,0,0.0,0.0,1.0,0,1.0,0.04904093664369347,7.59909384796265
2021-03-30,19.0685,0.006232058426207443,True,1.0,0.006232058426207443,5.780961042898292,1,1.0,0.006232058426207443,8.74779723494959,0,1.0,0.006232058426207443,7.387143911272572,0,0.0,0.0,1.0,0,0.0,0.0,1.0,0,0.0,0.0,1.0,0,0.0,0.0,1.0,0,1.0,0.006232058426207443,7.646451844809387
2021-03-31,19.3861,0.016655741143771108,True,1.0,0.016655741143771108,5.877247233591031,1,1.0,0.016655741143771108,8.893498281273107,1,1.0,0.016655741143771108,7.510182268050513,0,0.0,0.0,1.0,0,0.0,0.0,1.0,0,0.0,0.0,1.0,0,0.0,0.0,1.0,1,1.0,0.016655741143771108,7.773809167404843
2021-04-01,19.0443,-0.017631189357322996,True,1.0,-0.017631189357322996,5.7736243747157845,1,1.0,-0.017631189357322996,8.736695329026954,0,1.0,-0.017631189357322996,7.377768822374505,0,0.0,-0.0,1.0,0,0.0,-0.0,1.0,0,0.0,-0.0,1.0,0,0.0,-0.0,1.0,0,1.0,-0.017631189357322996,7.6367476659466345
2021-04-02,19.7501,0.03706095787190922,True,1.0,0.03706095787190922,5.987600424435354,1,1.0,0.03706095787190922,9.060485626555728,1,1.0,0.03706095787190922,7.651196001889212,0,0.0,0.0,1.0,0,0.0,0.0,1.0,0,0.0,0.0,1.0,0,0.0,0.0,1.0,1,1.0,0.03706095787190922,7.919772849472683
2021-04-03,22.5,0.13923473805195918,True,1.0,0.13923473805195918,6.82128240109141,1,1.0,0.13923473805195918,10.322019969392755,1,1.0,0.13923473805195918,8.716508272996453,0,0.0,0.0,1.0,0,0.0,0.0,1.0,0,0.0,0.0,1.0,0,0.0,0.0,1.0,1,1.0,0.13923473805195918,9.02248034760003
2021-04-04,23.7755,0.05668888888888901,True,1.0,0.05668888888888901,7.207973321206615,1,1.0,0.05668888888888901,10.907163812546555,1,1.0,0.05668888888888901,9.210637441983431,0,0.0,0.0,1.0,0,0.0,0.0,1.0,0,0.0,0.0,1.0,0,0.0,0.0,1.0,1,1.0,0.05668888888888901,9.533954733527313
2021-04-05,22.9717,-0.03380791150554152,True,1.0,-0.03380791150554152,6.964286797028958,1,1.0,-0.03380791150554152,10.538415383595536,1,1.0,-0.03380791150554152,8.899245026435228,0,0.0,-0.0,1.0,0,0.0,-0.0,1.0,0,0.0,-0.0,1.0,0,0.0,-0.0,1.0,1,1.0,-0.03380791150554152,9.211631635598383
2021-04-06,25.0548,0.09068114244918757,True,1.0,0.09068114244918757,7.5958162801273374,1,1.0,0.09068114244918757,11.494050930184073,1,1.0,0.09068114244918757,9.706238732367625,0,0.0,0.0,1.0,0,0.0,0.0,1.0,0,0.0,0.0,1.0,0,0.0,0.0,1.0,1,1.0,0.09068114244918757,10.046952916135522
2021-04-07,26.5385,0.05921819371936721,True,1.0,0.05921819371936721,8.045626800060642,1,1.0,0.05921819371936721,12.174707864787987,1,1.0,0.05921819371936721,10.281024657907397,0,0.0,0.0,1.0,0,0.0,0.0,1.0,0,0.0,0.0,1.0,0,0.0,0.0,1.0,1,1.0,0.05921819371936721,10.641915320212597
2021-04-08,26.9384,0.015068673813516398,True,1.0,0.015068673813516398,8.166863725936041,1,1.0,0.015068673813516398,12.35816456637733,1,1.0,0.015068673813516398,10.435946064946123,0,0.0,0.0,1.0,0,0.0,0.0,1.0,0,0.0,0.0,1.0,0,0.0,0.0,1.0,1,1.0,0.015068673813516398,10.802274870923943
2021-04-09,27.6172,0.02519823003593369,True,1.0,0.02519823003593369,8.3726542367743,1,1.0,0.02519823003593369,12.66956843994283,1,1.0,0.02519823003593369,10.698913434533232,0,0.0,0.0,1.0,0,0.0,0.0,1.0,0,0.0,0.0,1.0,0,0.0,0.0,1.0,1,1.0,0.02519823003593369,11.07447307803287
2021-04-10,26.8021,-0.029514215778572828,True,1.0,-0.029514215778572828,8.125541912990762,1,1.0,-0.029514215778572828,12.295636063184961,1,1.0,-0.029514215778572828,10.383143394830146,0,0.0,-0.0,1.0,0,0.0,-0.0,1.0,0,0.0,-0.0,1.0,0,0.0,-0.0,1.0,1,1.0,-0.029514215778572828,10.747618689973812
2021-04-11,27.8517,0.03916111050999738,True,1.0,0.03916111050999738,8.44374715779901,1,1.0,0.03916111050999738,12.777146825846057,1,1.0,0.03916111050999738,10.789758820756239,0,0.0,0.0,1.0,0,0.0,0.0,1.0,0,0.0,0.0,1.0,0,0.0,0.0,1.0,1,1.0,0.03916111050999738,11.16850737321119
2021-04-12,28.5424,0.024799204357364157,True,1.0,0.024799204357364157,8.65314536910718,1,1.0,0.024799204357364157,13.09400990108426,1,1.0,0.024799204357364157,11.057336254718846,0,0.0,0.0,1.0,0,0.0,0.0,1.0,0,0.0,0.0,1.0,0,0.0,0.0,1.0,1,1.0,0.024799204357364157,11.445477469926182
2021-04-13,27.4507,-0.038248360334099396,True,1.0,-0.038248360334099396,8.322176747006226,1,1.0,-0.038248360334099396,12.593185492169324,1,1.0,-0.038248360334099396,10.63441127331306,0,0.0,-0.0,1.0,0,0.0,-0.0,1.0,0,0.0,-0.0,1.0,0,0.0,-0.0,1.0,1,1.0,-0.038248360334099396,11.007706723460629
2021-04-14,26.4067,-0.03803181703927405,True,1.0,-0.03803181703927405,8.005669243595586,1,1.0,-0.03803181703927405,12.1142437655895,1,1.0,-0.03803181703927405,10.229965289446024,0,0.0,-0.0,1.0,0,0.0,-0.0,1.0,0,0.0,-0.0,1.0,0,0.0,-0.0,1.0,1,1.0,-0.03803181703927405,10.589063635331987
2021-04-15,27.7816,0.05206633165067953,True,1.0,0.05206633165067953,8.422495073518277,1,1.0,0.05206633165067953,12.74498799918586,1,1.0,0.05206633165067953,10.762602054981262,0,0.0,0.0,1.0,0,0.0,0.0,1.0,0,0.0,0.0,1.0,0,0.0,0.0,1.0,1,1.0,0.05206633165067953,11.140397334439333
2021-04-16,25.2996,-0.08933970685633652,True,1.0,-0.08933970685633652,7.670031832651216,1,1.0,-0.08933970685633652,11.606354507451067,1,1.0,-0.08933970685633652,9.80107434237783,0,0.0,-0.0,1.0,0,0.0,-0.0,1.0,0,0.0,-0.0,1.0,0,0.0,-0.0,1.0,1,1.0,-0.08933970685633652,10.14511750231741
2021-04-17,24.85,-0.01777103195307439,True,1.0,-0.01777103195307439,7.533727451872074,1,1.0,-0.01777103195307439,11.400097610640445,1,1.0,-0.01777103195307439,9.626899137064976,0,0.0,-0.0,1.0,0,0.0,-0.0,1.0,0,0.0,-0.0,1.0,0,0.0,-0.0,1.0,1,1.0,-0.01777103195307439,9.964828295016034
2021-04-18,32.3358,0.3012394366197182,True,1.0,0.3012394366197182,9.803183265120522,1,1.0,0.3012394366197182,14.83425659227957,1,1.0,0.3012394366197182,12.52690080950928,0,0.0,0.0,1.0,0,0.0,0.0,1.0,0,0.0,0.0,1.0,0,0.0,0.0,1.0,1,1.0,0.3012394366197182,12.96662755661889
2021-04-19,31.4711,-0.026741258914268373,True,1.0,-0.026741258914268373,9.541033803243911,1,1.0,-0.026741258914268373,14.437569895944728,1,1.0,-0.026741258914268373,12.191915711568834,0,0.0,-0.0,1.0,0,0.0,-0.0,1.0,0,0.0,-0.0,1.0,0,0.0,-0.0,1.0,1,1.0,-0.026741258914268373,12.619883611882457
2021-04-20,31.7028,0.007362310182993381,True,1.0,0.007362310182993381,9.611277853569817,1,1.0,0.007362310182993381,14.543863763807321,1,1.0,0.007362310182993381,12.281676376762315,0,0.0,0.0,1.0,0,0.0,0.0,1.0,0,0.0,0.0,1.0,0,0.0,0.0,1.0,1,1.0,0.007362310182993381,12.712795109506411
2021-04-21,32.5534,0.026830437690046338,True,1.0,0.026830437690046338,9.869152645141744,1,1.0,0.026830437690046338,14.934081994294676,1,1.0,0.026830437690046338,12.61119912951835,0,0.0,0.0,1.0,0,0.0,0.0,1.0,0,0.0,0.0,1.0,0,0.0,0.0,1.0,1,1.0,0.026830437690046338,13.053884966558348
2021-04-22,38.9,0.19495966627141859,True,1.0,0.19495966627141859,11.793239351220267,1,1.0,0.19495966627141859,17.845625635972368,1,1.0,0.19495966627141859,15.069874303091654,0,0.0,0.0,1.0,0,0.0,0.0,1.0,0,0.0,0.0,1.0,0,0.0,0.0,1.0,1,1.0,0.19495966627141859,15.598866023184051
2021-04-23,37.3893,-0.038835475578406164,True,1.0,-0.038835475578406164,11.335243292405654,1,1.0,-0.038835475578406164,17.152582277405184,1,1.0,-0.038835475578406164,14.484628567624288,0,0.0,-0.0,1.0,0,0.0,-0.0,1.0,0,0.0,-0.0,1.0,0,0.0,-0.0,1.0,1,1.0,-0.038835475578406164,14.993076642689857
2021-04-24,40.8401,0.09229378458542947,True,1.0,0.09229378458542947,12.381415795058375,1,1.0,0.09229378458542947,18.735659011199875,1,1.0,0.09229378458542947,15.821469756444563,0,0.0,0.0,1.0,0,0.0,0.0,1.0,0,0.0,0.0,1.0,0,0.0,0.0,1.0,1,1.0,0.09229378458542947,16.37684442862311
2021-04-25,47.405,0.16074642324578048,True,1.0,0.16074642324578048,14.371684098832821,1,1.0,0.16074642324578048,21.747349184402832,1,1.0,0.16074642324578048,18.364714430284316,0,0.0,0.0,1.0,0,0.0,0.0,1.0,0,0.0,0.0,1.0,0,0.0,0.0,1.0,1,1.0,0.16074642324578048,19.00936359457686
2021-04-26,43.878,-0.07440143444784308,True,1.0,-0.07440143444784308,13.302410186448402,1,1.0,-0.07440143444784308,20.12931520964513,1,1.0,-0.07440143444784308,16.99835333344616,0,0.0,-0.0,1.0,0,0.0,-0.0,1.0,0,0.0,-0.0,1.0,0,0.0,-0.0,1.0,1,1.0,-0.07440143444784308,17.595039675199736
2021-04-27,43.147,-0.01665982952732581,True,1.0,-0.01665982952732581,13.080794300439608,1,1.0,-0.01665982952732581,19.793964249750637,1,1.0,-0.01665982952732581,16.7151636646657,0,0.0,-0.0,1.0,0,0.0,-0.0,1.0,0,0.0,-0.0,1.0,0,0.0,-0.0,1.0,1,1.0,-0.01665982952732581,17.301909313684373
2021-04-28,44.833,0.03907571789463926,True,1.0,0.03907571789463926,13.591935728361392,1,1.0,0.03907571789463926,20.567427612790468,1,1.0,0.03907571789463926,17.3683206845889,0,0.0,0.0,1.0,0,0.0,0.0,1.0,0,0.0,0.0,1.0,0,0.0,0.0,1.0,1,1.0,0.03907571789463926,17.977993841064535
2021-04-29,42.484,-0.05239444159436124,True,1.0,-0.05239444159436124,12.879793845687448,1,1.0,-0.05239444159436124,19.489808727985864,1,1.0,-0.05239444159436124,16.458317220888073,0,0.0,-0.0,1.0,0,0.0,-0.0,1.0,0,0.0,-0.0,1.0,0,0.0,-0.0,1.0,1,1.0,-0.05239444159436124,17.036046892775094
2021-04-30,42.786,0.007108558516147223,True,1.0,0.007108558516147223,12.97135061391543,1,1.0,0.007108558516147223,19.62835317379727,1,1.0,0.007108558516147223,16.57531213193007,0,0.0,0.0,1.0,0,0.0,0.0,1.0,0,0.0,0.0,1.0,0,0.0,0.0,1.0,1,1.0,0.007108558516147223,17.157148628996215
2021-05-01,49.67,0.1608937502921517,True,1.0,0.1608937502921517,15.058359860542687,1,1.0,0.1608937502921517,22.78643252798837,1,1.0,0.1608937502921517,19.2421762630993,0,0.0,0.0,1.0,0,0.0,0.0,1.0,0,0.0,0.0,1.0,0,0.0,0.0,1.0,1,1.0,0.1608937502921517,19.917626616235264
2021-05-02,46.897,-0.055828467888061284,True,1.0,-0.055828467888061284,14.217674700621508,1,1.0,-0.055828467888061284,21.5143009113161,1,1.0,-0.055828467888061284,18.167915043498446,0,0.0,-0.0,1.0,0,0.0,-0.0,1.0,0,0.0,-0.0,1.0,0,0.0,-0.0,1.0,1,1.0,-0.055828467888061284,18.80565603828438
2021-05-03,45.912,-0.021003475702070507,True,1.0,-0.021003475702070507,13.91905411550706,1,1.0,-0.021003475702070507,21.06242581487824,1,1.0,-0.021003475702070507,17.786325681325046,0,0.0,-0.0,1.0,0,0.0,-0.0,1.0,0,0.0,-0.0,1.0,0,0.0,-0.0,1.0,1,1.0,-0.021003475702070507,18.410671898622777
2021-05-04,42.636,-0.07135389440669093,True,1.0,-0.07135389440669093,12.925875397908154,1,1.0,-0.07135389440669093,19.559539707334658,1,1.0,-0.07135389440669093,16.517202076776762,0,0.0,-0.0,1.0,0,0.0,-0.0,1.0,0,0.0,-0.0,1.0,0,0.0,-0.0,1.0,1,1.0,-0.07135389440669093,17.096998760012216
2021-05-05,44.98,0.05497701472933647,True,1.0,0.05497701472933647,13.636501440048518,1,1.0,0.05497701472933647,20.634864809923837,1,1.0,0.05497701472933647,17.425268538639145,0,0.0,0.0,1.0,0,0.0,0.0,1.0,0,0.0,0.0,1.0,0,0.0,0.0,1.0,1,1.0,0.05497701472933647,18.036940712668855
2021-05-06,43.496,-0.032992441084926494,True,1.0,-0.032992441084926494,13.186599969683202,1,1.0,-0.032992441084926494,19.954070248387,1,1.0,-0.032992441084926494,16.85036639298907,0,0.0,-0.0,1.0,0,0.0,-0.0,1.0,0,0.0,-0.0,1.0,0,0.0,-0.0,1.0,1,1.0,-0.032992441084926494,17.441858008853817
2021-05-07,43.182,-0.007219054625712706,True,1.0,-0.007219054625712706,13.091405184174638,1,1.0,-0.007219054625712706,19.810020725258585,1,1.0,-0.007219054625712706,16.728722677534808,0,0.0,-0.0,1.0,0,0.0,-0.0,1.0,0,0.0,-0.0,1.0,0,0.0,-0.0,1.0,1,1.0,-0.007219054625712706,17.31594428311398
2021-05-08,45.612,0.05627344726969574,True,1.0,0.05627344726969574,13.828103683492511,1,1.0,0.05627344726969574,20.924798881953006,1,1.0,0.05627344726969574,17.670105571018425,0,0.0,0.0,1.0,0,0.0,0.0,1.0,0,0.0,0.0,1.0,0,0.0,0.0,1.0,1,1.0,0.05627344726969574,18.290372160654783
2021-05-09,44.33,-0.0281066386038763,True,1.0,-0.0281066386038763,13.439442170683657,1,1.0,-0.0281066386038763,20.33667312191916,1,1.0,-0.0281066386038763,17.173458299641467,0,0.0,-0.0,1.0,0,0.0,-0.0,1.0,0,0.0,-0.0,1.0,0,0.0,-0.0,1.0,1,1.0,-0.0281066386038763,17.77629128040486
2021-05-10,42.854,-0.03329573652154294,True,1.0,-0.03329573652154294,12.991966045172061,1,1.0,-0.03329573652154294,19.659548611926994,1,1.0,-0.03329573652154294,16.601655356932902,0,0.0,-0.0,1.0,0,0.0,-0.0,1.0,0,0.0,-0.0,1.0,0,0.0,-0.0,1.0,1,1.0,-0.03329573652154294,17.1844165696023
2021-05-11,44.538,0.039296215055770745,True,1.0,0.039296215055770745,13.502501136880413,1,1.0,0.039296215055770745,20.432094462080656,1,1.0,0.039296215055770745,17.254037576120727,0,0.0,0.0,1.0,0,0.0,0.0,1.0,0,0.0,0.0,1.0,0,0.0,0.0,1.0,1,1.0,0.039296215055770745,17.85969909872934
2021-05-12,43.709,-0.018613318963581538,True,1.0,-0.018613318963581538,13.251174776413535,1,1.0,-0.018613318963581538,20.05178537076392,1,1.0,-0.018613318963581538,16.93288267130677,0,0.0,-0.0,1.0,0,0.0,-0.0,1.0,0,0.0,-0.0,1.0,0,0.0,-0.0,1.0,1,1.0,-0.018613318963581538,17.5272708228111
2021-05-13,41.049,-0.06085703173259516,True,1.0,-0.06085703173259516,12.444747612551172,1,1.0,-0.06085703173259516,18.831493232160152,1,1.0,-0.06085703173259516,15.902397693254745,0,0.0,-0.0,1.0,0,0.0,-0.0,1.0,0,0.0,-0.0,1.0,0,0.0,-0.0,1.0,1,1.0,-0.06085703173259516,16.460613146161496
2021-05-14,42.7,0.04022022460961305,True,1.0,0.04022022460961305,12.945278156737926,1,1.0,0.04022022460961305,19.588900119692042,1,1.0,0.04022022460961305,16.541995700308842,0,0.0,0.0,1.0,0,0.0,0.0,1.0,0,0.0,0.0,1.0,0,0.0,0.0,1.0,1,1.0,0.04022022460961305,17.12266270411206
2021-05-15,43.486,0.01840749414519882,False,1.0,0.01840749414519882,13.18356828861605,0,1.0,0.01840749414519882,19.94948268395616,0,1.0,0.01840749414519882,16.846492389312182,0,0.0,0.0,1.0,0,0.0,0.0,1.0,0,0.0,0.0,1.0,0,0.0,0.0,1.0,0,1.0,0.01840749414519882,17.437848017588216
2021-05-16,46.85,0.0773582302350182,True,1.0,0.0773582302350182,14.203425799605895,1,1.0,0.0773582302350182,21.49273935849115,1,1.0,0.0773582302350182,18.149707226217075,0,0.0,0.0,1.0,0,0.0,0.0,1.0,0,0.0,0.0,1.0,0,0.0,0.0,1.0,1,1.0,0.0773582302350182,18.78680907933606
2021-05-17,46.708,-0.0030309498399146984,True,1.0,-0.0030309498399146984,14.16037592845234,1,1.0,-0.0030309498399146984,21.427595943573202,1,1.0,-0.0030309498399146984,18.094696374005274,0,0.0,-0.0,1.0,0,0.0,-0.0,1.0,0,0.0,-0.0,1.0,0,0.0,-0.0,1.0,1,1.0,-0.0030309498399146984,18.729867203364538
2021-05-18,55.977,0.1984456624132911,True,1.0,0.1984456624132911,16.970441109595285,1,1.0,0.1984456624132911,25.679809414519934,1,1.0,0.1984456624132911,21.685510382112128,0,0.0,0.0,1.0,0,0.0,0.0,1.0,0,0.0,0.0,1.0,0,0.0,0.0,1.0,1,1.0,0.1984456624132911,22.44672810744919
2021-05-19,34.988,-0.374957571859871,False,1.0,-0.374957571859871,10.607245717750502,0,1.0,-0.374957571859871,16.050970430627284,0,1.0,-0.374957571859871,13.55436406469334,0,0.0,-0.0,1.0,0,0.0,-0.0,1.0,0,0.0,-0.0,1.0,0,0.0,-0.0,1.0,0,1.0,-0.374957571859871,14.030157440081323
2021-05-20,44.42,0.26957814107694067,True,1.0,0.26957814107694067,13.46672730028802,1,1.0,0.26957814107694067,20.37796120179673,1,1.0,0.26957814107694067,17.208324332733458,0,0.0,0.0,1.0,0,0.0,0.0,1.0,0,0.0,0.0,1.0,0,0.0,0.0,1.0,1,1.0,0.26957814107694067,17.812381201795255
2021-05-21,38.925,-0.12370553804592532,False,1.0,-0.12370553804592532,11.80081855388814,0,1.0,-0.12370553804592532,17.857094547049474,0,1.0,-0.12370553804592532,15.079559312283877,0,0.0,-0.0,1.0,0,0.0,-0.0,1.0,0,0.0,-0.0,1.0,0,0.0,-0.0,1.0,0,1.0,-0.12370553804592532,15.608891001348047
2021-05-22,31.222,-0.19789338471419382,False,1.0,-0.19789338471419382,9.465514627861157,0,1.0,-0.19789338471419382,14.32329366597248,0,1.0,-0.19789338471419382,12.095414279977579,0,0.0,-0.0,1.0,0,0.0,-0.0,1.0,0,0.0,-0.0,1.0,0,0.0,-0.0,1.0,0,1.0,-0.19789338471419382,12.519994729456359
2021-05-23,24.536,-0.2141438729101275,False,1.0,-0.2141438729101275,7.438532666363505,0,1.0,-0.2141438729101275,11.256048087512035,0,1.0,-0.2141438729101275,9.50525542161072,0,0.0,-0.0,1.0,0,0.0,-0.0,1.0,0,0.0,-0.0,1.0,0,0.0,-0.0,1.0,0,1.0,-0.2141438729101275,9.83891456927619
2021-05-24,31.416,0.28040430388001303,False,1.0,0.28040430388001303,9.524329240563901,0,1.0,0.28040430388001303,14.412292415930798,0,1.0,0.28040430388001303,12.170569951309194,0,0.0,0.0,1.0,0,0.0,0.0,1.0,0,0.0,0.0,1.0,0,0.0,0.0,1.0,0,1.0,0.28040430388001303,12.597788560008999
2021-05-25,29.973,-0.045932009167303334,False,1.0,-0.045932009167303334,9.086857662573905,0,1.0,-0.045932009167303334,13.750306868560408,0,1.0,-0.045932009167303334,11.611551220734354,0,0.0,-0.0,1.0,0,0.0,-0.0,1.0,0,0.0,-0.0,1.0,0,0.0,-0.0,1.0,0,1.0,-0.045932009167303334,12.019146820382916
2021-05-26,35.43,0.1820638574717246,False,1.0,0.1820638574717246,10.74124602091861,0,1.0,0.1820638574717246,16.253740778470466,0,1.0,0.1820638574717246,13.725595027211764,0,0.0,0.0,1.0,0,0.0,0.0,1.0,0,0.0,0.0,1.0,0,0.0,0.0,1.0,0,1.0,0.1820638574717246,14.207399054020843
2021-05-27,33.747,-0.04750211685012695,False,1.0,-0.04750211685012695,10.231014097316972,0,1.0,-0.04750211685012695,15.481653684759888,0,1.0,-0.04750211685012695,13.073600208391628,0,0.0,-0.0,1.0,0,0.0,-0.0,1.0,0,0.0,-0.0,1.0,0,0.0,-0.0,1.0,0,1.0,-0.04750211685012695,13.532517524020362
2021-05-28,28.989,-0.1409903102497999,False,1.0,-0.1409903102497999,8.788540245566177,0,1.0,-0.1409903102497999,13.298890528565632,0,1.0,-0.1409903102497999,11.230349258928644,0,0.0,-0.0,1.0,0,0.0,-0.0,1.0,0,0.0,-0.0,1.0,0,0.0,-0.0,1.0,0,1.0,-0.1409903102497999,11.624563679847876
2021-05-29,27.388,-0.05522784504467204,False,1.0,-0.05522784504467204,8.303168106715184,0,1.0,-0.05522784504467204,12.564421463187953,0,1.0,-0.05522784504467204,10.610121270258986,0,0.0,-0.0,1.0,0,0.0,-0.0,1.0,0,0.0,-0.0,1.0,0,0.0,-0.0,1.0,0,1.0,-0.05522784504467204,10.982564078225314
2021-05-30,28.588,0.043814809405579025,False,1.0,0.043814809405579025,8.666969834773392,0,1.0,0.043814809405579025,13.1149291948889,0,1.0,0.043814809405579025,11.075001711485463,0,0.0,0.0,1.0,0,0.0,0.0,1.0,0,0.0,0.0,1.0,0,0.0,0.0,1.0,0,1.0,0.043814809405579025,11.463763030097315
2021-05-31,32.75,0.1455855603749825,False,1.0,0.1455855603749825,9.928755494921946,0,1.0,0.1455855603749825,15.024273511005019,0,1.0,0.1455855603749825,12.687362041805963,0,0.0,0.0,1.0,0,0.0,0.0,1.0,0,0.0,0.0,1.0,0,0.0,0.0,1.0,0,1.0,0.1455855603749825,13.13272139484004
2021-06-01,30.938,-0.0553282442748092,False,1.0,-0.0553282442748092,9.37941488555405,0,1.0,-0.0553282442748092,14.193006836136588,0,1.0,-0.0553282442748092,11.98539257555398,0,0.0,-0.0,1.0,0,0.0,-0.0,1.0,0,0.0,-0.0,1.0,0,0.0,-0.0,1.0,0,1.0,-0.0553282442748092,12.406110977513316
2021-06-02,33.994,0.09877820156441919,False,1.0,0.09877820156441919,10.305896619675622,0,1.0,0.09877820156441919,15.594966526201667,0,1.0,0.09877820156441919,13.169288099210744,0,0.0,0.0,1.0,0,0.0,0.0,1.0,0,0.0,0.0,1.0,0,0.0,0.0,1.0,0,1.0,0.09877820156441919,13.63156430828068
2021-06-03,39.602,0.16497028887450726,False,1.0,0.16497028887450726,12.006063362134316,0,1.0,0.16497028887450726,18.167672659017427,0,1.0,0.16497028887450726,15.341829361209152,0,0.0,0.0,1.0,0,0.0,0.0,1.0,0,0.0,0.0,1.0,0,0.0,0.0,1.0,0,1.0,0.16497028887450726,15.880367410029166
2021-06-04,37.338,-0.05716882985707783,False,1.0,-0.05716882985707783,11.319690768531164,0,1.0,-0.05716882985707783,17.129048071874976,0,1.0,-0.05716882985707783,14.464754928761865,0,0.0,-0.0,1.0,0,0.0,-0.0,1.0,0,0.0,-0.0,1.0,0,0.0,-0.0,1.0,0,1.0,-0.05716882985707783,14.972505387497325
2021-06-05,39.633,0.06146553109432751,False,1.0,0.06146553109432751,12.015461573442488,0,1.0,0.06146553109432751,18.18189410875304,0,1.0,0.06146553109432751,15.353838772607505,0,0.0,0.0,1.0,0,0.0,0.0,1.0,0,0.0,0.0,1.0,0,0.0,0.0,1.0,0,1.0,0.06146553109432751,15.892798382952527
2021-06-06,42.205,0.06489541543663102,False,1.0,0.06489541543663102,12.795209943913914,0,1.0,0.06489541543663102,19.3618156803654,0,1.0,0.06489541543663102,16.35023251830292,0,0.0,0.0,1.0,0,0.0,0.0,1.0,0,0.0,0.0,1.0,0,0.0,0.0,1.0,0,1.0,0.06489541543663102,16.92416813646485
2021-06-07,38.235,-0.09406468427911385,False,1.0,-0.09406468427911385,11.591632560254673,0,1.0,-0.09406468427911385,17.540552601321433,0,1.0,-0.09406468427911385,14.812253058578657,0,0.0,-0.0,1.0,0,0.0,-0.0,1.0,0,0.0,-0.0,1.0,0,0.0,-0.0,1.0,0,1.0,-0.09406468427911385,15.332201604021645
2021-06-08,41.245,0.07872368248986517,True,1.0,0.07872368248986517,12.504168561467345,0,1.0,0.07872368248986517,18.92140949500464,0,1.0,0.07872368248986517,15.978328165321736,0,0.0,0.0,1.0,0,0.0,0.0,1.0,0,0.0,0.0,1.0,0,0.0,0.0,1.0,0,1.0,0.07872368248986517,16.539208974967245
2021-06-09,42.032,0.019081100739483547,False,1.0,0.019081100739483547,12.742761861452188,0,1.0,0.019081100739483547,19.282450815711844,0,1.0,0.019081100739483547,16.283212254692767,0,0.0,0.0,1.0,0,0.0,0.0,1.0,0,0.0,0.0,1.0,0,0.0,0.0,1.0,0,1.0,0.019081100739483547,16.854795287569967
2021-06-10,41.105,-0.02205462504758282,True,1.0,-0.02205462504758282,12.46172502652722,0,0.0,-0.001,19.26316836489613,0,0.0,-0.001,16.266929042438075,0,0.0,-0.0,1.0,0,0.0,-0.0,1.0,0,0.0,-0.0,1.0,0,0.0,-0.0,1.0,0,0.0,-0.001,16.837940492282396
2021-06-11,36.157,-0.12037465028585337,True,1.0,-0.12037465028585337,10.96164923450054,0,0.0,-0.0,19.26316836489613,0,0.0,-0.0,16.266929042438075,0,0.0,-0.0,1.0,0,0.0,-0.0,1.0,0,0.0,-0.0,1.0,0,0.0,-0.0,1.0,0,0.0,-0.0,16.837940492282396
2021-06-12,36.476,0.008822634621235226,True,1.0,0.008822634621235226,11.05835986054268,0,0.0,0.0,19.26316836489613,0,0.0,0.0,16.266929042438075,0,0.0,0.0,1.0,0,0.0,0.0,1.0,0,0.0,0.0,1.0,0,0.0,0.0,1.0,0,0.0,0.0,16.837940492282396
2021-06-13,38.706,0.061136089483496026,True,1.0,0.061136089483496026,11.734424738517518,0,0.0,0.0,19.26316836489613,0,0.0,0.0,16.266929042438075,0,0.0,0.0,1.0,0,0.0,0.0,1.0,0,0.0,0.0,1.0,0,0.0,0.0,1.0,0,0.0,0.0,16.837940492282396
2021-06-14,39.694,0.025525758280369848,True,1.0,0.025525758280369848,12.033954827952108,0,0.0,0.0,19.26316836489613,0,0.0,0.0,16.266929042438075,0,0.0,0.0,1.0,0,0.0,0.0,1.0,0,0.0,0.0,1.0,0,0.0,0.0,1.0,0,0.0,0.0,16.837940492282396
2021-06-15,39.536,-0.003980450445911221,True,1.0,-0.003980450445911221,11.986054267091111,0,0.0,-0.0,19.26316836489613,0,0.0,-0.0,16.266929042438075,0,0.0,-0.0,1.0,0,0.0,-0.0,1.0,0,0.0,-0.0,1.0,0,0.0,-0.0,1.0,0,0.0,-0.0,16.837940492282396
2021-06-16,39.728,0.004856333468231444,True,1.0,0.004856333468231444,12.044262543580425,0,0.0,0.0,19.26316836489613,0,0.0,0.0,16.266929042438075,0,0.0,0.0,1.0,0,0.0,0.0,1.0,0,0.0,0.0,1.0,0,0.0,0.0,1.0,0,0.0,0.0,16.837940492282396
2021-06-17,39.265,-0.0116542488924688,True,1.0,-0.0116542488924688,11.9038957101713,0,0.0,-0.0,19.26316836489613,0,0.0,-0.0,16.266929042438075,0,0.0,-0.0,1.0,0,0.0,-0.0,1.0,0,0.0,-0.0,1.0,0,0.0,-0.0,1.0,0,0.0,-0.0,16.837940492282396
2021-06-18,36.82,-0.06226919648541962,True,1.0,-0.06226919648541962,11.1626496892527,0,0.0,-0.0,19.26316836489613,0,0.0,-0.0,16.266929042438075,0,0.0,-0.0,1.0,0,0.0,-0.0,1.0,0,0.0,-0.0,1.0,0,0.0,-0.0,1.0,0,0.0,-0.0,16.837940492282396
2021-06-19,35.19,-0.04426941879413371,True,1.0,-0.04426941879413371,10.668485675306965,0,0.0,-0.0,19.26316836489613,0,0.0,-0.0,16.266929042438075,0,0.0,-0.0,1.0,0,0.0,-0.0,1.0,0,0.0,-0.0,1.0,0,0.0,-0.0,1.0,0,0.0,-0.0,16.837940492282396
2021-06-20,35.257,0.0019039499857913533,True,1.0,0.0019039499857913533,10.688797938456881,0,0.0,0.0,19.26316836489613,0,0.0,0.0,16.266929042438075,0,0.0,0.0,1.0,0,0.0,0.0,1.0,0,0.0,0.0,1.0,0,0.0,0.0,1.0,0,0.0,0.0,16.837940492282396
2021-06-21,26.59,-0.2458235244065008,False,1.0,-0.2458235244065008,8.06123995755647,0,0.0,-0.0,19.26316836489613,0,0.0,-0.0,16.266929042438075,0,0.0,-0.0,1.0,0,0.0,-0.0,1.0,0,0.0,-0.0,1.0,0,0.0,-0.0,1.0,0,0.0,-0.0,16.837940492282396
2021-06-22,26.958,0.01383978939450925,False,1.0,0.01383978939450925,8.172805820827655,0,0.0,0.0,19.26316836489613,0,0.0,0.0,16.266929042438075,0,0.0,0.0,1.0,0,0.0,0.0,1.0,0,0.0,0.0,1.0,0,0.0,0.0,1.0,0,0.0,0.0,16.837940492282396
2021-06-23,30.837,0.14389049632762085,False,1.0,0.14389049632762085,9.348794906775815,0,0.0,0.0,19.26316836489613,0,0.0,0.0,16.266929042438075,0,0.0,0.0,1.0,0,0.0,0.0,1.0,0,0.0,0.0,1.0,0,0.0,0.0,1.0,0,0.0,0.0,16.837940492282396
2021-06-24,31.141,0.009858287122612497,False,1.0,0.009858287122612497,9.440958011217228,0,0.0,0.0,19.26316836489613,0,0.0,0.0,16.266929042438075,0,0.0,0.0,1.0,0,0.0,0.0,1.0,0,0.0,0.0,1.0,0,0.0,0.0,1.0,0,0.0,0.0,16.837940492282396
2021-06-25,28.641,-0.08028001669824347,False,1.0,-0.08028001669824347,8.683037744429294,0,0.0,-0.0,19.26316836489613,0,0.0,-0.0,16.266929042438075,0,0.0,-0.0,1.0,0,0.0,-0.0,1.0,0,0.0,-0.0,1.0,0,0.0,-0.0,1.0,0,0.0,-0.0,16.837940492282396
2021-06-26,29.698,0.03690513599385503,False,1.0,0.03690513599385503,9.003486433227232,0,0.0,0.0,19.26316836489613,0,0.0,0.0,16.266929042438075,0,0.0,0.0,1.0,0,0.0,0.0,1.0,0,0.0,0.0,1.0,0,0.0,0.0,1.0,0,0.0,0.0,16.837940492282396
2021-06-27,31.897,0.07404539026197043,False,1.0,0.07404539026197043,9.670153099893898,0,0.0,0.0,19.26316836489613,0,0.0,0.0,16.266929042438075,0,0.0,0.0,1.0,0,0.0,0.0,1.0,0,0.0,0.0,1.0,0,0.0,0.0,1.0,0,0.0,0.0,16.837940492282396
2021-06-28,33.001,0.03461140546132868,False,1.0,0.03461140546132868,10.004850689707451,0,0.0,0.0,19.26316836489613,0,0.0,0.0,16.266929042438075,0,0.0,0.0,1.0,0,0.0,0.0,1.0,0,0.0,0.0,1.0,0,0.0,0.0,1.0,0,0.0,0.0,16.837940492282396
2021-06-29,33.97,0.02936274658343696,False,1.0,0.02936274658343696,10.298620585114456,0,0.0,0.0,19.26316836489613,0,0.0,0.0,16.266929042438075,0,0.0,0.0,1.0,0,0.0,0.0,1.0,0,0.0,0.0,1.0,0,0.0,0.0,1.0,0,0.0,0.0,16.837940492282396
2021-06-30,35.51,0.04533411833971157,False,1.0,0.04533411833971157,10.765499469455824,0,0.0,0.0,19.26316836489613,0,0.0,0.0,16.266929042438075,0,0.0,0.0,1.0,0,0.0,0.0,1.0,0,0.0,0.0,1.0,0,0.0,0.0,1.0,0,0.0,0.0,16.837940492282396
2021-07-01,33.271,-0.06305266122219089,False,1.0,-0.06305266122219089,10.08670607852055,0,0.0,-0.0,19.26316836489613,0,0.0,-0.0,16.266929042438075,0,0.0,-0.0,1.0,0,0.0,-0.0,1.0,0,0.0,-0.0,1.0,0,0.0,-0.0,1.0,0,0.0,-0.0,16.837940492282396
2021-07-02,34.0,0.021910973520483212,False,1.0,0.021910973520483212,10.307715628315911,0,0.0,0.0,19.26316836489613,0,0.0,0.0,16.266929042438075,0,0.0,0.0,1.0,0,0.0,0.0,1.0,0,0.0,0.0,1.0,0,0.0,0.0,1.0,0,0.0,0.0,16.837940492282396
2021-07-03,34.498,0.014647058823529235,False,1.0,0.014647058823529235,10.458693345460066,0,0.0,0.0,19.26316836489613,0,0.0,0.0,16.266929042438075,0,0.0,0.0,1.0,0,0.0,0.0,1.0,0,0.0,0.0,1.0,0,0.0,0.0,1.0,0,0.0,0.0,16.837940492282396
2021-07-04,34.28,-0.0063192069105454385,False,1.0,-0.0063192069105454385,10.392602698196159,0,0.0,-0.0,19.26316836489613,0,0.0,-0.0,16.266929042438075,0,0.0,-0.0,1.0,0,0.0,-0.0,1.0,0,0.0,-0.0,1.0,0,0.0,-0.0,1.0,0,0.0,-0.0,16.837940492282396
2021-07-05,32.908,-0.040023337222870436,False,1.0,-0.040023337222870436,9.976656055782941,0,0.0,-0.0,19.26316836489613,0,0.0,-0.0,16.266929042438075,0,0.0,-0.0,1.0,0,0.0,-0.0,1.0,0,0.0,-0.0,1.0,0,0.0,-0.0,1.0,0,0.0,-0.0,16.837940492282396
2021-07-06,34.226,0.04005105141606902,False,1.0,0.04005105141606902,10.37623162043354,0,0.0,0.0,19.26316836489613,0,0.0,0.0,16.266929042438075,0,0.0,0.0,1.0,0,0.0,0.0,1.0,0,0.0,0.0,1.0,0,0.0,0.0,1.0,0,0.0,0.0,16.837940492282396
2021-07-07,36.673,0.07149535440892896,False,1.0,0.07149535440892896,11.11808397756557,0,0.0,0.0,19.26316836489613,0,0.0,0.0,16.266929042438075,0,0.0,0.0,1.0,0,0.0,0.0,1.0,0,0.0,0.0,1.0,0,0.0,0.0,1.0,0,0.0,0.0,16.837940492282396
2021-07-08,33.142,-0.09628336923622283,False,1.0,-0.09628336923622283,10.047597392754291,0,0.0,-0.0,19.26316836489613,0,0.0,-0.0,16.266929042438075,0,0.0,-0.0,1.0,0,0.0,-0.0,1.0,0,0.0,-0.0,1.0,0,0.0,-0.0,1.0,0,0.0,-0.0,16.837940492282396
2021-07-09,33.315,0.005219962585239157,False,1.0,0.005219962585239157,10.100045475216016,0,0.0,0.0,19.26316836489613,0,0.0,0.0,16.266929042438075,0,0.0,0.0,1.0,0,0.0,0.0,1.0,0,0.0,0.0,1.0,0,0.0,0.0,1.0,0,0.0,0.0,16.837940492282396
2021-07-10,31.693,-0.04868677772775021,False,1.0,-0.04868677772775021,9.608306806124004,0,0.0,-0.0,19.26316836489613,0,0.0,-0.0,16.266929042438075,0,0.0,-0.0,1.0,0,0.0,-0.0,1.0,0,0.0,-0.0,1.0,0,0.0,-0.0,1.0,0,0.0,-0.0,16.837940492282396
2021-07-11,32.182,0.01542927460322474,True,1.0,0.01542927460322474,9.756556010307724,0,0.0,0.0,19.26316836489613,0,0.0,0.0,16.266929042438075,0,0.0,0.0,1.0,0,0.0,0.0,1.0,0,0.0,0.0,1.0,0,0.0,0.0,1.0,0,0.0,0.0,16.837940492282396
2021-07-12,30.77,-0.04387545833074402,True,1.0,-0.04387545833074402,9.328482643625897,0,0.0,-0.0,19.26316836489613,0,0.0,-0.0,16.266929042438075,0,0.0,-0.0,1.0,0,0.0,-0.0,1.0,0,0.0,-0.0,1.0,0,0.0,-0.0,1.0,0,0.0,-0.0,16.837940492282396
2021-07-13,29.136,-0.053103672408189806,False,1.0,-0.053103672408189806,8.833105957253302,0,0.0,-0.0,19.26316836489613,0,0.0,-0.0,16.266929042438075,0,0.0,-0.0,1.0,0,0.0,-0.0,1.0,0,0.0,-0.0,1.0,0,0.0,-0.0,1.0,0,0.0,-0.0,16.837940492282396
2021-07-14,31.365,0.07650329489291585,True,1.0,0.07650329489291585,9.508867667121423,0,0.0,0.0,19.26316836489613,0,0.0,0.0,16.266929042438075,0,0.0,0.0,1.0,0,0.0,0.0,1.0,0,0.0,0.0,1.0,0,0.0,0.0,1.0,0,0.0,0.0,16.837940492282396
2021-07-15,28.545,-0.08990913438546144,False,1.0,-0.08990913438546144,8.653933606184633,0,0.0,-0.0,19.26316836489613,0,0.0,-0.0,16.266929042438075,0,0.0,-0.0,1.0,0,0.0,-0.0,1.0,0,0.0,-0.0,1.0,0,0.0,-0.0,1.0,0,0.0,-0.0,16.837940492282396
2021-07-16,26.271,-0.07966368891224385,False,1.0,-0.07966368891224385,7.964529331514329,0,0.0,-0.0,19.26316836489613,0,0.0,-0.0,16.266929042438075,0,0.0,-0.0,1.0,0,0.0,-0.0,1.0,0,0.0,-0.0,1.0,0,0.0,-0.0,1.0,0,0.0,-0.0,16.837940492282396
2021-07-17,26.802,0.020212401507365474,False,1.0,0.020212401507365474,8.125511596180086,0,0.0,0.0,19.26316836489613,0,0.0,0.0,16.266929042438075,0,0.0,0.0,1.0,0,0.0,0.0,1.0,0,0.0,0.0,1.0,0,0.0,0.0,1.0,0,0.0,0.0,16.837940492282396
2021-07-18,26.673,-0.004813073651220079,False,1.0,-0.004813073651220079,8.08640291041383,0,0.0,-0.0,19.26316836489613,0,0.0,-0.0,16.266929042438075,0,0.0,-0.0,1.0,0,0.0,-0.0,1.0,0,0.0,-0.0,1.0,0,0.0,-0.0,1.0,0,0.0,-0.0,16.837940492282396
2021-07-19,24.509,-0.08113073145128025,False,1.0,-0.08113073145128025,7.430347127482194,0,0.0,-0.0,19.26316836489613,0,0.0,-0.0,16.266929042438075,0,0.0,-0.0,1.0,0,0.0,-0.0,1.0,0,0.0,-0.0,1.0,0,0.0,-0.0,1.0,0,0.0,-0.0,16.837940492282396
2021-07-20,23.474,-0.04222938512383212,False,1.0,-0.04222938512383212,7.116568137031988,0,0.0,-0.0,19.26316836489613,0,0.0,-0.0,16.266929042438075,0,0.0,-0.0,1.0,0,0.0,-0.0,1.0,0,0.0,-0.0,1.0,0,0.0,-0.0,1.0,0,0.0,-0.0,16.837940492282396
2021-07-21,26.7,0.13742864445769776,False,1.0,0.13742864445769776,8.094588449295138,0,0.0,0.0,19.26316836489613,0,0.0,0.0,16.266929042438075,0,0.0,0.0,1.0,0,0.0,0.0,1.0,0,0.0,0.0,1.0,0,0.0,0.0,1.0,0,0.0,0.0,16.837940492282396
2021-07-22,27.699,0.03741573033707879,False,1.0,0.03741573033707879,8.397453387903598,0,0.0,0.0,19.26316836489613,0,0.0,0.0,16.266929042438075,0,0.0,0.0,1.0,0,0.0,0.0,1.0,0,0.0,0.0,1.0,0,0.0,0.0,1.0,0,0.0,0.0,16.837940492282396
2021-07-23,28.516,0.029495649662442558,False,1.0,0.029495649662442558,8.645141731089893,0,0.0,0.0,19.26316836489613,0,0.0,0.0,16.266929042438075,0,0.0,0.0,1.0,0,0.0,0.0,1.0,0,0.0,0.0,1.0,0,0.0,0.0,1.0,0,0.0,0.0,16.837940492282396
2021-07-24,28.616,0.003506803198204622,False,1.0,0.003506803198204622,8.675458541761412,0,0.0,0.0,19.26316836489613,0,0.0,0.0,16.266929042438075,0,0.0,0.0,1.0,0,0.0,0.0,1.0,0,0.0,0.0,1.0,0,0.0,0.0,1.0,0,0.0,0.0,16.837940492282396
2021-07-25,28.248,-0.012859938495946244,False,1.0,-0.012859938495946244,8.563892678490229,0,0.0,-0.0,19.26316836489613,0,0.0,-0.0,16.266929042438075,0,0.0,-0.0,1.0,0,0.0,-0.0,1.0,0,0.0,-0.0,1.0,0,0.0,-0.0,1.0,0,0.0,-0.0,16.837940492282396
2021-07-26,28.184,-0.0022656471254601795,False,1.0,-0.0022656471254601795,8.544489919660458,0,0.0,-0.0,19.26316836489613,0,0.0,-0.0,16.266929042438075,0,0.0,-0.0,1.0,0,0.0,-0.0,1.0,0,0.0,-0.0,1.0,0,0.0,-0.0,1.0,0,0.0,-0.0,16.837940492282396
2021-07-27,28.103,-0.0028739710474027236,False,1.0,-0.0028739710474027236,8.51993330301653,0,0.0,-0.0,19.26316836489613,0,0.0,-0.0,16.266929042438075,0,0.0,-0.0,1.0,0,0.0,-0.0,1.0,0,0.0,-0.0,1.0,0,0.0,-0.0,1.0,0,0.0,-0.0,16.837940492282396
2021-07-28,27.875,-0.008113012845603729,False,1.0,-0.008113012845603729,8.450810974685469,0,0.0,-0.0,19.26316836489613,0,0.0,-0.0,16.266929042438075,0,0.0,-0.0,1.0,0,0.0,-0.0,1.0,0,0.0,-0.0,1.0,0,0.0,-0.0,1.0,0,0.0,-0.0,16.837940492282396
2021-07-29,31.235,0.12053811659192815,False,1.0,0.12053811659192815,9.469455813248452,0,0.0,0.0,19.26316836489613,0,0.0,0.0,16.266929042438075,0,0.0,0.0,1.0,0,0.0,0.0,1.0,0,0.0,0.0,1.0,0,0.0,0.0,1.0,0,0.0,0.0,16.837940492282396
2021-07-30,32.354,0.035825196094125156,True,1.0,0.035825196094125156,9.80870092466273,0,0.0,0.0,19.26316836489613,0,0.0,0.0,16.266929042438075,0,0.0,0.0,1.0,0,0.0,0.0,1.0,0,0.0,0.0,1.0,0,0.0,0.0,1.0,0,0.0,0.0,16.837940492282396
2021-07-31,36.744,0.13568646844285093,True,1.0,0.13568646844285093,11.139608913142343,0,0.0,0.0,19.26316836489613,0,0.0,0.0,16.266929042438075,0,0.0,0.0,1.0,0,0.0,0.0,1.0,0,0.0,0.0,1.0,0,0.0,0.0,1.0,0,0.0,0.0,16.837940492282396
2021-08-01,34.165,-0.07018833006749403,True,1.0,-0.07018833006749403,10.35773836592391,0,0.0,-0.0,19.26316836489613,0,0.0,-0.0,16.266929042438075,0,0.0,-0.0,1.0,0,0.0,-0.0,1.0,0,0.0,-0.0,1.0,0,0.0,-0.0,1.0,0,0.0,-0.0,16.837940492282396
2021-08-02,33.167,-0.029211181033221068,True,1.0,-0.029211181033221068,10.055176595422166,0,0.0,-0.0,19.26316836489613,0,0.0,-0.0,16.266929042438075,0,0.0,-0.0,1.0,0,0.0,-0.0,1.0,0,0.0,-0.0,1.0,0,0.0,-0.0,1.0,0,0.0,-0.0,16.837940492282396
2021-08-03,34.105,0.02828112280278572,True,1.0,0.02828112280278572,10.339548279520997,0,0.0,0.0,19.26316836489613,0,0.0,0.0,16.266929042438075,0,0.0,0.0,1.0,0,0.0,0.0,1.0,0,0.0,0.0,1.0,0,0.0,0.0,1.0,0,0.0,0.0,16.837940492282396
2021-08-04,35.76,0.048526609001612764,True,1.0,0.048526609001612764,10.84129149613461,0,0.0,0.0,19.26316836489613,0,0.0,0.0,16.266929042438075,0,0.0,0.0,1.0,0,0.0,0.0,1.0,0,0.0,0.0,1.0,0,0.0,0.0,1.0,0,0.0,0.0,16.837940492282396
2021-08-05,37.353,0.04454697986577183,True,1.0,0.04454697986577183,11.324238290131882,0,0.0,0.0,19.26316836489613,0,0.0,0.0,16.266929042438075,0,0.0,0.0,1.0,0,0.0,0.0,1.0,0,0.0,0.0,1.0,0,0.0,0.0,1.0,0,0.0,0.0,16.837940492282396
2021-08-06,39.525,0.058147939924503955,True,1.0,0.058147939924503955,11.982719417917238,0,0.0,0.0,19.26316836489613,0,0.0,0.0,16.266929042438075,0,0.0,0.0,1.0,0,0.0,0.0,1.0,0,0.0,0.0,1.0,0,0.0,0.0,1.0,0,0.0,0.0,16.837940492282396
2021-08-07,39.469,-0.0014168247944338352,True,1.0,-0.0014168247944338352,11.96574200394119,0,0.0,-0.0,19.26316836489613,0,0.0,-0.0,16.266929042438075,0,0.0,-0.0,1.0,0,0.0,-0.0,1.0,0,0.0,-0.0,1.0,0,0.0,-0.0,1.0,0,0.0,-0.0,16.837940492282396
2021-08-08,37.65,-0.04608680230053974,True,1.0,-0.04608680230053974,11.414279217826287,0,0.0,-0.0,19.26316836489613,0,0.0,-0.0,16.266929042438075,0,0.0,-0.0,1.0,0,0.0,-0.0,1.0,0,0.0,-0.0,1.0,0,0.0,-0.0,1.0,0,0.0,-0.0,16.837940492282396
2021-08-09,38.646,0.026454183266932274,True,1.0,0.026454183266932274,11.7162346521146,0,0.0,0.0,19.26316836489613,0,0.0,0.0,16.266929042438075,0,0.0,0.0,1.0,0,0.0,0.0,1.0,0,0.0,0.0,1.0,0,0.0,0.0,1.0,0,0.0,0.0,16.837940492282396
2021-08-10,40.64,0.0515965429798686,True,1.0,0.0515965429798686,12.320751856904657,0,0.0,0.0,19.26316836489613,0,0.0,0.0,16.266929042438075,0,0.0,0.0,1.0,0,0.0,0.0,1.0,0,0.0,0.0,1.0,0,0.0,0.0,1.0,0,0.0,0.0,16.837940492282396
2021-08-11,41.621,0.024138779527559162,True,1.0,0.024138779527559162,12.618159769592245,0,0.0,0.0,19.26316836489613,0,0.0,0.0,16.266929042438075,0,0.0,0.0,1.0,0,0.0,0.0,1.0,0,0.0,0.0,1.0,0,0.0,0.0,1.0,0,0.0,0.0,16.837940492282396
2021-08-12,41.102,-0.012469666754763353,True,1.0,-0.012469666754763353,12.460815522207067,0,0.0,-0.0,19.26316836489613,0,0.0,-0.0,16.266929042438075,0,0.0,-0.0,1.0,0,0.0,-0.0,1.0,0,0.0,-0.0,1.0,0,0.0,-0.0,1.0,0,0.0,-0.0,16.837940492282396
2021-08-13,44.83,0.09070118242421299,True,1.0,0.09070118242421299,13.591026224041235,0,0.0,0.0,19.26316836489613,0,0.0,0.0,16.266929042438075,0,0.0,0.0,1.0,0,0.0,0.0,1.0,0,0.0,0.0,1.0,0,0.0,0.0,1.0,0,0.0,0.0,16.837940492282396
2021-08-14,44.14,-0.015391478920365742,True,1.0,-0.015391478920365742,13.381840230407766,0,0.0,-0.0,19.26316836489613,0,0.0,-0.0,16.266929042438075,0,0.0,-0.0,1.0,0,0.0,-0.0,1.0,0,0.0,-0.0,1.0,0,0.0,-0.0,1.0,0,0.0,-0.0,16.837940492282396
2021-08-15,53.531,0.2127548708654281,True,1.0,0.2127548708654281,16.22889192056996,0,0.0,0.0,19.26316836489613,0,0.0,0.0,16.266929042438075,0,0.0,0.0,1.0,0,0.0,0.0,1.0,0,0.0,0.0,1.0,0,0.0,0.0,1.0,0,0.0,0.0,16.837940492282396
2021-08-16,62.016,0.15850628607722617,True,1.0,0.15850628607722617,18.801273306048206,0,0.0,0.0,19.26316836489613,1,0.0,0.0,16.266929042438075,0,0.0,0.0,1.0,0,0.0,0.0,1.0,0,0.0,0.0,1.0,0,0.0,0.0,1.0,0,0.0,0.0,16.837940492282396
2021-08-17,64.123,0.033975103199174406,True,1.0,0.033975103199174406,19.440048506897078,0,0.0,0.0,19.26316836489613,0,1.0,0.032975103199174405,16.80333270634612,0,0.0,0.0,1.0,0,0.0,0.0,1.0,0,0.0,0.0,1.0,0,0.0,0.0,1.0,0,0.0,0.0,16.837940492282396
2021-08-18,72.663,0.13318154172449814,True,1.0,0.13318154172449814,22.02910413824466,0,0.0,0.0,19.26316836489613,1,1.0,0.13318154172449814,19.04122646228698,0,0.0,0.0,1.0,0,0.0,0.0,1.0,0,0.0,0.0,1.0,0,0.0,0.0,1.0,0,0.0,0.0,16.837940492282396
2021-08-19,72.764,0.0013899783934052667,True,1.0,0.0013899783934052667,22.059724117022892,0,0.0,0.0,19.26316836489613,0,1.0,0.0013899783934052667,19.067693355653493,0,0.0,0.0,1.0,0,0.0,0.0,1.0,0,0.0,0.0,1.0,0,0.0,0.0,1.0,0,0.0,0.0,16.837940492282396
2021-08-20,78.643,0.0807954482986093,True,1.0,0.0807954482986093,23.842049416401398,0,0.0,0.0,19.26316836489613,1,1.0,0.0807954482986093,20.60827618834393,0,0.0,0.0,1.0,0,0.0,0.0,1.0,0,0.0,0.0,1.0,0,0.0,0.0,1.0,0,0.0,0.0,16.837940492282396
2021-08-21,73.801,-0.061569370446193594,True,1.0,-0.061569370446193594,22.374109443686528,0,0.0,-0.0,19.26316836489613,0,1.0,-0.061569370446193594,19.33943759744631,0,0.0,-0.0,1.0,0,0.0,-0.0,1.0,0,0.0,-0.0,1.0,0,0.0,-0.0,1.0,0,0.0,-0.0,16.837940492282396
2021-08-22,72.775,-0.013902250647010117,True,1.0,-0.013902250647010117,22.063058966196763,0,0.0,-0.0,19.26316836489613,0,1.0,-0.013902250647010117,19.0705758885944,0,0.0,-0.0,1.0,0,0.0,-0.0,1.0,0,0.0,-0.0,1.0,0,0.0,-0.0,1.0,0,0.0,-0.0,16.837940492282396
2021-08-23,75.623,0.03913431810374446,True,1.0,0.03913431810374446,22.92648173412158,0,0.0,0.0,19.26316836489613,0,1.0,0.03913431810374446,19.816889871840253,1,0.0,0.0,1.0,1,0.0,0.0,1.0,0,0.0,0.0,1.0,1,0.0,0.0,1.0,1,0.0,0.0,16.837940492282396
2021-08-24,70.527,-0.06738690609999609,True,1.0,-0.06738690609999609,21.381537062301053,0,0.0,-0.0,19.26316836489613,0,1.0,-0.06738690609999609,18.48149097485259,0,1.0,-0.06838690609999609,0.9316130939000039,0,1.0,-0.06838690609999609,0.9316130939000039,0,0.0,-0.0,1.0,1,1.0,-0.06838690609999609,0.9316130939000039,0,1.0,-0.06838690609999609,15.686445836919358
2021-08-25,71.973,0.020502786166999742,True,1.0,0.020502786166999742,21.81991814461119,0,0.0,0.0,19.26316836489613,0,1.0,0.020502786166999742,18.86041303235733,0,1.0,0.020502786166999742,0.9507137579546128,0,1.0,0.020502786166999742,0.9507137579546128,0,0.0,0.0,1.0,1,1.0,0.020502786166999742,0.9507137579546128,0,1.0,0.020502786166999742,16.00806168163394
2021-08-26,74.92,0.04094591027190764,True,1.0,0.04094591027190764,22.71335455510081,0,0.0,0.0,19.26316836489613,0,1.0,0.04094591027190764,19.63266981207135,0,1.0,0.04094591027190764,0.9896415981820904,0,1.0,0.04094591027190764,0.9896415981820904,0,0.0,0.0,1.0,1,1.0,0.04094591027190764,0.9896415981820904,0,1.0,0.04094591027190764,16.663526338877286
2021-08-27,87.98,0.17431927389215174,True,1.0,0.17431927389215174,26.67273002880098,0,0.0,0.0,19.26316836489613,0,1.0,0.17431927389215174,23.055022558275994,1,1.0,0.17431927389215174,1.162155202990661,1,1.0,0.17431927389215174,1.162155202990661,1,0.0,0.0,1.0,1,1.0,0.17431927389215174,1.162155202990661,1,1.0,0.17431927389215174,19.56830015075312
2021-08-28,96.22,0.0936576494657877,True,1.0,0.0936576494657877,29.170835228134013,0,0.0,0.0,19.26316836489613,0,1.0,0.0936576494657877,25.214301779464833,1,1.0,0.0936576494657877,1.2709999276172017,1,1.0,0.0936576494657877,1.2709999276172017,1,1.0,0.0926576494657877,1.0926576494657878,1,1.0,0.0936576494657877,1.2709999276172017,1,1.0,0.0936576494657877,21.401021146913678
2021-08-29,94.23,-0.02068177094159218,True,1.0,-0.02068177094159218,28.567530695770817,0,0.0,-0.0,19.26316836489613,0,1.0,-0.02068177094159218,24.69282536560976,1,1.0,-0.02068177094159218,1.2447133982474425,1,1.0,-0.02068177094159218,1.2447133982474425,1,1.0,-0.02068177094159218,1.0700595542419578,1,1.0,-0.02068177094159218,1.2447133982474425,1,1.0,-0.02068177094159218,20.958410129637038
2021-08-30,110.25,0.17000955109837634,True,1.0,0.17000955109837634,33.4242837653479,0,0.0,0.0,19.26316836489613,0,1.0,0.17000955109837634,28.890841521367676,1,1.0,0.17000955109837634,1.4563265643296248,1,1.0,0.17000955109837634,1.4563265643296248,1,1.0,0.17000955109837634,1.2519798987071618,1,1.0,0.17000955109837634,1.4563265643296248,1,1.0,0.17000955109837634,24.521540027512295
2021-08-31,108.27,-0.01795918367346938,True,1.0,-0.01795918367346938,32.82401091405186,0,0.0,-0.0,19.26316836489613,0,1.0,-0.01795918367346938,28.37198559200434,1,1.0,-0.01795918367346938,1.4301721280722766,1,1.0,-0.01795918367346938,1.4301721280722766,1,1.0,-0.01795918367346938,1.2294953617507882,1,1.0,-0.01795918367346938,1.4301721280722766,1,1.0,-0.01795918367346938,24.08115318620187
2021-09-01,110.71,0.022536251962685938,True,1.0,0.022536251962685938,33.563741094436885,0,0.0,0.0,19.26316836489613,0,1.0,0.022536251962685938,29.011383807987443,1,1.0,0.022536251962685938,1.4624028475005242,1,1.0,0.022536251962685938,1.4624028475005242,1,1.0,0.022536251962685938,1.2572035790101577,1,1.0,0.022536251962685938,1.4624028475005242,1,1.0,0.022536251962685938,24.62385212195815
2021-09-02,128.23,0.1582512871465993,True,1.0,0.1582512871465993,38.87524632408673,0,0.0,0.0,19.26316836489613,0,1.0,0.1582512871465993,33.602472637505464,1,1.0,0.1582512871465993,1.6938299804443342,1,1.0,0.1582512871465993,1.6938299804443342,1,1.0,0.1582512871465993,1.4561576635938265,1,1.0,0.1582512871465993,1.6938299804443342,1,1.0,0.1582512871465993,28.52060841476555
2021-09-03,146.4,0.1416985104889652,True,1.0,0.1416985104889652,44.38381082310144,0,0.0,0.0,19.26316836489613,1,1.0,0.1416985104889652,38.3638929589862,1,1.0,0.1416985104889652,1.9338431656948494,1,1.0,0.1416985104889652,1.9338431656948494,1,1.0,0.1416985104889652,1.6624930355621634,1,1.0,0.1416985104889652,1.9338431656948494,1,1.0,0.1416985104889652,32.561936145376876
2021-09-04,138.88,-0.051366120218579336,True,1.0,-0.051366120218579336,42.10398666060333,0,0.0,-0.0,19.26316836489613,1,1.0,-0.051366120218579336,36.3932886212022,1,1.0,-0.051366120218579336,1.8345091451618898,1,1.0,-0.051366120218579336,1.8345091451618898,1,1.0,-0.051366120218579336,1.5770972184349266,1,1.0,-0.051366120218579336,1.8345091451618898,1,1.0,-0.051366120218579336,30.889355818783745
2021-09-05,142.0,0.02246543778801846,True,1.0,0.02246543778801846,43.049871153554676,0,0.0,0.0,19.26316836489613,1,1.0,0.02246543778801846,37.21087978262322,1,1.0,0.02246543778801846,1.875722196234075,1,1.0,0.02246543778801846,1.875722196234075,1,1.0,0.02246543778801846,1.6125273978813333,1,1.0,0.02246543778801846,1.875722196234075,1,1.0,0.02246543778801846,31.583298720242595
2021-09-06,164.22,0.15647887323943666,True,1.0,0.15647887323943666,49.78626648476584,0,0.0,0.0,19.26316836489613,1,1.0,0.15647887323943666,43.03359632325624,1,1.0,0.15647887323943666,2.169233092010985,1,1.0,0.15647887323943666,2.169233092010985,1,1.0,0.15647887323943666,1.864853868169525,1,1.0,0.15647887323943666,2.169233092010985,1,1.0,0.15647887323943666,36.5254177171707
2021-09-07,173.46,0.05626598465473154,True,1.0,0.05626598465473154,52.58753979081405,0,0.0,0.0,19.26316836489613,1,1.0,0.05626598465473154,45.454923993618486,1,1.0,0.05626598465473154,2.291287127878611,1,1.0,0.05626598465473154,2.291287127878611,1,1.0,0.05626598465473154,1.9697817072992683,1,1.0,0.05626598465473154,2.291287127878611,1,1.0,0.05626598465473154,38.580556309952684
2021-09-08,191.02,0.10123371382451296,True,1.0,0.10123371382451296,57.911171744732506,0,0.0,0.0,19.26316836489613,1,1.0,0.10123371382451296,50.05649476110345,1,1.0,0.10123371382451296,2.5232426332720643,1,1.0,0.10123371382451296,2.5232426332720643,1,1.0,0.10123371382451296,2.169190024952763,1,1.0,0.10123371382451296,2.5232426332720643,1,1.0,0.10123371382451296,42.48620930662494
2021-09-09,187.9,-0.016333368233692802,True,1.0,-0.016333368233692802,56.96528725178116,0,0.0,-0.0,19.26316836489613,1,1.0,-0.016333368233692802,49.23890359968243,1,1.0,-0.016333368233692802,2.4820295821998792,1,1.0,-0.016333368233692802,2.4820295821998792,1,1.0,-0.016333368233692802,2.133759845506356,1,1.0,-0.016333368233692802,2.4820295821998792,1,1.0,-0.016333368233692802,41.79226640516609
2021-09-10,179.6,-0.044172432144757856,True,1.0,-0.044172432144757856,54.44899196604522,0,0.0,-0.0,19.26316836489613,1,1.0,-0.044172432144757856,47.06390147154318,1,1.0,-0.044172432144757856,2.3723922988988733,1,1.0,-0.044172432144757856,2.3723922988988733,1,1.0,-0.044172432144757856,2.0395064835175174,1,1.0,-0.044172432144757856,2.3723922988988733,1,1.0,-0.044172432144757856,39.94620035320825
2021-09-11,179.04,-0.003118040089086893,True,1.0,-0.003118040089086893,54.27921782628472,0,0.0,-0.0,19.26316836489613,1,1.0,-0.003118040089086893,46.91715434000608,1,1.0,-0.003118040089086893,2.3649950846038656,1,1.0,-0.003118040089086893,2.3649950846038656,1,1.0,-0.003118040089086893,2.033147220539957,1,1.0,-0.003118040089086893,2.3649950846038656,1,1.0,-0.003118040089086893,39.82164649910025
2021-09-12,174.29,-0.026530384271671092,True,1.0,-0.026530384271671092,52.83916931938765,0,0.0,-0.0,19.26316836489613,1,1.0,-0.026530384271671092,45.67242420643242,0,1.0,-0.026530384271671092,2.302250856208712,0,1.0,-0.026530384271671092,2.302250856208712,0,1.0,-0.026530384271671092,1.979207043498152,1,1.0,-0.026530384271671092,2.302250856208712,1,1.0,-0.026530384271671092,38.76516291514847
2021-09-13,169.53,-0.027310803832692576,True,1.0,-0.027310803832692576,51.39608913142342,0,0.0,-0.0,19.26316836489613,1,1.0,-0.027310803832692576,44.42507358836702,0,1.0,-0.027310803832692576,2.239374534701147,0,1.0,-0.027310803832692576,2.239374534701147,0,1.0,-0.027310803832692576,1.9251533081888905,1,1.0,-0.027310803832692576,2.239374534701147,1,1.0,-0.027310803832692576,37.706455155230486
2021-09-14,158.88,-0.0628207396920899,True,1.0,-0.0628207396920899,48.16734879490682,0,0.0,-0.0,19.26316836489613,1,1.0,-0.0628207396920899,41.634257604670275,0,1.0,-0.0628207396920899,2.0986953699835915,0,1.0,-0.0628207396920899,2.0986953699835915,0,1.0,-0.0628207396920899,1.8042137533477904,1,1.0,-0.0628207396920899,2.0986953699835915,1,1.0,-0.0628207396920899,35.33770775121229
2021-09-15,158.79,-0.0005664652567975992,True,1.0,-0.0005664652567975992,48.140063665302456,0,0.0,-0.0,19.26316836489613,1,1.0,-0.0005664652567975992,41.610673244244666,0,1.0,-0.0005664652567975992,2.0975065319718937,0,1.0,-0.0005664652567975992,2.0975065319718937,0,1.0,-0.0005664652567975992,1.8031917289406825,1,1.0,-0.0005664652567975992,2.0975065319718937,1,1.0,-0.0005664652567975992,35.31769016751636
2021-09-16,152.29,-0.0409345676679892,True,1.0,-0.0409345676679892,46.16947097165382,0,0.0,-0.0,19.26316836489613,1,1.0,-0.0409345676679892,39.90735832461755,0,1.0,-0.0409345676679892,2.0116460089048407,0,1.0,-0.0409345676679892,2.0116460089048407,0,1.0,-0.0409345676679892,1.7293788550940017,1,1.0,-0.0409345676679892,2.0116460089048407,1,1.0,-0.0409345676679892,33.871975789477084
2021-09-17,147.58,-0.030927835051546282,True,1.0,-0.030927835051546282,44.741549189025356,0,0.0,-0.0,19.26316836489613,1,1.0,-0.030927835051546282,38.67311012901082,0,1.0,-0.030927835051546282,1.9494301529593303,0,1.0,-0.030927835051546282,1.9494301529593303,0,1.0,-0.030927835051546282,1.6758929111220224,1,1.0,-0.030927835051546282,1.9494301529593303,1,1.0,-0.030927835051546282,32.824388909390166
2021-09-18,169.22,0.14663233500474315,True,1.0,0.14663233500474315,51.302107018341715,0,0.0,0.0,19.26316836489613,1,1.0,0.14663233500474315,44.343838569123264,0,1.0,0.14663233500474315,2.2352796482164106,0,1.0,0.14663233500474315,2.2352796482164106,0,1.0,0.14663233500474315,1.921633001897741,1,1.0,0.14663233500474315,2.2352796482164106,1,1.0,0.14663233500474315,37.63750570027784
2021-09-19,152.76,-0.09726982626167124,True,1.0,-0.09726982626167124,46.31195998180995,0,0.0,-0.0,19.26316836489613,1,1.0,-0.09726982626167124,40.03052109572905,0,1.0,-0.09726982626167124,2.0178543851881505,0,1.0,-0.09726982626167124,2.0178543851881505,0,1.0,-0.09726982626167124,1.734716093664454,1,1.0,-0.09726982626167124,2.0178543851881505,1,1.0,-0.09726982626167124,33.97651205988915
2021-09-20,132.77,-0.1308588635768525,True,1.0,-0.1308588635768525,40.25162952857363,0,0.0,-0.0,19.26316836489613,0,1.0,-0.1308588635768525,34.79217259675273,0,1.0,-0.1308588635768525,1.7538002534788608,0,1.0,-0.1308588635768525,1.7538002534788608,0,1.0,-0.1308588635768525,1.5077131170190465,1,1.0,-0.1308588635768525,1.7538002534788608,0,1.0,-0.1308588635768525,29.530384303426835
2021-09-21,124.29,-0.06386985011674329,True,1.0,-0.06386985011674329,37.68076398362896,0,0.0,-0.0,19.26316836489613,0,1.0,-0.06386985011674329,32.57000174776227,0,1.0,-0.06386985011674329,1.6417852941544595,0,1.0,-0.06386985011674329,1.6417852941544595,0,1.0,-0.06386985011674329,1.4114157062159922,1,1.0,-0.06386985011674329,1.6417852941544595,0,1.0,-0.06386985011674329,27.644283084077134
2021-09-22,148.02,0.19092445088100418,True,1.0,0.19092445088100418,44.874943155980034,0,0.0,0.0,19.26316836489613,0,1.0,0.19092445088100418,38.788411446647125,0,1.0,0.19092445088100418,1.9552422499054076,0,1.0,0.19092445088100418,1.9552422499054076,0,1.0,0.19092445088100418,1.6808894748901053,1,1.0,0.19092445088100418,1.9552422499054076,0,1.0,0.19092445088100418,32.92225265190359
2021-09-23,149.91,0.01276854479124423,True,1.0,0.01276854479124423,45.4479308776717,0,0.0,0.0,19.26316836489613,0,1.0,0.01276854479124423,39.28368301558485,0,1.0,0.01276854479124423,1.9802078481510579,0,1.0,0.01276854479124423,1.9802078481510579,0,1.0,0.01276854479124423,1.7023519874393707,1,1.0,0.01276854479124423,1.9802078481510579,0,1.0,0.01276854479124423,33.34262190951808
2021-09-24,139.13,-0.07190981255419915,True,1.0,-0.07190981255419915,42.17977868728213,0,0.0,-0.0,19.26316836489613,0,1.0,-0.07190981255419915,36.458800733495565,0,1.0,-0.07190981255419915,1.8378114729721613,0,1.0,-0.07190981255419915,1.8378114729721613,0,1.0,-0.07190981255419915,1.5799361751213372,1,1.0,-0.07190981255419915,1.8378114729721613,0,1.0,-0.07190981255419915,30.9449602179391
2021-09-25,136.06,-0.022065693955293564,False,1.0,-0.022065693955293564,41.24905259966655,0,0.0,-0.0,19.26316836489613,0,1.0,-0.022065693955293564,35.65431199453322,0,1.0,-0.022065693955293564,1.7972588874620303,0,1.0,-0.022065693955293564,1.7972588874620303,0,1.0,-0.022065693955293564,1.5450737870122127,0,1.0,-0.022065693955293564,1.7972588874620303,0,1.0,-0.022065693955293564,30.262138196311323
2021-09-26,135.64,-0.0030868734381891416,False,1.0,-0.0030868734381891416,41.12172199484617,0,0.0,-0.0,19.26316836489613,0,1.0,-0.0030868734381891416,35.54425164588039,0,1.0,-0.0030868734381891416,1.7917109767407744,0,1.0,-0.0030868734381891416,1.7917109767407744,0,1.0,-0.0030868734381891416,1.5403043397790424,0,1.0,-0.0030868734381891416,1.7917109767407744,0,1.0,-0.0030868734381891416,30.16872280573032
2021-09-27,136.35,0.005234444116779757,False,1.0,0.005234444116779757,41.33697135061394,0,0.0,0.0,19.26316836489613,0,1.0,0.005234444116779757,35.7303060447935,0,1.0,0.005234444116779757,1.8010895877219448,0,1.0,0.005234444116779757,1.8010895877219448,0,1.0,0.005234444116779757,1.5483669767684491,0,1.0,0.005234444116779757,1.8010895877219448,0,1.0,0.005234444116779757,30.326639299331532
2021-09-28,132.2,-0.03043637697103052,False,1.0,-0.03043637697103052,40.07882370774597,0,0.0,-0.0,19.26316836489613,0,1.0,-0.03043637697103052,34.642804980723874,0,1.0,-0.03043637697103052,1.7462709460714418,0,1.0,-0.03043637697103052,1.7462709460714418,0,1.0,-0.03043637697103052,1.5012402957740298,0,1.0,-0.03043637697103052,1.7462709460714418,0,1.0,-0.03043637697103052,29.403606273352608
2021-09-29,135.25,0.023071104387291985,False,1.0,0.023071104387291985,41.00348643322725,0,0.0,0.0,19.26316836489613,0,1.0,0.023071104387291985,35.44205275070275,0,1.0,0.023071104387291985,1.7865593453567512,0,1.0,0.023071104387291985,1.7865593453567512,0,1.0,0.023071104387291985,1.5358755673482416,0,1.0,0.023071104387291985,1.7865593453567512,0,1.0,0.023071104387291985,30.08197994304796
2021-09-30,141.37,0.04524953789279107,False,1.0,0.04524953789279107,42.85887524632411,0,0.0,0.0,19.26316836489613,0,1.0,0.04524953789279107,37.045789259643975,0,1.0,0.04524953789279107,1.8674003301521915,0,1.0,0.04524953789279107,1.8674003301521915,0,1.0,0.04524953789279107,1.605373227031578,0,1.0,0.04524953789279107,1.8674003301521915,0,1.0,0.04524953789279107,31.443175634371087
2021-10-01,161.56,0.14281672207681972,False,1.0,0.14281672207681972,48.97983932090347,0,0.0,0.0,19.26316836489613,0,1.0,0.14281672207681972,42.33654744845498,0,1.0,0.14281672207681972,2.1340963241096986,0,1.0,0.14281672207681972,2.1340963241096986,0,1.0,0.14281672207681972,1.834647369026114,0,1.0,0.14281672207681972,2.1340963241096986,0,1.0,0.14281672207681972,35.93378691015769
2021-10-02,168.98,0.04592720970537245,False,1.0,0.04592720970537245,51.22934667273005,0,0.0,0.0,19.26316836489613,0,1.0,0.04592720970537245,44.28094694132162,0,0.0,-0.001,2.1319622277855887,0,0.0,-0.001,2.1319622277855887,0,0.0,-0.001,1.832812721657088,0,1.0,0.04592720970537245,2.232109413518549,0,1.0,0.04592720970537245,37.58412547708867
2021-10-03,172.98,0.023671440407148747,True,1.0,0.023671440407148747,52.442019099590745,0,0.0,0.0,19.26316836489613,1,1.0,0.023671440407148747,45.329140738015234,0,0.0,0.0,2.1319622277855887,0,0.0,0.0,2.1319622277855887,0,0.0,0.0,1.832812721657088,1,1.0,0.023671440407148747,2.2849466584828892,1,1.0,0.023671440407148747,38.473795863574374
2021-10-04,167.13,-0.03381893860561913,True,1.0,-0.03381893860561913,50.66848567530698,0,0.0,-0.0,19.26316836489613,0,1.0,-0.03381893860561913,43.79615731035083,0,0.0,-0.0,2.1319622277855887,0,0.0,-0.0,2.1319622277855887,0,0.0,-0.0,1.832812721657088,1,1.0,-0.03381893860561913,2.207672187722542,0,1.0,-0.03381893860561913,37.17265292333903
2021-10-05,164.62,-0.015018249267037542,True,1.0,-0.015018249267037542,49.9075337274519,0,0.0,-0.0,19.26316836489613,0,1.0,-0.015018249267037542,43.13841570292559,0,0.0,-0.0,2.1319622277855887,0,0.0,-0.0,2.1319622277855887,0,0.0,-0.0,1.832812721657088,1,1.0,-0.015018249267037542,2.1745168165074187,0,1.0,-0.015018249267037542,36.61438475581925
2021-10-06,153.87,-0.06530190742315634,True,1.0,-0.06530190742315634,46.64847658026378,0,0.0,-0.0,19.26316836489613,0,1.0,-0.06530190742315634,40.32139487431151,0,0.0,-0.0,2.1319622277855887,0,0.0,-0.0,2.1319622277855887,0,0.0,-0.0,1.832812721657088,1,1.0,-0.06530190742315634,2.0325167206657544,0,1.0,-0.06530190742315634,34.223395592138914
2021-10-07,154.26,0.0025346071358938183,True,1.0,0.0025346071358938183,46.76671214188269,0,0.0,0.0,19.26316836489613,0,1.0,0.0025346071358938183,40.42359376948913,0,0.0,0.0,2.1319622277855887,0,0.0,0.0,2.1319622277855887,0,0.0,0.0,1.832812721657088,1,1.0,0.0025346071358938183,2.0376683520497774,0,1.0,0.0025346071358938183,34.310138454821264
2021-10-08,158.86,0.029819784778944758,False,1.0,0.029819784778944758,48.161285432772495,0,0.0,0.0,19.26316836489613,0,1.0,0.029819784778944758,41.62901663568679,0,0.0,0.0,2.1319622277855887,0,0.0,0.0,2.1319622277855887,0,0.0,0.0,1.832812721657088,0,1.0,0.029819784778944758,2.098431183758769,0,1.0,0.029819784778944758,35.33325939927983
2021-10-09,156.84,-0.012715598640312242,True,1.0,-0.012715598640312242,47.54888585720784,0,0.0,-0.0,19.26316836489613,0,1.0,-0.012715598640312242,41.09967876835651,0,0.0,-0.0,2.1319622277855887,0,0.0,-0.0,2.1319622277855887,0,0.0,-0.0,1.832812721657088,1,1.0,-0.012715598640312242,2.071748375051777,0,1.0,-0.012715598640312242,34.88397585410455
2021-10-10,147.55,-0.05923233868910982,True,1.0,-0.05923233868910982,44.73245414582389,0,0.0,-0.0,19.26316836489613,0,1.0,-0.05923233868910982,38.6652486755356,0,0.0,-0.0,2.1319622277855887,0,0.0,-0.0,2.1319622277855887,0,0.0,-0.0,1.832812721657088,1,1.0,-0.05923233868910982,1.9490338736220973,0,1.0,-0.05923233868910982,32.8177163814915
2021-10-11,144.77,-0.018841070823449657,True,1.0,-0.018841070823449657,43.88964680915571,0,0.0,-0.0,19.26316836489613,0,1.0,-0.018841070823449657,37.936753986833544,0,0.0,-0.0,2.1319622277855887,0,0.0,-0.0,2.1319622277855887,0,0.0,-0.0,1.832812721657088,1,1.0,-0.018841070823449657,1.9123119883718809,0,1.0,-0.018841070823449657,32.199395462883935
2021-10-12,152.32,0.05215168888581867,True,1.0,0.05215168888581867,46.17856601485526,0,0.0,0.0,19.26316836489613,0,1.0,0.05215168888581867,39.91521977809273,0,0.0,0.0,2.1319622277855887,0,0.0,0.0,2.1319622277855887,0,0.0,0.0,1.832812721657088,1,1.0,0.05215168888581867,2.0120422882420725,0,1.0,0.05215168888581867,33.8786483173757
2021-10-13,148.04,-0.02809873949579833,False,1.0,-0.02809873949579833,44.88100651811431,0,0.0,-0.0,19.26316836489613,0,1.0,-0.02809873949579833,38.79365241563056,0,0.0,-0.0,2.1319622277855887,0,0.0,-0.0,2.1319622277855887,0,0.0,-0.0,1.832812721657088,0,1.0,-0.02809873949579833,1.9555064361302286,0,1.0,-0.02809873949579833,32.926701003835994
2021-10-14,150.02,0.013374763577411741,True,1.0,0.013374763577411741,45.481279369410366,0,0.0,0.0,19.26316836489613,0,1.0,0.013374763577411741,39.31250834499391,0,0.0,0.0,2.1319622277855887,0,0.0,0.0,2.1319622277855887,0,0.0,0.0,1.832812721657088,1,1.0,0.013374763577411741,1.9816608723875775,0,1.0,0.013374763577411741,33.36708784514643
2021-10-15,163.18,0.08772163711505132,True,1.0,0.08772163711505132,49.47097165378205,0,0.0,0.0,19.26316836489613,0,1.0,0.08772163711505132,42.76106593611589,0,0.0,0.0,2.1319622277855887,0,0.0,0.0,2.1319622277855887,0,0.0,0.0,1.832812721657088,1,1.0,0.08772163711505132,2.1554954083202564,0,1.0,0.08772163711505132,36.2941034166844
2021-10-16,157.54,-0.03456305919843128,True,1.0,-0.03456305919843128,47.76110353190847,0,0.0,-0.0,19.26316836489613,0,1.0,-0.03456305919843128,41.2831126827779,0,0.0,-0.0,2.1319622277855887,0,0.0,-0.0,2.1319622277855887,0,0.0,-0.0,1.832812721657088,1,1.0,-0.03456305919843128,2.0809948929205366,0,1.0,-0.03456305919843128,35.03966817173955
2021-10-17,160.12,0.016376793195379102,True,1.0,0.016376793195379102,48.543277247233625,0,0.0,0.0,19.26316836489613,0,1.0,0.016376793195379102,41.959197681645286,0,0.0,0.0,2.1319622277855887,0,0.0,0.0,2.1319622277855887,0,0.0,0.0,1.832812721657088,1,1.0,0.016376793195379102,2.1150749159225364,0,1.0,0.016376793195379102,35.613505571022834
2021-10-18,157.12,-0.018735948038970718,True,1.0,-0.018735948038970718,47.63377292708811,0,0.0,-0.0,19.26316836489613,0,1.0,-0.018735948038970718,41.17305233412508,0,0.0,-0.0,2.1319622277855887,0,0.0,-0.0,2.1319622277855887,0,0.0,-0.0,1.832812721657088,1,1.0,-0.018735948038970718,2.0754469821992814,0,1.0,-0.018735948038970718,34.946252781158556
2021-10-19,155.78,-0.008528513238289182,True,1.0,-0.008528513238289182,47.22752766408978,0,0.0,-0.0,19.26316836489613,0,1.0,-0.008528513238289182,40.821907412232726,0,0.0,-0.0,2.1319622277855887,0,0.0,-0.0,2.1319622277855887,0,0.0,-0.0,1.832812721657088,1,1.0,-0.008528513238289182,2.0577465051362274,0,1.0,-0.008528513238289182,34.64821320168584
2021-10-20,176.72,0.1344203363718064,True,1.0,0.1344203363718064,53.57586781870552,0,0.0,0.0,19.26316836489613,0,1.0,0.1344203363718064,46.30920193792379,0,0.0,0.0,2.1319622277855887,0,0.0,0.0,2.1319622277855887,0,0.0,0.0,1.832812721657088,1,1.0,0.1344203363718064,2.334349482524548,0,1.0,0.1344203363718064,39.30563767493852
2021-10-21,190.5,0.07797645993662283,True,1.0,0.07797645993662283,57.75352432924061,0,0.0,0.0,19.26316836489613,1,1.0,0.07797645993662283,49.920229567533276,0,0.0,0.0,2.1319622277855887,0,0.0,0.0,2.1319622277855887,0,0.0,0.0,1.832812721657088,1,1.0,0.07797645993662283,2.5163737914266995,1,1.0,0.07797645993662283,42.37055215638177
2021-10-22,196.29,0.030393700787401556,True,1.0,0.030393700787401556,59.508867667121464,0,0.0,0.0,19.26316836489613,1,1.0,0.030393700787401556,51.43749008824728,0,0.0,0.0,2.1319622277855887,0,0.0,0.0,2.1319622277855887,0,0.0,0.0,1.832812721657088,1,1.0,0.030393700787401556,2.5928557035125817,1,1.0,0.030393700787401556,43.658350040819826
2021-10-23,197.75,0.0074379744255947955,True,1.0,0.0074379744255947955,59.95149310292562,0,0.0,0.0,19.26316836489613,1,1.0,0.0074379744255947955,51.82008082404045,0,0.0,0.0,2.1319622277855887,0,0.0,0.0,2.1319622277855887,0,0.0,0.0,1.832812721657088,1,1.0,0.0074379744255947955,2.6121412979245657,1,1.0,0.0074379744255947955,43.98307973188711
2021-10-24,202.14,0.022199747155499328,True,1.0,0.022199747155499328,61.28240109140523,0,0.0,0.0,19.26316836489613,1,1.0,0.022199747155499328,52.97047351591169,0,0.0,0.0,2.1319622277855887,0,0.0,0.0,2.1319622277855887,0,0.0,0.0,1.832812721657088,1,1.0,0.022199747155499328,2.670130174272929,1,1.0,0.022199747155499328,44.95949298105517
2021-10-25,209.7,0.037399821905609976,True,1.0,0.037399821905609976,63.57435197817194,0,0.0,0.0,19.26316836489613,1,1.0,0.037399821905609976,54.95155979166262,0,0.0,0.0,2.1319622277855887,0,0.0,0.0,2.1319622277855887,0,0.0,0.0,1.832812721657088,1,1.0,0.037399821905609976,2.7699925672555317,1,1.0,0.037399821905609976,46.640970011513154
2021-10-26,199.85,-0.046971864568431054,True,1.0,-0.046971864568431054,60.58814612702748,0,0.0,-0.0,19.26316836489613,1,1.0,-0.046971864568431054,52.3703825673046,0,0.0,-0.0,2.1319622277855887,0,0.0,-0.0,2.1319622277855887,0,0.0,-0.0,1.832812721657088,1,1.0,-0.046971864568431054,2.6398808515308443,1,1.0,-0.046971864568431054,44.450156684792105
2021-10-27,184.49,-0.07685764323242428,True,1.0,-0.07685764323242428,55.93148400788241,0,0.0,-0.0,19.26316836489613,0,1.0,-0.07685764323242428,48.34531838800113,0,0.0,-0.0,2.1319622277855887,0,0.0,-0.0,2.1319622277855887,0,0.0,-0.0,1.832812721657088,1,1.0,-0.07685764323242428,2.436985830867778,0,1.0,-0.07685764323242428,41.033822400686994
2021-10-28,195.42,0.059244403490704034,True,1.0,0.059244403490704034,59.24511141427926,0,0.0,0.0,19.26316836489613,1,1.0,0.059244403490704034,51.20950793746643,0,0.0,0.0,2.1319622277855887,0,0.0,0.0,2.1319622277855887,0,0.0,0.0,1.832812721657088,1,1.0,0.059244403490704034,2.5813636027328375,1,1.0,0.059244403490704034,43.46484673175918
2021-10-29,200.41,0.02553474567598002,True,1.0,0.02553474567598002,60.75792026678798,0,0.0,0.0,19.26316836489613,1,1.0,0.02553474567598002,52.517129698841714,0,0.0,0.0,2.1319622277855887,0,0.0,0.0,2.1319622277855887,0,0.0,0.0,1.832812721657088,1,1.0,0.02553474567598002,2.647278065825852,1,1.0,0.02553474567598002,44.574710538900106
2021-10-30,195.7,-0.023501821266403877,True,1.0,-0.023501821266403877,59.32999848415951,0,0.0,-0.0,19.26316836489613,1,1.0,-0.023501821266403877,51.28288150323498,0,0.0,-0.0,2.1319622277855887,0,0.0,-0.0,2.1319622277855887,0,0.0,-0.0,1.832812721657088,1,1.0,-0.023501821266403877,2.5850622098803413,1,1.0,-0.023501821266403877,43.52712365881319
2021-10-31,202.49,0.034695963208993374,True,1.0,0.034695963208993374,61.38850992875554,0,0.0,0.0,19.26316836489613,1,1.0,0.034695963208993374,53.06219047312239,0,0.0,0.0,2.1319622277855887,0,0.0,0.0,2.1319622277855887,0,0.0,0.0,1.832812721657088,1,1.0,0.034695963208993374,2.6747534332073086,1,1.0,0.034695963208993374,45.03733913987268
2021-11-01,203.9,0.00696330682996682,True,1.0,0.00696330682996682,61.81597695922393,0,0.0,0.0,19.26316836489613,1,1.0,0.00696330682996682,53.431678786456885,0,0.0,0.0,2.1319622277855887,0,0.0,0.0,2.1319622277855887,0,0.0,0.0,1.832812721657088,1,1.0,0.00696330682996682,2.693378562057238,1,1.0,0.00696330682996682,45.350947951108886
2021-11-02,220.82,0.08298185384992629,True,1.0,0.08298185384992629,66.94558132484467,0,0.0,0.0,19.26316836489613,1,1.0,0.08298185384992629,57.86553854647086,0,0.0,0.0,2.1319622277855887,0,0.0,0.0,2.1319622277855887,0,0.0,0.0,1.832812721657088,1,1.0,0.08298185384992629,2.9168801082563967,1,1.0,0.08298185384992629,49.11425368594342
2021-11-03,243.37,0.10211937324517706,True,1.0,0.10211937324517706,73.78202213127183,0,0.0,0.0,19.26316836489613,1,1.0,0.10211937324517706,63.7747310753311,0,0.0,0.0,2.1319622277855887,0,0.0,0.0,2.1319622277855887,0,0.0,0.0,1.832812721657088,1,1.0,0.10211937324517706,3.214750076742864,1,1.0,0.10211937324517706,54.12977048975659
2021-11-04,247.07,0.015203188560627856,True,1.0,0.015203188560627856,74.90374412611797,0,0.0,0.0,19.26316836489613,1,1.0,0.015203188560627856,64.7443103372727,0,0.0,0.0,2.1319622277855887,0,0.0,0.0,2.1319622277855887,0,0.0,0.0,1.832812721657088,1,1.0,0.015203188560627856,3.2636245283348786,1,1.0,0.015203188560627856,54.95271559725587
2021-11-05,236.06,-0.044562269802080334,True,1.0,-0.044562269802080334,71.56586327118391,0,0.0,-0.0,19.26316836489613,1,1.0,-0.044562269802080334,61.85915691187353,0,0.0,-0.0,2.1319622277855887,0,0.0,-0.0,2.1319622277855887,0,0.0,-0.0,1.832812721657088,1,1.0,-0.044562269802080334,3.1181900115705328,1,1.0,-0.044562269802080334,52.50389785845396
2021-11-06,258.44,0.09480640515123273,True,1.0,0.09480640515123273,78.3507654994695,0,0.0,0.0,19.26316836489613,1,1.0,0.09480640515123273,67.72380120437428,0,0.0,0.0,2.1319622277855887,0,0.0,0.0,2.1319622277855887,0,0.0,0.0,1.832812721657088,1,1.0,0.09480640515123273,3.413814397146016,1,1.0,0.09480640515123273,57.48160367084149
2021-11-07,249.68,-0.03389568178300573,True,1.0,-0.03389568178300573,75.69501288464458,0,0.0,-0.0,19.26316836489613,1,1.0,-0.03389568178300573,65.42825678961528,0,0.0,-0.0,2.1319622277855887,0,0.0,-0.0,2.1319622277855887,0,0.0,-0.0,1.832812721657088,1,1.0,-0.03389568178300573,3.298100830674111,1,1.0,-0.03389568178300573,55.53322552443779
2021-11-08,248.26,-0.005687279718039173,True,1.0,-0.005687279718039173,75.26451417310903,0,0.0,-0.0,19.26316836489613,1,1.0,-0.005687279718039173,65.05614799178903,0,0.0,-0.0,2.1319622277855887,0,0.0,-0.0,2.1319622277855887,0,0.0,-0.0,1.832812721657088,1,1.0,-0.005687279718039173,3.27934360871177,1,1.0,-0.005687279718039173,55.217392537235355
2021-11-09,239.04,-0.03713848384757912,True,1.0,-0.03713848384757912,72.46930422919513,0,0.0,-0.0,19.26316836489613,1,1.0,-0.03713848384757912,62.64006129041026,0,0.0,-0.0,2.1319622277855887,0,0.0,-0.0,2.1319622277855887,0,0.0,-0.0,1.832812721657088,1,1.0,-0.03713848384757912,3.1575537590689664,1,1.0,-0.03713848384757912,53.16670229638581
2021-11-10,233.09,-0.024891231593038743,True,1.0,-0.024891231593038743,70.66545399423985,0,0.0,-0.0,19.26316836489613,1,1.0,-0.024891231593038743,61.080873017828516,0,0.0,-0.0,2.1319622277855887,0,0.0,-0.0,2.1319622277855887,0,0.0,-0.0,1.832812721657088,1,1.0,-0.024891231593038743,3.0789583571845105,1,1.0,-0.024891231593038743,51.843317596488326
2021-11-11,233.37,0.0012012527349951618,True,1.0,0.0012012527349951618,70.75034106412011,0,0.0,0.0,19.26316836489613,1,1.0,0.0012012527349951618,61.15424658359707,0,0.0,0.0,2.1319622277855887,0,0.0,0.0,2.1319622277855887,0,0.0,0.0,1.832812721657088,1,1.0,0.0012012527349951618,3.0826569643320147,1,1.0,0.0012012527349951618,51.905594523542334
2021-11-12,228.48,-0.020953850109268646,True,1.0,-0.020953850109268646,69.2678490222829,0,0.0,-0.0,19.26316836489613,1,1.0,-0.020953850109268646,59.87282966713912,0,0.0,-0.0,2.1319622277855887,0,0.0,-0.0,2.1319622277855887,0,0.0,-0.0,1.832812721657088,1,1.0,-0.020953850109268646,3.0180634323631086,1,1.0,-0.020953850109268646,50.81797247606355
2021-11-13,241.59,0.05737920168067223,True,1.0,0.05737920168067223,73.24238290131883,0,0.0,0.0,19.26316836489613,1,1.0,0.05737920168067223,63.30828483580243,0,0.0,0.0,2.1319622277855887,0,0.0,0.0,2.1319622277855887,0,0.0,0.0,1.832812721657088,1,1.0,0.05737920168067223,3.1912375027337334,1,1.0,0.05737920168067223,53.733867167770455
2021-11-14,238.64,-0.012210770313340835,True,1.0,-0.012210770313340835,72.34803698650907,0,0.0,-0.0,19.26316836489613,1,1.0,-0.012210770313340835,62.53524191074089,0,0.0,-0.0,2.1319622277855887,0,0.0,-0.0,2.1319622277855887,0,0.0,-0.0,1.832812721657088,1,1.0,-0.012210770313340835,3.1522700345725325,1,1.0,-0.012210770313340835,53.077735257737245
2021-11-15,238.2,-0.0018437814280924947,True,1.0,-0.0018437814280924947,72.2146430195544,0,0.0,-0.0,19.26316836489613,1,1.0,-0.0018437814280924947,62.4199405931046,0,0.0,-0.0,2.1319622277855887,0,0.0,-0.0,2.1319622277855887,0,0.0,-0.0,1.832812721657088,1,1.0,-0.0018437814280924947,3.146457937626455,1,1.0,-0.0018437814280924947,52.97987151522382
2021-11-16,219.04,-0.08043660789252727,True,1.0,-0.08043660789252727,66.40594209489167,0,0.0,-0.0,19.26316836489613,1,1.0,-0.08043660789252727,57.3990923069422,0,0.0,-0.0,2.1319622277855887,0,0.0,-0.0,2.1319622277855887,0,0.0,-0.0,1.832812721657088,1,1.0,-0.08043660789252727,2.893367534247266,1,1.0,-0.08043660789252727,48.718350363957285
2021-11-17,218.94,-0.0004565376186997927,True,1.0,-0.0004565376186997927,66.37562528422015,0,0.0,-0.0,19.26316836489613,1,1.0,-0.0004565376186997927,57.37288746202486,0,0.0,-0.0,2.1319622277855887,0,0.0,-0.0,2.1319622277855887,0,0.0,-0.0,1.832812721657088,1,1.0,-0.0004565376186997927,2.8920466031231573,1,1.0,-0.0004565376186997927,48.69610860429514
2021-11-18,195.01,-0.10929935142048053,False,1.0,-0.10929935142048053,59.120812490526035,0,0.0,-0.0,19.26316836489613,0,1.0,-0.10929935142048053,51.102068073305325,0,0.0,-0.0,2.1319622277855887,0,0.0,-0.0,2.1319622277855887,0,0.0,-0.0,1.832812721657088,0,1.0,-0.10929935142048053,2.5759477851239923,0,1.0,-0.10929935142048053,43.3736555171444
2021-11-19,215.25,0.1037895492538845,True,1.0,0.1037895492538845,65.25693497044115,0,0.0,0.0,19.26316836489613,0,1.0,0.1037895492538845,56.40592868457501,0,0.0,0.0,2.1319622277855887,0,0.0,0.0,2.1319622277855887,0,0.0,0.0,1.832812721657088,1,1.0,0.1037895492538845,2.8433042446435537,0,1.0,0.1037895492538845,47.87538767276208
2021-11-20,217.63,0.011056910569105627,True,1.0,0.011056910569105627,65.97847506442326,0,0.0,0.0,19.26316836489613,1,1.0,0.011056910569105627,57.02960399360771,0,0.0,0.0,2.1319622277855887,0,0.0,0.0,2.1319622277855887,0,0.0,0.0,1.832812721657088,1,1.0,0.011056910569105627,2.874742405397336,1,1.0,0.011056910569105627,48.40474155272107
2021-11-21,230.51,0.059183017047282016,True,1.0,0.059183017047282016,69.8832802789147,0,0.0,0.0,19.26316836489613,1,1.0,0.059183017047282016,60.404788018961135,0,0.0,0.0,2.1319622277855887,0,0.0,0.0,2.1319622277855887,0,0.0,0.0,1.832812721657088,1,1.0,0.059183017047282016,3.044878334182511,1,1.0,0.059183017047282016,51.26948019720504
2021-11-22,215.59,-0.06472604225413214,False,1.0,-0.06472604225413214,65.3600121267243,0,0.0,-0.0,19.26316836489613,0,1.0,-0.06472604225413214,56.49502515729396,0,0.0,-0.0,2.1319622277855887,0,0.0,-0.0,2.1319622277855887,0,0.0,-0.0,1.832812721657088,0,1.0,-0.06472604225413214,2.8477954104655225,0,1.0,-0.06472604225413214,47.951009655613355
2021-11-23,221.75,0.028572753838304266,False,1.0,0.028572753838304266,67.22752766408978,0,0.0,0.0,19.26316836489613,0,1.0,0.028572753838304266,58.10924360420213,0,0.0,0.0,2.1319622277855887,0,0.0,0.0,2.1319622277855887,0,0.0,0.0,1.832812721657088,0,1.0,0.028572753838304266,2.9291647677106067,0,1.0,0.028572753838304266,49.32110205080134
2021-11-24,205.7,-0.07237880496054117,False,1.0,-0.07237880496054117,62.36167955131124,0,0.0,-0.0,19.26316836489613,0,1.0,-0.07237880496054117,53.90336599496901,0,0.0,-0.0,2.1319622277855887,0,0.0,-0.0,2.1319622277855887,0,0.0,-0.0,1.832812721657088,0,1.0,-0.07237880496054117,2.717155322291192,0,1.0,-0.07237880496054117,45.75129962502744
2021-11-25,209.97,0.020758385999027684,False,1.0,0.020758385999027684,63.65620736698503,0,0.0,0.0,19.26316836489613,0,1.0,0.020758385999027684,55.02231287293944,0,0.0,0.0,2.1319622277855887,0,0.0,0.0,2.1319622277855887,0,0.0,0.0,1.832812721657088,0,1.0,0.020758385999027684,2.773559081290625,0,1.0,0.020758385999027684,46.701022762600935
2021-11-26,192.42,-0.0835833690527219,False,1.0,-0.0835833690527219,58.33560709413373,0,0.0,-0.0,19.26316836489613,0,1.0,-0.0835833690527219,50.42336258994621,0,0.0,-0.0,2.1319622277855887,0,0.0,-0.0,2.1319622277855887,0,0.0,-0.0,1.832812721657088,0,1.0,-0.0835833690527219,2.5417356690095825,0,1.0,-0.0835833690527219,42.797593941894895
2021-11-27,192.74,0.001663028791186072,False,1.0,0.001663028791186072,58.43262088828259,0,0.0,0.0,19.26316836489613,0,1.0,0.001663028791186072,50.5072180936817,0,0.0,0.0,2.1319622277855887,0,0.0,0.0,2.1319622277855887,0,0.0,0.0,1.832812721657088,0,1.0,0.001663028791186072,2.54596264860673,0,1.0,0.001663028791186072,42.86876757281376
2021-11-28,200.69,0.04124727612327472,False,1.0,0.04124727612327472,60.842807336668216,0,0.0,0.0,19.26316836489613,0,1.0,0.04124727612327472,52.59050326461025,0,0.0,0.0,2.1319622277855887,0,0.0,0.0,2.1319622277855887,0,0.0,0.0,1.832812721657088,0,1.0,0.04124727612327472,2.6509766729733557,0,1.0,0.04124727612327472,44.63698746595409
2021-11-29,204.09,0.016941551646818542,False,1.0,0.016941551646818542,61.87357889949981,0,0.0,0.0,19.26316836489613,0,1.0,0.016941551646818542,53.481467991799825,0,0.0,0.0,2.1319622277855887,0,0.0,0.0,2.1319622277855887,0,0.0,0.0,1.832812721657088,0,1.0,0.016941551646818542,2.695888331193045,0,1.0,0.016941551646818542,45.39320729446695
2021-11-30,208.53,0.021755108040570237,False,1.0,0.021755108040570237,63.219645293315175,0,0.0,0.0,19.26316836489613,0,1.0,0.021755108040570237,54.64496310612973,0,0.0,0.0,2.1319622277855887,0,0.0,0.0,2.1319622277855887,0,0.0,0.0,1.832812721657088,0,1.0,0.021755108040570237,2.7545376731034623,0,1.0,0.021755108040570237,46.38074142346608
2021-12-01,229.81,0.1020476670023498,False,1.0,0.1020476670023498,69.67106260421407,0,0.0,0.0,19.26316836489613,0,1.0,0.1020476670023498,60.22135410453975,0,0.0,0.0,2.1319622277855887,0,0.0,0.0,2.1319622277855887,0,0.0,0.0,1.832812721657088,0,1.0,0.1020476670023498,3.0356318163137517,0,1.0,0.1020476670023498,51.11378787957003
2021-12-02,233.6,0.016491884600321915,True,1.0,0.016491884600321915,70.82006972866458,0,0.0,0.0,19.26316836489613,1,1.0,0.016491884600321915,61.21451772690694,0,0.0,0.0,2.1319622277855887,0,0.0,0.0,2.1319622277855887,0,0.0,0.0,1.832812721657088,1,1.0,0.016491884600321915,3.0856951059174635,1,1.0,0.016491884600321915,51.95675057076524
2021-12-03,211.65,-0.0939640410958904,False,1.0,-0.0939640410958904,64.16552978626652,0,0.0,-0.0,19.26316836489613,0,1.0,-0.0939640410958904,55.46255426755074,0,0.0,-0.0,2.1319622277855887,0,0.0,-0.0,2.1319622277855887,0,0.0,-0.0,1.832812721657088,0,1.0,-0.0939640410958904,2.795750724175647,0,1.0,-0.0939640410958904,47.074684324924924
2021-12-04,200.67,-0.05187810063784559,False,1.0,-0.05187810063784559,60.8367439745339,0,0.0,-0.0,19.26316836489613,0,1.0,-0.05187810063784559,52.58526229562678,0,0.0,-0.0,2.1319622277855887,0,0.0,-0.0,2.1319622277855887,0,0.0,-0.0,1.832812721657088,0,1.0,-0.05187810063784559,2.650712486748533,0,1.0,-0.05187810063784559,44.632539114021654
2021-12-05,196.43,-0.021129217122639044,False,1.0,-0.021129217122639044,59.55131120206158,0,0.0,-0.0,19.26316836489613,0,1.0,-0.021129217122639044,51.474176871131554,0,0.0,-0.0,2.1319622277855887,0,0.0,-0.0,2.1319622277855887,0,0.0,-0.0,1.832812721657088,0,1.0,-0.021129217122639044,2.5947050070863327,0,1.0,-0.021129217122639044,43.68948850434681
2021-12-06,193.56,-0.01461080283052485,False,1.0,-0.01461080283052485,58.68121873578903,0,0.0,-0.0,19.26316836489613,0,1.0,-0.01461080283052485,50.72209782200389,0,0.0,-0.0,2.1319622277855887,0,0.0,-0.0,2.1319622277855887,0,0.0,-0.0,1.832812721657088,0,1.0,-0.01461080283052485,2.5567942838244186,0,1.0,-0.01461080283052485,43.05115000204332
2021-12-07,190.19,-0.017410622029344958,False,1.0,-0.017410622029344958,57.65954221615889,0,0.0,-0.0,19.26316836489613,0,1.0,-0.017410622029344958,49.83899454828952,0,0.0,-0.0,2.1319622277855887,0,0.0,-0.0,2.1319622277855887,0,0.0,-0.0,1.832812721657088,0,1.0,-0.017410622029344958,2.512278904941962,0,1.0,-0.017410622029344958,42.30160270142911
2021-12-08,194.61,0.02323991797676017,False,1.0,0.02323991797676017,58.99954524783996,0,0.0,0.0,19.26316836489613,0,1.0,0.02323991797676017,50.99724869363597,0,0.0,0.0,2.1319622277855887,0,0.0,0.0,2.1319622277855887,0,0.0,0.0,1.832812721657088,0,1.0,0.02323991797676017,2.570664060627558,0,1.0,0.02323991797676017,43.28468847849582
2021-12-09,181.11,-0.06936950824726373,False,1.0,-0.06936950824726373,54.90677580718512,0,0.0,-0.0,19.26316836489613,0,1.0,-0.06936950824726373,47.45959462979503,0,0.0,-0.0,2.1319622277855887,0,0.0,-0.0,2.1319622277855887,0,0.0,-0.0,1.832812721657088,0,1.0,-0.06936950824726373,2.39233835887291,0,1.0,-0.06936950824726373,40.282050924106564
2021-12-10,167.39,-0.07575506598199999,False,1.0,-0.07575506598199999,50.74730938305293,0,0.0,-0.0,19.26316836489613,0,1.0,-0.07575506598199999,43.864289907135934,0,0.0,-0.0,2.1319622277855887,0,0.0,-0.0,2.1319622277855887,0,0.0,-0.0,1.832812721657088,0,1.0,-0.07575506598199999,2.211106608645223,0,1.0,-0.07575506598199999,37.230481498460584
2021-12-11,172.15,0.028436585220144694,False,1.0,0.028436585220144694,52.190389571017164,0,0.0,0.0,19.26316836489613,0,1.0,0.028436585220144694,45.11164052520134,0,0.0,0.0,2.1319622277855887,0,0.0,0.0,2.1319622277855887,0,0.0,0.0,1.832812721657088,0,1.0,0.028436585220144694,2.2739829301527883,0,1.0,0.028436585220144694,38.28918925837858
2021-12-12,172.8,0.0037757769387163354,False,1.0,0.0037757769387163354,52.387448840382035,0,0.0,0.0,19.26316836489613,0,1.0,0.0037757769387163354,45.28197201716405,0,0.0,0.0,2.1319622277855887,0,0.0,0.0,2.1319622277855887,0,0.0,0.0,1.832812721657088,0,1.0,0.0037757769387163354,2.2825689824594937,0,1.0,0.0037757769387163354,38.43376069618251
2021-12-13,155.21,-0.10179398148148144,False,1.0,-0.10179398148148144,47.05472184326213,0,0.0,-0.0,19.26316836489613,0,1.0,-0.10179398148148144,40.67253979620389,0,0.0,-0.0,2.1319622277855887,0,0.0,-0.0,2.1319622277855887,0,0.0,-0.0,1.832812721657088,0,1.0,-0.10179398148148144,2.050217197728808,0,1.0,-0.10179398148148144,34.52143517161162
2021-12-14,161.26,0.0389794472005669,False,1.0,0.0389794472005669,48.88888888888893,0,0.0,0.0,19.26316836489613,0,1.0,0.0389794472005669,42.25793291370298,0,0.0,0.0,2.1319622277855887,0,0.0,0.0,2.1319622277855887,0,0.0,0.0,1.832812721657088,0,1.0,0.0389794472005669,2.130133530737372,0,1.0,0.0389794472005669,35.86706163117125
2021-12-15,178.52,0.10703212203894341,False,1.0,0.10703212203894341,54.121570410792835,0,0.0,0.0,19.26316836489613,0,1.0,0.10703212203894341,46.78088914643592,0,0.0,0.0,2.1319622277855887,0,0.0,0.0,2.1319622277855887,0,0.0,0.0,1.832812721657088,0,1.0,0.10703212203894341,2.3581262427585,0,1.0,0.10703212203894341,39.705989348857074
2021-12-16,176.86,-0.009298678019269535,False,1.0,-0.009298678019269535,53.618311353645645,0,0.0,-0.0,19.26316836489613,0,1.0,-0.009298678019269535,46.34588872080807,0,0.0,-0.0,2.1319622277855887,0,0.0,-0.0,2.1319622277855887,0,0.0,-0.0,1.832812721657088,0,1.0,-0.009298678019269535,2.336198786098299,0,1.0,-0.009298678019269535,39.3367761384655
2021-12-17,175.51,-0.007633156168721178,False,1.0,-0.007633156168721178,53.20903440958015,0,0.0,-0.0,19.26316836489613,0,1.0,-0.007633156168721178,45.99212331442397,0,0.0,-0.0,2.1319622277855887,0,0.0,-0.0,2.1319622277855887,0,0.0,-0.0,1.832812721657088,0,1.0,-0.007633156168721178,2.3183662159228335,0,1.0,-0.007633156168721178,39.03651238302657
2021-12-18,182.78,0.041422141188536266,False,1.0,0.041422141188536266,55.41306654539946,0,0.0,0.0,19.26316836489613,0,1.0,0.041422141188536266,47.89721553991461,0,0.0,0.0,2.1319622277855887,0,0.0,0.0,2.1319622277855887,0,0.0,0.0,1.832812721657088,0,1.0,0.041422141188536266,2.4143979086455216,0,1.0,0.041422141188536266,40.65348831046434
2021-12-19,179.93,-0.01559251559251551,False,1.0,-0.01559251559251551,54.54903744126122,0,0.0,-0.0,19.26316836489613,0,1.0,-0.01559251559251551,47.15037745977042,0,0.0,-0.0,2.1319622277855887,0,0.0,-0.0,2.1319622277855887,0,0.0,-0.0,1.832812721657088,0,1.0,-0.01559251559251551,2.3767513716084294,0,1.0,-0.01559251559251551,40.01959816009328
2021-12-20,173.9,-0.03351303284610685,False,1.0,-0.03351303284610685,52.72093375776872,0,0.0,-0.0,19.26316836489613,0,1.0,-0.03351303284610685,45.570225311254795,0,0.0,-0.0,2.1319622277855887,0,0.0,-0.0,2.1319622277855887,0,0.0,-0.0,1.832812721657088,0,1.0,-0.03351303284610685,2.2970992248246866,0,1.0,-0.03351303284610685,38.67842005246608
2021-12-21,179.63,0.0329499712478436,False,1.0,0.0329499712478436,54.45808700924667,0,0.0,0.0,19.26316836489613,0,1.0,0.0329499712478436,47.0717629250184,0,0.0,0.0,2.1319622277855887,0,0.0,0.0,2.1319622277855887,0,0.0,0.0,1.832812721657088,0,1.0,0.0329499712478436,2.372788578236104,0,1.0,0.0329499712478436,39.952872881106856
2021-12-22,178.4,-0.006847408562044133,False,1.0,-0.006847408562044133,54.08519023798701,0,0.0,-0.0,19.26316836489613,0,1.0,-0.006847408562044133,46.749443332535115,0,0.0,-0.0,2.1319622277855887,0,0.0,-0.0,2.1319622277855887,0,0.0,-0.0,1.832812721657088,0,1.0,-0.006847408562044133,2.3565411254095694,0,1.0,-0.006847408562044133,39.679299237262505
2021-12-23,190.03,0.06519058295964131,False,1.0,0.06519058295964131,57.61103531908448,0,0.0,0.0,19.26316836489613,0,0.0,-0.001,46.70269388920258,0,0.0,0.0,2.1319622277855887,0,0.0,0.0,2.1319622277855887,0,0.0,0.0,1.832812721657088,0,0.0,-0.001,2.3541845842841598,0,0.0,-0.001,39.63961993802524
2021-12-24,190.36,0.0017365679103300558,False,1.0,0.0017365679103300558,57.71108079430049,0,0.0,0.0,19.26316836489613,0,0.0,0.0,46.70269388920258,0,0.0,0.0,2.1319622277855887,0,0.0,0.0,2.1319622277855887,0,0.0,0.0,1.832812721657088,0,0.0,0.0,2.3541845842841598,0,0.0,0.0,39.63961993802524
2021-12-25,193.1,0.014393780205925522,False,1.0,0.014393780205925522,58.54176140670006,0,0.0,0.0,19.26316836489613,0,0.0,0.0,46.70269388920258,0,0.0,0.0,2.1319622277855887,0,0.0,0.0,2.1319622277855887,0,0.0,0.0,1.832812721657088,0,0.0,0.0,2.3541845842841598,0,0.0,0.0,39.63961993802524
2021-12-26,197.81,0.02439150699119641,True,1.0,0.02439150699119641,59.969683189328535,0,0.0,0.0,19.26316836489613,0,0.0,0.0,46.70269388920258,0,0.0,0.0,2.1319622277855887,0,0.0,0.0,2.1319622277855887,0,0.0,0.0,1.832812721657088,0,0.0,0.0,2.3541845842841598,0,0.0,0.0,39.63961993802524
2021-12-27,195.67,-0.010818462160659292,True,1.0,-0.010818462160659292,59.320903440958055,0,0.0,-0.0,19.26316836489613,0,0.0,-0.0,46.70269388920258,0,0.0,-0.0,2.1319622277855887,0,0.0,-0.0,2.1319622277855887,0,0.0,-0.0,1.832812721657088,0,0.0,-0.0,2.3541845842841598,0,0.0,-0.0,39.63961993802524
2021-12-28,177.32,-0.09378034445750494,False,1.0,-0.09378034445750494,53.75776868273462,0,0.0,-0.0,19.26316836489613,0,0.0,-0.0,46.70269388920258,0,0.0,-0.0,2.1319622277855887,0,0.0,-0.0,2.1319622277855887,0,0.0,-0.0,1.832812721657088,0,0.0,-0.0,2.3541845842841598,0,0.0,-0.0,39.63961993802524
2021-12-29,170.63,-0.03772840063162641,False,1.0,-0.03772840063162641,51.72957404881011,0,0.0,-0.0,19.26316836489613,0,0.0,-0.0,46.70269388920258,0,0.0,-0.0,2.1319622277855887,0,0.0,-0.0,2.1319622277855887,0,0.0,-0.0,1.832812721657088,0,0.0,-0.0,2.3541845842841598,0,0.0,-0.0,39.63961993802524
2021-12-30,172.52,0.01107659848795639,True,1.0,0.01107659848795639,52.30256177050178,0,0.0,0.0,19.26316836489613,0,0.0,0.0,46.70269388920258,0,0.0,0.0,2.1319622277855887,0,0.0,0.0,2.1319622277855887,0,0.0,0.0,1.832812721657088,0,0.0,0.0,2.3541845842841598,0,0.0,0.0,39.63961993802524
2021-12-31,169.99,-0.014664966380709465,False,1.0,-0.014664966380709465,51.53554646051239,0,0.0,-0.0,19.26316836489613,0,0.0,-0.0,46.70269388920258,0,0.0,-0.0,2.1319622277855887,0,0.0,-0.0,2.1319622277855887,0,0.0,-0.0,1.832812721657088,0,0.0,-0.0,2.3541845842841598,0,0.0,-0.0,39.63961993802524
2022-01-01,179.06,0.05335607976939816,True,1.0,0.05335607976939816,54.28528118841902,0,0.0,0.0,19.26316836489613,0,0.0,0.0,46.70269388920258,0,0.0,0.0,2.1319622277855887,0,0.0,0.0,2.1319622277855887,0,0.0,0.0,1.832812721657088,0,0.0,0.0,2.3541845842841598,0,0.0,0.0,39.63961993802524
2022-01-02,176.35,-0.015134591756952975,True,1.0,-0.015134591756952975,53.4636956192209,0,0.0,-0.0,19.26316836489613,0,0.0,-0.0,46.70269388920258,0,0.0,-0.0,2.1319622277855887,0,0.0,-0.0,2.1319622277855887,0,0.0,-0.0,1.832812721657088,0,0.0,-0.0,2.3541845842841598,0,0.0,-0.0,39.63961993802524
2022-01-03,170.15,-0.03515735752764382,True,1.0,-0.03515735752764382,51.584053357586825,0,0.0,-0.0,19.26316836489613,0,0.0,-0.0,46.70269388920258,0,0.0,-0.0,2.1319622277855887,0,0.0,-0.0,2.1319622277855887,0,0.0,-0.0,1.832812721657088,0,0.0,-0.0,2.3541845842841598,0,0.0,-0.0,39.63961993802524
2022-01-04,167.72,-0.014281516309138986,False,1.0,-0.014281516309138986,50.84735485826895,0,0.0,-0.0,19.26316836489613,0,0.0,-0.0,46.70269388920258,0,0.0,-0.0,2.1319622277855887,0,0.0,-0.0,2.1319622277855887,0,0.0,-0.0,1.832812721657088,0,0.0,-0.0,2.3541845842841598,0,0.0,-0.0,39.63961993802524
2022-01-05,154.52,-0.07870259957071302,False,1.0,-0.07870259957071302,46.84553584962866,0,0.0,-0.0,19.26316836489613,0,0.0,-0.0,46.70269388920258,0,0.0,-0.0,2.1319622277855887,0,0.0,-0.0,2.1319622277855887,0,0.0,-0.0,1.832812721657088,0,0.0,-0.0,2.3541845842841598,0,0.0,-0.0,39.63961993802524
2022-01-06,150.26,-0.027569246699456484,False,1.0,-0.027569246699456484,45.554039715022014,0,0.0,-0.0,19.26316836489613,0,0.0,-0.0,46.70269388920258,0,0.0,-0.0,2.1319622277855887,0,0.0,-0.0,2.1319622277855887,0,0.0,-0.0,1.832812721657088,0,0.0,-0.0,2.3541845842841598,0,0.0,-0.0,39.63961993802524
2022-01-07,136.45,-0.09190736057500337,False,1.0,-0.09190736057500337,41.367288161285465,0,0.0,-0.0,19.26316836489613,0,0.0,-0.0,46.70269388920258,0,0.0,-0.0,2.1319622277855887,0,0.0,-0.0,2.1319622277855887,0,0.0,-0.0,1.832812721657088,0,0.0,-0.0,2.3541845842841598,0,0.0,-0.0,39.63961993802524
2022-01-08,142.14,0.04170025650421394,False,1.0,0.04170025650421394,43.0923146884948,0,0.0,0.0,19.26316836489613,0,0.0,0.0,46.70269388920258,0,0.0,0.0,2.1319622277855887,0,0.0,0.0,2.1319622277855887,0,0.0,0.0,1.832812721657088,0,0.0,0.0,2.3541845842841598,0,0.0,0.0,39.63961993802524
2022-01-09,140.82,-0.009286618826509052,False,1.0,-0.009286618826509052,42.692132787630776,0,0.0,-0.0,19.26316836489613,0,0.0,-0.0,46.70269388920258,0,0.0,-0.0,2.1319622277855887,0,0.0,-0.0,2.1319622277855887,0,0.0,-0.0,1.832812721657088,0,0.0,-0.0,2.3541845842841598,0,0.0,-0.0,39.63961993802524
2022-01-10,135.86,-0.03522226956398222,False,1.0,-0.03522226956398222,41.18841897832352,0,0.0,-0.0,19.26316836489613,0,0.0,-0.0,46.70269388920258,0,0.0,-0.0,2.1319622277855887,0,0.0,-0.0,2.1319622277855887,0,0.0,-0.0,1.832812721657088,0,0.0,-0.0,2.3541845842841598,0,0.0,-0.0,39.63961993802524
2022-01-11,140.2,0.031944648903282635,False,1.0,0.031944648903282635,42.50416856146737,0,0.0,0.0,19.26316836489613,0,0.0,0.0,46.70269388920258,0,0.0,0.0,2.1319622277855887,0,0.0,0.0,2.1319622277855887,0,0.0,0.0,1.832812721657088,0,0.0,0.0,2.3541845842841598,0,0.0,0.0,39.63961993802524
2022-01-12,151.51,0.08067047075606282,False,1.0,0.08067047075606282,45.93299984841598,0,0.0,0.0,19.26316836489613,0,0.0,0.0,46.70269388920258,0,0.0,0.0,2.1319622277855887,0,0.0,0.0,2.1319622277855887,0,0.0,0.0,1.832812721657088,0,0.0,0.0,2.3541845842841598,0,0.0,0.0,39.63961993802524
2022-01-13,146.14,-0.03544320506897236,False,1.0,-0.03544320506897236,44.304987115355495,0,0.0,-0.0,19.26316836489613,0,0.0,-0.0,46.70269388920258,0,0.0,-0.0,2.1319622277855887,0,0.0,-0.0,2.1319622277855887,0,0.0,-0.0,1.832812721657088,0,0.0,-0.0,2.3541845842841598,0,0.0,-0.0,39.63961993802524
2022-01-14,146.17,0.00020528260572061363,False,1.0,0.00020528260572061363,44.31408215855695,0,0.0,0.0,19.26316836489613,0,0.0,0.0,46.70269388920258,0,0.0,0.0,2.1319622277855887,0,0.0,0.0,2.1319622277855887,0,0.0,0.0,1.832812721657088,0,0.0,0.0,2.3541845842841598,0,0.0,0.0,39.63961993802524
2022-01-15,147.64,0.01005678319764658,False,1.0,0.01005678319764658,44.75973927542825,0,0.0,0.0,19.26316836489613,0,0.0,0.0,46.70269388920258,0,0.0,0.0,2.1319622277855887,0,0.0,0.0,2.1319622277855887,0,0.0,0.0,1.832812721657088,0,0.0,0.0,2.3541845842841598,0,0.0,0.0,39.63961993802524
2022-01-16,147.98,0.002302898943375764,False,1.0,0.002302898943375764,44.86281643171141,0,0.0,0.0,19.26316836489613,0,0.0,0.0,46.70269388920258,0,0.0,0.0,2.1319622277855887,0,0.0,0.0,2.1319622277855887,0,0.0,0.0,1.832812721657088,0,0.0,0.0,2.3541845842841598,0,0.0,0.0,39.63961993802524
2022-01-17,139.8,-0.05527774023516674,False,1.0,-0.05527774023516674,42.38290131878129,0,0.0,-0.0,19.26316836489613,0,0.0,-0.0,46.70269388920258,0,0.0,-0.0,2.1319622277855887,0,0.0,-0.0,2.1319622277855887,0,0.0,-0.0,1.832812721657088,0,0.0,-0.0,2.3541845842841598,0,0.0,-0.0,39.63961993802524
2022-01-18,141.22,0.010157367668097272,False,1.0,0.010157367668097272,42.81340003031684,0,0.0,0.0,19.26316836489613,0,0.0,0.0,46.70269388920258,0,0.0,0.0,2.1319622277855887,0,0.0,0.0,2.1319622277855887,0,0.0,0.0,1.832812721657088,0,0.0,0.0,2.3541845842841598,0,0.0,0.0,39.63961993802524
2022-01-19,135.25,-0.042274465373176584,False,1.0,-0.042274465373176584,41.00348643322725,0,0.0,-0.0,19.26316836489613,0,0.0,-0.0,46.70269388920258,0,0.0,-0.0,2.1319622277855887,0,0.0,-0.0,2.1319622277855887,0,0.0,-0.0,1.832812721657088,0,0.0,-0.0,2.3541845842841598,0,0.0,-0.0,39.63961993802524
2022-01-20,127.54,-0.057005545286506476,False,1.0,-0.057005545286506476,38.66606033045326,0,0.0,-0.0,19.26316836489613,0,0.0,-0.0,46.70269388920258,0,0.0,-0.0,2.1319622277855887,0,0.0,-0.0,2.1319622277855887,0,0.0,-0.0,1.832812721657088,0,0.0,-0.0,2.3541845842841598,0,0.0,-0.0,39.63961993802524
2022-01-21,112.27,-0.11972714442527843,False,1.0,-0.11972714442527843,34.03668334091255,0,0.0,-0.0,19.26316836489613,0,0.0,-0.0,46.70269388920258,0,0.0,-0.0,2.1319622277855887,0,0.0,-0.0,2.1319622277855887,0,0.0,-0.0,1.832812721657088,0,0.0,-0.0,2.3541845842841598,0,0.0,-0.0,39.63961993802524
2022-01-22,94.54,-0.15792286452302473,False,1.0,-0.15792286452302473,28.661512808852528,0,0.0,-0.0,19.26316836489613,0,0.0,-0.0,46.70269388920258,0,0.0,-0.0,2.1319622277855887,0,0.0,-0.0,2.1319622277855887,0,0.0,-0.0,1.832812721657088,0,0.0,-0.0,2.3541845842841598,0,0.0,-0.0,39.63961993802524
2022-01-23,99.78,0.055426274592764946,False,1.0,0.055426274592764946,30.250113688040038,0,0.0,0.0,19.26316836489613,0,0.0,0.0,46.70269388920258,0,0.0,0.0,2.1319622277855887,0,0.0,0.0,2.1319622277855887,0,0.0,0.0,1.832812721657088,0,0.0,0.0,2.3541845842841598,0,0.0,0.0,39.63961993802524
2022-01-24,91.93,-0.07867308077771096,False,1.0,-0.07867308077771096,27.870244050325923,0,0.0,-0.0,19.26316836489613,0,0.0,-0.0,46.70269388920258,0,0.0,-0.0,2.1319622277855887,0,0.0,-0.0,2.1319622277855887,0,0.0,-0.0,1.832812721657088,0,0.0,-0.0,2.3541845842841598,0,0.0,-0.0,39.63961993802524
2022-01-25,94.67,0.029805286631132244,False,1.0,0.029805286631132244,28.700924662725495,0,0.0,0.0,19.26316836489613,0,0.0,0.0,46.70269388920258,0,0.0,0.0,2.1319622277855887,0,0.0,0.0,2.1319622277855887,0,0.0,0.0,1.832812721657088,0,0.0,0.0,2.3541845842841598,0,0.0,0.0,39.63961993802524
2022-01-26,92.12,-0.026935671279180284,False,1.0,-0.026935671279180284,27.927845990601803,0,0.0,-0.0,19.26316836489613,0,0.0,-0.0,46.70269388920258,0,0.0,-0.0,2.1319622277855887,0,0.0,-0.0,2.1319622277855887,0,0.0,-0.0,1.832812721657088,0,0.0,-0.0,2.3541845842841598,0,0.0,-0.0,39.63961993802524
2022-01-27,89.51,-0.028332609639600492,False,1.0,-0.028332609639600492,27.1365772320752,0,0.0,-0.0,19.26316836489613,0,0.0,-0.0,46.70269388920258,0,0.0,-0.0,2.1319622277855887,0,0.0,-0.0,2.1319622277855887,0,0.0,-0.0,1.832812721657088,0,0.0,-0.0,2.3541845842841598,0,0.0,-0.0,39.63961993802524
2022-01-28,91.34,0.02044464305664162,False,1.0,0.02044464305664162,27.691374867363965,0,0.0,0.0,19.26316836489613,0,0.0,0.0,46.70269388920258,0,0.0,0.0,2.1319622277855887,0,0.0,0.0,2.1319622277855887,0,0.0,0.0,1.832812721657088,0,0.0,0.0,2.3541845842841598,0,0.0,0.0,39.63961993802524
2022-01-29,96.13,0.0524414276330194,False,1.0,0.0524414276330194,29.143550098529644,0,0.0,0.0,19.26316836489613,0,0.0,0.0,46.70269388920258,0,0.0,0.0,2.1319622277855887,0,0.0,0.0,2.1319622277855887,0,0.0,0.0,1.832812721657088,0,0.0,0.0,2.3541845842841598,0,0.0,0.0,39.63961993802524
2022-01-30,93.29,-0.029543326745032683,False,1.0,-0.029543326745032683,28.282552675458554,0,0.0,-0.0,19.26316836489613,0,0.0,-0.0,46.70269388920258,0,0.0,-0.0,2.1319622277855887,0,0.0,-0.0,2.1319622277855887,0,0.0,-0.0,1.832812721657088,0,0.0,-0.0,2.3541845842841598,0,0.0,-0.0,39.63961993802524
2022-01-31,99.49,0.06645942759138168,False,1.0,0.06645942759138168,30.16219493709263,0,0.0,0.0,19.26316836489613,0,0.0,0.0,46.70269388920258,0,0.0,0.0,2.1319622277855887,0,0.0,0.0,2.1319622277855887,0,0.0,0.0,1.832812721657088,0,0.0,0.0,2.3541845842841598,0,0.0,0.0,39.63961993802524
2022-02-01,110.02,0.10583978289275309,False,1.0,0.10583978289275309,33.35455510080341,0,0.0,0.0,19.26316836489613,0,0.0,0.0,46.70269388920258,0,0.0,0.0,2.1319622277855887,0,0.0,0.0,2.1319622277855887,0,0.0,0.0,1.832812721657088,0,0.0,0.0,2.3541845842841598,0,0.0,0.0,39.63961993802524
2022-02-02,101.88,-0.07398654790038173,False,1.0,-0.07398654790038173,30.886766712141895,0,0.0,-0.0,19.26316836489613,0,0.0,-0.0,46.70269388920258,0,0.0,-0.0,2.1319622277855887,0,0.0,-0.0,2.1319622277855887,0,0.0,-0.0,1.832812721657088,0,0.0,-0.0,2.3541845842841598,0,0.0,-0.0,39.63961993802524
2022-02-03,101.77,-0.001079701609736916,False,1.0,-0.001079701609736916,30.853418220403228,0,0.0,-0.0,19.26316836489613,0,0.0,-0.0,46.70269388920258,0,0.0,-0.0,2.1319622277855887,0,0.0,-0.0,2.1319622277855887,0,0.0,-0.0,1.832812721657088,0,0.0,-0.0,2.3541845842841598,0,0.0,-0.0,39.63961993802524
2022-02-04,112.62,0.10661295077134714,False,1.0,0.10661295077134714,34.14279217826286,0,0.0,0.0,19.26316836489613,0,0.0,0.0,46.70269388920258,0,0.0,0.0,2.1319622277855887,0,0.0,0.0,2.1319622277855887,0,0.0,0.0,1.832812721657088,0,0.0,0.0,2.3541845842841598,0,0.0,0.0,39.63961993802524
2022-02-05,113.75,0.010033741786538819,False,1.0,0.010033741786538819,34.485372138851005,0,0.0,0.0,19.26316836489613,0,0.0,0.0,46.70269388920258,0,0.0,0.0,2.1319622277855887,0,0.0,0.0,2.1319622277855887,0,0.0,0.0,1.832812721657088,0,0.0,0.0,2.3541845842841598,0,0.0,0.0,39.63961993802524
2022-02-06,115.28,0.013450549450549465,False,1.0,0.013450549450549465,34.94921934212522,0,0.0,0.0,19.26316836489613,0,0.0,0.0,46.70269388920258,0,0.0,0.0,2.1319622277855887,0,0.0,0.0,2.1319622277855887,0,0.0,0.0,1.832812721657088,0,0.0,0.0,2.3541845842841598,0,0.0,0.0,39.63961993802524
2022-02-07,117.55,0.019691186675919514,False,1.0,0.019691186675919514,35.63741094436866,0,0.0,0.0,19.26316836489613,0,0.0,0.0,46.70269388920258,0,0.0,0.0,2.1319622277855887,0,0.0,0.0,2.1319622277855887,0,0.0,0.0,1.832812721657088,0,0.0,0.0,2.3541845842841598,0,0.0,0.0,39.63961993802524
2022-02-08,113.45,-0.0348787749893662,False,1.0,-0.0348787749893662,34.39442170683645,0,0.0,-0.0,19.26316836489613,0,0.0,-0.0,46.70269388920258,0,0.0,-0.0,2.1319622277855887,0,0.0,-0.0,2.1319622277855887,0,0.0,-0.0,1.832812721657088,0,0.0,-0.0,2.3541845842841598,0,0.0,-0.0,39.63961993802524
2022-02-09,113.93,0.004230938739532952,False,1.0,0.004230938739532952,34.539942398059736,0,0.0,0.0,19.26316836489613,0,0.0,0.0,46.70269388920258,0,0.0,0.0,2.1319622277855887,0,0.0,0.0,2.1319622277855887,0,0.0,0.0,1.832812721657088,0,0.0,0.0,2.3541845842841598,0,0.0,0.0,39.63961993802524
2022-02-10,106.17,-0.06811199859562889,False,1.0,-0.06811199859562889,32.187357889949986,0,0.0,-0.0,19.26316836489613,0,0.0,-0.0,46.70269388920258,0,0.0,-0.0,2.1319622277855887,0,0.0,-0.0,2.1319622277855887,0,0.0,-0.0,1.832812721657088,0,0.0,-0.0,2.3541845842841598,0,0.0,-0.0,39.63961993802524
2022-02-11,96.53,-0.09079777714985404,True,1.0,-0.09079777714985404,29.26481734121571,0,0.0,-0.0,19.26316836489613,0,0.0,-0.0,46.70269388920258,0,0.0,-0.0,2.1319622277855887,0,0.0,-0.0,2.1319622277855887,0,0.0,-0.0,1.832812721657088,0,0.0,-0.0,2.3541845842841598,0,0.0,-0.0,39.63961993802524
2022-02-12,95.96,-0.005904900031078464,False,1.0,-0.005904900031078464,29.09201152038806,0,0.0,-0.0,19.26316836489613,0,0.0,-0.0,46.70269388920258,0,0.0,-0.0,2.1319622277855887,0,0.0,-0.0,2.1319622277855887,0,0.0,-0.0,1.832812721657088,0,0.0,-0.0,2.3541845842841598,0,0.0,-0.0,39.63961993802524
2022-02-13,92.85,-0.032409337223843315,True,1.0,-0.032409337223843315,28.14915870850387,0,0.0,-0.0,19.26316836489613,0,0.0,-0.0,46.70269388920258,0,0.0,-0.0,2.1319622277855887,0,0.0,-0.0,2.1319622277855887,0,0.0,-0.0,1.832812721657088,0,0.0,-0.0,2.3541845842841598,0,0.0,-0.0,39.63961993802524
2022-02-14,96.37,0.03791060850834693,True,1.0,0.03791060850834693,29.216310444141282,0,0.0,0.0,19.26316836489613,0,0.0,0.0,46.70269388920258,0,0.0,0.0,2.1319622277855887,0,0.0,0.0,2.1319622277855887,0,0.0,0.0,1.832812721657088,0,0.0,0.0,2.3541845842841598,0,0.0,0.0,39.63961993802524
2022-02-15,105.52,0.09494656013282143,True,1.0,0.09494656013282143,31.990298620585122,0,0.0,0.0,19.26316836489613,0,0.0,0.0,46.70269388920258,0,0.0,0.0,2.1319622277855887,0,0.0,0.0,2.1319622277855887,0,0.0,0.0,1.832812721657088,0,0.0,0.0,2.3541845842841598,0,0.0,0.0,39.63961993802524
2022-02-16,101.86,-0.03468536770280517,True,1.0,-0.03468536770280517,30.880703350007586,0,0.0,-0.0,19.26316836489613,0,0.0,-0.0,46.70269388920258,0,0.0,-0.0,2.1319622277855887,0,0.0,-0.0,2.1319622277855887,0,0.0,-0.0,1.832812721657088,0,0.0,-0.0,2.3541845842841598,0,0.0,-0.0,39.63961993802524
2022-02-17,93.52,-0.08187708619674061,True,1.0,-0.08187708619674061,28.35228134000304,0,0.0,-0.0,19.26316836489613,0,0.0,-0.0,46.70269388920258,0,0.0,-0.0,2.1319622277855887,0,0.0,-0.0,2.1319622277855887,0,0.0,-0.0,1.832812721657088,0,0.0,-0.0,2.3541845842841598,0,0.0,-0.0,39.63961993802524
2022-02-18,89.86,-0.039136013686911886,False,1.0,-0.039136013686911886,27.242686069425503,0,0.0,-0.0,19.26316836489613,0,0.0,-0.0,46.70269388920258,0,0.0,-0.0,2.1319622277855887,0,0.0,-0.0,2.1319622277855887,0,0.0,-0.0,1.832812721657088,0,0.0,-0.0,2.3541845842841598,0,0.0,-0.0,39.63961993802524
2022-02-19,91.27,0.015691075005564104,False,1.0,0.015691075005564104,27.670153099893895,0,0.0,0.0,19.26316836489613,0,0.0,0.0,46.70269388920258,0,0.0,0.0,2.1319622277855887,0,0.0,0.0,2.1319622277855887,0,0.0,0.0,1.832812721657088,0,0.0,0.0,2.3541845842841598,0,0.0,0.0,39.63961993802524
2022-02-20,90.72,-0.006026076476388753,False,1.0,-0.006026076476388753,27.50341064120055,0,0.0,-0.0,19.26316836489613,0,0.0,-0.0,46.70269388920258,0,0.0,-0.0,2.1319622277855887,0,0.0,-0.0,2.1319622277855887,0,0.0,-0.0,1.832812721657088,0,0.0,-0.0,2.3541845842841598,0,0.0,-0.0,39.63961993802524
2022-02-21,82.96,-0.08553791887125228,False,1.0,-0.08553791887125228,25.1508261330908,0,0.0,-0.0,19.26316836489613,0,0.0,-0.0,46.70269388920258,0,0.0,-0.0,2.1319622277855887,0,0.0,-0.0,2.1319622277855887,0,0.0,-0.0,1.832812721657088,0,0.0,-0.0,2.3541845842841598,0,0.0,-0.0,39.63961993802524
2022-02-22,86.38,0.0412246865959498,False,1.0,0.0412246865959498,26.18766105805669,0,0.0,0.0,19.26316836489613,0,0.0,0.0,46.70269388920258,0,0.0,0.0,2.1319622277855887,0,0.0,0.0,2.1319622277855887,0,0.0,0.0,1.832812721657088,0,0.0,0.0,2.3541845842841598,0,0.0,0.0,39.63961993802524
2022-02-23,84.59,-0.020722389442000333,False,1.0,-0.020722389442000333,25.644990147036534,0,0.0,-0.0,19.26316836489613,0,0.0,-0.0,46.70269388920258,0,0.0,-0.0,2.1319622277855887,0,0.0,-0.0,2.1319622277855887,0,0.0,-0.0,1.832812721657088,0,0.0,-0.0,2.3541845842841598,0,0.0,-0.0,39.63961993802524
2022-02-24,89.36,0.056389644165977026,False,1.0,0.056389644165977026,27.09110201606791,0,0.0,0.0,19.26316836489613,0,0.0,0.0,46.70269388920258,0,0.0,0.0,2.1319622277855887,0,0.0,0.0,2.1319622277855887,0,0.0,0.0,1.832812721657088,0,0.0,0.0,2.3541845842841598,0,0.0,0.0,39.63961993802524
2022-02-25,92.71,0.03748880931065357,False,1.0,0.03748880931065357,28.106715173563742,0,0.0,0.0,19.26316836489613,0,0.0,0.0,46.70269388920258,0,0.0,0.0,2.1319622277855887,0,0.0,0.0,2.1319622277855887,0,0.0,0.0,1.832812721657088,0,0.0,0.0,2.3541845842841598,0,0.0,0.0,39.63961993802524
2022-02-26,90.23,-0.026750080897421924,False,1.0,-0.026750080897421924,27.354858268910117,0,0.0,-0.0,19.26316836489613,0,0.0,-0.0,46.70269388920258,0,0.0,-0.0,2.1319622277855887,0,0.0,-0.0,2.1319622277855887,0,0.0,-0.0,1.832812721657088,0,0.0,-0.0,2.3541845842841598,0,0.0,-0.0,39.63961993802524
2022-02-27,85.63,-0.050980826776016896,False,1.0,-0.050980826776016896,25.96028497802032,0,0.0,-0.0,19.26316836489613,0,0.0,-0.0,46.70269388920258,0,0.0,-0.0,2.1319622277855887,0,0.0,-0.0,2.1319622277855887,0,0.0,-0.0,1.832812721657088,0,0.0,-0.0,2.3541845842841598,0,0.0,-0.0,39.63961993802524
2022-02-28,99.68,0.16407801004320932,False,1.0,0.16407801004320932,30.219796877368513,0,0.0,0.0,19.26316836489613,0,0.0,0.0,46.70269388920258,0,0.0,0.0,2.1319622277855887,0,0.0,0.0,2.1319622277855887,0,0.0,0.0,1.832812721657088,0,0.0,0.0,2.3541845842841598,0,0.0,0.0,39.63961993802524
2022-03-01,98.66,-0.010232744783306713,False,1.0,-0.010232744783306713,29.91056540851903,0,0.0,-0.0,19.26316836489613,0,0.0,-0.0,46.70269388920258,0,0.0,-0.0,2.1319622277855887,0,0.0,-0.0,2.1319622277855887,0,0.0,-0.0,1.832812721657088,0,0.0,-0.0,2.3541845842841598,0,0.0,-0.0,39.63961993802524
2022-03-02,100.68,0.020474356375430824,False,1.0,0.020474356375430824,30.522964984083682,0,0.0,0.0,19.26316836489613,0,0.0,0.0,46.70269388920258,0,0.0,0.0,2.1319622277855887,0,0.0,0.0,2.1319622277855887,0,0.0,0.0,1.832812721657088,0,0.0,0.0,2.3541845842841598,0,0.0,0.0,39.63961993802524
2022-03-03,95.62,-0.05025824394119982,False,1.0,-0.05025824394119982,28.988934364104903,0,0.0,-0.0,19.26316836489613,0,0.0,-0.0,46.70269388920258,0,0.0,-0.0,2.1319622277855887,0,0.0,-0.0,2.1319622277855887,0,0.0,-0.0,1.832812721657088,0,0.0,-0.0,2.3541845842841598,0,0.0,-0.0,39.63961993802524
2022-03-04,88.32,-0.07634386111692126,False,1.0,-0.07634386111692126,26.775807185084133,0,0.0,-0.0,19.26316836489613,0,0.0,-0.0,46.70269388920258,0,0.0,-0.0,2.1319622277855887,0,0.0,-0.0,2.1319622277855887,0,0.0,-0.0,1.832812721657088,0,0.0,-0.0,2.3541845842841598,0,0.0,-0.0,39.63961993802524
2022-03-05,89.63,0.014832427536231929,False,1.0,0.014832427536231929,27.17295740488101,0,0.0,0.0,19.26316836489613,0,0.0,0.0,46.70269388920258,0,0.0,0.0,2.1319622277855887,0,0.0,0.0,2.1319622277855887,0,0.0,0.0,1.832812721657088,0,0.0,0.0,2.3541845842841598,0,0.0,0.0,39.63961993802524
2022-03-06,84.57,-0.05645431217226382,False,1.0,-0.05645431217226382,25.63892678490223,0,0.0,-0.0,19.26316836489613,0,0.0,-0.0,46.70269388920258,0,0.0,-0.0,2.1319622277855887,0,0.0,-0.0,2.1319622277855887,0,0.0,-0.0,1.832812721657088,0,0.0,-0.0,2.3541845842841598,0,0.0,-0.0,39.63961993802524
2022-03-07,81.66,-0.0344093650230578,False,1.0,-0.0344093650230578,24.756707594361078,0,0.0,-0.0,19.26316836489613,0,0.0,-0.0,46.70269388920258,0,0.0,-0.0,2.1319622277855887,0,0.0,-0.0,2.1319622277855887,0,0.0,-0.0,1.832812721657088,0,0.0,-0.0,2.3541845842841598,0,0.0,-0.0,39.63961993802524
2022-03-08,82.32,0.008082292432035176,False,1.0,0.008082292432035176,24.95679854479309,0,0.0,0.0,19.26316836489613,0,0.0,0.0,46.70269388920258,0,0.0,0.0,2.1319622277855887,0,0.0,0.0,2.1319622277855887,0,0.0,0.0,1.832812721657088,0,0.0,0.0,2.3541845842841598,0,0.0,0.0,39.63961993802524
2022-03-09,88.06,0.06972789115646272,False,1.0,0.06972789115646272,26.69698347733819,0,0.0,0.0,19.26316836489613,0,0.0,0.0,46.70269388920258,0,0.0,0.0,2.1319622277855887,0,0.0,0.0,2.1319622277855887,0,0.0,0.0,1.832812721657088,0,0.0,0.0,2.3541845842841598,0,0.0,0.0,39.63961993802524
2022-03-10,82.87,-0.05893708834885303,False,1.0,-0.05893708834885303,25.12354100348644,0,0.0,-0.0,19.26316836489613,0,0.0,-0.0,46.70269388920258,0,0.0,-0.0,2.1319622277855887,0,0.0,-0.0,2.1319622277855887,0,0.0,-0.0,1.832812721657088,0,0.0,-0.0,2.3541845842841598,0,0.0,-0.0,39.63961993802524
2022-03-11,80.67,-0.0265476046820321,False,1.0,-0.0265476046820321,24.456571168713058,0,0.0,-0.0,19.26316836489613,0,0.0,-0.0,46.70269388920258,0,0.0,-0.0,2.1319622277855887,0,0.0,-0.0,2.1319622277855887,0,0.0,-0.0,1.832812721657088,0,0.0,-0.0,2.3541845842841598,0,0.0,-0.0,39.63961993802524
2022-03-12,81.38,0.008801289202925444,False,1.0,0.008801289202925444,24.67182052448083,0,0.0,0.0,19.26316836489613,0,0.0,0.0,46.70269388920258,0,0.0,0.0,2.1319622277855887,0,0.0,0.0,2.1319622277855887,0,0.0,0.0,1.832812721657088,0,0.0,0.0,2.3541845842841598,0,0.0,0.0,39.63961993802524
2022-03-13,78.73,-0.03256328336200531,False,1.0,-0.03256328336200531,23.868425041685622,0,0.0,-0.0,19.26316836489613,0,0.0,-0.0,46.70269388920258,0,0.0,-0.0,2.1319622277855887,0,0.0,-0.0,2.1319622277855887,0,0.0,-0.0,1.832812721657088,0,0.0,-0.0,2.3541845842841598,0,0.0,-0.0,39.63961993802524
2022-03-14,81.22,0.031627079893306265,False,1.0,0.031627079893306265,24.623313627406404,0,0.0,0.0,19.26316836489613,0,0.0,0.0,46.70269388920258,0,0.0,0.0,2.1319622277855887,0,0.0,0.0,2.1319622277855887,0,0.0,0.0,1.832812721657088,0,0.0,0.0,2.3541845842841598,0,0.0,0.0,39.63961993802524
2022-03-15,82.84,0.019945826151194446,False,1.0,0.019945826151194446,25.11444596028499,0,0.0,0.0,19.26316836489613,0,0.0,0.0,46.70269388920258,0,0.0,0.0,2.1319622277855887,0,0.0,0.0,2.1319622277855887,0,0.0,0.0,1.832812721657088,0,0.0,0.0,2.3541845842841598,0,0.0,0.0,39.63961993802524
2022-03-16,87.77,0.059512312892322505,False,1.0,0.059512312892322505,26.609064726390795,0,0.0,0.0,19.26316836489613,0,0.0,0.0,46.70269388920258,0,0.0,0.0,2.1319622277855887,0,0.0,0.0,2.1319622277855887,0,0.0,0.0,1.832812721657088,0,0.0,0.0,2.3541845842841598,0,0.0,0.0,39.63961993802524
2022-03-17,87.8,0.0003418024381907081,False,1.0,0.0003418024381907081,26.61815976959225,0,0.0,0.0,19.26316836489613,0,0.0,0.0,46.70269388920258,0,0.0,0.0,2.1319622277855887,0,0.0,0.0,2.1319622277855887,0,0.0,0.0,1.832812721657088,0,0.0,0.0,2.3541845842841598,0,0.0,0.0,39.63961993802524
2022-03-18,89.8,0.02277904328018221,False,1.0,0.02277904328018221,27.224495983022596,0,0.0,0.0,19.26316836489613,0,0.0,0.0,46.70269388920258,0,0.0,0.0,2.1319622277855887,0,0.0,0.0,2.1319622277855887,0,0.0,0.0,1.832812721657088,0,0.0,0.0,2.3541845842841598,0,0.0,0.0,39.63961993802524
2022-03-19,92.31,0.027951002227171617,True,1.0,0.027951002227171617,27.985447930877687,0,0.0,0.0,19.26316836489613,0,0.0,0.0,46.70269388920258,0,0.0,0.0,2.1319622277855887,0,0.0,0.0,2.1319622277855887,0,0.0,0.0,1.832812721657088,0,0.0,0.0,2.3541845842841598,0,0.0,0.0,39.63961993802524
2022-03-20,88.62,-0.03997400064998369,False,1.0,-0.03997400064998369,26.8667576170987,0,0.0,-0.0,19.26316836489613,0,0.0,-0.0,46.70269388920258,0,0.0,-0.0,2.1319622277855887,0,0.0,-0.0,2.1319622277855887,0,0.0,-0.0,1.832812721657088,0,0.0,-0.0,2.3541845842841598,0,0.0,-0.0,39.63961993802524
2022-03-21,88.59,-0.0003385240352065111,False,1.0,-0.0003385240352065111,26.857662573897244,0,0.0,-0.0,19.26316836489613,0,0.0,-0.0,46.70269388920258,0,0.0,-0.0,2.1319622277855887,0,0.0,-0.0,2.1319622277855887,0,0.0,-0.0,1.832812721657088,0,0.0,-0.0,2.3541845842841598,0,0.0,-0.0,39.63961993802524
2022-03-22,90.43,0.020769838582232802,False,1.0,0.020769838582232802,27.415491890253165,0,0.0,0.0,19.26316836489613,0,0.0,0.0,46.70269388920258,0,0.0,0.0,2.1319622277855887,0,0.0,0.0,2.1319622277855887,0,0.0,0.0,1.832812721657088,0,0.0,0.0,2.3541845842841598,0,0.0,0.0,39.63961993802524
2022-03-23,94.89,0.04931991595709384,False,1.0,0.04931991595709384,28.767621646202837,0,0.0,0.0,19.26316836489613,0,0.0,0.0,46.70269388920258,0,0.0,0.0,2.1319622277855887,0,0.0,0.0,2.1319622277855887,0,0.0,0.0,1.832812721657088,0,0.0,0.0,2.3541845842841598,0,0.0,0.0,39.63961993802524
2022-03-24,102.32,0.07830119085256615,True,1.0,0.07830119085256615,31.020160679096577,0,0.0,0.0,19.26316836489613,0,0.0,0.0,46.70269388920258,0,0.0,0.0,2.1319622277855887,0,0.0,0.0,2.1319622277855887,0,0.0,0.0,1.832812721657088,0,0.0,0.0,2.3541845842841598,0,0.0,0.0,39.63961993802524
2022-03-25,98.6,-0.03635652853792026,True,1.0,-0.03635652853792026,29.89237532211613,0,0.0,-0.0,19.26316836489613,0,0.0,-0.0,46.70269388920258,0,0.0,-0.0,2.1319622277855887,0,0.0,-0.0,2.1319622277855887,0,0.0,-0.0,1.832812721657088,0,0.0,-0.0,2.3541845842841598,0,0.0,-0.0,39.63961993802524
2022-03-26,101.73,0.0317444219066938,True,1.0,0.0317444219066938,30.841291496134627,0,0.0,0.0,19.26316836489613,0,0.0,0.0,46.70269388920258,0,0.0,0.0,2.1319622277855887,0,0.0,0.0,2.1319622277855887,0,0.0,0.0,1.832812721657088,0,0.0,0.0,2.3541845842841598,0,0.0,0.0,39.63961993802524
2022-03-27,107.04,0.05219699203774697,True,1.0,0.05219699203774697,32.4511141427922,0,0.0,0.0,19.26316836489613,0,0.0,0.0,46.70269388920258,0,0.0,0.0,2.1319622277855887,0,0.0,0.0,2.1319622277855887,0,0.0,0.0,1.832812721657088,0,0.0,0.0,2.3541845842841598,0,0.0,0.0,39.63961993802524
2022-03-28,105.75,-0.012051569506726478,True,1.0,-0.012051569506726478,32.06002728512963,0,0.0,-0.0,19.26316836489613,0,0.0,-0.0,46.70269388920258,0,0.0,-0.0,2.1319622277855887,0,0.0,-0.0,2.1319622277855887,0,0.0,-0.0,1.832812721657088,0,0.0,-0.0,2.3541845842841598,0,0.0,-0.0,39.63961993802524
2022-03-29,111.62,0.05550827423167859,True,1.0,0.05550827423167859,33.8396240715477,0,0.0,0.0,19.26316836489613,0,0.0,0.0,46.70269388920258,0,0.0,0.0,2.1319622277855887,0,0.0,0.0,2.1319622277855887,0,0.0,0.0,1.832812721657088,0,0.0,0.0,2.3541845842841598,0,0.0,0.0,39.63961993802524
2022-03-30,120.82,0.0824225049274323,True,1.0,0.0824225049274323,36.6287706533273,0,0.0,0.0,19.26316836489613,0,0.0,0.0,46.70269388920258,0,0.0,0.0,2.1319622277855887,0,0.0,0.0,2.1319622277855887,0,0.0,0.0,1.832812721657088,0,0.0,0.0,2.3541845842841598,0,0.0,0.0,39.63961993802524
2022-03-31,122.77,0.016139711968217174,True,1.0,0.016139711968217174,37.219948461421886,0,0.0,0.0,19.26316836489613,0,0.0,0.0,46.70269388920258,0,0.0,0.0,2.1319622277855887,0,0.0,0.0,2.1319622277855887,0,0.0,0.0,1.832812721657088,0,0.0,0.0,2.3541845842841598,0,0.0,0.0,39.63961993802524
2022-04-01,134.52,0.09570742037957158,True,1.0,0.09570742037957158,40.78217371532518,0,0.0,0.0,19.26316836489613,0,0.0,0.0,46.70269388920258,0,0.0,0.0,2.1319622277855887,0,0.0,0.0,2.1319622277855887,0,0.0,0.0,1.832812721657088,0,0.0,0.0,2.3541845842841598,0,0.0,0.0,39.63961993802524
2022-04-02,132.49,-0.015090692833779396,True,1.0,-0.015090692833779396,40.16674245869338,0,0.0,-0.0,19.26316836489613,0,0.0,-0.0,46.70269388920258,0,0.0,-0.0,2.1319622277855887,0,0.0,-0.0,2.1319622277855887,0,0.0,-0.0,1.832812721657088,0,0.0,-0.0,2.3541845842841598,0,0.0,-0.0,39.63961993802524
2022-04-03,136.9,0.03328553098347031,True,1.0,0.03328553098347031,41.503713809307285,0,0.0,0.0,19.26316836489613,0,0.0,0.0,46.70269388920258,0,0.0,0.0,2.1319622277855887,0,0.0,0.0,2.1319622277855887,0,0.0,0.0,1.832812721657088,0,0.0,0.0,2.3541845842841598,0,0.0,0.0,39.63961993802524
2022-04-04,132.14,-0.03476990504017541,True,1.0,-0.03476990504017541,40.06063362134305,0,0.0,-0.0,19.26316836489613,0,0.0,-0.0,46.70269388920258,0,0.0,-0.0,2.1319622277855887,0,0.0,-0.0,2.1319622277855887,0,0.0,-0.0,1.832812721657088,0,0.0,-0.0,2.3541845842841598,0,0.0,-0.0,39.63961993802524
2022-04-05,126.87,-0.03988194339337059,True,1.0,-0.03988194339337059,38.462937698954086,0,0.0,-0.0,19.26316836489613,0,0.0,-0.0,46.70269388920258,0,0.0,-0.0,2.1319622277855887,0,0.0,-0.0,2.1319622277855887,0,0.0,-0.0,1.832812721657088,0,0.0,-0.0,2.3541845842841598,0,0.0,-0.0,39.63961993802524
2022-04-06,112.95,-0.10971860960037838,True,1.0,-0.10971860960037838,34.242837653478865,0,0.0,-0.0,19.26316836489613,0,0.0,-0.0,46.70269388920258,0,0.0,-0.0,2.1319622277855887,0,0.0,-0.0,2.1319622277855887,0,0.0,-0.0,1.832812721657088,0,0.0,-0.0,2.3541845842841598,0,0.0,-0.0,39.63961993802524
2022-04-07,118.48,0.04895971668880028,True,1.0,0.04895971668880028,35.91935728361377,0,0.0,0.0,19.26316836489613,0,0.0,0.0,46.70269388920258,0,0.0,0.0,2.1319622277855887,0,0.0,0.0,2.1319622277855887,0,0.0,0.0,1.832812721657088,0,0.0,0.0,2.3541845842841598,0,0.0,0.0,39.63961993802524
2022-04-08,109.92,-0.07224848075624579,True,1.0,-0.07224848075624579,33.32423829013188,0,0.0,-0.0,19.26316836489613,0,0.0,-0.0,46.70269388920258,0,0.0,-0.0,2.1319622277855887,0,0.0,-0.0,2.1319622277855887,0,0.0,-0.0,1.832812721657088,0,0.0,-0.0,2.3541845842841598,0,0.0,-0.0,39.63961993802524
2022-04-09,112.96,0.027656477438136706,True,1.0,0.027656477438136706,34.24586933454601,0,0.0,0.0,19.26316836489613,0,0.0,0.0,46.70269388920258,0,0.0,0.0,2.1319622277855887,0,0.0,0.0,2.1319622277855887,0,0.0,0.0,1.832812721657088,0,0.0,0.0,2.3541845842841598,0,0.0,0.0,39.63961993802524
2022-04-10,111.07,-0.01673158640226624,True,1.0,-0.01673158640226624,33.67288161285433,0,0.0,-0.0,19.26316836489613,0,0.0,-0.0,46.70269388920258,0,0.0,-0.0,2.1319622277855887,0,0.0,-0.0,2.1319622277855887,0,0.0,-0.0,1.832812721657088,0,0.0,-0.0,2.3541845842841598,0,0.0,-0.0,39.63961993802524
2022-04-11,99.67,-0.10263797605113889,True,1.0,-0.10263797605113889,30.216765196301356,0,0.0,-0.0,19.26316836489613,0,0.0,-0.0,46.70269388920258,0,0.0,-0.0,2.1319622277855887,0,0.0,-0.0,2.1319622277855887,0,0.0,-0.0,1.832812721657088,0,0.0,-0.0,2.3541845842841598,0,0.0,-0.0,39.63961993802524
2022-04-12,103.22,0.03561753787498745,True,1.0,0.03561753787498745,31.29301197514022,0,0.0,0.0,19.26316836489613,0,0.0,0.0,46.70269388920258,0,0.0,0.0,2.1319622277855887,0,0.0,0.0,2.1319622277855887,0,0.0,0.0,1.832812721657088,0,0.0,0.0,2.3541845842841598,0,0.0,0.0,39.63961993802524
2022-04-13,104.94,0.016663437318349184,True,1.0,0.016663437318349184,31.81446111869032,0,0.0,0.0,19.26316836489613,0,0.0,0.0,46.70269388920258,0,0.0,0.0,2.1319622277855887,0,0.0,0.0,2.1319622277855887,0,0.0,0.0,1.832812721657088,0,0.0,0.0,2.3541845842841598,0,0.0,0.0,39.63961993802524
2022-04-14,100.77,-0.03973699256718122,True,1.0,-0.03973699256718122,30.550250113688048,0,0.0,-0.0,19.26316836489613,0,0.0,-0.0,46.70269388920258,0,0.0,-0.0,2.1319622277855887,0,0.0,-0.0,2.1319622277855887,0,0.0,-0.0,1.832812721657088,0,0.0,-0.0,2.3541845842841598,0,0.0,-0.0,39.63961993802524
2022-04-15,101.31,0.005358737719559414,False,1.0,0.005358737719559414,30.71396089131424,0,0.0,0.0,19.26316836489613,0,0.0,0.0,46.70269388920258,0,0.0,0.0,2.1319622277855887,0,0.0,0.0,2.1319622277855887,0,0.0,0.0,1.832812721657088,0,0.0,0.0,2.3541845842841598,0,0.0,0.0,39.63961993802524
2022-04-16,102.06,0.007403020432336316,False,1.0,0.007403020432336316,30.94133697135062,0,0.0,0.0,19.26316836489613,0,0.0,0.0,46.70269388920258,0,0.0,0.0,2.1319622277855887,0,0.0,0.0,2.1319622277855887,0,0.0,0.0,1.832812721657088,0,0.0,0.0,2.3541845842841598,0,0.0,0.0,39.63961993802524
2022-04-17,100.15,-0.018714481677444605,False,1.0,-0.018714481677444605,30.36228588752464,0,0.0,-0.0,19.26316836489613,0,0.0,-0.0,46.70269388920258,0,0.0,-0.0,2.1319622277855887,0,0.0,-0.0,2.1319622277855887,0,0.0,-0.0,1.832812721657088,0,0.0,-0.0,2.3541845842841598,0,0.0,-0.0,39.63961993802524
2022-04-18,102.33,0.021767348976535095,False,1.0,0.021767348976535095,31.023192360163716,0,0.0,0.0,19.26316836489613,0,0.0,0.0,46.70269388920258,0,0.0,0.0,2.1319622277855887,0,0.0,0.0,2.1319622277855887,0,0.0,0.0,1.832812721657088,0,0.0,0.0,2.3541845842841598,0,0.0,0.0,39.63961993802524
2022-04-19,108.51,0.06039284667253009,False,1.0,0.06039284667253009,32.89677125966349,0,0.0,0.0,19.26316836489613,0,0.0,0.0,46.70269388920258,0,0.0,0.0,2.1319622277855887,0,0.0,0.0,2.1319622277855887,0,0.0,0.0,1.832812721657088,0,0.0,0.0,2.3541845842841598,0,0.0,0.0,39.63961993802524
2022-04-20,105.59,-0.026909962215464045,False,1.0,-0.026909962215464045,32.01152038805518,0,0.0,-0.0,19.26316836489613,0,0.0,-0.0,46.70269388920258,0,0.0,-0.0,2.1319622277855887,0,0.0,-0.0,2.1319622277855887,0,0.0,-0.0,1.832812721657088,0,0.0,-0.0,2.3541845842841598,0,0.0,-0.0,39.63961993802524
2022-04-21,101.78,-0.03608296240174258,False,1.0,-0.03608296240174258,30.85644990147037,0,0.0,-0.0,19.26316836489613,0,0.0,-0.0,46.70269388920258,0,0.0,-0.0,2.1319622277855887,0,0.0,-0.0,2.1319622277855887,0,0.0,-0.0,1.832812721657088,0,0.0,-0.0,2.3541845842841598,0,0.0,-0.0,39.63961993802524
2022-04-22,100.55,-0.012084888976223285,False,1.0,-0.012084888976223285,30.483553130210705,0,0.0,-0.0,19.26316836489613,0,0.0,-0.0,46.70269388920258,0,0.0,-0.0,2.1319622277855887,0,0.0,-0.0,2.1319622277855887,0,0.0,-0.0,1.832812721657088,0,0.0,-0.0,2.3541845842841598,0,0.0,-0.0,39.63961993802524
2022-04-23,100.63,0.0007956240676281201,False,1.0,0.0007956240676281201,30.50780657874792,0,0.0,0.0,19.26316836489613,0,0.0,0.0,46.70269388920258,0,0.0,0.0,2.1319622277855887,0,0.0,0.0,2.1319622277855887,0,0.0,0.0,1.832812721657088,0,0.0,0.0,2.3541845842841598,0,0.0,0.0,39.63961993802524
2022-04-24,99.23,-0.01391235218125797,False,1.0,-0.01391235218125797,30.08337122934668,0,0.0,-0.0,19.26316836489613,0,0.0,-0.0,46.70269388920258,0,0.0,-0.0,2.1319622277855887,0,0.0,-0.0,2.1319622277855887,0,0.0,-0.0,1.832812721657088,0,0.0,-0.0,2.3541845842841598,0,0.0,-0.0,39.63961993802524
2022-04-25,100.99,0.017736571601330242,False,1.0,0.017736571601330242,30.616947097165387,0,0.0,0.0,19.26316836489613,0,0.0,0.0,46.70269388920258,0,0.0,0.0,2.1319622277855887,0,0.0,0.0,2.1319622277855887,0,0.0,0.0,1.832812721657088,0,0.0,0.0,2.3541845842841598,0,0.0,0.0,39.63961993802524
2022-04-26,95.7,-0.05238142390335665,False,1.0,-0.05238142390335665,29.013187812642123,0,0.0,-0.0,19.26316836489613,0,0.0,-0.0,46.70269388920258,0,0.0,-0.0,2.1319622277855887,0,0.0,-0.0,2.1319622277855887,0,0.0,-0.0,1.832812721657088,0,0.0,-0.0,2.3541845842841598,0,0.0,-0.0,39.63961993802524
2022-04-27,98.36,0.02779519331243474,False,1.0,0.02779519331243474,29.819614976504486,0,0.0,0.0,19.26316836489613,0,0.0,0.0,46.70269388920258,0,0.0,0.0,2.1319622277855887,0,0.0,0.0,2.1319622277855887,0,0.0,0.0,1.832812721657088,0,0.0,0.0,2.3541845842841598,0,0.0,0.0,39.63961993802524
2022-04-28,98.24,-0.001220008133387629,False,1.0,-0.001220008133387629,29.78323480369866,0,0.0,-0.0,19.26316836489613,0,0.0,-0.0,46.70269388920258,0,0.0,-0.0,2.1319622277855887,0,0.0,-0.0,2.1319622277855887,0,0.0,-0.0,1.832812721657088,0,0.0,-0.0,2.3541845842841598,0,0.0,-0.0,39.63961993802524
2022-04-29,93.96,-0.04356677524429964,False,1.0,-0.04356677524429964,28.48567530695772,0,0.0,-0.0,19.26316836489613,0,0.0,-0.0,46.70269388920258,0,0.0,-0.0,2.1319622277855887,0,0.0,-0.0,2.1319622277855887,0,0.0,-0.0,1.832812721657088,0,0.0,-0.0,2.3541845842841598,0,0.0,-0.0,39.63961993802524
2022-04-30,84.63,-0.0992975734355045,False,1.0,-0.0992975734355045,25.65711687130515,0,0.0,-0.0,19.26316836489613,0,0.0,-0.0,46.70269388920258,0,0.0,-0.0,2.1319622277855887,0,0.0,-0.0,2.1319622277855887,0,0.0,-0.0,1.832812721657088,0,0.0,-0.0,2.3541845842841598,0,0.0,-0.0,39.63961993802524
2022-05-01,89.68,0.05967151128441461,False,1.0,0.05967151128441461,27.18811581021678,0,0.0,0.0,19.26316836489613,0,0.0,0.0,46.70269388920258,0,0.0,0.0,2.1319622277855887,0,0.0,0.0,2.1319622277855887,0,0.0,0.0,1.832812721657088,0,0.0,0.0,2.3541845842841598,0,0.0,0.0,39.63961993802524
2022-05-02,87.5,-0.024308652988403234,False,1.0,-0.024308652988403234,26.5272093375777,0,0.0,-0.0,19.26316836489613,0,0.0,-0.0,46.70269388920258,0,0.0,-0.0,2.1319622277855887,0,0.0,-0.0,2.1319622277855887,0,0.0,-0.0,1.832812721657088,0,0.0,-0.0,2.3541845842841598,0,0.0,-0.0,39.63961993802524
2022-05-03,85.86,-0.018742857142857172,False,1.0,-0.018742857142857172,26.030013642564814,0,0.0,-0.0,19.26316836489613,0,0.0,-0.0,46.70269388920258,0,0.0,-0.0,2.1319622277855887,0,0.0,-0.0,2.1319622277855887,0,0.0,-0.0,1.832812721657088,0,0.0,-0.0,2.3541845842841598,0,0.0,-0.0,39.63961993802524
2022-05-04,92.77,0.08047985092010235,False,1.0,0.08047985092010235,28.12490525996666,0,0.0,0.0,19.26316836489613,0,0.0,0.0,46.70269388920258,0,0.0,0.0,2.1319622277855887,0,0.0,0.0,2.1319622277855887,0,0.0,0.0,1.832812721657088,0,0.0,0.0,2.3541845842841598,0,0.0,0.0,39.63961993802524
2022-05-05,84.52,-0.0889296108655816,False,1.0,-0.0889296108655816,25.623768379566474,0,0.0,-0.0,19.26316836489613,0,0.0,-0.0,46.70269388920258,0,0.0,-0.0,2.1319622277855887,0,0.0,-0.0,2.1319622277855887,0,0.0,-0.0,1.832812721657088,0,0.0,-0.0,2.3541845842841598,0,0.0,-0.0,39.63961993802524
2022-05-06,81.68,-0.03360151443445325,False,1.0,-0.03360151443445325,24.762770956495384,0,0.0,-0.0,19.26316836489613,0,0.0,-0.0,46.70269388920258,0,0.0,-0.0,2.1319622277855887,0,0.0,-0.0,2.1319622277855887,0,0.0,-0.0,1.832812721657088,0,0.0,-0.0,2.3541845842841598,0,0.0,-0.0,39.63961993802524
2022-05-07,78.86,-0.03452497551420186,False,1.0,-0.03452497551420186,23.907836895558592,0,0.0,-0.0,19.26316836489613,0,0.0,-0.0,46.70269388920258,0,0.0,-0.0,2.1319622277855887,0,0.0,-0.0,2.1319622277855887,0,0.0,-0.0,1.832812721657088,0,0.0,-0.0,2.3541845842841598,0,0.0,-0.0,39.63961993802524
2022-05-08,75.38,-0.044128835911742326,False,1.0,-0.044128835911742326,22.852811884189787,0,0.0,-0.0,19.26316836489613,0,0.0,-0.0,46.70269388920258,0,0.0,-0.0,2.1319622277855887,0,0.0,-0.0,2.1319622277855887,0,0.0,-0.0,1.832812721657088,0,0.0,-0.0,2.3541845842841598,0,0.0,-0.0,39.63961993802524
2022-05-09,62.16,-0.17537808437251257,False,1.0,-0.17537808437251257,18.84492951341519,0,0.0,-0.0,19.26316836489613,0,0.0,-0.0,46.70269388920258,0,0.0,-0.0,2.1319622277855887,0,0.0,-0.0,2.1319622277855887,0,0.0,-0.0,1.832812721657088,0,0.0,-0.0,2.3541845842841598,0,0.0,-0.0,39.63961993802524
2022-05-10,66.9,0.07625482625482638,False,1.0,0.07625482625482638,20.281946339245117,0,0.0,0.0,19.26316836489613,0,0.0,0.0,46.70269388920258,0,0.0,0.0,2.1319622277855887,0,0.0,0.0,2.1319622277855887,0,0.0,0.0,1.832812721657088,0,0.0,0.0,2.3541845842841598,0,0.0,0.0,39.63961993802524
2022-05-11,50.9,-0.23916292974588949,False,1.0,-0.23916292974588949,15.431256631802336,0,0.0,-0.0,19.26316836489613,0,0.0,-0.0,46.70269388920258,0,0.0,-0.0,2.1319622277855887,0,0.0,-0.0,2.1319622277855887,0,0.0,-0.0,1.832812721657088,0,0.0,-0.0,2.3541845842841598,0,0.0,-0.0,39.63961993802524
2022-05-12,44.64,-0.12298624754420429,False,1.0,-0.12298624754420429,13.53342428376535,0,0.0,-0.0,19.26316836489613,0,0.0,-0.0,46.70269388920258,0,0.0,-0.0,2.1319622277855887,0,0.0,-0.0,2.1319622277855887,0,0.0,-0.0,1.832812721657088,0,0.0,-0.0,2.3541845842841598,0,0.0,-0.0,39.63961993802524
2022-05-13,48.92,0.09587813620071683,False,1.0,0.09587813620071683,14.830983780506292,0,0.0,0.0,19.26316836489613,0,0.0,0.0,46.70269388920258,0,0.0,0.0,2.1319622277855887,0,0.0,0.0,2.1319622277855887,0,0.0,0.0,1.832812721657088,0,0.0,0.0,2.3541845842841598,0,0.0,0.0,39.63961993802524
2022-05-14,52.43,0.07174979558462802,False,1.0,0.07174979558462802,15.895103835076553,0,0.0,0.0,19.26316836489613,0,0.0,0.0,46.70269388920258,0,0.0,0.0,2.1319622277855887,0,0.0,0.0,2.1319622277855887,0,0.0,0.0,1.832812721657088,0,0.0,0.0,2.3541845842841598,0,0.0,0.0,39.63961993802524
2022-05-15,58.83,0.12206751859622345,False,1.0,0.12206751859622345,17.835379718053662,0,0.0,0.0,19.26316836489613,0,0.0,0.0,46.70269388920258,0,0.0,0.0,2.1319622277855887,0,0.0,0.0,2.1319622277855887,0,0.0,0.0,1.832812721657088,0,0.0,0.0,2.3541845842841598,0,0.0,0.0,39.63961993802524
2022-05-16,53.79,-0.085670576236614,False,1.0,-0.085670576236614,16.307412460209186,0,0.0,-0.0,19.26316836489613,0,0.0,-0.0,46.70269388920258,0,0.0,-0.0,2.1319622277855887,0,0.0,-0.0,2.1319622277855887,0,0.0,-0.0,1.832812721657088,0,0.0,-0.0,2.3541845842841598,0,0.0,-0.0,39.63961993802524
2022-05-17,57.02,0.060048336121955925,False,1.0,0.060048336121955925,17.2866454448992,0,0.0,0.0,19.26316836489613,0,0.0,0.0,46.70269388920258,0,0.0,0.0,2.1319622277855887,0,0.0,0.0,2.1319622277855887,0,0.0,0.0,1.832812721657088,0,0.0,0.0,2.3541845842841598,0,0.0,0.0,39.63961993802524
2022-05-18,49.93,-0.12434233602244826,False,1.0,-0.12434233602244826,15.13718356828862,0,0.0,-0.0,19.26316836489613,0,0.0,-0.0,46.70269388920258,0,0.0,-0.0,2.1319622277855887,0,0.0,-0.0,2.1319622277855887,0,0.0,-0.0,1.832812721657088,0,0.0,-0.0,2.3541845842841598,0,0.0,-0.0,39.63961993802524
2022-05-19,52.2,0.045463649108752335,False,1.0,0.045463649108752335,15.825375170532066,0,0.0,0.0,19.26316836489613,0,0.0,0.0,46.70269388920258,0,0.0,0.0,2.1319622277855887,0,0.0,0.0,2.1319622277855887,0,0.0,0.0,1.832812721657088,0,0.0,0.0,2.3541845842841598,0,0.0,0.0,39.63961993802524
2022-05-20,49.43,-0.053065134099616884,False,1.0,-0.053065134099616884,14.985599514931035,0,0.0,-0.0,19.26316836489613,0,0.0,-0.0,46.70269388920258,0,0.0,-0.0,2.1319622277855887,0,0.0,-0.0,2.1319622277855887,0,0.0,-0.0,1.832812721657088,0,0.0,-0.0,2.3541845842841598,0,0.0,-0.0,39.63961993802524
2022-05-21,50.31,0.017802953671859356,False,1.0,0.017802953671859356,15.252387448840391,0,0.0,0.0,19.26316836489613,0,0.0,0.0,46.70269388920258,0,0.0,0.0,2.1319622277855887,0,0.0,0.0,2.1319622277855887,0,0.0,0.0,1.832812721657088,0,0.0,0.0,2.3541845842841598,0,0.0,0.0,39.63961993802524
2022-05-22,52.48,0.04313257801629877,False,1.0,0.04313257801629877,15.910262240412315,0,0.0,0.0,19.26316836489613,0,0.0,0.0,46.70269388920258,0,0.0,0.0,2.1319622277855887,0,0.0,0.0,2.1319622277855887,0,0.0,0.0,1.832812721657088,0,0.0,0.0,2.3541845842841598,0,0.0,0.0,39.63961993802524
2022-05-23,49.17,-0.06307164634146334,False,1.0,-0.06307164634146334,14.906775807185092,0,0.0,-0.0,19.26316836489613,0,0.0,-0.0,46.70269388920258,0,0.0,-0.0,2.1319622277855887,0,0.0,-0.0,2.1319622277855887,0,0.0,-0.0,1.832812721657088,0,0.0,-0.0,2.3541845842841598,0,0.0,-0.0,39.63961993802524
2022-05-24,49.67,0.010168802115110731,False,1.0,0.010168802115110731,15.058359860542677,0,0.0,0.0,19.26316836489613,0,0.0,0.0,46.70269388920258,0,0.0,0.0,2.1319622277855887,0,0.0,0.0,2.1319622277855887,0,0.0,0.0,1.832812721657088,0,0.0,0.0,2.3541845842841598,0,0.0,0.0,39.63961993802524
2022-05-25,47.98,-0.03402456210992555,False,1.0,-0.03402456210992555,14.546005760194033,0,0.0,-0.0,19.26316836489613,0,0.0,-0.0,46.70269388920258,0,0.0,-0.0,2.1319622277855887,0,0.0,-0.0,2.1319622277855887,0,0.0,-0.0,1.832812721657088,0,0.0,-0.0,2.3541845842841598,0,0.0,-0.0,39.63961993802524
2022-05-26,43.44,-0.09462275948311794,False,1.0,-0.09462275948311794,13.169622555707145,0,0.0,-0.0,19.26316836489613,0,0.0,-0.0,46.70269388920258,0,0.0,-0.0,2.1319622277855887,0,0.0,-0.0,2.1319622277855887,0,0.0,-0.0,1.832812721657088,0,0.0,-0.0,2.3541845842841598,0,0.0,-0.0,39.63961993802524
2022-05-27,41.17,-0.0522559852670349,False,1.0,-0.0522559852670349,12.481430953463702,0,0.0,-0.0,19.26316836489613,0,0.0,-0.0,46.70269388920258,0,0.0,-0.0,2.1319622277855887,0,0.0,-0.0,2.1319622277855887,0,0.0,-0.0,1.832812721657088,0,0.0,-0.0,2.3541845842841598,0,0.0,-0.0,39.63961993802524
2022-05-28,44.25,0.07481175613310653,False,1.0,0.07481175613310653,13.415188722146436,0,0.0,0.0,19.26316836489613,0,0.0,0.0,46.70269388920258,0,0.0,0.0,2.1319622277855887,0,0.0,0.0,2.1319622277855887,0,0.0,0.0,1.832812721657088,0,0.0,0.0,2.3541845842841598,0,0.0,0.0,39.63961993802524
2022-05-29,44.98,0.016497175141242826,False,1.0,0.016497175141242826,13.63650144004851,0,0.0,0.0,19.26316836489613,0,0.0,0.0,46.70269388920258,0,0.0,0.0,2.1319622277855887,0,0.0,0.0,2.1319622277855887,0,0.0,0.0,1.832812721657088,0,0.0,0.0,2.3541845842841598,0,0.0,0.0,39.63961993802524
2022-05-30,47.22,0.04979991107158743,False,1.0,0.04979991107158743,14.3155979990905,0,0.0,0.0,19.26316836489613,0,0.0,0.0,46.70269388920258,0,0.0,0.0,2.1319622277855887,0,0.0,0.0,2.1319622277855887,0,0.0,0.0,1.832812721657088,0,0.0,0.0,2.3541845842841598,0,0.0,0.0,39.63961993802524
2022-05-31,45.77,-0.03070732740364246,False,1.0,-0.03070732740364246,13.8760042443535,0,0.0,-0.0,19.26316836489613,0,0.0,-0.0,46.70269388920258,0,0.0,-0.0,2.1319622277855887,0,0.0,-0.0,2.1319622277855887,0,0.0,-0.0,1.832812721657088,0,0.0,-0.0,2.3541845842841598,0,0.0,-0.0,39.63961993802524
2022-06-01,40.11,-0.12366178719685395,False,1.0,-0.12366178719685395,12.160072760345615,0,0.0,-0.0,19.26316836489613,0,0.0,-0.0,46.70269388920258,0,0.0,-0.0,2.1319622277855887,0,0.0,-0.0,2.1319622277855887,0,0.0,-0.0,1.832812721657088,0,0.0,-0.0,2.3541845842841598,0,0.0,-0.0,39.63961993802524
2022-06-02,40.85,0.018449264522562903,False,1.0,0.018449264522562903,12.384417159314843,0,0.0,0.0,19.26316836489613,0,0.0,0.0,46.70269388920258,0,0.0,0.0,2.1319622277855887,0,0.0,0.0,2.1319622277855887,0,0.0,0.0,1.832812721657088,0,0.0,0.0,2.3541845842841598,0,0.0,0.0,39.63961993802524
2022-06-03,38.28,-0.06291309669522649,False,1.0,-0.06291309669522649,11.605275125056846,0,0.0,-0.0,19.26316836489613,0,0.0,-0.0,46.70269388920258,0,0.0,-0.0,2.1319622277855887,0,0.0,-0.0,2.1319622277855887,0,0.0,-0.0,1.832812721657088,0,0.0,-0.0,2.3541845842841598,0,0.0,-0.0,39.63961993802524
2022-06-04,39.0,0.01880877742946696,False,1.0,0.01880877742946696,11.82355616189177,0,0.0,0.0,19.26316836489613,0,0.0,0.0,46.70269388920258,0,0.0,0.0,2.1319622277855887,0,0.0,0.0,2.1319622277855887,0,0.0,0.0,1.832812721657088,0,0.0,0.0,2.3541845842841598,0,0.0,0.0,39.63961993802524
2022-06-05,38.52,-0.012307692307692242,False,1.0,-0.012307692307692242,11.678035470668487,0,0.0,-0.0,19.26316836489613,0,0.0,-0.0,46.70269388920258,0,0.0,-0.0,2.1319622277855887,0,0.0,-0.0,2.1319622277855887,0,0.0,-0.0,1.832812721657088,0,0.0,-0.0,2.3541845842841598,0,0.0,-0.0,39.63961993802524
2022-06-06,42.39,0.10046728971962615,False,1.0,0.10046728971962615,12.851296043656209,0,0.0,0.0,19.26316836489613,0,0.0,0.0,46.70269388920258,0,0.0,0.0,2.1319622277855887,0,0.0,0.0,2.1319622277855887,0,0.0,0.0,1.832812721657088,0,0.0,0.0,2.3541845842841598,0,0.0,0.0,39.63961993802524
2022-06-07,39.31,-0.07265864590705351,False,1.0,-0.07265864590705351,11.917538274973476,0,0.0,-0.0,19.26316836489613,0,0.0,-0.0,46.70269388920258,0,0.0,-0.0,2.1319622277855887,0,0.0,-0.0,2.1319622277855887,0,0.0,-0.0,1.832812721657088,0,0.0,-0.0,2.3541845842841598,0,0.0,-0.0,39.63961993802524
2022-06-08,38.83,-0.012210633426609108,False,1.0,-0.012210633426609108,11.772017583750191,0,0.0,-0.0,19.26316836489613,0,0.0,-0.0,46.70269388920258,0,0.0,-0.0,2.1319622277855887,0,0.0,-0.0,2.1319622277855887,0,0.0,-0.0,1.832812721657088,0,0.0,-0.0,2.3541845842841598,0,0.0,-0.0,39.63961993802524
2022-06-09,39.96,0.02910121040432667,False,1.0,0.02910121040432667,12.11459754433834,0,0.0,0.0,19.26316836489613,0,0.0,0.0,46.70269388920258,0,0.0,0.0,2.1319622277855887,0,0.0,0.0,2.1319622277855887,0,0.0,0.0,1.832812721657088,0,0.0,0.0,2.3541845842841598,0,0.0,0.0,39.63961993802524
2022-06-10,37.17,-0.06981981981981977,False,1.0,-0.06981981981981977,11.268758526603005,0,0.0,-0.0,19.26316836489613,0,0.0,-0.0,46.70269388920258,0,0.0,-0.0,2.1319622277855887,0,0.0,-0.0,2.1319622277855887,0,0.0,-0.0,1.832812721657088,0,0.0,-0.0,2.3541845842841598,0,0.0,-0.0,39.63961993802524
2022-06-11,33.93,-0.0871670702179177,False,1.0,-0.0871670702179177,10.286493860845843,0,0.0,-0.0,19.26316836489613,0,0.0,-0.0,46.70269388920258,0,0.0,-0.0,2.1319622277855887,0,0.0,-0.0,2.1319622277855887,0,0.0,-0.0,1.832812721657088,0,0.0,-0.0,2.3541845842841598,0,0.0,-0.0,39.63961993802524
2022-06-12,30.61,-0.09784851164161512,False,1.0,-0.09784851164161512,9.279975746551466,0,0.0,-0.0,19.26316836489613,0,0.0,-0.0,46.70269388920258,0,0.0,-0.0,2.1319622277855887,0,0.0,-0.0,2.1319622277855887,0,0.0,-0.0,1.832812721657088,0,0.0,-0.0,2.3541845842841598,0,0.0,-0.0,39.63961993802524
2022-06-13,28.6,-0.0656648154197974,False,1.0,-0.0656648154197974,8.670607852053967,0,0.0,-0.0,19.26316836489613,0,0.0,-0.0,46.70269388920258,0,0.0,-0.0,2.1319622277855887,0,0.0,-0.0,2.1319622277855887,0,0.0,-0.0,1.832812721657088,0,0.0,-0.0,2.3541845842841598,0,0.0,-0.0,39.63961993802524
2022-06-14,29.59,0.03461538461538449,False,1.0,0.03461538461538449,8.970744277701987,0,0.0,0.0,19.26316836489613,0,0.0,0.0,46.70269388920258,0,0.0,0.0,2.1319622277855887,0,0.0,0.0,2.1319622277855887,0,0.0,0.0,1.832812721657088,0,0.0,0.0,2.3541845842841598,0,0.0,0.0,39.63961993802524
2022-06-15,34.76,0.17472118959107807,False,1.0,0.17472118959107807,10.538123389419436,0,0.0,0.0,19.26316836489613,0,0.0,0.0,46.70269388920258,0,0.0,0.0,2.1319622277855887,0,0.0,0.0,2.1319622277855887,0,0.0,0.0,1.832812721657088,0,0.0,0.0,2.3541845842841598,0,0.0,0.0,39.63961993802524
2022-06-16,30.12,-0.1334867663981587,False,1.0,-0.1334867663981587,9.131423374261031,0,0.0,-0.0,19.26316836489613,0,0.0,-0.0,46.70269388920258,0,0.0,-0.0,2.1319622277855887,0,0.0,-0.0,2.1319622277855887,0,0.0,-0.0,1.832812721657088,0,0.0,-0.0,2.3541845842841598,0,0.0,-0.0,39.63961993802524
2022-06-17,30.71,0.01958831341301459,False,1.0,0.01958831341301459,9.310292557222983,0,0.0,0.0,19.26316836489613,0,0.0,0.0,46.70269388920258,0,0.0,0.0,2.1319622277855887,0,0.0,0.0,2.1319622277855887,0,0.0,0.0,1.832812721657088,0,0.0,0.0,2.3541845842841598,0,0.0,0.0,39.63961993802524
2022-06-18,32.02,0.04265711494627156,False,1.0,0.04265711494627156,9.70744277701986,0,0.0,0.0,19.26316836489613,0,0.0,0.0,46.70269388920258,0,0.0,0.0,2.1319622277855887,0,0.0,0.0,2.1319622277855887,0,0.0,0.0,1.832812721657088,0,0.0,0.0,2.3541845842841598,0,0.0,0.0,39.63961993802524
2022-06-19,34.19,0.06777014366021228,False,1.0,0.06777014366021228,10.365317568591786,0,0.0,0.0,19.26316836489613,0,0.0,0.0,46.70269388920258,0,0.0,0.0,2.1319622277855887,0,0.0,0.0,2.1319622277855887,0,0.0,0.0,1.832812721657088,0,0.0,0.0,2.3541845842841598,0,0.0,0.0,39.63961993802524
2022-06-20,35.24,0.030710734132787465,False,1.0,0.030710734132787465,10.68364408064272,0,0.0,0.0,19.26316836489613,0,0.0,0.0,46.70269388920258,0,0.0,0.0,2.1319622277855887,0,0.0,0.0,2.1319622277855887,0,0.0,0.0,1.832812721657088,0,0.0,0.0,2.3541845842841598,0,0.0,0.0,39.63961993802524
2022-06-21,36.42,0.03348467650397269,False,1.0,0.03348467650397269,11.041382446566624,0,0.0,0.0,19.26316836489613,0,0.0,0.0,46.70269388920258,0,0.0,0.0,2.1319622277855887,0,0.0,0.0,2.1319622277855887,0,0.0,0.0,1.832812721657088,0,0.0,0.0,2.3541845842841598,0,0.0,0.0,39.63961993802524
2022-06-22,34.12,-0.06315211422295453,False,1.0,-0.06315211422295453,10.344095801121723,0,0.0,-0.0,19.26316836489613,0,0.0,-0.0,46.70269388920258,0,0.0,-0.0,2.1319622277855887,0,0.0,-0.0,2.1319622277855887,0,0.0,-0.0,1.832812721657088,0,0.0,-0.0,2.3541845842841598,0,0.0,-0.0,39.63961993802524
2022-06-23,38.15,0.1181125439624855,False,1.0,0.1181125439624855,11.565863271183874,0,0.0,0.0,19.26316836489613,0,0.0,0.0,46.70269388920258,0,0.0,0.0,2.1319622277855887,0,0.0,0.0,2.1319622277855887,0,0.0,0.0,1.832812721657088,0,0.0,0.0,2.3541845842841598,0,0.0,0.0,39.63961993802524
2022-06-24,41.91,0.0985583224115334,True,1.0,0.0985583224115334,12.705775352432926,0,0.0,0.0,19.26316836489613,0,0.0,0.0,46.70269388920258,0,0.0,0.0,2.1319622277855887,0,0.0,0.0,2.1319622277855887,0,0.0,0.0,1.832812721657088,0,0.0,0.0,2.3541845842841598,0,0.0,0.0,39.63961993802524
2022-06-25,42.22,0.007396802672393177,True,1.0,0.007396802672393177,12.79975746551463,0,0.0,0.0,19.26316836489613,0,0.0,0.0,46.70269388920258,0,0.0,0.0,2.1319622277855887,0,0.0,0.0,2.1319622277855887,0,0.0,0.0,1.832812721657088,0,0.0,0.0,2.3541845842841598,0,0.0,0.0,39.63961993802524
2022-06-26,39.39,-0.06702984367598286,False,1.0,-0.06702984367598286,11.94179172351069,0,0.0,-0.0,19.26316836489613,0,0.0,-0.0,46.70269388920258,0,0.0,-0.0,2.1319622277855887,0,0.0,-0.0,2.1319622277855887,0,0.0,-0.0,1.832812721657088,0,0.0,-0.0,2.3541845842841598,0,0.0,-0.0,39.63961993802524
2022-06-27,38.52,-0.022086824067022004,False,1.0,-0.022086824067022004,11.67803547066849,0,0.0,-0.0,19.26316836489613,0,0.0,-0.0,46.70269388920258,0,0.0,-0.0,2.1319622277855887,0,0.0,-0.0,2.1319622277855887,0,0.0,-0.0,1.832812721657088,0,0.0,-0.0,2.3541845842841598,0,0.0,-0.0,39.63961993802524
2022-06-28,35.35,-0.08229491173416414,False,1.0,-0.08229491173416414,10.71699257238139,0,0.0,-0.0,19.26316836489613,0,0.0,-0.0,46.70269388920258,0,0.0,-0.0,2.1319622277855887,0,0.0,-0.0,2.1319622277855887,0,0.0,-0.0,1.832812721657088,0,0.0,-0.0,2.3541845842841598,0,0.0,-0.0,39.63961993802524
2022-06-29,34.05,-0.036775106082036935,False,1.0,-0.036775106082036935,10.322874033651662,0,0.0,-0.0,19.26316836489613,0,0.0,-0.0,46.70269388920258,0,0.0,-0.0,2.1319622277855887,0,0.0,-0.0,2.1319622277855887,0,0.0,-0.0,1.832812721657088,0,0.0,-0.0,2.3541845842841598,0,0.0,-0.0,39.63961993802524
2022-06-30,33.76,-0.008516886930983847,False,1.0,-0.008516886930983847,10.234955282704261,0,0.0,-0.0,19.26316836489613,0,0.0,-0.0,46.70269388920258,0,0.0,-0.0,2.1319622277855887,0,0.0,-0.0,2.1319622277855887,0,0.0,-0.0,1.832812721657088,0,0.0,-0.0,2.3541845842841598,0,0.0,-0.0,39.63961993802524
2022-07-01,32.84,-0.027251184834123032,False,1.0,-0.027251184834123032,9.956040624526304,0,0.0,-0.0,19.26316836489613,0,0.0,-0.0,46.70269388920258,0,0.0,-0.0,2.1319622277855887,0,0.0,-0.0,2.1319622277855887,0,0.0,-0.0,1.832812721657088,0,0.0,-0.0,2.3541845842841598,0,0.0,-0.0,39.63961993802524
2022-07-02,33.36,0.015834348355663774,True,1.0,0.015834348355663774,10.113688040018195,0,0.0,0.0,19.26316836489613,0,0.0,0.0,46.70269388920258,0,0.0,0.0,2.1319622277855887,0,0.0,0.0,2.1319622277855887,0,0.0,0.0,1.832812721657088,0,0.0,0.0,2.3541845842841598,0,0.0,0.0,39.63961993802524
2022-07-03,33.39,0.0008992805755396738,True,1.0,0.0008992805755396738,10.122783083219652,0,0.0,0.0,19.26316836489613,0,0.0,0.0,46.70269388920258,0,0.0,0.0,2.1319622277855887,0,0.0,0.0,2.1319622277855887,0,0.0,0.0,1.832812721657088,0,0.0,0.0,2.3541845842841598,0,0.0,0.0,39.63961993802524
2022-07-04,36.71,0.09943096735549561,True,1.0,0.09943096735549561,11.129301197514028,0,0.0,0.0,19.26316836489613,0,0.0,0.0,46.70269388920258,0,0.0,0.0,2.1319622277855887,0,0.0,0.0,2.1319622277855887,0,0.0,0.0,1.832812721657088,0,0.0,0.0,2.3541845842841598,0,0.0,0.0,39.63961993802524
2022-07-05,35.4,-0.03568509942794884,True,1.0,-0.03568509942794884,10.73215097771715,0,0.0,-0.0,19.26316836489613,0,0.0,-0.0,46.70269388920258,0,0.0,-0.0,2.1319622277855887,0,0.0,-0.0,2.1319622277855887,0,0.0,-0.0,1.832812721657088,0,0.0,-0.0,2.3541845842841598,0,0.0,-0.0,39.63961993802524
2022-07-06,37.04,0.04632768361581929,True,1.0,0.04632768361581929,11.229346672730037,0,0.0,0.0,19.26316836489613,0,0.0,0.0,46.70269388920258,0,0.0,0.0,2.1319622277855887,0,0.0,0.0,2.1319622277855887,0,0.0,0.0,1.832812721657088,0,0.0,0.0,2.3541845842841598,0,0.0,0.0,39.63961993802524
2022-07-07,38.46,0.03833693304535646,True,1.0,0.03833693304535646,11.659845384265584,0,0.0,0.0,19.26316836489613,0,0.0,0.0,46.70269388920258,0,0.0,0.0,2.1319622277855887,0,0.0,0.0,2.1319622277855887,0,0.0,0.0,1.832812721657088,0,0.0,0.0,2.3541845842841598,0,0.0,0.0,39.63961993802524
2022-07-08,38.12,-0.008840353614144703,True,1.0,-0.008840353614144703,11.556768227982422,0,0.0,-0.0,19.26316836489613,0,0.0,-0.0,46.70269388920258,0,0.0,-0.0,2.1319622277855887,0,0.0,-0.0,2.1319622277855887,0,0.0,-0.0,1.832812721657088,0,0.0,-0.0,2.3541845842841598,0,0.0,-0.0,39.63961993802524
2022-07-09,38.06,-0.0015739769150051597,True,1.0,-0.0015739769150051597,11.538578141579514,0,0.0,-0.0,19.26316836489613,0,0.0,-0.0,46.70269388920258,0,0.0,-0.0,2.1319622277855887,0,0.0,-0.0,2.1319622277855887,0,0.0,-0.0,1.832812721657088,0,0.0,-0.0,2.3541845842841598,0,0.0,-0.0,39.63961993802524
2022-07-10,36.71,-0.035470310036784025,True,1.0,-0.035470310036784025,11.12930119751403,0,0.0,-0.0,19.26316836489613,0,0.0,-0.0,46.70269388920258,0,0.0,-0.0,2.1319622277855887,0,0.0,-0.0,2.1319622277855887,0,0.0,-0.0,1.832812721657088,0,0.0,-0.0,2.3541845842841598,0,0.0,-0.0,39.63961993802524
2022-07-11,33.42,-0.08962135657858894,False,1.0,-0.08962135657858894,10.131878126421109,0,0.0,-0.0,19.26316836489613,0,0.0,-0.0,46.70269388920258,0,0.0,-0.0,2.1319622277855887,0,0.0,-0.0,2.1319622277855887,0,0.0,-0.0,1.832812721657088,0,0.0,-0.0,2.3541845842841598,0,0.0,-0.0,39.63961993802524
2022-07-12,32.68,-0.02214242968282476,False,1.0,-0.02214242968282476,9.907533727451879,0,0.0,-0.0,19.26316836489613,0,0.0,-0.0,46.70269388920258,0,0.0,-0.0,2.1319622277855887,0,0.0,-0.0,2.1319622277855887,0,0.0,-0.0,1.832812721657088,0,0.0,-0.0,2.3541845842841598,0,0.0,-0.0,39.63961993802524
2022-07-13,34.94,0.06915544675642593,False,1.0,0.06915544675642593,10.592693648628172,0,0.0,0.0,19.26316836489613,0,0.0,0.0,46.70269388920258,0,0.0,0.0,2.1319622277855887,0,0.0,0.0,2.1319622277855887,0,0.0,0.0,1.832812721657088,0,0.0,0.0,2.3541845842841598,0,0.0,0.0,39.63961993802524
2022-07-14,37.15,0.06325128792215229,False,1.0,0.06325128792215229,11.262695164468706,0,0.0,0.0,19.26316836489613,0,0.0,0.0,46.70269388920258,0,0.0,0.0,2.1319622277855887,0,0.0,0.0,2.1319622277855887,0,0.0,0.0,1.832812721657088,0,0.0,0.0,2.3541845842841598,0,0.0,0.0,39.63961993802524
2022-07-15,37.36,0.005652759084791459,False,1.0,0.005652759084791459,11.326360466878894,0,0.0,0.0,19.26316836489613,0,0.0,0.0,46.70269388920258,0,0.0,0.0,2.1319622277855887,0,0.0,0.0,2.1319622277855887,0,0.0,0.0,1.832812721657088,0,0.0,0.0,2.3541845842841598,0,0.0,0.0,39.63961993802524
2022-07-16,39.58,0.05942184154175578,True,1.0,0.05942184154175578,11.999393663786579,0,0.0,0.0,19.26316836489613,0,0.0,0.0,46.70269388920258,0,0.0,0.0,2.1319622277855887,0,0.0,0.0,2.1319622277855887,0,0.0,0.0,1.832812721657088,0,0.0,0.0,2.3541845842841598,0,0.0,0.0,39.63961993802524
2022-07-17,38.62,-0.024254674077817118,True,1.0,-0.024254674077817118,11.708352281340012,0,0.0,-0.0,19.26316836489613,0,0.0,-0.0,46.70269388920258,0,0.0,-0.0,2.1319622277855887,0,0.0,-0.0,2.1319622277855887,0,0.0,-0.0,1.832812721657088,0,0.0,-0.0,2.3541845842841598,0,0.0,-0.0,39.63961993802524
2022-07-18,43.52,0.12687726566545843,True,1.0,0.12687726566545843,13.193876004244366,0,0.0,0.0,19.26316836489613,0,0.0,0.0,46.70269388920258,0,0.0,0.0,2.1319622277855887,0,0.0,0.0,2.1319622277855887,0,0.0,0.0,1.832812721657088,0,0.0,0.0,2.3541845842841598,0,0.0,0.0,39.63961993802524
2022-07-19,44.87,0.03102022058823506,True,1.0,0.03102022058823506,13.603152948309848,0,0.0,0.0,19.26316836489613,0,0.0,0.0,46.70269388920258,0,0.0,0.0,2.1319622277855887,0,0.0,0.0,2.1319622277855887,0,0.0,0.0,1.832812721657088,0,0.0,0.0,2.3541845842841598,0,0.0,0.0,39.63961993802524
2022-07-20,42.04,-0.06307109427234225,True,1.0,-0.06307109427234225,12.745187206305907,0,0.0,-0.0,19.26316836489613,0,0.0,-0.0,46.70269388920258,0,0.0,-0.0,2.1319622277855887,0,0.0,-0.0,2.1319622277855887,0,0.0,-0.0,1.832812721657088,0,0.0,-0.0,2.3541845842841598,0,0.0,-0.0,39.63961993802524
2022-07-21,43.11,0.025451950523311062,True,1.0,0.025451950523311062,13.069577080491142,0,0.0,0.0,19.26316836489613,0,0.0,0.0,46.70269388920258,0,0.0,0.0,2.1319622277855887,0,0.0,0.0,2.1319622277855887,0,0.0,0.0,1.832812721657088,0,0.0,0.0,2.3541845842841598,0,0.0,0.0,39.63961993802524
2022-07-22,40.54,-0.05961493852934352,True,1.0,-0.05961493852934352,12.290435046233146,0,0.0,-0.0,19.26316836489613,0,0.0,-0.0,46.70269388920258,0,0.0,-0.0,2.1319622277855887,0,0.0,-0.0,2.1319622277855887,0,0.0,-0.0,1.832812721657088,0,0.0,-0.0,2.3541845842841598,0,0.0,-0.0,39.63961993802524
2022-07-23,39.97,-0.014060187469166263,True,1.0,-0.014060187469166263,12.117629225405496,0,0.0,-0.0,19.26316836489613,0,0.0,-0.0,46.70269388920258,0,0.0,-0.0,2.1319622277855887,0,0.0,-0.0,2.1319622277855887,0,0.0,-0.0,1.832812721657088,0,0.0,-0.0,2.3541845842841598,0,0.0,-0.0,39.63961993802524
2022-07-24,40.93,0.024018013510132663,True,1.0,0.024018013510132663,12.408670607852063,0,0.0,0.0,19.26316836489613,0,0.0,0.0,46.70269388920258,0,0.0,0.0,2.1319622277855887,0,0.0,0.0,2.1319622277855887,0,0.0,0.0,1.832812721657088,0,0.0,0.0,2.3541845842841598,0,0.0,0.0,39.63961993802524
2022-07-25,36.65,-0.10456877595895431,True,1.0,-0.10456877595895431,11.11111111111112,0,0.0,-0.0,19.26316836489613,0,0.0,-0.0,46.70269388920258,0,0.0,-0.0,2.1319622277855887,0,0.0,-0.0,2.1319622277855887,0,0.0,-0.0,1.832812721657088,0,0.0,-0.0,2.3541845842841598,0,0.0,-0.0,39.63961993802524
2022-07-26,36.25,-0.010914051841746208,False,1.0,-0.010914051841746208,10.98984386842505,0,0.0,-0.0,19.26316836489613,0,0.0,-0.0,46.70269388920258,0,0.0,-0.0,2.1319622277855887,0,0.0,-0.0,2.1319622277855887,0,0.0,-0.0,1.832812721657088,0,0.0,-0.0,2.3541845842841598,0,0.0,-0.0,39.63961993802524
2022-07-27,40.23,0.10979310344827575,True,1.0,0.10979310344827575,12.19645293315144,0,0.0,0.0,19.26316836489613,0,0.0,0.0,46.70269388920258,0,0.0,0.0,2.1319622277855887,0,0.0,0.0,2.1319622277855887,0,0.0,0.0,1.832812721657088,0,0.0,0.0,2.3541845842841598,0,0.0,0.0,39.63961993802524
2022-07-28,42.91,0.06661695252299271,True,1.0,0.06661695252299271,13.008943459148105,0,0.0,0.0,19.26316836489613,0,0.0,0.0,46.70269388920258,0,0.0,0.0,2.1319622277855887,0,0.0,0.0,2.1319622277855887,0,0.0,0.0,1.832812721657088,0,0.0,0.0,2.3541845842841598,0,0.0,0.0,39.63961993802524
2022-07-29,41.91,-0.023304591004427833,True,1.0,-0.023304591004427833,12.705775352432932,0,0.0,-0.0,19.26316836489613,0,0.0,-0.0,46.70269388920258,0,0.0,-0.0,2.1319622277855887,0,0.0,-0.0,2.1319622277855887,0,0.0,-0.0,1.832812721657088,0,0.0,-0.0,2.3541845842841598,0,0.0,-0.0,39.63961993802524
2022-07-30,43.84,0.04605106179909346,True,1.0,0.04605106179909346,13.29088979839322,0,0.0,0.0,19.26316836489613,0,0.0,0.0,46.70269388920258,0,0.0,0.0,2.1319622277855887,0,0.0,0.0,2.1319622277855887,0,0.0,0.0,1.832812721657088,0,0.0,0.0,2.3541845842841598,0,0.0,0.0,39.63961993802524
2022-07-31,42.35,-0.03398722627737227,True,1.0,-0.03398722627737227,12.839169319387612,0,0.0,-0.0,19.26316836489613,0,0.0,-0.0,46.70269388920258,0,0.0,-0.0,2.1319622277855887,0,0.0,-0.0,2.1319622277855887,0,0.0,-0.0,1.832812721657088,0,0.0,-0.0,2.3541845842841598,0,0.0,-0.0,39.63961993802524
2022-08-01,41.65,-0.016528925619834767,True,1.0,-0.016528925619834767,12.626951644686988,0,0.0,-0.0,19.26316836489613,0,0.0,-0.0,46.70269388920258,0,0.0,-0.0,2.1319622277855887,0,0.0,-0.0,2.1319622277855887,0,0.0,-0.0,1.832812721657088,0,0.0,-0.0,2.3541845842841598,0,0.0,-0.0,39.63961993802524
2022-08-02,39.79,-0.0446578631452581,True,1.0,-0.0446578631452581,12.063058966196765,0,0.0,-0.0,19.26316836489613,0,0.0,-0.0,46.70269388920258,0,0.0,-0.0,2.1319622277855887,0,0.0,-0.0,2.1319622277855887,0,0.0,-0.0,1.832812721657088,0,0.0,-0.0,2.3541845842841598,0,0.0,-0.0,39.63961993802524
2022-08-03,38.54,-0.03141492837396331,True,1.0,-0.03141492837396331,11.684098832802798,0,0.0,-0.0,19.26316836489613,0,0.0,-0.0,46.70269388920258,0,0.0,-0.0,2.1319622277855887,0,0.0,-0.0,2.1319622277855887,0,0.0,-0.0,1.832812721657088,0,0.0,-0.0,2.3541845842841598,0,0.0,-0.0,39.63961993802524
2022-08-04,38.83,0.007524649714582221,True,1.0,0.007524649714582221,11.772017583750198,0,0.0,0.0,19.26316836489613,0,0.0,0.0,46.70269388920258,0,0.0,0.0,2.1319622277855887,0,0.0,0.0,2.1319622277855887,0,0.0,0.0,1.832812721657088,0,0.0,0.0,2.3541845842841598,0,0.0,0.0,39.63961993802524
2022-08-05,40.55,0.0442956476950811,True,1.0,0.0442956476950811,12.293466727300297,0,0.0,0.0,19.26316836489613,0,0.0,0.0,46.70269388920258,0,0.0,0.0,2.1319622277855887,0,0.0,0.0,2.1319622277855887,0,0.0,0.0,1.832812721657088,0,0.0,0.0,2.3541845842841598,0,0.0,0.0,39.63961993802524
2022-08-06,40.07,-0.011837237977805115,True,1.0,-0.011837237977805115,12.147946036077014,0,0.0,-0.0,19.26316836489613,0,0.0,-0.0,46.70269388920258,0,0.0,-0.0,2.1319622277855887,0,0.0,-0.0,2.1319622277855887,0,0.0,-0.0,1.832812721657088,0,0.0,-0.0,2.3541845842841598,0,0.0,-0.0,39.63961993802524
2022-08-07,40.6,0.013226853007237471,False,1.0,0.013226853007237471,12.308625132636058,0,0.0,0.0,19.26316836489613,0,0.0,0.0,46.70269388920258,0,0.0,0.0,2.1319622277855887,0,0.0,0.0,2.1319622277855887,0,0.0,0.0,1.832812721657088,0,0.0,0.0,2.3541845842841598,0,0.0,0.0,39.63961993802524
2022-08-08,42.18,0.0389162561576355,False,1.0,0.0389162561576355,12.787630741246033,0,0.0,0.0,19.26316836489613,0,0.0,0.0,46.70269388920258,0,0.0,0.0,2.1319622277855887,0,0.0,0.0,2.1319622277855887,0,0.0,0.0,1.832812721657088,0,0.0,0.0,2.3541845842841598,0,0.0,0.0,39.63961993802524
2022-08-09,40.33,-0.04385964912280704,False,1.0,-0.04385964912280704,12.226769743822961,0,0.0,-0.0,19.26316836489613,0,0.0,-0.0,46.70269388920258,0,0.0,-0.0,2.1319622277855887,0,0.0,-0.0,2.1319622277855887,0,0.0,-0.0,1.832812721657088,0,0.0,-0.0,2.3541845842841598,0,0.0,-0.0,39.63961993802524
2022-08-10,42.47,0.053062236548475195,False,1.0,0.053062236548475195,12.875549492193436,0,0.0,0.0,19.26316836489613,0,0.0,0.0,46.70269388920258,0,0.0,0.0,2.1319622277855887,0,0.0,0.0,2.1319622277855887,0,0.0,0.0,1.832812721657088,0,0.0,0.0,2.3541845842841598,0,0.0,0.0,39.63961993802524
2022-08-11,42.77,0.007063809748057537,True,1.0,0.007063809748057537,12.966499924207989,0,0.0,0.0,19.26316836489613,0,0.0,0.0,46.70269388920258,0,0.0,0.0,2.1319622277855887,0,0.0,0.0,2.1319622277855887,0,0.0,0.0,1.832812721657088,0,0.0,0.0,2.3541845842841598,0,0.0,0.0,39.63961993802524
2022-08-12,45.48,0.0633621697451483,True,1.0,0.0633621697451483,13.788085493406108,0,0.0,0.0,19.26316836489613,0,0.0,0.0,46.70269388920258,0,0.0,0.0,2.1319622277855887,0,0.0,0.0,2.1319622277855887,0,0.0,0.0,1.832812721657088,0,0.0,0.0,2.3541845842841598,0,0.0,0.0,39.63961993802524
2022-08-13,46.6,0.02462620932277937,True,1.0,0.02462620932277937,14.127633772927105,0,0.0,0.0,19.26316836489613,0,0.0,0.0,46.70269388920258,0,0.0,0.0,2.1319622277855887,0,0.0,0.0,2.1319622277855887,0,0.0,0.0,1.832812721657088,0,0.0,0.0,2.3541845842841598,0,0.0,0.0,39.63961993802524
2022-08-14,44.87,-0.03712446351931342,True,1.0,-0.03712446351931342,13.603152948309852,0,0.0,-0.0,19.26316836489613,0,0.0,-0.0,46.70269388920258,0,0.0,-0.0,2.1319622277855887,0,0.0,-0.0,2.1319622277855887,0,0.0,-0.0,1.832812721657088,0,0.0,-0.0,2.3541845842841598,0,0.0,-0.0,39.63961993802524
2022-08-15,43.72,-0.025629596612435912,True,1.0,-0.025629596612435912,13.254509625587401,0,0.0,-0.0,19.26316836489613,0,0.0,-0.0,46.70269388920258,0,0.0,-0.0,2.1319622277855887,0,0.0,-0.0,2.1319622277855887,0,0.0,-0.0,1.832812721657088,0,0.0,-0.0,2.3541845842841598,0,0.0,-0.0,39.63961993802524
2022-08-16,43.08,-0.014638609332113472,True,1.0,-0.014638609332113472,13.06048203728969,0,0.0,-0.0,19.26316836489613,0,0.0,-0.0,46.70269388920258,0,0.0,-0.0,2.1319622277855887,0,0.0,-0.0,2.1319622277855887,0,0.0,-0.0,1.832812721657088,0,0.0,-0.0,2.3541845842841598,0,0.0,-0.0,39.63961993802524
2022-08-17,40.54,-0.0589600742804085,False,1.0,-0.0589600742804085,12.29043504623315,0,0.0,-0.0,19.26316836489613,0,0.0,-0.0,46.70269388920258,0,0.0,-0.0,2.1319622277855887,0,0.0,-0.0,2.1319622277855887,0,0.0,-0.0,1.832812721657088,0,0.0,-0.0,2.3541845842841598,0,0.0,-0.0,39.63961993802524
2022-08-18,39.52,-0.025160335471139494,False,1.0,-0.025160335471139494,11.981203577383674,0,0.0,-0.0,19.26316836489613,0,0.0,-0.0,46.70269388920258,0,0.0,-0.0,2.1319622277855887,0,0.0,-0.0,2.1319622277855887,0,0.0,-0.0,1.832812721657088,0,0.0,-0.0,2.3541845842841598,0,0.0,-0.0,39.63961993802524
2022-08-19,35.81,-0.09387651821862353,False,1.0,-0.09387651821862353,10.856449901470379,0,0.0,-0.0,19.26316836489613,0,0.0,-0.0,46.70269388920258,0,0.0,-0.0,2.1319622277855887,0,0.0,-0.0,2.1319622277855887,0,0.0,-0.0,1.832812721657088,0,0.0,-0.0,2.3541845842841598,0,0.0,-0.0,39.63961993802524
2022-08-20,35.28,-0.01480033510192691,False,1.0,-0.01480033510192691,10.695770804911335,0,0.0,-0.0,19.26316836489613,0,0.0,-0.0,46.70269388920258,0,0.0,-0.0,2.1319622277855887,0,0.0,-0.0,2.1319622277855887,0,0.0,-0.0,1.832812721657088,0,0.0,-0.0,2.3541845842841598,0,0.0,-0.0,39.63961993802524
2022-08-21,36.47,0.03373015873015861,False,1.0,0.03373015873015861,11.05654085190239,0,0.0,0.0,19.26316836489613,0,0.0,0.0,46.70269388920258,0,0.0,0.0,2.1319622277855887,0,0.0,0.0,2.1319622277855887,0,0.0,0.0,1.832812721657088,0,0.0,0.0,2.3541845842841598,0,0.0,0.0,39.63961993802524
2022-08-22,35.41,-0.02906498491911169,False,1.0,-0.02906498491911169,10.735182658784305,0,0.0,-0.0,19.26316836489613,0,0.0,-0.0,46.70269388920258,0,0.0,-0.0,2.1319622277855887,0,0.0,-0.0,2.1319622277855887,0,0.0,-0.0,1.832812721657088,0,0.0,-0.0,2.3541845842841598,0,0.0,-0.0,39.63961993802524
2022-08-23,35.68,0.00762496469923768,False,1.0,0.00762496469923768,10.817038047597404,0,0.0,0.0,19.26316836489613,0,0.0,0.0,46.70269388920258,0,0.0,0.0,2.1319622277855887,0,0.0,0.0,2.1319622277855887,0,0.0,0.0,1.832812721657088,0,0.0,0.0,2.3541845842841598,0,0.0,0.0,39.63961993802524
2022-08-24,34.89,-0.02214125560538116,False,1.0,-0.02214125560538116,10.577535243292417,0,0.0,-0.0,19.26316836489613,0,0.0,-0.0,46.70269388920258,0,0.0,-0.0,2.1319622277855887,0,0.0,-0.0,2.1319622277855887,0,0.0,-0.0,1.832812721657088,0,0.0,-0.0,2.3541845842841598,0,0.0,-0.0,39.63961993802524
2022-08-25,35.27,0.01089137288621389,False,1.0,0.01089137288621389,10.692739123844184,0,0.0,0.0,19.26316836489613,0,0.0,0.0,46.70269388920258,0,0.0,0.0,2.1319622277855887,0,0.0,0.0,2.1319622277855887,0,0.0,0.0,1.832812721657088,0,0.0,0.0,2.3541845842841598,0,0.0,0.0,39.63961993802524
2022-08-26,31.72,-0.10065211227672255,False,1.0,-0.10065211227672255,9.616492345005316,0,0.0,-0.0,19.26316836489613,0,0.0,-0.0,46.70269388920258,0,0.0,-0.0,2.1319622277855887,0,0.0,-0.0,2.1319622277855887,0,0.0,-0.0,1.832812721657088,0,0.0,-0.0,2.3541845842841598,0,0.0,-0.0,39.63961993802524
2022-08-27,31.53,-0.005989911727616537,False,1.0,-0.005989911727616537,9.558890404729434,0,0.0,-0.0,19.26316836489613,0,0.0,-0.0,46.70269388920258,0,0.0,-0.0,2.1319622277855887,0,0.0,-0.0,2.1319622277855887,0,0.0,-0.0,1.832812721657088,0,0.0,-0.0,2.3541845842841598,0,0.0,-0.0,39.63961993802524
2022-08-28,30.44,-0.03457025055502694,False,1.0,-0.03457025055502694,9.228437168409894,0,0.0,-0.0,19.26316836489613,0,0.0,-0.0,46.70269388920258,0,0.0,-0.0,2.1319622277855887,0,0.0,-0.0,2.1319622277855887,0,0.0,-0.0,1.832812721657088,0,0.0,-0.0,2.3541845842841598,0,0.0,-0.0,39.63961993802524
2022-08-29,32.42,0.06504599211563744,False,1.0,0.06504599211563744,9.82871001970594,0,0.0,0.0,19.26316836489613,0,0.0,0.0,46.70269388920258,0,0.0,0.0,2.1319622277855887,0,0.0,0.0,2.1319622277855887,0,0.0,0.0,1.832812721657088,0,0.0,0.0,2.3541845842841598,0,0.0,0.0,39.63961993802524
2022-08-30,31.47,-0.029302899444787256,False,1.0,-0.029302899444787256,9.540700318326524,0,0.0,-0.0,19.26316836489613,0,0.0,-0.0,46.70269388920258,0,0.0,-0.0,2.1319622277855887,0,0.0,-0.0,2.1319622277855887,0,0.0,-0.0,1.832812721657088,0,0.0,-0.0,2.3541845842841598,0,0.0,-0.0,39.63961993802524
2022-08-31,31.5,0.0009532888465204614,False,1.0,0.0009532888465204614,9.549795361527979,0,0.0,0.0,19.26316836489613,0,0.0,0.0,46.70269388920258,0,0.0,0.0,2.1319622277855887,0,0.0,0.0,2.1319622277855887,0,0.0,0.0,1.832812721657088,0,0.0,0.0,2.3541845842841598,0,0.0,0.0,39.63961993802524
2022-09-01,31.61,0.0034920634920634352,False,1.0,0.0034920634920634352,9.583143853266646,0,0.0,0.0,19.26316836489613,0,0.0,0.0,46.70269388920258,0,0.0,0.0,2.1319622277855887,0,0.0,0.0,2.1319622277855887,0,0.0,0.0,1.832812721657088,0,0.0,0.0,2.3541845842841598,0,0.0,0.0,39.63961993802524
2022-09-02,31.23,-0.012021512179689942,False,1.0,-0.012021512179689942,9.46793997271488,0,0.0,-0.0,19.26316836489613,0,0.0,-0.0,46.70269388920258,0,0.0,-0.0,2.1319622277855887,0,0.0,-0.0,2.1319622277855887,0,0.0,-0.0,1.832812721657088,0,0.0,-0.0,2.3541845842841598,0,0.0,-0.0,39.63961993802524
2022-09-03,31.12,-0.0035222542427153503,False,1.0,-0.0035222542427153503,9.434591480976211,0,0.0,-0.0,19.26316836489613,0,0.0,-0.0,46.70269388920258,0,0.0,-0.0,2.1319622277855887,0,0.0,-0.0,2.1319622277855887,0,0.0,-0.0,1.832812721657088,0,0.0,-0.0,2.3541845842841598,0,0.0,-0.0,39.63961993802524
2022-09-04,32.16,0.03341902313624656,False,1.0,0.03341902313624656,9.74988631195999,0,0.0,0.0,19.26316836489613,0,0.0,0.0,46.70269388920258,0,0.0,0.0,2.1319622277855887,0,0.0,0.0,2.1319622277855887,0,0.0,0.0,1.832812721657088,0,0.0,0.0,2.3541845842841598,0,0.0,0.0,39.63961993802524
2022-09-05,32.18,0.0006218905472636926,False,1.0,0.0006218905472636926,9.755949674094294,0,0.0,0.0,19.26316836489613,0,0.0,0.0,46.70269388920258,0,0.0,0.0,2.1319622277855887,0,0.0,0.0,2.1319622277855887,0,0.0,0.0,1.832812721657088,0,0.0,0.0,2.3541845842841598,0,0.0,0.0,39.63961993802524
2022-09-06,30.88,-0.0403977625854568,False,1.0,-0.0403977625854568,9.361831135364568,0,0.0,-0.0,19.26316836489613,0,0.0,-0.0,46.70269388920258,0,0.0,-0.0,2.1319622277855887,0,0.0,-0.0,2.1319622277855887,0,0.0,-0.0,1.832812721657088,0,0.0,-0.0,2.3541845842841598,0,0.0,-0.0,39.63961993802524
2022-09-07,32.69,0.058613989637305686,False,1.0,0.058613989637305686,9.910565408519032,0,0.0,0.0,19.26316836489613,0,0.0,0.0,46.70269388920258,0,0.0,0.0,2.1319622277855887,0,0.0,0.0,2.1319622277855887,0,0.0,0.0,1.832812721657088,0,0.0,0.0,2.3541845842841598,0,0.0,0.0,39.63961993802524
2022-09-08,33.61,0.02814316304680342,False,1.0,0.02814316304680342,10.189480066696992,0,0.0,0.0,19.26316836489613,0,0.0,0.0,46.70269388920258,0,0.0,0.0,2.1319622277855887,0,0.0,0.0,2.1319622277855887,0,0.0,0.0,1.832812721657088,0,0.0,0.0,2.3541845842841598,0,0.0,0.0,39.63961993802524
2022-09-09,34.67,0.0315382326688487,False,1.0,0.0315382326688487,10.510838259815078,0,0.0,0.0,19.26316836489613,0,0.0,0.0,46.70269388920258,0,0.0,0.0,2.1319622277855887,0,0.0,0.0,2.1319622277855887,0,0.0,0.0,1.832812721657088,0,0.0,0.0,2.3541845842841598,0,0.0,0.0,39.63961993802524
2022-09-10,35.03,0.010383616959907638,False,1.0,0.010383616959907638,10.61997877823254,0,0.0,0.0,19.26316836489613,0,0.0,0.0,46.70269388920258,0,0.0,0.0,2.1319622277855887,0,0.0,0.0,2.1319622277855887,0,0.0,0.0,1.832812721657088,0,0.0,0.0,2.3541845842841598,0,0.0,0.0,39.63961993802524
2022-09-11,34.99,-0.0011418783899515006,False,1.0,-0.0011418783899515006,10.607852053963931,0,0.0,-0.0,19.26316836489613,0,0.0,-0.0,46.70269388920258,0,0.0,-0.0,2.1319622277855887,0,0.0,-0.0,2.1319622277855887,0,0.0,-0.0,1.832812721657088,0,0.0,-0.0,2.3541845842841598,0,0.0,-0.0,39.63961993802524
2022-09-12,37.44,0.0700200057159186,True,1.0,0.0700200057159186,11.350613915416105,0,0.0,0.0,19.26316836489613,0,0.0,0.0,46.70269388920258,0,0.0,0.0,2.1319622277855887,0,0.0,0.0,2.1319622277855887,0,0.0,0.0,1.832812721657088,0,0.0,0.0,2.3541845842841598,0,0.0,0.0,39.63961993802524
2022-09-13,33.0,-0.1185897435897435,False,1.0,-0.1185897435897435,10.004547521600735,0,0.0,-0.0,19.26316836489613,0,0.0,-0.0,46.70269388920258,0,0.0,-0.0,2.1319622277855887,0,0.0,-0.0,2.1319622277855887,0,0.0,-0.0,1.832812721657088,0,0.0,-0.0,2.3541845842841598,0,0.0,-0.0,39.63961993802524
2022-09-14,34.12,0.033939393939393936,False,1.0,0.033939393939393936,10.34409580112173,0,0.0,0.0,19.26316836489613,0,0.0,0.0,46.70269388920258,0,0.0,0.0,2.1319622277855887,0,0.0,0.0,2.1319622277855887,0,0.0,0.0,1.832812721657088,0,0.0,0.0,2.3541845842841598,0,0.0,0.0,39.63961993802524
2022-09-15,33.07,-0.030773739742086637,True,1.0,-0.030773739742086637,10.0257692890708,0,0.0,-0.0,19.26316836489613,0,0.0,-0.0,46.70269388920258,0,0.0,-0.0,2.1319622277855887,0,0.0,-0.0,2.1319622277855887,0,0.0,-0.0,1.832812721657088,0,0.0,-0.0,2.3541845842841598,0,0.0,-0.0,39.63961993802524
2022-09-16,32.25,-0.024795887511339543,True,1.0,-0.024795887511339543,9.777171441564358,0,0.0,-0.0,19.26316836489613,0,0.0,-0.0,46.70269388920258,0,0.0,-0.0,2.1319622277855887,0,0.0,-0.0,2.1319622277855887,0,0.0,-0.0,1.832812721657088,0,0.0,-0.0,2.3541845842841598,0,0.0,-0.0,39.63961993802524
2022-09-17,33.68,0.04434108527131775,True,1.0,0.04434108527131775,10.210701834167056,0,0.0,0.0,19.26316836489613,0,0.0,0.0,46.70269388920258,0,0.0,0.0,2.1319622277855887,0,0.0,0.0,2.1319622277855887,0,0.0,0.0,1.832812721657088,0,0.0,0.0,2.3541845842841598,0,0.0,0.0,39.63961993802524
2022-09-18,31.1,-0.07660332541567694,False,1.0,-0.07660332541567694,9.428528118841907,0,0.0,-0.0,19.26316836489613,0,0.0,-0.0,46.70269388920258,0,0.0,-0.0,2.1319622277855887,0,0.0,-0.0,2.1319622277855887,0,0.0,-0.0,1.832812721657088,0,0.0,-0.0,2.3541845842841598,0,0.0,-0.0,39.63961993802524
2022-09-19,32.62,0.04887459807073946,True,1.0,0.04887459807073946,9.88934364104897,0,0.0,0.0,19.26316836489613,0,0.0,0.0,46.70269388920258,0,0.0,0.0,2.1319622277855887,0,0.0,0.0,2.1319622277855887,0,0.0,0.0,1.832812721657088,0,0.0,0.0,2.3541845842841598,0,0.0,0.0,39.63961993802524
2022-09-20,31.41,-0.037093807480073515,False,1.0,-0.037093807480073515,9.522510231923611,0,0.0,-0.0,19.26316836489613,0,0.0,-0.0,46.70269388920258,0,0.0,-0.0,2.1319622277855887,0,0.0,-0.0,2.1319622277855887,0,0.0,-0.0,1.832812721657088,0,0.0,-0.0,2.3541845842841598,0,0.0,-0.0,39.63961993802524
2022-09-21,30.65,-0.024196115886660374,False,1.0,-0.024196115886660374,9.292102470820078,0,0.0,-0.0,19.26316836489613,0,0.0,-0.0,46.70269388920258,0,0.0,-0.0,2.1319622277855887,0,0.0,-0.0,2.1319622277855887,0,0.0,-0.0,1.832812721657088,0,0.0,-0.0,2.3541845842841598,0,0.0,-0.0,39.63961993802524
2022-09-22,32.43,0.05807504078303438,True,1.0,0.05807504078303438,9.831741700773089,0,0.0,0.0,19.26316836489613,0,0.0,0.0,46.70269388920258,0,0.0,0.0,2.1319622277855887,0,0.0,0.0,2.1319622277855887,0,0.0,0.0,1.832812721657088,0,0.0,0.0,2.3541845842841598,0,0.0,0.0,39.63961993802524
2022-09-23,33.66,0.03792784458834397,True,1.0,0.03792784458834397,10.204638472032752,0,0.0,0.0,19.26316836489613,0,0.0,0.0,46.70269388920258,0,0.0,0.0,2.1319622277855887,0,0.0,0.0,2.1319622277855887,0,0.0,0.0,1.832812721657088,0,0.0,0.0,2.3541845842841598,0,0.0,0.0,39.63961993802524
2022-09-24,33.38,-0.008318478906714,True,1.0,-0.008318478906714,10.119751402152506,0,0.0,-0.0,19.26316836489613,0,0.0,-0.0,46.70269388920258,0,0.0,-0.0,2.1319622277855887,0,0.0,-0.0,2.1319622277855887,0,0.0,-0.0,1.832812721657088,0,0.0,-0.0,2.3541845842841598,0,0.0,-0.0,39.63961993802524
2022-09-25,32.34,-0.031156381066506866,True,1.0,-0.031156381066506866,9.804456571168725,0,0.0,-0.0,19.26316836489613,0,0.0,-0.0,46.70269388920258,0,0.0,-0.0,2.1319622277855887,0,0.0,-0.0,2.1319622277855887,0,0.0,-0.0,1.832812721657088,0,0.0,-0.0,2.3541845842841598,0,0.0,-0.0,39.63961993802524
2022-09-26,33.88,0.04761904761904767,True,1.0,0.04761904761904767,10.271335455510092,0,0.0,0.0,19.26316836489613,0,0.0,0.0,46.70269388920258,0,0.0,0.0,2.1319622277855887,0,0.0,0.0,2.1319622277855887,0,0.0,0.0,1.832812721657088,0,0.0,0.0,2.3541845842841598,0,0.0,0.0,39.63961993802524
2022-09-27,32.69,-0.03512396694214892,False,1.0,-0.03512396694214892,9.910565408519034,0,0.0,-0.0,19.26316836489613,0,0.0,-0.0,46.70269388920258,0,0.0,-0.0,2.1319622277855887,0,0.0,-0.0,2.1319622277855887,0,0.0,-0.0,1.832812721657088,0,0.0,-0.0,2.3541845842841598,0,0.0,-0.0,39.63961993802524
2022-09-28,33.22,0.016212909146527954,False,1.0,0.016212909146527954,10.071244505078075,0,0.0,0.0,19.26316836489613,0,0.0,0.0,46.70269388920258,0,0.0,0.0,2.1319622277855887,0,0.0,0.0,2.1319622277855887,0,0.0,0.0,1.832812721657088,0,0.0,0.0,2.3541845842841598,0,0.0,0.0,39.63961993802524
2022-09-29,33.93,0.021372667068031426,False,1.0,0.021372667068031426,10.28649386084585,0,0.0,0.0,19.26316836489613,0,0.0,0.0,46.70269388920258,0,0.0,0.0,2.1319622277855887,0,0.0,0.0,2.1319622277855887,0,0.0,0.0,1.832812721657088,0,0.0,0.0,2.3541845842841598,0,0.0,0.0,39.63961993802524
2022-09-30,33.25,-0.02004126142057172,False,1.0,-0.02004126142057172,10.080339548279532,0,0.0,-0.0,19.26316836489613,0,0.0,-0.0,46.70269388920258,0,0.0,-0.0,2.1319622277855887,0,0.0,-0.0,2.1319622277855887,0,0.0,-0.0,1.832812721657088,0,0.0,-0.0,2.3541845842841598,0,0.0,-0.0,39.63961993802524
2022-10-01,32.44,-0.02436090225563914,False,1.0,-0.02436090225563914,9.834773381840241,0,0.0,-0.0,19.26316836489613,0,0.0,-0.0,46.70269388920258,0,0.0,-0.0,2.1319622277855887,0,0.0,-0.0,2.1319622277855887,0,0.0,-0.0,1.832812721657088,0,0.0,-0.0,2.3541845842841598,0,0.0,-0.0,39.63961993802524
2022-10-02,32.06,-0.011713933415536282,False,1.0,-0.011713933415536282,9.719569501288476,0,0.0,-0.0,19.26316836489613,0,0.0,-0.0,46.70269388920258,0,0.0,-0.0,2.1319622277855887,0,0.0,-0.0,2.1319622277855887,0,0.0,-0.0,1.832812721657088,0,0.0,-0.0,2.3541845842841598,0,0.0,-0.0,39.63961993802524
2022-10-03,32.89,0.02588895820336856,False,1.0,0.02588895820336856,9.971199029862069,0,0.0,0.0,19.26316836489613,0,0.0,0.0,46.70269388920258,0,0.0,0.0,2.1319622277855887,0,0.0,0.0,2.1319622277855887,0,0.0,0.0,1.832812721657088,0,0.0,0.0,2.3541845842841598,0,0.0,0.0,39.63961993802524
2022-10-04,34.09,0.03648525387655832,False,1.0,0.03648525387655832,10.335000757920279,0,0.0,0.0,19.26316836489613,0,0.0,0.0,46.70269388920258,0,0.0,0.0,2.1319622277855887,0,0.0,0.0,2.1319622277855887,0,0.0,0.0,1.832812721657088,0,0.0,0.0,2.3541845842841598,0,0.0,0.0,39.63961993802524
2022-10-05,34.04,-0.0014667057788209092,True,1.0,-0.0014667057788209092,10.319842352584518,0,0.0,-0.0,19.26316836489613,0,0.0,-0.0,46.70269388920258,0,0.0,-0.0,2.1319622277855887,0,0.0,-0.0,2.1319622277855887,0,0.0,-0.0,1.832812721657088,0,0.0,-0.0,2.3541845842841598,0,0.0,-0.0,39.63961993802524
2022-10-06,33.36,-0.0199764982373678,True,1.0,-0.0199764982373678,10.1136880400182,0,0.0,-0.0,19.26316836489613,0,0.0,-0.0,46.70269388920258,0,0.0,-0.0,2.1319622277855887,0,0.0,-0.0,2.1319622277855887,0,0.0,-0.0,1.832812721657088,0,0.0,-0.0,2.3541845842841598,0,0.0,-0.0,39.63961993802524
2022-10-07,32.98,-0.011390887290167906,False,1.0,-0.011390887290167906,9.998484159466434,0,0.0,-0.0,19.26316836489613,0,0.0,-0.0,46.70269388920258,0,0.0,-0.0,2.1319622277855887,0,0.0,-0.0,2.1319622277855887,0,0.0,-0.0,1.832812721657088,0,0.0,-0.0,2.3541845842841598,0,0.0,-0.0,39.63961993802524
2022-10-08,32.58,-0.012128562765312267,True,1.0,-0.012128562765312267,9.877216916780364,0,0.0,-0.0,19.26316836489613,0,0.0,-0.0,46.70269388920258,0,0.0,-0.0,2.1319622277855887,0,0.0,-0.0,2.1319622277855887,0,0.0,-0.0,1.832812721657088,0,0.0,-0.0,2.3541845842841598,0,0.0,-0.0,39.63961993802524
2022-10-09,32.92,0.010435850214855824,True,1.0,0.010435850214855824,9.980294073063524,0,0.0,0.0,19.26316836489613,0,0.0,0.0,46.70269388920258,0,0.0,0.0,2.1319622277855887,0,0.0,0.0,2.1319622277855887,0,0.0,0.0,1.832812721657088,0,0.0,0.0,2.3541845842841598,0,0.0,0.0,39.63961993802524
2022-10-10,31.96,-0.02916160388821387,True,1.0,-0.02916160388821387,9.689252690616957,0,0.0,-0.0,19.26316836489613,0,0.0,-0.0,46.70269388920258,0,0.0,-0.0,2.1319622277855887,0,0.0,-0.0,2.1319622277855887,0,0.0,-0.0,1.832812721657088,0,0.0,-0.0,2.3541845842841598,0,0.0,-0.0,39.63961993802524
2022-10-11,30.8,-0.03629536921151444,True,1.0,-0.03629536921151444,9.337577686827355,0,0.0,-0.0,19.26316836489613,0,0.0,-0.0,46.70269388920258,0,0.0,-0.0,2.1319622277855887,0,0.0,-0.0,2.1319622277855887,0,0.0,-0.0,1.832812721657088,0,0.0,-0.0,2.3541845842841598,0,0.0,-0.0,39.63961993802524
2022-10-12,31.16,0.011688311688311748,False,1.0,0.011688311688311748,9.446718205244819,0,0.0,0.0,19.26316836489613,0,0.0,0.0,46.70269388920258,0,0.0,0.0,2.1319622277855887,0,0.0,0.0,2.1319622277855887,0,0.0,0.0,1.832812721657088,0,0.0,0.0,2.3541845842841598,0,0.0,0.0,39.63961993802524
2022-10-13,30.49,-0.021501925545571288,False,1.0,-0.021501925545571288,9.243595573745653,0,0.0,-0.0,19.26316836489613,0,0.0,-0.0,46.70269388920258,0,0.0,-0.0,2.1319622277855887,0,0.0,-0.0,2.1319622277855887,0,0.0,-0.0,1.832812721657088,0,0.0,-0.0,2.3541845842841598,0,0.0,-0.0,39.63961993802524
2022-10-14,30.0,-0.016070842899311155,False,1.0,-0.016070842899311155,9.09504320145522,0,0.0,-0.0,19.26316836489613,0,0.0,-0.0,46.70269388920258,0,0.0,-0.0,2.1319622277855887,0,0.0,-0.0,2.1319622277855887,0,0.0,-0.0,1.832812721657088,0,0.0,-0.0,2.3541845842841598,0,0.0,-0.0,39.63961993802524
2022-10-15,29.59,-0.013666666666666716,False,1.0,-0.013666666666666716,8.970744277701998,0,0.0,-0.0,19.26316836489613,0,0.0,-0.0,46.70269388920258,0,0.0,-0.0,2.1319622277855887,0,0.0,-0.0,2.1319622277855887,0,0.0,-0.0,1.832812721657088,0,0.0,-0.0,2.3541845842841598,0,0.0,-0.0,39.63961993802524
2022-10-16,30.17,0.019601216627239015,False,1.0,0.019601216627239015,9.146581779596799,0,0.0,0.0,19.26316836489613,0,0.0,0.0,46.70269388920258,0,0.0,0.0,2.1319622277855887,0,0.0,0.0,2.1319622277855887,0,0.0,0.0,1.832812721657088,0,0.0,0.0,2.3541845842841598,0,0.0,0.0,39.63961993802524
2022-10-17,31.21,0.03447132913490214,False,1.0,0.03447132913490214,9.46187661058058,0,0.0,0.0,19.26316836489613,0,0.0,0.0,46.70269388920258,0,0.0,0.0,2.1319622277855887,0,0.0,0.0,2.1319622277855887,0,0.0,0.0,1.832812721657088,0,0.0,0.0,2.3541845842841598,0,0.0,0.0,39.63961993802524
2022-10-18,30.15,-0.03396347324575466,False,1.0,-0.03396347324575466,9.140518417462495,0,0.0,-0.0,19.26316836489613,0,0.0,-0.0,46.70269388920258,0,0.0,-0.0,2.1319622277855887,0,0.0,-0.0,2.1319622277855887,0,0.0,-0.0,1.832812721657088,0,0.0,-0.0,2.3541845842841598,0,0.0,-0.0,39.63961993802524
2022-10-19,28.86,-0.042786069651741254,False,1.0,-0.042786069651741254,8.749431559799921,0,0.0,-0.0,19.26316836489613,0,0.0,-0.0,46.70269388920258,0,0.0,-0.0,2.1319622277855887,0,0.0,-0.0,2.1319622277855887,0,0.0,-0.0,1.832812721657088,0,0.0,-0.0,2.3541845842841598,0,0.0,-0.0,39.63961993802524
2022-10-20,28.01,-0.029452529452529408,False,1.0,-0.029452529452529408,8.491738669092024,0,0.0,-0.0,19.26316836489613,0,0.0,-0.0,46.70269388920258,0,0.0,-0.0,2.1319622277855887,0,0.0,-0.0,2.1319622277855887,0,0.0,-0.0,1.832812721657088,0,0.0,-0.0,2.3541845842841598,0,0.0,-0.0,39.63961993802524
2022-10-21,28.1,0.003213138164941176,False,1.0,0.003213138164941176,8.519023798696391,0,0.0,0.0,19.26316836489613,0,0.0,0.0,46.70269388920258,0,0.0,0.0,2.1319622277855887,0,0.0,0.0,2.1319622277855887,0,0.0,0.0,1.832812721657088,0,0.0,0.0,2.3541845842841598,0,0.0,0.0,39.63961993802524
2022-10-22,28.01,-0.003202846975088991,False,1.0,-0.003202846975088991,8.491738669092026,0,0.0,-0.0,19.26316836489613,0,0.0,-0.0,46.70269388920258,0,0.0,-0.0,2.1319622277855887,0,0.0,-0.0,2.1319622277855887,0,0.0,-0.0,1.832812721657088,0,0.0,-0.0,2.3541845842841598,0,0.0,-0.0,39.63961993802524
2022-10-23,29.28,0.04534094966083546,False,1.0,0.04534094966083546,8.876762164620297,0,0.0,0.0,19.26316836489613,0,0.0,0.0,46.70269388920258,0,0.0,0.0,2.1319622277855887,0,0.0,0.0,2.1319622277855887,0,0.0,0.0,1.832812721657088,0,0.0,0.0,2.3541845842841598,0,0.0,0.0,39.63961993802524
2022-10-24,28.3,-0.03346994535519132,False,1.0,-0.03346994535519132,8.579657420039426,0,0.0,-0.0,19.26316836489613,0,0.0,-0.0,46.70269388920258,0,0.0,-0.0,2.1319622277855887,0,0.0,-0.0,2.1319622277855887,0,0.0,-0.0,1.832812721657088,0,0.0,-0.0,2.3541845842841598,0,0.0,-0.0,39.63961993802524
2022-10-25,30.86,0.09045936395759702,False,1.0,0.09045936395759702,9.355767773230271,0,0.0,0.0,19.26316836489613,0,0.0,0.0,46.70269388920258,0,0.0,0.0,2.1319622277855887,0,0.0,0.0,2.1319622277855887,0,0.0,0.0,1.832812721657088,0,0.0,0.0,2.3541845842841598,0,0.0,0.0,39.63961993802524
2022-10-26,31.29,0.01393389500972142,False,1.0,0.01393389500972142,9.486130059117796,0,0.0,0.0,19.26316836489613,0,0.0,0.0,46.70269388920258,0,0.0,0.0,2.1319622277855887,0,0.0,0.0,2.1319622277855887,0,0.0,0.0,1.832812721657088,0,0.0,0.0,2.3541845842841598,0,0.0,0.0,39.63961993802524
2022-10-27,30.58,-0.022690955576861627,False,1.0,-0.022690955576861627,9.270880703350022,0,0.0,-0.0,19.26316836489613,0,0.0,-0.0,46.70269388920258,0,0.0,-0.0,2.1319622277855887,0,0.0,-0.0,2.1319622277855887,0,0.0,-0.0,1.832812721657088,0,0.0,-0.0,2.3541845842841598,0,0.0,-0.0,39.63961993802524
2022-10-28,32.07,0.0487246566383257,False,1.0,0.0487246566383257,9.722601182355632,0,0.0,0.0,19.26316836489613,0,0.0,0.0,46.70269388920258,0,0.0,0.0,2.1319622277855887,0,0.0,0.0,2.1319622277855887,0,0.0,0.0,1.832812721657088,0,0.0,0.0,2.3541845842841598,0,0.0,0.0,39.63961993802524
2022-10-29,32.87,0.02494543186778908,False,1.0,0.02494543186778908,9.96513566772777,0,0.0,0.0,19.26316836489613,0,0.0,0.0,46.70269388920258,0,0.0,0.0,2.1319622277855887,0,0.0,0.0,2.1319622277855887,0,0.0,0.0,1.832812721657088,0,0.0,0.0,2.3541845842841598,0,0.0,0.0,39.63961993802524
2022-10-30,32.94,0.0021296014602980584,True,1.0,0.0021296014602980584,9.986357435197831,0,0.0,0.0,19.26316836489613,0,0.0,0.0,46.70269388920258,0,0.0,0.0,2.1319622277855887,0,0.0,0.0,2.1319622277855887,0,0.0,0.0,1.832812721657088,0,0.0,0.0,2.3541845842841598,0,0.0,0.0,39.63961993802524
2022-10-31,32.56,-0.011536126290224491,True,1.0,-0.011536126290224491,9.871153554646067,0,0.0,-0.0,19.26316836489613,0,0.0,-0.0,46.70269388920258,0,0.0,-0.0,2.1319622277855887,0,0.0,-0.0,2.1319622277855887,0,0.0,-0.0,1.832812721657088,0,0.0,-0.0,2.3541845842841598,0,0.0,-0.0,39.63961993802524
2022-11-01,32.2,-0.011056511056511065,True,1.0,-0.011056511056511065,9.762013036228606,0,0.0,-0.0,19.26316836489613,0,0.0,-0.0,46.70269388920258,0,0.0,-0.0,2.1319622277855887,0,0.0,-0.0,2.1319622277855887,0,0.0,-0.0,1.832812721657088,0,0.0,-0.0,2.3541845842841598,0,0.0,-0.0,39.63961993802524
2022-11-02,30.8,-0.0434782608695653,True,1.0,-0.0434782608695653,9.33757768682736,0,0.0,-0.0,19.26316836489613,0,0.0,-0.0,46.70269388920258,0,0.0,-0.0,2.1319622277855887,0,0.0,-0.0,2.1319622277855887,0,0.0,-0.0,1.832812721657088,0,0.0,-0.0,2.3541845842841598,0,0.0,-0.0,39.63961993802524
2022-11-03,30.85,0.0016233766233766378,True,1.0,0.0016233766233766378,9.35273609216312,0,0.0,0.0,19.26316836489613,0,0.0,0.0,46.70269388920258,0,0.0,0.0,2.1319622277855887,0,0.0,0.0,2.1319622277855887,0,0.0,0.0,1.832812721657088,0,0.0,0.0,2.3541845842841598,0,0.0,0.0,39.63961993802524
2022-11-04,33.74,0.09367909238249594,True,1.0,0.09367909238249594,10.228891920569973,0,0.0,0.0,19.26316836489613,0,0.0,0.0,46.70269388920258,0,0.0,0.0,2.1319622277855887,0,0.0,0.0,2.1319622277855887,0,0.0,0.0,1.832812721657088,0,0.0,0.0,2.3541845842841598,0,0.0,0.0,39.63961993802524
2022-11-05,36.9,0.0936573799644338,True,1.0,0.0936573799644338,11.186903137789923,0,0.0,0.0,19.26316836489613,0,0.0,0.0,46.70269388920258,0,0.0,0.0,2.1319622277855887,0,0.0,0.0,2.1319622277855887,0,0.0,0.0,1.832812721657088,0,0.0,0.0,2.3541845842841598,0,0.0,0.0,39.63961993802524
2022-11-06,32.62,-0.11598915989159897,True,1.0,-0.11598915989159897,9.889343641048978,0,0.0,-0.0,19.26316836489613,0,0.0,-0.0,46.70269388920258,0,0.0,-0.0,2.1319622277855887,0,0.0,-0.0,2.1319622277855887,0,0.0,-0.0,1.832812721657088,0,0.0,-0.0,2.3541845842841598,0,0.0,-0.0,39.63961993802524
2022-11-07,29.62,-0.09196811771919056,False,1.0,-0.09196811771919056,8.979839320903457,0,0.0,-0.0,19.26316836489613,0,0.0,-0.0,46.70269388920258,0,0.0,-0.0,2.1319622277855887,0,0.0,-0.0,2.1319622277855887,0,0.0,-0.0,1.832812721657088,0,0.0,-0.0,2.3541845842841598,0,0.0,-0.0,39.63961993802524
2022-11-08,24.38,-0.17690749493585423,False,1.0,-0.17690749493585423,7.391238441715944,0,0.0,-0.0,19.26316836489613,0,0.0,-0.0,46.70269388920258,0,0.0,-0.0,2.1319622277855887,0,0.0,-0.0,2.1319622277855887,0,0.0,-0.0,1.832812721657088,0,0.0,-0.0,2.3541845842841598,0,0.0,-0.0,39.63961993802524
2022-11-09,14.08,-0.42247744052502045,False,1.0,-0.42247744052502045,4.268606942549652,0,0.0,-0.0,19.26316836489613,0,0.0,-0.0,46.70269388920258,0,0.0,-0.0,2.1319622277855887,0,0.0,-0.0,2.1319622277855887,0,0.0,-0.0,1.832812721657088,0,0.0,-0.0,2.3541845842841598,0,0.0,-0.0,39.63961993802524
2022-11-10,17.66,0.25426136363636354,False,1.0,0.25426136363636354,5.353948764589974,0,0.0,0.0,19.26316836489613,0,0.0,0.0,46.70269388920258,0,0.0,0.0,2.1319622277855887,0,0.0,0.0,2.1319622277855887,0,0.0,0.0,1.832812721657088,0,0.0,0.0,2.3541845842841598,0,0.0,0.0,39.63961993802524
2022-11-11,16.45,-0.06851642129105329,False,1.0,-0.06851642129105329,4.9871153554646135,0,0.0,-0.0,19.26316836489613,0,0.0,-0.0,46.70269388920258,0,0.0,-0.0,2.1319622277855887,0,0.0,-0.0,2.1319622277855887,0,0.0,-0.0,1.832812721657088,0,0.0,-0.0,2.3541845842841598,0,0.0,-0.0,39.63961993802524
2022-11-12,14.58,-0.11367781155015189,False,1.0,-0.11367781155015189,4.420190995907238,0,0.0,-0.0,19.26316836489613,0,0.0,-0.0,46.70269388920258,0,0.0,-0.0,2.1319622277855887,0,0.0,-0.0,2.1319622277855887,0,0.0,-0.0,1.832812721657088,0,0.0,-0.0,2.3541845842841598,0,0.0,-0.0,39.63961993802524
2022-11-13,13.18,-0.0960219478737997,False,1.0,-0.0960219478737997,3.995755646505995,0,0.0,-0.0,19.26316836489613,0,0.0,-0.0,46.70269388920258,0,0.0,-0.0,2.1319622277855887,0,0.0,-0.0,2.1319622277855887,0,0.0,-0.0,1.832812721657088,0,0.0,-0.0,2.3541845842841598,0,0.0,-0.0,39.63961993802524
2022-11-14,14.0,0.06221547799696503,False,1.0,0.06221547799696503,4.2443534940124374,0,0.0,0.0,19.26316836489613,0,0.0,0.0,46.70269388920258,0,0.0,0.0,2.1319622277855887,0,0.0,0.0,2.1319622277855887,0,0.0,0.0,1.832812721657088,0,0.0,0.0,2.3541845842841598,0,0.0,0.0,39.63961993802524
2022-11-15,14.32,0.02285714285714291,False,1.0,0.02285714285714291,4.341367288161293,0,0.0,0.0,19.26316836489613,0,0.0,0.0,46.70269388920258,0,0.0,0.0,2.1319622277855887,0,0.0,0.0,2.1319622277855887,0,0.0,0.0,1.832812721657088,0,0.0,0.0,2.3541845842841598,0,0.0,0.0,39.63961993802524
2022-11-16,14.27,-0.0034916201117318746,False,1.0,-0.0034916201117318746,4.326208882825534,0,0.0,-0.0,19.26316836489613,0,0.0,-0.0,46.70269388920258,0,0.0,-0.0,2.1319622277855887,0,0.0,-0.0,2.1319622277855887,0,0.0,-0.0,1.832812721657088,0,0.0,-0.0,2.3541845842841598,0,0.0,-0.0,39.63961993802524
2022-11-17,13.65,-0.04344779257182896,False,1.0,-0.04344779257182896,4.138244656662126,0,0.0,-0.0,19.26316836489613,0,0.0,-0.0,46.70269388920258,0,0.0,-0.0,2.1319622277855887,0,0.0,-0.0,2.1319622277855887,0,0.0,-0.0,1.832812721657088,0,0.0,-0.0,2.3541845842841598,0,0.0,-0.0,39.63961993802524
2022-11-18,13.27,-0.02783882783882785,False,1.0,-0.02783882783882785,4.02304077611036,0,0.0,-0.0,19.26316836489613,0,0.0,-0.0,46.70269388920258,0,0.0,-0.0,2.1319622277855887,0,0.0,-0.0,2.1319622277855887,0,0.0,-0.0,1.832812721657088,0,0.0,-0.0,2.3541845842841598,0,0.0,-0.0,39.63961993802524
2022-11-19,12.84,-0.03240391861341374,False,1.0,-0.03240391861341374,3.892678490222835,0,0.0,-0.0,19.26316836489613,0,0.0,-0.0,46.70269388920258,0,0.0,-0.0,2.1319622277855887,0,0.0,-0.0,2.1319622277855887,0,0.0,-0.0,1.832812721657088,0,0.0,-0.0,2.3541845842841598,0,0.0,-0.0,39.63961993802524
2022-11-20,12.27,-0.04439252336448596,False,1.0,-0.04439252336448596,3.7198726693951856,0,0.0,-0.0,19.26316836489613,0,0.0,-0.0,46.70269388920258,0,0.0,-0.0,2.1319622277855887,0,0.0,-0.0,2.1319622277855887,0,0.0,-0.0,1.832812721657088,0,0.0,-0.0,2.3541845842841598,0,0.0,-0.0,39.63961993802524
2022-11-21,11.83,-0.03585982070089644,False,1.0,-0.03585982070089644,3.5864787024405094,0,0.0,-0.0,19.26316836489613,0,0.0,-0.0,46.70269388920258,0,0.0,-0.0,2.1319622277855887,0,0.0,-0.0,2.1319622277855887,0,0.0,-0.0,1.832812721657088,0,0.0,-0.0,2.3541845842841598,0,0.0,-0.0,39.63961993802524
2022-11-22,12.44,0.051563820794589876,False,1.0,0.051563820794589876,3.771411247536765,0,0.0,0.0,19.26316836489613,0,0.0,0.0,46.70269388920258,0,0.0,0.0,2.1319622277855887,0,0.0,0.0,2.1319622277855887,0,0.0,0.0,1.832812721657088,0,0.0,0.0,2.3541845842841598,0,0.0,0.0,39.63961993802524
2022-11-23,14.36,0.15434083601286175,False,1.0,0.15434083601286175,4.353494012429899,0,0.0,0.0,19.26316836489613,0,0.0,0.0,46.70269388920258,0,0.0,0.0,2.1319622277855887,0,0.0,0.0,2.1319622277855887,0,0.0,0.0,1.832812721657088,0,0.0,0.0,2.3541845842841598,0,0.0,0.0,39.63961993802524
2022-11-24,14.59,0.016016713091921986,False,1.0,0.016016713091921986,4.423222676974389,0,0.0,0.0,19.26316836489613,0,0.0,0.0,46.70269388920258,0,0.0,0.0,2.1319622277855887,0,0.0,0.0,2.1319622277855887,0,0.0,0.0,1.832812721657088,0,0.0,0.0,2.3541845842841598,0,0.0,0.0,39.63961993802524
2022-11-25,14.03,-0.03838245373543525,False,1.0,-0.03838245373543525,4.253448537213892,0,0.0,-0.0,19.26316836489613,0,0.0,-0.0,46.70269388920258,0,0.0,-0.0,2.1319622277855887,0,0.0,-0.0,2.1319622277855887,0,0.0,-0.0,1.832812721657088,0,0.0,-0.0,2.3541845842841598,0,0.0,-0.0,39.63961993802524
2022-11-26,14.17,0.009978617248752819,False,1.0,0.009978617248752819,4.295892072154016,0,0.0,0.0,19.26316836489613,0,0.0,0.0,46.70269388920258,0,0.0,0.0,2.1319622277855887,0,0.0,0.0,2.1319622277855887,0,0.0,0.0,1.832812721657088,0,0.0,0.0,2.3541845842841598,0,0.0,0.0,39.63961993802524
2022-11-27,14.12,-0.003528581510232942,False,1.0,-0.003528581510232942,4.280733666818257,0,0.0,-0.0,19.26316836489613,0,0.0,-0.0,46.70269388920258,0,0.0,-0.0,2.1319622277855887,0,0.0,-0.0,2.1319622277855887,0,0.0,-0.0,1.832812721657088,0,0.0,-0.0,2.3541845842841598,0,0.0,-0.0,39.63961993802524
2022-11-28,13.32,-0.056657223796033884,False,1.0,-0.056657223796033884,4.038199181446118,0,0.0,-0.0,19.26316836489613,0,0.0,-0.0,46.70269388920258,0,0.0,-0.0,2.1319622277855887,0,0.0,-0.0,2.1319622277855887,0,0.0,-0.0,1.832812721657088,0,0.0,-0.0,2.3541845842841598,0,0.0,-0.0,39.63961993802524
2022-11-29,13.34,0.0015015015015014122,False,1.0,0.0015015015015014122,4.044262543580421,0,0.0,0.0,19.26316836489613,0,0.0,0.0,46.70269388920258,0,0.0,0.0,2.1319622277855887,0,0.0,0.0,2.1319622277855887,0,0.0,0.0,1.832812721657088,0,0.0,0.0,2.3541845842841598,0,0.0,0.0,39.63961993802524
2022-11-30,14.16,0.06146926536731634,False,1.0,0.06146926536731634,4.292860391086864,0,0.0,0.0,19.26316836489613,0,0.0,0.0,46.70269388920258,0,0.0,0.0,2.1319622277855887,0,0.0,0.0,2.1319622277855887,0,0.0,0.0,1.832812721657088,0,0.0,0.0,2.3541845842841598,0,0.0,0.0,39.63961993802524
2022-12-01,13.51,-0.04590395480225995,False,1.0,-0.04590395480225995,4.095801121722001,0,0.0,-0.0,19.26316836489613,0,0.0,-0.0,46.70269388920258,0,0.0,-0.0,2.1319622277855887,0,0.0,-0.0,2.1319622277855887,0,0.0,-0.0,1.832812721657088,0,0.0,-0.0,2.3541845842841598,0,0.0,-0.0,39.63961993802524
2022-12-02,13.71,0.014803849000740277,False,1.0,0.014803849000740277,4.156434743065036,0,0.0,0.0,19.26316836489613,0,0.0,0.0,46.70269388920258,0,0.0,0.0,2.1319622277855887,0,0.0,0.0,2.1319622277855887,0,0.0,0.0,1.832812721657088,0,0.0,0.0,2.3541845842841598,0,0.0,0.0,39.63961993802524
2022-12-03,13.29,-0.030634573304157642,True,1.0,-0.030634573304157642,4.029104138244663,0,0.0,-0.0,19.26316836489613,0,0.0,-0.0,46.70269388920258,0,0.0,-0.0,2.1319622277855887,0,0.0,-0.0,2.1319622277855887,0,0.0,-0.0,1.832812721657088,0,0.0,-0.0,2.3541845842841598,0,0.0,-0.0,39.63961993802524
2022-12-04,13.71,0.031602708803611934,False,1.0,0.031602708803611934,4.156434743065037,0,0.0,0.0,19.26316836489613,0,0.0,0.0,46.70269388920258,0,0.0,0.0,2.1319622277855887,0,0.0,0.0,2.1319622277855887,0,0.0,0.0,1.832812721657088,0,0.0,0.0,2.3541845842841598,0,0.0,0.0,39.63961993802524
2022-12-05,13.82,0.008023340627279385,False,1.0,0.008023340627279385,4.1897832348037065,0,0.0,0.0,19.26316836489613,0,0.0,0.0,46.70269388920258,0,0.0,0.0,2.1319622277855887,0,0.0,0.0,2.1319622277855887,0,0.0,0.0,1.832812721657088,0,0.0,0.0,2.3541845842841598,0,0.0,0.0,39.63961993802524
2022-12-06,14.3,0.0347322720694645,True,1.0,0.0347322720694645,4.33530392602699,0,0.0,0.0,19.26316836489613,0,0.0,0.0,46.70269388920258,0,0.0,0.0,2.1319622277855887,0,0.0,0.0,2.1319622277855887,0,0.0,0.0,1.832812721657088,0,0.0,0.0,2.3541845842841598,0,0.0,0.0,39.63961993802524
2022-12-07,13.49,-0.056643356643356624,False,1.0,-0.056643356643356624,4.089737759587699,0,0.0,-0.0,19.26316836489613,0,0.0,-0.0,46.70269388920258,0,0.0,-0.0,2.1319622277855887,0,0.0,-0.0,2.1319622277855887,0,0.0,-0.0,1.832812721657088,0,0.0,-0.0,2.3541845842841598,0,0.0,-0.0,39.63961993802524
2022-12-08,13.69,0.014825796886582587,True,1.0,0.014825796886582587,4.150371380930734,0,0.0,0.0,19.26316836489613,0,0.0,0.0,46.70269388920258,0,0.0,0.0,2.1319622277855887,0,0.0,0.0,2.1319622277855887,0,0.0,0.0,1.832812721657088,0,0.0,0.0,2.3541845842841598,0,0.0,0.0,39.63961993802524
2022-12-09,13.59,-0.007304601899196461,True,1.0,-0.007304601899196461,4.120054570259216,0,0.0,-0.0,19.26316836489613,0,0.0,-0.0,46.70269388920258,0,0.0,-0.0,2.1319622277855887,0,0.0,-0.0,2.1319622277855887,0,0.0,-0.0,1.832812721657088,0,0.0,-0.0,2.3541845842841598,0,0.0,-0.0,39.63961993802524
2022-12-10,13.58,-0.0007358351729211954,True,1.0,-0.0007358351729211954,4.117022889192065,0,0.0,-0.0,19.26316836489613,0,0.0,-0.0,46.70269388920258,0,0.0,-0.0,2.1319622277855887,0,0.0,-0.0,2.1319622277855887,0,0.0,-0.0,1.832812721657088,0,0.0,-0.0,2.3541845842841598,0,0.0,-0.0,39.63961993802524
2022-12-11,13.42,-0.01178203240058906,True,1.0,-0.01178203240058906,4.0685159921176375,0,0.0,-0.0,19.26316836489613,0,0.0,-0.0,46.70269388920258,0,0.0,-0.0,2.1319622277855887,0,0.0,-0.0,2.1319622277855887,0,0.0,-0.0,1.832812721657088,0,0.0,-0.0,2.3541845842841598,0,0.0,-0.0,39.63961993802524
2022-12-12,13.31,-0.008196721311475419,True,1.0,-0.008196721311475419,4.035167500378968,0,0.0,-0.0,19.26316836489613,0,0.0,-0.0,46.70269388920258,0,0.0,-0.0,2.1319622277855887,0,0.0,-0.0,2.1319622277855887,0,0.0,-0.0,1.832812721657088,0,0.0,-0.0,2.3541845842841598,0,0.0,-0.0,39.63961993802524
2022-12-13,13.89,0.043576258452291405,False,1.0,0.043576258452291405,4.211005002273769,0,0.0,0.0,19.26316836489613,0,0.0,0.0,46.70269388920258,0,0.0,0.0,2.1319622277855887,0,0.0,0.0,2.1319622277855887,0,0.0,0.0,1.832812721657088,0,0.0,0.0,2.3541845842841598,0,0.0,0.0,39.63961993802524
2022-12-14,14.12,0.016558675305975434,False,1.0,0.016558675305975434,4.280733666818259,0,0.0,0.0,19.26316836489613,0,0.0,0.0,46.70269388920258,0,0.0,0.0,2.1319622277855887,0,0.0,0.0,2.1319622277855887,0,0.0,0.0,1.832812721657088,0,0.0,0.0,2.3541845842841598,0,0.0,0.0,39.63961993802524
2022-12-15,14.04,-0.005665722379603388,True,1.0,-0.005665722379603388,4.2564802182810455,0,0.0,-0.0,19.26316836489613,0,0.0,-0.0,46.70269388920258,0,0.0,-0.0,2.1319622277855887,0,0.0,-0.0,2.1319622277855887,0,0.0,-0.0,1.832812721657088,0,0.0,-0.0,2.3541845842841598,0,0.0,-0.0,39.63961993802524
2022-12-16,12.25,-0.1274928774928774,False,1.0,-0.1274928774928774,3.713809307260884,0,0.0,-0.0,19.26316836489613,0,0.0,-0.0,46.70269388920258,0,0.0,-0.0,2.1319622277855887,0,0.0,-0.0,2.1319622277855887,0,0.0,-0.0,1.832812721657088,0,0.0,-0.0,2.3541845842841598,0,0.0,-0.0,39.63961993802524
2022-12-17,12.51,0.0212244897959184,False,1.0,0.0212244897959184,3.7926330150068295,0,0.0,0.0,19.26316836489613,0,0.0,0.0,46.70269388920258,0,0.0,0.0,2.1319622277855887,0,0.0,0.0,2.1319622277855887,0,0.0,0.0,1.832812721657088,0,0.0,0.0,2.3541845842841598,0,0.0,0.0,39.63961993802524
2022-12-18,12.38,-0.010391686650679355,False,1.0,-0.010391686650679355,3.7532211611338573,0,0.0,-0.0,19.26316836489613,0,0.0,-0.0,46.70269388920258,0,0.0,-0.0,2.1319622277855887,0,0.0,-0.0,2.1319622277855887,0,0.0,-0.0,1.832812721657088,0,0.0,-0.0,2.3541845842841598,0,0.0,-0.0,39.63961993802524
2022-12-19,11.94,-0.035541195476575194,False,1.0,-0.035541195476575194,3.61982719417918,0,0.0,-0.0,19.26316836489613,0,0.0,-0.0,46.70269388920258,0,0.0,-0.0,2.1319622277855887,0,0.0,-0.0,2.1319622277855887,0,0.0,-0.0,1.832812721657088,0,0.0,-0.0,2.3541845842841598,0,0.0,-0.0,39.63961993802524
2022-12-20,12.26,0.02680067001675046,False,1.0,0.02680067001675046,3.716840988328036,0,0.0,0.0,19.26316836489613,0,0.0,0.0,46.70269388920258,0,0.0,0.0,2.1319622277855887,0,0.0,0.0,2.1319622277855887,0,0.0,0.0,1.832812721657088,0,0.0,0.0,2.3541845842841598,0,0.0,0.0,39.63961993802524
2022-12-21,12.14,-0.009787928221859588,False,1.0,-0.009787928221859588,3.6804608155222156,0,0.0,-0.0,19.26316836489613,0,0.0,-0.0,46.70269388920258,0,0.0,-0.0,2.1319622277855887,0,0.0,-0.0,2.1319622277855887,0,0.0,-0.0,1.832812721657088,0,0.0,-0.0,2.3541845842841598,0,0.0,-0.0,39.63961993802524
2022-12-22,11.82,-0.02635914332784184,False,1.0,-0.02635914332784184,3.58344702137336,0,0.0,-0.0,19.26316836489613,0,0.0,-0.0,46.70269388920258,0,0.0,-0.0,2.1319622277855887,0,0.0,-0.0,2.1319622277855887,0,0.0,-0.0,1.832812721657088,0,0.0,-0.0,2.3541845842841598,0,0.0,-0.0,39.63961993802524
2022-12-23,11.78,-0.0033840947546531774,False,1.0,-0.0033840947546531774,3.571320297104753,0,0.0,-0.0,19.26316836489613,0,0.0,-0.0,46.70269388920258,0,0.0,-0.0,2.1319622277855887,0,0.0,-0.0,2.1319622277855887,0,0.0,-0.0,1.832812721657088,0,0.0,-0.0,2.3541845842841598,0,0.0,-0.0,39.63961993802524
2022-12-24,11.45,-0.028013582342954146,False,1.0,-0.028013582342954146,3.4712748218887453,0,0.0,-0.0,19.26316836489613,0,0.0,-0.0,46.70269388920258,0,0.0,-0.0,2.1319622277855887,0,0.0,-0.0,2.1319622277855887,0,0.0,-0.0,1.832812721657088,0,0.0,-0.0,2.3541845842841598,0,0.0,-0.0,39.63961993802524
2022-12-25,11.38,-0.006113537117903856,False,1.0,-0.006113537117903856,3.4500530544186834,0,0.0,-0.0,19.26316836489613,0,0.0,-0.0,46.70269388920258,0,0.0,-0.0,2.1319622277855887,0,0.0,-0.0,2.1319622277855887,0,0.0,-0.0,1.832812721657088,0,0.0,-0.0,2.3541845842841598,0,0.0,-0.0,39.63961993802524
2022-12-26,11.32,-0.005272407732864748,False,1.0,-0.005272407732864748,3.4318629680157726,0,0.0,-0.0,19.26316836489613,0,0.0,-0.0,46.70269388920258,0,0.0,-0.0,2.1319622277855887,0,0.0,-0.0,2.1319622277855887,0,0.0,-0.0,1.832812721657088,0,0.0,-0.0,2.3541845842841598,0,0.0,-0.0,39.63961993802524
2022-12-27,11.09,-0.02031802120141346,False,1.0,-0.02031802120141346,3.3621343034712825,0,0.0,-0.0,19.26316836489613,0,0.0,-0.0,46.70269388920258,0,0.0,-0.0,2.1319622277855887,0,0.0,-0.0,2.1319622277855887,0,0.0,-0.0,1.832812721657088,0,0.0,-0.0,2.3541845842841598,0,0.0,-0.0,39.63961993802524
2022-12-28,9.76,-0.11992786293958524,False,1.0,-0.11992786293958524,2.9589207215401006,0,0.0,-0.0,19.26316836489613,0,0.0,-0.0,46.70269388920258,0,0.0,-0.0,2.1319622277855887,0,0.0,-0.0,2.1319622277855887,0,0.0,-0.0,1.832812721657088,0,0.0,-0.0,2.3541845842841598,0,0.0,-0.0,39.63961993802524
2022-12-29,9.64,-0.012295081967213073,False,1.0,-0.012295081967213073,2.92254054873428,0,0.0,-0.0,19.26316836489613,0,0.0,-0.0,46.70269388920258,0,0.0,-0.0,2.1319622277855887,0,0.0,-0.0,2.1319622277855887,0,0.0,-0.0,1.832812721657088,0,0.0,-0.0,2.3541845842841598,0,0.0,-0.0,39.63961993802524
2022-12-30,9.9,0.026970954356846377,False,1.0,0.026970954356846377,3.0013642564802248,0,0.0,0.0,19.26316836489613,0,0.0,0.0,46.70269388920258,0,0.0,0.0,2.1319622277855887,0,0.0,0.0,2.1319622277855887,0,0.0,0.0,1.832812721657088,0,0.0,0.0,2.3541845842841598,0,0.0,0.0,39.63961993802524
2022-12-31,9.97,0.007070707070707005,False,1.0,0.007070707070707005,3.0225860239502866,0,0.0,0.0,19.26316836489613,0,0.0,0.0,46.70269388920258,0,0.0,0.0,2.1319622277855887,0,0.0,0.0,2.1319622277855887,0,0.0,0.0,1.832812721657088,0,0.0,0.0,2.3541845842841598,0,0.0,0.0,39.63961993802524
2023-01-01,9.99,0.0020060180541623396,False,1.0,0.0020060180541623396,3.02864938608459,0,0.0,0.0,19.26316836489613,0,0.0,0.0,46.70269388920258,0,0.0,0.0,2.1319622277855887,0,0.0,0.0,2.1319622277855887,0,0.0,0.0,1.832812721657088,0,0.0,0.0,2.3541845842841598,0,0.0,0.0,39.63961993802524
2023-01-02,11.28,0.129129129129129,False,1.0,0.129129129129129,3.419736243747164,0,0.0,0.0,19.26316836489613,0,0.0,0.0,46.70269388920258,0,0.0,0.0,2.1319622277855887,0,0.0,0.0,2.1319622277855887,0,0.0,0.0,1.832812721657088,0,0.0,0.0,2.3541845842841598,0,0.0,0.0,39.63961993802524
2023-01-03,13.37,0.18528368794326244,False,1.0,0.18528368794326244,4.053357586781878,0,0.0,0.0,19.26316836489613,0,0.0,0.0,46.70269388920258,0,0.0,0.0,2.1319622277855887,0,0.0,0.0,2.1319622277855887,0,0.0,0.0,1.832812721657088,0,0.0,0.0,2.3541845842841598,0,0.0,0.0,39.63961993802524
2023-01-04,13.43,0.004487658937920802,False,1.0,0.004487658937920802,4.0715476731847895,0,0.0,0.0,19.26316836489613,0,0.0,0.0,46.70269388920258,0,0.0,0.0,2.1319622277855887,0,0.0,0.0,2.1319622277855887,0,0.0,0.0,1.832812721657088,0,0.0,0.0,2.3541845842841598,0,0.0,0.0,39.63961993802524
2023-01-05,13.43,0.0,True,1.0,0.0,4.0715476731847895,0,0.0,0.0,19.26316836489613,0,0.0,0.0,46.70269388920258,0,0.0,0.0,2.1319622277855887,0,0.0,0.0,2.1319622277855887,0,0.0,0.0,1.832812721657088,1,0.0,0.0,2.3541845842841598,0,0.0,0.0,39.63961993802524
2023-01-06,13.5,0.005212211466865346,True,1.0,0.005212211466865346,4.092769440654852,0,0.0,0.0,19.26316836489613,0,0.0,0.0,46.70269388920258,0,0.0,0.0,2.1319622277855887,0,0.0,0.0,2.1319622277855887,0,0.0,0.0,1.832812721657088,1,1.0,0.004212211466865346,2.3641009075851995,0,0.0,0.0,39.63961993802524
2023-01-07,13.1,-0.029629629629629672,True,1.0,-0.029629629629629672,3.971502197968782,0,0.0,-0.0,19.26316836489613,0,0.0,-0.0,46.70269388920258,0,0.0,-0.0,2.1319622277855887,0,0.0,-0.0,2.1319622277855887,0,0.0,-0.0,1.832812721657088,1,1.0,-0.029629629629629672,2.294053473286379,0,0.0,-0.0,39.63961993802524
2023-01-08,14.45,0.10305343511450382,True,1.0,0.10305343511450382,4.380779142034267,0,0.0,0.0,19.26316836489613,0,0.0,0.0,46.70269388920258,0,0.0,0.0,2.1319622277855887,0,0.0,0.0,2.1319622277855887,0,0.0,0.0,1.832812721657088,1,1.0,0.10305343511450382,2.530463564044899,0,0.0,0.0,39.63961993802524
2023-01-09,16.25,0.12456747404844304,True,1.0,0.12456747404844304,4.926481734121581,0,0.0,0.0,19.26316836489613,0,0.0,0.0,46.70269388920258,0,0.0,0.0,2.1319622277855887,0,0.0,0.0,2.1319622277855887,0,0.0,0.0,1.832812721657088,1,1.0,0.12456747404844304,2.8456770183895927,0,0.0,0.0,39.63961993802524
2023-01-10,16.2,-0.003076923076923088,True,1.0,-0.003076923076923088,4.911323328785822,0,0.0,-0.0,19.26316836489613,0,0.0,-0.0,46.70269388920258,0,0.0,-0.0,2.1319622277855887,0,0.0,-0.0,2.1319622277855887,0,0.0,-0.0,1.832812721657088,1,1.0,-0.003076923076923088,2.83692108910224,0,0.0,-0.0,39.63961993802524
2023-01-11,16.36,0.009876543209876631,True,1.0,0.009876543209876631,4.959830225860251,0,0.0,0.0,19.26316836489613,0,0.0,0.0,46.70269388920258,0,0.0,0.0,2.1319622277855887,0,0.0,0.0,2.1319622277855887,0,0.0,0.0,1.832812721657088,1,1.0,0.009876543209876631,2.8649400628217685,0,0.0,0.0,39.63961993802524
2023-01-12,16.59,0.014058679706601573,True,1.0,0.014058679706601573,5.029558890404742,0,0.0,0.0,19.26316836489613,0,0.0,0.0,46.70269388920258,0,0.0,0.0,2.1319622277855887,0,0.0,0.0,2.1319622277855887,0,0.0,0.0,1.832812721657088,1,1.0,0.014058679706601573,2.905217337543591,0,0.0,0.0,39.63961993802524
2023-01-13,18.29,0.10247136829415315,True,1.0,0.10247136829415315,5.544944671820538,0,0.0,0.0,19.26316836489613,0,0.0,0.0,46.70269388920258,0,0.0,0.0,2.1319622277855887,0,0.0,0.0,2.1319622277855887,0,0.0,0.0,1.832812721657088,1,1.0,0.10247136829415315,3.2029189333135792,0,0.0,0.0,39.63961993802524
2023-01-14,24.24,0.3253143794423181,True,1.0,0.3253143794423181,7.348794906775825,0,0.0,0.0,19.26316836489613,1,0.0,0.0,46.70269388920258,0,0.0,0.0,2.1319622277855887,0,0.0,0.0,2.1319622277855887,0,0.0,0.0,1.832812721657088,1,1.0,0.3253143794423181,4.244874518508538,1,0.0,0.0,39.63961993802524
2023-01-15,22.89,-0.05569306930693063,True,1.0,-0.05569306930693063,6.93951796271034,0,0.0,-0.0,19.26316836489613,1,1.0,-0.05669306930693063,44.05497482772165,0,0.0,-0.0,2.1319622277855887,0,0.0,-0.0,2.1319622277855887,0,0.0,-0.0,1.832812721657088,1,1.0,-0.05569306930693063,4.008464427750018,1,1.0,-0.05669306930693063,37.39232821757839
2023-01-16,23.58,0.03014416775884654,True,1.0,0.03014416775884654,7.14870395634381,0,0.0,0.0,19.26316836489613,1,1.0,0.03014416775884654,45.382975379540255,0,0.0,0.0,2.1319622277855887,0,0.0,0.0,2.1319622277855887,0,0.0,0.0,1.832812721657088,1,1.0,0.03014416775884654,4.129296251915483,1,1.0,0.03014416775884654,38.51948883226292
2023-01-17,22.86,-0.030534351145038108,True,1.0,-0.030534351145038108,6.930422919508884,0,0.0,-0.0,19.26316836489613,0,1.0,-0.030534351145038108,43.99723567329475,0,0.0,-0.0,2.1319622277855887,0,0.0,-0.0,2.1319622277855887,0,0.0,-0.0,1.832812721657088,0,1.0,-0.030534351145038108,4.003210870177606,0,1.0,-0.030534351145038108,37.343321234331235
2023-01-18,20.79,-0.09055118110236227,True,1.0,-0.09055118110236227,6.302864938608473,0,0.0,-0.0,19.26316836489613,0,1.0,-0.09055118110236227,40.013234017838926,0,0.0,-0.0,2.1319622277855887,0,0.0,-0.0,2.1319622277855887,0,0.0,-0.0,1.832812721657088,0,1.0,-0.09055118110236227,3.640715397681208,0,1.0,-0.09055118110236227,33.96183939027762
2023-01-19,21.4,0.029341029341029223,True,1.0,0.029341029341029223,6.487797483704729,0,0.0,0.0,19.26316836489613,0,1.0,0.029341029341029223,41.1872634911858,0,0.0,0.0,2.1319622277855887,0,0.0,0.0,2.1319622277855887,0,0.0,0.0,1.832812721657088,0,1.0,0.029341029341029223,3.7475377349869095,0,1.0,0.029341029341029223,34.95831471630308
2023-01-20,25.51,0.19205607476635533,True,1.0,0.19205607476635533,7.733818402304097,0,0.0,0.0,19.26316836489613,1,1.0,0.19205607476635533,49.09752764767056,0,0.0,0.0,2.1319622277855887,0,0.0,0.0,2.1319622277855887,0,0.0,0.0,1.832812721657088,0,1.0,0.19205607476635533,4.467275122407293,0,1.0,0.19205607476635533,41.67227142116316
2023-01-21,24.57,-0.036848294786358315,True,1.0,-0.036848294786358315,7.4488403819918325,0,0.0,-0.0,19.26316836489613,0,1.0,-0.036848294786358315,47.288367475627815,0,0.0,-0.0,2.1319622277855887,0,0.0,-0.0,2.1319622277855887,0,0.0,-0.0,1.832812721657088,0,1.0,-0.036848294786358315,4.302663651805064,0,1.0,-0.036848294786358315,40.136719279419005
2023-01-22,24.21,-0.0146520146520146,True,1.0,-0.0146520146520146,7.33969986357437,0,0.0,-0.0,19.26316836489613,0,1.0,-0.0146520146520146,46.595497622505064,0,0.0,-0.0,2.1319622277855887,0,0.0,-0.0,2.1319622277855887,0,0.0,-0.0,1.832812721657088,0,1.0,-0.0146520146520146,4.239620960936126,0,1.0,-0.0146520146520146,39.54863548045316
2023-01-23,24.33,0.004956629491945419,True,1.0,0.004956629491945419,7.37608003638019,0,0.0,0.0,19.26316836489613,0,1.0,0.004956629491945419,46.82645424021265,0,0.0,0.0,2.1319622277855887,0,0.0,0.0,2.1319622277855887,0,0.0,0.0,1.832812721657088,0,1.0,0.004956629491945419,4.260635191225772,0,1.0,0.004956629491945419,39.74466341344177
2023-01-24,22.78,-0.0637073571722152,True,1.0,-0.0637073571722152,6.906169470971672,0,0.0,-0.0,19.26316836489613,0,1.0,-0.0637073571722152,43.84326459482303,0,0.0,-0.0,2.1319622277855887,0,0.0,-0.0,2.1319622277855887,0,0.0,-0.0,1.832812721657088,0,1.0,-0.0637073571722152,3.9892013833178424,0,1.0,-0.0637073571722152,37.21263594567216
2023-01-25,24.52,0.07638279192273911,True,1.0,0.07638279192273911,7.433681976656074,0,0.0,0.0,19.26316836489613,0,1.0,0.07638279192273911,47.19213555158299,0,0.0,0.0,2.1319622277855887,0,0.0,0.0,2.1319622277855887,0,0.0,0.0,1.832812721657088,0,1.0,0.07638279192273911,4.293907722517712,0,1.0,0.07638279192273911,40.05504097400708
2023-01-26,24.33,-0.0077487765089723215,True,1.0,-0.0077487765089723215,7.37608003638019,0,0.0,-0.0,19.26316836489613,0,1.0,-0.0077487765089723215,46.82645424021265,0,0.0,-0.0,2.1319622277855887,0,0.0,-0.0,2.1319622277855887,0,0.0,-0.0,1.832812721657088,0,1.0,-0.0077487765089723215,4.260635191225772,0,1.0,-0.0077487765089723215,39.74466341344177
2023-01-27,24.43,0.004110152075626816,True,1.0,0.004110152075626816,7.406396847051708,0,0.0,0.0,19.26316836489613,0,1.0,0.004110152075626816,47.0189180883023,0,0.0,0.0,2.1319622277855887,0,0.0,0.0,2.1319622277855887,0,0.0,0.0,1.832812721657088,0,1.0,0.004110152075626816,4.278147049800477,0,1.0,0.004110152075626816,39.90802002426562
2023-01-28,24.0,-0.017601309864920145,True,1.0,-0.017601309864920145,7.276034561164183,0,0.0,-0.0,19.26316836489613,0,1.0,-0.017601309864920145,46.191323541516795,0,0.0,-0.0,2.1319622277855887,0,0.0,-0.0,2.1319622277855887,0,0.0,-0.0,1.832812721657088,0,1.0,-0.017601309864920145,4.2028460579292455,0,1.0,-0.017601309864920145,39.205586597723084
2023-01-29,26.07,0.08624999999999994,True,1.0,0.08624999999999994,7.903592542064593,0,0.0,0.0,19.26316836489613,0,1.0,0.08624999999999994,50.175325196972615,0,0.0,0.0,2.1319622277855887,0,0.0,0.0,2.1319622277855887,0,0.0,0.0,1.832812721657088,0,1.0,0.08624999999999994,4.565341530425643,0,1.0,0.08624999999999994,42.587068441776694
2023-01-30,23.96,-0.08093594169543539,True,1.0,-0.08093594169543539,7.263907836895575,0,0.0,-0.0,19.26316836489613,0,1.0,-0.08093594169543539,46.11433800228093,0,0.0,-0.0,2.1319622277855887,0,0.0,-0.0,2.1319622277855887,0,0.0,-0.0,1.832812721657088,0,1.0,-0.08093594169543539,4.195841314499363,0,1.0,-0.08093594169543539,39.14024395339354
2023-01-31,23.92,-0.0016694490818029983,True,1.0,-0.0016694490818029983,7.251781112626968,0,0.0,-0.0,19.26316836489613,0,1.0,-0.0016694490818029983,46.03735246304507,0,0.0,-0.0,2.1319622277855887,0,0.0,-0.0,2.1319622277855887,0,0.0,-0.0,1.832812721657088,0,1.0,-0.0016694490818029983,4.188836571069481,0,1.0,-0.0016694490818029983,39.074901309063996
2023-02-01,25.0,0.04515050167224066,True,1.0,0.04515050167224066,7.579202667879355,0,0.0,0.0,19.26316836489613,0,1.0,0.04515050167224066,48.11596202241331,0,0.0,0.0,2.1319622277855887,0,0.0,0.0,2.1319622277855887,0,0.0,0.0,1.832812721657088,0,1.0,0.04515050167224066,4.377964643676297,0,1.0,0.04515050167224066,40.83915270596153
2023-02-02,24.32,-0.027200000000000002,True,1.0,-0.027200000000000002,7.373048355313037,0,0.0,-0.0,19.26316836489613,0,1.0,-0.027200000000000002,46.80720785540367,0,0.0,-0.0,2.1319622277855887,0,0.0,-0.0,2.1319622277855887,0,0.0,-0.0,1.832812721657088,0,1.0,-0.027200000000000002,4.2588840053683015,0,1.0,-0.027200000000000002,39.72832775235938
2023-02-03,24.69,0.015213815789473673,True,1.0,0.015213815789473673,7.485220554797651,0,0.0,0.0,19.26316836489613,0,1.0,0.015213815789473673,47.519324093335385,0,0.0,0.0,2.1319622277855887,0,0.0,0.0,2.1319622277855887,0,0.0,0.0,1.832812721657088,0,1.0,0.015213815789473673,4.323677882094711,0,1.0,0.015213815789473673,40.332747212407604
2023-02-04,24.34,-0.01417577966788175,True,1.0,-0.01417577966788175,7.379111717447341,0,0.0,-0.0,19.26316836489613,0,1.0,-0.01417577966788175,46.8457006250216,0,0.0,-0.0,2.1319622277855887,0,0.0,-0.0,2.1319622277855887,0,0.0,-0.0,1.832812721657088,0,1.0,-0.01417577966788175,4.262386377083243,0,1.0,-0.01417577966788175,39.76099907452414
2023-02-05,23.47,-0.035743631881676285,False,1.0,-0.035743631881676285,7.1153554646051385,0,0.0,-0.0,19.26316836489613,0,1.0,-0.035743631881676285,45.171265146641616,0,0.0,-0.0,2.1319622277855887,0,0.0,-0.0,2.1319622277855887,0,0.0,-0.0,1.832812721657088,0,1.0,-0.035743631881676285,4.1100332074833075,0,1.0,-0.035743631881676285,38.33979656035668
2023-02-06,22.66,-0.034512143161482656,False,1.0,-0.034512143161482656,6.869789298165848,0,0.0,-0.0,19.26316836489613,0,1.0,-0.034512143161482656,43.61230797711543,0,0.0,-0.0,2.1319622277855887,0,0.0,-0.0,2.1319622277855887,0,0.0,-0.0,1.832812721657088,0,0.0,-0.001,4.105923174275824,0,0.0,-0.001,38.301456763796324
2023-02-07,23.82,0.05119152691968232,True,1.0,0.05119152691968232,7.221464301955451,0,0.0,0.0,19.26316836489613,0,1.0,0.05119152691968232,45.84488861495541,0,0.0,0.0,2.1319622277855887,0,0.0,0.0,2.1319622277855887,0,0.0,0.0,1.832812721657088,0,0.0,0.0,4.105923174275824,0,0.0,0.0,38.301456763796324
2023-02-08,23.22,-0.02518891687657432,True,1.0,-0.02518891687657432,7.039563437926346,0,0.0,-0.0,19.26316836489613,0,1.0,-0.02518891687657432,44.69010552641749,0,0.0,-0.0,2.1319622277855887,0,0.0,-0.0,2.1319622277855887,0,0.0,-0.0,1.832812721657088,0,0.0,-0.0,4.105923174275824,0,0.0,-0.0,38.301456763796324
2023-02-09,20.48,-0.11800172265288533,False,1.0,-0.11800172265288533,6.20888282552677,0,0.0,-0.0,19.26316836489613,0,1.0,-0.11800172265288533,39.416596088761,0,0.0,-0.0,2.1319622277855887,0,0.0,-0.0,2.1319622277855887,0,0.0,-0.0,1.832812721657088,0,0.0,-0.0,4.105923174275824,0,0.0,-0.0,38.301456763796324
2023-02-10,20.11,-0.01806640625,False,1.0,-0.01806640625,6.096710626042155,0,0.0,-0.0,19.26316836489613,0,0.0,-0.001,39.377179492672234,0,0.0,-0.0,2.1319622277855887,0,0.0,-0.0,2.1319622277855887,0,0.0,-0.0,1.832812721657088,0,0.0,-0.0,4.105923174275824,0,0.0,-0.0,38.301456763796324
2023-02-11,20.81,0.03480855295872698,False,1.0,0.03480855295872698,6.308928300742776,0,0.0,0.0,19.26316836489613,0,0.0,0.0,39.377179492672234,0,0.0,0.0,2.1319622277855887,0,0.0,0.0,2.1319622277855887,0,0.0,0.0,1.832812721657088,0,0.0,0.0,4.105923174275824,0,0.0,0.0,38.301456763796324
2023-02-12,21.49,0.03267659778952425,False,1.0,0.03267659778952425,6.515082613309095,0,0.0,0.0,19.26316836489613,0,0.0,0.0,39.377179492672234,0,0.0,0.0,2.1319622277855887,0,0.0,0.0,2.1319622277855887,0,0.0,0.0,1.832812721657088,0,0.0,0.0,4.105923174275824,0,0.0,0.0,38.301456763796324
2023-02-13,20.77,-0.0335039553280595,False,1.0,-0.0335039553280595,6.29680157647417,0,0.0,-0.0,19.26316836489613,0,0.0,-0.0,39.377179492672234,0,0.0,-0.0,2.1319622277855887,0,0.0,-0.0,2.1319622277855887,0,0.0,-0.0,1.832812721657088,0,0.0,-0.0,4.105923174275824,0,0.0,-0.0,38.301456763796324
2023-02-14,21.84,0.0515166104959075,False,1.0,0.0515166104959075,6.621191450659406,0,0.0,0.0,19.26316836489613,0,0.0,0.0,39.377179492672234,0,0.0,0.0,2.1319622277855887,0,0.0,0.0,2.1319622277855887,0,0.0,0.0,1.832812721657088,0,0.0,0.0,4.105923174275824,0,0.0,0.0,38.301456763796324
2023-02-15,23.86,0.09249084249084238,False,1.0,0.09249084249084238,7.233591026224057,0,0.0,0.0,19.26316836489613,0,0.0,0.0,39.377179492672234,0,0.0,0.0,2.1319622277855887,0,0.0,0.0,2.1319622277855887,0,0.0,0.0,1.832812721657088,0,0.0,0.0,4.105923174275824,0,0.0,0.0,38.301456763796324
2023-02-16,22.24,-0.06789606035205364,False,1.0,-0.06789606035205364,6.742458693345475,0,0.0,-0.0,19.26316836489613,0,0.0,-0.0,39.377179492672234,0,0.0,-0.0,2.1319622277855887,0,0.0,-0.0,2.1319622277855887,0,0.0,-0.0,1.832812721657088,0,0.0,-0.0,4.105923174275824,0,0.0,-0.0,38.301456763796324
2023-02-17,23.14,0.04046762589928066,False,1.0,0.04046762589928066,7.015309989389133,0,0.0,0.0,19.26316836489613,0,0.0,0.0,39.377179492672234,0,0.0,0.0,2.1319622277855887,0,0.0,0.0,2.1319622277855887,0,0.0,0.0,1.832812721657088,0,0.0,0.0,4.105923174275824,0,0.0,0.0,38.301456763796324
2023-02-18,23.45,0.013396715643906543,False,1.0,0.013396715643906543,7.109292102470836,0,0.0,0.0,19.26316836489613,0,0.0,0.0,39.377179492672234,0,0.0,0.0,2.1319622277855887,0,0.0,0.0,2.1319622277855887,0,0.0,0.0,1.832812721657088,0,0.0,0.0,4.105923174275824,0,0.0,0.0,38.301456763796324
2023-02-19,24.84,0.05927505330490401,True,1.0,0.05927505330490401,7.530695770804928,0,0.0,0.0,19.26316836489613,0,0.0,0.0,39.377179492672234,0,0.0,0.0,2.1319622277855887,0,0.0,0.0,2.1319622277855887,0,0.0,0.0,1.832812721657088,0,0.0,0.0,4.105923174275824,0,0.0,0.0,38.301456763796324
2023-02-20,26.26,0.05716586151368763,True,1.0,0.05716586151368763,7.961194482340476,0,0.0,0.0,19.26316836489613,0,0.0,0.0,39.377179492672234,0,0.0,0.0,2.1319622277855887,0,0.0,0.0,2.1319622277855887,0,0.0,0.0,1.832812721657088,0,0.0,0.0,4.105923174275824,0,0.0,0.0,38.301456763796324
2023-02-21,24.98,-0.04874333587204882,False,1.0,-0.04874333587204882,7.573139305745052,0,0.0,-0.0,19.26316836489613,0,0.0,-0.0,39.377179492672234,0,0.0,-0.0,2.1319622277855887,0,0.0,-0.0,2.1319622277855887,0,0.0,-0.0,1.832812721657088,0,0.0,-0.0,4.105923174275824,0,0.0,-0.0,38.301456763796324
2023-02-22,24.16,-0.032826261008807034,False,1.0,-0.032826261008807034,7.324541458238609,0,0.0,-0.0,19.26316836489613,0,0.0,-0.0,39.377179492672234,0,0.0,-0.0,2.1319622277855887,0,0.0,-0.0,2.1319622277855887,0,0.0,-0.0,1.832812721657088,0,0.0,-0.0,4.105923174275824,0,0.0,-0.0,38.301456763796324
2023-02-23,23.91,-0.010347682119205337,False,1.0,-0.010347682119205337,7.248749431559815,0,0.0,-0.0,19.26316836489613,0,0.0,-0.0,39.377179492672234,0,0.0,-0.0,2.1319622277855887,0,0.0,-0.0,2.1319622277855887,0,0.0,-0.0,1.832812721657088,0,0.0,-0.0,4.105923174275824,0,0.0,-0.0,38.301456763796324
2023-02-24,23.07,-0.035131744040150514,False,1.0,-0.035131744040150514,6.9940882219190685,0,0.0,-0.0,19.26316836489613,0,0.0,-0.0,39.377179492672234,0,0.0,-0.0,2.1319622277855887,0,0.0,-0.0,2.1319622277855887,0,0.0,-0.0,1.832812721657088,0,0.0,-0.0,4.105923174275824,0,0.0,-0.0,38.301456763796324
2023-02-25,22.37,-0.030342436064152545,False,1.0,-0.030342436064152545,6.781870547218447,0,0.0,-0.0,19.26316836489613,0,0.0,-0.0,39.377179492672234,0,0.0,-0.0,2.1319622277855887,0,0.0,-0.0,2.1319622277855887,0,0.0,-0.0,1.832812721657088,0,0.0,-0.0,4.105923174275824,0,0.0,-0.0,38.301456763796324
2023-02-26,23.25,0.039338399642378175,True,1.0,0.039338399642378175,7.0486584811278,0,0.0,0.0,19.26316836489613,0,0.0,0.0,39.377179492672234,0,0.0,0.0,2.1319622277855887,0,0.0,0.0,2.1319622277855887,0,0.0,0.0,1.832812721657088,0,0.0,0.0,4.105923174275824,0,0.0,0.0,38.301456763796324
2023-02-27,22.68,-0.024516129032258083,False,1.0,-0.024516129032258083,6.875852660300151,0,0.0,-0.0,19.26316836489613,0,0.0,-0.0,39.377179492672234,0,0.0,-0.0,2.1319622277855887,0,0.0,-0.0,2.1319622277855887,0,0.0,-0.0,1.832812721657088,0,0.0,-0.0,4.105923174275824,0,0.0,-0.0,38.301456763796324
2023-02-28,21.89,-0.03483245149911818,False,1.0,-0.03483245149911818,6.636349855995163,0,0.0,-0.0,19.26316836489613,0,0.0,-0.0,39.377179492672234,0,0.0,-0.0,2.1319622277855887,0,0.0,-0.0,2.1319622277855887,0,0.0,-0.0,1.832812721657088,0,0.0,-0.0,4.105923174275824,0,0.0,-0.0,38.301456763796324
2023-03-01,22.51,0.02832343535861126,True,1.0,0.02832343535861126,6.824314082158571,0,0.0,0.0,19.26316836489613,0,0.0,0.0,39.377179492672234,0,0.0,0.0,2.1319622277855887,0,0.0,0.0,2.1319622277855887,0,0.0,0.0,1.832812721657088,0,0.0,0.0,4.105923174275824,0,0.0,0.0,38.301456763796324
2023-03-02,22.0,-0.022656597067969853,True,1.0,-0.022656597067969853,6.669698347733831,0,0.0,-0.0,19.26316836489613,0,0.0,-0.0,39.377179492672234,0,0.0,-0.0,2.1319622277855887,0,0.0,-0.0,2.1319622277855887,0,0.0,-0.0,1.832812721657088,0,0.0,-0.0,4.105923174275824,0,0.0,-0.0,38.301456763796324
2023-03-03,21.42,-0.026363636363636256,True,1.0,-0.026363636363636256,6.4938608458390314,0,0.0,-0.0,19.26316836489613,0,0.0,-0.0,39.377179492672234,0,0.0,-0.0,2.1319622277855887,0,0.0,-0.0,2.1319622277855887,0,0.0,-0.0,1.832812721657088,0,0.0,-0.0,4.105923174275824,0,0.0,-0.0,38.301456763796324
2023-03-04,20.98,-0.020541549953314697,False,1.0,-0.020541549953314697,6.360466878884354,0,0.0,-0.0,19.26316836489613,0,0.0,-0.0,39.377179492672234,0,0.0,-0.0,2.1319622277855887,0,0.0,-0.0,2.1319622277855887,0,0.0,-0.0,1.832812721657088,0,0.0,-0.0,4.105923174275824,0,0.0,-0.0,38.301456763796324
2023-03-05,20.97,-0.00047664442326034173,True,1.0,-0.00047664442326034173,6.357435197817202,0,0.0,-0.0,19.26316836489613,0,0.0,-0.0,39.377179492672234,0,0.0,-0.0,2.1319622277855887,0,0.0,-0.0,2.1319622277855887,0,0.0,-0.0,1.832812721657088,0,0.0,-0.0,4.105923174275824,0,0.0,-0.0,38.301456763796324
2023-03-06,20.63,-0.01621363853123514,False,1.0,-0.01621363853123514,6.254358041534043,0,0.0,-0.0,19.26316836489613,0,0.0,-0.0,39.377179492672234,0,0.0,-0.0,2.1319622277855887,0,0.0,-0.0,2.1319622277855887,0,0.0,-0.0,1.832812721657088,0,0.0,-0.0,4.105923174275824,0,0.0,-0.0,38.301456763796324
2023-03-07,20.25,-0.01841977702375175,False,1.0,-0.01841977702375175,6.139154160982277,0,0.0,-0.0,19.26316836489613,0,0.0,-0.0,39.377179492672234,0,0.0,-0.0,2.1319622277855887,0,0.0,-0.0,2.1319622277855887,0,0.0,-0.0,1.832812721657088,0,0.0,-0.0,4.105923174275824,0,0.0,-0.0,38.301456763796324
2023-03-08,18.41,-0.09086419753086417,False,1.0,-0.09086419753086417,5.581324844626357,0,0.0,-0.0,19.26316836489613,0,0.0,-0.0,39.377179492672234,0,0.0,-0.0,2.1319622277855887,0,0.0,-0.0,2.1319622277855887,0,0.0,-0.0,1.832812721657088,0,0.0,-0.0,4.105923174275824,0,0.0,-0.0,38.301456763796324
2023-03-09,17.33,-0.05866376969038578,False,1.0,-0.05866376969038578,5.253903289373968,0,0.0,-0.0,19.26316836489613,0,0.0,-0.0,39.377179492672234,0,0.0,-0.0,2.1319622277855887,0,0.0,-0.0,2.1319622277855887,0,0.0,-0.0,1.832812721657088,0,0.0,-0.0,4.105923174275824,0,0.0,-0.0,38.301456763796324
2023-03-10,18.17,0.04847085978072729,False,1.0,0.04847085978072729,5.508564499014716,0,0.0,0.0,19.26316836489613,0,0.0,0.0,39.377179492672234,0,0.0,0.0,2.1319622277855887,0,0.0,0.0,2.1319622277855887,0,0.0,0.0,1.832812721657088,0,0.0,0.0,4.105923174275824,0,0.0,0.0,38.301456763796324
2023-03-11,18.07,-0.005503577325261522,False,1.0,-0.005503577325261522,5.478247688343197,0,0.0,-0.0,19.26316836489613,0,0.0,-0.0,39.377179492672234,0,0.0,-0.0,2.1319622277855887,0,0.0,-0.0,2.1319622277855887,0,0.0,-0.0,1.832812721657088,0,0.0,-0.0,4.105923174275824,0,0.0,-0.0,38.301456763796324
2023-03-12,20.2,0.11787493082457101,False,1.0,0.11787493082457101,6.123995755646518,0,0.0,0.0,19.26316836489613,0,0.0,0.0,39.377179492672234,0,0.0,0.0,2.1319622277855887,0,0.0,0.0,2.1319622277855887,0,0.0,0.0,1.832812721657088,0,0.0,0.0,4.105923174275824,0,0.0,0.0,38.301456763796324
2023-03-13,20.4,0.00990099009900991,False,1.0,0.00990099009900991,6.184629376989553,0,0.0,0.0,19.26316836489613,0,0.0,0.0,39.377179492672234,0,0.0,0.0,2.1319622277855887,0,0.0,0.0,2.1319622277855887,0,0.0,0.0,1.832812721657088,0,0.0,0.0,4.105923174275824,0,0.0,0.0,38.301456763796324
2023-03-14,20.86,0.02254901960784328,False,1.0,0.02254901960784328,6.324086706078534,0,0.0,0.0,19.26316836489613,0,0.0,0.0,39.377179492672234,0,0.0,0.0,2.1319622277855887,0,0.0,0.0,2.1319622277855887,0,0.0,0.0,1.832812721657088,0,0.0,0.0,4.105923174275824,0,0.0,0.0,38.301456763796324
2023-03-15,19.24,-0.07766059443911799,False,1.0,-0.07766059443911799,5.832954373199951,0,0.0,-0.0,19.26316836489613,0,0.0,-0.0,39.377179492672234,0,0.0,-0.0,2.1319622277855887,0,0.0,-0.0,2.1319622277855887,0,0.0,-0.0,1.832812721657088,0,0.0,-0.0,4.105923174275824,0,0.0,-0.0,38.301456763796324
2023-03-16,19.67,0.02234927234927242,False,1.0,0.02234927234927242,5.963316659087476,0,0.0,0.0,19.26316836489613,0,0.0,0.0,39.377179492672234,0,0.0,0.0,2.1319622277855887,0,0.0,0.0,2.1319622277855887,0,0.0,0.0,1.832812721657088,0,0.0,0.0,4.105923174275824,0,0.0,0.0,38.301456763796324
2023-03-17,21.6,0.09811896288764621,False,1.0,0.09811896288764621,6.548431105047762,0,0.0,0.0,19.26316836489613,0,0.0,0.0,39.377179492672234,0,0.0,0.0,2.1319622277855887,0,0.0,0.0,2.1319622277855887,0,0.0,0.0,1.832812721657088,0,0.0,0.0,4.105923174275824,0,0.0,0.0,38.301456763796324
2023-03-18,21.2,-0.0185185185185186,False,1.0,-0.0185185185185186,6.4271638623616925,0,0.0,-0.0,19.26316836489613,0,0.0,-0.0,39.377179492672234,0,0.0,-0.0,2.1319622277855887,0,0.0,-0.0,2.1319622277855887,0,0.0,-0.0,1.832812721657088,0,0.0,-0.0,4.105923174275824,0,0.0,-0.0,38.301456763796324
2023-03-19,21.86,0.031132075471698162,False,1.0,0.031132075471698162,6.627254812793708,0,0.0,0.0,19.26316836489613,0,0.0,0.0,39.377179492672234,0,0.0,0.0,2.1319622277855887,0,0.0,0.0,2.1319622277855887,0,0.0,0.0,1.832812721657088,0,0.0,0.0,4.105923174275824,0,0.0,0.0,38.301456763796324
2023-03-20,22.13,0.01235132662397076,True,1.0,0.01235132662397076,6.709110201606805,0,0.0,0.0,19.26316836489613,0,0.0,0.0,39.377179492672234,0,0.0,0.0,2.1319622277855887,0,0.0,0.0,2.1319622277855887,0,0.0,0.0,1.832812721657088,0,0.0,0.0,4.105923174275824,0,0.0,0.0,38.301456763796324
2023-03-21,22.53,0.01807501129688216,True,1.0,0.01807501129688216,6.830377444292875,0,0.0,0.0,19.26316836489613,0,0.0,0.0,39.377179492672234,0,0.0,0.0,2.1319622277855887,0,0.0,0.0,2.1319622277855887,0,0.0,0.0,1.832812721657088,0,0.0,0.0,4.105923174275824,0,0.0,0.0,38.301456763796324
2023-03-22,21.42,-0.04926764314247667,False,1.0,-0.04926764314247667,6.4938608458390314,0,0.0,-0.0,19.26316836489613,0,0.0,-0.0,39.377179492672234,0,0.0,-0.0,2.1319622277855887,0,0.0,-0.0,2.1319622277855887,0,0.0,-0.0,1.832812721657088,0,0.0,-0.0,4.105923174275824,0,0.0,-0.0,38.301456763796324
2023-03-23,22.16,0.034547152194210895,True,1.0,0.034547152194210895,6.718205244808259,0,0.0,0.0,19.26316836489613,0,0.0,0.0,39.377179492672234,0,0.0,0.0,2.1319622277855887,0,0.0,0.0,2.1319622277855887,0,0.0,0.0,1.832812721657088,0,0.0,0.0,4.105923174275824,0,0.0,0.0,38.301456763796324
2023-03-24,20.66,-0.06768953068592054,False,1.0,-0.06768953068592054,6.263453084735498,0,0.0,-0.0,19.26316836489613,0,0.0,-0.0,39.377179492672234,0,0.0,-0.0,2.1319622277855887,0,0.0,-0.0,2.1319622277855887,0,0.0,-0.0,1.832812721657088,0,0.0,-0.0,4.105923174275824,0,0.0,-0.0,38.301456763796324
2023-03-25,20.41,-0.012100677637947754,False,1.0,-0.012100677637947754,6.187661058056704,0,0.0,-0.0,19.26316836489613,0,0.0,-0.0,39.377179492672234,0,0.0,-0.0,2.1319622277855887,0,0.0,-0.0,2.1319622277855887,0,0.0,-0.0,1.832812721657088,0,0.0,-0.0,4.105923174275824,0,0.0,-0.0,38.301456763796324
2023-03-26,20.94,0.02596766291033803,True,1.0,0.02596766291033803,6.348340154615745,0,0.0,0.0,19.26316836489613,0,0.0,0.0,39.377179492672234,0,0.0,0.0,2.1319622277855887,0,0.0,0.0,2.1319622277855887,0,0.0,0.0,1.832812721657088,0,0.0,0.0,4.105923174275824,0,0.0,0.0,38.301456763796324
2023-03-27,19.91,-0.04918815663801346,False,1.0,-0.04918815663801346,6.0360770046991155,0,0.0,-0.0,19.26316836489613,0,0.0,-0.0,39.377179492672234,0,0.0,-0.0,2.1319622277855887,0,0.0,-0.0,2.1319622277855887,0,0.0,-0.0,1.832812721657088,0,0.0,-0.0,4.105923174275824,0,0.0,-0.0,38.301456763796324
2023-03-28,20.45,0.027122049221496747,True,1.0,0.027122049221496747,6.199787782325309,0,0.0,0.0,19.26316836489613,0,0.0,0.0,39.377179492672234,0,0.0,0.0,2.1319622277855887,0,0.0,0.0,2.1319622277855887,0,0.0,0.0,1.832812721657088,0,0.0,0.0,4.105923174275824,0,0.0,0.0,38.301456763796324
2023-03-29,21.1,0.03178484107579482,True,1.0,0.03178484107579482,6.396847051690173,0,0.0,0.0,19.26316836489613,0,0.0,0.0,39.377179492672234,0,0.0,0.0,2.1319622277855887,0,0.0,0.0,2.1319622277855887,0,0.0,0.0,1.832812721657088,0,0.0,0.0,4.105923174275824,0,0.0,0.0,38.301456763796324
2023-03-30,20.55,-0.026066350710900466,True,1.0,-0.026066350710900466,6.2301045929968275,0,0.0,-0.0,19.26316836489613,0,0.0,-0.0,39.377179492672234,0,0.0,-0.0,2.1319622277855887,0,0.0,-0.0,2.1319622277855887,0,0.0,-0.0,1.832812721657088,0,0.0,-0.0,4.105923174275824,0,0.0,-0.0,38.301456763796324
2023-03-31,21.16,0.029683698296836925,True,1.0,0.029683698296836925,6.4150371380930835,0,0.0,0.0,19.26316836489613,0,0.0,0.0,39.377179492672234,0,0.0,0.0,2.1319622277855887,0,0.0,0.0,2.1319622277855887,0,0.0,0.0,1.832812721657088,0,0.0,0.0,4.105923174275824,0,0.0,0.0,38.301456763796324
2023-04-01,21.08,-0.003780718336483968,True,1.0,-0.003780718336483968,6.390783689555869,0,0.0,-0.0,19.26316836489613,0,0.0,-0.0,39.377179492672234,0,0.0,-0.0,2.1319622277855887,0,0.0,-0.0,2.1319622277855887,0,0.0,-0.0,1.832812721657088,0,0.0,-0.0,4.105923174275824,0,0.0,-0.0,38.301456763796324
2023-04-02,20.52,-0.026565464895635604,True,1.0,-0.026565464895635604,6.221009549795372,0,0.0,-0.0,19.26316836489613,0,0.0,-0.0,39.377179492672234,0,0.0,-0.0,2.1319622277855887,0,0.0,-0.0,2.1319622277855887,0,0.0,-0.0,1.832812721657088,0,0.0,-0.0,4.105923174275824,0,0.0,-0.0,38.301456763796324
2023-04-03,20.45,-0.003411306042884976,False,1.0,-0.003411306042884976,6.19978778232531,0,0.0,-0.0,19.26316836489613,0,0.0,-0.0,39.377179492672234,0,0.0,-0.0,2.1319622277855887,0,0.0,-0.0,2.1319622277855887,0,0.0,-0.0,1.832812721657088,0,0.0,-0.0,4.105923174275824,0,0.0,-0.0,38.301456763796324
2023-04-04,20.92,0.022982885085574667,True,1.0,0.022982885085574667,6.342276792481442,0,0.0,0.0,19.26316836489613,0,0.0,0.0,39.377179492672234,0,0.0,0.0,2.1319622277855887,0,0.0,0.0,2.1319622277855887,0,0.0,0.0,1.832812721657088,0,0.0,0.0,4.105923174275824,0,0.0,0.0,38.301456763796324
2023-04-05,20.97,0.0023900573613764298,True,1.0,0.0023900573613764298,6.3574351978172,0,0.0,0.0,19.26316836489613,0,0.0,0.0,39.377179492672234,0,0.0,0.0,2.1319622277855887,0,0.0,0.0,2.1319622277855887,0,0.0,0.0,1.832812721657088,0,0.0,0.0,4.105923174275824,0,0.0,0.0,38.301456763796324
2023-04-06,20.62,-0.01669051025274193,False,1.0,-0.01669051025274193,6.251326360466889,0,0.0,-0.0,19.26316836489613,0,0.0,-0.0,39.377179492672234,0,0.0,-0.0,2.1319622277855887,0,0.0,-0.0,2.1319622277855887,0,0.0,-0.0,1.832812721657088,0,0.0,-0.0,4.105923174275824,0,0.0,-0.0,38.301456763796324
2023-04-07,20.44,-0.008729388942773975,False,1.0,-0.008729388942773975,6.196756101258158,0,0.0,-0.0,19.26316836489613,0,0.0,-0.0,39.377179492672234,0,0.0,-0.0,2.1319622277855887,0,0.0,-0.0,2.1319622277855887,0,0.0,-0.0,1.832812721657088,0,0.0,-0.0,4.105923174275824,0,0.0,-0.0,38.301456763796324
2023-04-08,20.04,-0.019569471624266255,False,1.0,-0.019569471624266255,6.075488858572088,0,0.0,-0.0,19.26316836489613,0,0.0,-0.0,39.377179492672234,0,0.0,-0.0,2.1319622277855887,0,0.0,-0.0,2.1319622277855887,0,0.0,-0.0,1.832812721657088,0,0.0,-0.0,4.105923174275824,0,0.0,-0.0,38.301456763796324
2023-04-09,20.28,0.011976047904191711,False,1.0,0.011976047904191711,6.14824920418373,0,0.0,0.0,19.26316836489613,0,0.0,0.0,39.377179492672234,0,0.0,0.0,2.1319622277855887,0,0.0,0.0,2.1319622277855887,0,0.0,0.0,1.832812721657088,0,0.0,0.0,4.105923174275824,0,0.0,0.0,38.301456763796324
2023-04-10,20.89,0.030078895463510724,False,1.0,0.030078895463510724,6.333181749279985,0,0.0,0.0,19.26316836489613,0,0.0,0.0,39.377179492672234,0,0.0,0.0,2.1319622277855887,0,0.0,0.0,2.1319622277855887,0,0.0,0.0,1.832812721657088,0,0.0,0.0,4.105923174275824,0,0.0,0.0,38.301456763796324
2023-04-11,22.98,0.1000478697941598,True,1.0,0.1000478697941598,6.966803092314699,0,0.0,0.0,19.26316836489613,0,0.0,0.0,39.377179492672234,0,0.0,0.0,2.1319622277855887,0,0.0,0.0,2.1319622277855887,0,0.0,0.0,1.832812721657088,0,0.0,0.0,4.105923174275824,0,0.0,0.0,38.301456763796324
2023-04-12,23.8,0.035683202785030455,True,1.0,0.035683202785030455,7.215400939821142,0,0.0,0.0,19.26316836489613,0,0.0,0.0,39.377179492672234,0,0.0,0.0,2.1319622277855887,0,0.0,0.0,2.1319622277855887,0,0.0,0.0,1.832812721657088,0,0.0,0.0,4.105923174275824,0,0.0,0.0,38.301456763796324
2023-04-13,24.43,0.026470588235294024,True,1.0,0.026470588235294024,7.406396847051701,0,0.0,0.0,19.26316836489613,0,0.0,0.0,39.377179492672234,0,0.0,0.0,2.1319622277855887,0,0.0,0.0,2.1319622277855887,0,0.0,0.0,1.832812721657088,0,0.0,0.0,4.105923174275824,0,0.0,0.0,38.301456763796324
2023-04-14,24.71,0.011461318051575908,True,1.0,0.011461318051575908,7.491283916931949,0,0.0,0.0,19.26316836489613,0,0.0,0.0,39.377179492672234,0,0.0,0.0,2.1319622277855887,0,0.0,0.0,2.1319622277855887,0,0.0,0.0,1.832812721657088,0,0.0,0.0,4.105923174275824,0,0.0,0.0,38.301456763796324
2023-04-15,24.05,-0.026709834075273164,True,1.0,-0.026709834075273164,7.291192966499934,0,0.0,-0.0,19.26316836489613,0,0.0,-0.0,39.377179492672234,0,0.0,-0.0,2.1319622277855887,0,0.0,-0.0,2.1319622277855887,0,0.0,-0.0,1.832812721657088,0,0.0,-0.0,4.105923174275824,0,0.0,-0.0,38.301456763796324
2023-04-16,25.34,0.053638253638253586,True,1.0,0.053638253638253586,7.682279824162508,0,0.0,0.0,19.26316836489613,0,0.0,0.0,39.377179492672234,0,0.0,0.0,2.1319622277855887,0,0.0,0.0,2.1319622277855887,0,0.0,0.0,1.832812721657088,0,0.0,0.0,4.105923174275824,0,0.0,0.0,38.301456763796324
2023-04-17,24.58,-0.029992107340173657,True,1.0,-0.029992107340173657,7.451872063058976,0,0.0,-0.0,19.26316836489613,0,0.0,-0.0,39.377179492672234,0,0.0,-0.0,2.1319622277855887,0,0.0,-0.0,2.1319622277855887,0,0.0,-0.0,1.832812721657088,0,0.0,-0.0,4.105923174275824,0,0.0,-0.0,38.301456763796324
2023-04-18,24.82,0.009764035801464788,True,1.0,0.009764035801464788,7.524632408670619,0,0.0,0.0,19.26316836489613,0,0.0,0.0,39.377179492672234,0,0.0,0.0,2.1319622277855887,0,0.0,0.0,2.1319622277855887,0,0.0,0.0,1.832812721657088,0,0.0,0.0,4.105923174275824,0,0.0,0.0,38.301456763796324
2023-04-19,22.66,-0.08702659145850122,True,1.0,-0.08702659145850122,6.869789298165843,0,0.0,-0.0,19.26316836489613,0,0.0,-0.0,39.377179492672234,0,0.0,-0.0,2.1319622277855887,0,0.0,-0.0,2.1319622277855887,0,0.0,-0.0,1.832812721657088,0,0.0,-0.0,4.105923174275824,0,0.0,-0.0,38.301456763796324
2023-04-20,22.2,-0.0203000882612534,True,1.0,-0.0203000882612534,6.730331969076862,0,0.0,-0.0,19.26316836489613,0,0.0,-0.0,39.377179492672234,0,0.0,-0.0,2.1319622277855887,0,0.0,-0.0,2.1319622277855887,0,0.0,-0.0,1.832812721657088,0,0.0,-0.0,4.105923174275824,0,0.0,-0.0,38.301456763796324
2023-04-21,21.25,-0.0427927927927928,True,1.0,-0.0427927927927928,6.442322267697446,0,0.0,-0.0,19.26316836489613,0,0.0,-0.0,39.377179492672234,0,0.0,-0.0,2.1319622277855887,0,0.0,-0.0,2.1319622277855887,0,0.0,-0.0,1.832812721657088,0,0.0,-0.0,4.105923174275824,0,0.0,-0.0,38.301456763796324
2023-04-22,21.79,0.025411764705882245,True,1.0,0.025411764705882245,6.606033045323639,0,0.0,0.0,19.26316836489613,0,0.0,0.0,39.377179492672234,0,0.0,0.0,2.1319622277855887,0,0.0,0.0,2.1319622277855887,0,0.0,0.0,1.832812721657088,0,0.0,0.0,4.105923174275824,0,0.0,0.0,38.301456763796324
2023-04-23,21.47,-0.014685635612666337,True,1.0,-0.014685635612666337,6.5090192511747835,0,0.0,-0.0,19.26316836489613,0,0.0,-0.0,39.377179492672234,0,0.0,-0.0,2.1319622277855887,0,0.0,-0.0,2.1319622277855887,0,0.0,-0.0,1.832812721657088,0,0.0,-0.0,4.105923174275824,0,0.0,-0.0,38.301456763796324
2023-04-24,21.38,-0.004191895668374523,True,1.0,-0.004191895668374523,6.481734121570417,0,0.0,-0.0,19.26316836489613,0,0.0,-0.0,39.377179492672234,0,0.0,-0.0,2.1319622277855887,0,0.0,-0.0,2.1319622277855887,0,0.0,-0.0,1.832812721657088,0,0.0,-0.0,4.105923174275824,0,0.0,-0.0,38.301456763796324
2023-04-25,21.93,0.02572497661365758,True,1.0,0.02572497661365758,6.648476580263763,0,0.0,0.0,19.26316836489613,0,0.0,0.0,39.377179492672234,0,0.0,0.0,2.1319622277855887,0,0.0,0.0,2.1319622277855887,0,0.0,0.0,1.832812721657088,0,0.0,0.0,4.105923174275824,0,0.0,0.0,38.301456763796324
2023-04-26,21.28,-0.029639762881896847,True,1.0,-0.029639762881896847,6.451417310898901,0,0.0,-0.0,19.26316836489613,0,0.0,-0.0,39.377179492672234,0,0.0,-0.0,2.1319622277855887,0,0.0,-0.0,2.1319622277855887,0,0.0,-0.0,1.832812721657088,0,0.0,-0.0,4.105923174275824,0,0.0,-0.0,38.301456763796324
2023-04-27,22.33,0.04934210526315774,True,1.0,0.04934210526315774,6.769743822949832,0,0.0,0.0,19.26316836489613,0,0.0,0.0,39.377179492672234,0,0.0,0.0,2.1319622277855887,0,0.0,0.0,2.1319622277855887,0,0.0,0.0,1.832812721657088,0,0.0,0.0,4.105923174275824,0,0.0,0.0,38.301456763796324
2023-04-28,23.34,0.045230631437528146,True,1.0,0.045230631437528146,7.075943610732159,0,0.0,0.0,19.26316836489613,0,0.0,0.0,39.377179492672234,0,0.0,0.0,2.1319622277855887,0,0.0,0.0,2.1319622277855887,0,0.0,0.0,1.832812721657088,0,0.0,0.0,4.105923174275824,0,0.0,0.0,38.301456763796324
2023-04-29,23.19,-0.006426735218508894,True,1.0,-0.006426735218508894,7.030468394724883,0,0.0,-0.0,19.26316836489613,0,0.0,-0.0,39.377179492672234,0,0.0,-0.0,2.1319622277855887,0,0.0,-0.0,2.1319622277855887,0,0.0,-0.0,1.832812721657088,0,0.0,-0.0,4.105923174275824,0,0.0,-0.0,38.301456763796324
2023-04-30,22.74,-0.019404915912031195,True,1.0,-0.019404915912031195,6.894042746703054,0,0.0,-0.0,19.26316836489613,0,0.0,-0.0,39.377179492672234,0,0.0,-0.0,2.1319622277855887,0,0.0,-0.0,2.1319622277855887,0,0.0,-0.0,1.832812721657088,0,0.0,-0.0,4.105923174275824,0,0.0,-0.0,38.301456763796324
2023-05-01,21.96,-0.03430079155672816,False,1.0,-0.03430079155672816,6.657571623465219,0,0.0,-0.0,19.26316836489613,0,0.0,-0.0,39.377179492672234,0,0.0,-0.0,2.1319622277855887,0,0.0,-0.0,2.1319622277855887,0,0.0,-0.0,1.832812721657088,0,0.0,-0.0,4.105923174275824,0,0.0,-0.0,38.301456763796324
2023-05-02,22.25,0.013205828779599305,False,1.0,0.013205828779599305,6.745490374412619,0,0.0,0.0,19.26316836489613,0,0.0,0.0,39.377179492672234,0,0.0,0.0,2.1319622277855887,0,0.0,0.0,2.1319622277855887,0,0.0,0.0,1.832812721657088,0,0.0,0.0,4.105923174275824,0,0.0,0.0,38.301456763796324
2023-05-03,22.24,-0.0004494382022472987,False,1.0,-0.0004494382022472987,6.742458693345466,0,0.0,-0.0,19.26316836489613,0,0.0,-0.0,39.377179492672234,0,0.0,-0.0,2.1319622277855887,0,0.0,-0.0,2.1319622277855887,0,0.0,-0.0,1.832812721657088,0,0.0,-0.0,4.105923174275824,0,0.0,-0.0,38.301456763796324
2023-05-04,21.74,-0.02248201438848918,False,1.0,-0.02248201438848918,6.59087463998788,0,0.0,-0.0,19.26316836489613,0,0.0,-0.0,39.377179492672234,0,0.0,-0.0,2.1319622277855887,0,0.0,-0.0,2.1319622277855887,0,0.0,-0.0,1.832812721657088,0,0.0,-0.0,4.105923174275824,0,0.0,-0.0,38.301456763796324
2023-05-05,22.82,0.04967801287948492,False,1.0,0.04967801287948492,6.918296195240268,0,0.0,0.0,19.26316836489613,0,0.0,0.0,39.377179492672234,0,0.0,0.0,2.1319622277855887,0,0.0,0.0,2.1319622277855887,0,0.0,0.0,1.832812721657088,0,0.0,0.0,4.105923174275824,0,0.0,0.0,38.301456763796324
2023-05-06,21.91,-0.039877300613496924,False,1.0,-0.039877300613496924,6.64241321812946,0,0.0,-0.0,19.26316836489613,0,0.0,-0.0,39.377179492672234,0,0.0,-0.0,2.1319622277855887,0,0.0,-0.0,2.1319622277855887,0,0.0,-0.0,1.832812721657088,0,0.0,-0.0,4.105923174275824,0,0.0,-0.0,38.301456763796324
2023-05-07,21.66,-0.011410314924691911,False,1.0,-0.011410314924691911,6.5666211914506665,0,0.0,-0.0,19.26316836489613,0,0.0,-0.0,39.377179492672234,0,0.0,-0.0,2.1319622277855887,0,0.0,-0.0,2.1319622277855887,0,0.0,-0.0,1.832812721657088,0,0.0,-0.0,4.105923174275824,0,0.0,-0.0,38.301456763796324
2023-05-08,20.62,-0.048014773776546615,False,1.0,-0.048014773776546615,6.251326360466885,0,0.0,-0.0,19.26316836489613,0,0.0,-0.0,39.377179492672234,0,0.0,-0.0,2.1319622277855887,0,0.0,-0.0,2.1319622277855887,0,0.0,-0.0,1.832812721657088,0,0.0,-0.0,4.105923174275824,0,0.0,-0.0,38.301456763796324
2023-05-09,20.65,0.0014548981571289588,False,1.0,0.0014548981571289588,6.2604214036683405,0,0.0,0.0,19.26316836489613,0,0.0,0.0,39.377179492672234,0,0.0,0.0,2.1319622277855887,0,0.0,0.0,2.1319622277855887,0,0.0,0.0,1.832812721657088,0,0.0,0.0,4.105923174275824,0,0.0,0.0,38.301456763796324
2023-05-10,20.91,0.012590799031477085,False,1.0,0.012590799031477085,6.339245111414287,0,0.0,0.0,19.26316836489613,0,0.0,0.0,39.377179492672234,0,0.0,0.0,2.1319622277855887,0,0.0,0.0,2.1319622277855887,0,0.0,0.0,1.832812721657088,0,0.0,0.0,4.105923174275824,0,0.0,0.0,38.301456763796324
2023-05-11,20.17,-0.035389765662362405,False,1.0,-0.035389765662362405,6.114900712445059,0,0.0,-0.0,19.26316836489613,0,0.0,-0.0,39.377179492672234,0,0.0,-0.0,2.1319622277855887,0,0.0,-0.0,2.1319622277855887,0,0.0,-0.0,1.832812721657088,0,0.0,-0.0,4.105923174275824,0,0.0,-0.0,38.301456763796324
2023-05-12,20.9,0.03619236489836375,False,1.0,0.03619236489836375,6.336213430347135,0,0.0,0.0,19.26316836489613,0,0.0,0.0,39.377179492672234,0,0.0,0.0,2.1319622277855887,0,0.0,0.0,2.1319622277855887,0,0.0,0.0,1.832812721657088,0,0.0,0.0,4.105923174275824,0,0.0,0.0,38.301456763796324
2023-05-13,20.84,-0.002870813397129135,False,1.0,-0.002870813397129135,6.318023343944224,0,0.0,-0.0,19.26316836489613,0,0.0,-0.0,39.377179492672234,0,0.0,-0.0,2.1319622277855887,0,0.0,-0.0,2.1319622277855887,0,0.0,-0.0,1.832812721657088,0,0.0,-0.0,4.105923174275824,0,0.0,-0.0,38.301456763796324
2023-05-14,20.93,0.004318618042226552,False,1.0,0.004318618042226552,6.345308473548591,0,0.0,0.0,19.26316836489613,0,0.0,0.0,39.377179492672234,0,0.0,0.0,2.1319622277855887,0,0.0,0.0,2.1319622277855887,0,0.0,0.0,1.832812721657088,0,0.0,0.0,4.105923174275824,0,0.0,0.0,38.301456763796324
2023-05-15,20.99,0.002866698518872335,False,1.0,0.002866698518872335,6.3634985599515,0,0.0,0.0,19.26316836489613,0,0.0,0.0,39.377179492672234,0,0.0,0.0,2.1319622277855887,0,0.0,0.0,2.1319622277855887,0,0.0,0.0,1.832812721657088,0,0.0,0.0,4.105923174275824,0,0.0,0.0,38.301456763796324
2023-05-16,20.67,-0.015245354930919386,False,1.0,-0.015245354930919386,6.2664847658026455,0,0.0,-0.0,19.26316836489613,0,0.0,-0.0,39.377179492672234,0,0.0,-0.0,2.1319622277855887,0,0.0,-0.0,2.1319622277855887,0,0.0,-0.0,1.832812721657088,0,0.0,-0.0,4.105923174275824,0,0.0,-0.0,38.301456763796324
2023-05-17,21.06,0.01886792452830166,False,1.0,0.01886792452830166,6.384720327421562,0,0.0,0.0,19.26316836489613,0,0.0,0.0,39.377179492672234,0,0.0,0.0,2.1319622277855887,0,0.0,0.0,2.1319622277855887,0,0.0,0.0,1.832812721657088,0,0.0,0.0,4.105923174275824,0,0.0,0.0,38.301456763796324
2023-05-18,20.34,-0.03418803418803418,False,1.0,-0.03418803418803418,6.166439290586636,0,0.0,-0.0,19.26316836489613,0,0.0,-0.0,39.377179492672234,0,0.0,-0.0,2.1319622277855887,0,0.0,-0.0,2.1319622277855887,0,0.0,-0.0,1.832812721657088,0,0.0,-0.0,4.105923174275824,0,0.0,-0.0,38.301456763796324
2023-05-19,20.36,0.000983284169124854,False,1.0,0.000983284169124854,6.172502652720939,0,0.0,0.0,19.26316836489613,0,0.0,0.0,39.377179492672234,0,0.0,0.0,2.1319622277855887,0,0.0,0.0,2.1319622277855887,0,0.0,0.0,1.832812721657088,0,0.0,0.0,4.105923174275824,0,0.0,0.0,38.301456763796324
2023-05-20,20.28,-0.003929273084479323,False,1.0,-0.003929273084479323,6.148249204183726,0,0.0,-0.0,19.26316836489613,0,0.0,-0.0,39.377179492672234,0,0.0,-0.0,2.1319622277855887,0,0.0,-0.0,2.1319622277855887,0,0.0,-0.0,1.832812721657088,0,0.0,-0.0,4.105923174275824,0,0.0,-0.0,38.301456763796324
2023-05-21,19.61,-0.033037475345167766,False,1.0,-0.033037475345167766,5.945126572684559,0,0.0,-0.0,19.26316836489613,0,0.0,-0.0,39.377179492672234,0,0.0,-0.0,2.1319622277855887,0,0.0,-0.0,2.1319622277855887,0,0.0,-0.0,1.832812721657088,0,0.0,-0.0,4.105923174275824,0,0.0,-0.0,38.301456763796324
2023-05-22,19.53,-0.004079551249362434,False,1.0,-0.004079551249362434,5.920873124147345,0,0.0,-0.0,19.26316836489613,0,0.0,-0.0,39.377179492672234,0,0.0,-0.0,2.1319622277855887,0,0.0,-0.0,2.1319622277855887,0,0.0,-0.0,1.832812721657088,0,0.0,-0.0,4.105923174275824,0,0.0,-0.0,38.301456763796324
2023-05-23,20.02,0.02508960573476693,False,1.0,0.02508960573476693,6.06942549643778,0,0.0,0.0,19.26316836489613,0,0.0,0.0,39.377179492672234,0,0.0,0.0,2.1319622277855887,0,0.0,0.0,2.1319622277855887,0,0.0,0.0,1.832812721657088,0,0.0,0.0,4.105923174275824,0,0.0,0.0,38.301456763796324
2023-05-24,19.22,-0.03996003996004005,False,1.0,-0.03996003996004005,5.82689101106564,0,0.0,-0.0,19.26316836489613,0,0.0,-0.0,39.377179492672234,0,0.0,-0.0,2.1319622277855887,0,0.0,-0.0,2.1319622277855887,0,0.0,-0.0,1.832812721657088,0,0.0,-0.0,4.105923174275824,0,0.0,-0.0,38.301456763796324
2023-05-25,19.25,0.0015608740894901274,False,1.0,0.0015608740894901274,5.835986054267095,0,0.0,0.0,19.26316836489613,0,0.0,0.0,39.377179492672234,0,0.0,0.0,2.1319622277855887,0,0.0,0.0,2.1319622277855887,0,0.0,0.0,1.832812721657088,0,0.0,0.0,4.105923174275824,0,0.0,0.0,38.301456763796324
2023-05-26,19.35,0.0051948051948051965,False,1.0,0.0051948051948051965,5.866302864938612,0,0.0,0.0,19.26316836489613,0,0.0,0.0,39.377179492672234,0,0.0,0.0,2.1319622277855887,0,0.0,0.0,2.1319622277855887,0,0.0,0.0,1.832812721657088,0,0.0,0.0,4.105923174275824,0,0.0,0.0,38.301456763796324
2023-05-27,20.43,0.055813953488371926,False,1.0,0.055813953488371926,6.193724420190999,0,0.0,0.0,19.26316836489613,0,0.0,0.0,39.377179492672234,0,0.0,0.0,2.1319622277855887,0,0.0,0.0,2.1319622277855887,0,0.0,0.0,1.832812721657088,0,0.0,0.0,4.105923174275824,0,0.0,0.0,38.301456763796324
2023-05-28,20.81,0.018600097895252077,True,1.0,0.018600097895252077,6.308928300742765,0,0.0,0.0,19.26316836489613,0,0.0,0.0,39.377179492672234,0,0.0,0.0,2.1319622277855887,0,0.0,0.0,2.1319622277855887,0,0.0,0.0,1.832812721657088,0,0.0,0.0,4.105923174275824,0,0.0,0.0,38.301456763796324
2023-05-29,20.57,-0.011532916866890841,False,1.0,-0.011532916866890841,6.2361679551311235,0,0.0,-0.0,19.26316836489613,0,0.0,-0.0,39.377179492672234,0,0.0,-0.0,2.1319622277855887,0,0.0,-0.0,2.1319622277855887,0,0.0,-0.0,1.832812721657088,0,0.0,-0.0,4.105923174275824,0,0.0,-0.0,38.301456763796324
2023-05-30,21.25,0.03305785123966931,True,1.0,0.03305785123966931,6.442322267697441,0,0.0,0.0,19.26316836489613,0,0.0,0.0,39.377179492672234,0,0.0,0.0,2.1319622277855887,0,0.0,0.0,2.1319622277855887,0,0.0,0.0,1.832812721657088,0,0.0,0.0,4.105923174275824,0,0.0,0.0,38.301456763796324
2023-05-31,20.81,-0.02070588235294124,True,1.0,-0.02070588235294124,6.308928300742764,0,0.0,-0.0,19.26316836489613,0,0.0,-0.0,39.377179492672234,0,0.0,-0.0,2.1319622277855887,0,0.0,-0.0,2.1319622277855887,0,0.0,-0.0,1.832812721657088,0,0.0,-0.0,4.105923174275824,0,0.0,-0.0,38.301456763796324
2023-06-01,20.49,-0.015377222489187936,False,1.0,-0.015377222489187936,6.211914506593908,0,0.0,-0.0,19.26316836489613,0,0.0,-0.0,39.377179492672234,0,0.0,-0.0,2.1319622277855887,0,0.0,-0.0,2.1319622277855887,0,0.0,-0.0,1.832812721657088,0,0.0,-0.0,4.105923174275824,0,0.0,-0.0,38.301456763796324
2023-06-02,21.26,0.03757930697901424,True,1.0,0.03757930697901424,6.445353948764593,0,0.0,0.0,19.26316836489613,0,0.0,0.0,39.377179492672234,0,0.0,0.0,2.1319622277855887,0,0.0,0.0,2.1319622277855887,0,0.0,0.0,1.832812721657088,0,0.0,0.0,4.105923174275824,0,0.0,0.0,38.301456763796324
2023-06-03,21.19,-0.0032925682031984538,True,1.0,-0.0032925682031984538,6.424132181294531,0,0.0,-0.0,19.26316836489613,0,0.0,-0.0,39.377179492672234,0,0.0,-0.0,2.1319622277855887,0,0.0,-0.0,2.1319622277855887,0,0.0,-0.0,1.832812721657088,0,0.0,-0.0,4.105923174275824,0,0.0,-0.0,38.301456763796324
2023-06-04,21.82,0.029731005191127924,True,1.0,0.029731005191127924,6.615128088525091,0,0.0,0.0,19.26316836489613,0,0.0,0.0,39.377179492672234,0,0.0,0.0,2.1319622277855887,0,0.0,0.0,2.1319622277855887,0,0.0,0.0,1.832812721657088,0,0.0,0.0,4.105923174275824,0,0.0,0.0,38.301456763796324
2023-06-05,20.0,-0.08340971585701196,False,1.0,-0.08340971585701196,6.063362134303474,0,0.0,-0.0,19.26316836489613,0,0.0,-0.0,39.377179492672234,0,0.0,-0.0,2.1319622277855887,0,0.0,-0.0,2.1319622277855887,0,0.0,-0.0,1.832812721657088,0,0.0,-0.0,4.105923174275824,0,0.0,-0.0,38.301456763796324
2023-06-06,20.38,0.018999999999999906,False,1.0,0.018999999999999906,6.178566014855239,0,0.0,0.0,19.26316836489613,0,0.0,0.0,39.377179492672234,0,0.0,0.0,2.1319622277855887,0,0.0,0.0,2.1319622277855887,0,0.0,0.0,1.832812721657088,0,0.0,0.0,4.105923174275824,0,0.0,0.0,38.301456763796324
2023-06-07,18.64,-0.08537782139352301,False,1.0,-0.08537782139352301,5.651053509170837,0,0.0,-0.0,19.26316836489613,0,0.0,-0.0,39.377179492672234,0,0.0,-0.0,2.1319622277855887,0,0.0,-0.0,2.1319622277855887,0,0.0,-0.0,1.832812721657088,0,0.0,-0.0,4.105923174275824,0,0.0,-0.0,38.301456763796324
2023-06-08,18.89,0.01341201716738194,False,1.0,0.01341201716738194,5.72684553584963,0,0.0,0.0,19.26316836489613,0,0.0,0.0,39.377179492672234,0,0.0,0.0,2.1319622277855887,0,0.0,0.0,2.1319622277855887,0,0.0,0.0,1.832812721657088,0,0.0,0.0,4.105923174275824,0,0.0,0.0,38.301456763796324
2023-06-09,17.4,-0.07887771307570157,False,1.0,-0.07887771307570157,5.275125056844021,0,0.0,-0.0,19.26316836489613,0,0.0,-0.0,39.377179492672234,0,0.0,-0.0,2.1319622277855887,0,0.0,-0.0,2.1319622277855887,0,0.0,-0.0,1.832812721657088,0,0.0,-0.0,4.105923174275824,0,0.0,-0.0,38.301456763796324
2023-06-10,15.61,-0.1028735632183908,False,1.0,-0.1028735632183908,4.73245414582386,0,0.0,-0.0,19.26316836489613,0,0.0,-0.0,39.377179492672234,0,0.0,-0.0,2.1319622277855887,0,0.0,-0.0,2.1319622277855887,0,0.0,-0.0,1.832812721657088,0,0.0,-0.0,4.105923174275824,0,0.0,-0.0,38.301456763796324
2023-06-11,15.55,-0.0038436899423445192,False,1.0,-0.0038436899423445192,4.714264059420951,0,0.0,-0.0,19.26316836489613,0,0.0,-0.0,39.377179492672234,0,0.0,-0.0,2.1319622277855887,0,0.0,-0.0,2.1319622277855887,0,0.0,-0.0,1.832812721657088,0,0.0,-0.0,4.105923174275824,0,0.0,-0.0,38.301456763796324
2023-06-12,15.19,-0.023151125401929318,False,1.0,-0.023151125401929318,4.605123541003488,0,0.0,-0.0,19.26316836489613,0,0.0,-0.0,39.377179492672234,0,0.0,-0.0,2.1319622277855887,0,0.0,-0.0,2.1319622277855887,0,0.0,-0.0,1.832812721657088,0,0.0,-0.0,4.105923174275824,0,0.0,-0.0,38.301456763796324
2023-06-13,15.04,-0.00987491770901916,False,1.0,-0.00987491770901916,4.559648324996211,0,0.0,-0.0,19.26316836489613,0,0.0,-0.0,39.377179492672234,0,0.0,-0.0,2.1319622277855887,0,0.0,-0.0,2.1319622277855887,0,0.0,-0.0,1.832812721657088,0,0.0,-0.0,4.105923174275824,0,0.0,-0.0,38.301456763796324
2023-06-14,14.48,-0.037234042553191404,False,1.0,-0.037234042553191404,4.389874185235715,0,0.0,-0.0,19.26316836489613,0,0.0,-0.0,39.377179492672234,0,0.0,-0.0,2.1319622277855887,0,0.0,-0.0,2.1319622277855887,0,0.0,-0.0,1.832812721657088,0,0.0,-0.0,4.105923174275824,0,0.0,-0.0,38.301456763796324
2023-06-15,14.77,0.0200276243093922,False,1.0,0.0200276243093922,4.477792936183115,0,0.0,0.0,19.26316836489613,0,0.0,0.0,39.377179492672234,0,0.0,0.0,2.1319622277855887,0,0.0,0.0,2.1319622277855887,0,0.0,0.0,1.832812721657088,0,0.0,0.0,4.105923174275824,0,0.0,0.0,38.301456763796324
2023-06-16,15.31,0.03656059580230209,False,1.0,0.03656059580230209,4.64150371380931,0,0.0,0.0,19.26316836489613,0,0.0,0.0,39.377179492672234,0,0.0,0.0,2.1319622277855887,0,0.0,0.0,2.1319622277855887,0,0.0,0.0,1.832812721657088,0,0.0,0.0,4.105923174275824,0,0.0,0.0,38.301456763796324
2023-06-17,15.64,0.02155453951665587,False,1.0,0.02155453951665587,4.741549189025317,0,0.0,0.0,19.26316836489613,0,0.0,0.0,39.377179492672234,0,0.0,0.0,2.1319622277855887,0,0.0,0.0,2.1319622277855887,0,0.0,0.0,1.832812721657088,0,0.0,0.0,4.105923174275824,0,0.0,0.0,38.301456763796324
2023-06-18,15.45,-0.012148337595908054,False,1.0,-0.012148337595908054,4.683947248749433,0,0.0,-0.0,19.26316836489613,0,0.0,-0.0,39.377179492672234,0,0.0,-0.0,2.1319622277855887,0,0.0,-0.0,2.1319622277855887,0,0.0,-0.0,1.832812721657088,0,0.0,-0.0,4.105923174275824,0,0.0,-0.0,38.301456763796324
2023-06-19,16.1,0.04207119741100329,False,1.0,0.04207119741100329,4.8810065181142965,0,0.0,0.0,19.26316836489613,0,0.0,0.0,39.377179492672234,0,0.0,0.0,2.1319622277855887,0,0.0,0.0,2.1319622277855887,0,0.0,0.0,1.832812721657088,0,0.0,0.0,4.105923174275824,0,0.0,0.0,38.301456763796324
2023-06-20,16.64,0.03354037267080745,False,1.0,0.03354037267080745,5.04471729574049,0,0.0,0.0,19.26316836489613,0,0.0,0.0,39.377179492672234,0,0.0,0.0,2.1319622277855887,0,0.0,0.0,2.1319622277855887,0,0.0,0.0,1.832812721657088,0,0.0,0.0,4.105923174275824,0,0.0,0.0,38.301456763796324
2023-06-21,17.23,0.03545673076923084,False,1.0,0.03545673076923084,5.223586478702443,0,0.0,0.0,19.26316836489613,0,0.0,0.0,39.377179492672234,0,0.0,0.0,2.1319622277855887,0,0.0,0.0,2.1319622277855887,0,0.0,0.0,1.832812721657088,0,0.0,0.0,4.105923174275824,0,0.0,0.0,38.301456763796324
2023-06-22,16.62,-0.035403366221706256,False,1.0,-0.035403366221706256,5.038653933606187,0,0.0,-0.0,19.26316836489613,0,0.0,-0.0,39.377179492672234,0,0.0,-0.0,2.1319622277855887,0,0.0,-0.0,2.1319622277855887,0,0.0,-0.0,1.832812721657088,0,0.0,-0.0,4.105923174275824,0,0.0,-0.0,38.301456763796324
2023-06-23,17.13,0.0306859205776171,False,1.0,0.0306859205776171,5.193269668030925,0,0.0,0.0,19.26316836489613,0,0.0,0.0,39.377179492672234,0,0.0,0.0,2.1319622277855887,0,0.0,0.0,2.1319622277855887,0,0.0,0.0,1.832812721657088,0,0.0,0.0,4.105923174275824,0,0.0,0.0,38.301456763796324
2023-06-24,16.64,-0.02860478692352586,False,1.0,-0.02860478692352586,5.04471729574049,0,0.0,-0.0,19.26316836489613,0,0.0,-0.0,39.377179492672234,0,0.0,-0.0,2.1319622277855887,0,0.0,-0.0,2.1319622277855887,0,0.0,-0.0,1.832812721657088,0,0.0,-0.0,4.105923174275824,0,0.0,-0.0,38.301456763796324
2023-06-25,16.96,0.019230769230769162,False,1.0,0.019230769230769162,5.141731089889346,0,0.0,0.0,19.26316836489613,0,0.0,0.0,39.377179492672234,0,0.0,0.0,2.1319622277855887,0,0.0,0.0,2.1319622277855887,0,0.0,0.0,1.832812721657088,0,0.0,0.0,4.105923174275824,0,0.0,0.0,38.301456763796324
2023-06-26,16.27,-0.04068396226415105,False,1.0,-0.04068396226415105,4.9325450962558754,0,0.0,-0.0,19.26316836489613,0,0.0,-0.0,39.377179492672234,0,0.0,-0.0,2.1319622277855887,0,0.0,-0.0,2.1319622277855887,0,0.0,-0.0,1.832812721657088,0,0.0,-0.0,4.105923174275824,0,0.0,-0.0,38.301456763796324
2023-06-27,16.63,0.022126613398893547,False,1.0,0.022126613398893547,5.041685614673337,0,0.0,0.0,19.26316836489613,0,0.0,0.0,39.377179492672234,0,0.0,0.0,2.1319622277855887,0,0.0,0.0,2.1319622277855887,0,0.0,0.0,1.832812721657088,0,0.0,0.0,4.105923174275824,0,0.0,0.0,38.301456763796324
2023-06-28,15.97,-0.039687312086590376,False,1.0,-0.039687312086590376,4.841594664241323,0,0.0,-0.0,19.26316836489613,0,0.0,-0.0,39.377179492672234,0,0.0,-0.0,2.1319622277855887,0,0.0,-0.0,2.1319622277855887,0,0.0,-0.0,1.832812721657088,0,0.0,-0.0,4.105923174275824,0,0.0,-0.0,38.301456763796324
2023-06-29,17.99,0.12648716343143374,True,1.0,0.12648716343143374,5.453994239805973,0,0.0,0.0,19.26316836489613,0,0.0,0.0,39.377179492672234,0,0.0,0.0,2.1319622277855887,0,0.0,0.0,2.1319622277855887,0,0.0,0.0,1.832812721657088,0,0.0,0.0,4.105923174275824,0,0.0,0.0,38.301456763796324
2023-06-30,18.86,0.048360200111172924,True,1.0,0.048360200111172924,5.717750492648174,0,0.0,0.0,19.26316836489613,0,0.0,0.0,39.377179492672234,0,0.0,0.0,2.1319622277855887,0,0.0,0.0,2.1319622277855887,0,0.0,0.0,1.832812721657088,0,0.0,0.0,4.105923174275824,0,0.0,0.0,38.301456763796324
2023-07-01,18.7,-0.008483563096500557,True,1.0,-0.008483563096500557,5.669243595573747,0,0.0,-0.0,19.26316836489613,0,0.0,-0.0,39.377179492672234,0,0.0,-0.0,2.1319622277855887,0,0.0,-0.0,2.1319622277855887,0,0.0,-0.0,1.832812721657088,0,0.0,-0.0,4.105923174275824,0,0.0,-0.0,38.301456763796324
2023-07-02,19.45,0.04010695187165769,True,1.0,0.04010695187165769,5.896619675610126,0,0.0,0.0,19.26316836489613,0,0.0,0.0,39.377179492672234,0,0.0,0.0,2.1319622277855887,0,0.0,0.0,2.1319622277855887,0,0.0,0.0,1.832812721657088,0,0.0,0.0,4.105923174275824,0,0.0,0.0,38.301456763796324
2023-07-03,19.26,-0.009768637532133528,True,1.0,-0.009768637532133528,5.839017735334244,0,0.0,-0.0,19.26316836489613,0,0.0,-0.0,39.377179492672234,0,0.0,-0.0,2.1319622277855887,0,0.0,-0.0,2.1319622277855887,0,0.0,-0.0,1.832812721657088,0,0.0,-0.0,4.105923174275824,0,0.0,-0.0,38.301456763796324
2023-07-04,19.13,-0.006749740394600301,True,1.0,-0.006749740394600301,5.799605881461271,0,0.0,-0.0,19.26316836489613,0,0.0,-0.0,39.377179492672234,0,0.0,-0.0,2.1319622277855887,0,0.0,-0.0,2.1319622277855887,0,0.0,-0.0,1.832812721657088,0,0.0,-0.0,4.105923174275824,0,0.0,-0.0,38.301456763796324
2023-07-05,19.0,-0.006795608991113422,True,1.0,-0.006795608991113422,5.760194027588298,0,0.0,-0.0,19.26316836489613,0,0.0,-0.0,39.377179492672234,0,0.0,-0.0,2.1319622277855887,0,0.0,-0.0,2.1319622277855887,0,0.0,-0.0,1.832812721657088,0,0.0,-0.0,4.105923174275824,0,0.0,-0.0,38.301456763796324
2023-07-06,19.61,0.03210526315789464,True,1.0,0.03210526315789464,5.945126572684553,0,0.0,0.0,19.26316836489613,0,0.0,0.0,39.377179492672234,0,0.0,0.0,2.1319622277855887,0,0.0,0.0,2.1319622277855887,0,0.0,0.0,1.832812721657088,0,0.0,0.0,4.105923174275824,0,0.0,0.0,38.301456763796324
2023-07-07,21.5,0.09637939826619069,True,1.0,0.09637939826619069,6.518114294376231,0,0.0,0.0,19.26316836489613,0,0.0,0.0,39.377179492672234,0,0.0,0.0,2.1319622277855887,0,0.0,0.0,2.1319622277855887,0,0.0,0.0,1.832812721657088,0,0.0,0.0,4.105923174275824,0,0.0,0.0,38.301456763796324
2023-07-08,21.81,0.014418604651162736,True,1.0,0.014418604651162736,6.612096407457934,0,0.0,0.0,19.26316836489613,0,0.0,0.0,39.377179492672234,0,0.0,0.0,2.1319622277855887,0,0.0,0.0,2.1319622277855887,0,0.0,0.0,1.832812721657088,0,0.0,0.0,4.105923174275824,0,0.0,0.0,38.301456763796324
2023-07-09,21.32,-0.022466758367721162,True,1.0,-0.022466758367721162,6.4635440351675,0,0.0,-0.0,19.26316836489613,0,0.0,-0.0,39.377179492672234,0,0.0,-0.0,2.1319622277855887,0,0.0,-0.0,2.1319622277855887,0,0.0,-0.0,1.832812721657088,0,0.0,-0.0,4.105923174275824,0,0.0,-0.0,38.301456763796324
2023-07-10,21.3,-0.0009380863039399889,True,1.0,-0.0009380863039399889,6.457480673033196,0,0.0,-0.0,19.26316836489613,0,0.0,-0.0,39.377179492672234,0,0.0,-0.0,2.1319622277855887,0,0.0,-0.0,2.1319622277855887,0,0.0,-0.0,1.832812721657088,0,0.0,-0.0,4.105923174275824,0,0.0,-0.0,38.301456763796324
2023-07-11,22.07,0.036150234741783915,True,1.0,0.036150234741783915,6.690920115203879,0,0.0,0.0,19.26316836489613,0,0.0,0.0,39.377179492672234,0,0.0,0.0,2.1319622277855887,0,0.0,0.0,2.1319622277855887,0,0.0,0.0,1.832812721657088,0,0.0,0.0,4.105923174275824,0,0.0,0.0,38.301456763796324
2023-07-12,21.94,-0.005890348889895702,True,1.0,-0.005890348889895702,6.651508261330907,0,0.0,-0.0,19.26316836489613,0,0.0,-0.0,39.377179492672234,0,0.0,-0.0,2.1319622277855887,0,0.0,-0.0,2.1319622277855887,0,0.0,-0.0,1.832812721657088,0,0.0,-0.0,4.105923174275824,0,0.0,-0.0,38.301456763796324
2023-07-13,26.01,0.18550592525068366,True,1.0,0.18550592525068366,7.885402455661663,0,0.0,0.0,19.26316836489613,1,0.0,0.0,39.377179492672234,0,0.0,0.0,2.1319622277855887,0,0.0,0.0,2.1319622277855887,0,0.0,0.0,1.832812721657088,0,0.0,0.0,4.105923174275824,0,0.0,0.0,38.301456763796324
2023-07-14,26.67,0.025374855824682907,True,1.0,0.025374855824682907,8.08549340609368,0,0.0,0.0,19.26316836489613,0,1.0,0.024374855824682906,40.33699256558879,0,0.0,0.0,2.1319622277855887,0,0.0,0.0,2.1319622277855887,0,0.0,0.0,1.832812721657088,0,0.0,0.0,4.105923174275824,0,0.0,0.0,38.301456763796324
2023-07-15,27.46,0.029621297337832697,True,1.0,0.029621297337832697,8.324996210398666,0,0.0,0.0,19.26316836489613,0,1.0,0.029621297337832697,41.53182661608804,0,0.0,0.0,2.1319622277855887,0,0.0,0.0,2.1319622277855887,0,0.0,0.0,1.832812721657088,0,0.0,0.0,4.105923174275824,0,0.0,0.0,38.301456763796324
2023-07-16,27.42,-0.0014566642388929019,True,1.0,-0.0014566642388929019,8.31286948613006,0,0.0,-0.0,19.26316836489613,0,1.0,-0.0014566642388929019,41.47132868948049,0,0.0,-0.0,2.1319622277855887,0,0.0,-0.0,2.1319622277855887,0,0.0,-0.0,1.832812721657088,0,0.0,-0.0,4.105923174275824,0,0.0,-0.0,38.301456763796324
2023-07-17,26.8,-0.022611232676878257,True,1.0,-0.022611232676878257,8.124905259966651,0,0.0,-0.0,19.26316836489613,0,1.0,-0.022611232676878257,40.53361082706335,0,0.0,-0.0,2.1319622277855887,0,0.0,-0.0,2.1319622277855887,0,0.0,-0.0,1.832812721657088,0,0.0,-0.0,4.105923174275824,0,0.0,-0.0,38.301456763796324
2023-07-18,25.54,-0.04701492537313434,True,1.0,-0.04701492537313434,7.742913445505532,0,0.0,-0.0,19.26316836489613,0,1.0,-0.04701492537313434,38.6279261389253,0,0.0,-0.0,2.1319622277855887,0,0.0,-0.0,2.1319622277855887,0,0.0,-0.0,1.832812721657088,0,0.0,-0.0,4.105923174275824,0,0.0,-0.0,38.301456763796324
2023-07-19,26.31,0.030148786217697676,True,1.0,0.030148786217697676,7.976352887676215,0,0.0,0.0,19.26316836489613,0,1.0,0.030148786217697676,39.79251122612077,0,0.0,0.0,2.1319622277855887,0,0.0,0.0,2.1319622277855887,0,0.0,0.0,1.832812721657088,0,0.0,0.0,4.105923174275824,0,0.0,0.0,38.301456763796324
2023-07-20,25.38,-0.03534777651083243,True,1.0,-0.03534777651083243,7.694406548431103,0,0.0,-0.0,19.26316836489613,0,1.0,-0.03534777651083243,38.38593443249506,0,0.0,-0.0,2.1319622277855887,0,0.0,-0.0,2.1319622277855887,0,0.0,-0.0,1.832812721657088,0,0.0,-0.0,4.105923174275824,0,0.0,-0.0,38.301456763796324
2023-07-21,25.5,0.004728132387706863,True,1.0,0.004728132387706863,7.730786721236924,0,0.0,0.0,19.26316836489613,0,1.0,0.004728132387706863,38.567428212317736,0,0.0,0.0,2.1319622277855887,0,0.0,0.0,2.1319622277855887,0,0.0,0.0,1.832812721657088,0,0.0,0.0,4.105923174275824,0,0.0,0.0,38.301456763796324
2023-07-22,24.52,-0.03843137254901963,True,1.0,-0.03843137254901963,7.433681976656054,0,0.0,-0.0,19.26316836489613,0,1.0,-0.03843137254901963,37.085229010432585,0,0.0,-0.0,2.1319622277855887,0,0.0,-0.0,2.1319622277855887,0,0.0,-0.0,1.832812721657088,0,0.0,-0.0,4.105923174275824,0,0.0,-0.0,38.301456763796324
2023-07-23,24.76,0.00978792822185981,True,1.0,0.00978792822185981,7.506442322267696,0,0.0,0.0,19.26316836489613,0,1.0,0.00978792822185981,37.44821657007793,0,0.0,0.0,2.1319622277855887,0,0.0,0.0,2.1319622277855887,0,0.0,0.0,1.832812721657088,0,0.0,0.0,4.105923174275824,0,0.0,0.0,38.301456763796324
2023-07-24,23.37,-0.0561389337641357,True,1.0,-0.0561389337641357,7.085038653933605,0,0.0,-0.0,19.26316836489613,0,1.0,-0.0561389337641357,35.34591362046532,0,0.0,-0.0,2.1319622277855887,0,0.0,-0.0,2.1319622277855887,0,0.0,-0.0,1.832812721657088,0,0.0,-0.0,4.105923174275824,0,0.0,-0.0,38.301456763796324
2023-07-25,23.27,-0.004278990158322671,True,1.0,-0.004278990158322671,7.0547218432620875,0,0.0,-0.0,19.26316836489613,0,1.0,-0.004278990158322671,35.19466880394642,0,0.0,-0.0,2.1319622277855887,0,0.0,-0.0,2.1319622277855887,0,0.0,-0.0,1.832812721657088,0,0.0,-0.0,4.105923174275824,0,0.0,-0.0,38.301456763796324
2023-07-26,25.17,0.08165019338203705,True,1.0,0.08165019338203705,7.630741246020918,0,0.0,0.0,19.26316836489613,0,1.0,0.08165019338203705,38.068320317805394,0,0.0,0.0,2.1319622277855887,0,0.0,0.0,2.1319622277855887,0,0.0,0.0,1.832812721657088,0,0.0,0.0,4.105923174275824,0,0.0,0.0,38.301456763796324
2023-07-27,25.1,-0.002781088597536785,True,1.0,-0.002781088597536785,7.6095194785508555,0,0.0,-0.0,19.26316836489613,0,1.0,-0.002781088597536785,37.96244894624217,0,0.0,-0.0,2.1319622277855887,0,0.0,-0.0,2.1319622277855887,0,0.0,-0.0,1.832812721657088,0,0.0,-0.0,4.105923174275824,0,0.0,-0.0,38.301456763796324
2023-07-28,24.82,-0.011155378486055856,True,1.0,-0.011155378486055856,7.524632408670606,0,0.0,-0.0,19.26316836489613,0,1.0,-0.011155378486055856,37.53896345998927,0,0.0,-0.0,2.1319622277855887,0,0.0,-0.0,2.1319622277855887,0,0.0,-0.0,1.832812721657088,0,0.0,-0.0,4.105923174275824,0,0.0,-0.0,38.301456763796324
2023-07-29,25.17,0.014101531023368308,True,1.0,0.014101531023368308,7.630741246020917,0,0.0,0.0,19.26316836489613,0,1.0,0.014101531023368308,38.068320317805394,0,0.0,0.0,2.1319622277855887,0,0.0,0.0,2.1319622277855887,0,0.0,0.0,1.832812721657088,0,0.0,0.0,4.105923174275824,0,0.0,0.0,38.301456763796324
2023-07-30,24.25,-0.036551450139054475,True,1.0,-0.036551450139054475,7.351826587842957,0,0.0,-0.0,19.26316836489613,0,1.0,-0.036551450139054475,36.67686800583158,0,0.0,-0.0,2.1319622277855887,0,0.0,-0.0,2.1319622277855887,0,0.0,-0.0,1.832812721657088,0,0.0,-0.0,4.105923174275824,0,0.0,-0.0,38.301456763796324
2023-07-31,23.73,-0.021443298969072155,True,1.0,-0.021443298969072155,7.194179172351067,0,0.0,-0.0,19.26316836489613,0,1.0,-0.021443298969072155,35.89039495993334,0,0.0,-0.0,2.1319622277855887,0,0.0,-0.0,2.1319622277855887,0,0.0,-0.0,1.832812721657088,0,0.0,-0.0,4.105923174275824,0,0.0,-0.0,38.301456763796324
2023-08-01,24.05,0.013485040033712536,True,1.0,0.013485040033712536,7.2911929664999215,0,0.0,0.0,19.26316836489613,0,1.0,0.013485040033712536,36.37437837279379,0,0.0,0.0,2.1319622277855887,0,0.0,0.0,2.1319622277855887,0,0.0,0.0,1.832812721657088,0,0.0,0.0,4.105923174275824,0,0.0,0.0,38.301456763796324
2023-08-02,23.15,-0.037422037422037535,False,1.0,-0.037422037422037535,7.018341670456264,0,0.0,-0.0,19.26316836489613,0,1.0,-0.037422037422037535,35.01317502412375,0,0.0,-0.0,2.1319622277855887,0,0.0,-0.0,2.1319622277855887,0,0.0,-0.0,1.832812721657088,0,0.0,-0.0,4.105923174275824,0,0.0,-0.0,38.301456763796324
2023-08-03,22.65,-0.021598272138228958,False,1.0,-0.021598272138228958,6.866757617098678,0,0.0,-0.0,19.26316836489613,0,0.0,-0.001,34.97816184909962,0,0.0,-0.0,2.1319622277855887,0,0.0,-0.0,2.1319622277855887,0,0.0,-0.0,1.832812721657088,0,0.0,-0.0,4.105923174275824,0,0.0,-0.0,38.301456763796324
2023-08-04,22.8,0.0066225165562914245,False,1.0,0.0066225165562914245,6.912232833105954,0,0.0,0.0,19.26316836489613,0,0.0,0.0,34.97816184909962,0,0.0,0.0,2.1319622277855887,0,0.0,0.0,2.1319622277855887,0,0.0,0.0,1.832812721657088,0,0.0,0.0,4.105923174275824,0,0.0,0.0,38.301456763796324
2023-08-05,22.65,-0.006578947368421129,False,1.0,-0.006578947368421129,6.866757617098678,0,0.0,-0.0,19.26316836489613,0,0.0,-0.0,34.97816184909962,0,0.0,-0.0,2.1319622277855887,0,0.0,-0.0,2.1319622277855887,0,0.0,-0.0,1.832812721657088,0,0.0,-0.0,4.105923174275824,0,0.0,-0.0,38.301456763796324
2023-08-06,23.2,0.02428256070640189,False,1.0,0.02428256070640189,7.033500075792024,0,0.0,0.0,19.26316836489613,0,0.0,0.0,34.97816184909962,0,0.0,0.0,2.1319622277855887,0,0.0,0.0,2.1319622277855887,0,0.0,0.0,1.832812721657088,0,0.0,0.0,4.105923174275824,0,0.0,0.0,38.301456763796324
2023-08-07,23.12,-0.0034482758620688614,False,1.0,-0.0034482758620688614,7.009246627254811,0,0.0,-0.0,19.26316836489613,0,0.0,-0.0,34.97816184909962,0,0.0,-0.0,2.1319622277855887,0,0.0,-0.0,2.1319622277855887,0,0.0,-0.0,1.832812721657088,0,0.0,-0.0,4.105923174275824,0,0.0,-0.0,38.301456763796324
2023-08-08,24.22,0.04757785467128017,False,1.0,0.04757785467128017,7.342731544641501,0,0.0,0.0,19.26316836489613,0,0.0,0.0,34.97816184909962,0,0.0,0.0,2.1319622277855887,0,0.0,0.0,2.1319622277855887,0,0.0,0.0,1.832812721657088,0,0.0,0.0,4.105923174275824,0,0.0,0.0,38.301456763796324
2023-08-09,24.38,0.006606110652353392,False,1.0,0.006606110652353392,7.391238441715929,0,0.0,0.0,19.26316836489613,0,0.0,0.0,34.97816184909962,0,0.0,0.0,2.1319622277855887,0,0.0,0.0,2.1319622277855887,0,0.0,0.0,1.832812721657088,0,0.0,0.0,4.105923174275824,0,0.0,0.0,38.301456763796324
2023-08-10,24.62,0.009844134536505456,False,1.0,0.009844134536505456,7.463998787327571,0,0.0,0.0,19.26316836489613,0,0.0,0.0,34.97816184909962,0,0.0,0.0,2.1319622277855887,0,0.0,0.0,2.1319622277855887,0,0.0,0.0,1.832812721657088,0,0.0,0.0,4.105923174275824,0,0.0,0.0,38.301456763796324
2023-08-11,24.62,0.0,True,1.0,0.0,7.463998787327571,0,0.0,0.0,19.26316836489613,0,0.0,0.0,34.97816184909962,0,0.0,0.0,2.1319622277855887,0,0.0,0.0,2.1319622277855887,0,0.0,0.0,1.832812721657088,0,0.0,0.0,4.105923174275824,0,0.0,0.0,38.301456763796324
2023-08-12,24.91,0.011779041429731851,True,1.0,0.011779041429731851,7.551917538274971,0,0.0,0.0,19.26316836489613,0,0.0,0.0,34.97816184909962,0,0.0,0.0,2.1319622277855887,0,0.0,0.0,2.1319622277855887,0,0.0,0.0,1.832812721657088,0,0.0,0.0,4.105923174275824,0,0.0,0.0,38.301456763796324
2023-08-13,24.23,-0.027298273785628213,True,1.0,-0.027298273785628213,7.345763225708653,0,0.0,-0.0,19.26316836489613,0,0.0,-0.0,34.97816184909962,0,0.0,-0.0,2.1319622277855887,0,0.0,-0.0,2.1319622277855887,0,0.0,-0.0,1.832812721657088,0,0.0,-0.0,4.105923174275824,0,0.0,-0.0,38.301456763796324
2023-08-14,25.18,0.03920759389186945,True,1.0,0.03920759389186945,7.633772927088067,0,0.0,0.0,19.26316836489613,0,0.0,0.0,34.97816184909962,0,0.0,0.0,2.1319622277855887,0,0.0,0.0,2.1319622277855887,0,0.0,0.0,1.832812721657088,0,0.0,0.0,4.105923174275824,0,0.0,0.0,38.301456763796324
2023-08-15,23.9,-0.05083399523431298,False,1.0,-0.05083399523431298,7.245717750492645,0,0.0,-0.0,19.26316836489613,0,0.0,-0.0,34.97816184909962,0,0.0,-0.0,2.1319622277855887,0,0.0,-0.0,2.1319622277855887,0,0.0,-0.0,1.832812721657088,0,0.0,-0.0,4.105923174275824,0,0.0,-0.0,38.301456763796324
2023-08-16,22.82,-0.04518828451882839,False,1.0,-0.04518828451882839,6.918296195240258,0,0.0,-0.0,19.26316836489613,0,0.0,-0.0,34.97816184909962,0,0.0,-0.0,2.1319622277855887,0,0.0,-0.0,2.1319622277855887,0,0.0,-0.0,1.832812721657088,0,0.0,-0.0,4.105923174275824,0,0.0,-0.0,38.301456763796324
2023-08-17,21.66,-0.05083260297984227,False,1.0,-0.05083260297984227,6.566621191450657,0,0.0,-0.0,19.26316836489613,0,0.0,-0.0,34.97816184909962,0,0.0,-0.0,2.1319622277855887,0,0.0,-0.0,2.1319622277855887,0,0.0,-0.0,1.832812721657088,0,0.0,-0.0,4.105923174275824,0,0.0,-0.0,38.301456763796324
2023-08-18,21.34,-0.014773776546629702,False,1.0,-0.014773776546629702,6.469607397301801,0,0.0,-0.0,19.26316836489613,0,0.0,-0.0,34.97816184909962,0,0.0,-0.0,2.1319622277855887,0,0.0,-0.0,2.1319622277855887,0,0.0,-0.0,1.832812721657088,0,0.0,-0.0,4.105923174275824,0,0.0,-0.0,38.301456763796324
2023-08-19,21.9,0.026241799437675573,False,1.0,0.026241799437675573,6.639381537062297,0,0.0,0.0,19.26316836489613,0,0.0,0.0,34.97816184909962,0,0.0,0.0,2.1319622277855887,0,0.0,0.0,2.1319622277855887,0,0.0,0.0,1.832812721657088,0,0.0,0.0,4.105923174275824,0,0.0,0.0,38.301456763796324
2023-08-20,21.77,-0.005936073059360725,False,1.0,-0.005936073059360725,6.599969683189324,0,0.0,-0.0,19.26316836489613,0,0.0,-0.0,34.97816184909962,0,0.0,-0.0,2.1319622277855887,0,0.0,-0.0,2.1319622277855887,0,0.0,-0.0,1.832812721657088,0,0.0,-0.0,4.105923174275824,0,0.0,-0.0,38.301456763796324
2023-08-21,21.2,-0.026182820395039053,False,1.0,-0.026182820395039053,6.427163862361676,0,0.0,-0.0,19.26316836489613,0,0.0,-0.0,34.97816184909962,0,0.0,-0.0,2.1319622277855887,0,0.0,-0.0,2.1319622277855887,0,0.0,-0.0,1.832812721657088,0,0.0,-0.0,4.105923174275824,0,0.0,-0.0,38.301456763796324
2023-08-22,20.59,-0.0287735849056604,False,1.0,-0.0287735849056604,6.24223131726542,0,0.0,-0.0,19.26316836489613,0,0.0,-0.0,34.97816184909962,0,0.0,-0.0,2.1319622277855887,0,0.0,-0.0,2.1319622277855887,0,0.0,-0.0,1.832812721657088,0,0.0,-0.0,4.105923174275824,0,0.0,-0.0,38.301456763796324
2023-08-23,21.74,0.055852355512384655,False,1.0,0.055852355512384655,6.590874639987869,0,0.0,0.0,19.26316836489613,0,0.0,0.0,34.97816184909962,0,0.0,0.0,2.1319622277855887,0,0.0,0.0,2.1319622277855887,0,0.0,0.0,1.832812721657088,0,0.0,0.0,4.105923174275824,0,0.0,0.0,38.301456763796324
2023-08-24,21.06,-0.031278748850046,False,1.0,-0.031278748850046,6.384720327421551,0,0.0,-0.0,19.26316836489613,0,0.0,-0.0,34.97816184909962,0,0.0,-0.0,2.1319622277855887,0,0.0,-0.0,2.1319622277855887,0,0.0,-0.0,1.832812721657088,0,0.0,-0.0,4.105923174275824,0,0.0,-0.0,38.301456763796324
2023-08-25,20.42,-0.03038936372269696,False,1.0,-0.03038936372269696,6.190692739123841,0,0.0,-0.0,19.26316836489613,0,0.0,-0.0,34.97816184909962,0,0.0,-0.0,2.1319622277855887,0,0.0,-0.0,2.1319622277855887,0,0.0,-0.0,1.832812721657088,0,0.0,-0.0,4.105923174275824,0,0.0,-0.0,38.301456763796324
2023-08-26,20.29,-0.006366307541625926,False,1.0,-0.006366307541625926,6.151280885250868,0,0.0,-0.0,19.26316836489613,0,0.0,-0.0,34.97816184909962,0,0.0,-0.0,2.1319622277855887,0,0.0,-0.0,2.1319622277855887,0,0.0,-0.0,1.832812721657088,0,0.0,-0.0,4.105923174275824,0,0.0,-0.0,38.301456763796324
2023-08-27,20.79,0.024642681123706156,False,1.0,0.024642681123706156,6.302864938608454,0,0.0,0.0,19.26316836489613,0,0.0,0.0,34.97816184909962,0,0.0,0.0,2.1319622277855887,0,0.0,0.0,2.1319622277855887,0,0.0,0.0,1.832812721657088,0,0.0,0.0,4.105923174275824,0,0.0,0.0,38.301456763796324
2023-08-28,20.56,-0.011063011063011108,False,1.0,-0.011063011063011108,6.2331362740639635,0,0.0,-0.0,19.26316836489613,0,0.0,-0.0,34.97816184909962,0,0.0,-0.0,2.1319622277855887,0,0.0,-0.0,2.1319622277855887,0,0.0,-0.0,1.832812721657088,0,0.0,-0.0,4.105923174275824,0,0.0,-0.0,38.301456763796324
2023-08-29,21.79,0.05982490272373542,False,1.0,0.05982490272373542,6.606033045323627,0,0.0,0.0,19.26316836489613,0,0.0,0.0,34.97816184909962,0,0.0,0.0,2.1319622277855887,0,0.0,0.0,2.1319622277855887,0,0.0,0.0,1.832812721657088,0,0.0,0.0,4.105923174275824,0,0.0,0.0,38.301456763796324
2023-08-30,20.82,-0.044515832950894896,False,1.0,-0.044515832950894896,6.311959981809909,0,0.0,-0.0,19.26316836489613,0,0.0,-0.0,34.97816184909962,0,0.0,-0.0,2.1319622277855887,0,0.0,-0.0,2.1319622277855887,0,0.0,-0.0,1.832812721657088,0,0.0,-0.0,4.105923174275824,0,0.0,-0.0,38.301456763796324
2023-08-31,19.74,-0.05187319884726238,False,1.0,-0.05187319884726238,5.9845384265575206,0,0.0,-0.0,19.26316836489613,0,0.0,-0.0,34.97816184909962,0,0.0,-0.0,2.1319622277855887,0,0.0,-0.0,2.1319622277855887,0,0.0,-0.0,1.832812721657088,0,0.0,-0.0,4.105923174275824,0,0.0,-0.0,38.301456763796324
2023-09-01,19.33,-0.020770010131712313,False,1.0,-0.020770010131712313,5.8602395028042995,0,0.0,-0.0,19.26316836489613,0,0.0,-0.0,34.97816184909962,0,0.0,-0.0,2.1319622277855887,0,0.0,-0.0,2.1319622277855887,0,0.0,-0.0,1.832812721657088,0,0.0,-0.0,4.105923174275824,0,0.0,-0.0,38.301456763796324
2023-09-02,19.5,0.00879461976202811,False,1.0,0.00879461976202811,5.91177808094588,0,0.0,0.0,19.26316836489613,0,0.0,0.0,34.97816184909962,0,0.0,0.0,2.1319622277855887,0,0.0,0.0,2.1319622277855887,0,0.0,0.0,1.832812721657088,0,0.0,0.0,4.105923174275824,0,0.0,0.0,38.301456763796324
2023-09-03,19.57,0.0035897435897436214,False,1.0,0.0035897435897436214,5.9329998484159425,0,0.0,0.0,19.26316836489613,0,0.0,0.0,34.97816184909962,0,0.0,0.0,2.1319622277855887,0,0.0,0.0,2.1319622277855887,0,0.0,0.0,1.832812721657088,0,0.0,0.0,4.105923174275824,0,0.0,0.0,38.301456763796324
2023-09-04,19.52,-0.0025549310168625494,False,1.0,-0.0025549310168625494,5.917841443080184,0,0.0,-0.0,19.26316836489613,0,0.0,-0.0,34.97816184909962,0,0.0,-0.0,2.1319622277855887,0,0.0,-0.0,2.1319622277855887,0,0.0,-0.0,1.832812721657088,0,0.0,-0.0,4.105923174275824,0,0.0,-0.0,38.301456763796324
2023-09-05,20.26,0.037909836065573854,False,1.0,0.037909836065573854,6.142185842049413,0,0.0,0.0,19.26316836489613,0,0.0,0.0,34.97816184909962,0,0.0,0.0,2.1319622277855887,0,0.0,0.0,2.1319622277855887,0,0.0,0.0,1.832812721657088,0,0.0,0.0,4.105923174275824,0,0.0,0.0,38.301456763796324
2023-09-06,19.64,-0.03060217176702873,False,1.0,-0.03060217176702873,5.954221615886005,0,0.0,-0.0,19.26316836489613,0,0.0,-0.0,34.97816184909962,0,0.0,-0.0,2.1319622277855887,0,0.0,-0.0,2.1319622277855887,0,0.0,-0.0,1.832812721657088,0,0.0,-0.0,4.105923174275824,0,0.0,-0.0,38.301456763796324
2023-09-07,19.92,0.014256619144602967,False,1.0,0.014256619144602967,6.039108685766254,0,0.0,0.0,19.26316836489613,0,0.0,0.0,34.97816184909962,0,0.0,0.0,2.1319622277855887,0,0.0,0.0,2.1319622277855887,0,0.0,0.0,1.832812721657088,0,0.0,0.0,4.105923174275824,0,0.0,0.0,38.301456763796324
2023-09-08,19.61,-0.015562248995984018,False,1.0,-0.015562248995984018,5.94512657268455,0,0.0,-0.0,19.26316836489613,0,0.0,-0.0,34.97816184909962,0,0.0,-0.0,2.1319622277855887,0,0.0,-0.0,2.1319622277855887,0,0.0,-0.0,1.832812721657088,0,0.0,-0.0,4.105923174275824,0,0.0,-0.0,38.301456763796324
2023-09-09,19.44,-0.008669046404895409,False,1.0,-0.008669046404895409,5.893587994542971,0,0.0,-0.0,19.26316836489613,0,0.0,-0.0,34.97816184909962,0,0.0,-0.0,2.1319622277855887,0,0.0,-0.0,2.1319622277855887,0,0.0,-0.0,1.832812721657088,0,0.0,-0.0,4.105923174275824,0,0.0,-0.0,38.301456763796324
2023-09-10,18.24,-0.06172839506172856,False,1.0,-0.06172839506172856,5.529786266484762,0,0.0,-0.0,19.26316836489613,0,0.0,-0.0,34.97816184909962,0,0.0,-0.0,2.1319622277855887,0,0.0,-0.0,2.1319622277855887,0,0.0,-0.0,1.832812721657088,0,0.0,-0.0,4.105923174275824,0,0.0,-0.0,38.301456763796324
2023-09-11,17.72,-0.028508771929824595,False,1.0,-0.028508771929824595,5.372138850992871,0,0.0,-0.0,19.26316836489613,0,0.0,-0.0,34.97816184909962,0,0.0,-0.0,2.1319622277855887,0,0.0,-0.0,2.1319622277855887,0,0.0,-0.0,1.832812721657088,0,0.0,-0.0,4.105923174275824,0,0.0,-0.0,38.301456763796324
2023-09-12,17.92,0.011286681715575675,False,1.0,0.011286681715575675,5.432772472335906,0,0.0,0.0,19.26316836489613,0,0.0,0.0,34.97816184909962,0,0.0,0.0,2.1319622277855887,0,0.0,0.0,2.1319622277855887,0,0.0,0.0,1.832812721657088,0,0.0,0.0,4.105923174275824,0,0.0,0.0,38.301456763796324
2023-09-13,18.4,0.02678571428571419,False,1.0,0.02678571428571419,5.578293163559189,0,0.0,0.0,19.26316836489613,0,0.0,0.0,34.97816184909962,0,0.0,0.0,2.1319622277855887,0,0.0,0.0,2.1319622277855887,0,0.0,0.0,1.832812721657088,0,0.0,0.0,4.105923174275824,0,0.0,0.0,38.301456763796324
2023-09-14,18.85,0.0244565217391306,False,1.0,0.0244565217391306,5.714718811581018,0,0.0,0.0,19.26316836489613,0,0.0,0.0,34.97816184909962,0,0.0,0.0,2.1319622277855887,0,0.0,0.0,2.1319622277855887,0,0.0,0.0,1.832812721657088,0,0.0,0.0,4.105923174275824,0,0.0,0.0,38.301456763796324
2023-09-15,19.14,0.01538461538461533,False,1.0,0.01538461538461533,5.8026375625284174,0,0.0,0.0,19.26316836489613,0,0.0,0.0,34.97816184909962,0,0.0,0.0,2.1319622277855887,0,0.0,0.0,2.1319622277855887,0,0.0,0.0,1.832812721657088,0,0.0,0.0,4.105923174275824,0,0.0,0.0,38.301456763796324
2023-09-16,19.12,-0.0010449320794148065,False,1.0,-0.0010449320794148065,5.796574200394114,0,0.0,-0.0,19.26316836489613,0,0.0,-0.0,34.97816184909962,0,0.0,-0.0,2.1319622277855887,0,0.0,-0.0,2.1319622277855887,0,0.0,-0.0,1.832812721657088,0,0.0,-0.0,4.105923174275824,0,0.0,-0.0,38.301456763796324
2023-09-17,18.81,-0.016213389121339072,False,1.0,-0.016213389121339072,5.70259208731241,0,0.0,-0.0,19.26316836489613,0,0.0,-0.0,34.97816184909962,0,0.0,-0.0,2.1319622277855887,0,0.0,-0.0,2.1319622277855887,0,0.0,-0.0,1.832812721657088,0,0.0,-0.0,4.105923174275824,0,0.0,-0.0,38.301456763796324
2023-09-18,19.64,0.0441254651780969,False,1.0,0.0441254651780969,5.954221615886005,0,0.0,0.0,19.26316836489613,0,0.0,0.0,34.97816184909962,0,0.0,0.0,2.1319622277855887,0,0.0,0.0,2.1319622277855887,0,0.0,0.0,1.832812721657088,0,0.0,0.0,4.105923174275824,0,0.0,0.0,38.301456763796324
2023-09-19,20.03,0.01985743380855398,False,1.0,0.01985743380855398,6.072457177504923,0,0.0,0.0,19.26316836489613,0,0.0,0.0,34.97816184909962,0,0.0,0.0,2.1319622277855887,0,0.0,0.0,2.1319622277855887,0,0.0,0.0,1.832812721657088,0,0.0,0.0,4.105923174275824,0,0.0,0.0,38.301456763796324
2023-09-20,20.29,0.012980529206190639,True,1.0,0.012980529206190639,6.151280885250867,0,0.0,0.0,19.26316836489613,0,0.0,0.0,34.97816184909962,0,0.0,0.0,2.1319622277855887,0,0.0,0.0,2.1319622277855887,0,0.0,0.0,1.832812721657088,0,0.0,0.0,4.105923174275824,0,0.0,0.0,38.301456763796324
2023-09-21,19.46,-0.04090685066535227,True,1.0,-0.04090685066535227,5.899651356677274,0,0.0,-0.0,19.26316836489613,0,0.0,-0.0,34.97816184909962,0,0.0,-0.0,2.1319622277855887,0,0.0,-0.0,2.1319622277855887,0,0.0,-0.0,1.832812721657088,0,0.0,-0.0,4.105923174275824,0,0.0,-0.0,38.301456763796324
2023-09-22,19.43,-0.0015416238437822027,False,1.0,-0.0015416238437822027,5.890556313475818,0,0.0,-0.0,19.26316836489613,0,0.0,-0.0,34.97816184909962,0,0.0,-0.0,2.1319622277855887,0,0.0,-0.0,2.1319622277855887,0,0.0,-0.0,1.832812721657088,0,0.0,-0.0,4.105923174275824,0,0.0,-0.0,38.301456763796324
2023-09-23,19.49,0.0030880082346884663,False,1.0,0.0030880082346884663,5.908746399878727,0,0.0,0.0,19.26316836489613,0,0.0,0.0,34.97816184909962,0,0.0,0.0,2.1319622277855887,0,0.0,0.0,2.1319622277855887,0,0.0,0.0,1.832812721657088,0,0.0,0.0,4.105923174275824,0,0.0,0.0,38.301456763796324
2023-09-24,19.36,-0.006670087224217469,False,1.0,-0.006670087224217469,5.8693345460057555,0,0.0,-0.0,19.26316836489613,0,0.0,-0.0,34.97816184909962,0,0.0,-0.0,2.1319622277855887,0,0.0,-0.0,2.1319622277855887,0,0.0,-0.0,1.832812721657088,0,0.0,-0.0,4.105923174275824,0,0.0,-0.0,38.301456763796324
2023-09-25,19.39,0.0015495867768595684,False,1.0,0.0015495867768595684,5.878429589207211,0,0.0,0.0,19.26316836489613,0,0.0,0.0,34.97816184909962,0,0.0,0.0,2.1319622277855887,0,0.0,0.0,2.1319622277855887,0,0.0,0.0,1.832812721657088,0,0.0,0.0,4.105923174275824,0,0.0,0.0,38.301456763796324
2023-09-26,19.03,-0.018566271273852464,False,1.0,-0.018566271273852464,5.769289070789749,0,0.0,-0.0,19.26316836489613,0,0.0,-0.0,34.97816184909962,0,0.0,-0.0,2.1319622277855887,0,0.0,-0.0,2.1319622277855887,0,0.0,-0.0,1.832812721657088,0,0.0,-0.0,4.105923174275824,0,0.0,-0.0,38.301456763796324
2023-09-27,19.14,0.005780346820809301,False,1.0,0.005780346820809301,5.802637562528418,0,0.0,0.0,19.26316836489613,0,0.0,0.0,34.97816184909962,0,0.0,0.0,2.1319622277855887,0,0.0,0.0,2.1319622277855887,0,0.0,0.0,1.832812721657088,0,0.0,0.0,4.105923174275824,0,0.0,0.0,38.301456763796324
2023-09-28,19.96,0.0428422152560084,True,1.0,0.0428422152560084,6.05123541003486,0,0.0,0.0,19.26316836489613,0,0.0,0.0,34.97816184909962,0,0.0,0.0,2.1319622277855887,0,0.0,0.0,2.1319622277855887,0,0.0,0.0,1.832812721657088,0,0.0,0.0,4.105923174275824,0,0.0,0.0,38.301456763796324
2023-09-29,20.28,0.01603206412825653,True,1.0,0.01603206412825653,6.148249204183716,0,0.0,0.0,19.26316836489613,0,0.0,0.0,34.97816184909962,0,0.0,0.0,2.1319622277855887,0,0.0,0.0,2.1319622277855887,0,0.0,0.0,1.832812721657088,0,0.0,0.0,4.105923174275824,0,0.0,0.0,38.301456763796324
2023-09-30,21.37,0.05374753451676528,True,1.0,0.05374753451676528,6.478702440503255,0,0.0,0.0,19.26316836489613,0,0.0,0.0,34.97816184909962,0,0.0,0.0,2.1319622277855887,0,0.0,0.0,2.1319622277855887,0,0.0,0.0,1.832812721657088,0,0.0,0.0,4.105923174275824,0,0.0,0.0,38.301456763796324
2023-10-01,23.87,0.11698642957416938,True,1.0,0.11698642957416938,7.236622707291189,0,0.0,0.0,19.26316836489613,0,0.0,0.0,34.97816184909962,0,0.0,0.0,2.1319622277855887,0,0.0,0.0,2.1319622277855887,0,0.0,0.0,1.832812721657088,0,0.0,0.0,4.105923174275824,0,0.0,0.0,38.301456763796324
2023-10-02,23.37,-0.020946795140343477,True,1.0,-0.020946795140343477,7.085038653933602,0,0.0,-0.0,19.26316836489613,0,0.0,-0.0,34.97816184909962,0,0.0,-0.0,2.1319622277855887,0,0.0,-0.0,2.1319622277855887,0,0.0,-0.0,1.832812721657088,0,0.0,-0.0,4.105923174275824,0,0.0,-0.0,38.301456763796324
2023-10-03,23.6,0.009841677364142098,True,1.0,0.009841677364142098,7.154767318478092,0,0.0,0.0,19.26316836489613,0,0.0,0.0,34.97816184909962,0,0.0,0.0,2.1319622277855887,0,0.0,0.0,2.1319622277855887,0,0.0,0.0,1.832812721657088,0,0.0,0.0,4.105923174275824,0,0.0,0.0,38.301456763796324
2023-10-04,23.13,-0.019915254237288238,True,1.0,-0.019915254237288238,7.01227830832196,0,0.0,-0.0,19.26316836489613,0,0.0,-0.0,34.97816184909962,0,0.0,-0.0,2.1319622277855887,0,0.0,-0.0,2.1319622277855887,0,0.0,-0.0,1.832812721657088,0,0.0,-0.0,4.105923174275824,0,0.0,-0.0,38.301456763796324
2023-10-05,22.7,-0.018590575010808408,True,1.0,-0.018590575010808408,6.881916022434436,0,0.0,-0.0,19.26316836489613,0,0.0,-0.0,34.97816184909962,0,0.0,-0.0,2.1319622277855887,0,0.0,-0.0,2.1319622277855887,0,0.0,-0.0,1.832812721657088,0,0.0,-0.0,4.105923174275824,0,0.0,-0.0,38.301456763796324
2023-10-06,23.41,0.03127753303964753,True,1.0,0.03127753303964753,7.097165378202209,0,0.0,0.0,19.26316836489613,0,0.0,0.0,34.97816184909962,0,0.0,0.0,2.1319622277855887,0,0.0,0.0,2.1319622277855887,0,0.0,0.0,1.832812721657088,0,0.0,0.0,4.105923174275824,0,0.0,0.0,38.301456763796324
2023-10-07,23.3,-0.004698846646732147,True,1.0,-0.004698846646732147,7.06381688646354,0,0.0,-0.0,19.26316836489613,0,0.0,-0.0,34.97816184909962,0,0.0,-0.0,2.1319622277855887,0,0.0,-0.0,2.1319622277855887,0,0.0,-0.0,1.832812721657088,0,0.0,-0.0,4.105923174275824,0,0.0,-0.0,38.301456763796324
2023-10-08,23.22,-0.0034334763948498104,True,1.0,-0.0034334763948498104,7.039563437926326,0,0.0,-0.0,19.26316836489613,0,0.0,-0.0,34.97816184909962,0,0.0,-0.0,2.1319622277855887,0,0.0,-0.0,2.1319622277855887,0,0.0,-0.0,1.832812721657088,0,0.0,-0.0,4.105923174275824,0,0.0,-0.0,38.301456763796324
2023-10-09,22.1,-0.0482342807924202,True,1.0,-0.0482342807924202,6.700015158405332,0,0.0,-0.0,19.26316836489613,0,0.0,-0.0,34.97816184909962,0,0.0,-0.0,2.1319622277855887,0,0.0,-0.0,2.1319622277855887,0,0.0,-0.0,1.832812721657088,0,0.0,-0.0,4.105923174275824,0,0.0,-0.0,38.301456763796324
2023-10-10,22.11,0.0004524886877828038,True,1.0,0.0004524886877828038,6.703046839472484,0,0.0,0.0,19.26316836489613,0,0.0,0.0,34.97816184909962,0,0.0,0.0,2.1319622277855887,0,0.0,0.0,2.1319622277855887,0,0.0,0.0,1.832812721657088,0,0.0,0.0,4.105923174275824,0,0.0,0.0,38.301456763796324
2023-10-11,22.01,-0.0045228403437357345,True,1.0,-0.0045228403437357345,6.672730028800967,0,0.0,-0.0,19.26316836489613,0,0.0,-0.0,34.97816184909962,0,0.0,-0.0,2.1319622277855887,0,0.0,-0.0,2.1319622277855887,0,0.0,-0.0,1.832812721657088,0,0.0,-0.0,4.105923174275824,0,0.0,-0.0,38.301456763796324
2023-10-12,21.28,-0.03316674238982287,True,1.0,-0.03316674238982287,6.451417310898891,0,0.0,-0.0,19.26316836489613,0,0.0,-0.0,34.97816184909962,0,0.0,-0.0,2.1319622277855887,0,0.0,-0.0,2.1319622277855887,0,0.0,-0.0,1.832812721657088,0,0.0,-0.0,4.105923174275824,0,0.0,-0.0,38.301456763796324
2023-10-13,21.84,0.02631578947368407,True,1.0,0.02631578947368407,6.621191450659387,0,0.0,0.0,19.26316836489613,0,0.0,0.0,34.97816184909962,0,0.0,0.0,2.1319622277855887,0,0.0,0.0,2.1319622277855887,0,0.0,0.0,1.832812721657088,0,0.0,0.0,4.105923174275824,0,0.0,0.0,38.301456763796324
2023-10-14,22.0,0.0073260073260073,True,1.0,0.0073260073260073,6.6696983477338145,0,0.0,0.0,19.26316836489613,0,0.0,0.0,34.97816184909962,0,0.0,0.0,2.1319622277855887,0,0.0,0.0,2.1319622277855887,0,0.0,0.0,1.832812721657088,0,0.0,0.0,4.105923174275824,0,0.0,0.0,38.301456763796324
2023-10-15,21.93,-0.0031818181818181746,True,1.0,-0.0031818181818181746,6.648476580263752,0,0.0,-0.0,19.26316836489613,0,0.0,-0.0,34.97816184909962,0,0.0,-0.0,2.1319622277855887,0,0.0,-0.0,2.1319622277855887,0,0.0,-0.0,1.832812721657088,0,0.0,-0.0,4.105923174275824,0,0.0,-0.0,38.301456763796324
2023-10-16,23.95,0.09211126310989504,True,1.0,0.09211126310989504,7.260876155828402,0,0.0,0.0,19.26316836489613,0,0.0,0.0,34.97816184909962,0,0.0,0.0,2.1319622277855887,0,0.0,0.0,2.1319622277855887,0,0.0,0.0,1.832812721657088,0,0.0,0.0,4.105923174275824,0,0.0,0.0,38.301456763796324
2023-10-17,23.93,-0.0008350730688935215,True,1.0,-0.0008350730688935215,7.254812793694099,0,0.0,-0.0,19.26316836489613,0,0.0,-0.0,34.97816184909962,0,0.0,-0.0,2.1319622277855887,0,0.0,-0.0,2.1319622277855887,0,0.0,-0.0,1.832812721657088,0,0.0,-0.0,4.105923174275824,0,0.0,-0.0,38.301456763796324
2023-10-18,23.42,-0.021312160468031638,True,1.0,-0.021312160468031638,7.1001970592693615,0,0.0,-0.0,19.26316836489613,0,0.0,-0.0,34.97816184909962,0,0.0,-0.0,2.1319622277855887,0,0.0,-0.0,2.1319622277855887,0,0.0,-0.0,1.832812721657088,0,0.0,-0.0,4.105923174275824,0,0.0,-0.0,38.301456763796324
2023-10-19,24.93,0.0644748078565327,True,1.0,0.0644748078565327,7.557980900409272,0,0.0,0.0,19.26316836489613,0,0.0,0.0,34.97816184909962,0,0.0,0.0,2.1319622277855887,0,0.0,0.0,2.1319622277855887,0,0.0,0.0,1.832812721657088,0,0.0,0.0,4.105923174275824,0,0.0,0.0,38.301456763796324
2023-10-20,27.03,0.08423586040914577,True,1.0,0.08423586040914577,8.194633924511137,0,0.0,0.0,19.26316836489613,0,0.0,0.0,34.97816184909962,0,0.0,0.0,2.1319622277855887,0,0.0,0.0,2.1319622277855887,0,0.0,0.0,1.832812721657088,0,0.0,0.0,4.105923174275824,0,0.0,0.0,38.301456763796324
2023-10-21,29.32,0.08472068072512018,True,1.0,0.08472068072512018,8.888888888888884,0,0.0,0.0,19.26316836489613,0,0.0,0.0,34.97816184909962,0,0.0,0.0,2.1319622277855887,0,0.0,0.0,2.1319622277855887,0,0.0,0.0,1.832812721657088,0,0.0,0.0,4.105923174275824,0,0.0,0.0,38.301456763796324
2023-10-22,29.05,-0.009208731241473367,True,1.0,-0.009208731241473367,8.807033500075788,0,0.0,-0.0,19.26316836489613,0,0.0,-0.0,34.97816184909962,0,0.0,-0.0,2.1319622277855887,0,0.0,-0.0,2.1319622277855887,0,0.0,-0.0,1.832812721657088,0,0.0,-0.0,4.105923174275824,0,0.0,-0.0,38.301456763796324
2023-10-23,31.88,0.09741824440619617,True,1.0,0.09741824440619617,9.664999242079729,0,0.0,0.0,19.26316836489613,0,0.0,0.0,34.97816184909962,0,0.0,0.0,2.1319622277855887,0,0.0,0.0,2.1319622277855887,0,0.0,0.0,1.832812721657088,0,0.0,0.0,4.105923174275824,0,0.0,0.0,38.301456763796324
2023-10-24,30.17,-0.053638644918444056,True,1.0,-0.053638644918444056,9.146581779596783,0,0.0,-0.0,19.26316836489613,0,0.0,-0.0,34.97816184909962,0,0.0,-0.0,2.1319622277855887,0,0.0,-0.0,2.1319622277855887,0,0.0,-0.0,1.832812721657088,0,0.0,-0.0,4.105923174275824,0,0.0,-0.0,38.301456763796324
2023-10-25,32.44,0.07524030493868072,True,1.0,0.07524030493868072,9.834773381840225,0,0.0,0.0,19.26316836489613,0,0.0,0.0,34.97816184909962,0,0.0,0.0,2.1319622277855887,0,0.0,0.0,2.1319622277855887,0,0.0,0.0,1.832812721657088,0,0.0,0.0,4.105923174275824,0,0.0,0.0,38.301456763796324
2023-10-26,32.77,0.01017262638717642,True,1.0,0.01017262638717642,9.934818857056234,0,0.0,0.0,19.26316836489613,0,0.0,0.0,34.97816184909962,0,0.0,0.0,2.1319622277855887,0,0.0,0.0,2.1319622277855887,0,0.0,0.0,1.832812721657088,0,0.0,0.0,4.105923174275824,0,0.0,0.0,38.301456763796324
2023-10-27,31.73,-0.031736344217272006,True,1.0,-0.031736344217272006,9.619524026072453,0,0.0,-0.0,19.26316836489613,0,0.0,-0.0,34.97816184909962,0,0.0,-0.0,2.1319622277855887,0,0.0,-0.0,2.1319622277855887,0,0.0,-0.0,1.832812721657088,0,0.0,-0.0,4.105923174275824,0,0.0,-0.0,38.301456763796324
2023-10-28,31.63,-0.0031515915537346784,True,1.0,-0.0031515915537346784,9.589207215400934,0,0.0,-0.0,19.26316836489613,0,0.0,-0.0,34.97816184909962,0,0.0,-0.0,2.1319622277855887,0,0.0,-0.0,2.1319622277855887,0,0.0,-0.0,1.832812721657088,0,0.0,-0.0,4.105923174275824,0,0.0,-0.0,38.301456763796324
2023-10-29,32.83,0.03793866582358518,True,1.0,0.03793866582358518,9.953008943459142,0,0.0,0.0,19.26316836489613,0,0.0,0.0,34.97816184909962,0,0.0,0.0,2.1319622277855887,0,0.0,0.0,2.1319622277855887,0,0.0,0.0,1.832812721657088,0,0.0,0.0,4.105923174275824,0,0.0,0.0,38.301456763796324
2023-10-30,34.94,0.06427048431312832,True,1.0,0.06427048431312832,10.59269364862816,0,0.0,0.0,19.26316836489613,0,0.0,0.0,34.97816184909962,0,0.0,0.0,2.1319622277855887,0,0.0,0.0,2.1319622277855887,0,0.0,0.0,1.832812721657088,0,0.0,0.0,4.105923174275824,0,0.0,0.0,38.301456763796324
2023-10-31,38.4,0.09902690326273622,True,1.0,0.09902690326273622,11.64165529786266,0,0.0,0.0,19.26316836489613,0,0.0,0.0,34.97816184909962,0,0.0,0.0,2.1319622277855887,0,0.0,0.0,2.1319622277855887,0,0.0,0.0,1.832812721657088,0,0.0,0.0,4.105923174275824,0,0.0,0.0,38.301456763796324
2023-11-01,41.15,0.07161458333333326,True,1.0,0.07161458333333326,12.475367591329388,0,0.0,0.0,19.26316836489613,0,0.0,0.0,34.97816184909962,0,0.0,0.0,2.1319622277855887,0,0.0,0.0,2.1319622277855887,0,0.0,0.0,1.832812721657088,0,0.0,0.0,4.105923174275824,0,0.0,0.0,38.301456763796324
2023-11-02,40.23,-0.02235722964763065,True,1.0,-0.02235722964763065,12.196452933151427,0,0.0,-0.0,19.26316836489613,0,0.0,-0.0,34.97816184909962,0,0.0,-0.0,2.1319622277855887,0,0.0,-0.0,2.1319622277855887,0,0.0,-0.0,1.832812721657088,0,0.0,-0.0,4.105923174275824,0,0.0,-0.0,38.301456763796324
2023-11-03,39.45,-0.01938851603281122,True,1.0,-0.01938851603281122,11.959981809913593,0,0.0,-0.0,19.26316836489613,0,0.0,-0.0,34.97816184909962,0,0.0,-0.0,2.1319622277855887,0,0.0,-0.0,2.1319622277855887,0,0.0,-0.0,1.832812721657088,0,0.0,-0.0,4.105923174275824,0,0.0,-0.0,38.301456763796324
2023-11-04,42.41,0.07503168567807328,True,1.0,0.07503168567807328,12.857359405790504,0,0.0,0.0,19.26316836489613,0,0.0,0.0,34.97816184909962,0,0.0,0.0,2.1319622277855887,0,0.0,0.0,2.1319622277855887,0,0.0,0.0,1.832812721657088,0,0.0,0.0,4.105923174275824,0,0.0,0.0,38.301456763796324
2023-11-05,41.15,-0.029709974062721023,True,1.0,-0.029709974062721023,12.475367591329386,0,0.0,-0.0,19.26316836489613,0,0.0,-0.0,34.97816184909962,0,0.0,-0.0,2.1319622277855887,0,0.0,-0.0,2.1319622277855887,0,0.0,-0.0,1.832812721657088,0,0.0,-0.0,4.105923174275824,0,0.0,-0.0,38.301456763796324
2023-11-06,42.16,0.02454434993924659,True,1.0,0.02454434993924659,12.78156737911171,0,0.0,0.0,19.26316836489613,0,0.0,0.0,34.97816184909962,0,0.0,0.0,2.1319622277855887,0,0.0,0.0,2.1319622277855887,0,0.0,0.0,1.832812721657088,0,0.0,0.0,4.105923174275824,0,0.0,0.0,38.301456763796324
2023-11-07,42.93,0.018263757115749568,True,1.0,0.018263757115749568,13.015006821282395,0,0.0,0.0,19.26316836489613,0,0.0,0.0,34.97816184909962,0,0.0,0.0,2.1319622277855887,0,0.0,0.0,2.1319622277855887,0,0.0,0.0,1.832812721657088,0,0.0,0.0,4.105923174275824,0,0.0,0.0,38.301456763796324
2023-11-08,43.13,0.004658746797111535,True,1.0,0.004658746797111535,13.07564044262543,0,0.0,0.0,19.26316836489613,0,0.0,0.0,34.97816184909962,0,0.0,0.0,2.1319622277855887,0,0.0,0.0,2.1319622277855887,0,0.0,0.0,1.832812721657088,0,0.0,0.0,4.105923174275824,0,0.0,0.0,38.301456763796324
2023-11-09,45.29,0.050081150011592745,True,1.0,0.050081150011592745,13.730483553130203,0,0.0,0.0,19.26316836489613,0,0.0,0.0,34.97816184909962,0,0.0,0.0,2.1319622277855887,0,0.0,0.0,2.1319622277855887,0,0.0,0.0,1.832812721657088,0,0.0,0.0,4.105923174275824,0,0.0,0.0,38.301456763796324
2023-11-10,56.67,0.25126959593729303,True,1.0,0.25126959593729303,17.180536607548877,0,0.0,0.0,19.26316836489613,1,0.0,0.0,34.97816184909962,0,0.0,0.0,2.1319622277855887,0,0.0,0.0,2.1319622277855887,0,0.0,0.0,1.832812721657088,0,0.0,0.0,4.105923174275824,0,0.0,0.0,38.301456763796324
2023-11-11,56.34,-0.0058231868713605195,True,1.0,-0.0058231868713605195,17.08049113233287,0,0.0,-0.0,19.26316836489613,0,1.0,-0.0068231868713605195,34.73949931438652,0,0.0,-0.0,2.1319622277855887,0,0.0,-0.0,2.1319622277855887,0,0.0,-0.0,1.832812721657088,0,0.0,-0.0,4.105923174275824,0,0.0,-0.0,38.301456763796324
2023-11-12,56.28,-0.0010649627263046302,True,1.0,-0.0010649627263046302,17.06230104592996,0,0.0,-0.0,19.26316836489613,0,1.0,-0.0010649627263046302,34.702503042486214,0,0.0,-0.0,2.1319622277855887,0,0.0,-0.0,2.1319622277855887,0,0.0,-0.0,1.832812721657088,0,0.0,-0.0,4.105923174275824,0,0.0,-0.0,38.301456763796324
2023-11-13,51.6,-0.08315565031982941,True,1.0,-0.08315565031982941,15.643474306502949,0,0.0,-0.0,19.26316836489613,0,1.0,-0.08315565031982941,31.816793834262413,0,0.0,-0.0,2.1319622277855887,0,0.0,-0.0,2.1319622277855887,0,0.0,-0.0,1.832812721657088,0,0.0,-0.0,4.105923174275824,0,0.0,-0.0,38.301456763796324
2023-11-14,56.81,0.1009689922480621,True,1.0,0.1009689922480621,17.222980142489003,0,0.0,0.0,19.26316836489613,0,1.0,0.1009689922480621,35.029303444272244,0,0.0,0.0,2.1319622277855887,0,0.0,0.0,2.1319622277855887,0,0.0,0.0,1.832812721657088,0,0.0,0.0,4.105923174275824,0,0.0,0.0,38.301456763796324
2023-11-15,65.43,0.15173384967435322,True,1.0,0.15173384967435322,19.8362892223738,0,0.0,0.0,19.26316836489613,1,1.0,0.15173384967435322,40.344434507282756,1,0.0,0.0,2.1319622277855887,0,0.0,0.0,2.1319622277855887,1,0.0,0.0,1.832812721657088,0,0.0,0.0,4.105923174275824,1,0.0,0.0,38.301456763796324
2023-11-16,57.8,-0.11661317438483887,True,1.0,-0.11661317438483887,17.523116568137024,0,0.0,-0.0,19.26316836489613,0,1.0,-0.11661317438483887,35.63974193062728,0,1.0,-0.11761317438483887,1.8812153825071527,0,0.0,-0.0,2.1319622277855887,0,1.0,-0.11761317438483887,1.6172497994100818,0,0.0,-0.0,4.105923174275824,0,1.0,-0.11761317438483887,33.79670085024258
2023-11-17,58.51,0.012283737024221475,True,1.0,0.012283737024221475,17.738365923904798,0,0.0,0.0,19.26316836489613,0,1.0,0.012283737024221475,36.077531148114225,0,1.0,0.012283737024221475,1.9043237375517907,0,0.0,0.0,2.1319622277855887,0,1.0,0.012283737024221475,1.6371156706485102,0,0.0,0.0,4.105923174275824,0,1.0,0.012283737024221475,34.21185063577324
2023-11-18,58.56,0.0008545547769611694,True,1.0,0.0008545547769611694,17.753524329240555,0,0.0,0.0,19.26316836489613,0,1.0,0.0008545547769611694,36.108361374697814,0,1.0,0.0008545547769611694,1.9059510864985962,0,0.0,0.0,2.1319622277855887,0,1.0,0.0008545547769611694,1.6385146756653008,0,0.0,0.0,4.105923174275824,0,1.0,0.0008545547769611694,34.24108653616272
2023-11-19,61.1,0.0433743169398908,True,1.0,0.0433743169398908,18.523571320297098,0,0.0,0.0,19.26316836489613,0,1.0,0.0433743169398908,37.67453688514407,0,1.0,0.0433743169398908,1.9886204129963156,0,0.0,0.0,2.1319622277855887,0,1.0,0.0433743169398908,1.70958413051827,0,0.0,0.0,4.105923174275824,0,1.0,0.0433743169398908,35.726270275948465
2023-11-20,56.57,-0.07414075286415711,True,1.0,-0.07414075286415711,17.150219796877362,0,0.0,-0.0,19.26316836489613,0,1.0,-0.07414075286415711,34.88131835667103,0,1.0,-0.07414075286415711,1.8411825984157377,0,0.0,-0.0,2.1319622277855887,0,1.0,-0.07414075286415711,1.58283427599703,0,0.0,-0.0,4.105923174275824,0,1.0,-0.07414075286415711,33.07749770066129
2023-11-21,51.65,-0.08697189322962706,True,1.0,-0.08697189322962706,15.658632711838708,0,0.0,-0.0,19.26316836489613,0,1.0,-0.08697189322962706,31.84762406084601,0,1.0,-0.08697189322962706,1.681051462050077,0,0.0,-0.0,2.1319622277855887,0,1.0,-0.08697189322962706,1.4451721823448223,0,0.0,-0.0,4.105923174275824,0,1.0,-0.08697189322962706,30.20068510233614
2023-11-22,57.56,0.11442400774443384,True,1.0,0.11442400774443384,17.450356222525386,0,0.0,0.0,19.26316836489613,0,1.0,0.11442400774443384,35.49175684302607,0,1.0,0.11442400774443384,1.8734041075624868,0,0.0,0.0,2.1319622277855887,0,1.0,0.11442400774443384,1.6105345753294866,0,0.0,0.0,4.105923174275824,0,1.0,0.11442400774443384,33.65636852837306
2023-11-23,56.51,-0.01824183460736628,True,1.0,-0.01824183460736628,17.132029710474452,0,0.0,-0.0,19.26316836489613,0,1.0,-0.01824183460736628,34.844322084770724,0,1.0,-0.01824183460736628,1.8392297796795714,0,0.0,-0.0,2.1319622277855887,0,1.0,-0.01824183460736628,1.5811554699768813,0,0.0,-0.0,4.105923174275824,0,1.0,-0.01824183460736628,33.04241462019391
2023-11-24,56.86,0.006193594054149765,True,1.0,0.006193594054149765,17.238138547824764,0,0.0,0.0,19.26316836489613,0,1.0,0.006193594054149765,35.06013367085584,0,1.0,0.006193594054149765,1.8506212223072098,0,0.0,0.0,2.1319622277855887,0,1.0,0.006193594054149765,1.5909485050944165,0,0.0,0.0,4.105923174275824,0,1.0,0.006193594054149765,33.24706592292029
2023-11-25,58.82,0.03447062961660219,True,1.0,0.03447062961660219,17.832348036986506,0,0.0,0.0,19.26316836489613,0,1.0,0.03447062961660219,36.26867855293248,0,1.0,0.03447062961660219,1.9144133010219853,0,0.0,0.0,2.1319622277855887,0,1.0,0.03447062961660219,1.6457895017526132,0,0.0,0.0,4.105923174275824,0,1.0,0.03447062961660219,34.393113218188034
2023-11-26,57.57,-0.021251275076504594,True,1.0,-0.021251275076504594,17.45338790359254,0,0.0,-0.0,19.26316836489613,0,1.0,-0.021251275076504594,35.497922888342785,0,1.0,-0.021251275076504594,1.8737295773518479,0,0.0,-0.0,2.1319622277855887,0,1.0,-0.021251275076504594,1.6108143763328449,0,0.0,-0.0,4.105923174275824,0,1.0,-0.021251275076504594,33.66221570845095
2023-11-27,55.06,-0.04359909675178042,True,1.0,-0.04359909675178042,16.692435955737455,0,0.0,-0.0,19.26316836489613,0,1.0,-0.04359909675178042,33.95024551384669,0,1.0,-0.04359909675178042,1.792036660222212,0,0.0,-0.0,2.1319622277855887,0,1.0,-0.04359909675178042,1.5405843244899504,0,0.0,-0.0,4.105923174275824,0,1.0,-0.04359909675178042,32.1945735088989
2023-11-28,58.18,0.05666545586632754,True,1.0,0.05666545586632754,17.638320448688795,0,0.0,0.0,19.26316836489613,0,1.0,0.05666545586632754,35.87405165266255,0,1.0,0.05666545586632754,1.8935832345028747,0,0.0,0.0,2.1319622277855887,0,1.0,0.05666545586632754,1.6278822375376918,0,0.0,0.0,4.105923174275824,0,1.0,0.05666545586632754,34.01889369320265
2023-11-29,59.31,0.01942248195256102,True,1.0,0.01942248195256102,17.98090040927694,0,0.0,0.0,19.26316836489613,0,1.0,0.01942248195256102,36.57081477345163,0,1.0,0.01942248195256102,1.930361320700679,0,0.0,0.0,2.1319622277855887,0,1.0,0.01942248195256102,1.6594997509171623,0,0.0,0.0,4.105923174275824,0,1.0,0.01942248195256102,34.67962504200497
2023-11-30,59.3,-0.00016860563142817586,True,1.0,-0.00016860563142817586,17.97786872820979,0,0.0,-0.0,19.26316836489613,0,1.0,-0.00016860563142817586,36.56464872813491,0,1.0,-0.00016860563142817586,1.9300358509113176,0,0.0,-0.0,2.1319622277855887,0,1.0,-0.00016860563142817586,1.659219949913804,0,0.0,-0.0,4.105923174275824,0,1.0,-0.00016860563142817586,34.67377786192707
2023-12-01,59.75,0.007588532883642474,True,1.0,0.007588532883642474,18.114294376231616,0,0.0,0.0,19.26316836489613,0,1.0,0.007588532883642474,36.8421207673872,0,1.0,0.007588532883642474,1.944681991432567,0,0.0,0.0,2.1319622277855887,0,1.0,0.007588532883642474,1.6718109950649205,0,0.0,0.0,4.105923174275824,0,1.0,0.007588532883642474,34.93690096543242
2023-12-02,63.66,0.06543933054393292,True,1.0,0.06543933054393292,19.299681673487942,0,0.0,0.0,19.26316836489613,0,1.0,0.06543933054393292,39.25304448622375,1,1.0,0.06543933054393292,2.0719406790727564,0,0.0,0.0,2.1319622277855887,0,1.0,0.06543933054393292,1.7812131873779553,0,0.0,0.0,4.105923174275824,0,1.0,0.06543933054393292,37.223148375890005
2023-12-03,62.98,-0.01068174677976752,True,1.0,-0.01068174677976752,19.093527360921623,0,0.0,-0.0,19.26316836489613,0,1.0,-0.01068174677976752,38.83375340468696,1,1.0,-0.01068174677976752,2.0498087333962016,0,0.0,-0.0,2.1319622277855887,0,1.0,-0.01068174677976752,1.7621867191496015,0,0.0,-0.0,4.105923174275824,0,1.0,-0.01068174677976752,36.82554013059303
2023-12-04,61.64,-0.02127659574468077,True,1.0,-0.02127659574468077,18.68728209792329,0,0.0,-0.0,19.26316836489613,0,1.0,-0.02127659574468077,38.00750333224681,1,1.0,-0.02127659574468077,2.0061957816218143,0,0.0,-0.0,2.1319622277855887,0,1.0,-0.02127659574468077,1.72469338469961,0,0.0,-0.0,4.105923174275824,0,1.0,-0.02127659574468077,36.04201800015489
2023-12-05,61.03,-0.009896171317326452,False,1.0,-0.009896171317326452,18.502349552827035,0,0.0,-0.0,19.26316836489613,0,1.0,-0.009896171317326452,37.63137456792704,0,1.0,-0.009896171317326452,1.9863421244707873,0,0.0,-0.0,2.1319622277855887,0,1.0,-0.009896171317326452,1.707625523494763,0,0.0,-0.0,4.105923174275824,0,1.0,-0.009896171317326452,35.68534001540319
2023-12-06,61.85,0.013436015074553609,True,1.0,0.013436015074553609,18.75094740033348,0,0.0,0.0,19.26316836489613,0,0.0,-0.001,37.59374319335911,1,1.0,0.013436015074553609,2.0130306471983976,0,0.0,0.0,2.1319622277855887,0,0.0,-0.001,1.7059178979712684,0,0.0,0.0,4.105923174275824,0,0.0,-0.001,35.64965467538779
2023-12-07,67.74,0.09523039611964412,True,1.0,0.09523039611964412,20.536607548885847,0,0.0,0.0,19.26316836489613,0,0.0,0.0,37.59374319335911,1,1.0,0.09523039611964412,2.204732353132085,0,0.0,0.0,2.1319622277855887,0,0.0,0.0,1.7059178979712684,0,0.0,0.0,4.105923174275824,0,0.0,0.0,35.64965467538779
2023-12-08,74.94,0.10628875110717462,True,1.0,0.10628875110717462,22.7194179172351,0,0.0,0.0,19.26316836489613,0,0.0,0.0,37.59374319335911,1,1.0,0.10628875110717462,2.439070601472076,1,0.0,0.0,2.1319622277855887,1,0.0,0.0,1.7059178979712684,0,0.0,0.0,4.105923174275824,0,0.0,0.0,35.64965467538779
2023-12-09,72.3,-0.03522818254603688,True,1.0,-0.03522818254603688,21.919054115507038,0,0.0,-0.0,19.26316836489613,0,0.0,-0.0,37.59374319335911,1,1.0,-0.03522818254603688,2.353146577080746,0,1.0,-0.03622818254603688,2.054725111016117,1,1.0,-0.03622818254603688,1.6441155929550137,0,0.0,-0.0,4.105923174275824,0,0.0,-0.0,35.64965467538779
2023-12-10,74.87,0.035546334716459294,True,1.0,0.035546334716459294,22.698196149765035,0,0.0,0.0,19.26316836489613,0,0.0,0.0,37.59374319335911,1,1.0,0.035546334716459294,2.4367923129465487,0,1.0,0.035546334716459294,2.12776305756261,1,1.0,0.035546334716459294,1.7025578761347426,0,0.0,0.0,4.105923174275824,0,0.0,0.0,35.64965467538779
2023-12-11,70.25,-0.06170695872846277,True,1.0,-0.06170695872846277,21.29755949674093,0,0.0,-0.0,19.26316836489613,0,0.0,-0.0,37.59374319335911,1,1.0,-0.06170695872846277,2.286425270261721,0,1.0,-0.06170695872846277,1.9964652703856463,0,1.0,-0.06170695872846277,1.5974982075392767,0,0.0,-0.0,4.105923174275824,0,0.0,-0.0,35.64965467538779
2023-12-12,68.6,-0.023487544483985823,True,1.0,-0.023487544483985823,20.797332120660894,0,0.0,-0.0,19.26316836489613,0,0.0,-0.0,37.59374319335911,1,1.0,-0.023487544483985823,2.2327227550171393,0,1.0,-0.023487544483985823,1.9495732035367306,0,1.0,-0.023487544483985823,1.5599768973266104,0,0.0,-0.0,4.105923174275824,0,0.0,-0.0,35.64965467538779
2023-12-13,70.62,0.029446064139941885,True,1.0,0.029446064139941885,21.40973169622555,0,0.0,0.0,19.26316836489613,0,0.0,0.0,37.59374319335911,1,1.0,0.029446064139941885,2.298467652468082,0,1.0,0.029446064139941885,2.006980461133585,0,1.0,0.029446064139941885,1.6059120771021174,0,0.0,0.0,4.105923174275824,0,0.0,0.0,35.64965467538779
2023-12-14,75.68,0.07165109034267925,True,1.0,0.07165109034267925,22.943762316204328,0,0.0,0.0,19.26316836489613,0,0.0,0.0,37.59374319335911,1,1.0,0.07165109034267925,2.4631553658847984,0,1.0,0.07165109034267925,2.1507827994702597,1,1.0,0.07165109034267925,1.720977428420961,0,0.0,0.0,4.105923174275824,0,0.0,0.0,35.64965467538779
2023-12-15,72.51,-0.041886892177589896,True,1.0,-0.041886892177589896,21.982719417917227,0,0.0,-0.0,19.26316836489613,0,0.0,-0.0,37.59374319335911,1,1.0,-0.041886892177589896,2.35998144265733,0,1.0,-0.041886892177589896,2.060693192251434,1,1.0,-0.041886892177589896,1.6488910324366262,0,0.0,-0.0,4.105923174275824,0,0.0,-0.0,35.64965467538779
2023-12-16,73.72,0.016687353468487043,True,1.0,0.016687353468487043,22.349552827042587,0,0.0,0.0,19.26316836489613,0,0.0,0.0,37.59374319335911,1,1.0,0.016687353468487043,2.3993632871700226,0,1.0,0.016687353468487043,2.0950807079406384,1,1.0,0.016687353468487043,1.6764066599259146,0,0.0,0.0,4.105923174275824,0,0.0,0.0,35.64965467538779
2023-12-17,70.87,-0.03865979381443296,True,1.0,-0.03865979381443296,21.485523722904343,0,0.0,-0.0,19.26316836489613,0,0.0,-0.0,37.59374319335911,1,1.0,-0.03865979381443296,2.3066043972021095,0,1.0,-0.03865979381443296,2.014085319747057,0,1.0,-0.03865979381443296,1.6115971241040365,0,0.0,-0.0,4.105923174275824,0,0.0,-0.0,35.64965467538779
2023-12-18,74.42,0.050091717228728516,True,1.0,0.050091717228728516,22.561770501743204,0,0.0,0.0,19.26316836489613,0,0.0,0.0,37.59374319335911,1,1.0,0.050091717228728516,2.4221461724252995,0,1.0,0.050091717228728516,2.1149743120583597,1,1.0,0.050091717228728516,1.692324791531288,0,0.0,0.0,4.105923174275824,0,0.0,0.0,35.64965467538779
2023-12-19,73.0,-0.019080892233270697,True,1.0,-0.019080892233270697,22.131271790207656,0,0.0,-0.0,19.26316836489613,0,0.0,-0.0,37.59374319335911,1,1.0,-0.019080892233270697,2.3759294623360234,0,1.0,-0.019080892233270697,2.0746187151338384,1,1.0,-0.019080892233270697,1.6600337245603871,0,0.0,-0.0,4.105923174275824,0,0.0,-0.0,35.64965467538779
2023-12-20,82.21,0.12616438356164372,True,1.0,0.12616438356164372,24.9234500530544,0,0.0,0.0,19.26316836489613,0,0.0,0.0,37.59374319335911,1,1.0,0.12616438356164372,2.6756871383375955,1,1.0,0.12616438356164372,2.3363617064541486,1,1.0,0.12616438356164372,1.8694708561110878,0,0.0,0.0,4.105923174275824,0,0.0,0.0,35.64965467538779
2023-12-21,93.84,0.14146697482058146,True,1.0,0.14146697482058146,28.449295134151864,0,0.0,0.0,19.26316836489613,1,0.0,0.0,37.59374319335911,1,1.0,0.14146697482058146,3.0542085033645536,1,1.0,0.14146697482058146,2.6668797291528685,1,1.0,0.14146697482058146,2.133939242640366,0,0.0,0.0,4.105923174275824,1,0.0,0.0,35.64965467538779
2023-12-22,97.9,0.043265132139812534,True,1.0,0.043265132139812534,29.68015764741547,0,0.0,0.0,19.26316836489613,1,1.0,0.042265132139812533,39.182647717056604,1,1.0,0.043265132139812534,3.1863492378451603,1,1.0,0.043265132139812534,2.782262633035655,1,1.0,0.043265132139812534,2.226264405951533,0,0.0,0.0,4.105923174275824,1,1.0,0.042265132139812533,37.156392040981736
2023-12-23,107.88,0.10194075587334006,True,1.0,0.10194075587334006,32.705775352432894,0,0.0,0.0,19.26316836489613,1,1.0,0.10194075587334006,43.17695644245216,1,1.0,0.10194075587334006,3.511168087627537,1,1.0,0.10194075587334006,3.065888588885459,1,1.0,0.10194075587334006,2.4532114822681446,0,0.0,0.0,4.105923174275824,1,1.0,0.10194075587334006,40.94414273116557
2023-12-24,112.45,0.04236188357434201,True,1.0,0.04236188357434201,34.09125360012124,0,0.0,0.0,19.26316836489613,1,1.0,0.04236188357434201,45.00601364436175,1,1.0,0.04236188357434201,3.65990778136556,1,1.0,0.04236188357434201,3.195765404339728,1,1.0,0.04236188357434201,2.5571341414632265,0,0.0,0.0,4.105923174275824,1,1.0,0.04236188357434201,42.67861373859445
2023-12-25,120.91,0.075233437083148,True,1.0,0.075233437083148,36.6560557829316,0,0.0,0.0,19.26316836489613,1,1.0,0.075233437083148,48.39197074023814,1,1.0,0.075233437083148,3.9352552231650493,1,1.0,0.075233437083148,3.4361938198196222,1,1.0,0.075233437083148,2.74951613200817,0,0.0,0.0,4.105923174275824,1,1.0,0.075233437083148,45.889472540092974
2023-12-26,112.49,-0.06963857414605912,True,1.0,-0.06963857414605912,34.10338032438984,0,0.0,-0.0,19.26316836489613,0,1.0,-0.06963857414605912,45.02202289777015,1,1.0,-0.06963857414605912,3.661209660523004,1,1.0,-0.06963857414605912,3.1969021817178835,1,1.0,-0.06963857414605912,2.5580437489835335,0,0.0,-0.0,4.105923174275824,0,1.0,-0.06963857414605912,42.69379510408616
2023-12-27,106.91,-0.04960440928082499,True,1.0,-0.04960440928082499,32.41170228891917,0,0.0,-0.0,19.26316836489613,0,1.0,-0.04960440928082499,42.78873204729849,1,1.0,-0.04960440928082499,3.4795975180595105,1,1.0,-0.04960440928082499,3.0383217374651874,1,1.0,-0.04960440928082499,2.4311534999006983,0,0.0,-0.0,4.105923174275824,0,1.0,-0.04960440928082499,40.57599461799139
2023-12-28,101.8,-0.04779721260873626,True,1.0,-0.04779721260873626,30.86251326360464,0,0.0,-0.0,19.26316836489613,0,1.0,-0.04779721260873626,40.743549924375515,1,1.0,-0.04779721260873626,3.313282455695989,1,1.0,-0.04779721260873626,2.893098427405819,1,1.0,-0.04779721260873626,2.3149511391814714,0,0.0,-0.0,4.105923174275824,0,1.0,-0.04779721260873626,38.636575176424316
2023-12-29,106.17,0.04292730844793713,True,1.0,0.04292730844793713,32.18735788994995,0,0.0,0.0,19.26316836489613,0,1.0,0.04292730844793713,42.492560859243106,1,1.0,0.04292730844793713,3.455512753646789,1,1.0,0.04292730844793713,3.01729135596931,1,1.0,0.04292730844793713,2.414325760775018,0,0.0,0.0,4.105923174275824,0,1.0,0.04292730844793713,40.29513935639459
2023-12-30,101.9,-0.04021851747197891,True,1.0,-0.04021851747197891,30.89283007427616,0,0.0,-0.0,19.26316836489613,0,1.0,-0.04021851747197891,40.78357305789651,1,1.0,-0.04021851747197891,3.3165371535895996,1,1.0,-0.04021851747197891,2.8959403708512075,1,1.0,-0.04021851747197891,2.317225157982239,0,0.0,-0.0,4.105923174275824,0,1.0,-0.04021851747197891,38.67452859015361
2023-12-31,101.72,-0.0017664376840039742,True,1.0,-0.0017664376840039742,30.838259815067428,0,0.0,-0.0,19.26316836489613,0,1.0,-0.0017664376840039742,40.71153141755871,1,1.0,-0.0017664376840039742,3.3106786973810998,1,1.0,-0.0017664376840039742,2.8908248726495076,1,1.0,-0.0017664376840039742,2.313131924140857,0,0.0,-0.0,4.105923174275824,0,1.0,-0.0017664376840039742,38.606212445440875
2024-01-01,109.91,0.080515139598899,True,1.0,0.080515139598899,33.321206609064696,0,0.0,0.0,19.26316836489613,0,1.0,0.080515139598899,43.989426052928415,1,1.0,0.080515139598899,3.57723845486784,1,1.0,0.080515139598899,3.123580040826852,1,1.0,0.080515139598899,2.499374063923728,0,0.0,0.0,4.105923174275824,0,1.0,0.080515139598899,41.7145970298703
2024-01-02,106.73,-0.02893276316986615,True,1.0,-0.02893276316986615,32.35713202971045,0,0.0,-0.0,19.26316836489613,0,1.0,-0.02893276316986615,42.716690406960694,1,1.0,-0.02893276316986615,3.473739061851011,1,1.0,-0.02893276316986615,3.033206239263488,1,1.0,-0.02893276316986615,2.427060266059317,0,0.0,-0.0,4.105923174275824,0,1.0,-0.02893276316986615,40.50767847327866
2024-01-03,98.52,-0.07692307692307698,True,1.0,-0.07692307692307698,29.868121873578875,0,0.0,-0.0,19.26316836489613,0,1.0,-0.07692307692307698,39.43079114488679,1,1.0,-0.07692307692307698,3.2065283647855485,1,1.0,-0.07692307692307698,2.7998826823970657,1,1.0,-0.07692307692307698,2.240363322516292,0,0.0,-0.0,4.105923174275824,0,1.0,-0.07692307692307698,37.39170320610337
2024-01-04,104.91,0.06485992691839226,True,1.0,0.06485992691839226,31.805366075488834,0,0.0,0.0,19.26316836489613,0,1.0,0.06485992691839226,41.988269376878534,1,1.0,0.06485992691839226,3.414503560187291,1,1.0,0.06485992691839226,2.9814828685574115,1,1.0,0.06485992691839226,2.3856731238853452,0,0.0,0.0,4.105923174275824,0,1.0,0.06485992691839226,39.81692634340545
2024-01-05,99.94,-0.04737393956724811,True,1.0,-0.04737393956724811,30.298620585114424,0,0.0,-0.0,19.26316836489613,0,1.0,-0.04737393956724811,39.999119640884956,1,1.0,-0.04737393956724811,3.252745074874825,1,1.0,-0.04737393956724811,2.840238279321587,1,1.0,-0.04737393956724811,2.272654389487193,0,0.0,-0.0,4.105923174275824,0,1.0,-0.04737393956724811,37.93064168105939
2024-01-06,93.77,-0.06173704222533527,True,1.0,-0.06173704222533527,28.4280733666818,0,0.0,-0.0,19.26316836489613,0,1.0,-0.06173704222533527,37.529692302639404,1,1.0,-0.06173704222533527,3.0519302148390266,1,1.0,-0.06173704222533527,2.6648903687410965,1,1.0,-0.06173704222533527,2.1323474294798284,0,0.0,-0.0,4.105923174275824,0,1.0,-0.06173704222533527,35.58891605396177
2024-01-07,89.44,-0.046176815612669286,True,1.0,-0.046176815612669286,27.115355464605102,0,0.0,-0.0,19.26316836489613,0,1.0,-0.046176815612669286,35.79669062118021,1,1.0,-0.046176815612669286,2.911001796045671,0,1.0,-0.046176815612669286,2.5418342175557607,1,1.0,-0.046176815612669286,2.033882415406589,0,0.0,-0.0,4.105923174275824,0,1.0,-0.046176815612669286,33.94553323948321
2024-01-08,97.88,0.09436493738819318,True,1.0,0.09436493738819318,29.674094285281164,0,0.0,0.0,19.26316836489613,0,1.0,0.09436493738819318,39.174643090352404,1,1.0,0.09436493738819318,3.1856982982664386,1,1.0,0.09436493738819318,2.781694244346577,1,1.0,0.09436493738819318,2.225809602191379,0,0.0,0.0,4.105923174275824,0,1.0,0.09436493738819318,37.14880135823587
2024-01-09,99.36,0.015120555782590861,True,1.0,0.015120555782590861,30.12278308321962,0,0.0,0.0,19.26316836489613,0,1.0,0.015120555782590861,39.76698546646317,1,1.0,0.015120555782590861,3.2338678270918813,1,1.0,0.015120555782590861,2.8237550073383315,1,1.0,0.015120555782590861,2.25946508044274,0,0.0,0.0,4.105923174275824,0,1.0,0.015120555782590861,37.71051188142946
2024-01-10,102.0,0.02657004830917864,True,1.0,0.02657004830917864,30.923146884947673,0,0.0,0.0,19.26316836489613,0,1.0,0.02657004830917864,40.8235961914175,1,1.0,0.02657004830917864,3.319791851483211,1,1.0,0.02657004830917864,2.898782314296596,1,1.0,0.02657004830917864,2.319499176783006,0,0.0,0.0,4.105923174275824,0,1.0,0.02657004830917864,38.7124820038829
2024-01-11,99.9,-0.020588235294117574,True,1.0,-0.020588235294117574,30.286493860845813,0,0.0,-0.0,19.26316836489613,0,1.0,-0.020588235294117574,39.98311038747656,1,1.0,-0.020588235294117574,3.2514431957173806,1,1.0,-0.020588235294117574,2.839101501943431,1,1.0,-0.020588235294117574,2.2717447819668855,0,0.0,-0.0,4.105923174275824,0,1.0,-0.020588235294117574,37.915460315567664
2024-01-12,92.12,-0.07787787787787792,False,1.0,-0.07787787787787792,27.927845990601764,0,0.0,-0.0,19.26316836489613,0,1.0,-0.07787787787787792,36.86931059954295,0,1.0,-0.07787787787787792,2.9982276995944455,0,1.0,-0.07787787787787792,2.6179983018921806,0,1.0,-0.07787787787787792,2.094826119267162,0,0.0,-0.0,4.105923174275824,0,1.0,-0.07787787787787792,34.96268472742836
2024-01-13,95.85,0.040490664350846695,False,1.0,0.040490664350846695,29.05866302864936,0,0.0,0.0,19.26316836489613,0,1.0,0.040490664350846695,38.362173479876155,0,1.0,0.040490664350846695,3.1196279310261352,0,1.0,0.040490664350846695,2.7240027924051837,0,1.0,0.040490664350846695,2.179647020535795,0,0.0,0.0,4.105923174275824,0,1.0,0.040490664350846695,36.37834705953114
2024-01-14,93.81,-0.021283255086071873,False,1.0,-0.021283255086071873,28.44020009095041,0,0.0,-0.0,19.26316836489613,0,1.0,-0.021283255086071873,37.54570155604781,0,1.0,-0.021283255086071873,3.0532320939964714,0,1.0,-0.021283255086071873,2.666027146119252,0,1.0,-0.021283255086071873,2.133257037000135,0,0.0,-0.0,4.105923174275824,0,1.0,-0.021283255086071873,35.60409741945348
2024-01-15,94.36,0.005862914401449704,False,1.0,0.005862914401449704,28.606942549643755,0,0.0,0.0,19.26316836489613,0,0.0,-0.001,37.50815585449176,0,1.0,0.005862914401449704,3.0711329324113317,0,1.0,0.005862914401449704,2.6816578350688904,0,1.0,0.005862914401449704,2.145764140404357,0,0.0,0.0,4.105923174275824,0,0.0,-0.001,35.56849332203403
2024-01-16,97.61,0.03444256040695204,False,1.0,0.03444256040695204,29.592238896468068,0,0.0,0.0,19.26316836489613,0,0.0,0.0,37.50815585449176,0,1.0,0.03444256040695204,3.1769106139536887,0,1.0,0.03444256040695204,2.774020997044027,0,1.0,0.03444256040695204,2.2196697514293056,0,0.0,0.0,4.105923174275824,0,0.0,0.0,35.56849332203403
2024-01-17,102.1,0.04599938530888226,True,1.0,0.04599938530888226,30.953463695619195,0,0.0,0.0,19.26316836489613,0,0.0,0.0,37.50815585449176,1,1.0,0.04599938530888226,3.323046549376822,1,1.0,0.04599938530888226,2.901624257741985,1,1.0,0.04599938530888226,2.321773195583773,0,0.0,0.0,4.105923174275824,0,0.0,0.0,35.56849332203403
2024-01-18,94.4,-0.07541625857002932,False,1.0,-0.07541625857002932,28.619069273912363,0,0.0,-0.0,19.26316836489613,0,0.0,-0.0,37.50815585449176,0,1.0,-0.07541625857002932,3.072434811568776,0,1.0,-0.07541625857002932,2.6827946124470463,0,1.0,-0.07541625857002932,2.146673747924664,0,0.0,-0.0,4.105923174275824,0,0.0,-0.0,35.56849332203403
2024-01-19,93.62,-0.008262711864406747,False,1.0,-0.008262711864406747,28.38259815067453,0,0.0,-0.0,19.26316836489613,0,0.0,-0.0,37.50815585449176,0,1.0,-0.008262711864406747,3.0470481679986103,0,1.0,-0.008262711864406747,2.6606274535730137,0,1.0,-0.008262711864406747,2.128936401278676,0,0.0,-0.0,4.105923174275824,0,0.0,-0.0,35.56849332203403
2024-01-20,92.88,-0.007904293954283381,False,1.0,-0.007904293954283381,28.158253751705296,0,0.0,-0.0,19.26316836489613,0,0.0,-0.0,37.50815585449176,0,1.0,-0.007904293954283381,3.0229634035858886,0,1.0,-0.007904293954283381,2.639597072077136,0,1.0,-0.007904293954283381,2.112108662152995,0,0.0,-0.0,4.105923174275824,0,0.0,-0.0,35.56849332203403
2024-01-21,91.09,-0.01927217915589996,False,1.0,-0.01927217915589996,27.61558284068514,0,0.0,-0.0,19.26316836489613,0,0.0,-0.0,37.50815585449176,0,1.0,-0.01927217915589996,2.964704311290252,0,1.0,-0.01927217915589996,2.5887262844046766,0,1.0,-0.01927217915589996,2.0714037256192546,0,0.0,-0.0,4.105923174275824,0,0.0,-0.0,35.56849332203403
2024-01-22,83.84,-0.07959161269074544,False,1.0,-0.07959161269074544,25.41761406700013,0,0.0,-0.0,19.26316836489613,0,0.0,-0.0,37.50815585449176,0,1.0,-0.07959161269074544,2.728738714003455,0,1.0,-0.07959161269074544,2.382685384613987,0,1.0,-0.07959161269074544,1.9065373625635997,0,0.0,-0.0,4.105923174275824,0,0.0,-0.0,35.56849332203403
2024-01-23,84.35,0.006083015267175362,False,1.0,0.006083015267175362,25.572229801424864,0,0.0,0.0,19.26316836489613,0,0.0,0.0,37.50815585449176,0,1.0,0.006083015267175362,2.7453376732608703,0,1.0,0.006083015267175362,2.3971792961854694,0,1.0,0.006083015267175362,1.9181348584475144,0,0.0,0.0,4.105923174275824,0,0.0,0.0,35.56849332203403
2024-01-24,88.77,0.052400711321873183,False,1.0,0.052400711321873183,26.912232833105932,0,0.0,0.0,19.26316836489613,0,0.0,0.0,37.50815585449176,0,1.0,0.052400711321873183,2.889195320158476,0,1.0,0.052400711321873183,2.5227931964716555,0,1.0,0.052400711321873183,2.0186464894414446,0,0.0,0.0,4.105923174275824,0,0.0,0.0,35.56849332203403
2024-01-25,86.91,-0.020953024670496756,False,1.0,-0.020953024670496756,26.34834015461571,0,0.0,-0.0,19.26316836489613,0,0.0,-0.0,37.50815585449176,0,1.0,-0.020953024670496756,2.8286579393373117,0,1.0,-0.020953024670496756,2.4699330483874236,0,1.0,-0.020953024670496756,1.9763497397471663,0,0.0,-0.0,4.105923174275824,0,0.0,-0.0,35.56849332203403
2024-01-26,92.28,0.061788056610286635,False,1.0,0.061788056610286635,27.976352887676192,0,0.0,0.0,19.26316836489613,0,0.0,0.0,37.50815585449176,0,1.0,0.061788056610286635,3.003435216224222,0,1.0,0.061788056610286635,2.6225454114048037,0,1.0,0.061788056610286635,2.0984645493483893,0,0.0,0.0,4.105923174275824,0,0.0,0.0,35.56849332203403
2024-01-27,94.28,0.02167316861725177,True,1.0,0.02167316861725177,28.58268910110654,0,0.0,0.0,19.26316836489613,0,0.0,0.0,37.50815585449176,0,1.0,0.02167316861725177,3.0685291740964415,1,1.0,0.02167316861725177,2.67938428031258,0,1.0,0.02167316861725177,2.1439449253637424,0,0.0,0.0,4.105923174275824,0,0.0,0.0,35.56849332203403
2024-01-28,95.98,0.018031395842172282,False,1.0,0.018031395842172282,29.098074882522333,0,0.0,0.0,19.26316836489613,0,0.0,0.0,37.50815585449176,0,1.0,0.018031395842172282,3.1238590382878284,0,1.0,0.018031395842172282,2.72769731888419,0,1.0,0.018031395842172282,2.1826032449767925,0,0.0,0.0,4.105923174275824,0,0.0,0.0,35.56849332203403
2024-01-29,101.68,0.05938737236924352,True,1.0,0.05938737236924352,30.82613309079882,0,0.0,0.0,19.26316836489613,0,0.0,0.0,37.50815585449176,1,1.0,0.05938737236924352,3.3093768182236545,1,1.0,0.05938737236924352,2.8896880952713526,1,1.0,0.05938737236924352,2.3122223166205487,0,0.0,0.0,4.105923174275824,0,0.0,0.0,35.56849332203403
2024-01-30,101.4,-0.0027537372147915518,False,1.0,-0.0027537372147915518,30.74124602091857,0,0.0,-0.0,19.26316836489613,0,0.0,-0.0,37.50815585449176,0,1.0,-0.0027537372147915518,3.3002636641215437,0,1.0,-0.0027537372147915518,2.8817306536242637,0,1.0,-0.0027537372147915518,2.3058550639783992,0,0.0,-0.0,4.105923174275824,0,0.0,-0.0,35.56849332203403
2024-01-31,96.96,-0.043786982248520845,False,1.0,-0.043786982248520845,29.395179627103197,0,0.0,-0.0,19.26316836489613,0,0.0,-0.0,37.50815585449176,0,1.0,-0.043786982248520845,3.1557550776452152,0,1.0,-0.043786982248520845,2.7555483646489995,0,1.0,-0.043786982248520845,2.2048886292243153,0,0.0,-0.0,4.105923174275824,0,0.0,-0.0,35.56849332203403
2024-02-01,97.81,0.008766501650165015,True,1.0,0.008766501650165015,29.652872517811094,0,0.0,0.0,19.26316836489613,0,0.0,0.0,37.50815585449176,0,1.0,0.008766501650165015,3.1834200097409084,0,1.0,0.008766501650165015,2.7797048839348046,0,1.0,0.008766501650165015,2.22421778903084,0,0.0,0.0,4.105923174275824,0,0.0,0.0,35.56849332203403
2024-02-02,100.58,0.028320212657192423,True,1.0,0.028320212657192423,30.49264817341212,0,0.0,0.0,19.26316836489613,0,0.0,0.0,37.50815585449176,0,1.0,0.028320212657192423,3.2735751413939327,1,1.0,0.028320212657192423,2.8584267173720748,1,1.0,0.028320212657192423,2.287208109812104,0,0.0,0.0,4.105923174275824,0,0.0,0.0,35.56849332203403
2024-02-03,97.96,-0.026048916285543844,True,1.0,-0.026048916285543844,29.698347733818366,0,0.0,-0.0,19.26316836489613,0,0.0,-0.0,37.50815585449176,0,1.0,-0.026048916285543844,3.1883020565813247,0,1.0,-0.026048916285543844,2.7839677991028875,0,1.0,-0.026048916285543844,2.2276288172319916,0,0.0,-0.0,4.105923174275824,0,0.0,-0.0,35.56849332203403
2024-02-04,95.49,-0.025214373213556573,True,1.0,-0.025214373213556573,28.949522510231887,0,0.0,-0.0,19.26316836489613,0,0.0,-0.0,37.50815585449176,0,1.0,-0.025214373213556573,3.1079110186091334,0,1.0,-0.025214373213556573,2.7137717960017835,0,1.0,-0.025214373213556573,2.1714605528530306,0,0.0,-0.0,4.105923174275824,0,0.0,-0.0,35.56849332203403
2024-02-05,95.66,0.0017802911299613644,False,1.0,0.0017802911299613644,29.00106108837347,0,0.0,0.0,19.26316836489613,0,0.0,0.0,37.50815585449176,0,1.0,0.0017802911299613644,3.1134440050282723,0,1.0,0.0017802911299613644,2.718603099858945,0,1.0,0.0017802911299613644,2.175326384814336,0,0.0,0.0,4.105923174275824,0,0.0,0.0,35.56849332203403
2024-02-06,96.88,0.012753501986201066,False,1.0,0.012753501986201066,29.370926178565977,0,0.0,0.0,19.26316836489613,0,0.0,0.0,37.50815585449176,0,1.0,0.012753501986201066,3.153151319330326,0,1.0,0.012753501986201066,2.7532748098926882,0,1.0,0.012753501986201066,2.2030694141837013,0,0.0,0.0,4.105923174275824,0,0.0,0.0,35.56849332203403
2024-02-07,101.14,0.043971924029727605,True,1.0,0.043971924029727605,30.662422313172616,0,0.0,0.0,19.26316836489613,0,0.0,0.0,37.50815585449176,0,1.0,0.043971924029727605,3.2918014495981542,0,1.0,0.043971924029727605,2.874341600666252,0,1.0,0.043971924029727605,2.2999426150964033,0,0.0,0.0,4.105923174275824,0,0.0,0.0,35.56849332203403
2024-02-08,102.76,0.016017401621514882,True,1.0,0.016017401621514882,31.1535546460512,0,0.0,0.0,19.26316836489613,0,0.0,0.0,37.50815585449176,0,1.0,0.016017401621514882,3.3445275554746527,1,1.0,0.016017401621514882,2.9203810844815514,0,1.0,0.016017401621514882,2.3367817196688394,0,0.0,0.0,4.105923174275824,0,0.0,0.0,35.56849332203403
2024-02-09,106.94,0.04067730634488109,True,1.0,0.04067730634488109,32.42079733212062,0,0.0,0.0,19.26316836489613,0,0.0,0.0,37.50815585449176,0,1.0,0.04067730634488109,3.4805739274275913,1,1.0,0.04067730634488109,3.0391743204988035,1,1.0,0.04067730634488109,2.431835705540927,0,0.0,0.0,4.105923174275824,0,0.0,0.0,35.56849332203403
2024-02-10,109.01,0.01935664858799324,True,1.0,0.01935664858799324,33.04835531302103,0,0.0,0.0,19.26316836489613,0,0.0,0.0,37.50815585449176,1,1.0,0.01935664858799324,3.5479461738253386,1,1.0,0.01935664858799324,3.098002549818352,1,1.0,0.01935664858799324,2.4789078947168175,0,0.0,0.0,4.105923174275824,0,0.0,0.0,35.56849332203403
2024-02-11,107.46,-0.014218879001926532,True,1.0,-0.014218879001926532,32.57844474761251,0,0.0,-0.0,19.26316836489613,0,0.0,-0.0,37.50815585449176,0,1.0,-0.014218879001926532,3.497498356474368,1,1.0,-0.014218879001926532,3.053952426414825,1,1.0,-0.014218879001926532,2.4436606033049184,0,0.0,-0.0,4.105923174275824,0,0.0,-0.0,35.56849332203403
2024-02-12,111.64,0.038898194677089215,True,1.0,0.038898194677089215,33.84568743368193,0,0.0,0.0,19.26316836489613,0,0.0,0.0,37.50815585449176,1,1.0,0.038898194677089215,3.6335447284273075,1,1.0,0.038898194677089215,3.172745662432078,1,1.0,0.038898194677089215,2.5387145891770064,0,0.0,0.0,4.105923174275824,0,0.0,0.0,35.56849332203403
2024-02-13,112.48,0.007524184879971418,True,1.0,0.007524184879971418,34.10034864332268,0,0.0,0.0,19.26316836489613,0,0.0,0.0,37.50815585449176,1,1.0,0.007524184879971418,3.6608841907336402,1,1.0,0.007524184879971418,3.1966179873733442,1,1.0,0.007524184879971418,2.5578163471034547,0,0.0,0.0,4.105923174275824,0,0.0,0.0,35.56849332203403
2024-02-14,116.97,0.03991820768136556,True,1.0,0.03991820768136556,35.46157344247381,0,0.0,0.0,19.26316836489613,0,0.0,0.0,37.50815585449176,1,1.0,0.03991820768136556,3.8070201261567735,1,1.0,0.03991820768136556,3.3242212480713023,1,1.0,0.03991820768136556,2.659919791257922,0,0.0,0.0,4.105923174275824,0,0.0,0.0,35.56849332203403
2024-02-15,113.5,-0.02966572625459518,True,1.0,-0.02966572625459518,34.40958011217216,0,0.0,-0.0,19.26316836489613,0,0.0,-0.0,37.50815585449176,1,1.0,-0.02966572625459518,3.6940821092484724,1,1.0,-0.02966572625459518,3.2256058105163103,1,1.0,-0.02966572625459518,2.5810113388712845,0,0.0,-0.0,4.105923174275824,0,0.0,-0.0,35.56849332203403
2024-02-16,110.33,-0.027929515418502193,True,1.0,-0.027929515418502193,33.44853721388506,0,0.0,-0.0,19.26316836489613,0,0.0,-0.0,37.50815585449176,0,1.0,-0.027929515418502193,3.590908186021004,1,1.0,-0.027929515418502193,3.1355162032974846,0,1.0,-0.027929515418502193,2.50892494288695,0,0.0,-0.0,4.105923174275824,0,0.0,-0.0,35.56849332203403
2024-02-17,108.92,-0.012779842291307908,True,1.0,-0.012779842291307908,33.02107018341667,0,0.0,-0.0,19.26316836489613,0,0.0,-0.0,37.50815585449176,0,1.0,-0.012779842291307908,3.545016945721089,0,1.0,-0.012779842291307908,3.095444800717502,0,1.0,-0.012779842291307908,2.476861277796126,0,0.0,-0.0,4.105923174275824,0,0.0,-0.0,35.56849332203403
2024-02-18,112.24,0.03048108703635699,True,1.0,0.03048108703635699,34.02758829771104,0,0.0,0.0,19.26316836489613,0,0.0,0.0,37.50815585449176,0,1.0,0.03048108703635699,3.653072915788974,1,1.0,0.03048108703635699,3.189797323104411,1,1.0,0.03048108703635699,2.5523587019816123,0,0.0,0.0,4.105923174275824,0,0.0,0.0,35.56849332203403
2024-02-19,111.53,-0.00632573057733421,True,1.0,-0.00632573057733421,33.812338941943274,0,0.0,-0.0,19.26316836489613,0,0.0,-0.0,37.50815585449176,0,1.0,-0.00632573057733421,3.629964560744336,0,1.0,-0.00632573057733421,3.169619524642151,0,1.0,-0.00632573057733421,2.536213168496162,0,0.0,-0.0,4.105923174275824,0,0.0,-0.0,35.56849332203403
2024-02-20,108.31,-0.028871155742849486,True,1.0,-0.028871155742849486,32.836137638320416,0,0.0,-0.0,19.26316836489613,0,0.0,-0.0,37.50815585449176,0,1.0,-0.028871155742849486,3.525163288570062,0,1.0,-0.028871155742849486,3.078108945700631,0,1.0,-0.028871155742849486,2.4629897631114437,0,0.0,-0.0,4.105923174275824,0,0.0,-0.0,35.56849332203403
2024-02-21,105.03,-0.030283445665220232,True,1.0,-0.030283445665220232,31.841746248294648,0,0.0,-0.0,19.26316836489613,0,0.0,-0.0,37.50815585449176,0,1.0,-0.030283445665220232,3.4184091976596216,0,1.0,-0.030283445665220232,2.984893200691878,0,1.0,-0.030283445665220232,2.3884019464462645,0,0.0,-0.0,4.105923174275824,0,0.0,-0.0,35.56849332203403
2024-02-22,101.76,-0.031133961725221315,True,1.0,-0.031133961725221315,30.850386539336032,0,0.0,-0.0,19.26316836489613,0,0.0,-0.0,37.50815585449176,0,1.0,-0.031133961725221315,3.3119805765385424,0,1.0,-0.031133961725221315,2.8919616500276635,0,1.0,-0.031133961725221315,2.314041531661162,0,0.0,-0.0,4.105923174275824,0,0.0,-0.0,35.56849332203403
2024-02-23,99.9,-0.01827830188679247,True,1.0,-0.01827830188679247,30.28649386084581,0,0.0,-0.0,19.26316836489613,0,0.0,-0.0,37.50815585449176,0,1.0,-0.01827830188679247,3.251443195717378,0,1.0,-0.01827830188679247,2.8391015019434316,0,1.0,-0.01827830188679247,2.2717447819668837,0,0.0,-0.0,4.105923174275824,0,0.0,-0.0,35.56849332203403
2024-02-24,104.01,0.04114114114114109,True,1.0,0.04114114114114109,31.53251477944517,0,0.0,0.0,19.26316836489613,0,0.0,0.0,37.50815585449176,0,1.0,0.04114114114114109,3.3852112791447895,0,1.0,0.04114114114114109,2.955905377548912,0,1.0,0.04114114114114109,2.3652069546784342,0,0.0,0.0,4.105923174275824,0,0.0,0.0,35.56849332203403
2024-02-25,103.47,-0.00519180847995393,True,1.0,-0.00519180847995393,31.368804001818972,0,0.0,-0.0,19.26316836489613,0,0.0,-0.0,37.50815585449176,0,1.0,-0.00519180847995393,3.3676359105192897,0,1.0,-0.00519180847995393,2.940558882943812,0,1.0,-0.00519180847995393,2.352927253154289,0,0.0,-0.0,4.105923174275824,0,0.0,-0.0,35.56849332203403
2024-02-26,109.9,0.06214361650720024,True,1.0,0.06214361650720024,33.31817492799754,0,0.0,0.0,19.26316836489613,0,0.0,0.0,37.50815585449176,0,1.0,0.06214361650720024,3.5769129850784767,0,1.0,0.06214361650720024,3.1232958464823133,0,1.0,0.06214361650720024,2.499146662043649,0,0.0,0.0,4.105923174275824,0,0.0,0.0,35.56849332203403
2024-02-27,108.36,-0.014012738853503293,True,1.0,-0.014012738853503293,32.85129604365617,0,0.0,-0.0,19.26316836489613,0,0.0,-0.0,37.50815585449176,0,1.0,-0.014012738853503293,3.526790637516867,0,1.0,-0.014012738853503293,3.0795299174233253,0,1.0,-0.014012738853503293,2.4641267725118268,0,0.0,-0.0,4.105923174275824,0,0.0,-0.0,35.56849332203403
2024-02-28,119.03,0.098468069398302,True,1.0,0.098468069398302,36.08609974230707,0,0.0,0.0,19.26316836489613,0,0.0,0.0,37.50815585449176,0,1.0,0.098468069398302,3.8740669027651595,1,1.0,0.098468069398302,3.3827652830463126,0,1.0,0.098468069398302,2.7067645785537353,0,0.0,0.0,4.105923174275824,0,0.0,0.0,35.56849332203403
2024-02-29,125.68,0.055868268503738605,True,1.0,0.055868268503738605,38.10216765196297,0,0.0,0.0,19.26316836489613,0,0.0,0.0,37.50815585449176,1,1.0,0.055868268503738605,4.090504312690291,1,1.0,0.055868268503738605,3.571754522164669,1,1.0,0.055868268503738605,2.8579868288047843,0,0.0,0.0,4.105923174275824,0,0.0,0.0,35.56849332203403
2024-03-01,129.43,0.029837683004455773,True,1.0,0.029837683004455773,39.239048052144874,0,0.0,0.0,19.26316836489613,0,0.0,0.0,37.50815585449176,1,1.0,0.029837683004455773,4.212555483700703,1,1.0,0.029837683004455773,3.67832740136675,1,1.0,0.029837683004455773,2.9432625338335714,0,0.0,0.0,4.105923174275824,0,0.0,0.0,35.56849332203403
2024-03-02,130.02,0.004558448582245189,True,1.0,0.004558448582245189,39.41791723510683,0,0.0,0.0,19.26316836489613,0,0.0,0.0,37.50815585449176,1,1.0,0.004558448582245189,4.231758201273007,1,1.0,0.004558448582245189,3.695094867694544,1,1.0,0.004558448582245189,2.9566792447581003,0,0.0,0.0,4.105923174275824,0,0.0,0.0,35.56849332203403
2024-03-03,130.16,0.0010767574219350262,True,1.0,0.0010767574219350262,39.46036077004695,0,0.0,0.0,19.26316836489613,0,0.0,0.0,37.50815585449176,1,1.0,0.0010767574219350262,4.236314778324062,1,1.0,0.0010767574219350262,3.699073588518088,1,1.0,0.0010767574219350262,2.959862871079175,0,0.0,0.0,4.105923174275824,0,0.0,0.0,35.56849332203403
2024-03-04,133.27,0.023893669330055323,True,1.0,0.023893669330055323,40.40321358193113,0,0.0,0.0,19.26316836489613,0,0.0,0.0,37.50815585449176,1,1.0,0.023893669330055323,4.337535882815364,1,1.0,0.023893669330055323,3.78745802966968,1,1.0,0.023893669330055323,3.0305848557830486,0,0.0,0.0,4.105923174275824,0,0.0,0.0,35.56849332203403
2024-03-05,125.31,-0.05972837097621375,True,1.0,-0.05972837097621375,37.989995452478354,0,0.0,-0.0,19.26316836489613,0,0.0,-0.0,37.50815585449176,0,1.0,-0.05972837097621375,4.078461930483929,1,1.0,-0.05972837097621375,3.5612393314167297,0,1.0,-0.05972837097621375,2.8495729592419434,0,0.0,-0.0,4.105923174275824,0,0.0,-0.0,35.56849332203403
2024-03-06,130.79,0.04373154576649907,True,1.0,0.04373154576649907,39.651356677277505,0,0.0,0.0,19.26316836489613,0,0.0,0.0,37.50815585449176,1,1.0,0.04373154576649907,4.256819375053811,1,1.0,0.04373154576649907,3.7169778322240368,1,1.0,0.04373154576649907,2.9741891895240107,0,0.0,0.0,4.105923174275824,0,0.0,0.0,35.56849332203403
2024-03-07,143.82,0.09962535362030733,True,1.0,0.09962535362030733,43.60163710777621,0,0.0,0.0,19.26316836489613,0,0.0,0.0,37.50815585449176,1,1.0,0.09962535362030733,4.680906510591323,1,1.0,0.09962535362030733,4.0872830631582,1,1.0,0.09962535362030733,3.2704938392640357,0,0.0,0.0,4.105923174275824,0,0.0,0.0,35.56849332203403
2024-03-08,144.79,0.006744541788346492,True,1.0,0.006744541788346492,43.89571017128993,0,0.0,0.0,19.26316836489613,0,0.0,0.0,37.50815585449176,1,1.0,0.006744541788346492,4.712477080159349,1,1.0,0.006744541788346492,4.114849914578471,1,1.0,0.006744541788346492,3.2925518216314815,0,0.0,0.0,4.105923174275824,0,0.0,0.0,35.56849332203403
2024-03-09,144.29,-0.003453277160024859,True,1.0,-0.003453277160024859,43.74412611793234,0,0.0,-0.0,19.26316836489613,0,0.0,-0.0,37.50815585449176,1,1.0,-0.003453277160024859,4.696203590691295,1,1.0,-0.003453277160024859,4.100640197351527,1,1.0,-0.003453277160024859,3.281181727627643,0,0.0,-0.0,4.105923174275824,0,0.0,-0.0,35.56849332203403
2024-03-10,144.39,0.0006930487213250291,True,1.0,0.0006930487213250291,43.774442928603854,0,0.0,0.0,19.26316836489613,0,0.0,0.0,37.50815585449176,1,1.0,0.0006930487213250291,4.699458288584905,1,1.0,0.0006930487213250291,4.103482140796916,1,1.0,0.0006930487213250291,3.2834557464284106,0,0.0,0.0,4.105923174275824,0,0.0,0.0,35.56849332203403
2024-03-11,148.83,0.030750051942655565,True,1.0,0.030750051942655565,45.12050932241923,0,0.0,0.0,19.26316836489613,0,0.0,0.0,37.50815585449176,1,1.0,0.030750051942655565,4.843966875061234,1,1.0,0.030750051942655565,4.229664429772181,1,1.0,0.030750051942655565,3.384422181182495,0,0.0,0.0,4.105923174275824,0,0.0,0.0,35.56849332203403
2024-03-12,151.05,0.014916347510582462,True,1.0,0.014916347510582462,45.79354251932691,0,0.0,0.0,19.26316836489613,0,0.0,0.0,37.50815585449176,1,1.0,0.014916347510582462,4.916221168299398,1,1.0,0.014916347510582462,4.292755574259813,1,1.0,0.014916347510582462,3.4349053985595366,0,0.0,0.0,4.105923174275824,0,0.0,0.0,35.56849332203403
2024-03-13,163.9,0.08507116848725582,True,1.0,0.08507116848725582,49.68925269061688,0,0.0,0.0,19.26316836489613,0,0.0,0.0,37.50815585449176,1,1.0,0.08507116848725582,5.3344498476284095,1,1.0,0.08507116848725582,4.657945306992276,1,1.0,0.08507116848725582,3.7271168144581797,0,0.0,0.0,4.105923174275824,0,0.0,0.0,35.56849332203403
2024-03-14,176.65,0.07779133618059797,True,1.0,0.07779133618059797,53.554646051235345,0,0.0,0.0,19.26316836489613,0,0.0,0.0,37.50815585449176,1,1.0,0.07779133618059797,5.749423829063811,1,1.0,0.07779133618059797,5.02029309627935,1,1.0,0.07779133618059797,4.017054211556055,0,0.0,0.0,4.105923174275824,0,0.0,0.0,35.56849332203403
2024-03-15,183.95,0.041324653269176226,True,1.0,0.041324653269176226,55.767773230256104,0,0.0,0.0,19.26316836489613,0,0.0,0.0,37.50815585449176,1,1.0,0.041324653269176226,5.987016775297412,1,1.0,0.041324653269176226,5.227754967792734,1,1.0,0.041324653269176226,4.183057584012094,0,0.0,0.0,4.105923174275824,0,0.0,0.0,35.56849332203403
2024-03-16,182.05,-0.01032889372111978,True,1.0,-0.01032889372111978,55.19175382749728,0,0.0,-0.0,19.26316836489613,0,0.0,-0.0,37.50815585449176,1,1.0,-0.01032889372111978,5.925177515318803,1,1.0,-0.01032889372111978,5.173758042330347,1,1.0,-0.01032889372111978,4.139851226797509,0,0.0,-0.0,4.105923174275824,0,0.0,-0.0,35.56849332203403
2024-03-17,201.86,0.1088162592694315,True,1.0,0.1088162592694315,61.19751402152486,0,0.0,0.0,19.26316836489613,0,0.0,0.0,37.50815585449176,1,1.0,0.1088162592694315,6.56993316804314,1,1.0,0.1088162592694315,5.736747038861872,1,1.0,0.1088162592694315,4.590334351229581,0,0.0,0.0,4.105923174275824,0,0.0,0.0,35.56849332203403
2024-03-18,195.92,-0.0294263350837215,True,1.0,-0.0294263350837215,59.396695467636725,0,0.0,-0.0,19.26316836489613,0,0.0,-0.0,37.50815585449176,1,1.0,-0.0294263350837215,6.376604113162647,1,1.0,-0.0294263350837215,5.567935598205776,1,1.0,-0.0294263350837215,4.455257634463982,0,0.0,-0.0,4.105923174275824,0,0.0,-0.0,35.56849332203403
2024-03-19,169.82,-0.13321763985300117,True,1.0,-0.13321763985300117,51.48400788237071,0,0.0,-0.0,19.26316836489613,0,0.0,-0.0,37.50815585449176,1,1.0,-0.13321763985300117,5.527127962930179,1,1.0,-0.13321763985300117,4.826188358959294,1,1.0,-0.13321763985300117,3.8617387274636257,0,0.0,-0.0,4.105923174275824,0,0.0,-0.0,35.56849332203403
2024-03-20,191.77,0.12925450476975642,True,1.0,0.12925450476975642,58.13854782476877,0,0.0,0.0,19.26316836489613,0,0.0,0.0,37.50815585449176,1,1.0,0.12925450476975642,6.241534150577793,1,1.0,0.12925450476975642,5.449994945222142,1,1.0,0.12925450476975642,4.360885854232126,0,0.0,0.0,4.105923174275824,0,0.0,0.0,35.56849332203403
2024-03-21,179.46,-0.06419147937633629,True,1.0,-0.06419147937633629,54.40654843110499,0,0.0,-0.0,19.26316836489613,0,0.0,-0.0,37.50815585449176,1,1.0,-0.06419147937633629,5.84088083987428,1,1.0,-0.06419147937633629,5.100151707094778,1,1.0,-0.06419147937633629,4.080954139857627,0,0.0,-0.0,4.105923174275824,0,0.0,-0.0,35.56849332203403
2024-03-22,175.21,-0.023682157583862717,True,1.0,-0.023682157583862717,53.1180839775655,0,0.0,-0.0,19.26316836489613,0,0.0,-0.0,37.50815585449176,1,1.0,-0.023682157583862717,5.702556179395812,1,1.0,-0.023682157583862717,4.979369110665753,1,1.0,-0.023682157583862717,3.984308340825002,0,0.0,-0.0,4.105923174275824,0,0.0,-0.0,35.56849332203403
2024-03-23,172.65,-0.014611038182752112,True,1.0,-0.014611038182752112,52.34197362437465,0,0.0,-0.0,19.26316836489613,0,0.0,-0.0,37.50815585449176,1,1.0,-0.014611038182752112,5.619235913319371,1,1.0,-0.014611038182752112,4.9066153584637995,1,1.0,-0.014611038182752112,3.92609345952535,0,0.0,-0.0,4.105923174275824,0,0.0,-0.0,35.56849332203403
2024-03-24,183.88,0.06504488850275125,True,1.0,0.06504488850275125,55.74655146278605,0,0.0,0.0,19.26316836489613,0,0.0,0.0,37.50815585449176,1,1.0,0.06504488850275125,5.984738486771885,1,1.0,0.06504488850275125,5.225765607380964,1,1.0,0.06504488850275125,4.181465770851557,0,0.0,0.0,4.105923174275824,0,0.0,0.0,35.56849332203403
2024-03-25,188.99,0.027789862954100686,True,1.0,0.027789862954100686,57.2957404881006,0,0.0,0.0,19.26316836489613,0,0.0,0.0,37.50815585449176,1,1.0,0.027789862954100686,6.1510535491354075,1,1.0,0.027789862954100686,5.370988917440334,1,1.0,0.027789862954100686,4.297668131570785,0,0.0,0.0,4.105923174275824,0,0.0,0.0,35.56849332203403
2024-03-26,190.46,0.007778189322186435,True,1.0,0.007778189322186435,57.74139760497191,0,0.0,0.0,19.26316836489613,0,0.0,0.0,37.50815585449176,1,1.0,0.007778189322186435,6.19889760817149,1,1.0,0.007778189322186435,5.41276548608755,1,1.0,0.007778189322186435,4.33109620794207,0,0.0,0.0,4.105923174275824,0,0.0,0.0,35.56849332203403
2024-03-27,186.33,-0.02168434316916934,True,1.0,-0.02168434316916934,56.489313324238246,0,0.0,-0.0,19.26316836489613,0,0.0,-0.0,37.50815585449176,1,1.0,-0.02168434316916934,6.064478585165356,1,1.0,-0.02168434316916934,5.295393221792992,1,1.0,-0.02168434316916934,4.237179231470367,0,0.0,-0.0,4.105923174275824,0,0.0,-0.0,35.56849332203403
2024-03-28,189.63,0.017710513604894507,True,1.0,0.017710513604894507,57.48976807639831,0,0.0,0.0,19.26316836489613,0,0.0,0.0,37.50815585449176,1,1.0,0.017710513604894507,6.171883615654519,1,1.0,0.017710513604894507,5.389177355490823,1,1.0,0.017710513604894507,4.312221851895699,0,0.0,0.0,4.105923174275824,0,0.0,0.0,35.56849332203403
2024-03-29,192.01,0.012550756736803281,True,1.0,0.012550756736803281,58.21130817038043,0,0.0,0.0,19.26316836489613,0,0.0,0.0,37.50815585449176,1,1.0,0.012550756736803281,6.249345425522461,1,1.0,0.012550756736803281,5.456815609491077,1,1.0,0.012550756736803281,4.366343499353969,0,0.0,0.0,4.105923174275824,0,0.0,0.0,35.56849332203403
2024-03-30,194.2,0.01140565595541898,True,1.0,0.01140565595541898,58.87524632408665,0,0.0,0.0,19.26316836489613,0,0.0,0.0,37.50815585449176,1,1.0,0.01140565595541898,6.320623309392541,1,1.0,0.01140565595541898,5.519054170945092,1,1.0,0.01140565595541898,4.416144511090781,0,0.0,0.0,4.105923174275824,0,0.0,0.0,35.56849332203403
2024-03-31,202.45,0.042481977342945454,True,1.0,0.042481977342945454,61.376383204486835,0,0.0,0.0,19.26316836489613,0,0.0,0.0,37.50815585449176,1,1.0,0.042481977342945454,6.589135885615448,1,1.0,0.042481977342945454,5.753514505189671,1,1.0,0.042481977342945454,4.603751062154113,0,0.0,0.0,4.105923174275824,0,0.0,0.0,35.56849332203403
2024-04-01,192.24,-0.050432205482835224,True,1.0,-0.050432205482835224,58.28103683492492,0,0.0,-0.0,19.26316836489613,0,0.0,-0.0,37.50815585449176,1,1.0,-0.050432205482835224,6.256831230677767,1,1.0,-0.050432205482835224,5.463352079415472,1,1.0,-0.050432205482835224,4.371573742595736,0,0.0,-0.0,4.105923174275824,0,0.0,-0.0,35.56849332203403
2024-04-02,181.53,-0.05571161048689144,True,1.0,-0.05571161048689144,55.03410641200541,0,0.0,-0.0,19.26316836489613,0,0.0,-0.0,37.50815585449176,1,1.0,-0.05571161048689144,5.90825308627203,1,1.0,-0.05571161048689144,5.158979936414329,1,1.0,-0.05571161048689144,4.12802632903352,0,0.0,-0.0,4.105923174275824,0,0.0,-0.0,35.56849332203403
2024-04-03,185.05,0.019390734313887492,True,1.0,0.019390734313887492,56.10125814764282,0,0.0,0.0,19.26316836489613,0,0.0,0.0,37.50815585449176,1,1.0,0.019390734313887492,6.022818452127137,1,1.0,0.019390734313887492,5.259016345692015,1,1.0,0.019390734313887492,4.208071790820541,0,0.0,0.0,4.105923174275824,0,0.0,0.0,35.56849332203403
2024-04-04,184.0,-0.005674142123750392,True,1.0,-0.005674142123750392,55.78293163559188,0,0.0,-0.0,19.26316836489613,0,0.0,-0.0,37.50815585449176,1,1.0,-0.005674142123750392,5.988644124244221,1,1.0,-0.005674142123750392,5.229175939515432,1,1.0,-0.005674142123750392,4.184194593412481,0,0.0,-0.0,4.105923174275824,0,0.0,-0.0,35.56849332203403
2024-04-05,174.37,-0.052336956521739086,False,1.0,-0.052336956521739086,52.86342276792476,0,0.0,-0.0,19.26316836489613,0,0.0,-0.0,37.50815585449176,0,1.0,-0.052336956521739086,5.675216717089483,0,1.0,-0.052336956521739086,4.955496785724489,0,1.0,-0.052336956521739086,3.965206582898556,0,0.0,-0.0,4.105923174275824,0,0.0,-0.0,35.56849332203403
2024-04-06,178.68,0.024717554625222293,False,1.0,0.024717554625222293,54.17007730786716,0,0.0,0.0,19.26316836489613,0,0.0,0.0,37.50815585449176,0,1.0,0.024717554625222293,5.815494196304117,0,1.0,0.024717554625222293,5.077984548220748,0,1.0,0.024717554625222293,4.063216793211642,0,0.0,0.0,4.105923174275824,0,0.0,0.0,35.56849332203403
2024-04-07,179.52,0.004701141705842904,False,1.0,0.004701141705842904,54.42473851750791,0,0.0,0.0,19.26316836489613,0,0.0,0.0,37.50815585449176,0,1.0,0.004701141705842904,5.8428336586104495,0,1.0,0.004701141705842904,5.101856873162014,0,1.0,0.004701141705842904,4.082318551138091,0,0.0,0.0,4.105923174275824,0,0.0,0.0,35.56849332203403
2024-04-08,180.68,0.0064616755793225344,True,1.0,0.0064616755793225344,54.776413521297506,0,0.0,0.0,19.26316836489613,0,0.0,0.0,37.50815585449176,0,1.0,0.0064616755793225344,5.880588154176336,0,1.0,0.0064616755793225344,5.1348234171285245,0,1.0,0.0064616755793225344,4.108697169226995,0,0.0,0.0,4.105923174275824,0,0.0,0.0,35.56849332203403
2024-04-09,172.42,-0.04571618330750504,False,1.0,-0.04571618330750504,52.272244959830175,0,0.0,-0.0,19.26316836489613,0,0.0,-0.0,37.50815585449176,0,1.0,-0.04571618330750504,5.611750108164068,0,1.0,-0.04571618330750504,4.900078888539407,0,1.0,-0.04571618330750504,3.920863216283587,0,0.0,-0.0,4.105923174275824,0,0.0,-0.0,35.56849332203403
2024-04-10,173.31,0.0051618141746898605,False,1.0,0.0051618141746898605,52.54206457480669,0,0.0,0.0,19.26316836489613,0,0.0,0.0,37.50815585449176,0,1.0,0.0051618141746898605,5.640716919417207,0,1.0,0.0051618141746898605,4.9253721852033685,0,1.0,0.0051618141746898605,3.9411019836104195,0,0.0,0.0,4.105923174275824,0,0.0,0.0,35.56849332203403
2024-04-11,172.37,-0.0054238070509491365,False,1.0,-0.0054238070509491365,52.25708655449443,0,0.0,-0.0,19.26316836489613,0,0.0,-0.0,37.50815585449176,0,1.0,-0.0054238070509491365,5.610122759217264,0,1.0,-0.0054238070509491365,4.898657916816714,0,1.0,-0.0054238070509491365,3.9197262068832037,0,0.0,-0.0,4.105923174275824,0,0.0,-0.0,35.56849332203403
2024-04-12,153.16,-0.11144630736207006,False,1.0,-0.11144630736207006,46.433227224495944,0,0.0,-0.0,19.26316836489613,0,0.0,-0.0,37.50815585449176,0,1.0,-0.11144630736207006,4.984895293854592,0,1.0,-0.11144630736207006,4.352720580957521,0,1.0,-0.11144630736207006,3.482887195255737,0,0.0,-0.0,4.105923174275824,0,0.0,-0.0,35.56849332203403
2024-04-13,138.47,-0.09591277095847484,False,1.0,-0.09591277095847484,41.979687736850046,0,0.0,-0.0,19.26316836489613,0,0.0,-0.0,37.50815585449176,0,1.0,-0.09591277095847484,4.506780173283137,0,1.0,-0.09591277095847484,3.9352390888299027,0,1.0,-0.09591277095847484,3.148833833422969,0,0.0,-0.0,4.105923174275824,0,0.0,-0.0,35.56849332203403
2024-04-14,151.25,0.09229435978912393,False,1.0,0.09229435978912393,45.854176140669956,0,0.0,0.0,19.26316836489613,0,0.0,0.0,37.50815585449176,0,1.0,0.09229435978912393,4.9227305640866215,0,1.0,0.09229435978912393,4.298439461150594,0,1.0,0.09229435978912393,3.4394534361610747,0,0.0,0.0,4.105923174275824,0,0.0,0.0,35.56849332203403
2024-04-15,138.51,-0.08423140495867776,False,1.0,-0.08423140495867776,41.99181446111864,0,0.0,-0.0,19.26316836489613,0,0.0,-0.0,37.50815585449176,0,1.0,-0.08423140495867776,4.508082052440581,0,1.0,-0.08423140495867776,3.936375866208058,0,1.0,-0.08423140495867776,3.1497434409432756,0,0.0,-0.0,4.105923174275824,0,0.0,-0.0,35.56849332203403
2024-04-16,136.22,-0.016533102303082803,False,1.0,-0.016533102303082803,41.297559496740895,0,0.0,-0.0,19.26316836489613,0,0.0,-0.0,37.50815585449176,0,1.0,-0.016533102303082803,4.433549470676889,0,1.0,-0.016533102303082803,3.871295361308654,0,1.0,-0.016533102303082803,3.0976684104056966,0,0.0,-0.0,4.105923174275824,0,0.0,-0.0,35.56849332203403
2024-04-17,131.84,-0.03215386874174131,False,1.0,-0.03215386874174131,39.969683189328435,0,0.0,-0.0,19.26316836489613,0,0.0,-0.0,37.50815585449176,0,1.0,-0.03215386874174131,4.290993702936728,0,1.0,-0.03215386874174131,3.7468182384006234,0,1.0,-0.03215386874174131,2.9980663869320736,0,0.0,-0.0,4.105923174275824,0,0.0,-0.0,35.56849332203403
2024-04-18,142.07,0.07759405339805814,False,1.0,0.07759405339805814,43.07109292102465,0,0.0,0.0,19.26316836489613,0,0.0,0.0,37.50815585449176,0,1.0,0.07759405339805814,4.623949297453131,0,1.0,0.07759405339805814,4.037549052863899,0,1.0,0.07759405339805814,3.2306985102506043,0,0.0,0.0,4.105923174275824,0,0.0,0.0,35.56849332203403
2024-04-19,142.5,0.0030266769902160817,False,1.0,0.0030266769902160817,43.20145520691217,0,0.0,0.0,19.26316836489613,0,0.0,0.0,37.50815585449176,0,1.0,0.0030266769902160817,4.637944498395658,0,1.0,0.0030266769902160817,4.0497694096790715,0,1.0,0.0030266769902160817,3.240476791093905,0,0.0,0.0,4.105923174275824,0,0.0,0.0,35.56849332203403
2024-04-20,151.22,0.061192982456140355,False,1.0,0.061192982456140355,45.84508109746848,0,0.0,0.0,19.26316836489613,0,0.0,0.0,37.50815585449176,0,1.0,0.061192982456140355,4.921754154718537,0,1.0,0.061192982456140355,4.297586878116976,0,1.0,0.061192982456140355,3.4387712305208447,0,0.0,0.0,4.105923174275824,0,0.0,0.0,35.56849332203403
2024-04-21,148.8,-0.016003174183308988,False,1.0,-0.016003174183308988,45.11141427921777,0,0.0,-0.0,19.26316836489613,0,0.0,-0.0,37.50815585449176,0,1.0,-0.016003174183308988,4.842990465693151,0,1.0,-0.016003174183308988,4.228811846738568,0,1.0,-0.016003174183308988,3.3837399755422677,0,0.0,-0.0,4.105923174275824,0,0.0,-0.0,35.56849332203403
2024-04-22,156.95,0.05477150537634401,False,1.0,0.05477150537634401,47.58223434894643,0,0.0,0.0,19.26316836489613,0,0.0,0.0,37.50815585449176,0,1.0,0.05477150537634401,5.108248344022447,0,1.0,0.05477150537634401,4.460430237537756,0,1.0,0.05477150537634401,3.5690725078048313,0,0.0,0.0,4.105923174275824,0,0.0,0.0,35.56849332203403
2024-04-23,154.75,-0.01401720293086961,False,1.0,-0.01401720293086961,46.91526451417305,0,0.0,-0.0,19.26316836489613,0,0.0,-0.0,37.50815585449176,0,1.0,-0.01401720293086961,5.036644990363006,0,1.0,-0.01401720293086961,4.397907481739202,0,1.0,-0.01401720293086961,3.5190440941879433,0,0.0,-0.0,4.105923174275824,0,0.0,-0.0,35.56849332203403
2024-04-24,147.78,-0.04504038772213248,False,1.0,-0.04504038772213248,44.80218281036829,0,0.0,-0.0,19.26316836489613,0,0.0,-0.0,37.50815585449176,0,1.0,-0.04504038772213248,4.809792547178319,0,1.0,-0.04504038772213248,4.1998240235956015,0,1.0,-0.04504038772213248,3.360544983774438,0,0.0,-0.0,4.105923174275824,0,0.0,-0.0,35.56849332203403
2024-04-25,144.84,-0.019894437677628884,False,1.0,-0.019894437677628884,43.91086857662569,0,0.0,-0.0,19.26316836489613,0,0.0,-0.0,37.50815585449176,0,0.0,-0.001,4.804982754631141,0,0.0,-0.001,4.195624199572006,0,0.0,-0.001,3.3571844387906635,0,0.0,-0.0,4.105923174275824,0,0.0,-0.0,35.56849332203403
2024-04-26,139.23,-0.03873239436619724,False,1.0,-0.03873239436619724,42.21009549795357,0,0.0,-0.0,19.26316836489613,0,0.0,-0.0,37.50815585449176,0,0.0,-0.0,4.804982754631141,0,0.0,-0.0,4.195624199572006,0,0.0,-0.0,3.3571844387906635,0,0.0,-0.0,4.105923174275824,0,0.0,-0.0,35.56849332203403
2024-04-27,141.31,0.014939309056956285,False,1.0,0.014939309056956285,42.84068515992114,0,0.0,0.0,19.26316836489613,0,0.0,0.0,37.50815585449176,0,0.0,0.0,4.804982754631141,0,0.0,0.0,4.195624199572006,0,0.0,0.0,3.3571844387906635,0,0.0,0.0,4.105923174275824,0,0.0,0.0,35.56849332203403
2024-04-28,137.99,-0.02349444483759111,False,1.0,-0.02349444483759111,41.834167045626764,0,0.0,-0.0,19.26316836489613,0,0.0,-0.0,37.50815585449176,0,0.0,-0.0,4.804982754631141,0,0.0,-0.0,4.195624199572006,0,0.0,-0.0,3.3571844387906635,0,0.0,-0.0,4.105923174275824,0,0.0,-0.0,35.56849332203403
2024-04-29,137.77,-0.0015943184288716994,False,1.0,-0.0015943184288716994,41.76747006214942,0,0.0,-0.0,19.26316836489613,0,0.0,-0.0,37.50815585449176,0,0.0,-0.0,4.804982754631141,0,0.0,-0.0,4.195624199572006,0,0.0,-0.0,3.3571844387906635,0,0.0,-0.0,4.105923174275824,0,0.0,-0.0,35.56849332203403
2024-04-30,126.77,-0.07984321695579599,False,1.0,-0.07984321695579599,38.432620888282514,0,0.0,-0.0,19.26316836489613,0,0.0,-0.0,37.50815585449176,0,0.0,-0.0,4.804982754631141,0,0.0,-0.0,4.195624199572006,0,0.0,-0.0,3.3571844387906635,0,0.0,-0.0,4.105923174275824,0,0.0,-0.0,35.56849332203403
2024-05-01,134.64,0.0620809339749151,False,1.0,0.0620809339749151,40.81855388813092,0,0.0,0.0,19.26316836489613,0,0.0,0.0,37.50815585449176,0,0.0,0.0,4.804982754631141,0,0.0,0.0,4.195624199572006,0,0.0,0.0,3.3571844387906635,0,0.0,0.0,4.105923174275824,0,0.0,0.0,35.56849332203403
2024-05-02,137.58,0.0218360071301249,False,1.0,0.0218360071301249,41.709868121873534,0,0.0,0.0,19.26316836489613,0,0.0,0.0,37.50815585449176,0,0.0,0.0,4.804982754631141,0,0.0,0.0,4.195624199572006,0,0.0,0.0,3.3571844387906635,0,0.0,0.0,4.105923174275824,0,0.0,0.0,35.56849332203403
2024-05-03,143.69,0.044410524785579275,True,1.0,0.044410524785579275,43.56222525390324,0,0.0,0.0,19.26316836489613,0,0.0,0.0,37.50815585449176,0,0.0,0.0,4.804982754631141,0,0.0,0.0,4.195624199572006,0,0.0,0.0,3.3571844387906635,0,0.0,0.0,4.105923174275824,0,0.0,0.0,35.56849332203403
2024-05-04,146.05,0.016424246642076756,False,1.0,0.016424246642076756,44.27770198575106,0,0.0,0.0,19.26316836489613,0,0.0,0.0,37.50815585449176,0,0.0,0.0,4.804982754631141,0,0.0,0.0,4.195624199572006,0,0.0,0.0,3.3571844387906635,0,0.0,0.0,4.105923174275824,0,0.0,0.0,35.56849332203403
2024-05-05,145.73,-0.0021910304690175852,True,1.0,-0.0021910304690175852,44.180688191602194,0,0.0,-0.0,19.26316836489613,0,0.0,-0.0,37.50815585449176,0,0.0,-0.0,4.804982754631141,0,0.0,-0.0,4.195624199572006,0,0.0,-0.0,3.3571844387906635,0,0.0,-0.0,4.105923174275824,0,0.0,-0.0,35.56849332203403
2024-05-06,152.82,0.04865161600219592,True,1.0,0.04865161600219592,46.330150068212774,0,0.0,0.0,19.26316836489613,0,0.0,0.0,37.50815585449176,0,0.0,0.0,4.804982754631141,0,0.0,0.0,4.195624199572006,0,0.0,0.0,3.3571844387906635,0,0.0,0.0,4.105923174275824,0,0.0,0.0,35.56849332203403
2024-05-07,148.03,-0.03134406491296948,True,1.0,-0.03134406491296948,44.8779748370471,0,0.0,-0.0,19.26316836489613,0,0.0,-0.0,37.50815585449176,0,0.0,-0.0,4.804982754631141,0,0.0,-0.0,4.195624199572006,0,0.0,-0.0,3.3571844387906635,0,0.0,-0.0,4.105923174275824,0,0.0,-0.0,35.56849332203403
2024-05-08,142.18,-0.03951901641559141,True,1.0,-0.03951901641559141,43.104441412763336,0,0.0,-0.0,19.26316836489613,0,0.0,-0.0,37.50815585449176,0,0.0,-0.0,4.804982754631141,0,0.0,-0.0,4.195624199572006,0,0.0,-0.0,3.3571844387906635,0,0.0,-0.0,4.105923174275824,0,0.0,-0.0,35.56849332203403
2024-05-09,152.57,0.07307638205092126,True,1.0,0.07307638205092126,46.25435804153398,0,0.0,0.0,19.26316836489613,0,0.0,0.0,37.50815585449176,0,0.0,0.0,4.804982754631141,0,0.0,0.0,4.195624199572006,0,0.0,0.0,3.3571844387906635,0,0.0,0.0,4.105923174275824,0,0.0,0.0,35.56849332203403
2024-05-10,146.01,-0.0429966572720718,False,1.0,-0.0429966572720718,44.26557526148245,0,0.0,-0.0,19.26316836489613,0,0.0,-0.0,37.50815585449176,0,0.0,-0.0,4.804982754631141,0,0.0,-0.0,4.195624199572006,0,0.0,-0.0,3.3571844387906635,0,0.0,-0.0,4.105923174275824,0,0.0,-0.0,35.56849332203403
2024-05-11,145.42,-0.0040408191219779566,False,1.0,-0.0040408191219779566,44.08670607852049,0,0.0,-0.0,19.26316836489613,0,0.0,-0.0,37.50815585449176,0,0.0,-0.0,4.804982754631141,0,0.0,-0.0,4.195624199572006,0,0.0,-0.0,3.3571844387906635,0,0.0,-0.0,4.105923174275824,0,0.0,-0.0,35.56849332203403
2024-05-12,143.43,-0.013684500068766203,False,1.0,-0.013684500068766203,43.4834015461573,0,0.0,-0.0,19.26316836489613,0,0.0,-0.0,37.50815585449176,0,0.0,-0.0,4.804982754631141,0,0.0,-0.0,4.195624199572006,0,0.0,-0.0,3.3571844387906635,0,0.0,-0.0,4.105923174275824,0,0.0,-0.0,35.56849332203403
2024-05-13,147.54,0.028655093076762173,False,1.0,0.028655093076762173,44.72942246475667,0,0.0,0.0,19.26316836489613,0,0.0,0.0,37.50815585449176,0,0.0,0.0,4.804982754631141,0,0.0,0.0,4.195624199572006,0,0.0,0.0,3.3571844387906635,0,0.0,0.0,4.105923174275824,0,0.0,0.0,35.56849332203403
2024-05-14,142.03,-0.037345804527585735,False,1.0,-0.037345804527585735,43.05896619675606,0,0.0,-0.0,19.26316836489613,0,0.0,-0.0,37.50815585449176,0,0.0,-0.0,4.804982754631141,0,0.0,-0.0,4.195624199572006,0,0.0,-0.0,3.3571844387906635,0,0.0,-0.0,4.105923174275824,0,0.0,-0.0,35.56849332203403
2024-05-15,158.52,0.11610223192283331,True,1.0,0.11610223192283331,48.058208276489275,0,0.0,0.0,19.26316836489613,0,0.0,0.0,37.50815585449176,0,0.0,0.0,4.804982754631141,0,0.0,0.0,4.195624199572006,0,0.0,0.0,3.3571844387906635,0,0.0,0.0,4.105923174275824,0,0.0,0.0,35.56849332203403
2024-05-16,159.37,0.005362099419631505,True,1.0,0.005362099419631505,48.31590116719717,0,0.0,0.0,19.26316836489613,0,0.0,0.0,37.50815585449176,0,0.0,0.0,4.804982754631141,0,0.0,0.0,4.195624199572006,0,0.0,0.0,3.3571844387906635,0,0.0,0.0,4.105923174275824,0,0.0,0.0,35.56849332203403
2024-05-17,169.44,0.06318629604065995,True,1.0,0.06318629604065995,51.36880400181896,0,0.0,0.0,19.26316836489613,0,0.0,0.0,37.50815585449176,0,0.0,0.0,4.804982754631141,0,0.0,0.0,4.195624199572006,0,0.0,0.0,3.3571844387906635,0,0.0,0.0,4.105923174275824,0,0.0,0.0,35.56849332203403
2024-05-18,172.4,0.01746931067044377,True,1.0,0.01746931067044377,52.26618159769587,0,0.0,0.0,19.26316836489613,0,0.0,0.0,37.50815585449176,0,0.0,0.0,4.804982754631141,0,0.0,0.0,4.195624199572006,0,0.0,0.0,3.3571844387906635,0,0.0,0.0,4.105923174275824,0,0.0,0.0,35.56849332203403
2024-05-19,169.93,-0.014327146171693728,True,1.0,-0.014327146171693728,51.51735637410939,0,0.0,-0.0,19.26316836489613,0,0.0,-0.0,37.50815585449176,0,0.0,-0.0,4.804982754631141,0,0.0,-0.0,4.195624199572006,0,0.0,-0.0,3.3571844387906635,0,0.0,-0.0,4.105923174275824,0,0.0,-0.0,35.56849332203403
2024-05-20,186.7,0.09868769493320761,True,1.0,0.09868769493320761,56.601485523722836,0,0.0,0.0,19.26316836489613,0,0.0,0.0,37.50815585449176,0,0.0,0.0,4.804982754631141,0,0.0,0.0,4.195624199572006,0,0.0,0.0,3.3571844387906635,0,0.0,0.0,4.105923174275824,0,0.0,0.0,35.56849332203403
2024-05-21,178.15,-0.04579539367969998,True,1.0,-0.04579539367969998,54.00939821130811,0,0.0,-0.0,19.26316836489613,0,0.0,-0.0,37.50815585449176,0,0.0,-0.0,4.804982754631141,0,0.0,-0.0,4.195624199572006,0,0.0,-0.0,3.3571844387906635,0,0.0,-0.0,4.105923174275824,0,0.0,-0.0,35.56849332203403
2024-05-22,176.95,-0.006735896716250411,True,1.0,-0.006735896716250411,53.645596483249896,0,0.0,-0.0,19.26316836489613,0,0.0,-0.0,37.50815585449176,0,0.0,-0.0,4.804982754631141,0,0.0,-0.0,4.195624199572006,0,0.0,-0.0,3.3571844387906635,0,0.0,-0.0,4.105923174275824,0,0.0,-0.0,35.56849332203403
2024-05-23,176.16,-0.004464538005086172,True,1.0,-0.004464538005086172,53.40609367894491,0,0.0,-0.0,19.26316836489613,0,0.0,-0.0,37.50815585449176,0,0.0,-0.0,4.804982754631141,0,0.0,-0.0,4.195624199572006,0,0.0,-0.0,3.3571844387906635,0,0.0,-0.0,4.105923174275824,0,0.0,-0.0,35.56849332203403
2024-05-24,167.7,-0.048024523160763,True,1.0,-0.048024523160763,50.841291496134545,0,0.0,-0.0,19.26316836489613,0,0.0,-0.0,37.50815585449176,0,0.0,-0.0,4.804982754631141,0,0.0,-0.0,4.195624199572006,0,0.0,-0.0,3.3571844387906635,0,0.0,-0.0,4.105923174275824,0,0.0,-0.0,35.56849332203403
2024-05-25,168.35,0.003875968992248069,True,1.0,0.003875968992248069,51.03835076549941,0,0.0,0.0,19.26316836489613,0,0.0,0.0,37.50815585449176,0,0.0,0.0,4.804982754631141,0,0.0,0.0,4.195624199572006,0,0.0,0.0,3.3571844387906635,0,0.0,0.0,4.105923174275824,0,0.0,0.0,35.56849332203403
2024-05-26,163.41,-0.02934362934362933,True,1.0,-0.02934362934362933,49.54070031832645,0,0.0,-0.0,19.26316836489613,0,0.0,-0.0,37.50815585449176,0,0.0,-0.0,4.804982754631141,0,0.0,-0.0,4.195624199572006,0,0.0,-0.0,3.3571844387906635,0,0.0,-0.0,4.105923174275824,0,0.0,-0.0,35.56849332203403
2024-05-27,170.15,0.041245945780552074,True,1.0,0.041245945780552074,51.584053357586725,0,0.0,0.0,19.26316836489613,0,0.0,0.0,37.50815585449176,0,0.0,0.0,4.804982754631141,0,0.0,0.0,4.195624199572006,0,0.0,0.0,3.3571844387906635,0,0.0,0.0,4.105923174275824,0,0.0,0.0,35.56849332203403
2024-05-28,168.68,-0.008639435791948258,True,1.0,-0.008639435791948258,51.13839624071542,0,0.0,-0.0,19.26316836489613,0,0.0,-0.0,37.50815585449176,0,0.0,-0.0,4.804982754631141,0,0.0,-0.0,4.195624199572006,0,0.0,-0.0,3.3571844387906635,0,0.0,-0.0,4.105923174275824,0,0.0,-0.0,35.56849332203403
2024-05-29,168.32,-0.0021342186388428885,True,1.0,-0.0021342186388428885,51.029255722297954,0,0.0,-0.0,19.26316836489613,0,0.0,-0.0,37.50815585449176,0,0.0,-0.0,4.804982754631141,0,0.0,-0.0,4.195624199572006,0,0.0,-0.0,3.3571844387906635,0,0.0,-0.0,4.105923174275824,0,0.0,-0.0,35.56849332203403
2024-05-30,166.88,-0.008555133079847899,True,1.0,-0.008555133079847899,50.59269364862811,0,0.0,-0.0,19.26316836489613,0,0.0,-0.0,37.50815585449176,0,0.0,-0.0,4.804982754631141,0,0.0,-0.0,4.195624199572006,0,0.0,-0.0,3.3571844387906635,0,0.0,-0.0,4.105923174275824,0,0.0,-0.0,35.56849332203403
2024-05-31,165.65,-0.007370565675934748,True,1.0,-0.007370565675934748,50.219796877368445,0,0.0,-0.0,19.26316836489613,0,0.0,-0.0,37.50815585449176,0,0.0,-0.0,4.804982754631141,0,0.0,-0.0,4.195624199572006,0,0.0,-0.0,3.3571844387906635,0,0.0,-0.0,4.105923174275824,0,0.0,-0.0,35.56849332203403
2024-06-01,166.14,0.0029580440688197207,True,1.0,0.0029580440688197207,50.36834924965888,0,0.0,0.0,19.26316836489613,0,0.0,0.0,37.50815585449176,0,0.0,0.0,4.804982754631141,0,0.0,0.0,4.195624199572006,0,0.0,0.0,3.3571844387906635,0,0.0,0.0,4.105923174275824,0,0.0,0.0,35.56849332203403
2024-06-02,163.15,-0.017996870109546093,True,1.0,-0.017996870109546093,49.46187661058051,0,0.0,-0.0,19.26316836489613,0,0.0,-0.0,37.50815585449176,0,0.0,-0.0,4.804982754631141,0,0.0,-0.0,4.195624199572006,0,0.0,-0.0,3.3571844387906635,0,0.0,-0.0,4.105923174275824,0,0.0,-0.0,35.56849332203403
2024-06-03,164.89,0.010665032178976297,True,1.0,0.010665032178976297,49.98938911626491,0,0.0,0.0,19.26316836489613,0,0.0,0.0,37.50815585449176,0,0.0,0.0,4.804982754631141,0,0.0,0.0,4.195624199572006,0,0.0,0.0,3.3571844387906635,0,0.0,0.0,4.105923174275824,0,0.0,0.0,35.56849332203403
2024-06-04,171.78,0.04178543271271762,True,1.0,0.04178543271271762,52.07821737153245,0,0.0,0.0,19.26316836489613,0,0.0,0.0,37.50815585449176,0,0.0,0.0,4.804982754631141,0,0.0,0.0,4.195624199572006,0,0.0,0.0,3.3571844387906635,0,0.0,0.0,4.105923174275824,0,0.0,0.0,35.56849332203403
2024-06-05,173.54,0.010245663057399046,True,1.0,0.010245663057399046,52.61179323935116,0,0.0,0.0,19.26316836489613,0,0.0,0.0,37.50815585449176,0,0.0,0.0,4.804982754631141,0,0.0,0.0,4.195624199572006,0,0.0,0.0,3.3571844387906635,0,0.0,0.0,4.105923174275824,0,0.0,0.0,35.56849332203403
2024-06-06,170.15,-0.019534401290768666,True,1.0,-0.019534401290768666,51.584053357586725,0,0.0,-0.0,19.26316836489613,0,0.0,-0.0,37.50815585449176,0,0.0,-0.0,4.804982754631141,0,0.0,-0.0,4.195624199572006,0,0.0,-0.0,3.3571844387906635,0,0.0,-0.0,4.105923174275824,0,0.0,-0.0,35.56849332203403
2024-06-07,162.5,-0.044960329121363496,False,1.0,-0.044960329121363496,49.264817341215654,0,0.0,-0.0,19.26316836489613,0,0.0,-0.0,37.50815585449176,0,0.0,-0.0,4.804982754631141,0,0.0,-0.0,4.195624199572006,0,0.0,-0.0,3.3571844387906635,0,0.0,-0.0,4.105923174275824,0,0.0,-0.0,35.56849332203403
2024-06-08,157.83,-0.02873846153846149,False,1.0,-0.02873846153846149,47.8490222828558,0,0.0,-0.0,19.26316836489613,0,0.0,-0.0,37.50815585449176,0,0.0,-0.0,4.804982754631141,0,0.0,-0.0,4.195624199572006,0,0.0,-0.0,3.3571844387906635,0,0.0,-0.0,4.105923174275824,0,0.0,-0.0,35.56849332203403
2024-06-09,162.12,0.027181144269150304,False,1.0,0.027181144269150304,49.14961346066389,0,0.0,0.0,19.26316836489613,0,0.0,0.0,37.50815585449176,0,0.0,0.0,4.804982754631141,0,0.0,0.0,4.195624199572006,0,0.0,0.0,3.3571844387906635,0,0.0,0.0,4.105923174275824,0,0.0,0.0,35.56849332203403
2024-06-10,159.05,-0.0189365901801134,False,1.0,-0.0189365901801134,48.21888737304832,0,0.0,-0.0,19.26316836489613,0,0.0,-0.0,37.50815585449176,0,0.0,-0.0,4.804982754631141,0,0.0,-0.0,4.195624199572006,0,0.0,-0.0,3.3571844387906635,0,0.0,-0.0,4.105923174275824,0,0.0,-0.0,35.56849332203403
2024-06-11,149.31,-0.061238604212511816,False,1.0,-0.061238604212511816,45.26603001364253,0,0.0,-0.0,19.26316836489613,0,0.0,-0.0,37.50815585449176,0,0.0,-0.0,4.804982754631141,0,0.0,-0.0,4.195624199572006,0,0.0,-0.0,3.3571844387906635,0,0.0,-0.0,4.105923174275824,0,0.0,-0.0,35.56849332203403
2024-06-12,155.22,0.03958207755676102,False,1.0,0.03958207755676102,47.0577535243292,0,0.0,0.0,19.26316836489613,0,0.0,0.0,37.50815585449176,0,0.0,0.0,4.804982754631141,0,0.0,0.0,4.195624199572006,0,0.0,0.0,3.3571844387906635,0,0.0,0.0,4.105923174275824,0,0.0,0.0,35.56849332203403
2024-06-13,147.29,-0.0510887772194305,False,1.0,-0.0510887772194305,44.653630438077876,0,0.0,-0.0,19.26316836489613,0,0.0,-0.0,37.50815585449176,0,0.0,-0.0,4.804982754631141,0,0.0,-0.0,4.195624199572006,0,0.0,-0.0,3.3571844387906635,0,0.0,-0.0,4.105923174275824,0,0.0,-0.0,35.56849332203403
2024-06-14,143.05,-0.028786747233349064,False,1.0,-0.028786747233349064,43.36819766560554,0,0.0,-0.0,19.26316836489613,0,0.0,-0.0,37.50815585449176,0,0.0,-0.0,4.804982754631141,0,0.0,-0.0,4.195624199572006,0,0.0,-0.0,3.3571844387906635,0,0.0,-0.0,4.105923174275824,0,0.0,-0.0,35.56849332203403
2024-06-15,145.52,0.017266689968542526,False,1.0,0.017266689968542526,44.11702288919202,0,0.0,0.0,19.26316836489613,0,0.0,0.0,37.50815585449176,0,0.0,0.0,4.804982754631141,0,0.0,0.0,4.195624199572006,0,0.0,0.0,3.3571844387906635,0,0.0,0.0,4.105923174275824,0,0.0,0.0,35.56849332203403
2024-06-16,151.3,0.03971962616822422,False,1.0,0.03971962616822422,45.86933454600572,0,0.0,0.0,19.26316836489613,0,0.0,0.0,37.50815585449176,0,0.0,0.0,4.804982754631141,0,0.0,0.0,4.195624199572006,0,0.0,0.0,3.3571844387906635,0,0.0,0.0,4.105923174275824,0,0.0,0.0,35.56849332203403
2024-06-17,143.27,-0.05307336417713149,False,1.0,-0.05307336417713149,43.43489464908288,0,0.0,-0.0,19.26316836489613,0,0.0,-0.0,37.50815585449176,0,0.0,-0.0,4.804982754631141,0,0.0,-0.0,4.195624199572006,0,0.0,-0.0,3.3571844387906635,0,0.0,-0.0,4.105923174275824,0,0.0,-0.0,35.56849332203403
2024-06-18,137.41,-0.04090179381587222,False,1.0,-0.04090179381587222,41.65832954373196,0,0.0,-0.0,19.26316836489613,0,0.0,-0.0,37.50815585449176,0,0.0,-0.0,4.804982754631141,0,0.0,-0.0,4.195624199572006,0,0.0,-0.0,3.3571844387906635,0,0.0,-0.0,4.105923174275824,0,0.0,-0.0,35.56849332203403
2024-06-19,135.62,-0.013026708390946773,False,1.0,-0.013026708390946773,41.1156586327118,0,0.0,-0.0,19.26316836489613,0,0.0,-0.0,37.50815585449176,0,0.0,-0.0,4.804982754631141,0,0.0,-0.0,4.195624199572006,0,0.0,-0.0,3.3571844387906635,0,0.0,-0.0,4.105923174275824,0,0.0,-0.0,35.56849332203403
2024-06-20,133.55,-0.015263235510986517,False,1.0,-0.015263235510986517,40.48810065181139,0,0.0,-0.0,19.26316836489613,0,0.0,-0.0,37.50815585449176,0,0.0,-0.0,4.804982754631141,0,0.0,-0.0,4.195624199572006,0,0.0,-0.0,3.3571844387906635,0,0.0,-0.0,4.105923174275824,0,0.0,-0.0,35.56849332203403
2024-06-21,134.6,0.007862223886184738,False,1.0,0.007862223886184738,40.80642716386232,0,0.0,0.0,19.26316836489613,0,0.0,0.0,37.50815585449176,0,0.0,0.0,4.804982754631141,0,0.0,0.0,4.195624199572006,0,0.0,0.0,3.3571844387906635,0,0.0,0.0,4.105923174275824,0,0.0,0.0,35.56849332203403
2024-06-22,133.69,-0.006760772659732517,False,1.0,-0.006760772659732517,40.53054418675151,0,0.0,-0.0,19.26316836489613,0,0.0,-0.0,37.50815585449176,0,0.0,-0.0,4.804982754631141,0,0.0,-0.0,4.195624199572006,0,0.0,-0.0,3.3571844387906635,0,0.0,-0.0,4.105923174275824,0,0.0,-0.0,35.56849332203403
2024-06-23,128.69,-0.037399955120053896,False,1.0,-0.037399955120053896,39.014703653175644,0,0.0,-0.0,19.26316836489613,0,0.0,-0.0,37.50815585449176,0,0.0,-0.0,4.804982754631141,0,0.0,-0.0,4.195624199572006,0,0.0,-0.0,3.3571844387906635,0,0.0,-0.0,4.105923174275824,0,0.0,-0.0,35.56849332203403
2024-06-24,132.33,0.02828502603154881,False,1.0,0.02828502603154881,40.11823556161888,0,0.0,0.0,19.26316836489613,0,0.0,0.0,37.50815585449176,0,0.0,0.0,4.804982754631141,0,0.0,0.0,4.195624199572006,0,0.0,0.0,3.3571844387906635,0,0.0,0.0,4.105923174275824,0,0.0,0.0,35.56849332203403
2024-06-25,136.58,0.03211667800196483,False,1.0,0.03211667800196483,41.40670001515837,0,0.0,0.0,19.26316836489613,0,0.0,0.0,37.50815585449176,0,0.0,0.0,4.804982754631141,0,0.0,0.0,4.195624199572006,0,0.0,0.0,3.3571844387906635,0,0.0,0.0,4.105923174275824,0,0.0,0.0,35.56849332203403
2024-06-26,136.81,0.0016839947283642243,False,1.0,0.0016839947283642243,41.476428679702856,0,0.0,0.0,19.26316836489613,0,0.0,0.0,37.50815585449176,0,0.0,0.0,4.804982754631141,0,0.0,0.0,4.195624199572006,0,0.0,0.0,3.3571844387906635,0,0.0,0.0,4.105923174275824,0,0.0,0.0,35.56849332203403
2024-06-27,149.71,0.09429135297127411,False,1.0,0.09429135297127411,45.387297256328594,0,0.0,0.0,19.26316836489613,0,0.0,0.0,37.50815585449176,0,0.0,0.0,4.804982754631141,0,0.0,0.0,4.195624199572006,0,0.0,0.0,3.3571844387906635,0,0.0,0.0,4.105923174275824,0,0.0,0.0,35.56849332203403
2024-06-28,140.03,-0.06465833945628219,False,1.0,-0.06465833945628219,42.452629983325714,0,0.0,-0.0,19.26316836489613,0,0.0,-0.0,37.50815585449176,0,0.0,-0.0,4.804982754631141,0,0.0,-0.0,4.195624199572006,0,0.0,-0.0,3.3571844387906635,0,0.0,-0.0,4.105923174275824,0,0.0,-0.0,35.56849332203403
2024-06-29,140.28,0.0017853317146325764,False,1.0,0.0017853317146325764,42.528422010004505,0,0.0,0.0,19.26316836489613,0,0.0,0.0,37.50815585449176,0,0.0,0.0,4.804982754631141,0,0.0,0.0,4.195624199572006,0,0.0,0.0,3.3571844387906635,0,0.0,0.0,4.105923174275824,0,0.0,0.0,35.56849332203403
2024-06-30,146.61,0.04512403763900785,False,1.0,0.04512403763900785,44.44747612551156,0,0.0,0.0,19.26316836489613,0,0.0,0.0,37.50815585449176,0,0.0,0.0,4.804982754631141,0,0.0,0.0,4.195624199572006,0,0.0,0.0,3.3571844387906635,0,0.0,0.0,4.105923174275824,0,0.0,0.0,35.56849332203403
2024-07-01,146.67,0.00040924902803340935,False,1.0,0.00040924902803340935,44.46566621191446,0,0.0,0.0,19.26316836489613,0,0.0,0.0,37.50815585449176,0,0.0,0.0,4.804982754631141,0,0.0,0.0,4.195624199572006,0,0.0,0.0,3.3571844387906635,0,0.0,0.0,4.105923174275824,0,0.0,0.0,35.56849332203403
2024-07-02,154.03,0.05018067771187029,False,1.0,0.05018067771187029,46.69698347733814,0,0.0,0.0,19.26316836489613,0,0.0,0.0,37.50815585449176,0,0.0,0.0,4.804982754631141,0,0.0,0.0,4.195624199572006,0,0.0,0.0,3.3571844387906635,0,0.0,0.0,4.105923174275824,0,0.0,0.0,35.56849332203403
2024-07-03,140.84,-0.08563266896059207,False,1.0,-0.08563266896059207,42.698196149765,0,0.0,-0.0,19.26316836489613,0,0.0,-0.0,37.50815585449176,0,0.0,-0.0,4.804982754631141,0,0.0,-0.0,4.195624199572006,0,0.0,-0.0,3.3571844387906635,0,0.0,-0.0,4.105923174275824,0,0.0,-0.0,35.56849332203403
2024-07-04,127.86,-0.09216131780744108,False,1.0,-0.09216131780744108,38.763074124602056,0,0.0,-0.0,19.26316836489613,0,0.0,-0.0,37.50815585449176,0,0.0,-0.0,4.804982754631141,0,0.0,-0.0,4.195624199572006,0,0.0,-0.0,3.3571844387906635,0,0.0,-0.0,4.105923174275824,0,0.0,-0.0,35.56849332203403
2024-07-05,134.32,0.05052401063663381,False,1.0,0.05052401063663381,40.72154009398208,0,0.0,0.0,19.26316836489613,0,0.0,0.0,37.50815585449176,0,0.0,0.0,4.804982754631141,0,0.0,0.0,4.195624199572006,0,0.0,0.0,3.3571844387906635,0,0.0,0.0,4.105923174275824,0,0.0,0.0,35.56849332203403
2024-07-06,143.05,0.06499404407385367,False,1.0,0.06499404407385367,43.36819766560555,0,0.0,0.0,19.26316836489613,0,0.0,0.0,37.50815585449176,0,0.0,0.0,4.804982754631141,0,0.0,0.0,4.195624199572006,0,0.0,0.0,3.3571844387906635,0,0.0,0.0,4.105923174275824,0,0.0,0.0,35.56849332203403
2024-07-07,131.64,-0.07976232086683,False,1.0,-0.07976232086683,39.90904956798541,0,0.0,-0.0,19.26316836489613,0,0.0,-0.0,37.50815585449176,0,0.0,-0.0,4.804982754631141,0,0.0,-0.0,4.195624199572006,0,0.0,-0.0,3.3571844387906635,0,0.0,-0.0,4.105923174275824,0,0.0,-0.0,35.56849332203403
2024-07-08,139.81,0.06206320267395937,True,1.0,0.06206320267395937,42.385932999848386,0,0.0,0.0,19.26316836489613,0,0.0,0.0,37.50815585449176,0,0.0,0.0,4.804982754631141,0,0.0,0.0,4.195624199572006,0,0.0,0.0,3.3571844387906635,0,0.0,0.0,4.105923174275824,0,0.0,0.0,35.56849332203403
2024-07-09,141.42,0.011515628352764429,True,1.0,0.011515628352764429,42.874033651659815,0,0.0,0.0,19.26316836489613,0,0.0,0.0,37.50815585449176,0,0.0,0.0,4.804982754631141,0,0.0,0.0,4.195624199572006,0,0.0,0.0,3.3571844387906635,0,0.0,0.0,4.105923174275824,0,0.0,0.0,35.56849332203403
2024-07-10,141.98,0.003959835949653545,True,1.0,0.003959835949653545,43.04380779142031,0,0.0,0.0,19.26316836489613,0,0.0,0.0,37.50815585449176,0,0.0,0.0,4.804982754631141,0,0.0,0.0,4.195624199572006,0,0.0,0.0,3.3571844387906635,0,0.0,0.0,4.105923174275824,0,0.0,0.0,35.56849332203403
2024-07-11,135.73,-0.04402028454711937,True,1.0,-0.04402028454711937,41.14900712445048,0,0.0,-0.0,19.26316836489613,0,0.0,-0.0,37.50815585449176,0,0.0,-0.0,4.804982754631141,0,0.0,-0.0,4.195624199572006,0,0.0,-0.0,3.3571844387906635,0,0.0,-0.0,4.105923174275824,0,0.0,-0.0,35.56849332203403
2024-07-12,139.46,0.027481028512488237,True,1.0,0.027481028512488237,42.27982416249808,0,0.0,0.0,19.26316836489613,0,0.0,0.0,37.50815585449176,0,0.0,0.0,4.804982754631141,0,0.0,0.0,4.195624199572006,0,0.0,0.0,3.3571844387906635,0,0.0,0.0,4.105923174275824,0,0.0,0.0,35.56849332203403
2024-07-13,141.9,0.017496056216836253,True,1.0,0.017496056216836253,43.0195543428831,0,0.0,0.0,19.26316836489613,0,0.0,0.0,37.50815585449176,0,0.0,0.0,4.804982754631141,0,0.0,0.0,4.195624199572006,0,0.0,0.0,3.3571844387906635,0,0.0,0.0,4.105923174275824,0,0.0,0.0,35.56849332203403
2024-07-14,147.66,0.04059196617336136,True,1.0,0.04059196617336136,44.76580263756249,0,0.0,0.0,19.26316836489613,0,0.0,0.0,37.50815585449176,0,0.0,0.0,4.804982754631141,0,0.0,0.0,4.195624199572006,0,0.0,0.0,3.3571844387906635,0,0.0,0.0,4.105923174275824,0,0.0,0.0,35.56849332203403
2024-07-15,159.38,0.07937152918867674,True,1.0,0.07937152918867674,48.31893284826432,0,0.0,0.0,19.26316836489613,0,0.0,0.0,37.50815585449176,0,0.0,0.0,4.804982754631141,0,0.0,0.0,4.195624199572006,0,0.0,0.0,3.3571844387906635,0,0.0,0.0,4.105923174275824,0,0.0,0.0,35.56849332203403
2024-07-16,160.62,0.00778014807378602,True,1.0,0.00778014807378602,48.694861300591135,0,0.0,0.0,19.26316836489613,0,0.0,0.0,37.50815585449176,0,0.0,0.0,4.804982754631141,0,0.0,0.0,4.195624199572006,0,0.0,0.0,3.3571844387906635,0,0.0,0.0,4.105923174275824,0,0.0,0.0,35.56849332203403
2024-07-17,155.5,-0.03187647864524967,True,1.0,-0.03187647864524967,47.142640594209446,0,0.0,-0.0,19.26316836489613,0,0.0,-0.0,37.50815585449176,0,0.0,-0.0,4.804982754631141,0,0.0,-0.0,4.195624199572006,0,0.0,-0.0,3.3571844387906635,0,0.0,-0.0,4.105923174275824,0,0.0,-0.0,35.56849332203403
2024-07-18,159.22,0.023922829581993543,True,1.0,0.023922829581993543,48.27042595118989,0,0.0,0.0,19.26316836489613,0,0.0,0.0,37.50815585449176,0,0.0,0.0,4.804982754631141,0,0.0,0.0,4.195624199572006,0,0.0,0.0,3.3571844387906635,0,0.0,0.0,4.105923174275824,0,0.0,0.0,35.56849332203403
2024-07-19,169.13,0.062240924506971496,True,1.0,0.062240924506971496,51.27482188873726,0,0.0,0.0,19.26316836489613,0,0.0,0.0,37.50815585449176,0,0.0,0.0,4.804982754631141,0,0.0,0.0,4.195624199572006,0,0.0,0.0,3.3571844387906635,0,0.0,0.0,4.105923174275824,0,0.0,0.0,35.56849332203403
2024-07-20,173.6,0.026429373854431448,True,1.0,0.026429373854431448,52.62998332575408,0,0.0,0.0,19.26316836489613,0,0.0,0.0,37.50815585449176,0,0.0,0.0,4.804982754631141,0,0.0,0.0,4.195624199572006,0,0.0,0.0,3.3571844387906635,0,0.0,0.0,4.105923174275824,0,0.0,0.0,35.56849332203403
2024-07-21,184.49,0.06273041474654395,True,1.0,0.06273041474654395,55.931484007882325,0,0.0,0.0,19.26316836489613,0,0.0,0.0,37.50815585449176,0,0.0,0.0,4.804982754631141,0,0.0,0.0,4.195624199572006,0,0.0,0.0,3.3571844387906635,0,0.0,0.0,4.105923174275824,0,0.0,0.0,35.56849332203403
2024-07-22,178.9,-0.03029974524364465,True,1.0,-0.03029974524364465,54.2367742913445,0,0.0,-0.0,19.26316836489613,0,0.0,-0.0,37.50815585449176,0,0.0,-0.0,4.804982754631141,0,0.0,-0.0,4.195624199572006,0,0.0,-0.0,3.3571844387906635,0,0.0,-0.0,4.105923174275824,0,0.0,-0.0,35.56849332203403
2024-07-23,173.03,-0.032811626607043065,True,1.0,-0.032811626607043065,52.457177504926435,0,0.0,-0.0,19.26316836489613,0,0.0,-0.0,37.50815585449176,0,0.0,-0.0,4.804982754631141,0,0.0,-0.0,4.195624199572006,0,0.0,-0.0,3.3571844387906635,0,0.0,-0.0,4.105923174275824,0,0.0,-0.0,35.56849332203403
2024-07-24,178.06,0.029070103450268725,True,1.0,0.029070103450268725,53.98211308170376,0,0.0,0.0,19.26316836489613,0,0.0,0.0,37.50815585449176,0,0.0,0.0,4.804982754631141,0,0.0,0.0,4.195624199572006,0,0.0,0.0,3.3571844387906635,0,0.0,0.0,4.105923174275824,0,0.0,0.0,35.56849332203403
2024-07-25,171.85,-0.03487588453330348,True,1.0,-0.03487588453330348,52.09943913900253,0,0.0,-0.0,19.26316836489613,0,0.0,-0.0,37.50815585449176,0,0.0,-0.0,4.804982754631141,0,0.0,-0.0,4.195624199572006,0,0.0,-0.0,3.3571844387906635,0,0.0,-0.0,4.105923174275824,0,0.0,-0.0,35.56849332203403
2024-07-26,183.06,0.06523130637183594,True,1.0,0.06523130637183594,55.49795361527962,0,0.0,0.0,19.26316836489613,0,0.0,0.0,37.50815585449176,0,0.0,0.0,4.804982754631141,0,0.0,0.0,4.195624199572006,0,0.0,0.0,3.3571844387906635,0,0.0,0.0,4.105923174275824,0,0.0,0.0,35.56849332203403
2024-07-27,183.92,0.004697913252485364,True,1.0,0.004697913252485364,55.75867818705466,0,0.0,0.0,19.26316836489613,0,0.0,0.0,37.50815585449176,0,0.0,0.0,4.804982754631141,0,0.0,0.0,4.195624199572006,0,0.0,0.0,3.3571844387906635,0,0.0,0.0,4.105923174275824,0,0.0,0.0,35.56849332203403
2024-07-28,184.9,0.005328403653762637,True,1.0,0.005328403653762637,56.05578293163554,0,0.0,0.0,19.26316836489613,0,0.0,0.0,37.50815585449176,0,0.0,0.0,4.804982754631141,0,0.0,0.0,4.195624199572006,0,0.0,0.0,3.3571844387906635,0,0.0,0.0,4.105923174275824,0,0.0,0.0,35.56849332203403
2024-07-29,182.57,-0.012601406165494877,True,1.0,-0.012601406165494877,55.34940124298919,0,0.0,-0.0,19.26316836489613,0,0.0,-0.0,37.50815585449176,0,0.0,-0.0,4.804982754631141,0,0.0,-0.0,4.195624199572006,0,0.0,-0.0,3.3571844387906635,0,0.0,-0.0,4.105923174275824,0,0.0,-0.0,35.56849332203403
2024-07-30,179.16,-0.018677767431670045,True,1.0,-0.018677767431670045,54.31559799909045,0,0.0,-0.0,19.26316836489613,0,0.0,-0.0,37.50815585449176,0,0.0,-0.0,4.804982754631141,0,0.0,-0.0,4.195624199572006,0,0.0,-0.0,3.3571844387906635,0,0.0,-0.0,4.105923174275824,0,0.0,-0.0,35.56849332203403
2024-07-31,171.71,-0.04158294262112072,True,1.0,-0.04158294262112072,52.056995604062415,0,0.0,-0.0,19.26316836489613,0,0.0,-0.0,37.50815585449176,0,0.0,-0.0,4.804982754631141,0,0.0,-0.0,4.195624199572006,0,0.0,-0.0,3.3571844387906635,0,0.0,-0.0,4.105923174275824,0,0.0,-0.0,35.56849332203403
2024-08-01,167.37,-0.02527517325723605,True,1.0,-0.02527517325723605,50.74124602091856,0,0.0,-0.0,19.26316836489613,0,0.0,-0.0,37.50815585449176,0,0.0,-0.0,4.804982754631141,0,0.0,-0.0,4.195624199572006,0,0.0,-0.0,3.3571844387906635,0,0.0,-0.0,4.105923174275824,0,0.0,-0.0,35.56849332203403
2024-08-02,152.77,-0.08723188146023775,True,1.0,-0.08723188146023775,46.314991662877034,0,0.0,-0.0,19.26316836489613,0,0.0,-0.0,37.50815585449176,0,0.0,-0.0,4.804982754631141,0,0.0,-0.0,4.195624199572006,0,0.0,-0.0,3.3571844387906635,0,0.0,-0.0,4.105923174275824,0,0.0,-0.0,35.56849332203403
2024-08-03,142.52,-0.06709432480198996,False,1.0,-0.06709432480198996,43.207518569046506,0,0.0,-0.0,19.26316836489613,0,0.0,-0.0,37.50815585449176,0,0.0,-0.0,4.804982754631141,0,0.0,-0.0,4.195624199572006,0,0.0,-0.0,3.3571844387906635,0,0.0,-0.0,4.105923174275824,0,0.0,-0.0,35.56849332203403
2024-08-04,138.33,-0.029399382542800945,False,1.0,-0.029399382542800945,41.937244201909934,0,0.0,-0.0,19.26316836489613,0,0.0,-0.0,37.50815585449176,0,0.0,-0.0,4.804982754631141,0,0.0,-0.0,4.195624199572006,0,0.0,-0.0,3.3571844387906635,0,0.0,-0.0,4.105923174275824,0,0.0,-0.0,35.56849332203403
2024-08-05,129.78,-0.061808718282368336,False,1.0,-0.061808718282368336,39.3451568894952,0,0.0,-0.0,19.26316836489613,0,0.0,-0.0,37.50815585449176,0,0.0,-0.0,4.804982754631141,0,0.0,-0.0,4.195624199572006,0,0.0,-0.0,3.3571844387906635,0,0.0,-0.0,4.105923174275824,0,0.0,-0.0,35.56849332203403
2024-08-06,144.4,0.11265218061334559,False,1.0,0.11265218061334559,43.77747460967103,0,0.0,0.0,19.26316836489613,0,0.0,0.0,37.50815585449176,0,0.0,0.0,4.804982754631141,0,0.0,0.0,4.195624199572006,0,0.0,0.0,3.3571844387906635,0,0.0,0.0,4.105923174275824,0,0.0,0.0,35.56849332203403
2024-08-07,144.77,0.002562326869806064,False,1.0,0.002562326869806064,43.88964680915564,0,0.0,0.0,19.26316836489613,0,0.0,0.0,37.50815585449176,0,0.0,0.0,4.804982754631141,0,0.0,0.0,4.195624199572006,0,0.0,0.0,3.3571844387906635,0,0.0,0.0,4.105923174275824,0,0.0,0.0,35.56849332203403
2024-08-08,163.13,0.1268218553567726,False,1.0,0.1268218553567726,49.45581324844622,0,0.0,0.0,19.26316836489613,0,0.0,0.0,37.50815585449176,0,0.0,0.0,4.804982754631141,0,0.0,0.0,4.195624199572006,0,0.0,0.0,3.3571844387906635,0,0.0,0.0,4.105923174275824,0,0.0,0.0,35.56849332203403
2024-08-09,156.28,-0.041991050082756054,False,1.0,-0.041991050082756054,47.37911171744728,0,0.0,-0.0,19.26316836489613,0,0.0,-0.0,37.50815585449176,0,0.0,-0.0,4.804982754631141,0,0.0,-0.0,4.195624199572006,0,0.0,-0.0,3.3571844387906635,0,0.0,-0.0,4.105923174275824,0,0.0,-0.0,35.56849332203403
2024-08-10,154.01,-0.014525211159457485,False,1.0,-0.014525211159457485,46.69092011520383,0,0.0,-0.0,19.26316836489613,0,0.0,-0.0,37.50815585449176,0,0.0,-0.0,4.804982754631141,0,0.0,-0.0,4.195624199572006,0,0.0,-0.0,3.3571844387906635,0,0.0,-0.0,4.105923174275824,0,0.0,-0.0,35.56849332203403
2024-08-11,141.57,-0.08077397571586264,False,1.0,-0.08077397571586264,42.919508867667076,0,0.0,-0.0,19.26316836489613,0,0.0,-0.0,37.50815585449176,0,0.0,-0.0,4.804982754631141,0,0.0,-0.0,4.195624199572006,0,0.0,-0.0,3.3571844387906635,0,0.0,-0.0,4.105923174275824,0,0.0,-0.0,35.56849332203403
2024-08-12,146.29,0.0333403969767605,False,1.0,0.0333403969767605,44.35046233136269,0,0.0,0.0,19.26316836489613,0,0.0,0.0,37.50815585449176,0,0.0,0.0,4.804982754631141,0,0.0,0.0,4.195624199572006,0,0.0,0.0,3.3571844387906635,0,0.0,0.0,4.105923174275824,0,0.0,0.0,35.56849332203403
2024-08-13,146.65,0.0024608654043338785,False,1.0,0.0024608654043338785,44.459602849780154,0,0.0,0.0,19.26316836489613,0,0.0,0.0,37.50815585449176,0,0.0,0.0,4.804982754631141,0,0.0,0.0,4.195624199572006,0,0.0,0.0,3.3571844387906635,0,0.0,0.0,4.105923174275824,0,0.0,0.0,35.56849332203403
2024-08-14,143.71,-0.020047732696897413,False,1.0,-0.020047732696897413,43.56828861603754,0,0.0,-0.0,19.26316836489613,0,0.0,-0.0,37.50815585449176,0,0.0,-0.0,4.804982754631141,0,0.0,-0.0,4.195624199572006,0,0.0,-0.0,3.3571844387906635,0,0.0,-0.0,4.105923174275824,0,0.0,-0.0,35.56849332203403
2024-08-15,142.58,-0.007863057546447672,False,1.0,-0.007863057546447672,43.225708655449395,0,0.0,-0.0,19.26316836489613,0,0.0,-0.0,37.50815585449176,0,0.0,-0.0,4.804982754631141,0,0.0,-0.0,4.195624199572006,0,0.0,-0.0,3.3571844387906635,0,0.0,-0.0,4.105923174275824,0,0.0,-0.0,35.56849332203403
2024-08-16,139.04,-0.02482816664328813,False,1.0,-0.02482816664328813,42.15249355767767,0,0.0,-0.0,19.26316836489613,0,0.0,-0.0,37.50815585449176,0,0.0,-0.0,4.804982754631141,0,0.0,-0.0,4.195624199572006,0,0.0,-0.0,3.3571844387906635,0,0.0,-0.0,4.105923174275824,0,0.0,-0.0,35.56849332203403
2024-08-17,141.93,0.020785385500575515,False,1.0,0.020785385500575515,43.02864938608453,0,0.0,0.0,19.26316836489613,0,0.0,0.0,37.50815585449176,0,0.0,0.0,4.804982754631141,0,0.0,0.0,4.195624199572006,0,0.0,0.0,3.3571844387906635,0,0.0,0.0,4.105923174275824,0,0.0,0.0,35.56849332203403
2024-08-18,142.42,0.0034524061156906427,False,1.0,0.0034524061156906427,43.177201758374956,0,0.0,0.0,19.26316836489613,0,0.0,0.0,37.50815585449176,0,0.0,0.0,4.804982754631141,0,0.0,0.0,4.195624199572006,0,0.0,0.0,3.3571844387906635,0,0.0,0.0,4.105923174275824,0,0.0,0.0,35.56849332203403
2024-08-19,144.29,0.013130178345738042,False,1.0,0.013130178345738042,43.74412611793233,0,0.0,0.0,19.26316836489613,0,0.0,0.0,37.50815585449176,0,0.0,0.0,4.804982754631141,0,0.0,0.0,4.195624199572006,0,0.0,0.0,3.3571844387906635,0,0.0,0.0,4.105923174275824,0,0.0,0.0,35.56849332203403
2024-08-20,142.27,-0.013999584170767077,False,1.0,-0.013999584170767077,43.13172654236769,0,0.0,-0.0,19.26316836489613,0,0.0,-0.0,37.50815585449176,0,0.0,-0.0,4.804982754631141,0,0.0,-0.0,4.195624199572006,0,0.0,-0.0,3.3571844387906635,0,0.0,-0.0,4.105923174275824,0,0.0,-0.0,35.56849332203403
2024-08-21,142.79,0.003655022140999442,False,1.0,0.003655022140999442,43.289373957859574,0,0.0,0.0,19.26316836489613,0,0.0,0.0,37.50815585449176,0,0.0,0.0,4.804982754631141,0,0.0,0.0,4.195624199572006,0,0.0,0.0,3.3571844387906635,0,0.0,0.0,4.105923174275824,0,0.0,0.0,35.56849332203403
2024-08-22,143.22,0.003011415365221648,False,1.0,0.003011415365221648,43.419736243747096,0,0.0,0.0,19.26316836489613,0,0.0,0.0,37.50815585449176,0,0.0,0.0,4.804982754631141,0,0.0,0.0,4.195624199572006,0,0.0,0.0,3.3571844387906635,0,0.0,0.0,4.105923174275824,0,0.0,0.0,35.56849332203403
2024-08-23,153.26,0.07010194106968304,True,1.0,0.07010194106968304,46.46354403516744,0,0.0,0.0,19.26316836489613,0,0.0,0.0,37.50815585449176,0,0.0,0.0,4.804982754631141,0,0.0,0.0,4.195624199572006,0,0.0,0.0,3.3571844387906635,0,0.0,0.0,4.105923174275824,0,0.0,0.0,35.56849332203403
2024-08-24,160.67,0.04834921049197449,True,1.0,0.04834921049197449,48.710019705926875,0,0.0,0.0,19.26316836489613,0,0.0,0.0,37.50815585449176,0,0.0,0.0,4.804982754631141,0,0.0,0.0,4.195624199572006,0,0.0,0.0,3.3571844387906635,0,0.0,0.0,4.105923174275824,0,0.0,0.0,35.56849332203403
2024-08-25,158.92,-0.01089189020974668,True,1.0,-0.01089189020974668,48.17947551917532,0,0.0,-0.0,19.26316836489613,0,0.0,-0.0,37.50815585449176,0,0.0,-0.0,4.804982754631141,0,0.0,-0.0,4.195624199572006,0,0.0,-0.0,3.3571844387906635,0,0.0,-0.0,4.105923174275824,0,0.0,-0.0,35.56849332203403
2024-08-26,157.12,-0.011326453561540273,True,1.0,-0.011326453561540273,47.63377292708802,0,0.0,-0.0,19.26316836489613,0,0.0,-0.0,37.50815585449176,0,0.0,-0.0,4.804982754631141,0,0.0,-0.0,4.195624199572006,0,0.0,-0.0,3.3571844387906635,0,0.0,-0.0,4.105923174275824,0,0.0,-0.0,35.56849332203403
2024-08-27,146.79,-0.06574592668024448,True,1.0,-0.06574592668024448,44.50204638472027,0,0.0,-0.0,19.26316836489613,0,0.0,-0.0,37.50815585449176,0,0.0,-0.0,4.804982754631141,0,0.0,-0.0,4.195624199572006,0,0.0,-0.0,3.3571844387906635,0,0.0,-0.0,4.105923174275824,0,0.0,-0.0,35.56849332203403
2024-08-28,143.95,-0.01934736698685202,False,1.0,-0.01934736698685202,43.641048961649176,0,0.0,-0.0,19.26316836489613,0,0.0,-0.0,37.50815585449176,0,0.0,-0.0,4.804982754631141,0,0.0,-0.0,4.195624199572006,0,0.0,-0.0,3.3571844387906635,0,0.0,-0.0,4.105923174275824,0,0.0,-0.0,35.56849332203403
2024-08-29,140.0,-0.027440083362278544,False,1.0,-0.027440083362278544,42.443534940124245,0,0.0,-0.0,19.26316836489613,0,0.0,-0.0,37.50815585449176,0,0.0,-0.0,4.804982754631141,0,0.0,-0.0,4.195624199572006,0,0.0,-0.0,3.3571844387906635,0,0.0,-0.0,4.105923174275824,0,0.0,-0.0,35.56849332203403
2024-08-30,137.99,-0.014357142857142846,False,1.0,-0.014357142857142846,41.83416704562675,0,0.0,-0.0,19.26316836489613,0,0.0,-0.0,37.50815585449176,0,0.0,-0.0,4.804982754631141,0,0.0,-0.0,4.195624199572006,0,0.0,-0.0,3.3571844387906635,0,0.0,-0.0,4.105923174275824,0,0.0,-0.0,35.56849332203403
2024-08-31,135.35,-0.01913182114645995,False,1.0,-0.01913182114645995,41.03380324389869,0,0.0,-0.0,19.26316836489613,0,0.0,-0.0,37.50815585449176,0,0.0,-0.0,4.804982754631141,0,0.0,-0.0,4.195624199572006,0,0.0,-0.0,3.3571844387906635,0,0.0,-0.0,4.105923174275824,0,0.0,-0.0,35.56849332203403
2024-09-01,128.5,-0.050609530845954875,False,1.0,-0.050609530845954875,38.95710171289976,0,0.0,-0.0,19.26316836489613,0,0.0,-0.0,37.50815585449176,0,0.0,-0.0,4.804982754631141,0,0.0,-0.0,4.195624199572006,0,0.0,-0.0,3.3571844387906635,0,0.0,-0.0,4.105923174275824,0,0.0,-0.0,35.56849332203403
2024-09-02,134.94,0.05011673151750973,False,1.0,0.05011673151750973,40.90950432014547,0,0.0,0.0,19.26316836489613,0,0.0,0.0,37.50815585449176,0,0.0,0.0,4.804982754631141,0,0.0,0.0,4.195624199572006,0,0.0,0.0,3.3571844387906635,0,0.0,0.0,4.105923174275824,0,0.0,0.0,35.56849332203403
2024-09-03,127.54,-0.05483918778716457,False,1.0,-0.05483918778716457,38.66606033045319,0,0.0,-0.0,19.26316836489613,0,0.0,-0.0,37.50815585449176,0,0.0,-0.0,4.804982754631141,0,0.0,-0.0,4.195624199572006,0,0.0,-0.0,3.3571844387906635,0,0.0,-0.0,4.105923174275824,0,0.0,-0.0,35.56849332203403
2024-09-04,133.64,0.04782813235063488,False,1.0,0.04782813235063488,40.51538578141574,0,0.0,0.0,19.26316836489613,0,0.0,0.0,37.50815585449176,0,0.0,0.0,4.804982754631141,0,0.0,0.0,4.195624199572006,0,0.0,0.0,3.3571844387906635,0,0.0,0.0,4.105923174275824,0,0.0,0.0,35.56849332203403
2024-09-05,129.41,-0.03165219994013757,False,1.0,-0.03165219994013757,39.23298469001056,0,0.0,-0.0,19.26316836489613,0,0.0,-0.0,37.50815585449176,0,0.0,-0.0,4.804982754631141,0,0.0,-0.0,4.195624199572006,0,0.0,-0.0,3.3571844387906635,0,0.0,-0.0,4.105923174275824,0,0.0,-0.0,35.56849332203403
2024-09-06,125.05,-0.03369136851866161,False,1.0,-0.03369136851866161,37.91117174473241,0,0.0,-0.0,19.26316836489613,0,0.0,-0.0,37.50815585449176,0,0.0,-0.0,4.804982754631141,0,0.0,-0.0,4.195624199572006,0,0.0,-0.0,3.3571844387906635,0,0.0,-0.0,4.105923174275824,0,0.0,-0.0,35.56849332203403
2024-09-07,127.71,0.021271491403438647,False,1.0,0.021271491403438647,38.717598908594766,0,0.0,0.0,19.26316836489613,0,0.0,0.0,37.50815585449176,0,0.0,0.0,4.804982754631141,0,0.0,0.0,4.195624199572006,0,0.0,0.0,3.3571844387906635,0,0.0,0.0,4.105923174275824,0,0.0,0.0,35.56849332203403
2024-09-08,130.15,0.019105786547647163,False,1.0,0.019105786547647163,39.4573290889798,0,0.0,0.0,19.26316836489613,0,0.0,0.0,37.50815585449176,0,0.0,0.0,4.804982754631141,0,0.0,0.0,4.195624199572006,0,0.0,0.0,3.3571844387906635,0,0.0,0.0,4.105923174275824,0,0.0,0.0,35.56849332203403
2024-09-09,135.08,0.037879369957741105,False,1.0,0.037879369957741105,40.951947855085606,0,0.0,0.0,19.26316836489613,0,0.0,0.0,37.50815585449176,0,0.0,0.0,4.804982754631141,0,0.0,0.0,4.195624199572006,0,0.0,0.0,3.3571844387906635,0,0.0,0.0,4.105923174275824,0,0.0,0.0,35.56849332203403
2024-09-10,135.63,0.004071661237784907,False,1.0,0.004071661237784907,41.11869031377895,0,0.0,0.0,19.26316836489613,0,0.0,0.0,37.50815585449176,0,0.0,0.0,4.804982754631141,0,0.0,0.0,4.195624199572006,0,0.0,0.0,3.3571844387906635,0,0.0,0.0,4.105923174275824,0,0.0,0.0,35.56849332203403
2024-09-11,132.42,-0.023667330236673334,False,1.0,-0.023667330236673334,40.14552069122324,0,0.0,-0.0,19.26316836489613,0,0.0,-0.0,37.50815585449176,0,0.0,-0.0,4.804982754631141,0,0.0,-0.0,4.195624199572006,0,0.0,-0.0,3.3571844387906635,0,0.0,-0.0,4.105923174275824,0,0.0,-0.0,35.56849332203403
2024-09-12,136.05,0.027412777526053755,False,1.0,0.027412777526053755,41.24602091859933,0,0.0,0.0,19.26316836489613,0,0.0,0.0,37.50815585449176,0,0.0,0.0,4.804982754631141,0,0.0,0.0,4.195624199572006,0,0.0,0.0,3.3571844387906635,0,0.0,0.0,4.105923174275824,0,0.0,0.0,35.56849332203403
2024-09-13,139.02,0.021830209481808138,False,1.0,0.021830209481808138,42.14643019554339,0,0.0,0.0,19.26316836489613,0,0.0,0.0,37.50815585449176,0,0.0,0.0,4.804982754631141,0,0.0,0.0,4.195624199572006,0,0.0,0.0,3.3571844387906635,0,0.0,0.0,4.105923174275824,0,0.0,0.0,35.56849332203403
2024-09-14,137.14,-0.013523234067040923,False,1.0,-0.013523234067040923,41.576474154918856,0,0.0,-0.0,19.26316836489613,0,0.0,-0.0,37.50815585449176,0,0.0,-0.0,4.804982754631141,0,0.0,-0.0,4.195624199572006,0,0.0,-0.0,3.3571844387906635,0,0.0,-0.0,4.105923174275824,0,0.0,-0.0,35.56849332203403
2024-09-15,131.37,-0.042073793204024934,False,1.0,-0.042073793204024934,39.82719417917231,0,0.0,-0.0,19.26316836489613,0,0.0,-0.0,37.50815585449176,0,0.0,-0.0,4.804982754631141,0,0.0,-0.0,4.195624199572006,0,0.0,-0.0,3.3571844387906635,0,0.0,-0.0,4.105923174275824,0,0.0,-0.0,35.56849332203403
2024-09-16,131.47,0.0007612087995736427,False,1.0,0.0007612087995736427,39.857510989843824,0,0.0,0.0,19.26316836489613,0,0.0,0.0,37.50815585449176,0,0.0,0.0,4.804982754631141,0,0.0,0.0,4.195624199572006,0,0.0,0.0,3.3571844387906635,0,0.0,0.0,4.105923174275824,0,0.0,0.0,35.56849332203403
2024-09-17,131.54,0.00053244086103299,False,1.0,0.00053244086103299,39.87873275731389,0,0.0,0.0,19.26316836489613,0,0.0,0.0,37.50815585449176,0,0.0,0.0,4.804982754631141,0,0.0,0.0,4.195624199572006,0,0.0,0.0,3.3571844387906635,0,0.0,0.0,4.105923174275824,0,0.0,0.0,35.56849332203403
2024-09-18,134.34,0.02128630074502058,False,1.0,0.02128630074502058,40.72760345611638,0,0.0,0.0,19.26316836489613,0,0.0,0.0,37.50815585449176,0,0.0,0.0,4.804982754631141,0,0.0,0.0,4.195624199572006,0,0.0,0.0,3.3571844387906635,0,0.0,0.0,4.105923174275824,0,0.0,0.0,35.56849332203403
2024-09-19,142.89,0.06364448414470725,True,1.0,0.06364448414470725,43.3196907685311,0,0.0,0.0,19.26316836489613,0,0.0,0.0,37.50815585449176,0,0.0,0.0,4.804982754631141,0,0.0,0.0,4.195624199572006,0,0.0,0.0,3.3571844387906635,0,0.0,0.0,4.105923174275824,0,0.0,0.0,35.56849332203403
2024-09-20,146.66,0.02638393169570996,True,1.0,0.02638393169570996,44.4626345308473,0,0.0,0.0,19.26316836489613,0,0.0,0.0,37.50815585449176,0,0.0,0.0,4.804982754631141,0,0.0,0.0,4.195624199572006,0,0.0,0.0,3.3571844387906635,0,0.0,0.0,4.105923174275824,0,0.0,0.0,35.56849332203403
2024-09-21,149.41,0.01875085231146878,True,1.0,0.01875085231146878,45.296346824314035,0,0.0,0.0,19.26316836489613,0,0.0,0.0,37.50815585449176,0,0.0,0.0,4.804982754631141,0,0.0,0.0,4.195624199572006,0,0.0,0.0,3.3571844387906635,0,0.0,0.0,4.105923174275824,0,0.0,0.0,35.56849332203403
2024-09-22,144.63,-0.03199250384847063,True,1.0,-0.03199250384847063,43.84720327421551,0,0.0,-0.0,19.26316836489613,0,0.0,-0.0,37.50815585449176,0,0.0,-0.0,4.804982754631141,0,0.0,-0.0,4.195624199572006,0,0.0,-0.0,3.3571844387906635,0,0.0,-0.0,4.105923174275824,0,0.0,-0.0,35.56849332203403
2024-09-23,144.79,0.001106271174721618,True,1.0,0.001106271174721618,43.895710171289934,0,0.0,0.0,19.26316836489613,0,0.0,0.0,37.50815585449176,0,0.0,0.0,4.804982754631141,0,0.0,0.0,4.195624199572006,0,0.0,0.0,3.3571844387906635,0,0.0,0.0,4.105923174275824,0,0.0,0.0,35.56849332203403
2024-09-24,152.73,0.05483804130119485,True,1.0,0.05483804130119485,46.30286493860841,0,0.0,0.0,19.26316836489613,0,0.0,0.0,37.50815585449176,0,0.0,0.0,4.804982754631141,0,0.0,0.0,4.195624199572006,0,0.0,0.0,3.3571844387906635,0,0.0,0.0,4.105923174275824,0,0.0,0.0,35.56849332203403
2024-09-25,147.98,-0.031100635107706442,True,1.0,-0.031100635107706442,44.86281643171134,0,0.0,-0.0,19.26316836489613,0,0.0,-0.0,37.50815585449176,0,0.0,-0.0,4.804982754631141,0,0.0,-0.0,4.195624199572006,0,0.0,-0.0,3.3571844387906635,0,0.0,-0.0,4.105923174275824,0,0.0,-0.0,35.56849332203403
2024-09-26,155.55,0.05115556156237355,True,1.0,0.05115556156237355,47.15779899954521,0,0.0,0.0,19.26316836489613,0,0.0,0.0,37.50815585449176,0,0.0,0.0,4.804982754631141,0,0.0,0.0,4.195624199572006,0,0.0,0.0,3.3571844387906635,0,0.0,0.0,4.105923174275824,0,0.0,0.0,35.56849332203403
2024-09-27,157.64,0.013436194149790914,True,1.0,0.013436194149790914,47.79142034257991,0,0.0,0.0,19.26316836489613,0,0.0,0.0,37.50815585449176,0,0.0,0.0,4.804982754631141,0,0.0,0.0,4.195624199572006,0,0.0,0.0,3.3571844387906635,0,0.0,0.0,4.105923174275824,0,0.0,0.0,35.56849332203403
2024-09-28,156.75,-0.005645775183963364,True,1.0,-0.005645775183963364,47.52160072760341,0,0.0,-0.0,19.26316836489613,0,0.0,-0.0,37.50815585449176,0,0.0,-0.0,4.804982754631141,0,0.0,-0.0,4.195624199572006,0,0.0,-0.0,3.3571844387906635,0,0.0,-0.0,4.105923174275824,0,0.0,-0.0,35.56849332203403
2024-09-29,158.46,0.01090909090909098,True,1.0,0.01090909090909098,48.040018190086364,0,0.0,0.0,19.26316836489613,0,0.0,0.0,37.50815585449176,0,0.0,0.0,4.804982754631141,0,0.0,0.0,4.195624199572006,0,0.0,0.0,3.3571844387906635,0,0.0,0.0,4.105923174275824,0,0.0,0.0,35.56849332203403
2024-09-30,152.49,-0.0376751230594472,True,1.0,-0.0376751230594472,46.23010459299678,0,0.0,-0.0,19.26316836489613,0,0.0,-0.0,37.50815585449176,0,0.0,-0.0,4.804982754631141,0,0.0,-0.0,4.195624199572006,0,0.0,-0.0,3.3571844387906635,0,0.0,-0.0,4.105923174275824,0,0.0,-0.0,35.56849332203403
2024-10-01,145.13,-0.04826546003016596,True,1.0,-0.04826546003016596,43.998787327573105,0,0.0,-0.0,19.26316836489613,0,0.0,-0.0,37.50815585449176,0,0.0,-0.0,4.804982754631141,0,0.0,-0.0,4.195624199572006,0,0.0,-0.0,3.3571844387906635,0,0.0,-0.0,4.105923174275824,0,0.0,-0.0,35.56849332203403
2024-10-02,140.18,-0.03410735202921511,True,1.0,-0.03410735202921511,42.498105199333,0,0.0,-0.0,19.26316836489613,0,0.0,-0.0,37.50815585449176,0,0.0,-0.0,4.804982754631141,0,0.0,-0.0,4.195624199572006,0,0.0,-0.0,3.3571844387906635,0,0.0,-0.0,4.105923174275824,0,0.0,-0.0,35.56849332203403
2024-10-03,136.82,-0.02396918247966906,False,1.0,-0.02396918247966906,41.47946036077001,0,0.0,-0.0,19.26316836489613,0,0.0,-0.0,37.50815585449176,0,0.0,-0.0,4.804982754631141,0,0.0,-0.0,4.195624199572006,0,0.0,-0.0,3.3571844387906635,0,0.0,-0.0,4.105923174275824,0,0.0,-0.0,35.56849332203403
2024-10-04,143.24,0.04692296447887756,True,1.0,0.04692296447887756,43.42579960588144,0,0.0,0.0,19.26316836489613,0,0.0,0.0,37.50815585449176,0,0.0,0.0,4.804982754631141,0,0.0,0.0,4.195624199572006,0,0.0,0.0,3.3571844387906635,0,0.0,0.0,4.105923174275824,0,0.0,0.0,35.56849332203403
2024-10-05,142.59,-0.004537838592571952,True,1.0,-0.004537838592571952,43.22874033651657,0,0.0,-0.0,19.26316836489613,0,0.0,-0.0,37.50815585449176,0,0.0,-0.0,4.804982754631141,0,0.0,-0.0,4.195624199572006,0,0.0,-0.0,3.3571844387906635,0,0.0,-0.0,4.105923174275824,0,0.0,-0.0,35.56849332203403
2024-10-06,146.48,0.027281015498983097,True,1.0,0.027281015498983097,44.4080642716386,0,0.0,0.0,19.26316836489613,0,0.0,0.0,37.50815585449176,0,0.0,0.0,4.804982754631141,0,0.0,0.0,4.195624199572006,0,0.0,0.0,3.3571844387906635,0,0.0,0.0,4.105923174275824,0,0.0,0.0,35.56849332203403
2024-10-07,143.96,-0.017203713817585897,True,1.0,-0.017203713817585897,43.64408064271637,0,0.0,-0.0,19.26316836489613,0,0.0,-0.0,37.50815585449176,0,0.0,-0.0,4.804982754631141,0,0.0,-0.0,4.195624199572006,0,0.0,-0.0,3.3571844387906635,0,0.0,-0.0,4.105923174275824,0,0.0,-0.0,35.56849332203403
2024-10-08,143.49,-0.0032647957766046565,True,1.0,-0.0032647957766046565,43.501591632560235,0,0.0,-0.0,19.26316836489613,0,0.0,-0.0,37.50815585449176,0,0.0,-0.0,4.804982754631141,0,0.0,-0.0,4.195624199572006,0,0.0,-0.0,3.3571844387906635,0,0.0,-0.0,4.105923174275824,0,0.0,-0.0,35.56849332203403
2024-10-09,139.33,-0.028991567356610237,False,1.0,-0.028991567356610237,42.24041230862511,0,0.0,-0.0,19.26316836489613,0,0.0,-0.0,37.50815585449176,0,0.0,-0.0,4.804982754631141,0,0.0,-0.0,4.195624199572006,0,0.0,-0.0,3.3571844387906635,0,0.0,-0.0,4.105923174275824,0,0.0,-0.0,35.56849332203403
2024-10-10,139.03,-0.002153161558889005,False,1.0,-0.002153161558889005,42.14946187661056,0,0.0,-0.0,19.26316836489613,0,0.0,-0.0,37.50815585449176,0,0.0,-0.0,4.804982754631141,0,0.0,-0.0,4.195624199572006,0,0.0,-0.0,3.3571844387906635,0,0.0,-0.0,4.105923174275824,0,0.0,-0.0,35.56849332203403
2024-10-11,145.53,0.04675249946054816,False,1.0,0.04675249946054816,44.12005457025919,0,0.0,0.0,19.26316836489613,0,0.0,0.0,37.50815585449176,0,0.0,0.0,4.804982754631141,0,0.0,0.0,4.195624199572006,0,0.0,0.0,3.3571844387906635,0,0.0,0.0,4.105923174275824,0,0.0,0.0,35.56849332203403
2024-10-12,146.4,0.005978148835291686,True,1.0,0.005978148835291686,44.38381082310139,0,0.0,0.0,19.26316836489613,0,0.0,0.0,37.50815585449176,0,0.0,0.0,4.804982754631141,0,0.0,0.0,4.195624199572006,0,0.0,0.0,3.3571844387906635,0,0.0,0.0,4.105923174275824,0,0.0,0.0,35.56849332203403
2024-10-13,147.74,0.009153005464480835,True,1.0,0.009153005464480835,44.790056086099725,0,0.0,0.0,19.26316836489613,0,0.0,0.0,37.50815585449176,0,0.0,0.0,4.804982754631141,0,0.0,0.0,4.195624199572006,0,0.0,0.0,3.3571844387906635,0,0.0,0.0,4.105923174275824,0,0.0,0.0,35.56849332203403
2024-10-14,157.59,0.06667117909841602,True,1.0,0.06667117909841602,47.77626193724418,0,0.0,0.0,19.26316836489613,0,0.0,0.0,37.50815585449176,0,0.0,0.0,4.804982754631141,0,0.0,0.0,4.195624199572006,0,0.0,0.0,3.3571844387906635,0,0.0,0.0,4.105923174275824,0,0.0,0.0,35.56849332203403
2024-10-15,154.76,-0.01795799225839212,True,1.0,-0.01795799225839212,46.91829619524023,0,0.0,-0.0,19.26316836489613,0,0.0,-0.0,37.50815585449176,0,0.0,-0.0,4.804982754631141,0,0.0,-0.0,4.195624199572006,0,0.0,-0.0,3.3571844387906635,0,0.0,-0.0,4.105923174275824,0,0.0,-0.0,35.56849332203403
2024-10-16,154.28,-0.0031015766347892715,False,1.0,-0.0031015766347892715,46.77277550401695,0,0.0,-0.0,19.26316836489613,0,0.0,-0.0,37.50815585449176,0,0.0,-0.0,4.804982754631141,0,0.0,-0.0,4.195624199572006,0,0.0,-0.0,3.3571844387906635,0,0.0,-0.0,4.105923174275824,0,0.0,-0.0,35.56849332203403
2024-10-17,150.5,-0.024500907441016295,False,1.0,-0.024500907441016295,45.62680006063359,0,0.0,-0.0,19.26316836489613,0,0.0,-0.0,37.50815585449176,0,0.0,-0.0,4.804982754631141,0,0.0,-0.0,4.195624199572006,0,0.0,-0.0,3.3571844387906635,0,0.0,-0.0,4.105923174275824,0,0.0,-0.0,35.56849332203403
2024-10-18,154.94,0.029501661129568202,False,1.0,0.029501661129568202,46.97286645444897,0,0.0,0.0,19.26316836489613,0,0.0,0.0,37.50815585449176,0,0.0,0.0,4.804982754631141,0,0.0,0.0,4.195624199572006,0,0.0,0.0,3.3571844387906635,0,0.0,0.0,4.105923174275824,0,0.0,0.0,35.56849332203403
2024-10-19,159.79,0.031302439654059544,True,1.0,0.031302439654059544,48.443231772017555,0,0.0,0.0,19.26316836489613,0,0.0,0.0,37.50815585449176,0,0.0,0.0,4.804982754631141,0,0.0,0.0,4.195624199572006,0,0.0,0.0,3.3571844387906635,0,0.0,0.0,4.105923174275824,0,0.0,0.0,35.56849332203403
2024-10-20,167.4,0.04762500782276757,True,1.0,0.04762500782276757,50.750341064120036,0,0.0,0.0,19.26316836489613,0,0.0,0.0,37.50815585449176,0,0.0,0.0,4.804982754631141,0,0.0,0.0,4.195624199572006,0,0.0,0.0,3.3571844387906635,0,0.0,0.0,4.105923174275824,0,0.0,0.0,35.56849332203403
2024-10-21,166.17,-0.007347670250896221,True,1.0,-0.007347670250896221,50.37744429286037,0,0.0,-0.0,19.26316836489613,0,0.0,-0.0,37.50815585449176,0,0.0,-0.0,4.804982754631141,0,0.0,-0.0,4.195624199572006,0,0.0,-0.0,3.3571844387906635,0,0.0,-0.0,4.105923174275824,0,0.0,-0.0,35.56849332203403
2024-10-22,167.59,0.008545465487151738,True,1.0,0.008545465487151738,50.807943004395916,0,0.0,0.0,19.26316836489613,0,0.0,0.0,37.50815585449176,0,0.0,0.0,4.804982754631141,0,0.0,0.0,4.195624199572006,0,0.0,0.0,3.3571844387906635,0,0.0,0.0,4.105923174275824,0,0.0,0.0,35.56849332203403
2024-10-23,170.85,0.019452234620203956,True,1.0,0.019452234620203956,51.79627103228738,0,0.0,0.0,19.26316836489613,0,0.0,0.0,37.50815585449176,0,0.0,0.0,4.804982754631141,0,0.0,0.0,4.195624199572006,0,0.0,0.0,3.3571844387906635,0,0.0,0.0,4.105923174275824,0,0.0,0.0,35.56849332203403
2024-10-24,177.19,0.03710857477319296,True,1.0,0.03710857477319296,53.71835682886158,0,0.0,0.0,19.26316836489613,0,0.0,0.0,37.50815585449176,0,0.0,0.0,4.804982754631141,0,0.0,0.0,4.195624199572006,0,0.0,0.0,3.3571844387906635,0,0.0,0.0,4.105923174275824,0,0.0,0.0,35.56849332203403
2024-10-25,164.9,-0.06936057339578983,True,1.0,-0.06936057339578983,49.9924207973321,0,0.0,-0.0,19.26316836489613,0,0.0,-0.0,37.50815585449176,0,0.0,-0.0,4.804982754631141,0,0.0,-0.0,4.195624199572006,0,0.0,-0.0,3.3571844387906635,0,0.0,-0.0,4.105923174275824,0,0.0,-0.0,35.56849332203403
2024-10-26,170.88,0.03626440266828368,True,1.0,0.03626440266828368,51.805366075488834,0,0.0,0.0,19.26316836489613,0,0.0,0.0,37.50815585449176,0,0.0,0.0,4.804982754631141,0,0.0,0.0,4.195624199572006,0,0.0,0.0,3.3571844387906635,0,0.0,0.0,4.105923174275824,0,0.0,0.0,35.56849332203403
2024-10-27,176.63,0.033649344569288475,True,1.0,0.033649344569288475,53.54858268910109,0,0.0,0.0,19.26316836489613,0,0.0,0.0,37.50815585449176,0,0.0,0.0,4.804982754631141,0,0.0,0.0,4.195624199572006,0,0.0,0.0,3.3571844387906635,0,0.0,0.0,4.105923174275824,0,0.0,0.0,35.56849332203403
2024-10-28,178.29,0.009398176980127904,True,1.0,0.009398176980127904,54.05184174624827,0,0.0,0.0,19.26316836489613,0,0.0,0.0,37.50815585449176,0,0.0,0.0,4.804982754631141,0,0.0,0.0,4.195624199572006,0,0.0,0.0,3.3571844387906635,0,0.0,0.0,4.105923174275824,0,0.0,0.0,35.56849332203403
2024-10-29,179.42,0.0063379886701440125,True,1.0,0.0063379886701440125,54.39442170683641,0,0.0,0.0,19.26316836489613,0,0.0,0.0,37.50815585449176,0,0.0,0.0,4.804982754631141,0,0.0,0.0,4.195624199572006,0,0.0,0.0,3.3571844387906635,0,0.0,0.0,4.105923174275824,0,0.0,0.0,35.56849332203403
2024-10-30,174.87,-0.025359491695463032,True,1.0,-0.025359491695463032,53.01500682128238,0,0.0,-0.0,19.26316836489613,0,0.0,-0.0,37.50815585449176,0,0.0,-0.0,4.804982754631141,0,0.0,-0.0,4.195624199572006,0,0.0,-0.0,3.3571844387906635,0,0.0,-0.0,4.105923174275824,0,0.0,-0.0,35.56849332203403
2024-10-31,168.69,-0.03534053868588094,True,1.0,-0.03534053868588094,51.14142792178261,0,0.0,-0.0,19.26316836489613,0,0.0,-0.0,37.50815585449176,0,0.0,-0.0,4.804982754631141,0,0.0,-0.0,4.195624199572006,0,0.0,-0.0,3.3571844387906635,0,0.0,-0.0,4.105923174275824,0,0.0,-0.0,35.56849332203403
2024-11-01,166.1,-0.015353607208488995,True,1.0,-0.015353607208488995,50.35622252539031,0,0.0,-0.0,19.26316836489613,0,0.0,-0.0,37.50815585449176,0,0.0,-0.0,4.804982754631141,0,0.0,-0.0,4.195624199572006,0,0.0,-0.0,3.3571844387906635,0,0.0,-0.0,4.105923174275824,0,0.0,-0.0,35.56849332203403
2024-11-02,166.17,0.0004214328717639937,True,1.0,0.0004214328717639937,50.37744429286037,0,0.0,0.0,19.26316836489613,0,0.0,0.0,37.50815585449176,0,0.0,0.0,4.804982754631141,0,0.0,0.0,4.195624199572006,0,0.0,0.0,3.3571844387906635,0,0.0,0.0,4.105923174275824,0,0.0,0.0,35.56849332203403
2024-11-03,162.53,-0.02190527772762829,True,1.0,-0.02190527772762829,49.27391238441714,0,0.0,-0.0,19.26316836489613,0,0.0,-0.0,37.50815585449176,0,0.0,-0.0,4.804982754631141,0,0.0,-0.0,4.195624199572006,0,0.0,-0.0,3.3571844387906635,0,0.0,-0.0,4.105923174275824,0,0.0,-0.0,35.56849332203403
2024-11-04,157.95,-0.028179413031440448,True,1.0,-0.028179413031440448,47.88540245566164,0,0.0,-0.0,19.26316836489613,0,0.0,-0.0,37.50815585449176,0,0.0,-0.0,4.804982754631141,0,0.0,-0.0,4.195624199572006,0,0.0,-0.0,3.3571844387906635,0,0.0,-0.0,4.105923174275824,0,0.0,-0.0,35.56849332203403
2024-11-05,166.62,0.054890788224121634,True,1.0,0.054890788224121634,50.513869940882195,0,0.0,0.0,19.26316836489613,0,0.0,0.0,37.50815585449176,0,0.0,0.0,4.804982754631141,0,0.0,0.0,4.195624199572006,0,0.0,0.0,3.3571844387906635,0,0.0,0.0,4.105923174275824,0,0.0,0.0,35.56849332203403
2024-11-06,186.59,0.11985355899651906,True,1.0,0.11985355899651906,56.56813703198421,0,0.0,0.0,19.26316836489613,0,0.0,0.0,37.50815585449176,0,0.0,0.0,4.804982754631141,0,0.0,0.0,4.195624199572006,0,0.0,0.0,3.3571844387906635,0,0.0,0.0,4.105923174275824,0,0.0,0.0,35.56849332203403
2024-11-07,196.35,0.05230719759901392,True,1.0,0.05230719759901392,59.5270577535243,0,0.0,0.0,19.26316836489613,0,0.0,0.0,37.50815585449176,0,0.0,0.0,4.804982754631141,0,0.0,0.0,4.195624199572006,0,0.0,0.0,3.3571844387906635,0,0.0,0.0,4.105923174275824,0,0.0,0.0,35.56849332203403
2024-11-08,199.85,0.017825311942959,True,1.0,0.017825311942959,60.58814612702741,0,0.0,0.0,19.26316836489613,0,0.0,0.0,37.50815585449176,0,0.0,0.0,4.804982754631141,0,0.0,0.0,4.195624199572006,0,0.0,0.0,3.3571844387906635,0,0.0,0.0,4.105923174275824,0,0.0,0.0,35.56849332203403
2024-11-09,199.89,0.0002001501125843408,True,1.0,0.0002001501125843408,60.60027285129601,0,0.0,0.0,19.26316836489613,0,0.0,0.0,37.50815585449176,0,0.0,0.0,4.804982754631141,0,0.0,0.0,4.195624199572006,0,0.0,0.0,3.3571844387906635,0,0.0,0.0,4.105923174275824,0,0.0,0.0,35.56849332203403
2024-11-10,210.07,0.050928010405723256,True,1.0,0.050928010405723256,63.68652417765649,0,0.0,0.0,19.26316836489613,0,0.0,0.0,37.50815585449176,0,0.0,0.0,4.804982754631141,0,0.0,0.0,4.195624199572006,0,0.0,0.0,3.3571844387906635,0,0.0,0.0,4.105923174275824,0,0.0,0.0,35.56849332203403
2024-11-11,222.13,0.057409434950254745,True,1.0,0.057409434950254745,67.34273154464148,0,0.0,0.0,19.26316836489613,0,0.0,0.0,37.50815585449176,0,0.0,0.0,4.804982754631141,0,0.0,0.0,4.195624199572006,0,0.0,0.0,3.3571844387906635,0,0.0,0.0,4.105923174275824,0,0.0,0.0,35.56849332203403
2024-11-12,211.64,-0.04722459820825642,True,1.0,-0.04722459820825642,64.16249810519932,0,0.0,-0.0,19.26316836489613,0,0.0,-0.0,37.50815585449176,0,0.0,-0.0,4.804982754631141,0,0.0,-0.0,4.195624199572006,0,0.0,-0.0,3.3571844387906635,0,0.0,-0.0,4.105923174275824,0,0.0,-0.0,35.56849332203403
2024-11-13,215.13,0.016490266490266636,True,1.0,0.016490266490266636,65.22055479763529,0,0.0,0.0,19.26316836489613,0,0.0,0.0,37.50815585449176,0,0.0,0.0,4.804982754631141,0,0.0,0.0,4.195624199572006,0,0.0,0.0,3.3571844387906635,0,0.0,0.0,4.105923174275824,0,0.0,0.0,35.56849332203403
2024-11-14,209.57,-0.025844838004927317,True,1.0,-0.025844838004927317,63.53494012429892,0,0.0,-0.0,19.26316836489613,0,0.0,-0.0,37.50815585449176,0,0.0,-0.0,4.804982754631141,0,0.0,-0.0,4.195624199572006,0,0.0,-0.0,3.3571844387906635,0,0.0,-0.0,4.105923174275824,0,0.0,-0.0,35.56849332203403
2024-11-15,218.45,0.04237247697666646,True,1.0,0.04237247697666646,66.22707291192965,0,0.0,0.0,19.26316836489613,0,0.0,0.0,37.50815585449176,0,0.0,0.0,4.804982754631141,0,0.0,0.0,4.195624199572006,0,0.0,0.0,3.3571844387906635,0,0.0,0.0,4.105923174275824,0,0.0,0.0,35.56849332203403
2024-11-16,215.71,-0.012542915999084414,True,1.0,-0.012542915999084414,65.39639229953008,0,0.0,-0.0,19.26316836489613,0,0.0,-0.0,37.50815585449176,0,0.0,-0.0,4.804982754631141,0,0.0,-0.0,4.195624199572006,0,0.0,-0.0,3.3571844387906635,0,0.0,-0.0,4.105923174275824,0,0.0,-0.0,35.56849332203403
2024-11-17,237.47,0.10087617634787449,True,1.0,0.10087617634787449,71.99333030165225,0,0.0,0.0,19.26316836489613,0,0.0,0.0,37.50815585449176,0,0.0,0.0,4.804982754631141,0,0.0,0.0,4.195624199572006,0,0.0,0.0,3.3571844387906635,0,0.0,0.0,4.105923174275824,0,0.0,0.0,35.56849332203403
2024-11-18,239.79,0.009769655114330256,True,1.0,0.009769655114330256,72.69668030923145,0,0.0,0.0,19.26316836489613,0,0.0,0.0,37.50815585449176,0,0.0,0.0,4.804982754631141,0,0.0,0.0,4.195624199572006,0,0.0,0.0,3.3571844387906635,0,0.0,0.0,4.105923174275824,0,0.0,0.0,35.56849332203403
2024-11-19,237.63,-0.009007881896659575,True,1.0,-0.009007881896659575,72.04183719872668,0,0.0,-0.0,19.26316836489613,0,0.0,-0.0,37.50815585449176,0,0.0,-0.0,4.804982754631141,0,0.0,-0.0,4.195624199572006,0,0.0,-0.0,3.3571844387906635,0,0.0,-0.0,4.105923174275824,0,0.0,-0.0,35.56849332203403
2024-11-20,235.48,-0.00904767916508864,True,1.0,-0.00904767916508864,71.39002576928905,0,0.0,-0.0,19.26316836489613,0,0.0,-0.0,37.50815585449176,0,0.0,-0.0,4.804982754631141,0,0.0,-0.0,4.195624199572006,0,0.0,-0.0,3.3571844387906635,0,0.0,-0.0,4.105923174275824,0,0.0,-0.0,35.56849332203403
2024-11-21,256.37,0.08871241719041967,True,1.0,0.08871241719041967,77.72320751856904,0,0.0,0.0,19.26316836489613,0,0.0,0.0,37.50815585449176,0,0.0,0.0,4.804982754631141,0,0.0,0.0,4.195624199572006,0,0.0,0.0,3.3571844387906635,0,0.0,0.0,4.105923174275824,0,0.0,0.0,35.56849332203403
2024-11-22,256.9,0.002067324569957396,True,1.0,0.002067324569957396,77.88388661512808,0,0.0,0.0,19.26316836489613,0,0.0,0.0,37.50815585449176,0,0.0,0.0,4.804982754631141,0,0.0,0.0,4.195624199572006,0,0.0,0.0,3.3571844387906635,0,0.0,0.0,4.105923174275824,0,0.0,0.0,35.56849332203403
2024-11-23,254.89,-0.0078240560529389,True,1.0,-0.0078240560529389,77.27451872063058,0,0.0,-0.0,19.26316836489613,0,0.0,-0.0,37.50815585449176,0,0.0,-0.0,4.804982754631141,0,0.0,-0.0,4.195624199572006,0,0.0,-0.0,3.3571844387906635,0,0.0,-0.0,4.105923174275824,0,0.0,-0.0,35.56849332203403
2024-11-24,252.73,-0.008474243791439462,True,1.0,-0.008474243791439462,76.61967561012581,0,0.0,-0.0,19.26316836489613,0,0.0,-0.0,37.50815585449176,0,0.0,-0.0,4.804982754631141,0,0.0,-0.0,4.195624199572006,0,0.0,-0.0,3.3571844387906635,0,0.0,-0.0,4.105923174275824,0,0.0,-0.0,35.56849332203403
2024-11-25,234.18,-0.07339848850551967,True,1.0,-0.07339848850551967,70.99590723055934,0,0.0,-0.0,19.26316836489613,0,0.0,-0.0,37.50815585449176,0,0.0,-0.0,4.804982754631141,0,0.0,-0.0,4.195624199572006,0,0.0,-0.0,3.3571844387906635,0,0.0,-0.0,4.105923174275824,0,0.0,-0.0,35.56849332203403
2024-11-26,230.69,-0.014903066017593392,True,1.0,-0.014903066017593392,69.93785053812337,0,0.0,-0.0,19.26316836489613,0,0.0,-0.0,37.50815585449176,0,0.0,-0.0,4.804982754631141,0,0.0,-0.0,4.195624199572006,0,0.0,-0.0,3.3571844387906635,0,0.0,-0.0,4.105923174275824,0,0.0,-0.0,35.56849332203403
2024-11-27,241.96,0.048853439680957234,True,1.0,0.048853439680957234,73.35455510080338,0,0.0,0.0,19.26316836489613,0,0.0,0.0,37.50815585449176,0,0.0,0.0,4.804982754631141,0,0.0,0.0,4.195624199572006,0,0.0,0.0,3.3571844387906635,0,0.0,0.0,4.105923174275824,0,0.0,0.0,35.56849332203403
2024-11-28,237.59,-0.018060836501901156,True,1.0,-0.018060836501901156,72.02971047445807,0,0.0,-0.0,19.26316836489613,0,0.0,-0.0,37.50815585449176,0,0.0,-0.0,4.804982754631141,0,0.0,-0.0,4.195624199572006,0,0.0,-0.0,3.3571844387906635,0,0.0,-0.0,4.105923174275824,0,0.0,-0.0,35.56849332203403
2024-11-29,243.33,0.024159265962372167,True,1.0,0.024159265962372167,73.76989540700316,0,0.0,0.0,19.26316836489613,0,0.0,0.0,37.50815585449176,0,0.0,0.0,4.804982754631141,0,0.0,0.0,4.195624199572006,0,0.0,0.0,3.3571844387906635,0,0.0,0.0,4.105923174275824,0,0.0,0.0,35.56849332203403
2024-11-30,237.6,-0.023548267784490262,True,1.0,-0.023548267784490262,72.03274215552521,0,0.0,-0.0,19.26316836489613,0,0.0,-0.0,37.50815585449176,0,0.0,-0.0,4.804982754631141,0,0.0,-0.0,4.195624199572006,0,0.0,-0.0,3.3571844387906635,0,0.0,-0.0,4.105923174275824,0,0.0,-0.0,35.56849332203403
2024-12-01,236.8,-0.0033670033670032407,True,1.0,-0.0033670033670032407,71.79020767015308,0,0.0,-0.0,19.26316836489613,0,0.0,-0.0,37.50815585449176,0,0.0,-0.0,4.804982754631141,0,0.0,-0.0,4.195624199572006,0,0.0,-0.0,3.3571844387906635,0,0.0,-0.0,4.105923174275824,0,0.0,-0.0,35.56849332203403
2024-12-02,225.72,-0.04679054054054055,True,1.0,-0.04679054054054055,68.43110504774896,0,0.0,-0.0,19.26316836489613,0,0.0,-0.0,37.50815585449176,0,0.0,-0.0,4.804982754631141,0,0.0,-0.0,4.195624199572006,0,0.0,-0.0,3.3571844387906635,0,0.0,-0.0,4.105923174275824,0,0.0,-0.0,35.56849332203403
2024-12-03,233.92,0.03632819422293099,True,1.0,0.03632819422293099,70.91708352281337,0,0.0,0.0,19.26316836489613,0,0.0,0.0,37.50815585449176,0,0.0,0.0,4.804982754631141,0,0.0,0.0,4.195624199572006,0,0.0,0.0,3.3571844387906635,0,0.0,0.0,4.105923174275824,0,0.0,0.0,35.56849332203403
2024-12-04,229.15,-0.020391586867305023,True,1.0,-0.020391586867305023,69.470971653782,0,0.0,-0.0,19.26316836489613,0,0.0,-0.0,37.50815585449176,0,0.0,-0.0,4.804982754631141,0,0.0,-0.0,4.195624199572006,0,0.0,-0.0,3.3571844387906635,0,0.0,-0.0,4.105923174275824,0,0.0,-0.0,35.56849332203403
2024-12-05,235.84,0.02919485053458426,True,1.0,0.02919485053458426,71.4991662877065,0,0.0,0.0,19.26316836489613,0,0.0,0.0,37.50815585449176,0,0.0,0.0,4.804982754631141,0,0.0,0.0,4.195624199572006,0,0.0,0.0,3.3571844387906635,0,0.0,0.0,4.105923174275824,0,0.0,0.0,35.56849332203403
2024-12-06,236.87,0.004367367706920033,True,1.0,0.004367367706920033,71.81142943762313,0,0.0,0.0,19.26316836489613,0,0.0,0.0,37.50815585449176,0,0.0,0.0,4.804982754631141,0,0.0,0.0,4.195624199572006,0,0.0,0.0,3.3571844387906635,0,0.0,0.0,4.105923174275824,0,0.0,0.0,35.56849332203403
2024-12-07,238.14,0.00536159074597875,True,1.0,0.00536159074597875,72.1964529331514,0,0.0,0.0,19.26316836489613,0,0.0,0.0,37.50815585449176,0,0.0,0.0,4.804982754631141,0,0.0,0.0,4.195624199572006,0,0.0,0.0,3.3571844387906635,0,0.0,0.0,4.105923174275824,0,0.0,0.0,35.56849332203403
2024-12-08,237.02,-0.004703115814226777,False,1.0,-0.004703115814226777,71.85690465363042,0,0.0,-0.0,19.26316836489613,0,0.0,-0.0,37.50815585449176,0,0.0,-0.0,4.804982754631141,0,0.0,-0.0,4.195624199572006,0,0.0,-0.0,3.3571844387906635,0,0.0,-0.0,4.105923174275824,0,0.0,-0.0,35.56849332203403
2024-12-09,216.63,-0.08602649565437526,False,1.0,-0.08602649565437526,65.67530695770803,0,0.0,-0.0,19.26316836489613,0,0.0,-0.0,37.50815585449176,0,0.0,-0.0,4.804982754631141,0,0.0,-0.0,4.195624199572006,0,0.0,-0.0,3.3571844387906635,0,0.0,-0.0,4.105923174275824,0,0.0,-0.0,35.56849332203403
2024-12-10,213.6,-0.013986982412408255,False,1.0,-0.013986982412408255,64.75670759436106,0,0.0,-0.0,19.26316836489613,0,0.0,-0.0,37.50815585449176,0,0.0,-0.0,4.804982754631141,0,0.0,-0.0,4.195624199572006,0,0.0,-0.0,3.3571844387906635,0,0.0,-0.0,4.105923174275824,0,0.0,-0.0,35.56849332203403
2024-12-11,227.29,0.06409176029962538,False,1.0,0.06409176029962538,68.90707897529178,0,0.0,0.0,19.26316836489613,0,0.0,0.0,37.50815585449176,0,0.0,0.0,4.804982754631141,0,0.0,0.0,4.195624199572006,0,0.0,0.0,3.3571844387906635,0,0.0,0.0,4.105923174275824,0,0.0,0.0,35.56849332203403
2024-12-12,226.96,-0.0014518896563860961,False,1.0,-0.0014518896563860961,68.80703350007578,0,0.0,-0.0,19.26316836489613,0,0.0,-0.0,37.50815585449176,0,0.0,-0.0,4.804982754631141,0,0.0,-0.0,4.195624199572006,0,0.0,-0.0,3.3571844387906635,0,0.0,-0.0,4.105923174275824,0,0.0,-0.0,35.56849332203403
2024-12-13,224.79,-0.009561156150863614,False,1.0,-0.009561156150863614,68.14915870850385,0,0.0,-0.0,19.26316836489613,0,0.0,-0.0,37.50815585449176,0,0.0,-0.0,4.804982754631141,0,0.0,-0.0,4.195624199572006,0,0.0,-0.0,3.3571844387906635,0,0.0,-0.0,4.105923174275824,0,0.0,-0.0,35.56849332203403
2024-12-14,219.93,-0.02162017883357792,False,1.0,-0.02162017883357792,66.67576170986811,0,0.0,-0.0,19.26316836489613,0,0.0,-0.0,37.50815585449176,0,0.0,-0.0,4.804982754631141,0,0.0,-0.0,4.195624199572006,0,0.0,-0.0,3.3571844387906635,0,0.0,-0.0,4.105923174275824,0,0.0,-0.0,35.56849332203403
2024-12-15,224.27,0.01973355158459511,False,1.0,0.01973355158459511,67.99151129301197,0,0.0,0.0,19.26316836489613,0,0.0,0.0,37.50815585449176,0,0.0,0.0,4.804982754631141,0,0.0,0.0,4.195624199572006,0,0.0,0.0,3.3571844387906635,0,0.0,0.0,4.105923174275824,0,0.0,0.0,35.56849332203403
2024-12-16,216.19,-0.03602800196192091,False,1.0,-0.03602800196192091,65.54191299075336,0,0.0,-0.0,19.26316836489613,0,0.0,-0.0,37.50815585449176,0,0.0,-0.0,4.804982754631141,0,0.0,-0.0,4.195624199572006,0,0.0,-0.0,3.3571844387906635,0,0.0,-0.0,4.105923174275824,0,0.0,-0.0,35.56849332203403
2024-12-17,223.15,0.03219390351080076,False,1.0,0.03219390351080076,67.65196301349097,0,0.0,0.0,19.26316836489613,0,0.0,0.0,37.50815585449176,0,0.0,0.0,4.804982754631141,0,0.0,0.0,4.195624199572006,0,0.0,0.0,3.3571844387906635,0,0.0,0.0,4.105923174275824,0,0.0,0.0,35.56849332203403
2024-12-18,206.53,-0.07447904996639032,False,1.0,-0.07447904996639032,62.613309079884786,0,0.0,-0.0,19.26316836489613,0,0.0,-0.0,37.50815585449176,0,0.0,-0.0,4.804982754631141,0,0.0,-0.0,4.195624199572006,0,0.0,-0.0,3.3571844387906635,0,0.0,-0.0,4.105923174275824,0,0.0,-0.0,35.56849332203403
2024-12-19,193.81,-0.061589115382753135,False,1.0,-0.061589115382753135,58.75701076246778,0,0.0,-0.0,19.26316836489613,0,0.0,-0.0,37.50815585449176,0,0.0,-0.0,4.804982754631141,0,0.0,-0.0,4.195624199572006,0,0.0,-0.0,3.3571844387906635,0,0.0,-0.0,4.105923174275824,0,0.0,-0.0,35.56849332203403
2024-12-20,194.48,0.0034569939631596824,False,1.0,0.0034569939631596824,58.96013339396694,0,0.0,0.0,19.26316836489613,0,0.0,0.0,37.50815585449176,0,0.0,0.0,4.804982754631141,0,0.0,0.0,4.195624199572006,0,0.0,0.0,3.3571844387906635,0,0.0,0.0,4.105923174275824,0,0.0,0.0,35.56849332203403
2024-12-21,181.45,-0.06699917729329496,False,1.0,-0.06699917729329496,55.00985296346823,0,0.0,-0.0,19.26316836489613,0,0.0,-0.0,37.50815585449176,0,0.0,-0.0,4.804982754631141,0,0.0,-0.0,4.195624199572006,0,0.0,-0.0,3.3571844387906635,0,0.0,-0.0,4.105923174275824,0,0.0,-0.0,35.56849332203403
2024-12-22,180.52,-0.005125378892256727,False,1.0,-0.005125378892256727,54.727906624223124,0,0.0,-0.0,19.26316836489613,0,0.0,-0.0,37.50815585449176,0,0.0,-0.0,4.804982754631141,0,0.0,-0.0,4.195624199572006,0,0.0,-0.0,3.3571844387906635,0,0.0,-0.0,4.105923174275824,0,0.0,-0.0,35.56849332203403
2024-12-23,190.11,0.053124307555949546,False,1.0,0.053124307555949546,57.63528876762164,0,0.0,0.0,19.26316836489613,0,0.0,0.0,37.50815585449176,0,0.0,0.0,4.804982754631141,0,0.0,0.0,4.195624199572006,0,0.0,0.0,3.3571844387906635,0,0.0,0.0,4.105923174275824,0,0.0,0.0,35.56849332203403
2024-12-24,197.09,0.03671558571353417,False,1.0,0.03671558571353417,59.75140215249355,0,0.0,0.0,19.26316836489613,0,0.0,0.0,37.50815585449176,0,0.0,0.0,4.804982754631141,0,0.0,0.0,4.195624199572006,0,0.0,0.0,3.3571844387906635,0,0.0,0.0,4.105923174275824,0,0.0,0.0,35.56849332203403
2024-12-25,197.44,0.0017758384494392931,False,1.0,0.0017758384494392931,59.85751098984385,0,0.0,0.0,19.26316836489613,0,0.0,0.0,37.50815585449176,0,0.0,0.0,4.804982754631141,0,0.0,0.0,4.195624199572006,0,0.0,0.0,3.3571844387906635,0,0.0,0.0,4.105923174275824,0,0.0,0.0,35.56849332203403
2024-12-26,188.46,-0.04548217179902747,False,1.0,-0.04548217179902747,57.1350613915416,0,0.0,-0.0,19.26316836489613,0,0.0,-0.0,37.50815585449176,0,0.0,-0.0,4.804982754631141,0,0.0,-0.0,4.195624199572006,0,0.0,-0.0,3.3571844387906635,0,0.0,-0.0,4.105923174275824,0,0.0,-0.0,35.56849332203403
2024-12-27,184.22,-0.022498142841982482,False,1.0,-0.022498142841982482,55.84962861906926,0,0.0,-0.0,19.26316836489613,0,0.0,-0.0,37.50815585449176,0,0.0,-0.0,4.804982754631141,0,0.0,-0.0,4.195624199572006,0,0.0,-0.0,3.3571844387906635,0,0.0,-0.0,4.105923174275824,0,0.0,-0.0,35.56849332203403
2024-12-28,195.5,0.06123113668439917,False,1.0,0.06123113668439917,59.26936486281642,0,0.0,0.0,19.26316836489613,0,0.0,0.0,37.50815585449176,0,0.0,0.0,4.804982754631141,0,0.0,0.0,4.195624199572006,0,0.0,0.0,3.3571844387906635,0,0.0,0.0,4.105923174275824,0,0.0,0.0,35.56849332203403
2024-12-29,189.94,-0.02843989769820976,False,1.0,-0.02843989769820976,57.58375018948005,0,0.0,-0.0,19.26316836489613,0,0.0,-0.0,37.50815585449176,0,0.0,-0.0,4.804982754631141,0,0.0,-0.0,4.195624199572006,0,0.0,-0.0,3.3571844387906635,0,0.0,-0.0,4.105923174275824,0,0.0,-0.0,35.56849332203403
2024-12-30,191.38,0.007581341476255554,False,1.0,0.007581341476255554,58.02031226314989,0,0.0,0.0,19.26316836489613,0,0.0,0.0,37.50815585449176,0,0.0,0.0,4.804982754631141,0,0.0,0.0,4.195624199572006,0,0.0,0.0,3.3571844387906635,0,0.0,0.0,4.105923174275824,0,0.0,0.0,35.56849332203403
2024-12-31,189.31,-0.010816177239000857,False,1.0,-0.010816177239000857,57.392754282249484,0,0.0,-0.0,19.26316836489613,0,0.0,-0.0,37.50815585449176,0,0.0,-0.0,4.804982754631141,0,0.0,-0.0,4.195624199572006,0,0.0,-0.0,3.3571844387906635,0,0.0,-0.0,4.105923174275824,0,0.0,-0.0,35.56849332203403
2025-01-01,194.28,0.026253235433944422,False,1.0,0.026253235433944422,58.899499772623905,0,0.0,0.0,19.26316836489613,0,0.0,0.0,37.50815585449176,0,0.0,0.0,4.804982754631141,0,0.0,0.0,4.195624199572006,0,0.0,0.0,3.3571844387906635,0,0.0,0.0,4.105923174275824,0,0.0,0.0,35.56849332203403
2025-01-02,208.31,0.07221535927527278,False,1.0,0.07221535927527278,63.15294830983779,0,0.0,0.0,19.26316836489613,0,0.0,0.0,37.50815585449176,0,0.0,0.0,4.804982754631141,0,0.0,0.0,4.195624199572006,0,0.0,0.0,3.3571844387906635,0,0.0,0.0,4.105923174275824,0,0.0,0.0,35.56849332203403
2025-01-03,217.99,0.04646920455090964,False,1.0,0.04646920455090964,66.08761558284067,0,0.0,0.0,19.26316836489613,0,0.0,0.0,37.50815585449176,0,0.0,0.0,4.804982754631141,0,0.0,0.0,4.195624199572006,0,0.0,0.0,3.3571844387906635,0,0.0,0.0,4.105923174275824,0,0.0,0.0,35.56849332203403
2025-01-04,216.67,-0.006055323638699095,False,1.0,-0.006055323638699095,65.68743368197664,0,0.0,-0.0,19.26316836489613,0,0.0,-0.0,37.50815585449176,0,0.0,-0.0,4.804982754631141,0,0.0,-0.0,4.195624199572006,0,0.0,-0.0,3.3571844387906635,0,0.0,-0.0,4.105923174275824,0,0.0,-0.0,35.56849332203403
2025-01-05,213.41,-0.015045922370425013,False,1.0,-0.015045922370425013,64.69910565408519,0,0.0,-0.0,19.26316836489613,0,0.0,-0.0,37.50815585449176,0,0.0,-0.0,4.804982754631141,0,0.0,-0.0,4.195624199572006,0,0.0,-0.0,3.3571844387906635,0,0.0,-0.0,4.105923174275824,0,0.0,-0.0,35.56849332203403
2025-01-06,218.22,0.022538775127688426,False,1.0,0.022538775127688426,66.15734424738517,0,0.0,0.0,19.26316836489613,0,0.0,0.0,37.50815585449176,0,0.0,0.0,4.804982754631141,0,0.0,0.0,4.195624199572006,0,0.0,0.0,3.3571844387906635,0,0.0,0.0,4.105923174275824,0,0.0,0.0,35.56849332203403
2025-01-07,202.17,-0.07354962881495741,False,1.0,-0.07354962881495741,61.29149613460663,0,0.0,-0.0,19.26316836489613,0,0.0,-0.0,37.50815585449176,0,0.0,-0.0,4.804982754631141,0,0.0,-0.0,4.195624199572006,0,0.0,-0.0,3.3571844387906635,0,0.0,-0.0,4.105923174275824,0,0.0,-0.0,35.56849332203403
2025-01-08,197.48,-0.023198298461690636,True,1.0,-0.023198298461690636,59.86963771411247,0,0.0,-0.0,19.26316836489613,0,0.0,-0.0,37.50815585449176,0,0.0,-0.0,4.804982754631141,0,0.0,-0.0,4.195624199572006,0,0.0,-0.0,3.3571844387906635,0,0.0,-0.0,4.105923174275824,0,0.0,-0.0,35.56849332203403
2025-01-09,184.95,-0.06344946323678347,False,1.0,-0.06344946323678347,56.070941336971345,0,0.0,-0.0,19.26316836489613,0,0.0,-0.0,37.50815585449176,0,0.0,-0.0,4.804982754631141,0,0.0,-0.0,4.195624199572006,0,0.0,-0.0,3.3571844387906635,0,0.0,-0.0,4.105923174275824,0,0.0,-0.0,35.56849332203403
2025-01-10,187.68,0.014760746147607584,True,1.0,0.014760746147607584,56.89859026830378,0,0.0,0.0,19.26316836489613,0,0.0,0.0,37.50815585449176,0,0.0,0.0,4.804982754631141,0,0.0,0.0,4.195624199572006,0,0.0,0.0,3.3571844387906635,0,0.0,0.0,4.105923174275824,0,0.0,0.0,35.56849332203403
2025-01-11,188.09,0.0021845694799658144,True,1.0,0.0021845694799658144,57.022889192056994,0,0.0,0.0,19.26316836489613,0,0.0,0.0,37.50815585449176,0,0.0,0.0,4.804982754631141,0,0.0,0.0,4.195624199572006,0,0.0,0.0,3.3571844387906635,0,0.0,0.0,4.105923174275824,0,0.0,0.0,35.56849332203403
2025-01-12,188.51,0.0022329735764792247,False,1.0,0.0022329735764792247,57.15021979687736,0,0.0,0.0,19.26316836489613,0,0.0,0.0,37.50815585449176,0,0.0,0.0,4.804982754631141,0,0.0,0.0,4.195624199572006,0,0.0,0.0,3.3571844387906635,0,0.0,0.0,4.105923174275824,0,0.0,0.0,35.56849332203403
2025-01-13,182.87,-0.029918837196965642,False,1.0,-0.029918837196965642,55.44035167500378,0,0.0,-0.0,19.26316836489613,0,0.0,-0.0,37.50815585449176,0,0.0,-0.0,4.804982754631141,0,0.0,-0.0,4.195624199572006,0,0.0,-0.0,3.3571844387906635,0,0.0,-0.0,4.105923174275824,0,0.0,-0.0,35.56849332203403
2025-01-14,187.57,0.02570131787608676,False,1.0,0.02570131787608676,56.86524177656509,0,0.0,0.0,19.26316836489613,0,0.0,0.0,37.50815585449176,0,0.0,0.0,4.804982754631141,0,0.0,0.0,4.195624199572006,0,0.0,0.0,3.3571844387906635,0,0.0,0.0,4.105923174275824,0,0.0,0.0,35.56849332203403
2025-01-15,205.86,0.09751026283520825,True,1.0,0.09751026283520825,62.410186448385616,0,0.0,0.0,19.26316836489613,0,0.0,0.0,37.50815585449176,0,0.0,0.0,4.804982754631141,0,0.0,0.0,4.195624199572006,0,0.0,0.0,3.3571844387906635,0,0.0,0.0,4.105923174275824,0,0.0,0.0,35.56849332203403
2025-01-16,211.14,0.02564849897988908,True,1.0,0.02564849897988908,64.01091405184172,0,0.0,0.0,19.26316836489613,0,0.0,0.0,37.50815585449176,0,0.0,0.0,4.804982754631141,0,0.0,0.0,4.195624199572006,0,0.0,0.0,3.3571844387906635,0,0.0,0.0,4.105923174275824,0,0.0,0.0,35.56849332203403
2025-01-17,219.51,0.03964194373401542,True,1.0,0.03964194373401542,66.54843110504773,0,0.0,0.0,19.26316836489613,0,0.0,0.0,37.50815585449176,0,0.0,0.0,4.804982754631141,0,0.0,0.0,4.195624199572006,0,0.0,0.0,3.3571844387906635,0,0.0,0.0,4.105923174275824,0,0.0,0.0,35.56849332203403
2025-01-18,261.97,0.19343082319712113,True,1.0,0.19343082319712113,79.42094891617401,0,0.0,0.0,19.26316836489613,1,0.0,0.0,37.50815585449176,0,0.0,0.0,4.804982754631141,0,0.0,0.0,4.195624199572006,0,0.0,0.0,3.3571844387906635,0,0.0,0.0,4.105923174275824,0,0.0,0.0,35.56849332203403
2025-01-19,252.42,-0.03645455586517554,True,1.0,-0.03645455586517554,76.52569349704409,0,0.0,-0.0,19.26316836489613,0,1.0,-0.03745455586517554,36.103304535639985,0,0.0,-0.0,4.804982754631141,0,0.0,-0.0,4.195624199572006,0,0.0,-0.0,3.3571844387906635,0,0.0,-0.0,4.105923174275824,0,0.0,-0.0,35.56849332203403
2025-01-20,242.19,-0.04052769194200134,True,1.0,-0.04052769194200134,73.42428376534787,0,0.0,-0.0,19.26316836489613,0,1.0,-0.04052769194200134,34.64012093133131,0,0.0,-0.0,4.804982754631141,0,0.0,-0.0,4.195624199572006,0,0.0,-0.0,3.3571844387906635,0,0.0,-0.0,4.105923174275824,0,0.0,-0.0,35.56849332203403
2025-01-21,250.33,0.033609975638961176,True,1.0,0.033609975638961176,75.89207215400938,0,0.0,0.0,19.26316836489613,0,1.0,0.033609975638961176,35.804374551964024,0,0.0,0.0,4.804982754631141,0,0.0,0.0,4.195624199572006,0,0.0,0.0,3.3571844387906635,0,0.0,0.0,4.105923174275824,0,0.0,0.0,35.56849332203403
2025-01-22,257.36,0.02808293053169808,True,1.0,0.02808293053169808,78.02334394421705,0,0.0,0.0,19.26316836489613,0,1.0,0.02808293053169808,36.80986631523773,0,0.0,0.0,4.804982754631141,0,0.0,0.0,4.195624199572006,0,0.0,0.0,3.3571844387906635,0,0.0,0.0,4.105923174275824,0,0.0,0.0,35.56849332203403
2025-01-23,253.11,-0.016513832763444203,True,1.0,-0.016513832763444203,76.73487949067756,0,0.0,-0.0,19.26316836489613,0,1.0,-0.016513832763444203,36.20199433886315,0,0.0,-0.0,4.804982754631141,0,0.0,-0.0,4.195624199572006,0,0.0,-0.0,3.3571844387906635,0,0.0,-0.0,4.105923174275824,0,0.0,-0.0,35.56849332203403
2025-01-24,253.37,0.0010272213662043672,True,1.0,0.0010272213662043672,76.8137031984235,0,0.0,0.0,19.26316836489613,0,1.0,0.0010272213662043672,36.23918180094724,0,0.0,0.0,4.804982754631141,0,0.0,0.0,4.195624199572006,0,0.0,0.0,3.3571844387906635,0,0.0,0.0,4.105923174275824,0,0.0,0.0,35.56849332203403
2025-01-25,256.41,0.011998263409243481,True,1.0,0.011998263409243481,77.73533424283762,0,0.0,0.0,19.26316836489613,0,1.0,0.011998263409243481,36.67398904993047,0,0.0,0.0,4.804982754631141,0,0.0,0.0,4.195624199572006,0,0.0,0.0,3.3571844387906635,0,0.0,0.0,4.105923174275824,0,0.0,0.0,35.56849332203403
2025-01-26,240.5,-0.06204906204906213,True,1.0,-0.06204906204906213,72.9119296649992,0,0.0,-0.0,19.26316836489613,0,1.0,-0.06204906204906213,34.39840242778471,0,0.0,-0.0,4.804982754631141,0,0.0,-0.0,4.195624199572006,0,0.0,-0.0,3.3571844387906635,0,0.0,-0.0,4.105923174275824,0,0.0,-0.0,35.56849332203403
2025-01-27,234.89,-0.023326403326403344,True,1.0,-0.023326403326403344,71.21115658632708,0,0.0,-0.0,19.26316836489613,0,1.0,-0.023326403326403344,33.59601141897027,0,0.0,-0.0,4.804982754631141,0,0.0,-0.0,4.195624199572006,0,0.0,-0.0,3.3571844387906635,0,0.0,-0.0,4.105923174275824,0,0.0,-0.0,35.56849332203403
2025-01-28,227.06,-0.03333475243731099,True,1.0,-0.03333475243731099,68.83735031074728,0,0.0,-0.0,19.26316836489613,0,1.0,-0.03333475243731099,32.476096695437825,0,0.0,-0.0,4.804982754631141,0,0.0,-0.0,4.195624199572006,0,0.0,-0.0,3.3571844387906635,0,0.0,-0.0,4.105923174275824,0,0.0,-0.0,35.56849332203403
2025-01-29,228.16,0.004844534484277352,True,1.0,0.004844534484277352,69.17083522813398,0,0.0,0.0,19.26316836489613,0,1.0,0.004844534484277352,32.6334282657936,0,0.0,0.0,4.804982754631141,0,0.0,0.0,4.195624199572006,0,0.0,0.0,3.3571844387906635,0,0.0,0.0,4.105923174275824,0,0.0,0.0,35.56849332203403
2025-01-30,238.31,0.04448632538569419,True,1.0,0.04448632538569419,72.247991511293,0,0.0,0.0,19.26316836489613,0,1.0,0.04448632538569419,34.0851695740764,0,0.0,0.0,4.804982754631141,0,0.0,0.0,4.195624199572006,0,0.0,0.0,3.3571844387906635,0,0.0,0.0,4.105923174275824,0,0.0,0.0,35.56849332203403
2025-01-31,231.77,-0.027443246191934834,True,1.0,-0.027443246191934834,70.26527209337576,0,0.0,-0.0,19.26316836489613,0,1.0,-0.027443246191934834,33.149761873961175,0,0.0,-0.0,4.804982754631141,0,0.0,-0.0,4.195624199572006,0,0.0,-0.0,3.3571844387906635,0,0.0,-0.0,4.105923174275824,0,0.0,-0.0,35.56849332203403
2025-02-01,213.03,-0.08085602105535661,True,1.0,-0.08085602105535661,64.5839017735334,0,0.0,-0.0,19.26316836489613,0,1.0,-0.08085602105535661,30.46940402990011,0,0.0,-0.0,4.804982754631141,0,0.0,-0.0,4.195624199572006,0,0.0,-0.0,3.3571844387906635,0,0.0,-0.0,4.105923174275824,0,0.0,-0.0,35.56849332203403
2025-02-02,203.51,-0.04468854151997381,True,1.0,-0.04468854151997381,61.69774139760494,0,0.0,-0.0,19.26316836489613,0,1.0,-0.04468854151997381,29.10777080282106,0,0.0,-0.0,4.804982754631141,0,0.0,-0.0,4.195624199572006,0,0.0,-0.0,3.3571844387906635,0,0.0,-0.0,4.105923174275824,0,0.0,-0.0,35.56849332203403
2025-02-03,216.28,0.06274875927472867,True,1.0,0.06274875927472867,65.56919812035771,0,0.0,0.0,19.26316836489613,0,1.0,0.06274875927472867,30.934247305951256,0,0.0,0.0,4.804982754631141,0,0.0,0.0,4.195624199572006,0,0.0,0.0,3.3571844387906635,0,0.0,0.0,4.105923174275824,0,0.0,0.0,35.56849332203403
2025-02-04,206.64,-0.04457185130386543,True,1.0,-0.04457185130386543,62.646657571623436,0,0.0,-0.0,19.26316836489613,0,1.0,-0.04457185130386543,29.5554506348334,0,0.0,-0.0,4.804982754631141,0,0.0,-0.0,4.195624199572006,0,0.0,-0.0,3.3571844387906635,0,0.0,-0.0,4.105923174275824,0,0.0,-0.0,35.56849332203403
2025-02-05,196.12,-0.05090979481223379,False,1.0,-0.05090979481223379,59.45732908897981,0,0.0,-0.0,19.26316836489613,0,1.0,-0.05090979481223379,28.050788707430925,0,0.0,-0.0,4.804982754631141,0,0.0,-0.0,4.195624199572006,0,0.0,-0.0,3.3571844387906635,0,0.0,-0.0,4.105923174275824,0,0.0,-0.0,35.56849332203403
2025-02-06,189.54,-0.03355088721191113,False,1.0,-0.03355088721191113,57.46248294679397,0,0.0,-0.0,19.26316836489613,0,1.0,-0.03355088721191113,27.10965985930276,0,0.0,-0.0,4.804982754631141,0,0.0,-0.0,4.195624199572006,0,0.0,-0.0,3.3571844387906635,0,0.0,-0.0,4.105923174275824,0,0.0,-0.0,35.56849332203403
2025-02-07,191.99,0.012926031444550068,False,1.0,0.012926031444550068,58.20524480824615,0,0.0,0.0,19.26316836489613,0,1.0,0.012926031444550068,27.460080175095165,0,0.0,0.0,4.804982754631141,0,0.0,0.0,4.195624199572006,0,0.0,0.0,3.3571844387906635,0,0.0,0.0,4.105923174275824,0,0.0,0.0,35.56849332203403
2025-02-08,199.32,0.038179071826657474,False,1.0,0.038179071826657474,60.427467030468364,0,0.0,0.0,19.26316836489613,0,0.0,-0.001,27.43262009492007,0,0.0,0.0,4.804982754631141,0,0.0,0.0,4.195624199572006,0,0.0,0.0,3.3571844387906635,0,0.0,0.0,4.105923174275824,0,0.0,0.0,35.56849332203403
2025-02-09,200.47,0.00576961669676912,False,1.0,0.00576961669676912,60.776110353190816,0,0.0,0.0,19.26316836489613,0,0.0,0.0,27.43262009492007,0,0.0,0.0,4.804982754631141,0,0.0,0.0,4.195624199572006,0,0.0,0.0,3.3571844387906635,0,0.0,0.0,4.105923174275824,0,0.0,0.0,35.56849332203403
2025-02-10,200.47,0.0,False,1.0,0.0,60.776110353190816,0,0.0,0.0,19.26316836489613,0,0.0,0.0,27.43262009492007,0,0.0,0.0,4.804982754631141,0,0.0,0.0,4.195624199572006,0,0.0,0.0,3.3571844387906635,0,0.0,0.0,4.105923174275824,0,0.0,0.0,35.56849332203403
2025-02-11,197.96,-0.012520576644884485,False,1.0,-0.012520576644884485,60.01515840533573,0,0.0,-0.0,19.26316836489613,0,0.0,-0.0,27.43262009492007,0,0.0,-0.0,4.804982754631141,0,0.0,-0.0,4.195624199572006,0,0.0,-0.0,3.3571844387906635,0,0.0,-0.0,4.105923174275824,0,0.0,-0.0,35.56849332203403
2025-02-12,196.78,-0.005960800161648905,False,1.0,-0.005960800161648905,59.657420039411825,0,0.0,-0.0,19.26316836489613,0,0.0,-0.0,27.43262009492007,0,0.0,-0.0,4.804982754631141,0,0.0,-0.0,4.195624199572006,0,0.0,-0.0,3.3571844387906635,0,0.0,-0.0,4.105923174275824,0,0.0,-0.0,35.56849332203403
2025-02-13,194.25,-0.012856997662364034,False,1.0,-0.012856997662364034,58.890404729422436,0,0.0,-0.0,19.26316836489613,0,0.0,-0.0,27.43262009492007,0,0.0,-0.0,4.804982754631141,0,0.0,-0.0,4.195624199572006,0,0.0,-0.0,3.3571844387906635,0,0.0,-0.0,4.105923174275824,0,0.0,-0.0,35.56849332203403
2025-02-14,199.39,0.026460746460746476,False,1.0,0.026460746460746476,60.44868879793843,0,0.0,0.0,19.26316836489613,0,0.0,0.0,27.43262009492007,0,0.0,0.0,4.804982754631141,0,0.0,0.0,4.195624199572006,0,0.0,0.0,3.3571844387906635,0,0.0,0.0,4.105923174275824,0,0.0,0.0,35.56849332203403
2025-02-15,194.48,-0.0246251065750539,False,1.0,-0.0246251065750539,58.96013339396693,0,0.0,-0.0,19.26316836489613,0,0.0,-0.0,27.43262009492007,0,0.0,-0.0,4.804982754631141,0,0.0,-0.0,4.195624199572006,0,0.0,-0.0,3.3571844387906635,0,0.0,-0.0,4.105923174275824,0,0.0,-0.0,35.56849332203403
2025-02-16,188.27,-0.031931303990127446,False,1.0,-0.031931303990127446,57.0774594512657,0,0.0,-0.0,19.26316836489613,0,0.0,-0.0,27.43262009492007,0,0.0,-0.0,4.804982754631141,0,0.0,-0.0,4.195624199572006,0,0.0,-0.0,3.3571844387906635,0,0.0,-0.0,4.105923174275824,0,0.0,-0.0,35.56849332203403
2025-02-17,177.53,-0.05704573219312692,False,1.0,-0.05704573219312692,53.821433985144736,0,0.0,-0.0,19.26316836489613,0,0.0,-0.0,27.43262009492007,0,0.0,-0.0,4.804982754631141,0,0.0,-0.0,4.195624199572006,0,0.0,-0.0,3.3571844387906635,0,0.0,-0.0,4.105923174275824,0,0.0,-0.0,35.56849332203403
2025-02-18,169.32,-0.04624570495127589,False,1.0,-0.04624570495127589,51.33242382901316,0,0.0,-0.0,19.26316836489613,0,0.0,-0.0,27.43262009492007,0,0.0,-0.0,4.804982754631141,0,0.0,-0.0,4.195624199572006,0,0.0,-0.0,3.3571844387906635,0,0.0,-0.0,4.105923174275824,0,0.0,-0.0,35.56849332203403
2025-02-19,168.93,-0.0023033309709424854,False,1.0,-0.0023033309709424854,51.21418826739425,0,0.0,-0.0,19.26316836489613,0,0.0,-0.0,27.43262009492007,0,0.0,-0.0,4.804982754631141,0,0.0,-0.0,4.195624199572006,0,0.0,-0.0,3.3571844387906635,0,0.0,-0.0,4.105923174275824,0,0.0,-0.0,35.56849332203403
2025-02-20,176.0,0.04185165453146267,False,1.0,0.04185165453146267,53.35758678187052,0,0.0,0.0,19.26316836489613,0,0.0,0.0,27.43262009492007,0,0.0,0.0,4.804982754631141,0,0.0,0.0,4.195624199572006,0,0.0,0.0,3.3571844387906635,0,0.0,0.0,4.105923174275824,0,0.0,0.0,35.56849332203403
2025-02-21,168.94,-0.04011363636363641,False,1.0,-0.04011363636363641,51.2172199484614,0,0.0,-0.0,19.26316836489613,0,0.0,-0.0,27.43262009492007,0,0.0,-0.0,4.804982754631141,0,0.0,-0.0,4.195624199572006,0,0.0,-0.0,3.3571844387906635,0,0.0,-0.0,4.105923174275824,0,0.0,-0.0,35.56849332203403
2025-02-22,172.07,0.018527287794483316,False,1.0,0.018527287794483316,52.1661361224799,0,0.0,0.0,19.26316836489613,0,0.0,0.0,27.43262009492007,0,0.0,0.0,4.804982754631141,0,0.0,0.0,4.195624199572006,0,0.0,0.0,3.3571844387906635,0,0.0,0.0,4.105923174275824,0,0.0,0.0,35.56849332203403
2025-02-23,167.94,-0.02400185970825819,False,1.0,-0.02400185970825819,50.914051841746236,0,0.0,-0.0,19.26316836489613,0,0.0,-0.0,27.43262009492007,0,0.0,-0.0,4.804982754631141,0,0.0,-0.0,4.195624199572006,0,0.0,-0.0,3.3571844387906635,0,0.0,-0.0,4.105923174275824,0,0.0,-0.0,35.56849332203403
2025-02-24,141.81,-0.15559128260092892,False,1.0,-0.15559128260092892,42.99226921327875,0,0.0,-0.0,19.26316836489613,0,0.0,-0.0,27.43262009492007,0,0.0,-0.0,4.804982754631141,0,0.0,-0.0,4.195624199572006,0,0.0,-0.0,3.3571844387906635,0,0.0,-0.0,4.105923174275824,0,0.0,-0.0,35.56849332203403
2025-02-25,144.33,0.017770255976306437,False,1.0,0.017770255976306437,43.75625284220099,0,0.0,0.0,19.26316836489613,0,0.0,0.0,27.43262009492007,0,0.0,0.0,4.804982754631141,0,0.0,0.0,4.195624199572006,0,0.0,0.0,3.3571844387906635,0,0.0,0.0,4.105923174275824,0,0.0,0.0,35.56849332203403
2025-02-26,135.32,-0.06242638398115441,False,1.0,-0.06242638398115441,41.024708200697276,0,0.0,-0.0,19.26316836489613,0,0.0,-0.0,27.43262009492007,0,0.0,-0.0,4.804982754631141,0,0.0,-0.0,4.195624199572006,0,0.0,-0.0,3.3571844387906635,0,0.0,-0.0,4.105923174275824,0,0.0,-0.0,35.56849332203403
2025-02-27,137.68,0.017440141885900262,False,1.0,0.017440141885900262,41.74018493254509,0,0.0,0.0,19.26316836489613,0,0.0,0.0,27.43262009492007,0,0.0,0.0,4.804982754631141,0,0.0,0.0,4.195624199572006,0,0.0,0.0,3.3571844387906635,0,0.0,0.0,4.105923174275824,0,0.0,0.0,35.56849332203403
2025-02-28,148.18,0.07626380011621148,False,1.0,0.07626380011621148,44.92345005305441,0,0.0,0.0,19.26316836489613,0,0.0,0.0,27.43262009492007,0,0.0,0.0,4.804982754631141,0,0.0,0.0,4.195624199572006,0,0.0,0.0,3.3571844387906635,0,0.0,0.0,4.105923174275824,0,0.0,0.0,35.56849332203403
2025-03-01,143.66,-0.03050344176002162,False,1.0,-0.03050344176002162,43.55313021070182,0,0.0,-0.0,19.26316836489613,0,0.0,-0.0,27.43262009492007,0,0.0,-0.0,4.804982754631141,0,0.0,-0.0,4.195624199572006,0,0.0,-0.0,3.3571844387906635,0,0.0,-0.0,4.105923174275824,0,0.0,-0.0,35.56849332203403
2025-03-02,178.71,0.2439788389252402,False,1.0,0.2439788389252402,54.17917235106866,0,0.0,0.0,19.26316836489613,0,0.0,0.0,27.43262009492007,0,0.0,0.0,4.804982754631141,0,0.0,0.0,4.195624199572006,0,0.0,0.0,3.3571844387906635,0,0.0,0.0,4.105923174275824,0,0.0,0.0,35.56849332203403
2025-03-03,142.16,-0.20452129147781328,False,1.0,-0.20452129147781328,43.098378050629066,0,0.0,-0.0,19.26316836489613,0,0.0,-0.0,27.43262009492007,0,0.0,-0.0,4.804982754631141,0,0.0,-0.0,4.195624199572006,0,0.0,-0.0,3.3571844387906635,0,0.0,-0.0,4.105923174275824,0,0.0,-0.0,35.56849332203403
2025-03-04,144.79,0.01850028137310078,False,1.0,0.01850028137310078,43.89571017128998,0,0.0,0.0,19.26316836489613,0,0.0,0.0,27.43262009492007,0,0.0,0.0,4.804982754631141,0,0.0,0.0,4.195624199572006,0,0.0,0.0,3.3571844387906635,0,0.0,0.0,4.105923174275824,0,0.0,0.0,35.56849332203403
2025-03-05,146.28,0.010290765936874058,False,1.0,0.010290765936874058,44.347430650295586,0,0.0,0.0,19.26316836489613,0,0.0,0.0,27.43262009492007,0,0.0,0.0,4.804982754631141,0,0.0,0.0,4.195624199572006,0,0.0,0.0,3.3571844387906635,0,0.0,0.0,4.105923174275824,0,0.0,0.0,35.56849332203403
2025-03-06,143.31,-0.020303527481542294,False,1.0,-0.020303527481542294,43.44702137335152,0,0.0,-0.0,19.26316836489613,0,0.0,-0.0,27.43262009492007,0,0.0,-0.0,4.804982754631141,0,0.0,-0.0,4.195624199572006,0,0.0,-0.0,3.3571844387906635,0,0.0,-0.0,4.105923174275824,0,0.0,-0.0,35.56849332203403
2025-03-07,139.39,-0.02735329007047671,False,1.0,-0.02735329007047671,42.258602395028035,0,0.0,-0.0,19.26316836489613,0,0.0,-0.0,27.43262009492007,0,0.0,-0.0,4.804982754631141,0,0.0,-0.0,4.195624199572006,0,0.0,-0.0,3.3571844387906635,0,0.0,-0.0,4.105923174275824,0,0.0,-0.0,35.56849332203403
2025-03-08,137.01,-0.01707439558074464,False,1.0,-0.01707439558074464,41.53706230104592,0,0.0,-0.0,19.26316836489613,0,0.0,-0.0,27.43262009492007,0,0.0,-0.0,4.804982754631141,0,0.0,-0.0,4.195624199572006,0,0.0,-0.0,3.3571844387906635,0,0.0,-0.0,4.105923174275824,0,0.0,-0.0,35.56849332203403
2025-03-09,126.51,-0.07663674184366098,False,1.0,-0.07663674184366098,38.3537971805366,0,0.0,-0.0,19.26316836489613,0,0.0,-0.0,27.43262009492007,0,0.0,-0.0,4.804982754631141,0,0.0,-0.0,4.195624199572006,0,0.0,-0.0,3.3571844387906635,0,0.0,-0.0,4.105923174275824,0,0.0,-0.0,35.56849332203403
2025-03-10,118.32,-0.06473796537823107,False,1.0,-0.06473796537823107,35.87085038653933,0,0.0,-0.0,19.26316836489613,0,0.0,-0.0,27.43262009492007,0,0.0,-0.0,4.804982754631141,0,0.0,-0.0,4.195624199572006,0,0.0,-0.0,3.3571844387906635,0,0.0,-0.0,4.105923174275824,0,0.0,-0.0,35.56849332203403
2025-03-11,125.35,0.05941514536849213,False,1.0,0.05941514536849213,38.002122176747,0,0.0,0.0,19.26316836489613,0,0.0,0.0,27.43262009492007,0,0.0,0.0,4.804982754631141,0,0.0,0.0,4.195624199572006,0,0.0,0.0,3.3571844387906635,0,0.0,0.0,4.105923174275824,0,0.0,0.0,35.56849332203403
2025-03-12,126.62,0.010131631431990584,False,1.0,0.010131631431990584,38.387145672275274,0,0.0,0.0,19.26316836489613,0,0.0,0.0,27.43262009492007,0,0.0,0.0,4.804982754631141,0,0.0,0.0,4.195624199572006,0,0.0,0.0,3.3571844387906635,0,0.0,0.0,4.105923174275824,0,0.0,0.0,35.56849332203403
2025-03-13,123.37,-0.02566735112936347,False,1.0,-0.02566735112936347,37.40184932545096,0,0.0,-0.0,19.26316836489613,0,0.0,-0.0,27.43262009492007,0,0.0,-0.0,4.804982754631141,0,0.0,-0.0,4.195624199572006,0,0.0,-0.0,3.3571844387906635,0,0.0,-0.0,4.105923174275824,0,0.0,-0.0,35.56849332203403
2025-03-14,133.54,0.08243495177109494,False,1.0,0.08243495177109494,40.48506897074427,0,0.0,0.0,19.26316836489613,0,0.0,0.0,27.43262009492007,0,0.0,0.0,4.804982754631141,0,0.0,0.0,4.195624199572006,0,0.0,0.0,3.3571844387906635,0,0.0,0.0,4.105923174275824,0,0.0,0.0,35.56849332203403
2025-03-15,135.86,0.01737307173880498,False,1.0,0.01737307173880498,41.18841897832348,0,0.0,0.0,19.26316836489613,0,0.0,0.0,27.43262009492007,0,0.0,0.0,4.804982754631141,0,0.0,0.0,4.195624199572006,0,0.0,0.0,3.3571844387906635,0,0.0,0.0,4.105923174275824,0,0.0,0.0,35.56849332203403
2025-03-16,126.13,-0.07161784189606957,False,1.0,-0.07161784189606957,38.23859329998484,0,0.0,-0.0,19.26316836489613,0,0.0,-0.0,27.43262009492007,0,0.0,-0.0,4.804982754631141,0,0.0,-0.0,4.195624199572006,0,0.0,-0.0,3.3571844387906635,0,0.0,-0.0,4.105923174275824,0,0.0,-0.0,35.56849332203403
2025-03-17,128.01,0.014905256481408058,False,1.0,0.014905256481408058,38.80854934060937,0,0.0,0.0,19.26316836489613,0,0.0,0.0,27.43262009492007,0,0.0,0.0,4.804982754631141,0,0.0,0.0,4.195624199572006,0,0.0,0.0,3.3571844387906635,0,0.0,0.0,4.105923174275824,0,0.0,0.0,35.56849332203403
2025-03-18,125.33,-0.020935864385594805,False,1.0,-0.020935864385594805,37.9960588146127,0,0.0,-0.0,19.26316836489613,0,0.0,-0.0,27.43262009492007,0,0.0,-0.0,4.804982754631141,0,0.0,-0.0,4.195624199572006,0,0.0,-0.0,3.3571844387906635,0,0.0,-0.0,4.105923174275824,0,0.0,-0.0,35.56849332203403
2025-03-19,135.33,0.07978935609989635,False,1.0,0.07978935609989635,41.02773988176444,0,0.0,0.0,19.26316836489613,0,0.0,0.0,27.43262009492007,0,0.0,0.0,4.804982754631141,0,0.0,0.0,4.195624199572006,0,0.0,0.0,3.3571844387906635,0,0.0,0.0,4.105923174275824,0,0.0,0.0,35.56849332203403
2025-03-20,127.6,-0.05711963348850968,False,1.0,-0.05711963348850968,38.684250416856145,0,0.0,-0.0,19.26316836489613,0,0.0,-0.0,27.43262009492007,0,0.0,-0.0,4.804982754631141,0,0.0,-0.0,4.195624199572006,0,0.0,-0.0,3.3571844387906635,0,0.0,-0.0,4.105923174275824,0,0.0,-0.0,35.56849332203403
2025-03-21,128.48,0.006896551724137945,False,1.0,0.006896551724137945,38.9510383507655,0,0.0,0.0,19.26316836489613,0,0.0,0.0,27.43262009492007,0,0.0,0.0,4.804982754631141,0,0.0,0.0,4.195624199572006,0,0.0,0.0,3.3571844387906635,0,0.0,0.0,4.105923174275824,0,0.0,0.0,35.56849332203403
2025-03-22,128.51,0.00023349937733496695,False,1.0,0.00023349937733496695,38.960133393966956,0,0.0,0.0,19.26316836489613,0,0.0,0.0,27.43262009492007,0,0.0,0.0,4.804982754631141,0,0.0,0.0,4.195624199572006,0,0.0,0.0,3.3571844387906635,0,0.0,0.0,4.105923174275824,0,0.0,0.0,35.56849332203403
2025-03-23,132.84,0.03369387596296014,False,1.0,0.03369387596296014,40.27285129604366,0,0.0,0.0,19.26316836489613,0,0.0,0.0,27.43262009492007,0,0.0,0.0,4.804982754631141,0,0.0,0.0,4.195624199572006,0,0.0,0.0,3.3571844387906635,0,0.0,0.0,4.105923174275824,0,0.0,0.0,35.56849332203403
2025-03-24,141.01,0.06150255947003913,False,1.0,0.06150255947003913,42.74973472790663,0,0.0,0.0,19.26316836489613,0,0.0,0.0,27.43262009492007,0,0.0,0.0,4.804982754631141,0,0.0,0.0,4.195624199572006,0,0.0,0.0,3.3571844387906635,0,0.0,0.0,4.105923174275824,0,0.0,0.0,35.56849332203403
2025-03-25,143.64,0.018651159492234504,False,1.0,0.018651159492234504,43.54706684856753,0,0.0,0.0,19.26316836489613,0,0.0,0.0,27.43262009492007,0,0.0,0.0,4.804982754631141,0,0.0,0.0,4.195624199572006,0,0.0,0.0,3.3571844387906635,0,0.0,0.0,4.105923174275824,0,0.0,0.0,35.56849332203403
2025-03-26,137.34,-0.04385964912280693,False,1.0,-0.04385964912280693,41.63710777626194,0,0.0,-0.0,19.26316836489613,0,0.0,-0.0,27.43262009492007,0,0.0,-0.0,4.804982754631141,0,0.0,-0.0,4.195624199572006,0,0.0,-0.0,3.3571844387906635,0,0.0,-0.0,4.105923174275824,0,0.0,-0.0,35.56849332203403
2025-03-27,138.43,0.007936507936507908,False,1.0,0.007936507936507908,41.96756101258148,0,0.0,0.0,19.26316836489613,0,0.0,0.0,27.43262009492007,0,0.0,0.0,4.804982754631141,0,0.0,0.0,4.195624199572006,0,0.0,0.0,3.3571844387906635,0,0.0,0.0,4.105923174275824,0,0.0,0.0,35.56849332203403
2025-03-28,129.49,-0.06458137686917576,False,1.0,-0.06458137686917576,39.25723813854783,0,0.0,-0.0,19.26316836489613,0,0.0,-0.0,27.43262009492007,0,0.0,-0.0,4.804982754631141,0,0.0,-0.0,4.195624199572006,0,0.0,-0.0,3.3571844387906635,0,0.0,-0.0,4.105923174275824,0,0.0,-0.0,35.56849332203403
2025-03-29,124.58,-0.03791798594486073,False,1.0,-0.03791798594486073,37.768682734576316,0,0.0,-0.0,19.26316836489613,0,0.0,-0.0,27.43262009492007,0,0.0,-0.0,4.804982754631141,0,0.0,-0.0,4.195624199572006,0,0.0,-0.0,3.3571844387906635,0,0.0,-0.0,4.105923174275824,0,0.0,-0.0,35.56849332203403
2025-03-30,124.82,0.0019264729491088595,True,1.0,0.0019264729491088595,37.84144308018795,0,0.0,0.0,19.26316836489613,0,0.0,0.0,27.43262009492007,0,0.0,0.0,4.804982754631141,0,0.0,0.0,4.195624199572006,0,0.0,0.0,3.3571844387906635,0,0.0,0.0,4.105923174275824,0,0.0,0.0,35.56849332203403
2025-03-31,124.54,-0.002243230251562145,False,1.0,-0.002243230251562145,37.756556010307705,0,0.0,-0.0,19.26316836489613,0,0.0,-0.0,27.43262009492007,0,0.0,-0.0,4.804982754631141,0,0.0,-0.0,4.195624199572006,0,0.0,-0.0,3.3571844387906635,0,0.0,-0.0,4.105923174275824,0,0.0,-0.0,35.56849332203403
2025-04-01,126.67,0.017102938814838486,True,1.0,0.017102938814838486,38.40230407761102,0,0.0,0.0,19.26316836489613,0,0.0,0.0,27.43262009492007,0,0.0,0.0,4.804982754631141,0,0.0,0.0,4.195624199572006,0,0.0,0.0,3.3571844387906635,0,0.0,0.0,4.105923174275824,0,0.0,0.0,35.56849332203403
2025-04-02,117.42,-0.07302439409489225,False,1.0,-0.07302439409489225,35.59799909049567,0,0.0,-0.0,19.26316836489613,0,0.0,-0.0,27.43262009492007,0,0.0,-0.0,4.804982754631141,0,0.0,-0.0,4.195624199572006,0,0.0,-0.0,3.3571844387906635,0,0.0,-0.0,4.105923174275824,0,0.0,-0.0,35.56849332203403
2025-04-03,117.17,-0.0021291091807187357,False,1.0,-0.0021291091807187357,35.52220706381688,0,0.0,-0.0,19.26316836489613,0,0.0,-0.0,27.43262009492007,0,0.0,-0.0,4.804982754631141,0,0.0,-0.0,4.195624199572006,0,0.0,-0.0,3.3571844387906635,0,0.0,-0.0,4.105923174275824,0,0.0,-0.0,35.56849332203403
2025-04-04,122.79,0.0479644960314074,False,1.0,0.0479644960314074,37.226011823556156,0,0.0,0.0,19.26316836489613,0,0.0,0.0,27.43262009492007,0,0.0,0.0,4.804982754631141,0,0.0,0.0,4.195624199572006,0,0.0,0.0,3.3571844387906635,0,0.0,0.0,4.105923174275824,0,0.0,0.0,35.56849332203403
2025-04-05,120.32,-0.020115644596465643,False,1.0,-0.020115644596465643,36.47718659996967,0,0.0,-0.0,19.26316836489613,0,0.0,-0.0,27.43262009492007,0,0.0,-0.0,4.804982754631141,0,0.0,-0.0,4.195624199572006,0,0.0,-0.0,3.3571844387906635,0,0.0,-0.0,4.105923174275824,0,0.0,-0.0,35.56849332203403
2025-04-06,105.91,-0.11976396276595747,False,1.0,-0.11976396276595747,32.10853418220402,0,0.0,-0.0,19.26316836489613,0,0.0,-0.0,27.43262009492007,0,0.0,-0.0,4.804982754631141,0,0.0,-0.0,4.195624199572006,0,0.0,-0.0,3.3571844387906635,0,0.0,-0.0,4.105923174275824,0,0.0,-0.0,35.56849332203403
2025-04-07,106.99,0.010197337361911085,False,1.0,0.010197337361911085,32.4359557374564,0,0.0,0.0,19.26316836489613,0,0.0,0.0,27.43262009492007,0,0.0,0.0,4.804982754631141,0,0.0,0.0,4.195624199572006,0,0.0,0.0,3.3571844387906635,0,0.0,0.0,4.105923174275824,0,0.0,0.0,35.56849332203403
2025-04-08,105.4,-0.014861201981493544,False,1.0,-0.014861201981493544,31.95391844777928,0,0.0,-0.0,19.26316836489613,0,0.0,-0.0,27.43262009492007,0,0.0,-0.0,4.804982754631141,0,0.0,-0.0,4.195624199572006,0,0.0,-0.0,3.3571844387906635,0,0.0,-0.0,4.105923174275824,0,0.0,-0.0,35.56849332203403
2025-04-09,119.05,0.1295066413662238,False,1.0,0.1295066413662238,36.0921631044414,0,0.0,0.0,19.26316836489613,0,0.0,0.0,27.43262009492007,0,0.0,0.0,4.804982754631141,0,0.0,0.0,4.195624199572006,0,0.0,0.0,3.3571844387906635,0,0.0,0.0,4.105923174275824,0,0.0,0.0,35.56849332203403
2025-04-10,112.81,-0.052414951700965884,False,1.0,-0.052414951700965884,34.20039411853872,0,0.0,-0.0,19.26316836489613,0,0.0,-0.0,27.43262009492007,0,0.0,-0.0,4.804982754631141,0,0.0,-0.0,4.195624199572006,0,0.0,-0.0,3.3571844387906635,0,0.0,-0.0,4.105923174275824,0,0.0,-0.0,35.56849332203403
2025-04-11,121.41,0.07623437638507213,False,1.0,0.07623437638507213,36.807639836289205,0,0.0,0.0,19.26316836489613,0,0.0,0.0,27.43262009492007,0,0.0,0.0,4.804982754631141,0,0.0,0.0,4.195624199572006,0,0.0,0.0,3.3571844387906635,0,0.0,0.0,4.105923174275824,0,0.0,0.0,35.56849332203403
2025-04-12,132.24,0.08920187793427248,False,1.0,0.08920187793427248,40.09095043201454,0,0.0,0.0,19.26316836489613,0,0.0,0.0,27.43262009492007,0,0.0,0.0,4.804982754631141,0,0.0,0.0,4.195624199572006,0,0.0,0.0,3.3571844387906635,0,0.0,0.0,4.105923174275824,0,0.0,0.0,35.56849332203403
2025-04-13,128.38,-0.02918935269207512,False,1.0,-0.02918935269207512,38.920721540093965,0,0.0,-0.0,19.26316836489613,0,0.0,-0.0,27.43262009492007,0,0.0,-0.0,4.804982754631141,0,0.0,-0.0,4.195624199572006,0,0.0,-0.0,3.3571844387906635,0,0.0,-0.0,4.105923174275824,0,0.0,-0.0,35.56849332203403
2025-04-14,129.42,0.008100950303785659,False,1.0,0.008100950303785659,39.236016371077746,0,0.0,0.0,19.26316836489613,0,0.0,0.0,27.43262009492007,0,0.0,0.0,4.804982754631141,0,0.0,0.0,4.195624199572006,0,0.0,0.0,3.3571844387906635,0,0.0,0.0,4.105923174275824,0,0.0,0.0,35.56849332203403
2025-04-15,126.11,-0.025575645186215357,False,1.0,-0.025575645186215357,38.23252993785052,0,0.0,-0.0,19.26316836489613,0,0.0,-0.0,27.43262009492007,0,0.0,-0.0,4.804982754631141,0,0.0,-0.0,4.195624199572006,0,0.0,-0.0,3.3571844387906635,0,0.0,-0.0,4.105923174275824,0,0.0,-0.0,35.56849332203403
2025-04-16,131.33,0.04139243517564051,False,1.0,0.04139243517564051,39.81506745490373,0,0.0,0.0,19.26316836489613,0,0.0,0.0,27.43262009492007,0,0.0,0.0,4.804982754631141,0,0.0,0.0,4.195624199572006,0,0.0,0.0,3.3571844387906635,0,0.0,0.0,4.105923174275824,0,0.0,0.0,35.56849332203403
2025-04-17,134.83,0.0266504225995583,True,1.0,0.0266504225995583,40.87615582840684,0,0.0,0.0,19.26316836489613,0,0.0,0.0,27.43262009492007,0,0.0,0.0,4.804982754631141,0,0.0,0.0,4.195624199572006,0,0.0,0.0,3.3571844387906635,0,0.0,0.0,4.105923174275824,0,0.0,0.0,35.56849332203403
2025-04-18,134.04,-0.00585923014166001,True,1.0,-0.00585923014166001,40.63665302410185,0,0.0,-0.0,19.26316836489613,0,0.0,-0.0,27.43262009492007,0,0.0,-0.0,4.804982754631141,0,0.0,-0.0,4.195624199572006,0,0.0,-0.0,3.3571844387906635,0,0.0,-0.0,4.105923174275824,0,0.0,-0.0,35.56849332203403
2025-04-19,139.87,0.04349447925992256,True,1.0,0.04349447925992256,42.40412308625131,0,0.0,0.0,19.26316836489613,0,0.0,0.0,27.43262009492007,0,0.0,0.0,4.804982754631141,0,0.0,0.0,4.195624199572006,0,0.0,0.0,3.3571844387906635,0,0.0,0.0,4.105923174275824,0,0.0,0.0,35.56849332203403
2025-04-20,137.86,-0.014370486880674882,True,1.0,-0.014370486880674882,41.794755191753815,0,0.0,-0.0,19.26316836489613,0,0.0,-0.0,27.43262009492007,0,0.0,-0.0,4.804982754631141,0,0.0,-0.0,4.195624199572006,0,0.0,-0.0,3.3571844387906635,0,0.0,-0.0,4.105923174275824,0,0.0,-0.0,35.56849332203403
2025-04-21,136.56,-0.009429856376033774,True,1.0,-0.009429856376033774,41.40063665302409,0,0.0,-0.0,19.26316836489613,0,0.0,-0.0,27.43262009492007,0,0.0,-0.0,4.804982754631141,0,0.0,-0.0,4.195624199572006,0,0.0,-0.0,3.3571844387906635,0,0.0,-0.0,4.105923174275824,0,0.0,-0.0,35.56849332203403
2025-04-22,148.79,0.08955770357352066,True,1.0,0.08955770357352066,45.108382598150655,0,0.0,0.0,19.26316836489613,0,0.0,0.0,27.43262009492007,0,0.0,0.0,4.804982754631141,0,0.0,0.0,4.195624199572006,0,0.0,0.0,3.3571844387906635,0,0.0,0.0,4.105923174275824,0,0.0,0.0,35.56849332203403
2025-04-23,151.1,0.015525236911082763,True,1.0,0.015525236911082763,45.80870092466271,0,0.0,0.0,19.26316836489613,0,0.0,0.0,27.43262009492007,0,0.0,0.0,4.804982754631141,0,0.0,0.0,4.195624199572006,0,0.0,0.0,3.3571844387906635,0,0.0,0.0,4.105923174275824,0,0.0,0.0,35.56849332203403
2025-04-24,152.55,0.009596293845135717,True,1.0,0.009596293845135717,46.24829467939971,0,0.0,0.0,19.26316836489613,0,0.0,0.0,27.43262009492007,0,0.0,0.0,4.804982754631141,0,0.0,0.0,4.195624199572006,0,0.0,0.0,3.3571844387906635,0,0.0,0.0,4.105923174275824,0,0.0,0.0,35.56849332203403
2025-04-25,150.82,-0.011340544083907056,True,1.0,-0.011340544083907056,45.723813854782456,0,0.0,-0.0,19.26316836489613,0,0.0,-0.0,27.43262009492007,0,0.0,-0.0,4.804982754631141,0,0.0,-0.0,4.195624199572006,0,0.0,-0.0,3.3571844387906635,0,0.0,-0.0,4.105923174275824,0,0.0,-0.0,35.56849332203403
2025-04-26,149.21,-0.010674976793528579,True,1.0,-0.010674976793528579,45.235713202971034,0,0.0,-0.0,19.26316836489613,0,0.0,-0.0,27.43262009492007,0,0.0,-0.0,4.804982754631141,0,0.0,-0.0,4.195624199572006,0,0.0,-0.0,3.3571844387906635,0,0.0,-0.0,4.105923174275824,0,0.0,-0.0,35.56849332203403
2025-04-27,147.98,-0.008243415320689063,True,1.0,-0.008243415320689063,44.862816431711366,0,0.0,-0.0,19.26316836489613,0,0.0,-0.0,27.43262009492007,0,0.0,-0.0,4.804982754631141,0,0.0,-0.0,4.195624199572006,0,0.0,-0.0,3.3571844387906635,0,0.0,-0.0,4.105923174275824,0,0.0,-0.0,35.56849332203403
2025-04-28,147.84,-0.000946073793755775,True,1.0,-0.000946073793755775,44.82037289677125,0,0.0,-0.0,19.26316836489613,0,0.0,-0.0,27.43262009492007,0,0.0,-0.0,4.804982754631141,0,0.0,-0.0,4.195624199572006,0,0.0,-0.0,3.3571844387906635,0,0.0,-0.0,4.105923174275824,0,0.0,-0.0,35.56849332203403
2025-04-29,146.31,-0.010349025974025983,True,1.0,-0.010349025974025983,44.356525693497034,0,0.0,-0.0,19.26316836489613,0,0.0,-0.0,27.43262009492007,0,0.0,-0.0,4.804982754631141,0,0.0,-0.0,4.195624199572006,0,0.0,-0.0,3.3571844387906635,0,0.0,-0.0,4.105923174275824,0,0.0,-0.0,35.56849332203403
2025-04-30,147.54,0.00840680746360456,True,1.0,0.00840680746360456,44.729422464756695,0,0.0,0.0,19.26316836489613,0,0.0,0.0,27.43262009492007,0,0.0,0.0,4.804982754631141,0,0.0,0.0,4.195624199572006,0,0.0,0.0,3.3571844387906635,0,0.0,0.0,4.105923174275824,0,0.0,0.0,35.56849332203403
2025-05-01,150.85,0.02243459400840453,True,1.0,0.02243459400840453,45.73290889798392,0,0.0,0.0,19.26316836489613,0,0.0,0.0,27.43262009492007,0,0.0,0.0,4.804982754631141,0,0.0,0.0,4.195624199572006,0,0.0,0.0,3.3571844387906635,0,0.0,0.0,4.105923174275824,0,0.0,0.0,35.56849332203403
2025-05-02,148.05,-0.01856148491879339,True,1.0,-0.01856148491879339,44.88403819918144,0,0.0,-0.0,19.26316836489613,0,0.0,-0.0,27.43262009492007,0,0.0,-0.0,4.804982754631141,0,0.0,-0.0,4.195624199572006,0,0.0,-0.0,3.3571844387906635,0,0.0,-0.0,4.105923174275824,0,0.0,-0.0,35.56849332203403
2025-05-03,146.71,-0.009050996285038915,True,1.0,-0.009050996285038915,44.47779293618311,0,0.0,-0.0,19.26316836489613,0,0.0,-0.0,27.43262009492007,0,0.0,-0.0,4.804982754631141,0,0.0,-0.0,4.195624199572006,0,0.0,-0.0,3.3571844387906635,0,0.0,-0.0,4.105923174275824,0,0.0,-0.0,35.56849332203403
2025-05-04,143.95,-0.01881262354304425,True,1.0,-0.01881262354304425,43.64104896164922,0,0.0,-0.0,19.26316836489613,0,0.0,-0.0,27.43262009492007,0,0.0,-0.0,4.804982754631141,0,0.0,-0.0,4.195624199572006,0,0.0,-0.0,3.3571844387906635,0,0.0,-0.0,4.105923174275824,0,0.0,-0.0,35.56849332203403
2025-05-05,146.72,0.019242792636332107,True,1.0,0.019242792636332107,44.48082461725025,0,0.0,0.0,19.26316836489613,0,0.0,0.0,27.43262009492007,0,0.0,0.0,4.804982754631141,0,0.0,0.0,4.195624199572006,0,0.0,0.0,3.3571844387906635,0,0.0,0.0,4.105923174275824,0,0.0,0.0,35.56849332203403
2025-05-06,146.88,0.0010905125408942062,True,1.0,0.0010905125408942062,44.529331514324674,0,0.0,0.0,19.26316836489613,0,0.0,0.0,27.43262009492007,0,0.0,0.0,4.804982754631141,0,0.0,0.0,4.195624199572006,0,0.0,0.0,3.3571844387906635,0,0.0,0.0,4.105923174275824,0,0.0,0.0,35.56849332203403
2025-05-07,147.32,0.00299564270152497,True,1.0,0.00299564270152497,44.662725481279345,0,0.0,0.0,19.26316836489613,0,0.0,0.0,27.43262009492007,0,0.0,0.0,4.804982754631141,0,0.0,0.0,4.195624199572006,0,0.0,0.0,3.3571844387906635,0,0.0,0.0,4.105923174275824,0,0.0,0.0,35.56849332203403
2025-05-08,164.46,0.11634537062177586,True,1.0,0.11634537062177586,49.859026830377424,0,0.0,0.0,19.26316836489613,0,0.0,0.0,27.43262009492007,0,0.0,0.0,4.804982754631141,0,0.0,0.0,4.195624199572006,0,0.0,0.0,3.3571844387906635,0,0.0,0.0,4.105923174275824,0,0.0,0.0,35.56849332203403
2025-05-09,172.78,0.050589809072114855,True,1.0,0.050589809072114855,52.38138547824767,0,0.0,0.0,19.26316836489613,0,0.0,0.0,27.43262009492007,0,0.0,0.0,4.804982754631141,0,0.0,0.0,4.195624199572006,0,0.0,0.0,3.3571844387906635,0,0.0,0.0,4.105923174275824,0,0.0,0.0,35.56849332203403
2025-05-10,177.89,0.02957518231276768,True,1.0,0.02957518231276768,53.930574503562205,0,0.0,0.0,19.26316836489613,0,0.0,0.0,27.43262009492007,0,0.0,0.0,4.804982754631141,0,0.0,0.0,4.195624199572006,0,0.0,0.0,3.3571844387906635,0,0.0,0.0,4.105923174275824,0,0.0,0.0,35.56849332203403
2025-05-11,173.19,-0.026420821856203203,True,1.0,-0.026420821856203203,52.505684402000895,0,0.0,-0.0,19.26316836489613,0,0.0,-0.0,27.43262009492007,0,0.0,-0.0,4.804982754631141,0,0.0,-0.0,4.195624199572006,0,0.0,-0.0,3.3571844387906635,0,0.0,-0.0,4.105923174275824,0,0.0,-0.0,35.56849332203403
2025-05-12,174.22,0.005947225590392069,True,1.0,0.005947225590392069,52.81794755191753,0,0.0,0.0,19.26316836489613,0,0.0,0.0,27.43262009492007,0,0.0,0.0,4.804982754631141,0,0.0,0.0,4.195624199572006,0,0.0,0.0,3.3571844387906635,0,0.0,0.0,4.105923174275824,0,0.0,0.0,35.56849332203403
2025-05-13,183.75,0.054700952818275805,True,1.0,0.054700952818275805,55.70713960891313,0,0.0,0.0,19.26316836489613,0,0.0,0.0,27.43262009492007,0,0.0,0.0,4.804982754631141,0,0.0,0.0,4.195624199572006,0,0.0,0.0,3.3571844387906635,0,0.0,0.0,4.105923174275824,0,0.0,0.0,35.56849332203403
2025-05-14,176.64,-0.038693877551020495,True,1.0,-0.038693877551020495,53.551614370168245,0,0.0,-0.0,19.26316836489613,0,0.0,-0.0,27.43262009492007,0,0.0,-0.0,4.804982754631141,0,0.0,-0.0,4.195624199572006,0,0.0,-0.0,3.3571844387906635,0,0.0,-0.0,4.105923174275824,0,0.0,-0.0,35.56849332203403
2025-05-15,169.16,-0.04234601449275355,True,1.0,-0.04234601449275355,51.283916931938755,0,0.0,-0.0,19.26316836489613,0,0.0,-0.0,27.43262009492007,0,0.0,-0.0,4.804982754631141,0,0.0,-0.0,4.195624199572006,0,0.0,-0.0,3.3571844387906635,0,0.0,-0.0,4.105923174275824,0,0.0,-0.0,35.56849332203403
2025-05-16,167.4,-0.010404350910380611,True,1.0,-0.010404350910380611,50.75034106412006,0,0.0,-0.0,19.26316836489613,0,0.0,-0.0,27.43262009492007,0,0.0,-0.0,4.804982754631141,0,0.0,-0.0,4.195624199572006,0,0.0,-0.0,3.3571844387906635,0,0.0,-0.0,4.105923174275824,0,0.0,-0.0,35.56849332203403
2025-05-17,165.94,-0.008721624850657195,True,1.0,-0.008721624850657195,50.3077156283159,0,0.0,-0.0,19.26316836489613,0,0.0,-0.0,27.43262009492007,0,0.0,-0.0,4.804982754631141,0,0.0,-0.0,4.195624199572006,0,0.0,-0.0,3.3571844387906635,0,0.0,-0.0,4.105923174275824,0,0.0,-0.0,35.56849332203403
2025-05-18,173.3,0.044353380740026704,True,1.0,0.044353380740026704,52.53903289373958,0,0.0,0.0,19.26316836489613,0,0.0,0.0,27.43262009492007,0,0.0,0.0,4.804982754631141,0,0.0,0.0,4.195624199572006,0,0.0,0.0,3.3571844387906635,0,0.0,0.0,4.105923174275824,0,0.0,0.0,35.56849332203403
2025-05-19,166.86,-0.03716099249855742,True,1.0,-0.03716099249855742,50.586630286493865,0,0.0,-0.0,19.26316836489613,0,0.0,-0.0,27.43262009492007,0,0.0,-0.0,4.804982754631141,0,0.0,-0.0,4.195624199572006,0,0.0,-0.0,3.3571844387906635,0,0.0,-0.0,4.105923174275824,0,0.0,-0.0,35.56849332203403
2025-05-20,168.59,0.010367973151144572,True,1.0,0.010367973151144572,51.11111111111111,0,0.0,0.0,19.26316836489613,0,0.0,0.0,27.43262009492007,0,0.0,0.0,4.804982754631141,0,0.0,0.0,4.195624199572006,0,0.0,0.0,3.3571844387906635,0,0.0,0.0,4.105923174275824,0,0.0,0.0,35.56849332203403
2025-05-21,173.53,0.029301856575123075,True,1.0,0.029301856575123075,52.608761558284066,0,0.0,0.0,19.26316836489613,0,0.0,0.0,27.43262009492007,0,0.0,0.0,4.804982754631141,0,0.0,0.0,4.195624199572006,0,0.0,0.0,3.3571844387906635,0,0.0,0.0,4.105923174275824,0,0.0,0.0,35.56849332203403
2025-05-22,179.68,0.03544055782861766,True,1.0,0.03544055782861766,54.47324541458239,0,0.0,0.0,19.26316836489613,0,0.0,0.0,27.43262009492007,0,0.0,0.0,4.804982754631141,0,0.0,0.0,4.195624199572006,0,0.0,0.0,3.3571844387906635,0,0.0,0.0,4.105923174275824,0,0.0,0.0,35.56849332203403
2025-05-23,174.01,-0.031556099732858556,True,1.0,-0.031556099732858556,52.75428224950735,0,0.0,-0.0,19.26316836489613,0,0.0,-0.0,27.43262009492007,0,0.0,-0.0,4.804982754631141,0,0.0,-0.0,4.195624199572006,0,0.0,-0.0,3.3571844387906635,0,0.0,-0.0,4.105923174275824,0,0.0,-0.0,35.56849332203403
2025-05-24,175.87,0.010689040859720889,True,1.0,0.010689040859720889,53.31817492799758,0,0.0,0.0,19.26316836489613,0,0.0,0.0,27.43262009492007,0,0.0,0.0,4.804982754631141,0,0.0,0.0,4.195624199572006,0,0.0,0.0,3.3571844387906635,0,0.0,0.0,4.105923174275824,0,0.0,0.0,35.56849332203403
2025-05-25,175.74,-0.0007391823505998874,True,1.0,-0.0007391823505998874,53.27876307412461,0,0.0,-0.0,19.26316836489613,0,0.0,-0.0,27.43262009492007,0,0.0,-0.0,4.804982754631141,0,0.0,-0.0,4.195624199572006,0,0.0,-0.0,3.3571844387906635,0,0.0,-0.0,4.105923174275824,0,0.0,-0.0,35.56849332203403
2025-05-26,174.91,-0.004722886081711675,True,1.0,-0.004722886081711675,53.02713354555102,0,0.0,-0.0,19.26316836489613,0,0.0,-0.0,27.43262009492007,0,0.0,-0.0,4.804982754631141,0,0.0,-0.0,4.195624199572006,0,0.0,-0.0,3.3571844387906635,0,0.0,-0.0,4.105923174275824,0,0.0,-0.0,35.56849332203403
2025-05-27,176.71,0.010291006803498925,True,1.0,0.010291006803498925,53.572836137638326,0,0.0,0.0,19.26316836489613,0,0.0,0.0,27.43262009492007,0,0.0,0.0,4.804982754631141,0,0.0,0.0,4.195624199572006,0,0.0,0.0,3.3571844387906635,0,0.0,0.0,4.105923174275824,0,0.0,0.0,35.56849332203403
2025-05-28,172.21,-0.02546545187029592,True,1.0,-0.02546545187029592,52.208579657420046,0,0.0,-0.0,19.26316836489613,0,0.0,-0.0,27.43262009492007,0,0.0,-0.0,4.804982754631141,0,0.0,-0.0,4.195624199572006,0,0.0,-0.0,3.3571844387906635,0,0.0,-0.0,4.105923174275824,0,0.0,-0.0,35.56849332203403
2025-05-29,166.71,-0.03193775042099767,False,1.0,-0.03193775042099767,50.54115507048659,0,0.0,-0.0,19.26316836489613,0,0.0,-0.0,27.43262009492007,0,0.0,-0.0,4.804982754631141,0,0.0,-0.0,4.195624199572006,0,0.0,-0.0,3.3571844387906635,0,0.0,-0.0,4.105923174275824,0,0.0,-0.0,35.56849332203403
2025-05-30,156.2,-0.06304360866174807,False,1.0,-0.06304360866174807,47.35485826891011,0,0.0,-0.0,19.26316836489613,0,0.0,-0.0,27.43262009492007,0,0.0,-0.0,4.804982754631141,0,0.0,-0.0,4.195624199572006,0,0.0,-0.0,3.3571844387906635,0,0.0,-0.0,4.105923174275824,0,0.0,-0.0,35.56849332203403
2025-05-31,156.45,0.0016005121638924535,False,1.0,0.0016005121638924535,47.4306502955889,0,0.0,0.0,19.26316836489613,0,0.0,0.0,27.43262009492007,0,0.0,0.0,4.804982754631141,0,0.0,0.0,4.195624199572006,0,0.0,0.0,3.3571844387906635,0,0.0,0.0,4.105923174275824,0,0.0,0.0,35.56849332203403
2025-06-01,157.68,0.007861936720997331,False,1.0,0.007861936720997331,47.80354706684857,0,0.0,0.0,19.26316836489613,0,0.0,0.0,27.43262009492007,0,0.0,0.0,4.804982754631141,0,0.0,0.0,4.195624199572006,0,0.0,0.0,3.3571844387906635,0,0.0,0.0,4.105923174275824,0,0.0,0.0,35.56849332203403
2025-06-02,156.83,-0.005390664637239917,False,1.0,-0.005390664637239917,47.54585417614068,0,0.0,-0.0,19.26316836489613,0,0.0,-0.0,27.43262009492007,0,0.0,-0.0,4.804982754631141,0,0.0,-0.0,4.195624199572006,0,0.0,-0.0,3.3571844387906635,0,0.0,-0.0,4.105923174275824,0,0.0,-0.0,35.56849332203403
2025-06-03,155.19,-0.010457182936938203,False,1.0,-0.010457182936938203,47.04865848112779,0,0.0,-0.0,19.26316836489613,0,0.0,-0.0,27.43262009492007,0,0.0,-0.0,4.804982754631141,0,0.0,-0.0,4.195624199572006,0,0.0,-0.0,3.3571844387906635,0,0.0,-0.0,4.105923174275824,0,0.0,-0.0,35.56849332203403
2025-06-04,153.26,-0.01243636832270123,False,1.0,-0.01243636832270123,46.4635440351675,0,0.0,-0.0,19.26316836489613,0,0.0,-0.0,27.43262009492007,0,0.0,-0.0,4.804982754631141,0,0.0,-0.0,4.195624199572006,0,0.0,-0.0,3.3571844387906635,0,0.0,-0.0,4.105923174275824,0,0.0,-0.0,35.56849332203403
2025-06-05,144.29,-0.05852799164817957,False,1.0,-0.05852799164817957,43.744126117932396,0,0.0,-0.0,19.26316836489613,0,0.0,-0.0,27.43262009492007,0,0.0,-0.0,4.804982754631141,0,0.0,-0.0,4.195624199572006,0,0.0,-0.0,3.3571844387906635,0,0.0,-0.0,4.105923174275824,0,0.0,-0.0,35.56849332203403
2025-06-06,147.83,0.024533924734909007,False,1.0,0.024533924734909007,44.81734121570412,0,0.0,0.0,19.26316836489613,0,0.0,0.0,27.43262009492007,0,0.0,0.0,4.804982754631141,0,0.0,0.0,4.195624199572006,0,0.0,0.0,3.3571844387906635,0,0.0,0.0,4.105923174275824,0,0.0,0.0,35.56849332203403
2025-06-07,150.06,0.015084894811607796,False,1.0,0.015084894811607796,45.49340609367895,0,0.0,0.0,19.26316836489613,0,0.0,0.0,27.43262009492007,0,0.0,0.0,4.804982754631141,0,0.0,0.0,4.195624199572006,0,0.0,0.0,3.3571844387906635,0,0.0,0.0,4.105923174275824,0,0.0,0.0,35.56849332203403
2025-06-08,152.45,0.015926962548313828,False,1.0,0.015926962548313828,46.217977868728205,0,0.0,0.0,19.26316836489613,0,0.0,0.0,27.43262009492007,0,0.0,0.0,4.804982754631141,0,0.0,0.0,4.195624199572006,0,0.0,0.0,3.3571844387906635,0,0.0,0.0,4.105923174275824,0,0.0,0.0,35.56849332203403
2025-06-09,161.16,0.05713348638898008,False,1.0,0.05713348638898008,48.85857207821737,0,0.0,0.0,19.26316836489613,0,0.0,0.0,27.43262009492007,0,0.0,0.0,4.804982754631141,0,0.0,0.0,4.195624199572006,0,0.0,0.0,3.3571844387906635,0,0.0,0.0,4.105923174275824,0,0.0,0.0,35.56849332203403
2025-06-10,165.12,0.024571854058079046,False,1.0,0.024571854058079046,50.059117780809466,0,0.0,0.0,19.26316836489613,0,0.0,0.0,27.43262009492007,0,0.0,0.0,4.804982754631141,0,0.0,0.0,4.195624199572006,0,0.0,0.0,3.3571844387906635,0,0.0,0.0,4.105923174275824,0,0.0,0.0,35.56849332203403
2025-06-11,160.97,-0.025133236434108586,False,1.0,-0.025133236434108586,48.80097013794149,0,0.0,-0.0,19.26316836489613,0,0.0,-0.0,27.43262009492007,0,0.0,-0.0,4.804982754631141,0,0.0,-0.0,4.195624199572006,0,0.0,-0.0,3.3571844387906635,0,0.0,-0.0,4.105923174275824,0,0.0,-0.0,35.56849332203403
2025-06-12,152.32,-0.053736721128160525,False,1.0,-0.053736721128160525,46.17856601485524,0,0.0,-0.0,19.26316836489613,0,0.0,-0.0,27.43262009492007,0,0.0,-0.0,4.804982754631141,0,0.0,-0.0,4.195624199572006,0,0.0,-0.0,3.3571844387906635,0,0.0,-0.0,4.105923174275824,0,0.0,-0.0,35.56849332203403
2025-06-13,148.6,-0.02442226890756305,False,1.0,-0.02442226890756305,45.050780657874796,0,0.0,-0.0,19.26316836489613,0,0.0,-0.0,27.43262009492007,0,0.0,-0.0,4.804982754631141,0,0.0,-0.0,4.195624199572006,0,0.0,-0.0,3.3571844387906635,0,0.0,-0.0,4.105923174275824,0,0.0,-0.0,35.56849332203403
2025-06-14,144.64,-0.026648721399730846,False,1.0,-0.026648721399730846,43.85023495528271,0,0.0,-0.0,19.26316836489613,0,0.0,-0.0,27.43262009492007,0,0.0,-0.0,4.804982754631141,0,0.0,-0.0,4.195624199572006,0,0.0,-0.0,3.3571844387906635,0,0.0,-0.0,4.105923174275824,0,0.0,-0.0,35.56849332203403
2025-06-15,152.97,0.0575912610619469,False,1.0,0.0575912610619469,46.375625284220106,0,0.0,0.0,19.26316836489613,0,0.0,0.0,27.43262009492007,0,0.0,0.0,4.804982754631141,0,0.0,0.0,4.195624199572006,0,0.0,0.0,3.3571844387906635,0,0.0,0.0,4.105923174275824,0,0.0,0.0,35.56849332203403
2025-06-16,150.72,-0.014708766424789133,False,1.0,-0.014708766424789133,45.69349704411097,0,0.0,-0.0,19.26316836489613,0,0.0,-0.0,27.43262009492007,0,0.0,-0.0,4.804982754631141,0,0.0,-0.0,4.195624199572006,0,0.0,-0.0,3.3571844387906635,0,0.0,-0.0,4.105923174275824,0,0.0,-0.0,35.56849332203403
2025-06-17,147.57,-0.020899681528662506,False,1.0,-0.020899681528662506,44.73851750795817,0,0.0,-0.0,19.26316836489613,0,0.0,-0.0,27.43262009492007,0,0.0,-0.0,4.804982754631141,0,0.0,-0.0,4.195624199572006,0,0.0,-0.0,3.3571844387906635,0,0.0,-0.0,4.105923174275824,0,0.0,-0.0,35.56849332203403
2025-06-18,146.34,-0.00833502744460246,False,1.0,-0.00833502744460246,44.36562073669851,0,0.0,-0.0,19.26316836489613,0,0.0,-0.0,27.43262009492007,0,0.0,-0.0,4.804982754631141,0,0.0,-0.0,4.195624199572006,0,0.0,-0.0,3.3571844387906635,0,0.0,-0.0,4.105923174275824,0,0.0,-0.0,35.56849332203403
2025-06-19,147.04,0.00478338116714494,False,1.0,0.00478338116714494,44.57783841139913,0,0.0,0.0,19.26316836489613,0,0.0,0.0,27.43262009492007,0,0.0,0.0,4.804982754631141,0,0.0,0.0,4.195624199572006,0,0.0,0.0,3.3571844387906635,0,0.0,0.0,4.105923174275824,0,0.0,0.0,35.56849332203403
2025-06-20,140.11,-0.047130032644178366,False,1.0,-0.047130032644178366,42.47688343186298,0,0.0,-0.0,19.26316836489613,0,0.0,-0.0,27.43262009492007,0,0.0,-0.0,4.804982754631141,0,0.0,-0.0,4.195624199572006,0,0.0,-0.0,3.3571844387906635,0,0.0,-0.0,4.105923174275824,0,0.0,-0.0,35.56849332203403
2025-06-21,135.43,-0.03340232674327315,False,1.0,-0.03340232674327315,41.05805669243597,0,0.0,-0.0,19.26316836489613,0,0.0,-0.0,27.43262009492007,0,0.0,-0.0,4.804982754631141,0,0.0,-0.0,4.195624199572006,0,0.0,-0.0,3.3571844387906635,0,0.0,-0.0,4.105923174275824,0,0.0,-0.0,35.56849332203403
2025-06-22,131.71,-0.027468064682862003,False,1.0,-0.027468064682862003,39.93027133545552,0,0.0,-0.0,19.26316836489613,0,0.0,-0.0,27.43262009492007,0,0.0,-0.0,4.804982754631141,0,0.0,-0.0,4.195624199572006,0,0.0,-0.0,3.3571844387906635,0,0.0,-0.0,4.105923174275824,0,0.0,-0.0,35.56849332203403
2025-06-23,144.51,0.09718320552729476,False,1.0,0.09718320552729476,43.810823101409746,0,0.0,0.0,19.26316836489613,0,0.0,0.0,27.43262009492007,0,0.0,0.0,4.804982754631141,0,0.0,0.0,4.195624199572006,0,0.0,0.0,3.3571844387906635,0,0.0,0.0,4.105923174275824,0,0.0,0.0,35.56849332203403
2025-06-24,145.92,0.00975711023458592,False,1.0,0.00975711023458592,44.238290131878145,0,0.0,0.0,19.26316836489613,0,0.0,0.0,27.43262009492007,0,0.0,0.0,4.804982754631141,0,0.0,0.0,4.195624199572006,0,0.0,0.0,3.3571844387906635,0,0.0,0.0,4.105923174275824,0,0.0,0.0,35.56849332203403
2025-06-25,143.57,-0.016104714912280715,False,1.0,-0.016104714912280715,43.525845081097486,0,0.0,-0.0,19.26316836489613,0,0.0,-0.0,27.43262009492007,0,0.0,-0.0,4.804982754631141,0,0.0,-0.0,4.195624199572006,0,0.0,-0.0,3.3571844387906635,0,0.0,-0.0,4.105923174275824,0,0.0,-0.0,35.56849332203403
2025-06-26,139.06,-0.03141324789301381,False,1.0,-0.03141324789301381,42.15855691981206,0,0.0,-0.0,19.26316836489613,0,0.0,-0.0,27.43262009492007,0,0.0,-0.0,4.804982754631141,0,0.0,-0.0,4.195624199572006,0,0.0,-0.0,3.3571844387906635,0,0.0,-0.0,4.105923174275824,0,0.0,-0.0,35.56849332203403
2025-06-27,142.09,0.02178915576010354,False,1.0,0.02178915576010354,43.077156283159034,0,0.0,0.0,19.26316836489613,0,0.0,0.0,27.43262009492007,0,0.0,0.0,4.804982754631141,0,0.0,0.0,4.195624199572006,0,0.0,0.0,3.3571844387906635,0,0.0,0.0,4.105923174275824,0,0.0,0.0,35.56849332203403
2025-06-28,150.72,0.06073615314237446,False,1.0,0.06073615314237446,45.69349704411098,0,0.0,0.0,19.26316836489613,0,0.0,0.0,27.43262009492007,0,0.0,0.0,4.804982754631141,0,0.0,0.0,4.195624199572006,0,0.0,0.0,3.3571844387906635,0,0.0,0.0,4.105923174275824,0,0.0,0.0,35.56849332203403
2025-06-29,153.32,0.0172505307855626,False,1.0,0.0172505307855626,46.481734121570426,0,0.0,0.0,19.26316836489613,0,0.0,0.0,27.43262009492007,0,0.0,0.0,4.804982754631141,0,0.0,0.0,4.195624199572006,0,0.0,0.0,3.3571844387906635,0,0.0,0.0,4.105923174275824,0,0.0,0.0,35.56849332203403
2025-06-30,154.81,0.009718236368379873,False,1.0,0.009718236368379873,46.933454600576034,0,0.0,0.0,19.26316836489613,0,0.0,0.0,27.43262009492007,0,0.0,0.0,4.804982754631141,0,0.0,0.0,4.195624199572006,0,0.0,0.0,3.3571844387906635,0,0.0,0.0,4.105923174275824,0,0.0,0.0,35.56849332203403
2025-07-01,146.88,-0.05122408113170984,False,1.0,-0.05122408113170984,44.52933151432471,0,0.0,-0.0,19.26316836489613,0,0.0,-0.0,27.43262009492007,0,0.0,-0.0,4.804982754631141,0,0.0,-0.0,4.195624199572006,0,0.0,-0.0,3.3571844387906635,0,0.0,-0.0,4.105923174275824,0,0.0,-0.0,35.56849332203403
2025-07-02,152.27,0.036696623093682046,False,1.0,0.036696623093682046,46.1634076095195,0,0.0,0.0,19.26316836489613,0,0.0,0.0,27.43262009492007,0,0.0,0.0,4.804982754631141,0,0.0,0.0,4.195624199572006,0,0.0,0.0,3.3571844387906635,0,0.0,0.0,4.105923174275824,0,0.0,0.0,35.56849332203403
2025-07-03,152.36,0.0005910553621855108,True,1.0,0.0005910553621855108,46.19069273912387,0,0.0,0.0,19.26316836489613,0,0.0,0.0,27.43262009492007,0,0.0,0.0,4.804982754631141,0,0.0,0.0,4.195624199572006,0,0.0,0.0,3.3571844387906635,0,0.0,0.0,4.105923174275824,0,0.0,0.0,35.56849332203403
2025-07-04,147.7,-0.030585455500131475,True,1.0,-0.030585455500131475,44.77792936183115,0,0.0,-0.0,19.26316836489613,0,0.0,-0.0,27.43262009492007,0,0.0,-0.0,4.804982754631141,0,0.0,-0.0,4.195624199572006,0,0.0,-0.0,3.3571844387906635,0,0.0,-0.0,4.105923174275824,0,0.0,-0.0,35.56849332203403
2025-07-05,147.55,-0.0010155721056193112,False,1.0,-0.0010155721056193112,44.73245414582388,0,0.0,-0.0,19.26316836489613,0,0.0,-0.0,27.43262009492007,0,0.0,-0.0,4.804982754631141,0,0.0,-0.0,4.195624199572006,0,0.0,-0.0,3.3571844387906635,0,0.0,-0.0,4.105923174275824,0,0.0,-0.0,35.56849332203403
2025-07-06,151.86,0.02921043713995264,True,1.0,0.02921043713995264,46.03910868576628,0,0.0,0.0,19.26316836489613,0,0.0,0.0,27.43262009492007,0,0.0,0.0,4.804982754631141,0,0.0,0.0,4.195624199572006,0,0.0,0.0,3.3571844387906635,0,0.0,0.0,4.105923174275824,0,0.0,0.0,35.56849332203403
2025-07-07,148.88,-0.019623337284340958,True,1.0,-0.019623337284340958,45.135667727755056,0,0.0,-0.0,19.26316836489613,0,0.0,-0.0,27.43262009492007,0,0.0,-0.0,4.804982754631141,0,0.0,-0.0,4.195624199572006,0,0.0,-0.0,3.3571844387906635,0,0.0,-0.0,4.105923174275824,0,0.0,-0.0,35.56849332203403
2025-07-08,151.67,0.018739924771628003,True,1.0,0.018739924771628003,45.981506745490385,0,0.0,0.0,19.26316836489613,0,0.0,0.0,27.43262009492007,0,0.0,0.0,4.804982754631141,0,0.0,0.0,4.195624199572006,0,0.0,0.0,3.3571844387906635,0,0.0,0.0,4.105923174275824,0,0.0,0.0,35.56849332203403
2025-07-09,157.05,0.03547174787367324,True,1.0,0.03547174787367324,47.61255115961803,0,0.0,0.0,19.26316836489613,0,0.0,0.0,27.43262009492007,0,0.0,0.0,4.804982754631141,0,0.0,0.0,4.195624199572006,0,0.0,0.0,3.3571844387906635,0,0.0,0.0,4.105923174275824,0,0.0,0.0,35.56849332203403
2025-07-10,164.34,0.04641833810888252,True,1.0,0.04641833810888252,49.822646657571646,0,0.0,0.0,19.26316836489613,0,0.0,0.0,27.43262009492007,0,0.0,0.0,4.804982754631141,0,0.0,0.0,4.195624199572006,0,0.0,0.0,3.3571844387906635,0,0.0,0.0,4.105923174275824,0,0.0,0.0,35.56849332203403
2025-07-11,162.93,-0.00857977364001461,True,1.0,-0.00857977364001461,49.39517962710325,0,0.0,-0.0,19.26316836489613,0,0.0,-0.0,27.43262009492007,0,0.0,-0.0,4.804982754631141,0,0.0,-0.0,4.195624199572006,0,0.0,-0.0,3.3571844387906635,0,0.0,-0.0,4.105923174275824,0,0.0,-0.0,35.56849332203403
2025-07-12,160.69,-0.013748235438531986,True,1.0,-0.013748235438531986,48.71608306806126,0,0.0,-0.0,19.26316836489613,0,0.0,-0.0,27.43262009492007,0,0.0,-0.0,4.804982754631141,0,0.0,-0.0,4.195624199572006,0,0.0,-0.0,3.3571844387906635,0,0.0,-0.0,4.105923174275824,0,0.0,-0.0,35.56849332203403
2025-07-13,161.15,0.0028626548011700947,True,1.0,0.0028626548011700947,48.85554039715024,0,0.0,0.0,19.26316836489613,0,0.0,0.0,27.43262009492007,0,0.0,0.0,4.804982754631141,0,0.0,0.0,4.195624199572006,0,0.0,0.0,3.3571844387906635,0,0.0,0.0,4.105923174275824,0,0.0,0.0,35.56849332203403
2025-07-14,162.21,0.006577722618678283,True,1.0,0.006577722618678283,49.17689859026833,0,0.0,0.0,19.26316836489613,0,0.0,0.0,27.43262009492007,0,0.0,0.0,4.804982754631141,0,0.0,0.0,4.195624199572006,0,0.0,0.0,3.3571844387906635,0,0.0,0.0,4.105923174275824,0,0.0,0.0,35.56849332203403
2025-07-15,163.98,0.010911781024597556,True,1.0,0.010911781024597556,49.71350613915418,0,0.0,0.0,19.26316836489613,0,0.0,0.0,27.43262009492007,0,0.0,0.0,4.804982754631141,0,0.0,0.0,4.195624199572006,0,0.0,0.0,3.3571844387906635,0,0.0,0.0,4.105923174275824,0,0.0,0.0,35.56849332203403
2025-07-16,173.63,0.058848640078058345,True,1.0,0.058848640078058345,52.6390783689556,0,0.0,0.0,19.26316836489613,0,0.0,0.0,27.43262009492007,0,0.0,0.0,4.804982754631141,0,0.0,0.0,4.195624199572006,0,0.0,0.0,3.3571844387906635,0,0.0,0.0,4.105923174275824,0,0.0,0.0,35.56849332203403
2025-07-17,175.87,0.01290099637159492,True,1.0,0.01290099637159492,53.318174927997596,0,0.0,0.0,19.26316836489613,0,0.0,0.0,27.43262009492007,0,0.0,0.0,4.804982754631141,0,0.0,0.0,4.195624199572006,0,0.0,0.0,3.3571844387906635,0,0.0,0.0,4.105923174275824,0,0.0,0.0,35.56849332203403
2025-07-18,177.28,0.00801728549496783,True,1.0,0.00801728549496783,53.74564195846599,0,0.0,0.0,19.26316836489613,0,0.0,0.0,27.43262009492007,0,0.0,0.0,4.804982754631141,0,0.0,0.0,4.195624199572006,0,0.0,0.0,3.3571844387906635,0,0.0,0.0,4.105923174275824,0,0.0,0.0,35.56849332203403
2025-07-19,176.96,-0.0018050541516244634,True,1.0,-0.0018050541516244634,53.64862816431714,0,0.0,-0.0,19.26316836489613,0,0.0,-0.0,27.43262009492007,0,0.0,-0.0,4.804982754631141,0,0.0,-0.0,4.195624199572006,0,0.0,-0.0,3.3571844387906635,0,0.0,-0.0,4.105923174275824,0,0.0,-0.0,35.56849332203403
2025-07-20,181.43,0.025259945750452095,True,1.0,0.025259945750452095,55.00378960133396,0,0.0,0.0,19.26316836489613,0,0.0,0.0,27.43262009492007,0,0.0,0.0,4.804982754631141,0,0.0,0.0,4.195624199572006,0,0.0,0.0,3.3571844387906635,0,0.0,0.0,4.105923174275824,0,0.0,0.0,35.56849332203403
2025-07-21,195.72,0.07876315934520206,True,1.0,0.07876315934520206,59.336061846293795,0,0.0,0.0,19.26316836489613,0,0.0,0.0,27.43262009492007,0,0.0,0.0,4.804982754631141,0,0.0,0.0,4.195624199572006,0,0.0,0.0,3.3571844387906635,0,0.0,0.0,4.105923174275824,0,0.0,0.0,35.56849332203403
2025-07-22,205.7,0.05099121193541789,True,1.0,0.05099121193541789,62.36167955131123,0,0.0,0.0,19.26316836489613,0,0.0,0.0,27.43262009492007,0,0.0,0.0,4.804982754631141,0,0.0,0.0,4.195624199572006,0,0.0,0.0,3.3571844387906635,0,0.0,0.0,4.105923174275824,0,0.0,0.0,35.56849332203403
2025-07-23,189.4,-0.07924161400097218,True,1.0,-0.07924161400097218,57.4200394118539,0,0.0,-0.0,19.26316836489613,0,0.0,-0.0,27.43262009492007,0,0.0,-0.0,4.804982754631141,0,0.0,-0.0,4.195624199572006,0,0.0,-0.0,3.3571844387906635,0,0.0,-0.0,4.105923174275824,0,0.0,-0.0,35.56849332203403
2025-07-24,182.87,-0.03447729672650479,True,1.0,-0.03447729672650479,55.44035167500381,0,0.0,-0.0,19.26316836489613,0,0.0,-0.0,27.43262009492007,0,0.0,-0.0,4.804982754631141,0,0.0,-0.0,4.195624199572006,0,0.0,-0.0,3.3571844387906635,0,0.0,-0.0,4.105923174275824,0,0.0,-0.0,35.56849332203403
2025-07-25,186.76,0.021271941816590978,True,1.0,0.021271941816590978,56.61967561012583,0,0.0,0.0,19.26316836489613,0,0.0,0.0,27.43262009492007,0,0.0,0.0,4.804982754631141,0,0.0,0.0,4.195624199572006,0,0.0,0.0,3.3571844387906635,0,0.0,0.0,4.105923174275824,0,0.0,0.0,35.56849332203403
2025-07-26,184.88,-0.010066395373741654,True,1.0,-0.010066395373741654,56.049719569501306,0,0.0,-0.0,19.26316836489613,0,0.0,-0.0,27.43262009492007,0,0.0,-0.0,4.804982754631141,0,0.0,-0.0,4.195624199572006,0,0.0,-0.0,3.3571844387906635,0,0.0,-0.0,4.105923174275824,0,0.0,-0.0,35.56849332203403
2025-07-27,188.64,0.020337516226741625,True,1.0,0.020337516226741625,57.18963165075036,0,0.0,0.0,19.26316836489613,0,0.0,0.0,27.43262009492007,0,0.0,0.0,4.804982754631141,0,0.0,0.0,4.195624199572006,0,0.0,0.0,3.3571844387906635,0,0.0,0.0,4.105923174275824,0,0.0,0.0,35.56849332203403
2025-07-28,183.11,-0.02931509754028827,True,1.0,-0.02931509754028827,55.51311202061545,0,0.0,-0.0,19.26316836489613,0,0.0,-0.0,27.43262009492007,0,0.0,-0.0,4.804982754631141,0,0.0,-0.0,4.195624199572006,0,0.0,-0.0,3.3571844387906635,0,0.0,-0.0,4.105923174275824,0,0.0,-0.0,35.56849332203403
2025-07-29,181.48,-0.008901753044618155,True,1.0,-0.008901753044618155,55.01894800666971,0,0.0,-0.0,19.26316836489613,0,0.0,-0.0,27.43262009492007,0,0.0,-0.0,4.804982754631141,0,0.0,-0.0,4.195624199572006,0,0.0,-0.0,3.3571844387906635,0,0.0,-0.0,4.105923174275824,0,0.0,-0.0,35.56849332203403
2025-07-30,177.77,-0.020443024024685785,True,1.0,-0.020443024024685785,53.89419433075642,0,0.0,-0.0,19.26316836489613,0,0.0,-0.0,27.43262009492007,0,0.0,-0.0,4.804982754631141,0,0.0,-0.0,4.195624199572006,0,0.0,-0.0,3.3571844387906635,0,0.0,-0.0,4.105923174275824,0,0.0,-0.0,35.56849332203403
2025-07-31,172.22,-0.031220115880069788,True,1.0,-0.031220115880069788,52.2116113384872,0,0.0,-0.0,19.26316836489613,0,0.0,-0.0,27.43262009492007,0,0.0,-0.0,4.804982754631141,0,0.0,-0.0,4.195624199572006,0,0.0,-0.0,3.3571844387906635,0,0.0,-0.0,4.105923174275824,0,0.0,-0.0,35.56849332203403
2025-08-01,162.71,-0.055220067355707725,True,1.0,-0.055220067355707725,49.328482643625904,0,0.0,-0.0,19.26316836489613,0,0.0,-0.0,27.43262009492007,0,0.0,-0.0,4.804982754631141,0,0.0,-0.0,4.195624199572006,0,0.0,-0.0,3.3571844387906635,0,0.0,-0.0,4.105923174275824,0,0.0,-0.0,35.56849332203403
2025-08-02,158.48,-0.025997172884272723,False,1.0,-0.025997172884272723,48.04608155222071,0,0.0,-0.0,19.26316836489613,0,0.0,-0.0,27.43262009492007,0,0.0,-0.0,4.804982754631141,0,0.0,-0.0,4.195624199572006,0,0.0,-0.0,3.3571844387906635,0,0.0,-0.0,4.105923174275824,0,0.0,-0.0,35.56849332203403
2025-08-03,161.97,0.02202170620898536,False,1.0,0.02202170620898536,49.10413824465667,0,0.0,0.0,19.26316836489613,0,0.0,0.0,27.43262009492007,0,0.0,0.0,4.804982754631141,0,0.0,0.0,4.195624199572006,0,0.0,0.0,3.3571844387906635,0,0.0,0.0,4.105923174275824,0,0.0,0.0,35.56849332203403
2025-08-04,169.55,0.04679878989936426,True,1.0,0.04679878989936426,51.40215249355769,0,0.0,0.0,19.26316836489613,0,0.0,0.0,27.43262009492007,0,0.0,0.0,4.804982754631141,0,0.0,0.0,4.195624199572006,0,0.0,0.0,3.3571844387906635,0,0.0,0.0,4.105923174275824,0,0.0,0.0,35.56849332203403
2025-08-05,164.09,-0.03220289000294907,False,1.0,-0.03220289000294907,49.74685463089284,0,0.0,-0.0,19.26316836489613,0,0.0,-0.0,27.43262009492007,0,0.0,-0.0,4.804982754631141,0,0.0,-0.0,4.195624199572006,0,0.0,-0.0,3.3571844387906635,0,0.0,-0.0,4.105923174275824,0,0.0,-0.0,35.56849332203403
2025-08-06,168.09,0.024376866353830184,False,1.0,0.024376866353830184,50.95952705775353,0,0.0,0.0,19.26316836489613,0,0.0,0.0,27.43262009492007,0,0.0,0.0,4.804982754631141,0,0.0,0.0,4.195624199572006,0,0.0,0.0,3.3571844387906635,0,0.0,0.0,4.105923174275824,0,0.0,0.0,35.56849332203403
2025-08-07,175.36,0.04325063953834252,False,1.0,0.04325063953834252,53.163559193572844,0,0.0,0.0,19.26316836489613,0,0.0,0.0,27.43262009492007,0,0.0,0.0,4.804982754631141,0,0.0,0.0,4.195624199572006,0,0.0,0.0,3.3571844387906635,0,0.0,0.0,4.105923174275824,0,0.0,0.0,35.56849332203403
2025-08-08,176.78,0.00809762773722622,False,1.0,0.00809762773722622,53.594057905108386,0,0.0,0.0,19.26316836489613,0,0.0,0.0,27.43262009492007,0,0.0,0.0,4.804982754631141,0,0.0,0.0,4.195624199572006,0,0.0,0.0,3.3571844387906635,0,0.0,0.0,4.105923174275824,0,0.0,0.0,35.56849332203403
2025-08-09,179.95,0.017931892748048295,False,1.0,0.017931892748048295,54.555100803395476,0,0.0,0.0,19.26316836489613,0,0.0,0.0,27.43262009492007,0,0.0,0.0,4.804982754631141,0,0.0,0.0,4.195624199572006,0,0.0,0.0,3.3571844387906635,0,0.0,0.0,4.105923174275824,0,0.0,0.0,35.56849332203403
2025-08-10,182.66,0.01505973881633782,False,1.0,0.01505973881633782,55.376686372593596,0,0.0,0.0,19.26316836489613,0,0.0,0.0,27.43262009492007,0,0.0,0.0,4.804982754631141,0,0.0,0.0,4.195624199572006,0,0.0,0.0,3.3571844387906635,0,0.0,0.0,4.105923174275824,0,0.0,0.0,35.56849332203403
2025-08-11,174.84,-0.042811781451877806,False,1.0,-0.042811781451877806,53.005911778080936,0,0.0,-0.0,19.26316836489613,0,0.0,-0.0,27.43262009492007,0,0.0,-0.0,4.804982754631141,0,0.0,-0.0,4.195624199572006,0,0.0,-0.0,3.3571844387906635,0,0.0,-0.0,4.105923174275824,0,0.0,-0.0,35.56849332203403
2025-08-12,191.78,0.09688858384808974,True,1.0,0.09688858384808974,58.14157950583598,0,0.0,0.0,19.26316836489613,0,0.0,0.0,27.43262009492007,0,0.0,0.0,4.804982754631141,0,0.0,0.0,4.195624199572006,0,0.0,0.0,3.3571844387906635,0,0.0,0.0,4.105923174275824,0,0.0,0.0,35.56849332203403
2025-08-13,201.51,0.050735217436645996,True,1.0,0.050735217436645996,61.091405184174604,0,0.0,0.0,19.26316836489613,0,0.0,0.0,27.43262009492007,0,0.0,0.0,4.804982754631141,0,0.0,0.0,4.195624199572006,0,0.0,0.0,3.3571844387906635,0,0.0,0.0,4.105923174275824,0,0.0,0.0,35.56849332203403
2025-08-14,192.47,-0.044861297206094,True,1.0,-0.044861297206094,58.35076549946944,0,0.0,-0.0,19.26316836489613,0,0.0,-0.0,27.43262009492007,0,0.0,-0.0,4.804982754631141,0,0.0,-0.0,4.195624199572006,0,0.0,-0.0,3.3571844387906635,0,0.0,-0.0,4.105923174275824,0,0.0,-0.0,35.56849332203403
2025-08-15,185.72,-0.03507040058190891,True,1.0,-0.03507040058190891,56.304380779142015,0,0.0,-0.0,19.26316836489613,0,0.0,-0.0,27.43262009492007,0,0.0,-0.0,4.804982754631141,0,0.0,-0.0,4.195624199572006,0,0.0,-0.0,3.3571844387906635,0,0.0,-0.0,4.105923174275824,0,0.0,-0.0,35.56849332203403
2025-08-16,189.6,0.020891664871850013,True,1.0,0.020891664871850013,57.48067303319689,0,0.0,0.0,19.26316836489613,0,0.0,0.0,27.43262009492007,0,0.0,0.0,4.804982754631141,0,0.0,0.0,4.195624199572006,0,0.0,0.0,3.3571844387906635,0,0.0,0.0,4.105923174275824,0,0.0,0.0,35.56849332203403
2025-08-17,190.99,0.007331223628691985,True,1.0,0.007331223628691985,57.90207670153098,0,0.0,0.0,19.26316836489613,0,0.0,0.0,27.43262009492007,0,0.0,0.0,4.804982754631141,0,0.0,0.0,4.195624199572006,0,0.0,0.0,3.3571844387906635,0,0.0,0.0,4.105923174275824,0,0.0,0.0,35.56849332203403
2025-08-18,182.94,-0.0421488036022829,True,1.0,-0.0421488036022829,55.46157344247383,0,0.0,-0.0,19.26316836489613,0,0.0,-0.0,27.43262009492007,0,0.0,-0.0,4.804982754631141,0,0.0,-0.0,4.195624199572006,0,0.0,-0.0,3.3571844387906635,0,0.0,-0.0,4.105923174275824,0,0.0,-0.0,35.56849332203403
2025-08-19,176.22,-0.03673335519842569,False,1.0,-0.03673335519842569,53.424283765347866,0,0.0,-0.0,19.26316836489613,0,0.0,-0.0,27.43262009492007,0,0.0,-0.0,4.804982754631141,0,0.0,-0.0,4.195624199572006,0,0.0,-0.0,3.3571844387906635,0,0.0,-0.0,4.105923174275824,0,0.0,-0.0,35.56849332203403
2025-08-20,187.94,0.06650777437294297,True,1.0,0.06650777437294297,56.977413976049704,0,0.0,0.0,19.26316836489613,0,0.0,0.0,27.43262009492007,0,0.0,0.0,4.804982754631141,0,0.0,0.0,4.195624199572006,0,0.0,0.0,3.3571844387906635,0,0.0,0.0,4.105923174275824,0,0.0,0.0,35.56849332203403
2025-08-21,180.29,-0.04070448015324046,True,1.0,-0.04070448015324046,54.658177959678625,0,0.0,-0.0,19.26316836489613,0,0.0,-0.0,27.43262009492007,0,0.0,-0.0,4.804982754631141,0,0.0,-0.0,4.195624199572006,0,0.0,-0.0,3.3571844387906635,0,0.0,-0.0,4.105923174275824,0,0.0,-0.0,35.56849332203403
2025-08-22,200.69,0.11315103444450614,True,1.0,0.11315103444450614,60.842807336668166,0,0.0,0.0,19.26316836489613,0,0.0,0.0,27.43262009492007,0,0.0,0.0,4.804982754631141,0,0.0,0.0,4.195624199572006,0,0.0,0.0,3.3571844387906635,0,0.0,0.0,4.105923174275824,0,0.0,0.0,35.56849332203403
2025-08-23,204.14,0.017190692112212913,True,1.0,0.017190692112212913,61.888737304835516,0,0.0,0.0,19.26316836489613,0,0.0,0.0,27.43262009492007,0,0.0,0.0,4.804982754631141,0,0.0,0.0,4.195624199572006,0,0.0,0.0,3.3571844387906635,0,0.0,0.0,4.105923174275824,0,0.0,0.0,35.56849332203403
2025-08-24,205.98,0.009013422161261886,True,1.0,0.009013422161261886,62.44656662119144,0,0.0,0.0,19.26316836489613,0,0.0,0.0,27.43262009492007,0,0.0,0.0,4.804982754631141,0,0.0,0.0,4.195624199572006,0,0.0,0.0,3.3571844387906635,0,0.0,0.0,4.105923174275824,0,0.0,0.0,35.56849332203403
2025-08-25,187.2,-0.09117390037867756,True,1.0,-0.09117390037867756,56.753069577080474,0,0.0,-0.0,19.26316836489613,0,0.0,-0.0,27.43262009492007,0,0.0,-0.0,4.804982754631141,0,0.0,-0.0,4.195624199572006,0,0.0,-0.0,3.3571844387906635,0,0.0,-0.0,4.105923174275824,0,0.0,-0.0,35.56849332203403
2025-08-26,195.86,0.04626068376068382,True,1.0,0.04626068376068382,59.37850538123388,0,0.0,0.0,19.26316836489613,0,0.0,0.0,27.43262009492007,0,0.0,0.0,4.804982754631141,0,0.0,0.0,4.195624199572006,0,0.0,0.0,3.3571844387906635,0,0.0,0.0,4.105923174275824,0,0.0,0.0,35.56849332203403
2025-08-27,202.95,0.036199326049218605,True,1.0,0.036199326049218605,61.527967257844445,0,0.0,0.0,19.26316836489613,0,0.0,0.0,27.43262009492007,0,0.0,0.0,4.804982754631141,0,0.0,0.0,4.195624199572006,0,0.0,0.0,3.3571844387906635,0,0.0,0.0,4.105923174275824,0,0.0,0.0,35.56849332203403
2025-08-28,214.43,0.05656565656565671,True,1.0,0.05656565656565671,65.00833712293465,0,0.0,0.0,19.26316836489613,0,0.0,0.0,27.43262009492007,0,0.0,0.0,4.804982754631141,0,0.0,0.0,4.195624199572006,0,0.0,0.0,3.3571844387906635,0,0.0,0.0,4.105923174275824,0,0.0,0.0,35.56849332203403
2025-08-29,205.08,-0.043603973324628065,True,1.0,-0.043603973324628065,62.173715325147775,0,0.0,-0.0,19.26316836489613,0,0.0,-0.0,27.43262009492007,0,0.0,-0.0,4.804982754631141,0,0.0,-0.0,4.195624199572006,0,0.0,-0.0,3.3571844387906635,0,0.0,-0.0,4.105923174275824,0,0.0,-0.0,35.56849332203403
2025-08-30,202.7,-0.01160522722839874,True,1.0,-0.01160522722839874,61.45217523116566,0,0.0,-0.0,19.26316836489613,0,0.0,-0.0,27.43262009492007,0,0.0,-0.0,4.804982754631141,0,0.0,-0.0,4.195624199572006,0,0.0,-0.0,3.3571844387906635,0,0.0,-0.0,4.105923174275824,0,0.0,-0.0,35.56849332203403
2025-08-31,200.62,-0.010261470152935326,True,1.0,-0.010261470152935326,60.821585569198106,0,0.0,-0.0,19.26316836489613,0,0.0,-0.0,27.43262009492007,0,0.0,-0.0,4.804982754631141,0,0.0,-0.0,4.195624199572006,0,0.0,-0.0,3.3571844387906635,0,0.0,-0.0,4.105923174275824,0,0.0,-0.0,35.56849332203403
2025-09-01,197.32,-0.01644900807496763,True,1.0,-0.01644900807496763,59.82113081703803,0,0.0,-0.0,19.26316836489613,0,0.0,-0.0,27.43262009492007,0,0.0,-0.0,4.804982754631141,0,0.0,-0.0,4.195624199572006,0,0.0,-0.0,3.3571844387906635,0,0.0,-0.0,4.105923174275824,0,0.0,-0.0,35.56849332203403
2025-09-02,209.65,0.06248733022501529,True,1.0,0.06248733022501529,63.55919357283613,0,0.0,0.0,19.26316836489613,0,0.0,0.0,27.43262009492007,0,0.0,0.0,4.804982754631141,0,0.0,0.0,4.195624199572006,0,0.0,0.0,3.3571844387906635,0,0.0,0.0,4.105923174275824,0,0.0,0.0,35.56849332203403
2025-09-03,210.77,0.005342237061769728,True,1.0,0.005342237061769728,63.89874185235713,0,0.0,0.0,19.26316836489613,0,0.0,0.0,27.43262009492007,0,0.0,0.0,4.804982754631141,0,0.0,0.0,4.195624199572006,0,0.0,0.0,3.3571844387906635,0,0.0,0.0,4.105923174275824,0,0.0,0.0,35.56849332203403
2025-09-04,202.32,-0.040091094558049156,True,1.0,-0.040091094558049156,61.33697135061391,0,0.0,-0.0,19.26316836489613,0,0.0,-0.0,27.43262009492007,0,0.0,-0.0,4.804982754631141,0,0.0,-0.0,4.195624199572006,0,0.0,-0.0,3.3571844387906635,0,0.0,-0.0,4.105923174275824,0,0.0,-0.0,35.56849332203403
2025-09-05,203.36,0.0051403716884144135,True,1.0,0.0051403716884144135,61.65226618159769,0,0.0,0.0,19.26316836489613,0,0.0,0.0,27.43262009492007,0,0.0,0.0,4.804982754631141,0,0.0,0.0,4.195624199572006,0,0.0,0.0,3.3571844387906635,0,0.0,0.0,4.105923174275824,0,0.0,0.0,35.56849332203403
2025-09-06,200.16,-0.015735641227380137,True,1.0,-0.015735641227380137,60.68212824010913,0,0.0,-0.0,19.26316836489613,0,0.0,-0.0,27.43262009492007,0,0.0,-0.0,4.804982754631141,0,0.0,-0.0,4.195624199572006,0,0.0,-0.0,3.3571844387906635,0,0.0,-0.0,4.105923174275824,0,0.0,-0.0,35.56849332203403
2025-09-07,206.35,0.030925259792166315,True,1.0,0.030925259792166315,62.558738820676055,0,0.0,0.0,19.26316836489613,0,0.0,0.0,27.43262009492007,0,0.0,0.0,4.804982754631141,0,0.0,0.0,4.195624199572006,0,0.0,0.0,3.3571844387906635,0,0.0,0.0,4.105923174275824,0,0.0,0.0,35.56849332203403
2025-09-08,214.11,0.03760600920765689,True,1.0,0.03760600920765689,64.9113233287858,0,0.0,0.0,19.26316836489613,0,0.0,0.0,27.43262009492007,0,0.0,0.0,4.804982754631141,0,0.0,0.0,4.195624199572006,0,0.0,0.0,3.3571844387906635,0,0.0,0.0,4.105923174275824,0,0.0,0.0,35.56849332203403
2025-09-09,217.21,0.014478539068703,True,1.0,0.014478539068703,65.85114445960284,0,0.0,0.0,19.26316836489613,0,0.0,0.0,27.43262009492007,0,0.0,0.0,4.804982754631141,0,0.0,0.0,4.195624199572006,0,0.0,0.0,3.3571844387906635,0,0.0,0.0,4.105923174275824,0,0.0,0.0,35.56849332203403
2025-09-10,224.07,0.031582339671285764,True,1.0,0.031582339671285764,67.93087767166892,0,0.0,0.0,19.26316836489613,0,0.0,0.0,27.43262009492007,0,0.0,0.0,4.804982754631141,0,0.0,0.0,4.195624199572006,0,0.0,0.0,3.3571844387906635,0,0.0,0.0,4.105923174275824,0,0.0,0.0,35.56849332203403
2025-09-11,228.73,0.020797072343464063,True,1.0,0.020797072343464063,69.34364104896163,0,0.0,0.0,19.26316836489613,0,0.0,0.0,27.43262009492007,0,0.0,0.0,4.804982754631141,0,0.0,0.0,4.195624199572006,0,0.0,0.0,3.3571844387906635,0,0.0,0.0,4.105923174275824,0,0.0,0.0,35.56849332203403
2025-09-12,242.18,0.05880295544965697,True,1.0,0.05880295544965697,73.42125208428072,0,0.0,0.0,19.26316836489613,0,0.0,0.0,27.43262009492007,0,0.0,0.0,4.804982754631141,0,0.0,0.0,4.195624199572006,0,0.0,0.0,3.3571844387906635,0,0.0,0.0,4.105923174275824,0,0.0,0.0,35.56849332203403
2025-09-13,242.38,0.0008258320257659157,True,1.0,0.0008258320257659157,73.48188570562375,0,0.0,0.0,19.26316836489613,0,0.0,0.0,27.43262009492007,0,0.0,0.0,4.804982754631141,0,0.0,0.0,4.195624199572006,0,0.0,0.0,3.3571844387906635,0,0.0,0.0,4.105923174275824,0,0.0,0.0,35.56849332203403
2025-09-14,239.76,-0.010809472728772973,True,1.0,-0.010809472728772973,72.68758526603,0,0.0,-0.0,19.26316836489613,0,0.0,-0.0,27.43262009492007,0,0.0,-0.0,4.804982754631141,0,0.0,-0.0,4.195624199572006,0,0.0,-0.0,3.3571844387906635,0,0.0,-0.0,4.105923174275824,0,0.0,-0.0,35.56849332203403
2025-09-15,234.31,-0.022731064397730982,True,1.0,-0.022731064397730982,71.0353190844323,0,0.0,-0.0,19.26316836489613,0,0.0,-0.0,27.43262009492007,0,0.0,-0.0,4.804982754631141,0,0.0,-0.0,4.195624199572006,0,0.0,-0.0,3.3571844387906635,0,0.0,-0.0,4.105923174275824,0,0.0,-0.0,35.56849332203403
2025-09-16,236.96,0.011309803252101958,True,1.0,0.011309803252101958,71.83871456722751,0,0.0,0.0,19.26316836489613,0,0.0,0.0,27.43262009492007,0,0.0,0.0,4.804982754631141,0,0.0,0.0,4.195624199572006,0,0.0,0.0,3.3571844387906635,0,0.0,0.0,4.105923174275824,0,0.0,0.0,35.56849332203403
2025-09-17,244.84,0.033254557731262624,True,1.0,0.033254557731262624,74.22767924814308,0,0.0,0.0,19.26316836489613,0,0.0,0.0,27.43262009492007,0,0.0,0.0,4.804982754631141,0,0.0,0.0,4.195624199572006,0,0.0,0.0,3.3571844387906635,0,0.0,0.0,4.105923174275824,0,0.0,0.0,35.56849332203403
2025-09-18,247.5,0.01086423786962909,True,1.0,0.01086423786962909,75.03410641200543,0,0.0,0.0,19.26316836489613,0,0.0,0.0,27.43262009492007,0,0.0,0.0,4.804982754631141,0,0.0,0.0,4.195624199572006,0,0.0,0.0,3.3571844387906635,0,0.0,0.0,4.105923174275824,0,0.0,0.0,35.56849332203403
2025-09-19,238.53,-0.03624242424242419,True,1.0,-0.03624242424242419,72.31468849477032,0,0.0,-0.0,19.26316836489613,0,0.0,-0.0,27.43262009492007,0,0.0,-0.0,4.804982754631141,0,0.0,-0.0,4.195624199572006,0,0.0,-0.0,3.3571844387906635,0,0.0,-0.0,4.105923174275824,0,0.0,-0.0,35.56849332203403
2025-09-20,239.48,0.003982727539512787,True,1.0,0.003982727539512787,72.60269819614973,0,0.0,0.0,19.26316836489613,0,0.0,0.0,27.43262009492007,0,0.0,0.0,4.804982754631141,0,0.0,0.0,4.195624199572006,0,0.0,0.0,3.3571844387906635,0,0.0,0.0,4.105923174275824,0,0.0,0.0,35.56849332203403
2025-09-21,236.16,-0.013863370636378769,True,1.0,-0.013863370636378769,71.59618008185537,0,0.0,-0.0,19.26316836489613,0,0.0,-0.0,27.43262009492007,0,0.0,-0.0,4.804982754631141,0,0.0,-0.0,4.195624199572006,0,0.0,-0.0,3.3571844387906635,0,0.0,-0.0,4.105923174275824,0,0.0,-0.0,35.56849332203403
2025-09-22,220.38,-0.06681910569105687,True,1.0,-0.06681910569105687,66.81218735788993,0,0.0,-0.0,19.26316836489613,0,0.0,-0.0,27.43262009492007,0,0.0,-0.0,4.804982754631141,0,0.0,-0.0,4.195624199572006,0,0.0,-0.0,3.3571844387906635,0,0.0,-0.0,4.105923174275824,0,0.0,-0.0,35.56849332203403
2025-09-23,213.3,-0.032126327252926745,True,1.0,-0.032126327252926745,64.6657571623465,0,0.0,-0.0,19.26316836489613,0,0.0,-0.0,27.43262009492007,0,0.0,-0.0,4.804982754631141,0,0.0,-0.0,4.195624199572006,0,0.0,-0.0,3.3571844387906635,0,0.0,-0.0,4.105923174275824,0,0.0,-0.0,35.56849332203403
2025-09-24,211.6,-0.007969995311767564,True,1.0,-0.007969995311767564,64.1503713809307,0,0.0,-0.0,19.26316836489613,0,0.0,-0.0,27.43262009492007,0,0.0,-0.0,4.804982754631141,0,0.0,-0.0,4.195624199572006,0,0.0,-0.0,3.3571844387906635,0,0.0,-0.0,4.105923174275824,0,0.0,-0.0,35.56849332203403
2025-09-25,192.74,-0.08913043478260863,False,1.0,-0.08913043478260863,58.43262088828253,0,0.0,-0.0,19.26316836489613,0,0.0,-0.0,27.43262009492007,0,0.0,-0.0,4.804982754631141,0,0.0,-0.0,4.195624199572006,0,0.0,-0.0,3.3571844387906635,0,0.0,-0.0,4.105923174275824,0,0.0,-0.0,35.56849332203403
2025-09-26,205.17,0.06449102417764863,True,1.0,0.06449102417764863,62.20100045475213,0,0.0,0.0,19.26316836489613,0,0.0,0.0,27.43262009492007,0,0.0,0.0,4.804982754631141,0,0.0,0.0,4.195624199572006,0,0.0,0.0,3.3571844387906635,0,0.0,0.0,4.105923174275824,0,0.0,0.0,35.56849332203403
2025-09-27,203.46,-0.008334551835063486,False,1.0,-0.008334551835063486,61.6825829922692,0,0.0,-0.0,19.26316836489613,0,0.0,-0.0,27.43262009492007,0,0.0,-0.0,4.804982754631141,0,0.0,-0.0,4.195624199572006,0,0.0,-0.0,3.3571844387906635,0,0.0,-0.0,4.105923174275824,0,0.0,-0.0,35.56849332203403
2025-09-28,210.83,0.03622333628231589,False,1.0,0.03622333628231589,63.91693193876002,0,0.0,0.0,19.26316836489613,0,0.0,0.0,27.43262009492007,0,0.0,0.0,4.804982754631141,0,0.0,0.0,4.195624199572006,0,0.0,0.0,3.3571844387906635,0,0.0,0.0,4.105923174275824,0,0.0,0.0,35.56849332203403
2025-09-29,212.75,0.009106863349618077,False,1.0,0.009106863349618077,64.49901470365315,0,0.0,0.0,19.26316836489613,0,0.0,0.0,27.43262009492007,0,0.0,0.0,4.804982754631141,0,0.0,0.0,4.195624199572006,0,0.0,0.0,3.3571844387906635,0,0.0,0.0,4.105923174275824,0,0.0,0.0,35.56849332203403
2025-09-30,208.68,-0.019130434782608674,False,1.0,-0.019130434782608674,63.265120509322394,0,0.0,-0.0,19.26316836489613,0,0.0,-0.0,27.43262009492007,0,0.0,-0.0,4.804982754631141,0,0.0,-0.0,4.195624199572006,0,0.0,-0.0,3.3571844387906635,0,0.0,-0.0,4.105923174275824,0,0.0,-0.0,35.56849332203403
2025-10-01,222.04,0.06402146827678745,False,1.0,0.06402146827678745,67.31544641503712,0,0.0,0.0,19.26316836489613,0,0.0,0.0,27.43262009492007,0,0.0,0.0,4.804982754631141,0,0.0,0.0,4.195624199572006,0,0.0,0.0,3.3571844387906635,0,0.0,0.0,4.105923174275824,0,0.0,0.0,35.56849332203403
2025-10-02,234.74,0.05719690145919665,False,1.0,0.05719690145919665,71.16568137031983,0,0.0,0.0,19.26316836489613,0,0.0,0.0,27.43262009492007,0,0.0,0.0,4.804982754631141,0,0.0,0.0,4.195624199572006,0,0.0,0.0,3.3571844387906635,0,0.0,0.0,4.105923174275824,0,0.0,0.0,35.56849332203403
2025-10-03,232.84,-0.008094061514867579,False,1.0,-0.008094061514867579,70.589661967561,0,0.0,-0.0,19.26316836489613,0,0.0,-0.0,27.43262009492007,0,0.0,-0.0,4.804982754631141,0,0.0,-0.0,4.195624199572006,0,0.0,-0.0,3.3571844387906635,0,0.0,-0.0,4.105923174275824,0,0.0,-0.0,35.56849332203403
2025-10-04,227.86,-0.02138807764988826,False,1.0,-0.02138807764988826,69.07988479611944,0,0.0,-0.0,19.26316836489613,0,0.0,-0.0,27.43262009492007,0,0.0,-0.0,4.804982754631141,0,0.0,-0.0,4.195624199572006,0,0.0,-0.0,3.3571844387906635,0,0.0,-0.0,4.105923174275824,0,0.0,-0.0,35.56849332203403
2025-10-05,228.56,0.003072061792328551,False,1.0,0.003072061792328551,69.29210247082005,0,0.0,0.0,19.26316836489613,0,0.0,0.0,27.43262009492007,0,0.0,0.0,4.804982754631141,0,0.0,0.0,4.195624199572006,0,0.0,0.0,3.3571844387906635,0,0.0,0.0,4.105923174275824,0,0.0,0.0,35.56849332203403
2025-10-06,232.35,0.01658207910395526,False,1.0,0.01658207910395526,70.44110959527056,0,0.0,0.0,19.26316836489613,0,0.0,0.0,27.43262009492007,0,0.0,0.0,4.804982754631141,0,0.0,0.0,4.195624199572006,0,0.0,0.0,3.3571844387906635,0,0.0,0.0,4.105923174275824,0,0.0,0.0,35.56849332203403
2025-10-07,219.97,-0.053281687109963394,False,1.0,-0.053281687109963394,66.68788843413671,0,0.0,-0.0,19.26316836489613,0,0.0,-0.0,27.43262009492007,0,0.0,-0.0,4.804982754631141,0,0.0,-0.0,4.195624199572006,0,0.0,-0.0,3.3571844387906635,0,0.0,-0.0,4.105923174275824,0,0.0,-0.0,35.56849332203403
2025-10-08,229.02,0.041141973905532536,False,1.0,0.041141973905532536,69.43155979990902,0,0.0,0.0,19.26316836489613,0,0.0,0.0,27.43262009492007,0,0.0,0.0,4.804982754631141,0,0.0,0.0,4.195624199572006,0,0.0,0.0,3.3571844387906635,0,0.0,0.0,4.105923174275824,0,0.0,0.0,35.56849332203403
2025-10-09,220.93,-0.035324425814339366,False,1.0,-0.035324425814339366,66.97892981658327,0,0.0,-0.0,19.26316836489613,0,0.0,-0.0,27.43262009492007,0,0.0,-0.0,4.804982754631141,0,0.0,-0.0,4.195624199572006,0,0.0,-0.0,3.3571844387906635,0,0.0,-0.0,4.105923174275824,0,0.0,-0.0,35.56849332203403
2025-10-10,188.43,-0.1471054180057032,False,1.0,-0.1471054180057032,57.125966348340135,0,0.0,-0.0,19.26316836489613,0,0.0,-0.0,27.43262009492007,0,0.0,-0.0,4.804982754631141,0,0.0,-0.0,4.195624199572006,0,0.0,-0.0,3.3571844387906635,0,0.0,-0.0,4.105923174275824,0,0.0,-0.0,35.56849332203403
2025-10-11,177.62,-0.05736878416388047,False,1.0,-0.05736878416388047,53.84871911474911,0,0.0,-0.0,19.26316836489613,0,0.0,-0.0,27.43262009492007,0,0.0,-0.0,4.804982754631141,0,0.0,-0.0,4.195624199572006,0,0.0,-0.0,3.3571844387906635,0,0.0,-0.0,4.105923174275824,0,0.0,-0.0,35.56849332203403
2025-10-12,197.0,0.1091093345343992,False,1.0,0.1091093345343992,59.72411702288917,0,0.0,0.0,19.26316836489613,0,0.0,0.0,27.43262009492007,0,0.0,0.0,4.804982754631141,0,0.0,0.0,4.195624199572006,0,0.0,0.0,3.3571844387906635,0,0.0,0.0,4.105923174275824,0,0.0,0.0,35.56849332203403
2025-10-13,208.69,0.059340101522842525,False,1.0,0.059340101522842525,63.268152190389536,0,0.0,0.0,19.26316836489613,0,0.0,0.0,27.43262009492007,0,0.0,0.0,4.804982754631141,0,0.0,0.0,4.195624199572006,0,0.0,0.0,3.3571844387906635,0,0.0,0.0,4.105923174275824,0,0.0,0.0,35.56849332203403
2025-10-14,202.44,-0.029948727778044026,False,1.0,-0.029948727778044026,61.3733515234197,0,0.0,-0.0,19.26316836489613,0,0.0,-0.0,27.43262009492007,0,0.0,-0.0,4.804982754631141,0,0.0,-0.0,4.195624199572006,0,0.0,-0.0,3.3571844387906635,0,0.0,-0.0,4.105923174275824,0,0.0,-0.0,35.56849332203403
2025-10-15,193.84,-0.04248172297964825,True,1.0,-0.04248172297964825,58.76610580566921,0,0.0,-0.0,19.26316836489613,0,0.0,-0.0,27.43262009492007,0,0.0,-0.0,4.804982754631141,0,0.0,-0.0,4.195624199572006,0,0.0,-0.0,3.3571844387906635,0,0.0,-0.0,4.105923174275824,0,0.0,-0.0,35.56849332203403
2025-10-16,184.85,-0.046378456458935235,False,1.0,-0.046378456458935235,56.0406245262998,0,0.0,-0.0,19.26316836489613,0,0.0,-0.0,27.43262009492007,0,0.0,-0.0,4.804982754631141,0,0.0,-0.0,4.195624199572006,0,0.0,-0.0,3.3571844387906635,0,0.0,-0.0,4.105923174275824,0,0.0,-0.0,35.56849332203403
2025-10-17,181.96,-0.01563429807952388,False,1.0,-0.01563429807952388,55.16446869789296,0,0.0,-0.0,19.26316836489613,0,0.0,-0.0,27.43262009492007,0,0.0,-0.0,4.804982754631141,0,0.0,-0.0,4.195624199572006,0,0.0,-0.0,3.3571844387906635,0,0.0,-0.0,4.105923174275824,0,0.0,-0.0,35.56849332203403
2025-10-18,187.56,0.030775994724115074,False,1.0,0.030775994724115074,56.86221009549792,0,0.0,0.0,19.26316836489613,0,0.0,0.0,27.43262009492007,0,0.0,0.0,4.804982754631141,0,0.0,0.0,4.195624199572006,0,0.0,0.0,3.3571844387906635,0,0.0,0.0,4.105923174275824,0,0.0,0.0,35.56849332203403
2025-10-19,187.86,0.0015994881637877434,False,1.0,0.0015994881637877434,56.95316052751248,0,0.0,0.0,19.26316836489613,0,0.0,0.0,27.43262009492007,0,0.0,0.0,4.804982754631141,0,0.0,0.0,4.195624199572006,0,0.0,0.0,3.3571844387906635,0,0.0,0.0,4.105923174275824,0,0.0,0.0,35.56849332203403
2025-10-20,189.71,0.00984775896944523,False,1.0,0.00984775896944523,57.51402152493554,0,0.0,0.0,19.26316836489613,0,0.0,0.0,27.43262009492007,0,0.0,0.0,4.804982754631141,0,0.0,0.0,4.195624199572006,0,0.0,0.0,3.3571844387906635,0,0.0,0.0,4.105923174275824,0,0.0,0.0,35.56849332203403
2025-10-21,185.63,-0.0215065099362185,False,1.0,-0.0215065099362185,56.277095649537635,0,0.0,-0.0,19.26316836489613,0,0.0,-0.0,27.43262009492007,0,0.0,-0.0,4.804982754631141,0,0.0,-0.0,4.195624199572006,0,0.0,-0.0,3.3571844387906635,0,0.0,-0.0,4.105923174275824,0,0.0,-0.0,35.56849332203403
2025-10-22,180.12,-0.029682702149437024,False,1.0,-0.029682702149437024,54.60663938153703,0,0.0,-0.0,19.26316836489613,0,0.0,-0.0,27.43262009492007,0,0.0,-0.0,4.804982754631141,0,0.0,-0.0,4.195624199572006,0,0.0,-0.0,3.3571844387906635,0,0.0,-0.0,4.105923174275824,0,0.0,-0.0,35.56849332203403
2025-10-23,191.35,0.06234732400621801,False,1.0,0.06234732400621801,58.01121721994842,0,0.0,0.0,19.26316836489613,0,0.0,0.0,27.43262009492007,0,0.0,0.0,4.804982754631141,0,0.0,0.0,4.195624199572006,0,0.0,0.0,3.3571844387906635,0,0.0,0.0,4.105923174275824,0,0.0,0.0,35.56849332203403
2025-10-24,193.59,0.011706297360857043,False,1.0,0.011706297360857043,58.69031377899041,0,0.0,0.0,19.26316836489613,0,0.0,0.0,27.43262009492007,0,0.0,0.0,4.804982754631141,0,0.0,0.0,4.195624199572006,0,0.0,0.0,3.3571844387906635,0,0.0,0.0,4.105923174275824,0,0.0,0.0,35.56849332203403
2025-10-25,193.84,0.001291389018027722,False,1.0,0.001291389018027722,58.7661058056692,0,0.0,0.0,19.26316836489613,0,0.0,0.0,27.43262009492007,0,0.0,0.0,4.804982754631141,0,0.0,0.0,4.195624199572006,0,0.0,0.0,3.3571844387906635,0,0.0,0.0,4.105923174275824,0,0.0,0.0,35.56849332203403
2025-10-26,200.03,0.03193355344614113,False,1.0,0.03193355344614113,60.64271638623612,0,0.0,0.0,19.26316836489613,0,0.0,0.0,27.43262009492007,0,0.0,0.0,4.804982754631141,0,0.0,0.0,4.195624199572006,0,0.0,0.0,3.3571844387906635,0,0.0,0.0,4.105923174275824,0,0.0,0.0,35.56849332203403
2025-10-27,198.7,-0.006649002649602664,False,1.0,-0.006649002649602664,60.23950280430493,0,0.0,-0.0,19.26316836489613,0,0.0,-0.0,27.43262009492007,0,0.0,-0.0,4.804982754631141,0,0.0,-0.0,4.195624199572006,0,0.0,-0.0,3.3571844387906635,0,0.0,-0.0,4.105923174275824,0,0.0,-0.0,35.56849332203403
2025-10-28,194.15,-0.022898842476094527,False,1.0,-0.022898842476094527,58.86008791875089,0,0.0,-0.0,19.26316836489613,0,0.0,-0.0,27.43262009492007,0,0.0,-0.0,4.804982754631141,0,0.0,-0.0,4.195624199572006,0,0.0,-0.0,3.3571844387906635,0,0.0,-0.0,4.105923174275824,0,0.0,-0.0,35.56849332203403
2025-10-29,193.88,-0.0013906773113572246,False,1.0,-0.0013906773113572246,58.778232529937796,0,0.0,-0.0,19.26316836489613,0,0.0,-0.0,27.43262009492007,0,0.0,-0.0,4.804982754631141,0,0.0,-0.0,4.195624199572006,0,0.0,-0.0,3.3571844387906635,0,0.0,-0.0,4.105923174275824,0,0.0,-0.0,35.56849332203403
2025-10-30,184.69,-0.04740045388900349,False,1.0,-0.04740045388900349,55.992117629225355,0,0.0,-0.0,19.26316836489613,0,0.0,-0.0,27.43262009492007,0,0.0,-0.0,4.804982754631141,0,0.0,-0.0,4.195624199572006,0,0.0,-0.0,3.3571844387906635,0,0.0,-0.0,4.105923174275824,0,0.0,-0.0,35.56849332203403
2025-10-31,187.21,0.013644485353836222,True,1.0,0.013644485353836222,56.756101258147595,0,0.0,0.0,19.26316836489613,0,0.0,0.0,27.43262009492007,0,0.0,0.0,4.804982754631141,0,0.0,0.0,4.195624199572006,0,0.0,0.0,3.3571844387906635,0,0.0,0.0,4.105923174275824,0,0.0,0.0,35.56849332203403
2025-11-01,186.35,-0.004593771700229787,False,1.0,-0.004593771700229787,56.49537668637254,0,0.0,-0.0,19.26316836489613,0,0.0,-0.0,27.43262009492007,0,0.0,-0.0,4.804982754631141,0,0.0,-0.0,4.195624199572006,0,0.0,-0.0,3.3571844387906635,0,0.0,-0.0,4.105923174275824,0,0.0,-0.0,35.56849332203403
2025-11-02,187.71,0.007298094982559844,False,1.0,0.007298094982559844,56.90768531150518,0,0.0,0.0,19.26316836489613,0,0.0,0.0,27.43262009492007,0,0.0,0.0,4.804982754631141,0,0.0,0.0,4.195624199572006,0,0.0,0.0,3.3571844387906635,0,0.0,0.0,4.105923174275824,0,0.0,0.0,35.56849332203403
2025-11-03,166.06,-0.11533748867934579,False,1.0,-0.11533748867934579,50.34409580112168,0,0.0,-0.0,19.26316836489613,0,0.0,-0.0,27.43262009492007,0,0.0,-0.0,4.804982754631141,0,0.0,-0.0,4.195624199572006,0,0.0,-0.0,3.3571844387906635,0,0.0,-0.0,4.105923174275824,0,0.0,-0.0,35.56849332203403
2025-11-04,155.03,-0.06642177526195348,False,1.0,-0.06642177526195348,47.00015158405332,0,0.0,-0.0,19.26316836489613,0,0.0,-0.0,27.43262009492007,0,0.0,-0.0,4.804982754631141,0,0.0,-0.0,4.195624199572006,0,0.0,-0.0,3.3571844387906635,0,0.0,-0.0,4.105923174275824,0,0.0,-0.0,35.56849332203403
2025-11-05,162.37,0.047345675030639356,False,1.0,0.047345675030639356,49.2254054873427,0,0.0,0.0,19.26316836489613,0,0.0,0.0,27.43262009492007,0,0.0,0.0,4.804982754631141,0,0.0,0.0,4.195624199572006,0,0.0,0.0,3.3571844387906635,0,0.0,0.0,4.105923174275824,0,0.0,0.0,35.56849332203403
2025-11-06,155.28,-0.04366570179220297,False,1.0,-0.04366570179220297,47.07594361073212,0,0.0,-0.0,19.26316836489613,0,0.0,-0.0,27.43262009492007,0,0.0,-0.0,4.804982754631141,0,0.0,-0.0,4.195624199572006,0,0.0,-0.0,3.3571844387906635,0,0.0,-0.0,4.105923174275824,0,0.0,-0.0,35.56849332203403
2025-11-07,161.79,0.04192426584234932,False,1.0,0.04192426584234932,49.049567985447894,0,0.0,0.0,19.26316836489613,0,0.0,0.0,27.43262009492007,0,0.0,0.0,4.804982754631141,0,0.0,0.0,4.195624199572006,0,0.0,0.0,3.3571844387906635,0,0.0,0.0,4.105923174275824,0,0.0,0.0,35.56849332203403
2025-11-08,158.02,-0.023301810989554195,False,1.0,-0.023301810989554195,47.9066242231317,0,0.0,-0.0,19.26316836489613,0,0.0,-0.0,27.43262009492007,0,0.0,-0.0,4.804982754631141,0,0.0,-0.0,4.195624199572006,0,0.0,-0.0,3.3571844387906635,0,0.0,-0.0,4.105923174275824,0,0.0,-0.0,35.56849332203403
2025-11-09,164.53,0.04119731679534233,False,1.0,0.04119731679534233,49.880248597847476,0,0.0,0.0,19.26316836489613,0,0.0,0.0,27.43262009492007,0,0.0,0.0,4.804982754631141,0,0.0,0.0,4.195624199572006,0,0.0,0.0,3.3571844387906635,0,0.0,0.0,4.105923174275824,0,0.0,0.0,35.56849332203403
2025-11-10,167.31,0.016896614599161364,False,1.0,0.016896614599161364,50.72305593451566,0,0.0,0.0,19.26316836489613,0,0.0,0.0,27.43262009492007,0,0.0,0.0,4.804982754631141,0,0.0,0.0,4.195624199572006,0,0.0,0.0,3.3571844387906635,0,0.0,0.0,4.105923174275824,0,0.0,0.0,35.56849332203403
2025-11-11,154.63,-0.07578746040284501,False,1.0,-0.07578746040284501,46.87888434136727,0,0.0,-0.0,19.26316836489613,0,0.0,-0.0,27.43262009492007,0,0.0,-0.0,4.804982754631141,0,0.0,-0.0,4.195624199572006,0,0.0,-0.0,3.3571844387906635,0,0.0,-0.0,4.105923174275824,0,0.0,-0.0,35.56849332203403
2025-11-12,153.42,-0.007825130957770265,False,1.0,-0.007825130957770265,46.512050932241905,0,0.0,-0.0,19.26316836489613,0,0.0,-0.0,27.43262009492007,0,0.0,-0.0,4.804982754631141,0,0.0,-0.0,4.195624199572006,0,0.0,-0.0,3.3571844387906635,0,0.0,-0.0,4.105923174275824,0,0.0,-0.0,35.56849332203403
2025-11-13,144.73,-0.056641898057619544,False,1.0,-0.056641898057619544,43.87752008488705,0,0.0,-0.0,19.26316836489613,0,0.0,-0.0,27.43262009492007,0,0.0,-0.0,4.804982754631141,0,0.0,-0.0,4.195624199572006,0,0.0,-0.0,3.3571844387906635,0,0.0,-0.0,4.105923174275824,0,0.0,-0.0,35.56849332203403
2025-11-14,138.92,-0.04014371588475096,False,1.0,-0.04014371588475096,42.116113384871895,0,0.0,-0.0,19.26316836489613,0,0.0,-0.0,27.43262009492007,0,0.0,-0.0,4.804982754631141,0,0.0,-0.0,4.195624199572006,0,0.0,-0.0,3.3571844387906635,0,0.0,-0.0,4.105923174275824,0,0.0,-0.0,35.56849332203403
2025-11-15,139.61,0.004966887417218624,False,1.0,0.004966887417218624,42.32529937850537,0,0.0,0.0,19.26316836489613,0,0.0,0.0,27.43262009492007,0,0.0,0.0,4.804982754631141,0,0.0,0.0,4.195624199572006,0,0.0,0.0,3.3571844387906635,0,0.0,0.0,4.105923174275824,0,0.0,0.0,35.56849332203403
2025-11-16,137.17,-0.017477258076069258,False,1.0,-0.017477258076069258,41.58556919812034,0,0.0,-0.0,19.26316836489613,0,0.0,-0.0,27.43262009492007,0,0.0,-0.0,4.804982754631141,0,0.0,-0.0,4.195624199572006,0,0.0,-0.0,3.3571844387906635,0,0.0,-0.0,4.105923174275824,0,0.0,-0.0,35.56849332203403
2025-11-17,130.99,-0.04505358314500241,False,1.0,-0.04505358314500241,39.71199029862057,0,0.0,-0.0,19.26316836489613,0,0.0,-0.0,27.43262009492007,0,0.0,-0.0,4.804982754631141,0,0.0,-0.0,4.195624199572006,0,0.0,-0.0,3.3571844387906635,0,0.0,-0.0,4.105923174275824,0,0.0,-0.0,35.56849332203403
2025-11-18,140.69,0.07405145430948923,False,1.0,0.07405145430948923,42.65272093375775,0,0.0,0.0,19.26316836489613,0,0.0,0.0,27.43262009492007,0,0.0,0.0,4.804982754631141,0,0.0,0.0,4.195624199572006,0,0.0,0.0,3.3571844387906635,0,0.0,0.0,4.105923174275824,0,0.0,0.0,35.56849332203403
2025-11-19,137.06,-0.025801407349491767,False,1.0,-0.025801407349491767,41.55222070638167,0,0.0,-0.0,19.26316836489613,0,0.0,-0.0,27.43262009492007,0,0.0,-0.0,4.804982754631141,0,0.0,-0.0,4.195624199572006,0,0.0,-0.0,3.3571844387906635,0,0.0,-0.0,4.105923174275824,0,0.0,-0.0,35.56849332203403
2025-11-20,133.67,-0.02473369327301922,False,1.0,-0.02473369327301922,40.52448082461723,0,0.0,-0.0,19.26316836489613,0,0.0,-0.0,27.43262009492007,0,0.0,-0.0,4.804982754631141,0,0.0,-0.0,4.195624199572006,0,0.0,-0.0,3.3571844387906635,0,0.0,-0.0,4.105923174275824,0,0.0,-0.0,35.56849332203403
2025-11-21,128.68,-0.03733073988179836,False,1.0,-0.03733073988179836,39.011671972108516,0,0.0,-0.0,19.26316836489613,0,0.0,-0.0,27.43262009492007,0,0.0,-0.0,4.804982754631141,0,0.0,-0.0,4.195624199572006,0,0.0,-0.0,3.3571844387906635,0,0.0,-0.0,4.105923174275824,0,0.0,-0.0,35.56849332203403
2025-11-22,127.59,-0.008470624805719695,False,1.0,-0.008470624805719695,38.681218735788974,0,0.0,-0.0,19.26316836489613,0,0.0,-0.0,27.43262009492007,0,0.0,-0.0,4.804982754631141,0,0.0,-0.0,4.195624199572006,0,0.0,-0.0,3.3571844387906635,0,0.0,-0.0,4.105923174275824,0,0.0,-0.0,35.56849332203403
2025-11-23,130.58,0.023434438435614213,False,1.0,0.023434438435614213,39.58769137486735,0,0.0,0.0,19.26316836489613,0,0.0,0.0,27.43262009492007,0,0.0,0.0,4.804982754631141,0,0.0,0.0,4.195624199572006,0,0.0,0.0,3.3571844387906635,0,0.0,0.0,4.105923174275824,0,0.0,0.0,35.56849332203403
2025-11-24,138.44,0.060192985143207034,False,1.0,0.060192985143207034,41.970592693648605,0,0.0,0.0,19.26316836489613,0,0.0,0.0,27.43262009492007,0,0.0,0.0,4.804982754631141,0,0.0,0.0,4.195624199572006,0,0.0,0.0,3.3571844387906635,0,0.0,0.0,4.105923174275824,0,0.0,0.0,35.56849332203403
2025-11-25,138.96,0.0037561398439758253,False,1.0,0.0037561398439758253,42.1282401091405,0,0.0,0.0,19.26316836489613,0,0.0,0.0,27.43262009492007,0,0.0,0.0,4.804982754631141,0,0.0,0.0,4.195624199572006,0,0.0,0.0,3.3571844387906635,0,0.0,0.0,4.105923174275824,0,0.0,0.0,35.56849332203403
2025-11-26,143.02,0.029217040875072042,False,1.0,0.029217040875072042,43.35910262240411,0,0.0,0.0,19.26316836489613,0,0.0,0.0,27.43262009492007,0,0.0,0.0,4.804982754631141,0,0.0,0.0,4.195624199572006,0,0.0,0.0,3.3571844387906635,0,0.0,0.0,4.105923174275824,0,0.0,0.0,35.56849332203403
2025-11-27,140.85,-0.015172703118445097,False,1.0,-0.015172703118445097,42.701227830832174,0,0.0,-0.0,19.26316836489613,0,0.0,-0.0,27.43262009492007,0,0.0,-0.0,4.804982754631141,0,0.0,-0.0,4.195624199572006,0,0.0,-0.0,3.3571844387906635,0,0.0,-0.0,4.105923174275824,0,0.0,-0.0,35.56849332203403
2025-11-28,137.33,-0.024991125310613982,False,1.0,-0.024991125310613982,41.63407609519477,0,0.0,-0.0,19.26316836489613,0,0.0,-0.0,27.43262009492007,0,0.0,-0.0,4.804982754631141,0,0.0,-0.0,4.195624199572006,0,0.0,-0.0,3.3571844387906635,0,0.0,-0.0,4.105923174275824,0,0.0,-0.0,35.56849332203403
2025-11-29,135.91,-0.010340056797495167,False,1.0,-0.010340056797495167,41.20357738365922,0,0.0,-0.0,19.26316836489613,0,0.0,-0.0,27.43262009492007,0,0.0,-0.0,4.804982754631141,0,0.0,-0.0,4.195624199572006,0,0.0,-0.0,3.3571844387906635,0,0.0,-0.0,4.105923174275824,0,0.0,-0.0,35.56849332203403
2025-11-30,133.48,-0.01787947906702969,False,1.0,-0.01787947906702969,40.46687888434135,0,0.0,-0.0,19.26316836489613,0,0.0,-0.0,27.43262009492007,0,0.0,-0.0,4.804982754631141,0,0.0,-0.0,4.195624199572006,0,0.0,-0.0,3.3571844387906635,0,0.0,-0.0,4.105923174275824,0,0.0,-0.0,35.56849332203403
2025-12-01,126.66,-0.05109379682349413,False,1.0,-0.05109379682349413,38.399272396543864,0,0.0,-0.0,19.26316836489613,0,0.0,-0.0,27.43262009492007,0,0.0,-0.0,4.804982754631141,0,0.0,-0.0,4.195624199572006,0,0.0,-0.0,3.3571844387906635,0,0.0,-0.0,4.105923174275824,0,0.0,-0.0,35.56849332203403
2025-12-02,138.68,0.09489973156481923,False,1.0,0.09489973156481923,42.04335303926025,0,0.0,0.0,19.26316836489613,0,0.0,0.0,27.43262009492007,0,0.0,0.0,4.804982754631141,0,0.0,0.0,4.195624199572006,0,0.0,0.0,3.3571844387906635,0,0.0,0.0,4.105923174275824,0,0.0,0.0,35.56849332203403
2025-12-03,144.67,0.04319296221517144,False,1.0,0.04319296221517144,43.859329998484135,0,0.0,0.0,19.26316836489613,0,0.0,0.0,27.43262009492007,0,0.0,0.0,4.804982754631141,0,0.0,0.0,4.195624199572006,0,0.0,0.0,3.3571844387906635,0,0.0,0.0,4.105923174275824,0,0.0,0.0,35.56849332203403
2025-12-04,139.01,-0.03912352249948159,True,1.0,-0.03912352249948159,42.14339851447625,0,0.0,-0.0,19.26316836489613,0,0.0,-0.0,27.43262009492007,0,0.0,-0.0,4.804982754631141,0,0.0,-0.0,4.195624199572006,0,0.0,-0.0,3.3571844387906635,0,0.0,-0.0,4.105923174275824,0,0.0,-0.0,35.56849332203403
2025-12-05,133.29,-0.04114811884037117,False,1.0,-0.04114811884037117,40.40927694406546,0,0.0,-0.0,19.26316836489613,0,0.0,-0.0,27.43262009492007,0,0.0,-0.0,4.804982754631141,0,0.0,-0.0,4.195624199572006,0,0.0,-0.0,3.3571844387906635,0,0.0,-0.0,4.105923174275824,0,0.0,-0.0,35.56849332203403
2025-12-06,132.19,-0.008252682121689503,False,1.0,-0.008252682121689503,40.07579202667877,0,0.0,-0.0,19.26316836489613,0,0.0,-0.0,27.43262009492007,0,0.0,-0.0,4.804982754631141,0,0.0,-0.0,4.195624199572006,0,0.0,-0.0,3.3571844387906635,0,0.0,-0.0,4.105923174275824,0,0.0,-0.0,35.56849332203403
2025-12-07,132.24,0.0003782434374763888,True,1.0,0.0003782434374763888,40.09095043201453,0,0.0,0.0,19.26316836489613,0,0.0,0.0,27.43262009492007,0,0.0,0.0,4.804982754631141,0,0.0,0.0,4.195624199572006,0,0.0,0.0,3.3571844387906635,0,0.0,0.0,4.105923174275824,0,0.0,0.0,35.56849332203403
2025-12-08,133.25,0.00763762855414396,False,1.0,0.00763762855414396,40.397150219796856,0,0.0,0.0,19.26316836489613,0,0.0,0.0,27.43262009492007,0,0.0,0.0,4.804982754631141,0,0.0,0.0,4.195624199572006,0,0.0,0.0,3.3571844387906635,0,0.0,0.0,4.105923174275824,0,0.0,0.0,35.56849332203403
2025-12-09,137.88,0.034746716697936275,True,1.0,0.034746716697936275,41.800818553888114,0,0.0,0.0,19.26316836489613,0,0.0,0.0,27.43262009492007,0,0.0,0.0,4.804982754631141,0,0.0,0.0,4.195624199572006,0,0.0,0.0,3.3571844387906635,0,0.0,0.0,4.105923174275824,0,0.0,0.0,35.56849332203403
2025-12-10,136.26,-0.011749347258485643,True,1.0,-0.011749347258485643,41.309686221009535,0,0.0,-0.0,19.26316836489613,0,0.0,-0.0,27.43262009492007,0,0.0,-0.0,4.804982754631141,0,0.0,-0.0,4.195624199572006,0,0.0,-0.0,3.3571844387906635,0,0.0,-0.0,4.105923174275824,0,0.0,-0.0,35.56849332203403
2025-12-11,136.41,0.0011008366358433719,True,1.0,0.0011008366358433719,41.35516143701682,0,0.0,0.0,19.26316836489613,0,0.0,0.0,27.43262009492007,0,0.0,0.0,4.804982754631141,0,0.0,0.0,4.195624199572006,0,0.0,0.0,3.3571844387906635,0,0.0,0.0,4.105923174275824,0,0.0,0.0,35.56849332203403
2025-12-12,132.27,-0.030349681108423066,True,1.0,-0.030349681108423066,40.100045475216,0,0.0,-0.0,19.26316836489613,0,0.0,-0.0,27.43262009492007,0,0.0,-0.0,4.804982754631141,0,0.0,-0.0,4.195624199572006,0,0.0,-0.0,3.3571844387906635,0,0.0,-0.0,4.105923174275824,0,0.0,-0.0,35.56849332203403
2025-12-13,133.14,0.006577455205261762,True,1.0,0.006577455205261762,40.36380172805819,0,0.0,0.0,19.26316836489613,0,0.0,0.0,27.43262009492007,0,0.0,0.0,4.804982754631141,0,0.0,0.0,4.195624199572006,0,0.0,0.0,3.3571844387906635,0,0.0,0.0,4.105923174275824,0,0.0,0.0,35.56849332203403
2025-12-14,129.4,-0.028090731560762916,False,1.0,-0.028090731560762916,39.229953008943454,0,0.0,-0.0,19.26316836489613,0,0.0,-0.0,27.43262009492007,0,0.0,-0.0,4.804982754631141,0,0.0,-0.0,4.195624199572006,0,0.0,-0.0,3.3571844387906635,0,0.0,-0.0,4.105923174275824,0,0.0,-0.0,35.56849332203403
2025-12-15,127.81,-0.012287480680061802,False,1.0,-0.012287480680061802,38.74791571926633,0,0.0,-0.0,19.26316836489613,0,0.0,-0.0,27.43262009492007,0,0.0,-0.0,4.804982754631141,0,0.0,-0.0,4.195624199572006,0,0.0,-0.0,3.3571844387906635,0,0.0,-0.0,4.105923174275824,0,0.0,-0.0,35.56849332203403
2025-12-16,129.15,0.010484312651592331,False,1.0,0.010484312651592331,39.15416098226467,0,0.0,0.0,19.26316836489613,0,0.0,0.0,27.43262009492007,0,0.0,0.0,4.804982754631141,0,0.0,0.0,4.195624199572006,0,0.0,0.0,3.3571844387906635,0,0.0,0.0,4.105923174275824,0,0.0,0.0,35.56849332203403
2025-12-17,123.27,-0.04552845528455296,False,1.0,-0.04552845528455296,37.371532514779446,0,0.0,-0.0,19.26316836489613,0,0.0,-0.0,27.43262009492007,0,0.0,-0.0,4.804982754631141,0,0.0,-0.0,4.195624199572006,0,0.0,-0.0,3.3571844387906635,0,0.0,-0.0,4.105923174275824,0,0.0,-0.0,35.56849332203403
2025-12-18,119.6,-0.029772045104242695,False,1.0,-0.029772045104242695,36.25890556313476,0,0.0,-0.0,19.26316836489613,0,0.0,-0.0,27.43262009492007,0,0.0,-0.0,4.804982754631141,0,0.0,-0.0,4.195624199572006,0,0.0,-0.0,3.3571844387906635,0,0.0,-0.0,4.105923174275824,0,0.0,-0.0,35.56849332203403
2025-12-19,126.27,0.05576923076923079,False,1.0,0.05576923076923079,38.28103683492497,0,0.0,0.0,19.26316836489613,0,0.0,0.0,27.43262009492007,0,0.0,0.0,4.804982754631141,0,0.0,0.0,4.195624199572006,0,0.0,0.0,3.3571844387906635,0,0.0,0.0,4.105923174275824,0,0.0,0.0,35.56849332203403
2025-12-20,125.81,-0.0036429872495445936,False,1.0,-0.0036429872495445936,38.14157950583599,0,0.0,-0.0,19.26316836489613,0,0.0,-0.0,27.43262009492007,0,0.0,-0.0,4.804982754631141,0,0.0,-0.0,4.195624199572006,0,0.0,-0.0,3.3571844387906635,0,0.0,-0.0,4.105923174275824,0,0.0,-0.0,35.56849332203403
2025-12-21,126.03,0.001748668627295169,False,1.0,0.001748668627295169,38.208276489313334,0,0.0,0.0,19.26316836489613,0,0.0,0.0,27.43262009492007,0,0.0,0.0,4.804982754631141,0,0.0,0.0,4.195624199572006,0,0.0,0.0,3.3571844387906635,0,0.0,0.0,4.105923174275824,0,0.0,0.0,35.56849332203403
2025-12-22,125.93,-0.0007934618741568533,False,1.0,-0.0007934618741568533,38.17795967864182,0,0.0,-0.0,19.26316836489613,0,0.0,-0.0,27.43262009492007,0,0.0,-0.0,4.804982754631141,0,0.0,-0.0,4.195624199572006,0,0.0,-0.0,3.3571844387906635,0,0.0,-0.0,4.105923174275824,0,0.0,-0.0,35.56849332203403
2025-12-23,124.01,-0.01524656555229098,False,1.0,-0.01524656555229098,37.59587691374868,0,0.0,-0.0,19.26316836489613,0,0.0,-0.0,27.43262009492007,0,0.0,-0.0,4.804982754631141,0,0.0,-0.0,4.195624199572006,0,0.0,-0.0,3.3571844387906635,0,0.0,-0.0,4.105923174275824,0,0.0,-0.0,35.56849332203403
2025-12-24,122.53,-0.011934521409563748,False,1.0,-0.011934521409563748,37.14718811581022,0,0.0,-0.0,19.26316836489613,0,0.0,-0.0,27.43262009492007,0,0.0,-0.0,4.804982754631141,0,0.0,-0.0,4.195624199572006,0,0.0,-0.0,3.3571844387906635,0,0.0,-0.0,4.105923174275824,0,0.0,-0.0,35.56849332203403
2025-12-25,120.06,-0.020158328572594475,False,1.0,-0.020158328572594475,36.398362892223744,0,0.0,-0.0,19.26316836489613,0,0.0,-0.0,27.43262009492007,0,0.0,-0.0,4.804982754631141,0,0.0,-0.0,4.195624199572006,0,0.0,-0.0,3.3571844387906635,0,0.0,-0.0,4.105923174275824,0,0.0,-0.0,35.56849332203403
2025-12-26,122.26,0.018324171247709575,False,1.0,0.018324171247709575,37.06533272699713,0,0.0,0.0,19.26316836489613,0,0.0,0.0,27.43262009492007,0,0.0,0.0,4.804982754631141,0,0.0,0.0,4.195624199572006,0,0.0,0.0,3.3571844387906635,0,0.0,0.0,4.105923174275824,0,0.0,0.0,35.56849332203403
2025-12-27,124.73,0.020202846392933127,False,1.0,0.020202846392933127,37.814157950583606,0,0.0,0.0,19.26316836489613,0,0.0,0.0,27.43262009492007,0,0.0,0.0,4.804982754631141,0,0.0,0.0,4.195624199572006,0,0.0,0.0,3.3571844387906635,0,0.0,0.0,4.105923174275824,0,0.0,0.0,35.56849332203403
2025-12-28,125.27,0.004329351399021908,False,1.0,0.004329351399021908,37.9778687282098,0,0.0,0.0,19.26316836489613,0,0.0,0.0,27.43262009492007,0,0.0,0.0,4.804982754631141,0,0.0,0.0,4.195624199572006,0,0.0,0.0,3.3571844387906635,0,0.0,0.0,4.105923174275824,0,0.0,0.0,35.56849332203403
2025-12-29,123.28,-0.0158856869162608,False,1.0,-0.0158856869162608,37.37456419584661,0,0.0,-0.0,19.26316836489613,0,0.0,-0.0,27.43262009492007,0,0.0,-0.0,4.804982754631141,0,0.0,-0.0,4.195624199572006,0,0.0,-0.0,3.3571844387906635,0,0.0,-0.0,4.105923174275824,0,0.0,-0.0,35.56849332203403
2025-12-30,125.01,0.014033095392602224,False,1.0,0.014033095392602224,37.89904502046386,0,0.0,0.0,19.26316836489613,0,0.0,0.0,27.43262009492007,0,0.0,0.0,4.804982754631141,0,0.0,0.0,4.195624199572006,0,0.0,0.0,3.3571844387906635,0,0.0,0.0,4.105923174275824,0,0.0,0.0,35.56849332203403
2025-12-31,124.65,-0.0028797696184305055,False,1.0,-0.0028797696184305055,37.7899045020464,0,0.0,-0.0,19.26316836489613,0,0.0,-0.0,27.43262009492007,0,0.0,-0.0,4.804982754631141,0,0.0,-0.0,4.195624199572006,0,0.0,-0.0,3.3571844387906635,0,0.0,-0.0,4.105923174275824,0,0.0,-0.0,35.56849332203403
2026-01-01,126.9,0.018050541516245522,False,1.0,0.018050541516245522,38.47203274215554,0,0.0,0.0,19.26316836489613,0,0.0,0.0,27.43262009492007,0,0.0,0.0,4.804982754631141,0,0.0,0.0,4.195624199572006,0,0.0,0.0,3.3571844387906635,0,0.0,0.0,4.105923174275824,0,0.0,0.0,35.56849332203403
2026-01-02,132.29,0.042474389282899816,False,1.0,0.042474389282899816,40.10610883735032,0,0.0,0.0,19.26316836489613,0,0.0,0.0,27.43262009492007,0,0.0,0.0,4.804982754631141,0,0.0,0.0,4.195624199572006,0,0.0,0.0,3.3571844387906635,0,0.0,0.0,4.105923174275824,0,0.0,0.0,35.56849332203403
2026-01-03,133.37,0.008163882379620624,True,1.0,0.008163882379620624,40.43353039260271,0,0.0,0.0,19.26316836489613,0,0.0,0.0,27.43262009492007,0,0.0,0.0,4.804982754631141,0,0.0,0.0,4.195624199572006,0,0.0,0.0,3.3571844387906635,0,0.0,0.0,4.105923174275824,0,0.0,0.0,35.56849332203403
2026-01-04,134.12,0.005623453550273716,True,1.0,0.005623453550273716,40.66090647263909,0,0.0,0.0,19.26316836489613,0,0.0,0.0,27.43262009492007,0,0.0,0.0,4.804982754631141,0,0.0,0.0,4.195624199572006,0,0.0,0.0,3.3571844387906635,0,0.0,0.0,4.105923174275824,0,0.0,0.0,35.56849332203403
2026-01-05,137.9,0.028183716075156573,True,1.0,0.028183716075156573,41.80688191602245,0,0.0,0.0,19.26316836489613,0,0.0,0.0,27.43262009492007,0,0.0,0.0,4.804982754631141,0,0.0,0.0,4.195624199572006,0,0.0,0.0,3.3571844387906635,0,0.0,0.0,4.105923174275824,0,0.0,0.0,35.56849332203403
2026-01-06,141.08,0.0230601885424222,True,1.0,0.0230601885424222,42.77095649537671,0,0.0,0.0,19.26316836489613,0,0.0,0.0,27.43262009492007,0,0.0,0.0,4.804982754631141,0,0.0,0.0,4.195624199572006,0,0.0,0.0,3.3571844387906635,0,0.0,0.0,4.105923174275824,0,0.0,0.0,35.56849332203403
2026-01-07,136.39,-0.03324354975900212,True,1.0,-0.03324354975900212,41.34909807488254,0,0.0,-0.0,19.26316836489613,0,0.0,-0.0,27.43262009492007,0,0.0,-0.0,4.804982754631141,0,0.0,-0.0,4.195624199572006,0,0.0,-0.0,3.3571844387906635,0,0.0,-0.0,4.105923174275824,0,0.0,-0.0,35.56849332203403
2026-01-08,138.37,0.014517193342620471,True,1.0,0.014517193342620471,41.94937092617859,0,0.0,0.0,19.26316836489613,0,0.0,0.0,27.43262009492007,0,0.0,0.0,4.804982754631141,0,0.0,0.0,4.195624199572006,0,0.0,0.0,3.3571844387906635,0,0.0,0.0,4.105923174275824,0,0.0,0.0,35.56849332203403
2026-01-09,135.97,-0.017344800173448083,True,1.0,-0.017344800173448083,41.22176747006217,0,0.0,-0.0,19.26316836489613,0,0.0,-0.0,27.43262009492007,0,0.0,-0.0,4.804982754631141,0,0.0,-0.0,4.195624199572006,0,0.0,-0.0,3.3571844387906635,0,0.0,-0.0,4.105923174275824,0,0.0,-0.0,35.56849332203403
2026-01-10,135.84,-0.0009560932558652091,True,1.0,-0.0009560932558652091,41.1823556161892,0,0.0,-0.0,19.26316836489613,0,0.0,-0.0,27.43262009492007,0,0.0,-0.0,4.804982754631141,0,0.0,-0.0,4.195624199572006,0,0.0,-0.0,3.3571844387906635,0,0.0,-0.0,4.105923174275824,0,0.0,-0.0,35.56849332203403
2026-01-11,139.7,0.028415783274440498,True,1.0,0.028415783274440498,42.35258450810977,0,0.0,0.0,19.26316836489613,0,0.0,0.0,27.43262009492007,0,0.0,0.0,4.804982754631141,0,0.0,0.0,4.195624199572006,0,0.0,0.0,3.3571844387906635,0,0.0,0.0,4.105923174275824,0,0.0,0.0,35.56849332203403
2026-01-12,139.22,-0.0034359341445955316,True,1.0,-0.0034359341445955316,42.20706381688649,0,0.0,-0.0,19.26316836489613,0,0.0,-0.0,27.43262009492007,0,0.0,-0.0,4.804982754631141,0,0.0,-0.0,4.195624199572006,0,0.0,-0.0,3.3571844387906635,0,0.0,-0.0,4.105923174275824,0,0.0,-0.0,35.56849332203403
2026-01-13,145.51,0.04518029018819125,True,1.0,0.04518029018819125,44.11399120812493,0,0.0,0.0,19.26316836489613,0,0.0,0.0,27.43262009492007,0,0.0,0.0,4.804982754631141,0,0.0,0.0,4.195624199572006,0,0.0,0.0,3.3571844387906635,0,0.0,0.0,4.105923174275824,0,0.0,0.0,35.56849332203403
2026-01-14,146.69,0.008109408288090147,True,1.0,0.008109408288090147,44.47172957404884,0,0.0,0.0,19.26316836489613,0,0.0,0.0,27.43262009492007,0,0.0,0.0,4.804982754631141,0,0.0,0.0,4.195624199572006,0,0.0,0.0,3.3571844387906635,0,0.0,0.0,4.105923174275824,0,0.0,0.0,35.56849332203403
2026-01-15,142.4,-0.029245347331106397,True,1.0,-0.029245347331106397,43.17113839624074,0,0.0,-0.0,19.26316836489613,0,0.0,-0.0,27.43262009492007,0,0.0,-0.0,4.804982754631141,0,0.0,-0.0,4.195624199572006,0,0.0,-0.0,3.3571844387906635,0,0.0,-0.0,4.105923174275824,0,0.0,-0.0,35.56849332203403
2026-01-16,144.89,0.01748595505617967,True,1.0,0.01748595505617967,43.92602698196152,0,0.0,0.0,19.26316836489613,0,0.0,0.0,27.43262009492007,0,0.0,0.0,4.804982754631141,0,0.0,0.0,4.195624199572006,0,0.0,0.0,3.3571844387906635,0,0.0,0.0,4.105923174275824,0,0.0,0.0,35.56849332203403
2026-01-17,143.72,-0.008075091448685123,True,1.0,-0.008075091448685123,43.57132029710477,0,0.0,-0.0,19.26316836489613,0,0.0,-0.0,27.43262009492007,0,0.0,-0.0,4.804982754631141,0,0.0,-0.0,4.195624199572006,0,0.0,-0.0,3.3571844387906635,0,0.0,-0.0,4.105923174275824,0,0.0,-0.0,35.56849332203403
2026-01-18,137.87,-0.04070414695240743,True,1.0,-0.04070414695240743,41.79778687282101,0,0.0,-0.0,19.26316836489613,0,0.0,-0.0,27.43262009492007,0,0.0,-0.0,4.804982754631141,0,0.0,-0.0,4.195624199572006,0,0.0,-0.0,3.3571844387906635,0,0.0,-0.0,4.105923174275824,0,0.0,-0.0,35.56849332203403
2026-01-19,133.44,-0.03213171828534134,True,1.0,-0.03213171828534134,40.454752160072786,0,0.0,-0.0,19.26316836489613,0,0.0,-0.0,27.43262009492007,0,0.0,-0.0,4.804982754631141,0,0.0,-0.0,4.195624199572006,0,0.0,-0.0,3.3571844387906635,0,0.0,-0.0,4.105923174275824,0,0.0,-0.0,35.56849332203403
2026-01-20,125.8,-0.05725419664268583,True,1.0,-0.05725419664268583,38.13854782476886,0,0.0,-0.0,19.26316836489613,0,0.0,-0.0,27.43262009492007,0,0.0,-0.0,4.804982754631141,0,0.0,-0.0,4.195624199572006,0,0.0,-0.0,3.3571844387906635,0,0.0,-0.0,4.105923174275824,0,0.0,-0.0,35.56849332203403
2026-01-21,129.54,0.029729729729729648,True,1.0,0.029729729729729648,39.2723965438836,0,0.0,0.0,19.26316836489613,0,0.0,0.0,27.43262009492007,0,0.0,0.0,4.804982754631141,0,0.0,0.0,4.195624199572006,0,0.0,0.0,3.3571844387906635,0,0.0,0.0,4.105923174275824,0,0.0,0.0,35.56849332203403
2026-01-22,128.47,-0.008259996912150624,False,1.0,-0.008259996912150624,38.948006669698366,0,0.0,-0.0,19.26316836489613,0,0.0,-0.0,27.43262009492007,0,0.0,-0.0,4.804982754631141,0,0.0,-0.0,4.195624199572006,0,0.0,-0.0,3.3571844387906635,0,0.0,-0.0,4.105923174275824,0,0.0,-0.0,35.56849332203403
2026-01-23,127.43,-0.008095275161516202,False,1.0,-0.008095275161516202,38.63271183871459,0,0.0,-0.0,19.26316836489613,0,0.0,-0.0,27.43262009492007,0,0.0,-0.0,4.804982754631141,0,0.0,-0.0,4.195624199572006,0,0.0,-0.0,3.3571844387906635,0,0.0,-0.0,4.105923174275824,0,0.0,-0.0,35.56849332203403
2026-01-24,127.21,-0.0017264380444166338,False,1.0,-0.0017264380444166338,38.56601485523725,0,0.0,-0.0,19.26316836489613,0,0.0,-0.0,27.43262009492007,0,0.0,-0.0,4.804982754631141,0,0.0,-0.0,4.195624199572006,0,0.0,-0.0,3.3571844387906635,0,0.0,-0.0,4.105923174275824,0,0.0,-0.0,35.56849332203403
2026-01-25,118.85,-0.06571810392264754,False,1.0,-0.06571810392264754,36.031529483098396,0,0.0,-0.0,19.26316836489613,0,0.0,-0.0,27.43262009492007,0,0.0,-0.0,4.804982754631141,0,0.0,-0.0,4.195624199572006,0,0.0,-0.0,3.3571844387906635,0,0.0,-0.0,4.105923174275824,0,0.0,-0.0,35.56849332203403
2026-01-26,124.24,0.04535128312999581,False,1.0,0.04535128312999581,37.66560557829318,0,0.0,0.0,19.26316836489613,0,0.0,0.0,27.43262009492007,0,0.0,0.0,4.804982754631141,0,0.0,0.0,4.195624199572006,0,0.0,0.0,3.3571844387906635,0,0.0,0.0,4.105923174275824,0,0.0,0.0,35.56849332203403
2026-01-27,127.19,0.023744365743721962,False,1.0,0.023744365743721962,38.55995149310295,0,0.0,0.0,19.26316836489613,0,0.0,0.0,27.43262009492007,0,0.0,0.0,4.804982754631141,0,0.0,0.0,4.195624199572006,0,0.0,0.0,3.3571844387906635,0,0.0,0.0,4.105923174275824,0,0.0,0.0,35.56849332203403
2026-01-28,125.35,-0.01446654611211573,False,1.0,-0.01446654611211573,38.00212217674703,0,0.0,-0.0,19.26316836489613,0,0.0,-0.0,27.43262009492007,0,0.0,-0.0,4.804982754631141,0,0.0,-0.0,4.195624199572006,0,0.0,-0.0,3.3571844387906635,0,0.0,-0.0,4.105923174275824,0,0.0,-0.0,35.56849332203403
2026-01-29,117.82,-0.06007179896290393,False,1.0,-0.06007179896290393,35.71926633318177,0,0.0,-0.0,19.26316836489613,0,0.0,-0.0,27.43262009492007,0,0.0,-0.0,4.804982754631141,0,0.0,-0.0,4.195624199572006,0,0.0,-0.0,3.3571844387906635,0,0.0,-0.0,4.105923174275824,0,0.0,-0.0,35.56849332203403
2026-01-30,117.59,-0.0019521303683583957,False,1.0,-0.0019521303683583957,35.64953766863729,0,0.0,-0.0,19.26316836489613,0,0.0,-0.0,27.43262009492007,0,0.0,-0.0,4.804982754631141,0,0.0,-0.0,4.195624199572006,0,0.0,-0.0,3.3571844387906635,0,0.0,-0.0,4.105923174275824,0,0.0,-0.0,35.56849332203403
2026-01-31,105.58,-0.10213453524959615,False,1.0,-0.10213453524959615,32.00848870698805,0,0.0,-0.0,19.26316836489613,0,0.0,-0.0,27.43262009492007,0,0.0,-0.0,4.804982754631141,0,0.0,-0.0,4.195624199572006,0,0.0,-0.0,3.3571844387906635,0,0.0,-0.0,4.105923174275824,0,0.0,-0.0,35.56849332203403
2026-02-01,100.79,-0.04536844099261217,False,1.0,-0.04536844099261217,30.556313475822368,0,0.0,-0.0,19.26316836489613,0,0.0,-0.0,27.43262009492007,0,0.0,-0.0,4.804982754631141,0,0.0,-0.0,4.195624199572006,0,0.0,-0.0,3.3571844387906635,0,0.0,-0.0,4.105923174275824,0,0.0,-0.0,35.56849332203403
2026-02-02,104.55,0.0373052882230378,False,1.0,0.0373052882230378,31.696225557071415,0,0.0,0.0,19.26316836489613,0,0.0,0.0,27.43262009492007,0,0.0,0.0,4.804982754631141,0,0.0,0.0,4.195624199572006,0,0.0,0.0,3.3571844387906635,0,0.0,0.0,4.105923174275824,0,0.0,0.0,35.56849332203403
2026-02-03,97.89,-0.06370157819225253,False,1.0,-0.06370157819225253,29.677125966348356,0,0.0,-0.0,19.26316836489613,0,0.0,-0.0,27.43262009492007,0,0.0,-0.0,4.804982754631141,0,0.0,-0.0,4.195624199572006,0,0.0,-0.0,3.3571844387906635,0,0.0,-0.0,4.105923174275824,0,0.0,-0.0,35.56849332203403
2026-02-04,92.12,-0.05894371233016649,False,1.0,-0.05894371233016649,27.927845990601803,0,0.0,-0.0,19.26316836489613,0,0.0,-0.0,27.43262009492007,0,0.0,-0.0,4.804982754631141,0,0.0,-0.0,4.195624199572006,0,0.0,-0.0,3.3571844387906635,0,0.0,-0.0,4.105923174275824,0,0.0,-0.0,35.56849332203403
2026-02-05,78.35,-0.1494789405123753,False,1.0,-0.1494789405123753,23.753221161133858,0,0.0,-0.0,19.26316836489613,0,0.0,-0.0,27.43262009492007,0,0.0,-0.0,4.804982754631141,0,0.0,-0.0,4.195624199572006,0,0.0,-0.0,3.3571844387906635,0,0.0,-0.0,4.105923174275824,0,0.0,-0.0,35.56849332203403
2026-02-06,87.46,0.11627313337587752,False,1.0,0.11627313337587752,26.51508261330909,0,0.0,0.0,19.26316836489613,0,0.0,0.0,27.43262009492007,0,0.0,0.0,4.804982754631141,0,0.0,0.0,4.195624199572006,0,0.0,0.0,3.3571844387906635,0,0.0,0.0,4.105923174275824,0,0.0,0.0,35.56849332203403
2026-02-07,87.59,0.001486393780013806,False,1.0,0.001486393780013806,26.554494467182064,0,0.0,0.0,19.26316836489613,0,0.0,0.0,27.43262009492007,0,0.0,0.0,4.804982754631141,0,0.0,0.0,4.195624199572006,0,0.0,0.0,3.3571844387906635,0,0.0,0.0,4.105923174275824,0,0.0,0.0,35.56849332203403
2026-02-08,86.99,-0.006850097043041514,False,1.0,-0.006850097043041514,26.372593603152957,0,0.0,-0.0,19.26316836489613,0,0.0,-0.0,27.43262009492007,0,0.0,-0.0,4.804982754631141,0,0.0,-0.0,4.195624199572006,0,0.0,-0.0,3.3571844387906635,0,0.0,-0.0,4.105923174275824,0,0.0,-0.0,35.56849332203403
2026-02-09,86.77,-0.002529026324864958,False,1.0,-0.002529026324864958,26.305896619675618,0,0.0,-0.0,19.26316836489613,0,0.0,-0.0,27.43262009492007,0,0.0,-0.0,4.804982754631141,0,0.0,-0.0,4.195624199572006,0,0.0,-0.0,3.3571844387906635,0,0.0,-0.0,4.105923174275824,0,0.0,-0.0,35.56849332203403
2026-02-10,82.99,-0.043563443586493,False,1.0,-0.043563443586493,25.15992117629226,0,0.0,-0.0,19.26316836489613,0,0.0,-0.0,27.43262009492007,0,0.0,-0.0,4.804982754631141,0,0.0,-0.0,4.195624199572006,0,0.0,-0.0,3.3571844387906635,0,0.0,-0.0,4.105923174275824,0,0.0,-0.0,35.56849332203403
2026-02-11,79.3,-0.04446318833594409,False,1.0,-0.04446318833594409,24.04123086251327,0,0.0,-0.0,19.26316836489613,0,0.0,-0.0,27.43262009492007,0,0.0,-0.0,4.804982754631141,0,0.0,-0.0,4.195624199572006,0,0.0,-0.0,3.3571844387906635,0,0.0,-0.0,4.105923174275824,0,0.0,-0.0,35.56849332203403
2026-02-12,78.4,-0.01134930643127352,False,1.0,-0.01134930643127352,23.768379566469616,0,0.0,-0.0,19.26316836489613,0,0.0,-0.0,27.43262009492007,0,0.0,-0.0,4.804982754631141,0,0.0,-0.0,4.195624199572006,0,0.0,-0.0,3.3571844387906635,0,0.0,-0.0,4.105923174275824,0,0.0,-0.0,35.56849332203403
2026-02-13,84.33,0.07563775510204063,False,1.0,0.07563775510204063,25.56616643929059,0,0.0,0.0,19.26316836489613,0,0.0,0.0,27.43262009492007,0,0.0,0.0,4.804982754631141,0,0.0,0.0,4.195624199572006,0,0.0,0.0,3.3571844387906635,0,0.0,0.0,4.105923174275824,0,0.0,0.0,35.56849332203403
2026-02-14,88.06,0.04423099727261959,False,1.0,0.04423099727261959,26.69698347733819,0,0.0,0.0,19.26316836489613,0,0.0,0.0,27.43262009492007,0,0.0,0.0,4.804982754631141,0,0.0,0.0,4.195624199572006,0,0.0,0.0,3.3571844387906635,0,0.0,0.0,4.105923174275824,0,0.0,0.0,35.56849332203403
2026-02-15,86.16,-0.021576198046786343,False,1.0,-0.021576198046786343,26.12096407457936,0,0.0,-0.0,19.26316836489613,0,0.0,-0.0,27.43262009492007,0,0.0,-0.0,4.804982754631141,0,0.0,-0.0,4.195624199572006,0,0.0,-0.0,3.3571844387906635,0,0.0,-0.0,4.105923174275824,0,0.0,-0.0,35.56849332203403
2026-02-16,86.45,0.0033658310120705526,False,1.0,0.0033658310120705526,26.208882825526757,0,0.0,0.0,19.26316836489613,0,0.0,0.0,27.43262009492007,0,0.0,0.0,4.804982754631141,0,0.0,0.0,4.195624199572006,0,0.0,0.0,3.3571844387906635,0,0.0,0.0,4.105923174275824,0,0.0,0.0,35.56849332203403
2026-02-17,85.08,-0.015847310584152785,False,1.0,-0.015847310584152785,25.793542519326966,0,0.0,-0.0,19.26316836489613,0,0.0,-0.0,27.43262009492007,0,0.0,-0.0,4.804982754631141,0,0.0,-0.0,4.195624199572006,0,0.0,-0.0,3.3571844387906635,0,0.0,-0.0,4.105923174275824,0,0.0,-0.0,35.56849332203403
2026-02-18,81.61,-0.04078514339445227,False,1.0,-0.04078514339445227,24.741549189025314,0,0.0,-0.0,19.26316836489613,0,0.0,-0.0,27.43262009492007,0,0.0,-0.0,4.804982754631141,0,0.0,-0.0,4.195624199572006,0,0.0,-0.0,3.3571844387906635,0,0.0,-0.0,4.105923174275824,0,0.0,-0.0,35.56849332203403
2026-02-19,82.5,0.010905526283543798,False,1.0,0.010905526283543798,25.011368804001822,0,0.0,0.0,19.26316836489613,0,0.0,0.0,27.43262009492007,0,0.0,0.0,4.804982754631141,0,0.0,0.0,4.195624199572006,0,0.0,0.0,3.3571844387906635,0,0.0,0.0,4.105923174275824,0,0.0,0.0,35.56849332203403
2026-02-20,84.67,0.026303030303030273,False,1.0,0.026303030303030273,25.66924359557375,0,0.0,0.0,19.26316836489613,0,0.0,0.0,27.43262009492007,0,0.0,0.0,4.804982754631141,0,0.0,0.0,4.195624199572006,0,0.0,0.0,3.3571844387906635,0,0.0,0.0,4.105923174275824,0,0.0,0.0,35.56849332203403
2026-02-21,85.17,0.005905279319711854,False,1.0,0.005905279319711854,25.82082764893134,0,0.0,0.0,19.26316836489613,0,0.0,0.0,27.43262009492007,0,0.0,0.0,4.804982754631141,0,0.0,0.0,4.195624199572006,0,0.0,0.0,3.3571844387906635,0,0.0,0.0,4.105923174275824,0,0.0,0.0,35.56849332203403
2026-02-22,82.79,-0.027944111776447067,False,1.0,-0.027944111776447067,25.099287554949225,0,0.0,-0.0,19.26316836489613,0,0.0,-0.0,27.43262009492007,0,0.0,-0.0,4.804982754631141,0,0.0,-0.0,4.195624199572006,0,0.0,-0.0,3.3571844387906635,0,0.0,-0.0,4.105923174275824,0,0.0,-0.0,35.56849332203403
2026-02-23,77.9,-0.05906510448121749,False,1.0,-0.05906510448121749,23.616795513112027,0,0.0,-0.0,19.26316836489613,0,0.0,-0.0,27.43262009492007,0,0.0,-0.0,4.804982754631141,0,0.0,-0.0,4.195624199572006,0,0.0,-0.0,3.3571844387906635,0,0.0,-0.0,4.105923174275824,0,0.0,-0.0,35.56849332203403
2026-02-24,78.99,0.013992297817714938,False,1.0,0.013992297817714938,23.947248749431566,0,0.0,0.0,19.26316836489613,0,0.0,0.0,27.43262009492007,0,0.0,0.0,4.804982754631141,0,0.0,0.0,4.195624199572006,0,0.0,0.0,3.3571844387906635,0,0.0,0.0,4.105923174275824,0,0.0,0.0,35.56849332203403
2026-02-25,88.06,0.11482466134953806,True,1.0,0.11482466134953806,26.696983477338193,0,0.0,0.0,19.26316836489613,0,0.0,0.0,27.43262009492007,0,0.0,0.0,4.804982754631141,0,0.0,0.0,4.195624199572006,0,0.0,0.0,3.3571844387906635,0,0.0,0.0,4.105923174275824,0,0.0,0.0,35.56849332203403
2026-02-26,85.91,-0.02441517147399508,False,1.0,-0.02441517147399508,26.045172047900568,0,0.0,-0.0,19.26316836489613,0,0.0,-0.0,27.43262009492007,0,0.0,-0.0,4.804982754631141,0,0.0,-0.0,4.195624199572006,0,0.0,-0.0,3.3571844387906635,0,0.0,-0.0,4.105923174275824,0,0.0,-0.0,35.56849332203403
2026-02-27,81.85,-0.04725875916656974,False,1.0,-0.04725875916656974,24.814309534636962,0,0.0,-0.0,19.26316836489613,0,0.0,-0.0,27.43262009492007,0,0.0,-0.0,4.804982754631141,0,0.0,-0.0,4.195624199572006,0,0.0,-0.0,3.3571844387906635,0,0.0,-0.0,4.105923174275824,0,0.0,-0.0,35.56849332203403
2026-02-28,84.35,0.03054367745876596,False,1.0,0.03054367745876596,25.572229801424893,0,0.0,0.0,19.26316836489613,0,0.0,0.0,27.43262009492007,0,0.0,0.0,4.804982754631141,0,0.0,0.0,4.195624199572006,0,0.0,0.0,3.3571844387906635,0,0.0,0.0,4.105923174275824,0,0.0,0.0,35.56849332203403
2026-03-01,83.6,-0.00889152341434496,False,1.0,-0.00889152341434496,25.344853721388514,0,0.0,-0.0,19.26316836489613,0,0.0,-0.0,27.43262009492007,0,0.0,-0.0,4.804982754631141,0,0.0,-0.0,4.195624199572006,0,0.0,-0.0,3.3571844387906635,0,0.0,-0.0,4.105923174275824,0,0.0,-0.0,35.56849332203403
2026-03-02,86.64,0.036363636363636376,True,1.0,0.036363636363636376,26.26648476580264,0,0.0,0.0,19.26316836489613,0,0.0,0.0,27.43262009492007,0,0.0,0.0,4.804982754631141,0,0.0,0.0,4.195624199572006,0,0.0,0.0,3.3571844387906635,0,0.0,0.0,4.105923174275824,0,0.0,0.0,35.56849332203403
2026-03-03,86.97,0.0038088642659279692,True,1.0,0.0038088642659279692,26.366530241018648,0,0.0,0.0,19.26316836489613,0,0.0,0.0,27.43262009492007,0,0.0,0.0,4.804982754631141,0,0.0,0.0,4.195624199572006,0,0.0,0.0,3.3571844387906635,0,0.0,0.0,4.105923174275824,0,0.0,0.0,35.56849332203403
2026-03-04,90.85,0.044613084971829364,True,1.0,0.044613084971829364,27.542822495073523,0,0.0,0.0,19.26316836489613,0,0.0,0.0,27.43262009492007,0,0.0,0.0,4.804982754631141,0,0.0,0.0,4.195624199572006,0,0.0,0.0,3.3571844387906635,0,0.0,0.0,4.105923174275824,0,0.0,0.0,35.56849332203403
2026-03-05,88.77,-0.022894881673087508,True,1.0,-0.022894881673087508,26.91223283310596,0,0.0,-0.0,19.26316836489613,0,0.0,-0.0,27.43262009492007,0,0.0,-0.0,4.804982754631141,0,0.0,-0.0,4.195624199572006,0,0.0,-0.0,3.3571844387906635,0,0.0,-0.0,4.105923174275824,0,0.0,-0.0,35.56849332203403
2026-03-06,84.7,-0.045848822800495626,False,1.0,-0.045848822800495626,25.678338638775205,0,0.0,-0.0,19.26316836489613,0,0.0,-0.0,27.43262009492007,0,0.0,-0.0,4.804982754631141,0,0.0,-0.0,4.195624199572006,0,0.0,-0.0,3.3571844387906635,0,0.0,-0.0,4.105923174275824,0,0.0,-0.0,35.56849332203403
2026-03-07,83.22,-0.017473435655253833,False,1.0,-0.017473435655253833,25.22964984083675,0,0.0,-0.0,19.26316836489613,0,0.0,-0.0,27.43262009492007,0,0.0,-0.0,4.804982754631141,0,0.0,-0.0,4.195624199572006,0,0.0,-0.0,3.3571844387906635,0,0.0,-0.0,4.105923174275824,0,0.0,-0.0,35.56849332203403
2026-03-08,81.59,-0.019586637827445297,False,1.0,-0.019586637827445297,24.73548582689102,0,0.0,-0.0,19.26316836489613,0,0.0,-0.0,27.43262009492007,0,0.0,-0.0,4.804982754631141,0,0.0,-0.0,4.195624199572006,0,0.0,-0.0,3.3571844387906635,0,0.0,-0.0,4.105923174275824,0,0.0,-0.0,35.56849332203403
2026-03-09,84.96,0.041304081382522284,False,1.0,0.041304081382522284,25.757162346521152,0,0.0,0.0,19.26316836489613,0,0.0,0.0,27.43262009492007,0,0.0,0.0,4.804982754631141,0,0.0,0.0,4.195624199572006,0,0.0,0.0,3.3571844387906635,0,0.0,0.0,4.105923174275824,0,0.0,0.0,35.56849332203403
2026-03-10,85.88,0.010828625235404843,True,1.0,0.010828625235404843,26.03607700469911,0,0.0,0.0,19.26316836489613,0,0.0,0.0,27.43262009492007,0,0.0,0.0,4.804982754631141,0,0.0,0.0,4.195624199572006,0,0.0,0.0,3.3571844387906635,0,0.0,0.0,4.105923174275824,0,0.0,0.0,35.56849332203403
2026-03-11,86.58,0.008150908244061617,True,1.0,0.008150908244061617,26.248294679399734,0,0.0,0.0,19.26316836489613,0,0.0,0.0,27.43262009492007,0,0.0,0.0,4.804982754631141,0,0.0,0.0,4.195624199572006,0,0.0,0.0,3.3571844387906635,0,0.0,0.0,4.105923174275824,0,0.0,0.0,35.56849332203403
2026-03-12,86.84,0.0030030030030030463,True,1.0,0.0030030030030030463,26.32711838714568,0,0.0,0.0,19.26316836489613,0,0.0,0.0,27.43262009492007,0,0.0,0.0,4.804982754631141,0,0.0,0.0,4.195624199572006,0,0.0,0.0,3.3571844387906635,0,0.0,0.0,4.105923174275824,0,0.0,0.0,35.56849332203403
2026-03-13,88.18,0.01543067710732382,True,1.0,0.01543067710732382,26.733363650144014,0,0.0,0.0,19.26316836489613,0,0.0,0.0,27.43262009492007,0,0.0,0.0,4.804982754631141,0,0.0,0.0,4.195624199572006,0,0.0,0.0,3.3571844387906635,0,0.0,0.0,4.105923174275824,0,0.0,0.0,35.56849332203403
2026-03-14,88.03,-0.0017010660013608847,True,1.0,-0.0017010660013608847,26.687888434136738,0,0.0,-0.0,19.26316836489613,0,0.0,-0.0,27.43262009492007,0,0.0,-0.0,4.804982754631141,0,0.0,-0.0,4.195624199572006,0,0.0,-0.0,3.3571844387906635,0,0.0,-0.0,4.105923174275824,0,0.0,-0.0,35.56849332203403
2026-03-15,92.3,0.04850619107122567,True,1.0,0.04850619107122567,27.982416249810527,0,0.0,0.0,19.26316836489613,0,0.0,0.0,27.43262009492007,0,0.0,0.0,4.804982754631141,0,0.0,0.0,4.195624199572006,0,0.0,0.0,3.3571844387906635,0,0.0,0.0,4.105923174275824,0,0.0,0.0,35.56849332203403
2026-03-16,96.2,0.04225352112676073,True,1.0,0.04225352112676073,29.164771865999708,0,0.0,0.0,19.26316836489613,0,0.0,0.0,27.43262009492007,0,0.0,0.0,4.804982754631141,0,0.0,0.0,4.195624199572006,0,0.0,0.0,3.3571844387906635,0,0.0,0.0,4.105923174275824,0,0.0,0.0,35.56849332203403
2026-03-17,94.62,-0.016424116424116453,True,1.0,-0.016424116424116453,28.685766257389734,0,0.0,-0.0,19.26316836489613,0,0.0,-0.0,27.43262009492007,0,0.0,-0.0,4.804982754631141,0,0.0,-0.0,4.195624199572006,0,0.0,-0.0,3.3571844387906635,0,0.0,-0.0,4.105923174275824,0,0.0,-0.0,35.56849332203403
2026-03-18,90.08,-0.047981399281335935,True,1.0,-0.047981399281335935,27.30938305290284,0,0.0,-0.0,19.26316836489613,0,0.0,-0.0,27.43262009492007,0,0.0,-0.0,4.804982754631141,0,0.0,-0.0,4.195624199572006,0,0.0,-0.0,3.3571844387906635,0,0.0,-0.0,4.105923174275824,0,0.0,-0.0,35.56849332203403
2026-03-19,88.89,-0.013210479573712242,True,1.0,-0.013210479573712242,26.948613005911785,0,0.0,-0.0,19.26316836489613,0,0.0,-0.0,27.43262009492007,0,0.0,-0.0,4.804982754631141,0,0.0,-0.0,4.195624199572006,0,0.0,-0.0,3.3571844387906635,0,0.0,-0.0,4.105923174275824,0,0.0,-0.0,35.56849332203403
2026-03-20,89.84,0.010687366407919896,True,1.0,0.010687366407919896,27.2366227072912,0,0.0,0.0,19.26316836489613,0,0.0,0.0,27.43262009492007,0,0.0,0.0,4.804982754631141,0,0.0,0.0,4.195624199572006,0,0.0,0.0,3.3571844387906635,0,0.0,0.0,4.105923174275824,0,0.0,0.0,35.56849332203403
2026-03-21,87.56,-0.025378450578806833,True,1.0,-0.025378450578806833,26.5453994239806,0,0.0,-0.0,19.26316836489613,0,0.0,-0.0,27.43262009492007,0,0.0,-0.0,4.804982754631141,0,0.0,-0.0,4.195624199572006,0,0.0,-0.0,3.3571844387906635,0,0.0,-0.0,4.105923174275824,0,0.0,-0.0,35.56849332203403
2026-03-22,86.2,-0.015532206486980393,False,1.0,-0.015532206486980393,26.133090798847963,0,0.0,-0.0,19.26316836489613,0,0.0,-0.0,27.43262009492007,0,0.0,-0.0,4.804982754631141,0,0.0,-0.0,4.195624199572006,0,0.0,-0.0,3.3571844387906635,0,0.0,-0.0,4.105923174275824,0,0.0,-0.0,35.56849332203403
2026-03-23,91.43,0.06067285382830634,True,1.0,0.06067285382830634,27.718659996968324,0,0.0,0.0,19.26316836489613,0,0.0,0.0,27.43262009492007,0,0.0,0.0,4.804982754631141,0,0.0,0.0,4.195624199572006,0,0.0,0.0,3.3571844387906635,0,0.0,0.0,4.105923174275824,0,0.0,0.0,35.56849332203403
2026-03-24,90.8,-0.0068905173356667015,False,1.0,-0.0068905173356667015,27.527664089737762,0,0.0,-0.0,19.26316836489613,0,0.0,-0.0,27.43262009492007,0,0.0,-0.0,4.804982754631141,0,0.0,-0.0,4.195624199572006,0,0.0,-0.0,3.3571844387906635,0,0.0,-0.0,4.105923174275824,0,0.0,-0.0,35.56849332203403
2026-03-25,91.7,0.009911894273127775,True,1.0,0.009911894273127775,27.80051538578142,0,0.0,0.0,19.26316836489613,0,0.0,0.0,27.43262009492007,0,0.0,0.0,4.804982754631141,0,0.0,0.0,4.195624199572006,0,0.0,0.0,3.3571844387906635,0,0.0,0.0,4.105923174275824,0,0.0,0.0,35.56849332203403
2026-03-26,86.53,-0.05637949836423117,True,1.0,-0.05637949836423117,26.233136274063973,0,0.0,-0.0,19.26316836489613,0,0.0,-0.0,27.43262009492007,0,0.0,-0.0,4.804982754631141,0,0.0,-0.0,4.195624199572006,0,0.0,-0.0,3.3571844387906635,0,0.0,-0.0,4.105923174275824,0,0.0,-0.0,35.56849332203403
2026-03-27,83.11,-0.039523864555645494,False,1.0,-0.039523864555645494,25.19630134909808,0,0.0,-0.0,19.26316836489613,0,0.0,-0.0,27.43262009492007,0,0.0,-0.0,4.804982754631141,0,0.0,-0.0,4.195624199572006,0,0.0,-0.0,3.3571844387906635,0,0.0,-0.0,4.105923174275824,0,0.0,-0.0,35.56849332203403
2026-03-28,82.09,-0.012272891348814818,True,1.0,-0.012272891348814818,24.887069880248603,0,0.0,-0.0,19.26316836489613,0,0.0,-0.0,27.43262009492007,0,0.0,-0.0,4.804982754631141,0,0.0,-0.0,4.195624199572006,0,0.0,-0.0,3.3571844387906635,0,0.0,-0.0,4.105923174275824,0,0.0,-0.0,35.56849332203403
2026-03-29,81.44,-0.007918138628334792,False,1.0,-0.007918138628334792,24.69001061088374,0,0.0,-0.0,19.26316836489613,0,0.0,-0.0,27.43262009492007,0,0.0,-0.0,4.804982754631141,0,0.0,-0.0,4.195624199572006,0,0.0,-0.0,3.3571844387906635,0,0.0,-0.0,4.105923174275824,0,0.0,-0.0,35.56849332203403
2026-03-30,82.54,0.013506876227898035,False,1.0,0.013506876227898035,25.023495528270434,0,0.0,0.0,19.26316836489613,0,0.0,0.0,27.43262009492007,0,0.0,0.0,4.804982754631141,0,0.0,0.0,4.195624199572006,0,0.0,0.0,3.3571844387906635,0,0.0,0.0,4.105923174275824,0,0.0,0.0,35.56849332203403
2026-03-31,83.2,0.007996123091834173,False,1.0,0.007996123091834173,25.223586478702448,0,0.0,0.0,19.26316836489613,0,0.0,0.0,27.43262009492007,0,0.0,0.0,4.804982754631141,0,0.0,0.0,4.195624199572006,0,0.0,0.0,3.3571844387906635,0,0.0,0.0,4.105923174275824,0,0.0,0.0,35.56849332203403
2026-04-01,81.18,-0.024278846153846123,False,1.0,-0.024278846153846123,24.6111869031378,0,0.0,-0.0,19.26316836489613,0,0.0,-0.0,27.43262009492007,0,0.0,-0.0,4.804982754631141,0,0.0,-0.0,4.195624199572006,0,0.0,-0.0,3.3571844387906635,0,0.0,-0.0,4.105923174275824,0,0.0,-0.0,35.56849332203403
2026-04-02,78.94,-0.02759300320275937,False,1.0,-0.02759300320275937,23.93209034409581,0,0.0,-0.0,19.26316836489613,0,0.0,-0.0,27.43262009492007,0,0.0,-0.0,4.804982754631141,0,0.0,-0.0,4.195624199572006,0,0.0,-0.0,3.3571844387906635,0,0.0,-0.0,4.105923174275824,0,0.0,-0.0,35.56849332203403
2026-04-03,80.4,0.018495059538890413,False,1.0,0.018495059538890413,24.374715779899965,0,0.0,0.0,19.26316836489613,0,0.0,0.0,27.43262009492007,0,0.0,0.0,4.804982754631141,0,0.0,0.0,4.195624199572006,0,0.0,0.0,3.3571844387906635,0,0.0,0.0,4.105923174275824,0,0.0,0.0,35.56849332203403
2026-04-04,80.83,0.00534825870646749,False,1.0,0.00534825870646749,24.505078065787487,0,0.0,0.0,19.26316836489613,0,0.0,0.0,27.43262009492007,0,0.0,0.0,4.804982754631141,0,0.0,0.0,4.195624199572006,0,0.0,0.0,3.3571844387906635,0,0.0,0.0,4.105923174275824,0,0.0,0.0,35.56849332203403
2026-04-05,81.89,0.013113942843003823,False,1.0,0.013113942843003823,24.82643625890557,0,0.0,0.0,19.26316836489613,0,0.0,0.0,27.43262009492007,0,0.0,0.0,4.804982754631141,0,0.0,0.0,4.195624199572006,0,0.0,0.0,3.3571844387906635,0,0.0,0.0,4.105923174275824,0,0.0,0.0,35.56849332203403
2026-04-06,80.03,-0.02271339601904998,False,1.0,-0.02271339601904998,24.262543580415347,0,0.0,-0.0,19.26316836489613,0,0.0,-0.0,27.43262009492007,0,0.0,-0.0,4.804982754631141,0,0.0,-0.0,4.195624199572006,0,0.0,-0.0,3.3571844387906635,0,0.0,-0.0,4.105923174275824,0,0.0,-0.0,35.56849332203403
2026-04-07,85.56,0.0690990878420592,False,1.0,0.0690990878420592,25.939063210550255,0,0.0,0.0,19.26316836489613,0,0.0,0.0,27.43262009492007,0,0.0,0.0,4.804982754631141,0,0.0,0.0,4.195624199572006,0,0.0,0.0,3.3571844387906635,0,0.0,0.0,4.105923174275824,0,0.0,0.0,35.56849332203403
2026-04-08,82.57,-0.034946236559139865,False,1.0,-0.034946236559139865,25.032590571471886,0,0.0,-0.0,19.26316836489613,0,0.0,-0.0,27.43262009492007,0,0.0,-0.0,4.804982754631141,0,0.0,-0.0,4.195624199572006,0,0.0,-0.0,3.3571844387906635,0,0.0,-0.0,4.105923174275824,0,0.0,-0.0,35.56849332203403
2026-04-09,83.33,0.009204311493278494,False,1.0,0.009204311493278494,25.262998332575417,0,0.0,0.0,19.26316836489613,0,0.0,0.0,27.43262009492007,0,0.0,0.0,4.804982754631141,0,0.0,0.0,4.195624199572006,0,0.0,0.0,3.3571844387906635,0,0.0,0.0,4.105923174275824,0,0.0,0.0,35.56849332203403
2026-04-10,84.83,0.018000720028801043,False,1.0,0.018000720028801043,25.717750492648175,0,0.0,0.0,19.26316836489613,0,0.0,0.0,27.43262009492007,0,0.0,0.0,4.804982754631141,0,0.0,0.0,4.195624199572006,0,0.0,0.0,3.3571844387906635,0,0.0,0.0,4.105923174275824,0,0.0,0.0,35.56849332203403
2026-04-11,84.93,0.0011788282447249276,False,1.0,0.0011788282447249276,25.748067303319697,0,0.0,0.0,19.26316836489613,0,0.0,0.0,27.43262009492007,0,0.0,0.0,4.804982754631141,0,0.0,0.0,4.195624199572006,0,0.0,0.0,3.3571844387906635,0,0.0,0.0,4.105923174275824,0,0.0,0.0,35.56849332203403
2026-04-12,81.53,-0.04003296832685743,False,1.0,-0.04003296832685743,24.717295740488105,0,0.0,-0.0,19.26316836489613,0,0.0,-0.0,27.43262009492007,0,0.0,-0.0,4.804982754631141,0,0.0,-0.0,4.195624199572006,0,0.0,-0.0,3.3571844387906635,0,0.0,-0.0,4.105923174275824,0,0.0,-0.0,35.56849332203403
2026-04-13,86.51,0.06108181037654847,False,1.0,0.06108181037654847,26.227072911929667,0,0.0,0.0,19.26316836489613,0,0.0,0.0,27.43262009492007,0,0.0,0.0,4.804982754631141,0,0.0,0.0,4.195624199572006,0,0.0,0.0,3.3571844387906635,0,0.0,0.0,4.105923174275824,0,0.0,0.0,35.56849332203403
2026-04-14,83.72,-0.03225060686625836,False,1.0,-0.03225060686625836,25.38123389419433,0,0.0,-0.0,19.26316836489613,0,0.0,-0.0,27.43262009492007,0,0.0,-0.0,4.804982754631141,0,0.0,-0.0,4.195624199572006,0,0.0,-0.0,3.3571844387906635,0,0.0,-0.0,4.105923174275824,0,0.0,-0.0,35.56849332203403
2026-04-15,84.9,0.014094601051122924,False,1.0,0.014094601051122924,25.73897226011824,0,0.0,0.0,19.26316836489613,0,0.0,0.0,27.43262009492007,0,0.0,0.0,4.804982754631141,0,0.0,0.0,4.195624199572006,0,0.0,0.0,3.3571844387906635,0,0.0,0.0,4.105923174275824,0,0.0,0.0,35.56849332203403
2026-04-16,89.05,0.04888103651354525,True,1.0,0.04888103651354525,26.997119902986206,0,0.0,0.0,19.26316836489613,0,0.0,0.0,27.43262009492007,0,0.0,0.0,4.804982754631141,0,0.0,0.0,4.195624199572006,0,0.0,0.0,3.3571844387906635,0,0.0,0.0,4.105923174275824,0,0.0,0.0,35.56849332203403
2026-04-17,88.76,-0.0032565974171813172,True,1.0,-0.0032565974171813172,26.909201152038808,0,0.0,-0.0,19.26316836489613,0,0.0,-0.0,27.43262009492007,0,0.0,-0.0,4.804982754631141,0,0.0,-0.0,4.195624199572006,0,0.0,-0.0,3.3571844387906635,0,0.0,-0.0,4.105923174275824,0,0.0,-0.0,35.56849332203403
2026-04-18,86.16,-0.029292474087426856,True,1.0,-0.029292474087426856,26.120964074579355,0,0.0,-0.0,19.26316836489613,0,0.0,-0.0,27.43262009492007,0,0.0,-0.0,4.804982754631141,0,0.0,-0.0,4.195624199572006,0,0.0,-0.0,3.3571844387906635,0,0.0,-0.0,4.105923174275824,0,0.0,-0.0,35.56849332203403
2026-04-19,83.47,-0.031220984215413194,True,1.0,-0.031220984215413194,25.305441867515537,0,0.0,-0.0,19.26316836489613,0,0.0,-0.0,27.43262009492007,0,0.0,-0.0,4.804982754631141,0,0.0,-0.0,4.195624199572006,0,0.0,-0.0,3.3571844387906635,0,0.0,-0.0,4.105923174275824,0,0.0,-0.0,35.56849332203403
2026-04-20,85.28,0.021684437522463185,True,1.0,0.021684437522463185,25.854176140670003,0,0.0,0.0,19.26316836489613,0,0.0,0.0,27.43262009492007,0,0.0,0.0,4.804982754631141,0,0.0,0.0,4.195624199572006,0,0.0,0.0,3.3571844387906635,0,0.0,0.0,4.105923174275824,0,0.0,0.0,35.56849332203403
2026-04-21,86.03,0.00879455909943716,True,1.0,0.00879455909943716,26.08155222070638,0,0.0,0.0,19.26316836489613,0,0.0,0.0,27.43262009492007,0,0.0,0.0,4.804982754631141,0,0.0,0.0,4.195624199572006,0,0.0,0.0,3.3571844387906635,0,0.0,0.0,4.105923174275824,0,0.0,0.0,35.56849332203403
2026-04-22,86.87,0.009764035801464566,True,1.0,0.009764035801464566,26.336213430347126,0,0.0,0.0,19.26316836489613,0,0.0,0.0,27.43262009492007,0,0.0,0.0,4.804982754631141,0,0.0,0.0,4.195624199572006,0,0.0,0.0,3.3571844387906635,0,0.0,0.0,4.105923174275824,0,0.0,0.0,35.56849332203403
2026-04-23,86.12,-0.00863359042247036,True,1.0,-0.00863359042247036,26.108837350310747,0,0.0,-0.0,19.26316836489613,0,0.0,-0.0,27.43262009492007,0,0.0,-0.0,4.804982754631141,0,0.0,-0.0,4.195624199572006,0,0.0,-0.0,3.3571844387906635,0,0.0,-0.0,4.105923174275824,0,0.0,-0.0,35.56849332203403
2026-04-24,86.18,0.0006967022758941344,True,1.0,0.0006967022758941344,26.127027436713657,0,0.0,0.0,19.26316836489613,0,0.0,0.0,27.43262009492007,0,0.0,0.0,4.804982754631141,0,0.0,0.0,4.195624199572006,0,0.0,0.0,3.3571844387906635,0,0.0,0.0,4.105923174275824,0,0.0,0.0,35.56849332203403
2026-04-25,86.18,0.0,True,1.0,0.0,26.127027436713657,0,0.0,0.0,19.26316836489613,0,0.0,0.0,27.43262009492007,0,0.0,0.0,4.804982754631141,0,0.0,0.0,4.195624199572006,0,0.0,0.0,3.3571844387906635,0,0.0,0.0,4.105923174275824,0,0.0,0.0,35.56849332203403
2026-04-26,86.93,0.008702715247157045,True,1.0,0.008702715247157045,26.354403516750036,0,0.0,0.0,19.26316836489613,0,0.0,0.0,27.43262009492007,0,0.0,0.0,4.804982754631141,0,0.0,0.0,4.195624199572006,0,0.0,0.0,3.3571844387906635,0,0.0,0.0,4.105923174275824,0,0.0,0.0,35.56849332203403
2026-04-27,84.82,-0.02427240308294043,False,1.0,-0.02427240308294043,25.714718811581015,0,0.0,-0.0,19.26316836489613,0,0.0,-0.0,27.43262009492007,0,0.0,-0.0,4.804982754631141,0,0.0,-0.0,4.195624199572006,0,0.0,-0.0,3.3571844387906635,0,0.0,-0.0,4.105923174275824,0,0.0,-0.0,35.56849332203403
2026-04-28,84.06,-0.008960150907804665,True,1.0,-0.008960150907804665,25.484311050477487,0,0.0,-0.0,19.26316836489613,0,0.0,-0.0,27.43262009492007,0,0.0,-0.0,4.804982754631141,0,0.0,-0.0,4.195624199572006,0,0.0,-0.0,3.3571844387906635,0,0.0,-0.0,4.105923174275824,0,0.0,-0.0,35.56849332203403
2026-04-29,83.04,-0.012134189864382527,False,1.0,-0.012134189864382527,25.17507958162801,0,0.0,-0.0,19.26316836489613,0,0.0,-0.0,27.43262009492007,0,0.0,-0.0,4.804982754631141,0,0.0,-0.0,4.195624199572006,0,0.0,-0.0,3.3571844387906635,0,0.0,-0.0,4.105923174275824,0,0.0,-0.0,35.56849332203403
2026-04-30,83.09,0.0006021194605010383,False,1.0,0.0006021194605010383,25.190237986963773,0,0.0,0.0,19.26316836489613,0,0.0,0.0,27.43262009492007,0,0.0,0.0,4.804982754631141,0,0.0,0.0,4.195624199572006,0,0.0,0.0,3.3571844387906635,0,0.0,0.0,4.105923174275824,0,0.0,0.0,35.56849332203403
2026-05-01,83.76,0.008063545553014917,False,1.0,0.008063545553014917,25.393360618462943,0,0.0,0.0,19.26316836489613,0,0.0,0.0,27.43262009492007,0,0.0,0.0,4.804982754631141,0,0.0,0.0,4.195624199572006,0,0.0,0.0,3.3571844387906635,0,0.0,0.0,4.105923174275824,0,0.0,0.0,35.56849332203403
2026-05-02,84.26,0.005969436485195878,True,1.0,0.005969436485195878,25.54494467182053,0,0.0,0.0,19.26316836489613,0,0.0,0.0,27.43262009492007,0,0.0,0.0,4.804982754631141,0,0.0,0.0,4.195624199572006,0,0.0,0.0,3.3571844387906635,0,0.0,0.0,4.105923174275824,0,0.0,0.0,35.56849332203403
2026-05-03,83.91,-0.004153809636838424,False,1.0,-0.004153809636838424,25.43883583447022,0,0.0,-0.0,19.26316836489613,0,0.0,-0.0,27.43262009492007,0,0.0,-0.0,4.804982754631141,0,0.0,-0.0,4.195624199572006,0,0.0,-0.0,3.3571844387906635,0,0.0,-0.0,4.105923174275824,0,0.0,-0.0,35.56849332203403
2026-05-04,84.1,0.002264330830651806,True,1.0,0.002264330830651806,25.4964377747461,0,0.0,0.0,19.26316836489613,0,0.0,0.0,27.43262009492007,0,0.0,0.0,4.804982754631141,0,0.0,0.0,4.195624199572006,0,0.0,0.0,3.3571844387906635,0,0.0,0.0,4.105923174275824,0,0.0,0.0,35.56849332203403
2026-05-05,86.29,0.026040428061831378,True,1.0,0.026040428061831378,26.160375928452336,0,0.0,0.0,19.26316836489613,0,0.0,0.0,27.43262009492007,0,0.0,0.0,4.804982754631141,0,0.0,0.0,4.195624199572006,0,0.0,0.0,3.3571844387906635,0,0.0,0.0,4.105923174275824,0,0.0,0.0,35.56849332203403
2026-05-06,89.16,0.033259937420326624,True,1.0,0.033259937420326624,27.030468394724878,0,0.0,0.0,19.26316836489613,0,0.0,0.0,27.43262009492007,0,0.0,0.0,4.804982754631141,0,0.0,0.0,4.195624199572006,0,0.0,0.0,3.3571844387906635,0,0.0,0.0,4.105923174275824,0,0.0,0.0,35.56849332203403
2026-05-07,88.42,-0.008299685957828595,False,1.0,-0.008299685957828595,26.80612399575565,0,0.0,-0.0,19.26316836489613,0,0.0,-0.0,27.43262009492007,0,0.0,-0.0,4.804982754631141,0,0.0,-0.0,4.195624199572006,0,0.0,-0.0,3.3571844387906635,0,0.0,-0.0,4.105923174275824,0,0.0,-0.0,35.56849332203403
2026-05-08,92.01,0.04060167382945035,True,1.0,0.04060167382945035,27.894497498863124,0,0.0,0.0,19.26316836489613,0,0.0,0.0,27.43262009492007,0,0.0,0.0,4.804982754631141,0,0.0,0.0,4.195624199572006,0,0.0,0.0,3.3571844387906635,0,0.0,0.0,4.105923174275824,0,0.0,0.0,35.56849332203403
2026-05-09,93.13,0.012172589935876443,True,1.0,0.012172589935876443,28.234045778384118,0,0.0,0.0,19.26316836489613,0,0.0,0.0,27.43262009492007,0,0.0,0.0,4.804982754631141,0,0.0,0.0,4.195624199572006,0,0.0,0.0,3.3571844387906635,0,0.0,0.0,4.105923174275824,0,0.0,0.0,35.56849332203403
2026-05-10,96.47,0.035863846236443786,True,1.0,0.035863846236443786,29.2466272548128,0,0.0,0.0,19.26316836489613,0,0.0,0.0,27.43262009492007,0,0.0,0.0,4.804982754631141,0,0.0,0.0,4.195624199572006,0,0.0,0.0,3.3571844387906635,0,0.0,0.0,4.105923174275824,0,0.0,0.0,35.56849332203403
2026-05-11,97.37,0.00932932517881202,True,1.0,0.00932932517881202,29.519478550856455,0,0.0,0.0,19.26316836489613,0,0.0,0.0,27.43262009492007,0,0.0,0.0,4.804982754631141,0,0.0,0.0,4.195624199572006,0,0.0,0.0,3.3571844387906635,0,0.0,0.0,4.105923174275824,0,0.0,0.0,35.56849332203403
2026-05-12,94.28,-0.031734620519667245,True,1.0,-0.031734620519667245,28.582689101106567,0,0.0,-0.0,19.26316836489613,0,0.0,-0.0,27.43262009492007,0,0.0,-0.0,4.804982754631141,0,0.0,-0.0,4.195624199572006,0,0.0,-0.0,3.3571844387906635,0,0.0,-0.0,4.105923174275824,0,0.0,-0.0,35.56849332203403
2026-05-13,91.17,-0.03298684768773863,True,1.0,-0.03298684768773863,27.639836289222377,0,0.0,-0.0,19.26316836489613,0,0.0,-0.0,27.43262009492007,0,0.0,-0.0,4.804982754631141,0,0.0,-0.0,4.195624199572006,0,0.0,-0.0,3.3571844387906635,0,0.0,-0.0,4.105923174275824,0,0.0,-0.0,35.56849332203403
2026-05-14,92.15,0.010749149939673242,True,1.0,0.010749149939673242,27.93694103380325,0,0.0,0.0,19.26316836489613,0,0.0,0.0,27.43262009492007,0,0.0,0.0,4.804982754631141,0,0.0,0.0,4.195624199572006,0,0.0,0.0,3.3571844387906635,0,0.0,0.0,4.105923174275824,0,0.0,0.0,35.56849332203403
2026-05-15,89.24,-0.03157894736842115,True,1.0,-0.03157894736842115,27.054721843262094,0,0.0,-0.0,19.26316836489613,0,0.0,-0.0,27.43262009492007,0,0.0,-0.0,4.804982754631141,0,0.0,-0.0,4.195624199572006,0,0.0,-0.0,3.3571844387906635,0,0.0,-0.0,4.105923174275824,0,0.0,-0.0,35.56849332203403
2026-05-16,86.54,-0.030255490811295305,False,1.0,-0.030255490811295305,26.236167955131126,0,0.0,-0.0,19.26316836489613,0,0.0,-0.0,27.43262009492007,0,0.0,-0.0,4.804982754631141,0,0.0,-0.0,4.195624199572006,0,0.0,-0.0,3.3571844387906635,0,0.0,-0.0,4.105923174275824,0,0.0,-0.0,35.56849332203403
2026-05-17,85.24,-0.01502195516524163,True,1.0,-0.01502195516524163,25.842049416401398,0,0.0,-0.0,19.26316836489613,0,0.0,-0.0,27.43262009492007,0,0.0,-0.0,4.804982754631141,0,0.0,-0.0,4.195624199572006,0,0.0,-0.0,3.3571844387906635,0,0.0,-0.0,4.105923174275824,0,0.0,-0.0,35.56849332203403
2026-05-18,85.38,0.0016424213984045366,True,1.0,0.0016424213984045366,25.884492951341525,0,0.0,0.0,19.26316836489613,0,0.0,0.0,27.43262009492007,0,0.0,0.0,4.804982754631141,0,0.0,0.0,4.195624199572006,0,0.0,0.0,3.3571844387906635,0,0.0,0.0,4.105923174275824,0,0.0,0.0,35.56849332203403
